PitchNo,Date,Time,PAofInning,PitchofPA,Pitcher,PitcherId,PitcherThrows,PitcherTeam,Batter,BatterId,BatterSide,BatterTeam,PitcherSet,Inning,Top/Bottom,Outs,Balls,Strikes,TaggedPitchType,AutoPitchType,PitchCall,KorBB,TaggedHitType,PlayResult,OutsOnPlay,RunsScored,Notes,RelSpeed,VertRelAngle,HorzRelAngle,SpinRate,SpinAxis,Tilt,RelHeight,RelSide,Extension,VertBreak,InducedVertBreak,HorzBreak,PlateLocHeight,PlateLocSide,ZoneSpeed,VertApprAngle,HorzApprAngle,ZoneTime,ExitSpeed,Angle,Direction,HitSpinRate,PositionAt110X,PositionAt110Y,PositionAt110Z,Distance,LastTrackedDistance,Bearing,HangTime,pfxx,pfxz,x0,y0,z0,vx0,vy0,vz0,ax0,ay0,az0,HomeTeam,AwayTeam,Stadium,Level,League,GameID,PitchUID,EffectiveVelo,MaxHeight,MeasuredDuration,SpeedDrop,PitchLastMeasuredX,PitchLastMeasuredY,PitchLastMeasuredZ,ContactPositionX,ContactPositionY,ContactPositionZ,GameUID,UTCDate,UTCTime,LocalDateTime,UTCDateTime,AutoHitType,System,HomeTeamForeignID,AwayTeamForeignID,GameForeignID,Catcher,CatcherId,CatcherThrows,CatcherTeam,PlayID,PitchTrajectoryXc0,PitchTrajectoryXc1,PitchTrajectoryXc2,PitchTrajectoryYc0,PitchTrajectoryYc1,PitchTrajectoryYc2,PitchTrajectoryZc0,PitchTrajectoryZc1,PitchTrajectoryZc2,HitSpinAxis,HitTrajectoryXc0,HitTrajectoryXc1,HitTrajectoryXc2,HitTrajectoryXc3,HitTrajectoryXc4,HitTrajectoryXc5,HitTrajectoryXc6,HitTrajectoryXc7,HitTrajectoryXc8,HitTrajectoryYc0,HitTrajectoryYc1,HitTrajectoryYc2,HitTrajectoryYc3,HitTrajectoryYc4,HitTrajectoryYc5,HitTrajectoryYc6,HitTrajectoryYc7,HitTrajectoryYc8,HitTrajectoryZc0,HitTrajectoryZc1,HitTrajectoryZc2,HitTrajectoryZc3,HitTrajectoryZc4,HitTrajectoryZc5,HitTrajectoryZc6,HitTrajectoryZc7,HitTrajectoryZc8,ThrowSpeed,PopTime,ExchangeTime,TimeToBase,CatchPositionX,CatchPositionY,CatchPositionZ,ThrowPositionX,ThrowPositionY,ThrowPositionZ,BasePositionX,BasePositionY,BasePositionZ,ThrowTrajectoryXc0,ThrowTrajectoryXc1,ThrowTrajectoryXc2,ThrowTrajectoryYc0,ThrowTrajectoryYc1,ThrowTrajectoryYc2,ThrowTrajectoryZc0,ThrowTrajectoryZc1,ThrowTrajectoryZc2,PitchReleaseConfidence,PitchLocationConfidence,PitchMovementConfidence,HitLaunchConfidence,HitLandingConfidence,CatcherThrowCatchConfidence,CatcherThrowReleaseConfidence,CatcherThrowLocationConfidence
1,2025-09-12,18:38:28.92,1,1,"Minaya, Julian",1000158661,Right,HAG_FLY,"Johnson, Kolby",815259,Right,STA_YAN,Undefined,1,Top,0,0,0,Undefined,Four-Seam,InPlay,Undefined,LineDrive,Single,0,0,,90.10006,-2.078027,-0.985398,2242.559189,216.999279,1:15,6.04601,1.00736,5.80724,-17.35926,17.12225,12.08406,2.66582,1.09791,82.52237,-5.357766,1.180572,0.422634,77.28262,16.308588,-26.946394,814.457389,96.09216,17.74699,-53.53755,191.92443,190.03656,-30.547246,2.103058,-6.48083,9.66154,-0.934,50,5.86529,1.7398,-130.8399,-5.28281,-11.245,27.36212,-15.41012,HAG_FLY,STA_YAN,HagerstownBallpark,Independent,ATL,20250912-HagerstownBallpark-1,2f6ae980-9029-11f0-8fb6-ad1606e43f24,89.18458,17.96932,,7.57769,,,,2.06759,2.72756,-1.05962,914508f2-8afe-4bc3-bf51-c0b16b905d95,2025-09-12,22:38:28.92,2025-09-12T18:38:28.9210000-04:00,2025-09-12T22:38:28.9210000Z,LineDrive,v3,6089,586,,"Black, Mark",691773,Right,HAG_FLY,80a7c0c8-41de-4bc2-bb4a-fe654386dd84,54.69155,-131.81738,13.68106,6.04417,-4.7323,-7.70506,-1.00332,2.14152,-5.6225,118.976199,2.06758,96.97745,-13.297,2.9593,-0.84693,0.38153,-0.17469,0.04677,-0.00514,2.72756,31.82841,-17.51226,0.98957,0.00795,-0.14505,0.0926,-0.02598,0.00291,-1.05963,-49.29642,1.45585,0.34873,-0.35362,0.26903,-0.1368,0.03731,-0.00417,,,,,,,,,,,,,,,,,,,,,,,High,High,High,High,High,,,
2,2025-09-12,18:39:04.46,2,1,"Minaya, Julian",1000158661,Right,HAG_FLY,"Diaz, Eddy",677647,Right,STA_YAN,Undefined,1,Top,0,0,0,Undefined,Four-Seam,BallCalled,Undefined,Undefined,Undefined,0,0,,87.38288,-2.927049,-2.263108,2272.317997,221.974475,1:30,6.11383,0.88972,5.89303,-19.04481,17.66151,14.80895,1.80466,0.02153,79.92646,-6.521593,0.394296,0.436056,,,,,,,,,,,,-8.21126,10.2265,-0.71593,50,5.86687,4.39447,-126.70943,-7.04494,-13.33805,26.09897,-15.56253,HAG_FLY,STA_YAN,HagerstownBallpark,Independent,ATL,20250912-HagerstownBallpark-1,44b2e900-9029-11f0-8fb6-ad1606e43f24,86.43952,,,7.45642,,,,,,,914508f2-8afe-4bc3-bf51-c0b16b905d95,2025-09-12,22:39:04.46,2025-09-12T18:39:04.4650000-04:00,2025-09-12T22:39:04.4650000Z,,v3,6089,586,,"Black, Mark",691773,Right,HAG_FLY,e810e33a-2c7e-4f1c-b42a-14a04a720d33,54.60461,-127.65434,13.04949,6.11173,-6.4815,-7.78127,-0.88377,4.87737,-6.66903,,,,,,,,,,,,,,,,,,,,,,,,,,,,,,,,,,,,,,,,,,,,,,,,,,,High,High,High,,,,,
3,2025-09-12,18:39:21.35,2,2,"Minaya, Julian",1000158661,Right,HAG_FLY,"Diaz, Eddy",677647,Right,STA_YAN,Undefined,1,Top,0,1,0,Undefined,Four-Seam,InPlay,Undefined,GroundBall,Error,0,0,,87.97267,-2.226579,-2.274738,2272.843738,222.968455,1:30,6.08596,0.88422,5.81878,-18.20001,18.14257,15.78005,2.49647,0.08319,80.23983,-5.675738,0.552326,0.43389,98.88843,-17.37063,-18.389413,,,,,9.52991,9.52991,-15.856485,0.057828,-8.75162,10.27611,-0.70769,50,5.89296,4.41397,-127.61349,-5.50595,-14.38697,27.02372,-15.28095,HAG_FLY,STA_YAN,HagerstownBallpark,Independent,ATL,20250912-HagerstownBallpark-1,4eb3a3e0-9029-11f0-8fb6-ad1606e43f24,86.87105,2.50828,,7.73284,,,,1.55842,2.50828,-0.07427,914508f2-8afe-4bc3-bf51-c0b16b905d95,2025-09-12,22:39:21.35,2025-09-12T18:39:21.3570000-04:00,2025-09-12T22:39:21.3570000Z,GroundBall,v3,6089,586,,"Black, Mark",691773,Right,HAG_FLY,c54fe2d4-fed3-43f9-9323-a0264084e720,54.67969,-128.60065,13.51186,6.08389,-4.94774,-7.64047,-0.87853,4.93952,-7.19348,180,1.55634,131.57708,,,,,,,,2.50896,-43.37466,,,,,,,,-0.07358,-43.74287,,,,,,,,,,,,,,,,,,,,,,,,,,,,,,High,High,High,High,High,,,
4,2025-09-12,18:40:02.90,3,1,"Minaya, Julian",1000158661,Right,HAG_FLY,"Contreras, Mark",676628,Left,STA_YAN,Undefined,1,Top,0,0,0,Undefined,Four-Seam,BallCalled,Undefined,Undefined,Undefined,0,0,,87.23377,-3.249992,-1.819594,2211.071663,216.369219,1:15,6.06519,0.96996,6.01654,-19.93285,16.78099,11.46473,1.38892,0.23931,79.76729,-7.007997,0.243389,0.4361,,,,,,,,,,,,-6.42989,9.93378,-0.83359,50,5.79928,3.55609,-126.49399,-7.76972,-10.3909,26.4322,-16.12075,HAG_FLY,STA_YAN,HagerstownBallpark,Independent,ATL,20250912-HagerstownBallpark-1,6778bc30-9029-11f0-8fb6-ad1606e43f24,86.4307,,,7.46649,,,,,,,914508f2-8afe-4bc3-bf51-c0b16b905d95,2025-09-12,22:40:02.90,2025-09-12T18:40:02.9010000-04:00,2025-09-12T22:40:02.9010000Z,,v3,6089,586,,"Black, Mark",691773,Right,HAG_FLY,9208c08b-fc0f-4e0f-879b-3b32c89024b5,54.4811,-127.42692,13.2161,6.06347,-7.20073,-8.06037,-0.96558,3.92284,-5.19545,,,,,,,,,,,,,,,,,,,,,,,,,,,,,,,,,,,,,,,,,,,,,,,,,,,High,High,High,,,,,
5,2025-09-12,18:40:21.71,3,2,"Minaya, Julian",1000158661,Right,HAG_FLY,"Contreras, Mark",676628,Left,STA_YAN,Undefined,1,Top,0,1,0,Undefined,Changeup,InPlay,Undefined,GroundBall,Out,1,0,,80.18996,-0.190425,-3.144336,1622.315959,253.138012,2:30,5.81913,1.50609,5.48404,-36.7273,7.35469,19.7258,2.5801,0.20515,73.62617,-6.935365,0.3671,0.477861,77.87542,-2.891005,44.900599,,,,,24.29822,18.50854,42.279556,0.244817,-10.91201,4.13425,-1.24447,50,5.77734,5.62622,-116.35829,-1.59842,-14.98612,21.47951,-26.49626,HAG_FLY,STA_YAN,HagerstownBallpark,Independent,ATL,20250912-HagerstownBallpark-1,72b30880-9029-11f0-8fb6-ad1606e43f24,78.87733,3.04016,,6.56379,,,,,,,914508f2-8afe-4bc3-bf51-c0b16b905d95,2025-09-12,22:40:21.71,2025-09-12T18:40:21.7120000-04:00,2025-09-12T22:40:21.7120000Z,GroundBall,v3,6089,586,,"Black, Mark",691773,Right,HAG_FLY,028a8621-cc27-4084-ad08-ac69ca5afe8e,55.01646,-117.28066,10.73976,5.82155,-0.46062,-13.24813,-1.49988,6.26976,-7.49306,,-0.92685,80.85852,-14.85009,,,,,,,3.0409,-5.80056,-27.05544,,,,,,,-3.83053,80.61958,7.37359,,,,,,,,,,,,,,,,,,,,,,,,,,,,,High,High,High,Low,Low,,,
6,2025-09-12,18:41:05.92,4,1,"Minaya, Julian",1000158661,Right,HAG_FLY,"Dearden, Tyler",676280,Left,STA_YAN,Undefined,1,Top,1,0,0,Undefined,Four-Seam,BallCalled,Undefined,Undefined,Undefined,0,0,,90.54177,-4.119673,-2.338496,2393.925025,214.564742,1:15,6.01207,0.83499,5.99733,-17.10773,17.22206,11.0469,0.75925,-0.41255,82.4249,-7.362495,-0.352536,0.421703,,,,,,,,,,,,-6.41575,10.45678,-0.6571,50,5.67778,4.89363,-131.07815,-9.95157,-11.08193,29.56657,-14.11207,HAG_FLY,STA_YAN,HagerstownBallpark,Independent,ATL,20250912-HagerstownBallpark-1,8d021c30-9029-11f0-8fb6-ad1606e43f24,89.3814,,,8.11687,,,,,,,914508f2-8afe-4bc3-bf51-c0b16b905d95,2025-09-12,22:41:05.92,2025-09-12T18:41:05.9260000-04:00,2025-09-12T22:41:05.9260000Z,,v3,6089,586,,"Black, Mark",691773,Right,HAG_FLY,6e6ac61f-4832-4034-aaba-cd399188c3fd,54.50069,-132.08945,14.78328,6.00991,-9.46887,-7.05604,-0.83096,5.27267,-5.54096,,,,,,,,,,,,,,,,,,,,,,,,,,,,,,,,,,,,,,,,,,,,,,,,,,,High,High,High,,,,,
7,2025-09-12,18:41:26.07,4,2,"Minaya, Julian",1000158661,Right,HAG_FLY,"Dearden, Tyler",676280,Left,STA_YAN,Undefined,1,Top,1,1,0,Undefined,Four-Seam,BallCalled,Undefined,Undefined,Undefined,0,0,,90.85349,-2.929385,-3.799843,2380.546395,223.167637,1:30,6.07658,0.99836,5.92692,-17.66875,16.51792,14.38493,1.87778,-1.33378,82.53404,-6.282876,-1.222751,0.420823,,,,,,,,,,,,-8.63205,9.73284,-0.7029,50,5.83197,8.14263,-131.5337,-7.28373,-15.00631,29.9033,-15.25407,HAG_FLY,STA_YAN,HagerstownBallpark,Independent,ATL,20250912-HagerstownBallpark-1,990759a0-9029-11f0-8fb6-ad1606e43f24,89.56829,,,8.31945,,,,,,,914508f2-8afe-4bc3-bf51-c0b16b905d95,2025-09-12,22:41:26.07,2025-09-12T18:41:26.0780000-04:00,2025-09-12T22:41:26.0780000Z,,v3,6089,586,,"Black, Mark",691773,Right,HAG_FLY,2b45e70e-1fb0-4509-925c-2e6999fee3df,54.57263,-132.56918,14.95165,6.07504,-6.75552,-7.62703,-0.99386,8.66227,-7.50316,,,,,,,,,,,,,,,,,,,,,,,,,,,,,,,,,,,,,,,,,,,,,,,,,,,High,High,High,,,,,
8,2025-09-12,18:41:49.10,4,3,"Minaya, Julian",1000158661,Right,HAG_FLY,"Dearden, Tyler",676280,Left,STA_YAN,Undefined,1,Top,1,2,0,Undefined,Changeup,StrikeCalled,Undefined,Undefined,Undefined,0,0,,81.62028,-0.897209,-3.48348,1661.415803,244.091471,2:15,5.85337,1.49847,5.55834,-32.82092,9.96638,17.54387,2.27842,-0.29813,74.38272,-6.964692,-0.357953,0.470792,,,,,,,,,,,,-9.85099,5.73839,-1.20902,50,5.75435,6.48179,-118.25453,-2.93115,-13.87857,23.61997,-24.08951,HAG_FLY,STA_YAN,HagerstownBallpark,Independent,ATL,20250912-HagerstownBallpark-1,a6aeae50-9029-11f0-8fb6-ad1606e43f24,80.06182,,,7.23756,,,,,,,914508f2-8afe-4bc3-bf51-c0b16b905d95,2025-09-12,22:41:49.10,2025-09-12T18:41:49.1070000-04:00,2025-09-12T22:41:49.1070000Z,,v3,6089,586,,"Black, Mark",691773,Right,HAG_FLY,f5ec6148-b53f-44dc-9a27-1798a14f6fda,54.93867,-119.2369,11.80998,5.85542,-1.92926,-12.04475,-1.4906,7.059,-6.93928,,,,,,,,,,,,,,,,,,,,,,,,,,,,,,,,,,,,,,,,,,,,,,,,,,,High,High,High,,,,,
9,2025-09-12,18:42:09.05,4,4,"Minaya, Julian",1000158661,Right,HAG_FLY,"Dearden, Tyler",676280,Left,STA_YAN,Undefined,1,Top,1,2,1,Undefined,Four-Seam,FoulBallNotFieldable,Undefined,Undefined,Undefined,0,0,,90.95551,-3.33083,-2.163399,2337.771438,217.771672,1:15,6.03211,0.83566,5.83654,-14.97162,19.11218,13.91654,1.68299,-0.01632,82.84612,-6.189425,0.330675,0.42019,,,,,,,,,,,,-7.76248,11.08981,-0.66764,50,5.75153,4.37977,-131.80412,-8.1065,-13.59321,29.20248,-12.75427,HAG_FLY,STA_YAN,HagerstownBallpark,Independent,ATL,20250912-HagerstownBallpark-1,b2a56cd0-9029-11f0-8fb6-ad1606e43f24,89.70339,,,8.10939,,,,,,,914508f2-8afe-4bc3-bf51-c0b16b905d95,2025-09-12,22:42:09.05,2025-09-12T18:42:09.0500000-04:00,2025-09-12T22:42:09.0500000Z,,v3,6089,586,,"Black, Mark",691773,Right,HAG_FLY,1d7bd283-ae27-445c-a80c-bd66168ca012,54.6614,-132.83288,14.60124,6.02919,-7.65719,-6.37713,-0.83037,4.85864,-6.79661,,,,,,,,,,,,,,,,,,,,,,,,,,,,,,,,,,,,,,,,,,,,,,,,,,,High,High,High,,,,,
10,2025-09-12,18:42:42.61,4,5,"Minaya, Julian",1000158661,Right,HAG_FLY,"Dearden, Tyler",676280,Left,STA_YAN,Undefined,1,Top,1,2,2,Undefined,Changeup,InPlay,Undefined,GroundBall,FieldersChoice,1,0,,85.43216,-1.34579,-3.103691,1614.056365,243.816233,2:15,5.76479,1.43843,5.60409,-30.30931,8.40508,14.61292,1.98066,-0.24393,78.37943,-6.932565,-0.496551,0.447824,87.6401,4.805222,-6.826198,2101.98274,,,,81.86423,81.36457,-8.990416,0.681548,-8.28209,4.9889,-1.18245,50,5.62985,6.11414,-123.91675,-3.95265,-12.89506,24.45058,-24.40643,HAG_FLY,STA_YAN,HagerstownBallpark,Independent,ATL,20250912-HagerstownBallpark-1,c6ab2850-9029-11f0-8fb6-ad1606e43f24,84.16793,3.30381,,7.05273,,,,1.14193,1.90921,0.24527,914508f2-8afe-4bc3-bf51-c0b16b905d95,2025-09-12,22:42:42.61,2025-09-12T18:42:42.6120000-04:00,2025-09-12T22:42:42.6120000Z,GroundBall,v3,6089,586,,"Black, Mark",691773,Right,HAG_FLY,eae40e3e-f266-4932-89dc-18bb948b4b7a,54.8948,-124.87883,12.22529,5.76648,-2.99231,-12.20322,-1.43301,6.62153,-6.44753,65.980821,1.16475,126.72764,-14.42086,,,,,,,1.93725,10.21255,-19.21147,,,,,,,0.26722,-15.66139,-5.18044,,,,,,,,,,,,,,,,,,,,,,,,,,,,,High,High,High,High,High,,,
11,2025-09-12,18:43:25.26,5,1,"Minaya, Julian",1000158661,Right,HAG_FLY,"Brown, Vaun",673901,Right,STA_YAN,Undefined,1,Top,2,0,0,Undefined,Four-Seam,BallCalled,Undefined,Undefined,Undefined,0,0,,90.28603,-3.984592,-2.640036,2373.573929,209.423889,1:00,6.05829,0.66401,6.00985,-16.18237,18.05084,9.56103,1.00851,-0.98673,82.80438,-7.04925,-0.92186,0.42111,,,,,,,,,,,,-5.65969,10.72449,-0.46198,50,5.73594,5.63566,-130.79951,-9.58869,-9.82174,27.14544,-13.56289,HAG_FLY,STA_YAN,HagerstownBallpark,Independent,ATL,20250912-HagerstownBallpark-1,e0146fe0-9029-11f0-8fb6-ad1606e43f24,89.5074,,,7.48166,,,,,,,914508f2-8afe-4bc3-bf51-c0b16b905d95,2025-09-12,22:43:25.26,2025-09-12T18:43:25.2600000-04:00,2025-09-12T22:43:25.2600000Z,,v3,6089,586,,"Black, Mark",691773,Right,HAG_FLY,d4d7e7f4-aff6-4cca-9060-2647364a46b8,54.48859,-131.72775,13.57272,6.0559,-9.1249,-6.78145,-0.66044,5.97151,-4.91087,,,,,,,,,,,,,,,,,,,,,,,,,,,,,,,,,,,,,,,,,,,,,,,,,,,High,High,High,,,,,
12,2025-09-12,18:43:44.72,5,2,"Minaya, Julian",1000158661,Right,HAG_FLY,"Brown, Vaun",673901,Right,STA_YAN,Undefined,1,Top,2,1,0,Undefined,Four-Seam,InPlay,Undefined,GroundBall,Single,0,1,,89.64358,-3.324357,-2.214988,2372.19783,216.07858,1:15,6.03739,0.97486,5.72745,-17.04962,18.20631,12.39327,1.5147,-0.05629,81.66356,-6.55149,0.001707,0.427354,79.10251,9.349126,-26.502577,1871.94552,,,,110.91811,108.48976,-27.502447,1.050308,-7.01063,10.62162,-0.79804,50,5.74943,4.49736,-129.87652,-8.06859,-11.91142,28.53924,-14.12737,HAG_FLY,STA_YAN,HagerstownBallpark,Independent,ATL,20250912-HagerstownBallpark-1,ebb26000-9029-11f0-8fb6-ad1606e43f24,88.19965,6.16599,,7.98002,,,,2.76738,1.8499,0.23099,914508f2-8afe-4bc3-bf51-c0b16b905d95,2025-09-12,22:43:44.72,2025-09-12T18:43:44.7290000-04:00,2025-09-12T22:43:44.7290000Z,GroundBall,v3,6089,586,,"Black, Mark",691773,Right,HAG_FLY,b7a78908-c578-4e31-9b42-9e254c8cabd1,54.77099,-130.9207,14.26962,6.03518,-7.5517,-7.06368,-0.97057,4.93317,-5.95571,,2.76738,102.44599,-11.9369,1.28546,-0.29826,0.05296,-0.00886,0.00166,-0.00018,1.8499,18.84692,-21.44401,2.02661,-0.3482,0.07988,-0.01352,0.00209,-0.00025,0.23099,-51.08344,2.30751,-0.3523,0.06439,-0.01281,0.00223,-0.00035,4E-05,,,,,,,,,,,,,,,,,,,,,,,High,High,High,High,High,,,
13,2025-09-12,18:44:35.86,6,1,"Minaya, Julian",1000158661,Right,HAG_FLY,"Sandoval, Pablo",467055,Left,STA_YAN,Undefined,1,Top,2,0,0,Undefined,Four-Seam,BallCalled,Undefined,Undefined,Undefined,0,0,,89.62879,0.04213,-1.222243,2206.392849,213.529016,1:00,6.08251,0.90202,5.99328,-18.763,16.28906,9.9728,4.55798,0.60027,80.80559,-3.547183,0.570687,0.426116,,,,,,,,,,,,-5.46425,8.69347,-0.81096,50,6.07553,2.34165,-130.03028,-0.44939,-9.23311,30.58989,-17.48443,HAG_FLY,STA_YAN,HagerstownBallpark,Independent,ATL,20250912-HagerstownBallpark-1,0a2d1c00-902a-11f0-8fb6-ad1606e43f24,88.45574,,,8.8232,,,,,,,914508f2-8afe-4bc3-bf51-c0b16b905d95,2025-09-12,22:44:35.86,2025-09-12T18:44:35.8660000-04:00,2025-09-12T22:44:35.8660000Z,,v3,6089,586,,"Black, Mark",691773,Right,HAG_FLY,64ab2405-b5d3-4359-b05f-3fb2b53c673a,54.50097,-131.08487,15.29494,6.08063,0.15339,-8.74221,-0.89718,2.65996,-4.61655,,,,,,,,,,,,,,,,,,,,,,,,,,,,,,,,,,,,,,,,,,,,,,,,,,,High,High,High,,,,,
14,2025-09-12,18:44:57.76,6,2,"Minaya, Julian",1000158661,Right,HAG_FLY,"Sandoval, Pablo",467055,Left,STA_YAN,Undefined,1,Top,2,1,0,Undefined,Slider,InPlay,Undefined,LineDrive,Double,0,2,,82.98124,-0.630017,-0.895086,2049.897464,116.234527,9:45,5.8993,1.37649,5.64292,-37.03904,4.03776,-5.4987,2.22493,0.08325,75.95715,-7.438281,-1.878586,0.461286,87.99386,25.486127,-34.268667,3615.584487,87.9102,40.21008,-66.11855,283.20379,247.32871,-43.135974,3.432138,2.5524,2.59126,-1.29685,50,5.8221,2.10059,-120.48968,-2.57523,3.73401,24.47223,-28.38322,HAG_FLY,STA_YAN,HagerstownBallpark,Independent,ATL,20250912-HagerstownBallpark-1,1732d980-902a-11f0-8fb6-ad1606e43f24,81.71173,44.80678,,7.02409,,,,2.18677,2.23679,0.00699,914508f2-8afe-4bc3-bf51-c0b16b905d95,2025-09-12,22:44:57.76,2025-09-12T18:44:57.7660000-04:00,2025-09-12T22:44:57.7660000Z,LineDrive,v3,6089,586,,"Black, Mark",691773,Right,HAG_FLY,58f97537-14db-47d6-abc4-be456c744bf7,54.85574,-121.47191,12.23612,5.9026,-1.43603,-14.19161,-1.37815,1.95072,1.867,,2.18671,96.27722,-19.10951,4.29492,-0.93443,0.19041,-0.02905,0.00221,-2E-05,2.23719,55.51994,-20.72883,2.17886,-0.40051,0.0669,-0.0186,0.00463,-0.00044,0.00692,-65.59515,4.67592,-0.99672,0.18778,-0.02858,0.00328,-0.00019,0,,,,,,,,,,,,,,,,,,,,,,,High,High,High,Medium,Medium,,,
15,2025-09-12,18:45:55.56,7,1,"Minaya, Julian",1000158661,Right,HAG_FLY,"Maggi, Drew",543482,Right,STA_YAN,Undefined,1,Top,2,0,0,Undefined,Sinker,FoulBallNotFieldable,Undefined,Undefined,Undefined,0,0,,89.34919,-1.128217,-2.019498,2230.527154,223.791346,1:30,6.02541,0.94271,5.91312,-19.4254,15.413,13.75257,3.35875,0.21369,81.94254,-4.78915,0.448951,0.424816,66.51041,29.767848,169.800539,3260.540926,-109.31846,27.54454,12.22597,168.27687,49.00118,176.61976,2.473308,-7.62847,8.5389,-0.7888,50,5.92385,4.00766,-129.80276,-3.16078,-13.05952,26.30062,-17.55598,HAG_FLY,STA_YAN,HagerstownBallpark,Independent,ATL,20250912-HagerstownBallpark-1,39aa3e90-902a-11f0-8fb6-ad1606e43f24,88.72657,29.636,,7.40664,,,,1.27221,3.34881,-0.22056,914508f2-8afe-4bc3-bf51-c0b16b905d95,2025-09-12,22:45:55.56,2025-09-12T18:45:55.5640000-04:00,2025-09-12T22:45:55.5640000Z,FlyBall,v3,6089,586,,"Black, Mark",691773,Right,HAG_FLY,8ece451d-5e3c-47d3-828b-f0d09f9f1cf1,54.58598,-130.72867,13.15031,6.02425,-2.54273,-8.77799,-0.93799,4.46742,-6.52976,326.263009,1.27189,-83.31916,5.51931,0.75964,-1.08039,0.97052,-0.44912,0.10226,-0.00924,3.34887,48.42693,-24.64926,2.39021,-0.16079,-0.19859,0.14613,-0.04197,0.00443,-0.22034,14.98078,-4.43774,-0.31204,0.71561,-0.67079,0.31429,-0.07219,0.00657,,,,,,,,,,,,,,,,,,,,,,,High,High,High,High,Medium,,,
16,2025-09-12,18:46:19.29,7,2,"Minaya, Julian",1000158661,Right,HAG_FLY,"Maggi, Drew",543482,Right,STA_YAN,Undefined,1,Top,2,0,1,Undefined,Four-Seam,BallCalled,Undefined,Undefined,Undefined,0,0,,89.93305,-0.648923,-2.140217,2312.097955,216.637422,1:15,6.03148,0.82822,5.85685,-17.11627,17.39757,12.14068,4.00178,-0.14941,82.25541,-3.899051,0.035728,0.422832,,,,,,,,,,,,-6.75032,9.38052,-0.66141,50,5.96874,4.35335,-130.59128,-1.98904,-11.68738,26.83311,-15.9328,HAG_FLY,STA_YAN,HagerstownBallpark,Independent,ATL,20250912-HagerstownBallpark-1,47b18d90-902a-11f0-8fb6-ad1606e43f24,89.14279,,,7.67764,,,,,,,914508f2-8afe-4bc3-bf51-c0b16b905d95,2025-09-12,22:46:19.29,2025-09-12T18:46:19.2910000-04:00,2025-09-12T22:46:19.2910000Z,,v3,6089,586,,"Black, Mark",691773,Right,HAG_FLY,0bff2886-6fae-4d8f-a481-06585861cbe9,54.64006,-131.54123,13.41656,6.02917,-1.42498,-7.9664,-0.82285,4.76711,-5.84369,,,,,,,,,,,,,,,,,,,,,,,,,,,,,,,,,,,,,,,,,,,,,,,,,,,High,High,High,,,,,
17,2025-09-12,18:46:37.00,7,3,"Minaya, Julian",1000158661,Right,HAG_FLY,"Maggi, Drew",543482,Right,STA_YAN,Undefined,1,Top,2,1,1,Undefined,Sinker,BallCalled,Undefined,Undefined,Undefined,0,0,,88.95488,-0.535543,-1.570705,2254.758434,224.907282,1:30,6.10462,0.96163,6.10441,-19.13725,15.79359,14.66481,4.0144,0.73081,81.40817,-4.165535,1.071528,0.425379,,,,,,,,,,,,-7.94221,8.61418,-0.84815,50,6.05325,2.93239,-129.26453,-1.7673,-13.46445,26.45078,-17.57037,HAG_FLY,STA_YAN,HagerstownBallpark,Independent,ATL,20250912-HagerstownBallpark-1,52414200-902a-11f0-8fb6-ad1606e43f24,88.60909,,,7.54672,,,,,,,914508f2-8afe-4bc3-bf51-c0b16b905d95,2025-09-12,22:46:37.00,2025-09-12T18:46:37.0040000-04:00,2025-09-12T22:46:37.0040000Z,,v3,6089,586,,"Black, Mark",691773,Right,HAG_FLY,7be6d315-a760-41d9-a6b0-7b7b3456dc2a,54.39265,-130.16028,13.22539,6.10302,-1.17229,-8.78519,-0.95518,3.38835,-6.73222,,,,,,,,,,,,,,,,,,,,,,,,,,,,,,,,,,,,,,,,,,,,,,,,,,,High,High,High,,,,,
18,2025-09-12,18:46:59.21,7,4,"Minaya, Julian",1000158661,Right,HAG_FLY,"Maggi, Drew",543482,Right,STA_YAN,Undefined,1,Top,2,2,1,Undefined,Sinker,InPlay,Undefined,LineDrive,Single,1,0,,87.01046,-1.295115,-2.612538,2212.403006,225.460191,1:30,6.00641,0.85324,6.01652,-21.81064,14.77513,13.88166,2.98775,-0.4116,79.92639,-5.394349,-0.11715,0.435339,92.59058,-7.008409,-2.932953,,,,,19.81104,19.35424,-1.378055,0.141796,-7.8726,8.29497,-0.6561,50,5.89286,5.2151,-126.37657,-3.52163,-12.78962,24.66022,-18.69829,HAG_FLY,STA_YAN,HagerstownBallpark,Independent,ATL,20250912-HagerstownBallpark-1,5fa0df50-902a-11f0-8fb6-ad1606e43f24,86.58181,2.91167,,7.08406,,,,1.13765,2.91167,0.43307,914508f2-8afe-4bc3-bf51-c0b16b905d95,2025-09-12,22:46:59.21,2025-09-12T18:46:59.2190000-04:00,2025-09-12T22:46:59.2190000Z,GroundBall,v3,6089,586,,"Black, Mark",691773,Right,HAG_FLY,1d1061ec-66e6-469f-a292-cc27e0290ef4,54.48268,-127.24828,12.33011,6.00566,-2.86067,-9.34915,-0.84844,5.66719,-6.39481,350.960822,1.13785,134.58885,-20.73761,,,,,,,2.91232,-16.6306,-27.5957,,,,,,,0.43298,-6.8883,3.35214,,,,,,,,,,,,,,,,,,,,,,,,,,,,,High,High,High,High,High,,,
19,2025-09-12,18:49:35.26,1,1,"Kaminsky, Rob",641739,Left,STA_YAN,"Williams, Tyler",1000053915,Right,HAG_FLY,Undefined,1,Bottom,0,0,0,Undefined,Changeup,BallCalled,Undefined,Undefined,Undefined,0,0,,85.38711,1.778253,2.848295,2315.33031,84.908308,8:45,5.62919,-2.57674,5.61687,-39.02097,-0.3,-16.82442,4.03961,-1.31837,78.09623,-5.383964,-0.152389,0.447862,,,,,,,,,,,,9.25115,-0.23937,2.34437,50,5.75613,-5.44754,-123.87776,2.44433,14.39815,24.37986,-32.54657,HAG_FLY,STA_YAN,HagerstownBallpark,Independent,ATL,20250912-HagerstownBallpark-1,bc8abb00-902a-11f0-8fb6-ad1606e43f24,84.16079,,,7.29088,,,,,,,914508f2-8afe-4bc3-bf51-c0b16b905d95,2025-09-12,22:49:35.26,2025-09-12T18:49:35.2600000-04:00,2025-09-12T22:49:35.2600000Z,,v3,6089,586,,"Melfi, David",1000079653,Right,STA_YAN,b08193c5-b2ac-42ad-9ea8-d7c9f0bc088e,54.88229,-124.83493,12.18993,5.63508,3.72212,-16.27328,2.56933,-6.01282,7.19907,,,,,,,,,,,,,,,,,,,,,,,,,,,,,,,,,,,,,,,,,,,,,,,,,,,High,High,High,,,,,
20,2025-09-12,18:49:49.54,1,2,"Kaminsky, Rob",641739,Left,STA_YAN,"Williams, Tyler",1000053915,Right,HAG_FLY,Undefined,1,Bottom,0,1,0,Undefined,Slider,StrikeCalled,Undefined,Undefined,Undefined,0,0,,81.98611,0.542432,2.626261,2359.65389,50.976118,7:45,5.4112,-2.56973,5.41735,-44.9181,-2.23394,-4.5267,2.1767,-0.48509,74.68738,-7.658293,1.821096,0.470224,,,,,,,,,,,,3.06103,-0.82933,2.33955,50,5.42833,-5.26213,-118.83988,-0.4796,4.34118,24.53963,-33.35023,HAG_FLY,STA_YAN,HagerstownBallpark,Independent,ATL,20250912-HagerstownBallpark-1,c50cec30-902a-11f0-8fb6-ad1606e43f24,80.15846,,,7.29873,,,,,,,914508f2-8afe-4bc3-bf51-c0b16b905d95,2025-09-12,22:49:49.54,2025-09-12T18:49:49.5410000-04:00,2025-09-12T22:49:49.5410000Z,,v3,6089,586,,"Melfi, David",1000079653,Right,STA_YAN,fbe18fbf-eb2e-45e5-aa94-b755f6153285,55.07995,-119.88426,12.26982,5.41854,0.93976,-16.67512,2.56743,-5.44688,2.17059,,,,,,,,,,,,,,,,,,,,,,,,,,,,,,,,,,,,,,,,,,,,,,,,,,,High,High,High,,,,,
21,2025-09-12,18:50:03.48,1,3,"Kaminsky, Rob",641739,Left,STA_YAN,"Williams, Tyler",1000053915,Right,HAG_FLY,Undefined,1,Bottom,0,1,1,Undefined,Changeup,FoulBallNotFieldable,Undefined,Undefined,Undefined,0,0,,86.75795,-0.075319,3.88437,2335.749401,88.775937,9:00,5.63816,-2.48282,5.53965,-36.98439,0.84043,-18.5619,2.48558,-0.39368,79.17841,-6.853575,0.579743,0.442649,55.01594,-60.859473,-114.167252,,,,,1.50506,1.50506,-36.232406,0.035688,10.53741,0.7865,2.1585,50,5.6069,-7.74807,-125.73998,-1.51371,16.81144,26.32527,-30.91926,HAG_FLY,STA_YAN,HagerstownBallpark,Independent,ATL,20250912-HagerstownBallpark-1,cd7553d0-902a-11f0-8fb6-ad1606e43f24,85.15192,2.53047,,7.57954,,,,1.7916,2.53047,0.39755,914508f2-8afe-4bc3-bf51-c0b16b905d95,2025-09-12,22:50:03.48,2025-09-12T18:50:03.4810000-04:00,2025-09-12T22:50:03.4810000Z,GroundBall,v3,6089,586,,"Melfi, David",1000079653,Right,STA_YAN,02172f7a-d2a9-4458-9fa4-4eac84130b8e,54.96023,-126.77421,13.16263,5.64251,-0.299,-15.45963,2.47588,-8.40854,8.40572,,1.79216,-16.18419,,,,,,,,2.53293,-70.9057,,,,,,,,0.39881,-36.06657,,,,,,,,,,,,,,,,,,,,,,,,,,,,,,High,High,High,Estimated,Estimated,,,
22,2025-09-12,18:50:25.59,1,4,"Kaminsky, Rob",641739,Left,STA_YAN,"Williams, Tyler",1000053915,Right,HAG_FLY,Undefined,1,Bottom,0,1,2,Undefined,Slider,FoulBallNotFieldable,Undefined,Undefined,Undefined,0,0,,85.32949,-0.029369,1.842829,2541.146124,195.913814,12:30,5.60657,-2.51044,5.5541,-37.93408,2.29866,0.17457,2.41795,-0.77343,75.66505,-7.061514,1.873979,0.456521,,,,,,,,,,,,0.62185,1.65878,2.35101,50,5.57958,-3.9776,-123.38939,-1.4092,0.92417,32.7813,-29.70885,HAG_FLY,STA_YAN,HagerstownBallpark,Independent,ATL,20250912-HagerstownBallpark-1,da9c54f0-902a-11f0-8fb6-ad1606e43f24,82.56443,,,9.66445,,,,,,,914508f2-8afe-4bc3-bf51-c0b16b905d95,2025-09-12,22:50:25.59,2025-09-12T18:50:25.5900000-04:00,2025-09-12T22:50:25.5900000Z,,v3,6089,586,,"Melfi, David",1000079653,Right,STA_YAN,caa7b536-9736-453f-b13e-0a2ce613c4f5,54.93833,-124.69447,16.39065,5.61214,-0.22644,-14.85442,2.5101,-4.0144,0.46209,,,,,,,,,,,,,,,,,,,,,,,,,,,,,,,,,,,,,,,,,,,,,,,,,,,High,High,High,,,,,
23,2025-09-12,18:50:45.19,1,5,"Kaminsky, Rob",641739,Left,STA_YAN,"Williams, Tyler",1000053915,Right,HAG_FLY,Undefined,1,Bottom,0,1,2,Undefined,Slider,FoulBallNotFieldable,Undefined,Undefined,Undefined,0,0,,85.20633,-1.438829,3.2348,2531.948453,86.727282,9:00,5.87468,-2.08058,5.06208,-38.33451,0.92524,-2.3452,1.32094,0.77749,79.4205,-8.332882,2.820579,0.450967,,,,,,,,,,,,1.94878,1.06539,1.7749,50,5.70679,-6.88905,-123.6571,-4.57452,3.06063,21.35094,-30.50081,HAG_FLY,STA_YAN,HagerstownBallpark,Independent,ATL,20250912-HagerstownBallpark-1,e64b5c10-902a-11f0-8fb6-ad1606e43f24,83.58129,,,5.78583,,,,,,,914508f2-8afe-4bc3-bf51-c0b16b905d95,2025-09-12,22:50:45.19,2025-09-12T18:50:45.1950000-04:00,2025-09-12T22:50:45.1950000Z,,v3,6089,586,,"Melfi, David",1000079653,Right,STA_YAN,66593ad0-aaa9-4fb7-b74a-377e2a72e98c,55.43917,-124.5927,10.67547,5.87797,-3.23798,-15.2504,2.07972,-7.02316,1.53031,,,,,,,,,,,,,,,,,,,,,,,,,,,,,,,,,,,,,,,,,,,,,,,,,,,High,High,High,,,,,
24,2025-09-12,18:51:09.71,1,6,"Kaminsky, Rob",641739,Left,STA_YAN,"Williams, Tyler",1000053915,Right,HAG_FLY,Undefined,1,Bottom,0,1,2,Undefined,Slider,InPlay,Undefined,LineDrive,Single,0,0,,85.48214,-0.847043,2.989669,2580.347227,15.059587,6:30,5.63912,-2.43289,5.17529,-39.664,-0.73909,-0.48925,1.5356,0.34209,79.41149,-8.003554,2.903065,0.44904,104.57782,6.050969,-27.559543,1537.867831,,,,135.56812,133.63724,-30.876742,1.021077,0.985,0.11051,2.15489,50,5.52947,-6.46011,-124.09075,-3.34189,1.55268,22.28197,-31.99982,HAG_FLY,STA_YAN,HagerstownBallpark,Independent,ATL,20250912-HagerstownBallpark-1,f4f21f60-902a-11f0-8fb6-ad1606e43f24,83.94,5.18031,,6.07065,,,,1.90932,1.64979,-0.25383,914508f2-8afe-4bc3-bf51-c0b16b905d95,2025-09-12,22:51:09.71,2025-09-12T18:51:09.7110000-04:00,2025-09-12T22:51:09.7110000Z,GroundBall,v3,6089,586,,"Melfi, David",1000079653,Right,STA_YAN,9591f7ef-1487-42f8-81f9-1e4a4b0818ed,55.32567,-125.04338,11.14098,5.6431,-1.97379,-15.99991,2.4325,-6.52649,0.77634,,2.11302,132.45876,-20.32312,,,,,,,1.73336,15.04005,-16.46374,,,,,,,-0.23338,-70.8639,2.88003,,,,,,,,,,,,,,,,,,,,,,,,,,,,,High,High,High,High,High,,,
25,2025-09-12,18:51:43.30,2,1,"Kaminsky, Rob",641739,Left,STA_YAN,"Takacs, Aaron",1000235182,Left,HAG_FLY,Undefined,1,Bottom,0,0,0,Undefined,Changeup,BallCalled,Undefined,Undefined,Undefined,0,0,,87.56259,-0.407899,4.344091,2489.543409,77.668155,8:30,5.46636,-2.37966,5.48867,-40.11223,-2.39146,-17.24784,1.74098,0.25475,79.04057,-7.75049,1.277384,0.44204,,,,,,,,,,,,10.0613,-0.63614,2.01042,50,5.40362,-8.85032,-126.63293,-2.42288,16.07349,29.75902,-33.19032,HAG_FLY,STA_YAN,HagerstownBallpark,Independent,ATL,20250912-HagerstownBallpark-1,08edc8c0-902b-11f0-8fb6-ad1606e43f24,85.26929,,,8.52202,,,,,,,914508f2-8afe-4bc3-bf51-c0b16b905d95,2025-09-12,22:51:43.30,2025-09-12T18:51:43.3070000-04:00,2025-09-12T22:51:43.3070000Z,,v3,6089,586,,"Melfi, David",1000079653,Right,STA_YAN,27729e38-b412-4beb-aaf7-b4e7c519a2de,55.00858,-127.80454,14.87951,5.47329,-1.11619,-16.59516,2.37131,-9.48313,8.03675,,,,,,,,,,,,,,,,,,,,,,,,,,,,,,,,,,,,,,,,,,,,,,,,,,,High,High,High,,,,,
26,2025-09-12,18:51:59.70,2,2,"Kaminsky, Rob",641739,Left,STA_YAN,"Takacs, Aaron",1000235182,Left,HAG_FLY,Undefined,1,Bottom,0,1,0,Undefined,Changeup,InPlay,Undefined,LineDrive,Single,0,0,,87.01139,0.355521,4.01748,2412.552665,94.456493,9:15,5.37887,-2.41362,5.38657,-35.3864,2.49154,-15.90761,2.76406,0.03246,79.2239,-6.127861,1.19626,0.44296,90.54325,13.910674,-17.520104,2958.576699,102.43032,17.261,-40.09992,209.09308,209.09308,-25.293707,2.05512,9.1717,1.5041,2.06581,50,5.38574,-8.15501,-126.01904,-0.53012,14.68921,26.57929,-29.76509,HAG_FLY,STA_YAN,HagerstownBallpark,Independent,ATL,20250912-HagerstownBallpark-1,12b1efd0-902b-11f0-8fb6-ad1606e43f24,85.0922,17.25606,,7.78749,,,,0.24743,2.6304,0.05467,914508f2-8afe-4bc3-bf51-c0b16b905d95,2025-09-12,22:51:59.70,2025-09-12T18:51:59.7070000-04:00,2025-09-12T22:51:59.7070000Z,LineDrive,v3,6089,586,,"Melfi, David",1000079653,Right,STA_YAN,ac07c71d-a585-4628-9a5f-d9d2519a2203,55.11226,-127.09272,13.28965,5.38287,0.67225,-14.88255,2.40721,-8.74839,7.34461,105.08352,0.24743,122.92222,-21.52533,4.556,-1.01561,0.22341,-0.04539,0.00683,-0.00052,2.6304,31.92544,-18.91987,1.95291,-0.44195,0.10084,-0.01983,0.00307,-0.00024,0.05467,-38.80468,-3.44326,0.8363,-0.1951,0.04379,-0.0087,0.00131,-0.0001,,,,,,,,,,,,,,,,,,,,,,,High,High,High,Medium,High,,,
27,2025-09-12,18:52:41.85,3,1,"Kaminsky, Rob",641739,Left,STA_YAN,"Arbolida, Cary",812364,Right,HAG_FLY,Undefined,1,Bottom,0,0,0,Undefined,Sinker,BallCalled,Undefined,Undefined,Undefined,0,0,,90.15666,-1.224388,4.735795,2516.245308,97.050777,9:15,5.51707,-2.29332,5.42282,-32.16584,3.07957,-15.58489,1.68565,0.85387,82.35,-7.107868,1.972393,0.42729,,,,,,,,,,,,9.20178,2.23091,1.88351,50,5.38567,-10.10689,-130.45566,-4.02481,15.82653,27.946,-28.337,HAG_FLY,STA_YAN,HagerstownBallpark,Independent,ATL,20250912-HagerstownBallpark-1,2bdb9650-902b-11f0-8fb6-ad1606e43f24,88.21279,,,7.80666,,,,,,,914508f2-8afe-4bc3-bf51-c0b16b905d95,2025-09-12,22:52:41.85,2025-09-12T18:52:41.8520000-04:00,2025-09-12T22:52:41.8520000Z,,v3,6089,586,,"Melfi, David",1000079653,Right,STA_YAN,46142363-a193-4341-be7d-78e5151dd3ed,55.07615,-131.53857,13.973,5.52036,-2.92675,-14.1685,2.28704,-10.72017,7.91327,,,,,,,,,,,,,,,,,,,,,,,,,,,,,,,,,,,,,,,,,,,,,,,,,,,High,High,High,,,,,
28,2025-09-12,18:53:02.06,3,2,"Kaminsky, Rob",641739,Left,STA_YAN,"Arbolida, Cary",812364,Right,HAG_FLY,Undefined,1,Bottom,0,1,0,Undefined,Sinker,FoulBallNotFieldable,Undefined,Undefined,Undefined,0,0,,89.01602,0.724433,3.805635,2521.770238,86.273083,9:00,5.54665,-2.35701,5.40256,-36.05963,0.1311,-16.45922,3.22202,-0.15746,80.92923,-5.876929,0.88464,0.432982,92.72611,42.637943,61.164659,3938.313679,,,,,81.65922,,,9.40111,0.19437,2.0296,50,5.58598,-7.84037,-128.9454,0.25206,15.74511,28.12726,-31.84848,HAG_FLY,STA_YAN,HagerstownBallpark,Independent,ATL,20250912-HagerstownBallpark-1,37e20c40-902b-11f0-8fb6-ad1606e43f24,87.05307,69.94249,,8.0868,,,,0.80921,3.05575,0.14211,914508f2-8afe-4bc3-bf51-c0b16b905d95,2025-09-12,22:53:02.06,2025-09-12T18:53:02.0660000-04:00,2025-09-12T22:53:02.0660000Z,,v3,6089,586,,"Melfi, David",1000079653,Right,STA_YAN,e8f7e654-e329-4698-9f97-e54c05017109,55.09647,-130.05236,14.06363,5.5514,1.50546,-15.92424,2.35035,-8.46002,7.87256,,0.8092,48.25388,-20.957,6.38582,-2.0585,1.74114,-2.22176,1.62296,-0.46006,3.05575,92.11948,-25.06857,2.53709,-0.31442,-0.24917,0.5089,-0.40648,0.1198,0.14212,87.64166,-10.83537,1.71148,-0.19177,-0.06305,0.15321,-0.13133,0.04048,,,,,,,,,,,,,,,,,,,,,,,High,High,High,Medium,Undefined,,,
29,2025-09-12,18:53:27.73,3,3,"Kaminsky, Rob",641739,Left,STA_YAN,"Arbolida, Cary",812364,Right,HAG_FLY,Undefined,1,Bottom,0,1,1,Undefined,Sinker,InPlay,Undefined,FlyBall,Out,1,0,,89.41037,0.215948,3.953735,2538.525876,84.034788,8:45,5.69943,-2.32483,5.57963,-36.34994,-0.42252,-16.33119,2.87243,0.01257,80.73698,-6.468375,1.045453,0.431404,84.04783,30.318319,13.427889,3730.0659,105.1474,53.69784,32.31012,288.83655,283.07319,22.540399,4.231655,9.54099,0.06949,1.99545,50,5.69428,-8.22403,-129.43077,-0.87506,15.95867,30.53665,-32.05782,HAG_FLY,STA_YAN,HagerstownBallpark,Independent,ATL,20250912-HagerstownBallpark-1,472dc220-902b-11f0-8fb6-ad1606e43f24,87.3715,61.93108,,8.67339,,,,1.1629,2.87487,-0.01516,914508f2-8afe-4bc3-bf51-c0b16b905d95,2025-09-12,22:53:27.73,2025-09-12T18:53:27.7350000-04:00,2025-09-12T22:53:27.7350000Z,FlyBall,v3,6089,586,,"Melfi, David",1000079653,Right,STA_YAN,d5867f5a-4988-4ee5-b077-e0cc867a8be3,54.91858,-130.58605,15.26832,5.70444,0.33778,-16.02891,2.31801,-8.82779,7.97934,216.425689,1.16356,103.4853,-19.52708,4.43371,-0.88133,0.18066,-0.04447,0.00799,-0.00058,2.87551,62.21009,-17.91612,0.76698,0.18224,-0.17684,0.06397,-0.01053,0.00065,-0.01527,24.71785,2.54944,-1.28974,0.32099,-0.05065,0.00593,-0.00047,1E-05,,,,,,,,,,,,,,,,,,,,,,,High,High,High,High,High,,,
30,2025-09-12,18:54:16.06,4,1,"Kaminsky, Rob",641739,Left,STA_YAN,"Mattis, Gary",669013,Right,HAG_FLY,Undefined,1,Bottom,1,0,0,Undefined,Sinker,StrikeCalled,Undefined,Undefined,Undefined,0,0,,89.63134,-0.233696,4.074925,2483.741363,87.953133,9:00,5.67305,-2.44174,5.50221,-35.19561,0.56913,-19.1308,2.52096,-0.21839,81.16817,-6.694553,0.672501,0.430426,,,,,,,,,,,,10.85253,0.75465,2.09836,50,5.62909,-8.37251,-129.74423,-1.87514,18.30374,29.8192,-30.9013,HAG_FLY,STA_YAN,HagerstownBallpark,Independent,ATL,20250912-HagerstownBallpark-1,63e06850-902b-11f0-8fb6-ad1606e43f24,87.57001,,,8.46316,,,,,,,914508f2-8afe-4bc3-bf51-c0b16b905d95,2025-09-12,22:54:16.06,2025-09-12T18:54:16.0670000-04:00,2025-09-12T22:54:16.0670000Z,,v3,6089,586,,"Melfi, David",1000079653,Right,STA_YAN,2afe70a1-338c-4b54-9e4e-515658ea00e5,54.99551,-130.88731,14.9096,5.67826,-0.69058,-15.45065,2.43276,-9.07416,9.15187,,,,,,,,,,,,,,,,,,,,,,,,,,,,,,,,,,,,,,,,,,,,,,,,,,,High,High,High,,,,,
31,2025-09-12,18:54:34.65,4,2,"Kaminsky, Rob",641739,Left,STA_YAN,"Mattis, Gary",669013,Right,HAG_FLY,Undefined,1,Bottom,1,0,1,Undefined,Sinker,BallCalled,Undefined,Undefined,Undefined,0,0,,90.58584,0.111676,4.197986,2540.080659,101.073285,9:15,5.70144,-2.27397,5.49102,-30.06065,4.77528,-18.46296,3.30114,0.12155,82.32908,-5.426844,0.918278,0.424801,,,,,,,,,,,,10.47823,2.73343,1.9186,50,5.69106,-8.78156,-131.17165,-0.8772,18.18054,28.81849,-27.43132,HAG_FLY,STA_YAN,HagerstownBallpark,Independent,ATL,20250912-HagerstownBallpark-1,6f118ce0-902b-11f0-8fb6-ad1606e43f24,88.72973,,,8.25675,,,,,,,914508f2-8afe-4bc3-bf51-c0b16b905d95,2025-09-12,22:54:34.65,2025-09-12T18:54:34.6520000-04:00,2025-09-12T22:54:34.6520000Z,,v3,6089,586,,"Melfi, David",1000079653,Right,STA_YAN,312c72d6-d6e5-4469-9eea-3c51bbe7c8d5,55.00686,-132.26709,14.40924,5.70458,0.1655,-13.71566,2.26553,-9.47263,9.09027,,,,,,,,,,,,,,,,,,,,,,,,,,,,,,,,,,,,,,,,,,,,,,,,,,,High,High,High,,,,,
32,2025-09-12,18:54:55.21,4,3,"Kaminsky, Rob",641739,Left,STA_YAN,"Mattis, Gary",669013,Right,HAG_FLY,Undefined,1,Bottom,1,1,1,Undefined,Sinker,BallCalled,Undefined,Undefined,Undefined,0,0,,88.12445,-0.520567,5.893149,2544.169844,69.469145,8:15,5.41107,-2.43919,5.61533,-42.16388,-5.23134,-17.34812,1.40898,1.63465,80.16853,-8.208396,2.812515,0.437397,,,,,,,,,,,,10.60327,-2.15331,1.94602,50,5.339,-12.39624,-127.31134,-2.74123,17.25805,28.16403,-35.67882,HAG_FLY,STA_YAN,HagerstownBallpark,Independent,ATL,20250912-HagerstownBallpark-1,7b564450-902b-11f0-8fb6-ad1606e43f24,86.1744,,,7.95592,,,,,,,914508f2-8afe-4bc3-bf51-c0b16b905d95,2025-09-12,22:54:55.21,2025-09-12T18:54:55.2120000-04:00,2025-09-12T22:54:55.2120000Z,,v3,6089,586,,"Melfi, David",1000079653,Right,STA_YAN,8fe97ad0-82c4-47b6-9a75-552ce5a01e31,54.8848,-128.38742,14.08201,5.41769,-1.37804,-17.83941,2.43225,-13.05562,8.62903,,,,,,,,,,,,,,,,,,,,,,,,,,,,,,,,,,,,,,,,,,,,,,,,,,,High,High,High,,,,,
33,2025-09-12,18:55:12.75,4,4,"Kaminsky, Rob",641739,Left,STA_YAN,"Mattis, Gary",669013,Right,HAG_FLY,Undefined,1,Bottom,1,2,1,Undefined,Slider,InPlay,Undefined,FlyBall,Out,2,0,,85.68047,0.354722,2.941942,2574.6475,35.486797,7:15,5.5008,-2.19451,5.35828,-38.78388,0.04677,-0.81665,2.60191,0.49875,78.65102,-6.711653,2.797011,0.448496,78.27594,38.050852,11.925523,,104.57424,68.26933,34.12067,244.53086,240.3574,24.481278,4.447348,1.22268,0.24197,1.93059,50,5.50482,-6.35276,-124.28849,-0.66438,1.91448,24.67206,-31.79518,HAG_FLY,STA_YAN,HagerstownBallpark,Independent,ATL,20250912-HagerstownBallpark-1,85cc0820-902b-11f0-8fb6-ad1606e43f24,84.04186,72.55924,,7.02946,,,,1.59474,2.62049,-0.49298,914508f2-8afe-4bc3-bf51-c0b16b905d95,2025-09-12,22:55:12.75,2025-09-12T18:55:12.7570000-04:00,2025-09-12T22:55:12.7570000Z,FlyBall,v3,6089,586,,"Melfi, David",1000079653,Right,STA_YAN,9bd7f221-b525-4ef1-8622-83d7cc135259,55.14113,-125.30489,12.33603,5.50521,0.64546,-15.89759,2.19392,-6.43163,0.95724,215.075668,1.59758,88.38745,-20.08278,4.87838,-0.74886,0.02526,0.01039,-0.00087,-4E-05,2.62162,70.72635,-19.70951,0.6018,0.53394,-0.35192,0.10933,-0.01666,0.00098,-0.4936,18.69581,4.39427,-1.95131,0.53546,-0.10738,0.01762,-0.00224,0.00014,,,,,,,,,,,,,,,,,,,,,,,High,High,High,High,High,,,
34,2025-09-12,18:57:51.07,1,1,"Minaya, Julian",1000158661,Right,HAG_FLY,"Rodriguez, Cristhian",682725,Left,STA_YAN,Undefined,2,Top,0,0,0,Undefined,Four-Seam,BallCalled,Undefined,Undefined,Undefined,0,0,,89.20927,-1.20649,-0.990226,2307.380915,213.417917,1:00,6.16808,0.48908,6.05075,-18.13599,16.74044,10.31571,3.53957,0.43199,81.5286,-4.652447,0.867033,0.425048,,,,,,,,,,,,-5.55988,9.28241,-0.41737,50,6.06437,1.80672,-129.59232,-3.25457,-9.45322,27.13003,-16.39161,HAG_FLY,STA_YAN,HagerstownBallpark,Independent,ATL,20250912-HagerstownBallpark-1,e411f160-902b-11f0-8fb6-ad1606e43f24,88.67818,,,7.68067,,,,,,,914508f2-8afe-4bc3-bf51-c0b16b905d95,2025-09-12,22:57:51.07,2025-09-12T18:57:51.0740000-04:00,2025-09-12T22:57:51.0740000Z,,v3,6089,586,,"Black, Mark",691773,Right,HAG_FLY,48b30b23-b106-4472-a7b2-04adbf2e045d,54.44577,-130.51972,13.56501,6.16605,-2.69425,-8.1958,-0.48466,2.12986,-4.72661,,,,,,,,,,,,,,,,,,,,,,,,,,,,,,,,,,,,,,,,,,,,,,,,,,,High,High,High,,,,,
35,2025-09-12,18:58:05.78,1,2,"Minaya, Julian",1000158661,Right,HAG_FLY,"Rodriguez, Cristhian",682725,Left,STA_YAN,Undefined,2,Top,0,1,0,Undefined,Four-Seam,BallCalled,Undefined,Undefined,Undefined,0,0,,88.97826,0.017052,-1.47256,2236.828702,219.298958,1:15,5.99998,0.67142,5.92964,-16.98379,18.48351,14.1493,4.6005,0.48398,80.61086,-3.241345,1.067879,0.428633,,,,,,,,,,,,-7.64713,9.79882,-0.56155,50,5.99173,2.71211,-129.14929,-0.43547,-12.81724,28.81465,-15.75039,HAG_FLY,STA_YAN,HagerstownBallpark,Independent,ATL,20250912-HagerstownBallpark-1,eccdd030-902b-11f0-8fb6-ad1606e43f24,87.93642,,,8.3674,,,,,,,914508f2-8afe-4bc3-bf51-c0b16b905d95,2025-09-12,22:58:05.78,2025-09-12T18:58:05.7800000-04:00,2025-09-12T22:58:05.7800000Z,,v3,6089,586,,"Black, Mark",691773,Right,HAG_FLY,9998fc7f-83d5-4410-be80-566f14480a43,54.56614,-130.16406,14.40732,5.9973,0.11921,-7.8752,-0.66501,3.1635,-6.40862,,,,,,,,,,,,,,,,,,,,,,,,,,,,,,,,,,,,,,,,,,,,,,,,,,,High,High,High,,,,,
36,2025-09-12,18:58:22.81,1,3,"Minaya, Julian",1000158661,Right,HAG_FLY,"Rodriguez, Cristhian",682725,Left,STA_YAN,Undefined,2,Top,0,2,0,Undefined,Four-Seam,BallCalled,Undefined,Undefined,Undefined,0,0,,88.42981,-1.569699,-0.238907,2269.933879,212.042778,1:00,6.12333,0.66503,6.00223,-18.13119,17.6608,10.2976,3.15763,1.3018,80.3672,-5.02542,1.613577,0.43059,,,,,,,,,,,,-5.33114,9.88949,-0.65166,50,5.98993,0.10076,-128.3596,-4.03127,-8.83291,28.28548,-15.78871,HAG_FLY,STA_YAN,HagerstownBallpark,Independent,ATL,20250912-HagerstownBallpark-1,f71223c0-902b-11f0-8fb6-ad1606e43f24,87.53666,,,8.06261,,,,,,,914508f2-8afe-4bc3-bf51-c0b16b905d95,2025-09-12,22:58:22.81,2025-09-12T18:58:22.8180000-04:00,2025-09-12T22:58:22.8180000Z,,v3,6089,586,,"Black, Mark",691773,Right,HAG_FLY,485686a1-5dcf-4ef8-9411-6fb6cbbefa14,54.49323,-129.34595,14.14274,6.12091,-3.48071,-7.89436,-0.66054,0.40877,-4.41645,,,,,,,,,,,,,,,,,,,,,,,,,,,,,,,,,,,,,,,,,,,,,,,,,,,High,High,High,,,,,
37,2025-09-12,18:58:40.16,1,4,"Minaya, Julian",1000158661,Right,HAG_FLY,"Rodriguez, Cristhian",682725,Left,STA_YAN,Undefined,2,Top,0,3,0,Undefined,Sinker,BallCalled,Walk,Undefined,Undefined,0,0,,87.26965,-0.438247,-2.473761,2206.813734,226.672943,1:30,6.08738,0.74666,6.14855,-20.95922,15.63595,15.25965,3.93546,-0.26885,79.14335,-4.427528,0.276037,0.435395,,,,,,,,,,,,-8.57717,8.56768,-0.5658,50,6.04319,4.84644,-126.64391,-1.56836,-13.82405,27.70119,-18.36527,HAG_FLY,STA_YAN,HagerstownBallpark,Independent,ATL,20250912-HagerstownBallpark-1,016b10c0-902c-11f0-8fb6-ad1606e43f24,86.57071,,,8.12629,,,,,,,914508f2-8afe-4bc3-bf51-c0b16b905d95,2025-09-12,22:58:40.16,2025-09-12T18:58:40.1690000-04:00,2025-09-12T22:58:40.1690000Z,,v3,6089,586,,"Black, Mark",691773,Right,HAG_FLY,fa17396b-57e9-4ce9-bf2d-6c8c0d15abbd,54.34755,-127.59132,13.85059,6.08608,-0.94025,-9.18264,-0.73964,5.31924,-6.91202,,,,,,,,,,,,,,,,,,,,,,,,,,,,,,,,,,,,,,,,,,,,,,,,,,,High,High,High,,,,,
38,2025-09-12,18:59:16.99,2,1,"Minaya, Julian",1000158661,Right,HAG_FLY,"Melfi, David",1000079653,Right,STA_YAN,Undefined,2,Top,0,0,0,Undefined,Four-Seam,BallCalled,Undefined,Undefined,Undefined,0,0,,87.86663,-3.398792,-1.477952,2274.580213,212.349445,1:00,6.06118,0.71345,6.08222,-19.38418,16.76328,9.85205,1.29672,0.16684,80.24823,-7.061274,0.297424,0.432723,,,,,,,,,,,,-5.53418,10.0091,-0.60457,50,5.78813,2.89302,-127.41294,-8.13067,-9.05753,27.25086,-15.79258,HAG_FLY,STA_YAN,HagerstownBallpark,Independent,ATL,20250912-HagerstownBallpark-1,17606740-902c-11f0-8fb6-ad1606e43f24,87.10517,,,7.6184,,,,,,,914508f2-8afe-4bc3-bf51-c0b16b905d95,2025-09-12,22:59:16.99,2025-09-12T18:59:16.9920000-04:00,2025-09-12T22:59:16.9920000Z,,v3,6089,586,,"Black, Mark",691773,Right,HAG_FLY,f7cc5d38-d6c4-4ec0-897c-be41e75f96f4,54.41558,-128.35386,13.62543,6.05945,-7.58538,-7.89629,-0.70986,3.20576,-4.52876,,,,,,,,,,,,,,,,,,,,,,,,,,,,,,,,,,,,,,,,,,,,,,,,,,,High,High,High,,,,,
39,2025-09-12,18:59:36.05,2,2,"Minaya, Julian",1000158661,Right,HAG_FLY,"Melfi, David",1000079653,Right,STA_YAN,Undefined,2,Top,0,1,0,Undefined,Four-Seam,BallCalled,Undefined,Undefined,Undefined,0,0,,88.21175,0.182641,-1.049542,2241.172694,213.867045,1:15,6.06311,1.00243,5.97359,-19.59635,16.28143,10.14678,4.59942,0.87492,80.261,-3.540675,0.774084,0.431106,,,,,,,,,,,,-5.4741,8.64012,-0.9248,50,6.06663,1.91754,-128.10282,-0.16777,-9.06545,27.3029,-17.86541,HAG_FLY,STA_YAN,HagerstownBallpark,Independent,ATL,20250912-HagerstownBallpark-1,229ed240-902c-11f0-8fb6-ad1606e43f24,87.43193,,,7.95074,,,,,,,914508f2-8afe-4bc3-bf51-c0b16b905d95,2025-09-12,22:59:36.05,2025-09-12T18:59:36.0580000-04:00,2025-09-12T22:59:36.0580000Z,,v3,6089,586,,"Black, Mark",691773,Right,HAG_FLY,5b385f6a-abd7-4e35-a2df-abea3c907d88,54.52209,-129.06303,13.65145,6.06148,0.46054,-8.9327,-0.99784,2.23636,-4.53273,,,,,,,,,,,,,,,,,,,,,,,,,,,,,,,,,,,,,,,,,,,,,,,,,,,High,High,High,,,,,
40,2025-09-12,18:59:57.36,2,3,"Minaya, Julian",1000158661,Right,HAG_FLY,"Melfi, David",1000079653,Right,STA_YAN,Undefined,2,Top,0,2,0,Undefined,Sinker,BallCalled,Undefined,Undefined,Undefined,0,0,,86.80147,-0.771308,-1.856041,2129.05136,225.699981,1:30,6.13877,0.86202,6.11048,-20.91308,15.89233,15.07524,3.6824,0.40151,79.23732,-4.734991,0.860222,0.436644,,,,,,,,,,,,-8.26162,8.76871,-0.72708,50,6.06852,3.47331,-126.07522,-2.30085,-13.27809,25.97726,-18.08092,HAG_FLY,STA_YAN,HagerstownBallpark,Independent,ATL,20250912-HagerstownBallpark-1,2f525110-902c-11f0-8fb6-ad1606e43f24,86.32306,,,7.56415,,,,,,,914508f2-8afe-4bc3-bf51-c0b16b905d95,2025-09-12,22:59:57.36,2025-09-12T18:59:57.3620000-04:00,2025-09-12T22:59:57.3620000Z,,v3,6089,586,,"Black, Mark",691773,Right,HAG_FLY,50aa8218-2678-4a9d-9dc4-fb684828f7aa,54.38642,-126.97581,12.98863,6.13742,-1.67402,-9.04046,-0.85547,3.93364,-6.63905,,,,,,,,,,,,,,,,,,,,,,,,,,,,,,,,,,,,,,,,,,,,,,,,,,,High,High,High,,,,,
41,2025-09-12,19:00:16.12,2,4,"Minaya, Julian",1000158661,Right,HAG_FLY,"Melfi, David",1000079653,Right,STA_YAN,Undefined,2,Top,0,3,0,Undefined,Four-Seam,StrikeCalled,Undefined,Undefined,Undefined,0,0,,88.03679,-2.583406,-1.64873,2213.15002,212.095474,1:00,6.02302,0.9193,5.98599,-18.36084,17.77938,10.38678,2.09597,0.25636,80.18926,-6.070406,0.218846,0.43268,,,,,,,,,,,,-5.81866,10.25666,-0.7949,50,5.80889,3.24663,-127.69472,-6.29056,-9.55646,27.59837,-15.32875,HAG_FLY,STA_YAN,HagerstownBallpark,Independent,ATL,20250912-HagerstownBallpark-1,3a9aa720-902c-11f0-8fb6-ad1606e43f24,87.11393,,,7.84754,,,,,,,914508f2-8afe-4bc3-bf51-c0b16b905d95,2025-09-12,23:00:16.12,2025-09-12T19:00:16.1220000-04:00,2025-09-12T23:00:16.1220000Z,,v3,6089,586,,"Black, Mark",691773,Right,HAG_FLY,07dffdd5-0f30-4f81-8219-743c71b5a10f,54.51082,-128.66594,13.79918,6.02077,-5.75112,-7.66437,-0.91507,3.58293,-4.77823,,,,,,,,,,,,,,,,,,,,,,,,,,,,,,,,,,,,,,,,,,,,,,,,,,,High,High,High,,,,,
42,2025-09-12,19:00:34.04,2,5,"Minaya, Julian",1000158661,Right,HAG_FLY,"Melfi, David",1000079653,Right,STA_YAN,Undefined,2,Top,0,3,1,Undefined,Four-Seam,FoulBallNotFieldable,Undefined,Undefined,Undefined,0,0,,86.71756,-2.171455,-1.576856,2190.281713,214.291087,1:15,6.05463,1.03798,5.82575,-20.77785,16.55229,10.45859,2.30278,0.44328,79.26311,-6.080098,0.298288,0.439745,73.27739,30.157933,172.507771,3734.566426,,,,,46.24809,,,-5.77803,9.43252,-0.91532,50,5.86489,3.02904,-125.82799,-5.40368,-9.24937,25.89473,-17.07465,HAG_FLY,STA_YAN,HagerstownBallpark,Independent,ATL,20250912-HagerstownBallpark-1,45473260-902c-11f0-8fb6-ad1606e43f24,85.71424,24.70997,,7.45445,,,,1.58764,2.34515,-0.43713,914508f2-8afe-4bc3-bf51-c0b16b905d95,2025-09-12,23:00:34.04,2025-09-12T19:00:34.0420000-04:00,2025-09-12T23:00:34.0420000Z,,v3,6089,586,,"Black, Mark",691773,Right,HAG_FLY,ea2762dd-22e7-4100-a7be-fe8b5ffcaa4c,54.67108,-126.78562,12.94737,6.05305,-4.77222,-8.53733,-1.03367,3.3711,-4.62469,315.8516,1.58764,-92.13281,5.53688,-0.02129,0.00225,0.01952,-0.00069,-0.00406,0.00202,2.34515,53.99302,-23.797,2.35934,-0.46015,0.09936,-0.0202,0.00907,-0.00332,-0.43713,12.1168,-5.06072,0.4533,-0.09305,0.00725,-0.00148,0.00136,-0.00051,,,,,,,,,,,,,,,,,,,,,,,High,High,High,High,Undefined,,,
43,2025-09-12,19:01:13.74,2,6,"Minaya, Julian",1000158661,Right,HAG_FLY,"Melfi, David",1000079653,Right,STA_YAN,Undefined,2,Top,0,3,2,Undefined,Changeup,FoulBallNotFieldable,Undefined,Undefined,Undefined,0,0,,86.78983,-2.670234,-2.596331,2147.182436,233.359253,1:45,5.97411,1.01539,5.88482,-25.06348,12.34678,14.89064,1.40159,-0.1563,79.12015,-7.347604,0.076113,0.440217,85.54453,-40.837397,-93.636588,,,,,2.02527,2.02527,-46.675397,0.01718,-8.42567,7.49197,-0.81461,50,5.74401,5.09767,-125.79614,-6.67014,-13.41233,27.0904,-20.24804,HAG_FLY,STA_YAN,HagerstownBallpark,Independent,ATL,20250912-HagerstownBallpark-1,5cf75840-902c-11f0-8fb6-ad1606e43f24,85.62245,1.41145,,7.66968,,,,1.49318,1.41145,0.1564,914508f2-8afe-4bc3-bf51-c0b16b905d95,2025-09-12,23:01:13.74,2025-09-12T19:01:13.7480000-04:00,2025-09-12T23:01:13.7480000Z,GroundBall,v3,6089,586,,"Black, Mark",691773,Right,HAG_FLY,605804cf-e90f-4ecd-b9d5-47714e0910ff,54.61318,-126.78571,13.5452,5.97415,-5.93052,-10.12402,-1.00977,5.5876,-6.70616,,1.4932,-6.02906,,,,,,,,1.41177,-82.15655,,,,,,,,0.15676,-94.86239,,,,,,,,,,,,,,,,,,,,,,,,,,,,,,High,High,High,Estimated,Estimated,,,
44,2025-09-12,19:01:43.91,2,7,"Minaya, Julian",1000158661,Right,HAG_FLY,"Melfi, David",1000079653,Right,STA_YAN,Undefined,2,Top,0,3,2,Undefined,Four-Seam,BallCalled,Walk,Undefined,Undefined,0,0,,89.73198,-3.277775,-3.58199,2239.294771,216.187856,1:15,5.99865,0.92585,6.162,-19.77446,15.14249,10.15957,1.31369,-1.54071,81.26376,-7.02771,-1.753088,0.425294,,,,,,,,,,,,-6.31937,9.20619,-0.65871,50,5.73926,7.69557,-129.80742,-8.02427,-10.65944,30.0625,-16.64514,HAG_FLY,STA_YAN,HagerstownBallpark,Independent,ATL,20250912-HagerstownBallpark-1,6eee09e0-902c-11f0-8fb6-ad1606e43f24,88.62674,,,8.46823,,,,,,,914508f2-8afe-4bc3-bf51-c0b16b905d95,2025-09-12,23:01:43.91,2025-09-12T19:01:43.9170000-04:00,2025-09-12T23:01:43.9170000Z,,v3,6089,586,,"Black, Mark",691773,Right,HAG_FLY,2200e709-3487-4718-82f9-8c50ca090251,54.33263,-130.80698,15.03125,5.99685,-7.47083,-8.32257,-0.92048,8.04999,-5.32972,,,,,,,,,,,,,,,,,,,,,,,,,,,,,,,,,,,,,,,,,,,,,,,,,,,High,High,High,,,,,
45,2025-09-12,19:03:17.61,3,1,"Minaya, Julian",1000158661,Right,HAG_FLY,"Johnson, Kolby",815259,Right,STA_YAN,Undefined,2,Top,0,0,0,Undefined,Four-Seam,StrikeCalled,Undefined,Undefined,Undefined,0,0,,89.67351,-3.133424,-2.30754,2291.070911,211.758137,1:00,6.06769,0.81599,6.10767,-17.94631,17.02989,9.76083,1.66945,-0.50555,81.1314,-6.557661,-0.549356,0.425655,,,,,,,,,,,,-5.75937,10.14335,-0.64375,50,5.81737,4.82684,-129.88787,-7.62338,-9.71257,30.46829,-15.06829,HAG_FLY,STA_YAN,HagerstownBallpark,Independent,ATL,20250912-HagerstownBallpark-1,a6cae180-902c-11f0-8fb6-ad1606e43f24,88.55161,,,8.54211,,,,,,,914508f2-8afe-4bc3-bf51-c0b16b905d95,2025-09-12,23:03:17.61,2025-09-12T19:03:17.6160000-04:00,2025-09-12T23:03:17.6160000Z,,v3,6089,586,,"Black, Mark",691773,Right,HAG_FLY,f71e71cb-6cf8-471b-901a-f3b3a9e53a6a,54.38825,-130.91319,15.23414,6.06538,-7.1163,-7.53414,-0.81168,5.15368,-4.85629,,,,,,,,,,,,,,,,,,,,,,,,,,,,,,,,,,,,,,,,,,,,,,,,,,,High,High,High,,,,,
46,2025-09-12,19:03:35.53,3,2,"Minaya, Julian",1000158661,Right,HAG_FLY,"Johnson, Kolby",815259,Right,STA_YAN,Undefined,2,Top,0,0,1,Undefined,Four-Seam,InPlay,Undefined,Bunt,Single,0,0,,89.93928,-3.13451,-0.601134,2301.713509,207.774835,1:00,6.11017,0.72712,5.87663,-15.97505,18.94103,9.33272,1.86473,0.94653,81.62571,-6.184851,1.073985,0.425289,49.99525,-59.900725,-116.336154,,,,,3.298,3.298,-36.913153,0.032159,-4.99937,11.04233,-0.68415,50,5.84767,0.97639,-130.38578,-7.59925,-8.52078,29.95781,-13.35385,HAG_FLY,STA_YAN,HagerstownBallpark,Independent,ATL,20250912-HagerstownBallpark-1,b17067e0-902c-11f0-8fb6-ad1606e43f24,88.62783,2.05234,,8.31357,,,,3.16468,2.05234,-0.9146,914508f2-8afe-4bc3-bf51-c0b16b905d95,2025-09-12,23:03:35.53,2025-09-12T19:03:35.5350000-04:00,2025-09-12T23:03:35.5350000Z,GroundBall,v3,6089,586,,"Black, Mark",691773,Right,HAG_FLY,86a6a229-8428-445f-b676-8527d92cac93,54.62107,-131.44324,14.97891,6.10759,-7.12788,-6.67692,-0.72392,1.27716,-4.26039,,3.16518,-16.41158,,,,,,,,2.0543,-63.81861,,,,,,,,-0.91358,-33.15362,,,,,,,,,,,,,,,,,,,,,,,,,,,,,,High,High,High,Estimated,Estimated,,,
47,2025-09-12,19:04:25.25,4,1,"Minaya, Julian",1000158661,Right,HAG_FLY,"Diaz, Eddy",677647,Right,STA_YAN,Undefined,2,Top,0,0,0,Undefined,Four-Seam,BallCalled,Undefined,Undefined,Undefined,0,0,,88.89535,-0.897897,-1.741575,2173.045504,204.361436,12:45,6.11619,0.72715,6.13767,-16.2719,19.21387,8.12386,3.92994,-0.20588,80.11821,-4.048801,-0.277526,0.428745,,,,,,,,,,,,-4.71835,10.55064,-0.59826,50,6.03917,3.57831,-128.942,-2.43925,-7.83262,30.30655,-14.65963,HAG_FLY,STA_YAN,HagerstownBallpark,Independent,ATL,20250912-HagerstownBallpark-1,cef970e0-902c-11f0-8fb6-ad1606e43f24,87.91349,,,8.77714,,,,,,,914508f2-8afe-4bc3-bf51-c0b16b905d95,2025-09-12,23:04:25.25,2025-09-12T19:04:25.2540000-04:00,2025-09-12T23:04:25.2540000Z,,v3,6089,586,,"Black, Mark",691773,Right,HAG_FLY,6037aeb4-e8e9-4b31-aff8-bc59709feaf4,54.35657,-129.96194,15.15328,6.11296,-1.9459,-7.32981,-0.72312,3.8419,-3.91631,,,,,,,,,,,,,,,,,,,,,,,,,,,,,,,,,,,,,,,,,,,,,,,,,,,High,High,High,,,,,
48,2025-09-12,19:04:43.65,4,2,"Minaya, Julian",1000158661,Right,HAG_FLY,"Diaz, Eddy",677647,Right,STA_YAN,Undefined,2,Top,0,1,0,Undefined,Four-Seam,BallCalled,Undefined,Undefined,Undefined,0,0,,89.38631,-3.598642,-2.395611,2313.279532,220.766545,1:15,6.10776,0.88759,5.77078,-18.12206,17.45406,13.96434,1.24142,-0.17932,81.14295,-7.02553,0.104245,0.42929,,,,,,,,,,,,-7.87473,10.37316,-0.69819,50,5.799,4.81655,-129.3953,-8.69536,-13.22554,29.36744,-14.75244,HAG_FLY,STA_YAN,HagerstownBallpark,Independent,ATL,20250912-HagerstownBallpark-1,da0bc2d0-902c-11f0-8fb6-ad1606e43f24,87.8018,,,8.24336,,,,,,,914508f2-8afe-4bc3-bf51-c0b16b905d95,2025-09-12,23:04:43.65,2025-09-12T19:04:43.6520000-04:00,2025-09-12T23:04:43.6520000Z,,v3,6089,586,,"Black, Mark",691773,Right,HAG_FLY,bd4150d0-3c4a-4abe-b784-94126ed75b01,54.72659,-130.46364,14.68372,6.10556,-8.15869,-7.37622,-0.88216,5.29767,-6.61277,,,,,,,,,,,,,,,,,,,,,,,,,,,,,,,,,,,,,,,,,,,,,,,,,,,High,High,High,,,,,
49,2025-09-12,19:05:04.72,4,3,"Minaya, Julian",1000158661,Right,HAG_FLY,"Diaz, Eddy",677647,Right,STA_YAN,Undefined,2,Top,0,2,0,Undefined,Four-Seam,BallCalled,Undefined,Undefined,Undefined,0,0,,89.30631,-4.2765,-2.504182,2279.054958,217.117779,1:15,6.02381,0.81021,5.91765,-19.02379,16.56883,11.56414,0.45864,-0.55152,80.97051,-7.867958,-0.4282,0.42939,,,,,,,,,,,,-6.73276,10.21745,-0.61624,50,5.66974,5.16378,-129.15722,-10.238,-11.23514,29.94119,-15.12393,HAG_FLY,STA_YAN,HagerstownBallpark,Independent,ATL,20250912-HagerstownBallpark-1,e69dd6f0-902c-11f0-8fb6-ad1606e43f24,87.78146,,,8.3358,,,,,,,914508f2-8afe-4bc3-bf51-c0b16b905d95,2025-09-12,23:05:04.72,2025-09-12T19:05:04.7280000-04:00,2025-09-12T23:05:04.7280000Z,,v3,6089,586,,"Black, Mark",691773,Right,HAG_FLY,9e7fe099-611f-487a-9fbd-d415139061b0,54.57927,-130.21445,14.97059,6.02182,-9.70396,-7.56197,-0.80558,5.5605,-5.61757,,,,,,,,,,,,,,,,,,,,,,,,,,,,,,,,,,,,,,,,,,,,,,,,,,,High,High,High,,,,,
50,2025-09-12,19:05:26.26,4,4,"Minaya, Julian",1000158661,Right,HAG_FLY,"Diaz, Eddy",677647,Right,STA_YAN,Undefined,2,Top,0,3,0,Undefined,Four-Seam,StrikeCalled,Undefined,Undefined,Undefined,0,0,,88.11284,-1.39754,-1.182059,2226.504394,217.652039,1:15,6.06924,0.93275,5.86876,-20.06871,16.343,11.61741,3.09818,0.80273,79.69642,-5.206443,0.902537,0.434302,,,,,,,,,,,,-6.26331,9.15367,-0.84361,50,5.94456,2.13627,-127.79202,-3.71819,-10.23749,29.18013,-17.21218,HAG_FLY,STA_YAN,HagerstownBallpark,Independent,ATL,20250912-HagerstownBallpark-1,f35d8ac0-902c-11f0-8fb6-ad1606e43f24,86.78853,,,8.41642,,,,,,,914508f2-8afe-4bc3-bf51-c0b16b905d95,2025-09-12,23:05:26.26,2025-09-12T19:05:26.2690000-04:00,2025-09-12T23:05:26.2690000Z,,v3,6089,586,,"Black, Mark",691773,Right,HAG_FLY,37121ad5-17db-4cec-b112-873eb1fb8fb4,54.62592,-128.84398,14.59007,6.06742,-3.09768,-8.60609,-0.92727,2.50533,-5.11874,,,,,,,,,,,,,,,,,,,,,,,,,,,,,,,,,,,,,,,,,,,,,,,,,,,High,High,High,,,,,
51,2025-09-12,19:05:46.27,4,5,"Minaya, Julian",1000158661,Right,HAG_FLY,"Diaz, Eddy",677647,Right,STA_YAN,Undefined,2,Top,0,3,1,Undefined,Four-Seam,InPlay,Undefined,LineDrive,Double,0,2,,89.31245,-2.187217,-1.889975,2213.616992,205.727797,12:45,6.08208,0.80472,6.05982,-16.65402,18.52316,8.33004,2.66781,-0.25098,80.88412,-5.383399,-0.390815,0.426876,96.74053,24.601377,-12.892288,2596.730371,107.18636,47.41535,-24.71986,354.31866,354.31866,-16.626092,4.545606,-4.88681,10.58949,-0.66246,50,5.90335,3.92939,-129.52184,-5.40763,-8.21191,29.77576,-14.37928,HAG_FLY,STA_YAN,HagerstownBallpark,Independent,ATL,20250912-HagerstownBallpark-1,ff62a120-902c-11f0-8fb6-ad1606e43f24,88.29829,65.07438,,8.42833,,,,1.98654,2.71764,0.25476,914508f2-8afe-4bc3-bf51-c0b16b905d95,2025-09-12,23:05:46.27,2025-09-12T19:05:46.2790000-04:00,2025-09-12T23:05:46.2790000Z,LineDrive,v3,6089,586,,"Black, Mark",691773,Right,HAG_FLY,43a7f39d-012d-4e69-9f98-9efa17abca3c,54.43683,-130.53784,14.88788,6.0795,-4.91699,-7.18964,-0.80132,4.2096,-4.10595,178.731586,1.98709,125.74369,-24.96838,6.03841,-1.27551,0.24441,-0.04262,0.00551,-0.00033,2.71868,59.03918,-13.84618,-0.81878,0.75546,-0.31887,0.0834,-0.01158,0.00064,0.25445,-28.77569,5.37555,-2.23104,0.63322,-0.13256,0.02006,-0.00197,9E-05,,,,,,,,,,,,,,,,,,,,,,,High,High,High,High,High,,,
52,2025-09-12,19:06:44.26,5,1,"Minaya, Julian",1000158661,Right,HAG_FLY,"Contreras, Mark",676628,Left,STA_YAN,Undefined,2,Top,0,0,0,Undefined,Four-Seam,InPlay,Undefined,GroundBall,Single,0,2,,89.45789,-2.670638,-1.439283,2247.343798,218.929209,1:15,6.13451,0.74004,5.73851,-19.26296,15.73143,11.84044,2.03993,0.38628,82.27543,-6.274524,0.680501,0.425766,97.7206,-6.697601,6.691067,,,,,18.04367,17.61639,4.164122,0.119817,-6.44414,9.06032,-0.62776,50,5.90034,2.76209,-129.85869,-6.67802,-11.05554,25.99901,-16.63024,HAG_FLY,STA_YAN,HagerstownBallpark,Independent,ATL,20250912-HagerstownBallpark-1,21ef14d0-902d-11f0-8fb6-ad1606e43f24,88.52862,2.02447,,7.18247,,,,1.31219,2.02447,-0.45454,914508f2-8afe-4bc3-bf51-c0b16b905d95,2025-09-12,23:06:44.26,2025-09-12T19:06:44.2690000-04:00,2025-09-12T23:06:44.2690000Z,GroundBall,v3,6089,586,,"Black, Mark",691773,Right,HAG_FLY,046538c1-7395-4ce8-8a15-20c89ba2bf5a,54.76046,-130.80831,12.99951,6.13316,-6.0706,-8.31512,-0.73602,3.1659,-5.52777,132.476712,1.31238,141.35491,-17.63751,,,,,,,2.0243,-16.69743,-1.63762,,,,,,,-0.45423,16.55154,-15.25505,,,,,,,,,,,,,,,,,,,,,,,,,,,,,High,High,High,High,High,,,
53,2025-09-12,19:07:24.38,6,1,"Minaya, Julian",1000158661,Right,HAG_FLY,"Dearden, Tyler",676280,Left,STA_YAN,Undefined,2,Top,0,0,0,Undefined,Changeup,BallCalled,Undefined,Undefined,Undefined,0,0,,80.40947,-1.997736,-2.729633,1646.941872,251.521483,2:30,5.8704,1.47121,5.62097,-36.19045,8.03808,19.35548,0.98738,0.53496,73.14532,-8.667325,0.730234,0.478655,,,,,,,,,,,,-10.69788,5.14937,-1.25118,50,5.67673,4.79388,-116.49073,-5.23536,-14.52015,24.38322,-25.18483,HAG_FLY,STA_YAN,HagerstownBallpark,Independent,ATL,20250912-HagerstownBallpark-1,39ddf160-902d-11f0-8fb6-ad1606e43f24,78.74654,,,7.26415,,,,,,,914508f2-8afe-4bc3-bf51-c0b16b905d95,2025-09-12,23:07:24.38,2025-09-12T19:07:24.3860000-04:00,2025-09-12T23:07:24.3860000Z,,v3,6089,586,,"Black, Mark",691773,Right,HAG_FLY,c6992b58-44fb-436c-a47d-e95d91e8aa4b,54.8769,-117.5071,12.19161,5.87307,-4.18558,-12.59242,-1.46362,5.39913,-7.26008,,,,,,,,,,,,,,,,,,,,,,,,,,,,,,,,,,,,,,,,,,,,,,,,,,,High,High,High,,,,,
54,2025-09-12,19:07:40.88,6,2,"Minaya, Julian",1000158661,Right,HAG_FLY,"Dearden, Tyler",676280,Left,STA_YAN,Undefined,2,Top,0,1,0,Undefined,Four-Seam,InPlay,Undefined,FlyBall,Out,1,0,,87.0725,-1.413887,-1.469954,2209.058245,222.701509,1:30,6.07192,0.84594,5.91034,-21.04458,16.23446,13.75245,3.00522,0.62735,78.68252,-5.407233,0.999535,0.439444,95.74967,38.413776,-2.215229,3768.510385,109.07314,84.06204,-14.24951,335.23148,259.58412,-14.485901,5.699649,-7.52477,9.15469,-0.73594,50,5.94665,2.67261,-126.29333,-3.74353,-11.98746,28.996,-17.59003,HAG_FLY,STA_YAN,HagerstownBallpark,Independent,ATL,20250912-HagerstownBallpark-1,43b3f2c0-902d-11f0-8fb6-ad1606e43f24,85.77297,114.18343,,8.38998,,,,1.52386,3.67907,-1.38427,914508f2-8afe-4bc3-bf51-c0b16b905d95,2025-09-12,23:07:40.88,2025-09-12T19:07:40.8850000-04:00,2025-09-12T23:07:40.8850000Z,FlyBall,v3,6089,586,,"Black, Mark",691773,Right,HAG_FLY,d6bd5cee-04b8-40ae-95f7-d2b3a4fcd721,54.58613,-127.34192,14.498,6.07053,-3.10742,-8.79501,-0.84043,3.10612,-5.99373,,1.53196,109.79741,-24.67563,5.45614,-0.60175,-0.06346,0.03205,-0.00405,0.00018,3.67439,87.32994,-19.659,1.29278,-0.20045,0.01468,0.00656,-0.00163,0.0001,-1.38182,-4.30383,-7.06713,2.22232,-0.36184,0.00605,0.00864,-0.00134,6E-05,,,,,,,,,,,,,,,,,,,,,,,High,High,High,Medium,Medium,,,
55,2025-09-12,19:08:29.63,7,1,"Minaya, Julian",1000158661,Right,HAG_FLY,"Brown, Vaun",673901,Right,STA_YAN,Undefined,2,Top,1,0,0,Undefined,Four-Seam,FoulBallNotFieldable,Undefined,Undefined,Undefined,0,0,,88.66823,-2.489678,-1.275045,2258.680903,212.272004,1:00,6.0495,0.80254,5.90728,-19.71119,15.8856,9.30154,2.09396,0.39397,81.07114,-6.201595,0.395553,0.429415,80.43088,49.551393,43.741061,5647.434701,64.10841,98.65836,89.38739,218.95466,87.46339,61.030997,5.128631,-5.15351,9.20646,-0.70562,50,5.83832,2.48059,-128.68369,-6.20072,-8.62415,27.20352,-16.76744,HAG_FLY,STA_YAN,HagerstownBallpark,Independent,ATL,20250912-HagerstownBallpark-1,60c55ac0-902d-11f0-8fb6-ad1606e43f24,87.77631,100.63222,,7.59709,,,,1.53398,2.3569,-0.61662,914508f2-8afe-4bc3-bf51-c0b16b905d95,2025-09-12,23:08:29.63,2025-09-12T19:08:29.6370000-04:00,2025-09-12T23:08:29.6370000Z,FlyBall,v3,6089,586,,"Black, Mark",691773,Right,HAG_FLY,affad994-06d8-4290-b17f-8d3342a90b79,54.59079,-129.65054,13.60176,6.04811,-5.60478,-8.38372,-0.79923,2.78711,-4.31208,,1.55657,54.79218,-18.26082,2.57035,1.70523,-1.19294,0.32354,-0.04133,0.00205,2.34314,90.01582,-25.29087,3.34855,-0.9048,0.17021,-0.00378,-0.00336,0.00032,-0.62052,52.97881,-5.31745,0.639,-0.01219,-0.03897,0.01678,-0.00292,0.00018,,,,,,,,,,,,,,,,,,,,,,,High,High,High,High,Low,,,
56,2025-09-12,19:08:54.96,7,2,"Minaya, Julian",1000158661,Right,HAG_FLY,"Brown, Vaun",673901,Right,STA_YAN,Undefined,2,Top,1,0,1,Undefined,Four-Seam,BallCalled,Undefined,Undefined,Undefined,0,0,,86.38491,-0.826568,-2.307921,2101.0657,210.499685,1:00,6.24806,0.77831,5.75113,-21.03808,16.47875,9.02827,3.72474,-0.619,79.21376,-4.778361,-0.693223,0.440844,,,,,,,,,,,,-5.19744,8.9604,-0.59219,50,6.16661,4.67659,-125.41341,-2.45946,-8.31307,24.35282,-17.84231,HAG_FLY,STA_YAN,HagerstownBallpark,Independent,ATL,20250912-HagerstownBallpark-1,6fbeaae0-902d-11f0-8fb6-ad1606e43f24,85.50073,,,7.17114,,,,,,,914508f2-8afe-4bc3-bf51-c0b16b905d95,2025-09-12,23:08:54.96,2025-09-12T19:08:54.9640000-04:00,2025-09-12T23:08:54.9640000Z,,v3,6089,586,,"Black, Mark",691773,Right,HAG_FLY,91be89b8-13c2-4c4e-8d36-30ecb94a458d,54.74587,-126.33161,12.17641,6.24666,-1.78674,-8.92115,-0.77442,4.99003,-4.15654,,,,,,,,,,,,,,,,,,,,,,,,,,,,,,,,,,,,,,,,,,,,,,,,,,,High,High,High,,,,,
57,2025-09-12,19:09:13.09,7,3,"Minaya, Julian",1000158661,Right,HAG_FLY,"Brown, Vaun",673901,Right,STA_YAN,Undefined,2,Top,1,1,1,Undefined,Changeup,StrikeSwinging,Undefined,Undefined,Undefined,0,0,,80.01131,-1.349268,-2.474498,2023.404628,196.081392,12:30,5.93865,1.44315,5.52877,-30.96738,13.31946,3.43343,2.09532,-0.58534,73.4264,-7.068652,-1.86281,0.478971,,,,,,,,,,,,-2.41634,7.53284,-1.23041,50,5.80085,4.87873,-116.03905,-3.71664,-3.29702,21.56322,-21.89563,HAG_FLY,STA_YAN,HagerstownBallpark,Independent,ATL,20250912-HagerstownBallpark-1,7a97eb70-902d-11f0-8fb6-ad1606e43f24,78.69468,,,6.58491,,,,,,,914508f2-8afe-4bc3-bf51-c0b16b905d95,2025-09-12,23:09:13.09,2025-09-12T19:09:13.0910000-04:00,2025-09-12T23:09:13.0910000Z,,v3,6089,586,,"Black, Mark",691773,Right,HAG_FLY,10683aa6-cdcf-4c1f-8002-2eb83a1e0c1a,54.9677,-116.95854,10.78161,5.93943,-2.78298,-10.94782,-1.44145,5.01931,-1.64851,,,,,,,,,,,,,,,,,,,,,,,,,,,,,,,,,,,,,,,,,,,,,,,,,,,High,High,High,,,,,
58,2025-09-12,19:09:36.62,7,4,"Minaya, Julian",1000158661,Right,HAG_FLY,"Brown, Vaun",673901,Right,STA_YAN,Undefined,2,Top,1,1,2,Undefined,Slider,InPlay,Undefined,GroundBall,FieldersChoice,1,0,,83.00869,-0.583693,-2.51168,2142.234244,179.888738,12:00,5.90142,1.50954,5.55217,-32.19273,8.54772,-0.01433,2.67275,-0.84006,76.77128,-6.492703,-2.514233,0.459393,105.8004,4.277367,5.650405,1014.838179,,,,105.76514,105.76514,6.262605,0.746182,-0.62559,4.81996,-1.29224,50,5.82949,5.28877,-120.55579,-2.31254,-0.9291,21.42815,-25.01564,HAG_FLY,STA_YAN,HagerstownBallpark,Independent,ATL,20250912-HagerstownBallpark-1,88b42200-902d-11f0-8fb6-ad1606e43f24,82.04837,4.28779,,6.23741,,,,1.38512,2.74862,0.83462,914508f2-8afe-4bc3-bf51-c0b16b905d95,2025-09-12,23:09:36.62,2025-09-12T19:09:36.6210000-04:00,2025-09-12T23:09:36.6210000Z,GroundBall,v3,6089,586,,"Black, Mark",691773,Right,HAG_FLY,ab512f2d-d94f-481a-958a-c918b28dd287,54.94705,-121.43192,10.71407,5.90314,-1.28973,-12.50782,-1.50926,5.32676,-0.46455,348.555691,1.44309,152.93331,-18.8195,,,,,,,2.79519,10.72441,-19.46936,,,,,,,0.83642,15.20331,-1.15864,,,,,,,,,,,,,,,,,,,,,,,,,,,,,High,High,High,High,High,,,
59,2025-09-12,19:10:16.29,8,1,"Minaya, Julian",1000158661,Right,HAG_FLY,"Sandoval, Pablo",467055,Left,STA_YAN,Undefined,2,Top,2,0,0,Undefined,Changeup,InPlay,Undefined,LineDrive,Single,0,0,,82.83359,-0.894134,-2.458039,1629.394225,247.747344,2:15,5.87372,1.39573,5.39556,-32.91703,8.96126,18.35981,2.29188,0.6208,75.27184,-6.964357,0.807788,0.465764,94.96497,11.474231,7.781033,2372.931203,109.07452,16.96369,14.23856,241.2376,241.2376,7.959132,2.335687,-10.05953,5.17607,-1.19005,50,5.77095,4.40079,-120.07636,-2.99506,-14.54379,25.36714,-24.69064,HAG_FLY,STA_YAN,HagerstownBallpark,Independent,ATL,20250912-HagerstownBallpark-1,a0504ab0-902d-11f0-8fb6-ad1606e43f24,80.92606,17.48606,,7.56175,,,,3.05691,2.56734,-0.58611,914508f2-8afe-4bc3-bf51-c0b16b905d95,2025-09-12,23:10:16.29,2025-09-12T19:10:16.2960000-04:00,2025-09-12T23:10:16.2960000Z,LineDrive,v3,6089,586,,"Black, Mark",691773,Right,HAG_FLY,5b569d6a-3f78-4d69-99cd-79721c69083c,55.10306,-121.14962,12.68357,5.87557,-1.95041,-12.34532,-1.38926,5.01613,-7.27189,184.219575,3.0569,135.24162,-21.83957,4.59733,-0.98184,0.2066,-0.03646,0.00369,-9E-05,2.56736,27.70734,-13.57408,0.88136,-0.41982,0.35795,-0.21113,0.06292,-0.00726,-0.58611,18.48023,-2.46904,0.51351,-0.13108,0.05351,-0.02387,0.00642,-0.00071,,,,,,,,,,,,,,,,,,,,,,,High,High,High,High,High,,,
60,2025-09-12,19:10:56.59,9,1,"Minaya, Julian",1000158661,Right,HAG_FLY,"Maggi, Drew",543482,Right,STA_YAN,Undefined,2,Top,2,0,0,Undefined,Four-Seam,FoulBallNotFieldable,Undefined,Undefined,Undefined,0,0,,88.191,-3.182953,-1.426378,2196.11125,203.917568,12:45,6.17501,0.68068,5.66266,-18.68812,17.62804,7.2965,1.64569,-0.04161,80.76609,-6.690628,-0.122131,0.433732,66.80906,61.534646,142.388197,4946.892677,,,,,40.63512,,,-4.1313,10.21481,-0.56491,50,5.89403,2.87767,-127.8778,-7.69783,-6.83894,26.44115,-15.26442,HAG_FLY,STA_YAN,HagerstownBallpark,Independent,ATL,20250912-HagerstownBallpark-1,b85cc160-902d-11f0-8fb6-ad1606e43f24,86.90265,57.38736,,7.42491,,,,2.12815,1.57797,0.00604,914508f2-8afe-4bc3-bf51-c0b16b905d95,2025-09-12,23:10:56.59,2025-09-12T19:10:56.5930000-04:00,2025-09-12T23:10:56.5930000Z,,v3,6089,586,,"Black, Mark",691773,Right,HAG_FLY,103cce23-7b1b-455e-98d7-82593710a33b,54.83568,-128.87379,13.22058,6.17316,-7.12285,-7.63221,-0.67816,3.13528,-3.41947,343.022861,2.12815,-36.99619,-4.69983,2.06862,-0.3185,-1.00382,2.18617,-1.87513,0.59054,1.57797,86.14053,-29.71682,3.83838,-0.59396,-0.70468,1.50852,-1.243,0.38083,0.00604,28.50315,-3.87907,0.15372,0.03462,0.14911,-0.4,0.37052,-0.12185,,,,,,,,,,,,,,,,,,,,,,,High,High,High,High,Undefined,,,
61,2025-09-12,19:11:30.53,9,2,"Minaya, Julian",1000158661,Right,HAG_FLY,"Maggi, Drew",543482,Right,STA_YAN,Undefined,2,Top,2,0,1,Undefined,Four-Seam,BallCalled,Undefined,Undefined,Undefined,0,0,,88.83987,-0.115952,-1.422281,2195.041861,208.496342,1:00,6.20994,0.66093,5.70747,-18.03686,17.60072,8.94249,4.59881,0.08075,81.03993,-3.534527,0.17663,0.429661,,,,,,,,,,,,-4.91524,9.30414,-0.5473,50,6.18911,2.81105,-128.98419,-0.80878,-8.2804,26.83029,-16.49987,HAG_FLY,STA_YAN,HagerstownBallpark,Independent,ATL,20250912-HagerstownBallpark-1,cc7b5c10-902d-11f0-8fb6-ad1606e43f24,87.72608,,,7.79993,,,,,,,914508f2-8afe-4bc3-bf51-c0b16b905d95,2025-09-12,23:11:30.53,2025-09-12T19:11:30.5330000-04:00,2025-09-12T23:11:30.5330000Z,,v3,6089,586,,"Black, Mark",691773,Right,HAG_FLY,f638f974-6695-483b-bba6-f36844780416,54.7886,-129.97646,13.41514,6.20774,-0.19856,-8.24993,-0.65693,3.11728,-4.1402,,,,,,,,,,,,,,,,,,,,,,,,,,,,,,,,,,,,,,,,,,,,,,,,,,,High,High,High,,,,,
62,2025-09-12,19:11:48.15,9,3,"Minaya, Julian",1000158661,Right,HAG_FLY,"Maggi, Drew",543482,Right,STA_YAN,Undefined,2,Top,2,1,1,Undefined,Slider,InPlay,Undefined,LineDrive,Single,0,1,,80.1667,0.453592,-1.204298,1840.98756,75.803233,8:30,5.92257,1.47516,5.4481,-44.33632,-0.10205,-5.8874,2.65263,-0.1431,73.57775,-7.63964,-2.253127,0.478686,89.21646,18.661305,8.178928,2504.712857,107.85145,29.65541,21.63293,267.5559,266.41795,15.828857,3.090932,2.6378,0.20484,-1.3646,50,5.93193,2.67992,-116.39832,-0.59786,3.61152,22.26458,-31.89358,HAG_FLY,STA_YAN,HagerstownBallpark,Independent,ATL,20250912-HagerstownBallpark-1,d71856f0-902d-11f0-8fb6-ad1606e43f24,78.74142,32.3136,,6.58895,,,,1.06754,2.60968,0.17329,914508f2-8afe-4bc3-bf51-c0b16b905d95,2025-09-12,23:11:48.15,2025-09-12T19:11:48.1570000-04:00,2025-09-12T23:11:48.1570000Z,LineDrive,v3,6089,586,,"Black, Mark",691773,Right,HAG_FLY,1134ebcf-d5b4-4c6b-be4b-ac44e3132d2a,55.05095,-117.36049,11.13229,5.92798,0.78042,-15.94679,-1.47704,2.52385,1.80576,226.637032,1.06758,122.71004,-20.90889,4.30186,-0.83886,0.12034,-0.00418,-0.00293,0.00047,2.60965,41.86846,-15.63075,0.63851,-0.02218,0.01005,-0.01149,0.00461,-0.00057,0.17344,17.62874,5.09445,-2.22405,0.81741,-0.28489,0.07746,-0.01246,0.00086,,,,,,,,,,,,,,,,,,,,,,,High,High,High,High,High,,,
63,2025-09-12,19:12:28.10,10,1,"Minaya, Julian",1000158661,Right,HAG_FLY,"Rodriguez, Cristhian",682725,Left,STA_YAN,Undefined,2,Top,2,0,0,Undefined,Sinker,StrikeCalled,Undefined,Undefined,Undefined,0,0,,88.42505,-2.799593,-1.449835,2161.831461,226.251819,1:30,6.07386,0.76613,5.99042,-20.06367,15.60552,15.09954,1.80448,0.68051,80.95813,-6.574622,1.2666,0.429851,,,,,,,,,,,,-8.18638,9.16386,-0.66019,50,5.84192,2.62917,-128.32587,-6.88396,-13.63514,26.84034,-16.91082,HAG_FLY,STA_YAN,HagerstownBallpark,Independent,ATL,20250912-HagerstownBallpark-1,eee0bfc0-902d-11f0-8fb6-ad1606e43f24,87.68721,,,7.46692,,,,,,,914508f2-8afe-4bc3-bf51-c0b16b905d95,2025-09-12,23:12:28.10,2025-09-12T19:12:28.1070000-04:00,2025-09-12T23:12:28.1070000Z,,v3,6089,586,,"Black, Mark",691773,Right,HAG_FLY,1d86d566-97c0-421c-8a2a-eaf0105fb385,54.50788,-129.26529,13.42017,6.0725,-6.29208,-8.45541,-0.76057,3.1064,-6.81757,,,,,,,,,,,,,,,,,,,,,,,,,,,,,,,,,,,,,,,,,,,,,,,,,,,High,High,High,,,,,
64,2025-09-12,19:12:45.63,10,2,"Minaya, Julian",1000158661,Right,HAG_FLY,"Rodriguez, Cristhian",682725,Left,STA_YAN,Undefined,2,Top,2,0,1,Undefined,Four-Seam,InPlay,Undefined,GroundBall,Out,1,0,,88.90352,-1.539822,-1.783747,2230.811414,207.401678,1:00,6.09753,0.87435,6.01466,-18.21808,17.20308,8.29508,3.15195,-0.08725,80.74753,-5.012293,-0.291987,0.428354,94.95917,-23.956006,47.701026,,,,,9.68119,4.74406,34.516708,0.05798,-4.83422,9.6856,-0.73913,50,5.96692,3.67986,-129.02734,-3.99849,-8.08632,28.78967,-15.97274,HAG_FLY,STA_YAN,HagerstownBallpark,Independent,ATL,20250912-HagerstownBallpark-1,f954aed0-902d-11f0-8fb6-ad1606e43f24,87.99368,3.287,,8.15599,,,,2.99806,3.287,0.01392,914508f2-8afe-4bc3-bf51-c0b16b905d95,2025-09-12,23:12:45.63,2025-09-12T19:12:45.6390000-04:00,2025-09-12T23:12:45.6390000Z,GroundBall,v3,6089,586,,"Black, Mark",691773,Right,HAG_FLY,72dfc940-43c1-401b-95e4-bc649054bd44,54.48311,-130.0238,14.39483,6.09574,-3.44565,-7.98637,-0.87134,3.95974,-4.04316,,2.99606,85.87157,,,,,,,,3.28833,-56.69175,,,,,,,,0.01172,94.37502,,,,,,,,,,,,,,,,,,,,,,,,,,,,,,High,High,High,Low,Low,,,
65,2025-09-12,19:15:08.25,1,1,"Kaminsky, Rob",641739,Left,STA_YAN,"Cannon, Bryce",1000048596,Left,HAG_FLY,Undefined,2,Bottom,0,0,0,Undefined,Changeup,FoulBallNotFieldable,Undefined,Undefined,Undefined,0,0,,85.51798,0.984361,3.474558,2359.203682,83.548212,8:45,5.56717,-2.57019,5.36013,-39.4677,-0.65421,-15.95769,3.20307,-0.63774,78.67534,-6.204348,0.643128,0.448397,,,,,,,,,,,,8.96823,-0.28177,2.26978,50,5.62724,-6.85812,-124.07283,0.67256,14.06877,23.34473,-32.61607,HAG_FLY,STA_YAN,HagerstownBallpark,Independent,ATL,20250912-HagerstownBallpark-1,4e5f01f0-902e-11f0-8fb6-ad1606e43f24,84.0604,,,6.84265,,,,,,,914508f2-8afe-4bc3-bf51-c0b16b905d95,2025-09-12,23:15:08.25,2025-09-12T19:15:08.2570000-04:00,2025-09-12T23:15:08.2570000Z,,v3,6089,586,,"Melfi, David",1000079653,Right,STA_YAN,ed013dc5-318e-44fd-8b9d-d953a2903e93,55.14095,-125.03638,11.67237,5.5717,2.01878,-16.30804,2.56483,-7.4388,7.03438,,,,,,,,,,,,,,,,,,,,,,,,,,,,,,,,,,,,,,,,,,,,,,,,,,,High,High,High,,,,,
66,2025-09-12,19:15:26.05,1,2,"Kaminsky, Rob",641739,Left,STA_YAN,"Cannon, Bryce",1000048596,Left,HAG_FLY,Undefined,2,Bottom,0,0,1,Undefined,Slider,BallCalled,Undefined,Undefined,Undefined,0,0,,85.21674,-1.511937,3.040333,2555.457518,54.523252,7:45,5.49609,-2.52537,5.16129,-40.68313,-0.64221,-2.83228,0.68043,0.10291,77.67271,-8.884987,2.538757,0.455432,,,,,,,,,,,,2.36047,0.51965,2.24379,50,5.32362,-6.42894,-123.36619,-4.80223,3.59821,27.03061,-31.38195,HAG_FLY,STA_YAN,HagerstownBallpark,Independent,ATL,20250912-HagerstownBallpark-1,58f6f3c0-902e-11f0-8fb6-ad1606e43f24,82.76198,,,7.54403,,,,,,,914508f2-8afe-4bc3-bf51-c0b16b905d95,2025-09-12,23:15:26.05,2025-09-12T19:15:26.0540000-04:00,2025-09-12T23:15:26.0540000Z,,v3,6089,586,,"Melfi, David",1000079653,Right,STA_YAN,27c60e39-160f-4c9f-9de7-f2733a25a928,55.33653,-124.52998,13.51531,5.50129,-3.4511,-15.69097,2.52392,-6.58386,1.7991,,,,,,,,,,,,,,,,,,,,,,,,,,,,,,,,,,,,,,,,,,,,,,,,,,,High,High,High,,,,,
67,2025-09-12,19:15:38.78,1,3,"Kaminsky, Rob",641739,Left,STA_YAN,"Cannon, Bryce",1000048596,Left,HAG_FLY,Undefined,2,Bottom,0,1,1,Undefined,Slider,BallCalled,Undefined,Undefined,Undefined,0,0,,83.90816,-0.622746,3.598834,2560.807839,60.856997,8:00,5.1898,-2.74171,5.51972,-40.97514,-0.02831,-2.67591,1.19179,0.4045,76.03514,-8.12478,3.122583,0.460555,,,,,,,,,,,,2.51331,0.62346,2.42995,50,5.10829,-7.5252,-121.43567,-2.78005,3.69498,27.21056,-31.25748,HAG_FLY,STA_YAN,HagerstownBallpark,Independent,ATL,20250912-HagerstownBallpark-1,608faf50-902e-11f0-8fb6-ad1606e43f24,81.84132,,,7.87302,,,,,,,914508f2-8afe-4bc3-bf51-c0b16b905d95,2025-09-12,23:15:38.78,2025-09-12T19:15:38.7840000-04:00,2025-09-12T23:15:38.7840000Z,,v3,6089,586,,"Melfi, David",1000079653,Right,STA_YAN,49b2702a-da02-42a8-8eca-a9b506f1609d,54.97659,-122.54572,13.60528,5.1957,-1.50491,-15.62874,2.74001,-7.67593,1.84749,,,,,,,,,,,,,,,,,,,,,,,,,,,,,,,,,,,,,,,,,,,,,,,,,,,High,High,High,,,,,
68,2025-09-12,19:15:52.46,1,4,"Kaminsky, Rob",641739,Left,STA_YAN,"Cannon, Bryce",1000048596,Left,HAG_FLY,Undefined,2,Bottom,0,2,1,Undefined,Slider,StrikeSwinging,Undefined,Undefined,Undefined,0,0,,83.70706,0.639622,2.945612,2505.570019,115.316397,9:45,5.16908,-2.69602,5.46642,-38.48301,2.28177,-2.00835,2.56159,-0.10418,76.33953,-6.415551,2.588555,0.45953,,,,,,,,,,,,1.86417,1.39169,2.4381,50,5.19934,-6.15769,-121.325,-0.01443,2.76613,24.73309,-30.10902,HAG_FLY,STA_YAN,HagerstownBallpark,Independent,ATL,20250912-HagerstownBallpark-1,689cd790-902e-11f0-8fb6-ad1606e43f24,82.02387,,,7.36753,,,,,,,914508f2-8afe-4bc3-bf51-c0b16b905d95,2025-09-12,23:15:52.46,2025-09-12T19:15:52.4640000-04:00,2025-09-12T23:15:52.4640000Z,,v3,6089,586,,"Melfi, David",1000079653,Right,STA_YAN,9dd66c10-eda7-4246-9b38-be9c950fd37a,55.03008,-122.34613,12.36654,5.17428,1.22864,-15.05451,2.69469,-6.2719,1.38306,,,,,,,,,,,,,,,,,,,,,,,,,,,,,,,,,,,,,,,,,,,,,,,,,,,High,High,High,,,,,
69,2025-09-12,19:16:11.39,1,5,"Kaminsky, Rob",641739,Left,STA_YAN,"Cannon, Bryce",1000048596,Left,HAG_FLY,Undefined,2,Bottom,0,2,2,Undefined,Slider,FoulBallNotFieldable,Undefined,Undefined,Undefined,0,0,,86.01227,-0.917731,2.782397,2645.418448,76.570112,8:30,5.57998,-2.39414,5.38245,-38.31624,1.00449,-1.94795,1.52563,0.05369,77.51497,-7.937268,2.436125,0.451318,,,,,,,,,,,,1.93618,1.18,2.1466,50,5.4708,-5.96659,-124.48784,-3.39946,2.97329,29.98018,-30.36199,HAG_FLY,STA_YAN,HagerstownBallpark,Independent,ATL,20250912-HagerstownBallpark-1,73ffe190-902e-11f0-8fb6-ad1606e43f24,83.51643,,,8.4973,,,,,,,914508f2-8afe-4bc3-bf51-c0b16b905d95,2025-09-12,23:16:11.39,2025-09-12T19:16:11.3940000-04:00,2025-09-12T23:16:11.3940000Z,,v3,6089,586,,"Melfi, David",1000079653,Right,STA_YAN,cd41b813-9319-43d1-8a80-5dc4cce435a2,55.11456,-125.71353,14.99009,5.58441,-2.15815,-15.18099,2.39302,-6.08815,1.48665,,,,,,,,,,,,,,,,,,,,,,,,,,,,,,,,,,,,,,,,,,,,,,,,,,,High,High,High,,,,,
70,2025-09-12,19:16:32.86,1,6,"Kaminsky, Rob",641739,Left,STA_YAN,"Cannon, Bryce",1000048596,Left,HAG_FLY,Undefined,2,Bottom,0,2,2,Undefined,Sinker,StrikeSwinging,Strikeout,Undefined,Undefined,0,0,,89.6818,-0.939168,3.141701,2500.991672,87.817051,9:00,5.68679,-2.31511,5.50871,-34.8125,0.40736,-17.88312,1.90608,-0.86444,82.37189,-7.297174,-0.04542,0.427135,,,,,,,,,,,,9.89536,0.78728,2.05323,50,5.58124,-6.35097,-130.12072,-3.46288,16.99814,26.80956,-30.82163,HAG_FLY,STA_YAN,HagerstownBallpark,Independent,ATL,20250912-HagerstownBallpark-1,80c847f0-902e-11f0-8fb6-ad1606e43f24,88.24476,,,7.30991,,,,,,,914508f2-8afe-4bc3-bf51-c0b16b905d95,2025-09-12,23:16:32.86,2025-09-12T19:16:32.8690000-04:00,2025-09-12T23:16:32.8690000Z,,v3,6089,586,,"Melfi, David",1000079653,Right,STA_YAN,df35de08-6038-4222-9a01-8378be57868c,54.99136,-131.14509,13.40478,5.69105,-2.28521,-15.41081,2.3083,-7.00046,8.49907,,,,,,,,,,,,,,,,,,,,,,,,,,,,,63.17555,2.769226,1.698816,1.07041,-0.60151,1.64299,0.86817,-0.51712,5.93358,-2.78885,71.91987,8.60533,-53.0574,-0.45422,72.49635,-4.54343,5.98723,17.25499,-13.81718,-2.88527,-52.95433,5.65454,High,High,High,,,High,High,High
71,2025-09-12,19:17:04.45,2,1,"Kaminsky, Rob",641739,Left,STA_YAN,"Abreu, Osvaldo",622435,Right,HAG_FLY,Undefined,2,Bottom,1,0,0,Undefined,Slider,StrikeCalled,Undefined,Undefined,Undefined,0,0,,83.90096,1.019666,2.059945,2563.819961,359.573553,6:00,5.37656,-2.643,5.35838,-42.81274,-2.61295,0.02803,2.76577,-0.70806,77.4864,-6.760372,2.064924,0.456334,,,,,,,,,,,,0.51244,-1.21173,2.45783,50,5.43754,-4.38407,-121.85427,0.59024,0.77655,22.18238,-34.01028,HAG_FLY,STA_YAN,HagerstownBallpark,Independent,ATL,20250912-HagerstownBallpark-1,93824990-902e-11f0-8fb6-ad1606e43f24,82.59827,,,6.41456,,,,,,,914508f2-8afe-4bc3-bf51-c0b16b905d95,2025-09-12,23:17:04.45,2025-09-12T19:17:04.4550000-04:00,2025-09-12T23:17:04.4550000Z,,v3,6089,586,,"Melfi, David",1000079653,Right,STA_YAN,f552e84b-d958-4be7-b39c-53352569c3f4,55.14132,-122.78663,11.09119,5.38269,2.01974,-17.00514,2.64279,-4.41671,0.38827,,,,,,,,,,,,,,,,,,,,,,,,,,,,,,,,,,,,,,,,,,,,,,,,,,,High,High,High,,,,,
72,2025-09-12,19:17:18.12,2,2,"Kaminsky, Rob",641739,Left,STA_YAN,"Abreu, Osvaldo",622435,Right,HAG_FLY,Undefined,2,Bottom,1,0,1,Undefined,Sinker,InPlay,Undefined,GroundBall,Single,0,0,,90.19585,-0.214262,3.576728,2546.84338,92.891833,9:00,5.85699,-2.13654,5.28417,-33.31333,2.02984,-17.14851,2.87928,-0.2024,82.18286,-6.30361,0.537601,0.427882,107.21134,1.776346,-10.040145,999.532061,,,,83.10762,79.60221,-10.232043,0.559593,9.66221,1.39425,1.82343,50,5.81294,-7.38858,-130.69302,-1.79029,16.64501,28.57018,-29.77218,HAG_FLY,STA_YAN,HagerstownBallpark,Independent,ATL,20250912-HagerstownBallpark-1,9bc0bb00-902e-11f0-8fb6-ad1606e43f24,88.09073,3.27789,,8.01299,,,,1.79464,2.96795,0.15976,914508f2-8afe-4bc3-bf51-c0b16b905d95,2025-09-12,23:17:18.12,2025-09-12T19:17:18.1230000-04:00,2025-09-12T23:17:18.1230000Z,GroundBall,v3,6089,586,,"Melfi, David",1000079653,Right,STA_YAN,71469931-cf61-4d03-8b1b-3dfc7cfa48c9,55.21524,-131.82817,14.28509,5.86057,-0.60738,-14.88609,2.13013,-8.04991,8.32251,47.333948,1.8227,154.08462,-20.07964,,,,,,,2.98378,4.49303,-17.60506,,,,,,,0.15995,-27.40554,1.31903,,,,,,,,,,,,,,,,,,,,,,,,,,,,,High,High,High,High,High,,,
73,2025-09-12,19:17:58.26,3,1,"Kaminsky, Rob",641739,Left,STA_YAN,"Black, Mark",691773,Right,HAG_FLY,Undefined,2,Bottom,1,0,0,Undefined,Sinker,StrikeCalled,Undefined,Undefined,Undefined,0,0,,88.07899,0.873895,4.461519,2446.938711,77.075633,8:30,5.62725,-2.22609,5.81942,-39.04825,-2.80492,-17.218,3.18825,0.49549,80.52838,-6.296514,1.384963,0.433297,,,,,,,,,,,,9.99938,-1.30571,1.87062,50,5.67586,-9.22847,-127.64654,0.53331,16.50044,26.23688,-34.32867,HAG_FLY,STA_YAN,HagerstownBallpark,Independent,ATL,20250912-HagerstownBallpark-1,b3a97d10-902e-11f0-8fb6-ad1606e43f24,86.98989,,,7.55061,,,,,,,914508f2-8afe-4bc3-bf51-c0b16b905d95,2025-09-12,23:17:58.26,2025-09-12T19:17:58.2610000-04:00,2025-09-12T23:17:58.2610000Z,,v3,6089,586,,"Melfi, David",1000079653,Right,STA_YAN,366d539c-5fdb-4c21-b157-3aeb4092a07e,54.68053,-128.60499,13.11844,5.63347,1.78737,-17.16433,2.21875,-9.83124,8.25022,,,,,,,,,,,,,,,,,,,,,,,,,,,,,,,,,,,,,,,,,,,,,,,,,,,High,High,High,,,,,
74,2025-09-12,19:18:16.85,3,2,"Kaminsky, Rob",641739,Left,STA_YAN,"Black, Mark",691773,Right,HAG_FLY,Undefined,2,Bottom,1,0,1,Undefined,Sinker,FoulBallNotFieldable,Undefined,Undefined,Undefined,0,0,,90.54567,0.242047,3.355842,2555.010382,94.39257,9:15,5.7517,-2.16926,5.26722,-32.53561,2.5974,-18.52808,3.26817,-0.55728,82.29451,-5.715764,0.072734,0.426608,79.55346,17.247668,162.037842,1629.504093,,,,,40.12486,,,10.12886,1.62969,1.87578,50,5.75026,-6.80413,-131.16845,-0.7382,17.56359,28.96288,-29.34818,HAG_FLY,STA_YAN,HagerstownBallpark,Independent,ATL,20250912-HagerstownBallpark-1,bead7720-902e-11f0-8fb6-ad1606e43f24,88.35377,12.49534,,8.25116,,,,-0.4182,2.92534,0.59776,914508f2-8afe-4bc3-bf51-c0b16b905d95,2025-09-12,23:18:16.85,2025-09-12T19:18:16.8540000-04:00,2025-09-12T23:18:16.8540000Z,,v3,6089,586,,"Melfi, David",1000079653,Right,STA_YAN,8e22cda4-677f-4c6b-92d2-32d485c62b04,55.22962,-132.31815,14.48144,5.75644,0.42679,-14.67409,2.15971,-7.50132,8.78179,,-0.42281,-105.83463,12.40158,,,,,,,2.93307,34.31731,-23.2549,,,,,,,0.60087,34.25234,-6.04654,,,,,,,,,,,,,,,,,,,,,,,,,,,,,High,High,High,High,Undefined,,,
75,2025-09-12,19:18:40.69,3,3,"Kaminsky, Rob",641739,Left,STA_YAN,"Black, Mark",691773,Right,HAG_FLY,Undefined,2,Bottom,1,0,2,Undefined,Slider,BallCalled,Undefined,Undefined,Undefined,0,0,,85.81644,-1.090501,3.460921,2605.957329,87.230765,9:00,5.27483,-2.6349,5.28797,-37.9401,1.13347,-2.87807,1.08717,0.37905,78.53829,-7.989242,2.95076,0.449897,,,,,,,,,,,,2.45886,1.22906,2.32156,50,5.14746,-7.39437,-124.31057,-3.78372,3.83018,25.9737,-30.25957,HAG_FLY,STA_YAN,HagerstownBallpark,Independent,ATL,20250912-HagerstownBallpark-1,ccf3f200-902e-11f0-8fb6-ad1606e43f24,83.78018,,,7.27814,,,,,,,914508f2-8afe-4bc3-bf51-c0b16b905d95,2025-09-12,23:18:40.69,2025-09-12T19:18:40.6950000-04:00,2025-09-12T23:18:40.6950000Z,,v3,6089,586,,"Melfi, David",1000079653,Right,STA_YAN,e565061b-f0cf-4e60-b863-9eff56453ee6,55.21057,-125.39454,12.98685,5.27902,-2.52087,-15.12979,2.63348,-7.55422,1.91509,,,,,,,,,,,,,,,,,,,,,,,,,,,,,,,,,,,,,,,,,,,,,,,,,,,High,High,High,,,,,
76,2025-09-12,19:19:01.30,3,4,"Kaminsky, Rob",641739,Left,STA_YAN,"Black, Mark",691773,Right,HAG_FLY,Undefined,2,Bottom,1,1,2,Undefined,Slider,InPlay,Undefined,LineDrive,Single,0,0,,85.59072,0.42105,2.429443,2684.647465,342.257666,5:30,6.0002,-1.85384,4.89857,-41.2312,-1.70866,0.93067,2.96286,0.52287,78.67815,-7.016911,2.593343,0.452474,90.54338,15.157518,-11.588094,2196.285031,108.07411,20.93786,-20.4912,227.47136,224.37749,-8.853347,2.335969,0.1965,-0.6389,1.61511,50,6.00649,-5.30862,-124.14172,-0.72038,0.3074,24.2877,-33.17349,HAG_FLY,STA_YAN,HagerstownBallpark,Independent,ATL,20250912-HagerstownBallpark-1,d947ebb0-902e-11f0-8fb6-ad1606e43f24,83.30296,21.13858,,6.91258,,,,0.97146,2.92008,-0.54382,914508f2-8afe-4bc3-bf51-c0b16b905d95,2025-09-12,23:19:01.30,2025-09-12T19:19:01.3010000-04:00,2025-09-12T23:19:01.3010000Z,LineDrive,v3,6089,586,,"Melfi, David",1000079653,Right,STA_YAN,cbcc1c82-6986-4224-a4d1-fc0b1d7fedbb,55.60097,-125.23273,12.14385,6.00538,0.76977,-16.58675,1.85388,-5.32243,0.1537,212.021959,0.97146,125.56412,-18.46023,3.75844,-0.82965,0.16787,-0.03099,0.00428,-0.00029,2.92008,34.72282,-17.85157,1.46725,-0.27353,0.05528,-0.00847,0.00113,-9E-05,-0.54382,-25.74745,5.87585,-0.63115,0.05902,0.00058,-0.00118,0.00018,-1E-05,,,,,,,,,,,,,,,,,,,,,,,High,High,High,High,High,,,
77,2025-09-12,19:19:39.82,4,1,"Kaminsky, Rob",641739,Left,STA_YAN,"Semo, Andrew",813663,Right,HAG_FLY,Undefined,2,Bottom,1,0,0,Undefined,Sinker,StrikeCalled,Undefined,Undefined,Undefined,0,0,,90.3649,-1.43713,4.530438,2521.058662,100.873684,9:15,5.59182,-2.32301,5.35419,-30.85171,4.7213,-17.82643,1.66852,0.44921,81.58194,-7.108085,1.371526,0.429271,,,,,,,,,,,,10.3669,3.20555,1.928,50,5.44041,-9.52241,-130.59143,-4.46501,17.65407,31.06455,-26.71522,HAG_FLY,STA_YAN,HagerstownBallpark,Independent,ATL,20250912-HagerstownBallpark-1,f036e470-902e-11f0-8fb6-ad1606e43f24,87.80567,,,8.78296,,,,,,,914508f2-8afe-4bc3-bf51-c0b16b905d95,2025-09-12,23:19:39.82,2025-09-12T19:19:39.8260000-04:00,2025-09-12T23:19:39.8260000Z,,v3,6089,586,,"Melfi, David",1000079653,Right,STA_YAN,9d8219d6-d6b0-4c29-9527-d47c51e16901,55.14271,-131.80908,15.53227,5.59491,-3.41784,-13.35761,2.31481,-10.2144,8.82704,,,,,,,,,,,,,,,,,,,,,,,,,,,,,,,,,,,,,,,,,,,,,,,,,,,High,High,High,,,,,
78,2025-09-12,19:19:58.16,4,2,"Kaminsky, Rob",641739,Left,STA_YAN,"Semo, Andrew",813663,Right,HAG_FLY,Undefined,2,Bottom,1,0,1,Undefined,Sinker,InPlay,Undefined,GroundBall,Out,2,0,,90.07123,-0.150965,4.064919,2553.108705,92.382752,9:00,5.61427,-2.34038,5.22141,-33.75041,1.95945,-17.6171,2.65944,0.01967,81.70124,-6.320159,0.949157,0.430096,88.60793,6.861359,5.298669,1402.370626,,,,118.74709,118.74709,8.092492,1.046869,10.0493,1.36118,1.9788,50,5.57501,-8.45165,-130.3634,-1.67216,17.15364,29.4766,-29.85055,HAG_FLY,STA_YAN,HagerstownBallpark,Independent,ATL,20250912-HagerstownBallpark-1,fb22e9b0-902e-11f0-8fb6-ad1606e43f24,87.63722,5.88523,,8.36999,,,,1.35906,2.57539,-0.06522,914508f2-8afe-4bc3-bf51-c0b16b905d95,2025-09-12,23:19:58.16,2025-09-12T19:19:58.1620000-04:00,2025-09-12T23:19:58.1620000Z,GroundBall,v3,6089,586,,"Melfi, David",1000079653,Right,STA_YAN,f7d87d1b-505c-4bbd-a902-cb36150ef612,55.2773,-131.55124,14.7383,5.61816,-0.46925,-14.92527,2.3333,-9.14291,8.57682,274.733144,1.494,126.69671,-15.22338,,,,,,,2.65527,14.4776,-16.31795,,,,,,,-0.12722,12.74249,3.24592,,,,,,,,,,,,,,,,,,,,,,,,,,,,,High,High,High,High,High,,,
79,2025-09-12,19:22:42.38,1,1,"Minaya, Julian",1000158661,Right,HAG_FLY,"Melfi, David",1000079653,Right,STA_YAN,Undefined,3,Top,0,0,0,Undefined,Four-Seam,BallCalled,Undefined,Undefined,Undefined,0,0,,86.93719,-0.133454,-0.499522,2106.468308,209.311872,1:00,6.20427,0.44879,5.75971,-17.85147,19.4832,10.24016,4.59242,0.83718,78.9023,-3.542812,1.333659,0.439772,,,,,,,,,,,,-5.31181,10.29745,-0.41344,50,6.18241,0.65772,-126.17723,-0.79719,-8.51334,27.07335,-15.67013,HAG_FLY,STA_YAN,HagerstownBallpark,Independent,ATL,20250912-HagerstownBallpark-1,5cf3ce70-902f-11f0-8fb6-ad1606e43f24,85.70904,,,8.03489,,,,,,,914508f2-8afe-4bc3-bf51-c0b16b905d95,2025-09-12,23:22:42.38,2025-09-12T19:22:42.3890000-04:00,2025-09-12T23:22:42.3890000Z,,v3,6089,586,,"Black, Mark",691773,Right,HAG_FLY,597acc9d-c595-46ed-92c5-e19057ac42fd,54.73486,-127.18911,13.53667,6.20126,-0.21151,-7.83506,-0.44397,0.97592,-4.25667,,,,,,,,,,,,,,,,,,,,,,,,,,,,,,,,,,,,,,,,,,,,,,,,,,,High,High,High,,,,,
80,2025-09-12,19:22:56.85,1,2,"Minaya, Julian",1000158661,Right,HAG_FLY,"Melfi, David",1000079653,Right,STA_YAN,Undefined,3,Top,0,1,0,Undefined,Four-Seam,StrikeSwinging,Undefined,Undefined,Undefined,0,0,,87.00458,-1.50797,-1.653325,2130.040723,214.777471,1:15,6.15551,0.69612,6.09525,-16.40611,20.43659,13.32587,3.39268,0.27699,79.03405,-4.669119,0.746864,0.436865,,,,,,,,,,,,-7.32977,11.33902,-0.57552,50,6.03057,3.10032,-126.28217,-3.74446,-11.75982,27.26725,-13.98183,HAG_FLY,STA_YAN,HagerstownBallpark,Independent,ATL,20250912-HagerstownBallpark-1,658d3120-902f-11f0-8fb6-ad1606e43f24,86.27942,,,7.97053,,,,,,,914508f2-8afe-4bc3-bf51-c0b16b905d95,2025-09-12,23:22:56.85,2025-09-12T19:22:56.8580000-04:00,2025-09-12T23:22:56.8580000Z,,v3,6089,586,,"Black, Mark",691773,Right,HAG_FLY,bc607e07-c3c7-434d-b88c-50bc4a51b070,54.40089,-127.22888,13.63363,6.15215,-3.25902,-6.99092,-0.69025,3.50862,-5.87991,,,,,,,,,,,,,,,,,,,,,,,,,,,,,,,,,,,,,,,,,,,,,,,,,,,High,High,High,,,,,
81,2025-09-12,19:23:21.66,1,3,"Minaya, Julian",1000158661,Right,HAG_FLY,"Melfi, David",1000079653,Right,STA_YAN,Undefined,3,Top,0,1,1,Undefined,Four-Seam,StrikeSwinging,Undefined,Undefined,Undefined,0,0,,88.48459,-1.293211,-1.814083,2173.073346,211.81315,1:00,6.14309,0.47885,6.15163,-16.05702,19.47781,11.3406,3.60936,-0.25275,80.36674,-4.388862,0.230353,0.429041,,,,,,,,,,,,-6.35949,10.78131,-0.34641,50,6.03629,3.59786,-128.43816,-3.31423,-10.55825,28.11763,-14.27457,HAG_FLY,STA_YAN,HagerstownBallpark,Independent,ATL,20250912-HagerstownBallpark-1,7472f940-902f-11f0-8fb6-ad1606e43f24,87.85283,,,8.11785,,,,,,,914508f2-8afe-4bc3-bf51-c0b16b905d95,2025-09-12,23:23:21.66,2025-09-12T19:23:21.6640000-04:00,2025-09-12T23:23:21.6640000Z,,v3,6089,586,,"Black, Mark",691773,Right,HAG_FLY,61d4ee62-34c5-4b52-ab30-6a745383d781,54.34414,-129.38568,14.05882,6.13987,-2.8332,-7.13728,-0.47365,3.95365,-5.27913,,,,,,,,,,,,,,,,,,,,,,,,,,,,,,,,,,,,,,,,,,,,,,,,,,,High,High,High,,,,,
82,2025-09-12,19:23:39.39,1,4,"Minaya, Julian",1000158661,Right,HAG_FLY,"Melfi, David",1000079653,Right,STA_YAN,Undefined,3,Top,0,1,2,Undefined,Four-Seam,InPlay,Undefined,FlyBall,Out,1,0,,89.38926,-2.502867,-1.384818,2256.07139,209.956525,1:00,6.11113,0.50043,5.9788,-15.71398,19.44178,10.50371,2.47945,0.09184,81.12025,-5.519731,0.503438,0.426746,93.50006,27.103049,-4.941455,2039.097885,109.84414,49.53891,-5.85201,342.21517,337.8003,0.31696,4.31571,-5.80638,11.09662,-0.39676,50,5.90453,2.69056,-129.63849,-6.095,-9.79818,29.22902,-13.44865,HAG_FLY,STA_YAN,HagerstownBallpark,Independent,ATL,20250912-HagerstownBallpark-1,7f0b1220-902f-11f0-8fb6-ad1606e43f24,88.32518,63.70535,,8.26901,,,,0.53025,2.40382,-0.09006,914508f2-8afe-4bc3-bf51-c0b16b905d95,2025-09-12,23:23:39.39,2025-09-12T19:23:39.3990000-04:00,2025-09-12T23:23:39.3990000Z,LineDrive,v3,6089,586,,"Black, Mark",691773,Right,HAG_FLY,ae33784a-88b2-446a-b1a1-0f8fd3684875,54.51756,-130.65308,14.61451,6.108,-5.62818,-6.72433,-0.49605,3.03067,-4.89909,207.375728,0.52955,121.6395,-20.25135,4.84999,-1.19584,0.31132,-0.06872,0.00943,-0.00055,2.40504,62.44522,-17.31745,0.59851,0.2549,-0.18219,0.05494,-0.00793,0.00044,-0.09016,-10.51286,6.37196,-1.93809,0.49086,-0.10469,0.01778,-0.00206,0.00011,,,,,,,,,,,,,,,,,,,,,,,High,High,High,High,High,,,
83,2025-09-12,19:24:11.71,2,1,"Minaya, Julian",1000158661,Right,HAG_FLY,"Johnson, Kolby",815259,Right,STA_YAN,Undefined,3,Top,1,0,0,Undefined,Four-Seam,BallCalled,Undefined,Undefined,Undefined,0,0,,90.33776,-5.014929,-2.414124,2358.440675,210.798827,1:00,6.02366,0.63063,5.89786,-17.0969,17.55595,9.75469,-0.07282,-0.79899,82.43222,-8.236834,-0.663746,0.423683,,,,,,,,,,,,-5.76477,10.85973,-0.44222,50,5.60934,5.10311,-130.62092,-11.98617,-9.90282,28.98117,-13.51897,HAG_FLY,STA_YAN,HagerstownBallpark,Independent,ATL,20250912-HagerstownBallpark-1,923d9f20-902f-11f0-8fb6-ad1606e43f24,88.96382,,,7.90554,,,,,,,914508f2-8afe-4bc3-bf51-c0b16b905d95,2025-09-12,23:24:11.71,2025-09-12T19:24:11.7160000-04:00,2025-09-12T23:24:11.7160000Z,,v3,6089,586,,"Black, Mark",691773,Right,HAG_FLY,b3544a7d-d08c-4b8a-966a-97c1768d6916,54.6009,-131.63777,14.49059,6.02157,-11.51184,-6.75949,-0.62737,5.45057,-4.95141,,,,,,,,,,,,,,,,,,,,,,,,,,,,,,,,,,,,,,,,,,,,,,,,,,,High,High,High,,,,,
84,2025-09-12,19:24:29.39,2,2,"Minaya, Julian",1000158661,Right,HAG_FLY,"Johnson, Kolby",815259,Right,STA_YAN,Undefined,3,Top,1,1,0,Undefined,Slider,StrikeSwinging,Undefined,Undefined,Undefined,0,0,,82.57358,-2.591351,-1.500558,2097.693991,178.998974,12:00,5.94069,1.37584,5.60032,-27.57427,14.55524,-0.22724,1.22118,-0.04427,74.71918,-7.728381,-1.541147,0.467159,,,,,,,,,,,,-0.37248,8.6641,-1.24719,50,5.70112,3.1413,-119.56711,-6.27728,-0.53047,26.5423,-19.83492,HAG_FLY,STA_YAN,HagerstownBallpark,Independent,ATL,20250912-HagerstownBallpark-1,9ccf9d80-902f-11f0-8fb6-ad1606e43f24,80.6844,,,7.8544,,,,,,,914508f2-8afe-4bc3-bf51-c0b16b905d95,2025-09-12,23:24:29.39,2025-09-12T19:24:29.3920000-04:00,2025-09-12T23:24:29.3920000Z,,v3,6089,586,,"Black, Mark",691773,Right,HAG_FLY,63c38394-555b-4313-9816-d88dc3bd3705,54.89543,-120.64894,13.27115,5.94049,-5.46884,-9.91746,-1.37566,3.16292,-0.26524,,,,,,,,,,,,,,,,,,,,,,,,,,,,,,,,,,,,,,,,,,,,,,,,,,,High,High,High,,,,,
85,2025-09-12,19:24:45.18,2,3,"Minaya, Julian",1000158661,Right,HAG_FLY,"Johnson, Kolby",815259,Right,STA_YAN,Undefined,3,Top,1,1,1,Undefined,Slider,BallCalled,Undefined,Undefined,Undefined,0,0,,83.70213,-2.111806,-1.805352,2117.785542,147.088405,11:00,5.91418,1.31474,5.51427,-31.92328,8.40646,-4.65311,1.27737,-0.76169,77.28611,-7.952565,-2.635078,0.457072,,,,,,,,,,,,1.89028,5.16705,-1.15413,50,5.70854,4.01638,-121.48261,-5.56946,2.83596,22.92154,-24.42199,HAG_FLY,STA_YAN,HagerstownBallpark,Independent,ATL,20250912-HagerstownBallpark-1,a6374cb0-902f-11f0-8fb6-ad1606e43f24,82.46507,,,6.41602,,,,,,,914508f2-8afe-4bc3-bf51-c0b16b905d95,2025-09-12,23:24:45.18,2025-09-12T19:24:45.1870000-04:00,2025-09-12T23:24:45.1870000Z,,v3,6089,586,,"Black, Mark",691773,Right,HAG_FLY,2cab5b78-6b44-45f6-9baf-763f66680e55,54.98479,-122.41953,11.46077,5.91579,-4.5712,-12.211,-1.31593,3.90046,1.41798,,,,,,,,,,,,,,,,,,,,,,,,,,,,,,,,,,,,,,,,,,,,,,,,,,,High,High,High,,,,,
86,2025-09-12,19:24:59.97,2,4,"Minaya, Julian",1000158661,Right,HAG_FLY,"Johnson, Kolby",815259,Right,STA_YAN,Undefined,3,Top,1,2,1,Undefined,Four-Seam,InPlay,Undefined,FlyBall,Out,1,0,,89.0582,-1.861696,-1.418741,2227.243262,209.694809,1:00,6.0717,0.81148,5.98895,-17.17139,18.31485,9.72875,2.91425,0.30709,80.55674,-5.152542,0.330476,0.428747,96.03506,30.723819,5.664379,2937.557697,108.64368,57.89611,17.21753,355.78554,349.30626,14.801925,4.820364,-5.45725,10.36764,-0.70502,50,5.91551,2.7942,-129.18123,-4.68257,-9.11074,29.933,-14.8655,HAG_FLY,STA_YAN,HagerstownBallpark,Independent,ATL,20250912-HagerstownBallpark-1,af05c920-902f-11f0-8fb6-ad1606e43f24,87.91294,76.62108,,8.50146,,,,1.56605,2.8895,-0.27823,914508f2-8afe-4bc3-bf51-c0b16b905d95,2025-09-12,23:24:59.97,2025-09-12T19:24:59.9720000-04:00,2025-09-12T23:24:59.9720000Z,FlyBall,v3,6089,586,,"Black, Mark",691773,Right,HAG_FLY,85078d52-2b62-42d8-8db6-6fca49435491,54.50766,-130.22153,14.9665,6.06927,-4.16593,-7.43275,-0.80763,3.11083,-4.55537,224.81104,1.56566,120.50776,-22.7487,5.77441,-1.57114,0.46411,-0.12119,0.01919,-0.00122,2.89097,71.93339,-20.07823,1.24915,0.08877,-0.106,0.03313,-0.00452,0.00021,-0.27055,11.78349,7.84645,-4.80744,2.27177,-0.81857,0.19153,-0.02441,0.00126,,,,,,,,,,,,,,,,,,,,,,,High,High,High,Medium,High,,,
87,2025-09-12,19:25:35.09,3,1,"Minaya, Julian",1000158661,Right,HAG_FLY,"Diaz, Eddy",677647,Right,STA_YAN,Undefined,3,Top,2,0,0,Undefined,Slider,BallCalled,Undefined,Undefined,Undefined,0,0,,82.25979,-2.540114,-2.907242,2120.840022,128.191147,10:15,5.94918,1.36859,5.50111,-35.7573,6.42996,-6.44193,0.58905,-1.88968,75.62033,-9.056703,-4.054333,0.467479,,,,,,,,,,,,2.41618,4.39831,-1.10999,50,5.70291,6.31209,-119.14782,-6.50869,3.46063,23.6733,-25.8745,HAG_FLY,STA_YAN,HagerstownBallpark,Independent,ATL,20250912-HagerstownBallpark-1,c40993b0-902f-11f0-8fb6-ad1606e43f24,80.62919,,,6.63945,,,,,,,914508f2-8afe-4bc3-bf51-c0b16b905d95,2025-09-12,23:25:35.09,2025-09-12T19:25:35.0900000-04:00,2025-09-12T23:25:35.0900000Z,,v3,6089,586,,"Black, Mark",691773,Right,HAG_FLY,2cd74914-6775-4290-97e6-a7ac96e01cd7,54.99606,-120.13638,11.83665,5.95215,-5.42821,-12.93725,-1.37055,6.16758,1.73031,,,,,,,,,,,,,,,,,,,,,,,,,,,,,,,,,,,,,,,,,,,,,,,,,,,High,High,High,,,,,
88,2025-09-12,19:25:51.75,3,2,"Minaya, Julian",1000158661,Right,HAG_FLY,"Diaz, Eddy",677647,Right,STA_YAN,Undefined,3,Top,2,1,0,Undefined,Four-Seam,FoulBallNotFieldable,Undefined,Undefined,Undefined,0,0,,87.82366,-2.691562,-0.732597,2231.117753,210.738551,1:00,6.13088,0.64555,5.83505,-18.26906,18.24237,10.11697,2.10472,0.80767,80.02668,-6.151589,1.082011,0.434897,90.78839,-0.440363,-44.497345,3736.170296,,,,54.12943,49.24951,-46.499157,0.403023,-5.41941,10.49985,-0.59198,50,5.90073,1.21191,-127.40115,-6.52926,-8.85615,27.5727,-15.01563,HAG_FLY,STA_YAN,HagerstownBallpark,Independent,ATL,20250912-HagerstownBallpark-1,cde7ab60-902f-11f0-8fb6-ad1606e43f24,86.6699,2.45379,,7.79698,,,,1.99013,2.45379,-1.24236,914508f2-8afe-4bc3-bf51-c0b16b905d95,2025-09-12,23:25:51.75,2025-09-12T19:25:51.7540000-04:00,2025-09-12T23:25:51.7540000Z,GroundBall,v3,6089,586,,"Black, Mark",691773,Right,HAG_FLY,b9d19420-b24a-45ab-bab8-641128b7d5e2,54.66278,-128.40632,13.78635,6.12878,-5.98187,-7.50782,-0.64205,1.53476,-4.42807,,1.99587,94.78654,-18.11123,,,,,,,2.45483,-1.05731,-12.49646,,,,,,,-1.23792,-93.47018,-2.21206,,,,,,,,,,,,,,,,,,,,,,,,,,,,,High,High,High,Medium,High,,,
89,2025-09-12,19:26:25.63,3,3,"Minaya, Julian",1000158661,Right,HAG_FLY,"Diaz, Eddy",677647,Right,STA_YAN,Undefined,3,Top,2,1,1,Undefined,Four-Seam,BallCalled,Undefined,Undefined,Undefined,0,0,,90.18301,-5.022255,-2.947764,2394.308801,213.327975,1:00,6.04194,0.63473,6.14966,-15.33162,19.2541,11.84938,0.10581,-1.10387,81.93444,-7.956072,-0.813278,0.423272,,,,,,,,,,,,-7.07591,11.88477,-0.41661,50,5.65081,6.23273,-130.34531,-11.88067,-12.05821,29.81868,-11.92095,HAG_FLY,STA_YAN,HagerstownBallpark,Independent,ATL,20250912-HagerstownBallpark-1,e213b390-902f-11f0-8fb6-ad1606e43f24,89.05009,,,8.24856,,,,,,,914508f2-8afe-4bc3-bf51-c0b16b905d95,2025-09-12,23:26:25.63,2025-09-12T19:26:25.6330000-04:00,2025-09-12T23:26:25.6330000Z,,v3,6089,586,,"Black, Mark",691773,Right,HAG_FLY,e58990ba-1679-4d56-a41b-6fd7b82845c4,54.3485,-131.33633,14.90934,6.03908,-11.48448,-5.96047,-0.63042,6.63348,-6.0291,,,,,,,,,,,,,,,,,,,,,,,,,,,,,,,,,,,,,,,,,,,,,,,,,,,High,High,High,,,,,
90,2025-09-12,19:26:43.56,3,4,"Minaya, Julian",1000158661,Right,HAG_FLY,"Diaz, Eddy",677647,Right,STA_YAN,Undefined,3,Top,2,2,1,Undefined,Four-Seam,InPlay,Undefined,LineDrive,Double,0,0,,89.14229,-2.252746,-1.919987,2264.942053,219.375683,1:15,6.07868,0.73,6.00861,-18.92221,16.35824,12.43426,2.41258,-0.01321,81.00937,-5.844506,0.316395,0.427502,103.63341,19.186165,-10.802308,1701.013869,107.80774,35.47654,-21.8501,368.04142,366.93856,-11.78815,3.98727,-7.00347,9.45772,-0.58615,50,5.89142,3.82273,-129.31059,-5.6493,-11.76455,28.95459,-16.28682,HAG_FLY,STA_YAN,HagerstownBallpark,Independent,ATL,20250912-HagerstownBallpark-1,ecc45d80-902f-11f0-8fb6-ad1606e43f24,88.16899,48.79753,,8.13293,,,,1.66151,2.43889,0.01699,914508f2-8afe-4bc3-bf51-c0b16b905d95,2025-09-12,23:26:43.56,2025-09-12T19:26:43.5690000-04:00,2025-09-12T23:26:43.5690000Z,LineDrive,v3,6089,586,,"Black, Mark",691773,Right,HAG_FLY,e1716713-11a8-48e1-877d-769ad1d4ab89,54.4891,-130.31189,14.4773,6.07704,-5.08607,-8.14341,-0.72538,4.22956,-5.88227,163.117191,1.6608,141.02861,-25.90629,6.53545,-1.63536,0.40816,-0.0879,0.01224,-0.00073,2.43988,49.92471,-13.34066,-0.6924,0.6726,-0.28534,0.07567,-0.01054,0.00058,0.01728,-26.91307,1.40463,0.84335,-0.36629,0.07713,-0.00807,7E-05,4E-05,,,,,,,,,,,,,,,,,,,,,,,High,High,High,High,High,,,
91,2025-09-12,19:27:32.27,4,1,"Minaya, Julian",1000158661,Right,HAG_FLY,"Contreras, Mark",676628,Left,STA_YAN,Undefined,3,Top,2,0,0,Undefined,Slider,BallCalled,Undefined,Undefined,Undefined,0,0,,83.23411,-1.980309,-1.321948,2062.977654,162.785373,11:30,5.98247,1.42196,5.4467,-35.03262,6.70575,-1.60189,1.20782,0.0506,75.32156,-8.422001,-1.607507,0.464985,,,,,,,,,,,,0.37205,4.46666,-1.30407,50,5.7837,2.84836,-120.53713,-5.37351,0.53759,27.34351,-25.72024,HAG_FLY,STA_YAN,HagerstownBallpark,Independent,ATL,20250912-HagerstownBallpark-1,09d9bd20-9030-11f0-8fb6-ad1606e43f24,81.06161,,,7.91255,,,,,,,914508f2-8afe-4bc3-bf51-c0b16b905d95,2025-09-12,23:27:32.27,2025-09-12T19:27:32.2780000-04:00,2025-09-12T23:27:32.2780000Z,,v3,6089,586,,"Black, Mark",691773,Right,HAG_FLY,cd5021a4-ad3b-439c-a95d-621a9be28427,55.0489,-121.67707,13.67176,5.98536,-4.30124,-12.86012,-1.42235,2.82595,0.2688,,,,,,,,,,,,,,,,,,,,,,,,,,,,,,,,,,,,,,,,,,,,,,,,,,,High,High,High,,,,,
92,2025-09-12,19:27:50.10,4,2,"Minaya, Julian",1000158661,Right,HAG_FLY,"Contreras, Mark",676628,Left,STA_YAN,Undefined,3,Top,2,1,0,Undefined,Changeup,InPlay,Undefined,GroundBall,Out,1,0,,81.78875,-1.992819,-1.567505,1655.415818,229.32723,1:45,5.95762,1.20381,5.56427,-29.71147,12.89615,13.31245,1.61855,0.84848,74.56874,-7.497893,0.80943,0.469802,,,,,,,,,,,,-7.2563,7.54682,-1.07778,50,5.76629,2.71711,-118.59935,-5.07733,-10.25452,24.3355,-21.50895,HAG_FLY,STA_YAN,HagerstownBallpark,Independent,ATL,20250912-HagerstownBallpark-1,14749520-9030-11f0-8fb6-ad1606e43f24,80.23045,,,7.22001,,,,,,,914508f2-8afe-4bc3-bf51-c0b16b905d95,2025-09-12,23:27:50.10,2025-09-12T19:27:50.1070000-04:00,2025-09-12T23:27:50.1070000Z,,v3,6089,586,,"Black, Mark",691773,Right,HAG_FLY,c98e05f9-b5b9-4dcd-97ba-e6c822491fcf,54.93356,-119.60739,12.16775,5.95816,-4.18638,-10.75447,-1.19913,3.14188,-5.12726,,,,,,,,,,,,,,,,,,,,,,,,,,,,,,,,,,,,,,,,,,,,,,,,,,,High,High,High,,,,,
93,2025-09-12,19:30:15.68,1,1,"Kaminsky, Rob",641739,Left,STA_YAN,"Escanio, Brenny",691601,Right,HAG_FLY,Undefined,3,Bottom,0,0,0,Undefined,Changeup,BallCalled,Undefined,Undefined,Undefined,0,0,,87.52644,0.223084,3.078495,2436.35294,97.74474,9:15,5.59408,-2.51749,5.34734,-34.00191,3.62087,-17.04942,2.97014,-1.04795,79.29991,-6.024142,0.051902,0.441466,,,,,,,,,,,,9.44477,2.14882,2.25256,50,5.59013,-6.04865,-126.79129,-0.78128,15.22985,28.20551,-28.70907,HAG_FLY,STA_YAN,HagerstownBallpark,Independent,ATL,20250912-HagerstownBallpark-1,6b1fee10-9030-11f0-8fb6-ad1606e43f24,85.38021,,,8.22653,,,,,,,914508f2-8afe-4bc3-bf51-c0b16b905d95,2025-09-12,23:30:15.68,2025-09-12T19:30:15.6800000-04:00,2025-09-12T23:30:15.6800000Z,,v3,6089,586,,"Melfi, David",1000079653,Right,STA_YAN,16ae22b1-9c52-4d44-a562-0b55cc885c7b,55.14964,-127.93173,14.10276,5.59826,0.37952,-14.35453,2.50957,-6.66444,7.61492,,,,,,,,,,,,,,,,,,,,,,,,,,,,,,,,,,,,,,,,,,,,,,,,,,,High,High,High,,,,,
94,2025-09-12,19:30:30.28,1,2,"Kaminsky, Rob",641739,Left,STA_YAN,"Escanio, Brenny",691601,Right,HAG_FLY,Undefined,3,Bottom,0,1,0,Undefined,Slider,InPlay,Undefined,FlyBall,Out,1,0,,84.28492,0.896456,3.169556,2627.360737,127.999567,10:15,5.17021,-2.64519,5.48692,-36.6749,3.41323,-2.73378,2.95399,0.09525,76.98289,-5.834495,2.683679,0.4557,87.33444,56.995601,11.99404,,100.79771,139.41796,44.0432,198.12382,92.7355,27.926281,5.920377,2.2865,1.82599,2.3692,50,5.22393,-6.65275,-122.18838,0.62175,3.44912,24.57216,-29.41957,HAG_FLY,STA_YAN,HagerstownBallpark,Independent,ATL,20250912-HagerstownBallpark-1,73efa300-9030-11f0-8fb6-ad1606e43f24,82.71321,140.02911,,7.30202,,,,1.24126,3.11752,0.05193,914508f2-8afe-4bc3-bf51-c0b16b905d95,2025-09-12,23:30:30.28,2025-09-12T19:30:30.2880000-04:00,2025-09-12T23:30:30.2880000Z,FlyBall,v3,6089,586,,"Melfi, David",1000079653,Right,STA_YAN,f864b0a7-91d7-4d99-9a53-bce1356ad201,55.0113,-123.19204,12.28608,5.174,1.8234,-14.70978,2.64381,-6.79363,1.72456,,1.24822,68.09542,-21.53055,5.79226,-0.76569,-0.068,0.04471,-0.00646,0.00032,3.1011,107.688,-26.66841,3.45639,-0.89489,0.1963,-0.02397,0.00095,3E-05,0.05404,14.48119,3.23936,-1.65494,0.41673,-0.04463,-0.00348,0.00128,-8E-05,,,,,,,,,,,,,,,,,,,,,,,High,High,High,High,Low,,,
95,2025-09-12,19:31:03.94,2,1,"Kaminsky, Rob",641739,Left,STA_YAN,"Williams, Tyler",1000053915,Right,HAG_FLY,Undefined,3,Bottom,1,0,0,Undefined,Slider,StrikeCalled,Undefined,Undefined,Undefined,0,0,,85.71176,0.342889,2.055026,2664.553429,130.645066,10:15,5.60146,-2.30511,5.4459,-35.28561,3.59496,-2.69701,2.98224,-0.60502,78.08527,-6.138539,1.575105,0.448784,,,,,,,,,,,,1.95091,2.11992,2.12543,50,5.60772,-4.3424,-124.30022,-0.53809,3.03686,26.08759,-28.87406,HAG_FLY,STA_YAN,HagerstownBallpark,Independent,ATL,20250912-HagerstownBallpark-1,87e50ad0-9030-11f0-8fb6-ad1606e43f24,83.98784,,,7.6265,,,,,,,914508f2-8afe-4bc3-bf51-c0b16b905d95,2025-09-12,23:31:03.94,2025-09-12T19:31:03.9410000-04:00,2025-09-12T23:31:03.9410000Z,,v3,6089,586,,"Melfi, David",1000079653,Right,STA_YAN,f84eceaf-34c3-440f-96ac-81a46432a1b9,55.05016,-125.35565,13.04379,5.60586,0.63007,-14.43703,2.30359,-4.46526,1.51843,,,,,,,,,,,,,,,,,,,,,,,,,,,,,,,,,,,,,,,,,,,,,,,,,,,High,High,High,,,,,
96,2025-09-12,19:31:16.39,2,2,"Kaminsky, Rob",641739,Left,STA_YAN,"Williams, Tyler",1000053915,Right,HAG_FLY,Undefined,3,Bottom,1,0,1,Undefined,Sinker,BallCalled,Undefined,Undefined,Undefined,0,0,,90.12642,-2.323807,4.203994,2533.601769,96.483468,9:15,5.76258,-2.18249,5.29132,-32.25663,3.65559,-20.47619,0.88551,0.0656,81.3977,-8.228343,0.573808,0.431313,,,,,,,,,,,,11.65276,2.95099,1.81495,50,5.527,-8.63305,-130.22532,-6.54196,19.68757,31.46494,-27.18831,HAG_FLY,STA_YAN,HagerstownBallpark,Independent,ATL,20250912-HagerstownBallpark-1,8f6890b0-9030-11f0-8fb6-ad1606e43f24,87.38997,,,8.72873,,,,,,,914508f2-8afe-4bc3-bf51-c0b16b905d95,2025-09-12,23:31:16.39,2025-09-12T19:31:16.3950000-04:00,2025-09-12T23:31:16.3950000Z,,v3,6089,586,,"Melfi, David",1000079653,Right,STA_YAN,f61f9b9e-92a7-4d4c-9b6b-30b6ac4b3c61,55.20667,-131.47733,15.73247,5.76579,-5.46012,-13.59415,2.17406,-9.41643,9.84379,,,,,,,,,,,,,,,,,,,,,,,,,,,,,,,,,,,,,,,,,,,,,,,,,,,High,High,High,,,,,
97,2025-09-12,19:31:33.73,2,3,"Kaminsky, Rob",641739,Left,STA_YAN,"Williams, Tyler",1000053915,Right,HAG_FLY,Undefined,3,Bottom,1,1,1,Undefined,Changeup,InPlay,Undefined,LineDrive,Single,0,0,,82.64406,0.613258,3.565886,1939.984815,93.613744,9:00,5.28275,-2.61488,5.00026,-40.23231,2.26803,-14.04981,2.51014,-0.41505,75.45952,-6.695148,1.089875,0.46921,106.22648,9.819699,-23.26053,1455.798138,100.38739,9.55186,-44.96939,174.38961,174.38961,-25.639027,1.341702,8.04516,1.29272,2.28405,50,5.30897,-6.86174,-119.70889,-0.20778,11.64536,23.64193,-30.30286,HAG_FLY,STA_YAN,HagerstownBallpark,Independent,ATL,20250912-HagerstownBallpark-1,99b9dc90-9030-11f0-8fb6-ad1606e43f24,80.33166,10.22455,,7.18454,,,,2.44809,2.55985,0.61592,914508f2-8afe-4bc3-bf51-c0b16b905d95,2025-09-12,23:31:33.73,2025-09-12T19:31:33.7300000-04:00,2025-09-12T23:31:33.7300000Z,LineDrive,v3,6089,586,,"Melfi, David",1000079653,Right,STA_YAN,972c9315-81f1-49de-8708-ecec5dc7590e,55.49946,-120.79013,11.82097,5.28678,1.17809,-15.15143,2.61004,-7.39432,5.82268,,2.44809,141.03804,-23.39557,4.23152,-1.04647,0.25097,-0.05811,0.01101,-0.00113,2.55985,26.57118,-24.83735,3.48948,-0.80341,0.204,-0.046,0.00852,-0.00089,0.61592,-60.62543,3.6955,-0.75305,0.1777,-0.04323,0.00992,-0.00184,0.00019,,,,,,,,,,,,,,,,,,,,,,,High,High,High,Medium,High,,,
98,2025-09-12,19:32:07.02,3,1,"Kaminsky, Rob",641739,Left,STA_YAN,"Takacs, Aaron",1000235182,Left,HAG_FLY,Undefined,3,Bottom,1,0,0,Undefined,Sinker,StrikeCalled,Undefined,Undefined,Undefined,0,0,,89.6569,-0.660713,3.771873,2533.503956,90.621737,9:00,5.56921,-2.24342,5.4723,-34.511,1.5898,-20.27757,2.07364,-0.39843,80.51374,-7.014761,0.164337,0.432444,,,,,,,,,,,,11.40879,1.45079,1.92557,50,5.4879,-7.61308,-129.67363,-2.8149,19.03492,32.20552,-29.75349,HAG_FLY,STA_YAN,HagerstownBallpark,Independent,ATL,20250912-HagerstownBallpark-1,ad961710-9030-11f0-8fb6-ad1606e43f24,87.16145,,,9.14316,,,,,,,914508f2-8afe-4bc3-bf51-c0b16b905d95,2025-09-12,23:32:07.02,2025-09-12T19:32:07.0270000-04:00,2025-09-12T23:32:07.0270000Z,,v3,6089,586,,"Melfi, David",1000079653,Right,STA_YAN,07fc38da-604d-4eb8-b1e0-ad770a47766c,55.02376,-130.91537,16.10276,5.57432,-1.6677,-14.87675,2.23326,-8.34701,9.51746,,,,,,,,,,,,,,,,,,,,,,,,,,,,,,,,,,,,,,,,,,,,,,,,,,,High,High,High,,,,,
99,2025-09-12,19:32:22.34,3,2,"Kaminsky, Rob",641739,Left,STA_YAN,"Takacs, Aaron",1000235182,Left,HAG_FLY,Undefined,3,Bottom,1,0,1,Undefined,Cutter,FoulBallNotFieldable,Undefined,Undefined,Undefined,0,0,,87.39488,-0.679889,2.139411,2679.384643,132.318813,10:30,5.47259,-2.22633,5.41154,-32.73935,4.7313,-3.8304,2.10689,-0.5403,79.6578,-6.68986,1.458007,0.440572,73.5591,59.831634,-77.415403,5818.622469,,,,,64.10516,,,2.56768,2.93276,2.03883,50,5.3893,-4.56784,-126.73811,-2.70583,4.15066,27.38923,-27.43322,HAG_FLY,STA_YAN,HagerstownBallpark,Independent,ATL,20250912-HagerstownBallpark-1,b6bb3f00-9030-11f0-8fb6-ad1606e43f24,85.55339,94.22054,,7.73708,,,,,,,914508f2-8afe-4bc3-bf51-c0b16b905d95,2025-09-12,23:32:22.34,2025-09-12T19:32:22.3480000-04:00,2025-09-12T23:32:22.3480000Z,,v3,6089,586,,"Melfi, David",1000079653,Right,STA_YAN,8e8d290e-53fa-4c2e-9bee-632fa46d1398,55.08608,-127.83253,13.69462,5.47552,-1.60966,-13.71661,2.22466,-4.73369,2.07533,,3.69494,11.81098,-11.0824,3.65796,-1.0382,1.02437,-1.16243,0.65028,-0.13971,15.03583,93.27379,-26.34691,2.97412,-0.56548,0.08794,0.02215,-0.02877,0.00763,-6.84187,-52.91501,6.5317,-1.19143,0.19911,-0.08508,0.06633,-0.03122,0.00614,,,,,,,,,,,,,,,,,,,,,,,High,High,High,Medium,Undefined,,,
100,2025-09-12,19:32:46.83,3,3,"Kaminsky, Rob",641739,Left,STA_YAN,"Takacs, Aaron",1000235182,Left,HAG_FLY,Undefined,3,Bottom,1,0,2,Undefined,Sinker,StrikeSwinging,Strikeout,Undefined,Undefined,0,0,,91.91241,-0.485934,4.444716,2501.709485,84.09508,8:45,5.61282,-2.20628,5.5128,-34.53222,-0.77004,-18.07989,2.27936,0.4516,83.87931,-6.800023,1.230739,0.418203,,,,,,,,,,,,10.36682,0.09449,1.83057,50,5.54718,-9.51508,-133.10519,-2.49067,18.5539,29.20776,-32.00495,HAG_FLY,STA_YAN,HagerstownBallpark,Independent,ATL,20250912-HagerstownBallpark-1,c5317c70-9030-11f0-8fb6-ad1606e43f24,90.12963,,,8.0331,,,,,,,914508f2-8afe-4bc3-bf51-c0b16b905d95,2025-09-12,23:32:46.83,2025-09-12T19:32:46.8380000-04:00,2025-09-12T23:32:46.8380000Z,,v3,6089,586,,"Melfi, David",1000079653,Right,STA_YAN,de21d02c-f4c4-4f5d-8ca3-e1e2c4124cf4,54.98644,-134.19492,14.60388,5.61783,-1.29657,-16.00247,2.19848,-10.20731,9.27695,,,,,,,,,,,,,,,,,,,,,,,,,,,,,74.48977,2.106576,0.759603,1.346973,-0.71758,2.01964,-0.49505,-1.53639,5.39021,1.4775,127.27834,-1.28848,-1.48908,-1.40002,107.17205,-8.76029,5.41025,10.69019,-11.65114,1.45908,-3.49928,0.98868,High,High,High,,,High,High,High
101,2025-09-12,19:33:28.38,4,1,"Kaminsky, Rob",641739,Left,STA_YAN,"Arbolida, Cary",812364,Right,HAG_FLY,Undefined,3,Bottom,2,0,0,Undefined,Cutter,StrikeSwinging,Undefined,Undefined,Undefined,0,0,,87.19507,-1.025582,3.839009,2651.525274,114.307102,9:45,5.66282,-2.19407,5.53368,-35.15022,2.35126,-2.51827,1.77274,1.18984,79.77369,-7.454467,3.391165,0.440753,,,,,,,,,,,,2.38662,1.83677,1.86216,50,5.55019,-8.36774,-126.30304,-3.54646,3.84066,26.63389,-29.21826,HAG_FLY,STA_YAN,HagerstownBallpark,Independent,ATL,20250912-HagerstownBallpark-1,de0f9b00-9030-11f0-8fb6-ad1606e43f24,85.51824,,,7.42138,,,,,,,914508f2-8afe-4bc3-bf51-c0b16b905d95,2025-09-12,23:33:28.38,2025-09-12T19:33:28.3820000-04:00,2025-09-12T23:33:28.3820000Z,,v3,6089,586,,"Melfi, David",1000079653,Right,STA_YAN,c62e3fa1-651e-478d-aee1-671b2016eb02,54.96432,-127.34558,13.31695,5.66663,-2.40276,-14.60913,2.19264,-8.51808,1.92033,,,,,,,,,,,,,,,,,,,,,,,,,,,,,,,,,,,,,,,,,,,,,,,,,,,High,High,High,,,,,
102,2025-09-12,19:33:58.59,4,2,"Kaminsky, Rob",641739,Left,STA_YAN,"Arbolida, Cary",812364,Right,HAG_FLY,Undefined,3,Bottom,2,0,1,Undefined,Sinker,StrikeCalled,Undefined,Undefined,Undefined,0,0,,90.77014,0.658497,3.409776,2552.717853,90.41575,9:00,5.62716,-2.23318,5.74883,-33.05943,1.2613,-17.01761,3.48636,-0.47319,82.50979,-5.442686,0.368062,0.421648,,,,,,,,,,,,9.63764,0.79965,1.9602,50,5.66185,-7.08706,-131.6067,0.28908,16.81237,29.33098,-30.77912,HAG_FLY,STA_YAN,HagerstownBallpark,Independent,ATL,20250912-HagerstownBallpark-1,eff73170-9030-11f0-8fb6-ad1606e43f24,89.39325,,,8.26034,,,,,,,914508f2-8afe-4bc3-bf51-c0b16b905d95,2025-09-12,23:33:58.59,2025-09-12T19:33:58.5990000-04:00,2025-09-12T23:33:58.5990000Z,,v3,6089,586,,"Melfi, David",1000079653,Right,STA_YAN,eb20a082-d796-45dd-834e-067eb97b59ff,54.74959,-132.66101,14.66549,5.63157,1.39545,-15.38956,2.2258,-7.69139,8.40618,,,,,,,,,,,,,,,,,,,,,,,,,,,,,,,,,,,,,,,,,,,,,,,,,,,High,High,High,,,,,
103,2025-09-12,19:34:15.82,4,3,"Kaminsky, Rob",641739,Left,STA_YAN,"Arbolida, Cary",812364,Right,HAG_FLY,Undefined,3,Bottom,2,0,2,Undefined,Slider,BallCalled,Undefined,Undefined,Undefined,0,0,,84.95419,-0.332953,2.545541,2599.280089,89.526778,9:00,5.00433,-2.79002,5.14449,-38.75817,1.30347,-1.97693,1.46069,-0.55653,77.56103,-7.381664,2.19567,0.45555,,,,,,,,,,,,1.73067,1.14547,2.55326,50,4.94338,-5.38637,-123.11998,-2.18287,2.64244,25.6538,-30.42509,HAG_FLY,STA_YAN,HagerstownBallpark,Independent,ATL,20250912-HagerstownBallpark-1,fa621fd0-9030-11f0-8fb6-ad1606e43f24,82.74056,,,7.39316,,,,,,,914508f2-8afe-4bc3-bf51-c0b16b905d95,2025-09-12,23:34:15.82,2025-09-12T19:34:15.8220000-04:00,2025-09-12T23:34:15.8220000Z,,v3,6089,586,,"Melfi, David",1000079653,Right,STA_YAN,0aa3b9d1-9398-4ac0-9f45-ccf7652739b5,55.35268,-124.23029,12.8269,5.00936,-0.86607,-15.21254,2.78886,-5.50074,1.32122,,,,,,,,,,,,,,,,,,,,,,,,,,,,,,,,,,,,,,,,,,,,,,,,,,,High,High,High,,,,,
104,2025-09-12,19:34:35.45,4,4,"Kaminsky, Rob",641739,Left,STA_YAN,"Arbolida, Cary",812364,Right,HAG_FLY,Undefined,3,Bottom,2,1,2,Undefined,Cutter,StrikeSwinging,Strikeout,Undefined,Undefined,0,0,,86.84641,-1.25853,2.882293,2597.718927,338.862596,5:15,5.63692,-2.19601,5.21674,-38.85687,-0.40929,0.6663,1.21383,0.57188,79.10637,-8.315082,3.00037,0.446278,,,,,,,,,,,,0.55744,0.54012,1.92919,50,5.49137,-6.36158,-125.7677,-4.25432,0.88323,28.06684,-31.31825,HAG_FLY,STA_YAN,HagerstownBallpark,Independent,ATL,20250912-HagerstownBallpark-1,0613e610-9031-11f0-8fb6-ad1606e43f24,84.45947,,,7.74004,,,,,,,914508f2-8afe-4bc3-bf51-c0b16b905d95,2025-09-12,23:34:35.45,2025-09-12T19:34:35.4590000-04:00,2025-09-12T23:34:35.4590000Z,,v3,6089,586,,"Melfi, David",1000079653,Right,STA_YAN,af9e84c5-6ec3-4372-b1d0-bc643ba617ac,55.28101,-126.94076,14.03342,5.64183,-2.94537,-15.65913,2.19584,-6.39849,0.44161,,,,,,,,,,,,,,,,,,,,,,,,,,,,,42.85356,3.442212,1.747046,1.695166,1.65959,1.2493,-0.55915,-3.31633,6.78096,-5.08327,60.09779,8.43409,-64.84711,-3.24101,40.20102,-1.67323,6.9334,26.53444,-15.12666,-5.17613,-38.37786,1.87396,High,High,High,,,High,High,High
105,2025-09-12,19:37:00.33,1,1,"Minaya, Julian",1000158661,Right,HAG_FLY,"Dearden, Tyler",676280,Left,STA_YAN,Undefined,4,Top,0,0,0,Undefined,Four-Seam,InPlay,Undefined,FlyBall,HomeRun,0,1,,87.24775,-2.344484,-1.58686,2237.986619,205.862305,12:45,6.12378,0.4721,6.00777,-17.90552,18.863,8.54146,2.45758,-0.28662,79.41169,-5.758325,-0.050626,0.436425,102.1618,24.36373,19.408931,1518.059643,102.18872,44.28762,40.71092,374.01619,356.70507,26.243171,4.2703,-4.89461,10.78812,-0.35228,50,5.92988,3.16521,-126.58987,-5.68585,-7.89208,27.37156,-14.77921,HAG_FLY,STA_YAN,HagerstownBallpark,Independent,ATL,20250912-HagerstownBallpark-1,5c67d030-9031-11f0-8fb6-ad1606e43f24,86.36638,60.93623,,7.83606,,,,1.91813,2.57288,0.44367,914508f2-8afe-4bc3-bf51-c0b16b905d95,2025-09-12,23:37:00.33,2025-09-12T19:37:00.3300000-04:00,2025-09-12T23:37:00.3300000Z,LineDrive,v3,6089,586,,"Black, Mark",691773,Right,HAG_FLY,ff3edec6-eb80-4cf7-bd56-1ad43afe9c48,54.49005,-127.55702,13.68578,6.12156,-5.16364,-7.38961,-0.46905,3.44407,-3.94604,,1.91897,128.7191,-23.71082,5.65313,-1.24493,0.24789,-0.04892,0.00712,-0.00045,2.57296,61.80585,-18.07222,0.84741,0.16615,-0.14974,0.05259,-0.00868,0.00054,0.44367,45.3601,0.21441,-1.55574,0.57986,-0.12516,0.01439,-0.00032,-5E-05,,,,,,,,,,,,,,,,,,,,,,,High,High,High,High,High,,,
106,2025-09-12,19:37:43.50,2,1,"Minaya, Julian",1000158661,Right,HAG_FLY,"Brown, Vaun",673901,Right,STA_YAN,Undefined,4,Top,0,0,0,Undefined,Four-Seam,BallCalled,Undefined,Undefined,Undefined,0,0,,87.21017,-0.853232,-1.586225,2283.405594,222.050587,1:30,6.14497,0.58756,5.9453,-21.12222,16.0656,13.27324,3.59303,0.22201,78.57178,-4.872754,0.798289,0.438906,,,,,,,,,,,,-7.26638,8.88977,-0.46846,50,6.06529,2.93956,-126.45968,-2.50415,-11.58607,29.48611,-17.9995,HAG_FLY,STA_YAN,HagerstownBallpark,Independent,ATL,20250912-HagerstownBallpark-1,76093ec0-9031-11f0-8fb6-ad1606e43f24,85.87815,,,8.6384,,,,,,,914508f2-8afe-4bc3-bf51-c0b16b905d95,2025-09-12,23:37:43.50,2025-09-12T19:37:43.5040000-04:00,2025-09-12T23:37:43.5040000Z,,v3,6089,586,,"Black, Mark",691773,Right,HAG_FLY,c3cff2b5-a4c5-4210-b9ce-2d76ec0bb7d6,54.54913,-127.51597,14.74305,6.14345,-1.85935,-8.99975,-0.5812,3.35461,-5.79303,,,,,,,,,,,,,,,,,,,,,,,,,,,,,,,,,,,,,,,,,,,,,,,,,,,High,High,High,,,,,
107,2025-09-12,19:38:03.23,2,2,"Minaya, Julian",1000158661,Right,HAG_FLY,"Brown, Vaun",673901,Right,STA_YAN,Undefined,4,Top,0,1,0,Undefined,Changeup,StrikeCalled,Undefined,Undefined,Undefined,0,0,,80.64204,0.019784,-2.652788,1650.060122,257.345797,2:30,5.8126,1.45372,5.54146,-37.9501,6.10945,20.28765,2.6686,0.66334,73.08459,-6.985519,0.965114,0.47774,,,,,,,,,,,,-11.0515,3.54225,-1.23746,50,5.78941,4.59383,-116.88166,-1.21921,-15.10169,24.53747,-27.33362,HAG_FLY,STA_YAN,HagerstownBallpark,Independent,ATL,20250912-HagerstownBallpark-1,81f1cc70-9031-11f0-8fb6-ad1606e43f24,78.89742,,,7.55744,,,,,,,914508f2-8afe-4bc3-bf51-c0b16b905d95,2025-09-12,23:38:03.23,2025-09-12T19:38:03.2380000-04:00,2025-09-12T23:38:03.2380000Z,,v3,6089,586,,"Black, Mark",691773,Right,HAG_FLY,518f3ff9-69ec-4974-ab8d-61e8b41c09f1,54.95583,-117.91747,12.26874,5.81653,-0.06536,-13.66681,-1.44484,5.23132,-7.55084,,,,,,,,,,,,,,,,,,,,,,,,,,,,,,,,,,,,,,,,,,,,,,,,,,,High,High,High,,,,,
108,2025-09-12,19:38:19.96,2,3,"Minaya, Julian",1000158661,Right,HAG_FLY,"Brown, Vaun",673901,Right,STA_YAN,Undefined,4,Top,0,1,1,Undefined,Changeup,FoulBallNotFieldable,Undefined,Undefined,Undefined,0,0,,83.5249,-1.550587,-2.779583,1842.007319,248.534319,2:15,5.99006,1.07164,5.61433,-31.66616,9.12378,19.67324,1.90198,0.11483,76.11764,-7.403793,0.734124,0.459672,,,,,,,,,,,,-10.88162,5.47792,-0.84748,50,5.83715,5.0873,-121.09755,-4.33104,-16.03706,25.30858,-24.10083,HAG_FLY,STA_YAN,HagerstownBallpark,Independent,ATL,20250912-HagerstownBallpark-1,8be34510-9031-11f0-8fb6-ad1606e43f24,81.99856,,,7.40726,,,,,,,914508f2-8afe-4bc3-bf51-c0b16b905d95,2025-09-12,23:38:19.96,2025-09-12T19:38:19.9630000-04:00,2025-09-12T23:38:19.9630000Z,,v3,6089,586,,"Black, Mark",691773,Right,HAG_FLY,e1edc282-222e-4632-b0c2-204c593e1d97,54.88477,-122.11417,12.65429,5.99168,-3.36294,-12.05042,-1.06477,5.7315,-8.01853,,,,,,,,,,,,,,,,,,,,,,,,,,,,,,,,,,,,,,,,,,,,,,,,,,,High,High,High,,,,,
109,2025-09-12,19:38:42.77,2,4,"Minaya, Julian",1000158661,Right,HAG_FLY,"Brown, Vaun",673901,Right,STA_YAN,Undefined,4,Top,0,1,2,Undefined,Slider,BallCalled,Undefined,Undefined,Undefined,0,0,,83.97632,-1.836713,-2.225672,1982.815336,87.320578,9:00,5.87394,1.24645,5.4746,-39.55569,1.12354,-5.41473,0.85705,-1.28849,76.72758,-9.044263,-3.190935,0.459048,,,,,,,,,,,,2.06343,1.5,-1.04705,50,5.68549,4.95267,-121.70465,-5.30707,3.06207,26.25044,-29.94808,HAG_FLY,STA_YAN,HagerstownBallpark,Independent,ATL,20250912-HagerstownBallpark-1,9982aa80-9031-11f0-8fb6-ad1606e43f24,82.11007,,,7.24874,,,,,,,914508f2-8afe-4bc3-bf51-c0b16b905d95,2025-09-12,23:38:42.77,2025-09-12T19:38:42.7760000-04:00,2025-09-12T23:38:42.7760000Z,,v3,6089,586,,"Black, Mark",691773,Right,HAG_FLY,8b134ac4-1591-43e6-bb15-3a967f277b23,55.02358,-122.7834,13.12522,5.87829,-4.07637,-14.97404,-1.248,4.82683,1.53104,,,,,,,,,,,,,,,,,,,,,,,,,,,,,,,,,,,,,,,,,,,,,,,,,,,High,High,High,,,,,
110,2025-09-12,19:38:56.38,2,5,"Minaya, Julian",1000158661,Right,HAG_FLY,"Brown, Vaun",673901,Right,STA_YAN,Undefined,4,Top,0,2,2,Undefined,Four-Seam,InPlay,Undefined,LineDrive,Double,0,0,,89.5343,-3.180652,-2.201072,2319.057039,202.104815,12:45,6.10002,0.60945,6.01414,-13.75379,21.33714,8.16426,2.00233,-0.75012,81.17011,-5.847028,-0.733666,0.426352,99.48484,26.555871,15.327992,3181.610502,104.55061,50.34329,34.19243,357.12433,347.04608,24.320779,4.641456,-4.8891,12.32827,-0.44133,50,5.84287,4.64733,-129.72497,-7.56107,-8.25187,29.55536,-11.36636,HAG_FLY,STA_YAN,HagerstownBallpark,Independent,ATL,20250912-HagerstownBallpark-1,a19047f0-9031-11f0-8fb6-ad1606e43f24,88.40678,70.92531,,8.36419,,,,1.56812,2.02046,0.74478,914508f2-8afe-4bc3-bf51-c0b16b905d95,2025-09-12,23:38:56.38,2025-09-12T19:38:56.3810000-04:00,2025-09-12T23:38:56.3810000Z,FlyBall,v3,6089,586,,"Black, Mark",691773,Right,HAG_FLY,fb50b092-37a5-4beb-89d1-cff5b288cf66,54.48295,-130.74233,14.77768,6.0964,-7.16982,-5.68318,-0.60619,4.93138,-4.12594,209.604241,1.56678,125.90112,-26.22256,6.33179,-1.45221,0.31706,-0.05779,0.00679,-0.00035,2.02278,65.18375,-16.9052,0.75371,0.04561,-0.07136,0.02304,-0.00319,0.00016,0.74468,34.50674,-0.08518,-0.31418,0.01798,0.03309,-0.01219,0.00178,-0.0001,,,,,,,,,,,,,,,,,,,,,,,High,High,High,High,High,,,
111,2025-09-12,19:39:45.92,3,1,"Minaya, Julian",1000158661,Right,HAG_FLY,"Sandoval, Pablo",467055,Left,STA_YAN,Undefined,4,Top,0,0,0,Undefined,Four-Seam,FoulBallNotFieldable,Undefined,Undefined,Undefined,0,0,,88.58309,-2.922341,-1.628993,2267.346981,211.255012,1:00,6.19304,0.71257,5.79787,-16.85021,19.2197,10.90465,2.06731,0.10575,80.45094,-6.131755,0.324689,0.432259,72.91148,43.572266,-132.780415,3829.62217,,,,,32.21971,,,-6.09445,11.08233,-0.58546,50,5.94282,3.1948,-128.39644,-7.04579,-10.0873,28.69363,-13.83103,HAG_FLY,STA_YAN,HagerstownBallpark,Independent,ATL,20250912-HagerstownBallpark-1,bf15f590-9031-11f0-8fb6-ad1606e43f24,87.19876,29.70854,,8.13216,,,,2.24254,2.11208,-0.07849,914508f2-8afe-4bc3-bf51-c0b16b905d95,2025-09-12,23:39:45.92,2025-09-12T19:39:45.9290000-04:00,2025-09-12T23:39:45.9290000Z,,v3,6089,586,,"Black, Mark",691773,Right,HAG_FLY,1df8c91c-6d7c-4096-b54f-9307e0f81eff,54.69978,-129.44247,14.34681,6.19049,-6.54158,-6.91552,-0.70863,3.56253,-5.04365,,2.25051,-52.85929,1.46339,,,,,,,2.14081,72.87333,-29.6809,,,,,,,-0.09987,-56.24304,13.35125,,,,,,,,,,,,,,,,,,,,,,,,,,,,,High,High,High,High,Undefined,,,
112,2025-09-12,19:40:10.49,3,2,"Minaya, Julian",1000158661,Right,HAG_FLY,"Sandoval, Pablo",467055,Left,STA_YAN,Undefined,4,Top,0,0,1,Undefined,Four-Seam,FoulBallNotFieldable,Undefined,Undefined,Undefined,0,0,,88.99601,-1.756899,-0.654126,2297.629041,209.411476,1:00,6.19086,0.62514,5.78735,-17.86643,17.91741,9.39071,3.06694,0.79915,80.53978,-5.159988,1.028424,0.430541,90.97039,29.673232,-44.01578,3100.87224,75.13605,56.11511,-80.34019,340.61515,174.89144,-53.841436,4.68178,-5.01811,10.06741,-0.5771,50,6.03568,1.0752,-129.09196,-4.49164,-8.36825,29.82567,-15.38546,HAG_FLY,STA_YAN,HagerstownBallpark,Independent,ATL,20250912-HagerstownBallpark-1,cdbbce80-9031-11f0-8fb6-ad1606e43f24,87.54661,72.90503,,8.45624,,,,1.8796,3.25609,-0.68964,914508f2-8afe-4bc3-bf51-c0b16b905d95,2025-09-12,23:40:10.49,2025-09-12T19:40:10.4990000-04:00,2025-09-12T23:40:10.4990000Z,FlyBall,v3,6089,586,,"Black, Mark",691773,Right,HAG_FLY,ba38fa83-bfe9-4a6f-8720-0d68637d8929,54.70951,-130.17551,14.91284,6.18871,-3.9327,-7.69273,-0.62168,1.37922,-4.18413,,1.8802,83.35669,-19.46977,4.76209,-1.04468,0.20943,-0.03722,0.00471,-0.00027,3.25741,66.01699,-17.09621,0.53393,0.28682,-0.19436,0.05827,-0.0084,0.00047,-0.69008,-80.54458,8.91889,-1.59189,0.25984,-0.0508,0.0122,-0.00201,0.00013,,,,,,,,,,,,,,,,,,,,,,,High,High,High,High,Low,,,
113,2025-09-12,19:40:41.91,3,3,"Minaya, Julian",1000158661,Right,HAG_FLY,"Sandoval, Pablo",467055,Left,STA_YAN,Undefined,4,Top,0,0,2,Undefined,Changeup,BallCalled,Undefined,Undefined,Undefined,0,0,,83.82497,0.074309,-1.174663,1619.195579,232.510503,1:45,5.90707,1.32876,5.75673,-26.03789,14.04977,16.60895,3.80643,1.61927,76.34763,-4.804476,1.798914,0.455697,,,,,,,,,,,,-8.73867,7.52386,-1.2413,50,5.89754,1.80924,-121.69439,-0.65143,-13.05137,24.78801,-20.937,HAG_FLY,STA_YAN,HagerstownBallpark,Independent,ATL,20250912-HagerstownBallpark-1,e065ca90-9031-11f0-8fb6-ad1606e43f24,82.71373,,,7.47734,,,,,,,914508f2-8afe-4bc3-bf51-c0b16b905d95,2025-09-12,23:40:41.91,2025-09-12T19:40:41.9190000-04:00,2025-09-12T23:40:41.9190000Z,,v3,6089,586,,"Black, Mark",691773,Right,HAG_FLY,800efa35-464b-4d61-956e-ba77aea57530,54.73948,-122.65598,12.39401,5.90706,0.16077,-10.4685,-1.3213,2.31554,-6.52569,,,,,,,,,,,,,,,,,,,,,,,,,,,,,,,,,,,,,,,,,,,,,,,,,,,High,High,High,,,,,
114,2025-09-12,19:41:01.37,3,4,"Minaya, Julian",1000158661,Right,HAG_FLY,"Sandoval, Pablo",467055,Left,STA_YAN,Undefined,4,Top,0,1,2,Undefined,Four-Seam,BallCalled,Undefined,Undefined,Undefined,0,0,,89.60437,-0.567242,0.754881,2294.514928,209.144242,1:00,6.24829,0.61357,5.68108,-16.12544,19.40639,10.11489,4.37569,2.16018,80.75796,-3.665015,2.562278,0.429023,,,,,,,,,,,,-4.85,10.36859,-0.68338,50,6.19062,-2.16727,-129.91627,-1.74312,-8.17315,30.77049,-14.70099,HAG_FLY,STA_YAN,HagerstownBallpark,Independent,ATL,20250912-HagerstownBallpark-1,ebf9cfa0-9031-11f0-8fb6-ad1606e43f24,87.85649,,,8.84641,,,,,,,914508f2-8afe-4bc3-bf51-c0b16b905d95,2025-09-12,23:41:01.37,2025-09-12T19:41:01.3740000-04:00,2025-09-12T23:41:01.3740000Z,,v3,6089,586,,"Black, Mark",691773,Right,HAG_FLY,f2cf94db-86f6-45b0-9ebc-c446194cb240,54.81271,-131.0512,15.38524,6.24492,-1.2009,-7.3505,-0.609,-1.86581,-4.08658,,,,,,,,,,,,,,,,,,,,,,,,,,,,,,,,,,,,,,,,,,,,,,,,,,,High,High,High,,,,,
115,2025-09-12,19:41:21.62,3,5,"Minaya, Julian",1000158661,Right,HAG_FLY,"Sandoval, Pablo",467055,Left,STA_YAN,Undefined,4,Top,0,2,2,Undefined,Curveball,BallCalled,Undefined,Undefined,Undefined,0,0,,79.207,1.848836,1.094903,1928.481806,65.224451,8:15,5.95414,1.25832,5.10596,-48.36829,-1.4598,-7.03618,3.66632,1.7037,71.01224,-6.993976,-0.150222,0.492944,,,,,,,,,,,,3.82713,-0.75295,-1.35591,50,6.09139,-1.88703,-114.58407,1.95469,4.97514,25.55654,-33.15286,HAG_FLY,STA_YAN,HagerstownBallpark,Independent,ATL,20250912-HagerstownBallpark-1,f81a8450-9031-11f0-8fb6-ad1606e43f24,76.46401,,,8.19476,,,,,,,914508f2-8afe-4bc3-bf51-c0b16b905d95,2025-09-12,23:41:21.62,2025-09-12T19:41:21.6290000-04:00,2025-09-12T23:41:21.6290000Z,,v3,6089,586,,"Black, Mark",691773,Right,HAG_FLY,02ef16e3-1117-4136-9187-7ee3d1178cc4,55.38768,-115.77948,12.77827,5.96369,3.50543,-16.57643,-1.26219,-2.11975,2.48757,,,,,,,,,,,,,,,,,,,,,,,,,,,,,,,,,,,,,,,,,,,,,,,,,,,High,High,High,,,,,
116,2025-09-12,19:42:00.19,3,6,"Minaya, Julian",1000158661,Right,HAG_FLY,"Sandoval, Pablo",467055,Left,STA_YAN,Undefined,4,Top,0,3,2,Undefined,Changeup,FoulBallNotFieldable,Undefined,Undefined,Undefined,0,0,,81.66095,-1.938831,-1.69623,1705.994466,236.971151,2:00,5.76899,1.38674,5.70278,-30.78069,11.70264,15.78828,1.39591,1.12148,74.53846,-7.644455,1.130495,0.469116,66.29422,42.48122,-147.855337,3088.898976,,,,,41.73224,,,-8.61485,6.94441,-1.25483,50,5.58728,2.89708,-118.46164,-4.98022,-12.15125,24.19134,-22.37893,HAG_FLY,STA_YAN,HagerstownBallpark,Independent,ATL,20250912-HagerstownBallpark-1,0f243100-9032-11f0-8fb6-ad1606e43f24,80.34772,32.36136,,7.12249,,,,3.06849,1.50136,-1.02489,914508f2-8afe-4bc3-bf51-c0b16b905d95,2025-09-12,23:42:00.19,2025-09-12T19:42:00.1960000-04:00,2025-09-12T23:42:00.1960000Z,,v3,6089,586,,"Black, Mark",691773,Right,HAG_FLY,0ecf3674-f4fb-40e9-9fd3-7a2bd85ff385,54.79588,-119.437,12.09567,5.76988,-4.07793,-11.18947,-1.38151,3.387,-6.07562,,3.06849,-60.71548,1.7173,-0.28069,-0.8312,2.26068,-3.25471,2.54314,-0.83706,1.50136,65.6652,-29.2656,4.1875,-1.55513,1.85229,-2.43913,1.89336,-0.62565,-1.0249,-38.15172,7.48004,-1.1358,-4.4283,11.8844,-17.09487,13.35712,-4.39678,,,,,,,,,,,,,,,,,,,,,,,High,High,High,High,Undefined,,,
117,2025-09-12,19:42:35.67,3,7,"Minaya, Julian",1000158661,Right,HAG_FLY,"Sandoval, Pablo",467055,Left,STA_YAN,Undefined,4,Top,0,3,2,Undefined,Four-Seam,StrikeSwinging,Strikeout,Undefined,Undefined,0,0,,88.94912,-1.367527,-1.020975,2212.456695,202.926881,12:45,6.13712,0.60944,6.22982,-15.60528,19.26363,7.67567,3.57461,0.30706,81.2083,-4.371154,0.365368,0.425002,,,,,,,,,,,,-4.25059,10.69745,-0.53681,50,6.02702,1.9903,-129.23065,-3.4865,-7.18022,27.21002,-14.10367,HAG_FLY,STA_YAN,HagerstownBallpark,Independent,ATL,20250912-HagerstownBallpark-1,2429a940-9032-11f0-8fb6-ad1606e43f24,88.68775,,,7.74081,,,,,,,914508f2-8afe-4bc3-bf51-c0b16b905d95,2025-09-12,23:42:35.67,2025-09-12T19:42:35.6730000-04:00,2025-09-12T23:42:35.6730000Z,,v3,6089,586,,"Black, Mark",691773,Right,HAG_FLY,89a69cd1-a05e-4678-9fcd-0dd3e04c170b,54.26671,-130.12593,13.60501,6.1341,-3.02246,-7.05184,-0.60618,2.22654,-3.59011,,,,,,,,,,,,,,,,,,,,,,,,,,,,,,,,,,,,,,,,,,,,,,,,,,,High,High,High,,,,,
118,2025-09-12,19:43:06.21,4,1,"Minaya, Julian",1000158661,Right,HAG_FLY,"Maggi, Drew",543482,Right,STA_YAN,Undefined,4,Top,1,0,0,Undefined,Changeup,BallCalled,Undefined,Undefined,Undefined,0,0,,82.27711,-2.972432,-3.089081,1721.442185,234.2809,1:45,5.89204,1.33189,5.56534,-29.57943,12.32036,15.26316,0.64381,-0.2847,75.65758,-8.416219,-0.366453,0.465883,,,,,,,,,,,,-8.64556,7.45268,-1.07584,50,5.61574,5.83168,-119.20897,-7.15797,-12.45237,22.71742,-21.43983,HAG_FLY,STA_YAN,HagerstownBallpark,Independent,ATL,20250912-HagerstownBallpark-1,367fb8f0-9032-11f0-8fb6-ad1606e43f24,80.9053,,,6.61953,,,,,,,914508f2-8afe-4bc3-bf51-c0b16b905d95,2025-09-12,23:43:06.21,2025-09-12T19:43:06.2160000-04:00,2025-09-12T23:43:06.2160000Z,,v3,6089,586,,"Black, Mark",691773,Right,HAG_FLY,97160a13-ff6a-4ee2-b3d1-30686bbedc5c,54.93398,-120.14555,11.35871,5.89262,-6.27407,-10.71992,-1.32685,6.34506,-6.22619,,,,,,,,,,,,,,,,,,,,,,,,,,,,,,,,,,,,,,,,,,,,,,,,,,,High,High,High,,,,,
119,2025-09-12,19:44:06.57,4,2,"Minaya, Julian",1000158661,Right,HAG_FLY,"Maggi, Drew",543482,Right,STA_YAN,Undefined,4,Top,1,1,0,Undefined,Four-Seam,InPlay,Undefined,GroundBall,Single,0,0,,89.15194,-1.253522,-1.966325,2214.53028,217.874495,1:15,6.13258,0.6889,6.08511,-18.96702,15.8158,11.468,3.3915,-0.17519,81.7375,-4.843592,0.098685,0.424476,81.90678,-7.704013,-3.656966,,,,,19.85056,19.55117,-2.763588,0.160419,-6.46941,8.83347,-0.54322,50,6.02569,3.98235,-129.53131,-3.39878,-11.0229,26.33173,-17.12321,HAG_FLY,STA_YAN,HagerstownBallpark,Independent,ATL,20250912-HagerstownBallpark-1,5a71fe30-9032-11f0-8fb6-ad1606e43f24,88.79749,3.27386,,7.41444,,,,1.201,3.27386,0.19563,914508f2-8afe-4bc3-bf51-c0b16b905d95,2025-09-12,23:44:06.57,2025-09-12T19:44:06.5700000-04:00,2025-09-12T23:44:06.5700000Z,GroundBall,v3,6089,586,,"Black, Mark",691773,Right,HAG_FLY,a0be7efb-062d-4bfb-ba4e-1ab59325b0e1,54.41354,-130.42543,13.16587,6.13122,-2.81735,-8.5616,-0.6848,4.35664,-5.51145,353.682269,1.2011,118.7946,-16.733,,,,,,,3.27464,-16.1684,-26.49274,,,,,,,0.19556,-7.58749,2.50964,,,,,,,,,,,,,,,,,,,,,,,,,,,,,High,High,High,High,High,,,
120,2025-09-12,19:44:50.58,5,1,"Minaya, Julian",1000158661,Right,HAG_FLY,"Rodriguez, Cristhian",682725,Left,STA_YAN,Undefined,4,Top,1,0,0,Undefined,Changeup,BallinDirt,Undefined,Undefined,Undefined,0,1,,81.51874,-3.783439,-4.128579,1663.474982,239.003759,2:00,5.85135,1.31745,5.63727,-31.20234,11.38851,16.7269,-0.29279,-1.14691,75.29452,-9.498428,-1.144287,0.46971,,,,,,,,,,,,-9.70426,7.17725,-0.9774,50,5.50851,7.87644,-117.94581,-8.81869,-13.72589,21.57339,-22.02243,HAG_FLY,STA_YAN,HagerstownBallpark,Independent,ATL,20250912-HagerstownBallpark-1,74b41990-9032-11f0-8fb6-ad1606e43f24,80.24625,,,6.22422,,,,,,,914508f2-8afe-4bc3-bf51-c0b16b905d95,2025-09-12,23:44:50.58,2025-09-12T19:44:50.5840000-04:00,2025-09-12T23:44:50.5840000Z,,v3,6089,586,,"Black, Mark",691773,Right,HAG_FLY,5fc26cb4-2d8a-4265-9474-131bcf94b89d,54.86323,-118.83201,10.78669,5.85219,-7.91404,-11.01121,-1.31254,8.44028,-6.86295,,,,,,,,,,,,,,,,,,,,,,,,,,,,,,,,,,,,,,,,,,,,,,,,,,,High,High,High,,,,,
121,2025-09-12,19:45:29.24,5,2,"Minaya, Julian",1000158661,Right,HAG_FLY,"Rodriguez, Cristhian",682725,Left,STA_YAN,Undefined,4,Top,1,1,0,Undefined,Curveball,BallCalled,Undefined,Undefined,Undefined,0,0,,77.5268,-2.250374,-0.892048,1868.173026,169.776389,11:45,5.97137,1.49282,5.4315,-35.11648,12.45087,-1.95819,0.93618,0.49417,71.0492,-8.698478,-1.241053,0.496393,,,,,,,,,,,,0.73197,7.39339,-1.41239,50,5.74784,1.82475,-112.41016,-5.52095,0.93145,21.41385,-22.76553,HAG_FLY,STA_YAN,HagerstownBallpark,Independent,ATL,20250912-HagerstownBallpark-1,8bc76330-9032-11f0-8fb6-ad1606e43f24,75.93264,,,6.47759,,,,,,,914508f2-8afe-4bc3-bf51-c0b16b905d95,2025-09-12,23:45:29.24,2025-09-12T19:45:29.2430000-04:00,2025-09-12T23:45:29.2430000Z,,v3,6089,586,,"Black, Mark",691773,Right,HAG_FLY,25e206e4-391e-41c2-8265-160faf241744,55.06581,-113.37108,10.70692,5.97266,-4.49938,-11.38277,-1.49333,1.78296,0.46573,,,,,,,,,,,,,,,,,,,,,,,,,,,,,,,,,,,,,,,,,,,,,,,,,,,High,High,High,,,,,
122,2025-09-12,19:45:50.90,5,3,"Minaya, Julian",1000158661,Right,HAG_FLY,"Rodriguez, Cristhian",682725,Left,STA_YAN,Undefined,4,Top,1,2,0,Undefined,Four-Seam,StrikeCalled,Undefined,Undefined,Undefined,0,0,,87.50525,-1.911475,-0.821913,2199.7125,215.986812,1:15,6.13635,0.6845,5.80268,-19.59702,17.08347,11.53942,2.7247,0.88167,79.92235,-5.60786,1.246491,0.435902,,,,,,,,,,,,-6.09807,9.61189,-0.62385,50,5.96774,1.33319,-127.0118,-4.83115,-9.94207,26.48531,-16.5032,HAG_FLY,STA_YAN,HagerstownBallpark,Independent,ATL,20250912-HagerstownBallpark-1,988e1be0-9032-11f0-8fb6-ad1606e43f24,86.46994,,,7.58291,,,,,,,914508f2-8afe-4bc3-bf51-c0b16b905d95,2025-09-12,23:45:50.90,2025-09-12T19:45:50.9080000-04:00,2025-09-12T23:45:50.9080000Z,,v3,6089,586,,"Black, Mark",691773,Right,HAG_FLY,bd182e06-5bf9-4e67-8d68-82d27ba7caf9,54.69378,-127.98683,13.24265,6.13441,-4.2236,-8.2516,-0.67967,1.69919,-4.97104,,,,,,,,,,,,,,,,,,,,,,,,,,,,,,,,,,,,,,,,,,,,,,,,,,,High,High,High,,,,,
123,2025-09-12,19:46:09.03,5,4,"Minaya, Julian",1000158661,Right,HAG_FLY,"Rodriguez, Cristhian",682725,Left,STA_YAN,Undefined,4,Top,1,2,1,Undefined,Four-Seam,StrikeSwinging,Undefined,Undefined,Undefined,0,0,,88.62734,-1.363521,-0.945381,2260.102415,205.184308,12:45,6.19752,0.60102,5.91742,-15.03485,20.46903,9.09524,3.67883,0.48154,80.9803,-4.249179,0.687692,0.428854,,,,,,,,,,,,-4.8978,11.18713,-0.53033,50,6.07963,1.73816,-128.7167,-3.46478,-8.22101,26.59255,-13.39632,HAG_FLY,STA_YAN,HagerstownBallpark,Independent,ATL,20250912-HagerstownBallpark-1,a357cc10-9032-11f0-8fb6-ad1606e43f24,87.8911,,,7.64705,,,,,,,914508f2-8afe-4bc3-bf51-c0b16b905d95,2025-09-12,23:46:09.03,2025-09-12T19:46:09.0370000-04:00,2025-09-12T23:46:09.0370000Z,,v3,6089,586,,"Black, Mark",691773,Right,HAG_FLY,5d1a21c7-7ef5-418f-91f0-72c802c92a48,54.57897,-129.65925,13.29627,6.19402,-2.98996,-6.69816,-0.59711,2.02955,-4.11051,,,,,,,,,,,,,,,,,,,,,,,,,,,,,,,,,,,,,,,,,,,,,,,,,,,High,High,High,,,,,
124,2025-09-12,19:46:31.35,5,5,"Minaya, Julian",1000158661,Right,HAG_FLY,"Rodriguez, Cristhian",682725,Left,STA_YAN,Undefined,4,Top,1,2,2,Undefined,Changeup,InPlay,Undefined,GroundBall,Out,1,0,,82.15087,-0.934402,-2.458302,1456.060349,239.812671,2:00,5.94341,1.2653,5.65748,-30.30439,11.52946,17.50021,2.54578,0.42973,75.17645,-6.552828,0.66887,0.465517,73.72845,-11.479342,36.226673,,,,,16.44322,6.41891,27.807713,0.130548,-9.66808,6.50744,-1.06885,50,5.8451,4.43531,-119.22949,-2.91454,-13.89114,23.32192,-22.82413,HAG_FLY,STA_YAN,HagerstownBallpark,Independent,ATL,20250912-HagerstownBallpark-1,b0cb3f80-9032-11f0-8fb6-ad1606e43f24,80.96903,2.81899,,6.97442,,,,3.34642,2.81899,-0.53278,914508f2-8afe-4bc3-bf51-c0b16b905d95,2025-09-12,23:46:31.35,2025-09-12T19:46:31.3570000-04:00,2025-09-12T23:46:31.3570000Z,GroundBall,v3,6089,586,,"Black, Mark",691773,Right,HAG_FLY,30aaa82e-9db9-42e9-844e-73f64270dabf,54.84198,-120.17288,11.66096,5.94432,-1.9913,-11.41206,-1.25962,4.99721,-6.94557,180,3.34032,85.77608,,,,,,,,2.82052,-21.59347,,,,,,,,-0.53724,62.83994,,,,,,,,,,,,,,,,,,,,,,,,,,,,,,High,High,High,Low,Low,,,
125,2025-09-12,19:47:15.01,6,1,"Minaya, Julian",1000158661,Right,HAG_FLY,"Melfi, David",1000079653,Right,STA_YAN,Undefined,4,Top,2,0,0,Undefined,Four-Seam,InPlay,Undefined,LineDrive,Double,0,1,,88.85199,-2.130452,-1.947441,2253.107877,215.669503,1:15,6.10545,0.77488,5.84486,-17.14288,18.62005,12.47666,2.69502,0.00418,80.61001,-5.40137,0.289147,0.430415,103.02751,15.819963,-12.488391,2338.973298,106.78809,24.82986,-26.38442,283.65214,279.26436,-15.613614,2.612864,-6.96367,10.52205,-0.62378,50,5.92207,3.84976,-128.8359,-5.28943,-11.60731,28.84061,-14.63545,HAG_FLY,STA_YAN,HagerstownBallpark,Independent,ATL,20250912-HagerstownBallpark-1,cad274c0-9032-11f0-8fb6-ad1606e43f24,87.57223,27.14409,,8.24198,,,,0.73444,2.6527,-0.00538,914508f2-8afe-4bc3-bf51-c0b16b905d95,2025-09-12,23:47:15.01,2025-09-12T19:47:15.0150000-04:00,2025-09-12T23:47:15.0150000Z,LineDrive,v3,6089,586,,"Black, Mark",691773,Right,HAG_FLY,e2d0ab72-f288-4a60-8b57-f4557d778b0b,54.65182,-129.87306,14.42031,6.10282,-4.76311,-7.31772,-0.76973,4.26718,-5.80365,126.696844,0.73451,141.94073,-23.15637,5.3521,-1.27272,0.37444,-0.1212,0.0262,-0.00244,2.65265,41.19622,-18.66514,1.27599,-0.10786,-0.06788,0.04966,-0.0134,0.00138,-0.0053,-31.441,-0.43281,1.09054,-0.48263,0.2254,-0.09121,0.02167,-0.00214,,,,,,,,,,,,,,,,,,,,,,,High,High,High,High,High,,,
126,2025-09-12,19:48:01.04,7,1,"Minaya, Julian",1000158661,Right,HAG_FLY,"Johnson, Kolby",815259,Right,STA_YAN,Undefined,4,Top,2,0,0,Undefined,Four-Seam,BallCalled,Undefined,Undefined,Undefined,0,0,,88.38942,-0.422646,0.362697,2168.436138,211.331902,1:00,6.1969,0.76663,5.76121,-16.99265,19.19781,10.94079,4.38746,2.01595,80.10818,-3.673098,2.321002,0.432981,,,,,,,,,,,,-5.41937,10.24044,-0.80316,50,6.15168,-1.29035,-128.26597,-1.42839,-8.95434,28.56376,-15.254,HAG_FLY,STA_YAN,HagerstownBallpark,Independent,ATL,20250912-HagerstownBallpark-1,e627fbf0-9032-11f0-8fb6-ad1606e43f24,87.05338,,,8.28124,,,,,,,914508f2-8afe-4bc3-bf51-c0b16b905d95,2025-09-12,23:48:01.04,2025-09-12T19:48:01.0450000-04:00,2025-09-12T23:48:01.0450000Z,,v3,6089,586,,"Black, Mark",691773,Right,HAG_FLY,b8272d6e-adbe-4a09-85aa-3e8cc74d9257,54.7336,-129.3158,14.28188,6.19388,-0.86775,-7.627,-0.76178,-0.96124,-4.47717,,,,,,,,,,,,,,,,,,,,,,,,,,,,,,,,,,,,,,,,,,,,,,,,,,,High,High,High,,,,,
127,2025-09-12,19:48:19.14,7,2,"Minaya, Julian",1000158661,Right,HAG_FLY,"Johnson, Kolby",815259,Right,STA_YAN,Undefined,4,Top,2,1,0,Undefined,Changeup,BallCalled,Undefined,Undefined,Undefined,0,0,,80.83391,-2.235171,-3.11655,1576.201325,241.54478,2:00,5.8791,1.39326,5.51797,-32.06309,11.60237,18.69828,1.11315,0.03462,73.92406,-8.145011,0.216094,0.475598,,,,,,,,,,,,-10.41012,6.93611,-1.13483,50,5.66281,5.63879,-117.11373,-5.61232,-14.3922,23.0588,-22.58473,HAG_FLY,STA_YAN,HagerstownBallpark,Independent,ATL,20250912-HagerstownBallpark-1,f109a0f0-9032-11f0-8fb6-ad1606e43f24,79.25266,,,6.90985,,,,,,,914508f2-8afe-4bc3-bf51-c0b16b905d95,2025-09-12,23:48:19.14,2025-09-12T19:48:19.1460000-04:00,2025-09-12T23:48:19.1460000Z,,v3,6089,586,,"Black, Mark",691773,Right,HAG_FLY,3071df3a-a1bf-4d34-b554-ddd948c87e9b,54.98078,-118.09034,11.5294,5.88025,-4.65579,-11.29236,-1.38656,6.24834,-7.1961,,,,,,,,,,,,,,,,,,,,,,,,,,,,,,,,,,,,,,,,,,,,,,,,,,,High,High,High,,,,,
128,2025-09-12,19:48:37.77,7,3,"Minaya, Julian",1000158661,Right,HAG_FLY,"Johnson, Kolby",815259,Right,STA_YAN,Undefined,4,Top,2,2,0,Undefined,Four-Seam,StrikeCalled,Undefined,Undefined,Undefined,0,0,,88.40878,-2.1796,-2.460489,2262.860766,215.263253,1:15,6.16701,0.74294,5.66478,-17.81359,18.39493,12.15879,2.64736,-0.53948,80.60521,-5.550351,-0.289256,0.433089,,,,,,,,,,,,-6.86752,10.31418,-0.54274,50,5.97155,4.98205,-128.17412,-5.42255,-11.39663,27.09789,-15.05771,HAG_FLY,STA_YAN,HagerstownBallpark,Independent,ATL,20250912-HagerstownBallpark-1,fc164d90-9032-11f0-8fb6-ad1606e43f24,87.03167,,,7.80357,,,,,,,914508f2-8afe-4bc3-bf51-c0b16b905d95,2025-09-12,23:48:37.77,2025-09-12T19:48:37.7760000-04:00,2025-09-12T23:48:37.7760000Z,,v3,6089,586,,"Black, Mark",691773,Right,HAG_FLY,207977d4-3c4b-483d-976b-055caf05ef2b,54.83224,-129.19169,13.54895,6.16456,-4.85711,-7.52886,-0.73785,5.41001,-5.69832,,,,,,,,,,,,,,,,,,,,,,,,,,,,,,,,,,,,,,,,,,,,,,,,,,,High,High,High,,,,,
129,2025-09-12,19:48:56.71,7,4,"Minaya, Julian",1000158661,Right,HAG_FLY,"Johnson, Kolby",815259,Right,STA_YAN,Undefined,4,Top,2,2,1,Undefined,Four-Seam,InPlay,Undefined,Popup,Out,1,0,,88.50059,-1.899221,-0.112799,2163.921253,202.705159,12:45,6.22744,0.72224,5.67621,-15.60489,20.46328,8.06532,3.15587,1.2892,80.65726,-4.878258,1.329061,0.432248,55.14465,33.420819,-6.301506,2762.621683,109.68775,31.80774,-8.28225,163.53417,158.56059,-2.982667,3.050858,-4.15764,11.32548,-0.71803,50,6.05783,-0.08878,-128.45079,-4.71021,-6.92034,27.53949,-13.32295,HAG_FLY,STA_YAN,HagerstownBallpark,Independent,ATL,20250912-HagerstownBallpark-1,0765f6a0-9033-11f0-8fb6-ad1606e43f24,87.20088,34.71105,,7.84333,,,,1.5304,3.21096,-1.29076,914508f2-8afe-4bc3-bf51-c0b16b905d95,2025-09-12,23:48:56.71,2025-09-12T19:48:56.7140000-04:00,2025-09-12T23:48:56.7140000Z,LineDrive,v3,6089,586,,"Black, Mark",691773,Right,HAG_FLY,d6c7f50b-4e5d-414d-a94a-c851d0d3cbaa,54.82167,-129.48041,13.76975,6.22463,-4.21211,-6.66147,-0.71954,0.16995,-3.46017,203.281845,1.53041,67.0984,-7.8658,1.76575,-0.44336,0.18056,-0.07547,0.01802,-0.00168,3.21113,44.53886,-16.72711,0.72408,0.12407,-0.20567,0.09767,-0.02134,0.00178,-1.29077,-7.40976,2.8137,-0.62958,0.15817,-0.0649,0.0273,-0.00653,0.00061,,,,,,,,,,,,,,,,,,,,,,,High,High,High,High,High,,,
130,2025-09-12,19:51:42.17,1,1,"Kaminsky, Rob",641739,Left,STA_YAN,"Mattis, Gary",669013,Right,HAG_FLY,Undefined,4,Bottom,0,0,0,Undefined,Sinker,BallCalled,Undefined,Undefined,Undefined,0,0,,88.80133,-0.053862,2.839215,2488.244823,86.766859,9:00,5.60422,-2.48127,5.50619,-35.99703,0.20555,-17.83123,2.55403,-1.30981,80.80532,-6.654473,-0.338414,0.433053,,,,,,,,,,,,9.78607,0.51512,2.24542,50,5.5755,-5.58357,-128.76043,-1.48864,16.32,28.39221,-31.315,HAG_FLY,STA_YAN,HagerstownBallpark,Independent,ATL,20250912-HagerstownBallpark-1,69f65ad0-9033-11f0-8fb6-ad1606e43f24,87.03885,,,7.99601,,,,,,,914508f2-8afe-4bc3-bf51-c0b16b905d95,2025-09-12,23:51:42.17,2025-09-12T19:51:42.1780000-04:00,2025-09-12T23:51:42.1780000Z,,v3,6089,586,,"Melfi, David",1000079653,Right,STA_YAN,b75887b5-1db5-4902-a6e9-51262676dfbf,54.99182,-129.85648,14.19611,5.60963,-0.27975,-15.6575,2.47313,-6.21359,8.16,,,,,,,,,,,,,,,,,,,,,,,,,,,,,,,,,,,,,,,,,,,,,,,,,,,High,High,High,,,,,
131,2025-09-12,19:51:56.36,1,2,"Kaminsky, Rob",641739,Left,STA_YAN,"Mattis, Gary",669013,Right,HAG_FLY,Undefined,4,Bottom,0,1,0,Undefined,Slider,FoulBallNotFieldable,Undefined,Undefined,Undefined,0,0,,83.99566,0.445141,2.961434,2461.595538,28.842923,7:00,5.22667,-2.66112,5.36693,-41.02262,-0.39173,-0.94358,2.22606,0.03945,76.70655,-7.039339,2.793935,0.458775,,,,,,,,,,,,1.34791,0.00154,2.39598,50,5.23726,-6.26033,-121.77024,-0.5361,2.013,25.11046,-32.17178,HAG_FLY,STA_YAN,HagerstownBallpark,Independent,ATL,20250912-HagerstownBallpark-1,727f69d0-9033-11f0-8fb6-ad1606e43f24,82.15892,,,7.28911,,,,,,,914508f2-8afe-4bc3-bf51-c0b16b905d95,2025-09-12,23:51:56.36,2025-09-12T19:51:56.3640000-04:00,2025-09-12T23:51:56.3640000Z,,v3,6089,586,,"Melfi, David",1000079653,Right,STA_YAN,302dfe82-2196-4167-a1b1-74b531931af2,55.13216,-122.82399,12.55523,5.23143,0.81397,-16.08589,2.66047,-6.3448,1.0065,,,,,,,,,,,,,,,,,,,,,,,,,,,,,,,,,,,,,,,,,,,,,,,,,,,High,High,High,,,,,
132,2025-09-12,19:52:24.10,1,3,"Kaminsky, Rob",641739,Left,STA_YAN,"Mattis, Gary",669013,Right,HAG_FLY,Undefined,4,Bottom,0,1,1,Undefined,Sinker,InPlay,Undefined,LineDrive,Double,0,0,,89.49774,-1.47025,4.46733,2442.527475,97.970429,9:15,5.62487,-2.33055,5.41445,-31.91888,4.06764,-20.09434,1.58313,0.18842,81.2428,-7.327343,0.900842,0.431759,106.11788,16.151334,-12.523121,1287.444769,106.50851,26.29084,-27.49393,317.05844,316.50824,-18.284823,2.974322,11.52071,2.83437,1.94755,50,5.47156,-9.21979,-129.46523,-4.53133,19.37583,29.32202,-27.4071,HAG_FLY,STA_YAN,HagerstownBallpark,Independent,ATL,20250912-HagerstownBallpark-1,82fe6f90-9033-11f0-8fb6-ad1606e43f24,87.29973,31.55105,,8.25495,,,,2.13467,1.70882,-0.18467,914508f2-8afe-4bc3-bf51-c0b16b905d95,2025-09-12,23:52:24.10,2025-09-12T19:52:24.1040000-04:00,2025-09-12T23:52:24.1040000Z,LineDrive,v3,6089,586,,"Melfi, David",1000079653,Right,STA_YAN,ae805812-22e1-4d23-9ab0-551a80300095,55.08467,-130.61176,14.66101,5.62778,-3.45967,-13.70355,2.32286,-9.97741,9.68792,131.405366,2.13473,145.93677,-25.97313,6.00505,-1.27535,0.22599,-0.02976,0.00235,-7E-05,1.70875,43.29806,-16.71262,0.81293,-0.10165,0.04371,-0.01776,0.00387,-0.00031,-0.1846,-32.41911,-2.26535,1.38501,-0.40128,0.06214,-0.00034,-0.00149,0.00016,,,,,,,,,,,,,,,,,,,,,,,High,High,High,High,High,,,
133,2025-09-12,19:53:03.22,2,1,"Kaminsky, Rob",641739,Left,STA_YAN,"Cannon, Bryce",1000048596,Left,HAG_FLY,Undefined,4,Bottom,0,0,0,Undefined,Sinker,FoulBallNotFieldable,Undefined,Undefined,Undefined,0,0,,88.586,0.381849,2.948989,2472.333479,84.783208,8:45,5.47958,-2.10495,5.28094,-36.88502,-0.50331,-17.79643,2.76491,-0.81606,81.2273,-6.33533,-0.207846,0.434123,,,,,,,,,,,,9.75312,-0.04992,1.84956,50,5.48714,-5.82841,-128.53505,-0.57622,16.35113,26.1121,-32.25776,HAG_FLY,STA_YAN,HagerstownBallpark,Independent,ATL,20250912-HagerstownBallpark-1,9a5551e0-9033-11f0-8fb6-ad1606e43f24,86.8243,,,7.3587,,,,,,,914508f2-8afe-4bc3-bf51-c0b16b905d95,2025-09-12,23:53:03.22,2025-09-12T19:53:03.2220000-04:00,2025-09-12T23:53:03.2220000Z,,v3,6089,586,,"Melfi, David",1000079653,Right,STA_YAN,c0659816-b602-4841-bf12-f00aa5486b60,55.21962,-129.59108,13.05605,5.48406,0.72836,-16.12888,2.09865,-6.48969,8.17556,,,,,,,,,,,,,,,,,,,,,,,,,,,,,,,,,,,,,,,,,,,,,,,,,,,High,High,High,,,,,
134,2025-09-12,19:53:22.00,2,2,"Kaminsky, Rob",641739,Left,STA_YAN,"Cannon, Bryce",1000048596,Left,HAG_FLY,Undefined,4,Bottom,0,0,1,Undefined,Sinker,BallCalled,Undefined,Undefined,Undefined,0,0,,89.39188,0.624429,4.707167,2522.173615,87.96725,9:00,5.79117,-1.8895,5.37636,-35.47655,0.54693,-18.90729,3.42218,0.95765,81.14073,-5.86806,1.358776,0.431981,,,,,,,,,,,,10.81583,0.48016,1.48082,50,5.82231,-9.77855,-129.31977,0.0366,18.21625,28.33904,-31.36534,HAG_FLY,STA_YAN,HagerstownBallpark,Independent,ATL,20250912-HagerstownBallpark-1,a572a050-9033-11f0-8fb6-ad1606e43f24,87.25492,,,8.25115,,,,,,,914508f2-8afe-4bc3-bf51-c0b16b905d95,2025-09-12,23:53:22.00,2025-09-12T19:53:22.0090000-04:00,2025-09-12T23:53:22.0090000Z,,v3,6089,586,,"Melfi, David",1000079653,Right,STA_YAN,005b6bca-f5f6-43ae-a3e8-f57cd160f41b,55.12187,-130.43734,14.16952,5.79648,1.27352,-15.68267,1.88061,-10.49692,9.10812,,,,,,,,,,,,,,,,,,,,,,,,,,,,,,,,,,,,,,,,,,,,,,,,,,,High,High,High,,,,,
135,2025-09-12,19:53:38.25,2,3,"Kaminsky, Rob",641739,Left,STA_YAN,"Cannon, Bryce",1000048596,Left,HAG_FLY,Undefined,4,Bottom,0,1,1,Undefined,Sinker,StrikeCalled,Undefined,Undefined,Undefined,0,0,,90.1633,0.527817,4.525789,2473.366004,80.861825,8:45,5.56547,-2.18958,5.36015,-36.93364,-1.69039,-17.55048,2.98419,0.60078,82.29627,-6.204639,1.417013,0.427277,,,,,,,,,,,,10.02642,-0.62449,1.79506,50,5.58677,-9.52224,-130.54464,-0.25965,17.29289,27.62007,-33.2511,HAG_FLY,STA_YAN,HagerstownBallpark,Independent,ATL,20250912-HagerstownBallpark-1,af1d24e0-9033-11f0-8fb6-ad1606e43f24,88.21551,,,7.86703,,,,,,,914508f2-8afe-4bc3-bf51-c0b16b905d95,2025-09-12,23:53:38.25,2025-09-12T19:53:38.2590000-04:00,2025-09-12T23:53:38.2590000Z,,v3,6089,586,,"Melfi, David",1000079653,Right,STA_YAN,e6cab39e-89c5-4fd2-ba3c-3e5ec9eadc31,55.13902,-131.62744,13.81004,5.5714,1.0439,-16.62555,2.18165,-10.20018,8.64645,,,,,,,,,,,,,,,,,,,,,,,,,,,,,,,,,,,,,,,,,,,,,,,,,,,High,High,High,,,,,
136,2025-09-12,19:53:57.85,2,4,"Kaminsky, Rob",641739,Left,STA_YAN,"Cannon, Bryce",1000048596,Left,HAG_FLY,Undefined,4,Bottom,0,1,2,Undefined,Slider,StrikeSwinging,Strikeout,Undefined,Undefined,0,0,,87.00787,-0.953069,4.090938,2591.720424,102.615784,9:30,5.27826,-2.38248,5.22324,-35.76541,1.97591,-3.88689,1.39942,1.1462,80.36833,-7.433254,3.403956,0.442161,,,,,,,,,,,,3.00917,1.54457,2.00773,50,5.16314,-8.84867,-126.08806,-3.46502,4.87913,23.91445,-29.66967,HAG_FLY,STA_YAN,HagerstownBallpark,Independent,ATL,20250912-HagerstownBallpark-1,bae29a30-9033-11f0-8fb6-ad1606e43f24,85.24603,,,6.63954,,,,,,,914508f2-8afe-4bc3-bf51-c0b16b905d95,2025-09-12,23:53:57.85,2025-09-12T19:53:57.8540000-04:00,2025-09-12T23:53:57.8540000Z,,v3,6089,586,,"Melfi, David",1000079653,Right,STA_YAN,be546b0e-486c-4535-84d2-05730949a737,55.27641,-127.08487,11.95722,5.28179,-2.22832,-14.83483,2.3808,-9.05205,2.43957,,,,,,,,,,,,,,,,,,,,,,,,,,,,,,,,,,,,,,,,,,,,,,,,,,,High,High,High,,,,,
137,2025-09-12,19:55:41.12,3,1,"Kaminsky, Rob",641739,Left,STA_YAN,"Abreu, Osvaldo",622435,Right,HAG_FLY,Undefined,4,Bottom,1,0,0,Undefined,Sinker,StrikeCalled,Undefined,Undefined,Undefined,0,0,,91.09093,-0.495176,4.315161,2556.275112,108.086271,9:30,5.70958,-2.52056,5.31806,-27.27411,7.31378,-18.93804,2.97069,-0.04135,83.02384,-5.513997,0.962415,0.423286,,,,,,,,,,,,10.69201,4.13835,2.14335,50,5.64504,-9.07285,-131.89009,-2.1829,18.81424,28.31397,-24.89203,HAG_FLY,STA_YAN,HagerstownBallpark,Independent,ATL,20250912-HagerstownBallpark-1,f8753c90-9033-11f0-8fb6-ad1606e43f24,89.04728,,,8.06709,,,,,,,914508f2-8afe-4bc3-bf51-c0b16b905d95,2025-09-12,23:55:41.12,2025-09-12T19:55:41.1220000-04:00,2025-09-12T23:55:41.1220000Z,,v3,6089,586,,"Melfi, David",1000079653,Right,STA_YAN,57024370-cde8-4083-be60-8d4c42bcfd4c,55.18054,-132.99759,14.15699,5.71138,-1.20925,-12.44602,2.51263,-9.80877,9.40712,,,,,,,,,,,,,,,,,,,,,,,,,,,,,,,,,,,,,,,,,,,,,,,,,,,High,High,High,,,,,
138,2025-09-12,19:55:58.06,3,2,"Kaminsky, Rob",641739,Left,STA_YAN,"Abreu, Osvaldo",622435,Right,HAG_FLY,Undefined,4,Bottom,1,0,1,Undefined,Sinker,BallCalled,Undefined,Undefined,Undefined,0,0,,91.35582,-1.987931,5.874443,2579.014152,102.088052,9:30,5.75666,-2.37563,5.37865,-29.00832,5.36859,-19.93013,1.46518,1.48975,83.6844,-7.291986,2.352672,0.421993,,,,,,,,,,,,11.63946,3.55205,1.86291,50,5.5572,-12.67301,-131.9693,-5.71714,20.58245,27.36946,-25.89284,HAG_FLY,STA_YAN,HagerstownBallpark,Independent,ATL,20250912-HagerstownBallpark-1,028f99f0-9034-11f0-8fb6-ad1606e43f24,89.32016,,,7.67142,,,,,,,914508f2-8afe-4bc3-bf51-c0b16b905d95,2025-09-12,23:55:58.06,2025-09-12T19:55:58.0650000-04:00,2025-09-12T23:55:58.0650000Z,,v3,6089,586,,"Melfi, David",1000079653,Right,STA_YAN,7a81b4bf-e06d-465d-88d7-e77d9adcac86,55.12147,-133.02722,13.68473,5.75884,-4.7163,-12.94642,2.36814,-13.46858,10.29122,,,,,,,,,,,,,,,,,,,,,,,,,,,,,,,,,,,,,,,,,,,,,,,,,,,High,High,High,,,,,
139,2025-09-12,19:56:17.41,3,3,"Kaminsky, Rob",641739,Left,STA_YAN,"Abreu, Osvaldo",622435,Right,HAG_FLY,Undefined,4,Bottom,1,1,1,Undefined,Sinker,StrikeCalled,Undefined,Undefined,Undefined,0,0,,90.91376,-1.36398,4.614655,2534.125336,84.563967,8:45,5.79601,-2.52073,5.27905,-35.56703,-0.86772,-20.57777,1.54668,0.10776,83.43487,-7.818684,0.970643,0.423967,,,,,,,,,,,,11.5878,0.24909,2.11469,50,5.64484,-9.68082,-131.63256,-4.56815,20.37016,27.44202,-31.7362,HAG_FLY,STA_YAN,HagerstownBallpark,Independent,ATL,20250912-HagerstownBallpark-1,0e137260-9034-11f0-8fb6-ad1606e43f24,88.90419,,,7.47889,,,,,,,914508f2-8afe-4bc3-bf51-c0b16b905d95,2025-09-12,23:56:17.41,2025-09-12T19:56:17.4120000-04:00,2025-09-12T23:56:17.4120000Z,,v3,6089,586,,"Melfi, David",1000079653,Right,STA_YAN,37745eb2-d7d9-4924-b8df-1d83556ffc77,55.22175,-132.71669,13.72101,5.80054,-3.31437,-15.8681,2.51304,-10.48557,10.18508,,,,,,,,,,,,,,,,,,,,,,,,,,,,,,,,,,,,,,,,,,,,,,,,,,,High,High,High,,,,,
140,2025-09-12,19:56:39.86,3,4,"Kaminsky, Rob",641739,Left,STA_YAN,"Abreu, Osvaldo",622435,Right,HAG_FLY,Undefined,4,Bottom,1,1,2,Undefined,Cutter,FoulBallNotFieldable,Undefined,Undefined,Undefined,0,0,,87.14502,-0.79795,2.738258,2641.822635,37.103628,7:15,5.26062,-2.71762,5.2642,-39.14738,-1.68319,-2.09583,1.24783,-0.31793,80.58872,-7.882691,2.366435,0.440534,,,,,,,,,,,,1.76732,-0.35067,2.46856,50,5.15826,-5.95909,-126.49073,-3.26712,2.8822,24.21146,-32.74595,HAG_FLY,STA_YAN,HagerstownBallpark,Independent,ATL,20250912-HagerstownBallpark-1,1b766b10-9034-11f0-8fb6-ad1606e43f24,85.56073,,,6.55631,,,,,,,914508f2-8afe-4bc3-bf51-c0b16b905d95,2025-09-12,23:56:39.86,2025-09-12T19:56:39.8660000-04:00,2025-09-12T23:56:39.8660000Z,,v3,6089,586,,"Melfi, David",1000079653,Right,STA_YAN,be044530-1204-41e2-ba4d-8fe014c6e83d,55.23615,-127.48904,12.10573,5.26513,-1.91691,-16.37298,2.71672,-6.07794,1.4411,,,,,,,,,,,,,,,,,,,,,,,,,,,,,,,,,,,,,,,,,,,,,,,,,,,High,High,High,,,,,
141,2025-09-12,19:57:04.39,3,5,"Kaminsky, Rob",641739,Left,STA_YAN,"Abreu, Osvaldo",622435,Right,HAG_FLY,Undefined,4,Bottom,1,1,2,Undefined,Sinker,InPlay,Undefined,GroundBall,Out,1,0,,92.10214,-0.988196,3.177581,2520.374964,95.538754,9:15,5.77781,-2.49164,5.30638,-30.9545,3.08331,-19.63044,2.26914,-1.1417,83.53178,-6.662003,-0.306495,0.419906,,,,,,,,,,,,10.83623,2.1765,2.21798,50,5.66557,-6.48893,-133.41444,-3.5277,19.33874,31.33996,-28.28979,HAG_FLY,STA_YAN,HagerstownBallpark,Independent,ATL,20250912-HagerstownBallpark-1,2a10f960-9034-11f0-8fb6-ad1606e43f24,89.76398,,,8.57036,,,,,,,914508f2-8afe-4bc3-bf51-c0b16b905d95,2025-09-12,23:57:04.39,2025-09-12T19:57:04.3940000-04:00,2025-09-12T23:57:04.3940000Z,,v3,6089,586,,"Melfi, David",1000079653,Right,STA_YAN,bbcc666c-d1c8-4385-8aa9-5cf3c1f0bd10,55.19228,-134.62862,15.66998,5.78101,-2.43169,-14.1449,2.48388,-7.23816,9.66937,,,,,,,,,,,,,,,,,,,,,,,,,,,,,,,,,,,,,,,,,,,,,,,,,,,High,High,High,,,,,
142,2025-09-12,19:57:46.59,4,1,"Kaminsky, Rob",641739,Left,STA_YAN,"Black, Mark",691773,Right,HAG_FLY,Undefined,4,Bottom,2,0,0,Undefined,Cutter,InPlay,Undefined,LineDrive,Single,0,1,,86.38191,0.023164,2.402699,2584.142411,349.089388,5:45,5.4905,-2.27079,5.21139,-39.84372,-0.8115,0.42638,2.19199,0.02543,78.08073,-7.24624,2.478254,0.449659,96.11791,8.291686,-3.249888,2526.254418,109.79745,7.49545,-6.65938,167.50648,167.50648,-3.651447,1.397235,0.56878,-0.0263,2.0483,50,5.46274,-5.26769,-125.08969,-1.47239,0.88658,29.05416,-32.21503,HAG_FLY,STA_YAN,HagerstownBallpark,Independent,ATL,20250912-HagerstownBallpark-1,433d37f0-9034-11f0-8fb6-ad1606e43f24,83.82451,8.30686,,8.30118,,,,0.948,2.10036,-0.03321,914508f2-8afe-4bc3-bf51-c0b16b905d95,2025-09-12,23:57:46.59,2025-09-12T19:57:46.5900000-04:00,2025-09-12T23:57:46.5900000Z,LineDrive,v3,6089,586,,"Melfi, David",1000079653,Right,STA_YAN,2600eb82-e4d8-4009-a691-2eca7128c2e5,55.28531,-126.31133,14.52708,5.49617,-0.11784,-16.10751,2.27058,-5.30497,0.44329,148.403572,0.948,139.27474,-16.88211,2.17337,-0.45535,0.09051,-0.01636,0.00269,-0.00026,2.10036,20.33004,-17.60986,1.69887,-0.27041,0.06421,-0.01179,0.00167,-0.00015,-0.03321,-7.90832,0.37834,-0.13696,0.01748,-0.00407,0.00082,-0.00011,1E-05,,,,,,,,,,,,,,,,,,,,,,,High,High,High,High,High,,,
143,2025-09-12,19:58:35.63,5,1,"Kaminsky, Rob",641739,Left,STA_YAN,"Semo, Andrew",813663,Right,HAG_FLY,Undefined,4,Bottom,2,0,0,Undefined,Cutter,BallCalled,Undefined,Undefined,Undefined,0,0,,87.46555,-1.463752,2.626919,2709.42033,8.169189,6:15,5.63726,-2.19851,5.11082,-39.34459,-1.55736,-0.39744,0.9778,0.24492,80.23252,-8.571999,2.556572,0.442429,,,,,,,,,,,,0.95748,-0.03598,1.95132,50,5.46835,-5.7984,-126.76644,-4.78814,1.55235,26.79673,-32.23239,HAG_FLY,STA_YAN,HagerstownBallpark,Independent,ATL,20250912-HagerstownBallpark-1,607ae010-9034-11f0-8fb6-ad1606e43f24,85.19426,,,7.23303,,,,,,,914508f2-8afe-4bc3-bf51-c0b16b905d95,2025-09-12,23:58:35.63,2025-09-12T19:58:35.6370000-04:00,2025-09-12T23:58:35.6370000Z,,v3,6089,586,,"Melfi, David",1000079653,Right,STA_YAN,e6d6ecf2-7b22-4dd1-a8f7-46b2d5114286,55.3882,-127.90036,13.39836,5.6421,-3.4242,-16.11619,2.19807,-5.86409,0.77617,,,,,,,,,,,,,,,,,,,,,,,,,,,,,,,,,,,,,,,,,,,,,,,,,,,High,High,High,,,,,
144,2025-09-12,19:58:54.13,5,2,"Kaminsky, Rob",641739,Left,STA_YAN,"Semo, Andrew",813663,Right,HAG_FLY,Undefined,4,Bottom,2,1,0,Undefined,Sinker,FoulBallNotFieldable,Undefined,Undefined,Undefined,0,0,,91.30855,-0.377541,3.906106,2586.497049,91.869141,9:00,5.61738,-2.48082,5.59769,-32.28675,1.75008,-19.8056,2.57352,-0.47888,83.33218,-6.308461,0.376523,0.4199,97.84594,16.845437,38.890458,3162.947117,81.02883,25.79082,74.39296,277.243,240.80637,47.817752,2.682755,11.14406,1.31894,2.15892,50,5.56397,-8.14892,-132.35175,-2.10052,19.72474,28.81193,-29.83954,HAG_FLY,STA_YAN,HagerstownBallpark,Independent,ATL,20250912-HagerstownBallpark-1,6b7d2c70-9034-11f0-8fb6-ad1606e43f24,89.76524,27.90702,,7.97637,,,,0.61381,2.39511,0.50239,914508f2-8afe-4bc3-bf51-c0b16b905d95,2025-09-12,23:58:54.13,2025-09-12T19:58:54.1300000-04:00,2025-09-12T23:58:54.1300000Z,LineDrive,v3,6089,586,,"Melfi, David",1000079653,Right,STA_YAN,b60cbf67-15fb-4c8f-96e3-e909f7063397,54.90195,-133.4146,14.40597,5.62116,-0.99977,-14.91977,2.47295,-8.87656,9.86237,,0.61371,106.90997,-23.32772,5.71938,-1.40507,0.33749,-0.06571,0.00725,-0.00025,2.39519,41.58366,-18.17151,1.06454,-0.02646,-0.04809,0.01506,-0.0011,-7E-05,0.50245,86.22951,-4.33273,0.04975,0.21681,-0.09964,0.02363,-0.00251,6E-05,,,,,,,,,,,,,,,,,,,,,,,High,High,High,High,Medium,,,
145,2025-09-12,19:59:22.78,5,3,"Kaminsky, Rob",641739,Left,STA_YAN,"Semo, Andrew",813663,Right,HAG_FLY,Undefined,4,Bottom,2,1,1,Undefined,Slider,StrikeCalled,Undefined,Undefined,Undefined,0,0,,86.57085,0.232842,2.625604,2638.632938,56.063732,7:45,5.30955,-2.76787,5.29379,-38.30392,-0.13051,-1.96933,2.33641,-0.46506,79.32425,-6.742653,2.276284,0.444684,,,,,,,,,,,,1.71496,0.24933,2.53034,50,5.30285,-5.67058,-125.55867,-0.94929,2.73734,25.45664,-31.77606,HAG_FLY,STA_YAN,HagerstownBallpark,Independent,ATL,20250912-HagerstownBallpark-1,7c7b4d40-9034-11f0-8fb6-ad1606e43f24,84.76223,,,7.2466,,,,,,,914508f2-8afe-4bc3-bf51-c0b16b905d95,2025-09-12,23:59:22.78,2025-09-12T19:59:22.7850000-04:00,2025-09-12T23:59:22.7850000Z,,v3,6089,586,,"Melfi, David",1000079653,Right,STA_YAN,a9a0531d-9065-49c0-b0cb-a56fea0a0417,55.20402,-126.60937,12.72832,5.31497,0.36224,-15.88803,2.76672,-5.78356,1.36867,,,,,,,,,,,,,,,,,,,,,,,,,,,,,,,,,,,,,,,,,,,,,,,,,,,High,High,High,,,,,
146,2025-09-12,19:59:40.95,5,4,"Kaminsky, Rob",641739,Left,STA_YAN,"Semo, Andrew",813663,Right,HAG_FLY,Undefined,4,Bottom,2,1,2,Undefined,Slider,BallinDirt,Undefined,Undefined,Undefined,0,0,,86.50818,-1.557582,2.99622,2654.784567,48.019057,7:30,5.20443,-2.83162,5.45474,-39.93612,-1.60866,-3.21449,0.41602,-0.29218,79.03725,-8.825025,2.42374,0.445581,,,,,,,,,,,,2.5465,-0.02343,2.56957,50,5.03924,-6.42518,-125.34848,-4.88717,4.01531,27.45196,-32.21102,HAG_FLY,STA_YAN,HagerstownBallpark,Independent,ATL,20250912-HagerstownBallpark-1,87697560-9034-11f0-8fb6-ad1606e43f24,84.5917,,,7.47093,,,,,,,914508f2-8afe-4bc3-bf51-c0b16b905d95,2025-09-12,23:59:40.95,2025-09-12T19:59:40.9510000-04:00,2025-09-12T23:59:40.9510000Z,,v3,6089,586,,"Melfi, David",1000079653,Right,STA_YAN,dfc2d116-0693-4205-b373-3d517f5176ec,55.04427,-126.44837,13.72598,5.20919,-3.5966,-16.10551,2.83022,-6.58606,2.00765,,,,,,,,,,,,,,,,,,,,,,,,,,,,,,,,,,,,,,,,,,,,,,,,,,,High,High,High,,,,,
147,2025-09-12,20:00:11.19,5,5,"Kaminsky, Rob",641739,Left,STA_YAN,"Semo, Andrew",813663,Right,HAG_FLY,Undefined,4,Bottom,2,2,2,Undefined,Cutter,BallCalled,Undefined,Undefined,Undefined,0,0,,88.27729,-2.546782,2.710373,2649.962857,58.553231,8:00,5.58447,-2.69327,5.39499,-36.12337,0.47819,-1.06484,0.18326,-0.24012,81.385,-9.091584,2.520856,0.435433,,,,,,,,,,,,1.29717,1.20807,2.45213,50,5.33115,-6.01307,-127.97392,-7.05602,2.15129,26.39819,-30.17054,HAG_FLY,STA_YAN,HagerstownBallpark,Independent,ATL,20250912-HagerstownBallpark-1,9965f360-9034-11f0-8fb6-ad1606e43f24,86.56312,,,6.89229,,,,,,,914508f2-8afe-4bc3-bf51-c0b16b905d95,2025-09-13,00:00:11.19,2025-09-12T20:00:11.1910000-04:00,2025-09-13T00:00:11.1910000Z,,v3,6089,586,,"Melfi, David",1000079653,Right,STA_YAN,193e5a10-212b-4e5f-88ce-d7f3df2eb25c,55.10533,-129.02274,13.19909,5.58767,-5.85732,-15.08527,2.69273,-6.09854,1.07565,,,,,,,,,,,,,,,,,,,,,,,,,,,,,,,,,,,,,,,,,,,,,,,,,,,High,High,High,,,,,
148,2025-09-12,20:00:34.03,5,6,"Kaminsky, Rob",641739,Left,STA_YAN,"Semo, Andrew",813663,Right,HAG_FLY,Undefined,4,Bottom,2,3,2,Undefined,Cutter,FoulBallNotFieldable,Undefined,Undefined,Undefined,0,0,,87.34722,0.190899,2.36917,2627.605843,13.941938,6:30,5.25657,-2.84739,5.2358,-37.62246,-0.04811,-0.30402,2.30095,-0.64463,80.01815,-6.654828,2.315291,0.441181,69.12115,43.194556,136.098355,5054.95247,,,,,34.02157,,,0.81681,0.24807,2.62959,50,5.24594,-5.22898,-126.70991,-1.02494,1.32691,26.07848,-31.77106,HAG_FLY,STA_YAN,HagerstownBallpark,Independent,ATL,20250912-HagerstownBallpark-1,a70e0b60-9034-11f0-8fb6-ad1606e43f24,85.43526,28.5141,,7.32907,,,,0.89332,2.15386,0.73078,914508f2-8afe-4bc3-bf51-c0b16b905d95,2025-09-13,00:00:34.03,2025-09-12T20:00:34.0300000-04:00,2025-09-13T00:00:34.0300000Z,,v3,6089,586,,"Melfi, David",1000079653,Right,STA_YAN,07d738c5-b2d3-4e84-9477-2ffe7ae6f768,55.26299,-127.7885,13.03924,5.26116,0.2891,-15.88553,2.847,-5.28386,0.66345,,0.90015,-53.44917,0.92747,,,,,,,2.1763,68.75611,-28.43939,,,,,,,0.73515,51.12716,-6.03815,,,,,,,,,,,,,,,,,,,,,,,,,,,,,High,High,High,High,Undefined,,,
149,2025-09-12,20:01:03.10,5,7,"Kaminsky, Rob",641739,Left,STA_YAN,"Semo, Andrew",813663,Right,HAG_FLY,Undefined,4,Bottom,2,3,2,Undefined,Cutter,InPlay,Undefined,FlyBall,Single,0,1,,88.17566,-0.069657,2.766316,2698.876714,349.869323,5:45,5.61788,-2.72133,5.3893,-37.47041,-0.96658,0.36634,2.42999,-0.09609,81.21199,-6.886373,2.831422,0.434851,77.23885,23.936138,26.287174,4540.71712,94.11542,32.98358,56.94015,226.02014,224.34126,36.081481,3.001548,0.55173,-0.16327,2.47384,50,5.58503,-6.19958,-127.97473,-1.58626,0.91878,25.39455,-32.44594,HAG_FLY,STA_YAN,HagerstownBallpark,Independent,ATL,20250912-HagerstownBallpark-1,b861c640-9034-11f0-8fb6-ad1606e43f24,86.67894,33.41887,,6.96367,,,,1.00091,2.30681,0.19123,914508f2-8afe-4bc3-bf51-c0b16b905d95,2025-09-13,00:01:03.10,2025-09-12T20:01:03.1040000-04:00,2025-09-13T00:01:03.1040000Z,LineDrive,v3,6089,586,,"Melfi, David",1000079653,Right,STA_YAN,7a04b45a-4982-4d2f-8bfb-896240dbb03b,55.11025,-128.98479,12.69727,5.62246,-0.29573,-16.22297,2.72115,-6.23612,0.45939,,1.00068,92.84256,-18.51638,4.59375,-1.21685,0.35654,-0.099,0.01718,-0.00119,2.30695,45.95601,-18.35645,1.04171,0.04074,-0.08264,0.02926,-0.00359,4E-05,0.19118,45.85747,1.13671,-1.35871,0.46365,-0.09354,0.00969,0.00022,-0.0001,,,,,,,,,,,,,,,,,,,,,,,High,High,High,High,High,,,
150,2025-09-12,20:04:16.09,6,1,"Hernandez, Leandro",806017,Right,STA_YAN,"Escanio, Brenny",691601,Left,HAG_FLY,Undefined,4,Bottom,2,0,0,Undefined,Four-Seam,StrikeCalled,Undefined,Undefined,Undefined,0,0,,90.98553,-1.073604,-3.310402,1990.088526,206.476168,1:00,5.9397,1.69098,6.05014,-17.22753,16.66241,7.71823,3.50846,-0.7337,82.40771,-4.367972,-1.924488,0.418993,,,,,,,,,,,,-4.94898,9.22926,-1.43722,50,5.84676,7.29382,-131.86723,-2.97014,-8.64176,30.21811,-16.05817,HAG_FLY,STA_YAN,HagerstownBallpark,Independent,ATL,20250912-HagerstownBallpark-1,2b442cc0-9035-11f0-8fb6-ad1606e43f24,89.95956,,,8.57782,,,,,,,914508f2-8afe-4bc3-bf51-c0b16b905d95,2025-09-13,00:04:16.09,2025-09-12T20:04:16.0950000-04:00,2025-09-13T00:04:16.0950000Z,,v3,6089,586,,"Melfi, David",1000079653,Right,STA_YAN,01d8b162-eb45-4058-ae64-6edd331d6d32,54.44514,-132.88195,15.10906,5.93745,-2.4309,-8.02908,-1.68702,7.58401,-4.32088,,,,,,,,,,,,,,,,,,,,,,,,,,,,,,,,,,,,,,,,,,,,,,,,,,,High,High,High,,,,,
151,2025-09-12,20:04:35.01,6,2,"Hernandez, Leandro",806017,Right,STA_YAN,"Escanio, Brenny",691601,Left,HAG_FLY,Undefined,4,Bottom,2,0,1,Undefined,Four-Seam,StrikeCalled,Undefined,Undefined,Undefined,0,0,,91.89063,-2.124698,-1.455217,1998.694555,205.147234,12:45,5.79388,1.39723,6.25413,-16.62324,16.29769,7.11831,2.44781,0.64821,83.35003,-5.311015,-0.168881,0.412959,,,,,,,,,,,,-4.12567,9.43323,-1.29252,50,5.62783,3.08804,-133.34354,-5.41197,-7.36021,31.12023,-15.34517,HAG_FLY,STA_YAN,HagerstownBallpark,Independent,ATL,20250912-HagerstownBallpark-1,36ac8df0-9035-11f0-8fb6-ad1606e43f24,91.27395,,,8.5406,,,,,,,914508f2-8afe-4bc3-bf51-c0b16b905d95,2025-09-13,00:04:35.01,2025-09-12T20:04:35.0110000-04:00,2025-09-13T00:04:35.0110000Z,,v3,6089,586,,"Melfi, David",1000079653,Right,STA_YAN,5ed6e040-8e53-4383-825b-2e762a0182e2,54.24183,-134.32987,15.56012,5.79165,-4.92562,-7.67259,-1.39408,3.32132,-3.6801,,,,,,,,,,,,,,,,,,,,,,,,,,,,,,,,,,,,,,,,,,,,,,,,,,,High,High,High,,,,,
152,2025-09-12,20:05:03.88,6,3,"Hernandez, Leandro",806017,Right,STA_YAN,"Escanio, Brenny",691601,Left,HAG_FLY,Undefined,4,Bottom,2,0,2,Undefined,Four-Seam,BallCalled,Undefined,Undefined,Undefined,0,0,,92.68147,-2.112824,-4.738197,2096.589667,204.033274,12:45,5.79669,1.56304,6.45817,-15.86103,16.34934,6.80433,2.5266,-2.23231,84.20488,-5.161774,-3.510768,0.408479,,,,,,,,,,,,-4.94107,9.48575,-1.23026,50,5.6395,10.83804,-134.1541,-5.38489,-8.95025,30.65968,-14.99153,HAG_FLY,STA_YAN,HagerstownBallpark,Independent,ATL,20250912-HagerstownBallpark-1,47e4aa80-9035-11f0-8fb6-ad1606e43f24,92.27516,,,8.47659,,,,,,,914508f2-8afe-4bc3-bf51-c0b16b905d95,2025-09-13,00:05:03.88,2025-09-12T20:05:03.8830000-04:00,2025-09-13T00:05:03.8830000Z,,v3,6089,586,,"Melfi, David",1000079653,Right,STA_YAN,9d54925d-67e1-45c9-9d79-0a71ef4e9fbd,54.03788,-135.07377,15.32984,5.79428,-4.9352,-7.49576,-1.55938,11.10651,-4.47513,,,,,,,,,,,,,,,,,,,,,,,,,,,,,,,,,,,,,,,,,,,,,,,,,,,High,High,High,,,,,
153,2025-09-12,20:05:26.60,6,4,"Hernandez, Leandro",806017,Right,STA_YAN,"Escanio, Brenny",691601,Left,HAG_FLY,Undefined,4,Bottom,2,1,2,Undefined,Slider,BallCalled,Undefined,Undefined,Undefined,0,0,,84.09095,-1.048413,-2.988605,2654.284092,74.927248,8:30,5.80398,1.77374,5.37492,-40.28254,0.49268,-3.33721,1.46278,-1.30869,76.64459,-8.387153,-3.581451,0.459589,,,,,,,,,,,,0.75362,0.97035,-1.50341,50,5.68152,6.49979,-121.79676,-3.69111,1.11963,26.37575,-30.73245,HAG_FLY,STA_YAN,HagerstownBallpark,Independent,ATL,20250912-HagerstownBallpark-1,557039d0-9035-11f0-8fb6-ad1606e43f24,82.01337,,,7.44636,,,,,,,914508f2-8afe-4bc3-bf51-c0b16b905d95,2025-09-13,00:05:26.60,2025-09-12T20:05:26.6030000-04:00,2025-09-13T00:05:26.6030000Z,,v3,6089,586,,"Melfi, David",1000079653,Right,STA_YAN,77dc4556-cdc2-4372-8729-2520d330863b,55.1224,-122.90104,13.18788,5.80912,-2.40443,-15.36622,-1.77456,6.45292,0.55981,,,,,,,,,,,,,,,,,,,,,,,,,,,,,,,,,,,,,,,,,,,,,,,,,,,High,High,High,,,,,
154,2025-09-12,20:05:46.02,6,5,"Hernandez, Leandro",806017,Right,STA_YAN,"Escanio, Brenny",691601,Left,HAG_FLY,Undefined,4,Bottom,2,2,2,Undefined,Four-Seam,BallCalled,Undefined,Undefined,Undefined,0,0,,92.15215,-3.064876,-3.68804,1949.410881,209.55075,1:00,5.8406,1.536,6.07897,-16.15851,16.78879,8.89241,1.64983,-1.13987,83.9742,-6.141823,-2.090935,0.413125,,,,,,,,,,,,-5.65957,9.87851,-1.25535,50,5.5945,8.2245,-133.43829,-7.62926,-10.16553,29.73425,-14.43057,HAG_FLY,STA_YAN,HagerstownBallpark,Independent,ATL,20250912-HagerstownBallpark-1,60fac900-9035-11f0-8fb6-ad1606e43f24,91.23741,,,8.17795,,,,,,,914508f2-8afe-4bc3-bf51-c0b16b905d95,2025-09-13,00:05:46.02,2025-09-12T20:05:46.0260000-04:00,2025-09-13T00:05:46.0260000Z,,v3,6089,586,,"Melfi, David",1000079653,Right,STA_YAN,12cbc91f-031a-46e8-956f-777569c7014f,54.41855,-134.41927,14.86712,5.83835,-7.15316,-7.21529,-1.53222,8.55987,-5.08277,,,,,,,,,,,,,,,,,,,,,,,,,,,,,,,,,,,,,,,,,,,,,,,,,,,High,High,High,,,,,
155,2025-09-12,20:06:08.35,6,6,"Hernandez, Leandro",806017,Right,STA_YAN,"Escanio, Brenny",691601,Left,HAG_FLY,Undefined,4,Bottom,2,3,2,Undefined,Four-Seam,FoulBallNotFieldable,Undefined,Undefined,Undefined,0,0,,91.13513,-2.226801,-2.892093,1997.605773,211.074759,1:00,5.85842,1.5902,6.0939,-15.85773,17.98182,10.10764,2.47361,-0.24479,82.35028,-5.279036,-1.073889,0.418681,76.14614,12.000814,168.274049,2247.786383,,,,98.30701,35.91127,173.674261,0.982799,-6.01595,10.25882,-1.37199,50,5.678,6.21806,-131.9987,-5.56217,-10.49851,30.95264,-14.27118,HAG_FLY,STA_YAN,HagerstownBallpark,Independent,ATL,20250912-HagerstownBallpark-1,6e3a8240-9035-11f0-8fb6-ad1606e43f24,90.02653,7.18825,,8.78485,,,,1.21673,2.24157,0.09196,914508f2-8afe-4bc3-bf51-c0b16b905d95,2025-09-13,00:06:08.35,2025-09-12T20:06:08.3520000-04:00,2025-09-13T00:06:08.3520000Z,LineDrive,v3,6089,586,,"Melfi, David",1000079653,Right,STA_YAN,d9cee261-e793-4596-9a32-4d4051cd4759,54.39899,-133.02623,15.47632,5.85478,-5.08841,-7.13559,-1.58419,6.56658,-5.24926,312.57173,1.27981,-107.8372,7.18109,,,,,,,2.33762,21.89986,-24.79629,,,,,,,0.16233,21.22945,-10.62226,,,,,,,,,,,,,,,,,,,,,,,,,,,,,High,High,High,Medium,Low,,,
156,2025-09-12,20:06:36.35,6,7,"Hernandez, Leandro",806017,Right,STA_YAN,"Escanio, Brenny",691601,Left,HAG_FLY,Undefined,4,Bottom,2,3,2,Undefined,Four-Seam,InPlay,Undefined,GroundBall,Out,1,0,,91.26671,-2.846727,-2.972113,2052.392103,208.750775,1:00,5.86989,1.30876,5.95098,-16.72406,17.06162,8.72607,1.83032,-0.72298,82.9658,-6.028489,-1.406687,0.418348,63.03233,-50.908429,-8.525997,,,,,2.83113,2.83113,10.295928,0.025287,-5.3765,9.95335,-1.07724,50,5.63382,6.49285,-132.2163,-7.07879,-9.45363,29.94834,-14.67285,HAG_FLY,STA_YAN,HagerstownBallpark,Independent,ATL,20250912-HagerstownBallpark-1,7eff91b0-9035-11f0-8fb6-ad1606e43f24,90.09825,1.82042,,8.30091,,,,1.32292,1.82042,0.72528,914508f2-8afe-4bc3-bf51-c0b16b905d95,2025-09-13,00:06:36.35,2025-09-12T20:06:36.3550000-04:00,2025-09-13T00:06:36.3550000Z,GroundBall,v3,6089,586,,"Melfi, David",1000079653,Right,STA_YAN,a8c1e886-6a65-4865-826a-2d625c1946f2,54.54635,-133.24212,14.97417,5.86768,-6.5762,-7.33642,-1.30518,6.81666,-4.72681,,1.32214,57.84109,,,,,,,,1.82139,-71.99044,,,,,,,,0.7254,-8.67124,,,,,,,,,,,,,,,,,,,,,,,,,,,,,,High,High,High,Estimated,Estimated,,,
157,2025-09-12,20:09:05.62,1,1,"Minaya, Julian",1000158661,Right,HAG_FLY,"Diaz, Eddy",677647,Right,STA_YAN,Undefined,5,Top,0,0,0,Undefined,Changeup,BallCalled,Undefined,Undefined,Undefined,0,0,,80.01743,-1.764395,-3.947287,1717.12607,239.856623,2:00,6.10615,1.02129,5.6004,-34.58018,9.71678,14.26914,1.57287,-1.48046,73.458,-8.12366,-1.404395,0.479025,,,,,,,,,,,,-8.30894,5.85146,-0.6922,50,5.93238,7.43586,-115.89853,-4.69031,-11.30563,21.58848,-24.21223,HAG_FLY,STA_YAN,HagerstownBallpark,Independent,ATL,20250912-HagerstownBallpark-1,d7e6d0e0-9035-11f0-8fb6-ad1606e43f24,78.68571,,,6.55944,,,,,,,914508f2-8afe-4bc3-bf51-c0b16b905d95,2025-09-13,00:09:05.62,2025-09-12T20:09:05.6280000-04:00,2025-09-13T00:09:05.6280000Z,,v3,6089,586,,"Black, Mark",691773,Right,HAG_FLY,e0248f61-267e-4319-ae8f-3e448686767a,54.8972,-116.80717,10.79424,6.10835,-3.67123,-12.10612,-1.01519,7.9117,-5.65282,,,,,,,,,,,,,,,,,,,,,,,,,,,,,,,,,,,,,,,,,,,,,,,,,,,High,High,High,,,,,
158,2025-09-12,20:09:20.43,1,2,"Minaya, Julian",1000158661,Right,HAG_FLY,"Diaz, Eddy",677647,Right,STA_YAN,Undefined,5,Top,0,1,0,Undefined,Changeup,BallCalled,Undefined,Undefined,Undefined,0,0,,81.7055,-3.649741,-3.945612,1640.754521,240.511321,2:00,6.00697,1.22663,5.45091,-32.54277,10.32418,15.77359,-0.13443,-1.15848,75.15727,-9.592877,-1.139849,0.47123,,,,,,,,,,,,-9.14123,6.62465,-0.8895,50,5.66141,7.52721,-118.16261,-8.63544,-12.91671,22.63749,-22.81333,HAG_FLY,STA_YAN,HagerstownBallpark,Independent,ATL,20250912-HagerstownBallpark-1,e0cb1f40-9035-11f0-8fb6-ad1606e43f24,79.98741,,,6.54823,,,,,,,914508f2-8afe-4bc3-bf51-c0b16b905d95,2025-09-13,00:09:20.43,2025-09-12T20:09:20.4350000-04:00,2025-09-13T00:09:20.4350000Z,,v3,6089,586,,"Black, Mark",691773,Right,HAG_FLY,39d25646-a62e-4ba7-9351-3afc4259d297,55.04869,-119.12591,11.31874,6.00823,-7.66466,-11.40666,-1.22151,8.07686,-6.45836,,,,,,,,,,,,,,,,,,,,,,,,,,,,,,,,,,,,,,,,,,,,,,,,,,,High,High,High,,,,,
159,2025-09-12,20:09:37.79,1,3,"Minaya, Julian",1000158661,Right,HAG_FLY,"Diaz, Eddy",677647,Right,STA_YAN,Undefined,5,Top,0,2,0,Undefined,Four-Seam,StrikeCalled,Undefined,Undefined,Undefined,0,0,,85.89213,-3.025728,-1.620458,2136.936466,213.986217,1:15,6.21944,0.82594,5.67803,-20.47623,18.04946,11.26957,1.68876,0.25408,78.15725,-6.878632,0.394686,0.446731,,,,,,,,,,,,-6.22229,10.47347,-0.69665,50,5.95157,3.05147,-124.45385,-7.20094,-9.68735,26.69086,-15.86816,HAG_FLY,STA_YAN,HagerstownBallpark,Independent,ATL,20250912-HagerstownBallpark-1,eb245a60-9035-11f0-8fb6-ad1606e43f24,84.37382,,,7.73489,,,,,,,914508f2-8afe-4bc3-bf51-c0b16b905d95,2025-09-13,00:09:37.79,2025-09-12T20:09:37.7980000-04:00,2025-09-13T00:09:37.7980000Z,,v3,6089,586,,"Black, Mark",691773,Right,HAG_FLY,585cc538-d1f5-48c1-bb57-314bc32bced2,54.81879,-125.48305,13.34543,6.21744,-6.58906,-7.93408,-0.82152,3.42501,-4.84367,,,,,,,,,,,,,,,,,,,,,,,,,,,,,,,,,,,,,,,,,,,,,,,,,,,High,High,High,,,,,
160,2025-09-12,20:09:54.42,1,4,"Minaya, Julian",1000158661,Right,HAG_FLY,"Diaz, Eddy",677647,Right,STA_YAN,Undefined,5,Top,0,2,1,Undefined,Four-Seam,StrikeCalled,Undefined,Undefined,Undefined,0,0,,86.46552,-1.382166,-2.50362,2155.154007,202.858215,12:45,6.23377,0.82667,5.82417,-20.26115,17.36686,6.79776,3.25893,-0.93582,78.79491,-5.211391,-1.286523,0.441496,,,,,,,,,,,,-4.17666,9.62823,-0.62596,50,6.10879,5.19925,-125.40611,-3.63057,-6.63068,26.0948,-16.88874,HAG_FLY,STA_YAN,HagerstownBallpark,Independent,ATL,20250912-HagerstownBallpark-1,f4f6b240-9035-11f0-8fb6-ad1606e43f24,85.37428,,,7.6706,,,,,,,914508f2-8afe-4bc3-bf51-c0b16b905d95,2025-09-13,00:09:54.42,2025-09-12T20:09:54.4240000-04:00,2025-09-13T00:09:54.4240000Z,,v3,6089,586,,"Black, Mark",691773,Right,HAG_FLY,bdd7c0dd-d5da-4d11-b166-b8379f476557,54.67175,-126.37448,13.0474,6.23189,-3.00384,-8.44437,-0.82346,5.44531,-3.31534,,,,,,,,,,,,,,,,,,,,,,,,,,,,,,,,,,,,,,,,,,,,,,,,,,,High,High,High,,,,,
161,2025-09-12,20:10:11.32,1,5,"Minaya, Julian",1000158661,Right,HAG_FLY,"Diaz, Eddy",677647,Right,STA_YAN,Undefined,5,Top,0,2,2,Undefined,Four-Seam,FoulBallNotFieldable,Undefined,Undefined,Undefined,0,0,,88.29835,-3.560109,-0.488238,2189.963533,213.585737,1:00,6.2163,0.58832,5.59517,-19.69942,16.73867,10.31095,1.24639,0.99171,80.72198,-7.240878,1.353575,0.43446,,,,,,,,,,,,-5.40977,9.88745,-0.55352,50,5.89827,0.65375,-127.97333,-8.59499,-8.93923,27.29134,-15.83572,HAG_FLY,STA_YAN,HagerstownBallpark,Independent,ATL,20250912-HagerstownBallpark-1,ff21d880-9035-11f0-8fb6-ad1606e43f24,86.75706,,,7.57637,,,,,,,914508f2-8afe-4bc3-bf51-c0b16b905d95,2025-09-13,00:10:11.32,2025-09-12T20:10:11.3240000-04:00,2025-09-13T00:10:11.3240000Z,,v3,6089,586,,"Black, Mark",691773,Right,HAG_FLY,9de927f9-f04a-4677-984a-9f85b9f7b532,54.90318,-129.01474,13.64567,6.21472,-7.99072,-7.91786,-0.58497,0.99486,-4.46962,,,,,,,,,,,,,,,,,,,,,,,,,,,,,,,,,,,,,,,,,,,,,,,,,,,High,High,High,,,,,
162,2025-09-12,20:11:48.07,1,6,"Minaya, Julian",1000158661,Right,HAG_FLY,"Diaz, Eddy",677647,Right,STA_YAN,Undefined,5,Top,0,2,2,Undefined,Slider,BallCalled,Undefined,Undefined,Undefined,0,0,,81.05588,-1.76038,-1.777819,1986.820937,112.482102,9:45,5.9219,1.53177,5.61496,-38.50549,4.8528,-8.20032,1.06884,-0.81136,74.13587,-8.814215,-3.243582,0.473923,,,,,,,,,,,,3.63335,3.41587,-1.37452,50,5.74678,3.97023,-117.53436,-4.88804,5.03526,24.20998,-27.44018,HAG_FLY,STA_YAN,HagerstownBallpark,Independent,ATL,20250912-HagerstownBallpark-1,38d4f6c0-9036-11f0-8fb6-ad1606e43f24,79.53289,,,6.92,,,,,,,914508f2-8afe-4bc3-bf51-c0b16b905d95,2025-09-13,00:11:48.07,2025-09-12T20:11:48.0700000-04:00,2025-09-13T00:11:48.0700000Z,,v3,6089,586,,"Black, Mark",691773,Right,HAG_FLY,cc38a988-ffe5-45da-a59a-4113ca118cd7,54.88256,-118.53581,12.10499,5.92551,-3.75297,-13.72009,-1.53444,3.76195,2.51763,,,,,,,,,,,,,,,,,,,,,,,,,,,,,,,,,,,,,,,,,,,,,,,,,,,High,High,High,,,,,
163,2025-09-12,20:12:19.70,1,7,"Minaya, Julian",1000158661,Right,HAG_FLY,"Diaz, Eddy",677647,Right,STA_YAN,Undefined,5,Top,0,3,2,Undefined,Four-Seam,InPlay,Undefined,GroundBall,Out,1,0,,86.78231,-1.69289,-1.606967,2170.577153,207.083816,1:00,6.17959,0.69519,5.99434,-19.13407,18.15749,8.62225,3.01525,-0.07582,78.677,-5.341666,-0.056716,0.439518,85.55034,-20.316401,-43.398762,,,,,10.14238,3.10454,-33.183707,0.070399,-4.94701,10.24575,-0.57345,50,6.03581,3.18506,-125.90719,-4.26316,-7.86118,27.96622,-15.89269,HAG_FLY,STA_YAN,HagerstownBallpark,Independent,ATL,20250912-HagerstownBallpark-1,4ba2f590-9036-11f0-8fb6-ad1606e43f24,85.75855,3.07577,,8.10531,,,,2.45215,3.07577,0.15673,914508f2-8afe-4bc3-bf51-c0b16b905d95,2025-09-13,00:12:19.70,2025-09-12T20:12:19.7060000-04:00,2025-09-13T00:12:19.7060000Z,GroundBall,v3,6089,586,,"Black, Mark",691773,Right,HAG_FLY,809903ce-9f7c-4ef5-bb0e-bf1de2dc5097,54.50266,-126.90337,13.98311,6.17759,-3.69705,-7.94635,-0.6919,3.46508,-3.93059,,2.44936,85.74243,,,,,,,,3.07719,-43.69041,,,,,,,,0.15937,-81.07908,,,,,,,,,,,,,,,,,,,,,,,,,,,,,,High,High,High,Low,Low,,,
164,2025-09-12,20:12:57.45,2,1,"Minaya, Julian",1000158661,Right,HAG_FLY,"Contreras, Mark",676628,Left,STA_YAN,Undefined,5,Top,1,0,0,Undefined,Four-Seam,BallCalled,Undefined,Undefined,Undefined,0,0,,87.96937,-2.099705,-2.540898,2160.364884,206.282152,1:00,6.2305,0.69273,5.91722,-18.72662,17.54292,8.06599,2.71858,-0.99466,80.14897,-5.650546,-1.09405,0.433453,,,,,,,,,,,,-4.86359,9.95638,-0.49367,50,6.0515,5.32406,-127.55977,-5.22888,-7.98179,27.20967,-15.83431,HAG_FLY,STA_YAN,HagerstownBallpark,Independent,ATL,20250912-HagerstownBallpark-1,621f5660-9036-11f0-8fb6-ad1606e43f24,86.95847,,,7.8204,,,,,,,914508f2-8afe-4bc3-bf51-c0b16b905d95,2025-09-13,00:12:57.45,2025-09-12T20:12:57.4550000-04:00,2025-09-13T00:12:57.4550000Z,,v3,6089,586,,"Black, Mark",691773,Right,HAG_FLY,03d01e45-9678-4801-b74b-a9360e0b2cc6,54.57933,-128.53287,13.60484,6.22837,-4.6626,-7.91716,-0.68918,5.60951,-3.9909,,,,,,,,,,,,,,,,,,,,,,,,,,,,,,,,,,,,,,,,,,,,,,,,,,,High,High,High,,,,,
165,2025-09-12,20:13:11.99,2,2,"Minaya, Julian",1000158661,Right,HAG_FLY,"Contreras, Mark",676628,Left,STA_YAN,Undefined,5,Top,1,1,0,Undefined,Changeup,StrikeSwinging,Undefined,Undefined,Undefined,0,0,,81.92246,-1.798202,-1.928167,1635.10859,237.475694,2:00,5.99578,1.3451,5.33385,-31.13112,11.44784,15.79934,1.71293,0.852,75.13166,-7.517295,0.880543,0.469644,,,,,,,,,,,,-8.46189,6.66095,-1.18273,50,5.81118,3.34487,-118.81356,-4.78367,-12.08975,22.87186,-22.65733,HAG_FLY,STA_YAN,HagerstownBallpark,Independent,ATL,20250912-HagerstownBallpark-1,6ab89200-9036-11f0-8fb6-ad1606e43f24,80.25744,,,6.79081,,,,,,,914508f2-8afe-4bc3-bf51-c0b16b905d95,2025-09-13,00:13:11.99,2025-09-12T20:13:11.9930000-04:00,2025-09-13T00:13:11.9930000Z,,v3,6089,586,,"Black, Mark",691773,Right,HAG_FLY,23c10740-6b25-4641-9e18-fc59135d414d,55.16382,-119.80348,11.43593,5.99701,-3.80304,-11.32867,-1.33883,3.86812,-6.04488,,,,,,,,,,,,,,,,,,,,,,,,,,,,,,,,,,,,,,,,,,,,,,,,,,,High,High,High,,,,,
166,2025-09-12,20:13:27.65,2,3,"Minaya, Julian",1000158661,Right,HAG_FLY,"Contreras, Mark",676628,Left,STA_YAN,Undefined,5,Top,1,1,1,Undefined,Changeup,StrikeSwinging,Undefined,Undefined,Undefined,0,0,,82.91178,-2.785795,-3.478774,1747.023156,245.035005,2:15,6.00112,1.48308,5.58832,-31.89191,9.41729,17.34162,0.73533,-0.32413,76.13298,-8.642855,-0.384523,0.462588,,,,,,,,,,,,-9.78528,5.94941,-1.19584,50,5.74067,6.60208,-120.08577,-6.91322,-14.27956,23.3966,-23.4921,HAG_FLY,STA_YAN,HagerstownBallpark,Independent,ATL,20250912-HagerstownBallpark-1,74234e70-9036-11f0-8fb6-ad1606e43f24,81.48161,,,6.7788,,,,,,,914508f2-8afe-4bc3-bf51-c0b16b905d95,2025-09-13,00:13:27.65,2025-09-12T20:13:27.6520000-04:00,2025-09-13T00:13:27.6520000Z,,v3,6089,586,,"Black, Mark",691773,Right,HAG_FLY,c118c100-5eb7-4f56-88f0-c44700d710e2,54.91053,-121.03872,11.6983,6.00276,-5.95638,-11.74605,-1.47658,7.18369,-7.13978,,,,,,,,,,,,,,,,,,,,,,,,,,,,,,,,,,,,,,,,,,,,,,,,,,,High,High,High,,,,,
167,2025-09-12,20:13:53.36,2,4,"Minaya, Julian",1000158661,Right,HAG_FLY,"Contreras, Mark",676628,Left,STA_YAN,Undefined,5,Top,1,1,2,Undefined,Four-Seam,FoulBallNotFieldable,Undefined,Undefined,Undefined,0,0,,89.49327,-0.976546,-0.979842,2216.081717,210.944938,1:00,6.25216,0.75533,5.76501,-16.38367,18.84281,10.58981,3.97778,0.7258,81.27518,-4.107646,0.916224,0.427175,78.56592,30.637088,-152.805409,2308.078831,,,,,37.89523,,,-5.66555,10.22536,-0.68066,50,6.16155,1.75907,-129.88599,-2.68845,-9.62107,28.71138,-14.80961,HAG_FLY,STA_YAN,HagerstownBallpark,Independent,ATL,20250912-HagerstownBallpark-1,8359f5b0-9036-11f0-8fb6-ad1606e43f24,88.23649,22.46172,,8.21809,,,,-0.77786,3.771,-0.79401,914508f2-8afe-4bc3-bf51-c0b16b905d95,2025-09-13,00:13:53.36,2025-09-12T20:13:53.3690000-04:00,2025-09-13T00:13:53.3690000Z,,v3,6089,586,,"Black, Mark",691773,Right,HAG_FLY,f0dad8b7-2ad9-4825-9ade-7a1347a51ba4,54.73105,-130.92762,14.35569,6.24933,-2.15117,-7.40481,-0.75081,2.10812,-4.81053,,-0.77775,-88.19072,6.06127,,,,,,,3.78092,58.37827,-26.28746,,,,,,,-0.80131,-45.05817,10.66885,,,,,,,,,,,,,,,,,,,,,,,,,,,,,High,High,High,High,Undefined,,,
168,2025-09-12,20:14:12.00,2,5,"Minaya, Julian",1000158661,Right,HAG_FLY,"Contreras, Mark",676628,Left,STA_YAN,Undefined,5,Top,1,1,2,Undefined,Changeup,BallCalled,Undefined,Undefined,Undefined,0,0,,80.29292,-1.390894,-0.838141,1517.969176,247.322469,2:15,6.02145,1.41713,5.4316,-35.63329,8.10233,16.34442,1.74904,1.99419,74.3942,-7.896967,2.074985,0.47598,,,,,,,,,,,,-8.43264,4.84555,-1.35443,50,5.8736,1.05231,-116.65803,-4.02929,-11.71575,20.26538,-25.44196,HAG_FLY,STA_YAN,HagerstownBallpark,Independent,ATL,20250912-HagerstownBallpark-1,8e806be0-9036-11f0-8fb6-ad1606e43f24,79.18906,,,5.89872,,,,,,,914508f2-8afe-4bc3-bf51-c0b16b905d95,2025-09-13,00:14:12.00,2025-09-12T20:14:12.0050000-04:00,2025-09-13T00:14:12.0050000Z,,v3,6089,586,,"Black, Mark",691773,Right,HAG_FLY,5cb936d6-f248-486b-b93d-20e3018f3bb2,55.06728,-117.535,10.13269,6.02414,-2.92831,-12.72098,-1.41094,1.5593,-5.85788,,,,,,,,,,,,,,,,,,,,,,,,,,,,,,,,,,,,,,,,,,,,,,,,,,,High,High,High,,,,,
169,2025-09-12,20:14:26.24,2,6,"Minaya, Julian",1000158661,Right,HAG_FLY,"Contreras, Mark",676628,Left,STA_YAN,Undefined,5,Top,1,2,2,Undefined,Changeup,StrikeSwinging,Strikeout,Undefined,Undefined,0,0,,82.51842,-0.484066,-1.687219,1558.462216,267.458505,3:00,5.94097,1.65995,5.38378,-39.75703,2.13642,17.92292,2.17395,1.57158,75.63728,-7.74302,1.503894,0.465848,,,,,,,,,,,,-9.46623,1.63134,-1.52204,50,5.86974,2.7785,-119.77181,-2.42602,-13.71594,23.67914,-29.81035,HAG_FLY,STA_YAN,HagerstownBallpark,Independent,ATL,20250912-HagerstownBallpark-1,96f8b200-9036-11f0-8fb6-ad1606e43f24,80.91141,,,6.88114,,,,,,,914508f2-8afe-4bc3-bf51-c0b16b905d95,2025-09-13,00:14:26.24,2025-09-12T20:14:26.2400000-04:00,2025-09-13T00:14:26.2400000Z,,v3,6089,586,,"Black, Mark",691773,Right,HAG_FLY,29b9b63a-799e-41d9-9f2b-ec012552c21e,55.11498,-120.77882,11.83957,5.94596,-1.15826,-14.90517,-1.65261,3.3618,-6.85797,,,,,,,,,,,,,,,,,,,,,,,,,,,,,68.4124,,,1.041455,,,,0.25984,5.52952,4.48997,79.8973,8.65915,-45.10087,0.30524,81.61861,-4.97676,5.59338,18.83243,-15.23884,4.41865,-53.43446,5.63418,High,High,High,,,High,High,High
170,2025-09-12,20:14:55.67,3,1,"Minaya, Julian",1000158661,Right,HAG_FLY,"Dearden, Tyler",676280,Left,STA_YAN,Undefined,5,Top,2,0,0,Undefined,Changeup,BallCalled,Undefined,Undefined,Undefined,0,0,,82.06803,-1.275114,-1.527976,1734.512781,247.814858,2:15,6.09433,1.41676,5.36672,-32.77167,9.29725,19.71107,2.16715,1.62633,75.74469,-7.274141,1.979079,0.466823,,,,,,,,,,,,-10.29567,5.39689,-1.29408,50,5.95673,2.36644,-119.18739,-3.77656,-14.89625,21.65879,-24.36559,HAG_FLY,STA_YAN,HagerstownBallpark,Independent,ATL,20250912-HagerstownBallpark-1,a8883d60-9036-11f0-8fb6-ad1606e43f24,80.74249,,,6.32334,,,,,,,914508f2-8afe-4bc3-bf51-c0b16b905d95,2025-09-13,00:14:55.67,2025-09-12T20:14:55.6790000-04:00,2025-09-13T00:14:55.6790000Z,,v3,6089,586,,"Black, Mark",691773,Right,HAG_FLY,8796f02e-f7e0-4f2d-9c30-4d2f73d40f05,55.13251,-120.11645,10.8294,6.09631,-2.73139,-12.18279,-1.40929,3.00542,-7.44812,,,,,,,,,,,,,,,,,,,,,,,,,,,,,,,,,,,,,,,,,,,,,,,,,,,High,High,High,,,,,
171,2025-09-12,20:15:08.49,3,2,"Minaya, Julian",1000158661,Right,HAG_FLY,"Dearden, Tyler",676280,Left,STA_YAN,Undefined,5,Top,2,1,0,Undefined,Changeup,BallCalled,Undefined,Undefined,Undefined,0,0,,82.35144,-1.474854,-1.832591,1681.78042,242.785805,2:00,5.9849,1.48998,5.40484,-31.39116,10.59942,17.99851,1.98606,1.27219,75.52601,-7.248134,1.371482,0.466388,,,,,,,,,,,,-9.5315,6.15622,-1.33962,50,5.83176,3.07281,-119.48204,-4.13886,-13.7759,23.06346,-23.27644,HAG_FLY,STA_YAN,HagerstownBallpark,Independent,ATL,20250912-HagerstownBallpark-1,b027d6c0-9036-11f0-8fb6-ad1606e43f24,80.81778,,,6.82543,,,,,,,914508f2-8afe-4bc3-bf51-c0b16b905d95,2025-09-13,00:15:08.49,2025-09-12T20:15:08.4920000-04:00,2025-09-13T00:15:08.4920000Z,,v3,6089,586,,"Black, Mark",691773,Right,HAG_FLY,6171adf4-c8bc-49aa-9b14-e7b25a6eed74,55.09282,-120.46109,11.53173,5.98648,-3.15076,-11.63822,-1.48247,3.6576,-6.88795,,,,,,,,,,,,,,,,,,,,,,,,,,,,,,,,,,,,,,,,,,,,,,,,,,,High,High,High,,,,,
172,2025-09-12,20:15:23.00,3,3,"Minaya, Julian",1000158661,Right,HAG_FLY,"Dearden, Tyler",676280,Left,STA_YAN,Undefined,5,Top,2,2,0,Undefined,Four-Seam,FoulBallNotFieldable,Undefined,Undefined,Undefined,0,0,,87.28849,-3.365929,-1.373289,2160.459982,197.871142,12:30,6.18807,0.97078,5.71961,-16.38678,20.59103,6.25359,1.68272,0.21248,79.9517,-6.470763,-0.254531,0.437665,67.78325,39.187519,-125.587221,3787.801181,-76.9232,41.84941,-78.63041,174.05537,52.56574,-138.774538,2.998638,-3.57721,11.7904,-0.86004,50,5.8966,2.77416,-126.55942,-7.91798,-5.80543,25.68281,-13.03948,HAG_FLY,STA_YAN,HagerstownBallpark,Independent,ATL,20250912-HagerstownBallpark-1,b8ef0030-9036-11f0-8fb6-ad1606e43f24,86.12159,43.46573,,7.3368,,,,1.55026,1.61004,-0.16405,914508f2-8afe-4bc3-bf51-c0b16b905d95,2025-09-13,00:15:23.00,2025-09-12T20:15:23.0030000-04:00,2025-09-13T00:15:23.0030000Z,FlyBall,v3,6089,586,,"Black, Mark",691773,Right,HAG_FLY,34abc533-487e-470d-9664-1b3d406fc9a7,54.7783,-127.5254,12.84141,6.18519,-7.42754,-6.51974,-0.96848,2.99252,-2.90271,,1.55026,-44.83777,-2.55873,1.92309,-0.70288,0.27193,-0.09255,0.01916,-0.0016,1.61006,62.81604,-27.01601,3.20949,-0.63557,0.11469,-0.01953,0.00227,-0.00012,-0.16405,-62.66549,14.03317,-3.36158,0.74588,-0.16034,0.02925,-0.00128,-0.00032,,,,,,,,,,,,,,,,,,,,,,,High,High,High,High,Low,,,
173,2025-09-12,20:15:47.56,3,4,"Minaya, Julian",1000158661,Right,HAG_FLY,"Dearden, Tyler",676280,Left,STA_YAN,Undefined,5,Top,2,2,1,Undefined,Four-Seam,InPlay,Undefined,Popup,Out,1,0,,88.8002,-1.455406,-1.864664,2279.5553,208.283842,1:00,6.22015,0.65864,5.87606,-15.86666,19.81391,10.01048,3.54523,-0.23956,80.61054,-4.502124,-0.069457,0.42992,76.29215,58.314347,-31.061935,4010.363315,80.07731,113.98084,-75.41631,196.51664,87.39763,-46.968904,5.327079,-5.69666,10.94237,-0.51384,50,6.09347,3.77501,-128.84416,-3.71571,-9.50927,28.51515,-13.90824,HAG_FLY,STA_YAN,HagerstownBallpark,Independent,ATL,20250912-HagerstownBallpark-1,c78d3800-9036-11f0-8fb6-ad1606e43f24,87.67324,114.06309,,8.18966,,,,1.07392,3.23324,0.40471,914508f2-8afe-4bc3-bf51-c0b16b905d95,2025-09-13,00:15:47.56,2025-09-12T20:15:47.5630000-04:00,2025-09-13T00:15:47.5630000Z,Popup,v3,6089,586,,"Black, Mark",691773,Right,HAG_FLY,fa0d400f-7ab4-4c45-b7b6-8e26a0f730e3,54.62118,-129.86287,14.25757,6.21734,-3.21883,-6.95412,-0.65477,4.11473,-4.75464,153.707459,1.08108,50.14878,-13.07501,1.9146,1.02327,-0.72978,0.19699,-0.02501,0.00123,3.21887,95.47083,-25.63604,3.83852,-1.26063,0.30999,-0.03963,0.00157,5E-05,0.41205,-30.48275,0.27697,-0.54056,0.81286,-0.41441,0.10383,-0.01284,0.00063,,,,,,,,,,,,,,,,,,,,,,,High,High,High,High,Low,,,
174,2025-09-12,20:18:16.81,1,1,"Hernandez, Leandro",806017,Right,STA_YAN,"Williams, Tyler",1000053915,Right,HAG_FLY,Undefined,5,Bottom,0,0,0,Undefined,Four-Seam,StrikeCalled,Undefined,Undefined,Undefined,0,0,,89.90058,-1.3681,-2.52329,1763.885453,215.683684,1:15,5.84898,1.52865,5.84864,-23.0973,11.7969,7.62288,2.65146,-0.18232,81.69948,-5.695985,-1.15731,0.425156,,,,,,,,,,,,-4.63981,6.78839,-1.32787,50,5.72425,5.41511,-130.36077,-3.87778,-7.92812,29.20232,-20.57457,HAG_FLY,STA_YAN,HagerstownBallpark,Independent,ATL,20250912-HagerstownBallpark-1,2081bda0-9037-11f0-8fb6-ad1606e43f24,88.65559,,,8.20111,,,,,,,914508f2-8afe-4bc3-bf51-c0b16b905d95,2025-09-13,00:18:16.81,2025-09-12T20:18:16.8150000-04:00,2025-09-13T00:18:16.8150000Z,,v3,6089,586,,"Melfi, David",1000079653,Right,STA_YAN,adc91b7b-f24f-4ceb-b89f-2a3aed7b4208,54.64756,-131.39775,14.60116,5.84897,-3.14717,-10.28728,-1.52516,5.69664,-3.96406,,,,,,,,,,,,,,,,,,,,,,,,,,,,,,,,,,,,,,,,,,,,,,,,,,,High,High,High,,,,,
175,2025-09-12,20:18:31.64,1,2,"Hernandez, Leandro",806017,Right,STA_YAN,"Williams, Tyler",1000053915,Right,HAG_FLY,Undefined,5,Bottom,0,0,1,Undefined,Curveball,InPlay,Undefined,LineDrive,Double,0,0,,77.5186,1.791589,-0.82987,2209.060042,59.481912,8:00,5.64842,1.82588,5.33788,-55.07046,-7.22024,-14.92788,2.7407,-0.1967,70.76625,-8.223027,-3.483658,0.497867,108.80999,14.697013,-8.191407,1754.048891,109.41725,26.80563,-11.30245,343.45818,342.2862,-2.931206,3.358144,7.28827,-3.79402,-1.73968,50,5.7701,2.20747,-112.47055,1.63779,9.24275,22.29282,-36.98547,HAG_FLY,STA_YAN,HagerstownBallpark,Independent,ATL,20250912-HagerstownBallpark-1,295bf9e0-9037-11f0-8fb6-ad1606e43f24,75.70783,34.31691,,6.75235,,,,2.17164,2.91886,0.14472,914508f2-8afe-4bc3-bf51-c0b16b905d95,2025-09-13,00:18:31.64,2025-09-12T20:18:31.6420000-04:00,2025-09-13T00:18:31.6420000Z,LineDrive,v3,6089,586,,"Melfi, David",1000079653,Right,STA_YAN,7bcf2fc1-3e6c-4338-9644-b1d8284e7ea2,55.16293,-113.48929,11.14641,5.65664,3.32794,-18.49273,-1.83091,1.7851,4.62137,221.260455,2.17169,152.78907,-26.82212,5.84475,-1.09368,0.13747,-0.00303,-0.00245,0.00033,2.91872,40.49416,-13.08843,-0.3398,0.30101,-0.03783,-0.01164,0.00542,-0.00062,0.14466,-21.99172,12.75186,-4.99649,1.49852,-0.35151,0.06151,-0.0067,0.00032,,,,,,,,,,,,,,,,,,,,,,,High,High,High,High,High,,,
176,2025-09-12,20:19:16.53,2,1,"Hernandez, Leandro",806017,Right,STA_YAN,"Takacs, Aaron",1000235182,Left,HAG_FLY,Undefined,5,Bottom,0,0,0,Undefined,Four-Seam,BallCalled,Undefined,Undefined,Undefined,0,0,,90.75254,-2.981773,-3.281542,1936.486687,221.938255,1:30,5.92884,1.47933,5.7859,-21.02292,13.32906,10.9365,1.39587,-0.66551,82.73576,-6.913348,-1.325301,0.421839,,,,,,,,,,,,-6.53386,8.01158,-1.21536,50,5.67006,7.05829,-131.40447,-7.5488,-11.37365,28.99749,-18.22807,HAG_FLY,STA_YAN,HagerstownBallpark,Independent,ATL,20250912-HagerstownBallpark-1,441763f0-9037-11f0-8fb6-ad1606e43f24,89.35258,,,8.01678,,,,,,,914508f2-8afe-4bc3-bf51-c0b16b905d95,2025-09-13,00:19:16.53,2025-09-12T20:19:16.5350000-04:00,2025-09-13T00:19:16.5350000Z,,v3,6089,586,,"Melfi, David",1000079653,Right,STA_YAN,af13a8e7-7db1-422e-80d3-5d328bef6104,54.71131,-132.44005,14.49875,5.92802,-6.89783,-9.11404,-1.47469,7.46448,-5.68683,,,,,,,,,,,,,,,,,,,,,,,,,,,,,,,,,,,,,,,,,,,,,,,,,,,High,High,High,,,,,
177,2025-09-12,20:19:40.15,2,2,"Hernandez, Leandro",806017,Right,STA_YAN,"Takacs, Aaron",1000235182,Left,HAG_FLY,Undefined,5,Bottom,0,1,0,Undefined,Four-Seam,BallCalled,Undefined,Undefined,Undefined,0,0,,91.24051,0.781646,-1.21668,1846.789888,209.543505,1:00,5.87229,1.51078,6.32708,-21.15466,11.97213,6.17559,4.82941,0.90484,82.90553,-3.236189,-0.099494,0.414249,,,,,,,,,,,,-3.53555,6.31992,-1.42462,50,5.91922,2.55446,-132.53572,1.17169,-6.25924,29.56788,-20.98548,HAG_FLY,STA_YAN,HagerstownBallpark,Independent,ATL,20250912-HagerstownBallpark-1,520e5f40-9037-11f0-8fb6-ad1606e43f24,90.98988,,,8.33498,,,,,,,914508f2-8afe-4bc3-bf51-c0b16b905d95,2025-09-13,00:19:40.15,2025-09-12T20:19:40.1520000-04:00,2025-09-13T00:19:40.1520000Z,,v3,6089,586,,"Melfi, David",1000079653,Right,STA_YAN,52143281-a0cf-4266-80eb-54d7809118b7,54.16811,-133.46236,14.78394,5.87219,1.82936,-10.49274,-1.50775,2.75062,-3.12962,,,,,,,,,,,,,,,,,,,,,,,,,,,,,,,,,,,,,,,,,,,,,,,,,,,High,High,High,,,,,
178,2025-09-12,20:20:01.48,2,3,"Hernandez, Leandro",806017,Right,STA_YAN,"Takacs, Aaron",1000235182,Left,HAG_FLY,Undefined,5,Bottom,0,2,0,Undefined,Curveball,StrikeCalled,Undefined,Undefined,Undefined,0,0,,79.44698,2.037157,-0.111913,2219.101167,58.456174,8:00,5.59917,1.91259,5.23026,-54.3107,-8.37493,-16.22702,2.98905,0.45514,72.10908,-7.8342,-2.991731,0.487806,,,,,,,,,,,,8.01079,-4.28673,-1.88987,50,5.7465,0.90288,-115.17434,2.12699,10.61379,24.11032,-37.8537,HAG_FLY,STA_YAN,HagerstownBallpark,Independent,ATL,20250912-HagerstownBallpark-1,5ece3a20-9037-11f0-8fb6-ad1606e43f24,77.26938,,,7.33791,,,,,,,914508f2-8afe-4bc3-bf51-c0b16b905d95,2025-09-13,00:20:01.48,2025-09-12T20:20:01.4800000-04:00,2025-09-13T00:20:01.4800000Z,,v3,6089,586,,"Melfi, David",1000079653,Right,STA_YAN,4a4702a8-83ef-433b-98b8-0d2a47b1436d,55.26872,-116.27205,12.05516,5.61043,3.85042,-18.92685,-1.91997,0.41965,5.30689,,,,,,,,,,,,,,,,,,,,,,,,,,,,,,,,,,,,,,,,,,,,,,,,,,,High,High,High,,,,,
179,2025-09-12,20:20:20.83,2,4,"Hernandez, Leandro",806017,Right,STA_YAN,"Takacs, Aaron",1000235182,Left,HAG_FLY,Undefined,5,Bottom,0,2,1,Undefined,Curveball,BallCalled,Undefined,Undefined,Undefined,0,0,,78.3336,1.760779,0.216181,2375.630904,63.414219,8:00,5.7268,1.76007,5.03408,-51.02393,-3.69272,-10.51296,3.13653,1.08795,71.40463,-7.493307,-1.642598,0.49516,,,,,,,,,,,,5.24362,-1.8348,-1.77199,50,5.85429,0.01169,-113.57164,1.64493,6.80071,22.16224,-34.5537,HAG_FLY,STA_YAN,HagerstownBallpark,Independent,ATL,20250912-HagerstownBallpark-1,6a5d0f10-9037-11f0-8fb6-ad1606e43f24,76.12179,,,6.92897,,,,,,,914508f2-8afe-4bc3-bf51-c0b16b905d95,2025-09-13,00:20:20.83,2025-09-12T20:20:20.8300000-04:00,2025-09-13T00:20:20.8300000Z,,v3,6089,586,,"Melfi, David",1000079653,Right,STA_YAN,d0ade9ad-e2f7-4e0a-9f64-6a057bd4beb8,55.46377,-114.63288,11.08112,5.73591,3.29953,-17.27685,-1.76476,-0.31396,3.40036,,,,,,,,,,,,,,,,,,,,,,,,,,,,,,,,,,,,,,,,,,,,,,,,,,,High,High,High,,,,,
180,2025-09-12,20:20:39.15,2,5,"Hernandez, Leandro",806017,Right,STA_YAN,"Takacs, Aaron",1000235182,Left,HAG_FLY,Undefined,5,Bottom,0,3,1,Undefined,Sinker,BallCalled,Walk,Undefined,Undefined,0,0,,90.90982,-2.893093,-4.320436,1910.401892,224.120544,1:30,5.71917,1.54052,6.06227,-21.07312,12.61182,11.20709,1.27563,-1.53168,83.47126,-6.835504,-2.309516,0.417724,,,,,,,,,,,,-6.98044,7.608,-1.21094,50,5.48264,9.48799,-131.66466,-7.34385,-12.29184,27.13666,-18.77714,HAG_FLY,STA_YAN,HagerstownBallpark,Independent,ATL,20250912-HagerstownBallpark-1,7540fe00-9037-11f0-8fb6-ad1606e43f24,90.23293,,,7.43856,,,,,,,914508f2-8afe-4bc3-bf51-c0b16b905d95,2025-09-13,00:20:39.15,2025-09-12T20:20:39.1580000-04:00,2025-09-13T00:20:39.1580000Z,,v3,6089,586,,"Melfi, David",1000079653,Right,STA_YAN,78051225-7f9e-475a-b1e1-4b5f608bf037,54.43703,-132.57599,13.56833,5.71868,-6.71326,-9.38857,-1.5365,9.90079,-6.14592,,,,,,,,,,,,,,,,,,,,,,,,,,,,,,,,,,,,,,,,,,,,,,,,,,,High,High,High,,,,,
181,2025-09-12,20:21:14.42,3,1,"Hernandez, Leandro",806017,Right,STA_YAN,"Arbolida, Cary",812364,Right,HAG_FLY,Undefined,5,Bottom,0,0,0,Undefined,Four-Seam,BallCalled,Undefined,Undefined,Undefined,0,0,,90.08706,-2.776026,-2.787799,1951.376729,205.327732,12:45,5.866,1.36194,6.18834,-18.68481,15.4504,6.79394,1.74081,-0.64789,82.4766,-6.310193,-1.56311,0.420507,,,,,,,,,,,,-4.30193,9.11363,-1.15507,50,5.64688,6.08653,-130.66005,-6.89065,-7.43548,27.57745,-16.42207,HAG_FLY,STA_YAN,HagerstownBallpark,Independent,ATL,20250912-HagerstownBallpark-1,8a5a2550-9037-11f0-8fb6-ad1606e43f24,89.63578,,,7.61047,,,,,,,914508f2-8afe-4bc3-bf51-c0b16b905d95,2025-09-13,00:21:14.42,2025-09-12T20:21:14.4290000-04:00,2025-09-13T00:21:14.4290000Z,,v3,6089,586,,"Melfi, David",1000079653,Right,STA_YAN,54c1b42f-599e-4cf0-a77a-103486c3ad29,54.30943,-131.56646,13.78872,5.86449,-6.35089,-8.21103,-1.35914,6.33092,-3.71774,,,,,,,,,,,,,,,,,,,,,,,,,,,,,,,,,,,,,,,,,,,,,,,,,,,High,High,High,,,,,
182,2025-09-12,20:21:33.64,3,2,"Hernandez, Leandro",806017,Right,STA_YAN,"Arbolida, Cary",812364,Right,HAG_FLY,Undefined,5,Bottom,0,1,0,Undefined,Four-Seam,InPlay,Undefined,GroundBall,Out,2,0,,90.16987,-1.27079,-3.200957,1900.881357,216.768367,1:15,5.7768,1.5417,6.16896,-21.51462,12.63261,8.60934,2.80815,-0.70044,82.24451,-5.328772,-1.650546,0.42058,99.80844,-11.231252,-11.331505,,,,,15.70629,15.49459,-7.499,0.098334,-5.38693,7.23654,-1.30351,50,5.66944,6.9652,-130.82313,-3.56872,-9.30719,28.38805,-19.67123,HAG_FLY,STA_YAN,HagerstownBallpark,Independent,ATL,20250912-HagerstownBallpark-1,95cdf830-9037-11f0-8fb6-ad1606e43f24,89.62004,2.80854,,7.92535,,,,1.70401,2.80854,0.72921,914508f2-8afe-4bc3-bf51-c0b16b905d95,2025-09-13,00:21:33.64,2025-09-12T20:21:33.6430000-04:00,2025-09-13T00:21:33.6430000Z,GroundBall,v3,6089,586,,"Melfi, David",1000079653,Right,STA_YAN,f3fd1f82-6f24-4de2-bffd-55c5d4b4f00d,54.32889,-131.75913,14.19403,5.77641,-2.92012,-9.83562,-1.53822,7.27208,-4.6536,180,1.70011,141.02957,,,,,,,,2.80933,-28.56131,,,,,,,,0.72999,-28.26114,,,,,,,,,,,,,,,,,,,,,,,,,,,,,,High,High,High,High,High,,,
183,2025-09-12,20:22:12.25,4,1,"Hernandez, Leandro",806017,Right,STA_YAN,"Mattis, Gary",669013,Right,HAG_FLY,Undefined,5,Bottom,2,0,0,Undefined,Four-Seam,BallCalled,Undefined,Undefined,Undefined,0,0,,90.39557,-2.558885,-4.52355,1972.780006,204.639576,12:45,5.85656,1.41161,6.23377,-17.03119,16.81611,7.22815,2.06777,-2.16771,82.91582,-5.792945,-3.224259,0.41873,,,,,,,,,,,,-4.94922,9.7267,-1.07702,50,5.65639,10.06165,-130.91698,-6.34678,-8.62178,26.66638,-15.22969,HAG_FLY,STA_YAN,HagerstownBallpark,Independent,ATL,20250912-HagerstownBallpark-1,acd9a0b0-9037-11f0-8fb6-ad1606e43f24,90.01619,,,7.47975,,,,,,,914508f2-8afe-4bc3-bf51-c0b16b905d95,2025-09-13,00:22:12.25,2025-09-12T20:22:12.2580000-04:00,2025-09-13T00:22:12.2580000Z,,v3,6089,586,,"Melfi, David",1000079653,Right,STA_YAN,09fb7a73-3d60-49c2-afea-1061991d88e5,54.26364,-131.78258,13.33319,5.85438,-5.85242,-7.61484,-1.40817,10.34152,-4.31089,,,,,,,,,,,,,,,,,,,,,,,,,,,,,,,,,,,,,,,,,,,,,,,,,,,High,High,High,,,,,
184,2025-09-12,20:22:28.13,4,2,"Hernandez, Leandro",806017,Right,STA_YAN,"Mattis, Gary",669013,Right,HAG_FLY,Undefined,5,Bottom,2,1,0,Undefined,Four-Seam,FoulBallNotFieldable,Undefined,Undefined,Undefined,0,0,,90.80832,-1.47959,-2.045915,1971.861719,216.925225,1:15,5.83085,1.50527,6.09236,-17.98056,15.58635,10.92571,2.96272,0.52253,83.1487,-4.888374,-0.078429,0.416991,,,,,,,,,,,,-6.08185,8.72315,-1.35254,50,5.70698,4.22709,-131.84251,-3.93514,-10.73803,27.22087,-16.77261,HAG_FLY,STA_YAN,HagerstownBallpark,Independent,ATL,20250912-HagerstownBallpark-1,b62e8b30-9037-11f0-8fb6-ad1606e43f24,90.39144,,,7.65962,,,,,,,914508f2-8afe-4bc3-bf51-c0b16b905d95,2025-09-13,00:22:28.13,2025-09-12T20:22:28.1340000-04:00,2025-09-13T00:22:28.1340000Z,,v3,6089,586,,"Melfi, David",1000079653,Right,STA_YAN,aaa99867-99e2-4dbf-a9c6-edb5efcd3083,54.40218,-132.74829,13.61043,5.82864,-3.37702,-8.38631,-1.49914,4.5844,-5.36902,,,,,,,,,,,,,,,,,,,,,,,,,,,,,,,,,,,,,,,,,,,,,,,,,,,High,High,High,,,,,
185,2025-09-12,20:23:12.33,4,3,"Hernandez, Leandro",806017,Right,STA_YAN,"Mattis, Gary",669013,Right,HAG_FLY,Undefined,5,Bottom,2,1,1,Undefined,Four-Seam,InPlay,Undefined,LineDrive,Double,0,1,,91.78781,-2.623355,-2.611014,2087.331332,207.017544,1:00,5.86944,1.53733,5.94088,-15.53958,17.85371,8.52071,2.13679,-0.1763,83.38084,-5.594234,-1.082154,0.415911,100.63418,31.688752,13.461444,4274.490777,105.46892,63.08714,31.24512,353.11547,343.21261,25.169346,5.125608,-5.1639,10.28879,-1.33403,50,5.65144,5.7006,-133.03052,-6.55201,-9.18906,30.40182,-13.86533,HAG_FLY,STA_YAN,HagerstownBallpark,Independent,ATL,20250912-HagerstownBallpark-1,d0a52410-9037-11f0-8fb6-ad1606e43f24,90.62611,90.49514,,8.40697,,,,1.76623,2.12768,0.13285,914508f2-8afe-4bc3-bf51-c0b16b905d95,2025-09-13,00:23:12.33,2025-09-12T20:23:12.3340000-04:00,2025-09-13T00:23:12.3340000Z,FlyBall,v3,6089,586,,"Melfi, David",1000079653,Right,STA_YAN,85498ba7-7e38-4ec6-baca-c8052d711e92,54.55641,-134.06776,15.20091,5.86691,-6.07896,-6.93267,-1.53387,6.01411,-4.59453,208.785734,1.76555,122.15653,-27.68234,7.05696,-1.73945,0.39729,-0.07005,0.00755,-0.00035,2.13109,77.46045,-19.47524,1.11051,0.18262,-0.16173,0.04321,-0.00532,0.00025,0.13278,29.23845,0.97944,-0.55737,0.17158,-0.03487,0.0041,-0.00024,0,,,,,,,,,,,,,,,,,,,,,,,High,High,High,High,Medium,,,
186,2025-09-12,20:23:58.25,5,1,"Hernandez, Leandro",806017,Right,STA_YAN,"Cannon, Bryce",1000048596,Left,HAG_FLY,Undefined,5,Bottom,2,0,0,Undefined,Four-Seam,BallCalled,Undefined,Undefined,Undefined,0,0,,91.59519,-4.918024,-4.224357,2227.405352,214.454738,1:15,5.74464,1.45113,5.92433,-17.13891,16.72906,10.6567,-0.27074,-1.58772,83.28749,-8.154135,-2.316976,0.418857,,,,,,,,,,,,-6.80441,10.44843,-1.11906,50,5.33982,9.31769,-132.19291,-11.92668,-11.94012,30.37484,-13.83956,HAG_FLY,STA_YAN,HagerstownBallpark,Independent,ATL,20250912-HagerstownBallpark-1,ebff6630-9037-11f0-8fb6-ad1606e43f24,89.98877,,,8.3077,,,,,,,914508f2-8afe-4bc3-bf51-c0b16b905d95,2025-09-13,00:23:58.25,2025-09-12T20:23:58.2530000-04:00,2025-09-13T00:23:58.2530000Z,,v3,6089,586,,"Melfi, David",1000079653,Right,STA_YAN,4229e243-cfab-4efd-ace2-a1968530821b,54.57431,-133.23983,15.18742,5.74268,-11.44967,-6.91978,-1.4473,9.72923,-5.97006,,,,,,,,,,,,,,,,,,,,,,,,,,,,,,,,,,,,,,,,,,,,,,,,,,,High,High,High,,,,,
187,2025-09-12,20:24:16.98,5,2,"Hernandez, Leandro",806017,Right,STA_YAN,"Cannon, Bryce",1000048596,Left,HAG_FLY,Undefined,5,Bottom,2,1,0,Undefined,Four-Seam,StrikeCalled,Undefined,Undefined,Undefined,0,0,,90.40636,-2.893702,-2.311688,2166.00039,210.90836,1:00,5.84324,1.37234,5.89532,-18.07363,16.38729,9.10847,1.6461,-0.01597,82.27009,-6.313954,-0.677625,0.422508,,,,,,,,,,,,-5.34516,9.59477,-1.19146,50,5.59972,4.89802,-131.01618,-7.17657,-9.23494,29.23309,-15.59702,HAG_FLY,STA_YAN,HagerstownBallpark,Independent,ATL,20250912-HagerstownBallpark-1,f72fa060-9037-11f0-8fb6-ad1606e43f24,89.21122,,,8.13627,,,,,,,914508f2-8afe-4bc3-bf51-c0b16b905d95,2025-09-13,00:24:16.98,2025-09-12T20:24:16.9810000-04:00,2025-09-13T00:24:16.9810000Z,,v3,6089,586,,"Melfi, David",1000079653,Right,STA_YAN,9426dfde-8f9b-44eb-9719-102ad09d6414,54.60139,-132.03887,14.61655,5.84124,-6.63092,-7.79851,-1.36846,5.22109,-4.61747,,,,,,,,,,,,,,,,,,,,,,,,,,,,,,,,,,,,,,,,,,,,,,,,,,,High,High,High,,,,,
188,2025-09-12,20:24:37.06,5,3,"Hernandez, Leandro",806017,Right,STA_YAN,"Cannon, Bryce",1000048596,Left,HAG_FLY,Undefined,5,Bottom,2,1,1,Undefined,Curveball,StrikeCalled,Undefined,Undefined,Undefined,0,0,,80.52032,-0.169487,-1.561265,2538.414615,73.173593,8:30,5.74636,1.86613,5.4723,-47.22526,-2.90406,-14.63611,1.65225,-0.81492,73.37013,-8.779157,-4.170291,0.479156,,,,,,,,,,,,6.86977,-0.94382,-1.71875,50,5.69949,3.77502,-116.77412,-1.98721,9.35055,24.9153,-33.45872,HAG_FLY,STA_YAN,HagerstownBallpark,Independent,ATL,20250912-HagerstownBallpark-1,032e0000-9038-11f0-8fb6-ad1606e43f24,78.66416,,,7.15019,,,,,,,914508f2-8afe-4bc3-bf51-c0b16b905d95,2025-09-13,00:24:37.06,2025-09-12T20:24:37.0610000-04:00,2025-09-13T00:24:37.0610000Z,,v3,6089,586,,"Melfi, David",1000079653,Right,STA_YAN,01f0ec7b-ce76-44f8-b127-da5ca2a312a4,55.0257,-117.84154,12.45765,5.75392,-0.55377,-16.72936,-1.8719,3.37443,4.67528,,,,,,,,,,,,,,,,,,,,,,,,,,,,,,,,,,,,,,,,,,,,,,,,,,,High,High,High,,,,,
189,2025-09-12,20:24:57.69,5,4,"Hernandez, Leandro",806017,Right,STA_YAN,"Cannon, Bryce",1000048596,Left,HAG_FLY,Undefined,5,Bottom,2,1,2,Undefined,Four-Seam,InPlay,Undefined,FlyBall,Triple,0,1,,91.01742,-1.10665,-2.199159,2136.549406,207.390884,1:00,5.9863,1.37113,5.86906,-18.24745,15.81009,7.5843,3.43687,-0.04057,82.44361,-4.574477,-0.839591,0.420028,100.21684,30.918086,16.304434,3562.347839,105.35963,65.70059,31.61195,372.16006,370.76755,17.346579,5.620588,-4.57437,8.78067,-1.19761,50,5.88626,4.74484,-132.02208,-3.11551,-7.99603,30.6265,-16.82537,HAG_FLY,STA_YAN,HagerstownBallpark,Independent,ATL,20250912-HagerstownBallpark-1,0f6b3d60-9038-11f0-8fb6-ad1606e43f24,89.73799,100.96958,,8.57382,,,,1.93756,3.49415,0.01474,914508f2-8afe-4bc3-bf51-c0b16b905d95,2025-09-13,00:24:57.69,2025-09-12T20:24:57.6960000-04:00,2025-09-13T00:24:57.6960000Z,FlyBall,v3,6089,586,,"Melfi, David",1000079653,Right,STA_YAN,af6a2fb8-a4d9-4427-85c9-6fc479a99b84,54.62819,-133.0914,15.31325,5.98479,-2.52805,-8.41268,-1.36814,5.02402,-3.99801,186.53887,1.94267,120.93604,-26.38847,6.26185,-1.17635,0.17213,-0.01959,0.00166,-7E-05,3.4923,75.54366,-15.64246,0.18296,0.25235,-0.12819,0.03259,-0.00407,0.0002,0.01564,35.38588,-5.79902,0.95697,-0.10207,0.00429,-0.00025,0.00013,-1E-05,,,,,,,,,,,,,,,,,,,,,,,High,High,High,High,Medium,,,
190,2025-09-12,20:25:52.40,6,1,"Hernandez, Leandro",806017,Right,STA_YAN,"Abreu, Osvaldo",622435,Right,HAG_FLY,Undefined,5,Bottom,2,0,0,Undefined,Four-Seam,BallCalled,Undefined,Undefined,Undefined,0,0,,90.40575,-0.769385,-3.558913,1933.969004,193.52698,12:30,5.88136,1.63264,6.03412,-22.57883,11.60658,2.52559,3.28594,-1.45663,82.42698,-5.007418,-3.105838,0.420816,,,,,,,,,,,,-2.31658,6.52965,-1.35585,50,5.809,8.04477,-131.07317,-2.4881,-4.0178,28.49444,-20.84932,HAG_FLY,STA_YAN,HagerstownBallpark,Independent,ATL,20250912-HagerstownBallpark-1,30113dd0-9038-11f0-8fb6-ad1606e43f24,89.56998,,,7.97877,,,,,,,914508f2-8afe-4bc3-bf51-c0b16b905d95,2025-09-13,00:25:52.40,2025-09-12T20:25:52.4020000-04:00,2025-09-13T00:25:52.4020000Z,,v3,6089,586,,"Melfi, David",1000079653,Right,STA_YAN,0b56cd66-a989-4e92-8b0f-f3e82a81023e,54.46212,-132.03964,14.24722,5.8814,-1.78093,-10.42466,-1.63103,8.18104,-2.0089,,,,,,,,,,,,,,,,,,,,,,,,,,,,,,,,,,,,,,,,,,,,,,,,,,,High,High,High,,,,,
191,2025-09-12,20:26:08.12,6,2,"Hernandez, Leandro",806017,Right,STA_YAN,"Abreu, Osvaldo",622435,Right,HAG_FLY,Undefined,5,Bottom,2,1,0,Undefined,Curveball,StrikeCalled,Undefined,Undefined,Undefined,0,0,,77.23491,2.015515,-0.844786,2261.025132,62.764951,8:00,5.68089,1.88181,5.15106,-55.822,-7.22646,-17.17769,2.92745,-0.345,70.4368,-8.104549,-3.887065,0.501729,,,,,,,,,,,,8.26457,-3.70307,-1.78916,50,5.82649,2.34699,-111.99032,1.97007,10.38893,22.14926,-36.82899,HAG_FLY,STA_YAN,HagerstownBallpark,Independent,ATL,20250912-HagerstownBallpark-1,395addb0-9038-11f0-8fb6-ad1606e43f24,75.12503,,,6.79811,,,,,,,914508f2-8afe-4bc3-bf51-c0b16b905d95,2025-09-13,00:26:08.12,2025-09-12T20:26:08.1240000-04:00,2025-09-13T00:26:08.1240000Z,,v3,6089,586,,"Melfi, David",1000079653,Right,STA_YAN,a1449f95-0250-468b-bbfe-e0bda2e9cb87,55.34875,-113.04323,11.07463,5.69122,3.72083,-18.4145,-1.889,1.85313,5.19447,,,,,,,,,,,,,,,,,,,,,,,,,,,,,,,,,,,,,,,,,,,,,,,,,,,High,High,High,,,,,
192,2025-09-12,20:26:29.42,6,3,"Hernandez, Leandro",806017,Right,STA_YAN,"Abreu, Osvaldo",622435,Right,HAG_FLY,Undefined,5,Bottom,2,1,1,Undefined,Four-Seam,InPlay,Undefined,GroundBall,Out,1,0,,90.12804,-2.110734,-2.726375,1916.7765,209.61033,1:00,5.72694,1.58867,6.0458,-20.70143,13.57213,7.08878,2.04465,-0.34653,82.45109,-6.003239,-1.451766,0.421358,86.37349,-9.217553,-12.872434,,,,,13.06267,12.82224,-9.247349,0.090822,-4.43366,7.92142,-1.38014,50,5.55122,5.93516,-130.76303,-5.47098,-7.66997,27.79747,-18.47047,HAG_FLY,STA_YAN,HagerstownBallpark,Independent,ATL,20250912-HagerstownBallpark-1,461cdb70-9038-11f0-8fb6-ad1606e43f24,89.45473,2.02594,,7.67695,,,,1.90376,2.02594,0.38298,914508f2-8afe-4bc3-bf51-c0b16b905d95,2025-09-13,00:26:29.42,2025-09-12T20:26:29.4220000-04:00,2025-09-13T00:26:29.4220000Z,GroundBall,v3,6089,586,,"Melfi, David",1000079653,Right,STA_YAN,b8c5256c-b260-4bba-9a05-21431771c807,54.45235,-131.7061,13.89874,5.7262,-4.84434,-9.23523,-1.58592,6.19538,-3.83498,335.721248,1.90375,121.90305,-9.98037,,,,,,,2.026,-20.30117,-22.09643,,,,,,,0.38297,-27.85562,5.79714,,,,,,,,,,,,,,,,,,,,,,,,,,,,,High,High,High,High,High,,,
193,2025-09-12,20:29:05.04,1,1,"Minaya, Julian",1000158661,Right,HAG_FLY,"Brown, Vaun",673901,Right,STA_YAN,Undefined,6,Top,0,0,0,Undefined,Four-Seam,InPlay,Undefined,GroundBall,Out,1,0,,88.07083,-2.03196,-2.315503,2063.802894,217.947576,1:15,6.01106,1.7246,5.88644,-22.45867,13.66568,9.74296,2.25037,0.38526,80.51774,-6.238716,-0.567596,0.432585,94.53731,2.677127,2.119991,1308.803128,,,,73.17808,72.80414,3.394586,0.558838,-5.6674,7.92926,-1.54356,50,5.83414,4.76584,-127.78167,-5.24884,-9.35315,26.7838,-19.08806,HAG_FLY,STA_YAN,HagerstownBallpark,Independent,ATL,20250912-HagerstownBallpark-1,a2e0b890-9038-11f0-8fb6-ad1606e43f24,87.13303,2.75042,,7.5531,,,,1.24626,2.21325,-0.39675,914508f2-8afe-4bc3-bf51-c0b16b905d95,2025-09-13,00:29:05.04,2025-09-12T20:29:05.0450000-04:00,2025-09-13T00:29:05.0450000Z,GroundBall,v3,6089,586,,"Black, Mark",691773,Right,HAG_FLY,b35beb99-32f6-48d6-bc4b-6ae3cddbfb42,54.6116,-128.74466,13.3919,6.01052,-4.56254,-9.54403,-1.72096,5.10213,-4.67657,290.740685,1.26607,137.93182,-17.0241,,,,,,,2.22885,6.10087,-18.1015,,,,,,,-0.40938,5.42922,5.50781,,,,,,,,,,,,,,,,,,,,,,,,,,,,,High,High,High,High,High,,,
194,2025-09-12,20:29:39.49,2,1,"Shapley, Jake",1000132674,Right,HAG_FLY,"Osuna, Alberto",700647,Right,STA_YAN,Undefined,6,Top,1,0,0,Undefined,Four-Seam,BallCalled,Undefined,Undefined,Undefined,0,0,,87.65557,-0.514794,-1.14616,1986.26781,211.615316,1:00,6.04048,1.71601,5.93233,-23.8286,12.56658,7.00654,3.57705,1.23638,79.89546,-4.989163,0.112534,0.434204,,,,,,,,,,,,-3.90445,6.94737,-1.62836,50,5.98597,2.25262,-127.28286,-1.89787,-6.38337,26.96054,-20.8158,HAG_FLY,STA_YAN,HagerstownBallpark,Independent,ATL,20250912-HagerstownBallpark-1,b754c640-9038-11f0-8fb6-ad1606e43f24,86.80823,,,7.76011,,,,,,,914508f2-8afe-4bc3-bf51-c0b16b905d95,2025-09-13,00:29:39.49,2025-09-12T20:29:39.4950000-04:00,2025-09-13T00:29:39.4950000Z,,v3,6089,586,,"Black, Mark",691773,Right,HAG_FLY,1dd020c3-652f-4b3d-b6e5-bc48459d0502,54.56365,-128.24587,13.48027,6.04049,-1.15434,-10.4079,-1.7129,2.48063,-3.19169,,,,,,,,,,,,,,,,,,,,,,,,,,,,,,,,,,,,,,,,,,,,,,,,,,,High,High,High,,,,,
195,2025-09-12,20:29:55.73,2,2,"Shapley, Jake",1000132674,Right,HAG_FLY,"Osuna, Alberto",700647,Right,STA_YAN,Undefined,6,Top,1,1,0,Undefined,Sinker,InPlay,Undefined,LineDrive,Double,0,0,,88.96805,-1.58645,-2.441458,2109.135871,232.956031,1:45,6.00573,1.81853,5.99905,-25.1586,9.82504,11.62875,2.43747,0.52398,81.92353,-6.26729,-0.350457,0.4257,108.58902,19.873789,-20.169222,1039.117227,101.38301,34.36615,-42.67773,351.98885,351.98885,-29.176345,3.436767,-6.67241,5.78689,-1.63296,50,5.86685,5.0422,-129.23882,-4.40675,-11.34543,25.58828,-22.33435,HAG_FLY,STA_YAN,HagerstownBallpark,Independent,ATL,20250912-HagerstownBallpark-1,c115e010-9038-11f0-8fb6-ad1606e43f24,88.5422,44.19186,,7.04452,,,,1.9867,2.58439,-0.50306,914508f2-8afe-4bc3-bf51-c0b16b905d95,2025-09-13,00:29:55.73,2025-09-12T20:29:55.7340000-04:00,2025-09-13T00:29:55.7340000Z,LineDrive,v3,6089,586,,"Black, Mark",691773,Right,HAG_FLY,e6321c9f-9521-4b7d-b776-bdee0ca25c85,54.50075,-130.12688,12.79414,6.00634,-3.63162,-11.16718,-1.81478,5.43595,-5.67271,121.725204,1.98708,140.58194,-26.86331,6.15919,-1.38309,0.30187,-0.05969,0.00804,-0.00049,2.5841,54.15057,-19.84992,1.87958,-0.38314,0.06307,-0.00385,-0.00038,6E-05,-0.50269,-51.65426,-0.81484,0.92641,-0.32418,0.11199,-0.03348,0.00596,-0.00044,,,,,,,,,,,,,,,,,,,,,,,High,High,High,High,High,,,
196,2025-09-12,20:30:39.91,3,1,"Shapley, Jake",1000132674,Right,HAG_FLY,"Maggi, Drew",543482,Right,STA_YAN,Undefined,6,Top,1,0,0,Undefined,Four-Seam,BallCalled,Undefined,Undefined,Undefined,0,0,,88.27343,0.194564,-0.820957,2007.377518,200.841688,12:45,5.9559,1.61158,5.70656,-22.7647,13.25174,4.62122,4.24014,1.23174,80.73879,-4.065062,0.005569,0.431938,,,,,,,,,,,,-2.5602,7.02099,-1.54566,50,5.95814,1.63669,-128.20964,-0.31346,-4.26998,26.00892,-20.46422,HAG_FLY,STA_YAN,HagerstownBallpark,Independent,ATL,20250912-HagerstownBallpark-1,db571110-9038-11f0-8fb6-ad1606e43f24,87.26344,,,7.53464,,,,,,,914508f2-8afe-4bc3-bf51-c0b16b905d95,2025-09-13,00:30:39.91,2025-09-12T20:30:39.9170000-04:00,2025-09-13T00:30:39.9170000Z,,v3,6089,586,,"Black, Mark",691773,Right,HAG_FLY,2143916a-ea15-4b56-934e-bfefa18ebad8,54.78962,-129.17762,13.00446,5.95563,0.44816,-10.23211,-1.60952,1.7956,-2.13499,,,,,,,,,,,,,,,,,,,,,,,,,,,,,,,,,,,,,,,,,,,,,,,,,,,High,High,High,,,,,
197,2025-09-12,20:30:56.83,3,2,"Shapley, Jake",1000132674,Right,HAG_FLY,"Maggi, Drew",543482,Right,STA_YAN,Undefined,6,Top,1,1,0,Undefined,Changeup,StrikeCalled,Undefined,Undefined,Undefined,0,0,,79.63434,-0.681118,-3.843354,1606.795004,252.878399,2:30,5.81823,1.93851,6.62296,-37.29549,6.31237,15.32513,2.08513,-0.30907,72.01723,-7.702801,-1.058649,0.475285,,,,,,,,,,,,-9.27493,4.03378,-1.68305,50,5.75718,7.21703,-115.43235,-2.39004,-12.30391,24.85586,-26.82292,HAG_FLY,STA_YAN,HagerstownBallpark,Independent,ATL,20250912-HagerstownBallpark-1,e589ff80-9038-11f0-8fb6-ad1606e43f24,79.30499,,,7.61711,,,,,,,914508f2-8afe-4bc3-bf51-c0b16b905d95,2025-09-13,00:30:56.83,2025-09-12T20:30:56.8300000-04:00,2025-09-13T00:30:56.8300000Z,,v3,6089,586,,"Black, Mark",691773,Right,HAG_FLY,445ccc18-e5e9-4c6b-8db9-8d5c7019cf65,53.87318,-116.26336,12.42793,5.8221,-1.49326,-13.41146,-1.93122,7.6284,-6.15196,,,,,,,,,,,,,,,,,,,,,,,,,,,,,,,,,,,,,,,,,,,,,,,,,,,High,High,High,,,,,
198,2025-09-12,20:31:13.75,3,3,"Shapley, Jake",1000132674,Right,HAG_FLY,"Maggi, Drew",543482,Right,STA_YAN,Undefined,6,Top,1,1,1,Undefined,Changeup,StrikeSwinging,Undefined,Undefined,Undefined,0,0,,81.67715,-0.569602,-2.797231,1721.486695,261.321908,2:45,5.90464,1.80728,6.44854,-37.87715,3.17288,12.29501,2.22424,0.25987,74.96359,-7.625845,-0.566833,0.461135,,,,,,,,,,,,-7.2165,2.2241,-1.61415,50,5.84754,5.35757,-118.66194,-2.29423,-10.27229,23.05862,-29.00818,HAG_FLY,STA_YAN,HagerstownBallpark,Independent,ATL,20250912-HagerstownBallpark-1,ef9e1b50-9038-11f0-8fb6-ad1606e43f24,81.7384,,,6.71356,,,,,,,914508f2-8afe-4bc3-bf51-c0b16b905d95,2025-09-13,00:31:13.75,2025-09-12T20:31:13.7560000-04:00,2025-09-13T00:31:13.7560000Z,,v3,6089,586,,"Black, Mark",691773,Right,HAG_FLY,5ffec9ff-9972-4208-98c1-1763ce363cfc,54.05017,-119.44639,11.52931,5.90881,-1.30738,-14.50409,-1.80236,5.70702,-5.13615,,,,,,,,,,,,,,,,,,,,,,,,,,,,,,,,,,,,,,,,,,,,,,,,,,,High,High,High,,,,,
199,2025-09-12,20:31:32.64,3,4,"Shapley, Jake",1000132674,Right,HAG_FLY,"Maggi, Drew",543482,Right,STA_YAN,Undefined,6,Top,1,1,2,Undefined,Four-Seam,BallCalled,Undefined,Undefined,Undefined,0,0,,89.93177,-0.889369,-0.467942,2119.963485,205.436137,12:45,6.1231,1.38995,5.88542,-20.08592,14.48985,6.36441,3.62334,1.48579,82.07561,-4.676079,0.674552,0.423211,,,,,,,,,,,,-3.37433,7.99733,-1.3558,50,6.03982,0.79171,-130.61101,-2.65995,-5.81938,27.92739,-18.38179,HAG_FLY,STA_YAN,HagerstownBallpark,Independent,ATL,20250912-HagerstownBallpark-1,faba7f60-9038-11f0-8fb6-ad1606e43f24,89.06292,,,7.85616,,,,,,,914508f2-8afe-4bc3-bf51-c0b16b905d95,2025-09-13,00:31:32.64,2025-09-12T20:31:32.6420000-04:00,2025-09-13T00:31:32.6420000Z,,v3,6089,586,,"Black, Mark",691773,Right,HAG_FLY,267102f5-0507-49d7-94b3-fe6d601d8bb6,54.61072,-131.59319,13.96369,6.122,-2.01348,-9.1909,-1.38724,0.99637,-2.90969,,,,,,,,,,,,,,,,,,,,,,,,,,,,,,,,,,,,,,,,,,,,,,,,,,,High,High,High,,,,,
200,2025-09-12,20:31:54.85,3,5,"Shapley, Jake",1000132674,Right,HAG_FLY,"Maggi, Drew",543482,Right,STA_YAN,Undefined,6,Top,1,2,2,Undefined,Four-Seam,StrikeCalled,Strikeout,Undefined,Undefined,0,0,,90.14336,-2.489993,-1.55007,2158.677322,204.344775,12:45,6.05634,1.6502,5.89929,-17.87103,16.54473,6.98559,2.25323,0.79299,82.46623,-5.866167,-0.296112,0.422231,,,,,,,,,,,,-4.00221,9.49922,-1.52951,50,5.84571,3.24074,-130.80231,-6.23231,-6.93348,27.60108,-15.71751,HAG_FLY,STA_YAN,HagerstownBallpark,Independent,ATL,20250912-HagerstownBallpark-1,0819ce90-9039-11f0-8fb6-ad1606e43f24,89.26974,,,7.67713,,,,,,,914508f2-8afe-4bc3-bf51-c0b16b905d95,2025-09-13,00:31:54.85,2025-09-12T20:31:54.8580000-04:00,2025-09-13T00:31:54.8580000Z,,v3,6089,586,,"Black, Mark",691773,Right,HAG_FLY,2e5d3326-ceb4-474c-9c45-887cb48e573e,54.59762,-131.7689,13.80054,6.05432,-5.68189,-7.85876,-1.64726,3.48355,-3.46674,,,,,,,,,,,,,,,,,,,,,,,,,,,,,,,,,,,,,,,,,,,,,,,,,,,High,High,High,,,,,
201,2025-09-12,20:32:26.35,4,1,"Shapley, Jake",1000132674,Right,HAG_FLY,"Rodriguez, Cristhian",682725,Left,STA_YAN,Undefined,6,Top,2,0,0,Undefined,Changeup,StrikeCalled,Undefined,Undefined,Undefined,0,0,,82.16361,-1.064147,-3.758489,1626.619757,266.686565,3:00,5.99903,1.77652,6.32473,-38.90837,2.07295,12.58749,1.77446,-0.64074,75.2162,-8.28466,-1.482701,0.460749,,,,,,,,,,,,-7.68315,1.77425,-1.50768,50,5.90282,7.3742,-119.19362,-3.39469,-10.99344,24.06532,-29.63538,HAG_FLY,STA_YAN,HagerstownBallpark,Independent,ATL,20250912-HagerstownBallpark-1,1adca9d0-9039-11f0-8fb6-ad1606e43f24,81.80688,,,6.94741,,,,,,,914508f2-8afe-4bc3-bf51-c0b16b905d95,2025-09-13,00:32:26.35,2025-09-12T20:32:26.3520000-04:00,2025-09-13T00:32:26.3520000Z,,v3,6089,586,,"Black, Mark",691773,Right,HAG_FLY,49cb0297-e50f-464a-b7ba-a37488e000b5,54.17442,-120.03348,12.03266,6.00324,-2.36044,-14.81769,-1.77173,7.75786,-5.49672,,,,,,,,,,,,,,,,,,,,,,,,,,,,,,,,,,,,,,,,,,,,,,,,,,,High,High,High,,,,,
202,2025-09-12,20:32:43.79,4,2,"Shapley, Jake",1000132674,Right,HAG_FLY,"Rodriguez, Cristhian",682725,Left,STA_YAN,Undefined,6,Top,2,0,1,Undefined,Four-Seam,BallCalled,Undefined,Undefined,Undefined,0,0,,89.95174,-0.302661,-0.277775,2052.722837,218.211362,1:15,5.88398,1.92227,6.00851,-24.32615,9.89705,6.97559,3.5764,2.24623,82.52071,-4.848683,0.977532,0.421048,,,,,,,,,,,,-3.65988,5.4937,-1.90423,50,5.84689,0.34185,-130.76463,-1.49264,-6.35602,26.80246,-22.63332,HAG_FLY,STA_YAN,HagerstownBallpark,Independent,ATL,20250912-HagerstownBallpark-1,254686c0-9039-11f0-8fb6-ad1606e43f24,89.52048,,,7.43102,,,,,,,914508f2-8afe-4bc3-bf51-c0b16b905d95,2025-09-13,00:32:43.79,2025-09-12T20:32:43.7940000-04:00,2025-09-13T00:32:43.7940000Z,,v3,6089,586,,"Black, Mark",691773,Right,HAG_FLY,0bb0de86-93a0-4beb-80a7-f711cbce5929,54.48922,-131.68156,13.40123,5.88471,-0.71834,-11.31666,-1.91964,0.55929,-3.17801,,,,,,,,,,,,,,,,,,,,,,,,,,,,,,,,,,,,,,,,,,,,,,,,,,,High,High,High,,,,,
203,2025-09-12,20:33:02.08,4,3,"Shapley, Jake",1000132674,Right,HAG_FLY,"Rodriguez, Cristhian",682725,Left,STA_YAN,Undefined,6,Top,2,1,1,Undefined,Four-Seam,StrikeCalled,Undefined,Undefined,Undefined,0,0,,89.29526,-2.181113,-2.434775,2065.658422,202.570157,12:45,6.00392,1.69911,6.1156,-21.32265,13.40709,5.12146,2.20766,-0.12655,81.92631,-6.185358,-1.512367,0.424153,,,,,,,,,,,,-3.30465,7.85292,-1.51504,50,5.82536,5.30087,-129.60323,-5.59595,-5.63207,26.5753,-18.79032,HAG_FLY,STA_YAN,HagerstownBallpark,Independent,ATL,20250912-HagerstownBallpark-1,3029b260-9039-11f0-8fb6-ad1606e43f24,88.86525,,,7.36896,,,,,,,914508f2-8afe-4bc3-bf51-c0b16b905d95,2025-09-13,00:33:02.08,2025-09-12T20:33:02.0850000-04:00,2025-09-13T00:33:02.0850000Z,,v3,6089,586,,"Black, Mark",691773,Right,HAG_FLY,a9dd314b-7f4d-4bd4-9ac0-97d609bcce24,54.38173,-130.49861,13.28765,6.00324,-4.96285,-9.39516,-1.69683,5.49063,-2.81604,,,,,,,,,,,,,,,,,,,,,,,,,,,,,,,,,,,,,,,,,,,,,,,,,,,High,High,High,,,,,
204,2025-09-12,20:33:18.33,4,4,"Shapley, Jake",1000132674,Right,HAG_FLY,"Rodriguez, Cristhian",682725,Left,STA_YAN,Undefined,6,Top,2,1,2,Undefined,Changeup,InPlay,Undefined,GroundBall,Single,0,1,,81.91977,-0.91129,-2.458758,1674.953015,250.042429,2:15,5.83943,1.84768,6.48806,-34.94447,6.1613,13.05855,2.08993,0.67721,74.50256,-7.464859,-0.087335,0.461448,93.02657,-2.928083,20.353496,,,,,30.14176,19.65948,18.655392,0.212608,-7.64394,3.90957,-1.68066,50,5.76023,4.64562,-118.94734,-2.88831,-10.82181,25.33347,-26.63908,HAG_FLY,STA_YAN,HagerstownBallpark,Independent,ATL,20250912-HagerstownBallpark-1,39d94000-9039-11f0-8fb6-ad1606e43f24,81.68294,2.07485,,7.41721,,,,2.29516,2.07485,-0.77162,914508f2-8afe-4bc3-bf51-c0b16b905d95,2025-09-13,00:33:18.33,2025-09-12T20:33:18.3360000-04:00,2025-09-13T00:33:18.3360000Z,GroundBall,v3,6089,586,,"Black, Mark",691773,Right,HAG_FLY,5bfe967d-a75c-4e2f-aece-94c292b5000a,54.01015,-119.79838,12.66673,5.84222,-1.99342,-13.31954,-1.84283,5.00916,-5.41091,263.825321,2.29628,127.68359,-19.59606,,,,,,,2.07516,-6.98886,-13.04322,,,,,,,-0.77265,47.45748,7.19981,,,,,,,,,,,,,,,,,,,,,,,,,,,,,High,High,High,Low,Low,,,
205,2025-09-12,20:33:59.19,5,1,"Shapley, Jake",1000132674,Right,HAG_FLY,"Melfi, David",1000079653,Right,STA_YAN,Undefined,6,Top,2,0,0,Undefined,Changeup,StrikeCalled,Undefined,Undefined,Undefined,0,0,,82.80504,-0.001283,-2.543562,1593.300394,257.009295,2:30,5.95791,1.61565,6.29957,-35.05045,5.07311,16.52072,3.03586,0.64733,75.87312,-6.536506,0.444392,0.455902,,,,,,,,,,,,-9.25875,3.04622,-1.43613,50,5.94121,4.72269,-120.30668,-1.06701,-13.56052,23.48727,-27.71252,HAG_FLY,STA_YAN,HagerstownBallpark,Independent,ATL,20250912-HagerstownBallpark-1,5222e6c0-9039-11f0-8fb6-ad1606e43f24,82.67667,,,6.93192,,,,,,,914508f2-8afe-4bc3-bf51-c0b16b905d95,2025-09-13,00:33:59.19,2025-09-12T20:33:59.1940000-04:00,2025-09-13T00:33:59.1940000Z,,v3,6089,586,,"Black, Mark",691773,Right,HAG_FLY,7f9b3470-b1b6-4ac3-8e25-66578b2741f2,54.19881,-121.12363,11.74364,5.96157,-0.1031,-13.85626,-1.60861,5.19436,-6.78026,,,,,,,,,,,,,,,,,,,,,,,,,,,,,,,,,,,,,,,,,,,,,,,,,,,High,High,High,,,,,
206,2025-09-12,20:34:16.72,5,2,"Shapley, Jake",1000132674,Right,HAG_FLY,"Melfi, David",1000079653,Right,STA_YAN,Undefined,6,Top,2,0,1,Undefined,Slider,BallCalled,Undefined,Undefined,Undefined,0,0,,80.47604,-1.066001,-2.613938,2056.302703,128.294703,10:15,5.79369,1.70375,5.40277,-36.9999,6.44311,-6.66705,1.71036,-1.30281,74.97761,-7.788498,-3.798615,0.474385,,,,,,,,,,,,2.74417,3.86461,-1.46593,50,5.67254,5.5985,-116.88134,-3.43312,3.84701,19.26235,-26.7563,HAG_FLY,STA_YAN,HagerstownBallpark,Independent,ATL,20250912-HagerstownBallpark-1,5cb189c0-9039-11f0-8fb6-ad1606e43f24,79.4553,,,5.49843,,,,,,,914508f2-8afe-4bc3-bf51-c0b16b905d95,2025-09-13,00:34:16.72,2025-09-12T20:34:16.7260000-04:00,2025-09-13T00:34:16.7260000Z,,v3,6089,586,,"Black, Mark",691773,Right,HAG_FLY,3b448d20-14ef-4d84-9db5-f8105f6337f5,55.09676,-117.7183,9.63118,5.79646,-2.27054,-13.37815,-1.70555,5.43134,1.92351,,,,,,,,,,,,,,,,,,,,,,,,,,,,,,,,,,,,,,,,,,,,,,,,,,,High,High,High,,,,,
207,2025-09-12,20:34:35.46,5,3,"Shapley, Jake",1000132674,Right,HAG_FLY,"Melfi, David",1000079653,Right,STA_YAN,Undefined,6,Top,2,1,1,Undefined,Changeup,BallCalled,Undefined,Undefined,Undefined,0,0,,83.65434,-2.118259,-1.487703,1849.968552,212.62047,1:00,5.99053,1.4412,5.78975,-27.24643,12.62969,7.31457,1.74793,0.6665,77.18161,-7.164837,-0.17638,0.454494,,,,,,,,,,,,-4.14618,7.37229,-1.32325,50,5.79964,2.86922,-121.49159,-5.35766,-6.23228,22.53344,-21.09254,HAG_FLY,STA_YAN,HagerstownBallpark,Independent,ATL,20250912-HagerstownBallpark-1,67cc4020-9039-11f0-8fb6-ad1606e43f24,82.93283,,,6.47273,,,,,,,914508f2-8afe-4bc3-bf51-c0b16b905d95,2025-09-13,00:34:35.46,2025-09-12T20:34:35.4680000-04:00,2025-09-13T00:34:35.4680000Z,,v3,6089,586,,"Black, Mark",691773,Right,HAG_FLY,ed67d6cc-c199-4e79-8ea3-e399c62d15e6,54.70902,-122.36187,11.26672,5.99083,-4.54303,-10.54627,-1.43871,3.10992,-3.11614,,,,,,,,,,,,,,,,,,,,,,,,,,,,,,,,,,,,,,,,,,,,,,,,,,,High,High,High,,,,,
208,2025-09-12,20:34:57.13,5,4,"Shapley, Jake",1000132674,Right,HAG_FLY,"Melfi, David",1000079653,Right,STA_YAN,Undefined,6,Top,2,2,1,Undefined,Four-Seam,BallCalled,Undefined,Undefined,Undefined,0,0,,88.92781,-1.971839,-0.938636,2145.018852,199.067154,12:45,6.12139,1.43193,6.10862,-17.65462,17.38855,5.62343,2.82589,1.03253,81.3333,-5.32989,0.074981,0.426062,,,,,,,,,,,,-3.14969,9.8539,-1.36269,50,5.96058,1.8828,-129.14242,-4.94427,-5.31871,26.91587,-15.53429,HAG_FLY,STA_YAN,HagerstownBallpark,Independent,ATL,20250912-HagerstownBallpark-1,749b0f20-9039-11f0-8fb6-ad1606e43f24,88.467,,,7.5945,,,,,,,914508f2-8afe-4bc3-bf51-c0b16b905d95,2025-09-13,00:34:57.13,2025-09-12T20:34:57.1310000-04:00,2025-09-13T00:34:57.1310000Z,,v3,6089,586,,"Black, Mark",691773,Right,HAG_FLY,6ce6e72a-2e08-417f-8bf1-2882cfe05b6a,54.38767,-130.05368,13.45793,6.11907,-4.41834,-7.76715,-1.42948,2.06287,-2.65936,,,,,,,,,,,,,,,,,,,,,,,,,,,,,,,,,,,,,,,,,,,,,,,,,,,High,High,High,,,,,
209,2025-09-12,20:35:17.32,5,5,"Shapley, Jake",1000132674,Right,HAG_FLY,"Melfi, David",1000079653,Right,STA_YAN,Undefined,6,Top,2,3,1,Undefined,Four-Seam,StrikeCalled,Undefined,Undefined,Undefined,0,0,,89.68378,-2.558161,-1.560323,2153.494651,204.560236,12:45,6.00229,1.6457,6.03833,-20.18076,14.40969,6.07898,1.94948,0.7072,82.12003,-6.354004,-0.465995,0.423301,,,,,,,,,,,,-3.57146,8.47626,-1.52727,50,5.7917,3.29434,-130.16509,-6.43872,-6.12428,27.44974,-17.6391,HAG_FLY,STA_YAN,HagerstownBallpark,Independent,ATL,20250912-HagerstownBallpark-1,80c14210-9039-11f0-8fb6-ad1606e43f24,89.04401,,,7.56375,,,,,,,914508f2-8afe-4bc3-bf51-c0b16b905d95,2025-09-13,00:35:17.32,2025-09-12T20:35:17.3270000-04:00,2025-09-13T00:35:17.3270000Z,,v3,6089,586,,"Black, Mark",691773,Right,HAG_FLY,4061f5d4-f62c-4cde-8a1b-5d70dd40e89b,54.45922,-131.10209,13.72487,6.00121,-5.8366,-8.81955,-1.64329,3.50339,-3.06214,,,,,,,,,,,,,,,,,,,,,,,,,,,,,,,,,,,,,,,,,,,,,,,,,,,High,High,High,,,,,
210,2025-09-12,20:35:36.08,5,6,"Shapley, Jake",1000132674,Right,HAG_FLY,"Melfi, David",1000079653,Right,STA_YAN,Undefined,6,Top,2,3,2,Undefined,Changeup,BallCalled,Walk,Undefined,Undefined,0,0,,81.28289,-0.368775,-1.417279,1673.633133,261.008433,2:45,5.89981,1.54186,6.62715,-37.80234,3.39059,13.08642,2.41184,1.33443,74.46536,-7.445439,0.967546,0.461937,,,,,,,,,,,,-7.26465,2.3291,-1.45048,50,5.85989,2.46214,-118.19429,-1.83366,-10.23216,23.43592,-28.89356,HAG_FLY,STA_YAN,HagerstownBallpark,Independent,ATL,20250912-HagerstownBallpark-1,8bdedea0-9039-11f0-8fb6-ad1606e43f24,81.59649,,,6.81753,,,,,,,914508f2-8afe-4bc3-bf51-c0b16b905d95,2025-09-13,00:35:36.08,2025-09-12T20:35:36.0870000-04:00,2025-09-13T00:35:36.0870000Z,,v3,6089,586,,"Black, Mark",691773,Right,HAG_FLY,6d9c707b-3b1e-44a5-8879-b407dd3aa647,53.87068,-118.95931,11.71796,5.90435,-0.89049,-14.44678,-1.5363,2.79614,-5.11608,,,,,,,,,,,,,,,,,,,,,,,,,,,,,,,,,,,,,,,,,,,,,,,,,,,High,High,High,,,,,
211,2025-09-12,20:36:08.98,6,1,"Shapley, Jake",1000132674,Right,HAG_FLY,"Johnson, Kolby",815259,Right,STA_YAN,Undefined,6,Top,2,0,0,Undefined,Four-Seam,InPlay,Undefined,GroundBall,Single,0,0,,89.41301,-1.920004,-2.651464,2096.878517,206.981687,1:00,6.0493,1.55269,6.34208,-21.793,12.54308,5.84197,2.46309,-0.40319,82.02708,-6.026097,-1.595007,0.421742,48.09618,-66.192478,-64.161334,,,,,2.55391,2.55391,-13.936629,0.038796,-3.78839,7.39347,-1.36258,50,5.89919,5.78547,-129.8402,-5.00547,-6.47549,26.85658,-19.53641,HAG_FLY,STA_YAN,HagerstownBallpark,Independent,ATL,20250912-HagerstownBallpark-1,9f890ca0-9039-11f0-8fb6-ad1606e43f24,89.37325,2.52374,,7.38594,,,,1.99343,2.52374,0.38707,914508f2-8afe-4bc3-bf51-c0b16b905d95,2025-09-13,00:36:08.98,2025-09-12T20:36:08.9810000-04:00,2025-09-13T00:36:08.9810000Z,GroundBall,v3,6089,586,,"Black, Mark",691773,Right,HAG_FLY,bfdad98d-6b37-4943-a011-2804592ba1e0,54.15655,-130.69712,13.42829,6.04896,-4.38211,-9.76821,-1.55047,5.99209,-3.23775,,1.99281,12.50919,,,,,,,,2.52695,-65.05171,,,,,,,,0.38834,-25.832,,,,,,,,,,,,,,,,,,,,,,,,,,,,,,High,High,High,Estimated,Estimated,,,
212,2025-09-12,20:36:43.61,7,1,"Shapley, Jake",1000132674,Right,HAG_FLY,"Diaz, Eddy",677647,Right,STA_YAN,Undefined,6,Top,2,0,0,Undefined,Changeup,BallCalled,Undefined,Undefined,Undefined,0,0,,83.49033,-2.509833,-4.810759,1639.875802,271.391856,3:00,5.89485,1.69564,6.65785,-38.83683,1.09795,16.78686,0.35211,-1.31815,75.47871,-9.761927,-1.758754,0.454828,,,,,,,,,,,,-10.47237,1.88721,-1.37771,50,5.71061,9.55741,-120.76293,-6.44374,-15.13451,28.20583,-29.44668,HAG_FLY,STA_YAN,HagerstownBallpark,Independent,ATL,20250912-HagerstownBallpark-1,b4342fe0-9039-11f0-8fb6-ad1606e43f24,82.87191,,,8.01162,,,,,,,914508f2-8afe-4bc3-bf51-c0b16b905d95,2025-09-13,00:36:43.61,2025-09-12T20:36:43.6190000-04:00,2025-09-13T00:36:43.6190000Z,,v3,6089,586,,"Black, Mark",691773,Right,HAG_FLY,c7b68d2d-84ab-4fe8-82e5-a8ca6b6b8c10,53.83944,-121.65638,14.10291,5.89995,-5.51098,-14.72334,-1.68804,10.03681,-7.56725,,,,,,,,,,,,,,,,,,,,,,,,,,,,,,,,,,,,,,,,,,,,,,,,,,,High,High,High,,,,,
213,2025-09-12,20:37:10.87,7,2,"Shapley, Jake",1000132674,Right,HAG_FLY,"Diaz, Eddy",677647,Right,STA_YAN,Undefined,6,Top,2,1,0,Undefined,Four-Seam,InPlay,Undefined,LineDrive,Single,0,1,,89.93951,-2.116097,-2.772887,2060.259719,194.448575,12:30,6.18015,1.44207,5.88256,-19.68355,15.11678,3.59465,2.57159,-0.83537,81.89546,-5.826093,-2.128792,0.424584,82.93977,19.459037,21.435907,3166.83695,99.101,28.97916,47.73793,248.77557,246.18716,30.58521,2.986268,-2.65492,8.7078,-1.22023,50,5.99786,6.16112,-130.37007,-5.43661,-4.54497,28.77019,-17.26719,HAG_FLY,STA_YAN,HagerstownBallpark,Independent,ATL,20250912-HagerstownBallpark-1,c473e2b0-9039-11f0-8fb6-ad1606e43f24,88.77507,30.31853,,8.04406,,,,0.67071,2.49561,0.98418,914508f2-8afe-4bc3-bf51-c0b16b905d95,2025-09-13,00:37:10.87,2025-09-12T20:37:10.8780000-04:00,2025-09-13T00:37:10.8780000Z,LineDrive,v3,6089,586,,"Black, Mark",691773,Right,HAG_FLY,20729e0f-02cf-4985-8f81-f8292c267f8c,54.61407,-131.38436,14.38509,6.17879,-4.82786,-8.6336,-1.44027,6.32135,-2.27248,,0.67067,106.76427,-19.0501,3.9398,-0.70852,0.04529,0.0269,-0.00988,0.00112,2.49563,40.5225,-15.628,0.72105,-0.14475,0.10541,-0.0523,0.01378,-0.00142,0.98433,41.90981,1.56897,-1.17325,0.41895,-0.1098,0.01946,-0.00166,3E-05,,,,,,,,,,,,,,,,,,,,,,,High,High,High,High,High,,,
214,2025-09-12,20:37:54.73,8,1,"Shapley, Jake",1000132674,Right,HAG_FLY,"Contreras, Mark",676628,Left,STA_YAN,Undefined,6,Top,2,0,0,Undefined,Sinker,StrikeCalled,Undefined,Undefined,Undefined,0,0,,88.26058,-1.537381,-1.99255,1975.634351,224.472773,1:30,5.99211,1.80249,5.89819,-24.82163,11.08879,9.75485,2.4952,0.76485,80.72932,-6.168539,-0.241353,0.431302,,,,,,,,,,,,-5.53929,6.46449,-1.64769,50,5.85419,4.04616,-128.1068,-4.25194,-9.1952,26.73627,-21.44305,HAG_FLY,STA_YAN,HagerstownBallpark,Independent,ATL,20250912-HagerstownBallpark-1,de98d920-9039-11f0-8fb6-ad1606e43f24,87.39219,,,7.53126,,,,,,,914508f2-8afe-4bc3-bf51-c0b16b905d95,2025-09-13,00:37:54.73,2025-09-12T20:37:54.7360000-04:00,2025-09-13T00:37:54.7360000Z,,v3,6089,586,,"Black, Mark",691773,Right,HAG_FLY,443902af-f537-410c-885f-365a1d843f39,54.59871,-129.06299,13.36814,5.99255,-3.48505,-10.72153,-1.79828,4.37502,-4.5976,,,,,,,,,,,,,,,,,,,,,,,,,,,,,,,,,,,,,,,,,,,,,,,,,,,High,High,High,,,,,
215,2025-09-12,20:38:11.75,8,2,"Shapley, Jake",1000132674,Right,HAG_FLY,"Contreras, Mark",676628,Left,STA_YAN,Undefined,6,Top,2,0,1,Undefined,Sinker,BallCalled,Undefined,Undefined,Undefined,0,0,,87.89885,-0.141061,-0.887114,2069.897387,224.106977,1:30,6.07824,1.56971,6.35606,-24.49797,11.13753,9.6691,3.9069,1.55894,80.04622,-4.771891,0.864066,0.429648,,,,,,,,,,,,-5.27674,6.1963,-1.50962,50,6.05656,1.59427,-127.73729,-1.04209,-8.6736,27.57738,-21.98891,HAG_FLY,STA_YAN,HagerstownBallpark,Independent,ATL,20250912-HagerstownBallpark-1,e8bbe910-9039-11f0-8fb6-ad1606e43f24,87.72865,,,7.85263,,,,,,,914508f2-8afe-4bc3-bf51-c0b16b905d95,2025-09-13,00:38:11.75,2025-09-12T20:38:11.7520000-04:00,2025-09-13T00:38:11.7520000Z,,v3,6089,586,,"Black, Mark",691773,Right,HAG_FLY,8fa7dba3-0b2f-42cd-8ea7-04a87fec212a,54.14047,-128.62808,13.78869,6.07875,-0.33181,-10.99446,-1.56564,1.87444,-4.3368,,,,,,,,,,,,,,,,,,,,,,,,,,,,,,,,,,,,,,,,,,,,,,,,,,,High,High,High,,,,,
216,2025-09-12,20:38:29.45,8,3,"Shapley, Jake",1000132674,Right,HAG_FLY,"Contreras, Mark",676628,Left,STA_YAN,Undefined,6,Top,2,1,1,Undefined,Cutter,BallCalled,Undefined,Undefined,Undefined,0,0,,87.22494,-0.511898,0.277239,2043.044979,201.713807,12:45,5.95958,1.81756,5.81901,-26.58446,10.34217,3.63914,3.26826,2.37859,79.5287,-5.470601,0.929864,0.437362,,,,,,,,,,,,-1.76791,5.7976,-1.84236,50,5.90209,-0.76705,-126.6475,-2.01032,-2.85995,26.82615,-22.79522,HAG_FLY,STA_YAN,HagerstownBallpark,Independent,ATL,20250912-HagerstownBallpark-1,f3335a90-9039-11f0-8fb6-ad1606e43f24,86.18128,,,7.69624,,,,,,,914508f2-8afe-4bc3-bf51-c0b16b905d95,2025-09-13,00:38:29.45,2025-09-12T20:38:29.4590000-04:00,2025-09-13T00:38:29.4590000Z,,v3,6089,586,,"Black, Mark",691773,Right,HAG_FLY,43420de9-555d-468a-99c4-f57da6ff68c1,54.67672,-127.63427,13.41307,5.96061,-1.17182,-11.39761,-1.81608,-0.66185,-1.42997,,,,,,,,,,,,,,,,,,,,,,,,,,,,,,,,,,,,,,,,,,,,,,,,,,,High,High,High,,,,,
217,2025-09-12,20:38:49.03,8,4,"Shapley, Jake",1000132674,Right,HAG_FLY,"Contreras, Mark",676628,Left,STA_YAN,Undefined,6,Top,2,2,1,Undefined,Changeup,StrikeSwinging,Undefined,Undefined,Undefined,0,0,,82.5753,-1.179374,-3.106589,1759.620941,261.776291,2:45,5.95838,1.71529,6.26567,-36.81077,3.71748,16.69379,1.80175,0.23953,75.71291,-8.012978,-0.088437,0.458195,,,,,,,,,,,,-9.5515,2.67268,-1.49293,50,5.85318,5.88479,-119.87692,-3.59869,-13.85876,23.79907,-28.29613,HAG_FLY,STA_YAN,HagerstownBallpark,Independent,ATL,20250912-HagerstownBallpark-1,fef43c00-9039-11f0-8fb6-ad1606e43f24,82.26289,,,6.86239,,,,,,,914508f2-8afe-4bc3-bf51-c0b16b905d95,2025-09-13,00:38:49.03,2025-09-12T20:38:49.0300000-04:00,2025-09-13T00:38:49.0300000Z,,v3,6089,586,,"Black, Mark",691773,Right,HAG_FLY,3ebabb74-48ca-4452-8acc-515872d73b54,54.23328,-120.71443,11.89953,5.9623,-2.60293,-14.14806,-1.7086,6.37249,-6.92938,,,,,,,,,,,,,,,,,,,,,,,,,,,,,,,,,,,,,,,,,,,,,,,,,,,High,High,High,,,,,
218,2025-09-12,20:39:09.13,8,5,"Shapley, Jake",1000132674,Right,HAG_FLY,"Contreras, Mark",676628,Left,STA_YAN,Undefined,6,Top,2,2,2,Undefined,Changeup,InPlay,Undefined,GroundBall,Out,1,0,,83.10146,-1.307645,-2.225355,1597.002368,267.988711,3:00,6.00171,1.54204,6.42531,-37.80286,1.70358,14.61863,1.64842,0.71378,76.71468,-8.318033,0.429058,0.452382,96.2978,-7.450526,-7.559415,,,,,12.64619,12.24747,-10.00879,0.082954,-8.29422,1.58169,-1.38992,50,5.89135,4.17563,-120.8287,-3.8959,-12.28944,23.0464,-29.83047,HAG_FLY,STA_YAN,HagerstownBallpark,Independent,ATL,20250912-HagerstownBallpark-1,0af1b140-903a-11f0-8fb6-ad1606e43f24,83.31997,1.52063,,6.38678,,,,0.92688,1.52063,-0.6682,914508f2-8afe-4bc3-bf51-c0b16b905d95,2025-09-13,00:39:09.13,2025-09-12T20:39:09.1350000-04:00,2025-09-13T00:39:09.1350000Z,GroundBall,v3,6089,586,,"Black, Mark",691773,Right,HAG_FLY,6aa19bb1-ac4d-4b29-8e1b-7374812943b7,54.07525,-121.60351,11.5232,6.00547,-2.89301,-14.91524,-1.53725,4.5888,-6.14472,180,0.92516,138.95557,,,,,,,,1.52086,-18.33111,,,,,,,,-0.66797,-18.44046,,,,,,,,,,,,,,,,,,,,,,,,,,,,,,High,High,High,High,High,,,
219,2025-09-12,20:41:56.25,1,1,"Hernandez, Leandro",806017,Right,STA_YAN,"Black, Mark",691773,Right,HAG_FLY,Undefined,6,Bottom,0,0,0,Undefined,Slider,StrikeCalled,Undefined,Undefined,Undefined,0,0,,78.76246,0.418629,-1.115786,2412.635348,80.143646,8:45,5.76025,2.01125,5.0845,-47.47814,-0.78748,-13.32257,2.19841,-0.15079,72.06624,-8.188135,-3.473332,0.491798,,,,,,,,,,,,6.26965,-0.03484,-1.89478,50,5.76267,2.77636,-114.23518,-0.86022,8.22859,22.37789,-32.21976,HAG_FLY,STA_YAN,HagerstownBallpark,Independent,ATL,20250912-HagerstownBallpark-1,6e7ec4f0-903a-11f0-8fb6-ad1606e43f24,76.64217,,,6.69622,,,,,,,914508f2-8afe-4bc3-bf51-c0b16b905d95,2025-09-13,00:41:56.25,2025-09-12T20:41:56.2570000-04:00,2025-09-13T00:41:56.2570000Z,,v3,6089,586,,"Melfi, David",1000079653,Right,STA_YAN,ef0e579e-982c-4471-83e5-169cbe80f88e,55.41346,-115.29076,11.18894,5.76741,0.65961,-16.10988,-2.01659,2.38821,4.11429,,,,,,,,,,,,,,,,,,,,,,,,,,,,,,,,,,,,,,,,,,,,,,,,,,,High,High,High,,,,,
220,2025-09-12,20:42:14.14,1,2,"Hernandez, Leandro",806017,Right,STA_YAN,"Black, Mark",691773,Right,HAG_FLY,Undefined,6,Bottom,0,0,1,Undefined,Sinker,FoulBallNotFieldable,Undefined,Undefined,Undefined,0,0,,89.52177,-0.952634,-1.856111,1986.902812,231.878577,1:45,5.87317,1.52904,6.24469,-22.91926,11.45134,13.21579,3.08406,0.91784,81.91466,-5.268112,0.531774,0.421954,104.27553,23.532788,-36.192128,2336.287839,85.00633,42.55121,-69.81337,365.35218,361.86397,-47.078254,3.925509,-7.41363,6.53788,-1.39742,50,5.79091,3.69094,-130.099,-2.86877,-12.69875,27.44435,-20.97538,HAG_FLY,STA_YAN,HagerstownBallpark,Independent,ATL,20250912-HagerstownBallpark-1,793450e0-903a-11f0-8fb6-ad1606e43f24,89.32832,56.48935,,7.60711,,,,1.80742,3.18548,-0.95018,914508f2-8afe-4bc3-bf51-c0b16b905d95,2025-09-13,00:42:14.14,2025-09-12T20:42:14.1470000-04:00,2025-09-13T00:42:14.1470000Z,FlyBall,v3,6089,586,,"Melfi, David",1000079653,Right,STA_YAN,fff4a891-f68f-4c08-a6ae-3f374e94b318,54.25424,-130.99335,13.72218,5.87325,-2.18522,-10.48769,-1.52444,4.10477,-6.34938,,1.80726,113.16369,-25.46883,6.36347,-1.47421,0.29136,-0.04382,0.00388,-0.00012,3.18555,61.06353,-19.58215,1.47196,-0.23455,0.05884,-0.0182,0.00389,-0.00033,-0.94994,-82.80481,5.17261,-0.31674,-0.03151,-0.00163,0.00544,-0.0012,8E-05,,,,,,,,,,,,,,,,,,,,,,,High,High,High,High,Medium,,,
221,2025-09-12,20:42:55.21,1,3,"Hernandez, Leandro",806017,Right,STA_YAN,"Black, Mark",691773,Right,HAG_FLY,Undefined,6,Bottom,0,0,2,Undefined,Four-Seam,InPlay,Undefined,GroundBall,Single,0,0,,90.77682,-1.401184,-2.788694,2127.269161,202.041826,12:45,5.95295,1.33983,5.94627,-18.40954,15.82217,5.92032,3.1174,-0.75542,82.12158,-4.903832,-1.726767,0.4211,88.05975,10.301775,10.401427,1117.186938,107.5756,8.08858,22.96605,152.60301,152.20376,12.550336,1.41214,-3.90362,8.90174,-1.12107,50,5.83108,6.15518,-131.57794,-3.77813,-6.76816,30.7854,-16.74012,HAG_FLY,STA_YAN,HagerstownBallpark,Independent,ATL,20250912-HagerstownBallpark-1,91af8ef0-903a-11f0-8fb6-ad1606e43f24,89.50939,10.07394,,8.65524,,,,0.65809,3.06569,0.75964,914508f2-8afe-4bc3-bf51-c0b16b905d95,2025-09-13,00:42:55.21,2025-09-12T20:42:55.2170000-04:00,2025-09-13T00:42:55.2170000Z,LineDrive,v3,6089,586,,"Melfi, David",1000079653,Right,STA_YAN,7ad4d12e-0cb4-4993-8ec6-0c57cb586c70,54.54987,-132.6382,15.3927,5.95127,-3.20159,-8.37006,-1.33707,6.38828,-3.38408,283.403484,0.65809,124.98388,-17.95049,3.53395,-0.76762,0.16332,-0.03469,0.00602,-0.00056,3.06569,23.09697,-20.16289,2.09448,-0.4586,0.10357,-0.02098,0.00373,-0.00037,0.75964,22.94205,-0.11932,0.11878,-0.03171,0.0074,-0.00139,0.00023,-2E-05,,,,,,,,,,,,,,,,,,,,,,,High,High,High,High,High,,,
222,2025-09-12,20:43:31.85,2,1,"Hernandez, Leandro",806017,Right,STA_YAN,"Semo, Andrew",813663,Right,HAG_FLY,Undefined,6,Bottom,0,0,0,Undefined,Slider,BallCalled,Undefined,Undefined,Undefined,0,0,,77.65149,-0.508874,-1.718104,2515.243535,80.047398,8:45,5.63176,1.83513,5.05888,-49.25184,-0.93378,-14.64237,1.04734,-1.00573,71.01939,-9.409132,-4.308711,0.500295,,,,,,,,,,,,6.79788,0.10701,-1.65939,50,5.54413,3.95939,-112.5584,-2.7184,8.61598,22.72837,-32.03844,HAG_FLY,STA_YAN,HagerstownBallpark,Independent,ATL,20250912-HagerstownBallpark-1,a7963f70-903a-11f0-8fb6-ad1606e43f24,75.34042,,,6.6321,,,,,,,914508f2-8afe-4bc3-bf51-c0b16b905d95,2025-09-13,00:43:31.85,2025-09-12T20:43:31.8560000-04:00,2025-09-13T00:43:31.8560000Z,,v3,6089,586,,"Melfi, David",1000079653,Right,STA_YAN,a76ebbd7-2a6f-40db-8cd4-ccec0623367f,55.44028,-113.65162,11.36418,5.63782,-1.17738,-16.01922,-1.83987,3.54497,4.30799,,,,,,,,,,,,,,,,,,,,,,,,,,,,,,,,,,,,,,,,,,,,,,,,,,,High,High,High,,,,,
223,2025-09-12,20:43:51.07,2,2,"Hernandez, Leandro",806017,Right,STA_YAN,"Semo, Andrew",813663,Right,HAG_FLY,Undefined,6,Bottom,0,1,0,Undefined,Curveball,StrikeSwinging,Undefined,Undefined,Undefined,0,0,,78.72669,-1.06276,-1.942281,2519.40892,74.089797,8:30,5.64571,1.81473,5.13297,-50.73046,-3.53693,-18.2519,0.41667,-1.53603,71.77814,-10.216904,-5.176763,0.494439,,,,,,,,,,,,8.55666,-1.03862,-1.61747,50,5.50653,4.59359,-114.04935,-3.89577,11.05348,24.7359,-33.51572,HAG_FLY,STA_YAN,HagerstownBallpark,Independent,ATL,20250912-HagerstownBallpark-1,b3081680-903a-11f0-8fb6-ad1606e43f24,76.23276,,,6.94855,,,,,,,914508f2-8afe-4bc3-bf51-c0b16b905d95,2025-09-13,00:43:51.07,2025-09-12T20:43:51.0700000-04:00,2025-09-13T00:43:51.0700000Z,,v3,6089,586,,"Melfi, David",1000079653,Right,STA_YAN,8fe297ea-8ba7-4c59-825f-023224af5f14,55.36678,-115.20746,12.36795,5.6522,-2.3266,-16.75786,-1.82042,4.07607,5.52674,,,,,,,,,,,,,,,,,,,,,,,,,,,,,,,,,,,,,,,,,,,,,,,,,,,High,High,High,,,,,
224,2025-09-12,20:44:13.04,2,3,"Hernandez, Leandro",806017,Right,STA_YAN,"Semo, Andrew",813663,Right,HAG_FLY,Undefined,6,Bottom,0,1,1,Undefined,Slider,StrikeCalled,Undefined,Undefined,Undefined,0,0,,78.70167,0.562791,-1.42811,2511.424931,86.003726,8:45,5.66903,1.76732,5.66943,-44.98109,0.52122,-12.6706,2.4455,-0.62034,72.35373,-7.676778,-3.693388,0.485499,,,,,,,,,,,,6.03453,0.53551,-1.63863,50,5.68821,3.33337,-114.30569,-0.34425,7.96994,21.41459,-31.46678,HAG_FLY,STA_YAN,HagerstownBallpark,Independent,ATL,20250912-HagerstownBallpark-1,c01ca110-903a-11f0-8fb6-ad1606e43f24,77.63655,,,6.34794,,,,,,,914508f2-8afe-4bc3-bf51-c0b16b905d95,2025-09-13,00:44:13.04,2025-09-12T20:44:13.0450000-04:00,2025-09-13T00:44:13.0450000Z,,v3,6089,586,,"Melfi, David",1000079653,Right,STA_YAN,79d8f236-b441-4109-9e76-6f46c3fbd018,54.82955,-115.20693,10.70729,5.67483,0.98004,-15.73339,-1.77186,2.99796,3.98497,,,,,,,,,,,,,,,,,,,,,,,,,,,,,,,,,,,,,,,,,,,,,,,,,,,High,High,High,,,,,
225,2025-09-12,20:44:34.57,2,4,"Hernandez, Leandro",806017,Right,STA_YAN,"Semo, Andrew",813663,Right,HAG_FLY,Undefined,6,Bottom,0,1,2,Undefined,Slider,StrikeSwinging,Strikeout,Undefined,Undefined,0,0,,81.38736,-0.630146,-1.669116,2580.928396,75.870439,8:30,5.68792,1.60927,5.29576,-43.69778,0.06819,-5.90016,1.45454,-0.44993,73.89718,-8.596337,-2.717671,0.476146,,,,,,,,,,,,2.41106,0.70441,-1.45302,50,5.599,3.68311,-117.92413,-2.8549,3.34281,25.64719,-31.1974,HAG_FLY,STA_YAN,HagerstownBallpark,Independent,ATL,20250912-HagerstownBallpark-1,ccf9ef00-903a-11f0-8fb6-ad1606e43f24,79.16158,,,7.49018,,,,,,,914508f2-8afe-4bc3-bf51-c0b16b905d95,2025-09-13,00:44:34.57,2025-09-12T20:44:34.5750000-04:00,2025-09-13T00:44:34.5750000Z,,v3,6089,586,,"Melfi, David",1000079653,Right,STA_YAN,b9cc0b2f-43b7-4ce7-af64-208d87aec1d0,55.2005,-119.0498,12.82359,5.69426,-1.48562,-15.5987,-1.61145,3.53639,1.6714,,,,,,,,,,,,,,,,,,,,,,,,,,,,,,,,,,,,,,,,,,,,,,,,,,,High,High,High,,,,,
226,2025-09-12,20:45:05.83,3,1,"Hernandez, Leandro",806017,Right,STA_YAN,"Escanio, Brenny",691601,Left,HAG_FLY,Undefined,6,Bottom,1,0,0,Undefined,Four-Seam,BallCalled,Undefined,Undefined,Undefined,0,0,,89.8584,-3.025248,-2.898627,1848.625805,217.047076,1:15,5.84664,1.32618,6.25393,-20.46289,13.98457,9.67209,1.3455,-0.54306,81.84145,-6.8932,-1.152368,0.422425,,,,,,,,,,,,-5.8939,8.51272,-1.11552,50,5.61157,6.20418,-130.23245,-7.49565,-10.05443,29.06458,-17.65219,HAG_FLY,STA_YAN,HagerstownBallpark,Independent,ATL,20250912-HagerstownBallpark-1,df8b32f0-903a-11f0-8fb6-ad1606e43f24,89.22864,,,8.01695,,,,,,,914508f2-8afe-4bc3-bf51-c0b16b905d95,2025-09-13,00:45:05.83,2025-09-12T20:45:05.8350000-04:00,2025-09-13T00:45:05.8350000Z,,v3,6089,586,,"Melfi, David",1000079653,Right,STA_YAN,b3d057c7-1407-42cf-892e-2dc63a0d8f35,54.24346,-131.17607,14.53229,5.84562,-6.92256,-8.8261,-1.32224,6.53061,-5.02721,,,,,,,,,,,,,,,,,,,,,,,,,,,,,,,,,,,,,,,,,,,,,,,,,,,High,High,High,,,,,
227,2025-09-12,20:45:22.82,3,2,"Hernandez, Leandro",806017,Right,STA_YAN,"Escanio, Brenny",691601,Left,HAG_FLY,Undefined,6,Bottom,1,1,0,Undefined,Changeup,StrikeCalled,Undefined,Undefined,Undefined,0,0,,89.8295,-2.744182,-2.542562,1794.179608,222.073648,1:30,5.91349,1.37422,6.04602,-21.98974,12.73213,10.42788,1.53607,-0.11218,81.79934,-6.874271,-0.666117,0.424104,,,,,,,,,,,,-6.14134,7.72894,-1.18179,50,5.68772,5.34963,-130.21442,-6.93821,-10.47126,29.11272,-18.99586,HAG_FLY,STA_YAN,HagerstownBallpark,Independent,ATL,20250912-HagerstownBallpark-1,e9a9d610-903a-11f0-8fb6-ad1606e43f24,88.87538,,,8.03016,,,,,,,914508f2-8afe-4bc3-bf51-c0b16b905d95,2025-09-13,00:45:22.82,2025-09-12T20:45:22.8260000-04:00,2025-09-13T00:45:22.8260000Z,,v3,6089,586,,"Melfi, David",1000079653,Right,STA_YAN,de81cc55-abfe-4fdc-8419-0230b392cf46,54.45136,-131.20586,14.55636,5.91299,-6.2913,-9.49793,-1.37004,5.70623,-5.23563,,,,,,,,,,,,,,,,,,,,,,,,,,,,,,,,,,,,,,,,,,,,,,,,,,,High,High,High,,,,,
228,2025-09-12,20:45:43.17,3,3,"Hernandez, Leandro",806017,Right,STA_YAN,"Escanio, Brenny",691601,Left,HAG_FLY,Undefined,6,Bottom,1,1,1,Undefined,Curveball,BallCalled,Undefined,Undefined,Undefined,0,0,,78.34769,1.313644,0.341012,2280.566633,74.114753,8:30,5.63196,1.82852,4.91404,-50.04578,-2.50638,-14.37501,2.70381,0.95304,71.44221,-7.744548,-2.195753,0.496247,,,,,,,,,,,,7.18867,-1.1548,-1.84917,50,5.7184,-0.07356,-113.59539,0.78154,9.31938,22.33413,-33.67112,HAG_FLY,STA_YAN,HagerstownBallpark,Independent,ATL,20250912-HagerstownBallpark-1,f5bd4450-903a-11f0-8fb6-ad1606e43f24,75.95494,,,6.90548,,,,,,,914508f2-8afe-4bc3-bf51-c0b16b905d95,2025-09-13,00:45:43.17,2025-09-12T20:45:43.1750000-04:00,2025-09-13T00:45:43.1750000Z,,v3,6089,586,,"Melfi, David",1000079653,Right,STA_YAN,17a23aac-b17b-4610-b289-b381e415b45d,55.58446,-114.6881,11.16707,5.63986,2.42892,-16.83556,-1.83442,-0.52951,4.65969,,,,,,,,,,,,,,,,,,,,,,,,,,,,,,,,,,,,,,,,,,,,,,,,,,,High,High,High,,,,,
229,2025-09-12,20:46:01.08,3,4,"Hernandez, Leandro",806017,Right,STA_YAN,"Escanio, Brenny",691601,Left,HAG_FLY,Undefined,6,Bottom,1,2,1,Undefined,Four-Seam,InPlay,Undefined,GroundBall,Single,0,0,,89.43246,-2.252611,-3.372953,2164.390749,221.589982,1:30,5.88065,1.50521,6.06894,-19.32273,15.54147,12.77835,2.18121,-0.55478,81.63498,-5.908332,-1.076074,0.424973,101.59999,-14.17956,-2.080912,,,,,9.59992,9.3454,1.619138,0.056289,-7.57343,9.00268,-1.25058,50,5.69552,7.11978,-129.66256,-5.6862,-12.86487,27.66738,-16.88131,HAG_FLY,STA_YAN,HagerstownBallpark,Independent,ATL,20250912-HagerstownBallpark-1,00771600-903b-11f0-8fb6-ad1606e43f24,88.69378,2.05732,,7.79748,,,,1.4588,2.05732,0.56692,914508f2-8afe-4bc3-bf51-c0b16b905d95,2025-09-13,00:46:01.08,2025-09-12T20:46:01.0870000-04:00,2025-09-13T00:46:01.0870000Z,GroundBall,v3,6089,586,,"Melfi, David",1000079653,Right,STA_YAN,d9d25455-1e5f-41b9-b6bb-f6bbbdbfc966,54.42939,-130.60428,13.83369,5.87928,-5.11161,-8.44065,-1.50037,7.55767,-6.43243,180,1.45712,144.56339,,,,,,,,2.05774,-36.5494,,,,,,,,0.56698,-5.25267,,,,,,,,,,,,,,,,,,,,,,,,,,,,,,High,High,High,Medium,High,,,
230,2025-09-12,20:46:35.73,4,1,"Hernandez, Leandro",806017,Right,STA_YAN,"Williams, Tyler",1000053915,Right,HAG_FLY,Undefined,6,Bottom,1,0,0,Undefined,Four-Seam,FoulBallNotFieldable,Undefined,Undefined,Undefined,0,0,,90.9857,-0.99215,-2.02989,1948.265007,215.468765,1:15,5.94785,1.33627,5.93607,-18.54702,15.56332,10.22406,3.48119,0.30437,82.1105,-4.52688,-0.194293,0.420353,68.78096,40.916674,159.951822,4403.006677,,,,,45.65943,,,-5.89311,8.64772,-1.18012,50,5.85836,4.23629,-131.95322,-2.84996,-10.25146,31.57736,-17.13078,HAG_FLY,STA_YAN,HagerstownBallpark,Independent,ATL,20250912-HagerstownBallpark-1,151fc840-903b-11f0-8fb6-ad1606e43f24,89.66849,34.85437,,8.8752,,,,1.28969,3.43886,-0.30324,914508f2-8afe-4bc3-bf51-c0b16b905d95,2025-09-13,00:46:35.73,2025-09-12T20:46:35.7380000-04:00,2025-09-13T00:46:35.7380000Z,,v3,6089,586,,"Melfi, David",1000079653,Right,STA_YAN,9ad522d8-f7c9-42d8-9543-1dec2263a844,54.56023,-133.04004,15.78868,5.94631,-2.26036,-8.56539,-1.332,4.58912,-5.12573,,1.28969,-71.61101,3.2238,0.87586,-0.45712,0.15666,-0.04162,0.01065,-0.00159,3.43886,66.07151,-29.44932,3.98829,-0.81812,0.14085,-0.02454,0.00387,-0.00031,-0.30324,26.13249,-9.0878,3.02087,-0.79922,0.18435,-0.04197,0.0088,-0.00113,,,,,,,,,,,,,,,,,,,,,,,High,High,High,High,Undefined,,,
231,2025-09-12,20:47:03.04,4,2,"Hernandez, Leandro",806017,Right,STA_YAN,"Williams, Tyler",1000053915,Right,HAG_FLY,Undefined,6,Bottom,1,0,1,Undefined,Four-Seam,StrikeCalled,Undefined,Undefined,Undefined,0,0,,90.27445,-1.730982,-3.031457,2118.179772,211.262724,1:00,5.97048,1.24329,5.96087,-17.26005,17.33056,9.7852,2.92433,-0.75486,81.699,-5.02969,-1.276057,0.423302,,,,,,,,,,,,-5.91744,9.76004,-1.00788,50,5.82332,6.50227,-130.80124,-4.45486,-10.15256,30.08112,-15.42871,HAG_FLY,STA_YAN,HagerstownBallpark,Independent,ATL,20250912-HagerstownBallpark-1,256dfa00-903b-11f0-8fb6-ad1606e43f24,89.0438,,,8.57545,,,,,,,914508f2-8afe-4bc3-bf51-c0b16b905d95,2025-09-13,00:47:03.04,2025-09-12T20:47:03.0480000-04:00,2025-09-13T00:47:03.0480000Z,,v3,6089,586,,"Melfi, David",1000079653,Right,STA_YAN,8e4ba5b7-0c0c-477b-95b8-de9f51e54ebd,54.53434,-131.83991,15.04056,5.96794,-3.92213,-7.71435,-1.23845,6.85282,-5.07628,,,,,,,,,,,,,,,,,,,,,,,,,,,,,,,,,,,,,,,,,,,,,,,,,,,High,High,High,,,,,
232,2025-09-12,20:47:24.22,4,3,"Hernandez, Leandro",806017,Right,STA_YAN,"Williams, Tyler",1000053915,Right,HAG_FLY,Undefined,6,Bottom,1,0,2,Undefined,Slider,BallCalled,Undefined,Undefined,Undefined,0,0,,82.40162,-1.874861,-2.139974,2623.264238,35.60382,7:15,5.84842,1.54017,5.61073,-42.79959,-1.24032,-1.79047,0.53,-0.60736,76.20936,-9.649113,-2.460258,0.463986,,,,,,,,,,,,0.32827,0.18906,-1.35604,50,5.66,4.53909,-119.61387,-5.38533,0.47589,22.92236,-31.89999,HAG_FLY,STA_YAN,HagerstownBallpark,Independent,ATL,20250912-HagerstownBallpark-1,320c9140-903b-11f0-8fb6-ad1606e43f24,81.23608,,,6.19225,,,,,,,914508f2-8afe-4bc3-bf51-c0b16b905d95,2025-09-13,00:47:24.22,2025-09-12T20:47:24.2240000-04:00,2025-09-13T00:47:24.2240000Z,,v3,6089,586,,"Melfi, David",1000079653,Right,STA_YAN,811e40f8-ea62-4ec7-a17d-7fbfe762cecc,54.88973,-120.54727,11.46118,5.85284,-4.08635,-15.94999,-1.54048,4.51971,0.23795,,,,,,,,,,,,,,,,,,,,,,,,,,,,,,,,,,,,,,,,,,,,,,,,,,,High,High,High,,,,,
233,2025-09-12,20:47:47.20,4,4,"Hernandez, Leandro",806017,Right,STA_YAN,"Williams, Tyler",1000053915,Right,HAG_FLY,Undefined,6,Bottom,1,1,2,Undefined,Slider,BallCalled,Undefined,Undefined,Undefined,0,0,,82.47677,-0.234409,-3.713117,2485.88704,68.874986,8:15,5.56466,1.71679,5.63932,-42.8614,-1.03315,-6.18067,1.77374,-2.26699,75.51424,-8.062491,-4.814112,0.465486,,,,,,,,,,,,2.02697,-0.03173,-1.39699,50,5.5175,8.00481,-119.50103,-1.9699,2.91166,24.45248,-32.21964,HAG_FLY,STA_YAN,HagerstownBallpark,Independent,ATL,20250912-HagerstownBallpark-1,3fc487c0-903b-11f0-8fb6-ad1606e43f24,80.97445,,,6.96253,,,,,,,914508f2-8afe-4bc3-bf51-c0b16b905d95,2025-09-13,00:47:47.20,2025-09-12T20:47:47.2020000-04:00,2025-09-13T00:47:47.2020000Z,,v3,6089,586,,"Melfi, David",1000079653,Right,STA_YAN,aa13e915-4f28-4553-96a2-a1030be79d0a,54.85849,-120.49108,12.22624,5.57085,-0.66536,-16.10982,-1.71871,7.88692,1.45583,,,,,,,,,,,,,,,,,,,,,,,,,,,,,,,,,,,,,,,,,,,,,,,,,,,High,High,High,,,,,
234,2025-09-12,20:48:07.44,4,5,"Hernandez, Leandro",806017,Right,STA_YAN,"Williams, Tyler",1000053915,Right,HAG_FLY,Undefined,6,Bottom,1,2,2,Undefined,Four-Seam,BallCalled,Undefined,Undefined,Undefined,0,0,,91.00343,-1.026538,-3.790201,2212.122599,211.8602,1:00,5.81677,1.48447,6.36449,-18.18186,15.30985,8.80067,3.3548,-1.27506,82.45346,-4.508862,-2.201715,0.416524,,,,,,,,,,,,-5.69981,8.61225,-1.21381,50,5.73375,8.37304,-131.90293,-2.87239,-9.95786,30.24501,-17.12805,HAG_FLY,STA_YAN,HagerstownBallpark,Independent,ATL,20250912-HagerstownBallpark-1,4bca1350-903b-11f0-8fb6-ad1606e43f24,90.49284,,,8.54997,,,,,,,914508f2-8afe-4bc3-bf51-c0b16b905d95,2025-09-13,00:48:07.44,2025-09-12T20:48:07.4420000-04:00,2025-09-13T00:48:07.4420000Z,,v3,6089,586,,"Melfi, David",1000079653,Right,STA_YAN,34d3947d-5d0a-498b-a6fa-a6d5443d4359,54.13104,-132.84679,15.1225,5.81505,-2.33787,-8.56403,-1.47996,8.6838,-4.97893,,,,,,,,,,,,,,,,,,,,,,,,,,,,,,,,,,,,,,,,,,,,,,,,,,,High,High,High,,,,,
235,2025-09-12,20:48:27.88,4,6,"Hernandez, Leandro",806017,Right,STA_YAN,"Williams, Tyler",1000053915,Right,HAG_FLY,Undefined,6,Bottom,1,3,2,Undefined,Four-Seam,BallCalled,Walk,Undefined,Undefined,0,0,,90.56867,-2.96521,-3.068619,2137.304854,204.650422,12:45,5.71899,1.56094,6.30216,-18.3693,15.36635,6.54241,1.44998,-0.7237,82.72671,-6.450924,-1.887238,0.418038,,,,,,,,,,,,-4.28272,9.17855,-1.3386,50,5.49199,6.77397,-131.29296,-7.33538,-7.45438,28.53207,-16.19814,HAG_FLY,STA_YAN,HagerstownBallpark,Independent,ATL,20250912-HagerstownBallpark-1,57f946f0-903b-11f0-8fb6-ad1606e43f24,90.16507,,,7.84196,,,,,,,914508f2-8afe-4bc3-bf51-c0b16b905d95,2025-09-13,00:48:27.88,2025-09-12T20:48:27.8830000-04:00,2025-09-13T00:48:27.8830000Z,,v3,6089,586,,"Melfi, David",1000079653,Right,STA_YAN,e9f845e4-d579-43e0-a9d7-ab7acd76c3e5,54.19517,-132.20149,14.26604,5.71736,-6.81959,-8.09907,-1.55807,7.01134,-3.72719,,,,,,,,,,,,,,,,,,,,,,,,,,,,,,,,,,,,,,,,,,,,,,,,,,,High,High,High,,,,,
236,2025-09-12,20:50:01.64,5,1,"Hernandez, Leandro",806017,Right,STA_YAN,"Takacs, Aaron",1000235182,Left,HAG_FLY,Undefined,6,Bottom,1,0,0,Undefined,Curveball,BallCalled,Undefined,Undefined,Undefined,0,0,,80.24484,0.484416,-2.695666,2433.90571,35.091368,7:15,5.72844,1.89998,5.26068,-58.21283,-12.32292,-9.93753,1.33299,-1.46255,71.97893,-10.073464,-4.459724,0.487562,,,,,,,,,,,,3.94807,-5.82866,-1.64539,50,5.73001,5.87774,-116.04364,-1.13851,5.20208,28.52907,-39.85404,HAG_FLY,STA_YAN,HagerstownBallpark,Independent,ATL,20250912-HagerstownBallpark-1,8fe81ff0-903b-11f0-8fb6-ad1606e43f24,77.30797,,,8.26591,,,,,,,914508f2-8afe-4bc3-bf51-c0b16b905d95,2025-09-13,00:50:01.64,2025-09-12T20:50:01.6430000-04:00,2025-09-13T00:50:01.6430000Z,,v3,6089,586,,"Melfi, David",1000079653,Right,STA_YAN,143cc3a6-6e57-4c3c-9e99-a653811a91fc,55.2366,-117.32399,14.26454,5.74097,0.65008,-19.92702,-1.90394,5.64428,2.60104,,,,,,,,,,,,,,,,,,,,,,,,,,,,,,,,,,,,,,,,,,,,,,,,,,,High,High,High,,,,,
237,2025-09-12,20:50:20.03,5,2,"Hernandez, Leandro",806017,Right,STA_YAN,"Takacs, Aaron",1000235182,Left,HAG_FLY,Undefined,6,Bottom,1,1,0,Undefined,Four-Seam,StrikeSwinging,Undefined,Undefined,Undefined,0,0,,89.65702,-2.088319,-2.704805,1957.615898,204.908597,12:45,5.92706,1.52272,5.81099,-18.1743,17.13828,7.3765,2.46763,-0.37959,81.10685,-5.543197,-1.38462,0.427697,,,,,,,,,,,,-4.5863,9.74749,-1.30528,50,5.74504,5.81292,-129.86547,-5.28489,-7.74639,29.98018,-15.71022,HAG_FLY,STA_YAN,HagerstownBallpark,Independent,ATL,20250912-HagerstownBallpark-1,9ad75980-903b-11f0-8fb6-ad1606e43f24,88.12886,,,8.55017,,,,,,,914508f2-8afe-4bc3-bf51-c0b16b905d95,2025-09-13,00:50:20.03,2025-09-12T20:50:20.0330000-04:00,2025-09-13T00:50:20.0330000Z,,v3,6089,586,,"Melfi, David",1000079653,Right,STA_YAN,5cebaf38-d353-4ddb-826e-4d3aa03ec0a4,54.68412,-130.94236,14.99009,5.92474,-4.72057,-7.85511,-1.51907,6.09117,-3.8732,,,,,,,,,,,,,,,,,,,,,,,,,,,,,,,,,,,,,,,,,,,,,,,,,,,High,High,High,,,,,
238,2025-09-12,20:50:42.39,5,3,"Hernandez, Leandro",806017,Right,STA_YAN,"Takacs, Aaron",1000235182,Left,HAG_FLY,Undefined,6,Bottom,1,1,1,Undefined,Slider,FoulBallNotFieldable,Undefined,Undefined,Undefined,0,0,,80.36134,0.567917,-2.165193,2332.745431,86.552947,9:00,5.79947,1.80716,5.06779,-45.04451,1.15382,-12.44497,2.58162,-1.27235,71.50173,-7.678384,-4.362943,0.489198,,,,,,,,,,,,5.36095,0.85996,-1.59111,50,5.81827,4.91898,-116.10599,-0.45776,7.05809,28.92281,-31.04186,HAG_FLY,STA_YAN,HagerstownBallpark,Independent,ATL,20250912-HagerstownBallpark-1,a82e9260-903b-11f0-8fb6-ad1606e43f24,77.04946,,,8.85961,,,,,,,914508f2-8afe-4bc3-bf51-c0b16b905d95,2025-09-13,00:50:42.39,2025-09-12T20:50:42.3970000-04:00,2025-09-13T00:50:42.3970000Z,,v3,6089,586,,"Melfi, David",1000079653,Right,STA_YAN,6cbdcedc-d85f-493c-b4a7-53d6dd8ef15c,55.42646,-117.44998,14.4614,5.80603,0.9847,-15.52093,-1.81206,4.591,3.52905,,,,,,,,,,,,,,,,,,,,,,,,,,,,,,,,,,,,,,,,,,,,,,,,,,,High,High,High,,,,,
239,2025-09-12,20:51:10.84,5,4,"Hernandez, Leandro",806017,Right,STA_YAN,"Takacs, Aaron",1000235182,Left,HAG_FLY,Undefined,6,Bottom,1,1,2,Undefined,Changeup,FoulBallNotFieldable,Undefined,Undefined,Undefined,0,0,,83.05278,-0.740564,-1.127913,1469.540018,244.023323,2:15,5.72473,1.7377,5.39538,-36.35148,5.01481,7.54477,2.00127,1.30928,76.02136,-7.398521,0.215533,0.462908,,,,,,,,,,,,-4.13831,3.11221,-1.64264,50,5.63313,2.06206,-120.53781,-2.83115,-6.06739,24.1876,-27.61107,HAG_FLY,STA_YAN,HagerstownBallpark,Independent,ATL,20250912-HagerstownBallpark-1,b91bea50-903b-11f0-8fb6-ad1606e43f24,81.42536,,,7.03142,,,,,,,914508f2-8afe-4bc3-bf51-c0b16b905d95,2025-09-13,00:51:10.84,2025-09-12T20:51:10.8490000-04:00,2025-09-13T00:51:10.8490000Z,,v3,6089,586,,"Melfi, David",1000079653,Right,STA_YAN,893e1745-e3f1-4d75-b833-2224f6b30fc0,55.10283,-121.55745,12.0938,5.72795,-1.66719,-13.80554,-1.73496,2.31783,-3.0337,,,,,,,,,,,,,,,,,,,,,,,,,,,,,,,,,,,,,,,,,,,,,,,,,,,High,High,High,,,,,
240,2025-09-12,20:51:46.49,5,5,"Hernandez, Leandro",806017,Right,STA_YAN,"Takacs, Aaron",1000235182,Left,HAG_FLY,Undefined,6,Bottom,1,1,2,Undefined,Slider,FoulBallNotFieldable,Undefined,Undefined,Undefined,0,0,,80.64432,0.983675,-2.186644,2522.211508,72.973513,8:30,5.79064,1.88371,5.33954,-47.64758,-3.01764,-15.02997,2.74357,-1.42109,73.02431,-7.709351,-4.854031,0.480822,57.71367,-13.507678,86.455196,,,,,12.82958,2.4627,79.382722,0.138215,6.83367,-1.40689,-1.67519,50,5.8453,5.07519,-116.82405,0.32811,9.26938,25.8041,-34.08238,HAG_FLY,STA_YAN,HagerstownBallpark,Independent,ATL,20250912-HagerstownBallpark-1,ce5f07d0-903b-11f0-8fb6-ad1606e43f24,78.39161,2.74811,,7.62001,,,,1.6565,2.74811,1.19188,914508f2-8afe-4bc3-bf51-c0b16b905d95,2025-09-13,00:51:46.49,2025-09-12T20:51:46.4960000-04:00,2025-09-13T00:51:46.4960000Z,GroundBall,v3,6089,586,,"Melfi, David",1000079653,Right,STA_YAN,18645bd2-cf83-4805-8528-2ee10a1f4477,55.15848,-117.95795,12.90205,5.79798,1.82578,-17.04119,-1.88926,4.66787,4.63469,,1.65586,5.11752,,,,,,,,2.75059,-19.88279,,,,,,,,1.18158,82.61057,,,,,,,,,,,,,,,,,,,,,,,,,,,,,,High,High,High,Low,Low,,,
241,2025-09-12,20:52:12.55,5,6,"Hernandez, Leandro",806017,Right,STA_YAN,"Takacs, Aaron",1000235182,Left,HAG_FLY,Undefined,6,Bottom,1,1,2,Undefined,Changeup,FoulBallNotFieldable,Undefined,Undefined,Undefined,0,0,,83.03954,-0.627623,-2.400666,1543.986071,234.682502,1:45,5.6647,1.7376,5.90578,-32.49285,8.56441,10.01382,2.37386,0.34242,75.11607,-6.688352,-0.60307,0.461176,81.1257,-12.531699,58.741151,,,,,12.71879,7.15596,47.285296,0.141177,-5.94142,4.99252,-1.55067,50,5.59578,4.65915,-120.40962,-2.34018,-8.59158,26.65961,-24.95462,HAG_FLY,STA_YAN,HagerstownBallpark,Independent,ATL,20250912-HagerstownBallpark-1,dde4b970-903b-11f0-8fb6-ad1606e43f24,81.7312,3.65801,,7.92347,,,,,,,914508f2-8afe-4bc3-bf51-c0b16b905d95,2025-09-13,00:52:12.55,2025-09-12T20:52:12.5520000-04:00,2025-09-13T00:52:12.5520000Z,GroundBall,v3,6089,586,,"Melfi, David",1000079653,Right,STA_YAN,bf7b99ed-e2ab-4136-9793-daf618eb29b3,54.59155,-121.42197,13.32981,5.66666,-1.39258,-12.47731,-1.73379,4.9854,-4.29579,,0.0831,60.48942,,,,,,,,3.66014,-25.91089,,,,,,,,-4.73126,99.64879,,,,,,,,,,,,,,,,,,,,,,,,,,,,,,High,High,High,Low,Low,,,
242,2025-09-12,20:52:41.26,5,7,"Hernandez, Leandro",806017,Right,STA_YAN,"Takacs, Aaron",1000235182,Left,HAG_FLY,Undefined,6,Bottom,1,1,2,Undefined,Four-Seam,BallCalled,Undefined,Undefined,Undefined,0,0,,91.07511,0.018989,-1.420671,2066.673002,201.481176,12:45,5.93165,1.45812,5.98881,-16.2821,17.61131,6.46752,4.59241,0.68017,82.22569,-3.114341,-0.258297,0.419015,,,,,,,,,,,,-3.73599,9.35812,-1.3495,50,5.92413,2.99303,-132.14059,-0.41228,-6.53293,31.05088,-15.80991,HAG_FLY,STA_YAN,HagerstownBallpark,Independent,ATL,20250912-HagerstownBallpark-1,eee8f4c0-903b-11f0-8fb6-ad1606e43f24,89.95497,,,8.84943,,,,,,,914508f2-8afe-4bc3-bf51-c0b16b905d95,2025-09-13,00:52:41.26,2025-09-12T20:52:41.2680000-04:00,2025-09-13T00:52:41.2680000Z,,v3,6089,586,,"Melfi, David",1000079653,Right,STA_YAN,619ea9b6-20c1-4eac-8326-6f6f5d52da7d,54.50565,-133.19514,15.52544,5.92902,0.12465,-7.90495,-1.45492,3.2149,-3.26647,,,,,,,,,,,,,,,,,,,,,,,,,,,,,,,,,,,,,,,,,,,,,,,,,,,High,High,High,,,,,
243,2025-09-12,20:53:02.13,5,8,"Hernandez, Leandro",806017,Right,STA_YAN,"Takacs, Aaron",1000235182,Left,HAG_FLY,Undefined,6,Bottom,1,2,2,Undefined,Four-Seam,FoulBallNotFieldable,Undefined,Undefined,Undefined,0,0,,90.43877,-1.201894,-3.054737,1986.416272,206.339067,1:00,5.84092,1.54632,5.98433,-18.24607,16.17796,7.41563,3.20469,-0.66969,81.83444,-4.679412,-1.724112,0.422282,72.83078,18.169463,-170.871462,1822.426755,-108.09862,11.69801,-20.36173,149.61409,46.43807,-168.720114,1.628847,-4.76173,9.03686,-1.30916,50,5.73595,6.68211,-131.09234,-3.29662,-8.19954,30.42029,-16.61288,HAG_FLY,STA_YAN,HagerstownBallpark,Independent,ATL,20250912-HagerstownBallpark-1,fb700c60-903b-11f0-8fb6-ad1606e43f24,89.259,15.24583,,8.60433,,,,1.5357,3.05121,0.60139,914508f2-8afe-4bc3-bf51-c0b16b905d95,2025-09-13,00:53:02.13,2025-09-12T20:53:02.1320000-04:00,2025-09-13T00:53:02.1320000Z,LineDrive,v3,6089,586,,"Melfi, David",1000079653,Right,STA_YAN,d303c91f-cf17-4d83-8484-6a58f1749f6a,54.51231,-132.13528,15.21014,5.83921,-2.72706,-8.30644,-1.54308,6.96323,-4.09977,333.80188,1.58038,-100.55949,5.8207,,,,,,,3.28723,31.33279,-20.55529,,,,,,,0.67973,-16.76016,-1.02327,,,,,,,,,,,,,,,,,,,,,,,,,,,,,High,High,High,High,Low,,,
244,2025-09-12,20:53:30.36,5,9,"Hernandez, Leandro",806017,Right,STA_YAN,"Takacs, Aaron",1000235182,Left,HAG_FLY,Undefined,6,Bottom,1,2,2,Undefined,Slider,BallCalled,Undefined,Undefined,Undefined,0,0,,83.93456,-1.162274,-0.377064,2511.14403,93.806954,9:15,5.85391,1.71231,5.16942,-39.64998,1.88461,-5.0289,1.45579,0.93838,75.75293,-8.399807,-1.269551,0.463849,,,,,,,,,,,,2.37567,1.78453,-1.67319,50,5.71574,1.02059,-121.53922,-3.93501,3.48139,28.32827,-29.55892,HAG_FLY,STA_YAN,HagerstownBallpark,Independent,ATL,20250912-HagerstownBallpark-1,0c4c7460-903c-11f0-8fb6-ad1606e43f24,81.26022,,,8.18163,,,,,,,914508f2-8afe-4bc3-bf51-c0b16b905d95,2025-09-13,00:53:30.36,2025-09-12T20:53:30.3600000-04:00,2025-09-13T00:53:30.3600000Z,,v3,6089,586,,"Melfi, David",1000079653,Right,STA_YAN,a8e7a695-2cd3-4325-92ca-63c0b713c52c,55.32572,-122.77426,14.16414,5.8592,-2.64632,-14.77946,-1.71437,0.86881,1.7407,,,,,,,,,,,,,,,,,,,,,,,,,,,,,,,,,,,,,,,,,,,,,,,,,,,High,High,High,,,,,
245,2025-09-12,20:53:50.96,5,10,"Hernandez, Leandro",806017,Right,STA_YAN,"Takacs, Aaron",1000235182,Left,HAG_FLY,Undefined,6,Bottom,1,3,2,Undefined,Four-Seam,InPlay,Undefined,Popup,Single,0,1,,90.17071,-1.421589,-2.092764,2060.372163,203.738094,12:45,5.86948,1.48055,5.98315,-15.1845,19.77285,8.10823,3.28532,0.21564,80.72482,-4.377021,-0.636219,0.42554,71.31555,45.420698,-28.274866,,89.95665,76.39093,-63.30671,219.5627,163.41083,-38.36852,4.490001,-4.86492,11.00355,-1.3197,50,5.74893,4.42319,-130.63047,-3.6378,-8.22718,32.98639,-13.56563,HAG_FLY,STA_YAN,HagerstownBallpark,Independent,ATL,20250912-HagerstownBallpark-1,188b5f70-903c-11f0-8fb6-ad1606e43f24,88.57552,76.92045,,9.44589,,,,0.60414,3.25279,-0.1832,914508f2-8afe-4bc3-bf51-c0b16b905d95,2025-09-13,00:53:50.96,2025-09-12T20:53:50.9650000-04:00,2025-09-13T00:53:50.9650000Z,FlyBall,v3,6089,586,,"Melfi, David",1000079653,Right,STA_YAN,f0923f41-eb6a-49f1-81f0-eae2eebabc27,54.51115,-131.76469,16.4932,5.866,-3.17135,-6.78281,-1.47665,4.70608,-4.11359,147.442452,0.61111,64.47587,-14.21312,2.5514,0.75929,-0.7254,0.22489,-0.03213,0.00177,3.24893,74.58027,-21.86375,2.09937,-0.41,0.01644,0.02984,-0.00817,0.00064,-0.18162,-34.81374,0.66823,0.25573,0.01702,-0.05714,0.01795,-0.00222,9E-05,,,,,,,,,,,,,,,,,,,,,,,High,High,High,High,Medium,,,
246,2025-09-12,20:54:41.92,6,1,"Hernandez, Leandro",806017,Right,STA_YAN,"Arbolida, Cary",812364,Right,HAG_FLY,Undefined,6,Bottom,1,0,0,Undefined,Four-Seam,BallCalled,Undefined,Undefined,Undefined,0,0,,88.95755,-0.967943,-4.620418,1971.829612,210.896532,1:00,5.75939,1.73636,5.80912,-21.11584,14.94269,8.16441,3.09661,-1.88918,80.21515,-4.958908,-3.164888,0.432191,,,,,,,,,,,,-5.598,8.29418,-1.36159,50,5.66741,10.03756,-128.61207,-2.83764,-9.2559,29.87338,-18.46025,HAG_FLY,STA_YAN,HagerstownBallpark,Independent,ATL,20250912-HagerstownBallpark-1,36f55290-903c-11f0-8fb6-ad1606e43f24,87.21253,,,8.74241,,,,,,,914508f2-8afe-4bc3-bf51-c0b16b905d95,2025-09-13,00:54:41.92,2025-09-12T20:54:41.9290000-04:00,2025-09-13T00:54:41.9290000Z,,v3,6089,586,,"Melfi, David",1000079653,Right,STA_YAN,2d24bb0e-eab4-4cd8-9c30-87334df68427,54.68542,-129.69581,14.93669,5.7582,-2.16794,-9.23013,-1.73182,10.37334,-4.62795,,,,,,,,,,,,,,,,,,,,,,,,,,,,,,,,,,,,,,,,,,,,,,,,,,,High,High,High,,,,,
247,2025-09-12,20:54:58.40,6,2,"Hernandez, Leandro",806017,Right,STA_YAN,"Arbolida, Cary",812364,Right,HAG_FLY,Undefined,6,Bottom,1,1,0,Undefined,Curveball,StrikeSwinging,Undefined,Undefined,Undefined,0,0,,79.19191,0.897934,-2.102158,2541.576659,49.04571,7:45,5.62789,2.08533,4.8811,-58.49976,-10.7013,-14.53461,1.6031,-1.11565,70.92248,-9.662002,-4.664487,0.497598,,,,,,,,,,,,6.34929,-5.04197,-1.86596,50,5.66691,4.8276,-114.45922,-0.40593,8.13896,27.75775,-38.63719,HAG_FLY,STA_YAN,HagerstownBallpark,Independent,ATL,20250912-HagerstownBallpark-1,40c5fcc0-903c-11f0-8fb6-ad1606e43f24,75.74884,,,8.26942,,,,,,,914508f2-8afe-4bc3-bf51-c0b16b905d95,2025-09-13,00:54:58.40,2025-09-12T20:54:58.4010000-04:00,2025-09-13T00:54:58.4010000Z,,v3,6089,586,,"Melfi, David",1000079653,Right,STA_YAN,771282f7-20a9-479d-b6ad-3d69e27676da,55.61555,-115.81305,13.87888,5.64075,1.47853,-19.31859,-2.09174,4.43064,4.06948,,,,,,,,,,,,,,,,,,,,,,,,,,,,,,,,,,,,,,,,,,,,,,,,,,,High,High,High,,,,,
248,2025-09-12,20:55:31.32,6,3,"Hernandez, Leandro",806017,Right,STA_YAN,"Arbolida, Cary",812364,Right,HAG_FLY,Undefined,6,Bottom,1,1,1,Undefined,Curveball,HitByPitch,Undefined,Undefined,Undefined,0,1,,76.05517,3.743149,1.00248,2446.782458,29.851895,7:00,5.65688,1.86458,5.40001,-65.78704,-15.29835,-9.88855,3.68769,1.98001,68.16415,-8.258788,-0.756985,0.511409,,,,,,,,,,,,5.36823,-8.63686,-1.94648,50,5.94402,-1.54802,-110.03437,4.98406,6.41092,24.24139,-42.48845,HAG_FLY,STA_YAN,HagerstownBallpark,Independent,ATL,20250912-HagerstownBallpark-1,546a1040-903c-11f0-8fb6-ad1606e43f24,73.7031,,,7.89101,,,,,,,914508f2-8afe-4bc3-bf51-c0b16b905d95,2025-09-13,00:55:31.32,2025-09-12T20:55:31.3210000-04:00,2025-09-13T00:55:31.3210000Z,,v3,6089,586,,"Melfi, David",1000079653,Right,STA_YAN,498ebb16-8b68-4324-9f41-136e83e44b97,55.10077,-111.15243,12.12069,5.66896,6.9437,-21.24423,-1.86827,-1.8437,3.20546,,,,,,,,,,,,,,,,,,,,,,,,,,,,,,,,,,,,,,,,,,,,,,,,,,,High,High,High,,,,,
249,2025-09-12,20:56:05.84,7,1,"Hernandez, Leandro",806017,Right,STA_YAN,"Mattis, Gary",669013,Right,HAG_FLY,Undefined,6,Bottom,1,0,0,Undefined,Four-Seam,FoulBallNotFieldable,Undefined,Undefined,Undefined,0,0,,88.95812,-1.4905,-3.026011,2099.911992,210.737484,1:00,5.89537,1.62616,6.1529,-19.45863,15.97619,8.74957,2.8945,-0.44308,80.37263,-5.204832,-1.450606,0.428437,,,,,,,,,,,,-5.48488,9.09882,-1.40048,50,5.77201,6.4584,-128.94093,-3.91599,-9.11447,30.04904,-17.05415,HAG_FLY,STA_YAN,HagerstownBallpark,Independent,ATL,20250912-HagerstownBallpark-1,68f353a0-903c-11f0-8fb6-ad1606e43f24,87.97672,,,8.58548,,,,,,,914508f2-8afe-4bc3-bf51-c0b16b905d95,2025-09-13,00:56:05.84,2025-09-12T20:56:05.8410000-04:00,2025-09-13T00:56:05.8410000Z,,v3,6089,586,,"Melfi, David",1000079653,Right,STA_YAN,2bfd2259-5385-433a-b67b-502209800752,54.34338,-129.94919,15.02452,5.89381,-3.34376,-8.52708,-1.62231,6.76423,-4.55723,,,,,,,,,,,,,,,,,,,,,,,,,,,,,,,,,,,,,,,,,,,,,,,,,,,High,High,High,,,,,
250,2025-09-12,20:56:27.89,7,2,"Hernandez, Leandro",806017,Right,STA_YAN,"Mattis, Gary",669013,Right,HAG_FLY,Undefined,6,Bottom,1,0,1,Undefined,Four-Seam,StrikeSwinging,Undefined,Undefined,Undefined,0,0,,90.11396,-0.8858,-2.834347,2095.247948,206.906877,1:00,5.85521,1.63278,5.79369,-17.62745,17.18824,8.12154,3.56123,-0.32904,81.70012,-4.240752,-1.381904,0.424677,,,,,,,,,,,,-4.96244,9.36182,-1.40429,50,5.77181,6.10917,-130.62981,-2.5511,-8.51584,29.28268,-16.10872,HAG_FLY,STA_YAN,HagerstownBallpark,Independent,ATL,20250912-HagerstownBallpark-1,75f98650-903c-11f0-8fb6-ad1606e43f24,88.7555,,,8.41384,,,,,,,914508f2-8afe-4bc3-bf51-c0b16b905d95,2025-09-13,00:56:27.89,2025-09-12T20:56:27.8940000-04:00,2025-09-13T00:56:27.8940000Z,,v3,6089,586,,"Melfi, David",1000079653,Right,STA_YAN,cd753a96-5f53-4037-bb2b-c753ca2412d0,54.7017,-131.67955,14.64134,5.85292,-1.97362,-8.05436,-1.62877,6.41445,-4.25792,,,,,,,,,,,,,,,,,,,,,,,,,,,,,,,,,,,,,,,,,,,,,,,,,,,High,High,High,,,,,
251,2025-09-12,20:56:52.19,7,3,"Hernandez, Leandro",806017,Right,STA_YAN,"Mattis, Gary",669013,Right,HAG_FLY,Undefined,6,Bottom,1,0,2,Undefined,Slider,FoulBallNotFieldable,Undefined,Undefined,Undefined,0,0,,80.18288,0.446504,-0.142195,2689.67691,74.736424,8:30,5.75503,1.64277,5.24343,-49.01896,-4.08225,-20.5154,2.08975,-0.20048,73.13721,-8.457154,-3.786634,0.482472,63.83813,75.299255,125.226991,4918.809515,,,,,24.76068,,,10.30548,-1.82264,-1.6135,50,5.75929,1.11659,-116.35414,-0.83197,13.95385,24.3389,-34.64193,HAG_FLY,STA_YAN,HagerstownBallpark,Independent,ATL,20250912-HagerstownBallpark-1,849462c0-903c-11f0-8fb6-ad1606e43f24,78.12359,68.59924,,7.04567,,,,2.96974,2.01909,0.13302,914508f2-8afe-4bc3-bf51-c0b16b905d95,2025-09-13,00:56:52.19,2025-09-12T20:56:52.1950000-04:00,2025-09-13T00:56:52.1950000Z,,v3,6089,586,,"Melfi, David",1000079653,Right,STA_YAN,51fa0660-51a0-443a-9b9f-52b651181886,55.25715,-117.44868,12.16945,5.76167,0.72591,-17.32096,-1.64961,0.48908,6.97692,349.134838,2.96974,-13.70535,-6.86473,3.32456,-0.98492,0.25208,-0.05848,0.00947,-0.00047,2.01909,90.56413,-29.08906,3.80436,-0.70201,0.1035,-0.00445,-0.00849,0.00284,0.13302,19.40916,-1.48027,-0.02152,0.07991,-0.0326,0.01197,-0.00427,0.0008,,,,,,,,,,,,,,,,,,,,,,,High,High,High,High,Undefined,,,
252,2025-09-12,20:57:18.04,7,4,"Hernandez, Leandro",806017,Right,STA_YAN,"Mattis, Gary",669013,Right,HAG_FLY,Undefined,6,Bottom,1,0,2,Undefined,Four-Seam,StrikeCalled,Strikeout,Undefined,Undefined,0,0,,91.35942,-0.977262,-2.933582,2139.362387,207.52219,1:00,5.91199,1.26068,6.08225,-16.38438,16.95091,8.27,3.64124,-0.76652,83.244,-4.108414,-1.446756,0.41555,,,,,,,,,,,,-5.07351,9.32666,-1.03818,50,5.82762,6.43868,-132.5579,-2.73148,-9.01095,28.81419,-15.60907,HAG_FLY,STA_YAN,HagerstownBallpark,Independent,ATL,20250912-HagerstownBallpark-1,93dc6f20-903c-11f0-8fb6-ad1606e43f24,90.70489,,,8.11542,,,,,,,914508f2-8afe-4bc3-bf51-c0b16b905d95,2025-09-13,00:57:18.04,2025-09-12T20:57:18.0410000-04:00,2025-09-13T00:57:18.0410000Z,,v3,6089,586,,"Melfi, David",1000079653,Right,STA_YAN,0aa98b14-e5c5-442b-a514-03f47198279f,54.41414,-133.51396,14.40709,5.90966,-2.21357,-7.80453,-1.25678,6.73767,-4.50548,,,,,,,,,,,,,,,,,,,,,,,,,,,,,,,,,,,,,,,,,,,,,,,,,,,High,High,High,,,,,
253,2025-09-12,20:57:52.46,8,1,"Hernandez, Leandro",806017,Right,STA_YAN,"Cannon, Bryce",1000048596,Left,HAG_FLY,Undefined,6,Bottom,2,0,0,Undefined,Four-Seam,InPlay,Undefined,FlyBall,Out,1,0,,90.25747,-1.296176,-2.63432,1976.155826,215.611737,1:15,5.89262,1.58844,5.93754,-20.05781,14.1695,9.37796,3.01723,-0.07556,82.58954,-5.07131,-0.95151,0.421073,103.69119,26.247716,4.822743,3092.296797,109.67991,54.41882,8.38434,397.62669,394.23525,1.530291,5.321825,-5.55863,7.95827,-1.38365,50,5.77784,5.63587,-131.01827,-3.60167,-9.67116,27.43645,-18.32783,HAG_FLY,STA_YAN,HagerstownBallpark,Independent,ATL,20250912-HagerstownBallpark-1,a87d8040-903c-11f0-8fb6-ad1606e43f24,89.51515,86.94054,,7.66793,,,,1.25119,3.03192,0.06466,914508f2-8afe-4bc3-bf51-c0b16b905d95,2025-09-13,00:57:52.46,2025-09-12T20:57:52.4670000-04:00,2025-09-13T00:57:52.4670000Z,FlyBall,v3,6089,586,,"Melfi, David",1000079653,Right,STA_YAN,ccb12e33-e483-4dd4-afa7-34b5cb85b709,54.56087,-131.9699,13.71823,5.89174,-2.96597,-9.16391,-1.58495,5.97131,-4.83558,177.168017,1.25257,135.89208,-28.03589,6.82597,-1.47511,0.28531,-0.04458,0.00456,-0.00021,3.0338,67.2134,-13.50324,-0.62234,0.60348,-0.2414,0.05527,-0.00656,0.00031,0.06472,11.46734,-3.18363,0.3849,-0.02218,0.00238,-0.0018,0.00038,-3E-05,,,,,,,,,,,,,,,,,,,,,,,High,High,High,High,High,,,
254,2025-09-12,21:00:38.57,1,1,"Noriega, Branden",804447,Left,HAG_FLY,"Dearden, Tyler",676280,Left,STA_YAN,Undefined,7,Top,0,0,0,Undefined,Four-Seam,StrikeCalled,Undefined,Undefined,Undefined,0,0,,91.48903,-2.91852,3.228156,2274.0265,138.937,10:45,6.02454,-1.08291,5.79198,-17.94446,16.01839,-12.90631,1.80767,0.84761,82.8743,-6.316578,0.919628,0.419444,,,,,,,,,,,,7.54713,9.40741,0.82477,50,5.77325,-6.89321,-132.40682,-7.31961,13.26744,30.8439,-15.63631,HAG_FLY,STA_YAN,HagerstownBallpark,Independent,ATL,20250912-HagerstownBallpark-1,0b7f1cd0-903d-11f0-8fb6-ad1606e43f24,89.86296,,,8.61474,,,,,,,914508f2-8afe-4bc3-bf51-c0b16b905d95,2025-09-13,01:00:38.57,2025-09-12T21:00:38.5730000-04:00,2025-09-13T01:00:38.5730000Z,,v3,6089,586,,"Black, Mark",691773,Right,HAG_FLY,6c83c22c-ece1-4326-8ac1-04ca9cd6a885,54.70407,-133.49812,15.42195,6.02244,-6.76637,-7.81815,1.07697,-7.36263,6.63372,,,,,,,,,,,,,,,,,,,,,,,,,,,,,,,,,,,,,,,,,,,,,,,,,,,High,High,High,,,,,
255,2025-09-12,21:00:52.17,1,2,"Noriega, Branden",804447,Left,HAG_FLY,"Dearden, Tyler",676280,Left,STA_YAN,Undefined,7,Top,0,0,1,Undefined,Curveball,BallCalled,Undefined,Undefined,Undefined,0,0,,75.12394,4.785038,-1.981081,2626.753488,301.518526,4:00,5.89558,-1.47202,5.30618,-56.46137,-5.52603,11.62312,5.6953,-2.36379,68.42261,-5.492212,0.077441,0.513666,,,,,,,,,,,,-6.22118,-3.35536,1.64381,50,6.29128,3.28329,-108.65034,7.16314,-7.4417,18.91439,-36.18769,HAG_FLY,STA_YAN,HagerstownBallpark,Independent,ATL,20250912-HagerstownBallpark-1,138eb610-903d-11f0-8fb6-ad1606e43f24,73.37922,,,6.70134,,,,,,,914508f2-8afe-4bc3-bf51-c0b16b905d95,2025-09-13,01:00:52.17,2025-09-12T21:00:52.1780000-04:00,2025-09-13T01:00:52.1780000Z,,v3,6089,586,,"Black, Mark",691773,Right,HAG_FLY,d5385bd0-3e7a-41f4-b784-6bed547eaa68,55.1914,-109.55036,9.4572,5.90946,8.88509,-18.09385,1.47916,3.6374,-3.72085,,,,,,,,,,,,,,,,,,,,,,,,,,,,,,,,,,,,,,,,,,,,,,,,,,,High,High,High,,,,,
256,2025-09-12,21:01:20.01,1,3,"Noriega, Branden",804447,Left,HAG_FLY,"Dearden, Tyler",676280,Left,STA_YAN,Undefined,7,Top,0,1,1,Undefined,Curveball,BallCalled,Undefined,Undefined,Undefined,0,0,,76.50031,1.87776,1.450732,2789.927366,313.805964,4:30,5.97303,-1.23936,4.81832,-59.35456,-9.12406,11.28079,2.80665,1.07513,69.75321,-8.803572,3.436977,0.5101,,,,,,,,,,,,-5.06882,-4.5015,1.08516,50,6.10837,-3.2777,-110.82767,1.45602,-6.23572,21.82082,-37.71183,HAG_FLY,STA_YAN,HagerstownBallpark,Independent,ATL,20250912-HagerstownBallpark-1,24271030-903d-11f0-8fb6-ad1606e43f24,73.89228,,,6.74709,,,,,,,914508f2-8afe-4bc3-bf51-c0b16b905d95,2025-09-13,01:01:20.01,2025-09-12T21:01:20.0180000-04:00,2025-09-13T01:01:20.0180000Z,,v3,6089,586,,"Black, Mark",691773,Right,HAG_FLY,755a8964-ddf1-49ae-87a6-7a1164647338,55.68086,-111.94058,10.91041,5.98506,3.37941,-18.85592,1.24422,-2.95967,-3.11786,,,,,,,,,,,,,,,,,,,,,,,,,,,,,,,,,,,,,,,,,,,,,,,,,,,High,High,High,,,,,
257,2025-09-12,21:01:35.02,1,4,"Noriega, Branden",804447,Left,HAG_FLY,"Dearden, Tyler",676280,Left,STA_YAN,Undefined,7,Top,0,2,1,Undefined,Four-Seam,BallCalled,Undefined,Undefined,Undefined,0,0,,89.91726,-1.695657,4.019083,2169.50698,138.212329,10:30,5.94459,-1.19923,6.24949,-19.23603,15.32694,-12.60662,2.7735,1.46281,81.33701,-5.36766,1.748457,0.423133,,,,,,,,,,,,7.72335,8.815,0.90584,50,5.80873,-8.62069,-130.21132,-4.40942,13.12315,29.97529,-17.19603,HAG_FLY,STA_YAN,HagerstownBallpark,Independent,ATL,20250912-HagerstownBallpark-1,2d0b3780-903d-11f0-8fb6-ad1606e43f24,89.0794,,,8.58026,,,,,,,914508f2-8afe-4bc3-bf51-c0b16b905d95,2025-09-13,01:01:35.02,2025-09-12T21:01:35.0270000-04:00,2025-09-13T01:01:35.0270000Z,,v3,6089,586,,"Black, Mark",691773,Right,HAG_FLY,5591e8ad-391a-4e03-83ba-610147ef7b24,54.24583,-131.18509,14.98764,5.9429,-3.85079,-8.59802,1.19281,-9.047,6.56158,,,,,,,,,,,,,,,,,,,,,,,,,,,,,,,,,,,,,,,,,,,,,,,,,,,High,High,High,,,,,
258,2025-09-12,21:01:49.93,1,5,"Noriega, Branden",804447,Left,HAG_FLY,"Dearden, Tyler",676280,Left,STA_YAN,Undefined,7,Top,0,3,1,Undefined,Sinker,StrikeSwinging,Undefined,Undefined,Undefined,0,0,,87.98746,-2.119497,2.155384,2126.814,124.530748,10:15,5.89188,-1.29136,5.88147,-26.15186,10.3417,-13.18115,1.742,-0.38725,79.90086,-6.999397,-0.211056,0.43479,,,,,,,,,,,,7.3976,6.32296,1.12489,50,5.70567,-4.24548,-127.55542,-5.58228,12.06253,28.7572,-21.86386,HAG_FLY,STA_YAN,HagerstownBallpark,Independent,ATL,20250912-HagerstownBallpark-1,360d4710-903d-11f0-8fb6-ad1606e43f24,86.69113,,,8.0866,,,,,,,914508f2-8afe-4bc3-bf51-c0b16b905d95,2025-09-13,01:01:49.93,2025-09-12T21:01:49.9300000-04:00,2025-09-13T01:01:49.9300000Z,,v3,6089,586,,"Black, Mark",691773,Right,HAG_FLY,8a8bf5d1-79f9-456e-8b73-6354458efbb1,54.61505,-128.59167,14.3786,5.89263,-4.79443,-10.93193,1.28571,-4.68014,6.03127,,,,,,,,,,,,,,,,,,,,,,,,,,,,,,,,,,,,,,,,,,,,,,,,,,,High,High,High,,,,,
259,2025-09-12,21:02:10.81,1,6,"Noriega, Branden",804447,Left,HAG_FLY,"Dearden, Tyler",676280,Left,STA_YAN,Undefined,7,Top,0,3,2,Undefined,Changeup,FoulBallNotFieldable,Undefined,Undefined,Undefined,0,0,,87.6919,-2.378918,2.637607,2164.617263,121.185496,10:00,5.8489,-1.22641,6.14203,-24.27155,12.2089,-18.01863,1.62432,-0.28883,79.44056,-6.94958,-0.611888,0.434712,74.79144,-32.688887,74.440327,,,,,3.87534,3.87534,46.679409,0.028455,10.16945,7.44209,1.03459,50,5.65498,-5.13183,-127.11675,-6.02497,16.42172,29.24139,-20.15649,HAG_FLY,STA_YAN,HagerstownBallpark,Independent,ATL,20250912-HagerstownBallpark-1,4276eba0-903d-11f0-8fb6-ad1606e43f24,86.70675,1.6894,,8.25134,,,,1.95261,1.6894,0.28326,914508f2-8afe-4bc3-bf51-c0b16b905d95,2025-09-13,01:02:10.81,2025-09-12T21:02:10.8140000-04:00,2025-09-13T01:02:10.8140000Z,GroundBall,v3,6089,586,,"Black, Mark",691773,Right,HAG_FLY,295a7746-7d7d-4616-86d6-4f2ed39445a3,54.35557,-128.11476,14.62069,5.84888,-5.33702,-10.07825,1.21931,-5.69231,8.21086,,1.95237,24.81739,,,,,,,,1.68998,-59.37062,,,,,,,,0.28238,89.12804,,,,,,,,,,,,,,,,,,,,,,,,,,,,,,High,High,High,Estimated,Estimated,,,
260,2025-09-12,21:02:31.75,1,7,"Noriega, Branden",804447,Left,HAG_FLY,"Dearden, Tyler",676280,Left,STA_YAN,Undefined,7,Top,0,3,2,Undefined,Sinker,BallCalled,Walk,Undefined,Undefined,0,0,,87.91271,-2.303406,3.669922,2121.546971,114.363716,9:45,5.84153,-1.19461,5.93616,-27.70442,8.86997,-16.74773,1.39042,0.81897,79.81463,-7.463275,0.664897,0.435271,,,,,,,,,,,,9.71449,5.63756,0.91094,50,5.64184,-7.46706,-127.29404,-6.04319,15.77449,28.6561,-23.01972,HAG_FLY,STA_YAN,HagerstownBallpark,Independent,ATL,20250912-HagerstownBallpark-1,4f007440-903d-11f0-8fb6-ad1606e43f24,86.59529,,,8.09808,,,,,,,914508f2-8afe-4bc3-bf51-c0b16b905d95,2025-09-13,01:02:31.75,2025-09-12T21:02:31.7530000-04:00,2025-09-13T01:02:31.7530000Z,,v3,6089,586,,"Black, Mark",691773,Right,HAG_FLY,6a182e29-d6a1-442b-a57c-5b017c060bae,54.56122,-128.31674,14.32805,5.84285,-5.22165,-11.50986,1.18748,-8.03004,7.88724,,,,,,,,,,,,,,,,,,,,,,,,,,,,,,,,,,,,,,,,,,,,,,,,,,,High,High,High,,,,,
261,2025-09-12,21:03:00.33,2,1,"Noriega, Branden",804447,Left,HAG_FLY,"Brown, Vaun",673901,Right,STA_YAN,Undefined,7,Top,0,0,0,Undefined,Sinker,StrikeCalled,Undefined,Undefined,Undefined,0,0,,87.71997,-2.121488,3.15044,2065.27656,115.863081,9:45,5.89227,-1.05413,6.02283,-27.53183,8.73855,-15.60021,1.6292,0.56668,80.29472,-7.241827,0.344745,0.433458,,,,,,,,,,,,8.95634,5.44894,0.81594,50,5.71096,-6.37449,-127.22966,-5.61463,14.64973,26.61734,-23.2613,HAG_FLY,STA_YAN,HagerstownBallpark,Independent,ATL,20250912-HagerstownBallpark-1,5fff0a40-903d-11f0-8fb6-ad1606e43f24,86.95747,,,7.42524,,,,,,,914508f2-8afe-4bc3-bf51-c0b16b905d95,2025-09-13,01:03:00.33,2025-09-12T21:03:00.3330000-04:00,2025-09-13T01:03:00.3330000Z,,v3,6089,586,,"Black, Mark",691773,Right,HAG_FLY,c09df973-e506-41a5-9a6d-b682cc28d86c,54.4761,-128.16267,13.30867,5.89348,-4.79926,-11.63065,1.04838,-6.888,7.32487,,,,,,,,,,,,,,,,,,,,,,,,,,,,,,,,,,,,,,,,,,,,,,,,,,,High,High,High,,,,,
262,2025-09-12,21:03:13.72,2,2,"Noriega, Branden",804447,Left,HAG_FLY,"Brown, Vaun",673901,Right,STA_YAN,Undefined,7,Top,0,0,1,Undefined,Sinker,InPlay,Undefined,GroundBall,FieldersChoice,1,0,,89.05755,-1.831803,1.905511,2137.780157,118.142166,10:00,5.88673,-1.15389,5.7547,-24.94663,10.50162,-17.51363,2.10117,-0.83894,81.52987,-6.466002,-1.231677,0.428518,71.33896,7.551669,-13.188273,1388.451166,,,,83.93686,81.87251,-14.020303,0.854054,9.55154,6.20252,1.00702,50,5.71951,-3.57047,-129.28617,-4.98224,16.14145,27.34465,-21.69219,HAG_FLY,STA_YAN,HagerstownBallpark,Independent,ATL,20250912-HagerstownBallpark-1,67f9bbf0-903d-11f0-8fb6-ad1606e43f24,87.96007,4.61296,,7.52768,,,,2.42796,2.24277,0.80374,914508f2-8afe-4bc3-bf51-c0b16b905d95,2025-09-13,01:03:13.72,2025-09-12T21:03:13.7260000-04:00,2025-09-13T01:03:13.7260000Z,GroundBall,v3,6089,586,,"Black, Mark",691773,Right,HAG_FLY,3dc82aac-056e-47a7-a00e-f239b9d249e1,54.74511,-130.28591,13.67233,5.88717,-4.18915,-10.8461,1.14835,-4.16061,8.07073,56.889151,2.42796,100.9873,-10.80357,1.26194,-0.52876,0.81239,-1.09069,0.74738,-0.20609,2.24277,13.75061,-20.54885,1.89624,-0.59881,0.76712,-0.97746,0.67269,-0.18687,0.80374,-23.66437,-2.05502,1.19411,-0.83917,1.6404,-2.22299,1.54862,-0.43275,,,,,,,,,,,,,,,,,,,,,,,High,High,High,High,High,,,
263,2025-09-12,21:03:48.94,3,1,"Noriega, Branden",804447,Left,HAG_FLY,"Osuna, Alberto",700647,Right,STA_YAN,Undefined,7,Top,1,0,0,Undefined,Four-Seam,BallCalled,Undefined,Undefined,Undefined,0,0,,92.33543,-2.542979,2.917242,2431.168784,151.472217,11:00,6.0302,-1.00127,5.90066,-16.8321,16.29477,-8.23122,2.26223,1.02325,83.73111,-5.744042,1.441901,0.414249,,,,,,,,,,,,5.08418,9.44512,0.77125,50,5.81585,-6.45109,-133.74321,-6.45712,9.13045,31.13676,-15.21197,HAG_FLY,STA_YAN,HagerstownBallpark,Independent,ATL,20250912-HagerstownBallpark-1,7cf9dd00-903d-11f0-8fb6-ad1606e43f24,90.98978,,,8.60432,,,,,,,914508f2-8afe-4bc3-bf51-c0b16b905d95,2025-09-13,01:03:48.94,2025-09-12T21:03:48.9490000-04:00,2025-09-13T01:03:48.9490000Z,,v3,6089,586,,"Black, Mark",691773,Right,HAG_FLY,4863a979-3432-47a1-af3a-07f12f8cfbdb,54.59522,-134.80878,15.56838,6.02792,-5.93654,-7.60598,0.99737,-6.76355,4.56523,,,,,,,,,,,,,,,,,,,,,,,,,,,,,,,,,,,,,,,,,,,,,,,,,,,High,High,High,,,,,
264,2025-09-12,21:04:09.62,3,2,"Noriega, Branden",804447,Left,HAG_FLY,"Osuna, Alberto",700647,Right,STA_YAN,Undefined,7,Top,1,1,0,Undefined,Sinker,InPlay,Undefined,GroundBall,FieldersChoice,1,0,,88.32835,-1.524278,2.975027,2148.610729,117.082322,10:00,5.85066,-1.26052,5.93172,-25.50116,10.48945,-18.15312,2.30913,-0.01065,80.43758,-6.289992,-0.283818,0.431784,79.37295,6.509364,-22.376061,2143.043192,,,,75.68069,73.17235,-22.416778,0.685438,10.24371,6.18115,1.03334,50,5.71439,-5.91322,-128.11946,-4.2437,16.9236,27.96421,-21.9622,HAG_FLY,STA_YAN,HagerstownBallpark,Independent,ATL,20250912-HagerstownBallpark-1,894a0620-903d-11f0-8fb6-ad1606e43f24,87.29473,4.02431,,7.89076,,,,2.39729,2.31375,0.10749,914508f2-8afe-4bc3-bf51-c0b16b905d95,2025-09-13,01:04:09.62,2025-09-12T21:04:09.6270000-04:00,2025-09-13T01:04:09.6270000Z,GroundBall,v3,6089,586,,"Black, Mark",691773,Right,HAG_FLY,fd0a7c67-faa4-47e6-b01e-7438f0e06202,54.56723,-129.11248,13.98211,5.85123,-3.46381,-10.9811,1.25399,-6.51419,8.4618,18.403506,2.40886,106.72604,-11.94447,,,,,,,2.35499,12.38427,-23.16211,,,,,,,0.11094,-44.09975,2.66771,,,,,,,,,,,,,,,,,,,,,,,,,,,,,High,High,High,High,High,,,
265,2025-09-12,21:04:47.45,4,1,"Noriega, Branden",804447,Left,HAG_FLY,"Maggi, Drew",543482,Right,STA_YAN,Undefined,7,Top,2,0,0,Undefined,Four-Seam,InPlay,Undefined,GroundBall,FieldersChoice,1,0,,93.93691,-2.447941,2.34273,2356.348221,161.776054,11:30,6.15655,-0.83089,5.74743,-12.86182,19.30395,-5.98725,2.80243,0.85244,85.09087,-4.930761,1.272312,0.408196,74.99593,29.935059,-34.018237,2018.242055,89.87333,47.16219,-63.42538,265.19274,256.5889,-37.441325,3.777991,3.77984,10.92599,0.64002,50,5.94544,-5.30019,-136.12218,-6.19087,7.02701,32.43688,-11.86171,HAG_FLY,STA_YAN,HagerstownBallpark,Independent,ATL,20250912-HagerstownBallpark-1,9fcea450-903d-11f0-8fb6-ad1606e43f24,92.33914,50.56083,,8.84604,,,,1.95582,2.95441,-0.88839,914508f2-8afe-4bc3-bf51-c0b16b905d95,2025-09-13,01:04:47.45,2025-09-12T21:04:47.4570000-04:00,2025-09-13T01:04:47.4570000Z,FlyBall,v3,6089,586,,"Black, Mark",691773,Right,HAG_FLY,c2242ba0-deea-4846-a3f0-f2a2cb2c2581,54.74984,-137.24937,16.21844,6.15341,-5.77867,-5.93086,0.82844,-5.54438,3.51351,,1.95565,79.01365,-11.7364,2.65095,-0.66758,0.21697,-0.06429,0.0113,-0.00081,2.95503,54.86881,-17.18635,0.80679,0.15167,-0.18334,0.06867,-0.01191,0.00079,-0.88831,-53.33037,5.59722,-1.33714,0.33251,-0.09726,0.02593,-0.00432,0.0003,,,,,,,,,,,,,,,,,,,,,,,High,High,High,High,High,,,
266,2025-09-12,21:07:26.93,1,1,"Meeker, James",703231,Right,STA_YAN,"Abreu, Osvaldo",622435,Right,HAG_FLY,Undefined,7,Bottom,0,0,0,Undefined,Slider,BallCalled,Undefined,Undefined,Undefined,0,0,,81.60548,-0.7519,-2.697231,2268.976646,162.68527,11:30,6.09605,1.58579,5.68901,-34.72033,7.51839,-1.93976,2.5011,-1.09156,75.08742,-7.140005,-3.043685,0.467764,,,,,,,,,,,,0.25185,4.43248,-1.35764,50,6.01111,5.65541,-118.41805,-2.69053,0.35838,22.14664,-25.86624,HAG_FLY,STA_YAN,HagerstownBallpark,Independent,ATL,20250912-HagerstownBallpark-1,fed2d480-903d-11f0-8fb6-ad1606e43f24,80.58003,,,6.51805,,,,,,,914508f2-8afe-4bc3-bf51-c0b16b905d95,2025-09-13,01:07:26.93,2025-09-12T21:07:26.9360000-04:00,2025-09-13T01:07:26.9360000Z,,v3,6089,586,,"Melfi, David",1000079653,Right,STA_YAN,abf0b66b-7349-4c1c-a4c9-f9b073835b5f,54.80827,-119.31391,11.07332,6.09878,-1.64421,-12.93312,-1.58612,5.64091,0.17919,,,,,,,,,,,,,,,,,,,,,,,,,,,,,,,,,,,,,,,,,,,,,,,,,,,High,High,High,,,,,
267,2025-09-12,21:07:43.54,1,2,"Meeker, James",703231,Right,STA_YAN,"Abreu, Osvaldo",622435,Right,HAG_FLY,Undefined,7,Bottom,0,1,0,Undefined,Slider,BallCalled,Undefined,Undefined,Undefined,0,0,,84.23991,-1.508237,-2.736594,2252.467614,169.5811,11:45,6.07573,1.53651,5.799,-29.71506,9.80264,-1.57693,2.19475,-1.14211,77.43201,-7.001232,-3.018799,0.452446,,,,,,,,,,,,0.05512,5.80004,-1.31059,50,5.93395,5.90518,-122.21252,-4.18715,0.08348,23.72276,-23.38789,HAG_FLY,STA_YAN,HagerstownBallpark,Independent,ATL,20250912-HagerstownBallpark-1,08d58b30-903e-11f0-8fb6-ad1606e43f24,83.30807,,,6.8079,,,,,,,914508f2-8afe-4bc3-bf51-c0b16b905d95,2025-09-13,01:07:43.54,2025-09-12T21:07:43.5450000-04:00,2025-09-13T01:07:43.5450000Z,,v3,6089,586,,"Melfi, David",1000079653,Right,STA_YAN,4447d51e-7c00-408b-abec-bab0f4dd0139,54.69797,-123.12107,11.86138,6.07716,-3.29142,-11.69395,-1.53669,5.90199,0.04174,,,,,,,,,,,,,,,,,,,,,,,,,,,,,,,,,,,,,,,,,,,,,,,,,,,High,High,High,,,,,
268,2025-09-12,21:08:00.56,1,3,"Meeker, James",703231,Right,STA_YAN,"Abreu, Osvaldo",622435,Right,HAG_FLY,Undefined,7,Bottom,0,2,0,Undefined,Sinker,StrikeSwinging,Undefined,Undefined,Undefined,0,0,,86.94601,-0.800846,-2.507928,2068.172014,224.195179,1:30,6.12492,1.61225,5.7982,-22.49919,14.72099,13.12619,3.50436,0.37198,79.21877,-5.030034,-0.158064,0.439097,,,,,,,,,,,,-7.37339,8.09701,-1.4138,50,6.04569,4.96785,-126.1383,-2.46907,-11.84664,26.32167,-19.16478,HAG_FLY,STA_YAN,HagerstownBallpark,Independent,ATL,20250912-HagerstownBallpark-1,12d9a170-903e-11f0-8fb6-ad1606e43f24,85.84078,,,7.72724,,,,,,,914508f2-8afe-4bc3-bf51-c0b16b905d95,2025-09-13,01:08:00.56,2025-09-12T21:08:00.5680000-04:00,2025-09-13T01:08:00.5680000Z,,v3,6089,586,,"Melfi, David",1000079653,Right,STA_YAN,c45a7e6c-8f00-4100-8114-745022236d33,54.69809,-127.11488,13.16084,6.12411,-1.75802,-9.58239,-1.60627,5.40739,-5.92332,,,,,,,,,,,,,,,,,,,,,,,,,,,,,,,,,,,,,,,,,,,,,,,,,,,High,High,High,,,,,
269,2025-09-12,21:08:18.49,1,4,"Meeker, James",703231,Right,STA_YAN,"Abreu, Osvaldo",622435,Right,HAG_FLY,Undefined,7,Bottom,0,2,1,Undefined,Slider,InPlay,Undefined,LineDrive,Out,1,0,,82.79032,-1.067506,-2.568045,2250.529414,170.528102,11:45,6.01909,1.69071,5.78752,-30.69234,10.14016,-1.48445,2.4672,-0.82362,76.20679,-6.741646,-2.833678,0.459912,94.92371,9.926093,6.171941,1098.941091,109.00554,10.10088,14.75463,179.45112,153.51822,8.392354,1.546787,0.07016,5.83544,-1.47818,50,5.91259,5.44797,-120.18416,-3.22092,0.10291,22.63537,-23.61324,HAG_FLY,STA_YAN,HagerstownBallpark,Independent,ATL,20250912-HagerstownBallpark-1,1da39fc0-903e-11f0-8fb6-ad1606e43f24,81.95584,10.57914,,6.58352,,,,1.24114,2.37824,0.82178,914508f2-8afe-4bc3-bf51-c0b16b905d95,2025-09-13,01:08:18.49,2025-09-12T21:08:18.4940000-04:00,2025-09-13T01:08:18.4940000Z,LineDrive,v3,6089,586,,"Melfi, David",1000079653,Right,STA_YAN,454f022c-923f-4bd3-873f-d0ac5cecec1a,54.71089,-121.06816,11.31769,6.02037,-2.29874,-11.80662,-1.69086,5.44395,0.05146,259.245144,1.24114,136.34231,-18.24885,3.27976,-0.70952,0.14669,-0.02981,0.00496,-0.00044,2.37824,23.99863,-18.63882,1.79838,-0.37409,0.08548,-0.01638,0.00269,-0.00025,0.82178,14.74396,1.51279,-0.38676,0.08763,-0.0187,0.00367,-0.00059,5E-05,,,,,,,,,,,,,,,,,,,,,,,High,High,High,High,High,,,
270,2025-09-12,21:08:52.90,2,1,"Meeker, James",703231,Right,STA_YAN,"Black, Mark",691773,Right,HAG_FLY,Undefined,7,Bottom,1,0,0,Undefined,Slider,BallCalled,Undefined,Undefined,Undefined,0,0,,83.0534,-1.121728,-0.417773,2223.973591,175.048173,11:45,6.0284,1.58388,5.77081,-31.58758,8.85099,-0.66248,2.35208,1.1399,76.61699,-6.951831,-0.536544,0.457688,,,,,,,,,,,,0.22909,5.18012,-1.54895,50,5.91652,0.90617,-120.69868,-3.39004,0.3398,22.29043,-24.49069,HAG_FLY,STA_YAN,HagerstownBallpark,Independent,ATL,20250912-HagerstownBallpark-1,32256910-903e-11f0-8fb6-ad1606e43f24,82.35405,,,6.43641,,,,,,,914508f2-8afe-4bc3-bf51-c0b16b905d95,2025-09-13,01:08:52.90,2025-09-12T21:08:52.9080000-04:00,2025-09-13T01:08:52.9080000Z,,v3,6089,586,,"Melfi, David",1000079653,Right,STA_YAN,e56f2102-d342-4c6d-a4d4-f79d31d2f643,54.72734,-121.56858,11.14521,6.03017,-2.43427,-12.24534,-1.58406,0.89291,0.1699,,,,,,,,,,,,,,,,,,,,,,,,,,,,,,,,,,,,,,,,,,,,,,,,,,,High,High,High,,,,,
271,2025-09-12,21:09:12.78,2,2,"Meeker, James",703231,Right,STA_YAN,"Black, Mark",691773,Right,HAG_FLY,Undefined,7,Bottom,1,1,0,Undefined,Slider,BallCalled,Undefined,Undefined,Undefined,0,0,,83.40044,-2.204326,-2.447211,2290.734181,167.094745,11:30,5.95985,1.61386,5.79349,-30.66659,9.39607,-1.88713,1.35099,-0.82114,77.29823,-7.840395,-2.785206,0.455556,,,,,,,,,,,,0.34618,5.72288,-1.41132,50,5.75984,5.24824,-121.07099,-5.65933,0.51828,21.71743,-23.60593,HAG_FLY,STA_YAN,HagerstownBallpark,Independent,ATL,20250912-HagerstownBallpark-1,3e020fe0-903e-11f0-8fb6-ad1606e43f24,82.73949,,,6.10221,,,,,,,914508f2-8afe-4bc3-bf51-c0b16b905d95,2025-09-13,01:09:12.78,2025-09-12T21:09:12.7810000-04:00,2025-09-13T01:09:12.7810000Z,,v3,6089,586,,"Melfi, David",1000079653,Right,STA_YAN,bc3b195f-b7ef-4faa-9815-4991a78c3ec8,54.70497,-121.91204,10.85872,5.9613,-4.74515,-11.80297,-1.61418,5.22817,0.25914,,,,,,,,,,,,,,,,,,,,,,,,,,,,,,,,,,,,,,,,,,,,,,,,,,,High,High,High,,,,,
272,2025-09-12,21:09:30.26,2,3,"Meeker, James",703231,Right,STA_YAN,"Black, Mark",691773,Right,HAG_FLY,Undefined,7,Bottom,1,2,0,Undefined,Sinker,InPlay,Undefined,LineDrive,Single,0,0,,87.21318,-1.842894,-3.202445,2079.821164,223.570982,1:30,6.08736,1.63661,5.7142,-22.24611,14.94457,13.04076,2.51346,-0.26306,79.50942,-6.011571,-0.873103,0.438923,103.84466,10.937636,-6.134695,3169.070984,109.15502,15.28248,-13.60731,235.29962,235.29962,-8.287572,2.033655,-7.57764,8.50304,-1.37684,50,5.91934,6.52596,-126.40236,-4.78247,-12.21756,26.59435,-18.46446,HAG_FLY,STA_YAN,HagerstownBallpark,Independent,ATL,20250912-HagerstownBallpark-1,486a3f20-903e-11f0-8fb6-ad1606e43f24,85.87482,15.47872,,7.70377,,,,1.19572,2.52661,0.26202,914508f2-8afe-4bc3-bf51-c0b16b905d95,2025-09-13,01:09:30.26,2025-09-12T21:09:30.2640000-04:00,2025-09-13T01:09:30.2640000Z,LineDrive,v3,6089,586,,"Melfi, David",1000079653,Right,STA_YAN,31e025b2-6ff6-43d9-b8f3-56b20e99969a,54.78361,-127.40482,13.29718,6.0865,-4.08645,-9.23223,-1.63152,6.9865,-6.10878,121.486479,1.19572,148.68216,-22.18153,3.59182,-0.73884,0.13481,-0.02325,0.00326,-0.00024,2.52661,28.89845,-17.5392,1.83997,-0.37567,0.08769,-0.01587,0.00217,-0.00016,0.26202,-15.98064,-2.28646,1.50292,-0.44478,0.1143,-0.02345,0.00351,-0.00027,,,,,,,,,,,,,,,,,,,,,,,High,High,High,Medium,High,,,
273,2025-09-12,21:10:05.42,3,1,"Meeker, James",703231,Right,STA_YAN,"Semo, Andrew",813663,Right,HAG_FLY,Undefined,7,Bottom,1,0,0,Undefined,Slider,StrikeCalled,Undefined,Undefined,Undefined,0,0,,82.94349,-1.731263,-2.402134,2301.810302,174.327541,11:45,6.04111,1.75032,5.89275,-30.64486,9.73237,-0.84902,1.87807,-0.552,76.71563,-7.387674,-2.554451,0.457341,,,,,,,,,,,,-0.18205,5.80567,-1.55632,50,5.88387,5.0854,-120.44413,-4.61345,-0.26939,21.79405,-23.58348,HAG_FLY,STA_YAN,HagerstownBallpark,Independent,ATL,20250912-HagerstownBallpark-1,5d6445b0-903e-11f0-8fb6-ad1606e43f24,82.41656,,,6.22786,,,,,,,914508f2-8afe-4bc3-bf51-c0b16b905d95,2025-09-13,01:10:05.42,2025-09-12T21:10:05.4240000-04:00,2025-09-13T01:10:05.4240000Z,,v3,6089,586,,"Melfi, David",1000079653,Right,STA_YAN,0d7d725e-a576-47e2-9c6c-812800607e26,54.60544,-121.27461,10.89702,6.04254,-3.71479,-11.79174,-1.7503,5.09566,-0.13469,,,,,,,,,,,,,,,,,,,,,,,,,,,,,,,,,,,,,,,,,,,,,,,,,,,High,High,High,,,,,
274,2025-09-12,21:10:25.90,3,2,"Meeker, James",703231,Right,STA_YAN,"Semo, Andrew",813663,Right,HAG_FLY,Undefined,7,Bottom,1,0,1,Undefined,Slider,StrikeCalled,Undefined,Undefined,Undefined,0,0,,84.1661,-1.855376,-1.413405,2278.032001,186.94472,12:15,5.98541,1.66658,5.83884,-27.32486,12.01064,1.31835,1.98284,0.46257,77.58926,-6.921854,-1.176893,0.451402,,,,,,,,,,,,-1.0478,6.99941,-1.55222,50,5.81808,2.96406,-122.24356,-4.82747,-1.59364,22.93899,-21.52828,HAG_FLY,STA_YAN,HagerstownBallpark,Independent,ATL,20250912-HagerstownBallpark-1,6993ee80-903e-11f0-8fb6-ad1606e43f24,83.50077,,,6.57684,,,,,,,914508f2-8afe-4bc3-bf51-c0b16b905d95,2025-09-13,01:10:25.90,2025-09-12T21:10:25.9090000-04:00,2025-09-13T01:10:25.9090000Z,,v3,6089,586,,"Melfi, David",1000079653,Right,STA_YAN,8ebe4509-1438-448f-ac83-e2e9874c6103,54.65906,-123.11473,11.4695,5.9859,-4.00988,-10.76414,-1.66594,3.02458,-0.79682,,,,,,,,,,,,,,,,,,,,,,,,,,,,,,,,,,,,,,,,,,,,,,,,,,,High,High,High,,,,,
275,2025-09-12,21:10:47.91,3,3,"Meeker, James",703231,Right,STA_YAN,"Semo, Andrew",813663,Right,HAG_FLY,Undefined,7,Bottom,1,0,2,Undefined,Slider,BallCalled,Undefined,Undefined,Undefined,0,0,,81.54289,-2.413149,-3.09319,2178.572255,356.955418,6:00,6.00675,1.58812,5.60378,-44.28617,-1.59303,0.15614,0.05895,-1.28916,75.29037,-10.439614,-3.065284,0.470273,,,,,,,,,,,,-0.97047,0.16886,-1.32333,50,5.77067,6.3815,-118.20093,-6.48497,-1.36844,23.22394,-31.93595,HAG_FLY,STA_YAN,HagerstownBallpark,Independent,ATL,20250912-HagerstownBallpark-1,76b179c0-903e-11f0-8fb6-ad1606e43f24,80.15005,,,6.25251,,,,,,,914508f2-8afe-4bc3-bf51-c0b16b905d95,2025-09-13,01:10:47.91,2025-09-12T21:10:47.9150000-04:00,2025-09-13T01:10:47.9150000Z,,v3,6089,586,,"Melfi, David",1000079653,Right,STA_YAN,c9f23153-aa16-40b7-baa1-c0e2e8e71056,54.89687,-119.15917,11.61197,6.01106,-5.16726,-15.96798,-1.5878,6.43796,-0.68422,,,,,,,,,,,,,,,,,,,,,,,,,,,,,,,,,,,,,,,,,,,,,,,,,,,High,High,High,,,,,
276,2025-09-12,21:11:21.31,3,4,"Meeker, James",703231,Right,STA_YAN,"Semo, Andrew",813663,Right,HAG_FLY,Undefined,7,Bottom,1,1,2,Undefined,Slider,InPlay,Undefined,GroundBall,Out,1,0,,82.94137,-1.426171,-2.674609,2207.838856,326.475437,5:00,6.04179,1.62595,5.6314,-41.63872,-0.2285,1.07323,1.23954,-0.78187,75.82496,-9.034227,-2.482775,0.463154,53.19253,-64.883967,-33.311124,,,,,2.45789,2.45789,9.876952,0.018581,-1.36421,0.69665,-1.39896,50,5.89357,5.57388,-120.2368,-4.43093,-1.97833,25.3544,-31.16379,HAG_FLY,STA_YAN,HagerstownBallpark,Independent,ATL,20250912-HagerstownBallpark-1,8a9a3760-903e-11f0-8fb6-ad1606e43f24,81.38212,1.317,,7.11642,,,,1.90551,1.317,0.76066,914508f2-8afe-4bc3-bf51-c0b16b905d95,2025-09-13,01:11:21.31,2025-09-12T21:11:21.3130000-04:00,2025-09-13T01:11:21.3130000Z,GroundBall,v3,6089,586,,"Melfi, David",1000079653,Right,STA_YAN,1133b201-2387-4ac0-9bf3-7fb2a6eafb41,54.86689,-121.25874,12.6772,6.04685,-3.17483,-15.58189,-1.62523,5.65362,-0.98917,,1.90523,27.76748,,,,,,,,1.31772,-70.87953,,,,,,,,0.76085,-18.24755,,,,,,,,,,,,,,,,,,,,,,,,,,,,,,High,High,High,Estimated,Estimated,,,
277,2025-09-12,21:11:59.84,4,1,"Meeker, James",703231,Right,STA_YAN,"Escanio, Brenny",691601,Left,HAG_FLY,Undefined,7,Bottom,2,0,0,Undefined,Slider,StrikeCalled,Undefined,Undefined,Undefined,0,0,,83.54463,0.104121,-2.145431,2247.931237,169.27017,11:45,5.99145,1.72894,5.64792,-31.65825,8.90111,-1.43721,3.45045,-0.39285,76.22575,-5.759047,-2.401971,0.458371,,,,,,,,,,,,0.10724,4.88835,-1.54604,50,5.98032,4.5996,-121.20012,-0.83018,0.15895,24.51366,-24.92996,HAG_FLY,STA_YAN,HagerstownBallpark,Independent,ATL,20250912-HagerstownBallpark-1,a17a6310-903e-11f0-8fb6-ad1606e43f24,82.23134,,,7.31888,,,,,,,914508f2-8afe-4bc3-bf51-c0b16b905d95,2025-09-13,01:11:59.84,2025-09-12T21:11:59.8430000-04:00,2025-09-13T01:11:59.8430000Z,,v3,6089,586,,"Melfi, David",1000079653,Right,STA_YAN,e9771177-8739-4fb3-b8cb-6240b4dfed29,54.84819,-122.17677,12.25683,5.99362,0.16306,-12.46498,-1.72916,4.59327,0.07948,,,,,,,,,,,,,,,,,,,,,,,,,,,,,,,,,,,,,,,,,,,,,,,,,,,High,High,High,,,,,
278,2025-09-12,21:12:21.38,4,2,"Meeker, James",703231,Right,STA_YAN,"Escanio, Brenny",691601,Left,HAG_FLY,Undefined,7,Bottom,2,0,1,Undefined,Four-Seam,BallCalled,Undefined,Undefined,Undefined,0,0,,88.84672,-0.337627,-4.23741,2211.103496,220.499837,1:15,6.09094,1.70699,6.24032,-19.4606,15.92788,12.54827,4.15694,-1.16298,80.27639,-4.060777,-1.979516,0.428156,,,,,,,,,,,,-7.76134,8.7067,-1.39669,50,6.05602,9.01588,-128.6838,-1.30201,-12.88525,29.17726,-17.71933,HAG_FLY,STA_YAN,HagerstownBallpark,Independent,ATL,20250912-HagerstownBallpark-1,ae50d330-903e-11f0-8fb6-ad1606e43f24,88.03432,,,8.57032,,,,,,,914508f2-8afe-4bc3-bf51-c0b16b905d95,2025-09-13,01:12:21.38,2025-09-12T21:12:21.3800000-04:00,2025-09-13T01:12:21.3800000Z,,v3,6089,586,,"Melfi, David",1000079653,Right,STA_YAN,06a6963c-7d32-413d-8f77-9ce4cf93e63e,54.25519,-129.64501,14.58863,6.0893,-0.71826,-8.85967,-1.70071,9.44037,-6.44262,,,,,,,,,,,,,,,,,,,,,,,,,,,,,,,,,,,,,,,,,,,,,,,,,,,High,High,High,,,,,
279,2025-09-12,21:12:38.99,4,3,"Meeker, James",703231,Right,STA_YAN,"Escanio, Brenny",691601,Left,HAG_FLY,Undefined,7,Bottom,2,1,1,Undefined,Slider,FoulBallNotFieldable,Undefined,Undefined,Undefined,0,0,,85.49765,-1.649285,-2.308357,2282.105395,177.636519,12:00,5.94102,1.69463,5.98534,-29.94643,8.20052,-0.28866,1.9152,-0.47005,78.45016,-7.201094,-2.360248,0.44453,70.11771,59.68579,76.166479,4825.182228,,,,,49.17362,,,-0.50138,5.03827,-1.51225,50,5.79417,5.01392,-124.10213,-4.53803,-0.78093,25.13576,-24.32683,HAG_FLY,STA_YAN,HagerstownBallpark,Independent,ATL,20250912-HagerstownBallpark-1,b8eb3600-903e-11f0-8fb6-ad1606e43f24,84.79159,70.2565,,7.04749,,,,0.99768,1.51846,0.75661,914508f2-8afe-4bc3-bf51-c0b16b905d95,2025-09-13,01:12:38.99,2025-09-12T21:12:38.9980000-04:00,2025-09-13T01:12:38.9980000Z,,v3,6089,586,,"Melfi, David",1000079653,Right,STA_YAN,4907e331-3c9b-426f-a9ca-af9be34ee191,54.51279,-125.01282,12.56788,5.94262,-3.65665,-12.16341,-1.69442,5.04221,-0.39046,,0.99768,12.41108,-11.62739,4.27465,-1.16808,0.2692,-0.05106,0.00582,-0.0003,1.51846,88.77798,-26.29182,2.91322,-0.45262,0.0311,0.0131,-0.0071,0.00115,0.75661,50.40161,-6.93403,1.3054,-0.17777,0.0031,0.01066,-0.00451,0.00053,,,,,,,,,,,,,,,,,,,,,,,High,High,High,Medium,Undefined,,,
280,2025-09-12,21:13:10.15,4,4,"Meeker, James",703231,Right,STA_YAN,"Escanio, Brenny",691601,Left,HAG_FLY,Undefined,7,Bottom,2,1,2,Undefined,Slider,InPlay,Undefined,GroundBall,Single,0,1,,82.21004,0.066378,-1.887605,2110.883678,57.138771,8:00,5.99688,1.75022,5.56995,-42.33187,-0.43102,-2.70736,2.53126,-0.23922,75.43759,-7.673214,-2.370883,0.465889,96.15932,-3.868799,-25.452951,,,,,39.10171,32.57059,-26.012826,0.26667,0.84169,0.1098,-1.58569,50,5.97458,4.041,-119.35401,-1.32092,1.21111,23.50678,-32.01603,HAG_FLY,STA_YAN,HagerstownBallpark,Independent,ATL,20250912-HagerstownBallpark-1,cb8134e0-903e-11f0-8fb6-ad1606e43f24,80.90425,2.67269,,6.77244,,,,2.16979,2.67269,0.08077,914508f2-8afe-4bc3-bf51-c0b16b905d95,2025-09-13,01:13:10.15,2025-09-12T21:13:10.1560000-04:00,2025-09-13T01:13:10.1560000Z,GroundBall,v3,6089,586,,"Melfi, David",1000079653,Right,STA_YAN,64b46c72-b7b2-4fba-b82b-bf1e237c76d5,54.92938,-120.32094,11.75339,6.00182,-0.00398,-16.00802,-1.75089,3.99118,0.60555,121.237783,2.16917,127.08537,-12.90789,,,,,,,2.67232,-9.49749,-1.95805,,,,,,,0.08233,-60.5509,-15.26708,,,,,,,,,,,,,,,,,,,,,,,,,,,,,High,High,High,High,Medium,,,
281,2025-09-12,21:13:47.74,5,1,"Meeker, James",703231,Right,STA_YAN,"Williams, Tyler",1000053915,Right,HAG_FLY,Undefined,7,Bottom,2,0,0,Undefined,Slider,BallCalled,Undefined,Undefined,Undefined,0,0,,83.5978,-2.102088,-3.134282,2261.683349,183.679018,12:00,5.99337,1.59749,5.86019,-29.77954,10.15418,0.57583,1.55506,-1.26925,77.18966,-7.5962,-3.03114,0.454822,,,,,,,,,,,,-1.12079,6.11945,-1.34345,50,5.80516,6.61825,-121.27168,-5.40664,-1.67787,22.54881,-23.01295,HAG_FLY,STA_YAN,HagerstownBallpark,Independent,ATL,20250912-HagerstownBallpark-1,e1dffb90-903e-11f0-8fb6-ad1606e43f24,82.87296,,,6.40814,,,,,,,914508f2-8afe-4bc3-bf51-c0b16b905d95,2025-09-13,01:13:47.74,2025-09-12T21:13:47.7400000-04:00,2025-09-13T01:13:47.7400000Z,,v3,6089,586,,"Melfi, David",1000079653,Right,STA_YAN,0e17e4ee-75fb-42d0-8f61-c87a1b0930a3,54.63822,-122.13104,11.27441,5.99451,-4.52958,-11.50647,-1.5969,6.6822,-0.83894,,,,,,,,,,,,,,,,,,,,,,,,,,,,,,,,,,,,,,,,,,,,,,,,,,,High,High,High,,,,,
282,2025-09-12,21:14:03.84,5,2,"Meeker, James",703231,Right,STA_YAN,"Williams, Tyler",1000053915,Right,HAG_FLY,Undefined,7,Bottom,2,1,0,Undefined,Sinker,InPlay,Undefined,LineDrive,HomeRun,0,2,,87.50521,-2.318145,-2.960566,2100.306654,221.956737,1:30,6.13317,1.62864,5.67918,-20.28332,17.02851,14.09977,2.2779,0.04138,79.11916,-6.151772,-0.442831,0.439637,110.48752,22.499697,-26.768262,2518.409894,96.56165,43.16689,-52.68563,402.84772,375.12791,-35.280399,4.424339,-8.13028,9.77611,-1.38824,50,5.92515,5.95613,-126.70156,-5.7617,-13.05083,28.9118,-16.48133,HAG_FLY,STA_YAN,HagerstownBallpark,Independent,ATL,20250912-HagerstownBallpark-1,eb71ef10-903e-11f0-8fb6-ad1606e43f24,85.73531,65.86689,,8.38605,,,,2.28554,2.33823,0.01402,914508f2-8afe-4bc3-bf51-c0b16b905d95,2025-09-13,01:14:03.84,2025-09-12T21:14:03.8420000-04:00,2025-09-13T01:14:03.8420000Z,LineDrive,v3,6089,586,,"Melfi, David",1000079653,Right,STA_YAN,6709937b-fa85-4030-825a-f4c0696a8736,54.81797,-127.79624,14.4559,6.13149,-5.13767,-8.24066,-1.62311,6.45027,-6.52541,,2.2851,133.68007,-30.25783,7.9379,-1.95227,0.44392,-0.07889,0.00868,-0.00042,2.33895,61.99376,-15.82667,-0.00013,0.37018,-0.15572,0.03347,-0.00343,0.00012,0.01412,-67.42964,5.70293,-0.75991,0.03612,0.01519,-0.0049,0.0007,-4E-05,,,,,,,,,,,,,,,,,,,,,,,High,High,High,High,Medium,,,
283,2025-09-12,21:15:01.16,6,1,"Meeker, James",703231,Right,STA_YAN,"Takacs, Aaron",1000235182,Left,HAG_FLY,Undefined,7,Bottom,2,0,0,Undefined,Sinker,StrikeCalled,Undefined,Undefined,Undefined,0,0,,87.02273,-2.752447,-2.993494,2041.14181,225.715593,1:30,6.16626,1.58698,5.56705,-22.41419,15.53863,14.51355,1.72176,-0.00244,78.69563,-6.954435,-0.40649,0.443398,,,,,,,,,,,,-8.23989,9.1176,-1.33833,50,5.91414,5.94727,-125.89224,-6.78038,-13.05733,28.56195,-17.72584,HAG_FLY,STA_YAN,HagerstownBallpark,Independent,ATL,20250912-HagerstownBallpark-1,0da9da20-903f-11f0-8fb6-ad1606e43f24,85.00821,,,8.3271,,,,,,,914508f2-8afe-4bc3-bf51-c0b16b905d95,2025-09-13,01:15:01.16,2025-09-12T21:15:01.1670000-04:00,2025-09-13T01:15:01.1670000Z,,v3,6089,586,,"Melfi, David",1000079653,Right,STA_YAN,ed9042bc-f6f8-41b3-9d1a-f3efcbc6aa84,54.92809,-127.00539,14.28097,6.16493,-6.08955,-8.86292,-1.58003,6.45616,-6.52867,,,,,,,,,,,,,,,,,,,,,,,,,,,,,,,,,,,,,,,,,,,,,,,,,,,High,High,High,,,,,
284,2025-09-12,21:15:16.23,6,2,"Meeker, James",703231,Right,STA_YAN,"Takacs, Aaron",1000235182,Left,HAG_FLY,Undefined,7,Bottom,2,0,1,Undefined,Curveball,InPlay,Undefined,GroundBall,Out,1,0,,80.55334,0.527624,-1.768352,2427.262855,43.087842,7:30,6.0597,1.64022,5.45111,-46.18723,-2.65894,-3.67437,2.70495,-0.32197,74.45477,-7.870724,-2.422853,0.474851,94.10223,-12.224158,-0.670109,,,,,12.0807,11.86958,0.993265,0.086063,1.39394,-1.1198,-1.48153,50,6.07418,3.7583,-117.02547,-0.52757,1.94294,21.02641,-33.73489,HAG_FLY,STA_YAN,HagerstownBallpark,Independent,ATL,20250912-HagerstownBallpark-1,16a69280-903f-11f0-8fb6-ad1606e43f24,79.37743,2.51959,,6.09857,,,,0.44988,2.51959,0.34543,914508f2-8afe-4bc3-bf51-c0b16b905d95,2025-09-13,01:15:16.23,2025-09-12T21:15:16.2300000-04:00,2025-09-13T01:15:16.2300000Z,GroundBall,v3,6089,586,,"Melfi, David",1000079653,Right,STA_YAN,c2a7e91b-b104-4e2f-bd06-6df51151a92b,55.04909,-117.92917,10.51321,6.0657,0.92234,-16.86744,-1.64127,3.67479,0.97147,180,0.44649,135.12248,,,,,,,,2.52032,-29.27616,,,,,,,,0.34547,-1.58041,,,,,,,,,,,,,,,,,,,,,,,,,,,,,,High,High,High,High,High,,,
285,2025-09-12,21:17:49.32,1,1,"Noriega, Branden",804447,Left,HAG_FLY,"Rodriguez, Cristhian",682725,Left,STA_YAN,Undefined,8,Top,0,0,0,Undefined,Sinker,InPlay,Undefined,GroundBall,Single,0,0,,91.74794,-2.078375,1.9816,2216.597247,140.538852,10:45,6.00653,-1.06194,5.84795,-15.82072,17.89623,-13.72729,2.75484,-0.36378,82.75459,-5.11414,-0.479308,0.417922,100.40387,-1.54948,-2.244235,2002.039608,,,,39.22864,38.06232,-2.085904,0.266174,7.67146,10.17193,0.90901,50,5.82839,-4.00026,-132.97845,-5.29093,13.53976,32.32952,-14.2211,HAG_FLY,STA_YAN,HagerstownBallpark,Independent,ATL,20250912-HagerstownBallpark-1,71dca3b0-903f-11f0-8fb6-ad1606e43f24,90.19009,2.75139,,8.99334,,,,1.60773,2.75139,0.35552,914508f2-8afe-4bc3-bf51-c0b16b905d95,2025-09-13,01:17:49.32,2025-09-12T21:17:49.3230000-04:00,2025-09-13T01:17:49.3230000Z,GroundBall,v3,6089,586,,"Black, Mark",691773,Right,HAG_FLY,6504aa3d-6794-4c75-a0ba-db5863a7be55,54.64885,-134.10391,16.16476,6.00396,-4.79586,-7.11055,1.05647,-4.47161,6.76988,26.42875,1.61036,146.9606,-21.55785,,,,,,,2.7547,-4.14748,-23.34492,,,,,,,0.35648,-5.81233,-3.36138,,,,,,,,,,,,,,,,,,,,,,,,,,,,,High,High,High,High,High,,,
286,2025-09-12,21:18:27.84,2,1,"Noriega, Branden",804447,Left,HAG_FLY,"Melfi, David",1000079653,Right,STA_YAN,Undefined,8,Top,0,0,0,Undefined,Sinker,StrikeCalled,Undefined,Undefined,Undefined,0,0,,88.49724,-0.256159,2.239659,2107.952163,110.141419,9:45,5.92358,-1.08304,5.93078,-28.20746,7.55016,-17.39139,3.33511,-0.45334,80.62563,-5.512357,-0.883955,0.430384,,,,,,,,,,,,9.52213,4.30725,0.91371,50,5.88728,-4.28682,-128.47208,-1.52509,15.84326,27.72792,-25.00748,HAG_FLY,STA_YAN,HagerstownBallpark,Independent,ATL,20250912-HagerstownBallpark-1,88d56070-903f-11f0-8fb6-ad1606e43f24,87.5787,,,7.87161,,,,,,,914508f2-8afe-4bc3-bf51-c0b16b905d95,2025-09-13,01:18:27.84,2025-09-12T21:18:27.8430000-04:00,2025-09-13T01:18:27.8430000Z,,v3,6089,586,,"Black, Mark",691773,Right,HAG_FLY,df361665-bd9c-42fd-85e8-3c21b31d2d4c,54.56677,-129.45397,13.86396,5.92561,-0.63953,-12.50374,1.07544,-4.84785,7.92163,,,,,,,,,,,,,,,,,,,,,,,,,,,,,,,,,,,,,,,,,,,,,,,,,,,High,High,High,,,,,
287,2025-09-12,21:18:42.18,2,2,"Noriega, Branden",804447,Left,HAG_FLY,"Melfi, David",1000079653,Right,STA_YAN,Undefined,8,Top,0,0,1,Undefined,Sinker,BallCalled,Undefined,Undefined,Undefined,0,0,,90.41281,-0.48892,2.045578,2097.949658,121.87656,10:00,6.00462,-1.26992,5.54723,-23.031,11.9456,-17.24796,3.62819,-0.79488,81.77151,-4.798098,-1.029665,0.425657,,,,,,,,,,,,9.28123,6.53973,1.10427,50,5.94734,-3.89037,-131.07839,-1.91823,15.98054,30.38208,-20.91386,HAG_FLY,STA_YAN,HagerstownBallpark,Independent,ATL,20250912-HagerstownBallpark-1,9143e290-903f-11f0-8fb6-ad1606e43f24,88.55114,,,8.6413,,,,,,,914508f2-8afe-4bc3-bf51-c0b16b905d95,2025-09-13,01:18:42.18,2025-09-12T21:18:42.1840000-04:00,2025-09-13T01:18:42.1840000Z,,v3,6089,586,,"Black, Mark",691773,Right,HAG_FLY,8b0d1b09-03f2-416a-95d1-c20c2211e293,54.94856,-132.22042,15.19104,6.00467,-1.1321,-10.45693,1.2618,-4.49106,7.99027,,,,,,,,,,,,,,,,,,,,,,,,,,,,,,,,,,,,,,,,,,,,,,,,,,,High,High,High,,,,,
288,2025-09-12,21:18:57.25,2,3,"Noriega, Branden",804447,Left,HAG_FLY,"Melfi, David",1000079653,Right,STA_YAN,Undefined,8,Top,0,1,1,Undefined,Sinker,StrikeCalled,Undefined,Undefined,Undefined,0,0,,90.0221,-0.942371,2.74098,2154.750944,111.546474,9:45,5.86128,-1.34361,5.75712,-26.451,8.50638,-18.50918,2.77877,-0.33274,81.69278,-5.86772,-0.571579,0.425541,,,,,,,,,,,,10.20571,4.97803,1.12745,50,5.76718,-5.43064,-130.53122,-3.07075,17.46003,29.63286,-23.65759,HAG_FLY,STA_YAN,HagerstownBallpark,Independent,ATL,20250912-HagerstownBallpark-1,9a3d66a0-903f-11f0-8fb6-ad1606e43f24,88.57542,,,8.32932,,,,,,,914508f2-8afe-4bc3-bf51-c0b16b905d95,2025-09-13,01:18:57.25,2025-09-12T21:18:57.2500000-04:00,2025-09-13T01:18:57.2500000Z,,v3,6089,586,,"Black, Mark",691773,Right,HAG_FLY,b93682f1-6f18-45ed-8232-a10894697535,54.73993,-131.60287,14.81643,5.86276,-2.2152,-11.82879,1.33526,-6.06207,8.73002,,,,,,,,,,,,,,,,,,,,,,,,,,,,,,,,,,,,,,,,,,,,,,,,,,,High,High,High,,,,,
289,2025-09-12,21:19:15.59,2,4,"Noriega, Branden",804447,Left,HAG_FLY,"Melfi, David",1000079653,Right,STA_YAN,Undefined,8,Top,0,1,2,Undefined,Sinker,StrikeSwinging,Strikeout,Undefined,Undefined,0,0,,92.97328,-1.843036,1.251546,2264.328967,123.341132,10:00,6.03646,-0.9417,5.79157,-19.56458,13.06489,-18.19796,2.69066,-1.29381,84.58988,-5.518904,-2.01011,0.411127,,,,,,,,,,,,9.59556,7.52894,0.84943,50,5.8731,-2.1199,-134.90934,-4.99478,17.57609,31.03014,-18.3833,HAG_FLY,STA_YAN,HagerstownBallpark,Independent,ATL,20250912-HagerstownBallpark-1,a52aa460-903f-11f0-8fb6-ad1606e43f24,91.68066,,,8.38339,,,,,,,914508f2-8afe-4bc3-bf51-c0b16b905d95,2025-09-13,01:19:15.59,2025-09-12T21:19:15.5960000-04:00,2025-09-13T01:19:15.5960000Z,,v3,6089,586,,"Black, Mark",691773,Right,HAG_FLY,cfd3b3cf-967b-4d7e-8c89-11422122eb17,54.70534,-135.9873,15.51507,6.03553,-4.35616,-9.19165,0.93368,-2.73048,8.78805,,,,,,,,,,,,,,,,,,,,,,,,,,,,,,,,,,,,,,,,,,,,,,,,,,,High,High,High,,,,,
290,2025-09-12,21:19:42.10,3,1,"Noriega, Branden",804447,Left,HAG_FLY,"Johnson, Kolby",815259,Right,STA_YAN,Undefined,8,Top,1,0,0,Undefined,Sinker,BallCalled,Undefined,Undefined,Undefined,0,0,,88.97494,-1.061332,1.005961,2158.799485,136.698207,10:30,5.94611,-1.2198,6.0197,-20.97265,14.40954,-12.44127,3.21508,-1.32472,80.72201,-5.032311,-1.233078,0.428118,,,,,,,,,,,,6.67284,8.08567,1.14756,50,5.85162,-1.742,-129.15357,-3.02969,11.17138,29.11876,-18.63734,HAG_FLY,STA_YAN,HagerstownBallpark,Independent,ATL,20250912-HagerstownBallpark-1,b4fa7e60-903f-11f0-8fb6-ad1606e43f24,88.04209,,,8.25293,,,,,,,914508f2-8afe-4bc3-bf51-c0b16b905d95,2025-09-13,01:19:42.10,2025-09-12T21:19:42.1080000-04:00,2025-09-13T01:19:42.1080000Z,,v3,6089,586,,"Black, Mark",691773,Right,HAG_FLY,911ff495-541d-4069-b107-55e48e25c6c7,54.47615,-130.15884,14.55938,5.94511,-2.38627,-9.31867,1.21436,-2.12767,5.58569,,,,,,,,,,,,,,,,,,,,,,,,,,,,,,,,,,,,,,,,,,,,,,,,,,,High,High,High,,,,,
291,2025-09-12,21:19:57.94,3,2,"Noriega, Branden",804447,Left,HAG_FLY,"Johnson, Kolby",815259,Right,STA_YAN,Undefined,8,Top,1,1,0,Undefined,Sinker,FoulBallNotFieldable,Undefined,Undefined,Undefined,0,0,,89.9794,-1.917006,3.471163,2162.61781,111.863221,9:45,5.93924,-1.08331,5.91099,-26.37041,8.35083,-17.92938,1.95854,0.64822,82.04922,-6.822378,0.255119,0.424101,,,,,,,,,,,,10.2813,5.16914,0.81522,50,5.7701,-7.16637,-130.44284,-5.26597,17.62371,28.75168,-23.31337,HAG_FLY,STA_YAN,HagerstownBallpark,Independent,ATL,20250912-HagerstownBallpark-1,be887a40-903f-11f0-8fb6-ad1606e43f24,88.87614,,,7.93019,,,,,,,914508f2-8afe-4bc3-bf51-c0b16b905d95,2025-09-13,01:19:57.94,2025-09-12T21:19:57.9440000-04:00,2025-09-13T01:19:57.9440000Z,,v3,6089,586,,"Black, Mark",691773,Right,HAG_FLY,0a737365-ba97-47c3-948e-3a66254fe5d4,54.58854,-131.45033,14.37584,5.94031,-4.44904,-11.65668,1.07716,-7.78392,8.81186,,,,,,,,,,,,,,,,,,,,,,,,,,,,,,,,,,,,,,,,,,,,,,,,,,,High,High,High,,,,,
292,2025-09-12,21:20:28.10,3,3,"Noriega, Branden",804447,Left,HAG_FLY,"Johnson, Kolby",815259,Right,STA_YAN,Undefined,8,Top,1,1,1,Undefined,Curveball,BallCalled,Undefined,Undefined,Undefined,0,0,,80.69723,3.974911,-0.491156,3021.390863,326.626893,5:00,5.97063,-1.19482,4.92671,-54.94605,-10.05733,7.60225,5.1555,-1.0256,73.23341,-5.951288,0.848072,0.482214,,,,,,,,,,,,-3.8728,-5.63646,1.23601,50,6.31236,0.66888,-116.79729,6.00437,-5.31797,23.21722,-39.91379,HAG_FLY,STA_YAN,HagerstownBallpark,Independent,ATL,20250912-HagerstownBallpark-1,d06d5190-903f-11f0-8fb6-ad1606e43f24,78.16535,,,7.46383,,,,,,,914508f2-8afe-4bc3-bf51-c0b16b905d95,2025-09-13,01:20:28.10,2025-09-12T21:20:28.1030000-04:00,2025-09-13T01:20:28.1030000Z,,v3,6089,586,,"Black, Mark",691773,Right,HAG_FLY,4fdeae5d-fdeb-4649-b182-1136f963181c,55.57272,-117.89984,11.60861,5.98221,7.89982,-19.9569,1.19825,0.92143,-2.65898,,,,,,,,,,,,,,,,,,,,,,,,,,,,,,,,,,,,,,,,,,,,,,,,,,,High,High,High,,,,,
293,2025-09-12,21:20:45.23,3,4,"Noriega, Branden",804447,Left,HAG_FLY,"Johnson, Kolby",815259,Right,STA_YAN,Undefined,8,Top,1,2,1,Undefined,Four-Seam,FoulBallNotFieldable,Undefined,Undefined,Undefined,0,0,,93.54136,-1.885578,1.84663,2379.900445,134.29877,10:30,6.00883,-0.96485,5.83054,-15.52213,16.80773,-16.06552,2.96106,-0.58654,84.64825,-4.853306,-1.033012,0.409235,77.3081,27.274938,160.601217,2223.029219,,,,,41.35903,,,8.7752,9.49532,0.82369,50,5.84586,-3.65131,-135.6521,-4.93825,16.17989,32.58018,-14.66645,HAG_FLY,STA_YAN,HagerstownBallpark,Independent,ATL,20250912-HagerstownBallpark-1,dab3a0f0-903f-11f0-8fb6-ad1606e43f24,92.10452,20.51339,,8.89311,,,,1.34624,2.79872,0.52793,914508f2-8afe-4bc3-bf51-c0b16b905d95,2025-09-13,01:20:45.23,2025-09-12T21:20:45.2340000-04:00,2025-09-13T01:20:45.2340000Z,,v3,6089,586,,"Black, Mark",691773,Right,HAG_FLY,b19812cf-e1e3-404e-870a-9665b2cd4a13,54.66654,-136.7683,16.29009,6.00643,-4.43578,-7.33323,0.95828,-4.20563,8.08994,322.989426,1.3434,-94.97255,8.63054,,,,,,,2.81412,51.49182,-26.0681,,,,,,,0.53571,33.23631,-7.68533,,,,,,,,,,,,,,,,,,,,,,,,,,,,,High,High,High,High,Undefined,,,
294,2025-09-12,21:21:09.79,3,5,"Noriega, Branden",804447,Left,HAG_FLY,"Johnson, Kolby",815259,Right,STA_YAN,Undefined,8,Top,1,2,2,Undefined,Four-Seam,BallCalled,Undefined,Undefined,Undefined,0,0,,93.7349,-1.871589,3.550103,2416.860943,138.053819,10:30,6.00072,-0.80077,5.87816,-15.9354,16.19497,-13.56174,2.93065,1.37032,84.98194,-4.911103,1.122419,0.407971,,,,,,,,,,,,7.96,9.153,0.52138,50,5.84005,-7.80912,-135.77508,-4.93028,14.7572,31.63213,-15.20517,HAG_FLY,STA_YAN,HagerstownBallpark,Independent,ATL,20250912-HagerstownBallpark-1,e93f8940-903f-11f0-8fb6-ad1606e43f24,92.38999,,,8.75296,,,,,,,914508f2-8afe-4bc3-bf51-c0b16b905d95,2025-09-13,01:21:09.79,2025-09-12T21:21:09.7920000-04:00,2025-09-13T01:21:09.7920000Z,,v3,6089,586,,"Black, Mark",691773,Right,HAG_FLY,061d8a31-ecfe-429d-b16b-2955a96c8d4c,54.6182,-136.84678,15.81607,5.99836,-4.41512,-7.60258,0.79443,-8.30909,7.3786,,,,,,,,,,,,,,,,,,,,,,,,,,,,,,,,,,,,,,,,,,,,,,,,,,,High,High,High,,,,,
295,2025-09-12,21:21:27.25,3,6,"Noriega, Branden",804447,Left,HAG_FLY,"Johnson, Kolby",815259,Right,STA_YAN,Undefined,8,Top,1,3,2,Undefined,Four-Seam,BallCalled,Walk,Undefined,Undefined,0,0,,91.6684,-2.053095,3.610164,2318.241347,149.036875,11:00,5.87867,-0.94922,5.68215,-15.94024,17.87237,-10.03359,2.63194,1.58424,83.25918,-5.086159,1.821422,0.418515,,,,,,,,,,,,6.2276,10.0619,0.65157,50,5.69579,-7.94146,-132.76787,-5.26342,11.04687,30.07504,-14.32572,HAG_FLY,STA_YAN,HagerstownBallpark,Independent,ATL,20250912-HagerstownBallpark-1,f3c10ce0-903f-11f0-8fb6-ad1606e43f24,90.06238,,,8.40922,,,,,,,914508f2-8afe-4bc3-bf51-c0b16b905d95,2025-09-13,01:21:27.25,2025-09-12T21:21:27.2520000-04:00,2025-09-13T01:21:27.2520000Z,,v3,6089,586,,"Black, Mark",691773,Right,HAG_FLY,aad82412-ce0b-487e-955b-122b275ba495,54.81656,-133.85449,15.03752,5.8766,-4.74583,-7.16286,0.94571,-8.34058,5.52344,,,,,,,,,,,,,,,,,,,,,,,,,,,,,,,,,,,,,,,,,,,,,,,,,,,High,High,High,,,,,
296,2025-09-12,21:24:13.94,4,1,"Simone, Andrew",1000132681,Right,HAG_FLY,"Diaz, Eddy",677647,Right,STA_YAN,Undefined,8,Top,1,0,0,Undefined,Changeup,BallCalled,Undefined,Undefined,Undefined,0,0,,80.44916,1.239176,-1.540866,1553.109283,237.649674,2:00,5.63378,0.35416,5.4463,-33.64911,10.19465,13.94808,3.99046,0.07352,73.60599,-4.975315,0.940904,0.476568,,,,,,,,,,,,-7.39831,5.21827,-0.22777,50,5.72032,2.57006,-116.7555,1.41763,-10.23088,21.60972,-24.95788,HAG_FLY,STA_YAN,HagerstownBallpark,Independent,ATL,20250912-HagerstownBallpark-1,57088c10-9040-11f0-8fb6-ad1606e43f24,79.09134,,,6.84318,,,,,,,914508f2-8afe-4bc3-bf51-c0b16b905d95,2025-09-13,01:24:13.94,2025-09-12T21:24:13.9420000-04:00,2025-09-13T01:24:13.9420000Z,,v3,6089,586,,"Black, Mark",691773,Right,HAG_FLY,991710d1-8562-4eab-83b4-8a1a8fccaf7e,55.05044,-117.68655,10.80486,5.63607,2.49293,-12.47894,-0.34799,3.01085,-5.11544,,,,,,,,,,,,,,,,,,,,,,,,,,,,,,,,,,,,,,,,,,,,,,,,,,,High,High,High,,,,,
297,2025-09-12,21:24:32.08,4,2,"Simone, Andrew",1000132681,Right,HAG_FLY,"Diaz, Eddy",677647,Right,STA_YAN,Undefined,8,Top,1,1,0,Undefined,Four-Seam,InPlay,Undefined,GroundBall,Double,0,1,,90.11911,-2.487129,-1.463894,2038.348582,214.307077,1:15,5.59421,0.5506,5.48433,-14.12532,20.87958,13.46792,2.08797,0.30304,82.26748,-5.182102,0.934631,0.42583,94.69317,5.91799,38.267461,4723.415457,,,,136.40998,132.79452,44.449123,1.164281,-7.20622,11.57091,-0.43172,50,5.36683,2.73668,-130.69893,-6.09303,-12.45511,27.74893,-12.17506,HAG_FLY,STA_YAN,HagerstownBallpark,Independent,ATL,20250912-HagerstownBallpark-1,61f1f940-9040-11f0-8fb6-ad1606e43f24,88.51532,5.56603,,7.85162,,,,-0.02109,1.86926,-0.22742,914508f2-8afe-4bc3-bf51-c0b16b905d95,2025-09-13,01:24:32.08,2025-09-12T21:24:32.0870000-04:00,2025-09-13T01:24:32.0870000Z,GroundBall,v3,6089,586,,"Black, Mark",691773,Right,HAG_FLY,fd39c31f-e842-4b36-ba51-46eaf3b2399e,55.01331,-131.75901,13.87447,5.59072,-5.62791,-6.08753,-0.54535,3.2125,-6.22756,,-0.02109,108.45855,-27.02114,5.94021,-0.62991,-0.68935,0.67224,-0.28741,0.05004,1.86926,14.32072,-14.0301,0.45949,-0.60142,0.90698,-0.70995,0.29584,-0.05157,-0.22742,85.55778,-2.40877,-0.44096,-0.37759,0.90238,-0.75026,0.31717,-0.05563,,,,,,,,,,,,,,,,,,,,,,,High,High,High,High,High,,,
298,2025-09-12,21:26:08.05,5,1,"Simone, Andrew",1000132681,Right,HAG_FLY,"Contreras, Mark",676628,Left,STA_YAN,Undefined,8,Top,1,0,0,Undefined,,BallCalled,Undefined,Undefined,Undefined,0,0,,,,,,,,,,,,,,,,,,,,,,,,,,,,,,,,,,,,,,,,,,HAG_FLY,STA_YAN,HagerstownBallpark,Independent,ATL,20250912-HagerstownBallpark-1,8d3bab50-9040-11f0-8fb6-ad1606e43f24,,,,,,,,,,,914508f2-8afe-4bc3-bf51-c0b16b905d95,2025-09-13,01:26:08.05,2025-09-12T21:26:08.0510000-04:00,2025-09-13T01:26:08.0510000Z,,v3,6089,586,,"Black, Mark",691773,Right,HAG_FLY,,,,,,,,,,,,,,,,,,,,,,,,,,,,,,,,,,,,,,,,,,,,,,,,,,,,,,,,,,,,,,,,,,,,
299,2025-09-12,21:26:09.05,5,2,"Simone, Andrew",1000132681,Right,HAG_FLY,"Contreras, Mark",676628,Left,STA_YAN,Undefined,8,Top,1,1,0,Undefined,,BallCalled,Undefined,Undefined,Undefined,0,0,,,,,,,,,,,,,,,,,,,,,,,,,,,,,,,,,,,,,,,,,,HAG_FLY,STA_YAN,HagerstownBallpark,Independent,ATL,20250912-HagerstownBallpark-1,91231eb0-9040-11f0-8fb6-ad1606e43f24,,,,,,,,,,,914508f2-8afe-4bc3-bf51-c0b16b905d95,2025-09-13,01:26:09.05,2025-09-12T21:26:09.0510000-04:00,2025-09-13T01:26:09.0510000Z,,v3,6089,586,,"Black, Mark",691773,Right,HAG_FLY,,,,,,,,,,,,,,,,,,,,,,,,,,,,,,,,,,,,,,,,,,,,,,,,,,,,,,,,,,,,,,,,,,,,
300,2025-09-12,21:26:10.05,5,3,"Simone, Andrew",1000132681,Right,HAG_FLY,"Contreras, Mark",676628,Left,STA_YAN,Undefined,8,Top,1,2,0,Undefined,,BallCalled,Undefined,Undefined,Undefined,0,0,,,,,,,,,,,,,,,,,,,,,,,,,,,,,,,,,,,,,,,,,,HAG_FLY,STA_YAN,HagerstownBallpark,Independent,ATL,20250912-HagerstownBallpark-1,92d86fd0-9040-11f0-8fb6-ad1606e43f24,,,,,,,,,,,914508f2-8afe-4bc3-bf51-c0b16b905d95,2025-09-13,01:26:10.05,2025-09-12T21:26:10.0510000-04:00,2025-09-13T01:26:10.0510000Z,,v3,6089,586,,"Black, Mark",691773,Right,HAG_FLY,,,,,,,,,,,,,,,,,,,,,,,,,,,,,,,,,,,,,,,,,,,,,,,,,,,,,,,,,,,,,,,,,,,,
301,2025-09-12,21:26:11.05,5,4,"Simone, Andrew",1000132681,Right,HAG_FLY,"Contreras, Mark",676628,Left,STA_YAN,Undefined,8,Top,1,3,0,Undefined,,BallCalled,Walk,Undefined,Undefined,0,0,,,,,,,,,,,,,,,,,,,,,,,,,,,,,,,,,,,,,,,,,,HAG_FLY,STA_YAN,HagerstownBallpark,Independent,ATL,20250912-HagerstownBallpark-1,946f3c70-9040-11f0-8fb6-ad1606e43f24,,,,,,,,,,,914508f2-8afe-4bc3-bf51-c0b16b905d95,2025-09-13,01:26:11.05,2025-09-12T21:26:11.0510000-04:00,2025-09-13T01:26:11.0510000Z,,v3,6089,586,,"Black, Mark",691773,Right,HAG_FLY,,,,,,,,,,,,,,,,,,,,,,,,,,,,,,,,,,,,,,,,,,,,,,,,,,,,,,,,,,,,,,,,,,,,
302,2025-09-12,21:26:12.05,6,1,"Simone, Andrew",1000132681,Right,HAG_FLY,"Dearden, Tyler",676280,Left,STA_YAN,Undefined,8,Top,1,0,0,Undefined,Changeup,FoulBallNotFieldable,Undefined,Undefined,Undefined,0,0,,81.74394,-0.223688,-2.196374,1431.904828,264.858545,2:45,5.54098,0.6886,5.25534,-40.10557,2.85429,16.20962,1.98852,-0.02528,74.79197,-7.539318,0.681204,0.47174,88.58045,1.443337,44.203995,2387.037226,,,,54.05815,50.85187,44.717543,0.425094,-8.79689,1.86602,-0.49994,50,5.49067,3.88126,-118.58802,-1.88536,-12.48099,23.45702,-29.52655,HAG_FLY,STA_YAN,HagerstownBallpark,Independent,ATL,20250912-HagerstownBallpark-1,9d8b63b0-9040-11f0-8fb6-ad1606e43f24,79.90082,2.24361,,6.95196,,,,2.1496,2.11144,0.25434,914508f2-8afe-4bc3-bf51-c0b16b905d95,2025-09-13,01:26:12.05,2025-09-12T21:26:12.0510000-04:00,2025-09-13T01:26:12.0510000Z,GroundBall,v3,6089,586,,"Black, Mark",691773,Right,HAG_FLY,8abb0494-0a71-4a88-b6ef-0ef215fedae4,55.24414,-119.62083,11.72851,5.54506,-0.58531,-14.76327,-0.68293,4.4308,-6.2405,,2.15952,92.79153,-17.71556,,,,,,,2.11865,3.04583,-18.92768,,,,,,,0.25229,90.61728,-4.06913,,,,,,,,,,,,,,,,,,,,,,,,,,,,,High,High,High,High,High,,,
303,2025-09-12,21:26:40.95,6,2,"Simone, Andrew",1000132681,Right,HAG_FLY,"Dearden, Tyler",676280,Left,STA_YAN,Undefined,8,Top,1,0,1,Undefined,Four-Seam,BallCalled,Undefined,Undefined,Undefined,0,0,,90.70408,-0.766272,-0.365466,1942.057168,213.997527,1:15,5.52331,0.49575,5.17056,-17.27615,18.18655,11.38272,3.36247,1.10038,81.45741,-4.045537,1.650319,0.428605,,,,,,,,,,,,-5.73965,9.65473,-0.47063,50,5.4395,0.28739,-131.35272,-2.32053,-9.86079,32.14422,-15.58714,HAG_FLY,STA_YAN,HagerstownBallpark,Independent,ATL,20250912-HagerstownBallpark-1,aea4ada0-9040-11f0-8fb6-ad1606e43f24,87.94213,,,9.24667,,,,,,,914508f2-8afe-4bc3-bf51-c0b16b905d95,2025-09-13,01:26:40.95,2025-09-12T21:26:40.9550000-04:00,2025-09-13T01:26:40.9550000Z,,v3,6089,586,,"Black, Mark",691773,Right,HAG_FLY,d8f995b1-1e3a-4c89-9bbc-6ee82d05024d,55.32267,-132.64887,16.07211,5.5204,-1.69201,-7.79357,-0.49023,0.68501,-4.9304,,,,,,,,,,,,,,,,,,,,,,,,,,,,,,,,,,,,,,,,,,,,,,,,,,,High,High,High,,,,,
304,2025-09-12,21:26:57.23,6,3,"Simone, Andrew",1000132681,Right,HAG_FLY,"Dearden, Tyler",676280,Left,STA_YAN,Undefined,8,Top,1,1,1,Undefined,Four-Seam,BallCalled,Undefined,Undefined,Undefined,0,0,,90.59734,0.684774,-0.438275,1902.149242,205.784346,12:45,5.57496,0.44989,5.38134,-16.95962,18.32454,8.22709,4.8036,0.72464,81.1943,-2.55885,1.024022,0.427525,,,,,,,,,,,,-4.23032,9.30634,-0.41653,50,5.62478,0.61329,-131.22662,1.04399,-7.24925,32.24073,-16.22628,HAG_FLY,STA_YAN,HagerstownBallpark,Independent,ATL,20250912-HagerstownBallpark-1,b853ed20-9040-11f0-8fb6-ad1606e43f24,88.16433,,,9.40304,,,,,,,914508f2-8afe-4bc3-bf51-c0b16b905d95,2025-09-13,01:26:57.23,2025-09-12T21:26:57.2330000-04:00,2025-09-13T01:26:57.2330000Z,,v3,6089,586,,"Black, Mark",691773,Right,HAG_FLY,4c614cd9-edc1-4287-9c88-7a08a903d82b,55.11127,-132.47644,16.12036,5.57212,1.67301,-8.11314,-0.44575,0.89431,-3.62463,,,,,,,,,,,,,,,,,,,,,,,,,,,,,,,,,,,,,,,,,,,,,,,,,,,High,High,High,,,,,
305,2025-09-12,21:27:17.54,6,4,"Simone, Andrew",1000132681,Right,HAG_FLY,"Dearden, Tyler",676280,Left,STA_YAN,Undefined,8,Top,1,2,1,Undefined,Changeup,FoulBallNotFieldable,Undefined,Undefined,Undefined,0,0,,81.86179,0.113806,-2.016662,1653.735975,245.198988,2:15,5.38757,0.66758,5.46817,-34.24588,8.79721,15.62828,2.64032,0.08184,73.78486,-6.236189,0.766577,0.472197,71.22893,-9.172993,68.874831,,,,,18.8736,14.21033,60.033656,0.206686,-8.5913,4.82142,-0.50148,50,5.37448,3.54167,-118.62283,-0.90064,-12.02907,26.36442,-25.42335,HAG_FLY,STA_YAN,HagerstownBallpark,Independent,ATL,20250912-HagerstownBallpark-1,c4926300-9040-11f0-8fb6-ad1606e43f24,79.82358,3.42024,,8.07693,,,,,,,914508f2-8afe-4bc3-bf51-c0b16b905d95,2025-09-13,01:27:17.54,2025-09-12T21:27:17.5440000-04:00,2025-09-13T01:27:17.5440000Z,GroundBall,v3,6089,586,,"Black, Mark",691773,Right,HAG_FLY,56a4d751-cd51-4489-986a-8c0d7efe51b9,55.02897,-119.73532,13.18221,5.38985,0.17215,-12.71167,-0.66163,4.04926,-6.01454,,1.73396,37.17045,0.24896,,,,,,,3.4202,-16.65165,0.50319,,,,,,,-3.51243,96.20291,-0.48658,,,,,,,,,,,,,,,,,,,,,,,,,,,,,High,High,High,Low,Low,,,
306,2025-09-12,21:27:43.33,6,5,"Simone, Andrew",1000132681,Right,HAG_FLY,"Dearden, Tyler",676280,Left,STA_YAN,Undefined,8,Top,1,2,2,Undefined,Four-Seam,StrikeCalled,Strikeout,Undefined,Undefined,0,0,,91.72982,-2.612386,-1.463827,2051.055178,215.17387,1:15,5.48405,0.5684,5.18653,-14.61115,19.58926,13.01316,1.80627,0.27539,83.67861,-5.3745,0.841074,0.420908,,,,,,,,,,,,-6.9026,10.83969,-0.4428,50,5.23078,2.78212,-132.94798,-6.54133,-12.33966,28.81589,-12.79607,HAG_FLY,STA_YAN,HagerstownBallpark,Independent,ATL,20250912-HagerstownBallpark-1,d3ee6c90-9040-11f0-8fb6-ad1606e43f24,89.55028,,,8.05121,,,,,,,914508f2-8afe-4bc3-bf51-c0b16b905d95,2025-09-13,01:27:43.33,2025-09-12T21:27:43.3330000-04:00,2025-09-13T01:27:43.3330000Z,,v3,6089,586,,"Black, Mark",691773,Right,HAG_FLY,5d4ec1bb-1cf2-4a4b-a3cb-9fb2d92b574b,55.31082,-134.09414,14.40795,5.48084,-6.03236,-6.39803,-0.56322,3.27293,-6.16983,,,,,,,,,,,,,,,,,,,,,,,,,,,,,,,,,,,,,,,,,,,,,,,,,,,High,High,High,,,,,
307,2025-09-12,21:28:12.35,7,1,"Simone, Andrew",1000132681,Right,HAG_FLY,"Brown, Vaun",673901,Right,STA_YAN,Undefined,8,Top,2,0,0,Undefined,Changeup,BallCalled,Undefined,Undefined,Undefined,0,0,,82.73848,-1.204805,-4.457499,1785.102836,252.977515,2:30,5.54399,0.43763,5.33563,-34.97439,7.02241,18.37225,1.49554,-2.22172,75.58538,-7.609905,-1.202198,0.466422,,,,,,,,,,,,-10.43367,4.30047,-0.04809,50,5.41005,8.5519,-119.72074,-3.75176,-15.10628,23.63786,-25.94766,HAG_FLY,STA_YAN,HagerstownBallpark,Independent,ATL,20250912-HagerstownBallpark-1,e5272560-9040-11f0-8fb6-ad1606e43f24,80.8118,,,7.1531,,,,,,,914508f2-8afe-4bc3-bf51-c0b16b905d95,2025-09-13,01:28:12.35,2025-09-12T21:28:12.3550000-04:00,2025-09-13T01:28:12.3550000Z,,v3,6089,586,,"Black, Mark",691773,Right,HAG_FLY,48d87ec9-80bd-4b93-a11f-513c14273aed,55.16196,-120.73562,11.81893,5.54721,-2.6377,-12.97383,-0.42919,9.20048,-7.55314,,,,,,,,,,,,,,,,,,,,,,,,,,,,,,,,,,,,,,,,,,,,,,,,,,,High,High,High,,,,,
308,2025-09-12,21:28:31.25,7,2,"Simone, Andrew",1000132681,Right,HAG_FLY,"Brown, Vaun",673901,Right,STA_YAN,Undefined,8,Top,2,1,0,Undefined,Four-Seam,StrikeCalled,Undefined,Undefined,Undefined,0,0,,90.13253,-0.971871,-2.537122,2076.884657,210.239471,1:00,5.49875,0.42843,5.36054,-16.96891,18.50143,10.05934,3.17233,-1.11401,81.44604,-4.194534,-0.751783,0.428651,,,,,,,,,,,,-5.78485,9.91544,-0.20772,50,5.39979,5.31464,-130.54613,-2.75119,-9.88879,29.90318,-15.22437,HAG_FLY,STA_YAN,HagerstownBallpark,Independent,ATL,20250912-HagerstownBallpark-1,f068ebc0-9040-11f0-8fb6-ad1606e43f24,87.93267,,,8.68649,,,,,,,914508f2-8afe-4bc3-bf51-c0b16b905d95,2025-09-13,01:28:31.25,2025-09-12T21:28:31.2580000-04:00,2025-09-13T01:28:31.2580000Z,,v3,6089,586,,"Black, Mark",691773,Right,HAG_FLY,5d74bc90-d2b4-40a6-a467-8df9dd8d94d3,55.13404,-131.7169,14.95159,5.49583,-2.15513,-7.61219,-0.42338,5.70181,-4.9444,,,,,,,,,,,,,,,,,,,,,,,,,,,,,,,,,,,,,,,,,,,,,,,,,,,High,High,High,,,,,
309,2025-09-12,21:28:50.39,7,3,"Simone, Andrew",1000132681,Right,HAG_FLY,"Brown, Vaun",673901,Right,STA_YAN,Undefined,8,Top,2,1,1,Undefined,Curveball,InPlay,Undefined,FlyBall,Out,1,0,,79.26835,0.121851,-0.805522,2232.26336,56.217531,7:45,5.6732,0.43076,5.05697,-48.69739,-2.63232,-6.17071,1.73001,-0.84316,72.64811,-8.686945,-1.898152,0.488492,86.35389,26.845743,1.760912,2947.469227,109.76884,47.78831,7.1259,320.4127,314.93754,5.36952,4.383535,2.84921,-0.96228,-0.34894,50,5.64578,1.86858,-115.01147,-1.50509,3.79453,22.46971,-33.45559,HAG_FLY,STA_YAN,HagerstownBallpark,Independent,ATL,20250912-HagerstownBallpark-1,fbed1250-9040-11f0-8fb6-ad1606e43f24,77.16085,59.60057,,6.62024,,,,2.07562,1.87226,0.81278,914508f2-8afe-4bc3-bf51-c0b16b905d95,2025-09-13,01:28:50.39,2025-09-12T21:28:50.3930000-04:00,2025-09-13T01:28:50.3930000Z,LineDrive,v3,6089,586,,"Black, Mark",691773,Right,HAG_FLY,fe69ce86-8cc2-4566-9dad-cc3040b9df2f,55.44239,-116.06988,11.23486,5.67956,0.0708,-16.7278,-0.43275,1.68985,1.89727,198.372446,2.07695,112.92016,-18.96394,4.01587,-0.58651,0.02133,0.00746,-0.00062,-3E-05,1.87223,57.18811,-14.84165,0.17216,0.19424,-0.11665,0.04239,-0.00746,0.00049,0.81304,3.46441,3.05725,-1.34735,0.36464,-0.06758,0.0091,-0.00085,4E-05,,,,,,,,,,,,,,,,,,,,,,,High,High,High,High,High,,,
310,2025-09-12,21:31:54.96,1,1,"Roe, Nate",673225,Right,STA_YAN,"Arbolida, Cary",812364,Right,HAG_FLY,Undefined,8,Bottom,0,0,0,Undefined,Changeup,InPlay,Undefined,GroundBall,Single,0,0,,83.64424,0.69574,-4.724516,2208.5287,237.030587,2:00,5.38181,2.83803,5.58866,-27.56061,13.25977,18.30745,3.737,-0.05793,75.80849,-4.447642,-1.472641,0.459843,92.00447,10.265215,-19.681403,1072.947896,,,,135.9097,135.00242,-19.085563,1.157676,-10.69048,6.90095,-2.44413,50,5.424,9.25199,-121.02323,0.59006,-15.76519,24.87198,-21.99722,HAG_FLY,STA_YAN,HagerstownBallpark,Independent,ATL,20250912-HagerstownBallpark-1,69e6e920-9041-11f0-8fb6-ad1606e43f24,81.96797,9.20957,,7.83575,,,,1.41746,3.46753,0.30273,914508f2-8afe-4bc3-bf51-c0b16b905d95,2025-09-13,01:31:54.96,2025-09-12T21:31:54.9640000-04:00,2025-09-13T01:31:54.9640000Z,LineDrive,v3,6089,586,,"Melfi, David",1000079653,Right,STA_YAN,6375ca39-8248-42dc-b469-281e9f31e8ee,54.90948,-122.02803,12.43599,5.38221,1.47872,-10.99861,-2.83076,9.88888,-7.8826,,1.41746,125.02259,-14.80108,1.71742,-0.36705,0.07698,-0.02702,0.01001,-0.00182,3.46753,24.04753,-26.76849,3.65595,-0.7578,0.11496,0.03099,-0.02722,0.00613,0.30273,-44.71894,6.09496,-0.92291,0.19472,-0.02914,-0.00216,0.00347,-0.00084,,,,,,,,,,,,,,,,,,,,,,,High,High,High,High,High,,,
311,2025-09-12,21:32:43.15,2,1,"Roe, Nate",673225,Right,STA_YAN,"Mattis, Gary",669013,Right,HAG_FLY,Undefined,8,Bottom,0,0,0,Undefined,Changeup,StrikeCalled,Undefined,Undefined,Undefined,0,0,,85.10848,-0.966063,-4.969811,2271.282478,228.25025,1:30,5.38901,2.86671,5.4085,-22.59237,17.19434,17.71099,2.5977,-0.32532,77.09624,-5.203738,-1.835746,0.453984,,,,,,,,,,,,-10.32945,9.31749,-2.43616,50,5.28737,9.92599,-123.00937,-2.8015,-15.72838,25.81722,-17.98655,HAG_FLY,STA_YAN,HagerstownBallpark,Independent,ATL,20250912-HagerstownBallpark-1,868bd3b0-9041-11f0-8fb6-ad1606e43f24,83.02594,,,8.01223,,,,,,,914508f2-8afe-4bc3-bf51-c0b16b905d95,2025-09-13,01:32:43.15,2025-09-12T21:32:43.1570000-04:00,2025-09-13T01:32:43.1570000Z,,v3,6089,586,,"Melfi, David",1000079653,Right,STA_YAN,8e503792-9816-482f-a0a2-ceaa0c301798,55.08781,-124.0726,12.90861,5.38749,-2.06075,-8.99327,-2.85828,10.57373,-7.86419,,,,,,,,,,,,,,,,,,,,,,,,,,,,,,,,,,,,,,,,,,,,,,,,,,,High,High,High,,,,,
312,2025-09-12,21:33:00.98,2,2,"Roe, Nate",673225,Right,STA_YAN,"Mattis, Gary",669013,Right,HAG_FLY,Undefined,8,Bottom,0,0,1,Undefined,Changeup,StrikeCalled,Undefined,Undefined,Undefined,0,0,,85.26686,-0.66786,-5.371205,2249.046855,234.923143,1:45,5.41907,2.80891,5.59823,-26.48328,12.85871,16.39316,2.58584,-0.85425,77.39546,-5.601482,-2.462946,0.451439,,,,,,,,,,,,-9.85658,7.09607,-2.35839,50,5.34465,10.89403,-123.23516,-2.30928,-15.0798,25.66692,-21.31766,HAG_FLY,STA_YAN,HagerstownBallpark,Independent,ATL,20250912-HagerstownBallpark-1,914b71c0-9041-11f0-8fb6-ad1606e43f24,83.49389,,,7.87139,,,,,,,914508f2-8afe-4bc3-bf51-c0b16b905d95,2025-09-13,01:33:00.98,2025-09-12T21:33:00.9850000-04:00,2025-09-13T01:33:00.9850000Z,,v3,6089,586,,"Melfi, David",1000079653,Right,STA_YAN,bfa4c8b3-00c5-442d-805b-6670f6fdbff7,54.89889,-124.25129,12.83346,5.41936,-1.46533,-10.65883,-2.80149,11.49102,-7.5399,,,,,,,,,,,,,,,,,,,,,,,,,,,,,,,,,,,,,,,,,,,,,,,,,,,High,High,High,,,,,
313,2025-09-12,21:33:41.36,2,3,"Roe, Nate",673225,Right,STA_YAN,"Mattis, Gary",669013,Right,HAG_FLY,Undefined,8,Bottom,0,0,2,Undefined,Four-Seam,InPlay,Undefined,GroundBall,Out,2,0,,86.06158,-1.14429,-5.37573,2229.532457,221.152899,1:15,5.60973,2.52246,5.31468,-20.07387,19.25489,15.56611,2.85805,-1.24056,77.48154,-4.938908,-2.630002,0.451364,85.34136,1.620399,11.701009,1294.379195,,,,54.25224,54.13302,13.227273,0.44374,-9.50835,10.41627,-2.04588,50,5.49178,11.00613,-124.21108,-3.12013,-14.66876,27.78682,-16.10462,HAG_FLY,STA_YAN,HagerstownBallpark,Independent,ATL,20250912-HagerstownBallpark-1,a95db4d0-9041-11f0-8fb6-ad1606e43f24,83.5079,3.01849,,8.58005,,,,1.44414,2.88661,1.22868,914508f2-8afe-4bc3-bf51-c0b16b905d95,2025-09-13,01:33:41.36,2025-09-12T21:33:41.3630000-04:00,2025-09-13T01:33:41.3630000Z,GroundBall,v3,6089,586,,"Melfi, David",1000079653,Right,STA_YAN,b9470dec-c8c1-4909-8c82-4e7a201e08a3,55.18178,-125.36492,13.89341,5.60745,-2.45139,-8.05231,-2.51555,11.61524,-7.33438,337.456194,1.45021,122.3341,-14.86798,,,,,,,2.89771,3.20458,-21.99197,,,,,,,1.22734,25.41492,-0.45712,,,,,,,,,,,,,,,,,,,,,,,,,,,,,High,High,High,High,High,,,
314,2025-09-12,21:34:16.67,3,1,"Roe, Nate",673225,Right,STA_YAN,"Cannon, Bryce",1000048596,Left,HAG_FLY,Undefined,8,Bottom,2,0,0,Undefined,Changeup,BallCalled,Undefined,Undefined,Undefined,0,0,,84.99941,-1.600443,-6.360744,2270.460355,235.694297,1:45,5.37683,2.74306,5.45267,-26.39891,13.61516,17.89257,1.66903,-1.74498,77.0867,-6.502805,-3.203224,0.455279,,,,,,,,,,,,-10.87863,7.73359,-2.1925,50,5.21696,12.89654,-122.55485,-4.32087,-16.44481,25.59423,-20.48349,HAG_FLY,STA_YAN,HagerstownBallpark,Independent,ATL,20250912-HagerstownBallpark-1,be67c0f0-9041-11f0-8fb6-ad1606e43f24,82.78972,,,7.91271,,,,,,,914508f2-8afe-4bc3-bf51-c0b16b905d95,2025-09-13,01:34:16.67,2025-09-12T21:34:16.6700000-04:00,2025-09-13T01:34:16.6700000Z,,v3,6089,586,,"Melfi, David",1000079653,Right,STA_YAN,a5ce2850-b32f-4c59-b71b-227c97ecccc2,55.04453,-123.60385,12.79711,5.37684,-3.48133,-10.24175,-2.7349,13.57055,-8.22241,,,,,,,,,,,,,,,,,,,,,,,,,,,,,,,,,,,,,,,,,,,,,,,,,,,High,High,High,,,,,
315,2025-09-12,21:34:32.64,3,2,"Roe, Nate",673225,Right,STA_YAN,"Cannon, Bryce",1000048596,Left,HAG_FLY,Undefined,8,Bottom,2,1,0,Undefined,Changeup,BallCalled,Undefined,Undefined,Undefined,0,0,,84.6943,-0.198318,-5.895894,2194.362634,238.696183,2:00,5.42949,2.66941,5.55228,-28.27588,11.61371,16.90993,2.88687,-1.45005,77.04601,-5.441536,-2.903183,0.454571,,,,,,,,,,,,-10.16355,6.31882,-2.16918,50,5.39377,11.91341,-122.33071,-1.36691,-15.37587,24.50282,-22.61466,HAG_FLY,STA_YAN,HagerstownBallpark,Independent,ATL,20250912-HagerstownBallpark-1,c7ca8e20-9041-11f0-8fb6-ad1606e43f24,82.91878,,,7.64829,,,,,,,914508f2-8afe-4bc3-bf51-c0b16b905d95,2025-09-13,01:34:32.64,2025-09-12T21:34:32.6420000-04:00,2025-09-13T01:34:32.6420000Z,,v3,6089,586,,"Melfi, David",1000079653,Right,STA_YAN,77d3174a-50e5-4c6c-b36a-d19b85d45ff7,54.94473,-123.31716,12.25141,5.43047,-0.45647,-11.30733,-2.66126,12.53242,-7.68794,,,,,,,,,,,,,,,,,,,,,,,,,,,,,,,,,,,,,,,,,,,,,,,,,,,High,High,High,,,,,
316,2025-09-12,21:34:50.54,3,3,"Roe, Nate",673225,Right,STA_YAN,"Cannon, Bryce",1000048596,Left,HAG_FLY,Undefined,8,Bottom,2,2,0,Undefined,Changeup,BallCalled,Undefined,Undefined,Undefined,0,0,,84.01284,0.387415,-2.637176,2243.987235,236.556462,2:00,5.41626,2.48057,5.55981,-28.52498,11.7502,15.77839,3.40152,1.32988,76.42567,-4.91937,0.174496,0.456762,,,,,,,,,,,,-8.69567,6.22492,-2.26325,50,5.43118,4.94544,-121.82881,-0.11679,-13.01814,24.80391,-22.85478,HAG_FLY,STA_YAN,HagerstownBallpark,Independent,ATL,20250912-HagerstownBallpark-1,d278c710-9041-11f0-8fb6-ad1606e43f24,82.52095,,,7.58716,,,,,,,914508f2-8afe-4bc3-bf51-c0b16b905d95,2025-09-13,01:34:50.54,2025-09-12T21:34:50.5460000-04:00,2025-09-13T01:34:50.5460000Z,,v3,6089,586,,"Melfi, David",1000079653,Right,STA_YAN,998a4188-75a1-40d8-a1e3-0b7c16f0300d,54.93672,-122.82979,12.40196,5.41729,0.80553,-11.42739,-2.47343,5.4708,-6.50907,,,,,,,,,,,,,,,,,,,,,,,,,,,,,,,,,,,,,,,,,,,,,,,,,,,High,High,High,,,,,
317,2025-09-12,21:35:06.23,3,4,"Roe, Nate",673225,Right,STA_YAN,"Cannon, Bryce",1000048596,Left,HAG_FLY,Undefined,8,Bottom,2,3,0,Undefined,Changeup,StrikeCalled,Undefined,Undefined,Undefined,0,0,,84.61839,-0.717122,-3.556638,2225.402945,231.359446,1:45,5.3824,2.68306,5.38016,-25.13056,14.85115,16.92178,2.61463,0.75493,77.08093,-5.393846,-0.554631,0.455095,,,,,,,,,,,,-9.48091,8.04953,-2.37678,50,5.30071,6.88988,-122.58538,-2.36981,-14.39578,24.71691,-19.95164,HAG_FLY,STA_YAN,HagerstownBallpark,Independent,ATL,20250912-HagerstownBallpark-1,dbf2ecd0-9041-11f0-8fb6-ad1606e43f24,82.82324,,,7.53746,,,,,,,914508f2-8afe-4bc3-bf51-c0b16b905d95,2025-09-13,01:35:06.23,2025-09-12T21:35:06.2320000-04:00,2025-09-13T01:35:06.2320000Z,,v3,6089,586,,"Melfi, David",1000079653,Right,STA_YAN,284c9c81-9c33-42cf-bd9d-bcf2dab6e714,55.11686,-123.61279,12.35846,5.38198,-1.54048,-9.97582,-2.6756,7.48827,-7.19789,,,,,,,,,,,,,,,,,,,,,,,,,,,,,,,,,,,,,,,,,,,,,,,,,,,High,High,High,,,,,
318,2025-09-12,21:35:23.17,3,5,"Roe, Nate",673225,Right,STA_YAN,"Cannon, Bryce",1000048596,Left,HAG_FLY,Undefined,8,Bottom,2,3,1,Undefined,Changeup,FoulBallNotFieldable,Undefined,Undefined,Undefined,0,0,,85.39169,0.077577,-4.279479,2175.494421,227.432718,1:30,5.41284,2.60752,5.72728,-22.81497,16.0054,16.0265,3.58404,-0.05002,77.60785,-4.216322,-1.42308,0.448437,,,,,,,,,,,,-9.4004,8.49815,-2.26011,50,5.40545,8.59508,-123.68141,-0.53438,-14.51446,25.40636,-19.05271,HAG_FLY,STA_YAN,HagerstownBallpark,Independent,ATL,20250912-HagerstownBallpark-1,e6055af0-9041-11f0-8fb6-ad1606e43f24,84.05296,,,7.78384,,,,,,,914508f2-8afe-4bc3-bf51-c0b16b905d95,2025-09-13,01:35:23.17,2025-09-12T21:35:23.1780000-04:00,2025-09-13T01:35:23.1780000Z,,v3,6089,586,,"Melfi, David",1000079653,Right,STA_YAN,791260e4-28a7-4ffa-9ad6-77dec2872bc0,54.7706,-124.65752,12.70318,5.41192,0.19762,-9.52636,-2.60105,9.15272,-7.25723,,,,,,,,,,,,,,,,,,,,,,,,,,,,,,,,,,,,,,,,,,,,,,,,,,,High,High,High,,,,,
319,2025-09-12,21:35:50.92,3,6,"Roe, Nate",673225,Right,STA_YAN,"Cannon, Bryce",1000048596,Left,HAG_FLY,Undefined,8,Bottom,2,3,2,Undefined,Four-Seam,StrikeCalled,Strikeout,Undefined,Undefined,0,0,,86.03828,-1.6115,-4.987097,2330.630523,224.775446,1:30,5.38808,2.54586,5.28314,-21.28044,17.88729,16.37843,2.09521,-0.78448,77.92081,-5.601782,-2.095814,0.450439,,,,,,,,,,,,-9.66217,9.8204,-2.10261,50,5.22556,10.11933,-124.2847,-4.19931,-15.00788,26.52626,-16.92041,HAG_FLY,STA_YAN,HagerstownBallpark,Independent,ATL,20250912-HagerstownBallpark-1,f6937be0-9041-11f0-8fb6-ad1606e43f24,83.67942,,,8.11746,,,,,,,914508f2-8afe-4bc3-bf51-c0b16b905d95,2025-09-13,01:35:50.92,2025-09-12T21:35:50.9280000-04:00,2025-09-13T01:35:50.9280000Z,,v3,6089,586,,"Melfi, David",1000079653,Right,STA_YAN,f0eaa939-bdcc-416c-8ee0-6dce664cdb33,55.21326,-125.39244,13.26313,5.38617,-3.49272,-8.46021,-2.53828,10.74606,-7.50394,,,,,,,,,,,,,,,,,,,,,,,,,,,,,,,,,,,,,,,,,,,,,,,,,,,High,High,High,,,,,
320,2025-09-12,21:38:03.30,1,1,"Simone, Andrew",1000132681,Right,HAG_FLY,"Osuna, Alberto",700647,Right,STA_YAN,Undefined,9,Top,0,0,0,Undefined,Four-Seam,InPlay,Undefined,FlyBall,Out,1,0,,89.65094,-1.617756,-0.908491,1782.396462,206.178075,12:45,5.54505,0.56687,5.58163,-18.27147,17.10273,7.82063,2.51105,0.3701,81.47677,-5.069603,0.487317,0.42807,96.47273,57.082518,18.592121,,96.32311,159.5282,53.12102,209.34917,94.53036,34.575024,6.389036,-4.25784,9.50776,-0.49415,50,5.3944,1.72251,-130.06653,-4.25637,-7.24485,28.99424,-15.9963,HAG_FLY,STA_YAN,HagerstownBallpark,Independent,ATL,20250912-HagerstownBallpark-1,457174b0-9042-11f0-8fb6-ad1606e43f24,88.05208,164.45213,,8.17417,,,,1.68228,2.62876,-0.48355,914508f2-8afe-4bc3-bf51-c0b16b905d95,2025-09-13,01:38:03.30,2025-09-12T21:38:03.3070000-04:00,2025-09-13T01:38:03.3070000Z,FlyBall,v3,6089,586,,"Black, Mark",691773,Right,HAG_FLY,1f40b853-ef3d-442c-b81b-e7286caaf8df,54.91599,-131.15782,14.49712,5.54327,-3.6543,-7.99815,-0.56412,1.99519,-3.62243,,1.692,72.69403,-25.85834,7.31499,-1.17678,0.03162,0.02551,-0.00425,0.00021,2.59919,119.21448,-28.56303,4.16233,-1.19865,0.29512,-0.04457,0.00336,-9E-05,-0.47583,24.40281,-0.40221,-0.87275,0.45455,-0.12255,0.01847,-0.00144,5E-05,,,,,,,,,,,,,,,,,,,,,,,High,High,High,High,Low,,,
321,2025-09-12,21:38:41.45,2,1,"Simone, Andrew",1000132681,Right,HAG_FLY,"Maggi, Drew",543482,Right,STA_YAN,Undefined,9,Top,1,0,0,Undefined,Four-Seam,StrikeCalled,Undefined,Undefined,Undefined,0,0,,91.06965,-1.186316,-1.963433,2067.883221,205.784467,12:45,5.60955,0.45127,5.63348,-17.31032,16.96241,7.62973,3.05941,-0.74548,82.57851,-4.471161,-0.601489,0.421353,,,,,,,,,,,,-4.43984,9.28666,-0.28916,50,5.49777,4.18197,-132.05246,-3.27854,-7.78327,30.01072,-15.89409,HAG_FLY,STA_YAN,HagerstownBallpark,Independent,ATL,20250912-HagerstownBallpark-1,5c1b9c40-9042-11f0-8fb6-ad1606e43f24,89.45582,,,8.49114,,,,,,,914508f2-8afe-4bc3-bf51-c0b16b905d95,2025-09-13,01:38:41.45,2025-09-12T21:38:41.4580000-04:00,2025-09-13T01:38:41.4580000Z,,v3,6089,586,,"Black, Mark",691773,Right,HAG_FLY,1b0e13be-d1d2-4658-b732-536b232e9a88,54.86213,-133.15286,15.00536,5.6073,-2.69575,-7.94705,-0.44773,4.46735,-3.89163,,,,,,,,,,,,,,,,,,,,,,,,,,,,,,,,,,,,,,,,,,,,,,,,,,,High,High,High,,,,,
322,2025-09-12,21:38:58.61,2,2,"Simone, Andrew",1000132681,Right,HAG_FLY,"Maggi, Drew",543482,Right,STA_YAN,Undefined,9,Top,1,0,1,Undefined,Changeup,FoulBallNotFieldable,Undefined,Undefined,Undefined,0,0,,83.09495,-1.047074,-1.445247,1804.40603,262.13999,2:45,5.47121,0.57671,5.41147,-38.05742,3.49213,15.02316,1.31839,0.47437,75.72264,-8.015227,1.231854,0.463932,,,,,,,,,,,,-8.05099,2.45973,-0.45922,50,5.35152,2.42189,-120.52639,-3.53892,-11.72577,25.58565,-28.59162,HAG_FLY,STA_YAN,HagerstownBallpark,Independent,ATL,20250912-HagerstownBallpark-1,666ebce0-9042-11f0-8fb6-ad1606e43f24,81.24555,,,7.37231,,,,,,,914508f2-8afe-4bc3-bf51-c0b16b905d95,2025-09-13,01:38:58.61,2025-09-12T21:38:58.6140000-04:00,2025-09-13T01:38:58.6140000Z,,v3,6089,586,,"Black, Mark",691773,Right,HAG_FLY,8aeb180e-e770-49cc-8ea5-1e26879dce5e,55.0871,-121.6015,12.79283,5.47498,-2.3375,-14.29581,-0.57134,2.91461,-5.86288,,,,,,,,,,,,,,,,,,,,,,,,,,,,,,,,,,,,,,,,,,,,,,,,,,,High,High,High,,,,,
323,2025-09-12,21:39:21.22,2,3,"Simone, Andrew",1000132681,Right,HAG_FLY,"Maggi, Drew",543482,Right,STA_YAN,Undefined,9,Top,1,0,2,Undefined,Four-Seam,StrikeSwinging,Strikeout,Undefined,Undefined,0,0,,91.94183,-1.349804,-1.776738,2122.297555,216.920407,1:15,5.62766,0.25989,5.68966,-17.19867,16.55552,11.52607,2.93559,-0.43605,82.88485,-4.626675,0.283596,0.418153,,,,,,,,,,,,-6.3778,9.17004,-0.11765,50,5.50362,3.60406,-133.2492,-3.6747,-11.31153,32.24836,-15.91022,HAG_FLY,STA_YAN,HagerstownBallpark,Independent,ATL,20250912-HagerstownBallpark-1,73cab0b0-9042-11f0-8fb6-ad1606e43f24,90.14031,,,9.05698,,,,,,,914508f2-8afe-4bc3-bf51-c0b16b905d95,2025-09-13,01:39:21.22,2025-09-12T21:39:21.2270000-04:00,2025-09-13T01:39:21.2270000Z,,v3,6089,586,,"Black, Mark",691773,Right,HAG_FLY,fb86bd2a-fde9-48d5-b301-ff4af8ef1c73,54.80498,-134.40704,16.12418,5.6253,-3.10346,-7.95511,-0.25434,4.01019,-5.65577,,,,,,,,,,,,,,,,,,,,,,,,,,,,,70.4651,2.881649,1.885286,0.996362,-1.27447,2.71311,0.4203,0.06418,5.97258,2.7874,74.02149,10.57933,-50.95847,0.13307,79.35181,-5.17917,6.04401,18.8296,-14.29305,2.65649,-60.96664,7.11918,High,High,High,,,High,High,High
324,2025-09-12,21:39:53.99,3,1,"Simone, Andrew",1000132681,Right,HAG_FLY,"Rodriguez, Cristhian",682725,Left,STA_YAN,Undefined,9,Top,2,0,0,Undefined,Sinker,BallCalled,Undefined,Undefined,Undefined,0,0,,92.13612,0.213681,-0.050197,1969.413398,224.66619,1:30,5.50511,0.52171,5.11828,-19.73277,14.65572,13.25646,4.06199,1.57913,82.81598,-3.490825,2.294766,0.422063,,,,,,,,,,,,-6.55087,7.55906,-0.52759,50,5.51053,-0.5371,-133.45522,-0.20945,-11.63119,32.87446,-18.75281,HAG_FLY,STA_YAN,HagerstownBallpark,Independent,ATL,20250912-HagerstownBallpark-1,87537400-9042-11f0-8fb6-ad1606e43f24,89.30514,,,9.32013,,,,,,,914508f2-8afe-4bc3-bf51-c0b16b905d95,2025-09-13,01:39:53.99,2025-09-12T21:39:53.9940000-04:00,2025-09-13T01:39:53.9940000Z,,v3,6089,586,,"Black, Mark",691773,Right,HAG_FLY,a4115bbe-2408-4621-bfbb-300d57a0e1c7,55.37546,-134.77287,16.43723,5.50387,0.54219,-9.3764,-0.5154,-0.07091,-5.8156,,,,,,,,,,,,,,,,,,,,,,,,,,,,,,,,,,,,,,,,,,,,,,,,,,,High,High,High,,,,,
325,2025-09-12,21:40:10.29,3,2,"Simone, Andrew",1000132681,Right,HAG_FLY,"Rodriguez, Cristhian",682725,Left,STA_YAN,Undefined,9,Top,2,1,0,Undefined,Changeup,BallCalled,Undefined,Undefined,Undefined,0,0,,85.37145,-2.163525,-2.70005,1757.639683,232.589217,1:45,5.43475,0.6327,5.44511,-26.25379,13.17721,15.41654,1.21809,-0.61242,77.51098,-7.038295,0.043352,0.45195,,,,,,,,,,,,-8.58595,7.69989,-0.40503,50,5.22562,5.16862,-123.62744,-5.55582,-13.16275,26.81431,-20.36971,HAG_FLY,STA_YAN,HagerstownBallpark,Independent,ATL,20250912-HagerstownBallpark-1,91224970-9042-11f0-8fb6-ad1606e43f24,83.39961,,,7.86047,,,,,,,914508f2-8afe-4bc3-bf51-c0b16b905d95,2025-09-13,01:40:10.29,2025-09-12T21:40:10.2960000-04:00,2025-09-13T01:40:10.2960000Z,,v3,6089,586,,"Black, Mark",691773,Right,HAG_FLY,5fd1428c-5e2f-428d-9da0-8110157b978b,55.05154,-124.71828,13.40716,5.43478,-4.72715,-10.18486,-0.62619,5.7041,-6.58137,,,,,,,,,,,,,,,,,,,,,,,,,,,,,,,,,,,,,,,,,,,,,,,,,,,High,High,High,,,,,
326,2025-09-12,21:40:29.67,3,3,"Simone, Andrew",1000132681,Right,HAG_FLY,"Rodriguez, Cristhian",682725,Left,STA_YAN,Undefined,9,Top,2,2,0,Undefined,Four-Seam,StrikeSwinging,Undefined,Undefined,Undefined,0,0,,90.08707,-0.275332,-1.29217,2058.720264,205.788496,12:45,5.40779,0.36687,5.61055,-16.50741,18.62686,8.40863,3.77511,-0.1387,81.35854,-3.433039,0.208603,0.426616,,,,,,,,,,,,-4.63366,9.85449,-0.26191,50,5.3739,2.56676,-130.63965,-1.11924,-7.92353,30.22571,-15.32297,HAG_FLY,STA_YAN,HagerstownBallpark,Independent,ATL,20250912-HagerstownBallpark-1,9c955900-9042-11f0-8fb6-ad1606e43f24,88.35219,,,8.72853,,,,,,,914508f2-8afe-4bc3-bf51-c0b16b905d95,2025-09-13,01:40:29.67,2025-09-12T21:40:29.6750000-04:00,2025-09-13T01:40:29.6750000Z,,v3,6089,586,,"Black, Mark",691773,Right,HAG_FLY,bd590f01-5d5b-4c30-ae26-7280e06c0bde,54.88426,-131.76486,15.11285,5.40495,-0.54881,-7.66148,-0.36296,2.86172,-3.96176,,,,,,,,,,,,,,,,,,,,,,,,,,,,,,,,,,,,,,,,,,,,,,,,,,,High,High,High,,,,,
327,2025-09-12,21:40:48.23,3,4,"Simone, Andrew",1000132681,Right,HAG_FLY,"Rodriguez, Cristhian",682725,Left,STA_YAN,Undefined,9,Top,2,2,1,Undefined,Four-Seam,FoulBallNotFieldable,Undefined,Undefined,Undefined,0,0,,92.56541,-1.154717,-1.901078,1992.112082,215.103585,1:15,5.40663,0.59451,5.73706,-18.14655,15.06284,9.75595,2.81844,-0.36337,83.52605,-4.599002,-0.155842,0.414765,,,,,,,,,,,,-5.57583,8.37591,-0.44236,50,5.29961,4.01628,-134.20095,-3.29036,-10.03387,32.6325,-17.10133,HAG_FLY,STA_YAN,HagerstownBallpark,Independent,ATL,20250912-HagerstownBallpark-1,a7c51e00-9042-11f0-8fb6-ad1606e43f24,90.87666,,,9.03936,,,,,,,914508f2-8afe-4bc3-bf51-c0b16b905d95,2025-09-13,01:40:48.23,2025-09-12T21:40:48.2330000-04:00,2025-09-13T01:40:48.2330000Z,,v3,6089,586,,"Black, Mark",691773,Right,HAG_FLY,0f2613fb-60aa-47c3-968b-89cbd2f19c25,54.75921,-135.35325,16.31625,5.40513,-2.68649,-8.55066,-0.59044,4.37059,-5.01693,,,,,,,,,,,,,,,,,,,,,,,,,,,,,,,,,,,,,,,,,,,,,,,,,,,High,High,High,,,,,
328,2025-09-12,21:41:09.63,3,5,"Simone, Andrew",1000132681,Right,HAG_FLY,"Rodriguez, Cristhian",682725,Left,STA_YAN,Undefined,9,Top,2,2,2,Undefined,Sinker,FoulBallNotFieldable,Undefined,Undefined,Undefined,0,0,,92.69364,0.032659,-1.241872,2039.419214,228.748648,1:30,5.45867,0.50263,5.29894,-20.33434,13.25158,13.77627,3.79481,0.48459,83.70694,-3.776519,1.203361,0.41711,,,,,,,,,,,,-7.30248,6.96374,-0.40031,50,5.44732,2.2625,-134.39066,-0.65616,-13.20435,32.19479,-19.58227,HAG_FLY,STA_YAN,HagerstownBallpark,Independent,ATL,20250912-HagerstownBallpark-1,b4810140-9042-11f0-8fb6-ad1606e43f24,90.36581,,,8.9867,,,,,,,914508f2-8afe-4bc3-bf51-c0b16b905d95,2025-09-13,01:41:09.63,2025-09-12T21:41:09.6330000-04:00,2025-09-13T01:41:09.6330000Z,,v3,6089,586,,"Black, Mark",691773,Right,HAG_FLY,1ccb1efe-744b-4d55-b091-3f81a9ef93f6,55.19785,-135.63015,16.09739,5.45806,0.09775,-9.79114,-0.4972,2.77086,-6.60218,,,,,,,,,,,,,,,,,,,,,,,,,,,,,,,,,,,,,,,,,,,,,,,,,,,High,High,High,,,,,
329,2025-09-12,21:41:32.65,3,6,"Simone, Andrew",1000132681,Right,HAG_FLY,"Rodriguez, Cristhian",682725,Left,STA_YAN,Undefined,9,Top,2,2,2,Undefined,Four-Seam,StrikeSwinging,Strikeout,Undefined,Undefined,0,0,,93.02199,-1.364751,-1.221031,2022.045079,219.086038,1:15,5.47184,0.43604,5.56155,-17.42694,15.49387,11.67528,2.74407,0.26808,84.37948,-4.656891,0.861803,0.412959,,,,,,,,,,,,-6.23721,8.56016,-0.33841,50,5.34281,2.32973,-134.91402,-3.79112,-11.41279,31.33421,-16.51073,HAG_FLY,STA_YAN,HagerstownBallpark,Independent,ATL,20250912-HagerstownBallpark-1,c23d6490-9042-11f0-8fb6-ad1606e43f24,91.27412,,,8.64251,,,,,,,914508f2-8afe-4bc3-bf51-c0b16b905d95,2025-09-13,01:41:32.65,2025-09-12T21:41:32.6540000-04:00,2025-09-13T01:41:32.6540000Z,,v3,6089,586,,"Black, Mark",691773,Right,HAG_FLY,bfb073d1-ad56-4337-9c6d-315da5d35b35,54.9342,-136.05518,15.66711,5.46993,-3.18981,-8.25536,-0.43082,2.74537,-5.7064,,,,,,,,,,,,,,,,,,,,,,,,,,,,,66.63534,2.750514,1.759181,0.991333,-0.99265,2.54408,-0.3063,-4.34305,5.13103,6.73224,62.69175,7.16912,62.26169,-4.23152,75.45103,-7.96256,5.19027,16.26586,-14.36582,6.73936,58.12133,-2.12872,High,High,High,,,High,High,High
330,2025-09-12,21:44:12.12,1,1,"Roe, Nate",673225,Right,STA_YAN,"Abreu, Osvaldo",622435,Right,HAG_FLY,Undefined,9,Bottom,0,0,0,Undefined,Changeup,BallCalled,Undefined,Undefined,Undefined,0,0,,83.56835,-2.408269,-4.526793,2169.520838,235.149632,1:45,5.48439,2.51245,5.39178,-27.82789,13.63387,17.42674,0.89998,-0.28666,75.73103,-7.56665,-1.437638,0.463442,,,,,,,,,,,,-10.20146,8.02662,-2.12049,50,5.24947,8.83077,-120.74125,-6.01409,-14.8943,25.91771,-20.45504,HAG_FLY,STA_YAN,HagerstownBallpark,Independent,ATL,20250912-HagerstownBallpark-1,2149f930-9043-11f0-8fb6-ad1606e43f24,81.33155,,,7.83732,,,,,,,914508f2-8afe-4bc3-bf51-c0b16b905d95,2025-09-13,01:44:12.12,2025-09-12T21:44:12.1290000-04:00,2025-09-13T01:44:12.1290000Z,,v3,6089,586,,"Melfi, David",1000079653,Right,STA_YAN,a4ae84bb-0b48-4a96-b449-7a2ef233dbef,55.10567,-121.83228,12.95886,5.48451,-5.15302,-10.22752,-2.50542,9.45776,-7.44715,,,,,,,,,,,,,,,,,,,,,,,,,,,,,,,,,,,,,,,,,,,,,,,,,,,High,High,High,,,,,
331,2025-09-12,21:44:26.77,1,2,"Roe, Nate",673225,Right,STA_YAN,"Abreu, Osvaldo",622435,Right,HAG_FLY,Undefined,9,Bottom,0,1,0,Undefined,Curveball,BallCalled,Undefined,Undefined,Undefined,0,0,,65.12934,3.88731,0.478795,2394.829326,61.174903,8:00,5.36292,2.58498,5.98752,-75.95701,-8.74056,-20.42186,2.64158,1.32691,58.87244,-10.131877,-3.195146,0.590077,,,,,,,,,,,,10.53351,-4.97122,-2.61203,50,5.62941,-0.13477,-94.33329,4.39143,9.26044,17.60796,-36.54447,HAG_FLY,STA_YAN,HagerstownBallpark,Independent,ATL,20250912-HagerstownBallpark-1,2a0a44d0-9043-11f0-8fb6-ad1606e43f24,63.87711,,,6.2569,,,,,,,914508f2-8afe-4bc3-bf51-c0b16b905d95,2025-09-13,01:44:26.77,2025-09-12T21:44:26.7730000-04:00,2025-09-13T01:44:26.7730000Z,,v3,6089,586,,"Melfi, David",1000079653,Right,STA_YAN,504424db-9e04-4a06-8947-d8cd851ce378,54.51238,-95.17183,8.80398,5.37884,6.13178,-18.27223,-2.59511,-0.57578,4.63022,,,,,,,,,,,,,,,,,,,,,,,,,,,,,,,,,,,,,,,,,,,,,,,,,,,High,High,High,,,,,
332,2025-09-12,21:44:44.05,1,3,"Roe, Nate",673225,Right,STA_YAN,"Abreu, Osvaldo",622435,Right,HAG_FLY,Undefined,9,Bottom,0,2,0,Undefined,Changeup,InPlay,Undefined,FlyBall,Out,1,0,,83.73372,-1.709665,-4.541132,2187.986139,234.128394,1:45,5.46562,2.50911,5.56247,-25.8319,15.13942,18.90159,1.71026,-0.16706,75.78999,-6.539264,-1.181048,0.460693,94.6779,44.046674,-5.660872,3499.812786,109.93787,98.68637,-3.69066,308.76428,300.4066,2.144366,6.009067,-10.99524,8.60579,-2.1295,50,5.30096,8.8377,-121.07493,-4.44283,-16.14949,25.96084,-19.5341,HAG_FLY,STA_YAN,HagerstownBallpark,Independent,ATL,20250912-HagerstownBallpark-1,345416a0-9043-11f0-8fb6-ad1606e43f24,81.81687,128.69257,,7.94373,,,,1.93922,1.97185,0.30541,914508f2-8afe-4bc3-bf51-c0b16b905d95,2025-09-13,01:44:44.05,2025-09-12T21:44:44.0590000-04:00,2025-09-13T01:44:44.0590000Z,FlyBall,v3,6089,586,,"Melfi, David",1000079653,Right,STA_YAN,642b79ef-222a-4def-af0d-dca5987b5455,54.93511,-122.12854,12.98042,5.46518,-3.65005,-9.76705,-2.50148,9.49312,-8.07474,,1.95035,99.11417,-21.20381,4.31674,-0.32338,-0.11641,0.03927,-0.00464,0.0002,1.9619,96.6978,-22.479,2.44858,-0.56557,0.09431,-0.00513,-0.00058,6E-05,0.29873,-9.72343,7.1374,-1.92779,0.21378,0.0346,-0.0151,0.00187,-8E-05,,,,,,,,,,,,,,,,,,,,,,,High,High,High,High,Medium,,,
333,2025-09-12,21:45:21.95,2,1,"Roe, Nate",673225,Right,STA_YAN,"Black, Mark",691773,Right,HAG_FLY,Undefined,9,Bottom,1,0,0,Undefined,Curveball,BallCalled,Undefined,Undefined,Undefined,0,0,,66.4595,5.073091,-2.592172,2473.734938,58.097203,8:00,5.4157,2.49664,5.65262,-76.03709,-9.97918,-20.0608,3.82792,-1.59431,59.63982,-8.87656,-6.159169,0.58497,,,,,,,,,,,,9.08851,-6.00705,-2.26441,50,5.8,5.0272,-95.8934,6.35278,8.21752,18.83067,-37.60542,HAG_FLY,STA_YAN,HagerstownBallpark,Independent,ATL,20250912-HagerstownBallpark-1,4ae5ad20-9043-11f0-8fb6-ad1606e43f24,64.4348,,,6.81968,,,,,,,914508f2-8afe-4bc3-bf51-c0b16b905d95,2025-09-13,01:45:21.95,2025-09-12T21:45:21.9530000-04:00,2025-09-13T01:45:21.9530000Z,,v3,6089,586,,"Melfi, David",1000079653,Right,STA_YAN,21636425-8b86-4c87-ae53-4462526d8fb3,54.84619,-96.84038,9.41533,5.43297,8.24392,-18.80271,-2.50683,4.61395,4.10876,,,,,,,,,,,,,,,,,,,,,,,,,,,,,,,,,,,,,,,,,,,,,,,,,,,High,High,High,,,,,
334,2025-09-12,21:45:38.96,2,2,"Roe, Nate",673225,Right,STA_YAN,"Black, Mark",691773,Right,HAG_FLY,Undefined,9,Bottom,1,1,0,Undefined,Changeup,BallCalled,Undefined,Undefined,Undefined,0,0,,84.11723,-2.005357,-5.577558,2137.860894,240.508152,2:00,5.43924,2.48323,5.42473,-29.6771,11.0089,17.02111,1.07819,-1.33896,76.70426,-7.472706,-2.566629,0.459086,,,,,,,,,,,,-10.12882,6.52697,-1.99915,50,5.24013,11.13629,-121.45865,-5.28331,-15.08686,24.43099,-22.45214,HAG_FLY,STA_YAN,HagerstownBallpark,Independent,ATL,20250912-HagerstownBallpark-1,54f6e2c0-9043-11f0-8fb6-ad1606e43f24,82.10325,,,7.41298,,,,,,,914508f2-8afe-4bc3-bf51-c0b16b905d95,2025-09-13,01:45:38.96,2025-09-12T21:45:38.9680000-04:00,2025-09-13T01:45:38.9680000Z,,v3,6089,586,,"Melfi, David",1000079653,Right,STA_YAN,dc56fedf-b991-40a8-bc69-7e0b49cb4c56,55.07247,-122.47471,12.21549,5.44044,-4.34955,-11.22607,-2.47535,11.76373,-7.54343,,,,,,,,,,,,,,,,,,,,,,,,,,,,,,,,,,,,,,,,,,,,,,,,,,,High,High,High,,,,,
335,2025-09-12,21:45:55.39,2,3,"Roe, Nate",673225,Right,STA_YAN,"Black, Mark",691773,Right,HAG_FLY,Undefined,9,Bottom,1,2,0,Undefined,Changeup,FoulBallNotFieldable,Undefined,Undefined,Undefined,0,0,,84.05093,-1.588072,-4.802636,2143.056964,231.636694,1:45,5.48094,2.56115,5.50439,-25.65568,15.04355,17.19107,1.85214,-0.50838,76.19733,-6.375228,-1.752509,0.45916,66.63595,58.275173,42.721014,4727.605278,61.32434,79.65616,91.31989,158.32634,142.0484,57.545459,4.717795,-10.14989,8.48473,-2.15304,50,5.32487,9.49232,-121.50175,-4.20447,-15.04754,25.64151,-19.59517,HAG_FLY,STA_YAN,HagerstownBallpark,Independent,ATL,20250912-HagerstownBallpark-1,5edd37d0-9043-11f0-8fb6-ad1606e43f24,82.0899,88.64735,,7.8536,,,,1.02354,1.94787,0.65192,914508f2-8afe-4bc3-bf51-c0b16b905d95,2025-09-13,01:45:55.39,2025-09-12T21:45:55.3980000-04:00,2025-09-13T01:45:55.3980000Z,Popup,v3,6089,586,,"Melfi, David",1000079653,Right,STA_YAN,4fdc0f01-7140-4fc9-a88e-8a8f1b827a1f,54.99306,-122.55094,12.82076,5.48051,-3.40267,-9.79759,-2.55405,10.10804,-7.52377,,1.03067,37.54743,-11.32494,1.54949,1.4505,-1.08232,0.32688,-0.0468,0.0026,1.9375,83.34509,-24.25874,3.52245,-1.297,0.37018,-0.05398,0.0024,9E-05,0.6469,34.97963,-2.34854,0.82251,-0.68636,0.3483,-0.09327,0.01254,-0.00067,,,,,,,,,,,,,,,,,,,,,,,High,High,High,High,Low,,,
336,2025-09-12,21:46:50.98,2,4,"Roe, Nate",673225,Right,STA_YAN,"Black, Mark",691773,Right,HAG_FLY,Undefined,9,Bottom,1,2,1,Undefined,Curveball,BallCalled,Undefined,Undefined,Undefined,0,0,,66.69693,3.439248,-4.156124,2463.815606,56.618055,8:00,5.27695,2.57091,5.46651,-77.24693,-11.40816,-20.94781,2.07083,-3.07125,60.51302,-10.591523,-7.862329,0.583999,,,,,,,,,,,,8.98386,-6.1674,-2.19033,50,5.52875,7.71516,-96.29889,3.54303,8.20823,18.71877,-37.80899,HAG_FLY,STA_YAN,HagerstownBallpark,Independent,ATL,20250912-HagerstownBallpark-1,7ffc5fe0-9043-11f0-8fb6-ad1606e43f24,64.54193,,,6.18391,,,,,,,914508f2-8afe-4bc3-bf51-c0b16b905d95,2025-09-13,01:46:50.98,2025-09-12T21:46:50.9860000-04:00,2025-09-13T01:46:50.9860000Z,,v3,6089,586,,"Melfi, David",1000079653,Right,STA_YAN,b69f810b-6092-4274-a910-0e65e92d11cd,55.03399,-97.27248,9.35939,5.29333,5.50954,-18.9045,-2.58051,7.28824,4.10411,,,,,,,,,,,,,,,,,,,,,,,,,,,,,,,,,,,,,,,,,,,,,,,,,,,High,High,High,,,,,
337,2025-09-12,21:47:12.24,2,5,"Roe, Nate",673225,Right,STA_YAN,"Black, Mark",691773,Right,HAG_FLY,Undefined,9,Bottom,1,3,1,Undefined,Changeup,BallCalled,Walk,Undefined,Undefined,0,0,,84.47314,1.124445,-3.259043,2127.157522,239.039013,2:00,5.41965,2.4572,5.53157,-29.50214,10.41627,15.17583,4.01406,0.67216,76.76697,-4.353396,-0.559371,0.454735,,,,,,,,,,,,-8.55119,5.32961,-2.18417,50,5.49803,6.32227,-122.40683,1.41288,-12.93133,24.90609,-24.11449,HAG_FLY,STA_YAN,HagerstownBallpark,Independent,ATL,20250912-HagerstownBallpark-1,8c9307e0-9043-11f0-8fb6-ad1606e43f24,82.88886,,,7.70617,,,,,,,914508f2-8afe-4bc3-bf51-c0b16b905d95,2025-09-13,01:47:12.24,2025-09-12T21:47:12.2440000-04:00,2025-09-13T01:47:12.2440000Z,,v3,6089,586,,"Melfi, David",1000079653,Right,STA_YAN,4dce4226-5237-411d-adb5-2f67586cfce5,54.96493,-123.41291,12.45305,5.42128,2.38698,-12.05724,-2.45011,6.84463,-6.46566,,,,,,,,,,,,,,,,,,,,,,,,,,,,,,,,,,,,,,,,,,,,,,,,,,,High,High,High,,,,,
338,2025-09-12,21:47:45.53,3,1,"Roe, Nate",673225,Right,STA_YAN,"Semo, Andrew",813663,Right,HAG_FLY,Undefined,9,Bottom,1,0,0,Undefined,Changeup,BallCalled,Undefined,Undefined,Undefined,0,0,,84.9469,-1.734404,-3.778959,2187.394728,241.999586,2:00,5.46177,2.43152,5.41117,-29.87281,9.68524,15.8195,1.34344,0.20433,77.83216,-7.226428,-0.969529,0.452678,,,,,,,,,,,,-9.05654,5.72244,-2.10666,50,5.28639,7.46538,-123.05868,-4.77163,-13.89088,24.36496,-23.39701,HAG_FLY,STA_YAN,HagerstownBallpark,Independent,ATL,20250912-HagerstownBallpark-1,a0789130-9043-11f0-8fb6-ad1606e43f24,83.26553,,,7.11474,,,,,,,914508f2-8afe-4bc3-bf51-c0b16b905d95,2025-09-13,01:47:45.53,2025-09-12T21:47:45.5310000-04:00,2025-09-13T01:47:45.5310000Z,,v3,6089,586,,"Melfi, David",1000079653,Right,STA_YAN,96e1cfc8-f2a8-4c88-ac15-2fff32052274,55.08794,-124.06198,12.18248,5.46304,-3.80819,-11.6985,-2.42585,8.03738,-6.94544,,,,,,,,,,,,,,,,,,,,,,,,,,,,,,,,,,,,,,,,,,,,,,,,,,,High,High,High,,,,,
339,2025-09-12,21:48:04.49,3,2,"Roe, Nate",673225,Right,STA_YAN,"Semo, Andrew",813663,Right,HAG_FLY,Undefined,9,Bottom,1,1,0,Undefined,Changeup,BallCalled,Undefined,Undefined,Undefined,0,0,,84.32901,-0.971588,-5.212836,2230.646498,234.986436,1:45,5.3179,2.39117,5.51096,-27.99316,12.14079,15.46158,2.07273,-1.20846,77.0212,-6.152614,-2.472789,0.455961,,,,,,,,,,,,-9.23304,6.78626,-1.94614,50,5.21421,10.47633,-121.95108,-3.00941,-13.91047,23.88542,-21.94988,HAG_FLY,STA_YAN,HagerstownBallpark,Independent,ATL,20250912-HagerstownBallpark-1,abdc5e80-9043-11f0-8fb6-ad1606e43f24,82.66601,,,7.30781,,,,,,,914508f2-8afe-4bc3-bf51-c0b16b905d95,2025-09-13,01:48:04.49,2025-09-12T21:48:04.4960000-04:00,2025-09-13T01:48:04.4960000Z,,v3,6089,586,,"Melfi, David",1000079653,Right,STA_YAN,13027a91-2ecf-4280-84cc-e90da043032e,54.98667,-122.92389,11.94271,5.31858,-2.11543,-10.97494,-2.38436,11.04288,-6.95523,,,,,,,,,,,,,,,,,,,,,,,,,,,,,,,,,,,,,,,,,,,,,,,,,,,High,High,High,,,,,
340,2025-09-12,21:48:25.97,3,3,"Roe, Nate",673225,Right,STA_YAN,"Semo, Andrew",813663,Right,HAG_FLY,Undefined,9,Bottom,1,2,0,Undefined,Changeup,StrikeCalled,Undefined,Undefined,Undefined,0,0,,83.95017,-0.90792,-4.634224,2111.063944,235.149546,1:45,5.27525,2.54845,5.46386,-27.92931,12.90985,16.47879,2.0952,-0.42514,76.06249,-6.099724,-1.711813,0.459949,,,,,,,,,,,,-9.68792,7.19185,-2.1514,50,5.17632,9.14246,-121.39132,-2.85267,-14.33447,25.62659,-21.53278,HAG_FLY,STA_YAN,HagerstownBallpark,Independent,ATL,20250912-HagerstownBallpark-1,b89ad9d0-9043-11f0-8fb6-ad1606e43f24,81.94915,,,7.88768,,,,,,,914508f2-8afe-4bc3-bf51-c0b16b905d95,2025-09-13,01:48:25.97,2025-09-12T21:48:25.9730000-04:00,2025-09-13T01:48:25.9730000Z,,v3,6089,586,,"Melfi, David",1000079653,Right,STA_YAN,a10a560b-c7a3-4387-bbe4-dd29cb8be78c,55.03276,-122.44916,12.81329,5.27573,-1.96382,-10.76639,-2.54101,9.73418,-7.16723,,,,,,,,,,,,,,,,,,,,,,,,,,,,,,,,,,,,,,,,,,,,,,,,,,,High,High,High,,,,,
341,2025-09-12,21:48:47.31,3,4,"Roe, Nate",673225,Right,STA_YAN,"Semo, Andrew",813663,Right,HAG_FLY,Undefined,9,Bottom,1,2,1,Undefined,Four-Seam,FoulBallNotFieldable,Undefined,Undefined,Undefined,0,0,,84.79253,-0.200319,-4.16508,2261.005546,221.745751,1:30,5.48354,2.39646,5.57711,-21.02025,18.78304,15.52292,3.54427,-0.20685,76.65384,-4.181077,-1.40567,0.454078,80.30366,62.190171,59.112986,5221.533667,,,,,52.42702,,,-9.13225,9.96449,-2.0481,50,5.45293,8.28763,-122.72385,-1.06093,-13.8058,26.2702,-17.11011,HAG_FLY,STA_YAN,HagerstownBallpark,Independent,ATL,20250912-HagerstownBallpark-1,c550a290-9043-11f0-8fb6-ad1606e43f24,83.00866,95.29281,,8.13869,,,,0.95065,3.50529,0.11028,914508f2-8afe-4bc3-bf51-c0b16b905d95,2025-09-13,01:48:47.31,2025-09-12T21:48:47.3160000-04:00,2025-09-13T01:48:47.3160000Z,,v3,6089,586,,"Melfi, David",1000079653,Right,STA_YAN,06b27b4d-4f19-4a3f-a3d1-0615de9647e2,54.91983,-123.7725,13.1351,5.48165,-0.37792,-8.55505,-2.38992,8.83873,-6.9029,,0.95066,28.20635,-14.6123,4.85806,-1.90695,2.17566,-2.19582,1.14435,-0.23628,3.50528,104.17566,-26.39717,2.83629,-0.29159,-0.43164,0.57358,-0.31709,0.06718,0.11029,47.15537,-7.9385,1.87472,-0.49264,0.40968,-0.38639,0.19683,-0.04013,,,,,,,,,,,,,,,,,,,,,,,High,High,High,Medium,Undefined,,,
342,2025-09-12,21:49:14.02,3,5,"Roe, Nate",673225,Right,STA_YAN,"Semo, Andrew",813663,Right,HAG_FLY,Undefined,9,Bottom,1,2,2,Undefined,Curveball,InPlay,Undefined,LineDrive,Out,1,0,,68.48933,3.778605,-3.028418,2615.886193,50.434254,7:45,5.40337,2.45121,5.65839,-74.66803,-12.78831,-18.25733,2.7148,-1.89699,61.85355,-9.870593,-6.279697,0.566168,67.24675,17.194332,-19.433866,1907.707179,102.99063,10.5401,-38.63846,142.49798,134.87679,-21.485767,1.769603,8.19871,-7.25272,-2.18279,50,5.67671,5.85287,-99.01273,4.37937,7.91437,19.87278,-39.17522,HAG_FLY,STA_YAN,HagerstownBallpark,Independent,ATL,20250912-HagerstownBallpark-1,d54dce20-9043-11f0-8fb6-ad1606e43f24,66.57463,14.4808,,6.63578,,,,2.49698,2.94759,1.77046,914508f2-8afe-4bc3-bf51-c0b16b905d95,2025-09-13,01:49:14.02,2025-09-12T21:49:14.0210000-04:00,2025-09-13T01:49:14.0210000Z,LineDrive,v3,6089,586,,"Melfi, David",1000079653,Right,STA_YAN,0405b1c7-dff7-4515-8a64-ca0250e49315,54.84276,-99.97999,9.93639,5.41715,6.28614,-19.58761,-2.45829,5.46766,3.95719,93.575725,2.49697,88.85297,-11.18645,1.99947,-0.31326,-0.08141,0.08164,-0.02986,0.00431,2.94759,29.15591,-19.4835,1.52025,-0.27872,0.06418,-0.0181,0.00555,-0.00083,1.77045,-31.34771,-0.4548,0.85452,-0.2084,-0.03048,0.04848,-0.01738,0.00236,,,,,,,,,,,,,,,,,,,,,,,High,High,High,High,High,,,
343,2025-09-12,21:49:53.21,4,1,"Roe, Nate",673225,Right,STA_YAN,"Escanio, Brenny",691601,Left,HAG_FLY,Undefined,9,Bottom,2,0,0,Undefined,Changeup,BallCalled,Undefined,Undefined,Undefined,0,0,,85.33788,-1.517643,-5.304632,2255.270759,233.201198,1:45,5.49768,2.44784,5.59435,-26.6295,12.61796,15.08729,1.85517,-1.26181,77.6765,-6.46465,-2.627162,0.450897,,,,,,,,,,,,-9.12552,7.21957,-2.0017,50,5.34991,10.80747,-123.3204,-4.15871,-14.00335,25.33159,-21.09542,HAG_FLY,STA_YAN,HagerstownBallpark,Independent,ATL,20250912-HagerstownBallpark-1,eca091c0-9043-11f0-8fb6-ad1606e43f24,83.59437,,,7.66137,,,,,,,914508f2-8afe-4bc3-bf51-c0b16b905d95,2025-09-13,01:49:53.21,2025-09-12T21:49:53.2170000-04:00,2025-09-13T01:49:53.2170000Z,,v3,6089,586,,"Melfi, David",1000079653,Right,STA_YAN,47b87a8f-2ce9-41e7-bfe0-780a9935e079,54.90218,-124.32329,12.6658,5.49803,-3.32353,-10.54771,-2.44055,11.36188,-7.00167,,,,,,,,,,,,,,,,,,,,,,,,,,,,,,,,,,,,,,,,,,,,,,,,,,,High,High,High,,,,,
344,2025-09-12,21:50:11.03,4,2,"Roe, Nate",673225,Right,STA_YAN,"Escanio, Brenny",691601,Left,HAG_FLY,Undefined,9,Bottom,2,1,0,Undefined,Changeup,BallCalled,Undefined,Undefined,Undefined,0,0,,83.3295,-2.375856,-5.173348,2209.108723,229.889932,1:45,5.40101,2.45548,5.53071,-27.31143,14.15906,15.05796,0.89382,-1.13877,75.64647,-7.44898,-2.502412,0.463491,,,,,,,,,,,,-9.20819,8.3,-2.01555,50,5.17585,10.27746,-120.33041,-5.89024,-13.38292,25.25516,-20.11104,HAG_FLY,STA_YAN,HagerstownBallpark,Independent,ATL,20250912-HagerstownBallpark-1,f739e320-9043-11f0-8fb6-ad1606e43f24,81.32297,,,7.68302,,,,,,,914508f2-8afe-4bc3-bf51-c0b16b905d95,2025-09-13,01:50:11.03,2025-09-12T21:50:11.0370000-04:00,2025-09-13T01:50:11.0370000Z,,v3,6089,586,,"Melfi, David",1000079653,Right,STA_YAN,a511a2a1-f990-4fac-8a21-8ba9705cf8c6,54.96665,-121.36834,12.62758,5.40095,-5.06372,-10.05552,-2.44924,10.82747,-6.69146,,,,,,,,,,,,,,,,,,,,,,,,,,,,,,,,,,,,,,,,,,,,,,,,,,,High,High,High,,,,,
345,2025-09-12,21:50:28.97,4,3,"Roe, Nate",673225,Right,STA_YAN,"Escanio, Brenny",691601,Left,HAG_FLY,Undefined,9,Bottom,2,2,0,Undefined,Changeup,FoulBallNotFieldable,Undefined,Undefined,Undefined,0,0,,85.61918,-1.012701,-3.96617,2190.829048,229.742603,1:45,5.43401,2.50963,5.58888,-23.86993,15.28048,16.3758,2.49687,0.16492,77.27219,-5.498221,-1.051776,0.450339,,,,,,,,,,,,-9.55654,8.45678,-2.17982,50,5.33172,7.89881,-123.8958,-2.95389,-14.66735,27.66197,-19.19462,HAG_FLY,STA_YAN,HagerstownBallpark,Independent,ATL,20250912-HagerstownBallpark-1,01e7cdf0-9044-11f0-8fb6-ad1606e43f24,83.69791,,,8.34699,,,,,,,914508f2-8afe-4bc3-bf51-c0b16b905d95,2025-09-13,01:50:28.97,2025-09-12T21:50:28.9760000-04:00,2025-09-13T01:50:28.9760000Z,,v3,6089,586,,"Melfi, David",1000079653,Right,STA_YAN,e299b076-0fc5-4fbf-8222-c11954747cbc,54.90795,-124.98678,13.83098,5.43329,-2.19686,-9.59731,-2.50276,8.47728,-7.33367,,,,,,,,,,,,,,,,,,,,,,,,,,,,,,,,,,,,,,,,,,,,,,,,,,,High,High,High,,,,,
346,2025-09-12,21:50:59.38,4,4,"Roe, Nate",673225,Right,STA_YAN,"Escanio, Brenny",691601,Left,HAG_FLY,Undefined,9,Bottom,2,2,1,Undefined,Changeup,BallCalled,Undefined,Undefined,Undefined,0,0,,85.25288,-2.086995,-5.776406,2269.047402,242.730127,2:00,5.47234,2.69736,5.33424,-29.03931,10.63225,18.06556,1.08351,-1.23504,77.89404,-7.42249,-2.587435,0.453326,,,,,,,,,,,,-10.62737,6.3115,-2.18755,50,5.26229,11.66258,-123.07265,-5.5263,-16.29886,24.44118,-22.4943,HAG_FLY,STA_YAN,HagerstownBallpark,Independent,ATL,20250912-HagerstownBallpark-1,13f8be50-9044-11f0-8fb6-ad1606e43f24,83.14634,,,7.35884,,,,,,,914508f2-8afe-4bc3-bf51-c0b16b905d95,2025-09-13,01:50:59.38,2025-09-12T21:50:59.3810000-04:00,2025-09-13T01:50:59.3810000Z,,v3,6089,586,,"Melfi, David",1000079653,Right,STA_YAN,9128305c-91ce-419e-9b51-83b6574a0f12,55.16341,-124.09383,12.22059,5.47355,-4.58647,-11.24715,-2.68905,12.34356,-8.14943,,,,,,,,,,,,,,,,,,,,,,,,,,,,,,,,,,,,,,,,,,,,,,,,,,,High,High,High,,,,,
347,2025-09-12,21:51:17.71,4,5,"Roe, Nate",673225,Right,STA_YAN,"Escanio, Brenny",691601,Left,HAG_FLY,Undefined,9,Bottom,2,3,1,Undefined,Four-Seam,FoulBallNotFieldable,Undefined,Undefined,Undefined,0,0,,85.4016,-1.099152,-3.860476,2325.592699,222.443411,1:30,5.41125,2.44778,5.47909,-22.37419,17.02879,14.30182,2.51582,0.02198,77.27124,-5.305479,-1.320626,0.451789,73.23583,62.652935,145.951827,4948.87374,,,,,36.29558,,,-8.42296,9.3267,-2.1188,50,5.29984,7.73461,-123.60205,-3.08539,-12.90407,26.86443,-17.8854,HAG_FLY,STA_YAN,HagerstownBallpark,Independent,ATL,20250912-HagerstownBallpark-1,1efd7bb0-9044-11f0-8fb6-ad1606e43f24,83.42926,57.99343,,8.13036,,,,1.90614,2.32437,-0.11344,914508f2-8afe-4bc3-bf51-c0b16b905d95,2025-09-13,01:51:17.71,2025-09-12T21:51:17.7110000-04:00,2025-09-13T01:51:17.7110000Z,,v3,6089,586,,"Melfi, David",1000079653,Right,STA_YAN,f976e424-5e0a-4d62-ac5b-2f7820f4e0e0,55.01801,-124.68792,13.43221,5.40994,-2.36245,-8.9427,-2.44198,8.2562,-6.45203,338.45363,1.90614,-40.88401,-5.47174,3.3289,-1.11823,0.32014,-0.08552,0.01976,-0.00277,2.32437,95.40799,-33.684,4.95471,-0.94446,0.15071,-0.02156,0.00187,2E-05,-0.11344,27.62665,-8.29169,3.11142,-0.87592,0.22466,-0.0553,0.01171,-0.00151,,,,,,,,,,,,,,,,,,,,,,,High,High,High,High,Undefined,,,
348,2025-09-12,21:51:51.62,4,6,"Roe, Nate",673225,Right,STA_YAN,"Escanio, Brenny",691601,Left,HAG_FLY,Undefined,9,Bottom,2,3,2,Undefined,Four-Seam,BallCalled,Walk,Undefined,Undefined,0,0,,86.08397,0.837088,-3.443602,2312.760765,215.198141,1:15,5.52313,2.50146,5.57291,-19.45725,19.02178,12.50701,4.68503,0.32339,77.94616,-2.856329,-1.218471,0.446461,,,,,,,,,,,,-7.29685,9.7276,-2.21287,50,5.58287,6.96058,-124.68526,1.2466,-11.42319,26.36948,-16.9455,HAG_FLY,STA_YAN,HagerstownBallpark,Independent,ATL,20250912-HagerstownBallpark-1,3315adc0-9044-11f0-8fb6-ad1606e43f24,84.42495,,,8.13781,,,,,,,914508f2-8afe-4bc3-bf51-c0b16b905d95,2025-09-13,01:51:51.62,2025-09-12T21:51:51.6270000-04:00,2025-09-13T01:51:51.6270000Z,,v3,6089,586,,"Melfi, David",1000079653,Right,STA_YAN,452aaec6-91f5-4328-80fb-4ccdb8281b15,54.9225,-125.72201,13.18474,5.52076,1.91283,-8.47275,-2.49537,7.4097,-5.71159,,,,,,,,,,,,,,,,,,,,,,,,,,,,,,,,,,,,,,,,,,,,,,,,,,,High,High,High,,,,,
349,2025-09-12,21:52:40.16,5,1,"Roe, Nate",673225,Right,STA_YAN,"Williams, Tyler",1000053915,Right,HAG_FLY,Undefined,9,Bottom,2,0,0,Undefined,Curveball,StrikeCalled,Undefined,Undefined,Undefined,0,0,,67.77529,3.953934,-1.606334,2571.160783,50.443127,7:45,5.35144,2.54477,5.71161,-75.72878,-13.12331,-18.59418,2.73156,-0.50162,61.46288,-9.904496,-4.928874,0.569479,,,,,,,,,,,,8.83107,-7.26158,-2.39886,50,5.63675,3.38271,-98.12593,4.59027,8.42398,18.66002,-39.10092,HAG_FLY,STA_YAN,HagerstownBallpark,Independent,ATL,20250912-HagerstownBallpark-1,50122e30-9044-11f0-8fb6-ad1606e43f24,66.1876,,,6.31241,,,,,,,914508f2-8afe-4bc3-bf51-c0b16b905d95,2025-09-13,01:52:40.16,2025-09-12T21:52:40.1670000-04:00,2025-09-13T01:52:40.1670000Z,,v3,6089,586,,"Melfi, David",1000079653,Right,STA_YAN,21de17db-62cc-45cb-82db-6b5ed98fb693,54.78998,-99.03262,9.33001,5.36754,6.49018,-19.55046,-2.55328,2.97339,4.21199,,,,,,,,,,,,,,,,,,,,,,,,,,,,,,,,,,,,,,,,,,,,,,,,,,,High,High,High,,,,,
350,2025-09-12,21:53:01.14,5,2,"Roe, Nate",673225,Right,STA_YAN,"Williams, Tyler",1000053915,Right,HAG_FLY,Undefined,9,Bottom,2,0,1,Undefined,Four-Seam,FoulBallNotFieldable,Undefined,Undefined,Undefined,0,0,,86.68629,-0.745342,-4.400846,2246.538226,220.60356,1:15,5.61093,2.32726,5.54909,-20.27458,17.77812,14.12402,3.22279,-0.61622,78.59837,-4.572102,-1.892766,0.443981,69.69334,24.548623,169.365119,3044.664553,-109.15148,21.27281,13.63595,164.54728,46.36894,175.250156,2.167748,-8.4717,9.59178,-1.95558,50,5.53323,9.05386,-125.45163,-2.26821,-13.41869,26.8223,-16.98123,HAG_FLY,STA_YAN,HagerstownBallpark,Independent,ATL,20250912-HagerstownBallpark-1,5c9eeb20-9044-11f0-8fb6-ad1606e43f24,84.89657,23.50894,,8.08792,,,,1.99823,3.18344,0.59227,914508f2-8afe-4bc3-bf51-c0b16b905d95,2025-09-13,01:53:01.14,2025-09-12T21:53:01.1450000-04:00,2025-09-13T01:53:01.1450000Z,LineDrive,v3,6089,586,,"Melfi, David",1000079653,Right,STA_YAN,80a3883f-af89-4257-9f1f-9d40c1b026d9,54.94851,-126.50522,13.41115,5.60923,-1.60117,-8.49061,-2.32158,9.58096,-6.70934,313.81584,1.99835,-91.38958,6.81584,-0.42854,0.90244,-0.9974,0.61956,-0.19311,0.02343,3.18346,42.46595,-24.28447,2.51974,-0.39207,-0.01041,0.04688,-0.0137,0.00119,0.59222,17.16317,-6.61552,1.1786,-0.6316,0.51473,-0.30106,0.09364,-0.0115,,,,,,,,,,,,,,,,,,,,,,,High,High,High,High,Medium,,,
351,2025-09-12,21:53:28.70,5,3,"Roe, Nate",673225,Right,STA_YAN,"Williams, Tyler",1000053915,Right,HAG_FLY,Undefined,9,Bottom,2,0,2,Undefined,Curveball,BallCalled,Undefined,Undefined,Undefined,0,0,,66.23333,5.470446,0.005461,2496.12104,50.414626,7:45,5.38772,2.47666,5.64259,-80.75642,-14.60702,-20.65918,3.77651,0.76015,59.56518,-9.323229,-3.68019,0.585375,,,,,,,,,,,,10.33087,-8.4156,-2.46405,50,5.80298,0.69567,-95.695,6.83535,9.34248,18.17628,-39.78449,HAG_FLY,STA_YAN,HagerstownBallpark,Independent,ATL,20250912-HagerstownBallpark-1,6d08e240-9044-11f0-8fb6-ad1606e43f24,64.39022,,,6.66815,,,,,,,914508f2-8afe-4bc3-bf51-c0b16b905d95,2025-09-13,01:53:28.70,2025-09-12T21:53:28.7070000-04:00,2025-09-13T01:53:28.7070000Z,,v3,6089,586,,"Melfi, David",1000079653,Right,STA_YAN,2de8bb49-ed3c-42dc-b772-359803d012c0,54.85927,-96.61356,9.08814,5.40674,8.84591,-19.89224,-2.48727,0.22353,4.67124,,,,,,,,,,,,,,,,,,,,,,,,,,,,,,,,,,,,,,,,,,,,,,,,,,,High,High,High,,,,,
352,2025-09-12,21:53:50.04,5,4,"Roe, Nate",673225,Right,STA_YAN,"Williams, Tyler",1000053915,Right,HAG_FLY,Undefined,9,Bottom,2,1,2,Undefined,Curveball,StrikeSwinging,Strikeout,Undefined,Undefined,0,0,,68.83379,3.39335,-2.097064,2417.206077,53.315025,7:45,5.36123,2.42603,5.80749,-73.62728,-13.0004,-20.41174,2.38705,-1.22596,62.36445,-10.098159,-5.750387,0.560407,,,,,,,,,,,,9.59878,-7.0752,-2.24207,50,5.59713,4.34514,-99.67922,3.77623,9.41461,19.77813,-39.1135,HAG_FLY,STA_YAN,HagerstownBallpark,Independent,ATL,20250912-HagerstownBallpark-1,79dd2f80-9044-11f0-8fb6-ad1606e43f24,67.25899,,,6.46934,,,,,,,914508f2-8afe-4bc3-bf51-c0b16b905d95,2025-09-13,01:53:50.04,2025-09-12T21:53:50.0460000-04:00,2025-09-13T01:53:50.0460000Z,,v3,6089,586,,"Melfi, David",1000079653,Right,STA_YAN,cf0b5bda-ad39-4414-906a-2689f59513b2,54.69372,-100.60622,9.88907,5.37717,5.60949,-19.55675,-2.43539,3.90388,4.7073,,,,,,,,,,,,,,,,,,,,,,,,,,,,,,,,,,,,,,,,,,,,,,,,,,,High,High,High,,,,,