PitchNo,Date,Time,PAofInning,PitchofPA,Pitcher,PitcherId,PitcherThrows,PitcherTeam,Batter,BatterId,BatterSide,BatterTeam,PitcherSet,Inning,Top/Bottom,Outs,Balls,Strikes,TaggedPitchType,AutoPitchType,PitchCall,KorBB,TaggedHitType,PlayResult,OutsOnPlay,RunsScored,Notes,RelSpeed,VertRelAngle,HorzRelAngle,SpinRate,SpinAxis,Tilt,RelHeight,RelSide,Extension,VertBreak,InducedVertBreak,HorzBreak,PlateLocHeight,PlateLocSide,ZoneSpeed,VertApprAngle,HorzApprAngle,ZoneTime,ExitSpeed,Angle,Direction,HitSpinRate,PositionAt110X,PositionAt110Y,PositionAt110Z,Distance,LastTrackedDistance,Bearing,HangTime,pfxx,pfxz,x0,y0,z0,vx0,vy0,vz0,ax0,ay0,az0,HomeTeam,AwayTeam,Stadium,Level,League,GameID,PitchUID,EffectiveVelo,MaxHeight,MeasuredDuration,SpeedDrop,PitchLastMeasuredX,PitchLastMeasuredY,PitchLastMeasuredZ,ContactPositionX,ContactPositionY,ContactPositionZ,GameUID,UTCDate,UTCTime,LocalDateTime,UTCDateTime,AutoHitType,System,HomeTeamForeignID,AwayTeamForeignID,GameForeignID,Catcher,CatcherId,CatcherThrows,CatcherTeam,PlayID,PitchTrajectoryXc0,PitchTrajectoryXc1,PitchTrajectoryXc2,PitchTrajectoryYc0,PitchTrajectoryYc1,PitchTrajectoryYc2,PitchTrajectoryZc0,PitchTrajectoryZc1,PitchTrajectoryZc2,HitSpinAxis,HitTrajectoryXc0,HitTrajectoryXc1,HitTrajectoryXc2,HitTrajectoryXc3,HitTrajectoryXc4,HitTrajectoryXc5,HitTrajectoryXc6,HitTrajectoryXc7,HitTrajectoryXc8,HitTrajectoryYc0,HitTrajectoryYc1,HitTrajectoryYc2,HitTrajectoryYc3,HitTrajectoryYc4,HitTrajectoryYc5,HitTrajectoryYc6,HitTrajectoryYc7,HitTrajectoryYc8,HitTrajectoryZc0,HitTrajectoryZc1,HitTrajectoryZc2,HitTrajectoryZc3,HitTrajectoryZc4,HitTrajectoryZc5,HitTrajectoryZc6,HitTrajectoryZc7,HitTrajectoryZc8,ThrowSpeed,PopTime,ExchangeTime,TimeToBase,CatchPositionX,CatchPositionY,CatchPositionZ,ThrowPositionX,ThrowPositionY,ThrowPositionZ,BasePositionX,BasePositionY,BasePositionZ,ThrowTrajectoryXc0,ThrowTrajectoryXc1,ThrowTrajectoryXc2,ThrowTrajectoryYc0,ThrowTrajectoryYc1,ThrowTrajectoryYc2,ThrowTrajectoryZc0,ThrowTrajectoryZc1,ThrowTrajectoryZc2,PitchReleaseConfidence,PitchLocationConfidence,PitchMovementConfidence,HitLaunchConfidence,HitLandingConfidence,CatcherThrowCatchConfidence,CatcherThrowReleaseConfidence,CatcherThrowLocationConfidence
1,2025-08-24,13:03:26.82,1,1,"Vallimont, Chris",681808,Right,YOR,"Nelson, James",663445,Right,WES_POW,Undefined,1,Top,0,0,0,Undefined,Four-Seam,FoulBallNotFieldable,Undefined,Undefined,Undefined,0,0,,90.37909,-2.654029,-2.258259,2186.156181,201.341234,12:45,6.42598,1.92374,5.89283,-13.89292,20.37761,7.52941,2.80033,0.45335,82.60237,-5.320823,-0.908246,0.421339,80.43007,66.693343,123.874129,5015.552875,,,,,25.67386,,,-4.50197,11.52776,-1.74619,50,6.20402,4.85211,-131.09647,-6.46217,-7.8338,27.74459,-12.11481,YOR,WES_POW,WellSpanPark,Independent,ATL,20250824-WellSpanPark-1,3f40b000-810c-11f0-b79a-67802afcc1e7,89.45867,56.46887,,7.77671,,,,1.7433,2.91678,-0.45262,f3c3c493-67ac-49bb-a514-6db34fe3ed0b,2025-08-24,17:03:26.82,2025-08-24T13:03:26.8224512-04:00,2025-08-24T17:03:26.8224512Z,,v3,5435,525,,"Simoneit, Will",686766,Right,YOR,8725f06b-fbb6-445a-aa48-3de4a90d4c8a,54.6073,-132.06793,13.87229,6.42287,-6.03797,-6.05741,-1.92088,5.1264,-3.9169,339.318631,1.7433,-26.01388,-7.7,3.31444,-1.85229,4.68487,-11.32804,14.28952,-6.99052,2.91678,108.33813,-31.86419,4.47963,-1.20555,1.44963,-3.17057,3.89248,-1.8674,-0.45262,38.75066,-6.59035,1.37482,-0.4093,0.74861,-1.75201,2.17631,-1.05086,,,,,,,,,,,,,,,,,,,,,,,High,High,High,High,Undefined,,,
2,2025-08-24,13:03:44.03,1,2,"Vallimont, Chris",681808,Right,YOR,"Nelson, James",663445,Right,WES_POW,Undefined,1,Top,0,0,1,Undefined,Four-Seam,BallCalled,Undefined,Undefined,Undefined,0,0,,90.71051,-4.815244,-1.792261,2247.271086,212.905146,1:00,6.46276,1.83378,5.91753,-13.79694,20.33466,12.42969,0.83146,1.20573,83.05864,-7.446109,0.43925,0.420484,,,,,,,,,,,,-6.90083,12.12796,-1.69738,50,6.06813,3.58597,-131.31094,-11.44612,-12.04634,27.85627,-11.00298,YOR,WES_POW,WellSpanPark,Independent,ATL,20250824-WellSpanPark-1,497f1020-810c-11f0-b79a-67802afcc1e7,89.64056,,,7.65187,,,,,,,f3c3c493-67ac-49bb-a514-6db34fe3ed0b,2025-08-24,17:03:44.03,2025-08-24T13:03:44.0370688-04:00,2025-08-24T17:03:44.0370688Z,,v3,5435,525,,"Simoneit, Will",686766,Right,YOR,79fa2851-0a9c-4886-82a5-1c3d6e625355,54.5831,-132.27962,13.92814,6.45951,-11.06349,-5.50149,-1.82936,4.00488,-6.02317,,,,,,,,,,,,,,,,,,,,,,,,,,,,,,,,,,,,,,,,,,,,,,,,,,,High,High,High,,,,,
3,2025-08-24,13:04:00.03,1,3,"Vallimont, Chris",681808,Right,YOR,"Nelson, James",663445,Right,WES_POW,Undefined,1,Top,0,1,1,Undefined,Slider,InPlay,Undefined,LineDrive,Single,0,0,,86.10779,-1.309276,-1.168769,2705.402938,120.222813,10:00,6.19337,2.36947,5.6232,-32.61797,5.37063,-7.22315,2.25293,0.6767,79.23762,-7.29417,-2.459776,0.443607,104.1244,12.254374,-29.611435,2442.303292,92.98408,11.40857,-58.7687,175.19698,175.19698,-34.31098,1.38735,3.3815,3.40169,-2.26492,50,6.06056,2.84625,-125.06701,-3.996,5.36122,24.98953,-26.7808,YOR,WES_POW,WellSpanPark,Independent,ATL,20250824-WellSpanPark-1,5309fec0-810c-11f0-b79a-67802afcc1e7,84.96816,12.09763,,6.87018,,,,2.47363,2.36852,-0.76222,f3c3c493-67ac-49bb-a514-6db34fe3ed0b,2025-08-24,17:04:00.03,2025-08-24T13:04:00.0340480-04:00,2025-08-24T17:04:00.0340480Z,LineDrive,v3,5435,525,,"Simoneit, Will",686766,Right,YOR,58c99e28-1742-4c23-8602-b31bf9bfce75,54.87837,-126.03799,12.49477,6.19561,-2.95542,-13.3904,-2.37146,2.63793,2.68061,,2.47363,129.74514,-24.42687,4.61921,-1.09468,0.25109,-0.05748,0.01064,-0.00105,2.36852,32.41421,-29.55317,4.81206,-1.21726,0.31282,-0.07326,0.01393,-0.00143,-0.76222,-73.73976,1.34314,0.97764,-0.35732,0.11764,-0.03081,0.00622,-0.00067,,,,,,,,,,,,,,,,,,,,,,,High,High,High,Medium,High,,,
4,2025-08-24,13:04:41.76,2,1,"Vallimont, Chris",681808,Right,YOR,"Womack, Alsander",703920,Right,WES_POW,Undefined,1,Top,0,0,0,Undefined,Curveball,StrikeCalled,Undefined,Undefined,Undefined,0,0,,77.81283,1.00917,-2.235763,2711.795066,37.12782,7:15,6.29494,2.30143,5.14594,-61.46913,-13.63127,-11.48918,2.12349,-0.76208,71.43466,-10.055666,-4.271687,0.497803,,,,,,,,,,,,5.04618,-6.64756,-2.08287,50,6.34177,4.86811,-112.85918,-0.21809,6.44718,22.34525,-40.66719,YOR,WES_POW,WellSpanPark,Independent,ATL,20250824-WellSpanPark-1,6bf60000-810c-11f0-b79a-67802afcc1e7,75.71762,,,6.37817,,,,,,,f3c3c493-67ac-49bb-a514-6db34fe3ed0b,2025-08-24,17:04:41.76,2025-08-24T13:04:41.7657856-04:00,2025-08-24T17:04:41.7657856Z,,v3,5435,525,,"Simoneit, Will",686766,Right,YOR,c312345e-7f4a-4e38-aba6-9070d4e0ee72,55.35781,-113.91505,11.17263,6.30667,1.70353,-20.3336,-2.3057,4.56346,3.22359,,,,,,,,,,,,,,,,,,,,,,,,,,,,,,,,,,,,,,,,,,,,,,,,,,,High,High,High,,,,,
5,2025-08-24,13:05:03.18,2,2,"Vallimont, Chris",681808,Right,YOR,"Womack, Alsander",703920,Right,WES_POW,Undefined,1,Top,0,0,1,Undefined,Curveball,BallCalled,Undefined,Undefined,Undefined,0,0,,78.28095,-1.695021,-2.437225,2748.821139,39.573302,7:15,6.26369,2.22209,5.36233,-63.81322,-16.29568,-14.84332,-0.64548,-1.30173,71.77455,-13.130032,-5.087449,0.496133,,,,,,,,,,,,6.73126,-7.36059,-1.99188,50,6.06516,5.39233,-113.41711,-5.55907,8.5594,25.34024,-41.53368,YOR,WES_POW,WellSpanPark,Independent,ATL,20250824-WellSpanPark-1,78b342d0-810c-11f0-b79a-67802afcc1e7,75.97239,,,6.5064,,,,,,,f3c3c493-67ac-49bb-a514-6db34fe3ed0b,2025-08-24,17:05:03.18,2025-08-24T13:05:03.1866880-04:00,2025-08-24T17:05:03.1866880Z,,v3,5435,525,,"Simoneit, Will",686766,Right,YOR,ea393e9f-bd66-4a79-bb55-a93358af63bb,55.14209,-114.56022,12.67012,6.27367,-3.68547,-20.76684,-2.22642,5.00621,4.2797,,,,,,,,,,,,,,,,,,,,,,,,,,,,,,,,,,,,,,,,,,,,,,,,,,,High,High,High,,,,,
6,2025-08-24,13:05:33.35,2,3,"Vallimont, Chris",681808,Right,YOR,"Womack, Alsander",703920,Right,WES_POW,Undefined,1,Top,0,1,1,Undefined,Slider,StrikeSwinging,Undefined,Undefined,Undefined,0,0,,87.05577,-2.74929,-3.465513,2568.4679,144.804509,10:45,6.13308,2.31053,5.67099,-27.68356,9.58209,-5.953,1.25613,-1.4206,80.24171,-7.827907,-4.526758,0.439365,,,,,,,,,,,,2.09343,5.97004,-2.01377,50,5.88295,7.88479,-126.11503,-7.01245,3.37894,25.12107,-22.53792,YOR,WES_POW,WellSpanPark,Independent,ATL,20250824-WellSpanPark-1,8aaa90b0-810c-11f0-b79a-67802afcc1e7,85.78836,,,6.81406,,,,,,,f3c3c493-67ac-49bb-a514-6db34fe3ed0b,2025-08-24,17:05:33.35,2025-08-24T13:05:33.3537792-04:00,2025-08-24T17:05:33.3537792Z,,v3,5435,525,,"Simoneit, Will",686766,Right,YOR,44146bc8-c9bd-4db4-bc34-e45fc2fe2984,54.82912,-127.07331,12.56054,6.13406,-6.15271,-11.26896,-2.31209,7.7559,1.68947,,,,,,,,,,,,,,,,,,,,,,,,,,,,,,,,,,,,,,,,,,,,,,,,,,,High,High,High,,,,,
7,2025-08-24,13:06:03.83,2,4,"Vallimont, Chris",681808,Right,YOR,"Womack, Alsander",703920,Right,WES_POW,Undefined,1,Top,0,1,2,Undefined,Four-Seam,StrikeCalled,Strikeout,Undefined,Undefined,0,0,,91.59843,-3.79363,-2.744781,2241.996692,209.048726,1:00,6.45036,2.05256,5.84241,-13.28623,20.11001,10.58367,1.80829,0.38167,84.05518,-6.331588,-0.849697,0.41593,,,,,,,,,,,,-6.12457,11.59883,-1.83509,50,6.13282,5.89977,-132.70139,-9.17653,-10.97018,27.20109,-11.39848,YOR,WES_POW,WellSpanPark,Independent,ATL,20250824-WellSpanPark-1,9cd830d0-810c-11f0-b79a-67802afcc1e7,90.6221,,,7.54326,,,,,,,f3c3c493-67ac-49bb-a514-6db34fe3ed0b,2025-08-24,17:06:03.83,2025-08-24T13:06:03.8340000-04:00,2025-08-24T17:06:03.8340000Z,,v3,5435,525,,"Simoneit, Will",686766,Right,YOR,1ff50804-0372-4ba0-bc66-f6695d87d27c,54.65738,-133.65265,13.60054,6.44677,-8.77791,-5.69924,-2.04812,6.28341,-5.48509,,,,,,,,,,,,,,,,,,,,,,,,,,,,,77.88205,,0.80727,,-0.55835,1.58714,-0.35359,-0.38961,6.39155,1.73499,,,,-0.34251,112.88082,-10.9405,6.4039,2.91019,-12.36802,1.71098,-10.77237,4.13679,High,High,High,,,High,Medium,Low
8,2025-08-24,13:06:50.34,3,1,"Vallimont, Chris",681808,Right,YOR,"Barnum, Keon",621572,Left,WES_POW,Undefined,1,Top,1,0,0,Undefined,Curveball,StrikeSwinging,Undefined,Undefined,Undefined,0,0,,78.19007,0.050345,-2.242451,2716.058918,50.465223,7:45,6.24953,2.30344,4.76617,-56.67129,-8.27733,-12.06414,1.5747,-0.82916,71.32426,-10.106059,-4.365449,0.500688,,,,,,,,,,,,5.19583,-3.57894,-2.06746,50,6.20477,4.94429,-113.21576,-2.02275,6.63819,23.69216,-36.74646,YOR,WES_POW,WellSpanPark,Independent,ATL,20250824-WellSpanPark-1,b899c040-810c-11f0-b79a-67802afcc1e7,75.2813,,,6.8658,,,,,,,f3c3c493-67ac-49bb-a514-6db34fe3ed0b,2025-08-24,17:06:50.34,2025-08-24T13:06:50.3470080-04:00,2025-08-24T17:06:50.3470080Z,,v3,5435,525,,"Simoneit, Will",686766,Right,YOR,46d6f2f0-4730-424c-9e44-7d586693ca93,55.73463,-114.40953,11.84608,6.26005,-0.17122,-18.37323,-2.30816,4.60982,3.31909,,,,,,,,,,,,,,,,,,,,,,,,,,,,,,,,,,,,,,,,,,,,,,,,,,,High,High,High,,,,,
9,2025-08-24,13:07:11.00,3,2,"Vallimont, Chris",681808,Right,YOR,"Barnum, Keon",621572,Left,WES_POW,Undefined,1,Top,1,0,1,Undefined,Four-Seam,StrikeCalled,Undefined,Undefined,Undefined,0,0,,93.32592,-3.033839,-4.006586,2279.065628,217.382927,1:15,6.24043,2.16781,5.65024,-13.31839,19.4706,14.00009,2.29126,-0.40864,84.58786,-5.595501,-1.513641,0.412131,,,,,,,,,,,,-8.25063,11.08808,-1.83652,50,5.97409,8.80175,-134.94318,-7.54884,-15.11362,31.16485,-11.86278,YOR,WES_POW,WellSpanPark,Independent,ATL,20250824-WellSpanPark-1,c4e29660-810c-11f0-b79a-67802afcc1e7,91.45741,,,8.73805,,,,,,,f3c3c493-67ac-49bb-a514-6db34fe3ed0b,2025-08-24,17:07:11.00,2025-08-24T13:07:11.0034432-04:00,2025-08-24T17:07:11.0034432Z,,v3,5435,525,,"Simoneit, Will",686766,Right,YOR,5ed36628-2b7f-44d0-8b77-361a2729db91,54.84801,-136.05821,15.58243,6.23658,-7.12441,-5.93139,-2.16111,9.34249,-7.55681,,,,,,,,,,,,,,,,,,,,,,,,,,,,,,,,,,,,,,,,,,,,,,,,,,,High,High,High,,,,,
10,2025-08-24,13:07:34.10,3,3,"Vallimont, Chris",681808,Right,YOR,"Barnum, Keon",621572,Left,WES_POW,Undefined,1,Top,1,0,2,Undefined,Curveball,BallCalled,Undefined,Undefined,Undefined,0,0,,79.13687,-1.219436,-2.138921,2742.606132,31.201151,7:00,6.12171,2.17355,5.62714,-61.84452,-16.15713,-10.70902,-0.17085,-0.71567,72.77994,-12.378084,-4.060324,0.486485,,,,,,,,,,,,4.7902,-7.49741,-1.98411,50,5.9776,4.692,-114.82489,-4.5437,6.28782,24.59697,-42.01547,YOR,WES_POW,WellSpanPark,Independent,ATL,20250824-WellSpanPark-1,d2aab980-810c-11f0-b79a-67802afcc1e7,77.47913,,,6.35693,,,,,,,f3c3c493-67ac-49bb-a514-6db34fe3ed0b,2025-08-24,17:07:34.10,2025-08-24T13:07:34.1095936-04:00,2025-08-24T17:07:34.1095936Z,,v3,5435,525,,"Simoneit, Will",686766,Right,YOR,57c4fbc6-9e1b-4be7-beff-990d8651bff7,54.8773,-115.86496,12.29849,6.13216,-2.76709,-21.00774,-2.17689,4.42612,3.14391,,,,,,,,,,,,,,,,,,,,,,,,,,,,,,,,,,,,,,,,,,,,,,,,,,,High,High,High,,,,,
11,2025-08-24,13:08:31.89,3,4,"Vallimont, Chris",681808,Right,YOR,"Barnum, Keon",621572,Left,WES_POW,Undefined,1,Top,1,1,2,Undefined,Changeup,InPlay,Undefined,GroundBall,Out,1,0,,85.26686,-2.209884,-4.089674,2356.469889,240.623198,2:00,5.94741,2.43951,6.22596,-27.67608,10.55646,16.49363,1.59585,0.03414,77.90167,-7.387654,-1.116911,0.445029,62.15876,-71.969205,65.759778,,,,,0.47622,0.47622,59.92351,0.016299,-9.72784,6.495,-2.14128,50,5.76801,8.1962,-123.5457,-5.61251,-14.98097,25.44378,-22.17168,YOR,WES_POW,WellSpanPark,Independent,ATL,20250824-WellSpanPark-1,f5199310-810c-11f0-b79a-67802afcc1e7,84.69664,1.41672,,7.36519,,,,0.04932,1.41672,-0.0084,f3c3c493-67ac-49bb-a514-6db34fe3ed0b,2025-08-24,17:08:31.89,2025-08-24T13:08:31.8944768-04:00,2025-08-24T17:08:31.8944768Z,GroundBall,v3,5435,525,,"Simoneit, Will",686766,Right,YOR,2539ceb6-a555-41a0-9054-6c5797bc739a,54.27418,-124.42284,12.72189,5.94831,-4.84818,-11.08584,-2.43274,8.71265,-7.49048,,0.04924,11.61646,,,,,,,,1.41732,-86.92088,,,,,,,,-0.00858,25.79934,,,,,,,,,,,,,,,,,,,,,,,,,,,,,,High,High,High,Estimated,Estimated,,,
12,2025-08-24,13:09:16.12,4,1,"Vallimont, Chris",681808,Right,YOR,"Sedio, Chad",670466,Left,WES_POW,Undefined,1,Top,2,0,0,Undefined,Slider,BallCalled,Undefined,Undefined,Undefined,0,0,,88.20732,-3.412359,-4.483365,2619.474058,172.840626,11:45,6.11872,2.35633,5.77528,-26.43986,9.37768,-1.05697,0.72656,-1.91222,82.31719,-8.23789,-4.671814,0.430744,,,,,,,,,,,,-0.50008,5.89721,-1.98461,50,5.81953,10.05904,-127.7345,-8.54565,-0.83969,22.29598,-22.2722,YOR,WES_POW,WellSpanPark,Independent,ATL,20250824-WellSpanPark-1,0f6c5040-810d-11f0-b79a-67802afcc1e7,87.50544,,,5.89013,,,,,,,f3c3c493-67ac-49bb-a514-6db34fe3ed0b,2025-08-24,17:09:16.12,2025-08-24T13:09:16.1247232-04:00,2025-08-24T17:09:16.1247232Z,,v3,5435,525,,"Simoneit, Will",686766,Right,YOR,db15c69b-7beb-4f23-88dc-8d71738d77f1,54.72607,-128.55679,11.14799,6.11956,-7.72424,-11.1361,-2.35616,10.09001,-0.41985,,,,,,,,,,,,,,,,,,,,,,,,,,,,,,,,,,,,,,,,,,,,,,,,,,,High,High,High,,,,,
13,2025-08-24,13:09:34.63,4,2,"Vallimont, Chris",681808,Right,YOR,"Sedio, Chad",670466,Left,WES_POW,Undefined,1,Top,2,1,0,Undefined,Changeup,InPlay,Undefined,FlyBall,Out,1,0,,86.0054,-1.17922,-3.670163,2358.11599,245.105953,2:15,5.975,2.64998,6.20907,-27.61194,9.73308,18.44072,2.58324,0.79463,78.83496,-6.342812,-0.345971,0.439833,97.50766,37.543719,9.162846,3328.829293,108.35263,80.45078,18.96355,360.62354,328.91494,10.874269,5.825146,-10.62898,5.71481,-2.38355,50,5.87239,7.3026,-124.82358,-3.41928,-16.78624,24.89271,-23.1487,YOR,WES_POW,WellSpanPark,Independent,ATL,20250824-WellSpanPark-1,1a7cf480-810d-11f0-b79a-67802afcc1e7,85.69714,115.82072,,7.17044,,,,2.27669,2.73351,-0.79282,f3c3c493-67ac-49bb-a514-6db34fe3ed0b,2025-08-24,17:09:34.63,2025-08-24T13:09:34.6327040-04:00,2025-08-24T17:09:34.6327040Z,FlyBall,v3,5435,525,,"Simoneit, Will",686766,Right,YOR,67ced324-ab71-492d-be60-f371b9928b30,54.29293,-125.67677,12.44636,5.97599,-2.62586,-11.57435,-2.6437,7.87795,-8.39312,191.238178,2.28568,111.77228,-23.59614,5.06523,-0.46061,-0.10694,0.04078,-0.00499,0.00022,2.72536,87.28014,-19.55501,1.72618,-0.48713,0.11465,-0.01306,0.0004,2E-05,-0.79297,18.06095,-0.78532,-0.38069,0.13607,-0.02348,0.00234,-0.00013,0,,,,,,,,,,,,,,,,,,,,,,,High,High,High,High,Medium,,,
14,2025-08-24,13:12:49.42,1,1,"Lebron, David",673933,Right,WES_POW,"Arocho, Jeremy",671080,Left,YOR,Undefined,1,Bottom,0,0,0,Undefined,Four-Seam,StrikeSwinging,Undefined,Undefined,Undefined,0,0,,87.51562,-2.082973,-1.497415,2262.964851,193.644089,12:30,6.32109,0.51746,4.84116,-15.23536,22.9595,5.25674,3.07769,-0.46261,79.49792,-4.969855,-0.572662,0.444809,,,,,,,,,,,,-3.00536,12.25615,-0.37403,50,6.10288,3.06189,-126.71789,-5.08423,-4.86629,26.90198,-12.32885,YOR,WES_POW,WellSpanPark,Independent,ATL,20250824-WellSpanPark-1,8e803450-810d-11f0-b79a-67802afcc1e7,84.73841,,,8.01771,,,,,,,f3c3c493-67ac-49bb-a514-6db34fe3ed0b,2025-08-24,17:12:49.42,2025-08-24T13:12:49.4253568-04:00,2025-08-24T17:12:49.4253568Z,,v3,5435,525,,"DeLuca, Joe",700593,Right,WES_POW,d356889a-1eaf-410f-acef-81faca603000,55.65542,-127.91289,13.45099,6.31656,-4.53657,-6.16442,-0.51485,3.27806,-2.43314,,,,,,,,,,,,,,,,,,,,,,,,,,,,,,,,,,,,,,,,,,,,,,,,,,,High,High,High,,,,,
15,2025-08-24,13:13:04.82,1,2,"Lebron, David",673933,Right,WES_POW,"Arocho, Jeremy",671080,Left,YOR,Undefined,1,Bottom,0,0,1,Undefined,Four-Seam,InPlay,Undefined,FlyBall,Double,0,0,,87.67174,-2.349426,-1.000103,2293.527744,202.979022,12:45,6.22899,0.35654,4.94043,-15.35985,22.53552,9.00949,2.72696,0.16203,79.71724,-5.258166,0.588355,0.443062,85.20683,44.194727,-31.734324,4070.270152,88.74651,90.32553,-64.99259,301.18008,146.69831,-41.788332,5.351533,-4.75229,12.20579,-0.26726,50,5.98885,1.79964,-127.00292,-5.69495,-7.72733,27.09702,-12.32709,YOR,WES_POW,WellSpanPark,Independent,ATL,20250824-WellSpanPark-1,97c08560-810d-11f0-b79a-67802afcc1e7,85.07261,106.27095,,7.9545,,,,1.53391,3.82256,-0.74788,f3c3c493-67ac-49bb-a514-6db34fe3ed0b,2025-08-24,17:13:04.82,2025-08-24T13:13:04.8291328-04:00,2025-08-24T17:13:04.8291328Z,FlyBall,v3,5435,525,,"DeLuca, Joe",700593,Right,WES_POW,26d5a724-61a1-4fff-8223-f2e5874e7445,55.55813,-128.1833,13.54851,6.22523,-5.15797,-6.16355,-0.35299,2.13625,-3.86367,152.142635,1.54086,76.06403,-16.12918,3.37069,-0.20129,-0.13897,0.04585,-0.00568,0.00026,3.81946,87.16578,-22.00651,2.10152,-0.35943,0.01878,0.01137,-0.00261,0.00016,-0.7489,-47.10847,3.20912,-0.27549,-0.07819,0.04215,-0.0089,0.00094,-4E-05,,,,,,,,,,,,,,,,,,,,,,,High,High,High,High,Low,,,
16,2025-08-24,13:14:00.86,2,1,"Lebron, David",673933,Right,WES_POW,"McNeely, Caleb",803001,Right,YOR,Undefined,1,Bottom,0,0,0,Undefined,Four-Seam,StrikeCalled,Undefined,Undefined,Undefined,0,1,,86.87007,-2.269828,-1.443517,2217.509986,196.581654,12:30,6.35201,0.44733,4.9472,-15.03296,23.57285,6.62681,2.9525,-0.36483,78.94901,-5.127188,-0.275391,0.447196,,,,,,,,,,,,-3.68051,12.67339,-0.31293,50,6.12009,2.86184,-125.80488,-5.44062,-5.87397,26.51441,-11.94781,YOR,WES_POW,WellSpanPark,Independent,ATL,20250824-WellSpanPark-1,b92dcd70-810d-11f0-b79a-67802afcc1e7,84.28624,,,7.92105,,,,,,,f3c3c493-67ac-49bb-a514-6db34fe3ed0b,2025-08-24,17:14:00.86,2025-08-24T13:14:00.8660000-04:00,2025-08-24T17:14:00.8660000Z,,v3,5435,525,,"DeLuca, Joe",700593,Right,WES_POW,b8f5f39b-7691-467c-8259-cb35bea4e632,55.55002,-126.9692,13.25721,6.34748,-4.91596,-5.97391,-0.44427,3.11978,-2.93698,,,,,,,,,,,,,,,,,,,,,,,,,,,,,72.6823,1.668728,0.764211,0.904517,-1.08552,2.7244,0.37568,-1.27216,6.03426,-3.51444,67.73911,10.26187,-57.25829,-1.16274,80.56466,-4.81373,6.10228,16.32063,-12.9356,-3.68654,-64.99515,6.31593,High,High,High,,,High,High,High
17,2025-08-24,13:14:32.49,2,2,"Lebron, David",673933,Right,WES_POW,"McNeely, Caleb",803001,Right,YOR,Undefined,1,Bottom,0,0,1,Undefined,Slider,InPlay,Undefined,GroundBall,Out,1,0,,83.04102,-1.541123,0.333191,2225.198448,173.92635,11:45,6.28224,0.10732,5.16601,-27.24687,13.94213,-1.35823,2.56084,0.30773,76.90586,-6.532659,0.092517,0.461915,83.5254,-7.236111,-33.948904,,,,,22.34447,22.07544,-31.120458,0.168713,0.76721,7.70119,-0.13727,50,6.11784,-0.6454,-120.63569,-4.18852,1.14326,21.00613,-20.69816,YOR,WES_POW,WellSpanPark,Independent,ATL,20250824-WellSpanPark-1,cc0430b0-810d-11f0-b79a-67802afcc1e7,81.60037,2.81922,,6.13517,,,,2.70215,2.81922,-0.16631,f3c3c493-67ac-49bb-a514-6db34fe3ed0b,2025-08-24,17:14:32.49,2025-08-24T13:14:32.4930560-04:00,2025-08-24T17:14:32.4930560Z,GroundBall,v3,5435,525,,"DeLuca, Joe",700593,Right,WES_POW,416d7fb4-dbcf-4772-b88b-2614106a8942,55.33553,-121.5612,10.50306,6.2823,-3.27657,-10.34908,-0.10773,-0.69577,0.57163,114.076215,2.70308,100.73879,-20.06662,,,,,,,2.81911,-15.42167,-7.62987,,,,,,,-0.16623,-67.87448,2.42171,,,,,,,,,,,,,,,,,,,,,,,,,,,,,High,High,High,High,High,,,
18,2025-08-24,13:15:06.15,3,1,"Lebron, David",673933,Right,WES_POW,"Simoneit, Will",686766,Right,YOR,Undefined,1,Bottom,1,0,0,Undefined,Slider,StrikeCalled,Undefined,Undefined,Undefined,0,0,,81.94307,-1.140643,-0.772241,2218.830478,170.791209,11:45,6.33188,0.11016,5.02405,-30.5045,12.21776,-1.7735,2.71324,-0.7664,75.57139,-6.710747,-1.085655,0.470434,,,,,,,,,,,,0.68028,6.7502,-0.03476,50,6.19844,1.67905,-118.93763,-3.44628,0.98137,21.29782,-22.43621,YOR,WES_POW,WellSpanPark,Independent,ATL,20250824-WellSpanPark-1,e022a450-810d-11f0-b79a-67802afcc1e7,80.12273,,,6.37169,,,,,,,f3c3c493-67ac-49bb-a514-6db34fe3ed0b,2025-08-24,17:15:06.15,2025-08-24T13:15:06.1566464-04:00,2025-08-24T17:15:06.1566464Z,,v3,5435,525,,"DeLuca, Joe",700593,Right,WES_POW,1a2603d4-31b5-440d-8580-9bd2b37f409a,55.47503,-119.91402,10.64891,6.33285,-2.4177,-11.21811,-0.1107,1.63406,0.49069,,,,,,,,,,,,,,,,,,,,,,,,,,,,,,,,,,,,,,,,,,,,,,,,,,,High,High,High,,,,,
19,2025-08-24,13:15:21.32,3,2,"Lebron, David",673933,Right,WES_POW,"Simoneit, Will",686766,Right,YOR,Undefined,1,Bottom,1,0,1,Undefined,Slider,StrikeCalled,Undefined,Undefined,Undefined,0,0,,82.87958,-0.647714,0.188398,2260.017987,167.117533,11:30,6.30548,0.12312,5.20532,-27.92061,13.20394,-2.76315,3.36957,0.07004,76.92573,-5.764051,-0.301455,0.461554,,,,,,,,,,,,1.42555,7.10508,-0.13839,50,6.22458,-0.2799,-120.46673,-2.32869,2.12733,20.00353,-21.57121,YOR,WES_POW,WellSpanPark,Independent,ATL,20250824-WellSpanPark-1,e90c70f0-810d-11f0-b79a-67802afcc1e7,81.66429,,,5.95386,,,,,,,f3c3c493-67ac-49bb-a514-6db34fe3ed0b,2025-08-24,17:15:21.32,2025-08-24T13:15:21.3209088-04:00,2025-08-24T17:15:21.3209088Z,,v3,5435,525,,"DeLuca, Joe",700593,Right,WES_POW,77638fa5-41c6-400d-8b17-05133c71e2f4,55.29495,-121.34277,10.00177,6.30587,-1.38399,-10.78561,-0.12409,-0.37306,1.06366,,,,,,,,,,,,,,,,,,,,,,,,,,,,,,,,,,,,,,,,,,,,,,,,,,,High,High,High,,,,,
20,2025-08-24,13:15:48.92,3,3,"Lebron, David",673933,Right,WES_POW,"Simoneit, Will",686766,Right,YOR,Undefined,1,Bottom,1,0,2,Undefined,Changeup,InPlay,Undefined,FlyBall,Out,1,0,,74.84684,-0.78418,-1.426502,1753.026921,238.079777,2:00,6.35861,-0.03147,4.60147,-41.84242,9.97024,13.61265,2.12569,-0.254,69.52595,-8.305138,0.961991,0.518071,90.7877,47.760379,-26.497715,4037.145634,96.55959,108.18949,-52.69002,301.71462,148.73143,-32.292524,5.972833,-7.08052,5.48233,0.16499,50,6.23904,2.16545,-108.65467,-2.94506,-8.55689,17.09115,-25.54858,YOR,WES_POW,WellSpanPark,Independent,ATL,20250824-WellSpanPark-1,f9986f00-810d-11f0-b79a-67802afcc1e7,72.75533,133.45971,,5.32089,,,,3.54619,3.03579,-0.36857,f3c3c493-67ac-49bb-a514-6db34fe3ed0b,2025-08-24,17:15:48.92,2025-08-24T13:15:48.9216512-04:00,2025-08-24T17:15:48.9216512Z,FlyBall,v3,5435,525,,"DeLuca, Joe",700593,Right,WES_POW,234e9faa-9320-462a-82e5-289768c11c82,55.90059,-109.57889,8.54557,6.36094,-1.5635,-12.77429,0.03538,2.62817,-4.27845,167.049889,3.55219,80.00003,-18.4449,4.50019,-0.73632,0.06973,-0.00211,-0.00011,0,3.03578,98.56674,-22.29113,1.75812,-0.05246,-0.09466,0.03076,-0.00407,0.0002,-0.37046,-39.90364,5.39532,-1.06927,0.12904,-0.00642,0.0003,-0.00014,1E-05,,,,,,,,,,,,,,,,,,,,,,,High,High,High,High,Low,,,
21,2025-08-24,13:16:29.41,4,1,"Lebron, David",673933,Right,WES_POW,"Fontana, Shayne",687833,Left,YOR,Undefined,1,Bottom,2,0,0,Undefined,Four-Seam,FoulBallNotFieldable,Undefined,Undefined,Undefined,0,0,,88.5153,-2.606174,-1.151275,2296.084558,198.574626,12:30,6.33077,0.12906,4.9151,-13.46237,23.75738,7.55745,2.74244,-0.32989,80.47238,-5.176379,0.18029,0.439095,84.9798,84.441272,-157.436798,4216.026824,,,,,19.84474,,,-4.09095,12.89292,-0.02343,50,6.0661,2.22551,-128.20425,-6.2472,-6.77818,27.61634,-10.81207,YOR,WES_POW,WellSpanPark,Independent,ATL,20250824-WellSpanPark-1,11b168d0-810e-11f0-b79a-67802afcc1e7,85.84124,107.65425,,8.04292,,,,2.77092,2.62302,0.3533,f3c3c493-67ac-49bb-a514-6db34fe3ed0b,2025-08-24,17:16:29.41,2025-08-24T13:16:29.4135808-04:00,2025-08-24T17:16:29.4135808Z,,v3,5435,525,,"DeLuca, Joe",700593,Right,WES_POW,5e8370a8-8c14-46b0-9982-a6f81281590f,55.58426,-129.40156,13.80817,6.32678,-5.77844,-5.40603,-0.12629,2.51938,-3.38909,358.483609,2.77091,-11.14577,-7.74706,3.54707,-2.39036,2.76027,-2.23497,0.95712,-0.16397,2.62302,124.05153,-33.71259,5.04532,-1.36654,0.73578,-0.45682,0.16698,-0.02341,0.35329,-4.63018,-5.96737,2.61444,-1.7227,1.97705,-1.5985,0.68392,-0.11703,,,,,,,,,,,,,,,,,,,,,,,High,High,High,High,Undefined,,,
22,2025-08-24,13:17:03.06,4,2,"Lebron, David",673933,Right,WES_POW,"Fontana, Shayne",687833,Left,YOR,Undefined,1,Bottom,2,0,1,Undefined,Four-Seam,InPlay,Undefined,FlyBall,Out,1,0,,87.48264,-3.190248,-1.198319,2143.820503,194.570942,12:30,6.29814,0.15059,4.88488,-15.49178,22.71824,5.56327,1.98515,-0.51967,79.57774,-6.113951,-0.218532,0.444898,87.77604,61.199636,-4.862542,4410.712045,104.25192,150.52808,-35.09322,198.1176,198.1176,-23.046682,6.092329,-3.10799,12.54446,-0.03799,50,5.97271,2.39179,-126.61813,-7.55389,-5.02094,27.03132,-11.90849,YOR,WES_POW,WellSpanPark,Independent,ATL,20250824-WellSpanPark-1,25c2e420-810e-11f0-b79a-67802afcc1e7,84.72159,150.68045,,7.9049,,,,1.82438,2.69028,0.04671,f3c3c493-67ac-49bb-a514-6db34fe3ed0b,2025-08-24,17:17:03.06,2025-08-24T13:17:03.0641152-04:00,2025-08-24T17:17:03.0641152Z,Popup,v3,5435,525,,"DeLuca, Joe",700593,Right,WES_POW,187058f3-9f77-41c3-b99a-5b1650a58ba8,55.61398,-127.81102,13.51566,6.29447,-7.02837,-5.95425,-0.14843,2.61337,-2.51047,159.238943,1.82925,61.6699,-16.58417,3.68292,-0.09381,-0.21272,0.06336,-0.00771,0.00035,2.66674,113.18976,-28.40248,4.77908,-1.59943,0.42465,-0.06873,0.00575,-0.00019,0.04271,-5.22926,-6.20281,2.00464,-0.22939,-0.06104,0.02703,-0.00378,0.00019,,,,,,,,,,,,,,,,,,,,,,,High,High,High,Medium,Low,,,
23,2025-08-24,13:19:31.15,1,1,"Vallimont, Chris",681808,Right,YOR,"Daniels, Zach",671113,Right,WES_POW,Undefined,2,Top,0,0,0,Undefined,Curveball,BallCalled,Undefined,Undefined,Undefined,0,0,,77.3936,3.143387,-0.404911,2682.052366,28.888675,7:00,6.19504,2.213,5.43153,-66.15114,-17.57859,-10.69989,3.62938,0.94212,69.64272,-8.904131,-2.311161,0.501611,,,,,,,,,,,,5.17221,-9.22154,-2.1697,50,6.42873,1.22698,-112.06812,3.81461,6.41835,24.82796,-43.61735,YOR,WES_POW,WellSpanPark,Independent,ATL,20250824-WellSpanPark-1,7dfc0900-810e-11f0-b79a-67802afcc1e7,75.1428,,,7.75087,,,,,,,f3c3c493-67ac-49bb-a514-6db34fe3ed0b,2025-08-24,17:19:31.15,2025-08-24T13:19:31.1531008-04:00,2025-08-24T17:19:31.1531008Z,,v3,5435,525,,"Simoneit, Will",686766,Right,YOR,2858ab9a-a65f-47e1-9da9-43542d868193,55.07024,-113.18582,12.41398,6.2128,5.77818,-21.80867,-2.21844,0.93804,3.20918,,,,,,,,,,,,,,,,,,,,,,,,,,,,,,,,,,,,,,,,,,,,,,,,,,,High,High,High,,,,,
24,2025-08-24,13:19:51.16,1,2,"Vallimont, Chris",681808,Right,YOR,"Daniels, Zach",671113,Right,WES_POW,Undefined,2,Top,0,1,0,Undefined,Four-Seam,FoulBallNotFieldable,Undefined,Undefined,Undefined,0,0,,91.49115,-2.813899,-2.330248,2250.219461,213.826602,1:15,6.27229,2.1876,5.98221,-13.8917,20.12765,12.60635,2.50211,1.07697,81.97042,-5.524148,-0.065731,0.419792,117.02629,28.464288,-47.820165,3987.486726,69.13506,51.68261,-85.5588,347.96708,167.39363,-60.450437,3.816026,-7.30016,11.68855,-2.01054,50,6.04226,4.84754,-132.44208,-6.87344,-12.68454,34.02171,-11.86439,YOR,WES_POW,WellSpanPark,Independent,ATL,20250824-WellSpanPark-1,89f2a070-810e-11f0-b79a-67802afcc1e7,89.7883,68.05594,,9.52073,,,,2.33908,2.54993,-0.91057,f3c3c493-67ac-49bb-a514-6db34fe3ed0b,2025-08-24,17:19:51.16,2025-08-24T13:19:51.1616000-04:00,2025-08-24T17:19:51.1616000Z,FlyBall,v3,5435,525,,"Simoneit, Will",686766,Right,YOR,bf33f10a-1861-4c67-8821-e02fa3e047a8,54.51594,-133.5971,17.01085,6.26878,-6.47065,-5.9322,-2.18242,5.27817,-6.34227,,2.3394,101.30216,-33.09575,9.96411,-2.64608,0.559,-0.07844,0.00573,-0.00012,2.54999,81.80412,-31.38544,4.87811,-1.17359,0.28644,-0.06086,0.0084,-0.00051,-0.91065,-111.81315,16.42303,-3.91816,0.93333,-0.21261,0.03905,-0.00457,0.00024,,,,,,,,,,,,,,,,,,,,,,,High,High,High,High,Low,,,
25,2025-08-24,13:20:14.22,1,3,"Vallimont, Chris",681808,Right,YOR,"Daniels, Zach",671113,Right,WES_POW,Undefined,2,Top,0,1,1,Undefined,Changeup,StrikeSwinging,Undefined,Undefined,Undefined,0,0,,85.99083,-2.07866,-4.461541,2356.365066,238.938345,2:00,5.95763,2.43988,6.27265,-25.40029,12.21701,18.15946,1.91804,-0.16806,78.31299,-6.8591,-1.18887,0.441433,,,,,,,,,,,,-10.69851,7.3367,-2.11771,50,5.79109,9.00346,-124.52825,-5.28046,-16.71082,26.24096,-20.71429,YOR,WES_POW,WellSpanPark,Independent,ATL,20250824-WellSpanPark-1,97b9b220-810e-11f0-b79a-67802afcc1e7,85.38648,,,7.67784,,,,,,,f3c3c493-67ac-49bb-a514-6db34fe3ed0b,2025-08-24,17:20:14.22,2025-08-24T13:20:14.2295040-04:00,2025-08-24T17:20:14.2295040Z,,v3,5435,525,,"Simoneit, Will",686766,Right,YOR,af593261-de03-4518-906c-edbfec35af26,54.22689,-125.41579,13.12048,5.95784,-4.57985,-10.35715,-2.43179,9.56866,-8.35541,,,,,,,,,,,,,,,,,,,,,,,,,,,,,,,,,,,,,,,,,,,,,,,,,,,High,High,High,,,,,
26,2025-08-24,13:21:15.71,1,4,"Vallimont, Chris",681808,Right,YOR,"Daniels, Zach",671113,Right,WES_POW,Undefined,2,Top,0,1,2,Undefined,,StrikeCalled,Strikeout,Undefined,Undefined,0,0,,,,,,,,,,,,,,,,,,,,,,,,,,,,,,,,,,,,,,,,,,YOR,WES_POW,WellSpanPark,Independent,ATL,20250824-WellSpanPark-1,acc767c0-810e-11f0-b79a-67802afcc1e7,,,,,,,,,,,f3c3c493-67ac-49bb-a514-6db34fe3ed0b,2025-08-24,17:21:15.71,2025-08-24T13:21:15.7132160-04:00,2025-08-24T17:21:15.7132160Z,,v3,5435,525,,"Simoneit, Will",686766,Right,YOR,,,,,,,,,,,,,,,,,,,,,,,,,,,,,,,,,,,,,,,,,,,,,,,,,,,,,,,,,,,,,,,,,,,,
27,2025-08-24,13:21:16.71,2,1,"Vallimont, Chris",681808,Right,YOR,"DeLuca, Joe",700593,Left,WES_POW,Undefined,2,Top,1,0,0,Undefined,Changeup,BallCalled,Undefined,Undefined,Undefined,0,0,,86.76557,-1.158773,-5.040382,2385.765891,236.959894,2:00,5.93487,2.31582,6.24201,-24.78474,12.3667,17.01249,2.79634,-0.9277,78.59461,-5.839329,-1.98196,0.438691,,,,,,,,,,,,-10.25985,7.14556,-1.9472,50,5.83607,10.38044,-125.53153,-3.28218,-16.23204,27.43082,-20.86907,YOR,WES_POW,WellSpanPark,Independent,ATL,20250824-WellSpanPark-1,bcf937e0-810e-11f0-b79a-67802afcc1e7,85.92015,,,8.17096,,,,,,,f3c3c493-67ac-49bb-a514-6db34fe3ed0b,2025-08-24,17:21:16.71,2025-08-24T13:21:16.7132160-04:00,2025-08-24T17:21:16.7132160Z,,v3,5435,525,,"Simoneit, Will",686766,Right,YOR,c6ea2c9b-e5aa-43db-806d-8971f9b0df7b,54.25593,-126.4581,13.71541,5.93504,-2.57725,-10.43454,-2.3071,10.92874,-8.11602,,,,,,,,,,,,,,,,,,,,,,,,,,,,,,,,,,,,,,,,,,,,,,,,,,,High,High,High,,,,,
28,2025-08-24,13:21:38.43,2,2,"Vallimont, Chris",681808,Right,YOR,"DeLuca, Joe",700593,Left,WES_POW,Undefined,2,Top,1,1,0,Undefined,Changeup,BallCalled,Undefined,Undefined,Undefined,0,0,,86.36049,-2.508324,-4.600951,2298.694017,235.160182,1:45,5.90628,2.33097,6.31591,-24.92698,12.61178,16.163,1.50967,-0.56919,78.14611,-7.216649,-1.686756,0.440972,,,,,,,,,,,,-9.82875,7.74867,-2.00084,50,5.71023,9.41714,-124.91687,-6.21122,-15.33079,28.18007,-20.08772,YOR,WES_POW,WellSpanPark,Independent,ATL,20250824-WellSpanPark-1,c9e245a0-810e-11f0-b79a-67802afcc1e7,85.47578,,,8.21438,,,,,,,f3c3c493-67ac-49bb-a514-6db34fe3ed0b,2025-08-24,17:21:38.43,2025-08-24T13:21:38.4368640-04:00,2025-08-24T17:21:38.4368640Z,,v3,5435,525,,"Simoneit, Will",686766,Right,YOR,2d3e38cf-98fd-45fc-9faf-9ded7ffb28cf,54.18254,-125.85688,14.09003,5.90624,-5.54115,-10.04386,-2.3235,9.92852,-7.66539,,,,,,,,,,,,,,,,,,,,,,,,,,,,,,,,,,,,,,,,,,,,,,,,,,,High,High,High,,,,,
29,2025-08-24,13:22:00.64,2,3,"Vallimont, Chris",681808,Right,YOR,"DeLuca, Joe",700593,Left,WES_POW,Undefined,2,Top,1,2,0,Undefined,Four-Seam,FoulBallNotFieldable,Undefined,Undefined,Undefined,0,0,,92.65917,-2.685599,-2.675235,2239.398408,212.711136,1:00,6.36347,1.97939,5.8906,-13.05316,19.60639,11.90631,2.77751,0.48575,84.54299,-5.19839,-0.541207,0.411317,81.36574,49.995386,-125.175508,5151.311295,,,,,48.80314,,,-6.85335,11.1169,-1.77057,50,6.13921,5.7566,-134.34781,-6.66749,-12.51259,29.39052,-11.87717,YOR,WES_POW,WellSpanPark,Independent,ATL,20250824-WellSpanPark-1,d71be460-810e-11f0-b79a-67802afcc1e7,91.63846,50.39486,,8.11618,,,,0.50511,2.81327,-0.58748,f3c3c493-67ac-49bb-a514-6db34fe3ed0b,2025-08-24,17:22:00.64,2025-08-24T13:22:00.6438912-04:00,2025-08-24T17:22:00.6438912Z,,v3,5435,525,,"Simoneit, Will",686766,Right,YOR,41401a55-82ae-42fb-ad1c-009b09b3f678,54.60932,-135.35241,14.69526,6.36017,-6.26152,-5.93858,-1.97464,6.1843,-6.25629,,0.50511,-44.19432,-6.26996,3.95115,-1.33496,0.394,-0.10528,0.02528,-0.0037,2.81327,91.41067,-34.51313,5.6318,-1.27378,0.26199,-0.05383,0.01092,-0.00149,-0.58748,-62.70634,13.43179,-1.97343,0.24255,0.01303,-0.01459,0.00561,-0.00103,,,,,,,,,,,,,,,,,,,,,,,High,High,High,High,Undefined,,,
30,2025-08-24,13:22:25.22,2,4,"Vallimont, Chris",681808,Right,YOR,"DeLuca, Joe",700593,Left,WES_POW,Undefined,2,Top,1,2,1,Undefined,Cutter,StrikeSwinging,Undefined,Undefined,Undefined,0,0,,88.86907,-1.646955,-2.894405,2641.089538,168.070762,11:30,6.06878,2.38206,5.7877,-25.60442,9.93091,-1.86559,2.4005,-0.46842,81.59277,-6.38952,-3.22802,0.429044,,,,,,,,,,,,0.15886,5.86063,-2.1423,50,5.91756,6.59699,-128.90013,-4.58142,0.26778,26.33374,-22.29571,YOR,WES_POW,WellSpanPark,Independent,ATL,20250824-WellSpanPark-1,e5ce4070-810e-11f0-b79a-67802afcc1e7,87.85221,,,7.2763,,,,,,,f3c3c493-67ac-49bb-a514-6db34fe3ed0b,2025-08-24,17:22:25.22,2025-08-24T13:22:25.2238336-04:00,2025-08-24T17:22:25.2238336Z,,v3,5435,525,,"Simoneit, Will",686766,Right,YOR,4db42f72-ef02-44d3-891e-4b29ed8c2551,54.71114,-129.85903,13.16687,6.0696,-3.76956,-11.14785,-2.38234,6.58724,0.13389,,,,,,,,,,,,,,,,,,,,,,,,,,,,,,,,,,,,,,,,,,,,,,,,,,,High,High,High,,,,,
31,2025-08-24,13:23:02.22,2,5,"Vallimont, Chris",681808,Right,YOR,"DeLuca, Joe",700593,Left,WES_POW,Undefined,2,Top,1,2,2,Undefined,Changeup,StrikeSwinging,Strikeout,Undefined,Undefined,0,0,,86.32295,-0.736334,-3.394418,2306.224885,251.861792,2:30,6.02328,2.27353,6.35073,-29.59029,7.70587,19.52536,2.87841,0.77244,78.18877,-6.299723,0.136921,0.439545,,,,,,,,,,,,-11.1291,4.6504,-2.0351,50,5.95617,6.64717,-125.18848,-2.51555,-17.45808,27.99001,-24.879,YOR,WES_POW,WellSpanPark,Independent,ATL,20250824-WellSpanPark-1,fbdd6080-810e-11f0-b79a-67802afcc1e7,85.75328,,,8.13418,,,,,,,f3c3c493-67ac-49bb-a514-6db34fe3ed0b,2025-08-24,17:23:02.22,2025-08-24T13:23:02.2200000-04:00,2025-08-24T17:23:02.2200000Z,,v3,5435,525,,"Simoneit, Will",686766,Right,YOR,24edd104-cac0-487d-b937-14d75f846543,54.14788,-126.11247,13.99501,6.02566,-1.69426,-12.4395,-2.26404,7.22348,-8.72904,,,,,,,,,,,,,,,,,,,,,,,,,,,,,61.74728,,,1.113623,,,,-3.53636,7.01067,5.29775,66.74832,10.06342,58.24023,-3.35867,71.103,-7.25507,7.07942,17.59966,-13.37001,5.33613,50.24955,-2.4495,High,High,High,,,High,High,High
32,2025-08-24,13:23:36.16,3,1,"Vallimont, Chris",681808,Right,YOR,"Alonso, Alan",836017,Right,WES_POW,Undefined,2,Top,2,0,0,Undefined,Cutter,BallCalled,Undefined,Undefined,Undefined,0,0,,88.35166,0.334793,-1.113566,2731.235203,154.435559,11:15,6.16968,2.38839,5.63884,-25.85234,9.93567,-4.26666,4.32771,0.99384,81.47108,-4.450081,-1.875453,0.430566,,,,,,,,,,,,1.87902,5.28083,-2.29102,50,6.18162,2.68055,-128.41006,-0.14889,3.16804,24.15539,-23.27045,YOR,WES_POW,WellSpanPark,Independent,ATL,20250824-WellSpanPark-1,0ffbd420-810f-11f0-b79a-67802afcc1e7,87.54154,,,6.88059,,,,,,,f3c3c493-67ac-49bb-a514-6db34fe3ed0b,2025-08-24,17:23:36.16,2025-08-24T13:23:36.1687552-04:00,2025-08-24T17:23:36.1687552Z,,v3,5435,525,,"Simoneit, Will",686766,Right,YOR,5afc3e6c-489d-4f30-8be2-58cc0ca5abce,54.8608,-129.3212,12.0777,6.17068,0.72887,-11.63522,-2.38987,2.56106,1.58402,,,,,,,,,,,,,,,,,,,,,,,,,,,,,,,,,,,,,,,,,,,,,,,,,,,High,High,High,,,,,
33,2025-08-24,13:23:52.90,3,2,"Vallimont, Chris",681808,Right,YOR,"Alonso, Alan",836017,Right,WES_POW,Undefined,2,Top,2,1,0,Undefined,Four-Seam,BallCalled,Undefined,Undefined,Undefined,0,0,,94.0972,-3.70573,-3.800657,2308.497113,210.528529,1:00,6.29696,2.06892,5.65603,-12.23548,20.10253,11.17434,1.80885,-0.54966,85.17871,-6.071053,-1.810357,0.409287,,,,,,,,,,,,-6.75489,11.60489,-1.75357,50,5.97437,8.50155,-135.94935,-9.15301,-12.53903,32.06754,-10.63195,YOR,WES_POW,WellSpanPark,Independent,ATL,20250824-WellSpanPark-1,1a0da600-810f-11f0-b79a-67802afcc1e7,92.09286,,,8.91849,,,,,,,f3c3c493-67ac-49bb-a514-6db34fe3ed0b,2025-08-24,17:23:52.90,2025-08-24T13:23:52.9004544-04:00,2025-08-24T17:23:52.9004544Z,,v3,5435,525,,"Simoneit, Will",686766,Right,YOR,1775042c-b801-47c3-a262-7a52a047b845,54.84078,-137.08643,16.03377,6.29225,-8.77601,-5.31597,-2.0629,8.94616,-6.26952,,,,,,,,,,,,,,,,,,,,,,,,,,,,,,,,,,,,,,,,,,,,,,,,,,,High,High,High,,,,,
34,2025-08-24,13:24:14.20,3,3,"Vallimont, Chris",681808,Right,YOR,"Alonso, Alan",836017,Right,WES_POW,Undefined,2,Top,2,2,0,Undefined,Four-Seam,InPlay,Undefined,FlyBall,Out,1,0,,93.41362,-2.59683,-3.139605,2309.117338,216.8597,1:15,6.35655,1.91351,5.68362,-14.41513,18.34399,12.86631,2.72939,0.05623,84.32572,-5.363811,-0.843574,0.411943,96.00774,57.687506,-14.972334,3971.22719,106.03865,162.41644,-29.25395,229.49599,98.59149,-15.559675,6.595337,-7.54713,10.48623,-1.65729,50,6.12877,6.83324,-135.20765,-6.57271,-13.79809,32.88307,-13.00253,YOR,WES_POW,WellSpanPark,Independent,ATL,20250824-WellSpanPark-1,26b90e80-810f-11f0-b79a-67802afcc1e7,91.49912,173.79964,,9.0879,,,,1.65369,2.88528,-0.70093,f3c3c493-67ac-49bb-a514-6db34fe3ed0b,2025-08-24,17:24:14.20,2025-08-24T13:24:14.2035456-04:00,2025-08-24T17:24:14.2035456Z,Popup,v3,5435,525,,"Simoneit, Will",686766,Right,YOR,d1e6ae05-7d84-42fd-9094-ce020db719dd,54.81547,-136.37377,16.44154,6.35368,-6.1116,-6.50126,-1.90829,7.32256,-6.89905,179.424945,1.68189,72.2615,-19.20325,3.98102,-0.12159,-0.15926,0.04166,-0.00446,0.00018,2.86264,119.31861,-27.27594,3.90318,-0.98243,0.1895,-0.02278,0.00135,-3E-05,-0.70839,-19.3267,4.90547,-0.9909,0.01745,0.04463,-0.01129,0.00119,-5E-05,,,,,,,,,,,,,,,,,,,,,,,High,High,High,Medium,Low,,,
35,2025-08-24,13:26:49.36,1,1,"Lebron, David",673933,Right,WES_POW,"Lewis, Brandon",686781,Right,YOR,Undefined,2,Bottom,0,0,0,Undefined,Four-Seam,StrikeSwinging,Undefined,Undefined,Undefined,0,0,,86.2784,-2.370882,-2.047608,2151.062141,189.699557,12:15,6.35179,0.31151,4.90935,-19.45564,19.97643,3.17406,2.48575,-1.36113,78.1187,-6.011456,-1.488675,0.451956,,,,,,,,,,,,-2.17976,10.96603,-0.11412,50,6.1045,4.31332,-124.7986,-5.81612,-3.40583,27.29107,-15.04002,YOR,WES_POW,WellSpanPark,Independent,ATL,20250824-WellSpanPark-1,83266730-810f-11f0-b79a-67802afcc1e7,83.39843,,,8.15969,,,,,,,f3c3c493-67ac-49bb-a514-6db34fe3ed0b,2025-08-24,17:26:49.36,2025-08-24T13:26:49.3622272-04:00,2025-08-24T17:26:49.3622272Z,,v3,5435,525,,"DeLuca, Joe",700593,Right,WES_POW,2ee2bd0b-55ea-46fc-85d7-d94f6a00d4c9,55.58627,-126.01429,13.64553,6.34866,-5.14616,-7.52001,-0.30964,4.46504,-1.70292,,,,,,,,,,,,,,,,,,,,,,,,,,,,,,,,,,,,,,,,,,,,,,,,,,,High,High,High,,,,,
36,2025-08-24,13:27:05.33,1,2,"Lebron, David",673933,Right,WES_POW,"Lewis, Brandon",686781,Right,YOR,Undefined,2,Bottom,0,0,1,Undefined,Four-Seam,InPlay,Undefined,GroundBall,Out,1,0,,87.40111,-1.839152,-0.349946,2194.208866,192.491499,12:30,6.48474,-0.03091,4.88897,-15.64812,22.60911,4.71654,3.44025,0.03108,79.27759,-4.805775,0.480892,0.445172,80.00169,6.025541,-36.249755,3520.809366,,,,76.03256,72.22302,-36.038305,0.684945,-2.45799,12.138,0.06094,50,6.29238,0.55843,-126.64147,-4.56928,-3.96218,27.65799,-12.60823,YOR,WES_POW,WellSpanPark,Independent,ATL,20250824-WellSpanPark-1,8cba0860-810f-11f0-b79a-67802afcc1e7,84.66932,4.83533,,8.12352,,,,3.41095,3.4279,0.22463,f3c3c493-67ac-49bb-a514-6db34fe3ed0b,2025-08-24,17:27:05.33,2025-08-24T13:27:05.3330944-04:00,2025-08-24T17:27:05.3330944Z,GroundBall,v3,5435,525,,"DeLuca, Joe",700593,Right,WES_POW,78d35141-2198-48ed-a8e9-018b5bceb02a,55.61062,-127.86093,13.829,6.48159,-4.01337,-6.30411,0.03247,0.73312,-1.98109,31.430495,3.42903,93.74518,-13.16074,,,,,,,3.47726,11.34075,-24.06673,,,,,,,0.22998,-69.10573,5.0451,,,,,,,,,,,,,,,,,,,,,,,,,,,,,High,High,High,High,High,,,
37,2025-08-24,13:27:44.17,2,1,"Lebron, David",673933,Right,WES_POW,"Higgins, Ryan",696287,Right,YOR,Undefined,2,Bottom,1,0,0,Undefined,Four-Seam,BallCalled,Undefined,Undefined,Undefined,0,0,,87.85639,-1.460875,-1.272696,2155.218132,190.081159,12:15,6.37051,0.27561,4.9868,-18.1017,19.66371,3.26347,3.48189,-0.65444,79.62092,-4.864917,-0.696918,0.442302,,,,,,,,,,,,-1.98256,10.52229,-0.1557,50,6.21572,2.67243,-127.24797,-3.84311,-3.22758,27.84209,-15.04408,YOR,WES_POW,WellSpanPark,Independent,ATL,20250824-WellSpanPark-1,a3cd7910-810f-11f0-b79a-67802afcc1e7,85.21883,,,8.23548,,,,,,,f3c3c493-67ac-49bb-a514-6db34fe3ed0b,2025-08-24,17:27:44.17,2025-08-24T13:27:44.1793536-04:00,2025-08-24T17:27:44.1793536Z,,v3,5435,525,,"DeLuca, Joe",700593,Right,WES_POW,6be05d20-5557-4c94-a7a2-6a9501acd8a5,55.50913,-128.44772,13.92104,6.36736,-3.19485,-7.52204,-0.27386,2.81151,-1.61379,,,,,,,,,,,,,,,,,,,,,,,,,,,,,,,,,,,,,,,,,,,,,,,,,,,High,High,High,,,,,
38,2025-08-24,13:27:55.73,2,2,"Lebron, David",673933,Right,WES_POW,"Higgins, Ryan",696287,Right,YOR,Undefined,2,Bottom,1,1,0,Undefined,Four-Seam,InPlay,Undefined,GroundBall,Out,1,0,,86.22021,-3.225722,-1.612213,2168.162128,190.393145,12:15,6.30562,0.5622,4.99948,-16.15233,23.173,3.99355,1.90983,-0.62746,78.18128,-6.283839,-0.907608,0.451344,61.44193,-37.677378,35.870879,,,,,5.64041,5.64041,22.772598,0.03769,-2.48075,12.89198,-0.41063,50,5.98308,3.33166,-124.73655,-7.5318,-3.87399,27.16059,-12.04183,YOR,WES_POW,WellSpanPark,Independent,ATL,20250824-WellSpanPark-1,aac89510-810f-11f0-b79a-67802afcc1e7,83.51156,2.08417,,8.03893,,,,3.01378,2.08417,0.60186,f3c3c493-67ac-49bb-a514-6db34fe3ed0b,2025-08-24,17:27:55.73,2025-08-24T13:27:55.7376512-04:00,2025-08-24T17:27:55.7376512Z,GroundBall,v3,5435,525,,"DeLuca, Joe",700593,Right,WES_POW,448a76f4-4e7b-479c-9257-e627e0c79f6c,55.49915,-125.92827,13.5803,6.30196,-7.00345,-6.02091,-0.56054,3.50163,-1.93699,,3.01239,58.02534,,,,,,,,2.0855,-55.29842,,,,,,,,0.60086,41.95841,,,,,,,,,,,,,,,,,,,,,,,,,,,,,,High,High,High,Estimated,Estimated,,,
39,2025-08-24,13:28:34.19,3,1,"Lebron, David",673933,Right,WES_POW,"Alleyne, Bubba",804588,Left,YOR,Undefined,2,Bottom,2,0,0,Undefined,Four-Seam,BallCalled,Undefined,Undefined,Undefined,0,0,,87.5171,-1.440859,-0.064905,2154.869962,195.89369,12:30,6.35353,0.67624,4.90654,-15.6693,22.27312,5.98677,3.68485,1.11376,79.71666,-4.402917,0.989995,0.443337,,,,,,,,,,,,-2.96748,11.76005,-0.67516,50,6.20046,-0.13644,-126.87481,-3.68873,-4.82882,26.36952,-13.03761,YOR,WES_POW,WellSpanPark,Independent,ATL,20250824-WellSpanPark-1,c1bf5600-810f-11f0-b79a-67802afcc1e7,85.01984,,,7.80044,,,,,,,f3c3c493-67ac-49bb-a514-6db34fe3ed0b,2025-08-24,17:28:34.19,2025-08-24T13:28:34.1933056-04:00,2025-08-24T17:28:34.1933056Z,,v3,5435,525,,"DeLuca, Joe",700593,Right,WES_POW,1a2a5953-94ca-4a40-8f56-e7bf769270b5,55.59132,-128.03163,13.18476,6.34973,-3.11678,-6.51881,-0.67383,0.0754,-2.41441,,,,,,,,,,,,,,,,,,,,,,,,,,,,,,,,,,,,,,,,,,,,,,,,,,,High,High,High,,,,,
40,2025-08-24,13:28:47.06,3,2,"Lebron, David",673933,Right,WES_POW,"Alleyne, Bubba",804588,Left,YOR,Undefined,2,Bottom,2,1,0,Undefined,Four-Seam,BallCalled,Undefined,Undefined,Undefined,0,0,,88.11272,-3.050704,-2.275793,2138.124939,195.13438,12:30,6.35904,0.39736,4.92797,-15.91836,21.69422,5.51941,2.1436,-1.29519,80.18016,-6.048065,-1.303865,0.441406,,,,,,,,,,,,-3.38398,11.97446,-0.18046,50,6.04914,4.80791,-127.47974,-7.31321,-5.54727,27.14524,-12.54463,YOR,WES_POW,WellSpanPark,Independent,ATL,20250824-WellSpanPark-1,c95ccc80-810f-11f0-b79a-67802afcc1e7,85.39182,,,7.93257,,,,,,,f3c3c493-67ac-49bb-a514-6db34fe3ed0b,2025-08-24,17:28:47.06,2025-08-24T13:28:47.0605312-04:00,2025-08-24T17:28:47.0605312Z,,v3,5435,525,,"DeLuca, Joe",700593,Right,WES_POW,240b95a5-1720-489e-baac-a70296c2b415,55.57008,-128.66035,13.57262,6.35534,-6.76761,-6.27231,-0.39481,5.04918,-2.77364,,,,,,,,,,,,,,,,,,,,,,,,,,,,,,,,,,,,,,,,,,,,,,,,,,,High,High,High,,,,,
41,2025-08-24,13:29:01.28,3,3,"Lebron, David",673933,Right,WES_POW,"Alleyne, Bubba",804588,Left,YOR,Undefined,2,Bottom,2,2,0,Undefined,Four-Seam,FoulBallNotFieldable,Undefined,Undefined,Undefined,0,0,,87.23779,-2.495628,-1.381222,2157.603392,195.841962,12:30,6.34479,0.20865,4.87105,-16.43076,21.84911,5.83961,2.61172,-0.61204,79.57593,-5.581995,-0.353136,0.445304,68.9098,31.421925,-166.623872,2262.73268,-107.37769,36.61381,-23.87455,203.87257,61.54789,-168.445604,2.845848,-3.29784,11.89304,-0.07807,50,6.0862,2.78119,-126.38625,-6.05414,-5.32463,26.18903,-12.97171,YOR,WES_POW,WellSpanPark,Independent,ATL,20250824-WellSpanPark-1,d1dd5000-810f-11f0-b79a-67802afcc1e7,84.64427,36.73579,,7.66186,,,,3.30155,2.85109,0.58802,f3c3c493-67ac-49bb-a514-6db34fe3ed0b,2025-08-24,17:29:01.28,2025-08-24T13:29:01.2850176-04:00,2025-08-24T17:29:01.2850176Z,FlyBall,v3,5435,525,,"DeLuca, Joe",700593,Right,WES_POW,50874344-c5fa-4f54-b752-2e1112785945,55.62889,-127.54731,13.09451,6.34185,-5.47905,-6.48586,-0.2066,3.01725,-2.66231,17.417887,3.30109,-83.88715,4.76191,-0.04929,-0.33978,0.29471,-0.10303,0.01571,-0.00081,2.85111,52.68674,-22.39174,1.61744,0.03683,-0.23778,0.12182,-0.02764,0.0024,0.58783,-19.94446,2.13362,-0.05174,-0.1549,0.13577,-0.04846,0.00774,-0.00044,,,,,,,,,,,,,,,,,,,,,,,High,High,High,High,Low,,,
42,2025-08-24,13:29:18.29,3,4,"Lebron, David",673933,Right,WES_POW,"Alleyne, Bubba",804588,Left,YOR,Undefined,2,Bottom,2,2,1,Undefined,Four-Seam,BallCalled,Undefined,Undefined,Undefined,0,0,,87.2192,-3.560493,-2.590094,2139.077367,207.405926,1:00,6.30942,0.45091,4.8984,-20.31285,18.49568,8.84658,1.24123,-1.26337,78.85535,-7.339966,-1.032602,0.448368,,,,,,,,,,,,-5.17957,10.65556,-0.20503,50,5.94395,5.28596,-125.96704,-8.5464,-8.21809,28.58106,-15.2676,YOR,WES_POW,WellSpanPark,Independent,ATL,20250824-WellSpanPark-1,dbfc4140-810f-11f0-b79a-67802afcc1e7,84.06578,,,8.36386,,,,,,,f3c3c493-67ac-49bb-a514-6db34fe3ed0b,2025-08-24,17:29:18.29,2025-08-24T13:29:18.2962176-04:00,2025-08-24T17:29:18.2962176Z,,v3,5435,525,,"DeLuca, Joe",700593,Right,WES_POW,6abb2eb8-c3a4-470f-9d6c-a4b5158e1fc1,55.59874,-127.23102,14.29053,6.30698,-7.8712,-7.6338,-0.44684,5.6494,-4.10905,,,,,,,,,,,,,,,,,,,,,,,,,,,,,,,,,,,,,,,,,,,,,,,,,,,High,High,High,,,,,
43,2025-08-24,13:29:31.21,3,5,"Lebron, David",673933,Right,WES_POW,"Alleyne, Bubba",804588,Left,YOR,Undefined,2,Bottom,2,3,1,Undefined,Four-Seam,InPlay,Undefined,GroundBall,Out,1,0,,87.80967,-3.907743,-1.410138,2174.547755,204.659522,12:45,6.30917,0.42123,4.98508,-17.45729,20.69627,8.85197,1.15735,-0.17301,79.34974,-7.188495,0.152212,0.444569,75.5358,5.588046,41.212643,2644.252731,,,,86.85807,82.26728,42.056171,0.835723,-4.87622,11.93064,-0.29305,50,5.91869,2.7211,-126.90192,-9.24521,-7.8414,29.33126,-12.98859,YOR,WES_POW,WellSpanPark,Independent,ATL,20250824-WellSpanPark-1,e3ad8de0-810f-11f0-b79a-67802afcc1e7,84.78424,3.47939,,8.45993,,,,3.9308,1.62777,0.0557,f3c3c493-67ac-49bb-a514-6db34fe3ed0b,2025-08-24,17:29:31.21,2025-08-24T13:29:31.2172544-04:00,2025-08-24T17:29:31.2172544Z,GroundBall,v3,5435,525,,"DeLuca, Joe",700593,Right,WES_POW,5f6f9bff-55fe-411f-a9ef-447b53141882,55.51388,-128.17002,14.66563,6.30626,-8.68366,-6.49429,-0.41802,3.06011,-3.9207,,3.98337,82.0871,-11.65792,,,,,,,1.65208,10.39617,-14.83811,,,,,,,0.05918,72.59062,-3.64481,,,,,,,,,,,,,,,,,,,,,,,,,,,,,High,High,High,High,High,,,
44,2025-08-24,13:31:54.51,1,1,"Vallimont, Chris",681808,Right,YOR,"Blackwell, Benjamin",701295,Right,WES_POW,Undefined,3,Top,0,0,0,Undefined,Four-Seam,FoulBallNotFieldable,Undefined,Undefined,Undefined,0,0,,91.02073,-2.353458,-2.17382,2236.678062,205.637232,12:45,6.36801,1.94045,5.98283,-15.20261,18.68954,8.41123,2.91687,0.62547,82.62703,-5.2723,-0.662794,0.419007,70.79353,26.05147,130.32309,4339.024479,,,,,57.60812,,,-4.96429,10.64229,-1.77329,50,6.17352,4.64816,-131.97362,-5.84897,-8.69124,30.00467,-13.54199,YOR,WES_POW,WellSpanPark,Independent,ATL,20250824-WellSpanPark-1,3919d720-8110-11f0-b79a-67802afcc1e7,89.95663,24.81285,,8.3937,,,,-0.2358,2.805,-0.60524,f3c3c493-67ac-49bb-a514-6db34fe3ed0b,2025-08-24,17:31:54.51,2025-08-24T13:31:54.5114624-04:00,2025-08-24T17:31:54.5114624Z,,v3,5435,525,,"Simoneit, Will",686766,Right,YOR,a330ef44-c941-41b2-bcf7-8eaa2f263f31,54.51556,-132.99629,15.00234,6.36501,-5.38741,-6.77099,-1.93676,4.94439,-4.34562,283.87058,-0.2358,-60.36167,0.78061,0.56881,-1.66043,5.28504,-9.04041,7.8271,-2.73206,2.805,45.59996,-19.9852,1.64625,0.11162,-1.45934,2.62077,-2.28394,0.79925,-0.60524,71.11854,-14.31249,2.96987,-1.88184,4.58389,-7.68871,6.62303,-2.30527,,,,,,,,,,,,,,,,,,,,,,,High,High,High,High,Undefined,,,
45,2025-08-24,13:32:15.05,1,2,"Vallimont, Chris",681808,Right,YOR,"Blackwell, Benjamin",701295,Right,WES_POW,Undefined,3,Top,0,0,1,Undefined,Changeup,BallCalled,Undefined,Undefined,Undefined,0,0,,85.4325,-2.640088,-4.824178,2340.5326,241.803641,2:00,5.82977,2.35972,6.44042,-26.91667,11.03174,18.15304,1.15031,-0.57111,77.867,-7.701387,-1.54353,0.443372,,,,,,,,,,,,-10.90225,6.93748,-2.02403,50,5.62946,9.75054,-123.64517,-6.49419,-16.77448,26.05956,-21.49986,YOR,WES_POW,WellSpanPark,Independent,ATL,20250824-WellSpanPark-1,45571480-8110-11f0-b79a-67802afcc1e7,85.01312,,,7.56551,,,,,,,f3c3c493-67ac-49bb-a514-6db34fe3ed0b,2025-08-24,17:32:15.05,2025-08-24T13:32:15.0599168-04:00,2025-08-24T17:32:15.0599168Z,,v3,5435,525,,"Simoneit, Will",686766,Right,YOR,e592901a-38f8-471b-baba-5cddfb65e4d0,54.05967,-124.49785,13.02978,5.83044,-5.79071,-10.74993,-2.35205,10.29941,-8.38724,,,,,,,,,,,,,,,,,,,,,,,,,,,,,,,,,,,,,,,,,,,,,,,,,,,High,High,High,,,,,
46,2025-08-24,13:32:33.75,1,3,"Vallimont, Chris",681808,Right,YOR,"Blackwell, Benjamin",701295,Right,WES_POW,Undefined,3,Top,0,1,1,Undefined,Changeup,StrikeCalled,Undefined,Undefined,Undefined,0,0,,85.00948,-2.304434,-4.002488,2392.322867,234.96508,1:45,5.92195,2.21967,6.45217,-25.58848,12.60012,16.13013,1.66611,-0.11932,77.51959,-7.132863,-1.083014,0.444773,,,,,,,,,,,,-9.57815,7.65394,-1.94246,50,5.74686,8.01111,-123.1917,-5.68619,-14.64125,25.6831,-20.47415,YOR,WES_POW,WellSpanPark,Independent,ATL,20250824-WellSpanPark-1,5086b270-8110-11f0-b79a-67802afcc1e7,84.74534,,,7.48989,,,,,,,f3c3c493-67ac-49bb-a514-6db34fe3ed0b,2025-08-24,17:32:33.75,2025-08-24T13:32:33.7545216-04:00,2025-08-24T17:32:33.7545216Z,,v3,5435,525,,"Simoneit, Will",686766,Right,YOR,377d2ec6-526a-488a-8f08-80e91e45e90a,54.04719,-124.0326,12.84155,5.92206,-5.01584,-10.23707,-2.2126,8.49048,-7.32063,,,,,,,,,,,,,,,,,,,,,,,,,,,,,,,,,,,,,,,,,,,,,,,,,,,High,High,High,,,,,
47,2025-08-24,13:32:54.94,1,4,"Vallimont, Chris",681808,Right,YOR,"Blackwell, Benjamin",701295,Right,WES_POW,Undefined,3,Top,0,1,2,Undefined,Curveball,StrikeSwinging,Strikeout,Undefined,Undefined,0,0,,79.15378,0.272835,-1.262501,2732.984,41.064088,7:15,6.09592,1.82991,5.40163,-59.58204,-13.66028,-13.24465,1.38647,-0.45704,72.46065,-10.503917,-3.625535,0.487731,,,,,,,,,,,,6.2674,-6.5152,-1.7078,50,6.07834,3.05842,-114.87696,-1.5596,8.25608,24.10462,-40.75654,YOR,WES_POW,WellSpanPark,Independent,ATL,20250824-WellSpanPark-1,5d304630-8110-11f0-b79a-67802afcc1e7,77.28117,,,6.69312,,,,,,,f3c3c493-67ac-49bb-a514-6db34fe3ed0b,2025-08-24,17:32:54.94,2025-08-24T13:32:54.9470000-04:00,2025-08-24T17:32:54.9470000Z,,v3,5435,525,,"Simoneit, Will",686766,Right,YOR,4ca44021-cc00-4eff-b573-1ae30174e74f,55.1017,-115.94251,12.05231,6.10746,0.24205,-20.37827,-1.83493,2.69345,4.12804,,,,,,,,,,,,,,,,,,,,,,,,,,,,,55.98687,,,1.267969,,,,-2.79731,7.0935,5.11256,78.41745,8.97179,46.60375,-2.6772,71.15876,-5.67576,7.1605,19.25879,-14.05791,5.11057,33.41651,-0.54612,High,High,High,,,High,Medium,Medium
48,2025-08-24,13:33:32.89,2,1,"Vallimont, Chris",681808,Right,YOR,"Moorer, Demetrius",693884,Right,WES_POW,Undefined,3,Top,1,0,0,Undefined,Four-Seam,StrikeCalled,Undefined,Undefined,Undefined,0,0,,92.36959,-2.317288,-2.090863,2203.430428,198.867938,12:45,6.36966,1.81156,5.86914,-15.10395,17.81714,5.71748,2.95587,0.34495,84.17163,-5.198942,-1.065969,0.41296,,,,,,,,,,,,-3.50658,10.08473,-1.64546,50,6.17304,4.63566,-133.95401,-5.86531,-6.35381,29.68178,-13.9009,YOR,WES_POW,WellSpanPark,Independent,ATL,20250824-WellSpanPark-1,73c67090-8110-11f0-b79a-67802afcc1e7,91.27376,,,8.19796,,,,,,,f3c3c493-67ac-49bb-a514-6db34fe3ed0b,2025-08-24,17:33:32.89,2025-08-24T13:33:32.8922112-04:00,2025-08-24T17:33:32.8922112Z,,v3,5435,525,,"Simoneit, Will",686766,Right,YOR,c55785ed-7054-41c6-bad6-0dba427bb55d,54.62884,-134.97578,14.84089,6.36672,-5.38678,-6.95045,-1.80881,4.85438,-3.17691,,,,,,,,,,,,,,,,,,,,,,,,,,,,,,,,,,,,,,,,,,,,,,,,,,,High,High,High,,,,,
49,2025-08-24,13:33:46.91,2,2,"Vallimont, Chris",681808,Right,YOR,"Moorer, Demetrius",693884,Right,WES_POW,Undefined,3,Top,1,0,1,Undefined,Changeup,StrikeSwinging,Undefined,Undefined,Undefined,0,0,,85.60381,-2.248113,-4.096772,2302.015221,242.455525,2:00,5.95699,2.20474,6.4496,-27.54076,10.17087,17.03788,1.59008,-0.14585,78.00873,-7.426472,-1.012752,0.441986,,,,,,,,,,,,-10.09926,6.37591,-1.92105,50,5.785,8.23711,-124.03966,-5.68013,-15.62948,26.35592,-22.30679,YOR,WES_POW,WellSpanPark,Independent,ATL,20250824-WellSpanPark-1,7c1cafc0-8110-11f0-b79a-67802afcc1e7,85.27962,,,7.59508,,,,,,,f3c3c493-67ac-49bb-a514-6db34fe3ed0b,2025-08-24,17:33:46.91,2025-08-24T13:33:46.9170688-04:00,2025-08-24T17:33:46.9170688Z,,v3,5435,525,,"Simoneit, Will",686766,Right,YOR,e0dd0c61-4ca1-4814-b646-5617df14b763,54.05005,-124.89724,13.17796,5.95801,-4.9543,-11.1534,-2.19735,8.74568,-7.81474,,,,,,,,,,,,,,,,,,,,,,,,,,,,,,,,,,,,,,,,,,,,,,,,,,,High,High,High,,,,,
50,2025-08-24,13:34:22.09,2,3,"Vallimont, Chris",681808,Right,YOR,"Moorer, Demetrius",693884,Right,WES_POW,Undefined,3,Top,1,0,2,Undefined,Curveball,FoulBallNotFieldable,Undefined,Undefined,Undefined,0,0,,79.40359,1.185294,-0.573277,2738.344222,36.510673,7:15,6.18108,1.64377,5.71425,-62.26818,-17.02883,-13.76749,2.0965,-0.0376,72.32195,-10.161003,-3.044344,0.484094,,,,,,,,,,,,6.80563,-8.57563,-1.5872,50,6.24189,1.68862,-115.28351,0.24524,8.99109,25.09388,-43.50353,YOR,WES_POW,WellSpanPark,Independent,ATL,20250824-WellSpanPark-1,911dbb30-8110-11f0-b79a-67802afcc1e7,77.86185,,,7.08164,,,,,,,f3c3c493-67ac-49bb-a514-6db34fe3ed0b,2025-08-24,17:34:22.09,2025-08-24T13:34:22.0936704-04:00,2025-08-24T17:34:22.0936704Z,,v3,5435,525,,"Simoneit, Will",686766,Right,YOR,c967f4a5-6389-4f2c-93eb-87a8481e1c62,54.7896,-116.3214,12.54694,6.19453,2.04455,-21.75176,-1.64936,1.31675,4.49555,,,,,,,,,,,,,,,,,,,,,,,,,,,,,,,,,,,,,,,,,,,,,,,,,,,High,High,High,,,,,
51,2025-08-24,13:34:42.53,2,4,"Vallimont, Chris",681808,Right,YOR,"Moorer, Demetrius",693884,Right,WES_POW,Undefined,3,Top,1,0,2,Undefined,Sinker,FoulBallNotFieldable,Undefined,Undefined,Undefined,0,0,,86.59894,-2.406127,-4.196862,2231.007586,238.706551,2:00,5.9086,2.26814,6.3823,-25.29781,11.99032,17.45903,1.5797,-0.14474,78.17976,-7.193002,-1.041791,0.439498,,,,,,,,,,,,-10.49339,7.4317,-1.97317,50,5.72315,8.52565,-125.34354,-6.00853,-16.42288,29.17377,-20.54296,YOR,WES_POW,WellSpanPark,Independent,ATL,20250824-WellSpanPark-1,9d45c2e0-8110-11f0-b79a-67802afcc1e7,85.76253,,,8.41918,,,,,,,f3c3c493-67ac-49bb-a514-6db34fe3ed0b,2025-08-24,17:34:42.53,2025-08-24T13:34:42.5397760-04:00,2025-08-24T17:34:42.5397760Z,,v3,5435,525,,"Simoneit, Will",686766,Right,YOR,5ef03bb3-59aa-4496-8bc0-28f5a01010b4,54.11704,-126.29815,14.58689,5.90876,-5.33633,-10.27148,-2.26094,9.06303,-8.21144,,,,,,,,,,,,,,,,,,,,,,,,,,,,,,,,,,,,,,,,,,,,,,,,,,,High,High,High,,,,,
52,2025-08-24,13:35:08.69,2,5,"Vallimont, Chris",681808,Right,YOR,"Moorer, Demetrius",693884,Right,WES_POW,Undefined,3,Top,1,0,2,Undefined,Four-Seam,StrikeCalled,Strikeout,Undefined,Undefined,0,0,,93.13537,-3.610209,-2.449184,2177.508189,212.485564,1:00,6.3823,1.69337,5.92332,-13.41871,18.97052,11.38898,1.90646,0.36834,84.91476,-6.184073,-0.405789,0.409611,,,,,,,,,,,,-6.50827,11.06048,-1.50361,50,6.08511,5.26352,-134.90851,-8.88966,-11.964,30.04803,-11.84189,YOR,WES_POW,WellSpanPark,Independent,ATL,20250824-WellSpanPark-1,acdc3d60-8110-11f0-b79a-67802afcc1e7,92.0201,,,8.22061,,,,,,,f3c3c493-67ac-49bb-a514-6db34fe3ed0b,2025-08-24,17:35:08.69,2025-08-24T13:35:08.6950000-04:00,2025-08-24T17:35:08.6950000Z,,v3,5435,525,,"Simoneit, Will",686766,Right,YOR,2f3b4b72-b5e5-4853-9ff8-45bf634e9c48,54.57542,-135.92377,15.02402,6.37871,-8.48954,-5.92095,-1.68828,5.66776,-5.982,,,,,,,,,,,,,,,,,,,,,,,,,,,,,46.56737,,,1.678076,,,,-5.95283,5.62902,1.87112,74.63298,8.91423,50.37748,-5.85527,52.75001,-2.85513,5.79306,28.25936,-15.73586,1.8792,30.48004,-0.9414,High,High,High,,,High,High,High
53,2025-08-24,13:35:42.77,3,1,"Vallimont, Chris",681808,Right,YOR,"Nelson, James",663445,Right,WES_POW,Undefined,3,Top,2,0,0,Undefined,Curveball,StrikeCalled,Undefined,Undefined,Undefined,0,0,,78.33188,2.110977,-0.253014,2772.352711,31.570577,7:00,6.14159,1.91698,5.71856,-64.50035,-17.97442,-12.04792,2.7339,0.67729,71.15304,-9.661273,-2.414135,0.490929,,,,,,,,,,,,6.00756,-9.26961,-1.88843,50,6.27876,0.97077,-113.67759,1.98506,7.71599,24.4279,-44.07977,YOR,WES_POW,WellSpanPark,Independent,ATL,20250824-WellSpanPark-1,c135e540-8110-11f0-b79a-67802afcc1e7,76.77774,,,7.17883,,,,,,,f3c3c493-67ac-49bb-a514-6db34fe3ed0b,2025-08-24,17:35:42.77,2025-08-24T13:35:42.7792896-04:00,2025-08-24T17:35:42.7792896Z,,v3,5435,525,,"Simoneit, Will",686766,Right,YOR,d275d340-8f5d-4e44-8244-2854c881daa9,54.78516,-114.70125,12.21395,6.15687,3.83224,-22.03989,-1.92233,0.64743,3.858,,,,,,,,,,,,,,,,,,,,,,,,,,,,,,,,,,,,,,,,,,,,,,,,,,,High,High,High,,,,,
54,2025-08-24,13:35:57.62,3,2,"Vallimont, Chris",681808,Right,YOR,"Nelson, James",663445,Right,WES_POW,Undefined,3,Top,2,0,1,Undefined,Slider,BallCalled,Undefined,Undefined,Undefined,0,0,,82.67936,-0.583522,-1.834972,2952.231572,72.76135,8:30,5.89826,2.40404,5.34089,-46.79833,-4.6639,-19.50265,1.45069,-0.94319,75.69816,-9.058954,-5.301824,0.467186,,,,,,,,,,,,9.22823,-1.7485,-2.22408,50,5.8121,4.65618,-119.92592,-2.92888,13.28581,25.66869,-34.69133,YOR,WES_POW,WellSpanPark,Independent,ATL,20250824-WellSpanPark-1,ca0a7c30-8110-11f0-b79a-67802afcc1e7,80.6797,,,6.9812,,,,,,,f3c3c493-67ac-49bb-a514-6db34fe3ed0b,2025-08-24,17:35:57.62,2025-08-24T13:35:57.6238592-04:00,2025-08-24T17:35:57.6238592Z,,v3,5435,525,,"Simoneit, Will",686766,Right,YOR,0e7d12bf-18de-4489-8bb5-11a9998f2c8b,55.16083,-121.02549,12.83434,5.90574,-1.4428,-17.34567,-2.41135,4.08705,6.64291,,,,,,,,,,,,,,,,,,,,,,,,,,,,,,,,,,,,,,,,,,,,,,,,,,,High,High,High,,,,,
55,2025-08-24,13:36:15.97,3,3,"Vallimont, Chris",681808,Right,YOR,"Nelson, James",663445,Right,WES_POW,Undefined,3,Top,2,1,1,Undefined,Curveball,InPlay,Undefined,LineDrive,Single,0,0,,78.49716,0.7714,-1.411879,2830.398881,31.840526,7:00,6.20159,2.08348,5.73698,-63.52507,-17.27847,-11.71422,1.62643,-0.20772,71.68827,-10.787517,-3.515221,0.489454,104.57973,12.286327,-7.541719,4571.455413,109.03673,14.72503,-14.52006,215.68232,215.68232,-8.080327,1.785891,5.53681,-8.69536,-1.95846,50,6.22654,3.24807,-113.96924,-0.58864,7.1496,24.50844,-43.40224,YOR,WES_POW,WellSpanPark,Independent,ATL,20250824-WellSpanPark-1,d4fa2af0-8110-11f0-b79a-67802afcc1e7,77.00923,14.733,,6.80889,,,,1.88094,1.82388,0.16785,f3c3c493-67ac-49bb-a514-6db34fe3ed0b,2025-08-24,17:36:15.97,2025-08-24T13:36:15.9710720-04:00,2025-08-24T17:36:15.9710720Z,LineDrive,v3,5435,525,,"Simoneit, Will",686766,Right,YOR,2793bb11-f5e0-415c-ae1e-040d5ee6dacf,54.76746,-114.98989,12.25422,6.21342,1.21883,-21.70112,-2.08753,2.95033,3.5748,23.617904,1.88094,148.57385,-21.31367,3.5861,-0.84428,0.18759,-0.03867,0.00631,-0.00053,1.82388,32.63954,-22.59937,2.84897,-0.60992,0.14682,-0.02927,0.00454,-0.00039,0.16785,-19.67019,2.02235,-0.43274,0.09223,-0.02128,0.00435,-0.00068,6E-05,,,,,,,,,,,,,,,,,,,,,,,High,High,High,High,High,,,
56,2025-08-24,13:37:00.10,4,1,"Vallimont, Chris",681808,Right,YOR,"Womack, Alsander",703920,Right,WES_POW,Undefined,3,Top,2,0,0,Undefined,Four-Seam,BallCalled,Undefined,Undefined,Undefined,0,0,,90.99569,-4.494669,-3.484069,2179.264296,204.723783,12:45,6.27585,1.64701,6.02596,-13.16044,20.72308,9.01937,1.00008,-0.83217,83.11623,-7.025428,-1.86558,0.418953,,,,,,,,,,,,-5.64366,12.29461,-1.37909,50,5.91578,7.63554,-131.59945,-10.70643,-9.88171,28.33245,-10.64691,YOR,WES_POW,WellSpanPark,Independent,ATL,20250824-WellSpanPark-1,ef3bd120-8110-11f0-b79a-67802afcc1e7,89.96811,,,7.87946,,,,,,,f3c3c493-67ac-49bb-a514-6db34fe3ed0b,2025-08-24,17:37:00.10,2025-08-24T13:37:00.1040384-04:00,2025-08-24T17:37:00.1040384Z,,v3,5435,525,,"Simoneit, Will",686766,Right,YOR,f0a87f8a-8016-45dd-b647-a06212a9f301,54.47416,-132.55921,14.16623,6.27235,-10.34576,-5.32345,-1.64341,7.97029,-4.94085,,,,,,,,,,,,,,,,,,,,,,,,,,,,,,,,,,,,,,,,,,,,,,,,,,,High,High,High,,,,,
57,2025-08-24,13:37:20.21,4,2,"Vallimont, Chris",681808,Right,YOR,"Womack, Alsander",703920,Right,WES_POW,Undefined,3,Top,2,1,0,Undefined,Four-Seam,StrikeCalled,Undefined,Undefined,Undefined,0,0,,91.33667,-3.724681,-3.186328,2212.648955,207.60663,1:00,6.28136,1.92822,6.00923,-13.37501,20.33501,10.02532,1.70581,-0.19137,83.04091,-6.306981,-1.386848,0.417879,,,,,,,,,,,,-6.08536,11.89162,-1.6832,50,5.98071,6.92913,-132.18743,-8.96386,-10.70592,29.67737,-11.25321,YOR,WES_POW,WellSpanPark,Independent,ATL,20250824-WellSpanPark-1,fb3c0580-8110-11f0-b79a-67802afcc1e7,90.19936,,,8.29576,,,,,,,f3c3c493-67ac-49bb-a514-6db34fe3ed0b,2025-08-24,17:37:20.21,2025-08-24T13:37:20.2137088-04:00,2025-08-24T17:37:20.2137088Z,,v3,5435,525,,"Simoneit, Will",686766,Right,YOR,1560156a-7a80-483f-8e03-b28c3d8afc23,54.48959,-133.19157,14.83868,6.27757,-8.5831,-5.6266,-1.92378,7.29136,-5.35296,,,,,,,,,,,,,,,,,,,,,,,,,,,,,,,,,,,,,,,,,,,,,,,,,,,High,High,High,,,,,
58,2025-08-24,13:37:42.29,4,3,"Vallimont, Chris",681808,Right,YOR,"Womack, Alsander",703920,Right,WES_POW,Undefined,3,Top,2,1,1,Undefined,Four-Seam,InPlay,Undefined,GroundBall,Out,1,0,,91.19638,-2.104736,-2.729656,2217.542276,213.639689,1:00,6.40757,1.83764,6.03378,-12.88461,20.67521,13.01855,3.38172,0.39288,83.03892,-4.605854,-0.390234,0.416948,99.89111,-11.093614,-22.989589,,,,,21.13072,21.13072,-21.378259,0.13343,-7.51193,11.59532,-1.63147,50,6.23603,5.76096,-132.29484,-5.1969,-13.27085,29.05874,-11.68936,YOR,WES_POW,WellSpanPark,Independent,ATL,20250824-WellSpanPark-1,08637bd0-8111-11f0-b79a-67802afcc1e7,90.40092,3.63271,,8.15745,,,,2.27442,3.63271,-0.35086,f3c3c493-67ac-49bb-a514-6db34fe3ed0b,2025-08-24,17:37:42.29,2025-08-24T13:37:42.2917120-04:00,2025-08-24T17:37:42.2917120Z,GroundBall,v3,5435,525,,"Simoneit, Will",686766,Right,YOR,6d449143-84a9-4446-b92b-878847053f4f,54.46654,-133.27231,14.52937,6.40423,-4.8037,-5.84468,-1.83276,6.20736,-6.63543,185.0245,2.27462,132.33094,-14.31923,,,,,,,3.63229,-28.14756,6.96441,,,,,,,-0.35099,-56.13807,7.80636,,,,,,,,,,,,,,,,,,,,,,,,,,,,,High,High,High,High,High,,,
59,2025-08-24,13:40:25.25,1,1,"Lebron, David",673933,Right,WES_POW,"Wehler, Jeffrey",694292,Right,YOR,Undefined,3,Bottom,0,0,0,Undefined,Four-Seam,BallCalled,Undefined,Undefined,Undefined,0,0,,85.27125,-0.895559,-0.446057,2139.529955,191.788707,12:30,6.48632,0.11165,4.70051,-16.81698,24.13576,4.71177,4.23466,0.08085,76.35869,-4.106951,0.380954,0.460588,,,,,,,,,,,,-2.42977,12.49398,-0.07087,50,6.38196,0.73421,-123.3123,-2.43553,-3.67329,28.67376,-13.28563,YOR,WES_POW,WellSpanPark,Independent,ATL,20250824-WellSpanPark-1,69702630-8111-11f0-b79a-67802afcc1e7,81.83544,,,8.91256,,,,,,,f3c3c493-67ac-49bb-a514-6db34fe3ed0b,2025-08-24,17:40:25.25,2025-08-24T13:40:25.2517376-04:00,2025-08-24T17:40:25.2517376Z,,v3,5435,525,,"DeLuca, Joe",700593,Right,WES_POW,d1f9ae0f-35ca-440f-a079-02d91c5d501f,55.79283,-124.65202,14.33688,6.48125,-1.81478,-6.64282,-0.10918,0.90584,-1.83665,,,,,,,,,,,,,,,,,,,,,,,,,,,,,,,,,,,,,,,,,,,,,,,,,,,High,High,High,,,,,
60,2025-08-24,13:40:36.67,1,2,"Lebron, David",673933,Right,WES_POW,"Wehler, Jeffrey",694292,Right,YOR,Undefined,3,Bottom,0,1,0,Undefined,Four-Seam,BallCalled,Undefined,Undefined,Undefined,0,0,,86.56255,-3.676117,-1.175064,2121.930091,192.940918,12:30,6.34606,0.09505,4.89512,-17.12154,22.11324,4.75634,1.43652,-0.62023,78.46336,-6.893934,-0.337063,0.450824,,,,,,,,,,,,-2.6965,12.42359,0.01587,50,5.97203,2.34521,-125.13161,-8.58764,-4.23649,27.3929,-12.65518,YOR,WES_POW,WellSpanPark,Independent,ATL,20250824-WellSpanPark-1,705e49e0-8111-11f0-b79a-67802afcc1e7,83.60784,,,8.09919,,,,,,,f3c3c493-67ac-49bb-a514-6db34fe3ed0b,2025-08-24,17:40:36.67,2025-08-24T13:40:36.6797824-04:00,2025-08-24T17:40:36.6797824Z,,v3,5435,525,,"DeLuca, Joe",700593,Right,WES_POW,6130de01-349b-42f6-8a8d-2fe1ab1de588,55.60148,-126.35189,13.69645,6.34203,-8.02389,-6.32759,-0.09281,2.53393,-2.11824,,,,,,,,,,,,,,,,,,,,,,,,,,,,,,,,,,,,,,,,,,,,,,,,,,,High,High,High,,,,,
61,2025-08-24,13:40:48.97,1,3,"Lebron, David",673933,Right,WES_POW,"Wehler, Jeffrey",694292,Right,YOR,Undefined,3,Bottom,0,2,0,Undefined,Four-Seam,InPlay,Undefined,GroundBall,Out,1,0,,86.18433,-1.607574,-0.983103,2137.958232,184.895227,12:15,6.37193,0.19974,4.87336,-19.48155,19.81442,1.58335,3.22663,-0.59869,78.3755,-5.24607,-0.704277,0.451175,87.39049,-9.748464,-6.917058,,,,,20.96371,20.96371,-4.517078,0.157651,-1.07185,10.64197,-0.10449,50,6.19826,2.07085,-124.88202,-4.16805,-1.6844,26.30196,-15.45063,YOR,WES_POW,WellSpanPark,Independent,ATL,20250824-WellSpanPark-1,77a84930-8111-11f0-b79a-67802afcc1e7,83.54275,3.29657,,7.80883,,,,1.39029,3.29657,0.63867,f3c3c493-67ac-49bb-a514-6db34fe3ed0b,2025-08-24,17:40:48.97,2025-08-24T13:40:48.9705984-04:00,2025-08-24T17:40:48.9705984Z,GroundBall,v3,5435,525,,"DeLuca, Joe",700593,Right,WES_POW,ba442771-027e-4da1-a4de-54f8b46b7f27,55.62523,-126.0612,13.15098,6.3696,-3.47536,-7.72532,-0.19902,2.14636,-0.8422,189.210697,1.39044,125.38962,-10.45293,,,,,,,3.29609,-21.66239,4.81306,,,,,,,0.63855,-15.20273,4.31632,,,,,,,,,,,,,,,,,,,,,,,,,,,,,High,High,High,High,High,,,
62,2025-08-24,13:41:23.19,2,1,"Lebron, David",673933,Right,WES_POW,"Davis, Jaylin",664041,Right,YOR,Undefined,3,Bottom,1,0,0,Undefined,Four-Seam,StrikeSwinging,Undefined,Undefined,Undefined,0,0,,87.33452,-2.149421,-0.851721,2155.394471,177.194567,12:00,6.37211,0.28184,4.89277,-16.36462,22.13253,-1.01685,2.97399,-0.60863,78.92666,-5.248982,-1.030831,0.446566,,,,,,,,,,,,0.23551,11.94375,-0.19748,50,6.14862,1.92735,-126.3933,-5.25769,0.377,28.26004,-13.05384,YOR,WES_POW,WellSpanPark,Independent,ATL,20250824-WellSpanPark-1,8c13cb60-8111-11f0-b79a-67802afcc1e7,84.40509,,,8.40785,,,,,,,f3c3c493-67ac-49bb-a514-6db34fe3ed0b,2025-08-24,17:41:23.19,2025-08-24T13:41:23.1962112-04:00,2025-08-24T17:41:23.1962112Z,,v3,5435,525,,"DeLuca, Joe",700593,Right,WES_POW,760665a2-3f78-4ee0-aca0-8c8be00a92d5,55.60273,-127.63986,14.13002,6.36783,-4.68188,-6.52692,-0.28213,1.91072,0.1885,,,,,,,,,,,,,,,,,,,,,,,,,,,,,,,,,,,,,,,,,,,,,,,,,,,High,High,High,,,,,
63,2025-08-24,13:41:35.39,2,2,"Lebron, David",673933,Right,WES_POW,"Davis, Jaylin",664041,Right,YOR,Undefined,3,Bottom,1,0,1,Undefined,Four-Seam,BallCalled,Undefined,Undefined,Undefined,0,0,,87.99287,-1.352798,0.277124,2129.317978,177.81314,12:00,6.42118,0.03126,4.84566,-17.54099,20.52182,-0.73059,3.6784,0.23275,79.24774,-4.666189,0.148524,0.44404,,,,,,,,,,,,0.44331,10.88477,-0.058,50,6.27351,-0.58041,-127.34582,-3.58126,0.71843,29.34044,-14.53338,YOR,WES_POW,WellSpanPark,Independent,ATL,20250824-WellSpanPark-1,933f1f20-8111-11f0-b79a-67802afcc1e7,84.88527,,,8.74513,,,,,,,f3c3c493-67ac-49bb-a514-6db34fe3ed0b,2025-08-24,17:41:35.39,2025-08-24T13:41:35.3943552-04:00,2025-08-24T17:41:35.3943552Z,,v3,5435,525,,"DeLuca, Joe",700593,Right,WES_POW,f8918359-e2a8-4e22-9567-2eb1aa82299d,55.64859,-128.64067,14.67022,6.41741,-2.93987,-7.26669,-0.03169,-0.61211,0.35922,,,,,,,,,,,,,,,,,,,,,,,,,,,,,,,,,,,,,,,,,,,,,,,,,,,High,High,High,,,,,
64,2025-08-24,13:41:46.72,2,3,"Lebron, David",673933,Right,WES_POW,"Davis, Jaylin",664041,Right,YOR,Undefined,3,Bottom,1,1,1,Undefined,Slider,FoulBallNotFieldable,Undefined,Undefined,Undefined,0,0,,81.56596,-1.614879,-0.967456,2168.302591,155.759322,11:15,6.35166,0.08641,5.07934,-30.26884,12.55379,-5.10701,2.30632,-1.25127,75.69259,-7.127296,-1.870843,0.470986,,,,,,,,,,,,2.32784,7.00898,0.00955,50,6.17482,2.21058,-118.46571,-4.39641,3.34761,20.099,-22.0946,YOR,WES_POW,WellSpanPark,Independent,ATL,20250824-WellSpanPark-1,9a1aa530-8111-11f0-b79a-67802afcc1e7,80.02875,,,5.87337,,,,,,,f3c3c493-67ac-49bb-a514-6db34fe3ed0b,2025-08-24,17:41:46.72,2025-08-24T13:41:46.7235840-04:00,2025-08-24T17:41:46.7235840Z,,v3,5435,525,,"DeLuca, Joe",700593,Right,WES_POW,1e6514e5-4b26-4c4c-bb1e-172925950ad7,55.42205,-119.38207,10.0495,6.3523,-3.38906,-11.0473,-0.08776,2.05795,1.67381,,,,,,,,,,,,,,,,,,,,,,,,,,,,,,,,,,,,,,,,,,,,,,,,,,,High,High,High,,,,,
65,2025-08-24,13:42:05.75,2,4,"Lebron, David",673933,Right,WES_POW,"Davis, Jaylin",664041,Right,YOR,Undefined,3,Bottom,1,1,2,Undefined,Changeup,StrikeCalled,Strikeout,Undefined,Undefined,0,0,,77.06648,-0.838665,-0.381751,1812.853879,219.056722,1:15,6.28564,-0.02042,4.65186,-32.82974,16.92162,12.31402,2.75291,0.64303,70.00309,-6.854523,1.779364,0.507661,,,,,,,,,,,,-6.09213,9.03457,0.04766,50,6.1711,0.21482,-111.583,-2.74699,-7.61416,21.70415,-20.88236,YOR,WES_POW,WellSpanPark,Independent,ATL,20250824-WellSpanPark-1,a55e8e70-8111-11f0-b79a-67802afcc1e7,74.24725,,,7.06338,,,,,,,f3c3c493-67ac-49bb-a514-6db34fe3ed0b,2025-08-24,17:42:05.75,2025-08-24T13:42:05.7570000-04:00,2025-08-24T17:42:05.7570000Z,,v3,5435,525,,"DeLuca, Joe",700593,Right,WES_POW,f603d930-95bf-4562-a0f1-1f53b03ca468,55.84365,-112.71392,10.85207,6.28588,-1.65889,-10.44118,0.02613,0.61156,-3.80708,,,,,,,,,,,,,,,,,,,,,,,,,,,,,58.59216,,,1.228418,,,,0.17012,5.95259,3.43638,70.54242,9.94809,-54.46834,0.2278,61.309,-3.3009,6.04429,20.80694,-14.3294,3.28542,-54.15236,5.78041,High,High,High,,,High,High,High
66,2025-08-24,13:42:35.39,3,1,"Lebron, David",673933,Right,WES_POW,"Arocho, Jeremy",671080,Left,YOR,Undefined,3,Bottom,2,0,0,Undefined,Four-Seam,InPlay,Undefined,GroundBall,Out,1,0,,88.82081,-2.831457,-1.011842,2200.93317,199.639097,12:45,6.33239,0.28811,4.85966,-15.10855,22.42174,7.49182,2.39072,-0.0454,79.79611,-5.713046,0.307141,0.440923,98.46308,-9.925429,23.275906,,,,,17.4784,17.4784,20.542406,0.113111,-4.03559,12.39233,-0.19518,50,6.04151,1.91168,-128.41161,-6.82625,-6.62049,30.93087,-11.84417,YOR,WES_POW,WellSpanPark,Independent,ATL,20250824-WellSpanPark-1,b719e4c0-8111-11f0-b79a-67802afcc1e7,85.48538,2.54628,,9.0247,,,,1.84208,2.54628,-0.01824,f3c3c493-67ac-49bb-a514-6db34fe3ed0b,2025-08-24,17:42:35.39,2025-08-24T13:42:35.3916416-04:00,2025-08-24T17:42:35.3916416Z,GroundBall,v3,5435,525,,"DeLuca, Joe",700593,Right,WES_POW,1c0a59b7-0b19-426f-a100-4cb0241f2bad,55.63742,-129.76241,15.46543,6.32833,-6.30899,-5.92208,-0.28498,2.20081,-3.31024,167.113767,1.84221,130.6587,-19.87904,,,,,,,2.54554,-24.80507,20.39409,,,,,,,-0.01799,56.18235,-15.9406,,,,,,,,,,,,,,,,,,,,,,,,,,,,,High,High,High,Medium,High,,,
67,2025-08-24,13:45:05.77,1,1,"Vallimont, Chris",681808,Right,YOR,"Barnum, Keon",621572,Left,WES_POW,Undefined,4,Top,0,0,0,Undefined,Changeup,StrikeSwinging,Undefined,Undefined,Undefined,0,0,,85.43645,-0.800817,-3.931804,2270.95905,238.480928,2:00,5.97585,2.12056,6.24454,-27.04561,11.19658,16.07308,2.98163,-0.1722,77.38495,-5.899218,-1.035104,0.445085,,,,,,,,,,,,-9.47434,6.45244,-1.8348,50,5.90291,7.86795,-123.79456,-2.53792,-14.55455,27.035,-22.26176,YOR,WES_POW,WellSpanPark,Independent,ATL,20250824-WellSpanPark-1,10c22a00-8112-11f0-b79a-67802afcc1e7,84.68596,,,8.0515,,,,,,,f3c3c493-67ac-49bb-a514-6db34fe3ed0b,2025-08-24,17:45:05.77,2025-08-24T13:45:05.7736192-04:00,2025-08-24T17:45:05.7736192Z,,v3,5435,525,,"Simoneit, Will",686766,Right,YOR,148ef9ce-c32f-46c3-ab0b-6658bf2ef954,54.25338,-124.71997,13.5175,5.97675,-1.77589,-11.13088,-2.11265,8.36616,-7.27728,,,,,,,,,,,,,,,,,,,,,,,,,,,,,,,,,,,,,,,,,,,,,,,,,,,High,High,High,,,,,
68,2025-08-24,13:45:22.12,1,2,"Vallimont, Chris",681808,Right,YOR,"Barnum, Keon",621572,Left,WES_POW,Undefined,4,Top,0,0,1,Undefined,Changeup,FoulBallNotFieldable,Undefined,Undefined,Undefined,0,0,,84.84877,-1.244998,-4.129673,2322.600905,227.35985,1:30,5.90009,2.33025,6.25173,-24.13312,14.75946,14.5069,2.73766,-0.27593,76.64803,-5.827488,-1.516616,0.448854,108.18908,55.843531,56.287142,3962.105638,,,,,98.44389,,,-8.87359,8.45997,-2.03003,50,5.79554,8.31901,-122.88834,-3.35466,-13.3855,27.4325,-19.41249,YOR,WES_POW,WellSpanPark,Independent,ATL,20250824-WellSpanPark-1,1a7f4c30-8112-11f0-b79a-67802afcc1e7,83.97491,150.53408,,8.20074,,,,2.3874,3.16958,-0.46906,f3c3c493-67ac-49bb-a514-6db34fe3ed0b,2025-08-24,17:45:22.12,2025-08-24T13:45:22.1298176-04:00,2025-08-24T17:45:22.1298176Z,,v3,5435,525,,"Simoneit, Will",686766,Right,YOR,1426f5fa-7839-4aa1-9d63-98460c17a3ab,54.24758,-123.8329,13.71625,5.89954,-2.68624,-9.70625,-2.3244,8.7799,-6.69275,,2.38734,49.45323,-22.69106,7.68016,-2.7312,1.18573,-0.4034,0.06598,-0.00114,3.16961,131.30348,-29.43566,3.30802,-0.17095,-0.31139,0.17692,-0.03867,0.00207,-0.46909,74.10994,-17.96293,5.05515,-1.4907,0.54799,-0.16662,0.02371,0.00022,,,,,,,,,,,,,,,,,,,,,,,High,High,High,Medium,Undefined,,,
69,2025-08-24,13:45:41.12,1,3,"Vallimont, Chris",681808,Right,YOR,"Barnum, Keon",621572,Left,WES_POW,Undefined,4,Top,0,0,2,Undefined,Four-Seam,BallCalled,Undefined,Undefined,Undefined,0,0,,94.45908,-3.952721,-6.065727,2319.38738,219.994213,1:15,6.11352,2.0517,5.69065,-14.35761,17.85934,14.02064,1.20643,-2.45447,85.59381,-6.692127,-3.580442,0.40852,,,,,,,,,,,,-8.84339,10.54221,-1.54842,50,5.76991,13.79147,-136.0167,-9.8802,-16.46617,31.52896,-12.54478,YOR,WES_POW,WellSpanPark,Independent,ATL,20250824-WellSpanPark-1,25bc3090-8112-11f0-b79a-67802afcc1e7,92.26577,,,8.86527,,,,,,,f3c3c493-67ac-49bb-a514-6db34fe3ed0b,2025-08-24,17:45:41.12,2025-08-24T13:45:41.1253760-04:00,2025-08-24T17:45:41.1253760Z,,v3,5435,525,,"Simoneit, Will",686766,Right,YOR,c447780b-e6ab-4ea2-b60d-8b5b425b4632,54.80689,-137.12642,15.76448,6.10989,-9.43867,-6.27239,-2.04404,14.37103,-8.23308,,,,,,,,,,,,,,,,,,,,,,,,,,,,,,,,,,,,,,,,,,,,,,,,,,,High,High,High,,,,,
70,2025-08-24,13:46:00.21,1,4,"Vallimont, Chris",681808,Right,YOR,"Barnum, Keon",621572,Left,WES_POW,Undefined,4,Top,0,1,2,Undefined,Four-Seam,BallCalled,Undefined,Undefined,Undefined,0,0,,93.2254,-3.167189,-4.528599,2269.218908,205.297143,12:45,6.30831,1.78185,5.90845,-12.8145,19.90706,8.85028,2.2884,-1.69291,84.21425,-5.65356,-2.947746,0.411707,,,,,,,,,,,,-5.90713,11.49091,-1.4225,50,6.04572,10.26782,-134.67492,-7.80661,-10.7314,32.20689,-11.29859,YOR,WES_POW,WellSpanPark,Independent,ATL,20250824-WellSpanPark-1,31342220-8112-11f0-b79a-67802afcc1e7,91.55163,,,9.01115,,,,,,,f3c3c493-67ac-49bb-a514-6db34fe3ed0b,2025-08-24,17:46:00.21,2025-08-24T13:46:00.2150912-04:00,2025-08-24T17:46:00.2150912Z,,v3,5435,525,,"Simoneit, Will",686766,Right,YOR,4a34a41a-261e-44d3-95aa-b32dee6d1faa,54.58876,-135.76787,16.10345,6.30413,-7.42319,-5.6493,-1.77712,10.63199,-5.3657,,,,,,,,,,,,,,,,,,,,,,,,,,,,,,,,,,,,,,,,,,,,,,,,,,,High,High,High,,,,,
71,2025-08-24,13:46:18.29,1,5,"Vallimont, Chris",681808,Right,YOR,"Barnum, Keon",621572,Left,WES_POW,Undefined,4,Top,0,2,2,Undefined,Curveball,InPlay,Undefined,FlyBall,Out,1,0,,80.21539,1.844098,-1.383069,2823.329917,43.670293,7:30,6.05614,1.98531,5.59114,-56.45932,-12.0002,-12.89965,3.07422,-0.38135,72.96794,-8.453387,-3.686867,0.479901,73.63613,49.708407,20.839712,,101.87715,95.48154,41.48503,216.84163,216.84163,22.263601,5.065312,6.10807,-6.26914,-1.8579,50,6.17748,3.31795,-116.37182,1.78717,8.25369,24.81499,-40.64539,YOR,WES_POW,WellSpanPark,Independent,ATL,20250824-WellSpanPark-1,3c0154c0-8112-11f0-b79a-67802afcc1e7,78.5421,96.21153,,7.24745,,,,1.33021,3.14375,0.40554,f3c3c493-67ac-49bb-a514-6db34fe3ed0b,2025-08-24,17:46:18.29,2025-08-24T13:46:18.2953984-04:00,2025-08-24T17:46:18.2953984Z,Popup,v3,5435,525,,"Simoneit, Will",686766,Right,YOR,a42a8552-20fd-43b4-b5c1-86bf2e46ff6f,54.91167,-117.41451,12.4075,6.06651,3.49502,-20.32269,-1.99003,2.97115,4.12685,185.240665,1.33476,65.16501,-15.49701,4.06901,-0.3022,-0.21283,0.08533,-0.0129,0.00072,3.13559,82.53892,-21.76968,2.44555,-0.74693,0.19791,-0.02273,-0.0007,0.00022,0.40773,24.79682,-4.47615,0.8744,0.09597,-0.12854,0.0387,-0.00524,0.00027,,,,,,,,,,,,,,,,,,,,,,,High,High,High,High,Medium,,,
72,2025-08-24,13:46:53.99,2,1,"Vallimont, Chris",681808,Right,YOR,"Sedio, Chad",670466,Left,WES_POW,Undefined,4,Top,1,0,0,Undefined,Four-Seam,StrikeCalled,Undefined,Undefined,Undefined,0,0,,92.90658,-3.021123,-2.823151,2264.910455,205.480055,12:45,6.3703,1.66046,5.73756,-12.33556,20.50131,9.23623,2.52305,-0.20089,84.43561,-5.405465,-1.173086,0.412432,,,,,,,,,,,,-5.49559,11.61816,-1.43085,50,6.11076,6.21245,-134.5353,-7.43699,-10.02589,30.44277,-10.97855,YOR,WES_POW,WellSpanPark,Independent,ATL,20250824-WellSpanPark-1,513b7190-8112-11f0-b79a-67802afcc1e7,91.39067,,,8.47097,,,,,,,f3c3c493-67ac-49bb-a514-6db34fe3ed0b,2025-08-24,17:46:53.99,2025-08-24T13:46:53.9909120-04:00,2025-08-24T17:46:53.9909120Z,,v3,5435,525,,"Simoneit, Will",686766,Right,YOR,5dd6c43a-8577-4070-b7c7-58f50bc745fa,54.76041,-135.60821,15.22139,6.36604,-7.05007,-5.48927,-1.65602,6.5658,-5.01295,,,,,,,,,,,,,,,,,,,,,,,,,,,,,,,,,,,,,,,,,,,,,,,,,,,High,High,High,,,,,
73,2025-08-24,13:47:07.25,2,2,"Vallimont, Chris",681808,Right,YOR,"Sedio, Chad",670466,Left,WES_POW,Undefined,4,Top,1,0,1,Undefined,Curveball,StrikeCalled,Undefined,Undefined,Undefined,0,0,,78.85232,0.546094,-0.800858,2771.431783,43.33667,7:30,6.10297,1.91567,5.62645,-57.197,-11.69036,-12.37662,1.84619,0.13693,72.60031,-9.846763,-3.017682,0.485522,,,,,,,,,,,,6.05437,-5.68095,-1.83931,50,6.11261,2.07601,-114.58093,-0.85202,8.00119,22.34216,-39.68171,YOR,WES_POW,WellSpanPark,Independent,ATL,20250824-WellSpanPark-1,592867a0-8112-11f0-b79a-67802afcc1e7,77.63283,,,6.25201,,,,,,,f3c3c493-67ac-49bb-a514-6db34fe3ed0b,2025-08-24,17:47:07.25,2025-08-24T13:47:07.2500224-04:00,2025-08-24T17:47:07.2500224Z,,v3,5435,525,,"Simoneit, Will",686766,Right,YOR,d6f03844-26ae-4540-a44f-fcda6fd23f70,54.87743,-115.52807,11.17108,6.11308,0.83018,-19.84086,-1.92012,1.73682,4.0006,,,,,,,,,,,,,,,,,,,,,,,,,,,,,,,,,,,,,,,,,,,,,,,,,,,High,High,High,,,,,
74,2025-08-24,13:47:20.54,2,3,"Vallimont, Chris",681808,Right,YOR,"Sedio, Chad",670466,Left,WES_POW,Undefined,4,Top,1,0,2,Undefined,Changeup,StrikeSwinging,Strikeout,Undefined,Undefined,0,0,,85.90372,-1.671544,-3.349654,2256.349306,238.659095,2:00,5.80719,2.2564,6.31542,-26.59568,10.79634,15.7369,2.04813,0.47889,78.571,-6.663838,-0.505709,0.44011,,,,,,,,,,,,-9.10166,6.46311,-2.018,50,5.67195,6.68379,-124.63843,-4.43399,-14.29264,25.45486,-22.02477,YOR,WES_POW,WellSpanPark,Independent,ATL,20250824-WellSpanPark-1,61113f00-8112-11f0-b79a-67802afcc1e7,85.64327,,,7.33272,,,,,,,f3c3c493-67ac-49bb-a514-6db34fe3ed0b,2025-08-24,17:47:20.54,2025-08-24T13:47:20.5400000-04:00,2025-08-24T17:47:20.5400000Z,,v3,5435,525,,"Simoneit, Will",686766,Right,YOR,e1cbf88b-bce0-4802-a49f-389d4e9abd82,54.18428,-125.49007,12.72743,5.80797,-3.6971,-11.01239,-2.24962,7.16198,-7.14632,,,,,,,,,,,,,,,,,,,,,,,,,,,,,60.33908,,,1.177148,,,,-4.52223,6.69723,3.21426,69.03419,11.40492,55.96303,-4.33768,70.44807,-6.83813,6.78671,20.45533,-14.01209,3.22336,46.53797,-1.47088,High,High,High,,,High,Medium,Medium
75,2025-08-24,13:47:50.82,3,1,"Vallimont, Chris",681808,Right,YOR,"Daniels, Zach",671113,Right,WES_POW,Undefined,4,Top,2,0,0,Undefined,Curveball,StrikeSwinging,Undefined,Undefined,Undefined,0,0,,80.16342,-0.220113,-1.74213,2809.38689,51.577054,7:45,6.13678,1.9694,5.37832,-52.7746,-8.01772,-11.98627,1.53245,-0.66314,73.3978,-9.778688,-3.877098,0.481506,,,,,,,,,,,,5.47213,-3.49323,-1.80472,50,6.07985,4.02358,-116.28755,-2.32678,7.40668,24.15411,-36.90226,YOR,WES_POW,WellSpanPark,Independent,ATL,20250824-WellSpanPark-1,73222f60-8112-11f0-b79a-67802afcc1e7,78.28039,,,6.76563,,,,,,,f3c3c493-67ac-49bb-a514-6db34fe3ed0b,2025-08-24,17:47:50.82,2025-08-24T13:47:50.8265984-04:00,2025-08-24T17:47:50.8265984Z,,v3,5435,525,,"Simoneit, Will",686766,Right,YOR,c8d8dfd9-00a8-469c-80b8-a8132eca4442,55.12307,-117.34683,12.07705,6.14641,-0.70841,-18.45113,-1.97405,3.69875,3.70334,,,,,,,,,,,,,,,,,,,,,,,,,,,,,,,,,,,,,,,,,,,,,,,,,,,High,High,High,,,,,
76,2025-08-24,13:48:07.85,3,2,"Vallimont, Chris",681808,Right,YOR,"Daniels, Zach",671113,Right,WES_POW,Undefined,4,Top,2,0,1,Undefined,Slider,InPlay,Undefined,FlyBall,Single,0,0,,82.25126,0.325184,-0.791038,3021.333514,81.387567,8:45,5.7783,2.34326,5.32738,-44.02707,-1.24614,-18.16765,2.41455,0.08697,74.58866,-7.712929,-4.02047,0.470757,94.49248,25.51538,-26.067526,1992.667607,96.31255,44.97853,-53.14016,337.0144,305.43154,-34.506556,3.941858,8.88827,-0.32587,-2.258,50,5.776,2.40277,-119.26833,-0.89981,12.58979,26.50032,-32.6356,YOR,WES_POW,WellSpanPark,Independent,ATL,20250824-WellSpanPark-1,7d4bf610-8112-11f0-b79a-67802afcc1e7,80.06777,56.18025,,7.6626,,,,1.96382,2.46965,-0.07093,f3c3c493-67ac-49bb-a514-6db34fe3ed0b,2025-08-24,17:48:07.85,2025-08-24T13:48:07.8528512-04:00,2025-08-24T17:48:07.8528512Z,FlyBall,v3,5435,525,,"Simoneit, Will",686766,Right,YOR,a1a8829c-8f23-4b14-8e8b-fafa514cc7b5,55.17311,-120.41226,13.25016,5.78444,0.50896,-16.3178,-2.34999,1.85931,6.2949,137.331327,1.96371,112.3498,-22.58002,5.7295,-1.29163,0.29832,-0.06681,0.0101,-0.00065,2.46999,59.69126,-17.88749,0.7161,0.08118,-0.08472,0.02756,-0.0038,0.00017,-0.07049,-54.97456,1.75097,0.13543,-0.0288,-0.02602,0.01191,-0.00204,0.00013,,,,,,,,,,,,,,,,,,,,,,,High,High,High,High,Medium,,,
77,2025-08-24,13:49:09.77,4,1,"Vallimont, Chris",681808,Right,YOR,"DeLuca, Joe",700593,Left,WES_POW,Undefined,4,Top,2,0,0,Undefined,Four-Seam,InPlay,Undefined,FlyBall,HomeRun,0,2,,90.85716,-1.742531,-2.381594,2098.645439,206.122342,12:45,6.37874,1.79226,5.88365,-15.17757,19.03698,8.74823,3.49386,0.30835,82.21381,-4.66299,-0.813462,0.420995,105.4857,29.898627,17.000657,1579.890755,103.69037,57.64994,36.71758,401.03177,392.44409,23.583782,4.806289,-5.2152,10.63119,-1.60505,50,6.22936,5.10025,-131.71913,-4.43592,-9.06968,30.6208,-13.68554,YOR,WES_POW,WellSpanPark,Independent,ATL,20250824-WellSpanPark-1,a22f03f0-8112-11f0-b79a-67802afcc1e7,89.53181,82.90294,,8.64335,,,,1.27247,3.57292,-0.28553,f3c3c493-67ac-49bb-a514-6db34fe3ed0b,2025-08-24,17:49:09.77,2025-08-24T13:49:09.7714176-04:00,2025-08-24T17:49:09.7714176Z,FlyBall,v3,5435,525,,"Simoneit, Will",686766,Right,YOR,de52efba-69cc-45af-b0fd-3fe515893b2c,54.61488,-132.78763,15.3104,6.37582,-3.95838,-6.84277,-1.78854,5.41673,-4.53484,228.3049,1.21705,129.45757,-29.50368,15.44364,-9.45841,4.08183,-1.04236,0.13989,-0.00755,3.56791,77.20031,-22.24755,2.12114,-0.18183,-0.11269,0.06535,-0.01314,0.00093,-0.26331,38.69843,4.7181,-6.96595,5.02739,-2.28253,0.60362,-0.08383,0.00469,,,,,,,,,,,,,,,,,,,,,,,High,High,High,High,Medium,,,
78,2025-08-24,13:50:04.40,5,1,"Vallimont, Chris",681808,Right,YOR,"Alonso, Alan",836017,Right,WES_POW,Undefined,4,Top,2,0,0,Undefined,Curveball,BallCalled,Undefined,Undefined,Undefined,0,0,,78.92448,0.369837,-3.095245,2781.557044,28.849115,7:00,6.10122,1.99829,5.74352,-60.50495,-14.84083,-9.00737,1.404,-1.63708,72.36679,-10.620246,-4.708526,0.486361,,,,,,,,,,,,3.58457,-7.14658,-1.73524,50,6.09558,6.53775,-114.47671,-1.31476,4.6924,23.80107,-41.52929,YOR,WES_POW,WellSpanPark,Independent,ATL,20250824-WellSpanPark-1,c2c3ed60-8112-11f0-b79a-67802afcc1e7,77.49884,,,6.5577,,,,,,,f3c3c493-67ac-49bb-a514-6db34fe3ed0b,2025-08-24,17:50:04.40,2025-08-24T13:50:04.4084224-04:00,2025-08-24T17:50:04.4084224Z,,v3,5435,525,,"Simoneit, Will",686766,Right,YOR,8f270668-edee-484d-8d30-8247a64d3147,54.75955,-115.46204,11.90054,6.11442,0.40448,-20.76464,-2.00187,6.34349,2.3462,,,,,,,,,,,,,,,,,,,,,,,,,,,,,,,,,,,,,,,,,,,,,,,,,,,High,High,High,,,,,
79,2025-08-24,13:50:22.01,5,2,"Vallimont, Chris",681808,Right,YOR,"Alonso, Alan",836017,Right,WES_POW,Undefined,4,Top,2,1,0,Undefined,Four-Seam,InPlay,Undefined,LineDrive,Double,0,0,,93.79365,-3.078474,-3.555553,2345.975695,209.576039,1:00,6.16556,2.24497,5.80751,-13.32469,18.70076,10.01993,2.18398,-0.23086,85.6425,-5.628237,-1.764978,0.407304,102.58995,7.371279,35.624626,3834.091061,84.81698,8.25204,70.0434,176.05424,172.92422,41.888346,1.461772,-6.09811,10.7113,-1.95894,50,5.90442,7.98928,-135.81745,-7.7041,-11.39152,29.72248,-12.16491,YOR,WES_POW,WellSpanPark,Independent,ATL,20250824-WellSpanPark-1,cd378e50-8112-11f0-b79a-67802afcc1e7,92.5412,8.64232,,8.15116,,,,0.04201,2.12913,0.12193,f3c3c493-67ac-49bb-a514-6db34fe3ed0b,2025-08-24,17:50:22.01,2025-08-24T13:50:22.0168192-04:00,2025-08-24T17:50:22.0168192Z,LineDrive,v3,5435,525,,"Simoneit, Will",686766,Right,YOR,63fdee3d-6a19-4805-a583-7490434e257b,54.69206,-136.84041,14.86124,6.16237,-7.28542,-6.08246,-2.24065,8.38135,-5.69576,,0.04202,121.29336,-29.90471,7.34763,-1.29455,0.05657,-0.03364,0.06523,-0.01926,2.12913,19.30598,-14.28816,0.05187,-0.27915,0.35874,-0.0957,-0.0357,0.01638,0.12193,86.91821,-4.96489,0.32375,-0.14665,0.18573,-0.05669,-0.01479,0.00782,,,,,,,,,,,,,,,,,,,,,,,High,High,High,High,High,,,
80,2025-08-24,13:51:13.56,6,1,"Vallimont, Chris",681808,Right,YOR,"Blackwell, Benjamin",701295,Right,WES_POW,Undefined,4,Top,2,0,0,Undefined,Slider,StrikeCalled,Undefined,Undefined,Undefined,0,0,,84.60838,-0.727399,-2.089137,2666.991407,115.951227,9:45,6.08274,2.16897,5.60569,-35.37986,3.75398,-5.43083,2.4549,-0.23467,78.36714,-7.193736,-3.058526,0.450244,,,,,,,,,,,,2.23173,2.42823,-1.98654,50,5.99741,4.70539,-122.92382,-2.79773,3.44406,22.4033,-28.42671,YOR,WES_POW,WellSpanPark,Independent,ATL,20250824-WellSpanPark-1,ebf87b10-8112-11f0-b79a-67802afcc1e7,83.71566,,,6.24125,,,,,,,f3c3c493-67ac-49bb-a514-6db34fe3ed0b,2025-08-24,17:51:13.56,2025-08-24T13:51:13.5618048-04:00,2025-08-24T17:51:13.5618048Z,,v3,5435,525,,"Simoneit, Will",686766,Right,YOR,cdcbada5-2db7-4c72-b01c-f5edaa1ce9e4,54.89558,-123.81285,11.20165,6.08605,-1.66968,-14.21336,-2.17055,4.56872,1.72203,,,,,,,,,,,,,,,,,,,,,,,,,,,,,,,,,,,,,,,,,,,,,,,,,,,High,High,High,,,,,
81,2025-08-24,13:51:36.24,6,2,"Vallimont, Chris",681808,Right,YOR,"Blackwell, Benjamin",701295,Right,WES_POW,Undefined,4,Top,2,0,1,Undefined,Curveball,StrikeSwinging,Undefined,Undefined,Undefined,0,0,,77.58729,0.196969,-0.943375,2708.98696,40.526586,7:15,6.01487,2.12808,5.56802,-60.32637,-12.85446,-12.34965,1.1717,0.2176,71.0867,-10.750153,-3.154562,0.495895,,,,,,,,,,,,5.95555,-6.10477,-2.03845,50,5.99222,2.32733,-112.64729,-1.65213,7.5447,23.15301,-39.90777,YOR,WES_POW,WellSpanPark,Independent,ATL,20250824-WellSpanPark-1,f980fd20-8112-11f0-b79a-67802afcc1e7,76.0089,,,6.50059,,,,,,,f3c3c493-67ac-49bb-a514-6db34fe3ed0b,2025-08-24,17:51:36.24,2025-08-24T13:51:36.2457600-04:00,2025-08-24T17:51:36.2457600Z,,v3,5435,525,,"Simoneit, Will",686766,Right,YOR,a5052d37-e685-4e75-9e59-2ca677e3677f,54.93519,-113.65712,11.57651,6.02632,0.08846,-19.95389,-2.13278,1.99826,3.77235,,,,,,,,,,,,,,,,,,,,,,,,,,,,,,,,,,,,,,,,,,,,,,,,,,,High,High,High,,,,,
82,2025-08-24,13:51:58.95,6,3,"Vallimont, Chris",681808,Right,YOR,"Blackwell, Benjamin",701295,Right,WES_POW,Undefined,4,Top,2,0,2,Undefined,Changeup,FoulBallNotFieldable,Undefined,Undefined,Undefined,0,0,,84.06778,-2.688128,-3.738049,2392.863347,225.390456,1:30,5.88296,2.37784,6.24278,-22.81974,16.59477,15.44552,1.49474,0.21218,76.54274,-7.009166,-0.953274,0.451855,,,,,,,,,,,,-9.18579,9.82445,-2.10685,50,5.67101,7.3806,-121.78956,-6.3573,-13.6997,25.48943,-17.52179,YOR,WES_POW,WellSpanPark,Independent,ATL,20250824-WellSpanPark-1,0702a160-8113-11f0-b79a-67802afcc1e7,83.41704,,,7.52503,,,,,,,f3c3c493-67ac-49bb-a514-6db34fe3ed0b,2025-08-24,17:51:58.95,2025-08-24T13:51:58.9558272-04:00,2025-08-24T17:51:58.9558272Z,,v3,5435,525,,"Simoneit, Will",686766,Right,YOR,020d83f6-a43a-432c-a6c1-410dd2570e00,54.25766,-122.67742,12.74471,5.88182,-5.74698,-8.7609,-2.37224,7.85779,-6.84985,,,,,,,,,,,,,,,,,,,,,,,,,,,,,,,,,,,,,,,,,,,,,,,,,,,High,High,High,,,,,
83,2025-08-24,13:52:23.40,6,4,"Vallimont, Chris",681808,Right,YOR,"Blackwell, Benjamin",701295,Right,WES_POW,Undefined,4,Top,2,0,2,Undefined,Curveball,StrikeSwinging,Strikeout,Undefined,Undefined,0,0,,77.4135,0.601358,-1.010625,2683.047415,37.420952,7:15,6.15412,2.09826,5.73015,-62.42157,-14.87202,-12.63245,1.51249,0.10424,70.69996,-10.766147,-3.279172,0.4963,,,,,,,,,,,,6.10449,-7.30059,-2.00611,50,6.16597,2.45674,-112.39578,-0.88608,7.66912,23.77226,-41.34587,YOR,WES_POW,WellSpanPark,Independent,ATL,20250824-WellSpanPark-1,15a10040-8113-11f0-b79a-67802afcc1e7,75.94685,,,6.71355,,,,,,,f3c3c493-67ac-49bb-a514-6db34fe3ed0b,2025-08-24,17:52:23.40,2025-08-24T13:52:23.4040000-04:00,2025-08-24T17:52:23.4040000Z,,v3,5435,525,,"Simoneit, Will",686766,Right,YOR,15ea6eb9-654a-43d7-8b72-1c456160a942,54.77334,-113.40087,11.88613,6.16648,0.86202,-20.67294,-2.10312,2.13249,3.83456,,,,,,,,,,,,,,,,,,,,,,,,,,,,,51.58195,,,1.337402,,,,-2.72124,6.91682,6.62603,68.49156,8.42647,56.50168,-2.58607,60.12181,-5.19919,7.03796,21.23679,-15.08352,6.61133,38.4097,-0.82916,High,High,High,,,High,High,High
84,2025-08-24,13:54:54.29,1,1,"Lebron, David",673933,Right,WES_POW,"McNeely, Caleb",803001,Right,YOR,Undefined,4,Bottom,0,0,0,Undefined,Slider,BallCalled,Undefined,Undefined,Undefined,0,0,,79.79236,-0.24119,-0.646573,2164.359256,133.283142,10:30,6.36643,0.27172,5.00468,-36.37435,8.84335,-7.92067,3.10754,-0.99872,73.40693,-6.864545,-2.045747,0.483978,,,,,,,,,,,,3.74599,4.87536,-0.20292,50,6.31407,1.63933,-115.80347,-1.76944,5.10451,20.92188,-25.53059,YOR,WES_POW,WellSpanPark,Independent,ATL,20250824-WellSpanPark-1,6f74e960-8113-11f0-b79a-67802afcc1e7,77.88048,,,6.38543,,,,,,,f3c3c493-67ac-49bb-a514-6db34fe3ed0b,2025-08-24,17:54:54.29,2025-08-24T13:54:54.2962688-04:00,2025-08-24T17:54:54.2962688Z,,v3,5435,525,,"DeLuca, Joe",700593,Right,WES_POW,a5ce2366-376f-420f-9b95-10f860c01791,55.49438,-116.79191,10.46094,6.36917,-0.56327,-12.76529,-0.27468,1.39818,2.55225,,,,,,,,,,,,,,,,,,,,,,,,,,,,,,,,,,,,,,,,,,,,,,,,,,,High,High,High,,,,,
85,2025-08-24,13:55:05.22,1,2,"Lebron, David",673933,Right,WES_POW,"McNeely, Caleb",803001,Right,YOR,Undefined,4,Bottom,0,1,0,Undefined,Four-Seam,InPlay,Undefined,FlyBall,Double,0,0,,85.75544,-2.441276,-1.390587,2115.843298,192.750519,12:30,6.41308,0.19584,4.74127,-18.58056,21.69135,4.57311,2.54687,-0.74241,77.38323,-5.931211,-0.587341,0.456744,90.98714,33.306838,-20.812842,2830.006397,102.18483,65.99073,-40.72117,349.0445,331.48142,-25.256354,5.031781,-2.69914,11.8593,-0.06022,50,6.15211,2.80028,-124.03304,-5.90786,-4.14793,27.93576,-13.94906,YOR,WES_POW,WellSpanPark,Independent,ATL,20250824-WellSpanPark-1,760cafb0-8113-11f0-b79a-67802afcc1e7,82.52425,87.24574,,8.37221,,,,2.87952,2.77133,0.70363,f3c3c493-67ac-49bb-a514-6db34fe3ed0b,2025-08-24,17:55:05.22,2025-08-24T13:55:05.2267520-04:00,2025-08-24T17:55:05.2267520Z,FlyBall,v3,5435,525,,"DeLuca, Joe",700593,Right,WES_POW,d9331e38-96ea-4ad2-ab45-df4f4777f283,55.75651,-125.32286,13.96788,6.41001,-5.26382,-6.97453,-0.19393,2.99179,-2.07396,165.74641,2.88326,104.17114,-21.89048,5.57068,-0.92575,0.06813,0.00542,-0.0013,6E-05,2.76948,73.31063,-16.93067,0.18281,0.28414,-0.13729,0.03718,-0.0052,0.00028,0.7027,-39.60858,4.58891,-0.97398,0.11235,0.0057,-0.00387,0.00045,-2E-05,,,,,,,,,,,,,,,,,,,,,,,High,High,High,High,Medium,,,
86,2025-08-24,13:56:00.35,2,1,"Lebron, David",673933,Right,WES_POW,"Simoneit, Will",686766,Right,YOR,Undefined,4,Bottom,0,0,0,Undefined,Curveball,BallCalled,Undefined,Undefined,Undefined,0,0,,73.84461,0.000323,0.418225,2581.551495,48.383465,7:30,6.41129,-0.07214,4.0738,-62.15456,-7.4541,-10.26123,1.23205,-0.52564,68.47879,-10.962581,-1.369789,0.532313,,,,,,,,,,,,5.05796,-3.13106,0.03711,50,6.34311,-0.35122,-107.10584,-2.36631,5.88432,18.2367,-35.81669,YOR,WES_POW,WellSpanPark,Independent,ATL,20250824-WellSpanPark-1,96f8b9d0-8113-11f0-b79a-67802afcc1e7,70.80881,,,5.36582,,,,,,,f3c3c493-67ac-49bb-a514-6db34fe3ed0b,2025-08-24,17:56:00.35,2025-08-24T13:56:00.3582976-04:00,2025-08-24T17:56:00.3582976Z,,v3,5435,525,,"DeLuca, Joe",700593,Right,WES_POW,1a9bd839-c494-49af-bb0d-dc0da49146a1,56.42965,-108.19506,9.11835,6.42055,-0.22708,-17.90835,0.06859,-0.70268,2.94216,,,,,,,,,,,,,,,,,,,,,,,,,,,,,,,,,,,,,,,,,,,,,,,,,,,High,High,High,,,,,
87,2025-08-24,13:56:19.30,2,2,"Lebron, David",673933,Right,WES_POW,"Simoneit, Will",686766,Right,YOR,Undefined,4,Bottom,0,1,0,Undefined,Changeup,FoulBallNotFieldable,Undefined,Undefined,Undefined,0,0,,75.72151,-0.354881,-0.059546,1784.279012,197.608768,12:30,6.29738,-0.21486,4.6899,-31.60726,19.75225,5.70658,3.32649,0.20415,68.81508,-6.174639,0.942276,0.515801,,,,,,,,,,,,-2.83701,10.29965,0.21537,50,6.23408,-0.11757,-109.70094,-1.71004,-3.42984,20.8396,-19.72218,YOR,WES_POW,WellSpanPark,Independent,ATL,20250824-WellSpanPark-1,a23b4380-8113-11f0-b79a-67802afcc1e7,73.07559,,,6.90643,,,,,,,f3c3c493-67ac-49bb-a514-6db34fe3ed0b,2025-08-24,17:56:19.30,2025-08-24T13:56:19.3036288-04:00,2025-08-24T17:56:19.3036288Z,,v3,5435,525,,"DeLuca, Joe",700593,Right,WES_POW,14fa6d62-4b7b-488f-9461-34020bc81957,55.8083,-110.79884,10.4198,6.2968,-0.67102,-9.86109,0.2168,0.06312,-1.71492,,,,,,,,,,,,,,,,,,,,,,,,,,,,,,,,,,,,,,,,,,,,,,,,,,,High,High,High,,,,,
88,2025-08-24,13:57:03.06,2,3,"Lebron, David",673933,Right,WES_POW,"Simoneit, Will",686766,Right,YOR,Undefined,4,Bottom,0,1,1,Undefined,Changeup,BallCalled,Undefined,Undefined,Undefined,0,0,,76.53956,0.303899,-1.278121,1772.951968,213.493928,1:00,6.31299,-0.09562,4.72895,-33.43533,16.97792,10.04717,3.81512,-0.47124,69.21827,-5.854002,0.486436,0.511027,,,,,,,,,,,,-5.27674,8.74126,0.2152,50,6.31505,2.04413,-110.78098,-0.52361,-6.48715,21.77027,-21.42761,YOR,WES_POW,WellSpanPark,Independent,ATL,20250824-WellSpanPark-1,bc3866a0-8113-11f0-b79a-67802afcc1e7,73.75821,,,7.32129,,,,,,,f3c3c493-67ac-49bb-a514-6db34fe3ed0b,2025-08-24,17:57:03.06,2025-08-24T13:57:03.0676992-04:00,2025-08-24T17:57:03.0676992Z,,v3,5435,525,,"DeLuca, Joe",700593,Right,WES_POW,7e05fa89-7c04-4c2c-8c2d-0fc081bc7c90,55.76576,-111.90831,10.88513,6.31344,0.58598,-10.71381,0.10066,2.38005,-3.24358,,,,,,,,,,,,,,,,,,,,,,,,,,,,,,,,,,,,,,,,,,,,,,,,,,,High,High,High,,,,,
89,2025-08-24,13:57:23.31,2,4,"Lebron, David",673933,Right,WES_POW,"Simoneit, Will",686766,Right,YOR,Undefined,4,Bottom,0,2,1,Undefined,Four-Seam,FoulBallNotFieldable,Undefined,Undefined,Undefined,0,0,,88.53546,-2.395724,-0.743088,2118.072646,188.230488,12:15,6.30866,0.18749,5.01843,-14.44686,22.88289,3.11398,2.84229,-0.25433,79.90413,-5.16104,-0.193272,0.439743,74.16299,44.420049,136.583022,4367.243496,,,,,64.91429,,,-1.77563,12.47548,-0.11895,50,6.06842,1.51624,-128.14981,-5.79381,-2.9168,29.49237,-11.68078,YOR,WES_POW,WellSpanPark,Independent,ATL,20250824-WellSpanPark-1,c8560e10-8113-11f0-b79a-67802afcc1e7,85.71468,50.92341,,8.63132,,,,1.06243,2.7251,0.17259,f3c3c493-67ac-49bb-a514-6db34fe3ed0b,2025-08-24,17:57:23.31,2025-08-24T13:57:23.3110016-04:00,2025-08-24T17:57:23.3110016Z,,v3,5435,525,,"DeLuca, Joe",700593,Right,WES_POW,e7b1a6f2-29f8-4f14-8b3a-d4c8ee291003,55.47857,-129.40451,14.74618,6.30433,-5.29688,-5.84039,-0.18609,1.64033,-1.4584,315.923365,1.06243,-56.43037,-0.27526,0.87886,-0.34997,0.10039,-0.02299,0.00298,3E-05,2.7251,76.13111,-27.95458,3.3237,-0.55655,0.08458,-0.03346,0.01996,-0.00553,0.17259,53.39538,-11.59749,4.15346,-1.1101,0.28093,-0.08438,0.02865,-0.00611,,,,,,,,,,,,,,,,,,,,,,,High,High,High,High,Undefined,,,
90,2025-08-24,13:57:53.27,2,5,"Lebron, David",673933,Right,WES_POW,"Simoneit, Will",686766,Right,YOR,Undefined,4,Bottom,0,2,2,Undefined,Four-Seam,InPlay,Undefined,FlyBall,Out,1,0,,88.37787,-4.018246,-0.793041,2128.056392,197.237274,12:30,6.33349,0.16253,4.96196,-14.39552,23.07611,6.74859,1.3311,-0.02435,80.25798,-6.747181,0.397435,0.440578,103.77317,30.026873,-0.178557,2851.128747,109.92049,61.09371,4.18084,399.4272,394.84886,5.906129,5.414711,-3.58473,13.01359,-0.09166,50,5.93313,1.45528,-127.79483,-9.42123,-5.88588,28.09174,-10.80665,YOR,WES_POW,WellSpanPark,Independent,ATL,20250824-WellSpanPark-1,da31bda0-8113-11f0-b79a-67802afcc1e7,85.55225,95.08155,,8.11989,,,,1.67785,1.40341,0.02834,f3c3c493-67ac-49bb-a514-6db34fe3ed0b,2025-08-24,17:57:53.27,2025-08-24T13:57:53.2711424-04:00,2025-08-24T17:57:53.2711424Z,FlyBall,v3,5435,525,,"DeLuca, Joe",700593,Right,WES_POW,e6cd9dc2-9829-4cf1-8328-be3769077ebe,55.53644,-129.0061,14.04587,6.32931,-8.95526,-5.40332,-0.15988,1.70907,-2.94294,201.815819,1.68397,131.65128,-28.3577,6.89212,-1.10515,0.06185,0.01321,-0.00252,0.00012,1.39886,76.24122,-16.21377,-0.13146,0.33701,-0.12182,0.02984,-0.00403,0.00021,0.0266,-0.37302,6.66163,-2.61895,0.64976,-0.10154,0.00867,-0.0003,0,,,,,,,,,,,,,,,,,,,,,,,High,High,High,High,High,,,
91,2025-08-24,13:59:28.27,3,1,"Lebron, David",673933,Right,WES_POW,"Fontana, Shayne",687833,Left,YOR,Undefined,4,Bottom,1,0,0,Undefined,Changeup,InPlay,Undefined,Popup,Out,1,1,,77.06507,-1.275056,-0.567834,1816.418743,227.214979,1:30,6.24966,0.24131,4.73664,-36.3862,12.89753,12.17761,2.00761,0.7174,70.59801,-7.887237,1.574146,0.50527,61.41636,74.29481,-60.172349,,,,,100.61273,43.29121,-77.732922,4.741955,-6.18784,7.16091,-0.19569,50,6.0895,0.60861,-111.71234,-3.74143,-7.7943,20.73078,-23.15406,YOR,WES_POW,WellSpanPark,Independent,ATL,20250824-WellSpanPark-1,12de6860-8114-11f0-b79a-67802afcc1e7,74.59866,96.83171,,6.46705,,,,,,,f3c3c493-67ac-49bb-a514-6db34fe3ed0b,2025-08-24,17:59:28.27,2025-08-24T13:59:28.2796032-04:00,2025-08-24T17:59:28.2796032Z,Popup,v3,5435,525,,"DeLuca, Joe",700593,Right,WES_POW,3ea05511-8200-4197-922b-4eeaeb9c16a4,55.76306,-112.77673,10.36539,6.25108,-2.55261,-11.57703,-0.23721,1.0088,-3.89715,,3.24582,12.10423,-5.5454,1.25114,0.24281,-0.28451,0.09443,-0.01449,0.00086,4.86652,86.66345,-23.96459,1.90305,0.14687,-0.24648,0.07481,-0.01036,0.00057,-2.85577,-21.02577,-1.43172,1.40743,-0.74044,0.24449,-0.04351,0.00352,-8E-05,,,,,,,,,,,,,,,,,,,,,,,High,High,High,Low,Low,,,
92,2025-08-24,14:00:46.13,4,1,"Lebron, David",673933,Right,WES_POW,"Lewis, Brandon",686781,Right,YOR,Undefined,4,Bottom,2,0,0,Undefined,Slider,BallCalled,Undefined,Undefined,Undefined,0,0,,80.98217,-5.144396,-0.790743,2210.58031,144.709945,10:45,6.2316,0.25274,5.25746,-36.64876,6.76634,-3.92736,-1.66949,-0.81755,75.92676,-11.692004,-1.48997,0.474233,,,,,,,,,,,,1.82898,4.92752,-0.17712,50,5.73127,1.76773,-117.2868,-11.81881,2.57709,19.78637,-25.23103,YOR,WES_POW,WellSpanPark,Independent,ATL,20250824-WellSpanPark-1,4133d3d0-8114-11f0-b79a-67802afcc1e7,79.48084,,,5.05541,,,,,,,f3c3c493-67ac-49bb-a514-6db34fe3ed0b,2025-08-24,18:00:46.13,2025-08-24T14:00:46.1398528-04:00,2025-08-24T18:00:46.1398528Z,,v3,5435,525,,"DeLuca, Joe",700593,Right,WES_POW,2b69d1ea-1caf-4559-bee7-a674e2c4efeb,55.24686,-118.16863,9.89319,6.23295,-10.69432,-12.61552,-0.25335,1.65288,1.28854,,,,,,,,,,,,,,,,,,,,,,,,,,,,,,,,,,,,,,,,,,,,,,,,,,,High,High,High,,,,,
93,2025-08-24,14:01:15.34,4,2,"Lebron, David",673933,Right,WES_POW,"Lewis, Brandon",686781,Right,YOR,Undefined,4,Bottom,2,1,0,Undefined,Slider,StrikeCalled,Undefined,Undefined,Undefined,0,0,,80.78685,-2.489311,-0.771069,2175.214002,127.66428,10:15,6.29018,0.21977,5.2114,-36.04959,7.72937,-8.29859,0.94346,-1.19692,74.77586,-9.023771,-2.244516,0.476216,,,,,,,,,,,,3.94449,4.93563,-0.14203,50,6.03289,1.91851,-117.2032,-6.35308,5.51321,21.14918,-25.27557,YOR,WES_POW,WellSpanPark,Independent,ATL,20250824-WellSpanPark-1,52ae2980-8114-11f0-b79a-67802afcc1e7,79.14985,,,6.01099,,,,,,,f3c3c493-67ac-49bb-a514-6db34fe3ed0b,2025-08-24,18:01:15.34,2025-08-24T14:01:15.3467904-04:00,2025-08-24T18:01:15.3467904Z,,v3,5435,525,,"DeLuca, Joe",700593,Right,WES_POW,34c1e245-1e57-45e0-9ee8-3b2b4ed2de6e,55.28846,-118.15364,10.57459,6.29287,-5.2172,-12.63778,-0.22268,1.67075,2.7566,,,,,,,,,,,,,,,,,,,,,,,,,,,,,,,,,,,,,,,,,,,,,,,,,,,High,High,High,,,,,
94,2025-08-24,14:01:33.67,4,3,"Lebron, David",673933,Right,WES_POW,"Lewis, Brandon",686781,Right,YOR,Undefined,4,Bottom,2,1,1,Undefined,Four-Seam,BallCalled,Undefined,Undefined,Undefined,0,0,,88.19085,-2.73412,-1.535777,2189.716281,188.878179,12:15,6.33385,0.06665,4.85673,-15.23934,22.21076,3.27744,2.47297,-1.11429,80.53515,-5.602438,-0.959048,0.440451,,,,,,,,,,,,-2.03288,12.04658,0.08193,50,6.05179,3.2684,-127.71419,-6.59134,-3.35951,26.16289,-12.26608,YOR,WES_POW,WellSpanPark,Independent,ATL,20250824-WellSpanPark-1,5d976fa0-8114-11f0-b79a-67802afcc1e7,85.57685,,,7.6557,,,,,,,f3c3c493-67ac-49bb-a514-6db34fe3ed0b,2025-08-24,18:01:33.67,2025-08-24T14:01:33.6732672-04:00,2025-08-24T18:01:33.6732672Z,,v3,5435,525,,"DeLuca, Joe",700593,Right,WES_POW,72f35897-de3b-483e-ab22-40e9d72232f4,55.64095,-128.86459,13.08144,6.32976,-6.05199,-6.13304,-0.06503,3.41612,-1.67976,,,,,,,,,,,,,,,,,,,,,,,,,,,,,,,,,,,,,,,,,,,,,,,,,,,High,High,High,,,,,
95,2025-08-24,14:01:48.50,4,4,"Lebron, David",673933,Right,WES_POW,"Lewis, Brandon",686781,Right,YOR,Undefined,4,Bottom,2,2,1,Undefined,Four-Seam,InPlay,Undefined,FlyBall,HomeRun,0,1,,87.66726,-1.469053,-0.574254,2210.698344,189.850808,12:15,6.37564,0.07038,4.77329,-15.58788,22.54281,3.68953,3.68358,-0.16658,79.57925,-4.418456,0.07425,0.444435,100.88843,48.335118,-34.038559,2413.991838,91.23067,112.63915,-61.4568,358.39841,168.48019,-35.558458,6.390348,-1.99929,11.92646,-0.01639,50,6.21623,1.10194,-127.03685,-3.76954,-3.24813,27.4424,-12.79781,YOR,WES_POW,WellSpanPark,Independent,ATL,20250824-WellSpanPark-1,6667c0d0-8114-11f0-b79a-67802afcc1e7,84.80971,155.98563,,8.08801,,,,2.96008,3.65402,-0.24371,f3c3c493-67ac-49bb-a514-6db34fe3ed0b,2025-08-24,18:01:48.50,2025-08-24T14:01:48.5007360-04:00,2025-08-24T18:01:48.5007360Z,FlyBall,v3,5435,525,,"DeLuca, Joe",700593,Right,WES_POW,0aef0320-665c-42cc-96b9-bc177c5127a3,55.7261,-128.26784,13.7212,6.37245,-3.19547,-6.3989,-0.06909,1.24764,-1.62406,174.465745,2.96409,81.46341,-16.34456,3.81966,-0.62509,0.06804,-0.00517,0.00036,-2E-05,3.66053,110.40377,-25.32951,2.70596,-0.29025,-0.04136,0.02013,-0.00273,0.00013,-0.24694,-55.01634,9.78181,-2.20546,0.34635,-0.03639,0.00305,-0.00028,2E-05,,,,,,,,,,,,,,,,,,,,,,,High,High,High,Medium,Low,,,
96,2025-08-24,14:02:39.29,5,1,"Lebron, David",673933,Right,WES_POW,"Higgins, Ryan",696287,Right,YOR,Undefined,4,Bottom,2,0,0,Undefined,Slider,BallCalled,Undefined,Undefined,Undefined,0,0,,83.28149,-2.426058,-0.448549,2203.305671,153.975067,11:15,6.26246,0.16894,5.183,-31.85443,9.48737,-4.00067,1.32387,-0.58649,76.69602,-8.229407,-1.158344,0.462771,,,,,,,,,,,,1.88142,5.78437,-0.12406,50,6.0128,1.11499,-120.79226,-6.24945,2.78513,23.1007,-23.61123,YOR,WES_POW,WellSpanPark,Independent,ATL,20250824-WellSpanPark-1,84b68ad0-8114-11f0-b79a-67802afcc1e7,81.44948,,,6.58547,,,,,,,f3c3c493-67ac-49bb-a514-6db34fe3ed0b,2025-08-24,18:02:39.29,2025-08-24T14:02:39.2916992-04:00,2025-08-24T18:02:39.2916992Z,,v3,5435,525,,"DeLuca, Joe",700593,Right,WES_POW,4b3c2826-65c2-42b1-9cb3-1a820f321f6f,55.31673,-121.80481,11.55035,6.26404,-5.21453,-11.80561,-0.17026,0.99291,1.39257,,,,,,,,,,,,,,,,,,,,,,,,,,,,,,,,,,,,,,,,,,,,,,,,,,,High,High,High,,,,,
97,2025-08-24,14:02:53.23,5,2,"Lebron, David",673933,Right,WES_POW,"Higgins, Ryan",696287,Right,YOR,Undefined,4,Bottom,2,1,0,Undefined,Slider,FoulBallNotFieldable,Undefined,Undefined,Undefined,0,0,,82.73199,-1.289576,0.210429,2219.999856,137.584906,10:30,6.32868,0.02318,5.1415,-34.90573,7.05193,-5.23622,2.2054,-0.21503,76.01495,-7.648966,-0.717763,0.466205,71.31464,75.551229,157.235275,4245.238605,,,,,21.64091,,,2.69311,4.23492,-0.03858,50,6.18095,-0.22244,-120.07053,-3.95271,3.93161,23.24449,-25.99156,YOR,WES_POW,WellSpanPark,Independent,ATL,20250824-WellSpanPark-1,8d009500-8114-11f0-b79a-67802afcc1e7,80.8495,65.62422,,6.71704,,,,2.61541,2.31928,0.23779,f3c3c493-67ac-49bb-a514-6db34fe3ed0b,2025-08-24,18:02:53.23,2025-08-24T14:02:53.2361216-04:00,2025-08-24T18:02:53.2361216Z,,v3,5435,525,,"DeLuca, Joe",700593,Right,WES_POW,e2fa9899-fb7c-4644-8ce0-06e7321cad2f,55.35935,-121.10361,11.62224,6.33096,-2.79755,-12.99578,-0.02481,-0.39718,1.96581,355.834382,2.61541,-24.06487,-6.94934,3.78064,-1.19619,0.33229,-0.09455,0.02799,-0.00558,2.31928,101.28643,-32.42099,4.7038,-0.91519,0.18435,-0.08291,0.05073,-0.01494,0.23779,10.09851,-0.40357,-0.19105,0.09719,-0.03005,0.0053,0.00083,-0.0006,,,,,,,,,,,,,,,,,,,,,,,High,High,High,High,Undefined,,,
98,2025-08-24,14:03:12.64,5,3,"Lebron, David",673933,Right,WES_POW,"Higgins, Ryan",696287,Right,YOR,Undefined,4,Bottom,2,1,1,Undefined,Slider,InPlay,Undefined,GroundBall,Single,0,0,,83.03717,-1.139614,-0.316287,2236.28887,134.8124,10:30,6.34428,0.15829,5.05157,-35.32187,6.31115,-5.08548,2.32579,-0.56381,76.56483,-7.552614,-1.216168,0.464398,84.68477,1.344742,-26.551753,2780.499473,,,,58.74227,53.29646,-26.928496,0.478392,2.46638,3.785,-0.12385,50,6.20754,0.88015,-120.55493,-3.68976,3.64421,22.55791,-26.58146,YOR,WES_POW,WellSpanPark,Independent,ATL,20250824-WellSpanPark-1,988d9530-8114-11f0-b79a-67802afcc1e7,81.16408,2.66877,,6.47234,,,,2.73532,2.54924,0.52354,f3c3c493-67ac-49bb-a514-6db34fe3ed0b,2025-08-24,18:03:12.64,2025-08-24T14:03:12.6424064-04:00,2025-08-24T18:03:12.6424064Z,GroundBall,v3,5435,525,,"DeLuca, Joe",700593,Right,WES_POW,df83371b-f6c1-4e28-b1b9-709157c6d7e1,55.44972,-121.57039,11.27895,6.34671,-2.49318,-13.29073,-0.15978,0.71611,1.82211,82.926321,2.74394,110.83318,-14.86021,,,,,,,2.55562,2.7369,-16.91476,,,,,,,0.52924,-55.66448,-2.22102,,,,,,,,,,,,,,,,,,,,,,,,,,,,,High,High,High,High,High,,,
99,2025-08-24,14:03:52.51,6,1,"Lebron, David",673933,Right,WES_POW,"Alleyne, Bubba",804588,Left,YOR,Undefined,4,Bottom,2,0,0,Undefined,Four-Seam,InPlay,Undefined,FlyBall,Out,1,0,,87.19279,-2.782367,-1.25368,2163.845126,194.64758,12:30,6.29124,0.2204,4.9624,-16.0215,22.37108,5.4978,2.32485,-0.50602,79.16768,-5.811136,-0.284073,0.445959,95.96717,38.505375,26.215036,3728.856781,98.93663,82.38648,48.07786,352.08012,350.89647,25.220631,5.647144,-3.12059,12.32764,-0.1039,50,6.00964,2.51413,-126.24398,-6.64826,-5.00015,27.41641,-12.4214,YOR,WES_POW,WellSpanPark,Independent,ATL,20250824-WellSpanPark-1,b053b410-8114-11f0-b79a-67802afcc1e7,84.51992,114.14586,,8.02511,,,,3.37116,2.59872,0.52363,f3c3c493-67ac-49bb-a514-6db34fe3ed0b,2025-08-24,18:03:52.51,2025-08-24T14:03:52.5108736-04:00,2025-08-24T18:03:52.5108736Z,FlyBall,v3,5435,525,,"DeLuca, Joe",700593,Right,WES_POW,bfcaff2b-74a6-4574-8e58-fb2b4254c7eb,55.53704,-127.44078,13.70821,6.28802,-6.10603,-6.2107,-0.21841,2.7324,-2.50007,183.043126,3.37666,98.70737,-22.58255,6.02482,-1.05363,0.09136,0.00282,-0.00119,7E-05,2.59462,87.69814,-19.12217,0.66152,0.13839,-0.08676,0.02335,-0.0031,0.00016,0.52659,48.59992,-10.1852,2.2529,-0.28385,-0.00315,0.00703,-0.0009,4E-05,,,,,,,,,,,,,,,,,,,,,,,High,High,High,High,Medium,,,
100,2025-08-24,14:06:26.15,1,1,"Vallimont, Chris",681808,Right,YOR,"Moorer, Demetrius",693884,Right,WES_POW,Undefined,5,Top,0,0,0,Undefined,Four-Seam,InPlay,Undefined,Popup,Out,1,0,,90.71326,-2.604968,-2.097174,2215.074429,210.823888,1:00,6.28833,1.88542,5.96661,-13.73213,20.38741,11.46863,2.72538,0.89578,82.40003,-5.259412,-0.03731,0.42041,,,,,,,,,,,,-6.543,11.60965,-1.72566,50,6.07409,4.33397,-131.54398,-6.35262,-11.38577,29.6943,-11.97148,YOR,WES_POW,WellSpanPark,Independent,ATL,20250824-WellSpanPark-1,0be26c90-8115-11f0-b79a-67802afcc1e7,89.65635,,,8.31323,,,,,,,f3c3c493-67ac-49bb-a514-6db34fe3ed0b,2025-08-24,18:06:26.15,2025-08-24T14:06:26.1554688-04:00,2025-08-24T18:06:26.1554688Z,,v3,5435,525,,"Simoneit, Will",686766,Right,YOR,da6a398b-07e3-4cef-bb3e-85bf7422b50a,54.53325,-132.56335,14.84715,6.28511,-5.94165,-5.98574,-1.88115,4.72483,-5.69288,,,,,,,,,,,,,,,,,,,,,,,,,,,,,,,,,,,,,,,,,,,,,,,,,,,High,High,High,,,,,
101,2025-08-24,14:07:06.14,2,1,"Vallimont, Chris",681808,Right,YOR,"Nelson, James",663445,Right,WES_POW,Undefined,5,Top,1,0,0,Undefined,Slider,StrikeCalled,Undefined,Undefined,Undefined,0,0,,85.09144,-0.609159,-1.763999,2574.979035,140.578871,10:45,6.01255,2.15264,5.643,-31.88151,6.72374,-4.62473,2.78722,0.12119,78.7237,-6.463288,-2.590054,0.447193,,,,,,,,,,,,1.9026,3.91803,-1.99984,50,5.94043,3.99864,-123.64483,-2.41446,2.97301,22.48777,-26.05177,YOR,WES_POW,WellSpanPark,Independent,ATL,20250824-WellSpanPark-1,23c22df0-8115-11f0-b79a-67802afcc1e7,84.28683,,,6.36774,,,,,,,f3c3c493-67ac-49bb-a514-6db34fe3ed0b,2025-08-24,18:07:06.14,2025-08-24T14:07:06.1456384-04:00,2025-08-24T18:07:06.1456384Z,,v3,5435,525,,"Simoneit, Will",686766,Right,YOR,21b15f11-66ab-42d8-8dbc-7767fe177411,54.85734,-124.52512,11.24388,6.01498,-1.39465,-13.02588,-2.15409,3.88226,1.4865,,,,,,,,,,,,,,,,,,,,,,,,,,,,,,,,,,,,,,,,,,,,,,,,,,,High,High,High,,,,,
102,2025-08-24,14:07:21.59,2,2,"Vallimont, Chris",681808,Right,YOR,"Nelson, James",663445,Right,WES_POW,Undefined,5,Top,1,0,1,Undefined,Four-Seam,InPlay,Undefined,Popup,Out,1,0,,90.32721,-2.611465,-1.77635,2222.379768,207.388751,1:00,6.34972,1.7247,5.96699,-14.28981,19.94627,9.75516,2.73474,0.89009,82.46592,-5.355401,-0.023789,0.421127,86.81051,74.599117,-1.561541,,,,,,28.9089,,,-5.53618,11.33764,-1.58942,50,6.13464,3.65729,-131.06655,-6.37062,-9.61358,28.14754,-12.48628,YOR,WES_POW,WellSpanPark,Independent,ATL,20250824-WellSpanPark-1,2cefba50-8115-11f0-b79a-67802afcc1e7,89.50367,132.28092,,7.86129,,,,,,,f3c3c493-67ac-49bb-a514-6db34fe3ed0b,2025-08-24,18:07:21.59,2025-08-24T14:07:21.5905792-04:00,2025-08-24T18:07:21.5905792Z,,v3,5435,525,,"Simoneit, Will",686766,Right,YOR,7bc8f038-fb2a-49cd-bde5-8d5556d0ce90,54.5332,-132.0365,14.07377,6.34676,-5.94035,-6.24314,-1.72115,3.98857,-4.80679,,1.19285,33.79639,-16.01987,5.00354,-1.23558,0.55268,-0.40122,0.19144,-0.03722,3.92883,122.75088,-29.71148,3.83619,-0.74575,0.10349,0.02975,-0.02788,0.00615,-2.59317,-0.92153,-0.17265,0.07961,-0.02312,0.01215,-0.00962,0.00469,-0.00092,,,,,,,,,,,,,,,,,,,,,,,High,High,High,Medium,Undefined,,,
103,2025-08-24,14:08:03.12,3,1,"Vallimont, Chris",681808,Right,YOR,"Womack, Alsander",703920,Right,WES_POW,Undefined,5,Top,2,0,0,Undefined,Slider,StrikeCalled,Undefined,Undefined,Undefined,0,0,,87.39572,-0.82111,-1.582266,2574.382593,150.12118,11:00,6.0493,2.30241,5.73251,-28.30442,8.11272,-4.07382,2.92557,0.48902,80.89803,-6.037053,-2.31119,0.434335,,,,,,,,,,,,1.68264,4.66359,-2.16799,50,5.96337,3.67935,-127.03065,-2.79799,2.77932,23.37474,-24.47092,YOR,WES_POW,WellSpanPark,Independent,ATL,20250824-WellSpanPark-1,45bb8960-8115-11f0-b79a-67802afcc1e7,86.78203,,,6.49769,,,,,,,f3c3c493-67ac-49bb-a514-6db34fe3ed0b,2025-08-24,18:08:03.12,2025-08-24T14:08:03.1206400-04:00,2025-08-24T18:08:03.1206400Z,,v3,5435,525,,"Simoneit, Will",686766,Right,YOR,6012b5cb-475a-4c81-9c7e-e217a1f5b7e7,54.7679,-127.90497,11.68737,6.05091,-1.88266,-12.23546,-2.30367,3.57539,1.38966,,,,,,,,,,,,,,,,,,,,,,,,,,,,,,,,,,,,,,,,,,,,,,,,,,,High,High,High,,,,,
104,2025-08-24,14:08:20.25,3,2,"Vallimont, Chris",681808,Right,YOR,"Womack, Alsander",703920,Right,WES_POW,Undefined,5,Top,2,0,1,Undefined,Slider,FoulBallNotFieldable,Undefined,Undefined,Undefined,0,0,,86.96938,-1.704823,-1.983539,2647.712021,125.75749,10:15,6.08744,2.26805,5.64811,-31.23525,5.74823,-6.52626,1.8929,-0.1267,80.6205,-7.418497,-3.149622,0.437699,,,,,,,,,,,,2.85103,3.64512,-2.09536,50,5.92257,4.64086,-126.34543,-4.85732,4.6479,23.68063,-26.23155,YOR,WES_POW,WellSpanPark,Independent,ATL,20250824-WellSpanPark-1,4fe6afa0-8115-11f0-b79a-67802afcc1e7,86.11502,,,6.34887,,,,,,,f3c3c493-67ac-49bb-a514-6db34fe3ed0b,2025-08-24,18:08:20.25,2025-08-24T14:08:20.2582528-04:00,2025-08-24T18:08:20.2582528Z,,v3,5435,525,,"Simoneit, Will",686766,Right,YOR,eaed3bcd-602d-42bf-89ee-29ab197f4a0d,54.85429,-127.252,11.84032,6.0893,-3.85309,-13.11577,-2.26963,4.46293,2.32395,,,,,,,,,,,,,,,,,,,,,,,,,,,,,,,,,,,,,,,,,,,,,,,,,,,High,High,High,,,,,
105,2025-08-24,14:08:51.33,3,3,"Vallimont, Chris",681808,Right,YOR,"Womack, Alsander",703920,Right,WES_POW,Undefined,5,Top,2,0,2,Undefined,Curveball,BallCalled,Undefined,Undefined,Undefined,0,0,,77.78958,-0.608661,-0.910281,2723.379564,35.355011,7:15,6.11359,1.85943,5.73345,-63.08755,-15.90454,-12.44524,0.28937,-0.02546,71.19576,-12.055946,-3.149434,0.494384,,,,,,,,,,,,6.07748,-7.52331,-1.77569,50,6.02388,2.25518,-112.93504,-3.28085,7.6884,24.49455,-41.69152,YOR,WES_POW,WellSpanPark,Independent,ATL,20250824-WellSpanPark-1,62797a30-8115-11f0-b79a-67802afcc1e7,76.24125,,,6.59381,,,,,,,f3c3c493-67ac-49bb-a514-6db34fe3ed0b,2025-08-24,18:08:51.33,2025-08-24T14:08:51.3395200-04:00,2025-08-24T18:08:51.3395200Z,,v3,5435,525,,"Simoneit, Will",686766,Right,YOR,6a51da3e-94c8-466a-aec9-b0d5e0ac3ac2,54.77054,-113.96503,12.24728,6.12498,-1.52774,-20.84576,-1.86372,1.93189,3.8442,,,,,,,,,,,,,,,,,,,,,,,,,,,,,,,,,,,,,,,,,,,,,,,,,,,High,High,High,,,,,
106,2025-08-24,14:09:13.21,3,4,"Vallimont, Chris",681808,Right,YOR,"Womack, Alsander",703920,Right,WES_POW,Undefined,5,Top,2,1,2,Undefined,Cutter,InPlay,Undefined,GroundBall,Out,1,0,,87.44015,-1.237827,-2.518625,2613.989408,161.835403,11:30,6.10069,2.19684,5.74917,-27.08931,9.45111,-2.74953,2.68954,-0.37862,80.6762,-6.240123,-3.010192,0.435069,70.43518,-20.107715,-8.250231,,,,,9.89992,9.85784,-4.306615,0.078232,0.75819,5.46189,-1.98577,50,5.98112,5.69774,-126.97653,-3.66355,1.24584,24.42713,-23.1992,YOR,WES_POW,WellSpanPark,Independent,ATL,20250824-WellSpanPark-1,6f7acae0-8115-11f0-b79a-67802afcc1e7,86.63553,2.78924,,6.76395,,,,2.33204,2.78924,0.34985,f3c3c493-67ac-49bb-a514-6db34fe3ed0b,2025-08-24,18:09:13.21,2025-08-24T14:09:13.2129280-04:00,2025-08-24T18:09:13.2129280Z,GroundBall,v3,5435,525,,"Simoneit, Will",686766,Right,YOR,36644c52-e7a5-4c08-8d07-a002f590e8a9,54.75202,-127.88744,12.21356,6.10161,-2.79844,-11.5996,-2.19738,5.65128,0.62292,180,2.32732,96.37911,,,,,,,,2.79098,-35.65345,,,,,,,,0.35053,-13.9747,,,,,,,,,,,,,,,,,,,,,,,,,,,,,,High,High,High,High,High,,,
107,2025-08-24,14:11:54.90,1,1,"Lebron, David",673933,Right,WES_POW,"Wehler, Jeffrey",694292,Right,YOR,Undefined,5,Bottom,0,0,0,Undefined,Slider,InPlay,Undefined,GroundBall,Out,1,0,,80.45823,-0.410458,0.317226,2174.442329,138.879948,10:45,6.32327,0.1147,5.22759,-34.60663,9.23154,-6.9539,3.05351,-0.16657,74.40869,-6.729914,-0.916608,0.476538,92.75678,-1.145844,-13.95305,1775.208495,,,,43.26243,42.67355,-14.015767,0.320173,3.58004,5.09284,-0.13844,50,6.25953,-0.36725,-116.90652,-2.02399,4.999,20.18839,-25.06265,YOR,WES_POW,WellSpanPark,Independent,ATL,20250824-WellSpanPark-1,cfe011b0-8115-11f0-b79a-67802afcc1e7,79.09639,3.0836,,6.04954,,,,1.51317,3.0836,0.15143,f3c3c493-67ac-49bb-a514-6db34fe3ed0b,2025-08-24,18:11:54.90,2025-08-24T14:11:54.9099520-04:00,2025-08-24T18:11:54.9099520Z,GroundBall,v3,5435,525,,"DeLuca, Joe",700593,Right,WES_POW,8d0869a2-f17c-4777-8e07-1fd1566bf97f,55.27353,-117.81367,10.0942,6.32517,-0.89781,-12.53133,-0.11689,-0.59188,2.4995,41.822071,1.51619,131.87706,-17.24862,,,,,,,3.08754,-2.88443,-21.14832,,,,,,,0.15264,-32.84767,-1.11729,,,,,,,,,,,,,,,,,,,,,,,,,,,,,High,High,High,High,High,,,
108,2025-08-24,14:12:28.22,2,1,"Lebron, David",673933,Right,WES_POW,"Davis, Jaylin",664041,Right,YOR,Undefined,5,Bottom,1,0,0,Undefined,Curveball,StrikeSwinging,Undefined,Undefined,Undefined,0,0,,72.12627,0.302665,-0.257588,2484.583627,46.782041,7:30,6.36693,0.01425,4.41371,-62.43354,-5.02555,-7.47095,1.45298,-0.85415,65.98835,-10.836704,-1.566874,0.545328,,,,,,,,,,,,3.52481,-1.89083,0.02091,50,6.33798,0.77456,-104.45657,-1.68775,3.84661,19.61362,-34.2375,YOR,WES_POW,WellSpanPark,Independent,ATL,20250824-WellSpanPark-1,e3b01730-8115-11f0-b79a-67802afcc1e7,69.11889,,,6.13792,,,,,,,f3c3c493-67ac-49bb-a514-6db34fe3ed0b,2025-08-24,18:12:28.22,2025-08-24T14:12:28.2271232-04:00,2025-08-24T18:12:28.2271232Z,,v3,5435,525,,"DeLuca, Joe",700593,Right,WES_POW,20665637-cf1f-4855-9ae5-2a3a635b3dcb,56.08594,-105.59313,9.80681,6.37829,0.29624,-17.11875,-0.01752,0.55166,1.9233,,,,,,,,,,,,,,,,,,,,,,,,,,,,,,,,,,,,,,,,,,,,,,,,,,,High,High,High,,,,,
109,2025-08-24,14:12:43.76,2,2,"Lebron, David",673933,Right,WES_POW,"Davis, Jaylin",664041,Right,YOR,Undefined,5,Bottom,1,0,1,Undefined,Slider,BallCalled,Undefined,Undefined,Undefined,0,0,,81.22677,-2.346374,0.130652,2168.103112,134.458,10:30,6.30169,0.20463,5.18404,-35.7899,7.32532,-6.20217,1.11036,-0.18929,75.48794,-8.825284,-0.97041,0.472592,,,,,,,,,,,,3.14209,4.62288,-0.21184,50,6.05629,-0.01497,-117.93294,-6.09421,4.46951,20.32215,-25.59817,YOR,WES_POW,WellSpanPark,Independent,ATL,20250824-WellSpanPark-1,ed05c500-8115-11f0-b79a-67802afcc1e7,79.75678,,,5.73883,,,,,,,f3c3c493-67ac-49bb-a514-6db34fe3ed0b,2025-08-24,18:12:43.76,2025-08-24T14:12:43.7681664-04:00,2025-08-24T18:12:43.7681664Z,,v3,5435,525,,"DeLuca, Joe",700593,Right,WES_POW,f655e70b-e45d-4a35-a092-f1e9072ed5b2,55.31692,-118.84561,10.16107,6.30417,-4.94458,-12.79909,-0.20666,-0.2157,2.23476,,,,,,,,,,,,,,,,,,,,,,,,,,,,,,,,,,,,,,,,,,,,,,,,,,,High,High,High,,,,,
110,2025-08-24,14:12:55.99,2,3,"Lebron, David",673933,Right,WES_POW,"Davis, Jaylin",664041,Right,YOR,Undefined,5,Bottom,1,1,1,Undefined,Four-Seam,StrikeSwinging,Undefined,Undefined,Undefined,0,0,,87.16171,-1.518184,-0.500286,2159.510361,195.458304,12:30,6.45208,0.1035,4.71585,-16.17174,22.57856,5.87146,3.66325,0.11799,78.95038,-4.574623,0.530687,0.448032,,,,,,,,,,,,-3.00016,11.86363,-0.0584,50,6.28528,0.81759,-126.20561,-3.86265,-4.806,27.31241,-13.16948,YOR,WES_POW,WellSpanPark,Independent,ATL,20250824-WellSpanPark-1,f42fe040-8115-11f0-b79a-67802afcc1e7,84.1289,,,8.21133,,,,,,,f3c3c493-67ac-49bb-a514-6db34fe3ed0b,2025-08-24,18:12:55.99,2025-08-24T14:12:55.9997440-04:00,2025-08-24T18:12:55.9997440Z,,v3,5435,525,,"DeLuca, Joe",700593,Right,WES_POW,72782df2-52fa-4801-b928-640b6e8ef2ab,55.77972,-127.45028,13.6562,6.44763,-3.2625,-6.58474,-0.10064,1.0366,-2.403,,,,,,,,,,,,,,,,,,,,,,,,,,,,,,,,,,,,,,,,,,,,,,,,,,,High,High,High,,,,,
111,2025-08-24,14:13:16.85,2,4,"Lebron, David",673933,Right,WES_POW,"Davis, Jaylin",664041,Right,YOR,Undefined,5,Bottom,1,1,2,Undefined,Four-Seam,InPlay,Undefined,GroundBall,Out,1,0,,88.26324,-1.323892,-0.339597,2245.145981,198.304497,12:30,6.3849,0.00257,4.72875,-15.18662,22.63237,7.04788,3.86299,0.26767,79.80392,-4.208206,0.898207,0.442615,96.28544,-10.040227,-19.07686,,,,,19.83895,19.83895,-18.472357,0.136049,-3.56886,11.89347,0.02499,50,6.2392,0.42089,-127.83005,-3.44475,-5.85008,28.64622,-12.6782,YOR,WES_POW,WellSpanPark,Independent,ATL,20250824-WellSpanPark-1,00af7dd0-8116-11f0-b79a-67802afcc1e7,85.15843,3.82597,,8.45932,,,,1.37226,3.82597,-0.23773,f3c3c493-67ac-49bb-a514-6db34fe3ed0b,2025-08-24,18:13:16.85,2025-08-24T14:13:16.8542720-04:00,2025-08-24T18:13:16.8542720Z,GroundBall,v3,5435,525,,"DeLuca, Joe",700593,Right,WES_POW,e609169c-c4dd-47ae-8a5d-4cc210d35b71,55.76909,-129.11641,14.32311,6.38111,-2.87544,-6.3391,0.00019,0.68359,-2.92504,3.324292,1.3726,131.38617,-23.2933,,,,,,,3.82657,-24.67735,-25.38229,,,,,,,-0.23781,-45.43976,7.24151,,,,,,,,,,,,,,,,,,,,,,,,,,,,,High,High,High,High,High,,,
112,2025-08-24,14:13:55.13,3,1,"Lebron, David",673933,Right,WES_POW,"Arocho, Jeremy",671080,Left,YOR,Undefined,5,Bottom,2,0,0,Undefined,Changeup,StrikeSwinging,Undefined,Undefined,Undefined,0,0,,77.7665,-1.517947,-1.10967,1787.381722,220.826224,1:15,6.2613,0.05275,4.83941,-32.69655,15.79686,12.18552,2.09868,0.01737,70.78534,-7.511011,1.036965,0.501202,,,,,,,,,,,,-6.29937,8.73162,0.04614,50,6.0839,1.6659,-112.61154,-4.08404,-8.02651,21.92796,-21.04839,YOR,WES_POW,WellSpanPark,Independent,ATL,20250824-WellSpanPark-1,178e49f0-8116-11f0-b79a-67802afcc1e7,75.20411,,,6.98116,,,,,,,f3c3c493-67ac-49bb-a514-6db34fe3ed0b,2025-08-24,18:13:55.13,2025-08-24T14:13:55.1362560-04:00,2025-08-24T18:13:55.1362560Z,,v3,5435,525,,"DeLuca, Joe",700593,Right,WES_POW,07b4aea8-a6ad-4c51-95cd-844d01804000,55.65691,-113.70773,10.96398,6.26177,-3.03182,-10.52419,-0.04718,2.06715,-4.01326,,,,,,,,,,,,,,,,,,,,,,,,,,,,,,,,,,,,,,,,,,,,,,,,,,,High,High,High,,,,,
113,2025-08-24,14:14:12.88,3,2,"Lebron, David",673933,Right,WES_POW,"Arocho, Jeremy",671080,Left,YOR,Undefined,5,Bottom,2,0,1,Undefined,Curveball,StrikeCalled,Undefined,Undefined,Undefined,0,0,,74.50447,1.041994,-0.033793,2648.460033,44.077371,7:30,6.29773,-0.06557,4.38049,-61.83291,-8.32504,-9.74548,2.14007,-0.90996,68.42001,-9.972156,-1.73948,0.526478,,,,,,,,,,,,4.69477,-3.78173,0.07944,50,6.34754,0.47387,-107.99651,-0.35283,5.51363,19.79002,-36.6154,YOR,WES_POW,WellSpanPark,Independent,ATL,20250824-WellSpanPark-1,220a4f50-8116-11f0-b79a-67802afcc1e7,71.59355,,,6.08446,,,,,,,f3c3c493-67ac-49bb-a514-6db34fe3ed0b,2025-08-24,18:14:12.88,2025-08-24T14:14:12.8872448-04:00,2025-08-24T18:14:12.8872448Z,,v3,5435,525,,"DeLuca, Joe",700593,Right,WES_POW,904cfed8-e5ca-4a11-bbe8-67e39d6d70d7,56.12138,-109.11246,9.89501,6.30922,1.71191,-18.3077,0.06149,0.16295,2.75682,,,,,,,,,,,,,,,,,,,,,,,,,,,,,,,,,,,,,,,,,,,,,,,,,,,High,High,High,,,,,
114,2025-08-24,14:14:29.00,3,3,"Lebron, David",673933,Right,WES_POW,"Arocho, Jeremy",671080,Left,YOR,Undefined,5,Bottom,2,0,2,Undefined,Slider,BallCalled,Undefined,Undefined,Undefined,0,0,,76.3087,-3.890525,-0.998502,1855.727035,220.891919,1:15,6.27555,-0.17669,5.05784,-36.86671,13.30359,9.98201,-0.47188,-0.28659,69.8811,-10.578823,0.770339,0.509794,,,,,,,,,,,,-5.32433,8.30182,0.26318,50,5.876,1.53668,-110.3651,-8.70655,-6.50172,21.46512,-22.03639,YOR,WES_POW,WellSpanPark,Independent,ATL,20250824-WellSpanPark-1,2bb82f40-8116-11f0-b79a-67802afcc1e7,73.93658,,,6.42759,,,,,,,f3c3c493-67ac-49bb-a514-6db34fe3ed0b,2025-08-24,18:14:29.00,2025-08-24T14:14:29.0044416-04:00,2025-08-24T18:14:29.0044416Z,,v3,5435,525,,"DeLuca, Joe",700593,Right,WES_POW,72df0963-5c44-41b4-90ac-eb4be021caa2,55.44176,-111.41845,10.73256,6.27672,-7.62516,-11.0182,0.17994,1.85573,-3.25086,,,,,,,,,,,,,,,,,,,,,,,,,,,,,,,,,,,,,,,,,,,,,,,,,,,High,High,High,,,,,
115,2025-08-24,14:15:11.25,3,4,"Lebron, David",673933,Right,WES_POW,"Arocho, Jeremy",671080,Left,YOR,Undefined,5,Bottom,2,1,2,Undefined,Changeup,BallCalled,Undefined,Undefined,Undefined,0,0,,77.20343,-2.567824,-0.023951,1836.819111,246.118738,2:15,6.32337,-0.01823,4.59831,-41.38939,8.79186,15.60914,0.43041,1.25975,70.0621,-10.031208,2.718575,0.509849,,,,,,,,,,,,-7.63473,5.68347,0.00531,50,6.02078,-0.61608,-111.60768,-6.48366,-9.45223,23.54302,-25.13761,YOR,WES_POW,WellSpanPark,Independent,ATL,20250824-WellSpanPark-1,44eece10-8116-11f0-b79a-67802afcc1e7,73.92856,,,7.14133,,,,,,,f3c3c493-67ac-49bb-a514-6db34fe3ed0b,2025-08-24,18:15:11.25,2025-08-24T14:15:11.2594432-04:00,2025-08-24T18:15:11.2594432Z,,v3,5435,525,,"DeLuca, Joe",700593,Right,WES_POW,8273f95d-7a3f-4ba8-a894-aa9aef275237,55.89894,-112.84517,11.77151,6.32686,-5.16235,-12.56881,0.02464,-0.11925,-4.72612,,,,,,,,,,,,,,,,,,,,,,,,,,,,,,,,,,,,,,,,,,,,,,,,,,,High,High,High,,,,,
116,2025-08-24,14:15:36.73,3,5,"Lebron, David",673933,Right,WES_POW,"Arocho, Jeremy",671080,Left,YOR,Undefined,5,Bottom,2,2,2,Undefined,Changeup,FoulBallNotFieldable,Undefined,Undefined,Undefined,0,0,,78.00128,-0.318307,-1.197573,1790.959509,221.360824,1:30,6.27194,-0.11675,4.72557,-34.68588,13.77422,10.62792,3.07935,-0.36758,70.76234,-6.668915,0.669898,0.50103,85.11463,58.993374,47.041623,3716.177592,66.57754,144.74555,87.56378,189.06463,82.57236,55.183361,6.006898,-5.61863,7.3291,0.22744,50,6.20976,1.91719,-112.97322,-1.82494,-7.18584,22.58053,-22.80064,YOR,WES_POW,WellSpanPark,Independent,ATL,20250824-WellSpanPark-1,5421f2e0-8116-11f0-b79a-67802afcc1e7,75.22993,144.74592,,7.23894,,,,2.34822,3.2886,-0.14444,f3c3c493-67ac-49bb-a514-6db34fe3ed0b,2025-08-24,18:15:36.73,2025-08-24T14:15:36.7322624-04:00,2025-08-24T18:15:36.7322624Z,FlyBall,v3,5435,525,,"DeLuca, Joe",700593,Right,WES_POW,ed1583a2-16ce-4312-8644-c4e47e21e6ae,55.77297,-114.12126,11.29027,6.27307,-0.66571,-11.40032,0.12068,2.28254,-3.59292,,2.35581,43.67904,-14.64216,3.54836,-0.21575,-0.1392,0.04466,-0.0055,0.00025,3.27505,107.20061,-25.45625,3.27452,-0.87512,0.19109,-0.02513,0.00147,-2E-05,-0.13423,46.88384,-10.3377,1.97117,0.12271,-0.17722,0.04437,-0.00496,0.00021,,,,,,,,,,,,,,,,,,,,,,,High,High,High,Medium,Low,,,
117,2025-08-24,14:16:22.99,3,6,"Lebron, David",673933,Right,WES_POW,"Arocho, Jeremy",671080,Left,YOR,Undefined,5,Bottom,2,2,2,Undefined,Changeup,BallCalled,Undefined,Undefined,Undefined,0,0,,77.73171,0.169914,-1.670013,1745.863628,216.748197,1:15,6.26685,-0.06867,4.82493,-31.77033,16.27757,11.02942,3.78032,-0.73171,71.22324,-5.655691,0.270073,0.498894,,,,,,,,,,,,-5.85654,8.41556,0.2244,50,6.25702,2.82289,-112.71107,-0.73607,-7.55727,19.88745,-21.31461,YOR,WES_POW,WellSpanPark,Independent,ATL,20250824-WellSpanPark-1,6f97d350-8116-11f0-b79a-67802afcc1e7,75.55193,,,6.50847,,,,,,,f3c3c493-67ac-49bb-a514-6db34fe3ed0b,2025-08-24,18:16:22.99,2025-08-24T14:16:22.9961728-04:00,2025-08-24T18:16:22.9961728Z,,v3,5435,525,,"DeLuca, Joe",700593,Right,WES_POW,67e29164-fd69-4bb8-b878-1a433b1e14e1,55.67292,-113.70763,9.94373,6.26714,0.332,-10.6573,0.07346,3.20158,-3.77864,,,,,,,,,,,,,,,,,,,,,,,,,,,,,,,,,,,,,,,,,,,,,,,,,,,High,High,High,,,,,
118,2025-08-24,14:16:40.90,3,7,"Lebron, David",673933,Right,WES_POW,"Arocho, Jeremy",671080,Left,YOR,Undefined,5,Bottom,2,3,2,Undefined,Slider,BallCalled,Walk,Undefined,Undefined,0,0,,83.67917,-3.044712,-0.42881,2142.589396,131.970896,10:30,6.21464,-0.0049,5.28011,-34.52955,6.41678,-5.6817,0.47488,-0.88111,77.05087,-9.313675,-1.439522,0.460552,,,,,,,,,,,,2.74063,4.45201,0.04839,50,5.91129,1.14566,-121.30478,-7.68481,4.07882,23.98867,-25.54819,YOR,WES_POW,WellSpanPark,Independent,ATL,20250824-WellSpanPark-1,7a541600-8116-11f0-b79a-67802afcc1e7,81.84185,,,6.6283,,,,,,,f3c3c493-67ac-49bb-a514-6db34fe3ed0b,2025-08-24,18:16:40.90,2025-08-24T14:16:40.9048064-04:00,2025-08-24T18:16:40.9048064Z,,v3,5435,525,,"DeLuca, Joe",700593,Right,WES_POW,a511847a-e075-4b0a-97a3-342b4e8eae80,55.22005,-122.33272,11.99433,6.21714,-6.59004,-12.77409,0.00304,0.97088,2.03941,,,,,,,,,,,,,,,,,,,,,,,,,,,,,,,,,,,,,,,,,,,,,,,,,,,High,High,High,,,,,
119,2025-08-24,14:18:04.47,4,1,"Lebron, David",673933,Right,WES_POW,"McNeely, Caleb",803001,Right,YOR,Undefined,5,Bottom,2,0,0,Undefined,Slider,BallCalled,Undefined,Undefined,Undefined,0,0,,82.37896,-2.952543,1.574788,2279.394712,152.7124,11:00,6.24245,0.17386,5.28636,-30.6512,11.31894,-5.18366,0.91203,1.2211,76.1927,-8.540578,0.653696,0.466275,,,,,,,,,,,,3.01528,6.82859,-0.31344,50,5.95071,-3.0708,-119.46374,-7.21719,4.38591,21.60899,-22.2414,YOR,WES_POW,WellSpanPark,Independent,ATL,20250824-WellSpanPark-1,ac26c150-8116-11f0-b79a-67802afcc1e7,80.83742,,,6.18626,,,,,,,f3c3c493-67ac-49bb-a514-6db34fe3ed0b,2025-08-24,18:18:04.47,2025-08-24T14:18:04.4709376-04:00,2025-08-24T18:18:04.4709376Z,,v3,5435,525,,"DeLuca, Joe",700593,Right,WES_POW,e402cb75-c941-4911-87ce-98a0dfc5101c,55.21379,-120.40313,10.80449,6.24344,-6.2503,-11.1207,-0.1758,-3.26147,2.19296,,,,,,,,,,,,,,,,,,,,,,,,,,,,,,,,,,,,,,,,,,,,,,,,,,,High,High,High,,,,,
120,2025-08-24,14:18:25.42,4,2,"Lebron, David",673933,Right,WES_POW,"McNeely, Caleb",803001,Right,YOR,Undefined,5,Bottom,2,1,0,Undefined,Four-Seam,BallCalled,Undefined,Undefined,Undefined,0,0,,87.9911,-2.490609,0.91271,2228.756175,195.778902,12:30,6.27647,0.08023,4.93011,-13.69056,24.38942,6.48835,2.77947,1.48377,79.1292,-5.128543,2.055943,0.44414,,,,,,,,,,,,-2.88591,13.2152,-0.17471,50,6.02365,-2.33751,-127.25032,-5.91927,-4.6577,29.9359,-10.84551,YOR,WES_POW,WellSpanPark,Independent,ATL,20250824-WellSpanPark-1,b8856960-8116-11f0-b79a-67802afcc1e7,84.86616,,,8.8619,,,,,,,f3c3c493-67ac-49bb-a514-6db34fe3ed0b,2025-08-24,18:18:25.42,2025-08-24T14:18:25.4234624-04:00,2025-08-24T18:18:25.4234624Z,,v3,5435,525,,"DeLuca, Joe",700593,Right,WES_POW,29f56f3b-8d87-4459-baea-93b5c771aeec,55.56501,-128.55283,14.96795,6.27093,-5.44738,-5.42276,-0.07742,-2.13486,-2.32885,,,,,,,,,,,,,,,,,,,,,,,,,,,,,,,,,,,,,,,,,,,,,,,,,,,High,High,High,,,,,
121,2025-08-24,14:18:43.38,4,3,"Lebron, David",673933,Right,WES_POW,"McNeely, Caleb",803001,Right,YOR,Undefined,5,Bottom,2,2,0,Undefined,Four-Seam,BallCalled,Undefined,Undefined,Undefined,0,0,,89.46463,-3.805049,-1.696589,2262.121255,196.626602,12:30,6.31608,0.07114,4.94443,-13.56265,22.96891,6.47933,1.58306,-0.99272,81.3222,-6.38304,-0.55465,0.435016,,,,,,,,,,,,-3.69201,12.82583,0.08801,50,5.93567,3.52322,-129.36661,-9.02051,-6.22611,28.22001,-10.54483,YOR,WES_POW,WellSpanPark,Independent,ATL,20250824-WellSpanPark-1,c35274f0-8116-11f0-b79a-67802afcc1e7,86.64605,,,8.14243,,,,,,,f3c3c493-67ac-49bb-a514-6db34fe3ed0b,2025-08-24,18:18:43.38,2025-08-24T14:18:43.3878528-04:00,2025-08-24T18:18:43.3878528Z,,v3,5435,525,,"DeLuca, Joe",700593,Right,WES_POW,ec19844a-657b-4555-8c1d-b7e452144651,55.55337,-130.5724,14.11001,6.31148,-8.56995,-5.27241,-0.06822,3.78925,-3.11305,,,,,,,,,,,,,,,,,,,,,,,,,,,,,,,,,,,,,,,,,,,,,,,,,,,High,High,High,,,,,
122,2025-08-24,14:19:02.80,4,4,"Lebron, David",673933,Right,WES_POW,"McNeely, Caleb",803001,Right,YOR,Undefined,5,Bottom,2,3,0,Undefined,Four-Seam,BallCalled,Walk,Undefined,Undefined,0,0,,87.35049,-4.391595,-0.974698,2155.430215,198.344428,12:30,6.31217,0.24961,4.88958,-15.95198,22.29816,6.9693,0.81965,-0.09177,79.90403,-7.372624,0.253216,0.445131,,,,,,,,,,,,-3.72768,12.62946,-0.16028,50,5.86818,1.82973,-126.32933,-10.22448,-6.02246,25.79733,-11.76985,YOR,WES_POW,WellSpanPark,Independent,ATL,20250824-WellSpanPark-1,ceee1b20-8116-11f0-b79a-67802afcc1e7,84.67716,,,7.44646,,,,,,,f3c3c493-67ac-49bb-a514-6db34fe3ed0b,2025-08-24,18:19:02.80,2025-08-24T14:19:02.8008448-04:00,2025-08-24T18:19:02.8008448Z,,v3,5435,525,,"DeLuca, Joe",700593,Right,WES_POW,1c72fb12-db38-41cf-a4b7-803998914727,55.60988,-127.46976,12.89867,6.30867,-9.70416,-5.88492,-0.24705,2.09596,-3.01123,,,,,,,,,,,,,,,,,,,,,,,,,,,,,,,,,,,,,,,,,,,,,,,,,,,High,High,High,,,,,
123,2025-08-24,14:20:38.83,5,1,"Lebron, David",673933,Right,WES_POW,"Simoneit, Will",686766,Right,YOR,Undefined,5,Bottom,2,0,0,Undefined,Four-Seam,StrikeCalled,Undefined,Undefined,Undefined,0,0,,87.59355,-3.53717,-1.142121,2165.71812,199.093224,12:45,6.34115,0.31925,4.90773,-14.77922,23.27741,7.60697,1.7596,-0.12706,79.7839,-6.3313,0.198202,0.444004,,,,,,,,,,,,-4.06591,12.86457,-0.21427,50,5.98349,2.16895,-126.73913,-8.29002,-6.59417,26.60211,-11.30999,YOR,WES_POW,WellSpanPark,Independent,ATL,20250824-WellSpanPark-1,0828ae00-8117-11f0-b79a-67802afcc1e7,84.89217,,,7.80965,,,,,,,f3c3c493-67ac-49bb-a514-6db34fe3ed0b,2025-08-24,18:20:38.83,2025-08-24T14:20:38.8342272-04:00,2025-08-24T18:20:38.8342272Z,,v3,5435,525,,"DeLuca, Joe",700593,Right,WES_POW,f2b0e45a-c680-40ba-8ef6-04262dbb5a5e,55.58975,-127.90702,13.30106,6.33654,-7.79349,-5.655,-0.31585,2.45845,-3.29709,,,,,,,,,,,,,,,,,,,,,,,,,,,,,,,,,,,,,,,,,,,,,,,,,,,High,High,High,,,,,
124,2025-08-24,14:20:58.57,5,2,"Lebron, David",673933,Right,WES_POW,"Simoneit, Will",686766,Right,YOR,Undefined,5,Bottom,2,0,1,Undefined,Slider,BallCalled,Undefined,Undefined,Undefined,0,0,,83.59326,-3.095921,0.12416,2196.826879,147.350665,11:00,6.25201,0.0957,5.33409,-29.57994,11.1139,-6.32992,0.87947,-0.31531,77.27907,-8.49389,-1.002183,0.45913,,,,,,,,,,,,3.22449,6.76847,-0.10215,50,5.951,-0.00021,-121.25853,-7.58079,4.82803,22.4586,-22.03965,YOR,WES_POW,WellSpanPark,Independent,ATL,20250824-WellSpanPark-1,13ed11e0-8117-11f0-b79a-67802afcc1e7,82.09537,,,6.3142,,,,,,,f3c3c493-67ac-49bb-a514-6db34fe3ed0b,2025-08-24,18:20:58.57,2025-08-24T14:20:58.5704448-04:00,2025-08-24T18:20:58.5704448Z,,v3,5435,525,,"DeLuca, Joe",700593,Right,WES_POW,cd134a43-0692-431c-8108-543de78e8dbf,55.16626,-122.21164,11.2293,6.25287,-6.64546,-11.01983,-0.0978,-0.20511,2.41402,,,,,,,,,,,,,,,,,,,,,,,,,,,,,,,,,,,,,,,,,,,,,,,,,,,High,High,High,,,,,
125,2025-08-24,14:21:19.24,5,3,"Lebron, David",673933,Right,WES_POW,"Simoneit, Will",686766,Right,YOR,Undefined,5,Bottom,2,1,1,Undefined,Slider,StrikeSwinging,Undefined,Undefined,Undefined,0,0,,83.12892,-2.216351,0.960039,2273.254573,142.218271,10:45,6.22423,0.09953,5.23487,-32.90234,8.26804,-5.46855,1.39774,0.54631,76.97278,-8.199428,-0.011146,0.461811,,,,,,,,,,,,2.98583,5.07536,-0.18365,50,5.99562,-1.79256,-120.66426,-5.84126,4.43755,21.70921,-24.63104,YOR,WES_POW,WellSpanPark,Independent,ATL,20250824-WellSpanPark-1,2042e050-8117-11f0-b79a-67802afcc1e7,81.61884,,,6.15614,,,,,,,f3c3c493-67ac-49bb-a514-6db34fe3ed0b,2025-08-24,18:21:19.24,2025-08-24T14:21:19.2449536-04:00,2025-08-24T18:21:19.2449536Z,,v3,5435,525,,"DeLuca, Joe",700593,Right,WES_POW,2430ab53-452b-4e84-be88-c1e43cdadfca,55.26551,-121.60791,10.8546,6.22625,-4.7706,-12.31552,-0.10153,-1.98545,2.21878,,,,,,,,,,,,,,,,,,,,,,,,,,,,,,,,,,,,,,,,,,,,,,,,,,,High,High,High,,,,,
126,2025-08-24,14:22:14.81,5,4,"Lebron, David",673933,Right,WES_POW,"Simoneit, Will",686766,Right,YOR,Undefined,5,Bottom,2,1,2,Undefined,Four-Seam,StrikeSwinging,Strikeout,Undefined,Undefined,0,0,,89.07405,-2.763172,-1.367139,2167.217995,197.077286,12:30,6.35273,0.22221,4.78322,-14.03249,22.83454,6.63678,2.5615,-0.52081,81.17357,-5.418773,-0.200675,0.437009,,,,,,,,,,,,-3.63945,12.35016,-0.09171,50,6.06517,2.75807,-128.97135,-6.6728,-6.12231,27.13838,-11.39857,YOR,WES_POW,WellSpanPark,Independent,ATL,20250824-WellSpanPark-1,4158e0a0-8117-11f0-b79a-67802afcc1e7,86.25093,,,7.90048,,,,,,,f3c3c493-67ac-49bb-a514-6db34fe3ed0b,2025-08-24,18:22:14.81,2025-08-24T14:22:14.8134400-04:00,2025-08-24T18:22:14.8134400Z,,v3,5435,525,,"DeLuca, Joe",700593,Right,WES_POW,d9d149d1-b93f-49da-8a16-1ca33a536f17,55.71483,-130.16832,13.56919,6.3484,-6.17005,-5.69928,-0.21931,3.02811,-3.06116,,,,,,,,,,,,,,,,,,,,,,,,,,,,,,,,,,,,,,,,,,,,,,,,,,,High,High,High,,,,,
127,2025-08-24,14:24:38.00,1,1,"Vallimont, Chris",681808,Right,YOR,"Barnum, Keon",621572,Left,WES_POW,Undefined,6,Top,0,0,0,Undefined,Four-Seam,InPlay,Undefined,FlyBall,HomeRun,0,1,,91.06821,-1.837248,-3.515159,2256.9883,211.479494,1:00,6.35049,1.75457,5.88515,-14.77757,19.30655,11.09347,3.40912,-0.58932,82.43713,-4.684159,-1.529715,0.420192,102.96756,44.249752,35.74851,3938.756535,85.973,106.84581,68.61879,348.00525,148.63298,43.880615,6.445788,-6.75768,10.79213,-1.47712,50,6.19359,7.62382,-131.90858,-4.64987,-11.80012,30.39839,-13.329,YOR,WES_POW,WellSpanPark,Independent,ATL,20250824-WellSpanPark-1,96ac4ab0-8117-11f0-b79a-67802afcc1e7,89.70299,153.38519,,8.63108,,,,1.66061,4.39376,0.73165,f3c3c493-67ac-49bb-a514-6db34fe3ed0b,2025-08-24,18:24:38.00,2025-08-24T14:24:38.0060672-04:00,2025-08-24T18:24:38.0060672Z,FlyBall,v3,5435,525,,"Simoneit, Will",686766,Right,YOR,e5d8907c-f4f3-424b-9727-55df721b6436,54.61386,-132.9676,15.1992,6.34749,-4.18552,-6.6645,-1.74988,8.03491,-5.90006,195.584139,1.67235,87.59404,-23.65515,5.85564,-0.97742,0.09902,-0.00439,-3E-05,0,4.3899,105.42531,-22.56813,1.83134,-0.10903,-0.06584,0.02307,-0.00301,0.00014,0.73597,63.12738,-10.91508,2.34649,-0.34537,0.03179,-0.00206,0.00018,-1E-05,,,,,,,,,,,,,,,,,,,,,,,High,High,High,Medium,Low,,,
128,2025-08-24,14:25:30.91,2,1,"Vallimont, Chris",681808,Right,YOR,"Sedio, Chad",670466,Left,WES_POW,Undefined,6,Top,0,0,0,Undefined,Changeup,FoulBallNotFieldable,Undefined,Undefined,Undefined,0,0,,85.38437,-1.20349,-4.406268,2311.476833,251.29603,2:30,5.91872,2.28257,6.21428,-30.59958,7.38993,18.24434,2.25463,-0.27154,78.21524,-6.905005,-1.120655,0.443612,,,,,,,,,,,,-10.79438,4.49953,-1.96111,50,5.81277,8.8581,-123.81098,-3.55205,-16.74834,24.81662,-25.19269,YOR,WES_POW,WellSpanPark,Independent,ATL,20250824-WellSpanPark-1,b63e1c00-8117-11f0-b79a-67802afcc1e7,84.96714,,,7.16914,,,,,,,f3c3c493-67ac-49bb-a514-6db34fe3ed0b,2025-08-24,18:25:30.91,2025-08-24T14:25:30.9161984-04:00,2025-08-24T18:25:30.9161984Z,,v3,5435,525,,"Simoneit, Will",686766,Right,YOR,25309b6e-2d54-4ac8-bfaf-8f62db5eee20,54.28831,-124.66756,12.40831,5.92037,-2.68249,-12.59635,-2.27684,9.4362,-8.37417,,,,,,,,,,,,,,,,,,,,,,,,,,,,,,,,,,,,,,,,,,,,,,,,,,,High,High,High,,,,,
129,2025-08-24,14:25:56.60,2,2,"Vallimont, Chris",681808,Right,YOR,"Sedio, Chad",670466,Left,WES_POW,Undefined,6,Top,0,0,1,Undefined,Slider,BallCalled,Undefined,Undefined,Undefined,0,0,,87.72419,-2.922802,-3.835105,2627.497937,180.755882,12:00,6.04044,2.15772,5.77602,-27.65057,8.59792,0.10004,1.00802,-1.40794,81.53913,-7.985126,-3.817235,0.433327,,,,,,,,,,,,-0.98752,5.41544,-1.84058,50,5.78142,8.52056,-127.1659,-7.45098,-1.63654,23.14071,-23.19965,YOR,WES_POW,WellSpanPark,Independent,ATL,20250824-WellSpanPark-1,c5890e90-8117-11f0-b79a-67802afcc1e7,86.98373,,,6.18506,,,,,,,f3c3c493-67ac-49bb-a514-6db34fe3ed0b,2025-08-24,18:25:56.60,2025-08-24T14:25:56.6069760-04:00,2025-08-24T18:25:56.6069760Z,,v3,5435,525,,"Simoneit, Will",686766,Right,YOR,224b4de0-c24f-410b-a7ef-7e01bf4e350c,54.72579,-128.02297,11.57035,6.04147,-6.59172,-11.59983,-2.15729,8.58117,-0.81827,,,,,,,,,,,,,,,,,,,,,,,,,,,,,,,,,,,,,,,,,,,,,,,,,,,High,High,High,,,,,
130,2025-08-24,14:26:10.73,2,3,"Vallimont, Chris",681808,Right,YOR,"Sedio, Chad",670466,Left,WES_POW,Undefined,6,Top,0,1,1,Undefined,Changeup,FoulBallNotFieldable,Undefined,Undefined,Undefined,0,0,,85.69209,-1.173186,-4.36116,2348.494183,258.872286,2:45,5.88836,2.37291,6.02345,-33.48025,4.73079,17.52064,2.00843,-0.21419,78.12023,-7.379963,-1.215995,0.444904,,,,,,,,,,,,-10.3915,3.12303,-2.04076,50,5.77792,8.78566,-124.15713,-3.63914,-16.11667,26.34219,-27.33038,YOR,WES_POW,WellSpanPark,Independent,ATL,20250824-WellSpanPark-1,cdf67f40-8117-11f0-b79a-67802afcc1e7,84.72047,,,7.57186,,,,,,,f3c3c493-67ac-49bb-a514-6db34fe3ed0b,2025-08-24,18:26:10.73,2025-08-24T14:26:10.7317760-04:00,2025-08-24T18:26:10.7317760Z,,v3,5435,525,,"Simoneit, Will",686766,Right,YOR,21eb128f-98d2-4be0-857b-1ab30a01354d,54.47835,-125.10368,13.17109,5.89104,-2.65708,-13.66519,-2.36687,9.36478,-8.05834,,,,,,,,,,,,,,,,,,,,,,,,,,,,,,,,,,,,,,,,,,,,,,,,,,,High,High,High,,,,,
131,2025-08-24,14:26:53.65,2,4,"Vallimont, Chris",681808,Right,YOR,"Sedio, Chad",670466,Left,WES_POW,Undefined,6,Top,0,1,2,Undefined,Changeup,FoulBallNotFieldable,Undefined,Undefined,Undefined,0,0,,85.09465,-1.63256,-3.866586,2339.208246,247.501393,2:15,5.85307,2.32016,6.23732,-30.79147,7.5426,15.15753,1.77728,0.01104,77.76637,-7.374409,-1.132813,0.445619,65.19462,-42.760437,112.093181,,,,,3.93354,4.14,30.857614,0.033073,-9.08548,4.73386,-2.03923,50,5.71572,7.77649,-123.39938,-4.46498,-13.94273,25.64334,-24.90937,YOR,WES_POW,WellSpanPark,Independent,ATL,20250824-WellSpanPark-1,e786afc0-8117-11f0-b79a-67802afcc1e7,84.58444,2.15492,,7.32827,,,,4.2532,2.15492,-0.14168,f3c3c493-67ac-49bb-a514-6db34fe3ed0b,2025-08-24,18:26:53.65,2025-08-24T14:26:53.6567296-04:00,2025-08-24T18:26:53.6567296Z,GroundBall,v3,5435,525,,"Simoneit, Will",686766,Right,YOR,8d5d5f47-8638-449c-a243-ecaf057f0efd,54.26455,-124.28243,12.82167,5.8547,-3.60721,-12.45469,-2.31528,8.25662,-6.97136,,4.25371,-26.50096,,,,,,,,2.15619,-65.15628,,,,,,,,-0.14295,65.28628,,,,,,,,,,,,,,,,,,,,,,,,,,,,,,High,High,High,Low,Low,,,
132,2025-08-24,14:27:20.73,2,5,"Vallimont, Chris",681808,Right,YOR,"Sedio, Chad",670466,Left,WES_POW,Undefined,6,Top,0,1,2,Undefined,Four-Seam,BallCalled,Undefined,Undefined,Undefined,0,0,,92.55726,-2.338253,-1.887728,2232.166998,216.65818,1:15,6.20199,2.04142,5.78365,-14.05391,18.82753,13.20225,2.85295,1.38465,84.31012,-5.029826,0.476034,0.412712,,,,,,,,,,,,-7.24067,10.57607,-1.89361,50,6.00058,3.82969,-134.24491,-5.88788,-13.17604,29.82895,-12.92857,YOR,WES_POW,WellSpanPark,Independent,ATL,20250824-WellSpanPark-1,f7b04280-8117-11f0-b79a-67802afcc1e7,91.3287,,,8.24714,,,,,,,f3c3c493-67ac-49bb-a514-6db34fe3ed0b,2025-08-24,18:27:20.73,2025-08-24T14:27:20.7302656-04:00,2025-08-24T18:27:20.7302656Z,,v3,5435,525,,"Simoneit, Will",686766,Right,YOR,7125b70c-8572-4c5b-8fef-988c67887000,54.71515,-135.28855,14.91448,6.19867,-5.43554,-6.46428,-2.03566,4.29068,-6.58802,,,,,,,,,,,,,,,,,,,,,,,,,,,,,,,,,,,,,,,,,,,,,,,,,,,High,High,High,,,,,
133,2025-08-24,14:27:39.02,2,6,"Vallimont, Chris",681808,Right,YOR,"Sedio, Chad",670466,Left,WES_POW,Undefined,6,Top,0,2,2,Undefined,Curveball,FoulBallNotFieldable,Undefined,Undefined,Undefined,0,0,,78.17571,0.66154,-2.154584,2694.322589,26.187811,6:45,6.05091,2.02583,5.72073,-61.14507,-14.81631,-8.01615,1.57217,-0.65009,71.87943,-10.449935,-3.591775,0.489888,,,,,,,,,,,,3.46606,-7.4689,-1.84054,50,6.06773,4.56565,-113.53121,-0.7038,4.47971,22.6779,-41.8272,YOR,WES_POW,WellSpanPark,Independent,ATL,20250824-WellSpanPark-1,029edfd0-8118-11f0-b79a-67802afcc1e7,76.94094,,,6.29627,,,,,,,f3c3c493-67ac-49bb-a514-6db34fe3ed0b,2025-08-24,18:27:39.02,2025-08-24T14:27:39.0240768-04:00,2025-08-24T18:27:39.0240768Z,,v3,5435,525,,"Simoneit, Will",686766,Right,YOR,eaeb7fa2-4836-4b96-b44e-dbc1a63aa253,54.78405,-114.48284,11.33895,6.06044,1.05139,-20.9136,-2.02818,4.37767,2.23986,,,,,,,,,,,,,,,,,,,,,,,,,,,,,,,,,,,,,,,,,,,,,,,,,,,High,High,High,,,,,
134,2025-08-24,14:28:28.38,2,7,"Vallimont, Chris",681808,Right,YOR,"Sedio, Chad",670466,Left,WES_POW,Undefined,6,Top,0,2,2,Undefined,Changeup,StrikeSwinging,Strikeout,Undefined,Undefined,0,0,,86.09801,-0.801263,-2.828722,2363.69591,256.591139,2:30,5.86009,2.54451,6.315,-31.876,5.32343,17.29292,2.46475,1.37788,78.72496,-6.750131,0.299651,0.438975,,,,,,,,,,,,-9.7767,3.37748,-2.34503,50,5.78635,5.50486,-125.03202,-2.74832,-15.42759,25.95382,-26.84439,YOR,WES_POW,WellSpanPark,Independent,ATL,20250824-WellSpanPark-1,2008ef20-8118-11f0-b79a-67802afcc1e7,85.86471,,,7.37305,,,,,,,f3c3c493-67ac-49bb-a514-6db34fe3ed0b,2025-08-24,18:28:28.38,2025-08-24T14:28:28.3830000-04:00,2025-08-24T18:28:28.3830000Z,,v3,5435,525,,"Simoneit, Will",686766,Right,YOR,047b0631-b762-4aae-a830-000b27d12e8b,54.18545,-125.89783,12.97691,5.86309,-1.8528,-13.42219,-2.53725,6.01951,-7.71379,,,,,,,,,,,,,,,,,,,,,,,,,,,,,55.30112,,,1.269873,,,,-3.40425,6.95617,5.34181,67.59061,16.74426,57.41952,-3.21911,61.98756,-4.85136,7.07113,26.09695,-14.51544,5.35897,42.48149,-1.1645,High,High,High,,,High,High,High
135,2025-08-24,14:29:01.67,3,1,"Vallimont, Chris",681808,Right,YOR,"Daniels, Zach",671113,Right,WES_POW,Undefined,6,Top,1,0,0,Undefined,Changeup,StrikeCalled,Undefined,Undefined,Undefined,0,0,,84.14058,-0.24685,-3.431599,2311.837266,251.762736,2:30,5.89635,2.32211,6.33812,-31.6125,7.38528,18.5243,3.03429,0.7025,76.72856,-6.169864,-0.083105,0.44946,,,,,,,,,,,,-10.57918,4.31874,-2.08007,50,5.86362,6.61269,-122.11273,-1.47683,-15.90683,24.98984,-25.68037,YOR,WES_POW,WellSpanPark,Independent,ATL,20250824-WellSpanPark-1,33df3630-8118-11f0-b79a-67802afcc1e7,83.86157,,,7.41202,,,,,,,f3c3c493-67ac-49bb-a514-6db34fe3ed0b,2025-08-24,18:29:01.67,2025-08-24T14:29:01.6716288-04:00,2025-08-24T18:29:01.6716288Z,,v3,5435,525,,"Simoneit, Will",686766,Right,YOR,487a4c75-e986-4c26-ba0a-f37d1db5f46c,54.16175,-122.96146,12.49492,5.89897,-0.60464,-12.84019,-2.31383,7.15294,-7.95342,,,,,,,,,,,,,,,,,,,,,,,,,,,,,,,,,,,,,,,,,,,,,,,,,,,High,High,High,,,,,
136,2025-08-24,14:29:18.78,3,2,"Vallimont, Chris",681808,Right,YOR,"Daniels, Zach",671113,Right,WES_POW,Undefined,6,Top,1,0,1,Undefined,Curveball,BallCalled,Undefined,Undefined,Undefined,0,0,,77.78247,0.638072,-0.147294,2766.226647,41.873757,7:30,6.02868,2.13148,5.68052,-60.89035,-14.13627,-14.01013,1.54932,0.82666,71.56384,-10.429241,-2.661632,0.492132,,,,,,,,,,,,7.07681,-6.92268,-2.11017,50,6.04422,0.82027,-113.04346,-0.78223,9.08019,22.22751,-41.05649,YOR,WES_POW,WellSpanPark,Independent,ATL,20250824-WellSpanPark-1,3e17a2e0-8118-11f0-b79a-67802afcc1e7,76.59017,,,6.21864,,,,,,,f3c3c493-67ac-49bb-a514-6db34fe3ed0b,2025-08-24,18:29:18.78,2025-08-24T14:29:18.7894272-04:00,2025-08-24T18:29:18.7894272Z,,v3,5435,525,,"Simoneit, Will",686766,Right,YOR,32ee0b37-ef7f-4734-bb42-edcf78a1a08e,54.82403,-113.98806,11.11376,6.04039,0.96253,-20.52825,-2.13683,0.43439,4.5401,,,,,,,,,,,,,,,,,,,,,,,,,,,,,,,,,,,,,,,,,,,,,,,,,,,High,High,High,,,,,
137,2025-08-24,14:29:37.44,3,3,"Vallimont, Chris",681808,Right,YOR,"Daniels, Zach",671113,Right,WES_POW,Undefined,6,Top,1,1,1,Undefined,Changeup,BallCalled,Undefined,Undefined,Undefined,0,0,,85.33375,-3.598067,-4.485355,2398.077032,241.340682,2:00,5.79531,2.28991,6.2872,-28.48017,9.80213,15.55095,0.09141,-0.55636,78.00982,-8.905081,-1.679929,0.445318,,,,,,,,,,,,-9.4413,6.543,-1.96621,50,5.51532,9.09522,-123.42876,-8.63699,-14.47989,25.90489,-22.13924,YOR,WES_POW,WellSpanPark,Independent,ATL,20250824-WellSpanPark-1,4931bd00-8118-11f0-b79a-67802afcc1e7,84.64158,,,7.32394,,,,,,,f3c3c493-67ac-49bb-a514-6db34fe3ed0b,2025-08-24,18:29:37.44,2025-08-24T14:29:37.4452224-04:00,2025-08-24T18:29:37.4452224Z,,v3,5435,525,,"Simoneit, Will",686766,Right,YOR,64b7f13b-9300-49d3-a6cb-e769cbab61aa,54.21342,-124.30992,12.95245,5.7963,-7.88392,-11.06962,-2.28396,9.58775,-7.23994,,,,,,,,,,,,,,,,,,,,,,,,,,,,,,,,,,,,,,,,,,,,,,,,,,,High,High,High,,,,,
138,2025-08-24,14:30:02.20,3,4,"Vallimont, Chris",681808,Right,YOR,"Daniels, Zach",671113,Right,WES_POW,Undefined,6,Top,1,2,1,Undefined,Changeup,StrikeSwinging,Undefined,Undefined,Undefined,0,0,,85.43168,-1.300751,-4.304742,2319.802764,241.40183,2:00,5.7882,2.51806,6.46065,-27.45364,10.45296,16.7671,2.30198,-0.04637,77.56959,-6.481635,-1.271721,0.443128,,,,,,,,,,,,-10.01485,6.25701,-2.22005,50,5.68392,8.67418,-123.78724,-3.6079,-15.40606,26.6908,-22.54879,YOR,WES_POW,WellSpanPark,Independent,ATL,20250824-WellSpanPark-1,57f704d0-8118-11f0-b79a-67802afcc1e7,85.06,,,7.86209,,,,,,,f3c3c493-67ac-49bb-a514-6db34fe3ed0b,2025-08-24,18:30:02.20,2025-08-24T14:30:02.2057984-04:00,2025-08-24T18:30:02.2057984Z,,v3,5435,525,,"Simoneit, Will",686766,Right,YOR,28404b2e-c4ac-4328-82fb-41349e60d60f,54.03811,-124.65489,13.3454,5.78929,-2.8749,-11.2744,-2.51016,9.17499,-7.70303,,,,,,,,,,,,,,,,,,,,,,,,,,,,,,,,,,,,,,,,,,,,,,,,,,,High,High,High,,,,,
139,2025-08-24,14:30:30.02,3,5,"Vallimont, Chris",681808,Right,YOR,"Daniels, Zach",671113,Right,WES_POW,Undefined,6,Top,1,2,2,Undefined,Curveball,BallCalled,Undefined,Undefined,Undefined,0,0,,76.93595,3.525098,1.21624,2705.168229,34.412695,7:15,6.02043,2.14221,5.4646,-63.14913,-14.68619,-11.17068,4.06227,2.34984,69.96639,-7.968805,-0.77329,0.501044,,,,,,,,,,,,5.95087,-7.88386,-2.24154,50,6.28814,-1.92567,-111.50806,4.68663,7.42073,21.84695,-42.00518,YOR,WES_POW,WellSpanPark,Independent,ATL,20250824-WellSpanPark-1,6892e160-8118-11f0-b79a-67802afcc1e7,75.22773,,,6.96956,,,,,,,f3c3c493-67ac-49bb-a514-6db34fe3ed0b,2025-08-24,18:30:30.02,2025-08-24T14:30:30.0234752-04:00,2025-08-24T18:30:30.0234752Z,,v3,5435,525,,"Simoneit, Will",686766,Right,YOR,4ae8c23f-d72a-4e33-be27-341f9817fe6f,55.03885,-112.49096,10.92348,6.03478,6.57644,-21.00259,-2.14739,-2.25953,3.71036,,,,,,,,,,,,,,,,,,,,,,,,,,,,,,,,,,,,,,,,,,,,,,,,,,,High,High,High,,,,,
140,2025-08-24,14:30:59.49,3,6,"Vallimont, Chris",681808,Right,YOR,"Daniels, Zach",671113,Right,WES_POW,Undefined,6,Top,1,3,2,Undefined,Changeup,StrikeSwinging,Strikeout,Undefined,Undefined,0,0,,84.88624,-1.234428,-3.451634,2290.459122,234.296673,1:45,5.74942,2.23937,6.50754,-24.49312,13.65446,17.21273,2.57319,0.50217,77.25403,-5.88501,-0.331181,0.444534,,,,,,,,,,,,-9.98733,7.89969,-2.00474,50,5.65231,6.7799,-123.16287,-3.32386,-15.25059,25.80477,-20.11126,YOR,WES_POW,WellSpanPark,Independent,ATL,20250824-WellSpanPark-1,7a194500-8118-11f0-b79a-67802afcc1e7,84.79094,,,7.6322,,,,,,,f3c3c493-67ac-49bb-a514-6db34fe3ed0b,2025-08-24,18:30:59.49,2025-08-24T14:30:59.4980000-04:00,2025-08-24T18:30:59.4980000Z,,v3,5435,525,,"Simoneit, Will",686766,Right,YOR,f291d940-579d-46bc-b3be-10d6cadea2f1,53.99156,-123.99636,12.90239,5.74917,-2.67427,-10.05563,-2.23168,7.27248,-7.6253,,,,,,,,,,,,,,,,,,,,,,,,,,,,,58.3307,,,1.226709,,,,-3.15567,6.97867,5.00627,78.1326,12.18424,46.89774,-3.02524,73.28795,-5.78992,7.05242,21.66769,-14.23819,5.01669,35.42842,-1.04775,High,High,High,,,High,High,High
141,2025-08-24,14:31:38.55,4,1,"Vallimont, Chris",681808,Right,YOR,"DeLuca, Joe",700593,Left,WES_POW,Undefined,6,Top,2,0,0,Undefined,Changeup,StrikeSwinging,Undefined,Undefined,Undefined,0,0,,84.98238,-1.041481,-3.901947,2194.118182,244.572806,2:15,5.82841,2.32758,6.40245,-28.04986,9.70611,18.06355,2.53086,0.23912,78.34846,-6.292043,-0.63528,0.442246,,,,,,,,,,,,-10.41323,5.68717,-2.05529,50,5.74067,7.74166,-123.40009,-3.07296,-16.18118,22.77301,-23.33673,YOR,WES_POW,WellSpanPark,Independent,ATL,20250824-WellSpanPark-1,915e9b20-8118-11f0-b79a-67802afcc1e7,85.22952,,,6.63392,,,,,,,f3c3c493-67ac-49bb-a514-6db34fe3ed0b,2025-08-24,18:31:38.55,2025-08-24T14:31:38.5559552-04:00,2025-08-24T18:31:38.5559552Z,,v3,5435,525,,"Simoneit, Will",686766,Right,YOR,56aa5979-0f1c-483d-bfdd-88efc1635183,54.09916,-124.15427,11.3865,5.82964,-2.30011,-11.66837,-2.32054,8.27753,-8.09059,,,,,,,,,,,,,,,,,,,,,,,,,,,,,,,,,,,,,,,,,,,,,,,,,,,High,High,High,,,,,
142,2025-08-24,14:31:59.62,4,2,"Vallimont, Chris",681808,Right,YOR,"DeLuca, Joe",700593,Left,WES_POW,Undefined,6,Top,2,0,1,Undefined,Slider,BallCalled,Undefined,Undefined,Undefined,0,0,,86.44405,0.311473,-1.834708,2608.799197,149.087773,11:00,5.94081,2.43791,5.57196,-31.31218,6.16166,-3.05902,3.62256,0.46864,79.88218,-5.439203,-2.380119,0.440591,,,,,,,,,,,,1.08965,3.38276,-2.27778,50,5.94709,4.15345,-125.60644,-0.42878,1.75906,22.9398,-26.71307,YOR,WES_POW,WellSpanPark,Independent,ATL,20250824-WellSpanPark-1,9dd49bc0-8118-11f0-b79a-67802afcc1e7,85.54976,,,6.56188,,,,,,,f3c3c493-67ac-49bb-a514-6db34fe3ed0b,2025-08-24,18:31:59.62,2025-08-24T14:31:59.6233728-04:00,2025-08-24T18:31:59.6233728Z,,v3,5435,525,,"Simoneit, Will",686766,Right,YOR,014ffc95-7045-4465-ae09-4e0caf4cf54a,54.92823,-126.50329,11.4699,5.94344,0.6156,-13.35654,-2.43882,4.08468,0.87953,,,,,,,,,,,,,,,,,,,,,,,,,,,,,,,,,,,,,,,,,,,,,,,,,,,High,High,High,,,,,
143,2025-08-24,14:32:21.77,4,3,"Vallimont, Chris",681808,Right,YOR,"DeLuca, Joe",700593,Left,WES_POW,Undefined,6,Top,2,1,1,Undefined,Changeup,InPlay,Undefined,GroundBall,Out,1,0,,85.82649,-2.079135,-3.854787,2360.651624,233.290152,1:45,5.72359,2.4281,6.50269,-23.97234,13.21843,16.11859,1.81241,0.22788,78.56999,-6.60987,-0.934531,0.438924,65.28763,-21.581601,10.322946,,,,,7.28476,7.28476,4.959308,0.054669,-9.58642,7.87619,-2.16509,50,5.56725,7.80133,-124.50639,-5.19419,-15.03357,25.22198,-19.82254,YOR,WES_POW,WellSpanPark,Independent,ATL,20250824-WellSpanPark-1,ab1c4440-8118-11f0-b79a-67802afcc1e7,85.87473,1.93162,,7.25649,,,,2.45323,1.93162,-0.24531,f3c3c493-67ac-49bb-a514-6db34fe3ed0b,2025-08-24,18:32:21.77,2025-08-24T14:32:21.7736704-04:00,2025-08-24T18:32:21.7736704Z,GroundBall,v3,5435,525,,"Simoneit, Will",686766,Right,YOR,30e6306a-a83b-4262-887b-be301d8d1bf6,53.99876,-125.31382,12.61099,5.72338,-4.5596,-9.91127,-2.42253,8.2826,-7.51679,,2.45078,87.87944,,,,,,,,1.93261,-35.33322,,,,,,,,-0.24576,16.00676,,,,,,,,,,,,,,,,,,,,,,,,,,,,,,High,High,High,Estimated,Estimated,,,
144,2025-08-24,14:35:18.80,1,1,"Lebron, David",673933,Right,WES_POW,"Fontana, Shayne",687833,Left,YOR,Undefined,6,Bottom,0,0,0,Undefined,Changeup,StrikeSwinging,Undefined,Undefined,Undefined,0,0,,74.28774,-1.414071,-0.478981,1701.765622,238.29329,2:00,6.29646,0.05873,4.71568,-42.04109,10.90552,14.9002,1.45072,0.84584,68.42941,-9.002757,2.14242,0.52371,,,,,,,,,,,,-7.42638,6.26516,-0.02428,50,6.11647,0.29954,-107.69982,-4.08928,-8.72315,18.69383,-24.81491,YOR,WES_POW,WellSpanPark,Independent,ATL,20250824-WellSpanPark-1,14bc36d0-8119-11f0-b79a-67802afcc1e7,71.97202,,,5.85833,,,,,,,f3c3c493-67ac-49bb-a514-6db34fe3ed0b,2025-08-24,18:35:18.80,2025-08-24T14:35:18.8020736-04:00,2025-08-24T18:35:18.8020736Z,,v3,5435,525,,"DeLuca, Joe",700593,Right,WES_POW,7e2b4e8c-e02d-4a10-8cca-8472647549e2,55.78302,-108.69896,9.34691,6.29959,-2.76297,-12.40745,-0.05275,0.76577,-4.36157,,,,,,,,,,,,,,,,,,,,,,,,,,,,,,,,,,,,,,,,,,,,,,,,,,,High,High,High,,,,,
145,2025-08-24,14:35:32.93,1,2,"Lebron, David",673933,Right,WES_POW,"Fontana, Shayne",687833,Left,YOR,Undefined,6,Bottom,0,0,1,Undefined,Curveball,BallCalled,Undefined,Undefined,Undefined,0,0,,73.40951,2.467165,0.953329,2440.762438,60.484694,8:00,6.38053,-0.1008,4.45019,-57.93621,-3.0104,-8.43697,3.90714,0.10536,67.17248,-7.920206,-0.521822,0.533408,,,,,,,,,,,,4.33508,-1.57138,0.00866,50,6.58533,-1.41806,-106.32037,2.47647,4.95231,18.56661,-33.96914,YOR,WES_POW,WellSpanPark,Independent,ATL,20250824-WellSpanPark-1,1d044530-8119-11f0-b79a-67802afcc1e7,70.66339,,,6.23704,,,,,,,f3c3c493-67ac-49bb-a514-6db34fe3ed0b,2025-08-24,18:35:32.93,2025-08-24T14:35:32.9354752-04:00,2025-08-24T18:35:32.9354752Z,,v3,5435,525,,"DeLuca, Joe",700593,Right,WES_POW,8cdc18a2-ab4a-4597-aa22-e4558f5211ce,56.04986,-107.37165,9.28331,6.39066,4.39988,-16.98457,0.09689,-1.69847,2.47615,,,,,,,,,,,,,,,,,,,,,,,,,,,,,,,,,,,,,,,,,,,,,,,,,,,High,High,High,,,,,
146,2025-08-24,14:35:46.06,1,3,"Lebron, David",673933,Right,WES_POW,"Fontana, Shayne",687833,Left,YOR,Undefined,6,Bottom,0,1,1,Undefined,Changeup,BallCalled,Undefined,Undefined,Undefined,0,0,,75.15907,-1.914011,-2.072363,1703.104175,231.235876,1:45,6.30957,0.0655,4.68186,-39.62073,12.28044,13.17453,1.1884,-0.80545,69.12076,-9.071594,0.242455,0.518513,,,,,,,,,,,,-7.04048,7.0552,0.1327,50,6.07953,3.40362,-108.85787,-4.9975,-8.44478,19.17974,-23.71162,YOR,WES_POW,WellSpanPark,Independent,ATL,20250824-WellSpanPark-1,24f225a0-8119-11f0-b79a-67802afcc1e7,72.69328,,,6.03831,,,,,,,f3c3c493-67ac-49bb-a514-6db34fe3ed0b,2025-08-24,18:35:46.06,2025-08-24T14:35:46.0627968-04:00,2025-08-24T18:35:46.0627968Z,,v3,5435,525,,"DeLuca, Joe",700593,Right,WES_POW,0f38135b-6ad9-408c-b5f7-2d55127dd81b,55.81707,-109.87801,9.58987,6.31179,-3.73632,-11.85581,-0.06027,3.85278,-4.22239,,,,,,,,,,,,,,,,,,,,,,,,,,,,,,,,,,,,,,,,,,,,,,,,,,,High,High,High,,,,,
147,2025-08-24,14:35:58.95,1,4,"Lebron, David",673933,Right,WES_POW,"Fontana, Shayne",687833,Left,YOR,Undefined,6,Bottom,0,2,1,Undefined,Four-Seam,FoulBallNotFieldable,Undefined,Undefined,Undefined,0,0,,86.76337,-1.751596,-1.236275,2125.311141,189.708626,12:15,6.43872,0.14545,4.71712,-15.39627,23.80226,3.83453,3.49252,-0.70842,78.44391,-4.678019,-0.563192,0.450616,62.89069,35.885282,-118.008555,3256.191815,,,,,45.62033,,,-2.25717,12.59839,-0.02413,50,6.24928,2.52903,-125.58757,-4.32396,-3.57126,27.65083,-12.24094,YOR,WES_POW,WellSpanPark,Independent,ATL,20250824-WellSpanPark-1,2c943000-8119-11f0-b79a-67802afcc1e7,83.64655,31.12956,,8.31946,,,,0.78563,3.38759,0.81093,f3c3c493-67ac-49bb-a514-6db34fe3ed0b,2025-08-24,18:35:58.95,2025-08-24T14:35:58.9582848-04:00,2025-08-24T18:35:58.9582848Z,,v3,5435,525,,"DeLuca, Joe",700593,Right,WES_POW,626ce970-a1ce-43b9-8a2b-410054586f32,55.78004,-126.85379,13.82542,6.43445,-3.76341,-6.12047,-0.14369,2.69256,-1.78563,63.959832,0.78563,-35.09428,-2.36169,1.03656,-0.30592,0.06667,-0.01513,0.00643,-0.00273,3.38759,54.06751,-19.30633,1.38236,-0.23644,0.03718,-0.0039,0.00194,-0.00085,0.81093,-65.97898,9.59166,-1.84158,0.36966,-0.05305,0.01766,-0.01627,0.00797,,,,,,,,,,,,,,,,,,,,,,,High,High,High,High,Undefined,,,
148,2025-08-24,14:36:21.75,1,5,"Lebron, David",673933,Right,WES_POW,"Fontana, Shayne",687833,Left,YOR,Undefined,6,Bottom,0,2,2,Undefined,Curveball,BallCalled,Undefined,Undefined,Undefined,0,0,,75.75285,-0.317642,0.055088,2628.150167,354.70479,5:45,6.26786,0.00162,4.54609,-58.65669,-7.46701,0.83917,1.07741,0.12399,70.06113,-10.758735,0.202592,0.514947,,,,,,,,,,,,-0.39575,-3.12854,-0.00819,50,6.17894,-0.1402,-109.91081,-2.78366,-0.48358,19.6758,-35.997,YOR,WES_POW,WellSpanPark,Independent,ATL,20250824-WellSpanPark-1,3a376600-8119-11f0-b79a-67802afcc1e7,73.19671,,,5.69173,,,,,,,f3c3c493-67ac-49bb-a514-6db34fe3ed0b,2025-08-24,18:36:21.75,2025-08-24T14:36:21.7593344-04:00,2025-08-24T18:36:21.7593344Z,,v3,5435,525,,"DeLuca, Joe",700593,Right,WES_POW,043932a5-05a3-432e-b159-d8efe5e98688,55.95662,-110.97202,9.8379,6.27672,-0.84218,-17.9985,-0.00133,-0.11412,-0.24179,,,,,,,,,,,,,,,,,,,,,,,,,,,,,,,,,,,,,,,,,,,,,,,,,,,High,High,High,,,,,
149,2025-08-24,14:36:37.30,1,6,"Lebron, David",673933,Right,WES_POW,"Fontana, Shayne",687833,Left,YOR,Undefined,6,Bottom,0,3,2,Undefined,Four-Seam,InPlay,Undefined,FlyBall,HomeRun,0,1,,87.76754,-1.54794,-0.583716,2108.832995,192.786047,12:30,6.3109,0.10621,4.83329,-18.70194,19.70155,4.14414,3.28611,-0.10123,78.84187,-5.070667,0.145667,0.446022,105.12341,29.235771,17.134363,3034.689677,105.18049,61.57097,32.20329,406.36219,398.35668,15.349091,5.394551,-2.23992,10.62233,-0.05221,50,6.14275,1.09882,-126.99948,-4.06614,-3.59431,30.25214,-15.12889,YOR,WES_POW,WellSpanPark,Independent,ATL,20250824-WellSpanPark-1,436edd70-8119-11f0-b79a-67802afcc1e7,84.50795,96.96946,,8.92567,,,,2.06854,3.40007,0.11456,f3c3c493-67ac-49bb-a514-6db34fe3ed0b,2025-08-24,18:36:37.30,2025-08-24T14:36:37.3087744-04:00,2025-08-24T18:36:37.3087744Z,FlyBall,v3,5435,525,,"DeLuca, Joe",700593,Right,WES_POW,4567a8fa-9f1f-497a-9e09-835657237d2e,55.66366,-128.34151,15.12607,6.30824,-3.39499,-7.56445,-0.10449,1.25827,-1.79716,183.449426,2.07302,128.48596,-28.20868,7.38069,-1.43213,0.19201,-0.01658,0.00097,-4E-05,3.39869,75.31731,-15.23573,-0.71181,0.62911,-0.22441,0.04954,-0.00592,0.00029,0.11559,39.61987,-7.66466,1.2648,-0.10834,-0.00631,0.00227,-0.0001,-0,,,,,,,,,,,,,,,,,,,,,,,High,High,High,High,Medium,,,
150,2025-08-24,14:37:29.33,2,1,"Lebron, David",673933,Right,WES_POW,"Lewis, Brandon",686781,Right,YOR,Undefined,6,Bottom,0,0,0,Undefined,Four-Seam,FoulBallNotFieldable,Undefined,Undefined,Undefined,0,0,,89.61872,-2.269708,-1.17329,2258.350485,211.065273,1:00,6.28772,0.33746,4.84317,-18.23867,17.99229,10.13209,2.61729,0.07076,81.90371,-5.657487,0.610395,0.433223,72.16427,27.628524,115.274661,4672.406537,,,,,44.52558,,,-5.33465,9.84977,-0.23067,50,6.04835,2.17884,-129.88336,-5.8051,-9.11566,27.12509,-15.3431,YOR,WES_POW,WellSpanPark,Independent,ATL,20250824-WellSpanPark-1,6273d810-8119-11f0-b79a-67802afcc1e7,87.00472,21.53429,,7.71501,,,,0.27804,2.46988,-0.17258,f3c3c493-67ac-49bb-a514-6db34fe3ed0b,2025-08-24,18:37:29.33,2025-08-24T14:37:29.3387776-04:00,2025-08-24T18:37:29.3387776Z,,v3,5435,525,,"DeLuca, Joe",700593,Right,WES_POW,e94596ab-fb79-449a-82bf-5f4050354d91,55.65639,-131.05933,13.56254,6.2856,-5.13992,-7.67155,-0.3337,2.57404,-4.55783,,0.27804,-40.03672,-4.96518,2.50096,-0.75771,0.1994,-0.04821,0.01429,-0.00354,2.46988,49.08229,-24.11053,3.05678,-0.65256,0.13364,-0.02334,0.00347,0,-0.17258,84.79537,-15.08082,2.07996,-0.34516,0.01505,0.00595,-0.00481,0.00193,,,,,,,,,,,,,,,,,,,,,,,High,High,High,High,Undefined,,,
151,2025-08-24,14:37:47.77,2,2,"Lebron, David",673933,Right,WES_POW,"Lewis, Brandon",686781,Right,YOR,Undefined,6,Bottom,0,0,1,Undefined,Slider,StrikeSwinging,Undefined,Undefined,Undefined,0,0,,82.82113,-2.083612,0.06149,2220.386717,141.679375,10:45,6.2949,0.10581,5.13046,-33.02781,8.58489,-5.82,1.57939,-0.32128,76.70559,-8.079915,-0.970171,0.464285,,,,,,,,,,,,2.92646,5.17941,-0.10685,50,6.07372,0.11623,-120.23271,-5.56028,4.31927,21.50249,-24.52955,YOR,WES_POW,WellSpanPark,Independent,ATL,20250824-WellSpanPark-1,6d756120-8119-11f0-b79a-67802afcc1e7,81.18391,,,6.11554,,,,,,,f3c3c493-67ac-49bb-a514-6db34fe3ed0b,2025-08-24,18:37:47.77,2025-08-24T14:37:47.7714944-04:00,2025-08-24T18:37:47.7714944Z,,v3,5435,525,,"DeLuca, Joe",700593,Right,WES_POW,dba7431e-1f47-4f61-86cd-65cf09d42db8,55.37013,-121.18931,10.75125,6.29681,-4.46902,-12.26477,-0.10774,-0.07593,2.15964,,,,,,,,,,,,,,,,,,,,,,,,,,,,,,,,,,,,,,,,,,,,,,,,,,,High,High,High,,,,,
152,2025-08-24,14:38:16.27,2,3,"Lebron, David",673933,Right,WES_POW,"Lewis, Brandon",686781,Right,YOR,Undefined,6,Bottom,0,0,2,Undefined,Slider,StrikeSwinging,Strikeout,Undefined,Undefined,0,0,,82.99422,-2.243709,-0.157707,2239.848741,150.106861,11:00,6.26401,0.18991,5.16588,-32.04376,9.21473,-4.62473,1.48089,-0.34391,77.10658,-8.060016,-0.977994,0.462304,,,,,,,,,,,,2.27965,5.50807,-0.1715,50,6.03019,0.52535,-120.51982,-5.86692,3.39225,20.84834,-23.97767,YOR,WES_POW,WellSpanPark,Independent,ATL,20250824-WellSpanPark-1,7e74ba70-8119-11f0-b79a-67802afcc1e7,81.53164,,,5.88763,,,,,,,f3c3c493-67ac-49bb-a514-6db34fe3ed0b,2025-08-24,18:38:16.27,2025-08-24T14:38:16.2700000-04:00,2025-08-24T18:38:16.2700000Z,,v3,5435,525,,"DeLuca, Joe",700593,Right,WES_POW,c45b4fca-2b17-4a65-b03c-87b84929d88c,55.33508,-121.43921,10.42417,6.2656,-4.80952,-11.98884,-0.19137,0.37575,1.69612,,,,,,,,,,,,,,,,,,,,,,,,,,,,,57.73052,,,1.236084,,,,-1.54686,6.57242,-0.68983,71.85604,11.11391,-53.15769,-1.4512,64.12709,-3.87691,6.66458,20.90074,-13.97029,-0.83728,-48.38026,4.86087,High,High,High,,,High,High,High
153,2025-08-24,14:38:48.74,3,1,"Lebron, David",673933,Right,WES_POW,"Higgins, Ryan",696287,Right,YOR,Undefined,6,Bottom,1,0,0,Undefined,Four-Seam,InPlay,Undefined,FlyBall,Out,1,0,,89.23189,-2.999344,-0.014754,2258.267589,194.488348,12:30,6.2968,0.25285,4.88596,-13.47162,23.21446,5.67481,2.33401,0.71179,81.15005,-5.562719,0.984818,0.435935,93.56554,21.509061,-8.476182,2153.281617,109.07444,37.77758,-14.2375,330.37661,320.51364,-5.319748,3.749378,-2.81965,12.72075,-0.25652,50,5.99204,-0.23349,-129.21058,-7.18927,-4.74443,28.10619,-10.7698,YOR,WES_POW,WellSpanPark,Independent,ATL,20250824-WellSpanPark-1,91ca5fd0-8119-11f0-b79a-67802afcc1e7,86.46336,47.03877,,8.08184,,,,1.69797,2.37278,-0.71017,f3c3c493-67ac-49bb-a514-6db34fe3ed0b,2025-08-24,18:38:48.74,2025-08-24T14:38:48.7477248-04:00,2025-08-24T18:38:48.7477248Z,LineDrive,v3,5435,525,,"DeLuca, Joe",700593,Right,WES_POW,0b49bac5-7b73-4a0c-8c53-724075522481,55.61316,-130.42586,14.05309,6.29283,-6.72359,-5.3849,-0.25086,-0.02835,-2.37221,199.906257,1.6979,126.28126,-20.47954,4.8527,-1.03662,0.22901,-0.04767,0.00661,-0.00039,2.37263,50.31686,-14.50287,0.02713,0.19049,-0.09347,0.02611,-0.00335,0.00014,-0.71035,-18.8148,6.55869,-1.88468,0.44514,-0.10146,0.02139,-0.00309,0.0002,,,,,,,,,,,,,,,,,,,,,,,High,High,High,High,High,,,
154,2025-08-24,14:39:26.63,4,1,"Lebron, David",673933,Right,WES_POW,"Alleyne, Bubba",804588,Left,YOR,Undefined,6,Bottom,2,0,0,Undefined,Changeup,StrikeSwinging,Undefined,Undefined,Undefined,0,0,,77.58806,-2.018917,-1.003329,1808.619573,205.494217,12:45,6.25488,0.04588,4.80789,-31.33525,16.93702,7.34579,1.72976,-0.29264,71.40029,-7.732827,0.289939,0.500058,,,,,,,,,,,,-3.88898,9.34079,0.04722,50,6.02743,1.66587,-112.47253,-5.02206,-4.99793,19.77341,-20.16976,YOR,WES_POW,WellSpanPark,Independent,ATL,20250824-WellSpanPark-1,a86badc0-8119-11f0-b79a-67802afcc1e7,75.37616,,,6.18777,,,,,,,f3c3c493-67ac-49bb-a514-6db34fe3ed0b,2025-08-24,18:39:26.63,2025-08-24T14:39:26.6350080-04:00,2025-08-24T18:39:26.6350080Z,,v3,5435,525,,"DeLuca, Joe",700593,Right,WES_POW,13df0501-d93e-4a7c-a86c-9f600d75724c,55.69063,-113.46857,9.8867,6.25481,-4.00606,-10.08488,-0.04303,1.91763,-2.49896,,,,,,,,,,,,,,,,,,,,,,,,,,,,,,,,,,,,,,,,,,,,,,,,,,,High,High,High,,,,,
155,2025-08-24,14:39:43.28,4,2,"Lebron, David",673933,Right,WES_POW,"Alleyne, Bubba",804588,Left,YOR,Undefined,6,Bottom,2,0,1,Undefined,Four-Seam,BallCalled,Undefined,Undefined,Undefined,0,0,,88.25583,-1.731468,-1.220282,2250.783847,202.570055,12:45,6.36472,0.3221,4.69621,-16.3621,21.491,8.38296,3.35654,-0.138,79.91969,-4.814702,0.250958,0.442815,,,,,,,,,,,,-4.45591,11.40796,-0.20627,50,6.17551,2.31451,-127.76592,-4.40896,-7.31034,28.1664,-13.45816,YOR,WES_POW,WellSpanPark,Independent,ATL,20250824-WellSpanPark-1,b24c5d80-8119-11f0-b79a-67802afcc1e7,85.1201,,,8.33614,,,,,,,f3c3c493-67ac-49bb-a514-6db34fe3ed0b,2025-08-24,18:39:43.28,2025-08-24T14:39:43.2868352-04:00,2025-08-24T18:39:43.2868352Z,,v3,5435,525,,"DeLuca, Joe",700593,Right,WES_POW,7ea1d385-9c59-4809-9398-a28c78a671d3,55.80066,-129.03836,14.0832,6.36096,-3.80097,-6.72908,-0.31829,2.64476,-3.65517,,,,,,,,,,,,,,,,,,,,,,,,,,,,,,,,,,,,,,,,,,,,,,,,,,,High,High,High,,,,,
156,2025-08-24,14:39:57.12,4,3,"Lebron, David",673933,Right,WES_POW,"Alleyne, Bubba",804588,Left,YOR,Undefined,6,Bottom,2,1,1,Undefined,Four-Seam,StrikeSwinging,Undefined,Undefined,Undefined,0,0,,87.89269,-1.969752,-0.907024,2241.605065,196.95574,12:30,6.36427,0.11577,4.66501,-14.04694,24.47391,7.02075,3.32162,-0.16084,78.94906,-4.667606,0.324377,0.446704,,,,,,,,,,,,-3.70063,12.96871,-0.02999,50,6.15207,1.66727,-127.09207,-4.78765,-5.95965,29.78535,-11.28872,YOR,WES_POW,WellSpanPark,Independent,ATL,20250824-WellSpanPark-1,ba71efc0-8119-11f0-b79a-67802afcc1e7,84.37909,,,8.94364,,,,,,,f3c3c493-67ac-49bb-a514-6db34fe3ed0b,2025-08-24,18:39:57.12,2025-08-24T14:39:57.1208192-04:00,2025-08-24T18:39:57.1208192Z,,v3,5435,525,,"DeLuca, Joe",700593,Right,WES_POW,cb1fe4a8-348c-446b-8fd3-4fbe297a7989,55.8299,-128.4511,14.89267,6.35877,-4.27257,-5.64436,-0.11226,1.9392,-2.97983,,,,,,,,,,,,,,,,,,,,,,,,,,,,,,,,,,,,,,,,,,,,,,,,,,,High,High,High,,,,,
157,2025-08-24,14:40:10.63,4,4,"Lebron, David",673933,Right,WES_POW,"Alleyne, Bubba",804588,Left,YOR,Undefined,6,Bottom,2,1,2,Undefined,Changeup,BallCalled,Undefined,Undefined,Undefined,0,0,,79.08523,-3.250301,-0.803924,1784.272804,192.089585,12:30,6.36388,-0.02852,4.60035,-28.89702,18.48084,3.60126,0.861,-0.49303,72.13959,-8.521339,-0.172119,0.495404,,,,,,,,,,,,-2.00335,10.48213,0.10785,50,6.00269,1.44954,-114.36406,-7.49324,-2.63485,22.45759,-18.38769,YOR,WES_POW,WellSpanPark,Independent,ATL,20250824-WellSpanPark-1,c29e38c0-8119-11f0-b79a-67802afcc1e7,76.08429,,,6.94564,,,,,,,f3c3c493-67ac-49bb-a514-6db34fe3ed0b,2025-08-24,18:40:10.63,2025-08-24T14:40:10.6384896-04:00,2025-08-24T18:40:10.6384896Z,,v3,5435,525,,"DeLuca, Joe",700593,Right,WES_POW,0d7f9b5d-14ac-47be-88fe-82b8cf12874d,55.89707,-115.51626,11.2288,6.36294,-6.54985,-9.19385,0.03002,1.58472,-1.31742,,,,,,,,,,,,,,,,,,,,,,,,,,,,,,,,,,,,,,,,,,,,,,,,,,,High,High,High,,,,,
158,2025-08-24,14:40:24.37,4,5,"Lebron, David",673933,Right,WES_POW,"Alleyne, Bubba",804588,Left,YOR,Undefined,6,Bottom,2,2,2,Undefined,Changeup,BallCalled,Undefined,Undefined,Undefined,0,0,,76.87788,-4.389893,-0.585772,1894.742128,187.204352,12:15,6.31939,-0.00895,4.67864,-32.07482,18.15718,2.06512,-0.53089,-0.39317,70.22597,-10.20377,-0.222649,0.510107,,,,,,,,,,,,-1.20827,10.77875,0.06653,50,5.8439,1.05181,-111.04239,-9.6011,-1.49294,21.81528,-18.85594,YOR,WES_POW,WellSpanPark,Independent,ATL,20250824-WellSpanPark-1,cacc7d90-8119-11f0-b79a-67802afcc1e7,73.89117,,,6.65191,,,,,,,f3c3c493-67ac-49bb-a514-6db34fe3ed0b,2025-08-24,18:40:24.37,2025-08-24T14:40:24.3779584-04:00,2025-08-24T18:40:24.3779584Z,,v3,5435,525,,"DeLuca, Joe",700593,Right,WES_POW,965edcd7-6653-41ec-bf07-48bef9c9d1f2,55.82077,-112.1801,10.90764,6.31897,-8.61772,-9.42797,0.00964,1.12968,-0.74647,,,,,,,,,,,,,,,,,,,,,,,,,,,,,,,,,,,,,,,,,,,,,,,,,,,High,High,High,,,,,
159,2025-08-24,14:40:57.50,4,6,"Lebron, David",673933,Right,WES_POW,"Alleyne, Bubba",804588,Left,YOR,Undefined,6,Bottom,2,3,2,Undefined,Changeup,InPlay,Undefined,LineDrive,Double,0,0,,77.66919,-1.606343,-1.681371,1791.936913,233.476583,1:45,6.27006,-0.12068,4.72416,-34.98372,13.89229,16.43851,1.82947,-0.34668,70.70406,-7.985019,1.208592,0.503175,70.37123,15.570158,34.967971,1331.865593,89.0378,13.14573,64.5928,163.95763,162.09072,37.391479,1.932148,-8.67288,7.78217,0.27463,50,6.0774,2.62455,-112.46507,-4.35916,-11.00011,22.24733,-22.30367,YOR,WES_POW,WellSpanPark,Independent,ATL,20250824-WellSpanPark-1,de8f63b0-8119-11f0-b79a-67802afcc1e7,74.90917,14.45916,,6.96513,,,,3.68815,2.12418,0.36612,f3c3c493-67ac-49bb-a514-6db34fe3ed0b,2025-08-24,18:40:57.50,2025-08-24T14:40:57.5095296-04:00,2025-08-24T18:40:57.5095296Z,LineDrive,v3,5435,525,,"DeLuca, Joe",700593,Right,WES_POW,8a896647-aba7-4a92-b2f5-3cd5d1d0c14e,55.77582,-113.60187,11.12366,6.27103,-3.21948,-11.15183,0.12616,3.18664,-5.50006,223.566858,3.68815,81.47473,-11.27217,2.15053,-0.40528,0.06714,-0.01158,0.00202,-0.00018,2.12418,27.7037,-16.22542,0.82908,-0.10709,0.01618,9E-05,-3E-05,-2E-05,0.36612,56.98137,-4.36749,1.12236,-0.26977,0.05459,-0.0104,0.00168,-0.00014,,,,,,,,,,,,,,,,,,,,,,,High,High,High,High,High,,,
160,2025-08-24,14:42:19.94,5,1,"Lebron, David",673933,Right,WES_POW,"Wehler, Jeffrey",694292,Right,YOR,Undefined,6,Bottom,2,0,0,Undefined,Four-Seam,StrikeCalled,Undefined,Undefined,Undefined,0,0,,88.92043,-2.988251,-1.015583,2142.419027,189.420654,12:15,6.3622,0.10799,4.91547,-14.41158,22.26946,3.49886,2.33271,-0.56081,81.37414,-5.704792,-0.399025,0.435905,,,,,,,,,,,,-1.99736,12.14607,-0.01192,50,6.05901,2.11756,-128.81634,-7.18378,-3.3649,26.1055,-11.7121,YOR,WES_POW,WellSpanPark,Independent,ATL,20250824-WellSpanPark-1,0faaccf0-811a-11f0-b79a-67802afcc1e7,86.4693,,,7.54629,,,,,,,f3c3c493-67ac-49bb-a514-6db34fe3ed0b,2025-08-24,18:42:19.94,2025-08-24T14:42:19.9403520-04:00,2025-08-24T18:42:19.9403520Z,,v3,5435,525,,"DeLuca, Joe",700593,Right,WES_POW,b575076f-3948-4daa-839f-dbc20ed3d571,55.58276,-129.9428,13.05275,6.35808,-6.6784,-5.85605,-0.10642,2.26276,-1.68245,,,,,,,,,,,,,,,,,,,,,,,,,,,,,,,,,,,,,,,,,,,,,,,,,,,High,High,High,,,,,
161,2025-08-24,14:42:39.99,5,2,"Lebron, David",673933,Right,WES_POW,"Wehler, Jeffrey",694292,Right,YOR,Undefined,6,Bottom,2,0,1,Undefined,Changeup,BallCalled,Undefined,Undefined,Undefined,0,0,,75.75075,-1.544254,-0.243937,1815.496403,226.107001,1:30,6.27128,0.05215,4.75396,-36.44297,14.40788,13.27013,1.76949,0.92665,69.63696,-8.16039,2.090842,0.51324,,,,,,,,,,,,-6.57658,8.00083,-0.03996,50,6.08468,-0.07536,-109.81355,-4.19283,-8.03248,19.40439,-22.40199,YOR,WES_POW,WellSpanPark,Independent,ATL,20250824-WellSpanPark-1,1bb0cdb0-811a-11f0-b79a-67802afcc1e7,73.4402,,,6.11379,,,,,,,f3c3c493-67ac-49bb-a514-6db34fe3ed0b,2025-08-24,18:42:39.99,2025-08-24T14:42:39.9913472-04:00,2025-08-24T18:42:39.9913472Z,,v3,5435,525,,"DeLuca, Joe",700593,Right,WES_POW,bb4f4adc-83e7-468a-8ebb-626ede0e9de6,55.74432,-110.82394,9.7022,6.27263,-3.02636,-11.201,-0.04693,0.34289,-4.01624,,,,,,,,,,,,,,,,,,,,,,,,,,,,,,,,,,,,,,,,,,,,,,,,,,,High,High,High,,,,,
162,2025-08-24,14:43:13.81,5,3,"Lebron, David",673933,Right,WES_POW,"Wehler, Jeffrey",694292,Right,YOR,Undefined,6,Bottom,2,1,1,Undefined,Four-Seam,StrikeCalled,Undefined,Undefined,Undefined,0,0,,86.74562,-2.941662,-1.235291,2055.182352,195.731011,12:30,6.34087,0.13665,4.89587,-16.30938,22.20773,5.90989,2.19618,-0.53948,79.53766,-5.994559,-0.194242,0.446682,,,,,,,,,,,,-3.23599,12.09831,-0.02084,50,6.0395,2.43617,-125.67821,-6.98732,-5.19751,24.46376,-12.74218,YOR,WES_POW,WellSpanPark,Independent,ATL,20250824-WellSpanPark-1,2fcb22a0-811a-11f0-b79a-67802afcc1e7,84.38321,,,7.20796,,,,,,,f3c3c493-67ac-49bb-a514-6db34fe3ed0b,2025-08-24,18:43:13.81,2025-08-24T14:43:13.8110976-04:00,2025-08-24T18:43:13.8110976Z,,v3,5435,525,,"DeLuca, Joe",700593,Right,WES_POW,617147fe-dd02-4585-afe8-400ff2a07943,55.60245,-126.76406,12.23188,6.33709,-6.42174,-6.37109,-0.13409,2.66687,-2.59876,,,,,,,,,,,,,,,,,,,,,,,,,,,,,,,,,,,,,,,,,,,,,,,,,,,High,High,High,,,,,
163,2025-08-24,14:43:38.45,5,4,"Lebron, David",673933,Right,WES_POW,"Wehler, Jeffrey",694292,Right,YOR,Undefined,6,Bottom,2,1,2,Undefined,Sinker,BallCalled,Undefined,Undefined,Undefined,0,0,,84.36914,-3.829601,-0.266886,2258.118581,139.482588,10:45,6.26799,-0.2141,5.29103,-29.50124,10.63993,-8.03422,0.2082,-1.13422,77.97305,-9.193098,-1.69571,0.456002,,,,,,,,,,,,3.9961,6.7276,0.24462,50,5.8973,0.90298,-122.27557,-9.21957,6.07126,23.31759,-21.95288,YOR,WES_POW,WellSpanPark,Independent,ATL,20250824-WellSpanPark-1,3e7a2350-811a-11f0-b79a-67802afcc1e7,82.65857,,,6.39609,,,,,,,f3c3c493-67ac-49bb-a514-6db34fe3ed0b,2025-08-24,18:43:38.45,2025-08-24T14:43:38.4588288-04:00,2025-08-24T18:43:38.4588288Z,,v3,5435,525,,"DeLuca, Joe",700593,Right,WES_POW,03e2cc14-154a-49a0-90b6-dcea7f883836,55.21014,-123.26513,11.6588,6.26879,-8.28793,-10.97644,0.21177,0.64533,3.03563,,,,,,,,,,,,,,,,,,,,,,,,,,,,,,,,,,,,,,,,,,,,,,,,,,,High,High,High,,,,,
164,2025-08-24,14:44:08.11,5,5,"Lebron, David",673933,Right,WES_POW,"Wehler, Jeffrey",694292,Right,YOR,Undefined,6,Bottom,2,2,2,Undefined,Slider,BallCalled,Undefined,Undefined,Undefined,0,0,,83.70251,-3.632149,-0.230503,2330.336459,165.774193,11:30,6.30536,-0.02889,5.20482,-33.42958,7.75902,-1.62331,0.09894,-0.38096,76.91066,-9.696179,-0.518924,0.461913,,,,,,,,,,,,0.75102,5.30973,0.05153,50,5.94363,0.55584,-121.22184,-8.88969,1.11326,24.53669,-24.30322,YOR,WES_POW,WellSpanPark,Independent,ATL,20250824-WellSpanPark-1,50212e50-811a-11f0-b79a-67802afcc1e7,81.60077,,,6.79185,,,,,,,f3c3c493-67ac-49bb-a514-6db34fe3ed0b,2025-08-24,18:44:08.11,2025-08-24T14:44:08.1182720-04:00,2025-08-24T18:44:08.1182720Z,,v3,5435,525,,"DeLuca, Joe",700593,Right,WES_POW,4f6124ff-c6f4-41c4-97ae-c0a6395e9970,55.29527,-122.28897,12.26835,6.30727,-7.83272,-12.15161,0.0284,0.50742,0.55663,,,,,,,,,,,,,,,,,,,,,,,,,,,,,,,,,,,,,,,,,,,,,,,,,,,High,High,High,,,,,
165,2025-08-24,14:44:34.69,5,6,"Lebron, David",673933,Right,WES_POW,"Wehler, Jeffrey",694292,Right,YOR,Undefined,6,Bottom,2,3,2,Undefined,Slider,StrikeSwinging,Strikeout,Undefined,Undefined,0,0,,83.5088,-2.40817,1.153892,2248.161349,137.598165,10:30,6.2724,0.05819,5.14249,-32.20309,9.74024,-7.47615,1.31952,0.52181,75.53367,-8.316397,-0.171515,0.466126,,,,,,,,,,,,4.08488,6.09158,-0.16028,50,6.02245,-2.10541,-120.82996,-6.22596,5.93994,27.14832,-23.31615,YOR,WES_POW,WellSpanPark,Independent,ATL,20250824-WellSpanPark-1,6001aa20-811a-11f0-b79a-67802afcc1e7,80.86328,,,7.97512,,,,,,,f3c3c493-67ac-49bb-a514-6db34fe3ed0b,2025-08-24,18:44:34.69,2025-08-24T14:44:34.6961408-04:00,2025-08-24T18:44:34.6961408Z,,v3,5435,525,,"DeLuca, Joe",700593,Right,WES_POW,7e5ea1a9-6d37-4117-b247-d53a7fc822f6,55.35378,-122.02693,13.57416,6.27429,-5.19795,-11.65808,-0.06168,-2.36731,2.96997,,,,,,,,,,,,,,,,,,,,,,,,,,,,,,,,,,,,,,,,,,,,,,,,,,,High,High,High,,,,,
166,2025-08-24,14:47:08.11,1,1,"Mikolajchak, Nick",679777,Right,YOR,"Alonso, Alan",836017,Right,WES_POW,Undefined,7,Top,0,0,0,Undefined,Curveball,StrikeCalled,Undefined,Undefined,Undefined,0,0,,78.84588,0.685482,-1.233171,2718.325145,20.326321,6:45,6.11494,1.55879,5.34379,-56.05464,-10.39835,-4.34583,2.08694,0.03966,73.02566,-9.441474,-2.007067,0.48632,,,,,,,,,,,,1.85162,-4.99508,-1.44441,50,6.13624,2.63853,-114.5788,-0.61037,2.46936,20.53565,-38.83566,YOR,WES_POW,WellSpanPark,Independent,ATL,20250824-WellSpanPark-1,bb744f20-811a-11f0-b79a-67802afcc1e7,77.50549,,,5.82022,,,,,,,f3c3c493-67ac-49bb-a514-6db34fe3ed0b,2025-08-24,18:47:08.11,2025-08-24T14:47:08.1105920-04:00,2025-08-24T18:47:08.1105920Z,,v3,5435,525,,"Simoneit, Will",686766,Right,YOR,83d697b6-92a8-43d3-b8e2-59cbeb2cbe12,55.15999,-115.49991,10.26783,6.12455,1.13157,-19.41783,-1.56028,2.52777,1.23468,,,,,,,,,,,,,,,,,,,,,,,,,,,,,,,,,,,,,,,,,,,,,,,,,,,High,High,High,,,,,
167,2025-08-24,14:47:23.72,1,2,"Mikolajchak, Nick",679777,Right,YOR,"Alonso, Alan",836017,Right,WES_POW,Undefined,7,Top,0,0,1,Undefined,Four-Seam,BallCalled,Undefined,Undefined,Undefined,0,0,,91.71463,-0.017362,-1.094167,2294.349425,196.787026,12:30,6.3888,1.16067,5.22823,-11.77044,22.78714,6.49638,5.3916,0.6733,82.34093,-2.323271,0.057003,0.4231,,,,,,,,,,,,-3.55331,11.66729,-1.06475,50,6.37903,2.21857,-132.82856,-0.33969,-6.25593,32.31193,-11.63261,YOR,WES_POW,WellSpanPark,Independent,ATL,20250824-WellSpanPark-1,c4a02dd0-811a-11f0-b79a-67802afcc1e7,89.08637,,,9.3737,,,,,,,f3c3c493-67ac-49bb-a514-6db34fe3ed0b,2025-08-24,18:47:23.72,2025-08-24T14:47:23.7276160-04:00,2025-08-24T18:47:23.7276160Z,,v3,5435,525,,"Simoneit, Will",686766,Right,YOR,4cafa14a-644a-4b7a-abfb-573c1eb08775,55.26631,-134.10352,16.15597,6.38338,0.1193,-5.8163,-1.15716,2.46542,-3.12796,,,,,,,,,,,,,,,,,,,,,,,,,,,,,,,,,,,,,,,,,,,,,,,,,,,High,High,High,,,,,
168,2025-08-24,14:47:40.15,1,3,"Mikolajchak, Nick",679777,Right,YOR,"Alonso, Alan",836017,Right,WES_POW,Undefined,7,Top,0,1,1,Undefined,Slider,StrikeSwinging,Undefined,Undefined,Undefined,0,0,,83.85847,0.820433,-1.862519,2725.065211,156.409996,11:15,5.90727,1.67618,5.43272,-35.61876,4.85914,-1.56445,3.70785,-0.19908,76.67141,-5.720765,-2.140728,0.45791,,,,,,,,,,,,0.26134,2.61996,-1.51004,50,5.95549,4.02289,-121.66525,0.48197,0.39141,24.0588,-28.25033,YOR,WES_POW,WellSpanPark,Independent,ATL,20250824-WellSpanPark-1,ce6e3ff0-811a-11f0-b79a-67802afcc1e7,82.31403,,,7.18706,,,,,,,f3c3c493-67ac-49bb-a514-6db34fe3ed0b,2025-08-24,18:47:40.15,2025-08-24T14:47:40.1557504-04:00,2025-08-24T18:47:40.1557504Z,,v3,5435,525,,"Simoneit, Will",686766,Right,YOR,bb7d90fd-d7a3-4d11-b24e-a843b15e5206,55.0659,-122.66292,12.0294,5.91122,1.65345,-14.12516,-1.67653,4.00666,0.19571,,,,,,,,,,,,,,,,,,,,,,,,,,,,,,,,,,,,,,,,,,,,,,,,,,,High,High,High,,,,,
169,2025-08-24,14:48:05.85,1,4,"Mikolajchak, Nick",679777,Right,YOR,"Alonso, Alan",836017,Right,WES_POW,Undefined,7,Top,0,1,2,Undefined,Slider,BallCalled,Undefined,Undefined,Undefined,0,0,,85.05566,0.534075,-3.217125,2791.778477,114.973981,9:45,5.91823,1.70892,5.54207,-36.4601,2.90795,-3.5224,3.37984,-1.59453,77.65693,-6.157067,-3.843527,0.451589,,,,,,,,,,,,0.84055,1.71547,-1.42744,50,5.94056,7.07878,-123.27505,-0.14708,1.28825,25.43054,-29.54489,YOR,WES_POW,WellSpanPark,Independent,ATL,20250824-WellSpanPark-1,dde2da90-811a-11f0-b79a-67802afcc1e7,83.46623,,,7.39872,,,,,,,f3c3c493-67ac-49bb-a514-6db34fe3ed0b,2025-08-24,18:48:05.85,2025-08-24T14:48:05.8510336-04:00,2025-08-24T18:48:05.8510336Z,,v3,5435,525,,"Simoneit, Will",686766,Right,YOR,845c6247-cc17-4dfc-8c5d-df561267f0cb,54.95671,-124.29337,12.71527,5.92276,1.03599,-14.77244,-1.70986,7.02719,0.64413,,,,,,,,,,,,,,,,,,,,,,,,,,,,,,,,,,,,,,,,,,,,,,,,,,,High,High,High,,,,,
170,2025-08-24,14:48:23.24,1,5,"Mikolajchak, Nick",679777,Right,YOR,"Alonso, Alan",836017,Right,WES_POW,Undefined,7,Top,0,2,2,Undefined,Slider,FoulBallNotFieldable,Undefined,Undefined,Undefined,0,0,,83.96769,-0.866105,-1.687185,2884.449352,91.615709,9:00,5.8327,1.6926,5.39112,-38.9166,1.40949,-6.30181,1.77748,-0.41431,77.34231,-7.94801,-2.808592,0.457051,74.54037,-15.211806,-54.319251,,,,,8.97344,2.88769,-40.161103,0.069717,2.73099,1.2737,-1.53721,50,5.72767,3.85018,-121.90756,-3.24061,4.11284,23.79887,-30.25589,YOR,WES_POW,WellSpanPark,Independent,ATL,20250824-WellSpanPark-1,e83278c0-811a-11f0-b79a-67802afcc1e7,82.46882,2.00477,,6.62538,,,,2.5575,2.00477,0.20143,f3c3c493-67ac-49bb-a514-6db34fe3ed0b,2025-08-24,18:48:23.24,2025-08-24T14:48:23.2491008-04:00,2025-08-24T18:48:23.2491008Z,GroundBall,v3,5435,525,,"Simoneit, Will",686766,Right,YOR,494bef03-c208-48f2-a25e-61e12ff3f68f,55.11049,-122.90118,11.89944,5.8366,-1.9774,-15.12795,-1.69437,3.67847,2.05642,,2.55582,61.68215,,,,,,,,2.00555,-28.75575,,,,,,,,0.20378,-85.90069,,,,,,,,,,,,,,,,,,,,,,,,,,,,,,High,High,High,Low,Low,,,
171,2025-08-24,14:48:47.81,1,6,"Mikolajchak, Nick",679777,Right,YOR,"Alonso, Alan",836017,Right,WES_POW,Undefined,7,Top,0,2,2,Undefined,Four-Seam,BallCalled,Undefined,Undefined,Undefined,0,0,,93.12781,0.092366,-0.546748,2420.271262,195.606089,12:30,6.29703,1.15728,5.5803,-9.72363,23.61367,6.23638,5.573,1.16634,82.94189,-1.872141,0.565819,0.415563,,,,,,,,,,,,-3.28465,12.15276,-1.11417,50,6.29875,0.98194,-134.83602,0.04497,-5.90759,35.61911,-10.31674,YOR,WES_POW,WellSpanPark,Independent,ATL,20250824-WellSpanPark-1,f6c0ab00-811a-11f0-b79a-67802afcc1e7,90.70219,,,10.18591,,,,,,,f3c3c493-67ac-49bb-a514-6db34fe3ed0b,2025-08-24,18:48:47.81,2025-08-24T14:48:47.8185984-04:00,2025-08-24T18:48:47.8185984Z,,v3,5435,525,,"Simoneit, Will",686766,Right,YOR,584df4de-9119-4005-b2aa-d59b72bf1f0c,54.91203,-136.12743,17.80956,6.29034,0.41901,-5.15837,-1.15365,1.19612,-2.95379,,,,,,,,,,,,,,,,,,,,,,,,,,,,,,,,,,,,,,,,,,,,,,,,,,,High,High,High,,,,,
172,2025-08-24,14:49:09.24,1,7,"Mikolajchak, Nick",679777,Right,YOR,"Alonso, Alan",836017,Right,WES_POW,Undefined,7,Top,0,3,2,Undefined,Four-Seam,StrikeSwinging,Strikeout,Undefined,Undefined,0,0,,94.0115,-2.014436,-2.601956,2533.932461,206.26271,1:00,6.30033,1.22056,5.59697,-10.32965,22.00403,10.29438,3.55603,-0.35257,84.93349,-4.0493,-0.767329,0.40926,,,,,,,,,,,,-5.95087,12.02556,-1.00401,50,6.12089,5.69583,-136.15542,-5.03375,-11.0681,32.46366,-9.80749,YOR,WES_POW,WellSpanPark,Independent,ATL,20250824-WellSpanPark-1,0381be60-811b-11f0-b79a-67802afcc1e7,92.09904,,,9.07802,,,,,,,f3c3c493-67ac-49bb-a514-6db34fe3ed0b,2025-08-24,18:49:09.24,2025-08-24T14:49:09.2400000-04:00,2025-08-24T18:49:09.2400000Z,,v3,5435,525,,"Simoneit, Will",686766,Right,YOR,c360793a-16bf-406d-b55a-e3ac2a8abc98,54.89968,-137.31869,16.23183,6.29497,-4.68232,-4.90374,-1.21521,6.09243,-5.53405,,,,,,,,,,,,,,,,,,,,,,,,,,,,,49.68476,2.892986,1.353728,1.539258,-1.97348,3.31101,0.39453,-6.31954,5.42894,1.91866,70.71107,9.66206,54.2917,-6.14829,56.16669,-4.03693,5.59072,25.78841,-15.01791,1.92865,35.61141,-1.03465,High,High,High,,,High,High,High
173,2025-08-24,14:49:40.71,2,1,"Mikolajchak, Nick",679777,Right,YOR,"Blackwell, Benjamin",701295,Right,WES_POW,Undefined,7,Top,1,0,0,Undefined,Slider,FoulBallNotFieldable,Undefined,Undefined,Undefined,0,0,,85.21116,-0.684506,-2.400996,2876.053838,111.013549,9:45,5.81291,1.66553,5.63507,-35.61341,3.34315,-5.5002,2.20591,-1.03422,78.13343,-7.216963,-3.382832,0.449223,,,,,,,,,,,,2.11465,2.24941,-1.4576,50,5.73183,5.41096,-123.64654,-2.72247,3.26532,25.24563,-28.70058,YOR,WES_POW,WellSpanPark,Independent,ATL,20250824-WellSpanPark-1,16619780-811b-11f0-b79a-67802afcc1e7,83.90591,,,7.07773,,,,,,,f3c3c493-67ac-49bb-a514-6db34fe3ed0b,2025-08-24,18:49:40.71,2025-08-24T14:49:40.7171584-04:00,2025-08-24T18:49:40.7171584Z,,v3,5435,525,,"Simoneit, Will",686766,Right,YOR,48436628-fb57-46e8-9cc8-c9b61f636a56,54.86519,-124.63593,12.62282,5.81649,-1.59767,-14.35029,-1.66715,5.283,1.63266,,,,,,,,,,,,,,,,,,,,,,,,,,,,,,,,,,,,,,,,,,,,,,,,,,,High,High,High,,,,,
174,2025-08-24,14:50:23.35,2,2,"Mikolajchak, Nick",679777,Right,YOR,"Blackwell, Benjamin",701295,Right,WES_POW,Undefined,7,Top,1,0,1,Undefined,Slider,FoulBallNotFieldable,Undefined,Undefined,Undefined,0,0,,85.25906,-1.217615,-2.130197,2857.929584,110.650734,9:45,5.80182,1.78892,5.71374,-34.85766,3.86067,-7.06347,1.76172,-0.78513,78.40449,-7.611258,-3.393611,0.447847,,,,,,,,,,,,3.02425,2.64067,-1.60606,50,5.67812,4.88819,-123.77063,-3.82968,4.68731,24.89897,-28.08125,YOR,WES_POW,WellSpanPark,Independent,ATL,20250824-WellSpanPark-1,2fced6b0-811b-11f0-b79a-67802afcc1e7,84.16362,,,6.85457,,,,,,,f3c3c493-67ac-49bb-a514-6db34fe3ed0b,2025-08-24,18:50:23.35,2025-08-24T14:50:23.3513472-04:00,2025-08-24T18:50:23.3513472Z,,v3,5435,525,,"Simoneit, Will",686766,Right,YOR,ea88e8cc-ea43-4854-b97f-d91f282072c0,54.78737,-124.72998,12.44949,5.80483,-2.74771,-14.04062,-1.79092,4.70758,2.34366,,,,,,,,,,,,,,,,,,,,,,,,,,,,,,,,,,,,,,,,,,,,,,,,,,,High,High,High,,,,,
175,2025-08-24,14:50:46.21,2,3,"Mikolajchak, Nick",679777,Right,YOR,"Blackwell, Benjamin",701295,Right,WES_POW,Undefined,7,Top,1,0,2,Undefined,Four-Seam,BallCalled,Undefined,Undefined,Undefined,0,0,,94.0173,-1.789503,-3.257352,2475.448207,190.033123,12:15,6.28088,1.01504,5.67994,-12.64343,20.01737,3.31736,3.55584,-1.7483,83.99374,-4.260548,-2.666055,0.411325,,,,,,,,,,,,-2.78547,11.08863,-0.74233,50,6.12216,7.57819,-135.92466,-4.58356,-5.09632,35.91601,-11.88629,YOR,WES_POW,WellSpanPark,Independent,ATL,20250824-WellSpanPark-1,3d67fa90-811b-11f0-b79a-67802afcc1e7,91.6367,,,10.02356,,,,,,,f3c3c493-67ac-49bb-a514-6db34fe3ed0b,2025-08-24,18:50:46.21,2025-08-24T14:50:46.2142976-04:00,2025-08-24T18:50:46.2142976Z,,v3,5435,525,,"Simoneit, Will",686766,Right,YOR,546b461d-566f-425a-a3dc-ea576c6b7e86,54.81461,-137.19095,17.95801,6.27637,-4.16449,-5.94315,-1.01268,7.75787,-2.54816,,,,,,,,,,,,,,,,,,,,,,,,,,,,,,,,,,,,,,,,,,,,,,,,,,,High,High,High,,,,,
176,2025-08-24,14:51:08.59,2,4,"Mikolajchak, Nick",679777,Right,YOR,"Blackwell, Benjamin",701295,Right,WES_POW,Undefined,7,Top,1,1,2,Undefined,Four-Seam,BallCalled,Undefined,Undefined,Undefined,0,0,,93.91011,-1.334126,-2.305212,2527.971144,193.069776,12:30,6.31251,1.21337,5.64883,-13.25965,19.1784,4.18055,3.9619,-0.58959,84.56745,-3.900003,-1.55932,0.40992,,,,,,,,,,,,-2.83315,10.44961,-1.0204,50,6.19105,5.27781,-136.0263,-3.54203,-5.23674,33.59277,-12.85932,YOR,WES_POW,WellSpanPark,Independent,ATL,20250824-WellSpanPark-1,4aa60620-811b-11f0-b79a-67802afcc1e7,91.95077,,,9.34266,,,,,,,f3c3c493-67ac-49bb-a514-6db34fe3ed0b,2025-08-24,18:51:08.59,2025-08-24T14:51:08.5960704-04:00,2025-08-24T18:51:08.5960704Z,,v3,5435,525,,"Simoneit, Will",686766,Right,YOR,31d97214-2c42-4302-a517-ea8129c19807,54.84699,-137.21808,16.79639,6.30862,-3.08582,-6.42966,-1.21094,5.4636,-2.61837,,,,,,,,,,,,,,,,,,,,,,,,,,,,,,,,,,,,,,,,,,,,,,,,,,,High,High,High,,,,,
177,2025-08-24,14:51:27.42,2,5,"Mikolajchak, Nick",679777,Right,YOR,"Blackwell, Benjamin",701295,Right,WES_POW,Undefined,7,Top,1,2,2,Undefined,Four-Seam,StrikeSwinging,Strikeout,Undefined,Undefined,0,0,,94.31798,-1.648827,-1.801824,2492.16675,200.26712,12:45,6.23394,1.01016,5.71334,-12.19591,19.72371,6.87347,3.68035,-0.09622,85.32053,-4.016269,-0.573175,0.406631,,,,,,,,,,,,-4.00949,10.81103,-0.86351,50,6.0884,3.97741,-136.72856,-4.26388,-7.52354,32.61614,-11.88798,YOR,WES_POW,WellSpanPark,Independent,ATL,20250824-WellSpanPark-1,55def2e0-811b-11f0-b79a-67802afcc1e7,92.69451,,,8.99745,,,,,,,f3c3c493-67ac-49bb-a514-6db34fe3ed0b,2025-08-24,18:51:27.42,2025-08-24T14:51:27.4240000-04:00,2025-08-24T18:51:27.4240000Z,,v3,5435,525,,"Simoneit, Will",686766,Right,YOR,8fff079f-8d6f-4fd8-acde-78cfedc3dfd1,54.78327,-137.86487,16.30807,6.22973,-3.84972,-5.94399,-1.00665,4.23952,-3.76177,,,,,,,,,,,,,,,,,,,,,,,,,,,,,51.94567,3.045306,1.613568,1.431738,-1.41965,3.47728,0.12298,-5.11335,5.25213,1.95459,76.74461,6.06847,48.26542,-5.01513,62.89579,-4.04751,5.36124,22.04864,-15.05697,1.98295,34.51976,-1.53313,High,High,High,,,High,High,High
178,2025-08-24,14:52:07.73,3,1,"Mikolajchak, Nick",679777,Right,YOR,"Moorer, Demetrius",693884,Right,WES_POW,Undefined,7,Top,2,0,0,Undefined,Four-Seam,StrikeCalled,Undefined,Undefined,Undefined,0,0,,93.59424,-2.958514,-1.88896,2529.911332,182.438665,12:00,6.23847,1.07077,5.62443,-11.01847,21.6517,0.87213,2.55551,-0.61991,84.53872,-5.112961,-1.733381,0.411384,,,,,,,,,,,,-1.02327,12.17398,-0.91027,50,5.97903,4.42685,-135.48088,-7.27208,-1.8808,32.66162,-9.79776,YOR,WES_POW,WellSpanPark,Independent,ATL,20250824-WellSpanPark-1,6e07a420-811b-11f0-b79a-67802afcc1e7,91.62353,,,9.05552,,,,,,,f3c3c493-67ac-49bb-a514-6db34fe3ed0b,2025-08-24,18:52:07.73,2025-08-24T14:52:07.7322240-04:00,2025-08-24T18:52:07.7322240Z,,v3,5435,525,,"Simoneit, Will",686766,Right,YOR,73c13b9a-642e-4e82-8625-e9f2739efdc8,54.87128,-136.6502,16.33081,6.2331,-6.92131,-4.89888,-1.06996,4.49418,-0.9404,,,,,,,,,,,,,,,,,,,,,,,,,,,,,,,,,,,,,,,,,,,,,,,,,,,High,High,High,,,,,
179,2025-08-24,14:52:25.95,3,2,"Mikolajchak, Nick",679777,Right,YOR,"Moorer, Demetrius",693884,Right,WES_POW,Undefined,7,Top,2,0,1,Undefined,Slider,BallCalled,Undefined,Undefined,Undefined,0,0,,87.50323,-1.832034,-2.144306,2879.003139,122.5078,10:00,5.83337,1.68061,5.59164,-31.08978,5.5337,-7.0565,1.53012,-0.9106,81.13628,-7.508919,-3.403545,0.435563,,,,,,,,,,,,3.04654,3.58965,-1.49182,50,5.65567,5.05525,-127.0715,-5.18165,5.02707,23.79796,-26.2508,YOR,WES_POW,WellSpanPark,Independent,ATL,20250824-WellSpanPark-1,78e1f620-811b-11f0-b79a-67802afcc1e7,86.53724,,,6.36696,,,,,,,f3c3c493-67ac-49bb-a514-6db34fe3ed0b,2025-08-24,18:52:25.95,2025-08-24T14:52:25.9544064-04:00,2025-08-24T18:52:25.9544064Z,,v3,5435,525,,"Simoneit, Will",686766,Right,YOR,5bcdc876-ec78-4180-8928-09675caec12f,54.90954,-127.98766,11.89898,5.8357,-4.17107,-13.1254,-1.68271,4.86172,2.51353,,,,,,,,,,,,,,,,,,,,,,,,,,,,,,,,,,,,,,,,,,,,,,,,,,,High,High,High,,,,,
180,2025-08-24,14:52:44.55,3,3,"Mikolajchak, Nick",679777,Right,YOR,"Moorer, Demetrius",693884,Right,WES_POW,Undefined,7,Top,2,1,1,Undefined,Slider,StrikeSwinging,Undefined,Undefined,Undefined,0,0,,86.92217,-0.676182,-2.073769,2984.086483,190.210575,12:15,5.74986,1.73791,5.52156,-30.84128,6.31193,0.94689,2.5471,-0.12293,80.39897,-6.327488,-1.905033,0.438702,,,,,,,,,,,,-0.99433,3.69197,-1.55801,50,5.67028,4.53184,-126.27057,-2.59898,-1.62187,23.23821,-26.15209,YOR,WES_POW,WellSpanPark,Independent,ATL,20250824-WellSpanPark-1,83fa3b80-811b-11f0-b79a-67802afcc1e7,85.91813,,,6.52321,,,,,,,f3c3c493-67ac-49bb-a514-6db34fe3ed0b,2025-08-24,18:52:44.55,2025-08-24T14:52:44.5530624-04:00,2025-08-24T18:52:44.5530624Z,,v3,5435,525,,"Simoneit, Will",686766,Right,YOR,f1fb7d5b-852f-45ff-ad20-2d1f2b7c0df9,54.97895,-127.18356,11.6191,5.7522,-1.5715,-13.07604,-1.73731,4.59556,-0.81094,,,,,,,,,,,,,,,,,,,,,,,,,,,,,,,,,,,,,,,,,,,,,,,,,,,High,High,High,,,,,
181,2025-08-24,14:53:10.42,3,4,"Mikolajchak, Nick",679777,Right,YOR,"Moorer, Demetrius",693884,Right,WES_POW,Undefined,7,Top,2,1,2,Undefined,Slider,FoulBallNotFieldable,Undefined,Undefined,Undefined,0,0,,86.58328,-0.604874,-2.284728,2944.682915,111.397307,9:45,5.80494,1.79874,5.48933,-33.54396,4.37603,-8.12894,2.44327,-1.01723,79.372,-6.749368,-3.731474,0.443206,,,,,,,,,,,,3.46559,2.73004,-1.59282,50,5.7292,5.35871,-125.62485,-2.53763,5.52721,25.92014,-27.81997,YOR,WES_POW,WellSpanPark,Independent,ATL,20250824-WellSpanPark-1,9362ef40-811b-11f0-b79a-67802afcc1e7,85.04502,,,7.21127,,,,,,,f3c3c493-67ac-49bb-a514-6db34fe3ed0b,2025-08-24,18:53:10.42,2025-08-24T14:53:10.4283648-04:00,2025-08-24T18:53:10.4283648Z,,v3,5435,525,,"Simoneit, Will",686766,Right,YOR,dc14ee83-c2bb-4ae7-822c-a9a6d37a2181,55.01084,-126.65452,12.96007,5.80806,-1.4325,-13.90999,-1.80133,5.13915,2.76361,,,,,,,,,,,,,,,,,,,,,,,,,,,,,,,,,,,,,,,,,,,,,,,,,,,High,High,High,,,,,
182,2025-08-24,14:53:35.09,3,5,"Mikolajchak, Nick",679777,Right,YOR,"Moorer, Demetrius",693884,Right,WES_POW,Undefined,7,Top,2,1,2,Undefined,Four-Seam,InPlay,Undefined,LineDrive,Single,0,0,,94.33219,-2.087991,-1.810048,2453.974889,202.032419,12:45,6.17095,1.20528,5.80332,-12.2252,19.48985,7.45248,3.20842,0.14233,85.63132,-4.455272,-0.475557,0.405326,100.73101,-0.904953,18.780072,2384.409301,,,,49.96092,47.79074,18.966528,0.346977,-4.35949,10.90355,-1.0612,50,5.99231,3.99023,-136.82394,-5.3308,-8.20974,32.04652,-11.64066,YOR,WES_POW,WellSpanPark,Independent,ATL,20250824-WellSpanPark-1,a20bae60-811b-11f0-b79a-67802afcc1e7,92.99295,3.26213,,8.70087,,,,1.63255,3.26213,-0.14784,f3c3c493-67ac-49bb-a514-6db34fe3ed0b,2025-08-24,18:53:35.09,2025-08-24T14:53:35.0930432-04:00,2025-08-24T18:53:35.0930432Z,GroundBall,v3,5435,525,,"Simoneit, Will",686766,Right,YOR,81f6c9a0-6c7e-42ca-ad0a-d1b5ec376893,54.69628,-137.91951,16.02326,6.16775,-4.93284,-5.82033,-1.20241,4.27089,-4.10487,305.951511,1.64092,139.53339,-23.38449,,,,,,,3.26793,-2.55727,-19.81977,,,,,,,-0.14918,47.60898,-1.08557,,,,,,,,,,,,,,,,,,,,,,,,,,,,,High,High,High,Medium,Medium,,,
183,2025-08-24,14:54:16.19,4,1,"Mikolajchak, Nick",679777,Right,YOR,"Nelson, James",663445,Right,WES_POW,Undefined,7,Top,2,0,0,Undefined,Curveball,BallCalled,Undefined,Undefined,Undefined,0,0,,81.48295,1.462699,-1.776744,2951.3857,40.385008,7:15,5.86912,1.5656,5.47496,-51.64101,-9.09646,-8.78489,2.93542,-0.82965,75.284,-7.907389,-3.341674,0.469454,,,,,,,,,,,,3.96717,-4.62024,-1.40329,50,5.96211,4.02476,-118.37892,1.17911,5.65225,21.74201,-38.75676,YOR,WES_POW,WellSpanPark,Independent,ATL,20250824-WellSpanPark-1,ba9ce570-811b-11f0-b79a-67802afcc1e7,80.2899,,,6.19895,,,,,,,f3c3c493-67ac-49bb-a514-6db34fe3ed0b,2025-08-24,18:54:16.19,2025-08-24T14:54:16.1930000-04:00,2025-08-24T18:54:16.1930000Z,,v3,5435,525,,"Simoneit, Will",686766,Right,YOR,94d5f86f-1148-46d4-ad60-72a302ecf8ca,55.02874,-119.29894,10.871,5.87751,2.81912,-19.37838,-1.56855,3.78558,2.82613,,,,,,,,,,,,,,,,,,,,,,,,,,,,,78.44881,,0.630989,,-0.58092,2.65086,0.94731,-0.89329,6.53805,1.65318,,,,-0.78361,113.35471,-10.68564,6.5658,8.04568,-12.42817,1.5962,-3.0735,3.79532,High,High,High,,,High,Medium,Medium
184,2025-08-24,14:55:13.80,4,2,"Mikolajchak, Nick",679777,Right,YOR,"Nelson, James",663445,Right,WES_POW,Undefined,7,Top,2,1,0,Undefined,Slider,BallCalled,Undefined,Undefined,Undefined,0,0,,86.68077,-0.904384,-2.636854,2907.750337,149.716108,11:00,5.76147,1.68985,5.63665,-31.73199,5.80599,-2.71591,2.27242,-0.99828,79.63406,-6.736064,-3.121471,0.440968,,,,,,,,,,,,0.65571,3.54697,-1.46374,50,5.66422,5.90684,-125.77773,-3.10236,1.05177,25.20028,-26.48464,YOR,WES_POW,WellSpanPark,Independent,ATL,20250824-WellSpanPark-1,dcec5020-811b-11f0-b79a-67802afcc1e7,85.47662,,,7.0467,,,,,,,f3c3c493-67ac-49bb-a514-6db34fe3ed0b,2025-08-24,18:55:13.80,2025-08-24T14:55:13.8033152-04:00,2025-08-24T18:55:13.8033152Z,,v3,5435,525,,"Simoneit, Will",686766,Right,YOR,4c8b76b8-a0c7-46cf-854d-82f55e55653e,54.86319,-126.74835,12.60014,5.76407,-2.08227,-13.24232,-1.69047,5.86633,0.52588,,,,,,,,,,,,,,,,,,,,,,,,,,,,,,,,,,,,,,,,,,,,,,,,,,,High,High,High,,,,,
185,2025-08-24,14:55:34.92,4,3,"Mikolajchak, Nick",679777,Right,YOR,"Nelson, James",663445,Right,WES_POW,Undefined,7,Top,2,2,0,Undefined,Slider,InPlay,Undefined,GroundBall,Out,1,0,,86.95496,-0.79113,-2.090271,2849.891372,141.722297,10:45,5.62413,1.86906,5.65553,-32.23136,5.19733,-3.14752,2.19982,-0.34355,79.49354,-6.727382,-2.652558,0.440325,101.03546,-6.915376,-20.531611,,,,,18.63554,18.63554,-17.505893,0.115584,1.00095,3.20583,-1.68987,50,5.53658,4.73649,-126.18307,-2.87266,1.60662,26.74717,-27.02843,YOR,WES_POW,WellSpanPark,Independent,ATL,20250824-WellSpanPark-1,e981bfa0-811b-11f0-b79a-67802afcc1e7,85.60133,2.29789,,7.46142,,,,2.19081,2.29789,0.35617,f3c3c493-67ac-49bb-a514-6db34fe3ed0b,2025-08-24,18:55:34.92,2025-08-24T14:55:34.9264896-04:00,2025-08-24T18:55:34.9264896Z,GroundBall,v3,5435,525,,"Simoneit, Will",686766,Right,YOR,f7b8cd84-bf33-4794-b9f1-787a5961b419,54.84479,-127.20588,13.37358,5.62667,-1.83909,-13.51421,-1.86982,4.67506,0.80331,61.792989,2.19114,137.72466,-25.28109,,,,,,,2.29806,-17.86229,-17.48922,,,,,,,0.35624,-51.60226,0.18169,,,,,,,,,,,,,,,,,,,,,,,,,,,,,High,High,High,High,High,,,
186,2025-08-24,14:58:09.65,1,1,"Van Gurp, Franklin",676875,Right,WES_POW,"Davis, Jaylin",664041,Right,YOR,Undefined,7,Bottom,0,0,0,Undefined,Sinker,StrikeCalled,Undefined,Undefined,Undefined,0,0,,88.61386,-0.045176,-5.423912,2256.736948,258.646828,2:30,4.83332,3.65611,5.18478,-31.76222,5.20796,19.69072,2.14378,0.17865,80.45641,-5.858951,-1.955661,0.43762,,,,,,,,,,,,-11.30182,3.00154,-3.16608,50,4.80524,11.23388,-128.01597,-1.32638,-18.68256,27.38015,-27.21234,YOR,WES_POW,WellSpanPark,Independent,ATL,20250824-WellSpanPark-1,45be9270-811c-11f0-b79a-67802afcc1e7,86.13052,,,8.15745,,,,,,,f3c3c493-67ac-49bb-a514-6db34fe3ed0b,2025-08-24,18:58:09.65,2025-08-24T14:58:09.6504320-04:00,2025-08-24T18:58:09.6504320Z,,v3,5435,525,,"DeLuca, Joe",700593,Right,WES_POW,580cf910-6bc1-4b17-8056-a33c6925769e,55.31467,-129.14767,13.69008,4.83682,-0.20161,-13.60617,-3.64636,12.00609,-9.34128,,,,,,,,,,,,,,,,,,,,,,,,,,,,,,,,,,,,,,,,,,,,,,,,,,,High,High,High,,,,,
187,2025-08-24,14:58:24.68,1,2,"Van Gurp, Franklin",676875,Right,WES_POW,"Davis, Jaylin",664041,Right,YOR,Undefined,7,Bottom,0,0,1,Undefined,Curveball,BallCalled,Undefined,Undefined,Undefined,0,0,,75.81951,0.870897,-3.902579,2700.830016,72.109245,8:30,5.05969,3.87838,4.56797,-55.87853,-3.91851,-17.58977,1.23389,-1.30691,69.24117,-9.115163,-6.969412,0.518807,,,,,,,,,,,,7.2887,-1.60823,-3.45594,50,5.09827,8.21666,-109.56272,-0.38934,8.73793,21.83895,-34.10205,YOR,WES_POW,WellSpanPark,Independent,ATL,20250824-WellSpanPark-1,4ea5c700-811c-11f0-b79a-67802afcc1e7,72.6521,,,6.57834,,,,,,,f3c3c493-67ac-49bb-a514-6db34fe3ed0b,2025-08-24,18:58:24.68,2025-08-24T14:58:24.6890496-04:00,2025-08-24T18:58:24.6890496Z,,v3,5435,525,,"DeLuca, Joe",700593,Right,WES_POW,fd2c7fa2-2a35-455b-b71e-5dfcb0b574f3,55.93186,-110.7388,10.91947,5.06979,1.44713,-17.05102,-3.88575,7.74611,4.36896,,,,,,,,,,,,,,,,,,,,,,,,,,,,,,,,,,,,,,,,,,,,,,,,,,,High,High,High,,,,,
188,2025-08-24,14:58:40.41,1,3,"Van Gurp, Franklin",676875,Right,WES_POW,"Davis, Jaylin",664041,Right,YOR,Undefined,7,Bottom,0,1,1,Undefined,Sinker,BallCalled,Undefined,Undefined,Undefined,0,0,,87.81913,0.24443,-7.15194,2204.427304,269.905952,3:00,4.78729,3.60663,5.34361,-36.25746,1.23787,13.79812,1.99694,-1.98762,80.14397,-6.350563,-4.730009,0.440717,,,,,,,,,,,,-8.83536,0.96236,-2.96867,50,4.78368,15.25202,-126.53537,-0.84224,-14.33782,25.59825,-30.61234,YOR,WES_POW,WellSpanPark,Independent,ATL,20250824-WellSpanPark-1,57fab180-811c-11f0-b79a-67802afcc1e7,85.52524,,,7.67516,,,,,,,f3c3c493-67ac-49bb-a514-6db34fe3ed0b,2025-08-24,18:58:40.41,2025-08-24T14:58:40.4154880-04:00,2025-08-24T18:58:40.4154880Z,,v3,5435,525,,"DeLuca, Joe",700593,Right,WES_POW,a2753d5b-9deb-493f-9cca-7119222038a4,55.15617,-127.57421,12.79912,4.79265,0.40007,-15.30617,-3.59944,15.83388,-7.16891,,,,,,,,,,,,,,,,,,,,,,,,,,,,,,,,,,,,,,,,,,,,,,,,,,,High,High,High,,,,,
189,2025-08-24,14:58:59.81,1,4,"Van Gurp, Franklin",676875,Right,WES_POW,"Davis, Jaylin",664041,Right,YOR,Undefined,7,Bottom,0,2,1,Undefined,Sinker,FoulBallNotFieldable,Undefined,Undefined,Undefined,0,0,,88.52337,0.584824,-4.8488,2260.983752,271.494191,3:00,4.73695,3.77649,5.30128,-36.07663,0.78307,17.78536,2.2816,0.6956,80.36347,-6.007161,-1.70505,0.436966,70.45961,30.984971,138.85099,4970.023582,,,,,57.50741,,,-10.32615,0.58346,-3.34835,50,4.76401,10.05455,-128.02626,-0.08119,-17.04129,27.83328,-31.21113,YOR,WES_POW,WellSpanPark,Independent,ATL,20250824-WellSpanPark-1,639f3150-811c-11f0-b79a-67802afcc1e7,86.2595,28.84564,,8.15989,,,,0.21869,2.1583,-0.6466,f3c3c493-67ac-49bb-a514-6db34fe3ed0b,2025-08-24,18:58:59.81,2025-08-24T14:58:59.8132224-04:00,2025-08-24T18:58:59.8132224Z,,v3,5435,525,,"DeLuca, Joe",700593,Right,WES_POW,c320fffd-fdaf-47aa-b88a-1dff788ec3af,55.19946,-129.15169,13.91664,4.74178,1.18082,-15.60556,-3.76884,10.74361,-8.52064,295.063634,0.21869,-66.71119,2.32662,0.01698,-0.79795,2.19239,-3.28264,2.52057,-0.78554,2.1583,53.20075,-22.96234,1.94387,0.64867,-2.87667,4.42264,-3.41451,1.06748,-0.6466,58.29766,-12.81805,4.18785,-3.58954,8.23025,-12.1293,9.24351,-2.86271,,,,,,,,,,,,,,,,,,,,,,,High,High,High,High,Undefined,,,
190,2025-08-24,14:59:20.60,1,5,"Van Gurp, Franklin",676875,Right,WES_POW,"Davis, Jaylin",664041,Right,YOR,Undefined,7,Bottom,0,2,2,Undefined,Sinker,FoulBallNotFieldable,Undefined,Undefined,Undefined,0,0,,89.57999,0.370054,-3.67247,2178.268129,250.939393,2:15,4.76476,3.70499,5.1793,-29.45529,6.47512,15.35895,2.65907,1.5246,81.58266,-5.033583,-0.958716,0.431422,56.72724,28.21938,138.948977,4924.476297,,,,135.15748,58.55093,145.833042,2.189727,-8.69563,3.46465,-3.37526,50,4.77697,7.61722,-129.75489,-0.29468,-14.80007,27.57217,-26.27715,YOR,WES_POW,WellSpanPark,Independent,ATL,20250824-WellSpanPark-1,700c0a30-811c-11f0-b79a-67802afcc1e7,87.36787,22.10575,,7.99733,,,,0.54371,2.49405,-1.62509,f3c3c493-67ac-49bb-a514-6db34fe3ed0b,2025-08-24,18:59:20.60,2025-08-24T14:59:20.6098432-04:00,2025-08-24T18:59:20.6098432Z,LineDrive,v3,5435,525,,"DeLuca, Joe",700593,Right,WES_POW,c32fd81f-c7a8-4350-a165-2b486148ab06,55.32085,-130.88066,13.78609,4.7671,0.77821,-13.13857,-3.69861,8.2215,-7.40004,295.525475,0.54373,-55.28735,1.96628,-0.05752,0.07117,-0.09568,0.04586,-0.01023,0.00088,2.49404,39.34199,-21.24656,1.8174,-0.40831,0.12755,-0.04403,0.01009,-0.00088,-1.62504,48.14102,-9.51176,2.35604,-0.15762,-0.21743,0.11997,-0.03048,0.00319,,,,,,,,,,,,,,,,,,,,,,,High,High,High,High,Medium,,,
191,2025-08-24,14:59:57.05,1,6,"Van Gurp, Franklin",676875,Right,WES_POW,"Davis, Jaylin",664041,Right,YOR,Undefined,7,Bottom,0,2,2,Undefined,Sinker,BallCalled,Undefined,Undefined,Undefined,0,0,,89.70216,-1.068232,-5.72553,2179.155177,258.379377,2:30,4.74584,3.65328,5.05941,-31.75604,4.26477,15.23666,1.08696,-0.49439,82.23944,-6.831643,-3.050195,0.431964,,,,,,,,,,,,-9.0776,2.74709,-3.11969,50,4.61854,12.27951,-129.5911,-3.69438,-15.5019,26.01498,-27.48287,YOR,WES_POW,WellSpanPark,Independent,ATL,20250824-WellSpanPark-1,85bda0f0-811c-11f0-b79a-67802afcc1e7,87.2582,,,7.46272,,,,,,,f3c3c493-67ac-49bb-a514-6db34fe3ed0b,2025-08-24,18:59:57.05,2025-08-24T14:59:57.0516992-04:00,2025-08-24T18:59:57.0516992Z,,v3,5435,525,,"DeLuca, Joe",700593,Right,WES_POW,4b6953d7-3c93-4ab5-8fe0-662c6bf4bcf9,55.44142,-130.67889,13.00749,4.74899,-2.54522,-13.74143,-3.64669,12.9277,-7.75095,,,,,,,,,,,,,,,,,,,,,,,,,,,,,,,,,,,,,,,,,,,,,,,,,,,High,High,High,,,,,
192,2025-08-24,15:00:15.19,1,7,"Van Gurp, Franklin",676875,Right,WES_POW,"Davis, Jaylin",664041,Right,YOR,Undefined,7,Bottom,0,3,2,Undefined,Sinker,BallCalled,Walk,Undefined,Undefined,0,0,,88.78794,1.623703,-3.879461,2184.582501,248.656343,2:15,4.93475,3.7408,5.13509,-29.49427,7.06237,15.13646,4.00988,1.34325,80.95573,-3.783368,-1.20996,0.435165,,,,,,,,,,,,-8.53898,3.42563,-3.38858,50,5.06479,8.01012,-128.55215,2.51922,-14.32293,26.05709,-26.428,YOR,WES_POW,WellSpanPark,Independent,ATL,20250824-WellSpanPark-1,907ace00-811c-11f0-b79a-67802afcc1e7,86.61636,,,7.83221,,,,,,,f3c3c493-67ac-49bb-a514-6db34fe3ed0b,2025-08-24,19:00:15.19,2025-08-24T15:00:15.1968256-04:00,2025-08-24T19:00:15.1968256Z,,v3,5435,525,,"DeLuca, Joe",700593,Right,WES_POW,c31586ac-704d-4bc2-81fe-593ec8029c77,55.36444,-129.63494,13.02854,4.93729,3.61743,-13.214,-3.7338,8.60531,-7.16147,,,,,,,,,,,,,,,,,,,,,,,,,,,,,,,,,,,,,,,,,,,,,,,,,,,High,High,High,,,,,
193,2025-08-24,15:01:03.10,2,1,"Van Gurp, Franklin",676875,Right,WES_POW,"Arocho, Jeremy",671080,Left,YOR,Undefined,7,Bottom,0,0,0,Undefined,Sinker,StrikeCalled,Undefined,Undefined,Undefined,0,0,,87.8313,-0.173687,-4.289653,2149.30403,248.590611,2:15,4.80593,3.85751,5.18124,-30.40537,6.5102,13.933,2.10827,0.97488,81.15034,-5.713566,-1.830415,0.437297,,,,,,,,,,,,-7.97745,3.61689,-3.469,50,4.76657,8.9231,-127.32145,-1.54545,-13.26612,22.94155,-26.15931,YOR,WES_POW,WellSpanPark,Independent,ATL,20250824-WellSpanPark-1,ad229ec0-811c-11f0-b79a-67802afcc1e7,86.19424,,,6.68095,,,,,,,f3c3c493-67ac-49bb-a514-6db34fe3ed0b,2025-08-24,19:01:03.10,2025-08-24T15:01:03.1023104-04:00,2025-08-24T19:01:03.1023104Z,,v3,5435,525,,"DeLuca, Joe",700593,Right,WES_POW,d99d0ddf-8d3e-4941-aec9-1bbdb93dc250,55.32024,-128.27651,11.47077,4.80824,-0.45645,-13.07965,-3.85196,9.47536,-6.63306,,,,,,,,,,,,,,,,,,,,,,,,,,,,,,,,,,,,,,,,,,,,,,,,,,,High,High,High,,,,,
194,2025-08-24,15:01:19.73,2,2,"Van Gurp, Franklin",676875,Right,WES_POW,"Arocho, Jeremy",671080,Left,YOR,Undefined,7,Bottom,0,0,1,Undefined,Curveball,BallCalled,Undefined,Undefined,Undefined,0,0,,74.03062,2.078731,-0.445691,2653.968163,77.137928,8:30,4.97493,3.95803,4.47742,-56.00172,-2.51602,-17.84489,2.29048,2.04612,68.40981,-7.934692,-3.566612,0.526369,,,,,,,,,,,,8.52729,-1.2587,-3.89298,50,5.13972,1.57221,-107.39645,1.85761,10.01543,17.61837,-33.65242,YOR,WES_POW,WellSpanPark,Independent,ATL,20250824-WellSpanPark-1,b6fc97c0-811c-11f0-b79a-67802afcc1e7,71.6084,,,5.62081,,,,,,,f3c3c493-67ac-49bb-a514-6db34fe3ed0b,2025-08-24,19:01:19.73,2025-08-24T15:01:19.7396992-04:00,2025-08-24T19:01:19.7396992Z,,v3,5435,525,,"DeLuca, Joe",700593,Right,WES_POW,a4cb5e4b-4a7e-4596-a4f0-f15aae557a65,56.02516,-108.38037,8.80919,4.9835,3.73697,-16.82621,-3.96516,1.01289,5.00772,,,,,,,,,,,,,,,,,,,,,,,,,,,,,,,,,,,,,,,,,,,,,,,,,,,High,High,High,,,,,
195,2025-08-24,15:01:37.70,2,3,"Van Gurp, Franklin",676875,Right,WES_POW,"Arocho, Jeremy",671080,Left,YOR,Undefined,7,Bottom,0,1,1,Undefined,Curveball,StrikeCalled,Undefined,Undefined,Undefined,0,0,,74.96448,1.685007,-2.860686,2702.929392,68.78111,8:15,5.02336,3.87164,4.45312,-57.8918,-5.33146,-17.76745,1.80835,-0.33923,69.21937,-8.625498,-5.957842,0.521796,,,,,,,,,,,,7.8528,-2.59992,-3.55078,50,5.14518,6.16144,-108.59724,1.06103,9.37983,18.97872,-35.27957,YOR,WES_POW,WellSpanPark,Independent,ATL,20250824-WellSpanPark-1,c1afd9c0-811c-11f0-b79a-67802afcc1e7,72.236,,,5.74512,,,,,,,f3c3c493-67ac-49bb-a514-6db34fe3ed0b,2025-08-24,19:01:37.70,2025-08-24T15:01:37.7025024-04:00,2025-08-24T19:01:37.7025024Z,,v3,5435,525,,"DeLuca, Joe",700593,Right,WES_POW,8bc97d28-6674-4bee-9dc4-11050f14f5f8,56.05007,-109.64947,9.48936,5.03213,3.01702,-17.63979,-3.87797,5.6414,4.68991,,,,,,,,,,,,,,,,,,,,,,,,,,,,,,,,,,,,,,,,,,,,,,,,,,,High,High,High,,,,,
196,2025-08-24,15:01:58.93,2,4,"Van Gurp, Franklin",676875,Right,WES_POW,"Arocho, Jeremy",671080,Left,YOR,Undefined,7,Bottom,0,1,2,Undefined,Curveball,InPlay,Undefined,Popup,Out,1,0,,76.95987,0.650021,-3.041137,2775.876274,81.287701,8:45,5.12003,3.88325,4.55265,-50.42278,-0.7685,-14.74595,1.53777,-0.24308,71.04738,-8.358636,-5.616662,0.507166,66.85514,67.193725,11.264801,,,,,111.15149,59.307,1.701585,5.114435,6.43441,-0.20004,-3.55197,50,5.13991,6.53056,-111.51153,-0.58888,8.10628,19.95115,-32.42606,YOR,WES_POW,WellSpanPark,Independent,ATL,20250824-WellSpanPark-1,ce744880-811c-11f0-b79a-67802afcc1e7,74.31978,106.85007,,5.91249,,,,2.65955,2.39096,-0.00174,f3c3c493-67ac-49bb-a514-6db34fe3ed0b,2025-08-24,19:01:58.93,2025-08-24T15:01:58.9355520-04:00,2025-08-24T19:01:58.9355520Z,Popup,v3,5435,525,,"DeLuca, Joe",700593,Right,WES_POW,b63c020b-d155-4a56-a7a8-35d172fcb373,55.95011,-112.57107,9.97558,5.12546,1.13315,-16.21303,-3.88736,6.10007,4.05314,170.205055,2.66268,37.19737,-9.4492,2.11103,0.1521,-0.25926,0.07821,-0.01068,0.00056,2.3812,90.57695,-23.90102,3.3525,-1.25703,0.40249,-0.08159,0.00865,-0.00036,-0.00295,7.44009,-4.87705,1.54054,-0.2182,-0.02472,0.0176,-0.00304,0.00018,,,,,,,,,,,,,,,,,,,,,,,High,High,High,Medium,Low,,,
197,2025-08-24,15:02:37.07,3,1,"Van Gurp, Franklin",676875,Right,WES_POW,"McNeely, Caleb",803001,Right,YOR,Undefined,7,Bottom,1,0,0,Undefined,Sinker,InPlay,Undefined,GroundBall,Single,0,0,,88.41032,0.307945,-5.173373,2186.833345,273.994548,3:15,4.85923,3.69823,5.31048,-36.94447,-0.35256,21.20529,2.07076,0.59611,81.08139,-6.412968,-1.425093,0.435375,100.23993,6.235192,-22.440578,1378.099771,,,,108.3718,103.99056,-24.399422,0.797496,-12.0841,0.02417,-3.24409,50,4.86004,10.65686,-127.98806,-0.73052,-20.13562,25.28969,-32.13377,YOR,WES_POW,WellSpanPark,Independent,ATL,20250824-WellSpanPark-1,e51c4d30-811c-11f0-b79a-67802afcc1e7,86.57456,4.62572,,7.32893,,,,2.34844,2.03491,-0.47249,f3c3c493-67ac-49bb-a514-6db34fe3ed0b,2025-08-24,19:02:37.07,2025-08-24T15:02:37.0715648-04:00,2025-08-24T19:02:37.0715648Z,GroundBall,v3,5435,525,,"DeLuca, Joe",700593,Right,WES_POW,b76003a6-2be6-41ee-bf62-eea9f5e445f3,55.19323,-129.01013,12.64485,4.86332,0.56814,-16.06688,-3.69122,11.47063,-10.06781,49.791371,2.39698,134.25647,-17.00925,,,,,,,2.09832,14.88729,-22.05867,,,,,,,-0.4534,-56.11785,0.66378,,,,,,,,,,,,,,,,,,,,,,,,,,,,,High,High,High,High,High,,,
198,2025-08-24,15:03:23.53,4,1,"Van Gurp, Franklin",676875,Right,WES_POW,"Simoneit, Will",686766,Right,YOR,Undefined,7,Bottom,1,0,0,Undefined,Curveball,StrikeCalled,Undefined,Undefined,Undefined,0,0,,74.76767,2.347732,-1.888713,2660.253691,68.320068,8:15,5.04948,3.67558,4.47949,-59.23027,-5.87091,-19.2832,2.35384,0.26777,68.13082,-8.261112,-5.255899,0.525747,,,,,,,,,,,,8.74363,-3.01744,-3.45712,50,5.23979,4.378,-108.19363,2.25367,10.24526,20.89865,-35.70971,YOR,WES_POW,WellSpanPark,Independent,ATL,20250824-WellSpanPark-1,00c52480-811d-11f0-b79a-67802afcc1e7,71.69312,,,6.63685,,,,,,,f3c3c493-67ac-49bb-a514-6db34fe3ed0b,2025-08-24,19:03:23.53,2025-08-24T15:03:23.5332608-04:00,2025-08-24T19:03:23.5332608Z,,v3,5435,525,,"DeLuca, Joe",700593,Right,WES_POW,b7789c50-2667-499b-aa56-e32c1369b054,56.02183,-109.35061,10.44932,5.0603,4.23063,-17.85486,-3.68379,3.81081,5.12263,,,,,,,,,,,,,,,,,,,,,,,,,,,,,,,,,,,,,,,,,,,,,,,,,,,High,High,High,,,,,
199,2025-08-24,15:03:42.68,4,2,"Van Gurp, Franklin",676875,Right,WES_POW,"Simoneit, Will",686766,Right,YOR,Undefined,7,Bottom,1,0,1,Undefined,Curveball,StrikeSwinging,Undefined,Undefined,Undefined,0,0,,75.70804,1.028915,-1.898379,2753.031054,63.239449,8:00,5.17962,3.76466,4.72178,-59.28594,-7.49221,-18.46706,1.21613,0.42366,68.89373,-9.613633,-5.142846,0.517976,,,,,,,,,,,,8.43028,-3.48752,-3.55546,50,5.23074,4.39395,-109.6114,-0.18116,10.07333,22.59925,-36.3413,YOR,WES_POW,WellSpanPark,Independent,ATL,20250824-WellSpanPark-1,0c4d90d0-811d-11f0-b79a-67802afcc1e7,72.76865,,,6.81431,,,,,,,f3c3c493-67ac-49bb-a514-6db34fe3ed0b,2025-08-24,19:03:42.68,2025-08-24T15:03:42.6812416-04:00,2025-08-24T19:03:42.6812416Z,,v3,5435,525,,"DeLuca, Joe",700593,Right,WES_POW,de8b785a-ee24-4ad8-94c0-a104b5a7e611,55.77958,-110.79661,11.29962,5.19026,1.72473,-18.17065,-3.77204,3.86566,5.03666,,,,,,,,,,,,,,,,,,,,,,,,,,,,,,,,,,,,,,,,,,,,,,,,,,,High,High,High,,,,,
200,2025-08-24,15:04:06.16,4,3,"Van Gurp, Franklin",676875,Right,WES_POW,"Simoneit, Will",686766,Right,YOR,Undefined,7,Bottom,1,0,2,Undefined,Curveball,BallCalled,Undefined,Undefined,Undefined,0,0,,77.26988,0.835426,-5.283921,2747.463146,60.318997,8:00,5.18894,3.76923,4.76559,-57.26149,-7.43662,-15.95895,1.21271,-2.58493,70.68963,-9.387528,-8.065828,0.508036,,,,,,,,,,,,6.14209,-3.40614,-3.22349,50,5.22284,10.97787,-111.50959,-0.47271,7.6258,22.65849,-36.40303,YOR,WES_POW,WellSpanPark,Independent,ATL,20250824-WellSpanPark-1,1a4b69f0-811d-11f0-b79a-67802afcc1e7,74.19247,,,6.58025,,,,,,,f3c3c493-67ac-49bb-a514-6db34fe3ed0b,2025-08-24,19:04:06.16,2025-08-24T15:04:06.1694464-04:00,2025-08-24T19:04:06.1694464Z,,v3,5435,525,,"DeLuca, Joe",700593,Right,WES_POW,7ec13c5a-6d6f-441d-ad77-f2b23a5ebf6a,55.73561,-112.66903,11.32925,5.19937,1.39003,-18.20151,-3.77524,10.58765,3.8129,,,,,,,,,,,,,,,,,,,,,,,,,,,,,,,,,,,,,,,,,,,,,,,,,,,High,High,High,,,,,
201,2025-08-24,15:04:33.15,4,4,"Van Gurp, Franklin",676875,Right,WES_POW,"Simoneit, Will",686766,Right,YOR,Undefined,7,Bottom,1,1,2,Undefined,Curveball,StrikeSwinging,Strikeout,Undefined,Undefined,0,0,,76.1578,1.307278,-2.415044,2756.201351,65.540088,8:15,5.21524,3.67765,4.84485,-57.64767,-6.85103,-18.84056,1.65029,-0.18025,69.50468,-9.059506,-5.727938,0.512966,,,,,,,,,,,,8.52371,-3.30225,-3.4218,50,5.29518,5.41849,-110.28751,0.45102,10.35108,22.18155,-36.18424,YOR,WES_POW,WellSpanPark,Independent,ATL,20250824-WellSpanPark-1,2a639790-811d-11f0-b79a-67802afcc1e7,73.47936,,,6.65312,,,,,,,f3c3c493-67ac-49bb-a514-6db34fe3ed0b,2025-08-24,19:04:33.15,2025-08-24T15:04:33.1523072-04:00,2025-08-24T19:04:33.1523072Z,,v3,5435,525,,"DeLuca, Joe",700593,Right,WES_POW,cec94e8b-1dba-46e5-a46c-4a359ab8c167,55.65707,-111.41948,11.09078,5.22505,2.29757,-18.09212,-3.68484,4.89025,5.17554,,,,,,,,,,,,,,,,,,,,,,,,,,,,,,,,,,,,,,,,,,,,,,,,,,,High,High,High,,,,,
202,2025-08-24,15:05:10.07,5,1,"Van Gurp, Franklin",676875,Right,WES_POW,"Fontana, Shayne",687833,Left,YOR,Undefined,7,Bottom,2,0,0,Undefined,Sinker,BallCalled,Undefined,Undefined,Undefined,0,0,,88.92189,-0.979453,-7.644893,2339.066839,240.633712,2:00,4.65072,3.91078,5.37012,-26.4995,10.52304,16.30119,1.51576,-1.94154,80.15715,-5.88008,-4.787748,0.43793,,,,,,,,,,,,-10.43095,5.97587,-3.23282,50,4.54371,16.39477,-127.78456,-3.15327,-17.07863,28.73577,-22.38978,YOR,WES_POW,WellSpanPark,Independent,ATL,20250824-WellSpanPark-1,4039f460-811d-11f0-b79a-67802afcc1e7,86.06958,,,8.76474,,,,,,,f3c3c493-67ac-49bb-a514-6db34fe3ed0b,2025-08-24,19:05:10.07,2025-08-24T15:05:10.0747264-04:00,2025-08-24T19:05:10.0747264Z,,v3,5435,525,,"DeLuca, Joe",700593,Right,WES_POW,8223a2a1-1f07-4b39-a687-6c54af81b55b,55.12677,-128.9323,14.36789,4.6518,-2.259,-11.19489,-3.90127,17.07691,-8.53931,,,,,,,,,,,,,,,,,,,,,,,,,,,,,,,,,,,,,,,,,,,,,,,,,,,High,High,High,,,,,
203,2025-08-24,15:05:42.72,5,2,"Van Gurp, Franklin",676875,Right,WES_POW,"Fontana, Shayne",687833,Left,YOR,Undefined,7,Bottom,2,1,0,Undefined,Curveball,BallCalled,Undefined,Undefined,Undefined,0,0,,77.22664,0.962563,-3.776005,2745.369189,59.681209,8:00,4.94452,3.6628,4.63787,-57.06515,-7.44689,-15.44056,1.10597,-1.21779,70.9249,-9.220203,-6.473705,0.506982,,,,,,,,,,,,6.42961,-3.47835,-3.26043,50,4.99086,8.02131,-111.73636,-0.24835,8.06521,21.59855,-36.53723,YOR,WES_POW,WellSpanPark,Independent,ATL,20250824-WellSpanPark-1,53d09a60-811d-11f0-b79a-67802afcc1e7,74.34677,,,6.30175,,,,,,,f3c3c493-67ac-49bb-a514-6db34fe3ed0b,2025-08-24,19:05:42.72,2025-08-24T15:05:42.7219456-04:00,2025-08-24T19:05:42.7219456Z,,v3,5435,525,,"DeLuca, Joe",700593,Right,WES_POW,0da0d331-81d0-4de8-9db1-b09d1791a89e,55.86449,-112.86427,10.79927,4.95401,1.65968,-18.26862,-3.66831,7.60013,4.0326,,,,,,,,,,,,,,,,,,,,,,,,,,,,,,,,,,,,,,,,,,,,,,,,,,,High,High,High,,,,,
204,2025-08-24,15:06:01.64,5,3,"Van Gurp, Franklin",676875,Right,WES_POW,"Fontana, Shayne",687833,Left,YOR,Undefined,7,Bottom,2,2,0,Undefined,Curveball,BallCalled,Undefined,Undefined,Undefined,0,0,,74.55511,2.891039,-0.690867,2685.746216,61.246355,8:00,5.06142,3.71797,4.60534,-59.71826,-6.74646,-15.34591,2.83669,1.78213,68.26715,-7.82404,-3.379606,0.523834,,,,,,,,,,,,7.24886,-3.56386,-3.63182,50,5.30411,1.93921,-108.01386,3.27645,8.5383,19.33758,-36.37186,YOR,WES_POW,WellSpanPark,Independent,ATL,20250824-WellSpanPark-1,5f0d30a0-811d-11f0-b79a-67802afcc1e7,71.95492,,,6.28796,,,,,,,f3c3c493-67ac-49bb-a514-6db34fe3ed0b,2025-08-24,19:06:01.64,2025-08-24T15:06:01.6482816-04:00,2025-08-24T19:06:01.6482816Z,,v3,5435,525,,"DeLuca, Joe",700593,Right,WES_POW,b844dc6f-6fc8-4001-82ae-787f0dfcb57d,55.89678,-109.06445,9.66879,5.07243,5.25249,-18.18593,-3.72458,1.47533,4.26915,,,,,,,,,,,,,,,,,,,,,,,,,,,,,,,,,,,,,,,,,,,,,,,,,,,High,High,High,,,,,
205,2025-08-24,15:06:24.47,5,4,"Van Gurp, Franklin",676875,Right,WES_POW,"Fontana, Shayne",687833,Left,YOR,Undefined,7,Bottom,2,3,0,Undefined,Sinker,BallCalled,Walk,Undefined,Undefined,0,0,,87.6886,-0.002811,-4.433809,2178.007214,259.160363,2:45,4.75028,4.11914,5.30799,-32.76557,4.07445,15.86824,2.01717,1.27118,81.09285,-5.970614,-1.626238,0.436849,,,,,,,,,,,,-9.02119,2.36217,-3.72794,50,4.72606,9.15922,-127.14203,-1.24533,-14.96688,22.75539,-28.25501,YOR,WES_POW,WellSpanPark,Independent,ATL,20250824-WellSpanPark-1,6ca8ec90-811d-11f0-b79a-67802afcc1e7,86.28255,,,6.59575,,,,,,,f3c3c493-67ac-49bb-a514-6db34fe3ed0b,2025-08-24,19:06:24.47,2025-08-24T15:06:24.4750848-04:00,2025-08-24T19:06:24.4750848Z,,v3,5435,525,,"DeLuca, Joe",700593,Right,WES_POW,2c5e6406-7227-473f-8e97-08e2486cb56e,55.19442,-128.06833,11.37769,4.75334,-0.09515,-14.1275,-4.11319,9.76847,-7.48344,,,,,,,,,,,,,,,,,,,,,,,,,,,,,,,,,,,,,,,,,,,,,,,,,,,High,High,High,,,,,
206,2025-08-24,15:08:04.94,6,1,"Van Gurp, Franklin",676875,Right,WES_POW,"Lewis, Brandon",686781,Right,YOR,Undefined,7,Bottom,2,0,0,Undefined,Curveball,BallCalled,Undefined,Undefined,Undefined,0,0,,75.27728,1.084484,-1.765352,2786.386505,68.780252,8:15,5.1091,3.8309,4.57733,-56.76692,-4.81595,-16.57607,1.41096,0.76939,69.30038,-9.063976,-4.669221,0.518762,,,,,,,,,,,,7.58579,-2.17933,-3.63173,50,5.16823,4.04718,-109.13029,-0.00999,9.11876,19.78024,-34.79381,YOR,WES_POW,WellSpanPark,Independent,ATL,20250824-WellSpanPark-1,a89ab030-811d-11f0-b79a-67802afcc1e7,72.65843,,,5.9769,,,,,,,f3c3c493-67ac-49bb-a514-6db34fe3ed0b,2025-08-24,19:08:04.94,2025-08-24T15:08:04.9445376-04:00,2025-08-24T19:08:04.9445376Z,,v3,5435,525,,"DeLuca, Joe",700593,Right,WES_POW,65485137-4a0d-4a4c-9257-2bc297ad400b,55.92501,-110.19898,9.89012,5.11798,1.86986,-17.3969,-3.83708,3.5545,4.55938,,,,,,,,,,,,,,,,,,,,,,,,,,,,,,,,,,,,,,,,,,,,,,,,,,,High,High,High,,,,,
207,2025-08-24,15:08:24.80,6,2,"Van Gurp, Franklin",676875,Right,WES_POW,"Lewis, Brandon",686781,Right,YOR,Undefined,7,Bottom,2,1,0,Undefined,Curveball,StrikeSwinging,Undefined,Undefined,Undefined,0,0,,77.06087,0.674369,-3.4597,2813.81825,69.6123,8:15,5.05605,3.71955,4.62655,-54.12263,-4.47618,-16.18347,1.18808,-0.92182,70.981,-8.987291,-6.288209,0.507125,,,,,,,,,,,,6.92933,-1.94197,-3.34825,50,5.07549,7.42043,-111.57318,-0.69087,8.69901,20.84147,-34.61197,YOR,WES_POW,WellSpanPark,Independent,ATL,20250824-WellSpanPark-1,b4705220-811d-11f0-b79a-67802afcc1e7,74.32568,,,6.07987,,,,,,,f3c3c493-67ac-49bb-a514-6db34fe3ed0b,2025-08-24,19:08:24.80,2025-08-24T15:08:24.8039936-04:00,2025-08-24T19:08:24.8039936Z,,v3,5435,525,,"DeLuca, Joe",700593,Right,WES_POW,e9041098-2d9e-4e6e-8186-cdcc65443989,55.87565,-112.66539,10.42074,5.06416,1.12299,-17.30599,-3.72517,6.96456,4.3495,,,,,,,,,,,,,,,,,,,,,,,,,,,,,,,,,,,,,,,,,,,,,,,,,,,High,High,High,,,,,
208,2025-08-24,15:08:46.10,6,3,"Van Gurp, Franklin",676875,Right,WES_POW,"Lewis, Brandon",686781,Right,YOR,Undefined,7,Bottom,2,1,1,Undefined,Curveball,BallCalled,Undefined,Undefined,Undefined,0,0,,77.05869,0.165281,-4.526943,2840.95733,73.350082,8:30,4.95868,4.03532,4.65364,-52.87247,-2.96815,-15.26351,0.71017,-1.54672,70.83392,-9.266959,-7.189162,0.508441,,,,,,,,,,,,6.14536,-1.06819,-3.55706,50,4.92737,9.44955,-111.38138,-1.6153,7.65936,21.47239,-33.50543,YOR,WES_POW,WellSpanPark,Independent,ATL,20250824-WellSpanPark-1,c12334b0-811d-11f0-b79a-67802afcc1e7,74.13335,,,6.22477,,,,,,,f3c3c493-67ac-49bb-a514-6db34fe3ed0b,2025-08-24,19:08:46.10,2025-08-24T15:08:46.1047296-04:00,2025-08-24T19:08:46.1047296Z,,v3,5435,525,,"DeLuca, Joe",700593,Right,WES_POW,d52c1abe-9f8e-4281-9bb8-72a73cbdcc3f,55.84789,-112.5031,10.73619,4.96604,0.13503,-16.75271,-4.04026,9.04943,3.82968,,,,,,,,,,,,,,,,,,,,,,,,,,,,,,,,,,,,,,,,,,,,,,,,,,,High,High,High,,,,,
209,2025-08-24,15:09:26.10,6,4,"Van Gurp, Franklin",676875,Right,WES_POW,"Lewis, Brandon",686781,Right,YOR,Undefined,7,Bottom,2,2,1,Undefined,Sinker,BallCalled,Undefined,Undefined,Undefined,0,0,,86.57751,-0.495127,-5.524199,2185.380563,278.341684,3:15,4.7129,3.92325,5.397,-39.99026,-1.3028,18.29131,0.9142,0.25448,78.40351,-7.793244,-2.287082,0.447668,,,,,,,,,,,,-10.8817,-0.07846,-3.4422,50,4.64054,11.2839,-125.02994,-2.59134,-17.02642,27.92438,-32.29683,YOR,WES_POW,WellSpanPark,Independent,ATL,20250824-WellSpanPark-1,d8ee83b0-811d-11f0-b79a-67802afcc1e7,84.19723,,,8.17401,,,,,,,f3c3c493-67ac-49bb-a514-6db34fe3ed0b,2025-08-24,19:09:26.10,2025-08-24T15:09:26.1041664-04:00,2025-08-24T19:09:26.1041664Z,,v3,5435,525,,"DeLuca, Joe",700593,Right,WES_POW,c3b25730-849e-4c43-8970-b08b30251e93,55.10314,-126.16454,13.96219,4.71918,-1.27909,-16.14842,-3.91473,11.97571,-8.51321,,,,,,,,,,,,,,,,,,,,,,,,,,,,,,,,,,,,,,,,,,,,,,,,,,,High,High,High,,,,,
210,2025-08-24,15:09:48.19,6,5,"Van Gurp, Franklin",676875,Right,WES_POW,"Lewis, Brandon",686781,Right,YOR,Undefined,7,Bottom,2,3,1,Undefined,Sinker,InPlay,Undefined,GroundBall,Out,1,0,,87.56179,-0.090936,-5.478253,2225.936631,271.637244,3:00,4.8292,3.9224,5.31081,-36.75526,0.80122,14.50146,1.68052,-0.02699,79.98124,-6.784072,-2.918613,0.441076,95.47802,8.659497,-37.567311,3243.532989,,,,107.06095,105.14349,-38.972381,0.859738,-8.86182,0.74083,-3.43517,50,4.79398,11.50751,-126.5899,-1.59393,-14.36446,26.10296,-30.97321,YOR,WES_POW,WellSpanPark,Independent,ATL,20250824-WellSpanPark-1,e618b920-811d-11f0-b79a-67802afcc1e7,85.45558,5.32593,,7.58055,,,,2.80504,1.45387,0.27553,f3c3c493-67ac-49bb-a514-6db34fe3ed0b,2025-08-24,19:09:48.19,2025-08-24T15:09:48.1983488-04:00,2025-08-24T19:09:48.1983488Z,GroundBall,v3,5435,525,,"DeLuca, Joe",700593,Right,WES_POW,f54fa725-6d10-4768-88a9-0e5e4f61920b,55.19113,-127.65582,13.05148,4.83325,-0.32912,-15.4866,-3.91707,12.09409,-7.18223,43.971469,2.88687,108.42775,-17.51426,,,,,,,1.57477,19.14917,-24.55025,,,,,,,0.27919,-84.47353,6.77574,,,,,,,,,,,,,,,,,,,,,,,,,,,,,High,High,High,High,High,,,
211,2025-08-24,15:12:21.53,1,1,"Cellucci, Brendan",676454,Left,YOR,"Womack, Alsander",703920,Right,WES_POW,Undefined,8,Top,0,0,0,Undefined,Four-Seam,BallCalled,Undefined,Undefined,Undefined,0,0,,97.46651,-3.185568,3.479945,2374.347118,153.495438,11:00,5.82972,-1.39158,6.3628,-11.79536,17.68454,-8.273,1.90671,1.12548,87.68948,-5.498575,1.986006,0.390782,,,,,,,,,,,,5.41323,10.53894,1.14301,50,5.59282,-8.20618,-141.02768,-8.14682,10.72426,36.94942,-11.29516,YOR,WES_POW,WellSpanPark,Independent,ATL,20250824-WellSpanPark-1,4177d620-811e-11f0-b79a-67802afcc1e7,96.45388,,,9.77704,,,,,,,f3c3c493-67ac-49bb-a514-6db34fe3ed0b,2025-08-24,19:12:21.53,2025-08-24T15:12:21.5382016-04:00,2025-08-24T19:12:21.5382016Z,,v3,5435,525,,"Simoneit, Will",686766,Right,YOR,df5c43ac-57de-47af-98e3-4afb23a1ce22,54.13404,-142.10667,18.47471,5.82591,-7.81698,-5.64758,1.38722,-8.51935,5.36213,,,,,,,,,,,,,,,,,,,,,,,,,,,,,,,,,,,,,,,,,,,,,,,,,,,High,High,High,,,,,
212,2025-08-24,15:12:39.43,1,2,"Cellucci, Brendan",676454,Left,YOR,"Womack, Alsander",703920,Right,WES_POW,Undefined,8,Top,0,1,0,Undefined,Slider,FoulBallNotFieldable,Undefined,Undefined,Undefined,0,0,,88.88281,-0.166002,1.42602,2278.838873,244.323114,2:15,5.97352,-1.16016,5.6367,-31.70821,4.1015,6.14052,3.17625,0.68223,81.17704,-6.008346,2.5229,0.430697,62.91633,72.445485,121.5633,5079.854226,,,,,16.20585,,,-2.71776,2.45213,1.03483,50,5.93909,-3.47557,-129.0387,-1.5198,-4.56295,27.91337,-28.05705,YOR,WES_POW,WellSpanPark,Independent,ATL,20250824-WellSpanPark-1,4c27bcc0-811e-11f0-b79a-67802afcc1e7,87.51498,48.61088,,7.70577,,,,1.92185,3.28878,-0.65358,f3c3c493-67ac-49bb-a514-6db34fe3ed0b,2025-08-24,19:12:39.43,2025-08-24T15:12:39.4331136-04:00,2025-08-24T19:12:39.4331136Z,,v3,5435,525,,"Simoneit, Will",686766,Right,YOR,a45314be-4432-4733-b0b9-cebcf12d968d,54.86361,-130.08653,13.95669,5.97637,-0.46657,-14.02852,1.16208,-3.30428,-2.28147,346.654419,1.92185,-14.56839,-4.92134,1.9253,-0.49814,0.11108,-0.01308,-0.01012,0.00662,3.28878,87.97983,-27.36792,3.279,-0.66117,0.10986,-0.00584,-0.01579,0.00875,-0.65358,23.71459,-1.71529,-0.10378,0.09465,-0.03161,0.00851,-0.00268,0.00058,,,,,,,,,,,,,,,,,,,,,,,High,High,High,High,Undefined,,,
213,2025-08-24,15:13:06.80,1,3,"Cellucci, Brendan",676454,Left,YOR,"Womack, Alsander",703920,Right,WES_POW,Undefined,8,Top,0,1,1,Undefined,Four-Seam,BallCalled,Undefined,Undefined,Undefined,0,0,,96.24889,-2.103212,3.750155,2305.900004,132.852256,10:30,5.86521,-1.24149,6.39959,-16.14702,13.59658,-13.60729,2.5804,1.0783,87.7276,-5.186214,1.29082,0.392526,,,,,,,,,,,,8.11815,7.97406,0.97781,50,5.70639,-8.55648,-139.55539,-5.61083,15.97631,32.02264,-16.48133,YOR,WES_POW,WellSpanPark,Independent,ATL,20250824-WellSpanPark-1,5c76b1d0-811e-11f0-b79a-67802afcc1e7,96.02535,,,8.52129,,,,,,,f3c3c493-67ac-49bb-a514-6db34fe3ed0b,2025-08-24,19:13:06.80,2025-08-24T15:13:06.8051968-04:00,2025-08-24T19:13:06.8051968Z,,v3,5435,525,,"Simoneit, Will",686766,Right,YOR,a8ca8495-2dee-4208-92ba-8e3e5f01d669,54.09957,-140.49293,16.01132,5.8636,-5.1283,-8.24066,1.23517,-9.02423,7.98815,,,,,,,,,,,,,,,,,,,,,,,,,,,,,,,,,,,,,,,,,,,,,,,,,,,High,High,High,,,,,
214,2025-08-24,15:13:27.54,1,4,"Cellucci, Brendan",676454,Left,YOR,"Womack, Alsander",703920,Right,WES_POW,Undefined,8,Top,0,2,1,Undefined,Cutter,BallCalled,Undefined,Undefined,Undefined,0,0,,89.13967,0.874962,0.274245,2272.472281,241.360056,2:00,5.98711,-1.1653,5.81778,-30.35096,4.89587,6.94894,4.27147,-0.33123,81.44658,-4.749976,1.5199,0.427299,,,,,,,,,,,,-3.4578,2.60095,1.13876,50,6.04082,-0.919,-129.48656,0.90627,-5.86583,27.24576,-27.76177,YOR,WES_POW,WellSpanPark,Independent,ATL,20250824-WellSpanPark-1,68d33700-811e-11f0-b79a-67802afcc1e7,88.21102,,,7.69309,,,,,,,f3c3c493-67ac-49bb-a514-6db34fe3ed0b,2025-08-24,19:13:27.54,2025-08-24T15:13:27.5437568-04:00,2025-08-24T19:13:27.5437568Z,,v3,5435,525,,"Simoneit, Will",686766,Right,YOR,dd8ed959-3134-4a6d-bef7-f111502c92e5,54.68146,-130.46789,13.62288,5.99017,1.90618,-13.88088,1.16806,-0.70773,-2.93291,,,,,,,,,,,,,,,,,,,,,,,,,,,,,,,,,,,,,,,,,,,,,,,,,,,High,High,High,,,,,
215,2025-08-24,15:13:44.88,1,5,"Cellucci, Brendan",676454,Left,YOR,"Womack, Alsander",703920,Right,WES_POW,Undefined,8,Top,0,3,1,Undefined,Four-Seam,HitByPitch,Walk,Undefined,Undefined,0,0,,95.84949,-0.88832,4.012693,2388.220514,170.197121,11:45,5.77489,-1.2242,6.48184,-13.53993,16.29867,-2.65378,3.82884,2.24516,87.49139,-3.502026,3.533253,0.393152,,,,,,,,,,,,2.53725,9.10339,0.94294,50,5.70621,-9.64835,-139.07079,-2.5263,4.96198,31.6049,-14.37111,YOR,WES_POW,WellSpanPark,Independent,ATL,20250824-WellSpanPark-1,7324d100-811e-11f0-b79a-67802afcc1e7,95.8724,,,8.3581,,,,,,,f3c3c493-67ac-49bb-a514-6db34fe3ed0b,2025-08-24,19:13:44.88,2025-08-24T15:13:44.8866304-04:00,2025-08-24T19:13:44.8866304Z,,v3,5435,525,,"Simoneit, Will",686766,Right,YOR,de4e5a93-43e9-41f4-98dc-adb15a173262,54.01931,-139.98122,15.80245,5.77303,-2.11231,-7.18555,1.22294,-9.79129,2.48099,,,,,,,,,,,,,,,,,,,,,,,,,,,,,,,,,,,,,,,,,,,,,,,,,,,High,High,High,,,,,
216,2025-08-24,15:14:41.48,2,1,"Cellucci, Brendan",676454,Left,YOR,"Barnum, Keon",621572,Left,WES_POW,Undefined,8,Top,0,0,0,Undefined,Slider,StrikeCalled,Undefined,Undefined,Undefined,0,0,,84.50122,0.388746,0.805408,2550.724587,251.78719,2:30,5.65803,-1.63616,5.39699,-33.75927,6.61788,15.80796,3.20911,0.43599,76.44437,-5.840382,3.616038,0.45734,,,,,,,,,,,,-7.6191,3.6441,1.55315,50,5.66949,-2.41407,-122.49326,-0.36315,-11.41522,27.33732,-26.71436,YOR,WES_POW,WellSpanPark,Independent,ATL,20250824-WellSpanPark-1,94d45230-811e-11f0-b79a-67802afcc1e7,82.41666,,,8.05685,,,,,,,f3c3c493-67ac-49bb-a514-6db34fe3ed0b,2025-08-24,19:14:41.48,2025-08-24T15:14:41.4820352-04:00,2025-08-24T19:14:41.4820352Z,,v3,5435,525,,"Simoneit, Will",686766,Right,YOR,4a176d63-6c27-42e0-98af-41dfa7533dff,55.10008,-123.62623,13.66866,5.66159,0.744,-13.35718,1.64339,-1.94097,-5.70761,,,,,,,,,,,,,,,,,,,,,,,,,,,,,,,,,,,,,,,,,,,,,,,,,,,High,High,High,,,,,
217,2025-08-24,15:15:01.11,2,2,"Cellucci, Brendan",676454,Left,YOR,"Barnum, Keon",621572,Left,WES_POW,Undefined,8,Top,0,0,1,Undefined,Four-Seam,BallCalled,Undefined,Undefined,Undefined,0,0,,97.25345,-2.437929,4.608065,2518.216255,147.975869,11:00,5.79096,-1.11566,6.22808,-13.9254,15.66713,-9.15418,2.37255,2.38223,88.06061,-5.11853,2.96305,0.391528,,,,,,,,,,,,6.10803,9.14264,0.77494,50,5.60107,-10.92571,-140.68262,-6.40288,12.13727,34.44392,-14.00668,YOR,WES_POW,WellSpanPark,Independent,ATL,20250824-WellSpanPark-1,a097cbb0-811e-11f0-b79a-67802afcc1e7,96.27019,,,9.19284,,,,,,,f3c3c493-67ac-49bb-a514-6db34fe3ed0b,2025-08-24,19:15:01.11,2025-08-24T15:15:01.1120000-04:00,2025-08-24T19:15:01.1120000Z,,v3,5435,525,,"Simoneit, Will",686766,Right,YOR,bec85bfc-8444-4be6-a4b7-696e87707f36,54.26967,-141.72412,17.22196,5.78828,-5.97935,-7.00334,1.11085,-11.29271,6.06864,,,,,,,,,,,,,,,,,,,,,,,,,,,,,79.15012,2.065364,0.767488,1.297876,-1.07023,2.14616,-2.50928,-1.61797,6.50811,-0.1899,127.28461,2.97527,1.82529,-1.44354,113.27742,-10.98661,6.55007,13.68892,-12.70399,-0.24973,-1.71356,2.59495,High,High,High,,,High,Medium,Medium
218,2025-08-24,15:15:49.04,2,3,"Cellucci, Brendan",676454,Left,YOR,"Barnum, Keon",621572,Left,WES_POW,Undefined,8,Top,0,1,1,Undefined,Slider,FoulBallNotFieldable,Undefined,Undefined,Undefined,0,0,,89.40868,-1.389228,0.733526,2380.613427,263.837575,2:45,5.77931,-1.31636,5.9145,-32.99325,2.27996,9.93835,1.74017,0.19266,81.31873,-7.484414,2.520527,0.427458,,,,,,,,,,,,-4.8741,1.95343,1.25187,50,5.64923,-2.08049,-129.76152,-4.30854,-8.20974,30.22607,-28.88378,YOR,WES_POW,WellSpanPark,Independent,ATL,20250824-WellSpanPark-1,bd316ba0-811e-11f0-b79a-67802afcc1e7,88.17806,,,8.08994,,,,,,,f3c3c493-67ac-49bb-a514-6db34fe3ed0b,2025-08-24,19:15:49.04,2025-08-24T15:15:49.0403840-04:00,2025-08-24T19:15:49.0403840Z,,v3,5435,525,,"Simoneit, Will",686766,Right,YOR,6a7b0092-0cf8-4b67-b46c-ee9b4b846982,54.58498,-130.82516,15.11304,5.78296,-3.29213,-14.44189,1.32,-1.79159,-4.10487,,,,,,,,,,,,,,,,,,,,,,,,,,,,,,,,,,,,,,,,,,,,,,,,,,,High,High,High,,,,,
219,2025-08-24,15:16:14.20,2,4,"Cellucci, Brendan",676454,Left,YOR,"Barnum, Keon",621572,Left,WES_POW,Undefined,8,Top,0,1,2,Undefined,Slider,BallCalled,Undefined,Undefined,Undefined,0,0,,84.75973,-2.822419,2.741811,2646.797263,276.070129,3:15,5.62618,-1.60152,5.57066,-40.36325,-0.21173,15.27772,-0.37903,2.23472,77.28267,-10.146772,5.467935,0.456061,,,,,,,,,,,,-6.92174,1.1652,1.35452,50,5.35591,-6.49328,-122.67129,-7.47254,-10.34985,28.50267,-30.43175,YOR,WES_POW,WellSpanPark,Independent,ATL,20250824-WellSpanPark-1,cc308820-811e-11f0-b79a-67802afcc1e7,82.64787,,,7.47707,,,,,,,f3c3c493-67ac-49bb-a514-6db34fe3ed0b,2025-08-24,19:16:14.20,2025-08-24T15:16:14.2011904-04:00,2025-08-24T19:16:14.2011904Z,,v3,5435,525,,"Simoneit, Will",686766,Right,YOR,1f37f3bd-69c4-4df0-a18b-7b0a38944408,54.93037,-123.81156,14.25134,5.6305,-6.25509,-15.21587,1.60601,-6.07923,-5.17492,,,,,,,,,,,,,,,,,,,,,,,,,,,,,,,,,,,,,,,,,,,,,,,,,,,High,High,High,,,,,
220,2025-08-24,15:16:46.83,2,5,"Cellucci, Brendan",676454,Left,YOR,"Barnum, Keon",621572,Left,WES_POW,Undefined,8,Top,0,2,2,Undefined,Slider,StrikeSwinging,Strikeout,Undefined,Undefined,0,0,,89.37761,-0.108012,-0.101113,2507.79745,251.672721,2:30,5.9187,-1.23849,5.74122,-33.04588,2.05276,2.93008,3.0643,-1.08846,81.95718,-6.191986,0.423845,0.4264,,,,,,,,,,,,-1.51177,1.43465,1.24513,50,5.88962,0.10114,-129.85604,-1.45464,-2.58372,26.95803,-29.72213,YOR,WES_POW,WellSpanPark,Independent,ATL,20250824-WellSpanPark-1,df8da790-811e-11f0-b79a-67802afcc1e7,88.397,,,7.42044,,,,,,,f3c3c493-67ac-49bb-a514-6db34fe3ed0b,2025-08-24,19:16:46.83,2025-08-24T15:16:46.8341248-04:00,2025-08-24T19:16:46.8341248Z,,v3,5435,525,,"Simoneit, Will",686766,Right,YOR,08369ad8-f80a-4186-8636-b7c5682da128,54.75811,-130.84009,13.47902,5.92292,-0.36969,-14.86106,1.23971,0.19545,-1.29186,,,,,,,,,,,,,,,,,,,,,,,,,,,,,,,,,,,,,,,,,,,,,,,,,,,High,High,High,,,,,
221,2025-08-24,15:17:26.44,3,1,"Cellucci, Brendan",676454,Left,YOR,"Sedio, Chad",670466,Left,WES_POW,Undefined,8,Top,1,0,0,Undefined,Four-Seam,StrikeCalled,Undefined,Undefined,Undefined,0,0,,98.02174,-2.906744,2.869032,2545.924797,149.843913,11:00,5.77951,-1.3681,5.92005,-10.00981,19.34036,-10.6465,2.24217,0.40941,88.83063,-4.870852,0.960566,0.389921,,,,,,,,,,,,6.2754,11.04445,1.14406,50,5.54052,-6.61125,-141.97136,-7.46183,12.71739,34.65103,-9.79197,YOR,WES_POW,WellSpanPark,Independent,ATL,20250824-WellSpanPark-1,f73764d0-811e-11f0-b79a-67802afcc1e7,96.66685,,,9.19111,,,,,,,f3c3c493-67ac-49bb-a514-6db34fe3ed0b,2025-08-24,19:17:26.44,2025-08-24T15:17:26.4414208-04:00,2025-08-24T19:17:26.4414208Z,,v3,5435,525,,"Simoneit, Will",686766,Right,YOR,142b8a02-9cf2-4479-a5d5-e22b7ff6d2a6,54.57798,-143.08435,17.32552,5.77514,-7.14731,-4.89598,1.36298,-7.01973,6.35869,,,,,,,,,,,,,,,,,,,,,,,,,,,,,,,,,,,,,,,,,,,,,,,,,,,High,High,High,,,,,
222,2025-08-24,15:17:44.83,3,2,"Cellucci, Brendan",676454,Left,YOR,"Sedio, Chad",670466,Left,WES_POW,Undefined,8,Top,1,0,1,Undefined,Four-Seam,StrikeCalled,Undefined,Undefined,Undefined,0,0,,96.66531,-2.626488,3.365794,2581.877878,151.901558,11:00,5.77056,-1.28446,6.12192,-12.79402,17.07863,-8.5843,2.27034,1.1154,87.9172,-5.093495,1.822304,0.393376,,,,,,,,,,,,5.39012,9.86434,1.03079,50,5.56221,-7.85066,-140.06154,-6.79031,10.66214,32.87792,-12.6615,YOR,WES_POW,WellSpanPark,Independent,ATL,20250824-WellSpanPark-1,0231e900-811f-11f0-b79a-67802afcc1e7,95.8178,,,8.74811,,,,,,,f3c3c493-67ac-49bb-a514-6db34fe3ed0b,2025-08-24,19:17:44.83,2025-08-24T15:17:44.8398336-04:00,2025-08-24T19:17:44.8398336Z,,v3,5435,525,,"Simoneit, Will",686766,Right,YOR,544997cc-fa39-4dd2-ae34-46330e80237c,54.37668,-141.08518,16.43896,5.76749,-6.3961,-6.33075,1.28039,-8.18262,5.33107,,,,,,,,,,,,,,,,,,,,,,,,,,,,,,,,,,,,,,,,,,,,,,,,,,,High,High,High,,,,,
223,2025-08-24,15:18:36.85,3,3,"Cellucci, Brendan",676454,Left,YOR,"Sedio, Chad",670466,Left,WES_POW,Undefined,8,Top,1,0,2,Undefined,Slider,BallCalled,Undefined,Undefined,Undefined,0,0,,84.89417,-1.071527,1.573235,2713.823278,280.566257,3:15,5.58375,-1.62161,5.56839,-41.75175,-1.58095,16.56867,1.10298,1.22911,76.56326,-8.715186,4.532167,0.45617,,,,,,,,,,,,-7.81308,0.02831,1.47491,50,5.46429,-4.08125,-122.96665,-3.80127,-11.65969,30.14228,-32.13179,YOR,WES_POW,WellSpanPark,Independent,ATL,20250824-WellSpanPark-1,213c3ad0-811f-11f0-b79a-67802afcc1e7,82.62803,,,8.33091,,,,,,,f3c3c493-67ac-49bb-a514-6db34fe3ed0b,2025-08-24,19:18:36.85,2025-08-24T15:18:36.8580608-04:00,2025-08-24T19:18:36.8580608Z,,v3,5435,525,,"Simoneit, Will",686766,Right,YOR,2073c66e-b66c-42d2-849f-967009702074,54.92992,-124.16922,15.07114,5.59038,-2.51933,-16.0659,1.62845,-3.61607,-5.82985,,,,,,,,,,,,,,,,,,,,,,,,,,,,,,,,,,,,,,,,,,,,,,,,,,,High,High,High,,,,,
224,2025-08-24,15:18:57.54,3,4,"Cellucci, Brendan",676454,Left,YOR,"Sedio, Chad",670466,Left,WES_POW,Undefined,8,Top,1,1,2,Undefined,Four-Seam,FoulBallNotFieldable,Undefined,Undefined,Undefined,0,0,,98.41298,-2.798301,2.654341,2607.784521,144.621552,10:45,5.78741,-1.48652,6.01074,-12.72304,16.33107,-10.87528,2.12989,0.06803,89.09849,-5.25096,0.700445,0.387949,82.59812,14.528218,-150.530278,4470.303009,,,,,59.34272,,,6.3967,9.54615,1.28391,50,5.56044,-6.10681,-142.58735,-7.34847,13.04374,35.69996,-12.70809,YOR,WES_POW,WellSpanPark,Independent,ATL,20250824-WellSpanPark-1,2d875ae0-811f-11f0-b79a-67802afcc1e7,97.15814,13.43816,,9.31449,,,,0.50827,2.05877,-0.05352,f3c3c493-67ac-49bb-a514-6db34fe3ed0b,2025-08-24,19:18:57.54,2025-08-24T15:18:57.5419392-04:00,2025-08-24T19:18:57.5419392Z,,v3,5435,525,,"Simoneit, Will",686766,Right,YOR,913cf3bc-5464-4150-9806-51fd9d20531a,54.48801,-143.70664,17.84998,5.78459,-6.95004,-6.35405,1.48179,-6.51576,6.52187,90.473868,0.50827,-102.09716,8.28938,-0.75441,0.18138,-0.0393,0.01412,-0.00954,0.00387,2.05877,30.38972,-18.46134,1.96931,-0.32004,0.07735,-0.01785,0.00581,-0.00178,-0.05352,-57.69259,16.16465,-2.09747,0.42439,-0.08844,0.02016,-0.00704,0.00214,,,,,,,,,,,,,,,,,,,,,,,High,High,High,High,Undefined,,,
225,2025-08-24,15:19:21.48,3,5,"Cellucci, Brendan",676454,Left,YOR,"Sedio, Chad",670466,Left,WES_POW,Undefined,8,Top,1,1,2,Undefined,Slider,StrikeCalled,Strikeout,Undefined,Undefined,0,0,,88.68237,-0.848996,1.452268,2458.314302,248.208055,2:15,6.01866,-0.98746,5.79144,-31.3008,3.79319,7.19843,2.62017,0.96368,82.63067,-6.583261,2.742217,0.426371,,,,,,,,,,,,-3.35008,2.42449,0.8635,50,5.92974,-3.56916,-129.01576,-3.02597,-5.73768,22.77967,-28.02164,YOR,WES_POW,WellSpanPark,Independent,ATL,20250824-WellSpanPark-1,3bce9910-811f-11f0-b79a-67802afcc1e7,88.40289,,,6.0517,,,,,,,f3c3c493-67ac-49bb-a514-6db34fe3ed0b,2025-08-24,19:19:21.48,2025-08-24T15:19:21.4837760-04:00,2025-08-24T19:19:21.4837760Z,,v3,5435,525,,"Simoneit, Will",686766,Right,YOR,f77ea6e5-5644-4ee3-93bf-a67aadaebf9b,54.71077,-129.84485,11.38984,6.02132,-2.00609,-14.01082,0.98961,-3.36033,-2.86884,,,,,,,,,,,,,,,,,,,,,,,,,,,,,,,,,,,,,,,,,,,,,,,,,,,High,High,High,,,,,
226,2025-08-24,15:19:56.64,4,1,"Cellucci, Brendan",676454,Left,YOR,"Daniels, Zach",671113,Right,WES_POW,Undefined,8,Top,2,0,0,Undefined,Slider,StrikeCalled,Undefined,Undefined,Undefined,0,0,,87.86065,-1.345631,-0.309232,2548.231431,255.134124,2:30,5.97115,-0.87728,5.77085,-32.57325,2.94465,7.87776,2.0042,-0.50858,82.4929,-7.288211,1.103912,0.428938,,,,,,,,,,,,-4.10638,2.05862,0.89797,50,5.8398,0.36999,-127.93533,-4.16412,-6.96745,20.51359,-28.68112,YOR,WES_POW,WellSpanPark,Independent,ATL,20250824-WellSpanPark-1,50c3bda0-811f-11f0-b79a-67802afcc1e7,87.87379,,,5.36775,,,,,,,f3c3c493-67ac-49bb-a514-6db34fe3ed0b,2025-08-24,19:19:56.64,2025-08-24T15:19:56.6418944-04:00,2025-08-24T19:19:56.6418944Z,,v3,5435,525,,"Simoneit, Will",686766,Right,YOR,c9c48e3b-94bd-410c-a769-7f1eacb7e1cf,54.73245,-128.69191,10.25679,5.97387,-3.1063,-14.34056,0.87959,0.62696,-3.48372,,,,,,,,,,,,,,,,,,,,,,,,,,,,,,,,,,,,,,,,,,,,,,,,,,,High,High,High,,,,,
227,2025-08-24,15:20:14.92,4,2,"Cellucci, Brendan",676454,Left,YOR,"Daniels, Zach",671113,Right,WES_POW,Undefined,8,Top,2,0,1,Undefined,Slider,InPlay,Undefined,GroundBall,Out,1,0,,87.07542,-0.432562,0.704651,2481.917228,257.889894,2:30,6.08761,-1.05294,5.57843,-34.74466,2.07091,4.95024,2.78818,0.01773,80.80726,-6.777671,1.588887,0.436704,78.78644,-19.704429,-5.581207,,,,,8.2812,8.2812,-5.711001,0.070187,-2.35339,1.44008,0.98893,50,6.02732,-1.76332,-126.64326,-2.21582,-3.86736,22.9905,-29.80755,YOR,WES_POW,WellSpanPark,Independent,ATL,20250824-WellSpanPark-1,5ba78580-811f-11f0-b79a-67802afcc1e7,86.31119,2.74285,,6.26815,,,,0.61779,2.74285,-0.07922,f3c3c493-67ac-49bb-a514-6db34fe3ed0b,2025-08-24,19:20:14.92,2025-08-24T15:20:14.9293056-04:00,2025-08-24T19:20:14.9293056Z,GroundBall,v3,5435,525,,"Simoneit, Will",686766,Right,YOR,bebf54a5-ed83-43cc-a329-931240a87692,54.92399,-127.53402,11.49525,6.0908,-1.06094,-14.90378,1.05435,-1.61348,-1.93368,180,0.61407,108.60051,,,,,,,,2.74419,-39.07935,,,,,,,,-0.07885,-10.61241,,,,,,,,,,,,,,,,,,,,,,,,,,,,,,High,High,High,High,High,,,
228,2025-08-24,15:23:22.75,1,1,"Reyes, Samuel",672795,Right,WES_POW,"Higgins, Ryan",696287,Right,YOR,Undefined,8,Bottom,0,0,0,Undefined,Four-Seam,StrikeCalled,Undefined,Undefined,Undefined,0,0,,94.8851,-2.342688,-2.994081,2387.705184,228.884735,1:45,5.94385,0.88379,5.30704,-17.23088,14.57174,15.52044,2.30461,-0.63597,86.68644,-5.56054,-0.241997,0.405885,,,,,,,,,,,,-8.55764,8.24071,-0.62331,50,5.71857,6.43257,-137.46578,-6.25158,-16.39443,30.13515,-16.38679,YOR,WES_POW,WellSpanPark,Independent,ATL,20250824-WellSpanPark-1,cba087b0-811f-11f0-b79a-67802afcc1e7,92.86491,,,8.19866,,,,,,,f3c3c493-67ac-49bb-a514-6db34fe3ed0b,2025-08-24,19:23:22.75,2025-08-24T15:23:22.7584512-04:00,2025-08-24T19:23:22.7584512Z,,v3,5435,525,,"DeLuca, Joe",700593,Right,WES_POW,1c105777-95d2-4793-b04d-b0c6b7318277,55.19231,-138.59936,15.06758,5.94214,-5.63516,-8.1934,-0.87688,7.04928,-8.19721,,,,,,,,,,,,,,,,,,,,,,,,,,,,,,,,,,,,,,,,,,,,,,,,,,,High,High,High,,,,,
229,2025-08-24,15:23:43.41,1,2,"Reyes, Samuel",672795,Right,WES_POW,"Higgins, Ryan",696287,Right,YOR,Undefined,8,Bottom,0,0,1,Undefined,Four-Seam,StrikeSwinging,Undefined,Undefined,Undefined,0,0,,95.3637,-2.635548,-2.211376,2409.419135,213.369048,1:00,5.91728,0.78072,5.18189,-13.2545,18.84812,11.62981,2.32937,-0.33183,85.79143,-5.174328,-0.153082,0.407795,,,,,,,,,,,,-6.45563,10.54276,-0.58415,50,5.66253,4.73707,-137.91813,-6.77163,-12.25514,34.79759,-12.16008,YOR,WES_POW,WellSpanPark,Independent,ATL,20250824-WellSpanPark-1,d7ec1cf0-811f-11f0-b79a-67802afcc1e7,92.42994,,,9.57227,,,,,,,f3c3c493-67ac-49bb-a514-6db34fe3ed0b,2025-08-24,19:23:43.41,2025-08-24T15:23:43.4178048-04:00,2025-08-24T19:23:43.4178048Z,,v3,5435,525,,"DeLuca, Joe",700593,Right,WES_POW,7c958619-07fa-48e5-ab1b-73289048a08e,55.31421,-139.25248,17.3988,5.91325,-6.30534,-6.08004,-0.77481,5.207,-6.12757,,,,,,,,,,,,,,,,,,,,,,,,,,,,,,,,,,,,,,,,,,,,,,,,,,,High,High,High,,,,,
230,2025-08-24,15:24:09.23,1,3,"Reyes, Samuel",672795,Right,WES_POW,"Higgins, Ryan",696287,Right,YOR,Undefined,8,Bottom,0,0,2,Undefined,Slider,StrikeCalled,Strikeout,Undefined,Undefined,0,0,,85.22643,-0.266606,-0.138124,3147.704258,73.0045,8:30,5.89183,1.07963,4.89868,-43.12719,-2.74496,-13.56544,2.04573,-0.18147,77.43395,-8.063898,-2.532894,0.457369,,,,,,,,,,,,6.63788,-0.84618,-1.05414,50,5.8296,0.91852,-123.51829,-2.29053,10.12274,27.56227,-33.46447,YOR,WES_POW,WellSpanPark,Independent,ATL,20250824-WellSpanPark-1,e75c98e0-811f-11f0-b79a-67802afcc1e7,82.41147,,,7.79248,,,,,,,f3c3c493-67ac-49bb-a514-6db34fe3ed0b,2025-08-24,19:24:09.23,2025-08-24T15:24:09.2360000-04:00,2025-08-24T19:24:09.2360000Z,,v3,5435,525,,"DeLuca, Joe",700593,Right,WES_POW,3bf762e1-6408-45e9-91fc-d1ae84cc58d9,55.60079,-124.76181,13.78114,5.89888,-0.78073,-16.73223,-1.08528,0.46182,5.06137,,,,,,,,,,,,,,,,,,,,,,,,,,,,,52.01074,,,1.370068,,,,0.56863,6.0277,1.04493,71.03521,10.27743,-53.97356,0.60818,54.98884,-2.61459,6.14687,24.41434,-15.60936,0.95422,-45.08711,3.64113,High,High,High,,,High,High,High
231,2025-08-24,15:24:45.85,2,1,"Reyes, Samuel",672795,Right,WES_POW,"Alleyne, Bubba",804588,Left,YOR,Undefined,8,Bottom,1,0,0,Undefined,Four-Seam,InPlay,Undefined,LineDrive,Single,0,0,,95.72296,-2.216143,-1.926736,2456.248956,217.188399,1:15,5.88274,0.75162,5.25028,-14.30643,16.95458,12.10465,2.60581,-0.0509,87.44501,-4.912187,0.219031,0.402414,105.15904,9.600894,22.089757,1253.842422,100.8296,13.04758,43.97013,218.53692,218.38209,25.946929,1.803353,-6.64524,9.41965,-0.58434,50,5.6691,4.0911,-138.81674,-5.87582,-12.97192,30.9601,-13.78632,YOR,WES_POW,WellSpanPark,Independent,ATL,20250824-WellSpanPark-1,fd1dc000-811f-11f0-b79a-67802afcc1e7,93.66584,13.06404,,8.27796,,,,3.12339,2.77261,0.02801,f3c3c493-67ac-49bb-a514-6db34fe3ed0b,2025-08-24,19:24:45.85,2025-08-24T15:24:45.8521600-04:00,2025-08-24T19:24:45.8521600Z,LineDrive,v3,5435,525,,"DeLuca, Joe",700593,Right,WES_POW,6298b076-a02e-430c-b9f2-57694ade217a,55.25091,-139.98295,15.48005,5.88065,-5.35652,-6.89316,-0.74765,4.57973,-6.48596,247.70136,3.12339,140.91068,-25.29147,5.19341,-1.15893,0.23421,-0.04178,0.0053,-0.00032,2.77261,25.72334,-17.08817,1.43354,-0.26847,0.06032,-0.01234,0.00232,-0.00024,0.02802,57.18724,-1.43419,-0.94095,0.38865,-0.10509,0.01847,-0.00155,-2E-05,,,,,,,,,,,,,,,,,,,,,,,High,High,High,High,High,,,
232,2025-08-24,15:25:58.00,3,1,"Reyes, Samuel",672795,Right,WES_POW,"Wehler, Jeffrey",694292,Right,YOR,Undefined,8,Bottom,1,0,0,Undefined,Four-Seam,BallCalled,Undefined,Undefined,Undefined,0,0,,93.06721,-2.931196,-0.516923,2177.425485,219.468165,1:15,5.91084,0.64135,5.11591,-16.57288,17.02355,13.04174,1.76592,1.24118,84.32153,-6.040054,1.791088,0.417175,,,,,,,,,,,,-6.60804,9.69213,-0.60321,50,5.62247,0.57371,-134.72803,-7.47361,-12.03031,31.87011,-14.52894,YOR,WES_POW,WellSpanPark,Independent,ATL,20250824-WellSpanPark-1,2824ead0-8120-11f0-b79a-67802afcc1e7,90.35167,,,8.74568,,,,,,,f3c3c493-67ac-49bb-a514-6db34fe3ed0b,2025-08-24,19:25:58.00,2025-08-24T15:25:58.0021248-04:00,2025-08-24T19:25:58.0021248Z,,v3,5435,525,,"DeLuca, Joe",700593,Right,WES_POW,008127d1-a580-4f68-8b11-b85e645cb633,55.38135,-135.99504,15.93506,5.90811,-6.896,-7.26447,-0.63552,1.05198,-6.01515,,,,,,,,,,,,,,,,,,,,,,,,,,,,,,,,,,,,,,,,,,,,,,,,,,,High,High,High,,,,,
233,2025-08-24,15:26:22.21,3,2,"Reyes, Samuel",672795,Right,WES_POW,"Wehler, Jeffrey",694292,Right,YOR,Undefined,8,Bottom,1,1,0,Undefined,Four-Seam,BallCalled,Undefined,Undefined,Undefined,0,0,,94.78279,-1.222047,-1.926424,2311.136207,216.181894,1:15,5.94658,0.4542,5.35299,-15.50847,16.43107,11.22871,3.50722,-0.41756,85.98522,-4.156859,0.067653,0.406758,,,,,,,,,,,,-6.17177,8.90449,-0.28903,50,5.82589,4.07408,-137.40229,-3.45616,-11.73221,32.04923,-15.24712,YOR,WES_POW,WellSpanPark,Independent,ATL,20250824-WellSpanPark-1,369311f0-8120-11f0-b79a-67802afcc1e7,92.66556,,,8.79758,,,,,,,f3c3c493-67ac-49bb-a514-6db34fe3ed0b,2025-08-24,19:26:22.21,2025-08-24T15:26:22.2130000-04:00,2025-08-24T19:26:22.2130000Z,,v3,5435,525,,"DeLuca, Joe",700593,Right,WES_POW,6ab7f076-5127-44b4-afc4-aa2e86029758,55.14493,-138.59715,16.02462,5.94414,-2.88771,-7.62356,-0.44907,4.51148,-5.86611,,,,,,,,,,,,,,,,,,,,,,,,,,,,,76.78953,2.072302,0.768102,1.304199,-1.42564,3.29601,0.41159,-0.95931,5.9919,1.92247,127.27639,-1.22321,4.28075,-0.82883,110.59781,-9.59904,6.0283,10.82391,-12.59823,1.87038,-1.63164,2.71218,High,High,High,,,High,Medium,Medium
234,2025-08-24,15:27:05.42,3,3,"Reyes, Samuel",672795,Right,WES_POW,"Wehler, Jeffrey",694292,Right,YOR,Undefined,8,Bottom,1,2,0,Undefined,Slider,BallCalled,Undefined,Undefined,Undefined,0,0,,83.69959,1.282478,0.608774,2972.679139,74.85122,8:30,5.88182,0.77716,5.01431,-44.53309,-2.70925,-15.52753,3.38143,0.05779,75.58996,-6.818284,-2.135449,0.465461,,,,,,,,,,,,7.83221,-1.27032,-0.82252,50,5.96916,-0.58732,-121.24938,0.99298,11.47778,27.15579,-34.03565,YOR,WES_POW,WellSpanPark,Independent,ATL,20250824-WellSpanPark-1,50406760-8120-11f0-b79a-67802afcc1e7,80.97871,,,8.10963,,,,,,,f3c3c493-67ac-49bb-a514-6db34fe3ed0b,2025-08-24,19:27:05.42,2025-08-24T15:27:05.4253568-04:00,2025-08-24T19:27:05.4253568Z,,v3,5435,525,,"DeLuca, Joe",700593,Right,WES_POW,3a3ab378-0fe3-4600-854e-d540de9163eb,55.48431,-122.47152,13.57789,5.89,2.52474,-17.01783,-0.78447,-1.10387,5.73889,,,,,,,,,,,,,,,,,,,,,,,,,,,,,,,,,,,,,,,,,,,,,,,,,,,High,High,High,,,,,
235,2025-08-24,15:27:25.84,3,4,"Reyes, Samuel",672795,Right,WES_POW,"Wehler, Jeffrey",694292,Right,YOR,Undefined,8,Bottom,1,3,0,Undefined,Four-Seam,InPlay,Undefined,GroundBall,Out,1,0,,94.4787,-2.500351,-1.126209,2316.764238,219.658769,1:15,5.88265,0.64694,5.25203,-14.46556,17.99198,13.95678,2.32574,0.7516,85.38892,-5.248476,1.349279,0.410043,75.61327,-32.700784,-31.116744,,,,,5.11083,2.11189,-29.77366,0.037905,-7.34977,10.11654,-0.55452,50,5.64307,2.01592,-136.84109,-6.45556,-13.77438,33.46979,-13.21436,YOR,WES_POW,WellSpanPark,Independent,ATL,20250824-WellSpanPark-1,5c789bb0-8120-11f0-b79a-67802afcc1e7,91.9232,2.27744,,9.08978,,,,1.3992,2.27744,-0.70469,f3c3c493-67ac-49bb-a514-6db34fe3ed0b,2025-08-24,19:27:25.84,2025-08-24T15:27:25.8401280-04:00,2025-08-24T19:27:25.8401280Z,GroundBall,v3,5435,525,,"DeLuca, Joe",700593,Right,WES_POW,cc0ad891-df10-469a-8123-cfadef3fd230,55.24685,-138.11845,16.7349,5.87982,-5.95124,-6.60718,-0.64149,2.54161,-6.88719,,1.39782,80.12097,,,,,,,,2.27848,-60.08332,,,,,,,,-0.70385,-48.364,,,,,,,,,,,,,,,,,,,,,,,,,,,,,,High,High,High,Low,Low,,,
236,2025-08-24,15:28:10.72,4,1,"Reyes, Samuel",672795,Right,WES_POW,"Davis, Jaylin",664041,Right,YOR,Undefined,8,Bottom,2,0,0,Undefined,Slider,BallCalled,Undefined,Undefined,Undefined,0,0,,83.61127,1.175506,1.280894,3010.465589,72.159009,8:30,5.91438,0.72011,4.78878,-44.93624,-3.38618,-14.46229,3.28422,0.7291,76.78025,-6.919546,-1.26457,0.463935,,,,,,,,,,,,7.42496,-1.56445,-0.83479,50,5.99248,-2.05621,-121.31813,0.69825,11.09407,23.16705,-34.5116,YOR,WES_POW,WellSpanPark,Independent,ATL,20250824-WellSpanPark-1,772ed5a0-8120-11f0-b79a-67802afcc1e7,81.24505,,,6.83102,,,,,,,f3c3c493-67ac-49bb-a514-6db34fe3ed0b,2025-08-24,19:28:10.72,2025-08-24T15:28:10.7250688-04:00,2025-08-24T19:28:10.7250688Z,,v3,5435,525,,"DeLuca, Joe",700593,Right,WES_POW,93912ec3-81e0-4727-a29a-c59c4ab0172d,55.71272,-122.40418,11.58353,5.92182,2.31612,-17.2558,-0.72621,-2.57628,5.54703,,,,,,,,,,,,,,,,,,,,,,,,,,,,,,,,,,,,,,,,,,,,,,,,,,,High,High,High,,,,,
237,2025-08-24,15:28:27.06,4,2,"Reyes, Samuel",672795,Right,WES_POW,"Davis, Jaylin",664041,Right,YOR,Undefined,8,Bottom,2,1,0,Undefined,Curveball,BallCalled,Undefined,Undefined,Undefined,0,0,,83.09533,-0.417285,-0.639858,3058.759351,70.665592,8:15,5.8768,0.76014,4.95277,-46.18841,-4.37996,-16.06253,1.63345,-1.18302,76.7215,-8.719481,-3.47878,0.465375,,,,,,,,,,,,7.78071,-1.67158,-0.68425,50,5.79805,2.04788,-120.6549,-2.66624,11.48312,23.21606,-34.64102,YOR,WES_POW,WellSpanPark,Independent,ATL,20250824-WellSpanPark-1,81039e80-8120-11f0-b79a-67802afcc1e7,80.99361,,,6.37383,,,,,,,f3c3c493-67ac-49bb-a514-6db34fe3ed0b,2025-08-24,19:28:27.06,2025-08-24T15:28:27.0674944-04:00,2025-08-24T19:28:27.0674944Z,,v3,5435,525,,"DeLuca, Joe",700593,Right,WES_POW,de86e346-b2b0-4f9b-a820-00c60db6a5bb,55.54976,-121.71808,11.60803,5.88382,-1.07985,-17.32051,-0.76599,1.52201,5.74156,,,,,,,,,,,,,,,,,,,,,,,,,,,,,,,,,,,,,,,,,,,,,,,,,,,High,High,High,,,,,
238,2025-08-24,15:28:44.28,4,3,"Reyes, Samuel",672795,Right,WES_POW,"Davis, Jaylin",664041,Right,YOR,Undefined,8,Bottom,2,2,0,Undefined,Sinker,InPlay,Undefined,FlyBall,Out,1,0,,92.99858,-0.898921,-1.069336,2106.317072,241.454097,2:00,5.84417,0.48558,5.48801,-23.4619,9.00599,14.85532,3.04782,0.72299,85.85403,-5.222829,1.578142,0.410108,87.3667,47.404776,13.942324,4342.731294,105.21778,108.1813,32.08147,268.85208,267.78235,20.960201,5.814701,-7.80111,5.05469,-0.40239,50,5.74947,1.84989,-135.18262,-3.00075,-14.57586,26.78909,-22.7297,YOR,WES_POW,WellSpanPark,Independent,ATL,20250824-WellSpanPark-1,8b4532f0-8120-11f0-b79a-67802afcc1e7,91.90855,124.85199,,7.14455,,,,0.88196,3.08413,-0.71854,f3c3c493-67ac-49bb-a514-6db34fe3ed0b,2025-08-24,19:28:44.28,2025-08-24T15:28:44.2890752-04:00,2025-08-24T19:28:44.2890752Z,FlyBall,v3,5435,525,,"DeLuca, Joe",700593,Right,WES_POW,efd2d902-0e9e-49b9-8701-aa6372f92be5,55.01401,-136.17262,13.39455,5.84484,-2.16077,-11.36485,-0.48071,2.38855,-7.28793,192.897833,0.88831,84.0549,-19.5803,4.63608,-0.72018,0.05498,0.00149,-0.00051,2E-05,3.08268,94.34218,-21.69573,1.73708,-0.12378,-0.05857,0.0227,-0.00318,0.00016,-0.71801,20.88737,-1.08877,-0.00863,0.05832,-0.01559,0.00146,1E-05,-1E-05,,,,,,,,,,,,,,,,,,,,,,,High,High,High,High,Medium,,,
239,2025-08-24,15:31:54.46,1,1,"Robinson, Cam",676515,Right,YOR,"DeLuca, Joe",700593,Right,WES_POW,Undefined,9,Top,0,0,0,Undefined,Curveball,HitByPitch,Undefined,Undefined,Undefined,0,0,,82.32161,1.387786,-2.30545,2598.229963,39.240531,7:15,6.13033,1.0974,5.04458,-55.72377,-12.98276,-11.69327,2.79709,-2.05292,75.59044,-8.633166,-4.371192,0.470537,,,,,,,,,,,,5.17323,-6.5489,-0.86753,50,6.21747,5.30191,-119.40719,0.76404,7.43246,24.04271,-41.58296,YOR,WES_POW,WellSpanPark,Independent,ATL,20250824-WellSpanPark-1,fca39180-8120-11f0-b79a-67802afcc1e7,80.10515,,,6.73117,,,,,,,f3c3c493-67ac-49bb-a514-6db34fe3ed0b,2025-08-24,19:31:54.46,2025-08-24T15:31:54.4677888-04:00,2025-08-24T19:31:54.4677888Z,,v3,5435,525,,"Simoneit, Will",686766,Right,YOR,1f6208c0-1d79-468b-936f-00954879ada6,55.45961,-120.50147,12.02136,6.13962,2.65664,-20.79148,-1.10115,4.96363,3.71623,,,,,,,,,,,,,,,,,,,,,,,,,,,,,,,,,,,,,,,,,,,,,,,,,,,High,High,High,,,,,
240,2025-08-24,15:32:40.90,2,1,"Robinson, Cam",676515,Right,YOR,"Alonso, Alan",836017,Right,WES_POW,Undefined,9,Top,0,0,0,Undefined,Cutter,BallCalled,Undefined,Undefined,Undefined,0,0,,94.95522,-0.518058,-1.743354,2270.650114,154.721741,11:15,6.01331,1.13509,5.71205,-22.54131,8.75666,-3.65819,3.65199,-0.79444,86.53759,-4.714195,-2.397283,0.402652,,,,,,,,,,,,1.34693,4.91244,-0.98689,50,5.95609,4.36562,-137.79827,-2.0724,2.58144,31.54996,-22.75928,YOR,WES_POW,WellSpanPark,Independent,ATL,20250824-WellSpanPark-1,184d5330-8121-11f0-b79a-67802afcc1e7,93.61057,,,8.41764,,,,,,,f3c3c493-67ac-49bb-a514-6db34fe3ed0b,2025-08-24,19:32:40.90,2025-08-24T15:32:40.9051136-04:00,2025-08-24T19:32:40.9051136Z,,v3,5435,525,,"Simoneit, Will",686766,Right,YOR,f4734544-39a9-4105-a8b3-cf1eaa8bd54d,54.78578,-138.88968,15.77498,6.01417,-1.28508,-11.37964,-1.13637,4.27632,1.29072,,,,,,,,,,,,,,,,,,,,,,,,,,,,,,,,,,,,,,,,,,,,,,,,,,,High,High,High,,,,,
241,2025-08-24,15:32:58.36,2,2,"Robinson, Cam",676515,Right,YOR,"Alonso, Alan",836017,Right,WES_POW,Undefined,9,Top,0,1,0,Undefined,Cutter,StrikeCalled,Undefined,Undefined,Undefined,0,0,,94.8407,-0.804241,-1.70225,2257.322961,159.815669,11:15,6.07635,0.87667,5.57058,-23.81793,7.82138,-2.48811,3.33989,-0.92123,86.21879,-5.221316,-2.145983,0.404842,,,,,,,,,,,,0.7476,4.51547,-0.7283,50,5.99159,4.20623,-137.55693,-2.83211,1.42333,32.32374,-23.57719,YOR,WES_POW,WellSpanPark,Independent,ATL,20250824-WellSpanPark-1,22b33880-8121-11f0-b79a-67802afcc1e7,93.10417,,,8.62191,,,,,,,f3c3c493-67ac-49bb-a514-6db34fe3ed0b,2025-08-24,19:32:58.36,2025-08-24T15:32:58.3639552-04:00,2025-08-24T19:32:58.3639552Z,,v3,5435,525,,"Simoneit, Will",686766,Right,YOR,aefc6ebf-ecb7-4a56-940c-8cdfad67afcc,54.92713,-138.7099,16.16187,6.07761,-1.99113,-11.7886,-0.87743,4.15546,0.71167,,,,,,,,,,,,,,,,,,,,,,,,,,,,,,,,,,,,,,,,,,,,,,,,,,,High,High,High,,,,,
242,2025-08-24,15:33:18.49,2,3,"Robinson, Cam",676515,Right,YOR,"Alonso, Alan",836017,Right,WES_POW,Undefined,9,Top,0,1,1,Undefined,Curveball,FoulBallNotFieldable,Undefined,Undefined,Undefined,0,0,,84.22893,0.104653,-1.150656,2877.333118,43.196212,7:30,5.99411,1.24204,4.88015,-51.56507,-10.65201,-11.17725,1.79606,-0.77824,77.59668,-9.134372,-3.123868,0.460365,,,,,,,,,,,,5.22111,-4.97299,-1.11899,50,5.96013,2.94918,-122.26521,-1.83567,7.88787,24.54559,-39.68711,YOR,WES_POW,WellSpanPark,Independent,ATL,20250824-WellSpanPark-1,2eb47e50-8121-11f0-b79a-67802afcc1e7,81.8751,,,6.63225,,,,,,,f3c3c493-67ac-49bb-a514-6db34fe3ed0b,2025-08-24,19:33:18.49,2025-08-24T15:33:18.4919552-04:00,2025-08-24T19:33:18.4919552Z,,v3,5435,525,,"Simoneit, Will",686766,Right,YOR,844b908e-50cd-4b74-bdfd-1ff58aaa6153,55.62342,-123.38899,12.2728,6.00258,-0.01866,-19.84355,-1.24575,2.58804,3.94393,,,,,,,,,,,,,,,,,,,,,,,,,,,,,,,,,,,,,,,,,,,,,,,,,,,High,High,High,,,,,
243,2025-08-24,15:33:48.70,2,4,"Robinson, Cam",676515,Right,YOR,"Alonso, Alan",836017,Right,WES_POW,Undefined,9,Top,0,1,2,Undefined,Cutter,StrikeSwinging,Strikeout,Undefined,Undefined,0,0,,95.94748,-0.477644,-0.671406,2458.792974,163.8436,11:30,6.20609,0.88402,5.51239,-21.95111,8.82666,-2.27599,3.93013,0.06648,87.62392,-4.549357,-1.077105,0.399291,,,,,,,,,,,,0.95689,4.88555,-0.82393,50,6.14985,1.74198,-139.29797,-1.99984,1.87967,31.36981,-22.5773,YOR,WES_POW,WellSpanPark,Independent,ATL,20250824-WellSpanPark-1,40b62c70-8121-11f0-b79a-67802afcc1e7,94.39832,,,8.32356,,,,,,,f3c3c493-67ac-49bb-a514-6db34fe3ed0b,2025-08-24,19:33:48.70,2025-08-24T15:33:48.7065600-04:00,2025-08-24T19:33:48.7065600Z,,v3,5435,525,,"Simoneit, Will",686766,Right,YOR,09c53c52-0cfa-429e-84dd-419ddc0f9562,54.98613,-140.41635,15.68491,6.2068,-1.19493,-11.28865,-0.88484,1.67497,0.93983,,,,,,,,,,,,,,,,,,,,,,,,,,,,,,,,,,,,,,,,,,,,,,,,,,,High,High,High,,,,,
244,2025-08-24,15:34:21.23,3,1,"Robinson, Cam",676515,Right,YOR,"Blackwell, Benjamin",701295,Right,WES_POW,Undefined,9,Top,1,0,0,Undefined,Curveball,StrikeCalled,Undefined,Undefined,Undefined,0,0,,83.15101,1.653109,0.82743,2905.599951,53.834431,7:45,6.03162,1.31379,4.90663,-52.632,-10.60851,-16.3341,3.20956,0.73517,76.13848,-7.820775,-2.055668,0.46657,,,,,,,,,,,,8.27213,-5.27355,-1.38038,50,6.14887,-1.01348,-120.64864,1.39016,12.15213,24.20328,-39.92111,YOR,WES_POW,WellSpanPark,Independent,ATL,20250824-WellSpanPark-1,540430b0-8121-11f0-b79a-67802afcc1e7,80.78616,,,7.01253,,,,,,,f3c3c493-67ac-49bb-a514-6db34fe3ed0b,2025-08-24,19:34:21.23,2025-08-24T15:34:21.2381184-04:00,2025-08-24T19:34:21.2381184Z,,v3,5435,525,,"Simoneit, Will",686766,Right,YOR,6c58ed7b-485b-46d9-a6cb-2dcecaa971d9,55.59654,-121.76618,12.10164,6.04213,3.23344,-19.96056,-1.32063,-1.57458,6.07607,,,,,,,,,,,,,,,,,,,,,,,,,,,,,,,,,,,,,,,,,,,,,,,,,,,High,High,High,,,,,
245,2025-08-24,15:34:36.96,3,2,"Robinson, Cam",676515,Right,YOR,"Blackwell, Benjamin",701295,Right,WES_POW,Undefined,9,Top,1,0,1,Undefined,Curveball,BallCalled,Undefined,Undefined,Undefined,0,0,,84.52538,-1.805053,-0.754714,2934.664259,52.354553,7:45,6.19117,1.02935,4.80877,-51.06684,-10.26611,-14.92182,0.22477,-0.9292,78.20059,-10.892278,-3.390944,0.459733,,,,,,,,,,,,7.20363,-4.26614,-0.94055,50,5.96664,2.27303,-122.63703,-5.91566,10.9373,24.94243,-38.65133,YOR,WES_POW,WellSpanPark,Independent,ATL,20250824-WellSpanPark-1,5d7555c0-8121-11f0-b79a-67802afcc1e7,81.98771,,,6.32479,,,,,,,f3c3c493-67ac-49bb-a514-6db34fe3ed0b,2025-08-24,19:34:36.96,2025-08-24T15:34:36.9606144-04:00,2025-08-24T19:34:36.9606144Z,,v3,5435,525,,"Simoneit, Will",686766,Right,YOR,19e0c88e-7d91-4136-932b-61c15f1985b4,55.69534,-123.78995,12.47121,6.19879,-4.12907,-19.32566,-1.03394,1.76747,5.46865,,,,,,,,,,,,,,,,,,,,,,,,,,,,,,,,,,,,,,,,,,,,,,,,,,,High,High,High,,,,,
246,2025-08-24,15:35:06.72,3,3,"Robinson, Cam",676515,Right,YOR,"Blackwell, Benjamin",701295,Right,WES_POW,Undefined,9,Top,1,1,1,Undefined,Curveball,BallCalled,Undefined,Undefined,Undefined,0,0,,82.12161,3.10254,-0.950972,2751.491824,35.938549,7:15,6.09801,1.17589,5.00662,-58.38137,-15.08292,-11.98772,4.16482,-0.72085,74.60111,-7.429405,-3.067418,0.473596,,,,,,,,,,,,5.61048,-7.93024,-1.07445,50,6.34866,2.50252,-118.969,4.16298,7.95618,25.07025,-43.41983,YOR,WES_POW,WellSpanPark,Independent,ATL,20250824-WellSpanPark-1,6f23dad0-8121-11f0-b79a-67802afcc1e7,79.5878,,,7.5205,,,,,,,f3c3c493-67ac-49bb-a514-6db34fe3ed0b,2025-08-24,19:35:06.72,2025-08-24T15:35:06.7235840-04:00,2025-08-24T19:35:06.7235840Z,,v3,5435,525,,"Simoneit, Will",686766,Right,YOR,823035ed-246d-4d4a-a2be-1afe3cbaf984,55.49632,-120.12165,12.53513,6.11137,6.15929,-21.70992,-1.1811,2.13672,3.97809,,,,,,,,,,,,,,,,,,,,,,,,,,,,,,,,,,,,,,,,,,,,,,,,,,,High,High,High,,,,,
247,2025-08-24,15:35:29.84,3,4,"Robinson, Cam",676515,Right,YOR,"Blackwell, Benjamin",701295,Right,WES_POW,Undefined,9,Top,1,2,1,Undefined,Cutter,StrikeCalled,Undefined,Undefined,Undefined,0,0,,93.9917,-2.228258,-1.231991,2557.395345,153.106152,11:00,5.98282,0.82777,5.85737,-19.11777,12.68705,-5.90717,2.31786,-0.80932,85.75295,-5.814071,-2.29149,0.405899,,,,,,,,,,,,2.65579,7.44493,-0.72434,50,5.79073,3.1989,-136.37071,-5.94782,4.98168,31.08141,-18.20888,YOR,WES_POW,WellSpanPark,Independent,ATL,20250824-WellSpanPark-1,7cfd8a20-8121-11f0-b79a-67802afcc1e7,92.86165,,,8.23876,,,,,,,f3c3c493-67ac-49bb-a514-6db34fe3ed0b,2025-08-24,19:35:29.84,2025-08-24T15:35:29.8452480-04:00,2025-08-24T19:35:29.8452480Z,,v3,5435,525,,"Simoneit, Will",686766,Right,YOR,17a23831-86fb-44af-a0ff-a5fb60d727eb,54.64106,-137.42442,15.5407,5.98191,-5.33051,-9.10444,-0.82993,3.03001,2.49084,,,,,,,,,,,,,,,,,,,,,,,,,,,,,,,,,,,,,,,,,,,,,,,,,,,High,High,High,,,,,
248,2025-08-24,15:35:52.66,3,5,"Robinson, Cam",676515,Right,YOR,"Blackwell, Benjamin",701295,Right,WES_POW,Undefined,9,Top,1,2,2,Undefined,Four-Seam,BallCalled,Undefined,Undefined,Undefined,0,0,,96.01882,-0.35545,-1.966602,2668.672378,155.563003,11:15,6.17746,1.0052,5.36173,-21.69793,9.22721,-3.75311,4.03577,-1.15247,87.73113,-4.368503,-2.632884,0.400246,,,,,,,,,,,,1.33441,5.02469,-0.82576,50,6.13027,4.96646,-139.3115,-1.70963,2.62303,31.22769,-22.29706,YOR,WES_POW,WellSpanPark,Independent,ATL,20250824-WellSpanPark-1,8a980d90-8121-11f0-b79a-67802afcc1e7,94.17316,,,8.28769,,,,,,,f3c3c493-67ac-49bb-a514-6db34fe3ed0b,2025-08-24,19:35:52.66,2025-08-24T15:35:52.6679040-04:00,2025-08-24T19:35:52.6679040Z,,v3,5435,525,,"Simoneit, Will",686766,Right,YOR,e890d15d-c12e-422e-9b07-fd5c65733892,55.13712,-140.45831,15.61384,6.17802,-0.8908,-11.14853,-1.00638,4.87013,1.31152,,,,,,,,,,,,,,,,,,,,,,,,,,,,,,,,,,,,,,,,,,,,,,,,,,,High,High,High,,,,,
249,2025-08-24,15:36:12.70,3,6,"Robinson, Cam",676515,Right,YOR,"Blackwell, Benjamin",701295,Right,WES_POW,Undefined,9,Top,1,3,2,Undefined,Cutter,StrikeCalled,Strikeout,Undefined,Undefined,0,0,,94.48556,-2.416123,-0.618996,2514.640153,152.429727,11:00,6.04664,1.16749,5.72257,-19.76859,11.69245,-5.59398,2.14728,0.12473,86.67222,-6.09651,-1.620356,0.403699,,,,,,,,,,,,2.67563,6.91055,-1.11231,50,5.83258,1.73696,-137.14883,-6.48352,5.10585,29.79851,-18.98686,YOR,WES_POW,WellSpanPark,Independent,ATL,20250824-WellSpanPark-1,9685f270-8121-11f0-b79a-67802afcc1e7,93.36762,,,7.81333,,,,,,,f3c3c493-67ac-49bb-a514-6db34fe3ed0b,2025-08-24,19:36:12.70,2025-08-24T15:36:12.7035392-04:00,2025-08-24T19:36:12.7035392Z,,v3,5435,525,,"Simoneit, Will",686766,Right,YOR,164c470b-be04-4aef-99ac-75abbac4696d,54.77685,-138.18281,14.89926,6.04612,-5.8247,-9.49343,-1.1695,1.55979,2.55292,,,,,,,,,,,,,,,,,,,,,,,,,,,,,,,,,,,,,,,,,,,,,,,,,,,High,High,High,,,,,
250,2025-08-24,15:36:58.64,4,1,"Robinson, Cam",676515,Right,YOR,"Moorer, Demetrius",693884,Right,WES_POW,Undefined,9,Top,2,0,0,Undefined,Curveball,StrikeCalled,Undefined,Undefined,Undefined,0,0,,83.46852,1.053167,-0.78761,2833.39085,20.013292,6:45,5.98318,1.23281,5.02746,-55.06775,-13.37146,-5.36882,2.38816,0.04218,76.28092,-8.865163,-1.7381,0.464751,,,,,,,,,,,,2.41181,-6.47945,-1.153,50,6.03952,1.90299,-121.08825,0.04569,3.55089,25.49059,-41.71372,YOR,WES_POW,WellSpanPark,Independent,ATL,20250824-WellSpanPark-1,b1f73f00-8121-11f0-b79a-67802afcc1e7,81.10248,,,7.1876,,,,,,,f3c3c493-67ac-49bb-a514-6db34fe3ed0b,2025-08-24,19:36:58.64,2025-08-24T15:36:58.6471424-04:00,2025-08-24T19:36:58.6471424Z,,v3,5435,525,,"Simoneit, Will",686766,Right,YOR,c091897c-ffef-4508-98bf-5447c1d8f5b8,55.4747,-122.23531,12.7453,5.99523,1.92278,-20.85686,-1.23504,1.74321,1.77545,,,,,,,,,,,,,,,,,,,,,,,,,,,,,,,,,,,,,,,,,,,,,,,,,,,High,High,High,,,,,
251,2025-08-24,15:37:19.11,4,2,"Robinson, Cam",676515,Right,YOR,"Moorer, Demetrius",693884,Right,WES_POW,Undefined,9,Top,2,0,1,Undefined,Curveball,BallCalled,Undefined,Undefined,Undefined,0,0,,82.80173,-0.746043,-0.789675,2870.088708,39.587962,7:15,5.93085,0.99408,5.16413,-55.72846,-13.49666,-12.30442,0.58453,-0.77458,76.00723,-10.759499,-2.977672,0.467726,,,,,,,,,,,,5.91926,-6.1441,-0.91056,50,5.81816,2.17646,-120.15938,-3.68617,8.55639,25.73784,-41.05541,YOR,WES_POW,WellSpanPark,Independent,ATL,20250824-WellSpanPark-1,be238c70-8121-11f0-b79a-67802afcc1e7,80.58662,,,6.79451,,,,,,,f3c3c493-67ac-49bb-a514-6db34fe3ed0b,2025-08-24,19:37:19.11,2025-08-24T15:37:19.1103488-04:00,2025-08-24T19:37:19.1103488Z,,v3,5435,525,,"Simoneit, Will",686766,Right,YOR,52d87f7f-1f7d-436f-951b-3c739bab944c,55.33933,-121.29766,12.86892,5.94103,-1.87046,-20.52771,-0.99845,1.79805,4.2782,,,,,,,,,,,,,,,,,,,,,,,,,,,,,,,,,,,,,,,,,,,,,,,,,,,High,High,High,,,,,
252,2025-08-24,15:37:45.03,4,3,"Robinson, Cam",676515,Right,YOR,"Moorer, Demetrius",693884,Right,WES_POW,Undefined,9,Top,2,1,1,Undefined,Curveball,BallCalled,Undefined,Undefined,Undefined,0,0,,82.87251,-0.246535,0.133563,2915.987234,38.334529,7:15,6.04257,1.14036,5.00164,-55.31751,-13.18394,-11.46469,1.20004,0.31106,76.36143,-10.164794,-1.898793,0.467181,,,,,,,,,,,,5.74855,-6.12496,-1.1434,50,5.97338,0.21236,-120.33413,-2.67081,8.3923,24.29997,-41.11586,YOR,WES_POW,WellSpanPark,Independent,ATL,20250824-WellSpanPark-1,cd94a4a0-8121-11f0-b79a-67802afcc1e7,80.68053,,,6.51108,,,,,,,f3c3c493-67ac-49bb-a514-6db34fe3ed0b,2025-08-24,19:37:45.03,2025-08-24T15:37:45.0384896-04:00,2025-08-24T19:37:45.0384896Z,,v3,5435,525,,"Simoneit, Will",686766,Right,YOR,1a90d872-c418-4371-bc2d-f3c73a6dc13d,55.50244,-121.44019,12.14998,6.05235,-0.79933,-20.55793,-1.14437,-0.16964,4.19615,,,,,,,,,,,,,,,,,,,,,,,,,,,,,,,,,,,,,,,,,,,,,,,,,,,High,High,High,,,,,
253,2025-08-24,15:38:06.62,4,4,"Robinson, Cam",676515,Right,YOR,"Moorer, Demetrius",693884,Right,WES_POW,Undefined,9,Top,2,2,1,Undefined,Cutter,InPlay,Undefined,GroundBall,Out,1,0,,93.69169,-1.487875,-1.263187,2395.234299,130.840533,10:15,5.99161,1.34536,5.5527,-25.87186,6.43559,-6.25237,2.44468,-0.35621,85.68491,-6.254165,-2.378667,0.409094,63.47024,-76.760874,12.190633,,,,,2.3411,2.3411,11.496039,0.027228,2.8215,3.97705,-1.23177,50,5.8458,3.28262,-135.98231,-4.51261,5.26827,30.59837,-24.74817,YOR,WES_POW,WellSpanPark,Independent,ATL,20250824-WellSpanPark-1,da69b530-8121-11f0-b79a-67802afcc1e7,92.13645,2.47832,,8.00678,,,,1.72421,2.47832,0.34346,f3c3c493-67ac-49bb-a514-6db34fe3ed0b,2025-08-24,19:38:06.62,2025-08-24T15:38:06.6243072-04:00,2025-08-24T19:38:06.6243072Z,GroundBall,v3,5435,525,,"Simoneit, Will",686766,Right,YOR,2837aaa5-ec98-4dc1-b065-1457f81e281b,54.94771,-137.09111,15.29918,5.99307,-3.61581,-12.37409,-1.34727,3.09171,2.63414,,1.7238,20.93162,,,,,,,,2.48011,-91.02158,,,,,,,,0.34337,4.52199,,,,,,,,,,,,,,,,,,,,,,,,,,,,,,High,High,High,Estimated,Estimated,,,