PitchNo,Date,Time,PAofInning,PitchofPA,Pitcher,PitcherId,PitcherThrows,PitcherTeam,Batter,BatterId,BatterSide,BatterTeam,PitcherSet,Inning,Top/Bottom,Outs,Balls,Strikes,TaggedPitchType,AutoPitchType,PitchCall,KorBB,TaggedHitType,PlayResult,OutsOnPlay,RunsScored,Notes,RelSpeed,VertRelAngle,HorzRelAngle,SpinRate,SpinAxis,Tilt,RelHeight,RelSide,Extension,VertBreak,InducedVertBreak,HorzBreak,PlateLocHeight,PlateLocSide,ZoneSpeed,VertApprAngle,HorzApprAngle,ZoneTime,ExitSpeed,Angle,Direction,HitSpinRate,PositionAt110X,PositionAt110Y,PositionAt110Z,Distance,LastTrackedDistance,Bearing,HangTime,pfxx,pfxz,x0,y0,z0,vx0,vy0,vz0,ax0,ay0,az0,HomeTeam,AwayTeam,Stadium,Level,League,GameID,PitchUID,EffectiveVelo,MaxHeight,MeasuredDuration,SpeedDrop,PitchLastMeasuredX,PitchLastMeasuredY,PitchLastMeasuredZ,ContactPositionX,ContactPositionY,ContactPositionZ,GameUID,UTCDate,UTCTime,LocalDateTime,UTCDateTime,AutoHitType,System,HomeTeamForeignID,AwayTeamForeignID,GameForeignID,Catcher,CatcherId,CatcherThrows,CatcherTeam,PlayID,PitchTrajectoryXc0,PitchTrajectoryXc1,PitchTrajectoryXc2,PitchTrajectoryYc0,PitchTrajectoryYc1,PitchTrajectoryYc2,PitchTrajectoryZc0,PitchTrajectoryZc1,PitchTrajectoryZc2,HitSpinAxis,HitTrajectoryXc0,HitTrajectoryXc1,HitTrajectoryXc2,HitTrajectoryXc3,HitTrajectoryXc4,HitTrajectoryXc5,HitTrajectoryXc6,HitTrajectoryXc7,HitTrajectoryXc8,HitTrajectoryYc0,HitTrajectoryYc1,HitTrajectoryYc2,HitTrajectoryYc3,HitTrajectoryYc4,HitTrajectoryYc5,HitTrajectoryYc6,HitTrajectoryYc7,HitTrajectoryYc8,HitTrajectoryZc0,HitTrajectoryZc1,HitTrajectoryZc2,HitTrajectoryZc3,HitTrajectoryZc4,HitTrajectoryZc5,HitTrajectoryZc6,HitTrajectoryZc7,HitTrajectoryZc8,ThrowSpeed,PopTime,ExchangeTime,TimeToBase,CatchPositionX,CatchPositionY,CatchPositionZ,ThrowPositionX,ThrowPositionY,ThrowPositionZ,BasePositionX,BasePositionY,BasePositionZ,ThrowTrajectoryXc0,ThrowTrajectoryXc1,ThrowTrajectoryXc2,ThrowTrajectoryYc0,ThrowTrajectoryYc1,ThrowTrajectoryYc2,ThrowTrajectoryZc0,ThrowTrajectoryZc1,ThrowTrajectoryZc2,PitchReleaseConfidence,PitchLocationConfidence,PitchMovementConfidence,HitLaunchConfidence,HitLandingConfidence,CatcherThrowCatchConfidence,CatcherThrowReleaseConfidence,CatcherThrowLocationConfidence
1,2025-08-08,10:31:05.64,1,1,"Scott, Wesley",669417,Right,STA_YAN,"Ward, Nick",682187,Left,LAN,Undefined,1,Top,0,0,0,Undefined,Changeup,StrikeCalled,Undefined,Undefined,Undefined,0,0,,86.55306,0.898401,-3.956237,1947.064088,270.208053,3:00,4.54839,2.56157,5.10906,-37.40041,1.17512,19.15741,2.2802,0.42473,78.95177,-5.909031,-0.57549,0.44702,,,,,,,,,,,,-10.62005,0.7048,-2.20396,50,4.604,7.80243,-125.34699,0.51963,-16.8828,25.52673,-31.05364,STA_YAN,LAN,StatenIslandYankees,Independent,ATL,20250808-StatenIslandYankees-1,51331820-7464-11f0-8056-7d20f596a496,84.31927,,,7.60128,,,,,,,74ae92c6-097b-4c67-a4fc-76e9cf9e5798,2025-08-08,14:31:05.64,2025-08-08T10:31:05.6462336-04:00,2025-08-08T14:31:05.6462336Z,,v3,586,1889,,"Martorano, Brandon",668785,Right,STA_YAN,97835945-fe28-4be8-b5d3-ff4c2633b853,55.39128,-126.44015,12.76336,4.55328,1.84947,-15.52682,-2.55357,8.52542,-8.4414,,,,,,,,,,,,,,,,,,,,,,,,,,,,,,,,,,,,,,,,,,,,,,,,,,,High,High,High,,,,,
2,2025-08-08,10:31:19.45,1,2,"Scott, Wesley",669417,Right,STA_YAN,"Ward, Nick",682187,Left,LAN,Undefined,1,Top,0,0,1,Undefined,Sinker,BallCalled,Undefined,Undefined,Undefined,0,0,,90.1589,0.672579,-1.215277,2197.511078,267.163873,3:00,4.60532,2.41566,4.76048,-33.86466,2.15272,19.60942,2.4212,2.89724,82.04858,-5.470196,2.232646,0.431944,,,,,,,,,,,,-9.90627,1.24382,-2.31174,50,4.64329,1.79861,-130.7041,0.10413,-17.05878,28.71926,-30.03215,STA_YAN,LAN,StatenIslandYankees,Independent,ATL,20250808-StatenIslandYankees-1,596ca790-7464-11f0-8056-7d20f596a496,87.26232,,,8.11032,,,,,,,74ae92c6-097b-4c67-a4fc-76e9cf9e5798,2025-08-08,14:31:19.45,2025-08-08T10:31:19.4514432-04:00,2025-08-08T14:31:19.4514432Z,,v3,586,1889,,"Martorano, Brandon",668785,Right,STA_YAN,d7498137-db03-4662-8eb2-4c9700d0fd77,55.7381,-131.95889,14.35963,4.61007,1.41629,-15.01607,-2.40661,2.54394,-8.52939,,,,,,,,,,,,,,,,,,,,,,,,,,,,,,,,,,,,,,,,,,,,,,,,,,,High,High,High,,,,,
3,2025-08-08,10:31:33.29,1,3,"Scott, Wesley",669417,Right,STA_YAN,"Ward, Nick",682187,Left,LAN,Undefined,1,Top,0,1,1,Undefined,Slider,BallCalled,Undefined,Undefined,Undefined,0,0,,76.66048,0.4311,1.207693,2600.772838,91.4859,9:00,4.70047,2.39104,4.53556,-48.23184,2.32646,-21.78422,1.09173,1.72577,69.72759,-8.261471,-2.610788,0.511761,,,,,,,,,,,,10.96969,1.51425,-2.49498,50,4.70014,-1.41154,-111.0332,-0.93674,13.53705,22.01151,-30.30539,STA_YAN,LAN,StatenIslandYankees,Independent,ATL,20250808-StatenIslandYankees-1,61b7c330-7464-11f0-8056-7d20f596a496,73.65238,,,6.93289,,,,,,,74ae92c6-097b-4c67-a4fc-76e9cf9e5798,2025-08-08,14:31:33.29,2025-08-08T10:31:33.2902400-04:00,2025-08-08T14:31:33.2902400Z,,v3,586,1889,,"Martorano, Brandon",668785,Right,STA_YAN,ce6bfaad-d525-4d4a-8a55-3f7e27d402e2,55.96343,-112.20918,11.00575,4.70694,0.68235,-15.15269,-2.40025,-2.13476,6.76852,,,,,,,,,,,,,,,,,,,,,,,,,,,,,,,,,,,,,,,,,,,,,,,,,,,High,High,High,,,,,
4,2025-08-08,10:31:48.80,1,4,"Scott, Wesley",669417,Right,STA_YAN,"Ward, Nick",682187,Left,LAN,Undefined,1,Top,0,2,1,Undefined,Sinker,FoulBallNotFieldable,Undefined,Undefined,Undefined,0,0,,88.91458,0.844315,-2.675387,2083.677937,272.715783,3:00,4.48235,2.34904,5.12594,-36.26833,0.24157,19.89115,2.25614,1.48499,81.02266,-5.762439,0.842809,0.434887,68.02357,48.978933,-78.915814,3855.603878,5.76626,69.30314,-109.84873,196.5449,83.5118,-91.300194,3.963653,-10.69418,0.20669,-2.11393,50,4.53347,5.11002,-128.92271,0.46035,-17.93945,27.63055,-31.82735,STA_YAN,LAN,StatenIslandYankees,Independent,ATL,20250808-StatenIslandYankees-1,6b0819d0-7464-11f0-8056-7d20f596a496,86.67177,69.31768,,7.89192,,,,0.95251,2.39942,-1.45707,74ae92c6-097b-4c67-a4fc-76e9cf9e5798,2025-08-08,14:31:48.80,2025-08-08T10:31:48.8031232-04:00,2025-08-08T14:31:48.8031232Z,Popup,v3,586,1889,,"Martorano, Brandon",668785,Right,STA_YAN,e67d1dfe-4d0a-45a8-9de6-f94e57a843f0,55.37488,-130.06955,13.81528,4.48695,1.78138,-15.91367,-2.34148,5.85462,-8.96972,,0.95453,12.54055,-8.23358,2.05889,-0.28327,0.06429,-0.04941,0.01519,-0.00146,2.39752,75.32717,-24.90802,3.27702,-1.274,0.54359,-0.16361,0.02658,-0.00173,-1.45568,-64.30256,5.27177,-1.12585,0.73868,-0.43877,0.15104,-0.02549,0.00164,,,,,,,,,,,,,,,,,,,,,,,High,High,High,Medium,Low,,,
5,2025-08-08,10:32:11.52,1,5,"Scott, Wesley",669417,Right,STA_YAN,"Ward, Nick",682187,Left,LAN,Undefined,1,Top,0,2,2,Undefined,Slider,FoulBallNotFieldable,Undefined,Undefined,Undefined,0,0,,79.16712,0.238191,-0.388646,2544.915694,107.598907,9:30,4.64004,2.38875,5.22065,-39.13593,6.42839,-15.91603,1.60267,0.69701,72.875,-6.901298,-3.211103,0.485829,81.47322,51.89151,-31.155262,,80.11191,104.81003,-75.37948,224.93646,122.55589,-49.648751,5.245693,7.90087,3.53792,-2.34028,50,4.63264,1.41386,-114.97818,-0.85674,10.59818,20.91048,-27.4283,STA_YAN,LAN,StatenIslandYankees,Independent,ATL,20250808-StatenIslandYankees-1,789c82c0-7464-11f0-8056-7d20f596a496,77.58368,107.64366,,6.29212,,,,1.42428,2.34524,-1.65003,74ae92c6-097b-4c67-a4fc-76e9cf9e5798,2025-08-08,14:32:11.52,2025-08-08T10:32:11.5299328-04:00,2025-08-08T14:32:11.5299328Z,FlyBall,v3,586,1889,,"Martorano, Brandon",668785,Right,STA_YAN,9db3c3a8-80d3-471b-b373-9e82fae9958b,55.27987,-115.93443,10.45524,4.64314,0.39757,-13.71415,-2.39385,0.9292,5.29909,148.398543,1.45386,62.46938,-17.06862,1.20493,2.54857,-1.50275,0.38727,-0.04808,0.00233,2.32929,94.29261,-26.19322,3.56496,-0.89378,0.12987,0.00904,-0.00499,0.0004,-1.63475,-38.45003,0.64136,-0.51579,0.89674,-0.45084,0.10711,-0.01235,0.00055,,,,,,,,,,,,,,,,,,,,,,,High,High,High,Medium,Low,,,
6,2025-08-08,10:32:47.42,1,6,"Scott, Wesley",669417,Right,STA_YAN,"Ward, Nick",682187,Left,LAN,Undefined,1,Top,0,2,2,Undefined,Slider,BallCalled,Undefined,Undefined,Undefined,0,0,,77.94659,1.64549,2.408891,2560.369335,98.84751,9:15,4.61614,2.42002,4.99539,-43.37345,4.93634,-20.518,2.55704,2.98584,70.29963,-6.290561,-1.210639,0.500252,,,,,,,,,,,,10.78764,2.48217,-2.63476,50,4.74007,-3.8677,-112.78589,1.71987,13.70098,23.19342,-29.02153,STA_YAN,LAN,StatenIslandYankees,Independent,ATL,20250808-StatenIslandYankees-1,8de370d0-7464-11f0-8056-7d20f596a496,75.34687,,,7.64696,,,,,,,74ae92c6-097b-4c67-a4fc-76e9cf9e5798,2025-08-08,14:32:47.42,2025-08-08T10:32:47.4285568-04:00,2025-08-08T14:32:47.4285568Z,,v3,586,1889,,"Martorano, Brandon",668785,Right,STA_YAN,64d3a3d8-06a9-4ba3-aab2-04ec888d9ad1,55.50079,-113.91146,11.59671,4.62243,3.12827,-14.51076,-2.43093,-4.53261,6.85049,,,,,,,,,,,,,,,,,,,,,,,,,,,,,,,,,,,,,,,,,,,,,,,,,,,High,High,High,,,,,
7,2025-08-08,10:33:04.71,1,7,"Scott, Wesley",669417,Right,STA_YAN,"Ward, Nick",682187,Left,LAN,Undefined,1,Top,0,3,2,Undefined,Changeup,BallCalled,Walk,Undefined,Undefined,0,0,,87.67281,1.4722,-1.843346,1936.889892,275.641371,3:15,4.64644,2.35046,5.29312,-38.30187,-0.61831,19.7758,2.83794,2.26706,79.09417,-5.547489,1.666846,0.441822,,,,,,,,,,,,-10.37083,-0.3226,-2.19725,50,4.75297,3.17126,-127.02311,1.77672,-16.71163,29.35064,-32.69391,STA_YAN,LAN,StatenIslandYankees,Independent,ATL,20250808-StatenIslandYankees-1,982c3130-7464-11f0-8056-7d20f596a496,85.31135,,,8.57864,,,,,,,74ae92c6-097b-4c67-a4fc-76e9cf9e5798,2025-08-08,14:33:04.71,2025-08-08T10:33:04.7152640-04:00,2025-08-08T14:33:04.7152640Z,,v3,586,1889,,"Martorano, Brandon",668785,Right,STA_YAN,29b369a5-534f-46a0-bcfa-3e51b8f2b3e5,55.2045,-128.22005,14.67532,4.65333,3.11,-16.34696,-2.34048,3.85277,-8.35581,,,,,,,,,,,,,,,,,,,,,,,,,,,,,,,,,,,,,,,,,,,,,,,,,,,High,High,High,,,,,
8,2025-08-08,10:33:41.55,2,1,"Scott, Wesley",669417,Right,STA_YAN,"Martin, Mason",676733,Left,LAN,Undefined,1,Top,0,0,0,Undefined,Slider,BallCalled,Undefined,Undefined,Undefined,0,0,,78.661,0.622125,0.318839,2567.286216,104.51632,9:30,4.62039,2.37955,5.04096,-41.31742,6.02733,-16.65072,1.76418,1.29277,71.04591,-6.943436,-2.624707,0.49523,,,,,,,,,,,,8.30319,3.31055,-2.39617,50,4.64733,0.06978,-113.93396,-0.20366,10.73552,24.12934,-27.8937,STA_YAN,LAN,StatenIslandYankees,Independent,ATL,20250808-StatenIslandYankees-1,ae2976f0-7464-11f0-8056-7d20f596a496,76.11093,,,7.6151,,,,,,,74ae92c6-097b-4c67-a4fc-76e9cf9e5798,2025-08-08,14:33:41.55,2025-08-08T10:33:41.5571968-04:00,2025-08-08T14:33:41.5571968Z,,v3,586,1889,,"Martorano, Brandon",668785,Right,STA_YAN,2f861dbe-7a01-4b4f-a4ff-2d0135b29e2e,55.45505,-115.08346,12.06467,4.62538,1.12515,-13.94685,-2.38731,-0.44165,5.36776,,,,,,,,,,,,,,,,,,,,,,,,,,,,,,,,,,,,,,,,,,,,,,,,,,,High,High,High,,,,,
9,2025-08-08,10:33:59.00,2,2,"Scott, Wesley",669417,Right,STA_YAN,"Martin, Mason",676733,Left,LAN,Undefined,1,Top,0,1,0,Undefined,Slider,BallCalled,Undefined,Undefined,Undefined,0,0,,78.10767,0.448906,1.828581,2558.654942,112.468419,9:45,4.55125,2.33637,5.20343,-38.47254,9.16745,-18.03328,1.76763,2.55396,70.61899,-6.636332,-1.367406,0.496772,,,,,,,,,,,,9.52225,4.93977,-2.49164,50,4.56437,-2.87019,-113.14408,-0.39468,12.17389,23.29234,-25.85871,STA_YAN,LAN,StatenIslandYankees,Independent,ATL,20250808-StatenIslandYankees-1,b89094c0-7464-11f0-8056-7d20f596a496,75.87469,,,7.48868,,,,,,,74ae92c6-097b-4c67-a4fc-76e9cf9e5798,2025-08-08,14:33:59.00,2025-08-08T10:33:59.0028288-04:00,2025-08-08T14:33:59.0028288Z,,v3,586,1889,,"Martorano, Brandon",668785,Right,STA_YAN,b41134f0-c8fc-4015-aed3-dd05c857e1e2,55.29298,-114.22851,11.64617,4.55472,0.80924,-12.92935,-2.34482,-3.43698,6.08695,,,,,,,,,,,,,,,,,,,,,,,,,,,,,,,,,,,,,,,,,,,,,,,,,,,High,High,High,,,,,
10,2025-08-08,10:34:17.55,2,3,"Scott, Wesley",669417,Right,STA_YAN,"Martin, Mason",676733,Left,LAN,Undefined,1,Top,0,2,0,Undefined,Sinker,BallCalled,Undefined,Undefined,Undefined,0,0,,89.54642,1.336246,-1.529551,2087.512405,269.060044,3:00,4.45165,2.4001,5.24013,-34.39931,1.51461,19.96328,2.8416,2.62579,81.33795,-4.961795,2.010334,0.431323,,,,,,,,,,,,-10.37733,0.73268,-2.27479,50,4.5491,2.53628,-129.86991,1.67492,-17.61281,28.78016,-30.93051,STA_YAN,LAN,StatenIslandYankees,Independent,ATL,20250808-StatenIslandYankees-1,c394dcf0-7464-11f0-8056-7d20f596a496,87.3879,,,8.20847,,,,,,,74ae92c6-097b-4c67-a4fc-76e9cf9e5798,2025-08-08,14:34:17.55,2025-08-08T10:34:17.5566848-04:00,2025-08-08T14:34:17.5566848Z,,v3,586,1889,,"Martorano, Brandon",668785,Right,STA_YAN,22914490-cc59-4561-ae48-d2e7b055c9ce,55.25911,-131.03018,14.39008,4.45644,2.92189,-15.46526,-2.39136,3.24634,-8.8064,,,,,,,,,,,,,,,,,,,,,,,,,,,,,,,,,,,,,,,,,,,,,,,,,,,High,High,High,,,,,
11,2025-08-08,10:34:36.77,2,4,"Scott, Wesley",669417,Right,STA_YAN,"Martin, Mason",676733,Left,LAN,Undefined,1,Top,0,3,0,Undefined,Changeup,StrikeCalled,Undefined,Undefined,Undefined,0,0,,88.78721,0.360837,-2.316374,1941.877577,264.541957,2:45,4.4304,1.92641,5.3775,-33.53033,2.6526,15.70587,1.97476,1.06253,81.10552,-5.783158,0.475473,0.432935,,,,,,,,,,,,-8.53788,1.57579,-1.73043,50,4.43903,4.50669,-128.82961,-0.46354,-14.33084,27.07997,-29.52907,STA_YAN,LAN,StatenIslandYankees,Independent,ATL,20250808-StatenIslandYankees-1,cf2649f0-7464-11f0-8056-7d20f596a496,87.0625,,,7.68169,,,,,,,74ae92c6-097b-4c67-a4fc-76e9cf9e5798,2025-08-08,14:34:36.77,2025-08-08T10:34:36.7739392-04:00,2025-08-08T14:34:36.7739392Z,,v3,586,1889,,"Martorano, Brandon",668785,Right,STA_YAN,7fc3535c-23ba-42fb-ab8b-7c5675d1ecf2,55.12226,-129.90184,13.53999,4.43424,0.70567,-14.76454,-1.92011,5.07412,-7.16542,,,,,,,,,,,,,,,,,,,,,,,,,,,,,,,,,,,,,,,,,,,,,,,,,,,High,High,High,,,,,
12,2025-08-08,10:34:54.01,2,5,"Scott, Wesley",669417,Right,STA_YAN,"Martin, Mason",676733,Left,LAN,Undefined,1,Top,0,3,1,Undefined,Changeup,FoulBallNotFieldable,Undefined,Undefined,Undefined,0,0,,88.84421,0.912914,-2.87758,1987.309419,267.143387,3:00,4.383,2.03038,5.32994,-34.21014,1.99441,17.00525,2.38989,0.7452,81.12301,-5.348079,0.139797,0.433065,67.46943,49.010561,-161.017206,4506.903104,-102.84313,56.80351,-39.02928,202.95028,80.32285,-155.352514,3.443113,-9.40489,1.0387,-1.78321,50,4.44074,5.72631,-128.86963,0.75122,-15.80403,26.96808,-30.42862,STA_YAN,LAN,StatenIslandYankees,Independent,ATL,20250808-StatenIslandYankees-1,d9679040-7464-11f0-8056-7d20f596a496,87.03649,57.74052,,7.7212,,,,2.74282,2.60573,-0.7436,74ae92c6-097b-4c67-a4fc-76e9cf9e5798,2025-08-08,14:34:54.01,2025-08-08T10:34:54.0112896-04:00,2025-08-08T14:34:54.0112896Z,Popup,v3,586,1889,,"Martorano, Brandon",668785,Right,STA_YAN,59b3a119-7a3a-4922-ab50-803e96126bb2,55.1713,-129.9473,13.48404,4.38642,1.96718,-15.21431,-2.02466,6.35786,-7.90201,9.714483,2.7426,-61.37151,1.64767,0.38807,-0.14688,-0.01927,0.03525,-0.01024,0.00095,2.60651,74.66766,-29.95887,3.75867,-0.34792,-0.1688,0.08013,-0.01325,0.00077,-0.74352,-21.11185,2.59953,-2.13016,0.47548,0.04323,-0.07077,0.01865,-0.00161,,,,,,,,,,,,,,,,,,,,,,,High,High,High,High,Low,,,
13,2025-08-08,10:35:41.19,2,6,"Scott, Wesley",669417,Right,STA_YAN,"Martin, Mason",676733,Left,LAN,Undefined,1,Top,0,3,2,Undefined,Slider,BallCalled,Walk,Undefined,Undefined,0,0,,79.56922,-1.151209,-3.599852,2531.740863,82.167121,8:45,4.48266,2.19193,5.57192,-44.91061,-0.03835,-10.32843,-0.33747,-2.03572,73.45707,-9.302871,-5.438683,0.482126,,,,,,,,,,,,4.2813,0.61469,-1.87425,50,4.35338,7.64276,-115.35791,-3.80217,5.75084,22.09383,-31.34836,STA_YAN,LAN,StatenIslandYankees,Independent,ATL,20250808-StatenIslandYankees-1,f573e450-7464-11f0-8056-7d20f596a496,78.17966,,,6.11214,,,,,,,74ae92c6-097b-4c67-a4fc-76e9cf9e5798,2025-08-08,14:35:41.19,2025-08-08T10:35:41.1985408-04:00,2025-08-08T14:35:41.1985408Z,,v3,586,1889,,"Martorano, Brandon",668785,Right,STA_YAN,50bfd9d9-7726-4ece-93e0-de29818818a7,54.92987,-116.29827,11.04691,4.48681,-2.46792,-15.67418,-2.19433,7.39799,2.87542,,,,,,,,,,,,,,,,,,,,,,,,,,,,,,,,,,,,,,,,,,,,,,,,,,,High,High,High,,,,,
14,2025-08-08,10:36:18.40,3,1,"Scott, Wesley",669417,Right,STA_YAN,"Carpenter, Joseph",696515,Right,LAN,Undefined,1,Top,0,0,0,Undefined,Sinker,StrikeCalled,Undefined,Undefined,Undefined,0,0,,89.11212,-0.367492,-3.214094,2020.087084,254.64091,2:30,4.41678,2.32411,5.35821,-30.06663,6.26835,18.17332,1.56604,0.82121,80.62121,-5.91243,0.012082,0.433844,,,,,,,,,,,,-10.12378,3.6224,-2.04853,50,4.36249,6.42498,-129.06609,-1.94942,-16.88894,29.62197,-26.13098,STA_YAN,LAN,StatenIslandYankees,Independent,ATL,20250808-StatenIslandYankees-1,0bb5ad20-7465-11f0-8056-7d20f596a496,86.88011,,,8.49091,,,,,,,74ae92c6-097b-4c67-a4fc-76e9cf9e5798,2025-08-08,14:36:18.40,2025-08-08T10:36:18.4090624-04:00,2025-08-08T14:36:18.4090624Z,,v3,586,1889,,"Martorano, Brandon",668785,Right,STA_YAN,9e855993-85d5-4b7a-86fb-f7ef339f49ef,55.14045,-130.24053,14.81098,4.41924,-0.91339,-13.06549,-2.31654,7.09459,-8.44447,,,,,,,,,,,,,,,,,,,,,,,,,,,,,,,,,,,,,,,,,,,,,,,,,,,High,High,High,,,,,
15,2025-08-08,10:36:45.97,3,2,"Scott, Wesley",669417,Right,STA_YAN,"Carpenter, Joseph",696515,Right,LAN,Undefined,1,Top,0,0,1,Undefined,Sinker,BallCalled,Undefined,Undefined,Undefined,0,0,,90.56985,-0.487891,-4.296262,2048.935042,266.045246,2:45,4.369,2.29311,5.23824,-33.02773,2.60851,18.53147,1.15682,-0.20822,81.44623,-6.546411,-1.018576,0.429653,,,,,,,,,,,,-10.71855,1.81142,-1.91199,50,4.2995,8.97574,-130.91763,-2.41107,-18.27625,32.16068,-29.0854,STA_YAN,LAN,StatenIslandYankees,Independent,ATL,20250808-StatenIslandYankees-1,1c212ae0-7465-11f0-8056-7d20f596a496,87.7277,,,9.12362,,,,,,,74ae92c6-097b-4c67-a4fc-76e9cf9e5798,2025-08-08,14:36:45.97,2025-08-08T10:36:45.9709440-04:00,2025-08-08T14:36:45.9709440Z,,v3,586,1889,,"Martorano, Brandon",668785,Right,STA_YAN,2b06a3f2-dbec-443c-9513-f5ec044c76bb,55.26062,-132.20361,16.08034,4.37266,-1.24805,-14.5427,-2.28551,9.70654,-9.13812,,,,,,,,,,,,,,,,,,,,,,,,,,,,,,,,,,,,,,,,,,,,,,,,,,,High,High,High,,,,,
16,2025-08-08,10:37:03.84,3,3,"Scott, Wesley",669417,Right,STA_YAN,"Carpenter, Joseph",696515,Right,LAN,Undefined,1,Top,0,1,1,Undefined,Slider,StrikeCalled,Undefined,Undefined,Undefined,0,0,,79.69002,0.707583,-0.36461,2689.92368,85.328987,8:45,4.53463,2.27608,5.11045,-46.15353,-0.13165,-21.75135,1.35518,0.11996,72.1453,-7.699419,-4.215427,0.488263,,,,,,,,,,,,10.78371,0.10929,-2.22365,50,4.56527,1.62749,-115.50547,-0.20904,14.29983,25.21402,-32.02914,STA_YAN,LAN,StatenIslandYankees,Independent,ATL,20250808-StatenIslandYankees-1,26cfd900-7465-11f0-8056-7d20f596a496,77.19702,,,7.54472,,,,,,,74ae92c6-097b-4c67-a4fc-76e9cf9e5798,2025-08-08,14:37:03.84,2025-08-08T10:37:03.8448128-04:00,2025-08-08T14:37:03.8448128Z,,v3,586,1889,,"Martorano, Brandon",668785,Right,STA_YAN,423b5e1b-3361-435e-ab97-04f6ceda68a0,55.38961,-116.67605,12.60701,4.54046,1.27794,-16.01457,-2.28379,0.96361,7.14991,,,,,,,,,,,,,,,,,,,,,,,,,,,,,,,,,,,,,,,,,,,,,,,,,,,High,High,High,,,,,
17,2025-08-08,10:37:22.70,3,4,"Scott, Wesley",669417,Right,STA_YAN,"Carpenter, Joseph",696515,Right,LAN,Undefined,1,Top,0,1,2,Undefined,Slider,StrikeCalled,Strikeout,Undefined,Undefined,0,0,,81.09418,1.137627,0.003671,2617.357241,92.250688,9:00,4.52908,2.39333,5.15967,-41.96522,2.19004,-16.84804,2.10293,0.99279,73.51337,-6.534261,-2.980713,0.478258,,,,,,,,,,,,8.40772,1.16378,-2.38009,50,4.60325,0.70123,-117.56472,0.83382,11.61843,24.91818,-30.56584,STA_YAN,LAN,StatenIslandYankees,Independent,ATL,20250808-StatenIslandYankees-1,320ce470-7465-11f0-8056-7d20f596a496,78.81187,,,7.5808,,,,,,,74ae92c6-097b-4c67-a4fc-76e9cf9e5798,2025-08-08,14:37:22.70,2025-08-08T10:37:22.7064832-04:00,2025-08-08T14:37:22.7064832Z,,v3,586,1889,,"Martorano, Brandon",668785,Right,STA_YAN,aebc5c5c-2822-4196-a8cd-40a46e33baf8,55.33909,-118.69096,12.45909,4.53434,2.21532,-15.28292,-2.39991,0.1761,5.80922,,,,,,,,,,,,,,,,,,,,,,,,,,,,,,,,,,,,,,,,,,,,,,,,,,,High,High,High,,,,,
18,2025-08-08,10:37:54.37,4,1,"Scott, Wesley",669417,Right,STA_YAN,"Campagna, Joe",690523,Right,LAN,Undefined,1,Top,1,0,0,Undefined,Slider,HitByPitch,Undefined,Undefined,Undefined,0,0,,78.5635,1.752082,1.94375,2510.659042,103.617617,9:30,4.55825,2.23648,4.92381,-41.09246,6.2178,-19.09414,2.79174,2.48359,71.33127,-5.750381,-1.420401,0.49505,,,,,,,,,,,,10.22839,2.88866,-2.40853,50,4.69492,-3.09963,-113.84798,2.05475,13.31225,22.53274,-28.41446,STA_YAN,LAN,StatenIslandYankees,Independent,ATL,20250808-StatenIslandYankees-1,44d6c490-7465-11f0-8056-7d20f596a496,76.13866,,,7.23223,,,,,,,74ae92c6-097b-4c67-a4fc-76e9cf9e5798,2025-08-08,14:37:54.37,2025-08-08T10:37:54.3713280-04:00,2025-08-08T14:37:54.3713280Z,,v3,586,1889,,"Martorano, Brandon",668785,Right,STA_YAN,9c9e7f8b-5fc8-4935-a309-564b3b2f78d2,55.57781,-114.94663,11.26637,4.56095,3.44019,-14.20723,-2.24157,-3.74871,6.65612,,,,,,,,,,,,,,,,,,,,,,,,,,,,,,,,,,,,,,,,,,,,,,,,,,,High,High,High,,,,,
19,2025-08-08,10:38:35.66,5,1,"Scott, Wesley",669417,Right,STA_YAN,"Lucky, Nick",681879,Left,LAN,Undefined,1,Top,1,0,0,Undefined,Sinker,StrikeSwinging,Undefined,Undefined,Undefined,0,0,,90.07263,0.393926,-3.041855,2059.596089,258.590935,2:30,4.45612,2.32749,5.06551,-30.95962,5.03618,18.63143,2.24812,1.00922,81.29019,-5.285704,0.247568,0.431815,,,,,,,,,,,,-10.13804,2.76028,-2.05371,50,4.46941,6.03174,-130.38128,-0.33145,-17.24778,30.39425,-27.47802,STA_YAN,LAN,StatenIslandYankees,Independent,ATL,20250808-StatenIslandYankees-1,5d68bef0-7465-11f0-8056-7d20f596a496,87.28849,,,8.78244,,,,,,,74ae92c6-097b-4c67-a4fc-76e9cf9e5798,2025-08-08,14:38:35.66,2025-08-08T10:38:35.6684800-04:00,2025-08-08T14:38:35.6684800Z,,v3,586,1889,,"Martorano, Brandon",668785,Right,STA_YAN,fffc0ace-6cf3-4642-9878-8916ea2b7148,55.43195,-131.64147,15.19713,4.45953,0.80783,-13.73901,-2.31862,6.74686,-8.62389,,,,,,,,,,,,,,,,,,,,,,,,,,,,,,,,,,,,,,,,,,,,,,,,,,,High,High,High,,,,,
20,2025-08-08,10:38:52.45,5,2,"Scott, Wesley",669417,Right,STA_YAN,"Lucky, Nick",681879,Left,LAN,Undefined,1,Top,1,0,1,Undefined,Sinker,BallCalled,Undefined,Undefined,Undefined,0,0,,90.52386,-1.14592,-3.166691,2130.426496,254.525447,2:30,4.46629,2.38745,5.12699,-29.24832,6.18359,17.93517,0.94787,0.89651,82.18793,-6.505166,0.004913,0.428419,,,,,,,,,,,,-9.96312,3.74918,-2.10471,50,4.33597,6.42447,-131.10082,-3.76692,-17.19467,29.88319,-25.70361,STA_YAN,LAN,StatenIslandYankees,Independent,ATL,20250808-StatenIslandYankees-1,67869ec0-7465-11f0-8056-7d20f596a496,87.98029,,,8.33593,,,,,,,74ae92c6-097b-4c67-a4fc-76e9cf9e5798,2025-08-08,14:38:52.45,2025-08-08T10:38:52.4538368-04:00,2025-08-08T14:38:52.4538368Z,,v3,586,1889,,"Martorano, Brandon",668785,Right,STA_YAN,9701c01a-1884-44e9-b020-a511b2ab39fe,55.37304,-132.31989,14.94159,4.46825,-2.71836,-12.8518,-2.3811,7.12591,-8.59733,,,,,,,,,,,,,,,,,,,,,,,,,,,,,,,,,,,,,,,,,,,,,,,,,,,High,High,High,,,,,
21,2025-08-08,10:39:11.08,5,3,"Scott, Wesley",669417,Right,STA_YAN,"Lucky, Nick",681879,Left,LAN,Undefined,1,Top,1,1,1,Undefined,Sinker,InPlay,Undefined,GroundBall,Single,0,1,,90.49281,-0.13369,-4.169041,2087.484762,254.460105,2:30,4.48449,2.20781,5.1845,-29.77572,5.59213,15.81048,1.87706,-0.40395,82.15832,-5.593936,-1.376885,0.428032,89.34417,3.937136,-26.561584,2565.961413,,,,78.39047,75.24211,-28.19511,0.665324,-9.13532,3.16335,-1.83257,50,4.44954,8.81093,-130.96029,-1.46572,-15.77485,29.12621,-26.7116,STA_YAN,LAN,StatenIslandYankees,Independent,ATL,20250808-StatenIslandYankees-1,72a5c1f0-7465-11f0-8056-7d20f596a496,88.05994,2.68335,,8.33449,,,,-0.02977,1.54527,0.6301,74ae92c6-097b-4c67-a4fc-76e9cf9e5798,2025-08-08,14:39:11.08,2025-08-08T10:39:11.0801920-04:00,2025-08-08T14:39:11.0801920Z,GroundBall,v3,586,1889,,"Martorano, Brandon",668785,Right,STA_YAN,bce36e2a-737e-4ad3-a9f2-59c1159c3c77,55.3148,-132.13704,14.5631,4.48696,-0.38653,-13.3558,-2.20142,9.44826,-7.88742,86.511878,0.02026,115.90848,-18.285,,,,,,,1.56854,8.52326,-16.40293,,,,,,,0.63248,-58.50855,2.8357,,,,,,,,,,,,,,,,,,,,,,,,,,,,,High,High,High,High,High,,,
22,2025-08-08,10:39:56.33,6,1,"Scott, Wesley",669417,Right,STA_YAN,"Watson, Kevin",675982,Left,LAN,Undefined,1,Top,1,0,0,Undefined,Slider,StrikeCalled,Undefined,Undefined,Undefined,0,0,,79.22419,1.468115,-0.201985,2442.905202,91.575613,9:00,4.64991,2.43995,5.22741,-44.11459,2.17862,-19.75115,2.35416,0.60414,71.65704,-6.611739,-3.703848,0.4897,,,,,,,,,,,,9.7317,1.12839,-2.40618,50,4.75269,1.22772,-114.8067,1.40564,12.78842,24.31168,-30.69124,STA_YAN,LAN,StatenIslandYankees,Independent,ATL,20250808-StatenIslandYankees-1,8da057e0-7465-11f0-8056-7d20f596a496,76.97047,,,7.56715,,,,,,,74ae92c6-097b-4c67-a4fc-76e9cf9e5798,2025-08-08,14:39:56.33,2025-08-08T10:39:56.3389952-04:00,2025-08-08T14:39:56.3389952Z,,v3,586,1889,,"Martorano, Brandon",668785,Right,STA_YAN,a38956e2-401b-46b7-94fa-cdb999e552a3,55.27018,-115.91735,12.15584,4.65645,2.80773,-15.34562,-2.44892,0.6435,6.39421,,,,,,,,,,,,,,,,,,,,,,,,,,,,,,,,,,,,,,,,,,,,,,,,,,,High,High,High,,,,,
23,2025-08-08,10:40:13.82,6,2,"Scott, Wesley",669417,Right,STA_YAN,"Watson, Kevin",675982,Left,LAN,Undefined,1,Top,1,0,1,Undefined,Slider,BallCalled,Undefined,Undefined,Undefined,0,0,,80.59918,0.65907,0.390489,2484.948699,109.083378,9:45,4.63054,2.21105,5.03516,-37.49908,7.51705,-17.08942,2.12745,1.15534,72.838,-6.220538,-2.629418,0.482898,,,,,,,,,,,,8.545,3.99918,-2.23412,50,4.66404,-0.05712,-116.76423,0.0154,11.62837,24.91816,-26.73181,STA_YAN,LAN,StatenIslandYankees,Independent,ATL,20250808-StatenIslandYankees-1,97f9e120-7465-11f0-8056-7d20f596a496,78.05464,,,7.76118,,,,,,,74ae92c6-097b-4c67-a4fc-76e9cf9e5798,2025-08-08,14:40:13.82,2025-08-08T10:40:13.8277376-04:00,2025-08-08T14:40:13.8277376Z,,v3,586,1889,,"Martorano, Brandon",668785,Right,STA_YAN,d6139211-6f8d-4cc3-a329-d7a863e336e2,55.46112,-117.92391,12.45908,4.63437,1.25948,-13.3659,-2.21887,-0.59829,5.81418,,,,,,,,,,,,,,,,,,,,,,,,,,,,,,,,,,,,,,,,,,,,,,,,,,,High,High,High,,,,,
24,2025-08-08,10:40:32.53,6,3,"Scott, Wesley",669417,Right,STA_YAN,"Watson, Kevin",675982,Left,LAN,Undefined,1,Top,1,1,1,Undefined,Sinker,BallCalled,Undefined,Undefined,Undefined,0,0,,90.3301,-0.681498,-3.632546,2030.010756,255.150817,2:30,4.41855,2.22512,5.23024,-29.37513,6.27445,18.82029,1.32867,0.37418,81.51744,-6.089894,-0.301129,0.429733,,,,,,,,,,,,-10.59725,3.69973,-1.90507,50,4.33393,7.42868,-130.71513,-2.68303,-18.08704,31.03247,-25.85946,STA_YAN,LAN,StatenIslandYankees,Independent,ATL,20250808-StatenIslandYankees-1,a3358d00-7465-11f0-8056-7d20f596a496,87.71134,,,8.81265,,,,,,,74ae92c6-097b-4c67-a4fc-76e9cf9e5798,2025-08-08,14:40:32.53,2025-08-08T10:40:32.5361152-04:00,2025-08-08T14:40:32.5361152Z,,v3,586,1889,,"Martorano, Brandon",668785,Right,STA_YAN,8f49893e-de39-4493-b88a-5561b262fd42,55.26873,-131.96003,15.51624,4.42076,-1.64565,-12.92973,-2.21763,8.15426,-9.04352,,,,,,,,,,,,,,,,,,,,,,,,,,,,,,,,,,,,,,,,,,,,,,,,,,,High,High,High,,,,,
25,2025-08-08,10:40:58.29,6,4,"Scott, Wesley",669417,Right,STA_YAN,"Watson, Kevin",675982,Left,LAN,Undefined,1,Top,1,2,1,Undefined,Sinker,StrikeSwinging,Undefined,Undefined,Undefined,0,0,,90.34923,1.334067,-2.995403,1967.286581,261.379678,2:45,4.38625,2.44501,5.18071,-31.5684,4.06937,18.52422,3.01272,1.16776,81.42317,-4.468357,0.280924,0.429662,,,,,,,,,,,,-10.08296,2.00311,-2.18079,50,4.4868,5.95299,-130.77474,1.80289,-17.25642,30.59814,-28.74584,STA_YAN,LAN,StatenIslandYankees,Independent,ATL,20250808-StatenIslandYankees-1,b27004d0-7465-11f0-8056-7d20f596a496,87.72583,,,8.92607,,,,,,,74ae92c6-097b-4c67-a4fc-76e9cf9e5798,2025-08-08,14:40:58.29,2025-08-08T10:40:58.2977536-04:00,2025-08-08T14:40:58.2977536Z,,v3,586,1889,,"Martorano, Brandon",668785,Right,STA_YAN,a3acf4f9-d5d2-4f21-92ed-d8fa12163a3c,55.31644,-132.0128,15.29907,4.39032,2.966,-14.37292,-2.43579,6.65121,-8.62821,,,,,,,,,,,,,,,,,,,,,,,,,,,,,,,,,,,,,,,,,,,,,,,,,,,High,High,High,,,,,
26,2025-08-08,10:41:41.21,6,5,"Scott, Wesley",669417,Right,STA_YAN,"Watson, Kevin",675982,Left,LAN,Undefined,1,Top,1,2,2,Undefined,Sinker,BallCalled,Undefined,Undefined,Undefined,0,0,,90.39838,0.588631,-1.272915,1918.095824,250.736588,2:15,4.4129,2.53663,5.22858,-29.68399,5.67209,12.76887,2.49274,2.40389,81.85364,-4.875497,0.991108,0.42796,,,,,,,,,,,,-6.71126,3.02945,-2.4291,50,4.44532,2.30401,-131.04493,0.19268,-11.5661,30.00191,-26.95311,STA_YAN,LAN,StatenIslandYankees,Independent,ATL,20250808-StatenIslandYankees-1,cc01bbf0-7465-11f0-8056-7d20f596a496,88.07463,,,8.54474,,,,,,,74ae92c6-097b-4c67-a4fc-76e9cf9e5798,2025-08-08,14:41:41.21,2025-08-08T10:41:41.2148736-04:00,2025-08-08T14:41:41.2148736Z,,v3,586,1889,,"Martorano, Brandon",668785,Right,STA_YAN,1e4b8068-2624-46a8-8f0d-5a0eab97a0f5,55.26799,-132.2455,15.00096,4.41602,1.27125,-13.47655,-2.53056,2.76684,-5.78305,,,,,,,,,,,,,,,,,,,,,,,,,,,,,,,,,,,,,,,,,,,,,,,,,,,High,High,High,,,,,
27,2025-08-08,10:42:02.76,6,6,"Scott, Wesley",669417,Right,STA_YAN,"Watson, Kevin",675982,Left,LAN,Undefined,1,Top,1,3,2,Undefined,Slider,StrikeCalled,Strikeout,Undefined,Undefined,0,0,,81.79814,1.117336,0.049194,2612.886507,108.862599,9:45,4.51624,2.36206,5.04481,-36.90171,6.63355,-15.03528,2.49518,1.15552,74.11477,-5.646174,-2.607307,0.474889,,,,,,,,,,,,7.41205,3.41114,-2.35436,50,4.59383,0.55882,-118.53548,0.97919,10.43781,24.82109,-27.37039,STA_YAN,LAN,StatenIslandYankees,Independent,ATL,20250808-StatenIslandYankees-1,d8e7e380-7465-11f0-8056-7d20f596a496,79.37108,,,7.68337,,,,,,,74ae92c6-097b-4c67-a4fc-76e9cf9e5798,2025-08-08,14:42:02.76,2025-08-08T10:42:02.7654144-04:00,2025-08-08T14:42:02.7654144Z,,v3,586,1889,,"Martorano, Brandon",668785,Right,STA_YAN,a56efe23-fb40-42fb-bbb0-0bb1343d9b89,55.45152,-119.67157,12.41055,4.52034,2.23197,-13.6852,-2.36901,0.08107,5.2189,,,,,,,,,,,,,,,,,,,,,,,,,,,,,,,,,,,,,,,,,,,,,,,,,,,High,High,High,,,,,
28,2025-08-08,10:42:33.86,7,1,"Scott, Wesley",669417,Right,STA_YAN,"Isola, Alex",684576,Right,LAN,Undefined,1,Top,2,0,0,Undefined,Sinker,BallCalled,Undefined,Undefined,Undefined,0,0,,89.74526,0.957207,-2.621814,2070.84837,266.892841,3:00,4.35735,2.14794,5.14595,-33.99793,2.31795,18.07131,2.42644,1.18371,80.6081,-5.281867,0.574829,0.43373,,,,,,,,,,,,-9.82599,1.22894,-1.91703,50,4.42111,5.09156,-129.89321,0.82533,-16.49707,31.60045,-30.11073,STA_YAN,LAN,StatenIslandYankees,Independent,ATL,20250808-StatenIslandYankees-1,eb80efa0-7465-11f0-8056-7d20f596a496,86.90295,,,9.13717,,,,,,,74ae92c6-097b-4c67-a4fc-76e9cf9e5798,2025-08-08,14:42:33.86,2025-08-08T10:42:33.8669568-04:00,2025-08-08T14:42:33.8669568Z,,v3,586,1889,,"Martorano, Brandon",668785,Right,STA_YAN,483706f7-31b8-4809-bafb-cd92eb089139,55.35153,-131.18868,15.80023,4.36197,2.05972,-15.05537,-2.13962,5.76786,-8.24853,,,,,,,,,,,,,,,,,,,,,,,,,,,,,,,,,,,,,,,,,,,,,,,,,,,High,High,High,,,,,
29,2025-08-08,10:42:52.49,7,2,"Scott, Wesley",669417,Right,STA_YAN,"Isola, Alex",684576,Right,LAN,Undefined,1,Top,2,1,0,Undefined,Sinker,BallCalled,Undefined,Undefined,Undefined,0,0,,89.76317,-0.804734,-4.895046,2055.510003,258.015919,2:30,4.25356,2.2112,5.71127,-30.32435,5.0578,18.05029,0.97402,-0.85614,81.395,-6.41294,-1.679269,0.428118,,,,,,,,,,,,-10.57863,3.19803,-1.81158,50,4.16739,10.31378,-129.83124,-2.92501,-17.9136,29.18699,-26.75857,STA_YAN,LAN,StatenIslandYankees,Independent,ATL,20250808-StatenIslandYankees-1,f67d2180-7465-11f0-8056-7d20f596a496,88.04218,,,8.36817,,,,,,,74ae92c6-097b-4c67-a4fc-76e9cf9e5798,2025-08-08,14:42:52.49,2025-08-08T10:42:52.4961792-04:00,2025-08-08T14:42:52.4961792Z,,v3,586,1889,,"Martorano, Brandon",668785,Right,STA_YAN,5aaeab80-8c1b-4ba4-b3c4-5b766ff11599,54.7868,-130.90292,14.5935,4.25675,-1.9425,-13.37928,-2.20236,10.97153,-8.9568,,,,,,,,,,,,,,,,,,,,,,,,,,,,,,,,,,,,,,,,,,,,,,,,,,,High,High,High,,,,,
30,2025-08-08,10:43:14.94,7,3,"Scott, Wesley",669417,Right,STA_YAN,"Isola, Alex",684576,Right,LAN,Undefined,1,Top,2,2,0,Undefined,Slider,BallCalled,Undefined,Undefined,Undefined,0,0,,79.61584,0.127561,-3.111414,2719.084397,105.343226,9:30,4.71598,2.1166,5.40929,-38.8036,6.94296,-19.41454,1.60204,-2.41925,72.15137,-6.998276,-6.551263,0.4868,,,,,,,,,,,,8.63882,3.97008,-1.82605,50,4.70092,7.06371,-115.21813,-1.03583,11.40792,24.92987,-26.93138,STA_YAN,LAN,StatenIslandYankees,Independent,ATL,20250808-StatenIslandYankees-1,03eb3dc0-7466-11f0-8056-7d20f596a496,77.42897,,,7.46447,,,,,,,74ae92c6-097b-4c67-a4fc-76e9cf9e5798,2025-08-08,14:43:14.94,2025-08-08T10:43:14.9482496-04:00,2025-08-08T14:43:14.9482496Z,,v3,586,1889,,"Martorano, Brandon",668785,Right,STA_YAN,d22e0483-ad29-4262-8b42-ed1568c4037c,55.08633,-116.31346,12.46493,4.72044,0.14744,-13.46569,-2.12539,6.56248,5.70396,,,,,,,,,,,,,,,,,,,,,,,,,,,,,,,,,,,,,,,,,,,,,,,,,,,High,High,High,,,,,
31,2025-08-08,10:43:37.28,7,4,"Scott, Wesley",669417,Right,STA_YAN,"Isola, Alex",684576,Right,LAN,Undefined,1,Top,2,3,0,Undefined,Sinker,HitByPitch,Undefined,Undefined,Undefined,0,1,,90.50475,0.441055,-0.650502,2063.493235,260.338759,2:45,4.37839,2.41373,5.02882,-31.09765,4.64,19.73371,2.20311,3.4444,81.57847,-5.261922,2.836406,0.430263,,,,,,,,,,,,-10.21536,2.43685,-2.36885,50,4.39569,0.58655,-131.18406,-0.21602,-17.49329,32.23319,-28.00105,STA_YAN,LAN,StatenIslandYankees,Independent,ATL,20250808-StatenIslandYankees-1,11449980-7466-11f0-8056-7d20f596a496,87.60317,,,8.92627,,,,,,,74ae92c6-097b-4c67-a4fc-76e9cf9e5798,2025-08-08,14:43:37.28,2025-08-08T10:43:37.2864512-04:00,2025-08-08T14:43:37.2864512Z,,v3,586,1889,,"Martorano, Brandon",668785,Right,STA_YAN,4c58660d-627d-428c-bb93-6583b2fed134,55.47214,-132.5218,16.1166,4.38054,0.94608,-14.00053,-2.40825,1.31255,-8.74664,,,,,,,,,,,,,,,,,,,,,,,,,,,,,,,,,,,,,,,,,,,,,,,,,,,High,High,High,,,,,
32,2025-08-08,10:44:45.80,8,1,"Scott, Wesley",669417,Right,STA_YAN,"Alexander, Evan",670116,Left,LAN,Undefined,1,Top,2,0,0,Undefined,Changeup,BallCalled,Undefined,Undefined,Undefined,0,0,,89.02574,1.328603,-1.915315,1851.90088,273.20851,3:00,4.55481,2.39391,5.22209,-36.10309,0.23445,17.12792,2.79626,2.01984,80.94097,-5.268062,1.120419,0.43386,,,,,,,,,,,,-9.038,0.12854,-2.23029,50,4.65062,3.51411,-129.08664,1.56264,-15.17635,28.08522,-31.95822,STA_YAN,LAN,StatenIslandYankees,Independent,ATL,20250808-StatenIslandYankees-1,3a0afc10-7466-11f0-8056-7d20f596a496,86.87706,,,8.08477,,,,,,,74ae92c6-097b-4c67-a4fc-76e9cf9e5798,2025-08-08,14:44:45.80,2025-08-08T10:44:45.8084352-04:00,2025-08-08T14:44:45.8084352Z,,v3,586,1889,,"Martorano, Brandon",668785,Right,STA_YAN,28d5aa62-a777-43b4-aaa8-57f41fc8c7d0,55.27654,-130.22959,14.04261,4.56056,2.8632,-15.97911,-2.38587,4.13173,-7.58818,,,,,,,,,,,,,,,,,,,,,,,,,,,,,,,,,,,,,,,,,,,,,,,,,,,High,High,High,,,,,
33,2025-08-08,10:45:52.39,8,2,"Scott, Wesley",669417,Right,STA_YAN,"Alexander, Evan",670116,Left,LAN,Undefined,1,Top,2,1,0,Undefined,Sinker,BallCalled,Undefined,Undefined,Undefined,0,0,,89.92959,1.358857,-2.407885,2012.959957,240.381462,2:00,4.51987,2.44875,5.30161,-27.49324,8.12997,12.18347,3.50581,1.20221,81.38878,-3.727019,-0.247792,0.429574,,,,,,,,,,,,-6.75756,4.0313,-2.23886,50,4.62382,4.90402,-130.28271,2.06173,-11.53498,29.12244,-25.29271,STA_YAN,LAN,StatenIslandYankees,Independent,ATL,20250808-StatenIslandYankees-1,61b9fb30-7466-11f0-8056-7d20f596a496,87.74375,,,8.54081,,,,,,,74ae92c6-097b-4c67-a4fc-76e9cf9e5798,2025-08-08,14:45:52.39,2025-08-08T10:45:52.3929600-04:00,2025-08-08T14:45:52.3929600Z,,v3,586,1889,,"Martorano, Brandon",668785,Right,STA_YAN,c9336207-2df1-4618-8bb8-16e4837f3e23,55.19464,-131.43876,14.56122,4.52204,3.06575,-12.64636,-2.44261,5.36191,-5.76749,,,,,,,,,,,,,,,,,,,,,,,,,,,,,,,,,,,,,,,,,,,,,,,,,,,High,High,High,,,,,
34,2025-08-08,10:46:08.90,8,3,"Scott, Wesley",669417,Right,STA_YAN,"Alexander, Evan",670116,Left,LAN,Undefined,1,Top,2,2,0,Undefined,Sinker,InPlay,Undefined,FlyBall,Out,1,0,,88.85676,0.697856,-3.168959,2105.201953,271.86347,3:00,4.39703,2.49976,5.51846,-35.35541,0.69768,14.58245,2.10428,0.74896,80.97017,-5.789472,-0.572998,0.432158,100.32006,29.656261,-8.770329,3465.647261,107.77235,61.80128,-22.02503,356.06555,353.81567,-18.327802,5.320095,-8.30843,0.47083,-2.2338,50,4.43406,6.49639,-128.84797,0.24766,-13.9165,27.68177,-31.38544,STA_YAN,LAN,StatenIslandYankees,Independent,ATL,20250808-StatenIslandYankees-1,6bad6fa0-7466-11f0-8056-7d20f596a496,87.21911,92.71352,,7.88659,,,,1.16369,2.11092,-0.75989,74ae92c6-097b-4c67-a4fc-76e9cf9e5798,2025-08-08,14:46:08.90,2025-08-08T10:46:08.9039872-04:00,2025-08-08T14:46:08.9039872Z,FlyBall,v3,586,1889,,"Martorano, Brandon",668785,Right,STA_YAN,3ff5005b-3dc5-4f95-8f0c-52623ea07fa0,54.98189,-129.91388,13.84089,4.40125,1.45617,-15.69272,-2.49427,7.03226,-6.95825,162.382937,1.16507,126.34348,-29.80411,7.55574,-1.69933,0.35007,-0.05773,0.00601,-0.00028,2.11293,72.75718,-15.0096,-0.44952,0.61373,-0.2554,0.05749,-0.00661,0.0003,-0.75965,-19.50056,-1.11503,0.41992,-0.11056,0.02155,-0.0028,0.00021,-1E-05,,,,,,,,,,,,,,,,,,,,,,,High,High,High,High,Medium,,,
35,2025-08-08,10:48:36.31,1,1,"McCollough, Luke",1000097980,Right,LAN,"Brown, Vaun",673901,Right,STA_YAN,Undefined,1,Bottom,0,0,0,Undefined,Sinker,FoulBallNotFieldable,Undefined,Undefined,Undefined,0,0,,88.08627,-1.955016,-1.957833,2286.62104,229.218713,1:45,6.02407,1.5461,5.57089,-20.90627,15.53552,16.66686,2.45396,1.10551,80.66152,-5.861325,1.015708,0.434481,100.8843,16.667872,-54.75326,3639.205075,57.37641,21.44267,-93.85064,228.4144,140.49273,-64.124505,2.068143,-9.04808,8.76422,-1.3889,50,5.842,3.66337,-127.83438,-5.05269,-14.98008,26.2245,-17.66389,STA_YAN,LAN,StatenIslandYankees,Independent,ATL,20250808-StatenIslandYankees-1,c386c140-7466-11f0-8056-7d20f596a496,86.7527,21.59703,,7.42475,,,,1.84801,2.67519,-1.24709,74ae92c6-097b-4c67-a4fc-76e9cf9e5798,2025-08-08,14:48:36.31,2025-08-08T10:48:36.3163136-04:00,2025-08-08T14:48:36.3163136Z,LineDrive,v3,586,1889,,"Isola, Alex",684576,Right,LAN,0eb63549-320f-4560-861b-487d2aef533b,54.92954,-128.84168,13.11225,6.02305,-4.37421,-8.83194,-1.54067,4.23876,-7.49004,,1.84801,81.80165,-23.10432,4.69728,-1.13835,0.26055,-0.05428,0.00841,-0.00065,2.67519,42.43929,-26.93201,4.19853,-1.04279,0.25775,-0.05351,0.00828,-0.00065,-1.24709,-115.76075,9.45456,-0.77477,0.07826,0.00919,-0.00422,0.00083,-8E-05,,,,,,,,,,,,,,,,,,,,,,,High,High,High,High,Medium,,,
36,2025-08-08,10:48:57.25,1,2,"McCollough, Luke",1000097980,Right,LAN,"Brown, Vaun",673901,Right,STA_YAN,Undefined,1,Bottom,0,0,1,Undefined,Slider,InPlay,Undefined,Popup,Out,1,0,,79.84846,0.210588,-2.334498,2263.116439,214.99591,1:15,5.85143,1.58664,5.17049,-40.91609,4.06563,1.87394,2.64011,-0.45535,73.38725,-7.23497,-2.002757,0.482713,86.84634,68.787053,28.318565,,,,,90.87328,48.30697,44.081423,6.069167,-1.5789,2.35477,-1.37061,50,5.83971,4.64662,-115.84011,-1.00444,-2.14883,21.31818,-28.96931,STA_YAN,LAN,StatenIslandYankees,Independent,ATL,20250808-StatenIslandYankees-1,d009ba30-7466-11f0-8056-7d20f596a496,78.0845,155.84581,,6.46121,,,,1.70939,2.47457,0.04958,74ae92c6-097b-4c67-a4fc-76e9cf9e5798,2025-08-08,14:48:57.25,2025-08-08T10:48:57.2506112-04:00,2025-08-08T14:48:57.2506112Z,Popup,v3,586,1889,,"Isola, Alex",684576,Right,LAN,42bf4d46-7fec-468f-af11-ffe1ea4ca4dd,55.32926,-116.81674,10.65909,5.85532,0.32271,-14.48465,-1.58574,4.74507,-1.07441,185.357816,1.70027,40.71541,-20.23964,7.56253,-2.20684,0.50803,-0.07967,0.0071,-0.00027,2.46213,118.9891,-30.35321,4.78376,-1.54062,0.48127,-0.09944,0.01082,-0.00047,0.0476,21.88579,-6.52126,2.01307,-0.46217,0.07736,-0.00802,0.00039,-0,,,,,,,,,,,,,,,,,,,,,,,High,High,High,Medium,Low,,,
37,2025-08-08,10:49:27.58,2,1,"McCollough, Luke",1000097980,Right,LAN,"Diaz, Eddy",677647,Right,STA_YAN,Undefined,1,Bottom,1,0,0,Undefined,Slider,StrikeCalled,Undefined,Undefined,Undefined,0,0,,79.58159,0.310374,-1.987111,2296.849321,244.334286,2:15,5.87256,1.8172,4.91568,-43.63038,2.3374,1.73831,2.53034,0.08245,72.76361,-7.596337,-1.680629,0.487976,,,,,,,,,,,,-1.43551,1.50063,-1.62475,50,5.86651,3.92889,-115.3513,-0.96186,-1.92625,22.27384,-30.16039,STA_YAN,LAN,StatenIslandYankees,Independent,ATL,20250808-StatenIslandYankees-1,e201f270-7466-11f0-8056-7d20f596a496,77.24244,,,6.81798,,,,,,,74ae92c6-097b-4c67-a4fc-76e9cf9e5798,2025-08-08,14:49:27.58,2025-08-08T10:49:27.5850240-04:00,2025-08-08T14:49:27.5850240Z,,v3,586,1889,,"Isola, Alex",684576,Right,LAN,0a33b513-94ca-4770-91eb-03de225488c7,55.58279,-116.42432,11.13692,5.87785,0.49109,-15.08019,-1.81626,4.02169,-0.96313,,,,,,,,,,,,,,,,,,,,,,,,,,,,,,,,,,,,,,,,,,,,,,,,,,,High,High,High,,,,,
38,2025-08-08,10:49:41.18,2,2,"McCollough, Luke",1000097980,Right,LAN,"Diaz, Eddy",677647,Right,STA_YAN,Undefined,1,Bottom,1,0,1,Undefined,Four-Seam,InPlay,Undefined,FlyBall,HomeRun,0,1,,89.78891,-2.558146,-2.435277,2361.402227,222.35272,1:30,5.96287,1.34904,5.58233,-18.33127,16.87698,14.32705,2.0425,0.26731,81.95042,-6.005502,0.11991,0.427065,105.6089,26.776114,-3.567256,2877.567509,109.91959,54.36264,-4.20396,395.55638,382.71132,2.793347,5.178329,-7.97378,9.62524,-1.14935,50,5.73097,4.90907,-130.15632,-6.41004,-13.6496,27.85458,-15.69749,STA_YAN,LAN,StatenIslandYankees,Independent,ATL,20250808-StatenIslandYankees-1,ea30fa90-7466-11f0-8056-7d20f596a496,88.25932,86.74859,,7.83849,,,,1.46603,2.0355,-0.2735,74ae92c6-097b-4c67-a4fc-76e9cf9e5798,2025-08-08,14:49:41.18,2025-08-08T10:49:41.1866624-04:00,2025-08-08T14:49:41.1866624Z,FlyBall,v3,586,1889,,"Isola, Alex",684576,Right,LAN,3bd9b1e8-cab9-4ce3-9ec6-ff256dfd0494,54.91692,-131.20436,13.92729,5.96104,-5.81942,-7.84874,-1.34371,5.42264,-6.8248,194.054115,1.46564,138.02457,-29.36163,7.53922,-1.77772,0.38486,-0.06508,0.00681,-0.00031,2.03868,69.71544,-14.58837,-0.5608,0.6353,-0.24969,0.05417,-0.00607,0.00027,-0.27342,-8.60575,5.85691,-1.50214,0.35401,-0.07667,0.01298,-0.00136,6E-05,,,,,,,,,,,,,,,,,,,,,,,High,High,High,High,High,,,
39,2025-08-08,10:50:35.76,3,1,"McCollough, Luke",1000097980,Right,LAN,"Contreras, Mark",676628,Left,STA_YAN,Undefined,1,Bottom,1,0,0,Undefined,Sinker,StrikeSwinging,Undefined,Undefined,Undefined,0,0,,89.67298,-1.68746,-3.12296,2340.316644,224.539703,1:30,5.99722,1.38556,5.64852,-19.2769,16.54154,14.93217,2.81407,-0.28587,80.39481,-5.353791,-0.459131,0.43075,,,,,,,,,,,,-8.57418,9.32524,-1.13005,50,5.84202,6.40581,-129.73428,-4.42613,-14.32972,32.0493,-16.58912,STA_YAN,LAN,StatenIslandYankees,Independent,ATL,20250808-StatenIslandYankees-1,0abb5cb0-7467-11f0-8056-7d20f596a496,87.50431,,,9.27816,,,,,,,74ae92c6-097b-4c67-a4fc-76e9cf9e5798,2025-08-08,14:50:35.76,2025-08-08T10:50:35.7625856-04:00,2025-08-08T14:50:35.7625856Z,,v3,586,1889,,"Isola, Alex",684576,Right,LAN,1a97ee4d-3ccc-4d51-a609-1ef58d1f2936,54.84693,-130.92618,16.02465,5.99515,-3.80918,-8.29456,-1.37819,6.93873,-7.16486,,,,,,,,,,,,,,,,,,,,,,,,,,,,,,,,,,,,,,,,,,,,,,,,,,,High,High,High,,,,,
40,2025-08-08,10:50:49.93,3,2,"McCollough, Luke",1000097980,Right,LAN,"Contreras, Mark",676628,Left,STA_YAN,Undefined,1,Bottom,1,0,1,Undefined,Changeup,BallCalled,Undefined,Undefined,Undefined,0,0,,84.29284,-3.026202,-4.116191,1640.525409,247.65274,2:15,5.87456,1.61271,5.36345,-32.75907,8.3676,16.52556,0.29696,-0.8766,76.04535,-9.047147,-1.182857,0.461565,,,,,,,,,,,,-9.82225,5.62067,-1.25525,50,5.57887,8.07487,-121.71013,-7.58208,-14.43344,28.42291,-23.91468,STA_YAN,LAN,StatenIslandYankees,Independent,ATL,20250808-StatenIslandYankees-1,1331a700-7467-11f0-8056-7d20f596a496,81.66219,,,8.2475,,,,,,,74ae92c6-097b-4c67-a4fc-76e9cf9e5798,2025-08-08,14:50:49.93,2025-08-08T10:50:49.9317248-04:00,2025-08-08T14:50:49.9317248Z,,v3,586,1889,,"Isola, Alex",684576,Right,LAN,83f819ab-1725-4bcc-8cb0-5af86e7610fd,55.13598,-122.90368,14.21146,5.87618,-6.57784,-11.95734,-1.60706,8.68097,-7.21672,,,,,,,,,,,,,,,,,,,,,,,,,,,,,,,,,,,,,,,,,,,,,,,,,,,High,High,High,,,,,
41,2025-08-08,10:51:10.26,3,3,"McCollough, Luke",1000097980,Right,LAN,"Contreras, Mark",676628,Left,STA_YAN,Undefined,1,Bottom,1,1,1,Undefined,Curveball,BallCalled,Undefined,Undefined,Undefined,0,0,,73.39183,3.486083,-0.139234,2393.954864,30.192141,7:00,6.01776,1.49165,4.75643,-67.59775,-12.82855,-8.54623,3.69457,0.64743,66.75792,-8.669703,-1.642035,0.532647,,,,,,,,,,,,4.12103,-6.73831,-1.46975,50,6.30824,0.60453,-106.24154,4.05778,4.66057,19.98914,-39.79459,STA_YAN,LAN,StatenIslandYankees,Independent,ATL,20250808-StatenIslandYankees-1,1f3d2600-7467-11f0-8056-7d20f596a496,70.76437,,,6.63391,,,,,,,74ae92c6-097b-4c67-a4fc-76e9cf9e5798,2025-08-08,14:51:10.26,2025-08-08T10:51:10.2655488-04:00,2025-08-08T14:51:10.2655488Z,,v3,586,1889,,"Isola, Alex",684576,Right,LAN,eec10cac-7843-40f3-a976-d3b03d179704,55.74515,-107.31703,9.99457,6.03231,6.19888,-19.89729,-1.49553,0.35377,2.33029,,,,,,,,,,,,,,,,,,,,,,,,,,,,,,,,,,,,,,,,,,,,,,,,,,,High,High,High,,,,,
42,2025-08-08,10:51:26.15,3,4,"McCollough, Luke",1000097980,Right,LAN,"Contreras, Mark",676628,Left,STA_YAN,Undefined,1,Bottom,1,2,1,Undefined,Sinker,FoulBallNotFieldable,Undefined,Undefined,Undefined,0,0,,91.06997,-2.040411,-2.027386,2339.40834,234.903239,1:45,5.93503,1.39136,5.47346,-21.75556,12.85292,16.558,2.21068,0.8732,82.50056,-6.101843,0.921874,0.423411,77.22167,6.5539,-170.273947,1171.788642,,,,104.33493,53.17768,-167.384235,1.057246,-8.75276,7.44237,-1.22362,50,5.7411,3.86143,-131.88558,-5.46062,-15.27957,30.37102,-19.18197,STA_YAN,LAN,StatenIslandYankees,Independent,ATL,20250808-StatenIslandYankees-1,28a91af0-7467-11f0-8056-7d20f596a496,89.02082,4.68945,,8.56941,,,,1.82327,1.77748,-0.62064,74ae92c6-097b-4c67-a4fc-76e9cf9e5798,2025-08-08,14:51:26.15,2025-08-08T10:51:26.1581312-04:00,2025-08-08T14:51:26.1581312Z,GroundBall,v3,586,1889,,"Isola, Alex",684576,Right,LAN,0590e142-0448-438f-a612-43c6238142db,55.01977,-133.03653,15.18551,5.93426,-4.73369,-9.59098,-1.38093,4.44047,-7.63979,237.306057,1.82327,-110.90086,13.77181,-1.8255,0.3561,-0.06359,0.01111,-0.00198,0.00023,1.77748,12.92705,-14.76315,1.01344,-0.14393,0.0353,-0.00593,0.00083,-9E-05,-0.62064,-19.00854,-2.20615,0.40276,-0.07775,0.01476,-0.00253,0.00041,-4E-05,,,,,,,,,,,,,,,,,,,,,,,High,High,High,Medium,Low,,,
43,2025-08-08,10:51:48.46,3,5,"McCollough, Luke",1000097980,Right,LAN,"Contreras, Mark",676628,Left,STA_YAN,Undefined,1,Bottom,1,2,2,Undefined,Changeup,InPlay,Undefined,GroundBall,Out,1,0,,82.43569,-1.536836,-2.641946,1635.818352,250.111023,2:15,5.86526,1.53319,5.19838,-34.77163,7.65953,17.2745,1.52021,0.48598,75.37706,-7.890253,0.420521,0.468829,85.26514,-7.674793,34.304613,,,,,14.61842,13.90612,27.518853,0.10329,-9.4565,4.66063,-1.30213,50,5.69651,4.79317,-119.47741,-4.43456,-13.60849,23.97342,-25.46714,STA_YAN,LAN,StatenIslandYankees,Independent,ATL,20250808-StatenIslandYankees-1,3610f5a0-7467-11f0-8056-7d20f596a496,80.39707,1.72748,,7.05863,,,,2.37515,1.72748,-0.4705,74ae92c6-097b-4c67-a4fc-76e9cf9e5798,2025-08-08,14:51:48.46,2025-08-08T10:51:48.4608000-04:00,2025-08-08T14:51:48.4608000Z,GroundBall,v3,586,1889,,"Isola, Alex",684576,Right,LAN,89f5bfd0-d28f-4342-85f2-1f0298ebe606,55.30165,-120.5365,11.98671,5.86757,-3.30948,-12.73357,-1.52716,5.39436,-6.80425,180,2.37276,102.52047,,,,,,,,1.72787,-16.72458,,,,,,,,-0.47213,69.94682,,,,,,,,,,,,,,,,,,,,,,,,,,,,,,High,High,High,High,High,,,
44,2025-08-08,10:52:21.13,4,1,"McCollough, Luke",1000097980,Right,LAN,"Scheffler, Matt",688032,Right,STA_YAN,Undefined,1,Bottom,2,0,0,Undefined,Slider,InPlay,Undefined,GroundBall,Out,1,0,,80.09759,-0.339774,-2.646183,2223.369626,241.515101,2:00,5.79658,1.77255,5.29124,-42.49868,2.55122,1.83658,1.93564,-0.56085,72.90473,-8.098186,-2.32027,0.483079,69.49921,-16.080489,-36.827514,,,,,9.63444,8.62614,-23.909392,0.076096,-1.74976,1.78441,-1.53292,50,5.73453,5.28985,-116.05168,-2.15465,-2.35944,23.99729,-29.76787,STA_YAN,LAN,StatenIslandYankees,Independent,ATL,20250808-StatenIslandYankees-1,498dab00-7467-11f0-8056-7d20f596a496,78.0254,2.15506,,7.19286,,,,2.82363,2.15506,0.57637,74ae92c6-097b-4c67-a4fc-76e9cf9e5798,2025-08-08,14:52:21.13,2025-08-08T10:52:21.1358720-04:00,2025-08-08T14:52:21.1358720Z,GroundBall,v3,586,1889,,"Isola, Alex",684576,Right,LAN,e6365cb0-f55d-4259-8053-9bdb3e92a826,55.20769,-117.12358,11.99865,5.80108,-0.82499,-14.88393,-1.77156,5.39524,-1.17972,180,2.8207,78.63773,,,,,,,,2.15611,-28.32005,,,,,,,,0.57857,-58.88746,,,,,,,,,,,,,,,,,,,,,,,,,,,,,,High,High,High,High,High,,,
45,2025-08-08,10:54:51.01,1,1,"Scott, Wesley",669417,Right,STA_YAN,"Schield, Slater",1000216204,Right,LAN,Undefined,2,Top,0,0,0,Undefined,Sinker,BallCalled,Undefined,Undefined,Undefined,0,0,,88.67557,0.790606,-1.79459,2026.487713,270.305852,3:00,4.35547,2.20691,5.11777,-35.8062,1.18827,19.45662,2.11678,2.13724,80.19146,-5.754165,1.648803,0.437764,,,,,,,,,,,,-10.16457,0.75587,-2.05368,50,4.40231,3.10707,-128.49727,0.3494,-16.79606,29.53306,-30.92505,STA_YAN,LAN,StatenIslandYankees,Independent,ATL,20250808-StatenIslandYankees-1,a2c490d0-7467-11f0-8056-7d20f596a496,86.10225,,,8.48411,,,,,,,74ae92c6-097b-4c67-a4fc-76e9cf9e5798,2025-08-08,14:54:51.01,2025-08-08T10:54:51.0176768-04:00,2025-08-08T14:54:51.0176768Z,,v3,586,1889,,"Martorano, Brandon",668785,Right,STA_YAN,e7195165-6c94-40dc-ad57-7c589db08f23,55.38023,-129.72794,14.76653,4.36091,1.63807,-15.46253,-2.19774,3.80697,-8.39803,,,,,,,,,,,,,,,,,,,,,,,,,,,,,,,,,,,,,,,,,,,,,,,,,,,High,High,High,,,,,
46,2025-08-08,10:55:05.02,1,2,"Scott, Wesley",669417,Right,STA_YAN,"Schield, Slater",1000216204,Right,LAN,Undefined,2,Top,0,1,0,Undefined,Sinker,FoulBallNotFieldable,Undefined,Undefined,Undefined,0,0,,89.72295,0.191934,-2.881626,2155.523143,244.994717,2:15,4.53428,2.25584,5.22909,-28.02765,7.70162,14.01017,2.3793,0.71219,81.68252,-4.966144,-0.400857,0.430213,77.94392,79.119753,138.653957,4957.879626,,,,,6.59337,,,-7.88457,4.11528,-2.00135,50,4.53116,5.91342,-130.0722,-0.62331,-13.46345,28.12112,-25.14693,STA_YAN,LAN,StatenIslandYankees,Independent,ATL,20250808-StatenIslandYankees-1,ab36bc70-7467-11f0-8056-7d20f596a496,87.61344,39.59413,,8.04044,,,,2.29954,2.57575,-0.68391,74ae92c6-097b-4c67-a4fc-76e9cf9e5798,2025-08-08,14:55:05.02,2025-08-08T10:55:05.0289664-04:00,2025-08-08T14:55:05.0289664Z,,v3,586,1889,,"Martorano, Brandon",668785,Right,STA_YAN,04fe0cc9-df7f-423d-8307-c932097b7209,55.27084,-131.20679,14.06056,4.53584,0.39128,-12.57346,-2.2509,6.45662,-6.73173,355.988025,2.30609,-16.44199,-7.09862,,,,,,,2.58169,112.04487,-26.87417,,,,,,,-0.6862,14.33951,2.00525,,,,,,,,,,,,,,,,,,,,,,,,,,,,,High,High,High,High,Undefined,,,
47,2025-08-08,10:55:36.61,1,3,"Scott, Wesley",669417,Right,STA_YAN,"Schield, Slater",1000216204,Right,LAN,Undefined,2,Top,0,1,1,Undefined,Slider,BallCalled,Undefined,Undefined,Undefined,0,0,,80.18646,1.880237,0.19175,2469.674319,115.090677,9:45,4.63959,2.2269,4.94581,-37.21498,8.24056,-14.29335,3.31581,1.21699,72.61414,-4.942011,-2.327916,0.485249,,,,,,,,,,,,7.07461,3.9676,-2.2332,50,4.79196,0.23102,-116.14924,2.48993,9.57792,23.57255,-26.80254,STA_YAN,LAN,StatenIslandYankees,Independent,ATL,20250808-StatenIslandYankees-1,bdf92280-7467-11f0-8056-7d20f596a496,77.67646,,,7.57233,,,,,,,74ae92c6-097b-4c67-a4fc-76e9cf9e5798,2025-08-08,14:55:36.61,2025-08-08T10:55:36.6191616-04:00,2025-08-08T14:55:36.6191616Z,,v3,586,1889,,"Martorano, Brandon",668785,Right,STA_YAN,98cfa12a-cb44-4c20-a8b2-7fd4b288dbfd,55.55054,-117.27032,11.78627,4.64324,3.76462,-13.40127,-2.23335,-0.22449,4.78896,,,,,,,,,,,,,,,,,,,,,,,,,,,,,,,,,,,,,,,,,,,,,,,,,,,High,High,High,,,,,
48,2025-08-08,10:55:52.53,1,4,"Scott, Wesley",669417,Right,STA_YAN,"Schield, Slater",1000216204,Right,LAN,Undefined,2,Top,0,2,1,Undefined,Sinker,FoulBallNotFieldable,Undefined,Undefined,Undefined,0,0,,88.96998,0.773282,-3.355623,2076.720571,251.612055,2:30,4.3443,2.41082,5.42905,-29.60529,6.71709,16.423,2.60271,0.63305,80.43721,-4.702501,-0.438998,0.433769,89.31893,5.105329,-53.569024,3262.244649,,,,78.58456,76.69986,-55.016616,0.647142,-9.32386,3.49008,-2.12508,50,4.39257,6.82492,-128.86544,0.65871,-15.5246,29.23531,-26.36294,STA_YAN,LAN,StatenIslandYankees,Independent,ATL,20250808-StatenIslandYankees-1,c78a2ba0-7467-11f0-8056-7d20f596a496,86.89518,3.82087,,8.53277,,,,1.78632,2.48113,-0.75661,74ae92c6-097b-4c67-a4fc-76e9cf9e5798,2025-08-08,14:55:52.53,2025-08-08T10:55:52.5303296-04:00,2025-08-08T14:55:52.5303296Z,GroundBall,v3,586,1889,,"Martorano, Brandon",668785,Right,STA_YAN,072c4a33-df29-417c-8c1f-37a5cf5829df,55.06997,-130.01056,14.61765,4.34654,1.69132,-13.18147,-2.40431,7.43301,-7.7623,,1.78632,77.48741,-18.61692,4.15512,-2.81368,6.03673,-8.98351,6.9202,-2.15578,2.48113,11.6578,-26.18781,4.15134,-2.19898,4.1614,-6.10639,4.7129,-1.47399,-0.75661,-104.98129,10.27011,0.27731,-1.2612,3.31912,-5.14849,4.12924,-1.34024,,,,,,,,,,,,,,,,,,,,,,,High,High,High,Medium,High,,,
49,2025-08-08,10:56:10.10,1,5,"Scott, Wesley",669417,Right,STA_YAN,"Schield, Slater",1000216204,Right,LAN,Undefined,2,Top,0,2,2,Undefined,Slider,InPlay,Undefined,LineDrive,Double,0,0,,80.7892,0.852981,-0.837966,2440.509231,123.622192,10:00,4.65942,2.19697,5.31902,-36.1077,7.82941,-9.61438,2.4511,0.6093,73.63201,-5.788736,-2.544942,0.477076,87.75512,22.574417,-33.623251,2489.546703,88.03448,35.96377,-65.95384,270.10464,270.10464,-42.015249,3.256494,4.60618,4.07229,-2.11373,50,4.71069,2.10324,-117.21319,0.52178,6.37146,23.34003,-26.54109,STA_YAN,LAN,StatenIslandYankees,Independent,ATL,20250808-StatenIslandYankees-1,d205e2e0-7467-11f0-8056-7d20f596a496,79.00727,39.40716,,7.15718,,,,1.93178,2.5912,-0.76356,74ae92c6-097b-4c67-a4fc-76e9cf9e5798,2025-08-08,14:56:10.10,2025-08-08T10:56:10.1067776-04:00,2025-08-08T14:56:10.1067776Z,LineDrive,v3,586,1889,,"Martorano, Brandon",668785,Right,STA_YAN,6e6cce5d-bdef-4077-a156-54466231b08b,55.17993,-118.24014,11.67002,4.66204,1.68958,-13.27055,-2.20011,1.8229,3.18573,,1.93182,98.96129,-21.30334,5.19424,-1.14897,0.22636,-0.03653,0.00393,-0.00019,2.59118,49.40936,-17.92383,1.03283,-0.10703,0.01058,-0.00315,0.00114,-0.00012,-0.76358,-65.80785,4.78686,-0.61572,0.02671,0.01536,-0.00566,0.00097,-7E-05,,,,,,,,,,,,,,,,,,,,,,,High,High,High,High,Medium,,,
50,2025-08-08,10:57:02.34,2,1,"Scott, Wesley",669417,Right,STA_YAN,"Ward, Nick",682187,Left,LAN,Undefined,2,Top,0,0,0,Undefined,Slider,FoulBallNotFieldable,Undefined,Undefined,Undefined,0,0,,80.66478,1.044087,-1.676937,2485.093044,115.172183,9:45,4.61449,2.31703,4.83522,-38.68927,6.77863,-10.90753,2.37959,-0.18032,72.68716,-6.026639,-3.594569,0.485315,83.39915,-23.94197,76.808539,,,,,6.7628,6.33881,53.585989,0.050484,4.85859,3.42331,-2.14092,50,4.68517,3.8848,-116.73546,0.73017,6.58355,25.66725,-27.53532,STA_YAN,LAN,StatenIslandYankees,Independent,ATL,20250808-StatenIslandYankees-1,f1332600-7467-11f0-8056-7d20f596a496,77.66589,2.51224,,7.97762,,,,2.72332,2.51224,-0.06635,74ae92c6-097b-4c67-a4fc-76e9cf9e5798,2025-08-08,14:57:02.34,2025-08-08T10:57:02.3456768-04:00,2025-08-08T14:57:02.3456768Z,GroundBall,v3,586,1889,,"Martorano, Brandon",668785,Right,STA_YAN,35bf1bf4-ac94-42ba-b1cf-816ddf401178,55.66238,-117.97391,12.83363,4.61789,2.05875,-13.76766,-2.32069,3.56714,3.29178,180,2.7228,25.5761,,,,,,,,2.51325,-49.76293,,,,,,,,-0.06857,109.11741,,,,,,,,,,,,,,,,,,,,,,,,,,,,,,High,High,High,Low,Low,,,
51,2025-08-08,10:57:23.85,2,2,"Scott, Wesley",669417,Right,STA_YAN,"Ward, Nick",682187,Left,LAN,Undefined,2,Top,0,0,1,Undefined,Slider,BallCalled,Undefined,Undefined,Undefined,0,0,,80.33066,-0.228502,-0.519564,2609.489127,93.485649,9:00,4.61908,2.32748,5.02298,-42.54522,2.43961,-15.70367,0.85801,0.52854,73.45031,-7.947793,-3.296365,0.48273,,,,,,,,,,,,7.68378,1.67673,-2.26433,50,4.56298,1.7095,-116.52478,-1.99648,10.48709,23.39517,-29.88557,STA_YAN,LAN,StatenIslandYankees,Independent,ATL,20250808-StatenIslandYankees-1,fe009570-7467-11f0-8056-7d20f596a496,78.08179,,,6.88035,,,,,,,74ae92c6-097b-4c67-a4fc-76e9cf9e5798,2025-08-08,14:57:23.85,2025-08-08T10:57:23.8594048-04:00,2025-08-08T14:57:23.8594048Z,,v3,586,1889,,"Martorano, Brandon",668785,Right,STA_YAN,47ecb857-70ea-4b34-83a1-d980d9f0de9a,55.47693,-117.61927,11.69759,4.62368,-0.59835,-14.94278,-2.33283,1.21889,5.24355,,,,,,,,,,,,,,,,,,,,,,,,,,,,,,,,,,,,,,,,,,,,,,,,,,,High,High,High,,,,,
52,2025-08-08,10:57:44.60,2,3,"Scott, Wesley",669417,Right,STA_YAN,"Ward, Nick",682187,Left,LAN,Undefined,2,Top,0,1,1,Undefined,Sinker,BallCalled,Undefined,Undefined,Undefined,0,0,,90.23339,0.294061,-1.743303,2140.795671,261.656334,2:45,4.43222,2.37245,5.09829,-31.92557,3.48736,16.03985,2.049,2.06582,82.34128,-5.534334,1.09413,0.428304,,,,,,,,,,,,-8.43863,2.00154,-2.2209,50,4.43513,3.22295,-130.89478,-0.60782,-14.61459,28.08515,-28.70761,STA_YAN,LAN,StatenIslandYankees,Independent,ATL,20250808-StatenIslandYankees-1,0a3cc160-7468-11f0-8056-7d20f596a496,88.00392,,,7.89211,,,,,,,74ae92c6-097b-4c67-a4fc-76e9cf9e5798,2025-08-08,14:57:44.60,2025-08-08T10:57:44.6077440-04:00,2025-08-08T14:57:44.6077440Z,,v3,586,1889,,"Martorano, Brandon",668785,Right,STA_YAN,4a5b01b4-c373-4be9-8b42-56c2b5425e50,55.4007,-132.04849,14.04257,4.43588,0.57145,-14.35381,-2.36562,3.8233,-7.3073,,,,,,,,,,,,,,,,,,,,,,,,,,,,,,,,,,,,,,,,,,,,,,,,,,,High,High,High,,,,,
53,2025-08-08,10:58:04.99,2,4,"Scott, Wesley",669417,Right,STA_YAN,"Ward, Nick",682187,Left,LAN,Undefined,2,Top,0,2,1,Undefined,Slider,BallCalled,Undefined,Undefined,Undefined,0,0,,80.03014,0.376273,0.136547,2642.79839,94.696593,9:15,4.64651,2.33925,5.18426,-42.27853,2.72721,-15.21194,1.47731,1.20006,73.10206,-7.332339,-2.560967,0.482842,,,,,,,,,,,,7.60122,1.71004,-2.33999,50,4.64957,0.35755,-116.11186,-0.73277,10.31569,22.94199,-29.85331,STA_YAN,LAN,StatenIslandYankees,Independent,ATL,20250808-StatenIslandYankees-1,16876c40-7468-11f0-8056-7d20f596a496,78.06365,,,6.92808,,,,,,,74ae92c6-097b-4c67-a4fc-76e9cf9e5798,2025-08-08,14:58:04.99,2025-08-08T10:58:04.9937408-04:00,2025-08-08T14:58:04.9937408Z,,v3,586,1889,,"Martorano, Brandon",668785,Right,STA_YAN,c15ff8e4-f62b-47d6-87f7-70825f328b2d,55.31429,-117.15718,11.471,4.65197,0.62746,-14.92665,-2.34557,-0.11247,5.15784,,,,,,,,,,,,,,,,,,,,,,,,,,,,,,,,,,,,,,,,,,,,,,,,,,,High,High,High,,,,,
54,2025-08-08,10:58:27.66,2,5,"Scott, Wesley",669417,Right,STA_YAN,"Ward, Nick",682187,Left,LAN,Undefined,2,Top,0,3,1,Undefined,Sinker,BallCalled,Walk,Undefined,Undefined,0,0,,91.41298,0.322105,-1.733507,2227.989317,254.178934,2:30,4.51401,2.242,5.36341,-27.86348,6.66288,19.20556,2.49424,2.21644,82.48847,-4.833913,1.680038,0.422909,,,,,,,,,,,,-10.09666,3.61469,-2.10015,50,4.52352,3.09449,-132.49145,-0.31792,-17.71626,31.70475,-25.83147,STA_YAN,LAN,StatenIslandYankees,Independent,ATL,20250808-StatenIslandYankees-1,23e3fc50-7468-11f0-8056-7d20f596a496,89.12663,,,8.92452,,,,,,,74ae92c6-097b-4c67-a4fc-76e9cf9e5798,2025-08-08,14:58:27.66,2025-08-08T10:58:27.6619264-04:00,2025-08-08T14:58:27.6619264Z,,v3,586,1889,,"Martorano, Brandon",668785,Right,STA_YAN,400a0fd4-05f7-479d-bb41-d567ee16b9e9,55.13344,-133.71422,15.85238,4.51657,0.67834,-12.91574,-2.23267,3.77777,-8.85813,,,,,,,,,,,,,,,,,,,,,,,,,,,,,,,,,,,,,,,,,,,,,,,,,,,High,High,High,,,,,
55,2025-08-08,10:59:05.52,3,1,"Scott, Wesley",669417,Right,STA_YAN,"Martin, Mason",676733,Left,LAN,Undefined,2,Top,0,0,0,Undefined,Sinker,StrikeSwinging,Undefined,Undefined,Undefined,0,0,,90.54617,0.081804,-2.853615,2154.273197,276.145284,3:15,4.46332,2.26807,5.23172,-36.1297,-0.57339,17.46312,1.5295,1.0387,81.51174,-6.528542,0.242147,0.42917,,,,,,,,,,,,-9.64977,0.06283,-2.01878,50,4.44401,5.71207,-131.08329,-1.26032,-16.49702,32.22344,-32.06663,STA_YAN,LAN,StatenIslandYankees,Independent,ATL,20250808-StatenIslandYankees-1,3a94daa0-7468-11f0-8056-7d20f596a496,87.82629,,,9.03443,,,,,,,74ae92c6-097b-4c67-a4fc-76e9cf9e5798,2025-08-08,14:59:05.52,2025-08-08T10:59:05.5274496-04:00,2025-08-08T14:59:05.5274496Z,,v3,586,1889,,"Martorano, Brandon",668785,Right,STA_YAN,64584042-fcf0-421a-8ff4-f0bcb84276f8,55.26649,-132.37159,16.11172,4.46877,0.02172,-16.03331,-2.26033,6.37162,-8.24851,,,,,,,,,,,,,,,,,,,,,,,,,,,,,,,,,,,,,,,,,,,,,,,,,,,High,High,High,,,,,
56,2025-08-08,10:59:28.23,3,2,"Scott, Wesley",669417,Right,STA_YAN,"Martin, Mason",676733,Left,LAN,Undefined,2,Top,0,0,1,Undefined,Sinker,FoulBallNotFieldable,Undefined,Undefined,Undefined,0,0,,90.65416,0.568211,-2.874268,2104.783244,262.447978,2:45,4.39974,2.38226,5.19687,-31.61057,3.58402,18.01977,2.30069,1.17805,82.17964,-5.227178,0.315471,0.426982,65.7601,61.388404,-76.261745,4788.144633,-0.56255,74.48078,-109.99856,152.78667,65.30501,-91.752939,4.365207,-9.89894,1.93937,-2.13014,50,4.4286,5.7593,-131.36324,0.06106,-17.15999,29.88898,-28.81209,STA_YAN,LAN,StatenIslandYankees,Independent,ATL,20250808-StatenIslandYankees-1,48187ab0-7468-11f0-8056-7d20f596a496,88.27644,84.70375,,8.47452,,,,1.46514,3.75779,-2.25076,74ae92c6-097b-4c67-a4fc-76e9cf9e5798,2025-08-08,14:59:28.23,2025-08-08T10:59:28.2340352-04:00,2025-08-08T14:59:28.2340352Z,Popup,v3,586,1889,,"Martorano, Brandon",668785,Right,STA_YAN,f8ec741a-3e43-4508-8fe6-4252768d06f4,55.30296,-132.56432,14.94449,4.40289,1.21887,-14.40605,-2.37543,6.44888,-8.57999,,1.4714,10.78756,-8.28806,1.17422,1.40189,-1.08735,0.34818,-0.05294,0.00312,3.76616,84.46564,-25.52887,1.21553,1.13772,-0.73637,0.19651,-0.02497,0.00122,-2.25497,-44.77475,2.13623,0.76421,-0.52268,0.11074,0.01168,-0.00707,0.00067,,,,,,,,,,,,,,,,,,,,,,,High,High,High,Low,Low,,,
57,2025-08-08,11:00:10.60,3,3,"Scott, Wesley",669417,Right,STA_YAN,"Martin, Mason",676733,Left,LAN,Undefined,2,Top,0,0,2,Undefined,Splitter,BallCalled,Undefined,Undefined,Undefined,0,0,,78.72208,1.546679,-0.043279,1106.119682,332.890919,5:00,4.53476,2.17098,6.00789,-52.47515,-7.07615,4.42607,1.59511,2.49972,71.50284,-8.133582,0.754184,0.484947,,,,,,,,,,,,-2.27709,-3.61,-2.16992,50,4.62812,-0.08013,-114.28126,1.40611,-2.96901,23.82828,-36.88099,STA_YAN,LAN,StatenIslandYankees,Independent,ATL,20250808-StatenIslandYankees-1,61619010-7468-11f0-8056-7d20f596a496,77.72482,,,7.21924,,,,,,,74ae92c6-097b-4c67-a4fc-76e9cf9e5798,2025-08-08,15:00:10.60,2025-08-08T11:00:10.6042368-04:00,2025-08-08T15:00:10.6042368Z,,v3,586,1889,,"Martorano, Brandon",668785,Right,STA_YAN,04aa8725-bf7a-4ee8-a1bf-63a3b8d08a23,54.49126,-115.2139,11.91414,4.54484,2.84964,-18.4405,-2.16906,0.03608,-1.4845,,,,,,,,,,,,,,,,,,,,,,,,,,,,,,,,,,,,,,,,,,,,,,,,,,,High,High,High,,,,,
58,2025-08-08,11:00:29.27,3,4,"Scott, Wesley",669417,Right,STA_YAN,"Martin, Mason",676733,Left,LAN,Undefined,2,Top,0,1,2,Undefined,Slider,StrikeCalled,Strikeout,Undefined,Undefined,0,0,,80.42316,0.794689,-0.201253,2563.632708,99.414075,9:15,4.51287,2.38913,5.20126,-40.18132,4.69851,-18.87344,1.91192,0.62706,72.86105,-6.570329,-3.546513,0.482167,,,,,,,,,,,,9.37607,2.53091,-2.3555,50,4.55638,1.19197,-116.59186,0.21705,12.72324,24.81989,-28.73964,STA_YAN,LAN,StatenIslandYankees,Independent,ATL,20250808-StatenIslandYankees-1,6c82d620-7468-11f0-8056-7d20f596a496,78.17305,,,7.56211,,,,,,,74ae92c6-097b-4c67-a4fc-76e9cf9e5798,2025-08-08,15:00:29.27,2025-08-08T11:00:29.2795392-04:00,2025-08-08T15:00:29.2795392Z,,v3,586,1889,,"Martorano, Brandon",668785,Right,STA_YAN,45ad1542-5371-4c5b-9d84-1bfa16af1d06,55.29733,-117.71415,12.40994,4.51719,1.51657,-14.36982,-2.39639,0.61666,6.36162,,,,,,,,,,,,,,,,,,,,,,,,,,,,,,,,,,,,,,,,,,,,,,,,,,,High,High,High,,,,,
59,2025-08-08,11:01:00.20,4,1,"Scott, Wesley",669417,Right,STA_YAN,"Carpenter, Joseph",696515,Right,LAN,Undefined,2,Top,1,0,0,Undefined,Sinker,FoulBallNotFieldable,Undefined,Undefined,Undefined,0,0,,90.13817,0.682159,-3.99613,2088.183865,257.651262,2:30,4.41674,2.5893,5.38503,-30.1358,5.27894,18.58655,2.54642,0.3864,81.62667,-4.871956,-0.700866,0.428315,73.39259,16.794621,158.963411,4098.64412,-105.59758,10.37047,30.80632,143.58295,55.9837,165.363954,1.681864,-10.56674,2.78091,-2.24532,50,4.45669,8.27445,-130.50037,0.42151,-18.08486,29.39791,-27.41455,STA_YAN,LAN,StatenIslandYankees,Independent,ATL,20250808-StatenIslandYankees-1,7ee87630-7468-11f0-8056-7d20f596a496,88.00167,14.09865,,8.5115,,,,1.17041,2.55216,-0.36052,74ae92c6-097b-4c67-a4fc-76e9cf9e5798,2025-08-08,15:01:00.20,2025-08-08T11:01:00.2066944-04:00,2025-08-08T15:01:00.2066944Z,LineDrive,v3,586,1889,,"Martorano, Brandon",668785,Right,STA_YAN,58f37273-d310-4d27-802b-9aab083dc95a,55.11464,-131.6475,14.69896,4.41937,1.49126,-13.70728,-2.58196,8.98014,-9.04243,295.806119,1.17041,-96.18282,7.87518,-0.17933,0.00391,0.02295,-0.00455,0.00039,-4E-05,2.55216,31.10231,-22.57666,2.47251,-0.48312,0.10433,-0.01724,0.0029,-0.00033,-0.36052,36.99153,-11.18017,1.75006,-0.36852,0.06311,-0.01122,0.00264,-0.00035,,,,,,,,,,,,,,,,,,,,,,,High,High,High,High,Low,,,
60,2025-08-08,11:01:18.51,4,2,"Scott, Wesley",669417,Right,STA_YAN,"Carpenter, Joseph",696515,Right,LAN,Undefined,2,Top,1,0,1,Undefined,Slider,InPlay,Undefined,FlyBall,Double,0,2,,81.12115,1.090745,-0.914163,2592.562819,109.119856,9:45,4.62623,2.09953,5.19687,-37.29648,6.77225,-15.15741,2.54442,-0.02353,73.5062,-5.761372,-3.598198,0.47779,102.63014,29.237978,-12.201252,2806.697829,107.2553,60.22206,-24.419,388.38047,388.38047,-15.442512,5.353502,7.32953,3.44481,-2.00261,50,4.69938,2.50303,-117.59104,0.94551,10.13375,24.9144,-27.41128,STA_YAN,LAN,StatenIslandYankees,Independent,ATL,20250808-StatenIslandYankees-1,89dda330-7468-11f0-8056-7d20f596a496,78.88921,94.73948,,7.61495,,,,2.90617,2.74943,-0.08725,74ae92c6-097b-4c67-a4fc-76e9cf9e5798,2025-08-08,15:01:18.51,2025-08-08T11:01:18.5136640-04:00,2025-08-08T15:01:18.5136640Z,FlyBall,v3,586,1889,,"Martorano, Brandon",668785,Right,STA_YAN,efc9ff3b-eb64-4d44-903a-6ef4d5c47217,55.30188,-118.70905,12.4572,4.62935,2.17556,-13.70564,-2.10473,2.04829,5.06687,171.832368,2.90893,128.32685,-27.87142,6.85726,-1.40585,0.25802,-0.04009,0.00419,-0.0002,2.75037,73.49967,-15.23643,-0.22182,0.47743,-0.21534,0.05149,-0.00619,0.00029,-0.08748,-27.75572,3.64322,-0.79559,0.15099,-0.02803,0.00484,-0.00056,3E-05,,,,,,,,,,,,,,,,,,,,,,,High,High,High,High,High,,,
61,2025-08-08,11:02:11.15,5,1,"Scott, Wesley",669417,Right,STA_YAN,"Campagna, Joe",690523,Right,LAN,Undefined,2,Top,1,0,0,Undefined,Sinker,BallCalled,Undefined,Undefined,Undefined,0,0,,90.21866,-0.791135,-6.017184,2081.245443,257.752016,2:30,4.4214,2.36953,5.44421,-30.01281,5.55209,19.74206,1.17544,-1.63998,81.55554,-6.318785,-2.528078,0.429222,,,,,,,,,,,,-11.67123,3.42921,-1.84962,50,4.33072,12.80235,-130.16904,-2.93653,-19.84444,29.62317,-26.34341,STA_YAN,LAN,StatenIslandYankees,Independent,ATL,20250808-StatenIslandYankees-1,a91ac4d0-7468-11f0-8056-7d20f596a496,87.81564,,,8.66312,,,,,,,74ae92c6-097b-4c67-a4fc-76e9cf9e5798,2025-08-08,15:02:11.15,2025-08-08T11:02:11.1599616-04:00,2025-08-08T15:02:11.1599616Z,,v3,586,1889,,"Martorano, Brandon",668785,Right,STA_YAN,6175e4fd-ff20-4b9e-930b-80656cc39fee,55.05348,-131.31405,14.81159,4.42454,-1.91829,-13.17171,-2.35929,13.56938,-9.92222,,,,,,,,,,,,,,,,,,,,,,,,,,,,,,,,,,,,,,,,,,,,,,,,,,,High,High,High,,,,,
62,2025-08-08,11:02:28.67,5,2,"Scott, Wesley",669417,Right,STA_YAN,"Campagna, Joe",690523,Right,LAN,Undefined,2,Top,1,1,0,Undefined,Slider,BallCalled,Undefined,Undefined,Undefined,0,0,,79.08081,0.983456,-2.338809,2657.745796,81.391032,8:45,4.53016,2.28363,5.28682,-48.29203,-1.09768,-19.61804,1.4302,-1.54868,70.71206,-7.858571,-5.814367,0.494443,,,,,,,,,,,,8.84815,-0.31126,-2.05588,50,4.58538,5.49067,-114.32566,0.28053,11.32986,27.45704,-32.57263,STA_YAN,LAN,StatenIslandYankees,Independent,ATL,20250808-StatenIslandYankees-1,b39cbda0-7468-11f0-8056-7d20f596a496,76.23208,,,8.36874,,,,,,,74ae92c6-097b-4c67-a4fc-76e9cf9e5798,2025-08-08,15:02:28.67,2025-08-08T11:02:28.6769664-04:00,2025-08-08T15:02:28.6769664Z,,v3,586,1889,,"Martorano, Brandon",668785,Right,STA_YAN,8ea2ee8d-350e-4149-98b3-785cb9ac7d95,55.20833,-115.56974,13.72852,4.53923,1.75641,-16.28632,-2.29304,4.97731,5.66493,,,,,,,,,,,,,,,,,,,,,,,,,,,,,,,,,,,,,,,,,,,,,,,,,,,High,High,High,,,,,
63,2025-08-08,11:02:48.19,5,3,"Scott, Wesley",669417,Right,STA_YAN,"Campagna, Joe",690523,Right,LAN,Undefined,2,Top,1,2,0,Undefined,Sinker,BallCalled,Undefined,Undefined,Undefined,0,0,,90.09696,-0.711135,-3.81534,2054.450699,259.601724,2:45,4.33207,2.4279,5.37616,-30.80431,4.92122,19.67584,1.09685,0.48543,81.17041,-6.389995,-0.323227,0.43019,,,,,,,,,,,,-11.13918,3.06303,-2.10037,50,4.24664,7.79496,-130.35448,-2.78532,-18.86363,31.44275,-26.987,STA_YAN,LAN,StatenIslandYankees,Independent,ATL,20250808-StatenIslandYankees-1,bf433940-7468-11f0-8056-7d20f596a496,87.61804,,,8.92655,,,,,,,74ae92c6-097b-4c67-a4fc-76e9cf9e5798,2025-08-08,15:02:48.19,2025-08-08T11:02:48.1927680-04:00,2025-08-08T15:02:48.1927680Z,,v3,586,1889,,"Martorano, Brandon",668785,Right,STA_YAN,b265f85f-5014-4969-bfab-6822fda87765,55.12251,-131.58427,15.72138,4.33494,-1.72979,-13.4935,-2.41968,8.53276,-9.43181,,,,,,,,,,,,,,,,,,,,,,,,,,,,,,,,,,,,,,,,,,,,,,,,,,,High,High,High,,,,,
64,2025-08-08,11:03:04.56,5,4,"Scott, Wesley",669417,Right,STA_YAN,"Campagna, Joe",690523,Right,LAN,Undefined,2,Top,1,3,0,Undefined,Sinker,BallCalled,Walk,Undefined,Undefined,0,0,,90.86203,-1.230754,-4.559957,2138.036863,260.749146,2:45,4.48499,2.24464,5.288,-30.79021,4.44299,19.45619,0.75958,-0.42498,82.06274,-6.883519,-1.116826,0.427216,,,,,,,,,,,,-11.27922,2.9398,-1.84366,50,4.35004,9.58774,-131.34912,-4.01684,-19.43799,31.33761,-27.10774,STA_YAN,LAN,StatenIslandYankees,Independent,ATL,20250808-StatenIslandYankees-1,c90c9070-7468-11f0-8056-7d20f596a496,88.22809,,,8.79929,,,,,,,74ae92c6-097b-4c67-a4fc-76e9cf9e5798,2025-08-08,15:03:04.56,2025-08-08T11:03:04.5605376-04:00,2025-08-08T15:03:04.5605376Z,,v3,586,1889,,"Martorano, Brandon",668785,Right,STA_YAN,ec6f7c89-14d0-45b5-8c45-c2df97c8e65e,55.21196,-132.58677,15.66881,4.48754,-2.94624,-13.55387,-2.23748,10.35543,-9.719,,,,,,,,,,,,,,,,,,,,,,,,,,,,,,,,,,,,,,,,,,,,,,,,,,,High,High,High,,,,,
65,2025-08-08,11:03:40.21,6,1,"Scott, Wesley",669417,Right,STA_YAN,"Lucky, Nick",681879,Left,LAN,Undefined,2,Top,1,0,0,Undefined,Sinker,BallCalled,Undefined,Undefined,Undefined,0,0,,89.76441,-0.368404,-3.630761,2138.781051,270.949211,3:00,4.37582,2.08549,5.36978,-34.81073,0.89303,19.54966,1.12881,0.30588,81.54725,-6.739133,-0.159388,0.430059,,,,,,,,,,,,-10.93989,0.89492,-1.77409,50,4.31797,7.36799,-130.03317,-2.18267,-18.58117,29.30335,-30.65406,STA_YAN,LAN,StatenIslandYankees,Independent,ATL,20250808-StatenIslandYankees-1,de4f86e0-7468-11f0-8056-7d20f596a496,87.64474,,,8.21717,,,,,,,74ae92c6-097b-4c67-a4fc-76e9cf9e5798,2025-08-08,15:03:40.21,2025-08-08T11:03:40.2184192-04:00,2025-08-08T15:03:40.2184192Z,,v3,586,1889,,"Martorano, Brandon",668785,Right,STA_YAN,a5285ea9-ae82-4588-bb24-244a2dbd22d5,55.13048,-131.18425,14.65167,4.38006,-0.97854,-15.32703,-2.07785,8.09789,-9.29058,,,,,,,,,,,,,,,,,,,,,,,,,,,,,,,,,,,,,,,,,,,,,,,,,,,High,High,High,,,,,
66,2025-08-08,11:03:55.53,6,2,"Scott, Wesley",669417,Right,STA_YAN,"Lucky, Nick",681879,Left,LAN,Undefined,2,Top,1,1,0,Undefined,Slider,StrikeSwinging,Undefined,Undefined,Undefined,0,0,,80.57465,0.762472,-2.224392,2530.179588,115.098591,9:45,4.61607,2.32865,5.01141,-38.81723,6.96351,-11.00095,2.10155,-0.68864,71.92831,-6.375115,-4.163402,0.486982,,,,,,,,,,,,4.63256,3.68158,-2.10583,50,4.65867,4.99774,-116.44055,0.18188,6.17916,27.66153,-27.26334,STA_YAN,LAN,StatenIslandYankees,Independent,ATL,20250808-StatenIslandYankees-1,e77b6590-7468-11f0-8056-7d20f596a496,77.40008,,,8.64634,,,,,,,74ae92c6-097b-4c67-a4fc-76e9cf9e5798,2025-08-08,15:03:55.53,2025-08-08T11:03:55.5387392-04:00,2025-08-08T15:03:55.5387392Z,,v3,586,1889,,"Martorano, Brandon",668785,Right,STA_YAN,5cdfccbe-c41d-49f3-b5f6-e3deb62e25b5,55.48294,-117.73587,13.83076,4.62026,1.45856,-13.63167,-2.33309,4.70839,3.08958,,,,,,,,,,,,,,,,,,,,,,,,,,,,,,,,,,,,,,,,,,,,,,,,,,,High,High,High,,,,,
67,2025-08-08,11:04:12.93,6,3,"Scott, Wesley",669417,Right,STA_YAN,"Lucky, Nick",681879,Left,LAN,Undefined,2,Top,1,1,1,Undefined,Slider,InPlay,Undefined,GroundBall,Out,1,1,,79.98071,0.698697,-1.242443,2715.364305,83.913461,8:45,4.51929,2.32865,5.20026,-45.84884,0.245,-14.74733,1.35591,-0.06906,71.56103,-7.699728,-3.856189,0.488644,36.36361,-33.166942,-42.139685,,,,,4.9139,4.9139,-19.257732,0.052703,6.92555,0.34583,-2.20179,50,4.54973,3.12232,-115.73048,-0.1987,9.11122,27.6264,-31.71906,STA_YAN,LAN,StatenIslandYankees,Independent,ATL,20250808-StatenIslandYankees-1,f1d42b80-7468-11f0-8056-7d20f596a496,77.13674,1.55083,,8.41968,,,,2.87941,1.55083,-0.02862,74ae92c6-097b-4c67-a4fc-76e9cf9e5798,2025-08-08,15:04:12.93,2025-08-08T11:04:12.9392128-04:00,2025-08-08T15:04:12.9392128Z,GroundBall,v3,586,1889,,"Martorano, Brandon",668785,Right,STA_YAN,4b0c0686-fd4b-4550-9479-1e3a8ac2c4da,55.29654,-116.988,13.8132,4.52591,1.24512,-15.85953,-2.33448,2.70759,4.55561,,2.87702,33.38573,,,,,,,,1.55293,-29.42572,,,,,,,,-0.02646,-30.20835,,,,,,,,,,,,,,,,,,,,,,,,,,,,,,High,High,High,Estimated,Estimated,,,
68,2025-08-08,11:05:02.81,7,1,"Scott, Wesley",669417,Right,STA_YAN,"Watson, Kevin",675982,Left,LAN,Undefined,2,Top,2,0,0,Undefined,Sinker,BallCalled,Undefined,Undefined,Undefined,0,0,,90.15799,1.192777,-2.68424,2100.211542,259.405348,2:45,4.51768,2.25271,5.23426,-30.76053,4.98441,19.82072,3.07686,1.37951,81.17007,-4.476475,0.826317,0.430307,,,,,,,,,,,,-10.66256,2.50083,-2.0207,50,4.60502,5.17501,-130.53432,1.52617,-18.15147,30.9016,-27.91678,STA_YAN,LAN,StatenIslandYankees,Independent,ATL,20250808-StatenIslandYankees-1,0f6fab10-7469-11f0-8056-7d20f596a496,87.59421,,,8.98792,,,,,,,74ae92c6-097b-4c67-a4fc-76e9cf9e5798,2025-08-08,15:05:02.81,2025-08-08T11:05:02.8113408-04:00,2025-08-08T15:05:02.8113408Z,,v3,586,1889,,"Martorano, Brandon",668785,Right,STA_YAN,080f2a64-8989-44e4-bff2-935b3cd7620c,55.26288,-131.77432,15.4508,4.52131,2.64639,-13.95839,-2.24297,5.90338,-9.07574,,,,,,,,,,,,,,,,,,,,,,,,,,,,,,,,,,,,,,,,,,,,,,,,,,,High,High,High,,,,,
69,2025-08-08,11:05:23.23,7,2,"Scott, Wesley",669417,Right,STA_YAN,"Watson, Kevin",675982,Left,LAN,Undefined,2,Top,2,1,0,Undefined,Sinker,FoulBallNotFieldable,Undefined,Undefined,Undefined,0,0,,90.43927,0.68012,-3.082174,2166.625757,249.691442,2:15,4.3915,2.3777,5.40571,-28.98513,6.48772,13.96351,2.61428,0.65063,81.09377,-4.69598,-0.602712,0.428666,74.40527,71.403332,-65.602956,5569.422519,2.66765,106.21642,-109.96761,143.89046,71.62846,-90.062674,5.423371,-8.04764,3.4004,-2.11324,50,4.43217,6.40536,-130.88326,0.47593,-13.69983,32.42086,-26.3854,STA_YAN,LAN,StatenIslandYankees,Independent,ATL,20250808-StatenIslandYankees-1,1bb302f0-7469-11f0-8056-7d20f596a496,87.92953,136.4911,,9.3455,,,,,,,74ae92c6-097b-4c67-a4fc-76e9cf9e5798,2025-08-08,15:05:23.23,2025-08-08T11:05:23.2341504-04:00,2025-08-08T15:05:23.2341504Z,Popup,v3,586,1889,,"Martorano, Brandon",668785,Right,STA_YAN,90612ca7-8c07-42e9-88cf-0fee854f3efb,55.09139,-132.13842,16.21043,4.39397,1.49743,-13.1927,-2.37149,6.93574,-6.84991,,4.2421,14.54206,-11.62938,4.34319,-0.99969,0.08212,0.02179,-0.00578,0.00039,20.06612,103.38876,-28.42414,2.8262,0.10383,-0.27424,0.08117,-0.01063,0.00054,-5.45216,-31.40176,-0.67549,2.28281,-1.42181,0.49289,-0.09387,0.00909,-0.00035,,,,,,,,,,,,,,,,,,,,,,,High,High,High,Medium,Low,,,
70,2025-08-08,11:06:00.25,7,3,"Scott, Wesley",669417,Right,STA_YAN,"Watson, Kevin",675982,Left,LAN,Undefined,2,Top,2,1,1,Undefined,Sinker,BallCalled,Undefined,Undefined,Undefined,0,0,,89.68619,2.165222,-2.32847,1975.385546,235.187404,1:45,4.4474,2.47658,5.29825,-26.40584,9.53949,11.93666,4.28237,1.28402,80.8499,-2.737489,-0.213009,0.431512,,,,,,,,,,,,-6.63209,4.47544,-2.27365,50,4.62567,4.71771,-129.83739,3.94113,-11.21219,29.62712,-24.6079,STA_YAN,LAN,StatenIslandYankees,Independent,ATL,20250808-StatenIslandYankees-1,31a8cea0-7469-11f0-8056-7d20f596a496,87.34973,,,8.83629,,,,,,,74ae92c6-097b-4c67-a4fc-76e9cf9e5798,2025-08-08,15:06:00.25,2025-08-08T11:06:00.2507776-04:00,2025-08-08T15:06:00.2507776Z,,v3,586,1889,,"Martorano, Brandon",668785,Right,STA_YAN,9d4a2012-1003-4c43-a0d0-5b13d07a6b73,55.19757,-131.01804,14.81356,4.44907,4.92176,-12.30395,-2.47055,5.16452,-5.6061,,,,,,,,,,,,,,,,,,,,,,,,,,,,,,,,,,,,,,,,,,,,,,,,,,,High,High,High,,,,,
71,2025-08-08,11:06:47.46,7,4,"Scott, Wesley",669417,Right,STA_YAN,"Watson, Kevin",675982,Left,LAN,Undefined,2,Top,2,2,1,Undefined,Slider,StrikeSwinging,Undefined,Undefined,Undefined,0,0,,80.12159,0.911544,-1.637864,2712.259253,87.44141,9:00,4.56561,2.40101,5.23916,-44.64672,0.77295,-19.22395,1.70221,-0.74079,72.42231,-7.247499,-5.043539,0.485058,,,,,,,,,,,,9.1089,0.50811,-2.23527,50,4.61635,4.10494,-116.06827,0.28819,12.17889,25.75383,-31.49468,STA_YAN,LAN,StatenIslandYankees,Independent,ATL,20250808-StatenIslandYankees-1,4deab1a0-7469-11f0-8056-7d20f596a496,77.70712,,,7.69928,,,,,,,74ae92c6-097b-4c67-a4fc-76e9cf9e5798,2025-08-08,15:06:47.46,2025-08-08T11:06:47.4624512-04:00,2025-08-08T15:06:47.4624512Z,,v3,586,1889,,"Martorano, Brandon",668785,Right,STA_YAN,89cb8675-1b23-40fd-8366-a742ce9b65f7,55.25986,-117.22955,12.87692,4.57133,1.70833,-15.74734,-2.40798,3.55578,6.08944,,,,,,,,,,,,,,,,,,,,,,,,,,,,,,,,,,,,,,,,,,,,,,,,,,,High,High,High,,,,,
72,2025-08-08,11:07:08.58,7,5,"Scott, Wesley",669417,Right,STA_YAN,"Watson, Kevin",675982,Left,LAN,Undefined,2,Top,2,2,2,Undefined,Slider,StrikeSwinging,Strikeout,Undefined,Undefined,0,0,,79.72073,1.319281,-1.03932,2755.17177,96.808481,9:15,4.64712,2.35124,5.13973,-41.86286,3.7265,-18.54344,2.40123,-0.17279,72.57235,-6.325835,-4.318991,0.485963,,,,,,,,,,,,8.92335,1.89406,-2.23887,50,4.73863,2.8644,-115.58648,1.19401,11.96351,23.35377,-29.63469,STA_YAN,LAN,StatenIslandYankees,Independent,ATL,20250808-StatenIslandYankees-1,5a8b92d0-7469-11f0-8056-7d20f596a496,77.56236,,,7.14839,,,,,,,74ae92c6-097b-4c67-a4fc-76e9cf9e5798,2025-08-08,15:07:08.58,2025-08-08T11:07:08.5860000-04:00,2025-08-08T15:07:08.5860000Z,,v3,586,1889,,"Martorano, Brandon",668785,Right,STA_YAN,1989a840-4ace-4c88-ae64-49d49e62da45,55.35932,-116.66428,11.67688,4.65197,2.56169,-14.81735,-2.35833,2.31227,5.98176,,,,,,,,,,,,,,,,,,,,,,,,,,,,,54.13709,3.242081,1.95712,1.284961,0.12452,2.25526,0.27127,-2.2032,5.87622,-1.0456,58.80082,3.89232,-65.98543,-2.1781,51.00811,-2.76983,5.96844,18.43084,-15.6222,-1.11719,-56.70852,4.86072,High,High,High,,,High,High,High
73,2025-08-08,11:09:16.11,1,1,"McCollough, Luke",1000097980,Right,LAN,"Sandoval, Pablo",467055,Left,STA_YAN,Undefined,2,Bottom,0,0,0,Undefined,Sinker,StrikeCalled,Undefined,Undefined,Undefined,0,0,,89.18259,-1.208339,-2.559992,2245.209804,231.763387,1:45,5.98672,1.27236,5.48123,-22.361,13.24942,15.40847,2.99142,0.15954,81.72609,-5.365143,0.182709,0.429497,,,,,,,,,,,,-8.45536,7.34185,-1.05844,50,5.86558,5.10218,-129.40458,-3.50556,-14.38315,26.19691,-19.68507,STA_YAN,LAN,StatenIslandYankees,Independent,ATL,20250808-StatenIslandYankees-1,a6833490-7469-11f0-8056-7d20f596a496,87.75954,,,7.4565,,,,,,,74ae92c6-097b-4c67-a4fc-76e9cf9e5798,2025-08-08,15:09:16.11,2025-08-08T11:09:16.1118720-04:00,2025-08-08T15:09:16.1118720Z,,v3,586,1889,,"Isola, Alex",684576,Right,LAN,d763860f-c280-4b4b-866c-a3ee6f2f58c4,55.01804,-130.41648,13.09846,5.9863,-2.74519,-9.84253,-1.26625,5.65775,-7.19157,,,,,,,,,,,,,,,,,,,,,,,,,,,,,,,,,,,,,,,,,,,,,,,,,,,High,High,High,,,,,
74,2025-08-08,11:09:29.57,1,2,"McCollough, Luke",1000097980,Right,LAN,"Sandoval, Pablo",467055,Left,STA_YAN,Undefined,2,Bottom,0,0,1,Undefined,Sinker,InPlay,Undefined,GroundBall,Out,1,0,,89.81553,-1.13661,-1.794618,2382.032663,236.142737,1:45,6.00708,1.01059,5.52122,-24.58942,10.35851,13.86891,2.89463,0.4879,82.56668,-5.682205,0.678037,0.425483,97.88451,-23.837854,-2.811858,,,,,8.85921,8.85921,-5.193464,0.050737,-7.53717,5.85012,-0.86415,50,5.8917,3.48526,-130.44838,-3.46613,-13.04985,26.20678,-22.04516,STA_YAN,LAN,StatenIslandYankees,Independent,ATL,20250808-StatenIslandYankees-1,ae8a4250-7469-11f0-8056-7d20f596a496,88.58741,2.95008,,7.24886,,,,2.15412,2.95008,-0.47439,74ae92c6-097b-4c67-a4fc-76e9cf9e5798,2025-08-08,15:09:29.57,2025-08-08T11:09:29.5729664-04:00,2025-08-08T15:09:29.5729664Z,GroundBall,v3,586,1889,,"Isola, Alex",684576,Right,LAN,ab7945aa-7b78-4c76-8d6e-d038b4e0d37c,54.97949,-131.44494,13.10339,6.00756,-2.62782,-11.02258,-1.00613,3.98151,-6.52493,180,2.15185,131.43595,,,,,,,,2.95108,-58.14393,,,,,,,,-0.47428,-6.45556,,,,,,,,,,,,,,,,,,,,,,,,,,,,,,High,High,High,High,High,,,
75,2025-08-08,11:10:02.93,2,1,"McCollough, Luke",1000097980,Right,LAN,"Martorano, Brandon",668785,Right,STA_YAN,Undefined,2,Bottom,1,0,0,Undefined,Sinker,StrikeCalled,Undefined,Undefined,Undefined,0,0,,89.99328,-1.978879,-1.624665,2357.632574,231.761694,1:45,5.9556,1.32573,5.55909,-22.28025,12.50052,14.52442,2.24859,1.01778,82.77861,-6.109497,0.967193,0.424464,,,,,,,,,,,,-7.79969,7.17166,-1.19531,50,5.76998,3.07008,-130.66233,-5.29135,-13.55286,26.21434,-19.71251,STA_YAN,LAN,StatenIslandYankees,Independent,ATL,20250808-StatenIslandYankees-1,c26b10b0-7469-11f0-8056-7d20f596a496,88.80003,,,7.21467,,,,,,,74ae92c6-097b-4c67-a4fc-76e9cf9e5798,2025-08-08,15:10:02.93,2025-08-08T11:10:02.9388288-04:00,2025-08-08T15:10:02.9388288Z,,v3,586,1889,,"Isola, Alex",684576,Right,LAN,aa62a472-9c67-4070-9550-384b2236c6d0,54.94094,-131.64988,13.10717,5.95533,-4.54874,-9.85626,-1.32058,3.58065,-6.77643,,,,,,,,,,,,,,,,,,,,,,,,,,,,,,,,,,,,,,,,,,,,,,,,,,,High,High,High,,,,,
76,2025-08-08,11:10:16.10,2,2,"McCollough, Luke",1000097980,Right,LAN,"Martorano, Brandon",668785,Right,STA_YAN,Undefined,2,Bottom,1,0,1,Undefined,Changeup,InPlay,Undefined,GroundBall,Single,0,0,,80.12757,-0.315586,-2.941486,2276.952751,273.118191,3:00,5.76704,1.69722,5.33595,-43.3838,0.77457,9.37032,1.85526,-0.28401,74.18236,-8.189779,-1.276959,0.478275,83.63313,-18.238462,-22.932882,,,,,7.70084,7.70084,-15.231841,0.050438,-5.49087,0.81803,-1.43863,50,5.70696,5.60651,-116.3185,-2.14768,-7.58009,20.26245,-31.04477,STA_YAN,LAN,StatenIslandYankees,Independent,ATL,20250808-StatenIslandYankees-1,ca482840-7469-11f0-8056-7d20f596a496,78.80909,1.93996,,5.94521,,,,2.00851,1.93996,0.27072,74ae92c6-097b-4c67-a4fc-76e9cf9e5798,2025-08-08,15:10:16.10,2025-08-08T11:10:16.1060864-04:00,2025-08-08T15:10:16.1060864Z,GroundBall,v3,586,1889,,"Isola, Alex",684576,Right,LAN,4ed701b5-91b3-457a-a21a-1fb7ad93ebaf,55.16554,-117.21488,10.13122,5.77159,-0.77432,-15.52239,-1.69407,5.94184,-3.79004,,2.00686,107.49418,,,,,,,,1.94055,-38.46225,,,,,,,,0.27142,-45.48003,,,,,,,,,,,,,,,,,,,,,,,,,,,,,,High,High,High,Estimated,Estimated,,,
77,2025-08-08,11:10:54.81,3,1,"McCollough, Luke",1000097980,Right,LAN,"Maggi, Drew",543482,Right,STA_YAN,Undefined,2,Bottom,1,0,0,Undefined,Slider,BallCalled,Undefined,Undefined,Undefined,0,0,,79.06508,-0.581582,-3.777846,2229.473704,263.718508,2:45,5.7408,1.68533,5.32721,-43.49424,2.09036,6.52882,1.56936,-1.32066,73.04102,-8.475345,-2.620186,0.485938,,,,,,,,,,,,-4.27437,1.62295,-1.34819,50,5.65666,7.30874,-114.61383,-2.65873,-5.71422,20.189,-30.00439,STA_YAN,LAN,StatenIslandYankees,Independent,ATL,20250808-StatenIslandYankees-1,e1426ba0-7469-11f0-8056-7d20f596a496,77.56641,,,6.02407,,,,,,,74ae92c6-097b-4c67-a4fc-76e9cf9e5798,2025-08-08,15:10:54.81,2025-08-08T11:10:54.8113920-04:00,2025-08-08T15:10:54.8113920Z,,v3,586,1889,,"Isola, Alex",684576,Right,LAN,ef72c5c4-ada7-4bc1-96a3-e1324b13812d,55.17267,-115.52139,10.0945,5.74587,-1.30994,-15.0022,-1.68251,7.56561,-2.85711,,,,,,,,,,,,,,,,,,,,,,,,,,,,,,,,,,,,,,,,,,,,,,,,,,,High,High,High,,,,,
78,2025-08-08,11:11:12.85,3,2,"McCollough, Luke",1000097980,Right,LAN,"Maggi, Drew",543482,Right,STA_YAN,Undefined,2,Bottom,1,1,0,Undefined,Slider,StrikeCalled,Undefined,Undefined,Undefined,0,0,,77.87485,1.573514,-2.131244,2300.36764,233.313034,1:45,5.72345,1.85533,5.04393,-45.16936,2.46945,1.3037,3.44501,-0.04733,71.30219,-6.63639,-1.901116,0.496766,,,,,,,,,,,,-1.23764,1.2524,-1.65312,50,5.83765,4.14754,-112.88838,1.51672,-1.59706,20.55371,-30.55795,STA_YAN,LAN,StatenIslandYankees,Independent,ATL,20250808-StatenIslandYankees-1,ec0516f0-7469-11f0-8056-7d20f596a496,75.87562,,,6.57266,,,,,,,74ae92c6-097b-4c67-a4fc-76e9cf9e5798,2025-08-08,15:11:12.85,2025-08-08T11:11:12.8531968-04:00,2025-08-08T15:11:12.8531968Z,,v3,586,1889,,"Isola, Alex",684576,Right,LAN,fd764ded-72c8-4325-bf13-83fd39e2d663,55.4544,-113.87713,10.27685,5.72933,2.98674,-15.27897,-1.85449,4.22437,-0.79853,,,,,,,,,,,,,,,,,,,,,,,,,,,,,,,,,,,,,,,,,,,,,,,,,,,High,High,High,,,,,
79,2025-08-08,11:11:33.32,3,3,"McCollough, Luke",1000097980,Right,LAN,"Maggi, Drew",543482,Right,STA_YAN,Undefined,2,Bottom,1,1,1,Undefined,Sinker,InPlay,Undefined,FlyBall,Out,1,0,,88.33915,-2.026258,-2.69979,2365.267043,238.960612,2:00,5.8585,1.60461,5.41516,-24.40631,12.10926,18.17143,1.92353,0.58785,80.86552,-6.540322,0.532059,0.434921,92.3526,42.43096,-30.900733,2975.778245,93.50686,92.60717,-57.93464,332.19755,331.45208,-32.43803,5.822418,-9.95256,7.00626,-1.37787,50,5.66133,5.24849,-128.09203,-5.39447,-16.53426,26.47762,-20.53451,STA_YAN,LAN,StatenIslandYankees,Independent,ATL,20250808-StatenIslandYankees-1,f84d02b0-7469-11f0-8056-7d20f596a496,86.66502,121.91871,,7.47363,,,,2.0368,1.98098,-0.51961,74ae92c6-097b-4c67-a4fc-76e9cf9e5798,2025-08-08,15:11:33.32,2025-08-08T11:11:33.3201920-04:00,2025-08-08T15:11:33.3201920Z,FlyBall,v3,586,1889,,"Isola, Alex",684576,Right,LAN,98f4e846-ba5c-42ab-ae68-2296eda10df3,55.08518,-129.1389,13.23881,5.85856,-4.58258,-10.26726,-1.59831,5.90222,-8.26713,171.815211,2.04079,85.7008,-19.08917,4.6083,-0.59879,-0.01426,0.01857,-0.00252,0.00011,1.97808,91.43462,-20.1264,1.48145,-0.24937,0.01999,0.00565,-0.00148,0.0001,-0.52191,-51.29766,9.04073,-1.8367,0.18559,0.01714,-0.00782,0.00086,-3E-05,,,,,,,,,,,,,,,,,,,,,,,High,High,High,High,Medium,,,
80,2025-08-08,11:12:10.19,4,1,"McCollough, Luke",1000097980,Right,LAN,"Rodriguez, Cristhian",682725,Left,STA_YAN,Undefined,2,Bottom,2,0,0,Undefined,Changeup,StrikeSwinging,Undefined,Undefined,Undefined,0,0,,82.15744,-1.581167,-2.294515,1670.058831,247.307259,2:15,5.82219,1.68369,5.01709,-34.34222,8.2917,16.70981,1.46654,0.90956,75.74778,-7.818381,0.658536,0.469947,,,,,,,,,,,,-8.98563,4.89433,-1.47816,50,5.64286,4.0763,-119.18489,-4.53022,-12.98261,21.95125,-25.10266,STA_YAN,LAN,StatenIslandYankees,Independent,ATL,20250808-StatenIslandYankees-1,0e482590-746a-11f0-8056-7d20f596a496,80.20571,,,6.40966,,,,,,,74ae92c6-097b-4c67-a4fc-76e9cf9e5798,2025-08-08,15:12:10.19,2025-08-08T11:12:10.1990912-04:00,2025-08-08T15:12:10.1990912Z,,v3,586,1889,,"Isola, Alex",684576,Right,LAN,26c9be27-9945-40f3-936e-8534122eca25,55.48411,-120.1907,10.97563,5.82408,-3.38001,-12.55133,-1.67856,4.67116,-6.4913,,,,,,,,,,,,,,,,,,,,,,,,,,,,,,,,,,,,,,,,,,,,,,,,,,,High,High,High,,,,,
81,2025-08-08,11:12:28.86,4,2,"McCollough, Luke",1000097980,Right,LAN,"Rodriguez, Cristhian",682725,Left,STA_YAN,Undefined,2,Bottom,2,0,1,Undefined,Curveball,StrikeCalled,Undefined,Undefined,Undefined,0,0,,72.80813,2.564593,-0.407133,2368.285218,35.063399,7:15,5.94371,1.68344,4.67526,-66.15504,-11.06638,-8.93461,2.86812,0.55221,67.1729,-9.271882,-1.977297,0.534198,,,,,,,,,,,,4.2717,-5.65378,-1.63339,50,6.14424,1.10246,-105.61844,2.39136,4.83208,17.75034,-38.5695,STA_YAN,LAN,StatenIslandYankees,Independent,ATL,20250808-StatenIslandYankees-1,195a9e90-746a-11f0-8056-7d20f596a496,70.55889,,,5.63523,,,,,,,74ae92c6-097b-4c67-a4fc-76e9cf9e5798,2025-08-08,15:12:28.86,2025-08-08T11:12:28.8633344-04:00,2025-08-08T15:12:28.8633344Z,,v3,586,1889,,"Isola, Alex",684576,Right,LAN,1d46c9fe-72b9-4867-8eb1-f5f02e613721,55.82821,-106.59343,8.87517,5.9547,4.50992,-19.28475,-1.68666,0.83704,2.41604,,,,,,,,,,,,,,,,,,,,,,,,,,,,,,,,,,,,,,,,,,,,,,,,,,,High,High,High,,,,,
82,2025-08-08,11:12:46.24,4,3,"McCollough, Luke",1000097980,Right,LAN,"Rodriguez, Cristhian",682725,Left,STA_YAN,Undefined,2,Bottom,2,0,2,Undefined,Sinker,StrikeCalled,Strikeout,Undefined,Undefined,0,0,,89.67268,-2.355394,-3.730725,2337.566604,234.462505,1:45,5.89606,1.41741,5.4292,-20.4297,15.01103,19.42245,1.98168,-0.46305,82.07072,-6.161713,-0.281433,0.428472,,,,,,,,,,,,-10.84768,8.54536,-1.10052,50,5.67286,7.61108,-129.89534,-6.05381,-18.56816,26.73609,-17.54681,STA_YAN,LAN,StatenIslandYankees,Independent,ATL,20250808-StatenIslandYankees-1,23c12020-746a-11f0-8056-7d20f596a496,87.96935,,,7.60196,,,,,,,74ae92c6-097b-4c67-a4fc-76e9cf9e5798,2025-08-08,15:12:46.24,2025-08-08T11:12:46.2403072-04:00,2025-08-08T15:12:46.2403072Z,,v3,586,1889,,"Isola, Alex",684576,Right,LAN,79059eba-3d4e-4ab3-87d8-1ad7a2685258,55.07136,-130.93501,13.36805,5.89501,-5.37148,-8.77341,-1.41052,8.33313,-9.28408,,,,,,,,,,,,,,,,,,,,,,,,,,,,,,,,,,,,,,,,,,,,,,,,,,,High,High,High,,,,,
83,2025-08-08,11:15:09.62,1,1,"Scott, Wesley",669417,Right,STA_YAN,"Isola, Alex",684576,Right,LAN,Undefined,3,Top,0,0,0,Undefined,Sinker,StrikeCalled,Undefined,Undefined,Undefined,0,0,,88.89467,-0.041408,-3.900302,2069.499255,254.331363,2:30,4.49596,2.0944,5.26602,-30.87592,5.93902,16.41072,1.88398,-0.20768,80.09553,-5.730366,-0.996094,0.4367,,,,,,,,,,,,-9.45394,3.35843,-1.74981,50,4.46967,8.01476,-128.58218,-1.25708,-15.60301,30.19177,-26.63123,STA_YAN,LAN,StatenIslandYankees,Independent,ATL,20250808-StatenIslandYankees-1,79366a10-746a-11f0-8056-7d20f596a496,86.31195,,,8.79915,,,,,,,74ae92c6-097b-4c67-a4fc-76e9cf9e5798,2025-08-08,15:15:09.62,2025-08-08T11:15:09.6238592-04:00,2025-08-08T15:15:09.6238592Z,,v3,586,1889,,"Martorano, Brandon",668785,Right,STA_YAN,5cbdd0d3-4f8c-41ec-8b22-0cda121b9591,55.23186,-129.80483,15.09589,4.49874,-0.17862,-13.31562,-2.08717,8.64663,-7.8015,,,,,,,,,,,,,,,,,,,,,,,,,,,,,,,,,,,,,,,,,,,,,,,,,,,High,High,High,,,,,
84,2025-08-08,11:15:20.48,1,2,"Scott, Wesley",669417,Right,STA_YAN,"Isola, Alex",684576,Right,LAN,Undefined,3,Top,0,0,1,Undefined,Slider,FoulBallNotFieldable,Undefined,Undefined,Undefined,0,0,,78.8564,1.172468,-0.537025,2541.211472,100.46273,9:15,4.59488,2.13582,4.95091,-41.21849,5.9524,-23.31915,2.26808,-0.3149,71.42211,-6.355118,-4.64778,0.49432,84.68653,7.650103,-44.102899,3219.163638,,,,115.44599,113.34425,-46.742427,1.049627,11.44753,2.99866,-2.06314,50,4.67492,2.03377,-114.26571,0.89544,14.90577,24.0305,-28.26952,STA_YAN,LAN,StatenIslandYankees,Independent,ATL,20250808-StatenIslandYankees-1,7fb996f0-746a-11f0-8056-7d20f596a496,76.25104,6.21464,,7.43428,,,,2.84954,2.60952,0.04346,74ae92c6-097b-4c67-a4fc-76e9cf9e5798,2025-08-08,15:15:20.48,2025-08-08T11:15:20.4884992-04:00,2025-08-08T15:15:20.4884992Z,GroundBall,v3,586,1889,,"Martorano, Brandon",668785,Right,STA_YAN,26204307-48bf-4464-818a-098f6e151e88,55.54873,-115.42672,12.01525,4.59866,2.26126,-14.13476,-2.144,1.31361,7.45288,,2.84954,88.39793,-18.40755,4.05686,-0.92829,0.18476,-0.03745,0.00661,-0.00068,2.60952,16.53478,-19.65611,1.72745,-0.303,0.05508,-0.00835,0.00142,-0.00017,0.04346,-85.67215,5.29464,0.12903,-0.21766,0.08613,-0.02286,0.00479,-0.00056,,,,,,,,,,,,,,,,,,,,,,,High,High,High,Medium,High,,,
85,2025-08-08,11:15:39.34,1,3,"Scott, Wesley",669417,Right,STA_YAN,"Isola, Alex",684576,Right,LAN,Undefined,3,Top,0,0,2,Undefined,Slider,StrikeSwinging,Strikeout,Undefined,Undefined,0,0,,80.04939,0.509415,-2.55373,2516.811024,105.457492,9:30,4.69641,2.2388,4.9987,-40.20585,5.84784,-15.02477,1.82734,-1.42577,72.16411,-6.837696,-5.199628,0.488432,,,,,,,,,,,,6.55469,3.22169,-1.98039,50,4.71344,5.80642,-115.77737,-0.39563,8.71521,25.73236,-27.89044,STA_YAN,LAN,StatenIslandYankees,Independent,ATL,20250808-StatenIslandYankees-1,8adbc760-746a-11f0-8056-7d20f596a496,77.17036,,,7.88529,,,,,,,74ae92c6-097b-4c67-a4fc-76e9cf9e5798,2025-08-08,15:15:39.34,2025-08-08T11:15:39.3480000-04:00,2025-08-08T15:15:39.3480000Z,,v3,586,1889,,"Martorano, Brandon",668785,Right,STA_YAN,d3e21b2c-f817-466f-bc1a-b06489d92069,55.49716,-116.99277,12.86618,4.70102,0.9217,-13.94522,-2.24492,5.39478,4.35761,,,,,,,,,,,,,,,,,,,,,,,,,,,,,47.01458,2.829449,1.108941,1.720508,0.40866,1.70459,1.51794,-3.96565,5.09058,3.14201,67.90279,12.37433,-56.89573,-3.84302,45.81532,-2.38997,5.29475,30.50613,-15.33164,3.02421,-38.55543,2.16535,High,High,High,,,High,High,High
86,2025-08-08,11:16:03.74,2,1,"Scott, Wesley",669417,Right,STA_YAN,"Alexander, Evan",670116,Left,LAN,Undefined,3,Top,1,0,0,Undefined,Sinker,BallCalled,Undefined,Undefined,Undefined,0,0,,89.65432,0.695113,-2.25116,2050.477439,261.591373,2:45,4.48749,2.33218,5.17905,-32.08061,3.38036,15.84631,2.46869,1.53344,82.47258,-5.153996,0.554508,0.428595,,,,,,,,,,,,-8.44756,1.84197,-2.13518,50,4.52778,4.3798,-130.15936,0.31115,-14.6057,25.30852,-28.98932,STA_YAN,LAN,StatenIslandYankees,Independent,ATL,20250808-StatenIslandYankees-1,996035a0-746a-11f0-8056-7d20f596a496,87.94425,,,7.18173,,,,,,,74ae92c6-097b-4c67-a4fc-76e9cf9e5798,2025-08-08,15:16:03.74,2025-08-08T11:16:03.7494784-04:00,2025-08-08T15:16:03.7494784Z,,v3,586,1889,,"Martorano, Brandon",668785,Right,STA_YAN,8d1b759a-eacf-4087-a3b1-361b63a17b10,55.32113,-131.18994,12.65426,4.49108,1.4916,-14.49466,-2.32564,4.97455,-7.30285,,,,,,,,,,,,,,,,,,,,,,,,,,,,,,,,,,,,,,,,,,,,,,,,,,,High,High,High,,,,,
87,2025-08-08,11:16:16.66,2,2,"Scott, Wesley",669417,Right,STA_YAN,"Alexander, Evan",670116,Left,LAN,Undefined,3,Top,1,1,0,Undefined,Slider,StrikeCalled,Undefined,Undefined,Undefined,0,0,,79.37809,0.973469,-1.440951,2583.656032,117.293822,10:00,4.71581,2.3744,4.96971,-38.68919,7.47272,-11.55386,2.41161,0.0502,72.3722,-6.087589,-3.477642,0.489005,,,,,,,,,,,,5.29174,3.85795,-2.22515,50,4.77858,3.37964,-115.05418,0.59256,7.05496,22.42079,-27.03058,STA_YAN,LAN,StatenIslandYankees,Independent,ATL,20250808-StatenIslandYankees-1,a134e8c0-746a-11f0-8056-7d20f596a496,77.07987,,,7.00589,,,,,,,74ae92c6-097b-4c67-a4fc-76e9cf9e5798,2025-08-08,15:16:16.66,2025-08-08T11:16:16.6633984-04:00,2025-08-08T15:16:16.6633984Z,,v3,586,1889,,"Martorano, Brandon",668785,Right,STA_YAN,dd25fdbc-7c01-472b-9d49-dcbadd8226b7,55.52801,-116.12643,11.2104,4.71933,1.88527,-13.51529,-2.37871,3.04224,3.52748,,,,,,,,,,,,,,,,,,,,,,,,,,,,,,,,,,,,,,,,,,,,,,,,,,,High,High,High,,,,,
88,2025-08-08,11:16:28.78,2,3,"Scott, Wesley",669417,Right,STA_YAN,"Alexander, Evan",670116,Left,LAN,Undefined,3,Top,1,1,1,Undefined,Slider,BallCalled,Undefined,Undefined,Undefined,0,0,,79.63348,1.49849,0.165991,2540.143562,101.93904,9:30,4.64825,2.3218,5.1251,-40.78805,4.7587,-15.49265,2.66095,1.18709,72.58538,-5.957495,-2.575523,0.485736,,,,,,,,,,,,7.69981,2.40681,-2.32504,50,4.75775,0.31921,-115.48308,1.58362,10.35083,22.42046,-28.93857,STA_YAN,LAN,StatenIslandYankees,Independent,ATL,20250808-StatenIslandYankees-1,a857d810-746a-11f0-8056-7d20f596a496,77.59861,,,7.0481,,,,,,,74ae92c6-097b-4c67-a4fc-76e9cf9e5798,2025-08-08,15:16:28.78,2025-08-08T11:16:28.7833600-04:00,2025-08-08T15:16:28.7833600Z,,v3,586,1889,,"Martorano, Brandon",668785,Right,STA_YAN,4dbcab05-665c-4690-a9ee-4cd307215274,55.37257,-116.52147,11.21023,4.65337,2.92389,-14.46928,-2.32873,-0.16018,5.17541,,,,,,,,,,,,,,,,,,,,,,,,,,,,,,,,,,,,,,,,,,,,,,,,,,,High,High,High,,,,,
89,2025-08-08,11:16:45.83,2,4,"Scott, Wesley",669417,Right,STA_YAN,"Alexander, Evan",670116,Left,LAN,Undefined,3,Top,1,2,1,Undefined,Sinker,BallCalled,Undefined,Undefined,Undefined,0,0,,90.3391,0.419398,-2.771079,2066.858165,261.894309,2:45,4.46857,2.31299,5.04823,-31.30096,3.89492,19.89737,2.25621,1.35536,82.89935,-5.2803,0.742229,0.42699,,,,,,,,,,,,-10.58028,2.15051,-2.06536,50,4.48365,5.40064,-131.06909,-0.30305,-18.50509,26.29302,-28.4128,STA_YAN,LAN,StatenIslandYankees,Independent,ATL,20250808-StatenIslandYankees-1,b27b5d30-746a-11f0-8056-7d20f596a496,88.27486,,,7.43975,,,,,,,74ae92c6-097b-4c67-a4fc-76e9cf9e5798,2025-08-08,15:16:45.83,2025-08-08T11:16:45.8377728-04:00,2025-08-08T15:16:45.8377728Z,,v3,586,1889,,"Martorano, Brandon",668785,Right,STA_YAN,eaa4eb11-954d-4731-890c-3c0cebd4d1b3,55.45247,-132.15835,13.14651,4.47182,0.87403,-14.2064,-2.30498,6.16726,-9.25255,,,,,,,,,,,,,,,,,,,,,,,,,,,,,,,,,,,,,,,,,,,,,,,,,,,High,High,High,,,,,
90,2025-08-08,11:17:02.47,2,5,"Scott, Wesley",669417,Right,STA_YAN,"Alexander, Evan",670116,Left,LAN,Undefined,3,Top,1,3,1,Undefined,Slider,FoulBallNotFieldable,Undefined,Undefined,Undefined,0,0,,79.44876,0.912672,-1.628766,2607.324128,84.453238,8:45,4.65408,2.31227,5.04111,-46.34278,0.24539,-15.00261,1.65356,-0.47483,71.71065,-7.52708,-4.278012,0.491258,84.33434,2.860197,74.679308,3489.25778,,,,40.40375,37.68185,73.380325,0.321245,6.95142,0.23256,-2.14402,50,4.70422,3.88999,-115.03353,0.1855,9.1214,25.46453,-31.8689,STA_YAN,LAN,StatenIslandYankees,Independent,ATL,20250808-StatenIslandYankees-1,bc7d0270-746a-11f0-8056-7d20f596a496,76.72643,1.83683,,7.73811,,,,2.88078,1.56493,0.78383,74ae92c6-097b-4c67-a4fc-76e9cf9e5798,2025-08-08,15:17:02.47,2025-08-08T11:17:02.4770048-04:00,2025-08-08T15:17:02.4770048Z,GroundBall,v3,586,1889,,"Martorano, Brandon",668785,Right,STA_YAN,280c9883-b037-4c12-a368-3e773a0c80b8,55.45767,-116.2354,12.73226,4.65996,1.68964,-15.93445,-2.31746,3.45948,4.5607,,2.8821,32.58721,-17.40076,,,,,,,1.56905,6.00326,-33.93128,,,,,,,0.77701,119.42713,-4.06802,,,,,,,,,,,,,,,,,,,,,,,,,,,,,High,High,High,Medium,High,,,
91,2025-08-08,11:17:22.55,2,6,"Scott, Wesley",669417,Right,STA_YAN,"Alexander, Evan",670116,Left,LAN,Undefined,3,Top,1,3,2,Undefined,Slider,FoulBallNotFieldable,Undefined,Undefined,Undefined,0,0,,80.37627,0.24184,-2.238975,2635.578902,96.43554,9:15,4.71709,2.24801,5.24918,-41.90002,3.1774,-13.87036,1.45285,-1.01289,72.75335,-7.420513,-4.695782,0.483227,,,,,,,,,,,,6.25756,1.91583,-2.0315,50,4.70833,5.11384,-116.41312,-0.95675,8.42928,25.60069,-29.59332,STA_YAN,LAN,StatenIslandYankees,Independent,ATL,20250808-StatenIslandYankees-1,c874f970-746a-11f0-8056-7d20f596a496,78.00157,,,7.62291,,,,,,,74ae92c6-097b-4c67-a4fc-76e9cf9e5798,2025-08-08,15:17:22.55,2025-08-08T11:17:22.5522176-04:00,2025-08-08T15:17:22.5522176Z,,v3,586,1889,,"Martorano, Brandon",668785,Right,STA_YAN,187b74b6-7811-41c7-a96b-3a0c1182a4bc,55.24961,-117.56191,12.80034,4.72147,0.37119,-14.79666,-2.25249,4.73558,4.21464,,,,,,,,,,,,,,,,,,,,,,,,,,,,,,,,,,,,,,,,,,,,,,,,,,,High,High,High,,,,,
92,2025-08-08,11:18:08.18,2,7,"Scott, Wesley",669417,Right,STA_YAN,"Alexander, Evan",670116,Left,LAN,Undefined,3,Top,1,3,2,Undefined,Slider,FoulBallNotFieldable,Undefined,Undefined,Undefined,0,0,,81.05132,1.158497,-1.049692,2530.993672,105.576263,9:30,4.59975,2.1398,5.01085,-39.47014,5.16114,-12.79792,2.40437,0.08243,73.17263,-6.065462,-3.308272,0.48083,49.48129,4.014931,-149.301053,4610.797751,,,,36.45076,33.52498,-155.259664,0.492375,5.95599,2.67264,-2.02837,50,4.67959,2.70916,-117.35854,0.94682,8.17985,25.37163,-28.50346,STA_YAN,LAN,StatenIslandYankees,Independent,ATL,20250808-StatenIslandYankees-1,e3914830-746a-11f0-8056-7d20f596a496,78.39044,2.6286,,7.87868,,,,,,,74ae92c6-097b-4c67-a4fc-76e9cf9e5798,2025-08-08,15:18:08.18,2025-08-08T11:18:08.1850368-04:00,2025-08-08T15:18:08.1850368Z,GroundBall,v3,586,1889,,"Martorano, Brandon",668785,Right,STA_YAN,0201b7b7-5985-4798-b64a-7b80abc89df1,55.48487,-118.53838,12.68581,4.60474,2.2723,-14.25173,-2.14551,2.32878,4.08993,62.843443,-3.13759,-62.3832,3.06763,,,,,,,2.32448,4.82534,-19.42549,,,,,,,0.60115,-36.80082,9.35997,,,,,,,,,,,,,,,,,,,,,,,,,,,,,High,High,High,High,High,,,
93,2025-08-08,11:18:29.44,2,8,"Scott, Wesley",669417,Right,STA_YAN,"Alexander, Evan",670116,Left,LAN,Undefined,3,Top,1,3,2,Undefined,Sinker,FoulBallNotFieldable,Undefined,Undefined,Undefined,0,0,,90.09657,0.270635,-3.435003,2038.959724,256.88084,2:30,4.43253,2.22035,5.31032,-30.67947,4.50988,14.64115,2.1304,0.21237,82.42458,-5.349634,-0.840279,0.42695,68.79293,32.401218,-142.225479,3978.684354,-90.16846,31.22617,-63.0044,176.9419,56.55778,-146.753256,2.529554,-8.29036,2.50366,-1.91958,50,4.43484,7.17559,-130.63006,-0.56242,-14.35396,26.99956,-27.83919,STA_YAN,LAN,StatenIslandYankees,Independent,ATL,20250808-StatenIslandYankees-1,f0545760-746a-11f0-8056-7d20f596a496,88.28302,32.43653,,7.67199,,,,0.73982,2.02906,-0.14283,74ae92c6-097b-4c67-a4fc-76e9cf9e5798,2025-08-08,15:18:29.44,2025-08-08T11:18:29.4407680-04:00,2025-08-08T15:18:29.4407680Z,FlyBall,v3,586,1889,,"Martorano, Brandon",668785,Right,STA_YAN,da98981e-0029-4b54-a553-b1ffe1b91f10,55.18985,-131.69837,13.49978,4.4353,0.53911,-13.9196,-2.21474,7.74354,-7.17698,29.777332,0.73997,-67.34466,2.18915,0.39153,0.47847,-0.58489,0.31783,-0.0831,0.0084,2.02907,54.06346,-26.92305,3.03464,-0.49324,0.02582,0.00704,0.00173,-0.00066,-0.14271,-52.18996,6.93778,-1.08953,0.58927,-0.45367,0.24061,-0.06536,0.00688,,,,,,,,,,,,,,,,,,,,,,,High,High,High,High,Low,,,
94,2025-08-08,11:18:51.82,2,9,"Scott, Wesley",669417,Right,STA_YAN,"Alexander, Evan",670116,Left,LAN,Undefined,3,Top,1,3,2,Undefined,Slider,FoulBallNotFieldable,Undefined,Undefined,Undefined,0,0,,80.50431,1.204513,-0.4808,2509.100426,123.629412,10:00,4.68115,2.06054,5.16878,-35.61159,9.15241,-11.43808,2.8473,0.65488,72.88857,-5.35583,-2.505723,0.481544,,,,,,,,,,,,5.5663,4.62276,-2.00652,50,4.76658,1.45495,-116.67921,1.23435,7.58646,24.27771,-25.87354,STA_YAN,LAN,StatenIslandYankees,Independent,ATL,20250808-StatenIslandYankees-1,fdb1d1d0-746a-11f0-8056-7d20f596a496,78.27416,,,7.61573,,,,,,,74ae92c6-097b-4c67-a4fc-76e9cf9e5798,2025-08-08,15:18:51.82,2025-08-08T11:18:51.8230528-04:00,2025-08-08T15:18:51.8230528Z,,v3,586,1889,,"Martorano, Brandon",668785,Right,STA_YAN,f2f3c80f-1d41-4ccb-9d55-4feddbcf98d9,55.32869,-117.78275,12.13886,4.68375,2.41043,-12.93677,-2.06482,1.11011,3.79323,,,,,,,,,,,,,,,,,,,,,,,,,,,,,,,,,,,,,,,,,,,,,,,,,,,High,High,High,,,,,
95,2025-08-08,11:19:15.84,2,10,"Scott, Wesley",669417,Right,STA_YAN,"Alexander, Evan",670116,Left,LAN,Undefined,3,Top,1,3,2,Undefined,Slider,BallCalled,Walk,Undefined,Undefined,0,0,,79.69902,-0.172884,-2.026214,2614.407418,98.252167,9:15,4.60629,2.04324,5.44201,-41.2877,4.005,-16.9258,1.00367,-1.26525,72.56589,-7.733405,-5.035952,0.484379,,,,,,,,,,,,8.01044,2.43973,-1.85156,50,4.56242,4.74162,-115.5645,-1.71696,10.67737,24.4219,-28.92205,STA_YAN,LAN,StatenIslandYankees,Independent,ATL,20250808-StatenIslandYankees-1,0bf7d780-746b-11f0-8056-7d20f596a496,77.816,,,7.13312,,,,,,,74ae92c6-097b-4c67-a4fc-76e9cf9e5798,2025-08-08,15:19:15.84,2025-08-08T11:19:15.8404096-04:00,2025-08-08T15:19:15.8404096Z,,v3,586,1889,,"Martorano, Brandon",668785,Right,STA_YAN,a3ce3d10-1714-4bc7-aca7-975641f6a19b,55.05845,-116.62858,12.21095,4.60978,-0.45679,-14.46102,-2.04802,4.27639,5.33869,,,,,,,,,,,,,,,,,,,,,,,,,,,,,,,,,,,,,,,,,,,,,,,,,,,High,High,High,,,,,
96,2025-08-08,11:22:10.35,3,1,"Kubo, Trayson",687840,Right,STA_YAN,"Schield, Slater",1000216204,Right,LAN,Undefined,3,Top,1,0,0,Undefined,Four-Seam,FoulBallNotFieldable,Undefined,Undefined,Undefined,0,0,,84.24205,-2.401764,-3.112295,2010.371446,213.298599,1:00,5.61137,2.07646,5.9599,-20.87186,18.7197,11.40886,1.6403,0.13833,76.70462,-6.355633,-1.065218,0.452869,91.20575,12.49457,-46.490106,3662.100842,70.89327,9.19003,-84.1072,155.17547,155.17547,-51.809412,1.406951,-6.80386,10.73044,-1.83573,50,5.40883,6.19193,-122.08009,-5.71515,-10.20789,25.3459,-16.07506,STA_YAN,LAN,StatenIslandYankees,Independent,ATL,20250808-StatenIslandYankees-1,73f76080-746b-11f0-8056-7d20f596a496,83.23032,10.83775,,7.53743,,,,2.17346,1.80718,-0.32687,74ae92c6-097b-4c67-a4fc-76e9cf9e5798,2025-08-08,15:22:10.35,2025-08-08T11:22:10.3581184-04:00,2025-08-08T15:22:10.3581184Z,LineDrive,v3,586,1889,,"Martorano, Brandon",668785,Right,STA_YAN,93d67264-8fe9-42e1-9559-523e4f53ddeb,54.53869,-123.01879,12.67295,5.60947,-5.1198,-8.03753,-2.07206,6.56999,-5.10395,,2.17346,89.91553,-21.19981,4.41227,-0.98742,0.1686,-0.01093,-0.00537,0.00139,1.80718,28.94036,-24.99683,3.27858,-0.72692,0.15063,-0.02266,0.00161,0.00011,-0.32687,-94.71846,5.56133,0.47371,-0.26667,0.0658,0.00547,-0.00751,0.00152,,,,,,,,,,,,,,,,,,,,,,,High,High,High,Medium,High,,,
97,2025-08-08,11:22:33.92,3,2,"Kubo, Trayson",687840,Right,STA_YAN,"Schield, Slater",1000216204,Right,LAN,Undefined,3,Top,1,0,1,Undefined,Curveball,BallCalled,Undefined,Undefined,Undefined,0,0,,75.74389,2.092774,-0.70113,2466.925133,92.518105,9:00,5.6507,2.21932,5.5354,-47.10983,2.06512,-13.9495,3.68203,0.40148,69.73577,-6.533614,-3.187076,0.504712,,,,,,,,,,,,6.83492,0.95776,-2.14909,50,5.8011,1.87248,-109.99155,2.51213,8.40555,18.80336,-30.99619,STA_YAN,LAN,StatenIslandYankees,Independent,ATL,20250808-StatenIslandYankees-1,81f73570-746b-11f0-8056-7d20f596a496,74.68112,,,6.00812,,,,,,,74ae92c6-097b-4c67-a4fc-76e9cf9e5798,2025-08-08,15:22:33.92,2025-08-08T11:22:33.9226112-04:00,2025-08-08T15:22:33.9226112Z,,v3,586,1889,,"Martorano, Brandon",668785,Right,STA_YAN,b4de4421-a338-45d3-8e4d-d4143f0fcf8d,54.9645,-110.83699,9.40168,5.65681,3.90579,-15.4981,-2.22478,1.49455,4.20278,,,,,,,,,,,,,,,,,,,,,,,,,,,,,,,,,,,,,,,,,,,,,,,,,,,High,High,High,,,,,
98,2025-08-08,11:22:54.20,3,3,"Kubo, Trayson",687840,Right,STA_YAN,"Schield, Slater",1000216204,Right,LAN,Undefined,3,Top,1,1,1,Undefined,Curveball,StrikeCalled,Undefined,Undefined,Undefined,0,0,,76.02466,2.032128,-1.254996,2525.164392,66.348798,8:15,5.64574,2.06503,5.66154,-50.92393,-2.445,-8.77304,3.29829,0.16347,70.22387,-7.278176,-2.822638,0.501127,,,,,,,,,,,,4.11772,-1.31799,-1.95328,50,5.78542,2.7446,-110.4477,2.29149,5.11624,18.59061,-33.81167,STA_YAN,LAN,StatenIslandYankees,Independent,ATL,20250808-StatenIslandYankees-1,8e113360-746b-11f0-8056-7d20f596a496,75.21531,,,5.80079,,,,,,,74ae92c6-097b-4c67-a4fc-76e9cf9e5798,2025-08-08,15:22:54.20,2025-08-08T11:22:54.2046720-04:00,2025-08-08T15:22:54.2046720Z,,v3,586,1889,,"Martorano, Brandon",668785,Right,STA_YAN,7c86ef36-b142-438b-8210-f3de8c1d92a4,54.83945,-111.2593,9.29531,5.65316,3.76758,-16.90583,-2.06823,2.52124,2.55812,,,,,,,,,,,,,,,,,,,,,,,,,,,,,,,,,,,,,,,,,,,,,,,,,,,High,High,High,,,,,
99,2025-08-08,11:23:16.97,3,4,"Kubo, Trayson",687840,Right,STA_YAN,"Schield, Slater",1000216204,Right,LAN,Undefined,3,Top,1,1,2,Undefined,Four-Seam,BallCalled,Undefined,Undefined,Undefined,0,0,,86.84553,-2.783959,-4.367834,2061.984448,216.635358,1:15,5.56239,1.86389,6.38755,-20.82029,15.27414,10.59792,1.2571,-1.27843,80.53189,-6.696187,-2.45525,0.432406,,,,,,,,,,,,-6.56477,8.96508,-1.55383,50,5.35159,9.21741,-125.93445,-6.72615,-10.69191,22.18036,-17.57275,STA_YAN,LAN,StatenIslandYankees,Independent,ATL,20250808-StatenIslandYankees-1,9b9b1500-746b-11f0-8056-7d20f596a496,87.16913,,,6.31364,,,,,,,74ae92c6-097b-4c67-a4fc-76e9cf9e5798,2025-08-08,15:23:16.97,2025-08-08T11:23:16.9720000-04:00,2025-08-08T15:23:16.9720000Z,,v3,586,1889,,"Martorano, Brandon",668785,Right,STA_YAN,694c706c-ecb8-4cf4-815e-0aab8904e6d3,54.11246,-126.65669,11.09018,5.56129,-6.15394,-8.78637,-1.85964,9.56556,-5.34595,,,,,,,,,,,,,,,,,,,,,,,,,,,,,73.97631,1.738225,0.832512,0.905713,-1.68197,0.88587,1.40824,-3.71833,5.53758,3.06613,61.95541,9.39653,62.80464,-3.53912,79.33872,-7.67852,5.61503,16.42096,-13.48603,3.13392,69.45065,-3.90949,High,High,High,,,High,High,High
100,2025-08-08,11:23:58.42,3,5,"Kubo, Trayson",687840,Right,STA_YAN,"Schield, Slater",1000216204,Right,LAN,Undefined,3,Top,1,2,2,Undefined,Slider,BallCalled,Undefined,Undefined,Undefined,0,0,,77.0155,1.346368,-2.407113,2630.661372,115.475102,9:45,5.62851,2.10353,5.7316,-41.67778,6.33036,-9.82158,3.41055,-0.95796,69.86616,-6.368756,-4.160761,0.498688,,,,,,,,,,,,4.2167,3.30469,-1.89677,50,5.71558,5.06417,-111.60583,1.34157,5.25201,22.42858,-28.058,STA_YAN,LAN,StatenIslandYankees,Independent,ATL,20250808-StatenIslandYankees-1,b45530d0-746b-11f0-8056-7d20f596a496,75.58323,,,7.14935,,,,,,,74ae92c6-097b-4c67-a4fc-76e9cf9e5798,2025-08-08,15:23:58.42,2025-08-08T11:23:58.4235520-04:00,2025-08-08T15:23:58.4235520Z,,v3,586,1889,,"Martorano, Brandon",668785,Right,STA_YAN,7282873e-3098-44b6-a729-7f5db02ee5fc,54.76488,-112.55932,11.21429,5.63319,2.53437,-14.029,-2.10732,4.84089,2.626,,,,,,,,,,,,,,,,,,,,,,,,,,,,,,,,,,,,,,,,,,,,,,,,,,,High,High,High,,,,,
101,2025-08-08,11:24:19.76,3,6,"Kubo, Trayson",687840,Right,STA_YAN,"Schield, Slater",1000216204,Right,LAN,Undefined,3,Top,1,3,2,Undefined,Curveball,InPlay,Undefined,FlyBall,Out,1,0,,76.64812,1.80011,-0.884235,2701.169201,66.97423,8:15,5.58002,2.28018,5.54768,-51.09306,-2.38126,-9.53032,3.00521,0.65961,69.64378,-7.568565,-2.584517,0.502329,93.07053,39.149126,-27.399583,3169.399103,95.6554,82.18033,-54.31431,348.04546,334.1979,-33.477635,5.57622,4.56303,-1.33551,-2.19703,50,5.70192,2.07485,-111.16762,1.83785,5.63762,22.29245,-33.82407,STA_YAN,LAN,StatenIslandYankees,Independent,ATL,20250808-StatenIslandYankees-1,c129cc30-746b-11f0-8056-7d20f596a496,75.03532,110.77748,,7.00433,,,,1.83269,3.03413,-0.62689,74ae92c6-097b-4c67-a4fc-76e9cf9e5798,2025-08-08,15:24:19.76,2025-08-08T11:24:19.7690880-04:00,2025-08-08T15:24:19.7690880Z,FlyBall,v3,586,1889,,"Martorano, Brandon",668785,Right,STA_YAN,a56d35ce-9d12-4011-98cf-7f15f60585f5,54.95206,-112.15626,11.14623,5.58715,3.3379,-16.91204,-2.28351,1.82483,2.81881,162.856354,1.83857,93.87492,-20.0412,4.70363,-0.73878,0.05957,0.00081,-0.00045,2E-05,3.03178,86.21142,-19.94391,1.38722,-0.08983,-0.05255,0.0208,-0.00301,0.00015,-0.62879,-48.68144,5.85727,-1.07702,0.09869,0.009,-0.00344,0.00031,-1E-05,,,,,,,,,,,,,,,,,,,,,,,High,High,High,High,Medium,,,
102,2025-08-08,11:25:06.82,4,1,"Kubo, Trayson",687840,Right,STA_YAN,"Ward, Nick",682187,Left,LAN,Undefined,3,Top,2,0,0,Undefined,Changeup,BallCalled,Undefined,Undefined,Undefined,0,0,,80.81958,-1.597142,-2.226,1845.580475,236.652679,2:00,5.2604,2.32868,6.59656,-33.75124,7.77315,9.8854,0.98303,1.11201,74.53771,-7.907415,-0.426615,0.463792,,,,,,,,,,,,-5.83945,4.90059,-2.18062,50,5.13717,4.23403,-117.4905,-4.20138,-8.17978,21.81567,-25.30941,STA_YAN,LAN,StatenIslandYankees,Independent,ATL,20250808-StatenIslandYankees-1,dd2c8350-746b-11f0-8056-7d20f596a496,81.27018,,,6.28187,,,,,,,74ae92c6-097b-4c67-a4fc-76e9cf9e5798,2025-08-08,15:25:06.82,2025-08-08T11:25:06.8222976-04:00,2025-08-08T15:25:06.8222976Z,,v3,586,1889,,"Martorano, Brandon",668785,Right,STA_YAN,108eea05-6ae7-4b32-9450-b376f73ee174,53.90383,-118.21314,10.90783,5.26245,-3.36301,-12.6547,-2.32535,4.50499,-4.08989,,,,,,,,,,,,,,,,,,,,,,,,,,,,,,,,,,,,,,,,,,,,,,,,,,,High,High,High,,,,,
103,2025-08-08,11:25:27.82,4,2,"Kubo, Trayson",687840,Right,STA_YAN,"Ward, Nick",682187,Left,LAN,Undefined,3,Top,2,1,0,Undefined,Changeup,InPlay,Undefined,GroundBall,Out,1,0,,80.5583,-0.855004,-2.706125,1820.176765,250.69609,2:15,5.36445,2.38183,6.62494,-35.81124,6.1402,13.69662,1.59633,1.0434,73.87173,-7.565905,-0.213031,0.466171,69.37418,13.455476,10.898103,2861.781933,,,,114.73154,113.56528,11.330892,1.306618,-8.05961,3.84807,-2.2038,50,5.29169,5.07701,-117.07556,-2.72506,-11.14795,22.81021,-26.85143,STA_YAN,LAN,StatenIslandYankees,Independent,ATL,20250808-StatenIslandYankees-1,e9b8cb10-746b-11f0-8056-7d20f596a496,80.85546,8.70309,,6.68657,,,,2.51304,1.77251,-1.00504,74ae92c6-097b-4c67-a4fc-76e9cf9e5798,2025-08-08,15:25:27.82,2025-08-08T11:25:27.8299136-04:00,2025-08-08T15:25:27.8299136Z,GroundBall,v3,586,1889,,"Martorano, Brandon",668785,Right,STA_YAN,9bc2d7d2-a77a-429e-943f-7b0c77307fc3,53.87588,-117.82829,11.40511,5.367,-1.83897,-13.42572,-2.37741,5.44489,-5.57398,320.454303,2.51304,97.17107,-11.09029,1.14484,-0.24214,0.0315,-0.00473,0.00112,-0.00012,1.77251,23.67585,-21.26982,1.98258,-0.36817,0.08063,-0.01243,0.00187,-0.00021,-1.00504,18.70886,-0.08863,-0.41502,0.08701,-0.02433,0.00427,-0.00064,7E-05,,,,,,,,,,,,,,,,,,,,,,,High,High,High,High,High,,,
104,2025-08-08,11:27:43.32,1,1,"McCollough, Luke",1000097980,Right,LAN,"Johnson, Kolby",815259,Right,STA_YAN,Undefined,3,Bottom,0,0,0,Undefined,Slider,BallCalled,Undefined,Undefined,Undefined,0,0,,76.74236,-0.331584,-4.240944,2200.007227,173.95633,11:45,5.77479,1.80072,5.08506,-45.81325,4.42189,-0.26433,1.64363,-2.226,69.13795,-8.682377,-4.287515,0.510123,,,,,,,,,,,,-1.32945,2.89898,-1.39846,50,5.70798,8.22469,-110.76769,-2.20042,-1.61477,23.91229,-28.65291,STA_YAN,LAN,StatenIslandYankees,Independent,ATL,20250808-StatenIslandYankees-1,3a68c4c0-746c-11f0-8056-7d20f596a496,73.88889,,,7.60442,,,,,,,74ae92c6-097b-4c67-a4fc-76e9cf9e5798,2025-08-08,15:27:43.32,2025-08-08T11:27:43.3299456-04:00,2025-08-08T15:27:43.3299456Z,,v3,586,1889,,"Isola, Alex",684576,Right,LAN,213d0b21-f569-4235-af28-4da18f507fbe,55.40921,-111.92933,11.95615,5.78107,-0.80849,-14.32646,-1.79991,8.30313,-0.80739,,,,,,,,,,,,,,,,,,,,,,,,,,,,,,,,,,,,,,,,,,,,,,,,,,,High,High,High,,,,,
105,2025-08-08,11:27:55.52,1,2,"McCollough, Luke",1000097980,Right,LAN,"Johnson, Kolby",815259,Right,STA_YAN,Undefined,3,Bottom,0,1,0,Undefined,Sinker,InPlay,Undefined,GroundBall,Out,1,0,,89.68438,-1.544515,-2.286226,2269.842301,236.322372,2:00,5.83976,1.51938,5.55401,-23.63576,11.57115,15.67985,2.42545,0.6887,82.05263,-5.932131,0.510025,0.427056,84.92095,7.369613,8.031566,1935.827337,,,,112.16853,110.78063,11.116086,1.017717,-8.60276,6.61776,-1.33246,50,5.69062,4.50997,-130.13261,-4.33677,-14.74962,27.34824,-20.82774,STA_YAN,LAN,StatenIslandYankees,Independent,ATL,20250808-StatenIslandYankees-1,41b44ab0-746c-11f0-8056-7d20f596a496,88.26102,5.76601,,7.63175,,,,1.03487,2.39967,-0.69628,74ae92c6-097b-4c67-a4fc-76e9cf9e5798,2025-08-08,15:27:55.52,2025-08-08T11:27:55.5280384-04:00,2025-08-08T15:27:55.5280384Z,GroundBall,v3,586,1889,,"Isola, Alex",684576,Right,LAN,1fb930fb-cb2e-4bf6-b086-4bffd0a085c6,54.94585,-131.1679,13.67412,5.83987,-3.54832,-10.41387,-1.51375,5.06833,-7.37481,278.515755,1.03487,122.31006,-17.36705,2.8924,-0.53087,0.06103,-0.00537,-8E-05,0.00011,2.39967,15.97605,-19.73745,1.99958,-0.36317,0.07011,-0.011,0.0018,-0.00023,-0.69628,17.25828,6.7664,-2.83137,0.86416,-0.2179,0.04926,-0.00955,0.00105,,,,,,,,,,,,,,,,,,,,,,,High,High,High,High,High,,,
106,2025-08-08,11:28:25.45,2,1,"McCollough, Luke",1000097980,Right,LAN,"Brown, Vaun",673901,Right,STA_YAN,Undefined,3,Bottom,1,0,0,Undefined,Sinker,InPlay,Undefined,FlyBall,Out,1,0,,88.92126,-0.80573,-2.577733,2250.738043,232.422301,1:45,5.93937,1.48766,5.80149,-23.8823,11.6476,13.64812,3.199,0.22593,81.16034,-5.268781,-0.13399,0.429011,104.1104,41.852213,-8.183498,3831.556878,109.2653,99.85562,-12.6907,358.83758,344.38449,-6.278408,6.281286,-7.71666,6.51418,-1.28418,50,5.85892,5.23303,-129.04932,-2.60823,-12.98874,27.32437,-21.20934,STA_YAN,LAN,StatenIslandYankees,Independent,ATL,20250808-StatenIslandYankees-1,539159d0-746c-11f0-8056-7d20f596a496,87.85891,142.97937,,7.76092,,,,1.01045,3.19107,-0.22987,74ae92c6-097b-4c67-a4fc-76e9cf9e5798,2025-08-08,15:28:25.45,2025-08-08T11:28:25.4520832-04:00,2025-08-08T15:28:25.4520832Z,FlyBall,v3,586,1889,,"Isola, Alex",684576,Right,LAN,440ad5f6-65b9-4e49-a20f-f1ca1bb4dd47,54.69779,-130.04021,13.66219,5.93956,-1.83909,-10.60467,-1.48249,5.70405,-6.49437,189.160788,1.01917,112.41552,-29.33179,8.06148,-1.46335,0.13551,0.0028,-0.00164,9E-05,3.18155,102.03304,-21.68428,1.15588,0.05721,-0.0708,0.02239,-0.00334,0.00018,-0.23007,-16.17526,7.77046,-2.96435,0.7513,-0.12489,0.01158,-0.00043,-0,,,,,,,,,,,,,,,,,,,,,,,High,High,High,High,Medium,,,
107,2025-08-08,11:28:57.62,3,1,"McCollough, Luke",1000097980,Right,LAN,"Diaz, Eddy",677647,Right,STA_YAN,Undefined,3,Bottom,2,0,0,Undefined,Slider,StrikeCalled,Undefined,Undefined,Undefined,0,0,,77.21077,0.113378,-2.497723,2213.659339,212.685042,1:00,5.90489,1.65956,5.03005,-45.23203,3.19855,1.08173,2.24263,-0.60846,71.01595,-8.080619,-2.306708,0.500877,,,,,,,,,,,,-1.2274,1.99847,-1.42157,50,5.87942,4.84026,-111.95713,-1.34821,-1.55895,20.07947,-29.63575,STA_YAN,LAN,StatenIslandYankees,Independent,ATL,20250808-StatenIslandYankees-1,66b0d400-746c-11f0-8056-7d20f596a496,75.25287,,,6.19483,,,,,,,74ae92c6-097b-4c67-a4fc-76e9cf9e5798,2025-08-08,15:28:57.62,2025-08-08T11:28:57.6295936-04:00,2025-08-08T15:28:57.6295936Z,,v3,586,1889,,"Isola, Alex",684576,Right,LAN,b9dd78c6-c4bc-4fe4-b003-1d0fbcc69929,55.46906,-112.93374,10.03974,5.90994,0.0932,-14.81788,-1.65883,4.91609,-0.77948,,,,,,,,,,,,,,,,,,,,,,,,,,,,,,,,,,,,,,,,,,,,,,,,,,,High,High,High,,,,,
108,2025-08-08,11:29:13.38,3,2,"McCollough, Luke",1000097980,Right,LAN,"Diaz, Eddy",677647,Right,STA_YAN,Undefined,3,Bottom,2,0,1,Undefined,Changeup,StrikeCalled,Undefined,Undefined,Undefined,0,0,,82.19719,-1.15473,-3.247547,1508.195409,237.545673,2:00,5.90501,1.36646,5.33513,-32.89384,9.20642,12.46461,2.0786,-0.64494,75.73316,-7.175635,-1.035709,0.466997,,,,,,,,,,,,-7.09099,5.31721,-1.08225,50,5.77706,6.24542,-119.19667,-3.54069,-10.26398,21.60225,-24.47754,STA_YAN,LAN,StatenIslandYankees,Independent,ATL,20250808-StatenIslandYankees-1,70113030-746c-11f0-8056-7d20f596a496,80.71244,,,6.46404,,,,,,,74ae92c6-097b-4c67-a4fc-76e9cf9e5798,2025-08-08,15:29:13.38,2025-08-08T11:29:13.3874176-04:00,2025-08-08T15:29:13.3874176Z,,v3,586,1889,,"Isola, Alex",684576,Right,LAN,86746e8e-b7c5-4a20-b3fd-ab888e85ddbc,55.16396,-120.1289,10.80113,5.90706,-2.48438,-12.23877,-1.36132,6.68836,-5.13199,,,,,,,,,,,,,,,,,,,,,,,,,,,,,,,,,,,,,,,,,,,,,,,,,,,High,High,High,,,,,
109,2025-08-08,11:29:26.23,3,3,"McCollough, Luke",1000097980,Right,LAN,"Diaz, Eddy",677647,Right,STA_YAN,Undefined,3,Bottom,2,0,2,Undefined,Slider,StrikeSwinging,Strikeout,Undefined,Undefined,0,0,,79.83774,-2.484386,-3.015402,2214.543945,217.373436,1:15,5.97299,1.44651,5.4668,-40.70038,3.75154,1.85484,0.25147,-1.22366,74.09956,-9.857418,-2.684953,0.479862,,,,,,,,,,,,-1.75055,2.865,-1.18237,50,5.72574,6.02895,-115.77733,-6.38525,-2.38721,20.66944,-28.26711,STA_YAN,LAN,StatenIslandYankees,Independent,ATL,20250808-StatenIslandYankees-1,77dce2a0-746c-11f0-8056-7d20f596a496,78.54844,,,5.73819,,,,,,,74ae92c6-097b-4c67-a4fc-76e9cf9e5798,2025-08-08,15:29:26.23,2025-08-08T11:29:26.2392320-04:00,2025-08-08T15:29:26.2392320Z,,v3,586,1889,,"Isola, Alex",684576,Right,LAN,67b3ddc2-4d84-45ba-8409-9908b3542565,55.03501,-116.67276,10.33472,5.97583,-5.16068,-14.13356,-1.44579,6.13237,-1.19361,,,,,,,,,,,,,,,,,,,,,,,,,,,,,,,,,,,,,,,,,,,,,,,,,,,High,High,High,,,,,
110,2025-08-08,11:32:01.04,1,1,"Kubo, Trayson",687840,Right,STA_YAN,"Martin, Mason",676733,Left,LAN,Undefined,4,Top,0,0,0,Undefined,Changeup,BallCalled,Undefined,Undefined,Undefined,0,0,,77.4195,3.20265,-0.582258,1861.683351,270.360171,3:00,5.43675,2.2642,6.29293,-44.94014,1.47504,14.6154,4.64616,2.94559,70.09352,-5.193683,2.058502,0.490345,,,,,,,,,,,,-7.68119,0.3165,-2.22762,50,5.6517,0.61,-112.29587,4.97442,-9.70435,22.34747,-31.77417,STA_YAN,LAN,StatenIslandYankees,Independent,ATL,20250808-StatenIslandYankees-1,d400fd50-746c-11f0-8056-7d20f596a496,76.86929,,,7.32599,,,,,,,74ae92c6-097b-4c67-a4fc-76e9cf9e5798,2025-08-08,15:32:01.04,2025-08-08T11:32:01.0424832-04:00,2025-08-08T15:32:01.0424832Z,,v3,586,1889,,"Martorano, Brandon",668785,Right,STA_YAN,76e3af4b-2ed7-4b85-8fda-83bb0bbb2b45,54.20458,-113.1295,11.17374,5.44403,6.1597,-15.88709,-2.25713,0.97201,-4.85218,,,,,,,,,,,,,,,,,,,,,,,,,,,,,,,,,,,,,,,,,,,,,,,,,,,High,High,High,,,,,
111,2025-08-08,11:32:16.72,1,2,"Kubo, Trayson",687840,Right,STA_YAN,"Martin, Mason",676733,Left,LAN,Undefined,4,Top,0,1,0,Undefined,Four-Seam,FoulBallNotFieldable,Undefined,Undefined,Undefined,0,0,,86.71016,-1.412482,-3.330747,2024.61418,209.695504,1:00,5.52107,2.17748,5.99673,-20.07788,17.69836,9.28075,2.53655,-0.13906,77.85282,-5.254627,-1.665582,0.442365,52.26802,26.298694,-127.170467,4114.071079,,,,108.95361,48.27702,-130.927148,1.91343,-5.94315,10.00001,-1.92032,50,5.39893,6.93636,-125.55751,-3.66935,-9.29712,30.1737,-16.53063,STA_YAN,LAN,StatenIslandYankees,Independent,ATL,20250808-StatenIslandYankees-1,dd68ac80-746c-11f0-8056-7d20f596a496,85.20662,17.4011,,8.85735,,,,4.12545,2.72541,0.11141,74ae92c6-097b-4c67-a4fc-76e9cf9e5798,2025-08-08,15:32:16.72,2025-08-08T11:32:16.7250432-04:00,2025-08-08T15:32:16.7250432Z,LineDrive,v3,586,1889,,"Martorano, Brandon",668785,Right,STA_YAN,2f93c1d0-eafb-434f-b776-9c5baaf99ca0,54.50121,-126.63461,15.08685,5.51939,-3.07927,-8.26531,-2.17385,7.26823,-4.64856,55.513198,4.12545,-41.52321,0.06465,0.7526,-0.10014,-0.14708,0.16258,-0.06546,0.00958,2.72542,33.96302,-20.96488,1.73227,-0.24729,-0.05959,0.06408,-0.01782,0.00157,0.11138,-54.76204,7.12147,-0.88335,0.36721,-0.3672,0.33878,-0.14767,0.02338,,,,,,,,,,,,,,,,,,,,,,,High,High,High,High,Low,,,
112,2025-08-08,11:32:41.12,1,3,"Kubo, Trayson",687840,Right,STA_YAN,"Martin, Mason",676733,Left,LAN,Undefined,4,Top,0,1,1,Undefined,Changeup,FoulBallNotFieldable,Undefined,Undefined,Undefined,0,0,,81.23111,-0.890928,-3.55827,1783.020369,226.359861,1:30,5.34925,2.27199,6.55389,-31.09403,10.83571,9.78422,1.93952,-0.17954,73.506,-6.771445,-1.783651,0.46605,88.409,33.870439,39.986842,3273.206352,81.20641,63.41464,74.19839,309.7721,290.95611,48.763254,4.845138,-6.33878,6.39548,-2.03025,50,5.27445,6.98791,-117.79554,-2.66622,-8.76729,25.63708,-23.32832,STA_YAN,LAN,StatenIslandYankees,Independent,ATL,20250808-StatenIslandYankees-1,ebf50a00-746c-11f0-8056-7d20f596a496,80.87637,78.87518,,7.7251,,,,4.00943,2.26291,0.03738,74ae92c6-097b-4c67-a4fc-76e9cf9e5798,2025-08-08,15:32:41.12,2025-08-08T11:32:41.1230208-04:00,2025-08-08T15:32:41.1230208Z,FlyBall,v3,586,1889,,"Martorano, Brandon",668785,Right,STA_YAN,09265a7e-e705-43b0-a3a5-873a71f20ba6,53.94492,-118.651,12.81854,5.35043,-1.8878,-11.66416,-2.26831,7.28046,-4.38365,213.65609,4.01338,82.40652,-20.3222,5.13862,-0.92345,0.09527,-0.00961,0.0021,-0.00019,2.26263,72.2653,-19.10255,0.94074,0.15871,-0.15057,0.05106,-0.00786,0.00045,0.04121,69.10159,-6.94293,0.06568,0.59859,-0.29135,0.06941,-0.0081,0.00037,,,,,,,,,,,,,,,,,,,,,,,High,High,High,High,Medium,,,
113,2025-08-08,11:33:16.09,1,4,"Kubo, Trayson",687840,Right,STA_YAN,"Martin, Mason",676733,Left,LAN,Undefined,4,Top,0,1,2,Undefined,Curveball,BallCalled,Undefined,Undefined,Undefined,0,0,,78.87549,-1.099206,-2.48764,2689.610996,74.291913,8:30,5.54367,2.05744,5.73782,-47.36215,-1.73445,-11.54308,0.57219,-1.22236,72.33652,-9.740752,-4.554484,0.486167,,,,,,,,,,,,5.24429,-0.29791,-1.84261,50,5.4224,5.38512,-114.43505,-3.70034,6.87014,23.499,-32.5643,STA_YAN,LAN,StatenIslandYankees,Independent,ATL,20250808-StatenIslandYankees-1,00cdccf0-746d-11f0-8056-7d20f596a496,77.52978,,,6.53897,,,,,,,74ae92c6-097b-4c67-a4fc-76e9cf9e5798,2025-08-08,15:33:16.09,2025-08-08T11:33:16.0918528-04:00,2025-08-08T15:33:16.0918528Z,,v3,586,1889,,"Martorano, Brandon",668785,Right,STA_YAN,7050c515-bbfd-4a4f-a819-9e1d9545d879,54.76441,-115.40927,11.7495,5.54782,-2.3503,-16.28215,-2.05996,5.1003,3.43507,,,,,,,,,,,,,,,,,,,,,,,,,,,,,,,,,,,,,,,,,,,,,,,,,,,High,High,High,,,,,
114,2025-08-08,11:33:37.31,1,5,"Kubo, Trayson",687840,Right,STA_YAN,"Martin, Mason",676733,Left,LAN,Undefined,4,Top,0,2,2,Undefined,Curveball,FoulBallNotFieldable,Undefined,Undefined,Undefined,0,0,,77.46805,1.603408,-1.690911,2755.933158,67.477153,8:15,5.58478,2.12055,5.41271,-51.5216,-3.39823,-12.26709,2.79451,-0.48629,70.23508,-7.813383,-3.872216,0.499286,106.05545,34.319648,38.412116,4209.776337,84.24963,80.66849,70.7239,359.66288,210.40618,45.676682,6.127021,5.67835,-1.84638,-1.96107,50,5.6912,3.78463,-112.28033,1.42868,7.12751,23.504,-34.49164,STA_YAN,LAN,StatenIslandYankees,Independent,ATL,20250808-StatenIslandYankees-1,0d771290-746d-11f0-8056-7d20f596a496,75.49266,128.05301,,7.23296,,,,,,,74ae92c6-097b-4c67-a4fc-76e9cf9e5798,2025-08-08,15:33:37.31,2025-08-08T11:33:37.3141504-04:00,2025-08-08T15:33:37.3141504Z,FlyBall,v3,586,1889,,"Martorano, Brandon",668785,Right,STA_YAN,48f2cc8e-a5f1-47cd-ac77-2a4e02756df9,55.08752,-113.34032,11.752,5.5917,2.98418,-17.24582,-2.1245,3.4632,3.56375,195.20832,3.2489,100.50166,-30.50615,8.33361,-1.63759,0.21523,-0.01662,0.00064,-1E-05,5.03977,87.81802,-15.66885,-0.84293,0.60065,-0.17513,0.03213,-0.0033,0.00014,0.60679,79.73223,-16.77193,3.80539,-0.58825,0.04849,-9E-05,-0.00027,1E-05,,,,,,,,,,,,,,,,,,,,,,,High,High,High,Medium,Low,,,
115,2025-08-08,11:34:42.19,1,6,"Kubo, Trayson",687840,Right,STA_YAN,"Martin, Mason",676733,Left,LAN,Undefined,4,Top,0,2,2,Undefined,Changeup,BallCalled,Undefined,Undefined,Undefined,0,0,,82.84396,-2.131561,-3.008985,1905.143497,248.005253,2:15,5.21611,2.20944,6.62708,-33.05297,6.83319,13.61599,0.50633,0.58638,75.75798,-8.32459,-0.530188,0.454551,,,,,,,,,,,,-8.14689,4.60445,-2.01092,50,5.05792,5.85439,-120.2547,-5.40043,-11.83886,24.98121,-25.48296,STA_YAN,LAN,StatenIslandYankees,Independent,ATL,20250808-StatenIslandYankees-1,3422ab70-746d-11f0-8056-7d20f596a496,82.92237,,,7.08597,,,,,,,74ae92c6-097b-4c67-a4fc-76e9cf9e5798,2025-08-08,15:34:42.19,2025-08-08T11:34:42.1958656-04:00,2025-08-08T15:34:42.1958656Z,,v3,586,1889,,"Martorano, Brandon",668785,Right,STA_YAN,cf969667-11cf-4872-a613-b0ecd43e63f6,53.87337,-121.05666,12.4906,5.21816,-4.58236,-12.74148,-2.20496,6.23445,-5.91943,,,,,,,,,,,,,,,,,,,,,,,,,,,,,,,,,,,,,,,,,,,,,,,,,,,High,High,High,,,,,
116,2025-08-08,11:35:00.93,1,7,"Kubo, Trayson",687840,Right,STA_YAN,"Martin, Mason",676733,Left,LAN,Undefined,4,Top,0,3,2,Undefined,Four-Seam,FoulBallNotFieldable,Undefined,Undefined,Undefined,0,0,,89.88342,-1.407453,-3.691508,2138.97154,207.795726,1:00,5.49518,2.04775,6.14039,-17.52123,17.13576,8.39937,2.73142,-0.66852,81.39954,-4.76285,-2.18164,0.423708,76.17156,11.843007,-176.639342,1595.178746,-109.59634,9.13232,-9.41026,152.47493,56.83755,-174.271272,1.703248,-5.38512,9.58847,-1.76987,50,5.37839,8.03534,-130.18736,-3.68614,-9.16722,29.40071,-15.8514,STA_YAN,LAN,StatenIslandYankees,Independent,ATL,20250808-StatenIslandYankees-1,3f2b3960-746d-11f0-8056-7d20f596a496,88.95852,11.34795,,8.48388,,,,3.24345,2.79909,0.60953,74ae92c6-097b-4c67-a4fc-76e9cf9e5798,2025-08-08,15:35:00.93,2025-08-08T11:35:00.9382400-04:00,2025-08-08T15:35:00.9382400Z,LineDrive,v3,586,1889,,"Martorano, Brandon",668785,Right,STA_YAN,9db37db5-6f4b-4e7c-ae21-32731dcff2e3,54.35412,-131.16698,14.70035,5.49241,-3.15798,-7.9257,-2.04269,8.34079,-4.58361,229.85226,3.24343,-109.14952,12.18855,-1.05328,-0.21545,0.60695,-0.49794,0.20231,-0.03314,2.79908,22.92974,-16.2618,1.37093,-0.48349,0.49637,-0.36081,0.14348,-0.02338,0.60953,-6.4096,-2.15011,0.33555,-0.05548,0.0142,-0.00466,0.00144,-0.00022,,,,,,,,,,,,,,,,,,,,,,,High,High,High,High,Low,,,
117,2025-08-08,11:35:26.60,1,8,"Kubo, Trayson",687840,Right,STA_YAN,"Martin, Mason",676733,Left,LAN,Undefined,4,Top,0,3,2,Undefined,Curveball,FoulBallNotFieldable,Undefined,Undefined,Undefined,0,0,,78.7833,2.556847,-1.008172,2648.101999,50.463165,7:45,5.53329,2.06437,5.69107,-50.03763,-4.28032,-7.03256,3.7484,0.53863,71.61613,-6.635997,-2.265277,0.486857,66.41367,52.778205,-177.621849,5048.776709,,,,109.04556,97.55409,-178.082785,3.662886,3.28815,-2.58036,-1.97503,50,5.71678,2.27737,-114.27615,3.46359,4.30625,22.95339,-35.55332,STA_YAN,LAN,StatenIslandYankees,Independent,ATL,20250808-StatenIslandYankees-1,4e941430-746d-11f0-8056-7d20f596a496,77.4199,60.47673,,7.16717,,,,2.9143,4.00318,-0.58107,74ae92c6-097b-4c67-a4fc-76e9cf9e5798,2025-08-08,15:35:26.60,2025-08-08T11:35:26.6001920-04:00,2025-08-08T15:35:26.6001920Z,Popup,v3,586,1889,,"Martorano, Brandon",668785,Right,STA_YAN,a94c715a-9bc4-4764-bfb7-a71eb52df789,54.80947,-115.23812,11.47669,5.5404,4.95363,-17.77666,-2.06669,2.09689,2.15312,5.420565,2.91358,-58.83766,6.085,1.96543,-1.55112,0.87224,-0.28238,0.04634,-0.00304,4.00233,77.58939,-33.2226,5.9199,-1.49166,0.34055,-0.04101,0,0.0003,-0.58104,-2.44562,1.08699,-0.34054,0.08086,-0.01179,-0.0007,0.00052,-5E-05,,,,,,,,,,,,,,,,,,,,,,,High,High,High,High,Medium,,,
118,2025-08-08,11:35:53.20,1,9,"Kubo, Trayson",687840,Right,STA_YAN,"Martin, Mason",676733,Left,LAN,Undefined,4,Top,0,3,2,Undefined,Four-Seam,FoulBallNotFieldable,Undefined,Undefined,Undefined,0,0,,90.72323,-1.615655,-2.812874,2172.810846,218.536542,1:15,5.48186,1.95423,5.88765,-15.5917,18.87446,14.03414,2.68012,0.50972,81.72055,-4.622615,-0.297651,0.42254,70.58178,43.889838,-156.226824,3674.305741,-101.91887,52.35209,-41.38277,194.5514,82.18911,-158.237176,3.206405,-8.11878,10.55312,-1.73557,50,5.34271,5.85615,-131.45555,-4.15047,-13.99623,31.71548,-13.98116,STA_YAN,LAN,StatenIslandYankees,Independent,ATL,20250808-StatenIslandYankees-1,5e6a2fc0-746d-11f0-8056-7d20f596a496,89.20445,52.78064,,9.00268,,,,2.30102,2.86363,-0.52651,74ae92c6-097b-4c67-a4fc-76e9cf9e5798,2025-08-08,15:35:53.20,2025-08-08T11:35:53.2051968-04:00,2025-08-08T15:35:53.2051968Z,Popup,v3,586,1889,,"Martorano, Brandon",668785,Right,STA_YAN,011416ba-43b4-440d-a7b3-0357d93807d8,54.61037,-132.5632,15.85774,5.47914,-3.66218,-6.99058,-1.94863,6.34496,-6.99811,17.258987,2.30156,-68.29714,2.26091,0.36799,0.38279,-0.41577,0.18611,-0.03912,0.00315,2.86391,71.75711,-30.06628,3.80905,-0.70304,0.1095,-0.02499,0.00664,-0.00073,-0.52659,-30.07108,4.58145,-1.14407,0.24317,-0.06412,0.02252,-0.00534,0.0005,,,,,,,,,,,,,,,,,,,,,,,High,High,High,High,Low,,,
119,2025-08-08,11:36:22.12,1,10,"Kubo, Trayson",687840,Right,STA_YAN,"Martin, Mason",676733,Left,LAN,Undefined,4,Top,0,3,2,Undefined,Four-Seam,FoulBallNotFieldable,Undefined,Undefined,Undefined,0,0,,90.20052,-0.521518,-2.604056,2097.614981,206.236073,12:45,5.54252,1.98368,6.01883,-17.5458,16.89402,7.75115,3.59679,0.2159,81.75616,-3.87588,-1.21163,0.422378,71.96539,29.924821,-176.020499,2322.032545,-109.66159,31.40359,-8.61968,187.88059,56.87241,-175.493929,2.466039,-4.79591,9.20489,-1.78387,50,5.49218,5.62955,-130.86885,-1.70327,-8.24911,29.73354,-16.34139,STA_YAN,LAN,StatenIslandYankees,Independent,ATL,20250808-StatenIslandYankees-1,6fab25f0-746d-11f0-8056-7d20f596a496,89.23854,32.23802,,8.44435,,,,2.5253,3.67346,-0.23361,74ae92c6-097b-4c67-a4fc-76e9cf9e5798,2025-08-08,15:36:22.12,2025-08-08T11:36:22.1210624-04:00,2025-08-08T15:36:22.1210624Z,FlyBall,v3,586,1889,,"Martorano, Brandon",668785,Right,STA_YAN,ce6e0eb1-e43f-4fca-bc5e-15d844fce148,54.47965,-131.8827,14.86677,5.54076,-1.14606,-8.1707,-1.98062,5.91083,-4.12455,356.015074,2.52524,-91.25326,6.62108,-0.42704,-0.13933,0.21484,-0.11692,0.03349,-0.00393,3.67345,52.65526,-27.17225,3.26711,-0.73768,0.17153,-0.04066,0.00838,-0.00083,-0.23362,-6.3481,-0.04594,0.15585,-0.05943,0.03147,-0.01353,0.00362,-0.00041,,,,,,,,,,,,,,,,,,,,,,,High,High,High,High,Low,,,
120,2025-08-08,11:36:47.60,1,11,"Kubo, Trayson",687840,Right,STA_YAN,"Martin, Mason",676733,Left,LAN,Undefined,4,Top,0,3,2,Undefined,Curveball,FoulBallNotFieldable,Undefined,Undefined,Undefined,0,0,,79.14891,0.480383,-1.041813,2831.201706,70.632867,8:15,5.4031,2.18553,5.29652,-49.40759,-2.98579,-13.29048,1.7369,0.09974,71.62136,-8.529378,-3.403764,0.49038,78.55787,14.7001,42.813006,2779.949944,78.31258,14.51043,77.24663,177.97195,175.02672,48.252275,1.95334,6.39473,-1.30484,-2.08038,50,5.41048,2.61031,-114.72276,-0.73911,8.34555,25.32924,-33.87695,STA_YAN,LAN,StatenIslandYankees,Independent,ATL,20250808-StatenIslandYankees-1,7ee21b50-746d-11f0-8056-7d20f596a496,76.8638,15.01234,,7.52755,,,,4.2012,2.22239,-0.25661,74ae92c6-097b-4c67-a4fc-76e9cf9e5798,2025-08-08,15:36:47.60,2025-08-08T11:36:47.6048384-04:00,2025-08-08T15:36:47.6048384Z,LineDrive,v3,586,1889,,"Martorano, Brandon",668785,Right,STA_YAN,c07ec49f-c22d-4863-b09d-3a3ca80de51d,55.20363,-115.86595,12.66462,5.40934,0.78988,-16.93847,-2.18969,2.23365,4.17278,,4.20121,81.75438,-14.38494,1.81637,-0.39167,0.09635,-0.03148,0.00785,-0.00087,2.2224,29.23697,-17.90985,1.54369,-0.26281,0.08489,-0.03613,0.01141,-0.00152,-0.25657,75.73776,-5.32505,0.9431,-0.17218,0.11408,-0.08969,0.03317,-0.00457,,,,,,,,,,,,,,,,,,,,,,,High,High,High,Medium,High,,,
121,2025-08-08,11:37:18.63,1,12,"Kubo, Trayson",687840,Right,STA_YAN,"Martin, Mason",676733,Left,LAN,Undefined,4,Top,0,3,2,Undefined,Four-Seam,StrikeSwinging,Strikeout,Undefined,Undefined,0,0,,91.80573,-0.854362,-2.23784,2185.57052,218.371017,1:15,5.48913,2.05106,5.87948,-16.77647,16.52072,12.21174,3.29699,0.98937,83.48289,-4.049349,-0.048285,0.415313,,,,,,,,,,,,-6.85162,9.00784,-1.87711,50,5.41037,4.66235,-133.21787,-2.49322,-12.26711,29.61044,-16.04642,STA_YAN,LAN,StatenIslandYankees,Independent,ATL,20250808-StatenIslandYankees-1,913d8230-746d-11f0-8056-7d20f596a496,90.75678,,,8.32284,,,,,,,74ae92c6-097b-4c67-a4fc-76e9cf9e5798,2025-08-08,15:37:18.63,2025-08-08T11:37:18.6321408-04:00,2025-08-08T15:37:18.6321408Z,,v3,586,1889,,"Martorano, Brandon",668785,Right,STA_YAN,20820bc1-9359-4739-87e6-b3377a33b542,54.61767,-134.24032,14.80522,5.48689,-1.93913,-8.02321,-2.04541,5.08593,-6.13355,,,,,,,,,,,,,,,,,,,,,,,,,,,,,,,,,,,,,,,,,,,,,,,,,,,High,High,High,,,,,
122,2025-08-08,11:37:46.64,2,1,"Kubo, Trayson",687840,Right,STA_YAN,"Carpenter, Joseph",696515,Right,LAN,Undefined,4,Top,1,0,0,Undefined,Four-Seam,StrikeCalled,Undefined,Undefined,Undefined,0,0,,90.08671,-2.617198,-3.396964,2095.333181,205.661917,12:45,5.5521,1.98504,6.18855,-16.60918,17.63434,7.92993,1.74559,-0.49425,82.19694,-5.788247,-1.969237,0.421173,,,,,,,,,,,,-5.10473,10.23886,-1.73275,50,5.34594,7.43196,-130.58453,-6.44197,-8.7887,28.24832,-14.54601,STA_YAN,LAN,StatenIslandYankees,Independent,ATL,20250808-StatenIslandYankees-1,a20ccad0-746d-11f0-8056-7d20f596a496,89.49399,,,7.88977,,,,,,,74ae92c6-097b-4c67-a4fc-76e9cf9e5798,2025-08-08,15:37:46.64,2025-08-08T11:37:46.6449920-04:00,2025-08-08T15:37:46.6449920Z,,v3,586,1889,,"Martorano, Brandon",668785,Right,STA_YAN,a96e8823-c7b0-44ad-a2a8-5a5f3b263768,54.31071,-131.51372,14.12416,5.54996,-5.96349,-7.27301,-1.98197,7.72105,-4.39435,,,,,,,,,,,,,,,,,,,,,,,,,,,,,,,,,,,,,,,,,,,,,,,,,,,High,High,High,,,,,
123,2025-08-08,11:38:04.50,2,2,"Kubo, Trayson",687840,Right,STA_YAN,"Carpenter, Joseph",696515,Right,LAN,Undefined,4,Top,1,0,1,Undefined,Four-Seam,BallCalled,Undefined,Undefined,Undefined,0,0,,90.51162,-3.089656,-3.644585,2143.477888,212.598102,1:00,5.54665,1.82829,6.16724,-16.50867,17.47544,10.4552,1.30852,-0.67142,82.60892,-6.23742,-1.763292,0.419575,,,,,,,,,,,,-6.51264,10.29709,-1.55737,50,5.30355,7.93383,-131.12899,-7.55962,-11.30623,28.488,-14.29786,STA_YAN,LAN,StatenIslandYankees,Independent,ATL,20250808-StatenIslandYankees-1,acad4820-746d-11f0-8056-7d20f596a496,89.83486,,,7.9027,,,,,,,74ae92c6-097b-4c67-a4fc-76e9cf9e5798,2025-08-08,15:38:04.50,2025-08-08T11:38:04.5033984-04:00,2025-08-08T15:38:04.5033984Z,,v3,586,1889,,"Martorano, Brandon",668785,Right,STA_YAN,ff35eb9f-547b-424c-9be6-0fe1ab42801c,54.33292,-132.06697,14.244,5.5447,-7.08885,-7.14893,-1.82472,8.30609,-5.65311,,,,,,,,,,,,,,,,,,,,,,,,,,,,,,,,,,,,,,,,,,,,,,,,,,,High,High,High,,,,,
124,2025-08-08,11:38:20.52,2,3,"Kubo, Trayson",687840,Right,STA_YAN,"Carpenter, Joseph",696515,Right,LAN,Undefined,4,Top,1,1,1,Undefined,Curveball,StrikeSwinging,Undefined,Undefined,Undefined,0,0,,78.44505,0.396557,-1.580306,2797.243496,88.356096,9:00,5.57544,2.12129,5.59735,-44.98963,1.14906,-11.96323,2.19668,-0.35143,71.8281,-7.844609,-3.716102,0.488882,,,,,,,,,,,,5.60485,0.89854,-1.97786,50,5.58023,3.59973,-113.85911,-0.68276,7.31027,22.16259,-31.00212,STA_YAN,LAN,StatenIslandYankees,Independent,ATL,20250808-StatenIslandYankees-1,b6494dc0-746d-11f0-8056-7d20f596a496,77.09924,,,6.61695,,,,,,,74ae92c6-097b-4c67-a4fc-76e9cf9e5798,2025-08-08,15:38:20.52,2025-08-08T11:38:20.5246464-04:00,2025-08-08T15:38:20.5246464Z,,v3,586,1889,,"Martorano, Brandon",668785,Right,STA_YAN,d1ebcd8a-1d69-4928-b719-c0f172417100,54.90215,-114.80935,11.0813,5.58101,0.64648,-15.50106,-2.12549,3.2863,3.65513,,,,,,,,,,,,,,,,,,,,,,,,,,,,,,,,,,,,,,,,,,,,,,,,,,,High,High,High,,,,,
125,2025-08-08,11:38:37.68,2,4,"Kubo, Trayson",687840,Right,STA_YAN,"Carpenter, Joseph",696515,Right,LAN,Undefined,4,Top,1,1,2,Undefined,Curveball,StrikeSwinging,Strikeout,Undefined,Undefined,0,0,,79.94933,-0.333991,-3.257085,2805.851443,58.938989,8:00,5.54217,2.11339,5.81768,-48.31306,-4.48351,-9.59394,1.20504,-1.71775,74.0034,-9.134321,-4.974518,0.476491,,,,,,,,,,,,4.0089,-1.79457,-1.84084,50,5.48616,6.96639,-116.05229,-2.26778,5.47178,21.55094,-34.62349,STA_YAN,LAN,StatenIslandYankees,Independent,ATL,20250808-StatenIslandYankees-1,c068b430-746d-11f0-8056-7d20f596a496,79.10416,,,5.94593,,,,,,,74ae92c6-097b-4c67-a4fc-76e9cf9e5798,2025-08-08,15:38:37.68,2025-08-08T11:38:37.6850000-04:00,2025-08-08T15:38:37.6850000Z,,v3,586,1889,,"Martorano, Brandon",668785,Right,STA_YAN,f0aab5a3-2595-4956-8a57-9fd85e2fd3cd,54.68358,-116.9188,10.77547,5.54935,-0.87566,-17.31175,-2.11652,6.74639,2.73589,,,,,,,,,,,,,,,,,,,,,,,,,,,,,46.41063,2.613572,0.846336,1.767236,-0.63768,0.86675,1.89777,-2.54077,4.90107,3.37282,69.38084,13.65712,-55.42008,-2.46549,44.13701,-1.9678,5.16943,32.79876,-15.81894,3.24125,-37.09391,2.20016,High,High,High,,,High,High,High
126,2025-08-08,11:39:12.66,3,1,"Kubo, Trayson",687840,Right,STA_YAN,"Campagna, Joe",690523,Right,LAN,Undefined,4,Top,2,0,0,Undefined,Four-Seam,FoulBallNotFieldable,Undefined,Undefined,Undefined,0,0,,88.77342,-2.091004,-2.431748,2092.747093,199.701953,12:45,5.58466,1.94545,6.1754,-18.21466,17.05154,5.68626,2.13306,0.17215,80.88684,-5.561079,-1.406779,0.427416,73.89534,50.461512,144.327949,5059.256483,-97.2284,70.35764,51.44468,204.85973,63.56523,155.221676,3.808789,-3.66181,9.79434,-1.76437,50,5.41707,5.24142,-128.79899,-5.21869,-6.12192,27.94133,-15.79963,STA_YAN,LAN,StatenIslandYankees,Independent,ATL,20250808-StatenIslandYankees-1,d5577020-746d-11f0-8056-7d20f596a496,88.1868,70.36143,,7.88658,,,,1.31632,2.20414,-0.15135,74ae92c6-097b-4c67-a4fc-76e9cf9e5798,2025-08-08,15:39:12.66,2025-08-08T11:39:12.6665216-04:00,2025-08-08T15:39:12.6665216Z,FlyBall,v3,586,1889,,"Martorano, Brandon",668785,Right,STA_YAN,60609541-f87b-47b8-8560-2285820acd8a,54.32296,-129.73341,13.97066,5.58276,-4.69032,-7.89981,-1.94308,5.44616,-3.06096,328.288512,1.31693,-56.07145,-1.69918,1.92608,-0.25101,-0.18667,0.10943,-0.02215,0.00159,2.20505,83.55711,-30.89589,4.06374,-0.61308,0.02058,0.00476,0.001,-0.00024,-0.15059,40.21408,-9.5148,2.39459,-0.435,0.05405,-0.01385,0.00408,-0.00042,,,,,,,,,,,,,,,,,,,,,,,High,High,High,High,Low,,,
127,2025-08-08,11:39:32.31,3,2,"Kubo, Trayson",687840,Right,STA_YAN,"Campagna, Joe",690523,Right,LAN,Undefined,4,Top,2,0,1,Undefined,Curveball,BallCalled,Undefined,Undefined,Undefined,0,0,,78.21027,-0.551631,-1.8257,2800.906232,53.689816,7:45,5.54553,1.94443,5.77236,-53.6755,-7.61189,-12.3232,0.55897,-0.78202,72.15712,-10.316545,-4.037542,0.488484,,,,,,,,,,,,5.8276,-3.43024,-1.78569,50,5.4669,4.06661,-113.61241,-2.8203,7.56577,22.12062,-36.62739,STA_YAN,LAN,StatenIslandYankees,Independent,ATL,20250808-StatenIslandYankees-1,e10f77f0-746d-11f0-8056-7d20f596a496,77.16205,,,6.05314,,,,,,,74ae92c6-097b-4c67-a4fc-76e9cf9e5798,2025-08-08,15:39:32.31,2025-08-08T11:39:32.3127296-04:00,2025-08-08T15:39:32.3127296Z,,v3,586,1889,,"Martorano, Brandon",668785,Right,STA_YAN,051fe43d-da2f-4289-8470-9761f03f809f,54.73047,-114.52974,11.06031,5.55236,-1.30138,-18.31369,-1.94783,3.75286,3.78288,,,,,,,,,,,,,,,,,,,,,,,,,,,,,,,,,,,,,,,,,,,,,,,,,,,High,High,High,,,,,
128,2025-08-08,11:39:49.72,3,3,"Kubo, Trayson",687840,Right,STA_YAN,"Campagna, Joe",690523,Right,LAN,Undefined,4,Top,2,1,1,Undefined,Curveball,FoulBallNotFieldable,Undefined,Undefined,Undefined,0,0,,76.19975,2.106986,-1.132655,2777.62552,78.237591,8:30,5.51224,2.14265,5.49778,-51.29393,-1.55382,-16.07426,3.20982,-0.25646,68.80077,-7.311947,-3.995031,0.507604,,,,,,,,,,,,7.73276,-0.9865,-2.03237,50,5.6621,2.79796,-110.39962,2.3981,9.3565,23.24603,-33.36768,STA_YAN,LAN,StatenIslandYankees,Independent,ATL,20250808-StatenIslandYankees-1,eb71b3c0-746d-11f0-8056-7d20f596a496,74.25565,,,7.39897,,,,,,,74ae92c6-097b-4c67-a4fc-76e9cf9e5798,2025-08-08,15:39:49.72,2025-08-08T11:39:49.7265664-04:00,2025-08-08T15:39:49.7265664Z,,v3,586,1889,,"Martorano, Brandon",668785,Right,STA_YAN,5ae428b8-e8e5-4055-9de9-27b175f2b58e,55.0009,-111.44765,11.62302,5.52008,3.90246,-16.68384,-2.149,2.37613,4.67825,,,,,,,,,,,,,,,,,,,,,,,,,,,,,,,,,,,,,,,,,,,,,,,,,,,High,High,High,,,,,
129,2025-08-08,11:40:28.25,3,4,"Kubo, Trayson",687840,Right,STA_YAN,"Campagna, Joe",690523,Right,LAN,Undefined,4,Top,2,1,2,Undefined,Four-Seam,BallCalled,Undefined,Undefined,Undefined,0,0,,89.4874,-1.540837,-4.66307,2026.183551,204.208754,12:45,5.65789,1.98253,6.35237,-17.78001,17.07832,7.12162,2.75291,-1.72561,80.85461,-4.958054,-3.380789,0.424937,,,,,,,,,,,,-5.11571,9.70308,-1.64657,50,5.53716,10.26429,-129.46871,-3.95931,-8.58522,29.87529,-15.89033,STA_YAN,LAN,StatenIslandYankees,Independent,ATL,20250808-StatenIslandYankees-1,02475820-746e-11f0-8056-7d20f596a496,88.70124,,,8.63279,,,,,,,74ae92c6-097b-4c67-a4fc-76e9cf9e5798,2025-08-08,15:40:28.25,2025-08-08T11:40:28.2578432-04:00,2025-08-08T15:40:28.2578432Z,,v3,586,1889,,"Martorano, Brandon",668785,Right,STA_YAN,1d95ff28-c0e3-475f-a3d9-4b0dc82c0b1b,54.14257,-130.42112,14.93764,5.65531,-3.45274,-7.94517,-1.97815,10.53799,-4.29261,,,,,,,,,,,,,,,,,,,,,,,,,,,,,,,,,,,,,,,,,,,,,,,,,,,High,High,High,,,,,
130,2025-08-08,11:40:44.97,3,5,"Kubo, Trayson",687840,Right,STA_YAN,"Campagna, Joe",690523,Right,LAN,Undefined,4,Top,2,2,2,Undefined,Curveball,FoulBallNotFieldable,Undefined,Undefined,Undefined,0,0,,78.34762,-0.309496,-1.538713,2807.484947,85.376199,8:45,5.58999,2.15201,5.54682,-45.80077,0.37449,-13.15764,1.48393,-0.38274,72.14359,-8.659635,-3.887001,0.489076,63.84344,69.182633,111.692792,5018.937041,,,,,13.39664,,,6.26087,0.66595,-2.00968,50,5.53264,3.55452,-113.77114,-2.12042,8.18125,21.46461,-31.30383,STA_YAN,LAN,StatenIslandYankees,Independent,ATL,20250808-StatenIslandYankees-1,0c5c8560-746e-11f0-8056-7d20f596a496,77.06872,32.86068,,6.20403,,,,1.72872,1.61303,0.36755,74ae92c6-097b-4c67-a4fc-76e9cf9e5798,2025-08-08,15:40:44.97,2025-08-08T11:40:44.9737728-04:00,2025-08-08T15:40:44.9737728Z,,v3,586,1889,,"Martorano, Brandon",668785,Right,STA_YAN,b3ca1690-672d-4d91-8439-3919973abdc1,54.95401,-114.70198,10.7323,5.59516,-0.76289,-15.65192,-2.15614,3.19973,4.09062,342.728811,1.73742,-12.58826,-5.29468,,,,,,,1.62364,87.17657,-25.98146,,,,,,,0.36729,30.9305,-1.68708,,,,,,,,,,,,,,,,,,,,,,,,,,,,,High,High,High,High,Undefined,,,
131,2025-08-08,11:41:09.46,3,6,"Kubo, Trayson",687840,Right,STA_YAN,"Campagna, Joe",690523,Right,LAN,Undefined,4,Top,2,2,2,Undefined,Four-Seam,InPlay,Undefined,GroundBall,Out,1,0,,89.36963,-1.150229,-2.520274,2131.341874,195.807143,12:30,5.65971,1.88064,6.2567,-16.93091,18.12143,4.76878,3.18699,-0.04745,80.44459,-4.424137,-1.659747,0.426118,90.76711,0.698395,-15.165003,1699.565268,,,,57.92585,55.63446,-15.407837,0.460835,-3.28756,10.13599,-1.69578,50,5.56593,5.50682,-129.57005,-3.04488,-5.49795,31.18121,-15.22319,STA_YAN,LAN,StatenIslandYankees,Independent,ATL,20250808-StatenIslandYankees-1,1af39140-746e-11f0-8056-7d20f596a496,88.45536,3.24765,,8.92504,,,,0.6004,3.21499,0.06583,74ae92c6-097b-4c67-a4fc-76e9cf9e5798,2025-08-08,15:41:09.46,2025-08-08T11:41:09.4692352-04:00,2025-08-08T15:41:09.4692352Z,GroundBall,v3,586,1889,,"Martorano, Brandon",668785,Right,STA_YAN,ba53fa91-814d-4eaf-9b83-45e52d19f20d,54.23919,-130.58624,15.5906,5.65707,-2.54876,-7.61159,-1.87816,5.686,-2.74897,36.859131,0.61434,128.07286,-17.91224,,,,,,,3.22497,1.33189,-18.12041,,,,,,,0.06485,-34.7945,2.73303,,,,,,,,,,,,,,,,,,,,,,,,,,,,,High,High,High,High,High,,,
132,2025-08-08,11:43:23.54,1,1,"McCollough, Luke",1000097980,Right,LAN,"Contreras, Mark",676628,Left,STA_YAN,Undefined,4,Bottom,0,0,0,Undefined,Changeup,StrikeCalled,Undefined,Undefined,Undefined,0,0,,81.10504,-0.313985,-1.994645,1455.166389,251.205277,2:15,5.80969,1.61622,5.1425,-37.20455,6.98796,15.95532,2.41349,1.06699,73.54442,-7.133447,0.830968,0.47846,,,,,,,,,,,,-8.56012,4.02866,-1.4423,50,5.75195,3.41663,-117.50913,-1.95236,-11.82878,24.70482,-26.60704,STA_YAN,LAN,StatenIslandYankees,Independent,ATL,20250808-StatenIslandYankees-1,6ac81f10-746e-11f0-8056-7d20f596a496,78.77866,,,7.56062,,,,,,,74ae92c6-097b-4c67-a4fc-76e9cf9e5798,2025-08-08,15:43:23.54,2025-08-08T11:43:23.5436032-04:00,2025-08-08T15:43:23.5436032Z,,v3,586,1889,,"Isola, Alex",684576,Right,LAN,c4c4d2b1-40f0-44d3-80b0-1c7b1477f002,55.35516,-118.62964,12.35241,5.81313,-0.74557,-13.30352,-1.60943,3.95314,-5.91439,,,,,,,,,,,,,,,,,,,,,,,,,,,,,,,,,,,,,,,,,,,,,,,,,,,High,High,High,,,,,
133,2025-08-08,11:43:37.92,1,2,"McCollough, Luke",1000097980,Right,LAN,"Contreras, Mark",676628,Left,STA_YAN,Undefined,4,Bottom,0,0,1,Undefined,Curveball,BallCalled,Undefined,Undefined,Undefined,0,0,,75.28935,0.029342,-2.386494,2366.524548,10.04403,6:15,5.95472,1.51165,4.75148,-65.41157,-12.92576,-2.62693,0.53161,-0.97189,68.55499,-11.668917,-2.849566,0.521426,,,,,,,,,,,,0.49728,-6.11083,-1.26928,50,5.89893,4.64534,-108.9878,-2.27056,0.58497,23.09084,-39.36219,STA_YAN,LAN,StatenIslandYankees,Independent,ATL,20250808-StatenIslandYankees-1,73679c40-746e-11f0-8056-7d20f596a496,72.28728,,,6.73436,,,,,,,74ae92c6-097b-4c67-a4fc-76e9cf9e5798,2025-08-08,15:43:37.92,2025-08-08T11:43:37.9216384-04:00,2025-08-08T15:43:37.9216384Z,,v3,586,1889,,"Isola, Alex",684576,Right,LAN,d78cb49c-bbea-4618-aaf2-5efbea1a943a,55.75081,-110.19946,11.54542,5.96389,-0.20507,-19.68109,-1.51223,4.61465,0.29249,,,,,,,,,,,,,,,,,,,,,,,,,,,,,,,,,,,,,,,,,,,,,,,,,,,High,High,High,,,,,
134,2025-08-08,11:43:53.89,1,3,"McCollough, Luke",1000097980,Right,LAN,"Contreras, Mark",676628,Left,STA_YAN,Undefined,4,Bottom,0,1,1,Undefined,Sinker,BallCalled,Undefined,Undefined,Undefined,0,0,,88.13052,-2.566749,-3.597384,2189.658319,231.370255,1:45,5.88545,1.32546,5.91161,-23.51056,12.94375,14.57871,1.53763,-0.80292,79.9059,-6.977783,-0.984091,0.434556,,,,,,,,,,,,-8.66792,7.80906,-1.04526,50,5.66576,7.42807,-127.59607,-6.47462,-14.12749,29.03895,-19.44638,STA_YAN,LAN,StatenIslandYankees,Independent,ATL,20250808-StatenIslandYankees-1,7ced33b0-746e-11f0-8056-7d20f596a496,86.73778,,,8.22462,,,,,,,74ae92c6-097b-4c67-a4fc-76e9cf9e5798,2025-08-08,15:43:53.89,2025-08-08T11:43:53.8921984-04:00,2025-08-08T15:43:53.8921984Z,,v3,586,1889,,"Isola, Alex",684576,Right,LAN,5b2b4356-0473-42bd-9853-f95e7fff44bc,54.58787,-128.63596,14.51948,5.88515,-5.77824,-9.72319,-1.32032,7.93398,-7.06374,,,,,,,,,,,,,,,,,,,,,,,,,,,,,,,,,,,,,,,,,,,,,,,,,,,High,High,High,,,,,
135,2025-08-08,11:44:09.93,1,4,"McCollough, Luke",1000097980,Right,LAN,"Contreras, Mark",676628,Left,STA_YAN,Undefined,4,Bottom,0,2,1,Undefined,Changeup,FoulBallNotFieldable,Undefined,Undefined,Undefined,0,0,,80.99032,0.513915,-2.068868,1569.571629,248.551319,2:15,5.79208,1.61797,5.14607,-36.7399,7.495,15.18024,3.21461,0.9343,73.43952,-6.231586,0.617933,0.47869,71.66783,73.423081,-121.083732,4999.546885,,,,,10.74431,,,-8.21615,4.00252,-1.4367,50,5.81219,3.60345,-117.36431,-0.2292,-11.34569,24.27828,-26.64696,STA_YAN,LAN,StatenIslandYankees,Independent,ATL,20250808-StatenIslandYankees-1,868c6da0-746e-11f0-8056-7d20f596a496,78.74088,35.03494,,7.5508,,,,1.28774,3.32047,-0.95075,74ae92c6-097b-4c67-a4fc-76e9cf9e5798,2025-08-08,15:44:09.93,2025-08-08T11:44:09.9366912-04:00,2025-08-08T15:44:09.9366912Z,,v3,586,1889,,"Isola, Alex",684576,Right,LAN,ee230793-13e0-4a02-aeb5-74da7cd8de65,55.35227,-118.46633,12.13914,5.79514,0.98033,-13.32348,-1.61195,4.11844,-5.67284,13.430352,1.29224,-15.65807,-6.19095,,,,,,,3.32409,100.60434,-23.95087,,,,,,,-0.95085,-25.67939,1.31836,,,,,,,,,,,,,,,,,,,,,,,,,,,,,High,High,High,High,Undefined,,,
136,2025-08-08,11:44:31.94,1,5,"McCollough, Luke",1000097980,Right,LAN,"Contreras, Mark",676628,Left,STA_YAN,Undefined,4,Bottom,0,2,2,Undefined,Sinker,FoulBallNotFieldable,Undefined,Undefined,Undefined,0,0,,90.88852,-1.745803,-2.2142,2359.519068,235.640787,1:45,5.84,1.28915,5.49479,-22.47056,12.16406,16.0493,2.33268,0.55436,82.50069,-5.933957,0.645007,0.423571,,,,,,,,,,,,-8.73638,7.00973,-1.10645,50,5.67223,4.35851,-131.72843,-4.80797,-15.22861,30.06151,-19.95521,STA_YAN,LAN,StatenIslandYankees,Independent,ATL,20250808-StatenIslandYankees-1,938ab110-746e-11f0-8056-7d20f596a496,88.98721,,,8.38783,,,,,,,74ae92c6-097b-4c67-a4fc-76e9cf9e5798,2025-08-08,15:44:31.94,2025-08-08T11:44:31.9436288-04:00,2025-08-08T15:44:31.9436288Z,,v3,586,1889,,"Isola, Alex",684576,Right,LAN,a5b49cbf-0c86-48d4-8a5b-7c0e7cb75405,55.0029,-132.86523,15.03076,5.83977,-4.05334,-9.97761,-1.28216,4.93439,-7.6143,,,,,,,,,,,,,,,,,,,,,,,,,,,,,,,,,,,,,,,,,,,,,,,,,,,High,High,High,,,,,
137,2025-08-08,11:44:53.39,1,6,"McCollough, Luke",1000097980,Right,LAN,"Contreras, Mark",676628,Left,STA_YAN,Undefined,4,Bottom,0,2,2,Undefined,Changeup,InPlay,Undefined,FlyBall,Out,1,0,,81.64442,-0.1836,-2.192393,1563.829187,254.769727,2:30,5.79448,1.59579,5.06231,-37.57313,6.11784,16.87899,2.49013,0.93402,74.1038,-7.053618,0.791893,0.475737,86.70902,57.195319,-5.87398,4852.422617,105.35216,140.52916,-31.63736,199.00158,95.45252,-20.230416,5.947626,-9.1026,3.50768,-1.40163,50,5.74742,3.81338,-118.29873,-1.72445,-12.76145,24.8184,-27.25642,STA_YAN,LAN,StatenIslandYankees,Independent,ATL,20250808-StatenIslandYankees-1,a0691070-746e-11f0-8056-7d20f596a496,79.22951,141.30072,,7.54061,,,,1.71015,3.3492,-1.4658,74ae92c6-097b-4c67-a4fc-76e9cf9e5798,2025-08-08,15:44:53.39,2025-08-08T11:44:53.3906944-04:00,2025-08-08T15:44:53.3906944Z,FlyBall,v3,586,1889,,"Isola, Alex",684576,Right,LAN,01491bce-bd16-45dd-8fbe-9b580480d735,55.4367,-119.43387,12.4092,5.79779,-0.47779,-13.62821,-1.5894,4.39706,-6.38073,164.210577,1.71982,68.35686,-20.33672,5.25261,-0.60233,-0.09213,0.04467,-0.00607,0.00029,3.33443,107.12182,-25.96465,3.15732,-0.7599,0.15245,-0.01628,0.0003,5E-05,-1.46759,-7.03209,-4.55571,1.92365,-0.46231,0.05489,0.00105,-0.00094,7E-05,,,,,,,,,,,,,,,,,,,,,,,High,High,High,Medium,Low,,,
138,2025-08-08,11:45:27.42,2,1,"McCollough, Luke",1000097980,Right,LAN,"Scheffler, Matt",688032,Right,STA_YAN,Undefined,4,Bottom,1,0,0,Undefined,Slider,BallCalled,Undefined,Undefined,Undefined,0,0,,80.36818,1.791295,-0.365349,2251.240228,128.007491,10:15,5.75716,1.59004,5.01472,-42.38624,2.77354,-1.56228,3.91617,1.11503,72.80166,-5.946861,-0.641229,0.483668,,,,,,,,,,,,0.65701,1.31075,-1.55371,50,5.8951,0.80981,-116.42169,2.10208,0.89296,23.84326,-30.39256,STA_YAN,LAN,StatenIslandYankees,Independent,ATL,20250808-StatenIslandYankees-1,b4a03c30-746e-11f0-8056-7d20f596a496,77.9304,,,7.56651,,,,,,,74ae92c6-097b-4c67-a4fc-76e9cf9e5798,2025-08-08,15:45:27.42,2025-08-08T11:45:27.4256896-04:00,2025-08-08T15:45:27.4256896Z,,v3,586,1889,,"Isola, Alex",684576,Right,LAN,0fbaeb0a-5450-4c10-8ec5-be0261b69bd7,55.48163,-117.53897,11.92163,5.76323,3.52625,-15.19628,-1.59068,0.76797,0.44648,,,,,,,,,,,,,,,,,,,,,,,,,,,,,,,,,,,,,,,,,,,,,,,,,,,High,High,High,,,,,
139,2025-08-08,11:45:40.64,2,2,"McCollough, Luke",1000097980,Right,LAN,"Scheffler, Matt",688032,Right,STA_YAN,Undefined,4,Bottom,1,1,0,Undefined,Slider,StrikeCalled,Undefined,Undefined,Undefined,0,0,,79.42186,-0.632163,-2.970793,2189.44576,251.219784,2:15,5.79378,1.66364,5.21281,-44.37967,2.38142,1.54685,1.5002,-1.0035,71.22036,-8.752221,-2.696721,0.492168,,,,,,,,,,,,-1.82744,2.00595,-1.39009,50,5.70272,5.88997,-114.75668,-2.82018,-2.37101,26.5849,-29.57141,STA_YAN,LAN,StatenIslandYankees,Independent,ATL,20250808-StatenIslandYankees-1,bc885040-746e-11f0-8056-7d20f596a496,76.58443,,,8.2015,,,,,,,74ae92c6-097b-4c67-a4fc-76e9cf9e5798,2025-08-08,15:45:40.64,2025-08-08T11:45:40.6417920-04:00,2025-08-08T15:45:40.6417920Z,,v3,586,1889,,"Isola, Alex",684576,Right,LAN,ec676fbc-644e-431f-8e8c-e54dc148bbb4,55.28053,-115.97353,13.29245,5.80083,-1.46663,-14.78571,-1.66217,5.99849,-1.18551,,,,,,,,,,,,,,,,,,,,,,,,,,,,,,,,,,,,,,,,,,,,,,,,,,,High,High,High,,,,,
140,2025-08-08,11:45:56.25,2,3,"McCollough, Luke",1000097980,Right,LAN,"Scheffler, Matt",688032,Right,STA_YAN,Undefined,4,Bottom,1,1,1,Undefined,Slider,FoulBallNotFieldable,Undefined,Undefined,Undefined,0,0,,79.07665,-0.052815,-2.671359,2255.803005,183.91328,12:15,5.91234,1.63582,5.15678,-43.87636,2.55555,0.06591,2.20621,-0.87511,72.01505,-8.042034,-2.659698,0.490433,83.80032,51.429125,45.831846,4805.525396,,,,,31.5738,,,-0.85461,1.73713,-1.38625,50,5.87385,5.34155,-114.54092,-1.63517,-1.12383,23.15861,-29.88965,STA_YAN,LAN,StatenIslandYankees,Independent,ATL,20250808-StatenIslandYankees-1,c5f09bb0-746e-11f0-8056-7d20f596a496,76.85543,38.72387,,7.06159,,,,1.00678,2.189,0.90036,74ae92c6-097b-4c67-a4fc-76e9cf9e5798,2025-08-08,15:45:56.25,2025-08-08T11:45:56.2572800-04:00,2025-08-08T15:45:56.2572800Z,,v3,586,1889,,"Isola, Alex",684576,Right,LAN,011739d2-1542-4ebc-b739-25c6fd647279,55.34131,-115.61582,11.57931,5.91755,-0.24786,-14.94483,-1.63538,5.39371,-0.56191,213.163427,1.02608,52.78672,-15.39249,,,,,,,2.19927,95.77313,-24.60594,,,,,,,0.90135,54.93807,-3.89186,,,,,,,,,,,,,,,,,,,,,,,,,,,,,High,High,High,High,Undefined,,,
141,2025-08-08,11:46:30.78,2,4,"McCollough, Luke",1000097980,Right,LAN,"Scheffler, Matt",688032,Right,STA_YAN,Undefined,4,Bottom,1,1,2,Undefined,Changeup,InPlay,Undefined,GroundBall,Out,1,0,,84.01,-1.302686,-3.145546,1610.760205,257.649592,2:30,5.88001,1.38369,5.3152,-35.32065,5.15213,17.72151,1.71193,-0.09473,77.18807,-7.747542,0.001054,0.457881,89.72437,-30.061693,-51.759621,,,,,4.75313,4.75313,-31.76967,0.027359,-9.8226,3.28721,-1.112,50,5.73607,5.95683,-121.82722,-4.0378,-14.7808,23.65288,-27.22752,STA_YAN,LAN,StatenIslandYankees,Independent,ATL,20250808-StatenIslandYankees-1,da7b3ea0-746e-11f0-8056-7d20f596a496,82.31924,1.80636,,6.82194,,,,2.10923,1.80636,-0.05129,74ae92c6-097b-4c67-a4fc-76e9cf9e5798,2025-08-08,15:46:30.78,2025-08-08T11:46:30.7807232-04:00,2025-08-08T15:46:30.7807232Z,GroundBall,v3,586,1889,,"Isola, Alex",684576,Right,LAN,5584676e-8ed8-48aa-8079-ae09412e92f3,55.18599,-122.82995,11.82644,5.88278,-2.88352,-13.61376,-1.37782,6.58345,-7.3904,180,2.10874,70.60731,,,,,,,,1.80682,-66.02437,,,,,,,,-0.05067,-89.59589,,,,,,,,,,,,,,,,,,,,,,,,,,,,,,High,High,High,Low,Low,,,
142,2025-08-08,11:47:04.49,3,1,"McCollough, Luke",1000097980,Right,LAN,"Sandoval, Pablo",467055,Left,STA_YAN,Undefined,4,Bottom,2,0,0,Undefined,Curveball,StrikeSwinging,Undefined,Undefined,Undefined,0,0,,76.24077,0.673834,-1.961335,2406.482633,37.031845,7:15,5.95648,1.59092,4.83742,-59.15188,-9.43575,-8.18941,1.6656,-0.94942,70.8612,-9.89797,-3.404877,0.507481,,,,,,,,,,,,3.56465,-4.52796,-1.38927,50,5.97148,4.11435,-110.70678,-0.82123,4.44666,18.81097,-37.82236,STA_YAN,LAN,StatenIslandYankees,Independent,ATL,20250808-StatenIslandYankees-1,ee9bfc30-746e-11f0-8056-7d20f596a496,74.27354,,,5.37957,,,,,,,74ae92c6-097b-4c67-a4fc-76e9cf9e5798,2025-08-08,15:47:04.49,2025-08-08T11:47:04.4988416-04:00,2025-08-08T15:47:04.4988416Z,,v3,586,1889,,"Isola, Alex",684576,Right,LAN,617df8c2-80d4-4ff7-bcb5-edf1081c67d0,55.66639,-111.66544,9.40549,5.96422,1.10632,-18.91118,-1.59317,3.88774,2.22333,,,,,,,,,,,,,,,,,,,,,,,,,,,,,,,,,,,,,,,,,,,,,,,,,,,High,High,High,,,,,
143,2025-08-08,11:47:18.91,3,2,"McCollough, Luke",1000097980,Right,LAN,"Sandoval, Pablo",467055,Left,STA_YAN,Undefined,4,Bottom,2,0,1,Undefined,Curveball,StrikeSwinging,Undefined,Undefined,Undefined,0,0,,76.59615,0.205986,-0.763738,2400.05481,33.992669,7:15,6.02385,1.5934,4.67887,-60.61117,-11.1693,-8.47378,1.16856,0.16192,71.365,-10.578485,-2.25627,0.50608,,,,,,,,,,,,4.01181,-5.2787,-1.50749,50,5.98884,1.82292,-111.28598,-1.83068,5.06192,18.82455,-38.83446,STA_YAN,LAN,StatenIslandYankees,Independent,ATL,20250808-StatenIslandYankees-1,f734e9b0-746e-11f0-8056-7d20f596a496,74.47926,,,5.23114,,,,,,,74ae92c6-097b-4c67-a4fc-76e9cf9e5798,2025-08-08,15:47:18.91,2025-08-08T11:47:18.9199872-04:00,2025-08-08T15:47:18.9199872Z,,v3,586,1889,,"Isola, Alex",684576,Right,LAN,89a85fb2-d692-4c8c-adb8-b670d8f42148,55.82565,-112.26709,9.41228,6.0315,0.19333,-19.41723,-1.59563,1.5591,2.53096,,,,,,,,,,,,,,,,,,,,,,,,,,,,,,,,,,,,,,,,,,,,,,,,,,,High,High,High,,,,,
144,2025-08-08,11:47:35.21,3,3,"McCollough, Luke",1000097980,Right,LAN,"Sandoval, Pablo",467055,Left,STA_YAN,Undefined,4,Bottom,2,0,2,Undefined,Four-Seam,FoulBallNotFieldable,Undefined,Undefined,Undefined,0,0,,91.03644,-1.546267,-2.767334,2350.690593,223.754706,1:30,6.01416,1.09921,5.51802,-16.04028,18.25564,16.40414,3.22965,-0.12328,82.94811,-4.588458,0.152901,0.421495,75.02019,34.323016,-169.186681,2309.355263,-107.40571,41.46261,-23.74826,211.63123,82.02781,-166.006397,2.818241,-9.12465,10.01012,-0.86965,50,5.86899,5.65225,-132.01854,-4.07608,-16.07219,28.61907,-14.54222,STA_YAN,LAN,StatenIslandYankees,Independent,ATL,20250808-StatenIslandYankees-1,00df4730-746f-11f0-8056-7d20f596a496,89.42553,41.4715,,8.08833,,,,2.39302,3.33467,0.12454,74ae92c6-097b-4c67-a4fc-76e9cf9e5798,2025-08-08,15:47:35.21,2025-08-08T11:47:35.2194560-04:00,2025-08-08T15:47:35.2194560Z,FlyBall,v3,586,1889,,"Isola, Alex",684576,Right,LAN,a8e4fff6-79a3-4bd2-a6ae-6bb86f775114,54.98192,-133.09414,14.30953,6.01192,-3.52953,-7.27111,-1.09344,6.2563,-8.0361,348.204186,2.3933,-89.26962,5.63793,-0.42922,0.62816,-0.53427,0.24741,-0.05656,0.00501,3.33457,62.04556,-28.83091,3.57072,-0.68926,0.10417,-0.01522,0.004,-0.00055,0.12452,-17.04742,-0.80035,0.21872,-0.0395,0.00348,0.00034,-5E-05,-1E-05,,,,,,,,,,,,,,,,,,,,,,,High,High,High,High,Low,,,
145,2025-08-08,11:47:56.68,3,4,"McCollough, Luke",1000097980,Right,LAN,"Sandoval, Pablo",467055,Left,STA_YAN,Undefined,4,Bottom,2,0,2,Undefined,Slider,StrikeSwinging,Strikeout,Undefined,Undefined,0,0,,80.92337,-0.073463,-1.131174,2207.854462,235.627573,1:45,5.90327,1.7226,5.23168,-40.78357,2.89764,2.2491,2.43557,0.84657,74.35098,-7.500049,-0.731964,0.475684,,,,,,,,,,,,-1.43437,1.88898,-1.62018,50,5.86611,2.22596,-117.46151,-1.5993,-2.00569,22.06726,-29.53266,STA_YAN,LAN,StatenIslandYankees,Independent,ATL,20250808-StatenIslandYankees-1,0d984440-746f-11f0-8056-7d20f596a496,79.23836,,,6.57239,,,,,,,74ae92c6-097b-4c67-a4fc-76e9cf9e5798,2025-08-08,15:47:56.68,2025-08-08T11:47:56.6831616-04:00,2025-08-08T15:47:56.6831616Z,,v3,586,1889,,"Isola, Alex",684576,Right,LAN,49f92e5a-77a3-447c-b9b1-51ed8fb57c95,55.26702,-118.44688,11.03363,5.90808,-0.28058,-14.76633,-1.72158,2.31552,-1.00284,,,,,,,,,,,,,,,,,,,,,,,,,,,,,,,,,,,,,,,,,,,,,,,,,,,High,High,High,,,,,
146,2025-08-08,11:50:27.73,1,1,"Kubo, Trayson",687840,Right,STA_YAN,"Lucky, Nick",681879,Left,LAN,Undefined,5,Top,0,0,0,Undefined,Four-Seam,BallCalled,Undefined,Undefined,Undefined,0,0,,87.36689,-1.375464,-1.809856,2072.909454,213.321048,1:00,5.54282,2.12743,5.91125,-19.22418,17.66568,10.77544,2.66329,1.34501,79.20381,-5.034522,0.124194,0.437144,,,,,,,,,,,,-6.00981,9.81331,-1.98806,50,5.42146,3.54374,-126.71235,-3.59569,-9.68975,27.90076,-16.3518,STA_YAN,LAN,StatenIslandYankees,Independent,ATL,20250808-StatenIslandYankees-1,67a083d0-746f-11f0-8056-7d20f596a496,86.22423,,,8.16308,,,,,,,74ae92c6-097b-4c67-a4fc-76e9cf9e5798,2025-08-08,15:50:27.73,2025-08-08T11:50:27.7341696-04:00,2025-08-08T15:50:27.7341696Z,,v3,586,1889,,"Martorano, Brandon",668785,Right,STA_YAN,5fcfb07d-907d-4b90-af2b-f5e8a8885948,54.58426,-127.71777,13.95038,5.54042,-3.00645,-8.1759,-2.12206,3.89291,-4.84488,,,,,,,,,,,,,,,,,,,,,,,,,,,,,,,,,,,,,,,,,,,,,,,,,,,High,High,High,,,,,
147,2025-08-08,11:50:42.31,1,2,"Kubo, Trayson",687840,Right,STA_YAN,"Lucky, Nick",681879,Left,LAN,Undefined,5,Top,0,1,0,Undefined,Changeup,BallCalled,Undefined,Undefined,Undefined,0,0,,80.04083,-1.648006,-2.899226,1846.893996,233.872768,1:45,5.30514,2.15459,6.50987,-32.16848,10.75654,12.74658,1.10971,0.55392,73.06598,-7.695186,-0.585216,0.471549,,,,,,,,,,,,-7.57626,6.56126,-1.95742,50,5.17604,5.44382,-116.17021,-4.2121,-10.27418,23.31783,-23.27632,STA_YAN,LAN,StatenIslandYankees,Independent,ATL,20250808-StatenIslandYankees-1,706da0b0-746f-11f0-8056-7d20f596a496,79.93327,,,6.97485,,,,,,,74ae92c6-097b-4c67-a4fc-76e9cf9e5798,2025-08-08,15:50:42.31,2025-08-08T11:50:42.3135744-04:00,2025-08-08T15:50:42.3135744Z,,v3,586,1889,,"Martorano, Brandon",668785,Right,STA_YAN,d6b3dfed-20b2-42a8-907a-447c53d56372,53.98902,-116.96815,11.65891,5.30655,-3.41558,-11.63816,-2.14972,5.7954,-5.13709,,,,,,,,,,,,,,,,,,,,,,,,,,,,,,,,,,,,,,,,,,,,,,,,,,,High,High,High,,,,,
148,2025-08-08,11:50:57.98,1,3,"Kubo, Trayson",687840,Right,STA_YAN,"Lucky, Nick",681879,Left,LAN,Undefined,5,Top,0,2,0,Undefined,Changeup,StrikeCalled,Undefined,Undefined,Undefined,0,0,,87.09296,-0.571845,-2.440478,1993.36963,215.462992,1:15,5.50877,2.13521,5.91137,-20.68076,16.33729,10.75568,3.25412,0.76502,79.12798,-4.490735,-0.511351,0.437903,,,,,,,,,,,,-6.19138,8.89107,-1.94532,50,5.4511,4.93299,-126.34653,-1.87586,-9.95512,27.01635,-17.87812,STA_YAN,LAN,StatenIslandYankees,Independent,ATL,20250808-StatenIslandYankees-1,79a78920-746f-11f0-8056-7d20f596a496,86.07483,,,7.96499,,,,,,,74ae92c6-097b-4c67-a4fc-76e9cf9e5798,2025-08-08,15:50:57.98,2025-08-08T11:50:57.9816960-04:00,2025-08-08T15:50:57.9816960Z,,v3,586,1889,,"Martorano, Brandon",668785,Right,STA_YAN,807aaa11-b71b-452e-b368-f0aab3523f06,54.58533,-127.32323,13.50817,5.50723,-1.22953,-8.93906,-2.13016,5.29289,-4.97756,,,,,,,,,,,,,,,,,,,,,,,,,,,,,,,,,,,,,,,,,,,,,,,,,,,High,High,High,,,,,
149,2025-08-08,11:51:14.11,1,4,"Kubo, Trayson",687840,Right,STA_YAN,"Lucky, Nick",681879,Left,LAN,Undefined,5,Top,0,2,1,Undefined,Sinker,FoulBallNotFieldable,Undefined,Undefined,Undefined,0,0,,87.92337,-0.749743,-2.773676,1944.926451,227.359202,1:30,5.46724,2.12367,5.9851,-23.60879,12.76312,12.49268,2.80408,0.59192,79.65231,-5.199828,-0.530026,0.434065,93.5612,34.861178,-36.449462,3953.843168,82.07646,65.45108,-73.23547,340.6721,270.22528,-48.316365,4.499273,-7.26205,7.15327,-1.91147,50,5.39505,5.65883,-127.50566,-2.4062,-11.83855,28.60543,-20.5128,STA_YAN,LAN,StatenIslandYankees,Independent,ATL,20250808-StatenIslandYankees-1,835c1fd0-746f-11f0-8056-7d20f596a496,86.83598,80.55703,,8.27105,,,,0.26812,2.65962,-0.51068,74ae92c6-097b-4c67-a4fc-76e9cf9e5798,2025-08-08,15:51:14.11,2025-08-08T11:51:14.1160448-04:00,2025-08-08T15:51:14.1160448Z,FlyBall,v3,586,1889,,"Martorano, Brandon",668785,Right,STA_YAN,c090a35d-767a-418f-9662-5b330a583f32,54.51253,-128.51404,14.30271,5.46713,-1.68309,-10.2564,-2.1183,6.07615,-5.91928,135.727076,0.26942,90.54907,-23.13854,6.78091,-1.58119,0.32423,-0.06007,0.00808,-0.0005,2.66236,78.363,-22.04886,0.76533,0.64738,-0.39435,0.10961,-0.01508,0.00081,-0.51049,-66.89962,3.7549,-0.35181,-0.01534,0.00331,0.00217,-0.00057,4E-05,,,,,,,,,,,,,,,,,,,,,,,High,High,High,High,Medium,,,
150,2025-08-08,11:51:39.93,1,5,"Kubo, Trayson",687840,Right,STA_YAN,"Lucky, Nick",681879,Left,LAN,Undefined,5,Top,0,2,2,Undefined,Four-Seam,InPlay,Undefined,LineDrive,Triple,0,0,,88.89127,-2.390065,-3.118561,2011.875753,215.734451,1:15,5.47087,1.97864,6.19956,-17.56765,17.74363,11.88548,1.79604,0.08746,80.67136,-5.753942,-0.976547,0.427689,96.24862,16.193651,-8.701926,2195.389137,107.62464,25.32859,-22.73621,281.79994,279.56801,-17.182756,2.817711,-7.11737,10.2817,-1.74987,50,5.28197,6.54119,-128.843,-5.86588,-11.86259,28.8914,-15.03746,STA_YAN,LAN,StatenIslandYankees,Independent,ATL,20250808-StatenIslandYankees-1,92ba9a60-746f-11f0-8056-7d20f596a496,88.13047,28.01621,,8.21992,,,,0.53712,1.68517,-0.06979,74ae92c6-097b-4c67-a4fc-76e9cf9e5798,2025-08-08,15:51:39.93,2025-08-08T11:51:39.9330304-04:00,2025-08-08T15:51:39.9330304Z,LineDrive,v3,586,1889,,"Martorano, Brandon",668785,Right,STA_YAN,7c49a955-1853-4567-a1ec-4dc85a59b2ab,54.29884,-129.80338,14.4457,5.46865,-5.36602,-7.51873,-1.97386,6.93552,-5.9313,130.8813,0.53713,134.00279,-23.59943,5.72884,-1.26313,0.26127,-0.04597,0.00553,-0.00032,1.68515,39.36888,-15.15856,0.24402,0.11392,-0.04784,0.00934,-0.00086,3E-05,-0.06979,-20.51005,-5.45915,1.30249,-0.28282,0.05792,-0.01017,0.00122,-7E-05,,,,,,,,,,,,,,,,,,,,,,,High,High,High,High,High,,,
151,2025-08-08,11:52:35.23,2,1,"Kubo, Trayson",687840,Right,STA_YAN,"Watson, Kevin",675982,Left,LAN,Undefined,5,Top,0,0,0,Undefined,Curveball,BallCalled,Undefined,Undefined,Undefined,0,0,,77.93134,2.223873,0.832279,2580.315902,73.90921,8:30,5.56385,2.11471,5.60221,-47.33676,-1.07941,-8.43973,3.69645,2.18843,71.75984,-6.442051,-0.674596,0.48951,,,,,,,,,,,,4.47075,-0.67,-2.18047,50,5.7237,-1.31816,-113.1894,2.8314,5.83396,19.52923,-33.04832,STA_YAN,LAN,StatenIslandYankees,Independent,ATL,20250808-StatenIslandYankees-1,b39df1f0-746f-11f0-8056-7d20f596a496,77.00028,,,6.1715,,,,,,,74ae92c6-097b-4c67-a4fc-76e9cf9e5798,2025-08-08,15:52:35.23,2025-08-08T11:52:35.2369664-04:00,2025-08-08T15:52:35.2369664Z,,v3,586,1889,,"Martorano, Brandon",668785,Right,STA_YAN,20786694-349d-48c5-ac97-8859f5117724,54.89791,-114.03133,9.76462,5.57093,4.25616,-16.52416,-2.11823,-1.56967,2.91698,,,,,,,,,,,,,,,,,,,,,,,,,,,,,,,,,,,,,,,,,,,,,,,,,,,High,High,High,,,,,
152,2025-08-08,11:52:56.41,2,2,"Kubo, Trayson",687840,Right,STA_YAN,"Watson, Kevin",675982,Left,LAN,Undefined,5,Top,0,1,0,Undefined,Slider,StrikeSwinging,Undefined,Undefined,Undefined,0,0,,76.81193,1.821059,-1.555375,2461.963193,81.27497,8:45,5.56465,2.11035,5.57157,-47.91881,-0.21992,-10.45804,3.27363,-0.21434,70.87819,-6.9366,-3.419898,0.497079,,,,,,,,,,,,4.87296,-0.14539,-1.96938,50,5.69014,3.42476,-111.55605,1.99115,6.17219,19.10499,-32.35821,STA_YAN,LAN,StatenIslandYankees,Independent,ATL,20250808-StatenIslandYankees-1,c03fbd80-746f-11f0-8056-7d20f596a496,75.82786,,,5.93374,,,,,,,74ae92c6-097b-4c67-a4fc-76e9cf9e5798,2025-08-08,15:52:56.41,2025-08-08T11:52:56.4159488-04:00,2025-08-08T15:52:56.4159488Z,,v3,586,1889,,"Martorano, Brandon",668785,Right,STA_YAN,25fdd0da-3527-427f-9b16-8781f019ecca,54.92886,-112.39699,9.55249,5.57115,3.41545,-16.1791,-2.11415,3.15308,3.0861,,,,,,,,,,,,,,,,,,,,,,,,,,,,,,,,,,,,,,,,,,,,,,,,,,,High,High,High,,,,,
153,2025-08-08,11:53:20.60,2,3,"Kubo, Trayson",687840,Right,STA_YAN,"Watson, Kevin",675982,Left,LAN,Undefined,5,Top,0,1,1,Undefined,Curveball,FoulBallNotFieldable,Undefined,Undefined,Undefined,0,0,,75.46593,2.212135,-1.144962,2708.369248,76.574424,8:30,5.49789,2.13133,5.41534,-52.53582,-2.12189,-15.91001,3.19368,-0.26725,68.75509,-7.38981,-3.973819,0.51103,75.53663,81.563236,-166.957491,5732.113396,,,,,4.63929,,,7.6876,-1.30366,-2.01792,50,5.65782,2.78601,-109.43346,2.52091,9.22708,21.15604,-33.73876,STA_YAN,LAN,StatenIslandYankees,Independent,ATL,20250808-StatenIslandYankees-1,cebfe600-746f-11f0-8056-7d20f596a496,73.75773,38.90239,,6.71084,,,,2.03313,3.35524,0.26277,74ae92c6-097b-4c67-a4fc-76e9cf9e5798,2025-08-08,15:53:20.60,2025-08-08T11:53:20.6023168-04:00,2025-08-08T15:53:20.6023168Z,,v3,586,1889,,"Martorano, Brandon",668785,Right,STA_YAN,016d240d-a8cc-4d8a-8083-b05919f30309,55.08518,-110.41217,10.57802,5.5051,4.08171,-16.86938,-2.13693,2.35916,4.61354,1.031889,2.03945,-16.07243,-6.34784,,,,,,,3.36235,109.3233,-27.50467,,,,,,,0.26335,-3.69015,-0.46343,,,,,,,,,,,,,,,,,,,,,,,,,,,,,High,High,High,High,Undefined,,,
154,2025-08-08,11:54:00.29,2,4,"Kubo, Trayson",687840,Right,STA_YAN,"Watson, Kevin",675982,Left,LAN,Undefined,5,Top,0,1,2,Undefined,Four-Seam,InPlay,Undefined,LineDrive,Sacrifice,1,0,,89.28763,-0.785163,-3.558352,2022.393534,219.527424,1:15,5.52621,2.05966,6.03893,-18.60127,16.9571,12.89032,3.24766,-0.16513,80.06196,-4.358194,-1.244426,0.429183,90.40611,28.147084,14.793676,1758.029519,106.12862,51.66015,28.92566,324.67391,318.52633,14.288508,4.355939,-7.81989,9.3639,-1.78874,50,5.45498,7.49633,-129.28128,-2.3027,-12.98292,31.73214,-16.62765,STA_YAN,LAN,StatenIslandYankees,Independent,ATL,20250808-StatenIslandYankees-1,e665f9c0-746f-11f0-8056-7d20f596a496,87.82374,63.69461,,9.22567,,,,1.42939,3.29633,0.18308,74ae92c6-097b-4c67-a4fc-76e9cf9e5798,2025-08-08,15:54:00.29,2025-08-08T11:54:00.2918912-04:00,2025-08-08T15:54:00.2918912Z,FlyBall,v3,586,1889,,"Martorano, Brandon",668785,Right,STA_YAN,8dd015db-2773-4687-a524-9bac8a5d5cd9,54.45766,-130.37082,15.86607,5.52425,-1.73178,-8.31383,-2.05379,7.94211,-6.49146,192.464698,1.43116,112.99847,-20.637,5.10415,-0.99279,0.14448,-0.02342,0.00425,-0.00034,3.29652,62.53997,-17.61347,0.5301,0.32916,-0.22442,0.07482,-0.01205,0.00074,0.18397,29.83198,-3.20994,-0.4155,0.41681,-0.15817,0.03496,-0.00396,0.00017,,,,,,,,,,,,,,,,,,,,,,,High,High,High,High,Medium,,,
155,2025-08-08,11:54:37.98,3,1,"Kubo, Trayson",687840,Right,STA_YAN,"Isola, Alex",684576,Right,LAN,Undefined,5,Top,1,0,0,Undefined,Four-Seam,FoulBallNotFieldable,Undefined,Undefined,Undefined,0,0,,88.96819,-1.502482,-3.404008,2063.399065,208.165871,1:00,5.62743,2.07611,6.16239,-18.81658,16.64741,8.23233,2.66867,-0.38607,80.31152,-5.103269,-1.922619,0.428613,79.10646,71.110657,81.539296,,,,,,35.38862,,,-5.36634,9.46863,-1.82193,50,5.50374,7.33519,-128.91147,-3.91727,-8.90447,30.28235,-16.46259,STA_YAN,LAN,StatenIslandYankees,Independent,ATL,20250808-StatenIslandYankees-1,fcd450d0-746f-11f0-8056-7d20f596a496,87.94055,114.56735,,8.65667,,,,,,,74ae92c6-097b-4c67-a4fc-76e9cf9e5798,2025-08-08,15:54:37.98,2025-08-08T11:54:37.9856896-04:00,2025-08-08T15:54:37.9856896Z,,v3,586,1889,,"Martorano, Brandon",668785,Right,STA_YAN,5fdffcf0-2b94-4f13-88cc-1f5be90ad6d8,54.33553,-129.92593,15.14118,5.62573,-3.36577,-8.2313,-2.07265,7.63349,-4.45223,,3.12165,5.52639,-11.59325,4.84821,-1.46352,0.38107,-0.08173,0.01179,-0.00081,3.38528,109.77424,-30.40242,3.74739,-0.49874,-0.00357,0.03224,-0.01193,0.00166,-2.58095,37.15249,-13.8384,4.61533,-1.21632,0.27896,-0.04891,0.00441,-0,,,,,,,,,,,,,,,,,,,,,,,High,High,High,Low,Undefined,,,
156,2025-08-08,11:55:02.69,3,2,"Kubo, Trayson",687840,Right,STA_YAN,"Isola, Alex",684576,Right,LAN,Undefined,5,Top,1,0,1,Undefined,Four-Seam,InPlay,Undefined,FlyBall,Out,1,0,,88.06177,-1.187449,-3.807323,2070.757762,216.296868,1:15,5.72669,2.00443,6.01395,-17.93182,18.85025,12.78839,3.12978,-0.462,78.63176,-4.654154,-1.513831,0.436505,97.43434,28.505191,-4.648095,3108.494141,109.86917,55.08207,-5.35834,359.11013,355.20478,0.681034,4.79138,-7.89075,10.50012,-1.71238,50,5.62379,7.94156,-127.38665,-3.12871,-12.66116,31.903,-15.32605,STA_YAN,LAN,StatenIslandYankees,Independent,ATL,20250808-StatenIslandYankees-1,0b933000-7470-11f0-8056-7d20f596a496,86.35045,76.77554,,9.43001,,,,1.87999,3.09665,0.46948,74ae92c6-097b-4c67-a4fc-76e9cf9e5798,2025-08-08,15:55:02.69,2025-08-08T11:55:02.6908160-04:00,2025-08-08T15:55:02.6908160Z,FlyBall,v3,586,1889,,"Martorano, Brandon",668785,Right,STA_YAN,18d90949-5c5c-4d80-8e13-7293eb8f7f89,54.48182,-128.50419,15.9515,5.72398,-2.59185,-7.66302,-1.99833,8.38507,-6.33058,199.176746,1.87911,125.18728,-23.03556,5.57687,-1.36595,0.33089,-0.06444,0.00769,-0.00039,3.09839,68.15943,-17.61028,0.881,0.12187,-0.12455,0.03673,-0.00495,0.00026,0.46938,-10.17405,5.60772,-1.52609,0.3624,-0.07297,0.01116,-0.00111,5E-05,,,,,,,,,,,,,,,,,,,,,,,High,High,High,High,Medium,,,
157,2025-08-08,11:55:39.40,4,1,"Kubo, Trayson",687840,Right,STA_YAN,"Alexander, Evan",670116,Left,LAN,Undefined,5,Top,2,0,0,Undefined,Changeup,BallCalled,Undefined,Undefined,Undefined,0,0,,82.03794,-1.775284,-3.434482,1812.608657,261.999697,2:45,5.44774,2.25689,6.51479,-37.82006,3.20008,12.72363,0.6636,0.16189,74.82254,-8.826541,-1.123789,0.460967,,,,,,,,,,,,-7.80811,2.59677,-2.02272,50,5.30743,6.70023,-119.00459,-4.78272,-11.06742,25.31013,-28.49331,STA_YAN,LAN,StatenIslandYankees,Independent,ATL,20250808-StatenIslandYankees-1,217a2ea0-7470-11f0-8056-7d20f596a496,81.76815,,,7.2154,,,,,,,74ae92c6-097b-4c67-a4fc-76e9cf9e5798,2025-08-08,15:55:39.40,2025-08-08T11:55:39.4060288-04:00,2025-08-08T15:55:39.4060288Z,,v3,586,1889,,"Martorano, Brandon",668785,Right,STA_YAN,ad5cbb4b-31a8-4a5d-873b-cf4eb63cc23f,53.98549,-119.84924,12.65507,5.45117,-3.83185,-14.24666,-2.25248,7.06957,-5.53371,,,,,,,,,,,,,,,,,,,,,,,,,,,,,,,,,,,,,,,,,,,,,,,,,,,High,High,High,,,,,
158,2025-08-08,11:55:55.02,4,2,"Kubo, Trayson",687840,Right,STA_YAN,"Alexander, Evan",670116,Left,LAN,Undefined,5,Top,2,1,0,Undefined,Curveball,StrikeCalled,Undefined,Undefined,Undefined,0,0,,76.78827,1.659558,-0.494001,2630.580011,81.977294,8:45,5.57586,2.06197,5.42932,-49.5066,-0.25067,-14.87717,3.00508,0.35953,69.06458,-7.439437,-3.142219,0.505127,,,,,,,,,,,,7.25213,-0.10854,-2.00774,50,5.68927,1.55132,-111.20872,1.58046,8.87591,24.16229,-32.3069,STA_YAN,LAN,StatenIslandYankees,Independent,ATL,20250808-StatenIslandYankees-1,2ab5c4c0-7470-11f0-8056-7d20f596a496,74.6197,,,7.72369,,,,,,,74ae92c6-097b-4c67-a4fc-76e9cf9e5798,2025-08-08,15:55:55.02,2025-08-08T11:55:55.0269440-04:00,2025-08-08T15:55:55.0269440Z,,v3,586,1889,,"Martorano, Brandon",668785,Right,STA_YAN,55e7c1df-587c-4496-b200-cf4506fbde32,55.06697,-112.30423,12.08115,5.58441,3.04524,-16.15345,-2.06896,1.14889,4.43796,,,,,,,,,,,,,,,,,,,,,,,,,,,,,,,,,,,,,,,,,,,,,,,,,,,High,High,High,,,,,
159,2025-08-08,11:56:10.06,4,3,"Kubo, Trayson",687840,Right,STA_YAN,"Alexander, Evan",670116,Left,LAN,Undefined,5,Top,2,1,1,Undefined,Four-Seam,StrikeSwinging,Undefined,Undefined,Undefined,0,0,,88.32133,-1.117643,-2.905163,2099.506776,215.371989,1:15,5.60781,1.98604,5.86434,-19.39241,16.93536,11.10343,2.95205,0.21022,79.74144,-4.809654,-0.916426,0.433801,,,,,,,,,,,,-6.54032,9.36414,-1.75673,50,5.50596,6.01378,-127.96415,-3.07139,-10.71617,29.32572,-16.8311,STA_YAN,LAN,StatenIslandYankees,Independent,ATL,20250808-StatenIslandYankees-1,33a536b0-7470-11f0-8056-7d20f596a496,86.88873,,,8.57989,,,,,,,74ae92c6-097b-4c67-a4fc-76e9cf9e5798,2025-08-08,15:56:10.06,2025-08-08T11:56:10.0648960-04:00,2025-08-08T15:56:10.0648960Z,,v3,586,1889,,"Martorano, Brandon",668785,Right,STA_YAN,9acf9746-f02a-4f92-be27-8917b2cc2e63,54.63129,-129.02114,14.66286,5.60573,-2.46474,-8.41555,-1.98045,6.40003,-5.35809,,,,,,,,,,,,,,,,,,,,,,,,,,,,,,,,,,,,,,,,,,,,,,,,,,,High,High,High,,,,,
160,2025-08-08,11:56:29.06,4,4,"Kubo, Trayson",687840,Right,STA_YAN,"Alexander, Evan",670116,Left,LAN,Undefined,5,Top,2,1,2,Undefined,Four-Seam,FoulBallNotFieldable,Undefined,Undefined,Undefined,0,0,,89.52186,-0.703192,-3.013989,2147.964916,201.095478,12:45,5.65212,2.06685,5.99249,-16.42375,18.95233,6.80555,3.63087,-0.16175,80.34488,-3.879598,-1.792987,0.428081,70.15927,54.076752,-152.846418,4269.231219,-101.19109,70.3302,-43.13106,202.53285,68.07356,-157.38927,3.783447,-4.48418,10.33233,-1.83285,50,5.58773,6.53687,-129.66996,-2.03585,-7.49764,31.66033,-14.89819,STA_YAN,LAN,StatenIslandYankees,Independent,ATL,20250808-StatenIslandYankees-1,3f10a520-7470-11f0-8056-7d20f596a496,88.04969,71.11507,,9.17698,,,,0.95561,3.68978,0.15803,74ae92c6-097b-4c67-a4fc-76e9cf9e5798,2025-08-08,15:56:29.06,2025-08-08T11:56:29.0664960-04:00,2025-08-08T15:56:29.0664960Z,Popup,v3,586,1889,,"Martorano, Brandon",668785,Right,STA_YAN,6dad35a4-65f0-4864-a836-90771ae888ef,54.50322,-130.76485,15.83016,5.64922,-1.52064,-7.44909,-2.0634,6.79616,-3.74882,18.467263,0.95556,-53.71417,0.57673,0.48245,-0.2912,0.13427,-0.04328,0.00806,-0.00062,3.68897,83.35351,-31.35266,4.79955,-1.33239,0.39577,-0.0969,0.01401,-0.00084,0.15854,-27.56927,5.15197,-1.95708,0.72776,-0.27401,0.07489,-0.01172,0.00077,,,,,,,,,,,,,,,,,,,,,,,High,High,High,High,Low,,,
161,2025-08-08,11:56:51.66,4,5,"Kubo, Trayson",687840,Right,STA_YAN,"Alexander, Evan",670116,Left,LAN,Undefined,5,Top,2,1,2,Undefined,Changeup,BallCalled,Undefined,Undefined,Undefined,0,0,,81.85488,-1.676273,-3.001336,1876.804357,259.682662,2:45,5.29774,2.17368,6.58978,-36.64297,4.02603,15.06485,0.70563,0.67643,75.29461,-8.50703,-0.259756,0.45899,,,,,,,,,,,,-8.82741,2.9528,-1.97433,50,5.16766,5.71938,-118.90889,-4.52187,-12.61769,23.15446,-27.95338,STA_YAN,LAN,StatenIslandYankees,Independent,ATL,20250808-StatenIslandYankees-1,4c8a0c00-7470-11f0-8056-7d20f596a496,82.12037,,,6.56027,,,,,,,74ae92c6-097b-4c67-a4fc-76e9cf9e5798,2025-08-08,15:56:51.66,2025-08-08T11:56:51.6624896-04:00,2025-08-08T15:56:51.6624896Z,,v3,586,1889,,"Martorano, Brandon",668785,Right,STA_YAN,85b97173-d99f-4dc5-bf15-3afc186fa628,53.91131,-119.6681,11.57723,5.3009,-3.60532,-13.97669,-2.16865,6.13309,-6.30884,,,,,,,,,,,,,,,,,,,,,,,,,,,,,,,,,,,,,,,,,,,,,,,,,,,High,High,High,,,,,
162,2025-08-08,11:57:11.09,4,6,"Kubo, Trayson",687840,Right,STA_YAN,"Alexander, Evan",670116,Left,LAN,Undefined,5,Top,2,2,2,Undefined,Slider,BallCalled,Undefined,Undefined,Undefined,0,0,,80.21506,-0.161958,-2.495282,2780.683478,95.139486,9:15,5.60168,2.07158,5.86241,-41.38963,2.35421,-10.43831,2.00195,-1.11786,73.4544,-7.778558,-4.365821,0.476025,,,,,,,,,,,,4.62036,1.65343,-1.863,50,5.56442,5.46551,-116.4077,-1.64673,6.29488,23.29918,-29.9214,STA_YAN,LAN,StatenIslandYankees,Independent,ATL,20250808-StatenIslandYankees-1,58256410-7470-11f0-8056-7d20f596a496,79.18163,,,6.76066,,,,,,,74ae92c6-097b-4c67-a4fc-76e9cf9e5798,2025-08-08,15:57:11.09,2025-08-08T11:57:11.0968320-04:00,2025-08-08T15:57:11.0968320Z,,v3,586,1889,,"Martorano, Brandon",668785,Right,STA_YAN,c83f5d22-fed1-4278-8f89-d838b3f43ba9,54.63713,-117.33216,11.64959,5.60621,-0.45952,-14.9607,-2.0749,5.21574,3.14744,,,,,,,,,,,,,,,,,,,,,,,,,,,,,,,,,,,,,,,,,,,,,,,,,,,High,High,High,,,,,
163,2025-08-08,11:57:30.19,4,7,"Kubo, Trayson",687840,Right,STA_YAN,"Alexander, Evan",670116,Left,LAN,Undefined,5,Top,2,3,2,Undefined,Four-Seam,StrikeCalled,Strikeout,Undefined,Undefined,0,0,,89.13195,-2.388118,-3.694822,2100.80473,214.64708,1:15,5.56891,2.08685,6.06907,-19.07446,15.97395,10.26166,1.76354,-0.48192,81.56464,-5.992759,-1.85185,0.426094,,,,,,,,,,,,-6.33429,9.24493,-1.80579,50,5.37325,7.92603,-129.19352,-5.96515,-10.71087,26.79608,-16.5415,STA_YAN,LAN,StatenIslandYankees,Independent,ATL,20250808-StatenIslandYankees-1,637cfc60-7470-11f0-8056-7d20f596a496,88.4604,,,7.56732,,,,,,,74ae92c6-097b-4c67-a4fc-76e9cf9e5798,2025-08-08,15:57:30.19,2025-08-08T11:57:30.1920000-04:00,2025-08-08T15:57:30.1920000Z,,v3,586,1889,,"Martorano, Brandon",668785,Right,STA_YAN,78d160f3-d706-4c9c-8a40-1b4d613d979c,54.4303,-130.10917,13.39804,5.56742,-5.39991,-8.27075,-2.08288,8.29203,-5.35543,,,,,,,,,,,,,,,,,,,,,,,,,,,,,47.23133,3.281067,1.722522,1.558545,1.50281,1.77258,0.47913,-2.65443,6.25711,-1.7199,64.32726,8.62751,-60.46662,-2.59372,47.09241,-2.6672,6.42955,26.27995,-15.95871,-1.78161,-41.53272,2.49052,High,High,High,,,High,High,High
164,2025-08-08,11:59:36.08,1,1,"McCollough, Luke",1000097980,Right,LAN,"Martorano, Brandon",668785,Right,STA_YAN,Undefined,5,Bottom,0,0,0,Undefined,Sinker,FoulBallNotFieldable,Undefined,Undefined,Undefined,0,0,,88.69948,-0.894101,-1.879141,2285.007022,232.518921,1:45,5.92028,1.45133,5.72357,-24.33619,11.81068,13.73961,3.05896,0.8454,80.21312,-5.45457,0.579221,0.43272,68.0623,35.851005,166.954971,4017.569826,-108.89909,37.16912,15.52108,174.32638,70.45363,174.543133,2.782476,-7.59705,6.65752,-1.30311,50,5.8308,3.62949,-128.62942,-2.81755,-12.56959,29.78375,-21.15899,STA_YAN,LAN,StatenIslandYankees,Independent,ATL,20250808-StatenIslandYankees-1,ae877f00-7470-11f0-8056-7d20f596a496,87.10589,38.59295,,8.48636,,,,1.296,3.11662,-0.84104,74ae92c6-097b-4c67-a4fc-76e9cf9e5798,2025-08-08,15:59:36.08,2025-08-08T11:59:36.0802816-04:00,2025-08-08T15:59:36.0802816Z,FlyBall,v3,586,1889,,"Isola, Alex",684576,Right,LAN,d79c4b20-f5c3-4ad6-b4fd-b7b1f47dac3b,54.77432,-129.73018,14.89188,5.92048,-2.03554,-10.57949,-1.44584,4.09405,-6.2848,325.514768,1.29584,-78.81936,4.86544,0.53903,-0.12161,-0.07818,0.09716,-0.03362,0.00385,3.1169,58.45201,-27.30782,3.07428,-0.32568,-0.12254,0.07566,-0.01497,0.001,-0.84082,18.25417,-6.35589,1.06643,-0.08376,-0.0354,0.00035,0.00554,-0.00098,,,,,,,,,,,,,,,,,,,,,,,High,High,High,High,Medium,,,
165,2025-08-08,11:59:53.81,1,2,"McCollough, Luke",1000097980,Right,LAN,"Martorano, Brandon",668785,Right,STA_YAN,Undefined,5,Bottom,0,0,1,Undefined,Slider,BallCalled,Undefined,Undefined,Undefined,0,0,,78.25105,1.913477,-1.185567,2187.291253,98.263066,9:15,5.78609,1.66518,4.99103,-45.64876,1.97976,-2.53339,3.7898,0.33448,71.05436,-6.400644,-1.632583,0.496712,,,,,,,,,,,,0.88882,0.90906,-1.54889,50,5.93359,2.45217,-113.3472,2.16288,1.14684,22.30132,-31.0011,STA_YAN,LAN,StatenIslandYankees,Independent,ATL,20250808-StatenIslandYankees-1,b90cd330-7470-11f0-8056-7d20f596a496,75.88382,,,7.19669,,,,,,,74ae92c6-097b-4c67-a4fc-76e9cf9e5798,2025-08-08,15:59:53.81,2025-08-08T11:59:53.8118144-04:00,2025-08-08T15:59:53.8118144Z,,v3,586,1889,,"Isola, Alex",684576,Right,LAN,b31461ec-ee63-4c1e-b288-bbb6f0737575,55.50583,-114.42536,11.15066,5.79279,3.66162,-15.50055,-1.6661,2.39673,0.57342,,,,,,,,,,,,,,,,,,,,,,,,,,,,,,,,,,,,,,,,,,,,,,,,,,,High,High,High,,,,,
166,2025-08-08,12:00:07.37,1,3,"McCollough, Luke",1000097980,Right,LAN,"Martorano, Brandon",668785,Right,STA_YAN,Undefined,5,Bottom,0,1,1,Undefined,Slider,InPlay,Undefined,GroundBall,Out,1,0,,79.45164,0.337854,-1.349735,2239.26269,130.01772,10:15,5.79641,1.63328,5.09008,-42.48467,3.2574,-2.12225,2.57453,0.1841,72.71893,-7.390893,-1.725232,0.486776,80.34608,10.477519,-21.840381,1125.297266,,,,130.87803,128.65592,-23.032054,1.262278,0.67378,1.91406,-1.50388,50,5.7949,2.80194,-115.25479,-0.81566,0.90305,22.14065,-29.60871,STA_YAN,LAN,StatenIslandYankees,Independent,ATL,20250808-StatenIslandYankees-1,c1394340-7470-11f0-8056-7d20f596a496,77.4328,8.54536,,6.73271,,,,2.40539,2.7224,-0.20585,74ae92c6-097b-4c67-a4fc-76e9cf9e5798,2025-08-08,16:00:07.37,2025-08-08T12:00:07.3711104-04:00,2025-08-08T16:00:07.3711104Z,LineDrive,v3,586,1889,,"Isola, Alex",684576,Right,LAN,af4a9e82-8d7c-4423-a947-5c2f62192f6c,55.40939,-116.2893,11.07032,5.80069,0.5678,-14.80436,-1.63381,2.75974,0.45153,58.056167,2.40539,107.55877,-12.94288,1.84147,-0.38438,0.06313,-0.01136,0.00204,-0.00019,2.7224,21.4293,-20.68497,1.96114,-0.38502,0.08312,-0.01416,0.00232,-0.00025,-0.20585,-43.10839,1.95179,0.21341,-0.07481,0.02596,-0.00527,0.00092,-0.0001,,,,,,,,,,,,,,,,,,,,,,,High,High,High,High,High,,,
167,2025-08-08,12:00:45.80,2,1,"McCollough, Luke",1000097980,Right,LAN,"Maggi, Drew",543482,Right,STA_YAN,Undefined,5,Bottom,1,0,0,Undefined,Curveball,StrikeCalled,Undefined,Undefined,Undefined,0,0,,72.95197,1.69907,-1.96695,2263.354585,43.806742,7:30,5.9447,1.57266,4.84443,-62.84948,-7.58453,-9.08182,2.31728,-1.04713,66.60205,-9.612542,-3.566481,0.535052,,,,,,,,,,,,3.8441,-3.6815,-1.37003,50,6.05898,3.98668,-105.65644,0.96249,4.29296,20.02894,-36.28541,STA_YAN,LAN,StatenIslandYankees,Independent,ATL,20250808-StatenIslandYankees-1,d80e2450-7470-11f0-8056-7d20f596a496,70.44626,,,6.34992,,,,,,,74ae92c6-097b-4c67-a4fc-76e9cf9e5798,2025-08-08,16:00:45.80,2025-08-08T12:00:45.8002432-04:00,2025-08-08T16:00:45.8002432Z,,v3,586,1889,,"Isola, Alex",684576,Right,LAN,a23a79b3-d974-4af1-bc22-d6b4929edf0e,55.65562,-106.72317,10.01447,5.95626,2.89503,-18.14271,-1.57627,3.75803,2.14648,,,,,,,,,,,,,,,,,,,,,,,,,,,,,,,,,,,,,,,,,,,,,,,,,,,High,High,High,,,,,
168,2025-08-08,12:01:01.02,2,2,"McCollough, Luke",1000097980,Right,LAN,"Maggi, Drew",543482,Right,STA_YAN,Undefined,5,Bottom,1,0,1,Undefined,Curveball,FoulBallNotFieldable,Undefined,Undefined,Undefined,0,0,,75.28768,1.50801,-0.240181,2347.118004,50.435897,7:45,5.96166,1.4819,4.80303,-59.3709,-7.95619,-11.57796,2.44325,0.2895,69.24696,-9.154396,-2.280473,0.516078,89.88578,7.001037,-43.346345,3001.691584,,,,108.88481,106.61594,-45.833617,0.92819,5.67992,-3.98327,-1.44721,50,6.05952,0.91655,-109.24592,0.76497,6.84453,19.76119,-36.97405,STA_YAN,LAN,StatenIslandYankees,Independent,ATL,20250808-StatenIslandYankees-1,e13213c0-7470-11f0-8056-7d20f596a496,73.03635,5.6233,,6.04072,,,,2.22669,2.66927,-0.40668,74ae92c6-097b-4c67-a4fc-76e9cf9e5798,2025-08-08,16:01:01.02,2025-08-08T12:01:01.0247680-04:00,2025-08-08T16:01:01.0247680Z,GroundBall,v3,586,1889,,"Isola, Alex",684576,Right,LAN,e52dda45-265f-456b-9a31-d938bc6cc373,55.69964,-110.2721,9.88059,5.96995,2.68498,-18.48702,-1.48558,0.56112,3.42226,,2.33204,93.59459,-15.594,,,,,,,2.7555,14.79344,-19.22651,,,,,,,-0.41309,-89.72938,6.50069,,,,,,,,,,,,,,,,,,,,,,,,,,,,,High,High,High,High,High,,,
169,2025-08-08,12:01:33.10,2,3,"McCollough, Luke",1000097980,Right,LAN,"Maggi, Drew",543482,Right,STA_YAN,Undefined,5,Bottom,1,0,2,Undefined,Slider,FoulBallNotFieldable,Undefined,Undefined,Undefined,0,0,,80.85163,0.385957,-1.207798,2156.931417,277.679305,3:15,5.95337,1.47977,5.24335,-43.24813,0.98098,4.04181,2.71217,0.68133,73.46621,-7.512683,-0.490309,0.478658,83.78239,10.885226,-43.403878,1678.442923,76.53094,7.55738,-79.01205,146.02131,145.60462,-46.981723,1.421346,-2.40618,0.77634,-1.37198,50,5.95665,2.3053,-117.23013,-0.73902,-3.31051,24.50563,-31.10594,STA_YAN,LAN,StatenIslandYankees,Independent,ATL,20250808-StatenIslandYankees-1,f4507c80-7470-11f0-8056-7d20f596a496,78.74605,9.99983,,7.38542,,,,1.96236,2.78033,-0.73323,74ae92c6-097b-4c67-a4fc-76e9cf9e5798,2025-08-08,16:01:33.10,2025-08-08T12:01:33.1082240-04:00,2025-08-08T16:01:33.1082240Z,LineDrive,v3,586,1889,,"Isola, Alex",684576,Right,LAN,8b1befbb-075d-48b8-a3a1-5e34c4a4ad84,55.25537,-118.3236,12.25282,5.95866,0.64897,-15.55297,-1.47814,2.45302,-1.65526,,1.96236,87.67081,-17.57222,3.95834,-0.85905,0.11975,0.01417,-0.01469,0.00288,2.78033,23.20471,-19.58137,1.65723,-0.31389,0.08105,-0.02905,0.00963,-0.00148,-0.73323,-82.91603,6.7037,-0.65887,0.04931,-0.02453,0.02664,-0.01186,0.00201,,,,,,,,,,,,,,,,,,,,,,,High,High,High,High,High,,,
170,2025-08-08,12:01:54.90,2,4,"McCollough, Luke",1000097980,Right,LAN,"Maggi, Drew",543482,Right,STA_YAN,Undefined,5,Bottom,1,0,2,Undefined,Sinker,BallCalled,Undefined,Undefined,Undefined,0,0,,90.48029,-0.389767,-4.263293,2382.636911,229.092558,1:45,5.99254,1.23501,5.24702,-18.99611,16.5554,17.61847,4.04223,-1.31058,81.3946,-3.973944,-1.150565,0.429141,,,,,,,,,,,,-10.04894,8.73237,-0.85629,50,5.94313,8.90647,-130.78865,-1.52962,-17.19753,30.66822,-17.22967,STA_YAN,LAN,StatenIslandYankees,Independent,ATL,20250808-StatenIslandYankees-1,012a4800-7471-11f0-8056-7d20f596a496,87.83222,,,9.08569,,,,,,,74ae92c6-097b-4c67-a4fc-76e9cf9e5798,2025-08-08,16:01:54.90,2025-08-08T12:01:54.9017600-04:00,2025-08-08T16:01:54.9017600Z,,v3,586,1889,,"Isola, Alex",684576,Right,LAN,b0d627bb-e27e-4c6b-b6d0-6f45af524c19,55.24881,-132.01369,15.33411,5.99048,-0.84138,-8.61484,-1.22578,9.59343,-8.59876,,,,,,,,,,,,,,,,,,,,,,,,,,,,,,,,,,,,,,,,,,,,,,,,,,,High,High,High,,,,,
171,2025-08-08,12:02:09.32,2,5,"McCollough, Luke",1000097980,Right,LAN,"Maggi, Drew",543482,Right,STA_YAN,Undefined,5,Bottom,1,1,2,Undefined,Four-Seam,InPlay,Undefined,FlyBall,Double,0,0,,91.21868,-1.896391,-2.732999,2343.282295,222.416142,1:30,5.95725,1.29541,5.71452,-19.34383,14.79717,12.43816,2.57597,-0.21602,82.70687,-5.544053,-0.510193,0.420542,102.02886,24.288975,-9.958565,1848.360922,108.35705,47.38663,-18.9405,393.62038,389.5798,-11.795913,4.598999,-7.18937,8.45504,-1.07464,50,5.78667,5.7655,-132.19673,-5.01182,-12.60886,30.53074,-17.34537,STA_YAN,LAN,StatenIslandYankees,Independent,ATL,20250808-StatenIslandYankees-1,09e11dc0-7471-11f0-8056-7d20f596a496,89.62817,69.53694,,8.51182,,,,1.7248,2.56267,0.21426,74ae92c6-097b-4c67-a4fc-76e9cf9e5798,2025-08-08,16:02:09.32,2025-08-08T12:02:09.3258240-04:00,2025-08-08T16:02:09.3258240Z,LineDrive,v3,586,1889,,"Isola, Alex",684576,Right,LAN,d178716b-7122-4d63-b8df-c01af9fc095c,54.78409,-133.29703,15.26537,5.95602,-4.38671,-8.67269,-1.29062,6.21991,-6.30443,178.971053,1.72474,134.34542,-25.82449,6.67883,-1.51626,0.32189,-0.05851,0.0071,-0.00038,2.5641,61.51667,-13.62826,-1.1435,0.8651,-0.33587,0.08021,-0.01029,0.00053,0.21402,-23.58266,4.25917,-1.53183,0.39947,-0.07812,0.0108,-0.00096,4E-05,,,,,,,,,,,,,,,,,,,,,,,High,High,High,High,High,,,
172,2025-08-08,12:02:52.18,3,1,"McCollough, Luke",1000097980,Right,LAN,"Rodriguez, Cristhian",682725,Left,STA_YAN,Undefined,5,Bottom,1,0,0,Undefined,Changeup,BallCalled,Undefined,Undefined,Undefined,0,0,,81.49463,-1.833283,-2.542157,1603.233341,236.118118,1:45,5.86714,1.73551,5.22214,-33.91502,10.30469,12.76398,1.315,0.40753,73.18586,-8.090112,-0.278648,0.478607,,,,,,,,,,,,-7.29469,6.25449,-1.51104,50,5.67298,4.69765,-117.83086,-4.92583,-10.01084,27.37112,-23.59069,STA_YAN,LAN,StatenIslandYankees,Independent,ATL,20250808-StatenIslandYankees-1,23703cd0-7471-11f0-8056-7d20f596a496,78.75442,,,8.30877,,,,,,,74ae92c6-097b-4c67-a4fc-76e9cf9e5798,2025-08-08,16:02:52.18,2025-08-08T12:02:52.1838592-04:00,2025-08-08T16:02:52.1838592Z,,v3,586,1889,,"Isola, Alex",684576,Right,LAN,13fa7257-478e-4dfa-ae1b-c9c6548513b7,55.2744,-119.04975,13.68556,5.86895,-3.87529,-11.79534,-1.73016,5.14345,-5.00542,,,,,,,,,,,,,,,,,,,,,,,,,,,,,,,,,,,,,,,,,,,,,,,,,,,High,High,High,,,,,
173,2025-08-08,12:03:07.20,3,2,"McCollough, Luke",1000097980,Right,LAN,"Rodriguez, Cristhian",682725,Left,STA_YAN,Undefined,5,Bottom,1,1,0,Undefined,Sinker,BallCalled,Undefined,Undefined,Undefined,0,0,,91.32112,-0.903969,-1.67846,2279.68951,243.828234,2:15,5.85187,1.62091,5.53464,-25.81525,8.30682,14.59914,2.85521,1.26816,83.12693,-5.685617,0.925498,0.420426,,,,,,,,,,,,-7.82894,4.80614,-1.48501,50,5.75641,3.21147,-132.48542,-3.03861,-13.84273,29.67433,-23.67609,STA_YAN,LAN,StatenIslandYankees,Independent,ATL,20250808-StatenIslandYankees-1,2c423bb0-7471-11f0-8056-7d20f596a496,89.65305,,,8.1942,,,,,,,74ae92c6-097b-4c67-a4fc-76e9cf9e5798,2025-08-08,16:03:07.20,2025-08-08T12:03:07.2098816-04:00,2025-08-08T16:03:07.2098816Z,,v3,586,1889,,"Isola, Alex",684576,Right,LAN,9af5621f-17db-418b-95ed-1128e017f027,54.96313,-133.59244,14.83716,5.85329,-2.15535,-11.83804,-1.61445,3.72789,-6.92137,,,,,,,,,,,,,,,,,,,,,,,,,,,,,,,,,,,,,,,,,,,,,,,,,,,High,High,High,,,,,
174,2025-08-08,12:03:24.72,3,3,"McCollough, Luke",1000097980,Right,LAN,"Rodriguez, Cristhian",682725,Left,STA_YAN,Undefined,5,Bottom,1,2,0,Undefined,Sinker,InPlay,Undefined,FlyBall,Double,0,1,,89.66112,-1.620376,-2.872401,2216.293641,248.397788,2:15,5.74338,1.574,5.53928,-27.78564,8.01489,16.94253,1.91113,0.29897,80.93044,-6.77221,0.147946,0.430642,91.98077,42.955457,-27.889156,,90.76897,84.0316,-62.13686,321.04105,188.15346,-44.548529,5.123655,-9.50717,4.9426,-1.33644,50,5.58447,5.75968,-129.82873,-4.67447,-15.97419,31.12904,-23.86941,STA_YAN,LAN,StatenIslandYankees,Independent,ATL,20250808-StatenIslandYankees-1,36d09090-7471-11f0-8056-7d20f596a496,87.5262,103.80867,,8.73068,,,,2.45602,2.92873,-1.83553,74ae92c6-097b-4c67-a4fc-76e9cf9e5798,2025-08-08,16:03:24.72,2025-08-08T12:03:24.7240192-04:00,2025-08-08T16:03:24.7240192Z,FlyBall,v3,586,1889,,"Isola, Alex",684576,Right,LAN,3a263bba-f265-47f2-a324-2080dd11d0d3,54.95878,-131.01231,15.56452,5.74494,-3.76692,-11.93471,-1.56698,6.36704,-7.9871,132.678443,2.42849,87.84921,-21.83686,9.13287,-4.81031,1.95826,-0.4855,0.06357,-0.00334,2.93387,91.83687,-25.15911,2.40704,-0.20602,-0.03786,0.0121,-0.00068,-4E-05,-1.86129,-45.67242,-3.73708,4.77267,-3.20273,1.3088,-0.30625,0.03737,-0.00183,,,,,,,,,,,,,,,,,,,,,,,High,High,High,Low,Low,,,
175,2025-08-08,12:04:15.99,4,1,"McCollough, Luke",1000097980,Right,LAN,"Johnson, Kolby",815259,Right,STA_YAN,Undefined,5,Bottom,1,0,0,Undefined,Slider,StrikeCalled,Undefined,Undefined,Undefined,0,0,,79.24545,0.295946,-2.939748,2188.376446,257.582733,2:30,5.76773,1.88585,5.26595,-44.30455,2.12465,1.8985,2.35407,-0.72,71.5561,-7.81142,-2.603294,0.490419,,,,,,,,,,,,-1.91874,1.47532,-1.61816,50,5.76256,5.81016,-114.664,-0.93816,-2.5085,24.76352,-30.24527,STA_YAN,LAN,StatenIslandYankees,Independent,ATL,20250808-StatenIslandYankees-1,554cac20-7471-11f0-8056-7d20f596a496,76.85765,,,7.68935,,,,,,,74ae92c6-097b-4c67-a4fc-76e9cf9e5798,2025-08-08,16:04:15.99,2025-08-08T12:04:15.9937536-04:00,2025-08-08T16:04:15.9937536Z,,v3,586,1889,,"Isola, Alex",684576,Right,LAN,f121dd93-e2b2-4e1b-aa3f-7c0e40604a3f,55.23017,-115.78803,12.38176,5.77399,0.43469,-15.12263,-1.88447,5.92402,-1.25425,,,,,,,,,,,,,,,,,,,,,,,,,,,,,,,,,,,,,,,,,,,,,,,,,,,High,High,High,,,,,
176,2025-08-08,12:04:31.92,4,2,"McCollough, Luke",1000097980,Right,LAN,"Johnson, Kolby",815259,Right,STA_YAN,Undefined,5,Bottom,1,0,1,Undefined,Slider,BallCalled,Undefined,Undefined,Undefined,0,0,,79.69145,1.50629,-1.587248,2148.921667,205.063504,12:45,5.74799,1.83246,4.96282,-43.37813,2.88189,0.57102,3.55701,0.38018,71.91482,-6.411223,-1.48655,0.489524,,,,,,,,,,,,-0.78909,1.45473,-1.67932,50,5.85867,3.17141,-115.33983,1.46451,-1.04749,24.3689,-30.24293,STA_YAN,LAN,StatenIslandYankees,Independent,ATL,20250808-StatenIslandYankees-1,5ecc5020-7471-11f0-8056-7d20f596a496,76.99807,,,7.77663,,,,,,,74ae92c6-097b-4c67-a4fc-76e9cf9e5798,2025-08-08,16:04:31.92,2025-08-08T12:04:31.9273984-04:00,2025-08-08T16:04:31.9273984Z,,v3,586,1889,,"Isola, Alex",684576,Right,LAN,981e0511-7b92-457a-9bed-86ae00e8a323,55.53278,-116.50293,12.18445,5.75432,2.90797,-15.12147,-1.83189,3.22141,-0.52375,,,,,,,,,,,,,,,,,,,,,,,,,,,,,,,,,,,,,,,,,,,,,,,,,,,High,High,High,,,,,
177,2025-08-08,12:04:51.35,4,3,"McCollough, Luke",1000097980,Right,LAN,"Johnson, Kolby",815259,Right,STA_YAN,Undefined,5,Bottom,1,1,1,Undefined,Changeup,InPlay,Undefined,GroundBall,Single,0,0,,82.70232,-0.147693,-3.031378,1642.818846,246.983106,2:15,5.81429,1.77469,5.0729,-34.32207,7.98528,15.52895,2.81468,0.20818,75.47061,-6.425465,-0.288855,0.468144,104.84653,10.374894,-16.808397,2151.341405,104.28316,12.85662,-35,201.26922,198.83896,-19.889076,1.627403,-8.62804,4.39547,-1.50002,50,5.77329,5.68485,-119.84761,-1.54246,-12.51305,23.78244,-25.7994,STA_YAN,LAN,StatenIslandYankees,Independent,ATL,20250808-StatenIslandYankees-1,6a7340f0-7471-11f0-8056-7d20f596a496,80.51464,12.91111,,7.23171,,,,1.97692,2.90552,-0.22192,74ae92c6-097b-4c67-a4fc-76e9cf9e5798,2025-08-08,16:04:51.35,2025-08-08T12:04:51.3561600-04:00,2025-08-08T16:04:51.3561600Z,LineDrive,v3,586,1889,,"Isola, Alex",684576,Right,LAN,a3323cf7-63f9-46c8-a674-c8310ab201fd,55.42675,-120.91969,11.89122,5.81661,-0.37945,-12.8997,-1.769,6.24892,-6.25653,95.948825,1.97692,144.79822,-25.75016,6.42287,-1.50155,0.31496,-0.06233,0.00961,-0.00079,2.90552,27.693,-20.12284,1.40765,-0.08801,-0.02803,0.01425,-0.00289,0.00028,-0.22192,-43.74034,-0.77178,2.06681,-0.86225,0.26748,-0.06717,0.01215,-0.00113,,,,,,,,,,,,,,,,,,,,,,,High,High,High,High,High,,,
178,2025-08-08,12:06:52.27,5,1,"McCollough, Luke",1000097980,Right,LAN,"Brown, Vaun",673901,Right,STA_YAN,Undefined,5,Bottom,1,0,0,Undefined,,BallCalled,Undefined,Undefined,Undefined,0,0,,,,,,,,,,,,,,,,,,,,,,,,,,,,,,,,,,,,,,,,,,STA_YAN,LAN,StatenIslandYankees,Independent,ATL,20250808-StatenIslandYankees-1,a2b32020-7471-11f0-8056-7d20f596a496,,,,,,,,,,,74ae92c6-097b-4c67-a4fc-76e9cf9e5798,2025-08-08,16:06:52.27,2025-08-08T12:06:52.2767232-04:00,2025-08-08T16:06:52.2767232Z,,v3,586,1889,,"Isola, Alex",684576,Right,LAN,,,,,,,,,,,,,,,,,,,,,,,,,,,,,,,,,,,,,,,,,,,,,,,,,,,,,,,,,,,,,,,,,,,,
179,2025-08-08,12:06:53.27,5,2,"McCollough, Luke",1000097980,Right,LAN,"Brown, Vaun",673901,Right,STA_YAN,Undefined,5,Bottom,1,1,0,Undefined,Slider,InPlay,Undefined,Popup,Out,1,0,,78.4529,0.852789,-2.961802,2180.1597,276.856137,3:15,5.73859,1.68419,5.15282,-45.42648,1.23949,1.59402,2.75699,-0.97365,72.13396,-7.392105,-2.680023,0.491668,76.6847,53.652425,6.19614,,108.3785,111.35362,18.81688,193.57751,192.41395,9.683414,5.380678,-1.60591,0.78173,-1.40848,50,5.78326,5.82191,-113.75588,0.11451,-2.10828,20.49649,-31.14774,STA_YAN,LAN,StatenIslandYankees,Independent,ATL,20250808-StatenIslandYankees-1,b33189a0-7471-11f0-8056-7d20f596a496,76.66245,111.37369,,6.31894,,,,0.99856,2.75832,0.98616,74ae92c6-097b-4c67-a4fc-76e9cf9e5798,2025-08-08,16:06:53.27,2025-08-08T12:06:53.2767232-04:00,2025-08-08T16:06:53.2767232Z,FlyBall,v3,586,1889,,"Isola, Alex",684576,Right,LAN,9daeed40-f9f4-4bd5-9f66-ce0298d692cd,55.34725,-114.7153,10.24825,5.74378,1.57251,-15.57387,-1.68331,5.9206,-1.05414,188.255485,1.00097,66.20979,-17.2121,4.64507,-0.72094,0.00905,0.01958,-0.00316,0.00015,2.75584,90.62856,-22.11882,1.69275,-0.11102,-0.07046,0.03185,-0.00539,0.00032,0.9865,7.19209,0.70752,-0.60038,0.16547,-0.0157,-0.00329,0.00094,-7E-05,,,,,,,,,,,,,,,,,,,,,,,High,High,High,High,High,,,
180,2025-08-08,12:07:35.28,6,1,"McCollough, Luke",1000097980,Right,LAN,"Diaz, Eddy",677647,Right,STA_YAN,Undefined,5,Bottom,2,0,0,Undefined,Slider,StrikeCalled,Undefined,Undefined,Undefined,0,0,,80.05456,0.159411,-2.182868,2181.554248,293.700132,3:45,5.72625,1.7767,5.09594,-45.09947,-0.00764,3.34126,2.1183,-0.00294,73.31338,-8.020572,-1.591671,0.483304,,,,,,,,,,,,-2.29303,0.3763,-1.57321,50,5.70591,4.28571,-116.07892,-1.30213,-3.11735,22.46035,-31.66245,STA_YAN,LAN,StatenIslandYankees,Independent,ATL,20250808-StatenIslandYankees-1,cc324b60-7471-11f0-8056-7d20f596a496,77.98909,,,6.74118,,,,,,,74ae92c6-097b-4c67-a4fc-76e9cf9e5798,2025-08-08,16:07:35.28,2025-08-08T12:07:35.2852992-04:00,2025-08-08T16:07:35.2852992Z,,v3,586,1889,,"Isola, Alex",684576,Right,LAN,429c1bbe-c804-4d6f-9783-3bc20a90263d,55.40317,-117.11973,11.23018,5.73225,0.1651,-15.83123,-1.77516,4.43016,-1.55867,,,,,,,,,,,,,,,,,,,,,,,,,,,,,,,,,,,,,,,,,,,,,,,,,,,High,High,High,,,,,
181,2025-08-08,12:07:54.02,6,2,"McCollough, Luke",1000097980,Right,LAN,"Diaz, Eddy",677647,Right,STA_YAN,Undefined,5,Bottom,2,0,1,Undefined,Slider,InPlay,Undefined,LineDrive,Double,0,2,,80.14765,0.063447,-1.68874,2186.884415,203.96623,12:45,5.66222,1.65526,5.02438,-42.36274,2.61736,0.53028,2.19189,0.10545,73.52635,-7.62123,-1.595027,0.482705,100.60137,18.362151,-30.105437,1741.30811,92.91617,30.8413,-58.87726,324.95787,323.24578,-37.241476,3.153918,-0.74075,1.66205,-1.49408,50,5.6341,3.4059,-116.26538,-1.39389,-1.01261,22.06474,-29.90202,STA_YAN,LAN,StatenIslandYankees,Independent,ATL,20250808-StatenIslandYankees-1,d75984e0-7471-11f0-8056-7d20f596a496,78.08588,36.91238,,6.6213,,,,1.8978,2.20905,-0.00237,74ae92c6-097b-4c67-a4fc-76e9cf9e5798,2025-08-08,16:07:54.02,2025-08-08T12:07:54.0296192-04:00,2025-08-08T16:07:54.0296192Z,LineDrive,v3,586,1889,,"Isola, Alex",684576,Right,LAN,76a275f8-1451-48ff-b58b-9ac8db793dbd,55.47534,-117.29988,11.03237,5.66659,0.00806,-14.95101,-1.65488,3.45338,-0.50631,133.189977,1.89775,121.15028,-24.31689,6.47613,-1.42585,0.26381,-0.03777,0.00339,-0.00012,2.20911,46.47516,-15.73543,-0.20515,0.32879,-0.0948,0.01278,-0.00019,-8E-05,-0.00239,-70.23975,3.83317,-0.54047,0.01972,0.01534,-0.00523,0.00089,-7E-05,,,,,,,,,,,,,,,,,,,,,,,High,High,High,High,Medium,,,
182,2025-08-08,12:08:44.39,7,1,"McCollough, Luke",1000097980,Right,LAN,"Contreras, Mark",676628,Left,STA_YAN,Undefined,5,Bottom,2,0,0,Undefined,Curveball,BallCalled,Undefined,Undefined,Undefined,0,0,,72.51419,3.923476,2.160397,2292.354698,72.014899,8:30,5.93048,1.69625,4.66792,-59.19369,-3.24599,-15.48796,4.73287,2.45861,66.16618,-6.737373,-0.552457,0.538347,,,,,,,,,,,,8.10642,-2.07898,-1.90174,50,6.27757,-3.32982,-104.88833,5.12686,9.02605,17.82655,-34.48885,STA_YAN,LAN,StatenIslandYankees,Independent,ATL,20250808-StatenIslandYankees-1,f54e20f0-7471-11f0-8056-7d20f596a496,70.01511,,,6.34801,,,,,,,74ae92c6-097b-4c67-a4fc-76e9cf9e5798,2025-08-08,16:08:44.39,2025-08-08T12:08:44.3927040-04:00,2025-08-08T16:08:44.3927040Z,,v3,586,1889,,"Isola, Alex",684576,Right,LAN,f460e7b3-47e6-4307-910f-821f12dc4ec3,55.83218,-105.87491,8.91328,5.94101,7.03559,-17.24443,-1.70363,-3.82935,4.51303,,,,,,,,,,,,,,,,,,,,,,,,,,,,,,,,,,,,,,,,,,,,,,,,,,,High,High,High,,,,,
183,2025-08-08,12:09:02.17,7,2,"McCollough, Luke",1000097980,Right,LAN,"Contreras, Mark",676628,Left,STA_YAN,Undefined,5,Bottom,2,1,0,Undefined,Sinker,FoulBallNotFieldable,Undefined,Undefined,Undefined,0,0,,89.82245,-1.100365,-2.250113,2101.918534,234.503767,1:45,5.80194,1.53228,5.62128,-22.40442,12.75749,16.24572,2.90711,0.78519,81.72695,-5.289197,0.650124,0.426784,78.15506,44.622013,-95.007932,4286.862517,,,,,71.63165,,,-8.89284,7.13323,-1.35103,50,5.69381,4.40282,-130.29593,-3.26434,-15.21141,28.65183,-19.97245,STA_YAN,LAN,StatenIslandYankees,Independent,ATL,20250808-StatenIslandYankees-1,fff26ed0-7471-11f0-8056-7d20f596a496,88.31745,61.9953,,8.0955,,,,0.46421,2.81822,-0.79643,74ae92c6-097b-4c67-a4fc-76e9cf9e5798,2025-08-08,16:09:02.17,2025-08-08T12:09:02.1754880-04:00,2025-08-08T16:09:02.1754880Z,,v3,586,1889,,"Isola, Alex",684576,Right,LAN,96d236e0-7ef2-42eb-8471-45816ded690f,54.87737,-131.36408,14.32592,5.80163,-2.51976,-9.98622,-1.52574,4.96991,-7.60571,,0.4642,-7.1208,-6.32381,0.30841,-1.3004,2.98797,-3.87973,2.54656,-0.64714,2.81822,80.51699,-18.7916,1.3866,0.0491,-0.44078,0.59248,-0.36054,0.0791,-0.79642,-81.27607,5.99925,-0.56085,0.99299,-2.19949,2.85083,-1.87671,0.47938,,,,,,,,,,,,,,,,,,,,,,,High,High,High,Low,Undefined,,,
184,2025-08-08,12:09:23.64,7,3,"McCollough, Luke",1000097980,Right,LAN,"Contreras, Mark",676628,Left,STA_YAN,Undefined,5,Bottom,2,1,1,Undefined,Changeup,FoulBallNotFieldable,Undefined,Undefined,Undefined,0,0,,83.60228,-0.772154,-2.167543,1543.452218,257.64801,2:30,5.73473,1.63794,5.21802,-36.35533,4.6663,15.36946,1.97854,0.87973,76.6815,-7.401349,0.558788,0.460975,77.26812,47.570963,-92.17026,4723.617543,,,,,70.40665,,,-8.31985,2.91449,-1.44993,50,5.63609,3.93983,-121.29469,-2.954,-12.38944,23.81909,-27.83397,STA_YAN,LAN,StatenIslandYankees,Independent,ATL,20250808-StatenIslandYankees-1,0cbfde40-7472-11f0-8056-7d20f596a496,81.76669,60.62488,,6.92078,,,,1.41337,1.97811,-0.87976,74ae92c6-097b-4c67-a4fc-76e9cf9e5798,2025-08-08,16:09:23.64,2025-08-08T12:09:23.6430336-04:00,2025-08-08T16:09:23.6430336Z,,v3,586,1889,,"Isola, Alex",684576,Right,LAN,7a8abd6b-97eb-46c6-8230-51f0154de8d4,55.2822,-122.32757,11.90954,5.73801,-1.74701,-13.91698,-1.63243,4.47708,-6.19472,,1.41337,-2.89543,-3.17314,-1.21852,0.68375,-0.2515,0.07333,-0.01531,0.00111,1.97811,83.64772,-30.91623,4.47502,-0.8449,0.10759,0.00477,-0.00768,0.00116,-0.87976,-76.40379,15.27501,-5.30031,1.47376,-0.34372,0.06452,-0.00722,0.00041,,,,,,,,,,,,,,,,,,,,,,,High,High,High,Low,Undefined,,,
185,2025-08-08,12:09:45.89,7,4,"McCollough, Luke",1000097980,Right,LAN,"Contreras, Mark",676628,Left,STA_YAN,Undefined,5,Bottom,2,1,2,Undefined,Changeup,FoulBallNotFieldable,Undefined,Undefined,Undefined,0,0,,80.60593,-1.221836,-3.464165,1628.461098,260.487137,2:45,5.80793,1.80735,5.13983,-39.77691,4.83957,19.84529,1.34042,0.19525,73.60198,-8.462829,0.047977,0.48075,,,,,,,,,,,,-10.99481,3.17225,-1.49883,50,5.66254,6.25212,-116.73315,-3.8941,-15.07013,23.33929,-27.82596,STA_YAN,LAN,StatenIslandYankees,Independent,ATL,20250808-StatenIslandYankees-1,1a095b80-7472-11f0-8056-7d20f596a496,78.40345,,,7.00395,,,,,,,74ae92c6-097b-4c67-a4fc-76e9cf9e5798,2025-08-08,16:09:45.89,2025-08-08T12:09:45.8904576-04:00,2025-08-08T16:09:45.8904576Z,,v3,586,1889,,"Isola, Alex",684576,Right,LAN,dcd445b0-c965-4619-ad31-132f5337e2df,55.36073,-117.80008,11.66965,5.81148,-2.62207,-13.91298,-1.80038,6.94103,-7.53507,,,,,,,,,,,,,,,,,,,,,,,,,,,,,,,,,,,,,,,,,,,,,,,,,,,High,High,High,,,,,
186,2025-08-08,12:10:10.32,7,5,"McCollough, Luke",1000097980,Right,LAN,"Contreras, Mark",676628,Left,STA_YAN,Undefined,5,Bottom,2,1,2,Undefined,Sinker,BallCalled,Undefined,Undefined,Undefined,0,0,,92.35831,0.93849,-2.85401,2195.678701,252.536756,2:30,5.6443,1.67182,5.53614,-26.56623,6.64099,17.80155,4.30882,0.48545,84.27722,-3.973459,0.315722,0.414751,,,,,,,,,,,,-9.73091,3.41788,-1.436,50,5.70827,5.85427,-133.98683,1.19797,-17.70768,28.67178,-25.95443,STA_YAN,LAN,StatenIslandYankees,Independent,ATL,20250808-StatenIslandYankees-1,28749c70-7472-11f0-8056-7d20f596a496,90.87961,,,8.08109,,,,,,,74ae92c6-097b-4c67-a4fc-76e9cf9e5798,2025-08-08,16:10:10.32,2025-08-08T12:10:10.3286784-04:00,2025-08-08T16:10:10.3286784Z,,v3,586,1889,,"Isola, Alex",684576,Right,LAN,6c143c74-f3ff-4246-ae28-fc0dcf6102bf,54.96312,-135.04471,14.33589,5.6464,2.15559,-12.97721,-1.66405,6.50762,-8.85384,,,,,,,,,,,,,,,,,,,,,,,,,,,,,,,,,,,,,,,,,,,,,,,,,,,High,High,High,,,,,
187,2025-08-08,12:10:30.27,7,6,"McCollough, Luke",1000097980,Right,LAN,"Contreras, Mark",676628,Left,STA_YAN,Undefined,5,Bottom,2,2,2,Undefined,Slider,FoulBallNotFieldable,Undefined,Undefined,Undefined,0,0,,77.9839,-0.71952,-2.893628,2206.011177,175.870455,11:45,5.83196,1.68522,5.28744,-42.07172,5.09614,-0.25898,1.64944,-1.05589,71.63757,-8.379607,-2.93956,0.494304,,,,,,,,,,,,-0.70095,3.08543,-1.42119,50,5.73522,5.72556,-113.08095,-2.81219,-0.90449,21.2823,-28.19261,STA_YAN,LAN,StatenIslandYankees,Independent,ATL,20250808-StatenIslandYankees-1,34642f00-7472-11f0-8056-7d20f596a496,76.2535,,,6.34634,,,,,,,74ae92c6-097b-4c67-a4fc-76e9cf9e5798,2025-08-08,16:10:30.27,2025-08-08T12:10:30.2763008-04:00,2025-08-08T16:10:30.2763008Z,,v3,586,1889,,"Isola, Alex",684576,Right,LAN,8e656e9a-7bc0-4f9e-970e-7f10bd9e8bea,55.21406,-114.05804,10.64115,5.83462,-1.51785,-14.0963,-1.68501,5.76708,-0.45224,,,,,,,,,,,,,,,,,,,,,,,,,,,,,,,,,,,,,,,,,,,,,,,,,,,High,High,High,,,,,
188,2025-08-08,12:10:58.55,7,7,"McCollough, Luke",1000097980,Right,LAN,"Contreras, Mark",676628,Left,STA_YAN,Undefined,5,Bottom,2,2,2,Undefined,Sinker,BallCalled,Undefined,Undefined,Undefined,0,0,,90.36791,-1.079666,-4.09811,2048.290707,248.491632,2:15,5.63046,1.61201,5.52714,-27.38942,7.22544,15.67493,2.33598,-0.91941,83.06912,-6.117548,-1.311066,0.42345,,,,,,,,,,,,-9.15221,4.20823,-1.26657,50,5.51789,8.72265,-131.03166,-3.47428,-15.99494,26.33189,-24.81951,STA_YAN,LAN,StatenIslandYankees,Independent,ATL,20250808-StatenIslandYankees-1,4532db60-7472-11f0-8056-7d20f596a496,89.01264,,,7.29879,,,,,,,74ae92c6-097b-4c67-a4fc-76e9cf9e5798,2025-08-08,16:10:58.55,2025-08-08T12:10:58.5512960-04:00,2025-08-08T16:10:58.5512960Z,,v3,586,1889,,"Isola, Alex",684576,Right,LAN,071b1e00-dbb9-42ef-87e8-bcd956a69de4,54.97539,-132.02772,13.16595,5.63156,-2.53543,-12.40975,-1.60796,9.3277,-7.99747,,,,,,,,,,,,,,,,,,,,,,,,,,,,,,,,,,,,,,,,,,,,,,,,,,,High,High,High,,,,,
189,2025-08-08,12:11:21.05,7,8,"McCollough, Luke",1000097980,Right,LAN,"Contreras, Mark",676628,Left,STA_YAN,Undefined,5,Bottom,2,3,2,Undefined,Sinker,FoulBallNotFieldable,Undefined,Undefined,Undefined,0,0,,90.53284,-1.317926,-3.307849,2194.618364,236.965699,2:00,5.67603,1.55657,5.58115,-23.78371,11.0569,15.15418,2.46096,-0.27325,82.10492,-5.750898,-0.607597,0.424829,64.07417,69.701213,-68.124567,5286.642295,,,,117.6567,55.70044,-86.01772,4.372196,-8.68847,6.34213,-1.28216,50,5.5472,6.90581,-131.15087,-3.85411,-15.00646,29.90285,-21.22013,STA_YAN,LAN,StatenIslandYankees,Independent,ATL,20250808-StatenIslandYankees-1,52bb5d70-7472-11f0-8056-7d20f596a496,88.72375,85.43193,,8.42792,,,,0.8675,2.48741,-1.03343,74ae92c6-097b-4c67-a4fc-76e9cf9e5798,2025-08-08,16:11:21.05,2025-08-08T12:11:21.0574336-04:00,2025-08-08T16:11:21.0574336Z,Popup,v3,586,1889,,"Isola, Alex",684576,Right,LAN,e3e2b10b-ec86-496f-ab8d-b8c5f1656f46,54.91746,-132.26732,14.95143,5.6763,-3.06184,-10.61007,-1.55045,7.46609,-7.50323,154.191805,0.86741,12.13546,-7.92568,2.55799,-0.26787,-0.16634,0.08363,-0.01497,0.00096,2.49419,87.95682,-27.64506,1.69889,1.3249,-0.98042,0.29938,-0.04439,0.00259,-1.03777,-30.15618,-2.56782,2.55456,-1.10711,0.29253,-0.03175,-0.00105,0.00031,,,,,,,,,,,,,,,,,,,,,,,High,High,High,Low,Low,,,
190,2025-08-08,12:11:46.80,7,9,"McCollough, Luke",1000097980,Right,LAN,"Contreras, Mark",676628,Left,STA_YAN,Undefined,5,Bottom,2,3,2,Undefined,Changeup,FoulBallNotFieldable,Undefined,Undefined,Undefined,0,0,,83.71727,-1.020448,-3.633351,1724.848464,234.732,1:45,5.77939,1.52978,5.34839,-29.32206,11.69343,14.57292,2.37671,-0.66836,76.20991,-6.438318,-1.049241,0.460941,91.83013,10.736524,64.786149,5325.921114,38.59032,6.99101,103.00842,146.62299,123.53816,72.177807,1.303151,-8.45233,6.5604,-1.21335,50,5.6666,7.09409,-121.246,-3.15975,-12.51121,24.9523,-22.46331,STA_YAN,LAN,StatenIslandYankees,Independent,ATL,20250808-StatenIslandYankees-1,6213bd80-7472-11f0-8056-7d20f596a496,81.77282,9.3176,,7.50736,,,,2.70087,2.43695,0.7035,74ae92c6-097b-4c67-a4fc-76e9cf9e5798,2025-08-08,16:11:46.80,2025-08-08T12:11:46.8081152-04:00,2025-08-08T16:11:46.8081152Z,LineDrive,v3,586,1889,,"Isola, Alex",684576,Right,LAN,0335b37d-525f-483b-9c7a-c616c80ff720,55.15123,-122.30153,12.47615,5.78016,-2.20952,-11.23165,-1.52464,7.62334,-6.2556,,2.70087,56.37071,-21.28867,2.81212,-0.60325,0.12854,-0.02505,0.00436,-0.00045,2.43695,25.09067,-24.9287,4.11515,-0.88996,0.22939,-0.05167,0.00916,-0.00093,0.7035,119.71872,-11.38923,1.27616,-0.26837,0.05323,-0.00943,0.00158,-0.00016,,,,,,,,,,,,,,,,,,,,,,,High,High,High,High,Medium,,,
191,2025-08-08,12:12:26.38,7,10,"McCollough, Luke",1000097980,Right,LAN,"Contreras, Mark",676628,Left,STA_YAN,Undefined,5,Bottom,2,3,2,Undefined,Sinker,FoulBallNotFieldable,Undefined,Undefined,Undefined,0,0,,91.66116,-1.923664,-2.388881,2108.28089,244.00506,2:15,5.75543,1.57486,5.30419,-24.65171,9.64906,17.37564,1.89305,0.77899,83.28236,-6.476241,0.696326,0.421525,90.23934,23.355934,-59.218617,3333.607178,50.20203,37.99817,-97.87622,287.56206,189.10655,-68.236505,3.426926,-9.4256,5.75453,-1.37099,50,5.56291,4.72838,-132.80159,-5.38989,-16.70323,30.48303,-21.97639,STA_YAN,LAN,StatenIslandYankees,Independent,ATL,20250808-StatenIslandYankees-1,79a5d410-7472-11f0-8056-7d20f596a496,89.41922,43.12493,,8.37881,,,,-0.14876,1.82773,-0.92374,74ae92c6-097b-4c67-a4fc-76e9cf9e5798,2025-08-08,16:12:26.38,2025-08-08T12:12:26.3813120-04:00,2025-08-08T16:12:26.3813120Z,LineDrive,v3,586,1889,,"Isola, Alex",684576,Right,LAN,0751363a-bdc7-447a-be76-0d10585799a1,55.1944,-133.9886,15.24151,5.75614,-4.53412,-10.98819,-1.56778,5.3788,-8.35161,,-0.1489,62.18737,-17.13255,4.27077,-1.04159,0.25735,-0.05231,0.0066,-0.00036,1.8281,52.45614,-18.26098,1.10724,0.02959,-0.10309,0.03339,-0.00467,0.00025,-0.92373,-104.38953,14.33329,-3.35209,0.73995,-0.16014,0.02932,-0.00343,0.00018,,,,,,,,,,,,,,,,,,,,,,,High,High,High,High,Low,,,
192,2025-08-08,12:12:48.14,7,11,"McCollough, Luke",1000097980,Right,LAN,"Contreras, Mark",676628,Left,STA_YAN,Undefined,5,Bottom,2,3,2,Undefined,Sinker,BallCalled,Walk,Undefined,Undefined,0,0,,91.67532,-3.295149,-3.866156,2359.216873,245.628461,2:15,5.79289,1.41526,5.42091,-25.53135,8.70201,16.6308,0.56824,-0.8258,83.5608,-7.991265,-0.911327,0.421111,,,,,,,,,,,,-9.64918,5.67626,-1.08401,50,5.48173,8.22314,-132.58273,-8.59623,-17.06413,30.0591,-22.1358,STA_YAN,LAN,StatenIslandYankees,Independent,ATL,20250808-StatenIslandYankees-1,869c7660-7472-11f0-8056-7d20f596a496,89.50721,,,8.11452,,,,,,,74ae92c6-097b-4c67-a4fc-76e9cf9e5798,2025-08-08,16:12:48.14,2025-08-08T12:12:48.1492480-04:00,2025-08-08T16:12:48.1492480Z,,v3,586,1889,,"Isola, Alex",684576,Right,LAN,8d857e17-0d28-4f44-b35f-f930875b5845,55.08009,-133.72953,15.02955,5.79358,-7.75172,-11.0679,-1.41015,8.87416,-8.53206,,,,,,,,,,,,,,,,,,,,,,,,,,,,,,,,,,,,,,,,,,,,,,,,,,,High,High,High,,,,,
193,2025-08-08,12:18:18.19,8,1,"Johnson, Kyle",670721,Right,LAN,"Scheffler, Matt",688032,Right,STA_YAN,Undefined,5,Bottom,2,0,0,Undefined,Slider,StrikeCalled,Undefined,Undefined,Undefined,0,0,,86.21345,-1.715466,-2.95537,2108.529941,227.930996,1:30,6.29707,2.26839,5.4067,-33.28053,5.28126,4.43532,1.91376,-0.1335,78.78527,-7.805307,-2.166884,0.446941,,,,,,,,,,,,-3.1024,3.53276,-2.00831,50,6.12094,6.25739,-124.90286,-4.95046,-4.87554,26.37607,-26.62215,STA_YAN,LAN,StatenIslandYankees,Independent,ATL,20250808-StatenIslandYankees-1,4b5c3300-7473-11f0-8056-7d20f596a496,84.33433,,,7.42818,,,,,,,74ae92c6-097b-4c67-a4fc-76e9cf9e5798,2025-08-08,16:18:18.19,2025-08-08T12:18:18.1961728-04:00,2025-08-08T16:18:18.1961728Z,,v3,586,1889,,"Isola, Alex",684576,Right,LAN,35976186-7f13-43fd-bc34-091c77d9261e,55.09169,-125.97349,13.18803,6.29995,-3.86983,-13.31107,-2.26633,6.4553,-2.43777,,,,,,,,,,,,,,,,,,,,,,,,,,,,,,,,,,,,,,,,,,,,,,,,,,,High,High,High,,,,,
194,2025-08-08,12:18:36.84,8,2,"Johnson, Kyle",670721,Right,LAN,"Scheffler, Matt",688032,Right,STA_YAN,Undefined,5,Bottom,2,0,1,Undefined,Slider,FoulBallNotFieldable,Undefined,Undefined,Undefined,0,0,,85.88154,0.331327,-2.549978,2267.160092,311.375955,4:30,6.2448,2.27703,5.34334,-40.17297,-1.57437,3.11713,3.20817,0.14318,78.94574,-6.976846,-1.996407,0.447154,,,,,,,,,,,,-2.25851,-0.53823,-2.0494,50,6.24571,5.41629,-124.6337,-0.78906,-3.5614,24.46073,-33.0228,STA_YAN,LAN,StatenIslandYankees,Independent,ATL,20250808-StatenIslandYankees-1,56618ca0-7473-11f0-8056-7d20f596a496,84.29407,,,6.93579,,,,,,,74ae92c6-097b-4c67-a4fc-76e9cf9e5798,2025-08-08,16:18:36.84,2025-08-08T12:18:36.8482816-04:00,2025-08-08T16:18:36.8482816Z,,v3,586,1889,,"Isola, Alex",684576,Right,LAN,853b15ab-e1d3-4516-a813-b18c2c507bbf,55.15691,-125.64173,12.23036,6.25019,0.57181,-16.5114,-2.27563,5.56306,-1.7807,,,,,,,,,,,,,,,,,,,,,,,,,,,,,,,,,,,,,,,,,,,,,,,,,,,High,High,High,,,,,
195,2025-08-08,12:19:10.86,8,3,"Johnson, Kyle",670721,Right,LAN,"Scheffler, Matt",688032,Right,STA_YAN,Undefined,5,Bottom,2,0,2,Undefined,Splitter,BallCalled,Undefined,Undefined,Undefined,0,0,,86.14726,1.201356,-2.359149,1126.332878,295.943849,3:45,6.3451,2.23264,5.11565,-44.07821,-4.08933,11.75371,3.80476,0.98846,76.56107,-6.858267,-0.279714,0.455136,,,,,,,,,,,,-6.64555,-1.93299,-2.01996,50,6.4245,4.57824,-124.48383,0.86965,-10.10728,32.14418,-35.11397,STA_YAN,LAN,StatenIslandYankees,Independent,ATL,20250808-StatenIslandYankees-1,6aabf240-7473-11f0-8056-7d20f596a496,82.8158,,,9.58619,,,,,,,74ae92c6-097b-4c67-a4fc-76e9cf9e5798,2025-08-08,16:19:10.86,2025-08-08T12:19:10.8682240-04:00,2025-08-08T16:19:10.8682240Z,,v3,586,1889,,"Isola, Alex",684576,Right,LAN,da3008f5-d70a-44c5-8874-6a229e5b2907,55.37875,-125.86506,16.07209,6.35471,2.37849,-17.55699,-2.22602,5.01255,-5.05364,,,,,,,,,,,,,,,,,,,,,,,,,,,,,,,,,,,,,,,,,,,,,,,,,,,High,High,High,,,,,
196,2025-08-08,12:19:29.74,8,4,"Johnson, Kyle",670721,Right,LAN,"Scheffler, Matt",688032,Right,STA_YAN,Undefined,5,Bottom,2,1,2,Undefined,Slider,BallCalled,Undefined,Undefined,Undefined,0,0,,86.29001,2.004672,-1.37527,2206.874538,341.891215,5:30,6.32838,2.23675,5.52226,-41.2475,-2.74016,1.33268,4.76663,1.06177,77.99742,-5.569925,-1.137788,0.446625,,,,,,,,,,,,-1.09583,-1.54882,-2.11798,50,6.47572,2.94335,-125.05662,2.83663,-1.71483,28.01054,-34.59769,STA_YAN,LAN,StatenIslandYankees,Independent,ATL,20250808-StatenIslandYankees-1,75ee2dd0-7473-11f0-8056-7d20f596a496,84.39392,,,8.29259,,,,,,,74ae92c6-097b-4c67-a4fc-76e9cf9e5798,2025-08-08,16:19:29.74,2025-08-08T12:19:29.7408512-04:00,2025-08-08T16:19:29.7408512Z,,v3,586,1889,,"Isola, Alex",684576,Right,LAN,56b8127d-9369-4cc5-843b-a6a288d466f7,54.9746,-126.16593,14.00527,6.33625,4.2068,-17.29885,-2.23589,3.01126,-0.85741,,,,,,,,,,,,,,,,,,,,,,,,,,,,,,,,,,,,,,,,,,,,,,,,,,,High,High,High,,,,,
197,2025-08-08,12:19:52.48,8,5,"Johnson, Kyle",670721,Right,LAN,"Scheffler, Matt",688032,Right,STA_YAN,Undefined,5,Bottom,2,2,2,Undefined,Four-Seam,StrikeSwinging,Strikeout,Undefined,Undefined,0,0,,94.75097,-0.919778,-2.980554,1970.089743,210.922489,1:00,6.33325,2.24578,5.60175,-16.64757,15.58213,8.58418,4.08606,0.17612,84.56089,-4.103434,-1.451146,0.408601,,,,,,,,,,,,-5.30469,8.51737,-1.99581,50,6.24395,6.71392,-137.03194,-2.73472,-9.86259,36.54964,-16.33839,STA_YAN,LAN,StatenIslandYankees,Independent,ATL,20250808-StatenIslandYankees-1,83763ab0-7473-11f0-8056-7d20f596a496,92.24751,,,10.19008,,,,,,,74ae92c6-097b-4c67-a4fc-76e9cf9e5798,2025-08-08,16:19:52.48,2025-08-08T12:19:52.4870000-04:00,2025-08-08T16:19:52.4870000Z,,v3,586,1889,,"Isola, Alex",684576,Right,LAN,bb336fe5-3c59-490b-8dd6-3cd53556913d,54.89088,-138.3303,18.27482,6.33079,-2.15433,-8.16919,-2.24053,7.06427,-4.93129,,,,,,,,,,,,,,,,,,,,,,,,,,,,,63.2593,,,1.090894,,,,-4.63426,4.80467,6.41979,67.44719,10.74771,57.3114,-4.52544,74.28309,-7.59657,4.89343,22.81172,-15.97471,6.4151,48.49569,-1.68765,High,High,High,,,High,High,High
198,2025-08-08,12:22:23.86,1,1,"Hernandez, Leandro",806017,Right,STA_YAN,"Schield, Slater",1000216204,Right,LAN,Undefined,6,Top,0,0,0,Undefined,,StrikeCalled,Undefined,Undefined,Undefined,0,0,,,,,,,,,,,,,,,,,,,,,,,,,,,,,,,,,,,,,,,,,,STA_YAN,LAN,StatenIslandYankees,Independent,ATL,20250808-StatenIslandYankees-1,da07a300-7473-11f0-8056-7d20f596a496,,,,,,,,,,,74ae92c6-097b-4c67-a4fc-76e9cf9e5798,2025-08-08,16:22:23.86,2025-08-08T12:22:23.8649216-04:00,2025-08-08T16:22:23.8649216Z,,v3,586,1889,,"Martorano, Brandon",668785,Right,STA_YAN,,,,,,,,,,,,,,,,,,,,,,,,,,,,,,,,,,,,,,,,,,,,,,,,,,,,,,,,,,,,,,,,,,,,
199,2025-08-08,12:22:24.86,1,2,"Hernandez, Leandro",806017,Right,STA_YAN,"Schield, Slater",1000216204,Right,LAN,Undefined,6,Top,0,0,1,Undefined,Four-Seam,BallCalled,Undefined,Undefined,Undefined,0,0,,91.35845,-2.699463,-4.545557,2000.992264,215.347862,1:15,5.80243,1.24505,5.96815,-18.56261,15.47548,10.0956,1.74298,-2.13695,82.4617,-6.224687,-2.739118,0.419908,,,,,,,,,,,,-6.56898,9.13796,-0.88957,50,5.57749,10.04776,-132.00594,-6.80293,-11.44186,31.47683,-16.25752,STA_YAN,LAN,StatenIslandYankees,Independent,ATL,20250808-StatenIslandYankees-1,de468530-7473-11f0-8056-7d20f596a496,89.76362,,,8.89675,,,,,,,74ae92c6-097b-4c67-a4fc-76e9cf9e5798,2025-08-08,16:22:24.86,2025-08-08T12:22:24.8649216-04:00,2025-08-08T16:22:24.8649216Z,,v3,586,1889,,"Martorano, Brandon",668785,Right,STA_YAN,fccdd406-cf89-4e11-8140-8cc090e2d5a3,54.52724,-133.08108,15.73842,5.80037,-6.24763,-8.12876,-1.23944,10.43857,-5.72093,,,,,,,,,,,,,,,,,,,,,,,,,,,,,,,,,,,,,,,,,,,,,,,,,,,High,High,High,,,,,
200,2025-08-08,12:22:45.28,1,3,"Hernandez, Leandro",806017,Right,STA_YAN,"Schield, Slater",1000216204,Right,LAN,Undefined,6,Top,0,1,1,Undefined,Slider,BallCalled,Undefined,Undefined,Undefined,0,0,,81.34692,-0.08902,-1.018983,2595.15177,65.454706,8:15,5.55786,1.68399,5.2048,-48.48007,-4.73004,-13.59442,1.43412,-0.40731,74.24221,-8.874939,-3.432276,0.476059,,,,,,,,,,,,6.49937,-1.94051,-1.5789,50,5.51289,2.66292,-117.99085,-1.94945,9.05227,24.96762,-34.87677,STA_YAN,LAN,StatenIslandYankees,Independent,ATL,20250808-StatenIslandYankees-1,ea906cc0-7473-11f0-8056-7d20f596a496,79.17603,,,7.10471,,,,,,,74ae92c6-097b-4c67-a4fc-76e9cf9e5798,2025-08-08,16:22:45.28,2025-08-08T12:22:45.2819456-04:00,2025-08-08T16:22:45.2819456Z,,v3,586,1889,,"Martorano, Brandon",668785,Right,STA_YAN,67307167-67d5-45bc-869a-4e0d032c51bb,55.29548,-119.10614,12.48381,5.56518,-0.39153,-17.43838,-1.68882,2.25856,4.52614,,,,,,,,,,,,,,,,,,,,,,,,,,,,,,,,,,,,,,,,,,,,,,,,,,,High,High,High,,,,,
201,2025-08-08,12:23:01.85,1,4,"Hernandez, Leandro",806017,Right,STA_YAN,"Schield, Slater",1000216204,Right,LAN,Undefined,6,Top,0,2,1,Undefined,Four-Seam,FoulBallNotFieldable,Undefined,Undefined,Undefined,0,0,,91.36237,-2.374374,-2.223949,2152.822506,207.84786,1:00,5.75204,1.17883,5.83862,-16.02544,17.71154,8.76032,2.20689,-0.15915,83.16319,-5.425562,-0.654346,0.418046,,,,,,,,,,,,-5.14,10.08902,-1.00281,50,5.54907,4.76608,-132.48227,-5.97636,-9.09237,29.54324,-14.32717,STA_YAN,LAN,StatenIslandYankees,Independent,ATL,20250808-StatenIslandYankees-1,f468df20-7473-11f0-8056-7d20f596a496,90.1633,,,8.19917,,,,,,,74ae92c6-097b-4c67-a4fc-76e9cf9e5798,2025-08-08,16:23:01.85,2025-08-08T12:23:01.8505216-04:00,2025-08-08T16:23:01.8505216Z,,v3,586,1889,,"Martorano, Brandon",668785,Right,STA_YAN,c3f684a4-f2a6-43ad-94c6-a51a81a9d523,54.65989,-133.51738,14.77162,5.74967,-5.47438,-7.16358,-1.17538,5.08464,-4.54618,,,,,,,,,,,,,,,,,,,,,,,,,,,,,,,,,,,,,,,,,,,,,,,,,,,High,High,High,,,,,
202,2025-08-08,12:23:26.48,1,5,"Hernandez, Leandro",806017,Right,STA_YAN,"Schield, Slater",1000216204,Right,LAN,Undefined,6,Top,0,2,2,Undefined,Slider,InPlay,Undefined,LineDrive,Out,1,0,,81.33621,0.187623,-0.739771,2591.411422,69.513206,8:15,5.60823,1.51808,5.33058,-48.68436,-4.58709,-16.71458,1.72726,-0.56895,73.30814,-8.692988,-3.713536,0.477944,53.8319,26.358164,0.775038,2364.899464,109.66813,15.17744,8.53751,140.57195,132.28393,5.419725,2.354358,8.14965,-1.92898,-1.43864,50,5.59021,2.21378,-117.84776,-1.35489,11.17183,27.66072,-34.81835,STA_YAN,LAN,StatenIslandYankees,Independent,ATL,20250808-StatenIslandYankees-1,0328cfc0-7474-11f0-8056-7d20f596a496,78.86366,21.00021,,8.02806,,,,2.27047,1.87339,0.52709,74ae92c6-097b-4c67-a4fc-76e9cf9e5798,2025-08-08,16:23:26.48,2025-08-08T12:23:26.4838656-04:00,2025-08-08T16:23:26.4838656Z,LineDrive,v3,586,1889,,"Martorano, Brandon",668785,Right,STA_YAN,bbe8017a-5029-4c88-9f46-d1f2b6a08afa,55.16821,-119.05464,13.83036,5.61619,0.16429,-17.40917,-1.52459,1.72634,5.58591,228.869985,2.27062,70.72955,-6.99458,0.92029,0.22801,-0.35016,0.14922,-0.02635,0.0015,1.87333,35.05684,-16.94976,0.97762,-0.2443,0.08427,0.00239,-0.00942,0.00164,0.52704,0.96062,2.92629,-0.67155,-0.04387,0.17874,-0.08289,0.01706,-0.00136,,,,,,,,,,,,,,,,,,,,,,,High,High,High,High,High,,,
203,2025-08-08,12:23:58.17,2,1,"Hernandez, Leandro",806017,Right,STA_YAN,"Ward, Nick",682187,Left,LAN,Undefined,6,Top,1,0,0,Undefined,Four-Seam,FoulBallNotFieldable,Undefined,Undefined,Undefined,0,0,,92.72082,-1.684258,-2.028941,2162.335502,208.398916,1:00,5.72148,1.24793,5.96795,-14.54272,17.86592,9.10256,2.94659,0.12454,84.70793,-4.467072,-0.393971,0.409734,,,,,,,,,,,,-5.27252,9.97969,-1.09235,50,5.57992,4.38174,-134.62919,-4.385,-9.67476,29.28856,-13.86198,STA_YAN,LAN,StatenIslandYankees,Independent,ATL,20250808-StatenIslandYankees-1,15f82e20-7474-11f0-8056-7d20f596a496,91.99252,,,8.01289,,,,,,,74ae92c6-097b-4c67-a4fc-76e9cf9e5798,2025-08-08,16:23:58.17,2025-08-08T12:23:58.1778944-04:00,2025-08-08T16:23:58.1778944Z,,v3,586,1889,,"Martorano, Brandon",668785,Right,STA_YAN,fa939c54-6e2d-4e00-8d5e-70e4c2a16f6f,54.53177,-135.61149,14.64428,5.7192,-3.92009,-6.93099,-1.24475,4.70622,-4.83738,,,,,,,,,,,,,,,,,,,,,,,,,,,,,,,,,,,,,,,,,,,,,,,,,,,High,High,High,,,,,
204,2025-08-08,12:24:20.14,2,2,"Hernandez, Leandro",806017,Right,STA_YAN,"Ward, Nick",682187,Left,LAN,Undefined,6,Top,1,0,1,Undefined,Four-Seam,BallCalled,Undefined,Undefined,Undefined,0,0,,93.07417,-4.229649,-2.462224,2206.774818,215.894392,1:15,5.7016,1.11799,6.20168,-15.59465,16.65997,11.24973,0.48703,-0.21876,84.67469,-7.204241,-0.432432,0.408759,,,,,,,,,,,,-6.65678,10.2815,-0.93874,50,5.37517,5.33788,-134.78022,-10.42587,-12.14399,31.54819,-13.41743,STA_YAN,LAN,StatenIslandYankees,Independent,ATL,20250808-StatenIslandYankees-1,230eb480-7474-11f0-8056-7d20f596a496,92.21183,,,8.39949,,,,,,,74ae92c6-097b-4c67-a4fc-76e9cf9e5798,2025-08-08,16:24:20.14,2025-08-08T12:24:20.1419264-04:00,2025-08-08T16:24:20.1419264Z,,v3,586,1889,,"Martorano, Brandon",668785,Right,STA_YAN,49997781-41e3-4287-bb86-5521cbfe6531,54.29867,-135.78268,15.77409,5.69969,-9.99952,-6.70872,-1.11448,5.72377,-6.07199,,,,,,,,,,,,,,,,,,,,,,,,,,,,,,,,,,,,,,,,,,,,,,,,,,,High,High,High,,,,,
205,2025-08-08,12:24:39.96,2,3,"Hernandez, Leandro",806017,Right,STA_YAN,"Ward, Nick",682187,Left,LAN,Undefined,6,Top,1,1,1,Undefined,Curveball,FoulBallNotFieldable,Undefined,Undefined,Undefined,0,0,,79.85039,0.307357,-0.244039,2556.802816,58.100294,8:00,5.62182,1.38784,4.93317,-53.69121,-7.81717,-15.06296,1.43808,-0.09807,72.88518,-9.364186,-2.907063,0.487478,88.18054,-10.800882,65.975117,,,,,10.93075,10.23425,52.423571,0.076077,7.42827,-3.59622,-1.35076,50,5.60667,1.1214,-115.80456,-1.37445,9.96053,24.16386,-36.99622,STA_YAN,LAN,StatenIslandYankees,Independent,ATL,20250808-StatenIslandYankees-1,2ef2d560-7474-11f0-8056-7d20f596a496,77.32135,1.84658,,6.96521,,,,2.72502,1.84658,-0.1777,74ae92c6-097b-4c67-a4fc-76e9cf9e5798,2025-08-08,16:24:39.96,2025-08-08T12:24:39.9618048-04:00,2025-08-08T16:24:39.9618048Z,GroundBall,v3,586,1889,,"Martorano, Brandon",668785,Right,STA_YAN,57d6b572-b1b7-4744-b24d-3e6d58b346f2,55.56829,-116.96067,12.08193,5.63009,0.39562,-18.49811,-1.39301,0.64484,4.98026,180,2.72407,51.79977,,,,,,,,1.84702,-24.27254,,,,,,,,-0.17983,116.20834,,,,,,,,,,,,,,,,,,,,,,,,,,,,,,High,High,High,Low,Low,,,
206,2025-08-08,12:25:05.55,2,4,"Hernandez, Leandro",806017,Right,STA_YAN,"Ward, Nick",682187,Left,LAN,Undefined,6,Top,1,1,2,Undefined,Four-Seam,FoulBallNotFieldable,Undefined,Undefined,Undefined,0,0,,93.00164,-2.223446,-2.363024,2053.623397,200.003215,12:45,5.78859,1.01782,6.19206,-14.57249,17.723,6.04024,2.51865,-0.66172,84.18722,-5.037151,-1.273983,0.409018,97.21629,-9.630148,65.720994,,,,,17.06529,15.50279,60.306271,0.109691,-3.87559,10.21386,-0.84281,50,5.6136,5.31164,-134.86769,-5.63723,-7.05969,32.34669,-13.56871,STA_YAN,LAN,StatenIslandYankees,Independent,ATL,20250808-StatenIslandYankees-1,3e21b470-7474-11f0-8056-7d20f596a496,92.15349,2.62077,,8.81442,,,,2.10263,2.62077,0.74495,74ae92c6-097b-4c67-a4fc-76e9cf9e5798,2025-08-08,16:25:05.55,2025-08-08T12:25:05.5529472-04:00,2025-08-08T16:25:05.5529472Z,GroundBall,v3,586,1889,,"Martorano, Brandon",668785,Right,STA_YAN,dfd219db-d9dd-474a-8ff3-3943ee58b234,54.30614,-135.89655,16.17334,5.78604,-5.20565,-6.78436,-1.01533,5.53618,-3.52985,180,2.10092,57.89824,,,,,,,,2.62148,-23.89242,,,,,,,,0.74116,128.35577,,,,,,,,,,,,,,,,,,,,,,,,,,,,,,High,High,High,High,High,,,
207,2025-08-08,12:25:28.87,2,5,"Hernandez, Leandro",806017,Right,STA_YAN,"Ward, Nick",682187,Left,LAN,Undefined,6,Top,1,1,2,Undefined,Slider,FoulBallNotFieldable,Undefined,Undefined,Undefined,0,0,,82.57841,0.537516,0.11826,2576.492269,75.056127,8:30,5.62774,1.40637,5.24011,-45.77601,-3.12059,-17.4419,2.31828,0.06403,74.67574,-7.808924,-2.979123,0.470066,60.17429,53.545497,-119.509716,5962.293428,,,,,30.99108,,,8.77941,-1.32311,-1.40359,50,5.64308,0.49308,-119.70996,-0.55547,12.50413,27.0972,-34.0585,STA_YAN,LAN,StatenIslandYankees,Independent,ATL,20250808-StatenIslandYankees-1,4c1a5d70-7474-11f0-8056-7d20f596a496,80.1855,37.00963,,7.90267,,,,1.48214,2.37675,-0.08619,74ae92c6-097b-4c67-a4fc-76e9cf9e5798,2025-08-08,16:25:28.87,2025-08-08T12:25:28.8719360-04:00,2025-08-08T16:25:28.8719360Z,,v3,586,1889,,"Martorano, Brandon",668785,Right,STA_YAN,234834e5-5124-4236-b524-77d08a928f83,55.25919,-120.89455,13.5486,5.63481,0.93345,-17.02925,-1.41319,-0.05356,6.25207,30.256247,1.48214,-25.83044,-4.03726,2.29408,-0.68896,0.16701,-0.03139,0.00364,-0.00015,2.37675,70.98644,-26.90408,3.25853,-0.6395,0.0888,-0.00482,0.00437,-0.00584,-0.08619,-45.63709,5.64787,-0.78432,0.0763,0.01514,-0.00696,-0.00443,0.00531,,,,,,,,,,,,,,,,,,,,,,,High,High,High,High,Undefined,,,
208,2025-08-08,12:25:57.83,2,6,"Hernandez, Leandro",806017,Right,STA_YAN,"Ward, Nick",682187,Left,LAN,Undefined,6,Top,1,1,2,Undefined,Changeup,BallCalled,Undefined,Undefined,Undefined,0,0,,86.88047,-1.214025,-1.575352,1688.516705,265.616878,2:45,5.40698,1.62902,6.03991,-34.47411,2.66303,18.20635,1.40948,1.68723,79.07603,-7.601654,1.706803,0.438607,,,,,,,,,,,,-9.81792,2.14851,-1.51561,50,5.29399,2.72079,-126.1192,-3.83567,-15.64368,28.21808,-28.75065,STA_YAN,LAN,StatenIslandYankees,Independent,ATL,20250808-StatenIslandYankees-1,5d402a80-7474-11f0-8056-7d20f596a496,85.93669,,,7.80444,,,,,,,74ae92c6-097b-4c67-a4fc-76e9cf9e5798,2025-08-08,16:25:57.83,2025-08-08T12:25:57.8365952-04:00,2025-08-08T16:25:57.8365952Z,,v3,586,1889,,"Martorano, Brandon",668785,Right,STA_YAN,109afc31-01fc-4544-9bee-14ffe72480ef,54.4588,-127.1129,14.10904,5.41124,-2.82321,-14.37533,-1.62113,3.27168,-7.82184,,,,,,,,,,,,,,,,,,,,,,,,,,,,,,,,,,,,,,,,,,,,,,,,,,,High,High,High,,,,,
209,2025-08-08,12:26:20.25,2,7,"Hernandez, Leandro",806017,Right,STA_YAN,"Ward, Nick",682187,Left,LAN,Undefined,6,Top,1,2,2,Undefined,Slider,InPlay,Undefined,FlyBall,Out,1,0,,83.22927,0.478902,-1.175295,2576.641915,45.438469,7:30,5.69285,1.33596,5.74277,-45.52565,-4.74158,-6.16847,2.34506,-0.27253,76.04564,-7.864407,-2.28077,0.459639,101.07447,43.118696,22.562088,4429.709514,101.00286,103.51413,43.57088,311.85444,290.66698,26.603285,6.190455,2.8111,-2.2328,-1.2343,50,5.70453,2.72303,-120.86517,-0.55856,4.12442,25.35002,-35.44998,STA_YAN,LAN,StatenIslandYankees,Independent,ATL,20250808-StatenIslandYankees-1,6aae94e0-7474-11f0-8056-7d20f596a496,82.00449,142.69496,,7.18363,,,,2.39623,2.55552,0.24343,74ae92c6-097b-4c67-a4fc-76e9cf9e5798,2025-08-08,16:26:20.25,2025-08-08T12:26:20.2577920-04:00,2025-08-08T16:26:20.2577920Z,FlyBall,v3,586,1889,,"Martorano, Brandon",668785,Right,STA_YAN,ef0f0de9-94ba-4e98-869e-780b11860364,54.75799,-121.85901,12.67501,5.69919,0.83125,-17.72499,-1.33788,2.56133,2.06221,184.284346,2.40455,99.77685,-27.18761,6.79319,-1.12415,0.11624,-0.00721,0.00036,-2E-05,2.55878,101.26569,-21.03669,0.98259,0.18636,-0.13751,0.03438,-0.00403,0.00018,0.24633,41.46483,-9.60493,2.46013,-0.41281,0.04215,-0.00224,6E-05,-0,,,,,,,,,,,,,,,,,,,,,,,High,High,High,High,Low,,,
210,2025-08-08,12:26:57.20,3,1,"Hernandez, Leandro",806017,Right,STA_YAN,"Martin, Mason",676733,Left,LAN,Undefined,6,Top,2,0,0,Undefined,Slider,StrikeCalled,Undefined,Undefined,Undefined,0,0,,84.88713,-1.065595,-1.559667,2633.925821,64.989702,8:15,5.80489,1.27829,5.60848,-41.47191,-2.37165,-7.59937,1.35376,-0.81119,78.37701,-8.613305,-2.918605,0.450051,,,,,,,,,,,,3.46406,-0.62449,-1.13976,50,5.68653,3.66333,-123.31474,-3.76832,5.33924,24.29743,-33.13658,STA_YAN,LAN,StatenIslandYankees,Independent,ATL,20250808-StatenIslandYankees-1,80baf5d0-7474-11f0-8056-7d20f596a496,83.75156,,,6.51012,,,,,,,74ae92c6-097b-4c67-a4fc-76e9cf9e5798,2025-08-08,16:26:57.20,2025-08-08T12:26:57.2032512-04:00,2025-08-08T16:26:57.2032512Z,,v3,586,1889,,"Martorano, Brandon",668785,Right,STA_YAN,1ac9a0f9-e4ba-4556-8f54-dc8a67245a6c,54.89313,-124.27513,12.14872,5.80959,-2.45856,-16.56829,-1.28039,3.45229,2.66962,,,,,,,,,,,,,,,,,,,,,,,,,,,,,,,,,,,,,,,,,,,,,,,,,,,High,High,High,,,,,
211,2025-08-08,12:27:17.46,3,2,"Hernandez, Leandro",806017,Right,STA_YAN,"Martin, Mason",676733,Left,LAN,Undefined,6,Top,2,0,1,Undefined,Changeup,BallCalled,Undefined,Undefined,Undefined,0,0,,86.63515,0.250477,-1.050573,1789.828224,243.828986,2:15,5.54014,1.76897,5.77252,-28.35147,9.26315,16.2904,3.41065,2.14877,78.70232,-5.035617,1.867394,0.441418,,,,,,,,,,,,-8.55961,5.02918,-1.69184,50,5.54391,1.61131,-125.75448,-0.39753,-13.60593,27.25614,-24.17991,STA_YAN,LAN,StatenIslandYankees,Independent,ATL,20250808-StatenIslandYankees-1,8cb16630-7474-11f0-8056-7d20f596a496,85.38952,,,7.93283,,,,,,,74ae92c6-097b-4c67-a4fc-76e9cf9e5798,2025-08-08,16:27:17.46,2025-08-08T12:27:17.4600192-04:00,2025-08-08T16:27:17.4600192Z,,v3,586,1889,,"Martorano, Brandon",668785,Right,STA_YAN,a9aa5648-9a6a-4ae2-9332-6fc4b251f208,54.72487,-126.77442,13.62807,5.54186,0.50729,-12.08996,-1.76166,2.12045,-6.80296,,,,,,,,,,,,,,,,,,,,,,,,,,,,,,,,,,,,,,,,,,,,,,,,,,,High,High,High,,,,,
212,2025-08-08,12:27:51.64,3,3,"Hernandez, Leandro",806017,Right,STA_YAN,"Martin, Mason",676733,Left,LAN,Undefined,6,Top,2,1,1,Undefined,Slider,InPlay,Undefined,GroundBall,Out,1,0,,84.60081,-0.301997,-1.463729,2570.248626,36.095434,7:15,5.58591,1.50034,5.58481,-44.95865,-5.64926,-4.96091,1.55724,-0.28026,78.19585,-8.475108,-2.350544,0.451252,95.59316,-16.152176,51.06526,,,,,9.03132,3.93062,33.839097,0.046991,2.14996,-2.54288,-1.37115,50,5.52996,3.34018,-122.95984,-2.2569,3.3005,23.76045,-36.0777,STA_YAN,LAN,StatenIslandYankees,Independent,ATL,20250808-StatenIslandYankees-1,a12aa400-7474-11f0-8056-7d20f596a496,83.52851,1.83524,,6.40496,,,,3.51926,1.83524,0.10013,74ae92c6-097b-4c67-a4fc-76e9cf9e5798,2025-08-08,16:27:51.64,2025-08-08T12:27:51.6430848-04:00,2025-08-08T16:27:51.6430848Z,GroundBall,v3,586,1889,,"Martorano, Brandon",668785,Right,STA_YAN,0a2c38a9-644f-485b-b6d7-e9007549014f,54.91773,-123.90649,11.88023,5.59125,-0.81951,-18.03885,-1.5016,3.20868,1.65025,,3.51841,84.74312,,,,,,,,1.83564,-39.05491,,,,,,,,0.09908,104.89309,,,,,,,,,,,,,,,,,,,,,,,,,,,,,,High,High,High,Low,Low,,,
213,2025-08-08,12:30:07.74,1,1,"Johnson, Kyle",670721,Right,LAN,"Sandoval, Pablo",467055,Left,STA_YAN,Undefined,6,Bottom,0,0,0,Undefined,Four-Seam,InPlay,Undefined,FlyBall,Out,1,0,,91.60135,-1.863569,-3.622485,1798.189106,206.396731,1:00,6.28922,2.14767,5.69657,-16.11269,17.79375,8.25134,3.20576,-0.54499,83.0438,-4.932328,-2.151389,0.419095,90.99193,30.915681,26.126353,2652.082615,98.50479,59.57563,48.95699,341.61467,334.33873,27.344847,4.816791,-5.33319,9.98064,-1.84858,50,6.12273,8.03938,-132.65237,-4.82172,-9.42471,30.55615,-14.53647,STA_YAN,LAN,StatenIslandYankees,Independent,ATL,20250808-StatenIslandYankees-1,f2423920-7474-11f0-8056-7d20f596a496,89.93771,78.7483,,8.55755,,,,3.21834,3.42136,0.49916,74ae92c6-097b-4c67-a4fc-76e9cf9e5798,2025-08-08,16:30:07.74,2025-08-08T12:30:07.7469184-04:00,2025-08-08T16:30:07.7469184Z,FlyBall,v3,586,1889,,"Isola, Alex",684576,Right,LAN,b59c8fc2-200b-4296-9eb5-99e90acd745c,54.80264,-133.75407,15.27807,6.28713,-4.29761,-7.26824,-2.14457,8.37919,-4.71236,190.127953,3.22022,102.75362,-19.66629,4.64166,-0.83285,0.11737,-0.01559,0.00195,-0.00012,3.42184,68.55135,-16.97518,0.55578,0.20827,-0.16268,0.05109,-0.00751,0.00042,0.4998,50.4055,-7.49967,1.39469,-0.19705,0.02316,-0.0041,0.00074,-6E-05,,,,,,,,,,,,,,,,,,,,,,,High,High,High,High,High,,,
214,2025-08-08,12:30:45.74,2,1,"Johnson, Kyle",670721,Right,LAN,"Martorano, Brandon",668785,Right,STA_YAN,Undefined,6,Bottom,1,0,0,Undefined,Sinker,BallCalled,Undefined,Undefined,Undefined,0,0,,93.28268,-0.108733,-2.789151,1875.268027,223.320728,1:30,6.33155,2.16468,5.47036,-19.65009,13.24268,11.43379,4.59216,0.50522,84.46817,-3.796903,-0.756228,0.412783,,,,,,,,,,,,-6.54819,7.02134,-1.92718,50,6.30886,6.04014,-135.17578,-0.94714,-12.03275,31.35636,-19.27183,STA_YAN,LAN,StatenIslandYankees,Independent,ATL,20250808-StatenIslandYankees-1,08d09b50-7475-11f0-8056-7d20f596a496,91.31297,,,8.81451,,,,,,,74ae92c6-097b-4c67-a4fc-76e9cf9e5798,2025-08-08,16:30:45.74,2025-08-08T12:30:45.7408000-04:00,2025-08-08T16:30:45.7408000Z,,v3,586,1889,,"Isola, Alex",684576,Right,LAN,5c5ca995-520a-4460-9263-6e0d34efe269,55.02605,-136.33668,15.67818,6.33072,-0.23365,-9.63592,-2.15905,6.48562,-6.01637,,,,,,,,,,,,,,,,,,,,,,,,,,,,,,,,,,,,,,,,,,,,,,,,,,,High,High,High,,,,,
215,2025-08-08,12:31:00.89,2,2,"Johnson, Kyle",670721,Right,LAN,"Martorano, Brandon",668785,Right,STA_YAN,Undefined,6,Bottom,1,1,0,Undefined,Slider,FoulBallNotFieldable,Undefined,Undefined,Undefined,0,0,,86.97649,-1.737572,-2.185014,2017.470843,227.140552,1:30,6.27707,2.18109,5.56808,-36.06963,1.52516,0.3248,1.64646,0.16607,79.65927,-8.328626,-2.127015,0.441301,,,,,,,,,,,,-0.80721,1.61146,-1.99288,50,6.10332,4.79929,-126.14449,-5.13438,-1.29366,26.95146,-29.59151,STA_YAN,LAN,StatenIslandYankees,Independent,ATL,20250808-StatenIslandYankees-1,11f3c770-7475-11f0-8056-7d20f596a496,85.41206,,,7.31721,,,,,,,74ae92c6-097b-4c67-a4fc-76e9cf9e5798,2025-08-08,16:31:00.89,2025-08-08T12:31:00.8922112-04:00,2025-08-08T16:31:00.8922112Z,,v3,586,1889,,"Isola, Alex",684576,Right,LAN,68db30e9-7b00-4126-a842-83378e8dd245,54.93157,-127.19378,13.47573,6.28079,-3.98231,-14.79576,-2.18071,4.84966,-0.64683,,,,,,,,,,,,,,,,,,,,,,,,,,,,,,,,,,,,,,,,,,,,,,,,,,,High,High,High,,,,,
216,2025-08-08,12:31:19.51,2,3,"Johnson, Kyle",670721,Right,LAN,"Martorano, Brandon",668785,Right,STA_YAN,Undefined,6,Bottom,1,1,1,Undefined,Four-Seam,StrikeSwinging,Undefined,Undefined,Undefined,0,0,,93.74602,-2.06694,-3.398576,1917.156765,213.060002,1:00,6.30053,2.05117,5.60827,-16.10906,16.41225,9.94237,3.02452,-0.29638,84.86399,-5.125024,-1.627766,0.410446,,,,,,,,,,,,-6.03945,9.25567,-1.76674,50,6.11327,7.59263,-135.69531,-5.42164,-11.16438,32.06475,-15.06425,STA_YAN,LAN,StatenIslandYankees,Independent,ATL,20250808-StatenIslandYankees-1,1cf3a2d0-7475-11f0-8056-7d20f596a496,91.83299,,,8.88204,,,,,,,74ae92c6-097b-4c67-a4fc-76e9cf9e5798,2025-08-08,16:31:19.51,2025-08-08T12:31:19.5167232-04:00,2025-08-08T16:31:19.5167232Z,,v3,586,1889,,"Isola, Alex",684576,Right,LAN,287e0898-cdbf-432f-be5a-a812c99d8165,54.88832,-136.84554,16.03238,6.29807,-4.88125,-7.53212,-2.04629,7.99312,-5.58219,,,,,,,,,,,,,,,,,,,,,,,,,,,,,,,,,,,,,,,,,,,,,,,,,,,High,High,High,,,,,
217,2025-08-08,12:31:41.67,2,4,"Johnson, Kyle",670721,Right,LAN,"Martorano, Brandon",668785,Right,STA_YAN,Undefined,6,Bottom,1,1,2,Undefined,Slider,BallCalled,Undefined,Undefined,Undefined,0,0,,87.71207,-1.684287,-4.07631,2143.396948,253.755266,2:30,6.32427,2.11656,5.7948,-34.65907,1.95232,2.77067,1.8649,-1.45067,80.60999,-8.033004,-3.581199,0.435491,,,,,,,,,,,,-2.54658,1.83547,-1.7824,50,6.16472,8.93902,-127.06869,-4.97642,-4.16319,26.06469,-29.17341,STA_YAN,LAN,StatenIslandYankees,Independent,ATL,20250808-StatenIslandYankees-1,2a2d68a0-7475-11f0-8056-7d20f596a496,86.55154,,,7.10207,,,,,,,74ae92c6-097b-4c67-a4fc-76e9cf9e5798,2025-08-08,16:31:41.67,2025-08-08T12:31:41.6759808-04:00,2025-08-08T16:31:41.6759808Z,,v3,586,1889,,"Isola, Alex",684576,Right,LAN,0cc84784-8573-4cc5-ab7f-c051a9fcf013,54.70395,-128.02994,13.03235,6.32841,-3.90052,-14.5867,-2.1149,9.09255,-2.08159,,,,,,,,,,,,,,,,,,,,,,,,,,,,,,,,,,,,,,,,,,,,,,,,,,,High,High,High,,,,,
218,2025-08-08,12:31:58.78,2,5,"Johnson, Kyle",670721,Right,LAN,"Martorano, Brandon",668785,Right,STA_YAN,Undefined,6,Bottom,1,2,2,Undefined,Slider,FoulBallNotFieldable,Undefined,Undefined,Undefined,0,0,,87.34124,-0.965842,-3.282372,2170.250705,356.389344,6:00,6.2834,2.20281,5.45955,-38.71667,-1.34098,0.15902,2.15138,-0.85971,80.15662,-8.009566,-3.254089,0.440014,,,,,,,,,,,,-1.01646,-0.07953,-1.91345,50,6.17143,7.255,-126.62073,-3.58618,-1.64626,26.42918,-32.30285,STA_YAN,LAN,StatenIslandYankees,Independent,ATL,20250808-StatenIslandYankees-1,347edb90-7475-11f0-8056-7d20f596a496,85.66199,,,7.18462,,,,,,,74ae92c6-097b-4c67-a4fc-76e9cf9e5798,2025-08-08,16:31:58.78,2025-08-08T12:31:58.7822592-04:00,2025-08-08T16:31:58.7822592Z,,v3,586,1889,,"Isola, Alex",684576,Right,LAN,109fb21a-7353-43ed-961b-bdb874749d7a,55.04055,-127.66849,13.21459,6.28822,-2.30556,-16.15143,-2.20237,7.32027,-0.82313,,,,,,,,,,,,,,,,,,,,,,,,,,,,,,,,,,,,,,,,,,,,,,,,,,,High,High,High,,,,,
219,2025-08-08,12:32:20.83,2,6,"Johnson, Kyle",670721,Right,LAN,"Martorano, Brandon",668785,Right,STA_YAN,Undefined,6,Bottom,1,2,2,Undefined,Splitter,InPlay,Undefined,GroundBall,Out,1,0,,86.77774,-0.509303,-2.849808,927.916392,301.254608,4:00,6.26529,2.12446,5.50655,-43.41042,-5.01918,10.60418,2.17085,0.34077,78.31886,-8.444439,-0.958588,0.445951,81.36391,-21.72739,-18.549957,,,,,7.15573,7.15573,-17.063603,0.04967,-6.32737,-1.98122,-1.88297,50,6.19156,5.79697,-125.67007,-2.74391,-9.91418,30.26854,-35.27835,STA_YAN,LAN,StatenIslandYankees,Independent,ATL,20250808-StatenIslandYankees-1,41a6c710-7475-11f0-8056-7d20f596a496,84.52144,2.19929,,8.45888,,,,1.60857,2.19929,-0.344,74ae92c6-097b-4c67-a4fc-76e9cf9e5798,2025-08-08,16:32:20.83,2025-08-08T12:32:20.8331264-04:00,2025-08-08T16:32:20.8331264Z,GroundBall,v3,586,1889,,"Isola, Alex",684576,Right,LAN,d8fcfcdb-c86e-4145-b3cf-354b9e27a471,54.99219,-126.86678,15.13427,6.27247,-1.34913,-17.63917,-2.11991,6.18894,-4.95709,,1.60664,105.33793,,,,,,,,2.2001,-44.27777,,,,,,,,-0.34335,-35.34773,,,,,,,,,,,,,,,,,,,,,,,,,,,,,,High,High,High,Estimated,Estimated,,,
220,2025-08-08,12:32:56.09,3,1,"Johnson, Kyle",670721,Right,LAN,"Maggi, Drew",543482,Right,STA_YAN,Undefined,6,Bottom,2,0,0,Undefined,Slider,InPlay,Undefined,GroundBall,Out,1,0,,86.97225,-1.088179,-3.243603,2087.4416,345.378463,5:30,6.26897,2.1979,5.57709,-40.57018,-2.46221,1.00295,1.87003,-0.75122,78.69847,-8.508674,-3.064731,0.444303,58.81775,-53.152144,-18.925565,,,,,2.88857,1.71075,5.699118,0.02715,-1.58665,-0.4948,-1.9192,50,6.14874,7.09168,-125.89589,-3.88909,-2.49936,29.97295,-32.95347,STA_YAN,LAN,StatenIslandYankees,Independent,ATL,20250808-StatenIslandYankees-1,56a45010-7475-11f0-8056-7d20f596a496,84.83496,1.88167,,8.27378,,,,1.5404,1.88167,0.74421,74ae92c6-097b-4c67-a4fc-76e9cf9e5798,2025-08-08,16:32:56.09,2025-08-08T12:32:56.0955904-04:00,2025-08-08T16:32:56.0955904Z,GroundBall,v3,586,1889,,"Isola, Alex",684576,Right,LAN,1e195558-12f6-4c7c-85f2-e0671bdef1c0,54.92074,-127.062,14.98648,6.27511,-2.60702,-16.47674,-2.19699,7.18892,-1.24968,,1.53956,49.12981,,,,,,,,1.88286,-69.30554,,,,,,,,0.7445,-16.84539,,,,,,,,,,,,,,,,,,,,,,,,,,,,,,High,High,High,Estimated,Estimated,,,
221,2025-08-08,12:35:15.13,1,1,"Meeker, James",703231,Right,STA_YAN,"Carpenter, Joseph",696515,Right,LAN,Undefined,7,Top,0,0,0,Undefined,Four-Seam,FoulBallNotFieldable,Undefined,Undefined,Undefined,0,0,,88.65359,-1.19177,-4.138073,2153.106087,220.075311,1:15,6.10952,2.613,6.17708,-20.03623,15.63387,12.09095,3.33619,-0.20762,80.12217,-5.012387,-1.964207,0.429856,73.52113,35.845816,162.370395,3644.414059,-107.05644,44.61712,25.27512,201.53515,88.23639,169.290658,2.994211,-7.56323,8.83048,-2.30584,50,6.00907,8.80016,-128.39466,-3.25193,-12.47908,29.45692,-17.60403,STA_YAN,LAN,StatenIslandYankees,Independent,ATL,20250808-StatenIslandYankees-1,a97fdc50-7475-11f0-8056-7d20f596a496,87.68611,44.65381,,8.53143,,,,1.98031,3.47612,0.18438,74ae92c6-097b-4c67-a4fc-76e9cf9e5798,2025-08-08,16:35:15.13,2025-08-08T12:35:15.1357952-04:00,2025-08-08T16:35:15.1357952Z,FlyBall,v3,586,1889,,"Martorano, Brandon",668785,Right,STA_YAN,5f553a11-c9f7-4bfe-91a4-bda645cc0ce5,54.32094,-129.38219,14.72846,6.1082,-2.66176,-8.80202,-2.60787,9.21851,-6.23954,316.960461,1.98064,-83.31668,5.28625,-0.00354,0.37559,-0.45382,0.23172,-0.05393,0.00473,3.47614,63.14732,-27.93311,3.57768,-0.75162,0.14858,-0.03696,0.00889,-0.00094,0.1843,26.47836,-9.08817,2.71217,-0.77561,0.24553,-0.08185,0.01871,-0.00177,,,,,,,,,,,,,,,,,,,,,,,High,High,High,High,Medium,,,
222,2025-08-08,12:35:32.48,1,2,"Meeker, James",703231,Right,STA_YAN,"Carpenter, Joseph",696515,Right,LAN,Undefined,7,Top,0,0,1,Undefined,Slider,StrikeSwinging,Undefined,Undefined,Undefined,0,0,,85.11321,-2.05464,-3.677217,2337.606639,188.086195,12:15,5.94893,2.62289,6.10829,-26.73501,11.52871,1.47158,1.81633,-0.65951,78.36768,-7.028927,-3.412763,0.44521,,,,,,,,,,,,-1.75386,6.86807,-2.34098,50,5.7767,7.87648,-123.43142,-5.25246,-2.71443,23.83119,-21.54451,STA_YAN,LAN,StatenIslandYankees,Independent,ATL,20250808-StatenIslandYankees-1,b3df31f0-7475-11f0-8056-7d20f596a496,84.66212,,,6.74553,,,,,,,74ae92c6-097b-4c67-a4fc-76e9cf9e5798,2025-08-08,16:35:32.48,2025-08-08T12:35:32.4806144-04:00,2025-08-08T16:35:32.4806144Z,,v3,586,1889,,"Martorano, Brandon",668785,Right,STA_YAN,49ec19d0-252f-4b7e-ac1a-7bbed34064d2,54.39121,-124.27635,11.9156,5.94938,-4.48861,-10.77226,-2.62195,7.97272,-1.35721,,,,,,,,,,,,,,,,,,,,,,,,,,,,,,,,,,,,,,,,,,,,,,,,,,,High,High,High,,,,,
223,2025-08-08,12:36:34.91,1,3,"Meeker, James",703231,Right,STA_YAN,"Carpenter, Joseph",696515,Right,LAN,Undefined,7,Top,0,0,2,Undefined,Curveball,InPlay,Undefined,GroundBall,Out,1,0,,80.69068,0.891567,-1.629625,2476.554333,37.674721,7:15,6.01144,2.69832,5.4699,-55.54775,-11.97568,-10.26012,2.21724,0.31781,74.44779,-9.168692,-3.459454,0.47509,92.30068,-9.201161,-25.38331,,,,,21.26093,20.49216,-24.768528,0.13924,4.76579,-6.02343,-2.54762,50,6.05114,3.73614,-117.2312,-0.13101,6.62127,22.50417,-40.54261,STA_YAN,LAN,StatenIslandYankees,Independent,ATL,20250808-StatenIslandYankees-1,d912f7e0-7475-11f0-8056-7d20f596a496,79.33755,2.78323,,6.24289,,,,2.6096,2.78323,-0.72763,74ae92c6-097b-4c67-a4fc-76e9cf9e5798,2025-08-08,16:36:34.91,2025-08-08T12:36:34.9113344-04:00,2025-08-08T16:36:34.9113344Z,GroundBall,v3,586,1889,,"Martorano, Brandon",668785,Right,STA_YAN,aac3c7ca-a5e1-4eac-b8ce-16268e7bfe0a,55.03378,-118.19355,11.25208,6.01968,1.60273,-20.27131,-2.70134,3.45299,3.31063,153.637405,2.60938,120.75198,-6.06222,,,,,,,2.78315,-21.639,11.85981,,,,,,,-0.72744,-57.30204,-10.38642,,,,,,,,,,,,,,,,,,,,,,,,,,,,,High,High,High,Medium,High,,,
224,2025-08-08,12:37:09.41,2,1,"Meeker, James",703231,Right,STA_YAN,"Campagna, Joe",690523,Right,LAN,Undefined,7,Top,1,0,0,Undefined,Slider,BallCalled,Undefined,Undefined,Undefined,0,0,,84.24784,-1.089611,-4.116001,2329.677548,154.584478,11:15,5.95207,2.59169,6.02845,-33.76691,5.48221,-2.03547,2.12634,-1.39634,77.55354,-7.319027,-4.480861,0.450906,,,,,,,,,,,,-0.08051,3.50394,-2.26835,50,5.84844,8.86805,-122.12866,-3.41564,-0.12178,23.68676,-26.87334,STA_YAN,LAN,StatenIslandYankees,Independent,ATL,20250808-StatenIslandYankees-1,ed886520-7475-11f0-8056-7d20f596a496,83.59261,,,6.6943,,,,,,,74ae92c6-097b-4c67-a4fc-76e9cf9e5798,2025-08-08,16:37:09.41,2025-08-08T12:37:09.4106112-04:00,2025-08-08T16:37:09.4106112Z,,v3,586,1889,,"Martorano, Brandon",668785,Right,STA_YAN,d00e45d4-d4b3-48a6-85c8-59590be6b23f,54.47018,-122.99259,11.84338,5.95514,-2.43548,-13.43667,-2.59187,8.87249,-0.06089,,,,,,,,,,,,,,,,,,,,,,,,,,,,,,,,,,,,,,,,,,,,,,,,,,,High,High,High,,,,,
225,2025-08-08,12:37:23.12,2,2,"Meeker, James",703231,Right,STA_YAN,"Campagna, Joe",690523,Right,LAN,Undefined,7,Top,1,1,0,Undefined,Slider,BallCalled,Undefined,Undefined,Undefined,0,0,,84.33979,-2.811906,-3.723143,2334.568596,171.764251,11:45,5.89996,2.60824,6.05428,-32.24407,6.73292,-0.80902,0.60251,-0.91036,78.18573,-8.734297,-3.868499,0.449341,,,,,,,,,,,,-0.5489,4.54465,-2.31807,50,5.66332,7.9874,-122.27807,-7.04047,-0.83626,22.69552,-25.25012,STA_YAN,LAN,StatenIslandYankees,Independent,ATL,20250808-StatenIslandYankees-1,f5d02560-7475-11f0-8056-7d20f596a496,83.88389,,,6.15405,,,,,,,74ae92c6-097b-4c67-a4fc-76e9cf9e5798,2025-08-08,16:37:23.12,2025-08-08T12:37:23.1233024-04:00,2025-08-08T16:37:23.1233024Z,,v3,586,1889,,"Martorano, Brandon",668785,Right,STA_YAN,4d83d600-172c-4e87-848f-9bd7b2c9d5fb,54.44623,-123.10056,11.34776,5.90189,-6.12541,-12.62506,-2.60808,8.01771,-0.41813,,,,,,,,,,,,,,,,,,,,,,,,,,,,,,,,,,,,,,,,,,,,,,,,,,,High,High,High,,,,,
226,2025-08-08,12:37:42.12,2,3,"Meeker, James",703231,Right,STA_YAN,"Campagna, Joe",690523,Right,LAN,Undefined,7,Top,1,2,0,Undefined,Slider,BallCalled,Undefined,Undefined,Undefined,0,0,,83.98747,-1.91619,-4.749332,2372.740603,163.158391,11:30,5.84645,2.74612,6.00656,-29.70943,9.85343,-2.61992,1.58857,-1.88249,77.44781,-7.40232,-5.217842,0.452705,,,,,,,,,,,,0.07043,5.96906,-2.37084,50,5.67913,10.20509,-121.60115,-5.01129,0.10582,23.04263,-23.20432,STA_YAN,LAN,StatenIslandYankees,Independent,ATL,20250808-StatenIslandYankees-1,0107d9a0-7476-11f0-8056-7d20f596a496,83.26052,,,6.53966,,,,,,,74ae92c6-097b-4c67-a4fc-76e9cf9e5798,2025-08-08,16:37:42.12,2025-08-08T12:37:42.1263872-04:00,2025-08-08T16:37:42.1263872Z,,v3,586,1889,,"Martorano, Brandon",668785,Right,STA_YAN,9f3e6c0c-f1e5-4e41-a011-120277fd2ae5,54.49154,-122.44931,11.52132,5.84786,-4.15718,-11.60216,-2.7464,10.2012,0.05291,,,,,,,,,,,,,,,,,,,,,,,,,,,,,,,,,,,,,,,,,,,,,,,,,,,High,High,High,,,,,
227,2025-08-08,12:37:56.20,2,4,"Meeker, James",703231,Right,STA_YAN,"Campagna, Joe",690523,Right,LAN,Undefined,7,Top,1,3,0,Undefined,Four-Seam,BallCalled,Walk,Undefined,Undefined,0,0,,89.49836,-1.336311,-2.525274,2303.468777,216.18075,1:15,5.99831,2.59795,6.07634,-19.35111,15.45469,10.45965,3.14785,1.13153,81.4679,-5.008689,-0.643277,0.424617,,,,,,,,,,,,-6.10788,8.69363,-2.40794,50,5.88454,5.2897,-129.86416,-3.6053,-10.38572,28.2882,-17.39155,STA_YAN,LAN,StatenIslandYankees,Independent,ATL,20250808-StatenIslandYankees-1,0985ec20-7476-11f0-8056-7d20f596a496,88.7681,,,8.03046,,,,,,,74ae92c6-097b-4c67-a4fc-76e9cf9e5798,2025-08-08,16:37:56.20,2025-08-08T12:37:56.2058752-04:00,2025-08-08T16:37:56.2058752Z,,v3,586,1889,,"Martorano, Brandon",668785,Right,STA_YAN,538bc5a6-16c7-4c7e-ae7e-50fc4894d4a3,54.42126,-130.8237,14.1441,5.99682,-3.01538,-8.69577,-2.59334,5.64199,-5.19286,,,,,,,,,,,,,,,,,,,,,,,,,,,,,,,,,,,,,,,,,,,,,,,,,,,High,High,High,,,,,
228,2025-08-08,12:38:38.99,3,1,"Meeker, James",703231,Right,STA_YAN,"Lucky, Nick",681879,Left,LAN,Undefined,7,Top,1,0,0,Undefined,Four-Seam,BallCalled,Undefined,Undefined,Undefined,0,0,,90.02518,-0.523798,-2.212193,2285.29315,211.235422,1:00,6.04716,2.75047,5.93579,-17.99962,16.77406,9.43788,4.06088,1.48365,81.35394,-3.963211,-0.518423,0.424421,,,,,,,,,,,,-5.48555,9.0952,-2.57905,50,5.99522,4.63187,-130.55744,-1.7206,-9.36894,30.17523,-16.64013,STA_YAN,LAN,StatenIslandYankees,Independent,ATL,20250808-StatenIslandYankees-1,22e9dc80-7476-11f0-8056-7d20f596a496,88.80909,,,8.67124,,,,,,,74ae92c6-097b-4c67-a4fc-76e9cf9e5798,2025-08-08,16:38:38.99,2025-08-08T12:38:38.9988864-04:00,2025-08-08T16:38:38.9988864Z,,v3,586,1889,,"Martorano, Brandon",668785,Right,STA_YAN,c9fc234e-002c-48b4-a676-c15c37d31978,54.56009,-131.60718,15.08762,6.04501,-1.14173,-8.32007,-2.74585,4.9578,-4.68447,,,,,,,,,,,,,,,,,,,,,,,,,,,,,,,,,,,,,,,,,,,,,,,,,,,High,High,High,,,,,
229,2025-08-08,12:38:54.73,3,2,"Meeker, James",703231,Right,STA_YAN,"Lucky, Nick",681879,Left,LAN,Undefined,7,Top,1,1,0,Undefined,Four-Seam,StrikeCalled,Undefined,Undefined,Undefined,0,0,,89.82333,-2.220609,-2.866462,2268.055883,213.598489,1:00,5.97787,2.70776,6.02852,-18.34761,16.60879,10.19772,2.38879,0.90072,81.1454,-5.721222,-1.033934,0.425534,,,,,,,,,,,,-6.12122,9.59756,-2.48886,50,5.79408,6.0785,-130.11032,-5.58154,-10.35924,30.54727,-15.93159,STA_YAN,LAN,StatenIslandYankees,Independent,ATL,20250808-StatenIslandYankees-1,2c6c3fa0-7476-11f0-8056-7d20f596a496,88.57672,,,8.67793,,,,,,,74ae92c6-097b-4c67-a4fc-76e9cf9e5798,2025-08-08,16:38:54.73,2025-08-08T12:38:54.7359744-04:00,2025-08-08T16:38:54.7359744Z,,v3,586,1889,,"Martorano, Brandon",668785,Right,STA_YAN,59065ada-73c4-435b-ae22-86721e789e15,54.46761,-131.15503,15.27364,5.97566,-5.03668,-7.96579,-2.7028,6.43278,-5.17962,,,,,,,,,,,,,,,,,,,,,,,,,,,,,,,,,,,,,,,,,,,,,,,,,,,High,High,High,,,,,
230,2025-08-08,12:39:13.04,3,3,"Meeker, James",703231,Right,STA_YAN,"Lucky, Nick",681879,Left,LAN,Undefined,7,Top,1,1,1,Undefined,Slider,BallCalled,Undefined,Undefined,Undefined,0,0,,84.9541,-2.233167,-4.311001,2434.487497,183.222036,12:00,5.89064,2.60261,6.11019,-27.80793,10.608,0.53209,1.50146,-1.34686,78.39823,-7.387545,-4.215514,0.446095,,,,,,,,,,,,-1.42732,6.41933,-2.27147,50,5.70397,9.26221,-123.13001,-5.66617,-2.20039,23.49038,-22.27777,STA_YAN,LAN,StatenIslandYankees,Independent,ATL,20250808-StatenIslandYankees-1,374950c0-7476-11f0-8056-7d20f596a496,84.49422,,,6.55587,,,,,,,74ae92c6-097b-4c67-a4fc-76e9cf9e5798,2025-08-08,16:39:13.04,2025-08-08T12:39:13.0490000-04:00,2025-08-08T16:39:13.0490000Z,,v3,586,1889,,"Martorano, Brandon",668785,Right,STA_YAN,c44268d9-925b-4cf9-ad42-0548bc3a7f7a,54.39071,-123.96483,11.74519,5.89127,-4.87445,-11.13888,-2.60203,9.34041,-1.1002,,,,,,,,,,,,,,,,,,,,,,,,,,,,,75.68688,2.136448,0.798802,1.337646,4.54194,1.89846,1.11635,-1.27512,5.95679,1.40437,127.28019,1.75766,-4.07266,-1.14082,108.25369,-9.26858,6.01913,15.41621,-13.96327,1.39211,-5.02222,0.71052,High,High,High,,,High,Medium,Medium
231,2025-08-08,12:39:56.34,3,4,"Meeker, James",703231,Right,STA_YAN,"Lucky, Nick",681879,Left,LAN,Undefined,7,Top,1,2,1,Undefined,Four-Seam,StrikeSwinging,Undefined,Undefined,Undefined,0,0,,90.98515,-1.305124,-3.327121,2311.604904,209.166866,1:00,6.08312,2.69439,5.90089,-16.09017,18.29938,9.49764,3.52844,0.39372,81.68076,-4.40781,-1.626398,0.42207,,,,,,,,,,,,-5.90292,10.12532,-2.43184,50,5.96887,7.23041,-131.69173,-3.45161,-10.19022,32.39761,-14.69466,STA_YAN,LAN,StatenIslandYankees,Independent,ATL,20250808-StatenIslandYankees-1,51204e40-7476-11f0-8056-7d20f596a496,89.30372,,,9.30439,,,,,,,74ae92c6-097b-4c67-a4fc-76e9cf9e5798,2025-08-08,16:39:56.34,2025-08-08T12:39:56.3431424-04:00,2025-08-08T16:39:56.3431424Z,,v3,586,1889,,"Martorano, Brandon",668785,Right,STA_YAN,516bf196-6c50-4477-b0ba-0cf12964982d,54.5936,-132.817,16.1988,6.07989,-2.94122,-7.34733,-2.68912,7.58434,-5.09511,,,,,,,,,,,,,,,,,,,,,,,,,,,,,,,,,,,,,,,,,,,,,,,,,,,High,High,High,,,,,
232,2025-08-08,12:40:18.04,3,5,"Meeker, James",703231,Right,STA_YAN,"Lucky, Nick",681879,Left,LAN,Undefined,7,Top,1,2,2,Undefined,Four-Seam,BallCalled,Undefined,Undefined,Undefined,0,0,,90.53582,-1.200169,-2.846069,2289.498354,220.636163,1:15,6.04315,2.6827,5.77082,-18.23434,16.52422,13.0991,3.4052,1.12357,81.55709,-4.674722,-0.503555,0.424328,,,,,,,,,,,,-7.51536,9.13886,-2.455,50,5.93295,5.92844,-131.13228,-3.30464,-12.90694,31.27124,-16.47887,STA_YAN,LAN,StatenIslandYankees,Independent,ATL,20250808-StatenIslandYankees-1,5df4c290-7476-11f0-8056-7d20f596a496,88.82844,,,8.97873,,,,,,,74ae92c6-097b-4c67-a4fc-76e9cf9e5798,2025-08-08,16:40:18.04,2025-08-08T12:40:18.0452352-04:00,2025-08-08T16:40:18.0452352Z,,v3,586,1889,,"Martorano, Brandon",668785,Right,STA_YAN,0539f5bd-3b4d-4971-b3fb-71176aae2154,54.72456,-132.25415,15.63562,6.0409,-2.71345,-8.23943,-2.67599,6.39148,-6.45347,,,,,,,,,,,,,,,,,,,,,,,,,,,,,,,,,,,,,,,,,,,,,,,,,,,High,High,High,,,,,
233,2025-08-08,12:40:37.28,3,6,"Meeker, James",703231,Right,STA_YAN,"Lucky, Nick",681879,Left,LAN,Undefined,7,Top,1,3,2,Undefined,Curveball,FoulBallNotFieldable,Undefined,Undefined,Undefined,0,0,,80.02449,0.000835,-2.896952,2314.534389,31.91237,7:00,5.93187,2.65352,5.83663,-53.57979,-9.25048,-6.70272,1.46766,-0.5999,73.05548,-9.786309,-4.099277,0.4792,92.71012,-13.294134,68.696198,,,,,8.2536,7.85956,54.212648,0.049107,2.51803,-4.38142,-2.41311,50,5.90016,6.12438,-116.06348,-1.76292,3.38157,24.86002,-38.05802,STA_YAN,LAN,StatenIslandYankees,Independent,ATL,20250808-StatenIslandYankees-1,69860880-7476-11f0-8056-7d20f596a496,78.65701,1.53723,,6.96901,,,,2.46285,1.53723,0.63392,74ae92c6-097b-4c67-a4fc-76e9cf9e5798,2025-08-08,16:40:37.28,2025-08-08T12:40:37.2867584-04:00,2025-08-08T16:40:37.2867584Z,GroundBall,v3,586,1889,,"Martorano, Brandon",668785,Right,STA_YAN,339e3654-967f-4000-89d2-63b900412ffa,54.66461,-117.05835,12.43001,5.94024,-0.23989,-19.02901,-2.6555,5.98905,1.69078,180,2.46241,48.13324,,,,,,,,1.53751,-31.30361,,,,,,,,0.6328,123.43116,,,,,,,,,,,,,,,,,,,,,,,,,,,,,,High,High,High,High,High,,,
234,2025-08-08,12:41:12.24,3,7,"Meeker, James",703231,Right,STA_YAN,"Lucky, Nick",681879,Left,LAN,Undefined,7,Top,1,3,2,Undefined,Four-Seam,BallCalled,Walk,Undefined,Undefined,0,0,,91.18662,-2.053211,-1.980815,2373.960567,225.16875,1:30,5.94883,2.64458,6.0336,-20.01757,13.70072,12.61453,2.37745,1.8608,82.77388,-5.837379,0.289285,0.417931,,,,,,,,,,,,-7.03768,8.0063,-2.49633,50,5.77755,4.02413,-132.24682,-5.36589,-12.36016,30.38547,-18.11271,STA_YAN,LAN,StatenIslandYankees,Independent,ATL,20250808-StatenIslandYankees-1,7e3e2410-7476-11f0-8056-7d20f596a496,90.18827,,,8.41274,,,,,,,74ae92c6-097b-4c67-a4fc-76e9cf9e5798,2025-08-08,16:41:12.24,2025-08-08T12:41:12.2403328-04:00,2025-08-08T16:41:12.2403328Z,,v3,586,1889,,"Martorano, Brandon",668785,Right,STA_YAN,d777071e-382d-4b2e-8dd2-9cf9a4cb1ab7,54.46297,-133.2683,15.19273,5.9477,-4.75699,-9.05636,-2.6386,4.43964,-6.18008,,,,,,,,,,,,,,,,,,,,,,,,,,,,,,,,,,,,,,,,,,,,,,,,,,,High,High,High,,,,,
235,2025-08-08,12:41:53.32,4,1,"Meeker, James",703231,Right,STA_YAN,"Watson, Kevin",675982,Left,LAN,Undefined,7,Top,1,0,0,Undefined,Curveball,BallCalled,Undefined,Undefined,Undefined,0,0,,79.50011,1.184812,-1.113732,2316.99941,19.729526,6:45,5.90511,2.76156,5.60199,-56.73302,-12.29359,-4.87,2.2838,1.31588,73.61485,-9.113972,-1.985017,0.479795,,,,,,,,,,,,2.1648,-6.1113,-2.66303,50,5.96976,2.43702,-115.58253,0.42282,2.9393,20.79791,-40.47176,STA_YAN,LAN,StatenIslandYankees,Independent,ATL,20250808-StatenIslandYankees-1,96c63360-7476-11f0-8056-7d20f596a496,78.55948,,,5.88525,,,,,,,74ae92c6-097b-4c67-a4fc-76e9cf9e5798,2025-08-08,16:41:53.32,2025-08-08T12:41:53.3216768-04:00,2025-08-08T16:41:53.3216768Z,,v3,586,1889,,"Martorano, Brandon",668785,Right,STA_YAN,afc35749-9695-4828-9bdd-55c23820d349,54.90129,-116.46113,10.39896,5.91578,2.13253,-20.23588,-2.76335,2.31285,1.46965,,,,,,,,,,,,,,,,,,,,,,,,,,,,,,,,,,,,,,,,,,,,,,,,,,,High,High,High,,,,,
236,2025-08-08,12:42:11.45,4,2,"Meeker, James",703231,Right,STA_YAN,"Watson, Kevin",675982,Left,LAN,Undefined,7,Top,1,1,0,Undefined,Four-Seam,StrikeSwinging,Undefined,Undefined,Undefined,0,0,,90.05347,-1.056119,-3.30242,2296.651156,217.799002,1:15,6.03615,2.62603,5.88343,-20.11824,14.42709,10.33142,3.37714,0.41685,82.21532,-4.8448,-1.452422,0.423025,,,,,,,,,,,,-6.16792,8.00138,-2.36504,50,5.93915,7.08603,-130.59276,-3.04624,-10.65283,27.47239,-18.35458,STA_YAN,LAN,StatenIslandYankees,Independent,ATL,20250808-StatenIslandYankees-1,a18b76c0-7476-11f0-8056-7d20f596a496,89.10213,,,7.83815,,,,,,,74ae92c6-097b-4c67-a4fc-76e9cf9e5798,2025-08-08,16:42:11.45,2025-08-08T12:42:11.4554368-04:00,2025-08-08T16:42:11.4554368Z,,v3,586,1889,,"Martorano, Brandon",668785,Right,STA_YAN,571f07d4-f974-4d85-9ef5-d9286755caa0,54.61393,-131.55979,13.73619,6.03501,-2.40015,-9.17729,-2.62107,7.46101,-5.32641,,,,,,,,,,,,,,,,,,,,,,,,,,,,,,,,,,,,,,,,,,,,,,,,,,,High,High,High,,,,,
237,2025-08-08,12:42:29.93,4,3,"Meeker, James",703231,Right,STA_YAN,"Watson, Kevin",675982,Left,LAN,Undefined,7,Top,1,1,1,Undefined,Four-Seam,InPlay,Undefined,GroundBall,Single,0,0,,91.79677,-1.226513,-3.636012,2330.034096,225.645755,1:30,5.99109,2.6116,5.91698,-19.54103,13.98792,13.10642,3.22194,0.32488,83.03406,-4.927038,-1.288382,0.416756,87.98514,-10.86279,29.65839,,,,,17.89941,17.10395,26.120563,0.128819,-7.853,7.88804,-2.32752,50,5.88163,7.8828,-132.98561,-3.47288,-13.91882,31.25191,-18.19309,STA_YAN,LAN,StatenIslandYankees,Independent,ATL,20250808-StatenIslandYankees-1,aca5b7f0-7476-11f0-8056-7d20f596a496,90.44257,3.37867,,8.7627,,,,1.97812,3.37867,-0.17478,74ae92c6-097b-4c67-a4fc-76e9cf9e5798,2025-08-08,16:42:29.93,2025-08-08T12:42:29.9399168-04:00,2025-08-08T16:42:29.9399168Z,GroundBall,v3,586,1889,,"Martorano, Brandon",668785,Right,STA_YAN,92e2084e-98ba-475b-be51-75017bb0833c,54.58129,-134.0579,15.62596,5.99009,-2.84865,-9.09655,-2.60618,8.36037,-6.95941,271.464913,1.97814,110.12687,-5.61838,,,,,,,3.37871,-24.32358,-14.78951,,,,,,,-0.17478,62.71028,-1.39017,,,,,,,,,,,,,,,,,,,,,,,,,,,,,High,High,High,High,High,,,
238,2025-08-08,12:43:13.09,5,1,"Meeker, James",703231,Right,STA_YAN,"Isola, Alex",684576,Right,LAN,Undefined,7,Top,1,0,0,Undefined,Slider,BallCalled,Undefined,Undefined,Undefined,0,0,,85.9266,-2.456328,-3.17881,2222.67628,196.426876,12:30,5.87328,2.68784,6.16016,-27.6212,10.23776,2.63862,1.29746,-0.03189,78.3405,-7.612264,-2.703474,0.442849,,,,,,,,,,,,-2.33036,6.42213,-2.44777,50,5.67244,6.81246,-124.51511,-6.19597,-3.62797,26.95309,-22.17599,STA_YAN,LAN,StatenIslandYankees,Independent,ATL,20250808-StatenIslandYankees-1,c6662030-7476-11f0-8056-7d20f596a496,85.11351,,,7.5861,,,,,,,74ae92c6-097b-4c67-a4fc-76e9cf9e5798,2025-08-08,16:43:13.09,2025-08-08T12:43:13.0924032-04:00,2025-08-08T16:43:13.0924032Z,,v3,586,1889,,"Martorano, Brandon",668785,Right,STA_YAN,831c460e-e582-4131-af48-0cf9d7bb8c6c,54.33784,-125.45058,13.47655,5.87413,-5.4263,-11.088,-2.68639,6.93838,-1.81398,,,,,,,,,,,,,,,,,,,,,,,,,,,,,,,,,,,,,,,,,,,,,,,,,,,High,High,High,,,,,
239,2025-08-08,12:43:29.59,5,2,"Meeker, James",703231,Right,STA_YAN,"Isola, Alex",684576,Right,LAN,Undefined,7,Top,1,1,0,Undefined,Slider,StrikeCalled,Undefined,Undefined,Undefined,0,0,,85.98345,-0.661565,-3.912913,2227.347637,197.253588,12:30,5.84791,2.70769,6.16578,-28.27269,9.25067,2.50626,2.87931,-0.70346,78.74225,-5.937602,-3.462412,0.440882,,,,,,,,,,,,-2.38331,5.33922,-2.41198,50,5.78328,8.42897,-124.67916,-2.32098,-3.75086,25.10913,-23.77124,STA_YAN,LAN,StatenIslandYankees,Independent,ATL,20250808-StatenIslandYankees-1,d0282460-7476-11f0-8056-7d20f596a496,85.49327,,,7.2412,,,,,,,74ae92c6-097b-4c67-a4fc-76e9cf9e5798,2025-08-08,16:43:29.59,2025-08-08T12:43:29.5931392-04:00,2025-08-08T16:43:29.5931392Z,,v3,586,1889,,"Martorano, Brandon",668785,Right,STA_YAN,61eb8a3a-880c-407b-9553-958c7774ab05,54.33204,-125.54856,12.55457,5.84939,-1.49791,-11.88562,-2.70608,8.55885,-1.87543,,,,,,,,,,,,,,,,,,,,,,,,,,,,,,,,,,,,,,,,,,,,,,,,,,,High,High,High,,,,,
240,2025-08-08,12:43:47.50,5,3,"Meeker, James",703231,Right,STA_YAN,"Isola, Alex",684576,Right,LAN,Undefined,7,Top,1,1,1,Undefined,Four-Seam,InPlay,Undefined,GroundBall,Out,1,1,,91.4591,-1.777455,-3.489257,2227.289225,219.834138,1:15,5.9096,2.62693,6.01931,-19.10599,14.50835,11.12993,2.66746,0.31845,82.89038,-5.400741,-1.491386,0.417286,58.14479,-17.615425,13.784678,,,,,8.69621,8.39849,11.167876,0.099253,-6.80449,8.34989,-2.35941,50,5.75975,7.60717,-132.51719,-4.70824,-11.98908,30.73883,-17.4621,STA_YAN,LAN,StatenIslandYankees,Independent,ATL,20250808-StatenIslandYankees-1,dadf5e00-7476-11f0-8056-7d20f596a496,90.32759,2.63385,,8.56871,,,,0.70685,2.63385,-0.27013,74ae92c6-097b-4c67-a4fc-76e9cf9e5798,2025-08-08,16:43:47.50,2025-08-08T12:43:47.5082752-04:00,2025-08-08T16:43:47.5082752Z,GroundBall,v3,586,1889,,"Martorano, Brandon",668785,Right,STA_YAN,fb8d22d5-1b30-4edd-a65d-8d5b9d88c0a9,54.47896,-133.55209,15.36941,5.90837,-4.12033,-8.73105,-2.62232,8.01081,-5.99454,202.903695,0.70687,78.93693,-1.02284,,,,,,,2.63386,-25.80952,-7.33489,,,,,,,-0.27013,19.36619,3.27791,,,,,,,,,,,,,,,,,,,,,,,,,,,,,High,High,High,High,High,,,
241,2025-08-08,12:44:23.95,6,1,"Meeker, James",703231,Right,STA_YAN,"Alexander, Evan",670116,Left,LAN,Undefined,7,Top,2,0,0,Undefined,Curveball,BallCalled,Undefined,Undefined,Undefined,0,0,,80.75332,1.957111,-1.228929,2349.564294,36.265599,7:15,5.9349,2.71706,5.72014,-51.54385,-8.2578,-7.0693,3.46372,0.98305,73.86596,-7.475469,-2.494287,0.473528,,,,,,,,,,,,3.21965,-4.3028,-2.61003,50,6.0669,2.7954,-117.23526,2.23265,4.45897,23.17542,-38.13312,STA_YAN,LAN,StatenIslandYankees,Independent,ATL,20250808-StatenIslandYankees-1,f08b7680-7476-11f0-8056-7d20f596a496,79.59922,,,6.88736,,,,,,,74ae92c6-097b-4c67-a4fc-76e9cf9e5798,2025-08-08,16:44:23.95,2025-08-08T12:44:23.9575040-04:00,2025-08-08T16:44:23.9575040Z,,v3,586,1889,,"Martorano, Brandon",668785,Right,STA_YAN,6d10f0c6-6f4c-4eb1-8420-36b5b2ffa96d,54.78047,-118.1765,11.58771,5.94478,3.78138,-19.06656,-2.71988,2.61431,2.22948,,,,,,,,,,,,,,,,,,,,,,,,,,,,,,,,,,,,,,,,,,,,,,,,,,,High,High,High,,,,,
242,2025-08-08,12:44:39.18,6,2,"Meeker, James",703231,Right,STA_YAN,"Alexander, Evan",670116,Left,LAN,Undefined,7,Top,2,1,0,Undefined,Four-Seam,BallCalled,Undefined,Undefined,Undefined,0,0,,91.6842,-0.76681,-4.356326,2319.225264,204.419523,12:45,5.93099,2.66551,6.24753,-18.97092,14.26135,5.95343,3.64078,-0.86387,82.96901,-4.381819,-3.285853,0.414908,,,,,,,,,,,,-4.37528,7.94886,-2.34363,50,5.86436,9.85432,-132.73883,-2.33451,-7.73545,30.81758,-18.12052,STA_YAN,LAN,StatenIslandYankees,Independent,ATL,20250808-StatenIslandYankees-1,f99bb6e0-7476-11f0-8056-7d20f596a496,90.84539,,,8.71519,,,,,,,74ae92c6-097b-4c67-a4fc-76e9cf9e5798,2025-08-08,16:44:39.18,2025-08-08T12:44:39.1807488-04:00,2025-08-08T16:44:39.1807488Z,,v3,586,1889,,"Martorano, Brandon",668785,Right,STA_YAN,ae225456-2e1e-41a8-b1f7-2e85d415f780,54.24746,-133.72131,15.40879,5.92958,-1.75681,-9.06026,-2.66172,10.10093,-3.86772,,,,,,,,,,,,,,,,,,,,,,,,,,,,,,,,,,,,,,,,,,,,,,,,,,,High,High,High,,,,,
243,2025-08-08,12:44:55.73,6,3,"Meeker, James",703231,Right,STA_YAN,"Alexander, Evan",670116,Left,LAN,Undefined,7,Top,2,2,0,Undefined,Four-Seam,StrikeCalled,Undefined,Undefined,Undefined,0,0,,91.27476,-2.033245,-4.560987,2307.544552,215.874404,1:15,5.96553,2.6896,6.04365,-18.43548,15.25158,10.20827,2.54002,-0.69138,83.00664,-5.52771,-2.732157,0.417737,,,,,,,,,,,,-6.5878,8.78296,-2.33901,50,5.79664,10.10489,-132.10291,-5.26167,-11.58538,29.40511,-16.72822,STA_YAN,LAN,StatenIslandYankees,Independent,ATL,20250808-StatenIslandYankees-1,038f0440-7477-11f0-8056-7d20f596a496,90.2301,,,8.26812,,,,,,,74ae92c6-097b-4c67-a4fc-76e9cf9e5798,2025-08-08,16:44:55.73,2025-08-08T12:44:55.7355008-04:00,2025-08-08T16:44:55.7355008Z,,v3,586,1889,,"Martorano, Brandon",668785,Right,STA_YAN,33908025-c693-4f9c-89ef-f7f2065959c2,54.45451,-133.09076,14.70255,5.96397,-4.6997,-8.36411,-2.68501,10.49409,-5.79269,,,,,,,,,,,,,,,,,,,,,,,,,,,,,,,,,,,,,,,,,,,,,,,,,,,High,High,High,,,,,
244,2025-08-08,12:45:13.74,6,4,"Meeker, James",703231,Right,STA_YAN,"Alexander, Evan",670116,Left,LAN,Undefined,7,Top,2,2,1,Undefined,Slider,StrikeSwinging,Undefined,Undefined,Undefined,0,0,,87.26569,-1.749555,-3.767455,2297.182947,175.803603,11:45,5.9374,2.5647,6.0598,-25.84222,10.51851,-0.69311,2.16056,-0.98507,80.53182,-6.547246,-3.891826,0.433998,,,,,,,,,,,,-0.62335,6.21044,-2.27149,50,5.7873,8.36337,-126.59681,-4.69407,-1.01769,24.38724,-22.03458,STA_YAN,LAN,StatenIslandYankees,Independent,ATL,20250808-StatenIslandYankees-1,0e4d42c0-7477-11f0-8056-7d20f596a496,86.84934,,,6.73386,,,,,,,74ae92c6-097b-4c67-a4fc-76e9cf9e5798,2025-08-08,16:45:13.74,2025-08-08T12:45:13.7431552-04:00,2025-08-08T16:45:13.7431552Z,,v3,586,1889,,"Martorano, Brandon",668785,Right,STA_YAN,2ff68529-77bd-455f-95b9-7b2ed2e254f0,54.44046,-127.44933,12.19362,5.93793,-3.92379,-11.01729,-2.56448,8.39895,-0.50885,,,,,,,,,,,,,,,,,,,,,,,,,,,,,,,,,,,,,,,,,,,,,,,,,,,High,High,High,,,,,
245,2025-08-08,12:45:35.68,6,5,"Meeker, James",703231,Right,STA_YAN,"Alexander, Evan",670116,Left,LAN,Undefined,7,Top,2,2,2,Undefined,Four-Seam,StrikeCalled,Strikeout,Undefined,Undefined,0,0,,91.98098,-1.589026,-2.999413,2277.640381,222.738912,1:30,5.95825,2.76342,5.78878,-19.20792,14.27205,12.11961,2.87693,0.98052,83.3745,-5.215827,-0.831501,0.416451,,,,,,,,,,,,-7.04445,8.08544,-2.52339,50,5.81578,6.43684,-133.28087,-4.32366,-12.57047,30.7743,-17.74598,STA_YAN,LAN,StatenIslandYankees,Independent,ATL,20250808-StatenIslandYankees-1,1b456bb0-7477-11f0-8056-7d20f596a496,90.50869,,,8.60648,,,,,,,74ae92c6-097b-4c67-a4fc-76e9cf9e5798,2025-08-08,16:45:35.68,2025-08-08T12:45:35.6872192-04:00,2025-08-08T16:45:35.6872192Z,,v3,586,1889,,"Martorano, Brandon",668785,Right,STA_YAN,1d26fe87-3d19-45cd-989e-89536b47d73b,54.70798,-134.36353,15.38715,5.95691,-3.69934,-8.87299,-2.75762,6.87908,-6.28524,,,,,,,,,,,,,,,,,,,,,,,,,,,,,,,,,,,,,,,,,,,,,,,,,,,High,High,High,,,,,
246,2025-08-08,12:48:09.70,1,1,"Diehl, Phillip",670426,Left,LAN,"Rodriguez, Cristhian",682725,Left,STA_YAN,Undefined,7,Bottom,0,0,0,Undefined,Slider,StrikeCalled,Undefined,Undefined,Undefined,0,0,,85.07628,-0.029382,2.926302,2517.394168,64.736916,8:15,5.45444,-2.83282,5.14557,-39.37057,0.51685,-1.63142,2.14586,-0.21123,77.79642,-7.182018,2.637825,0.454558,,,,,,,,,,,,1.65992,0.62114,2.56009,50,5.42124,-6.23196,-123.3039,-1.55279,2.54653,25.32312,-31.22114,STA_YAN,LAN,StatenIslandYankees,Independent,ATL,20250808-StatenIslandYankees-1,77364160-7477-11f0-8056-7d20f596a496,82.92102,,,7.27986,,,,,,,74ae92c6-097b-4c67-a4fc-76e9cf9e5798,2025-08-08,16:48:09.70,2025-08-08T12:48:09.7085440-04:00,2025-08-08T16:48:09.7085440Z,,v3,586,1889,,"Isola, Alex",684576,Right,LAN,19b501ee-c4fd-4c32-87c3-f22f089a5ab5,55.35383,-124.39857,12.66156,5.45919,-0.20316,-15.61057,2.83186,-6.34204,1.27326,,,,,,,,,,,,,,,,,,,,,,,,,,,,,,,,,,,,,,,,,,,,,,,,,,,High,High,High,,,,,
247,2025-08-08,12:48:24.53,1,2,"Diehl, Phillip",670426,Left,LAN,"Rodriguez, Cristhian",682725,Left,STA_YAN,Undefined,7,Bottom,0,0,1,Undefined,Slider,FoulBallNotFieldable,Undefined,Undefined,Undefined,0,0,,85.47977,0.23291,3.088082,2540.937012,91.075668,9:00,5.57224,-2.61663,5.02964,-38.3101,1.29036,-2.12921,2.59981,0.12247,78.26773,-6.715753,2.712595,0.45292,77.35248,54.487217,-60.716273,5741.395703,32.04896,107.05009,-105.22756,204.74026,87.84501,-77.769981,5.199433,1.92858,0.91488,2.32295,50,5.56365,-6.58922,-123.88063,-0.96954,2.99442,24.94328,-30.75355,STA_YAN,LAN,StatenIslandYankees,Independent,ATL,20250808-StatenIslandYankees-1,8005a830-7477-11f0-8056-7d20f596a496,83.22096,107.21286,,7.21204,,,,0.76955,3.75777,-0.72634,74ae92c6-097b-4c67-a4fc-76e9cf9e5798,2025-08-08,16:48:24.53,2025-08-08T12:48:24.5338624-04:00,2025-08-08T16:48:24.5338624Z,FlyBall,v3,586,1889,,"Isola, Alex",684576,Right,LAN,92307ac4-beb1-4dc3-8f2e-2e399e191558,55.47006,-124.97717,12.47164,5.57655,0.38242,-15.37678,2.61552,-6.72085,1.49721,151.567372,0.7877,31.81718,-13.30992,1.65095,1.67654,-1.10996,0.29989,-0.03845,0.00191,3.74209,92.63077,-25.7105,3.76175,-1.19958,0.28681,-0.03174,0.00019,0.00014,-0.72406,-57.50084,8.17669,-1.49344,0.01365,0.12293,-0.04281,0.00618,-0.00033,,,,,,,,,,,,,,,,,,,,,,,High,High,High,Medium,Low,,,
248,2025-08-08,12:48:47.38,1,3,"Diehl, Phillip",670426,Left,LAN,"Rodriguez, Cristhian",682725,Left,STA_YAN,Undefined,7,Bottom,0,0,2,Undefined,Four-Seam,StrikeSwinging,Strikeout,Undefined,Undefined,0,0,,92.32264,-1.932961,4.27506,2375.627717,143.450342,10:45,5.57648,-2.3207,5.18868,-12.46957,22.02682,-15.33485,2.71314,0.43068,82.50668,-4.365857,1.569564,0.422725,,,,,,,,,,,,9.01406,11.95591,1.93521,50,5.38793,-9.20959,-133.25858,-4.85139,15.89976,33.72757,-11.08517,STA_YAN,LAN,StatenIslandYankees,Independent,ATL,20250808-StatenIslandYankees-1,8d87e8b0-7477-11f0-8056-7d20f596a496,89.16535,,,9.81597,,,,,,,74ae92c6-097b-4c67-a4fc-76e9cf9e5798,2025-08-08,16:48:47.38,2025-08-08T12:48:47.3850000-04:00,2025-08-08T16:48:47.3850000Z,,v3,586,1889,,"Isola, Alex",684576,Right,LAN,c99d28cd-aac6-431d-8cce-daf70bcc6bf5,55.30635,-134.59491,16.86379,5.57145,-4.41218,-5.54259,2.31259,-9.83956,7.94988,,,,,,,,,,,,,,,,,,,,,,,,,,,,,71.24602,,,0.973608,,,,-0.04544,5.1019,2.59512,71.82672,7.82908,-52.9614,-0.0391,77.75056,-4.04064,5.19432,18.9113,-16.60252,2.48532,-65.57294,8.80975,High,High,High,,,High,High,High
249,2025-08-08,12:49:17.46,2,1,"Diehl, Phillip",670426,Left,LAN,"Johnson, Kolby",815259,Right,STA_YAN,Undefined,7,Bottom,1,0,0,Undefined,Changeup,StrikeSwinging,Undefined,Undefined,Undefined,0,0,,86.69507,-0.935991,3.534817,1800.706522,116.715444,10:00,5.4445,-2.60788,5.65549,-29.05746,8.63146,-14.69804,2.14839,-0.53192,79.12694,-6.315081,0.912685,0.441853,,,,,,,,,,,,8.46154,5.0167,2.31771,50,5.34676,-7.13905,-125.66002,-3.0536,13.4957,26.05783,-24.17266,STA_YAN,LAN,StatenIslandYankees,Independent,ATL,20250808-StatenIslandYankees-1,9f8f6330-7477-11f0-8056-7d20f596a496,85.30529,,,7.56813,,,,,,,74ae92c6-097b-4c67-a4fc-76e9cf9e5798,2025-08-08,16:49:17.46,2025-08-08T12:49:17.4646784-04:00,2025-08-08T16:49:17.4646784Z,,v3,586,1889,,"Isola, Alex",684576,Right,LAN,a2d4a0dd-7f64-48e5-9ada-0d1f822c8502,54.84335,-126.66039,13.02891,5.44617,-2.1256,-12.08633,2.60172,-7.65716,6.74785,,,,,,,,,,,,,,,,,,,,,,,,,,,,,,,,,,,,,,,,,,,,,,,,,,,High,High,High,,,,,
250,2025-08-08,12:49:34.33,2,2,"Diehl, Phillip",670426,Left,LAN,"Johnson, Kolby",815259,Right,STA_YAN,Undefined,7,Bottom,1,0,1,Undefined,Changeup,BallCalled,Undefined,Undefined,Undefined,0,0,,85.64651,-0.101998,2.021225,2062.333108,114.760658,9:45,5.40122,-2.85021,5.28115,-29.78687,9.41339,-17.56284,2.82313,-2.41477,77.87913,-5.597868,-1.095388,0.450626,,,,,,,,,,,,9.34591,5.13374,2.67905,50,5.37041,-3.60451,-124.18965,-1.28598,14.51202,26.20591,-24.20252,STA_YAN,LAN,StatenIslandYankees,Independent,ATL,20250808-StatenIslandYankees-1,a9874470-7477-11f0-8056-7d20f596a496,83.64468,,,7.76738,,,,,,,74ae92c6-097b-4c67-a4fc-76e9cf9e5798,2025-08-08,16:49:34.33,2025-08-08T12:49:34.3313408-04:00,2025-08-08T16:49:34.3313408Z,,v3,586,1889,,"Isola, Alex",684576,Right,LAN,fe8ce7c1-ba2d-4742-8d84-74d33dbf52c3,55.21676,-125.28563,13.10296,5.40302,-0.27379,-12.10126,2.84249,-4.21143,7.25601,,,,,,,,,,,,,,,,,,,,,,,,,,,,,,,,,,,,,,,,,,,,,,,,,,,High,High,High,,,,,
251,2025-08-08,12:49:51.59,2,3,"Diehl, Phillip",670426,Left,LAN,"Johnson, Kolby",815259,Right,STA_YAN,Undefined,7,Bottom,1,1,1,Undefined,Slider,StrikeCalled,Undefined,Undefined,Undefined,0,0,,84.93149,0.74181,2.840308,2444.205788,79.903713,8:45,5.49031,-2.68327,5.15449,-39.17967,1.35217,-0.65661,2.92454,-0.06206,76.57072,-6.422093,2.724241,0.458215,,,,,,,,,,,,1.24961,0.88748,2.41825,50,5.52999,-6.06712,-122.88295,0.11281,1.87971,28.03433,-30.83902,STA_YAN,LAN,StatenIslandYankees,Independent,ATL,20250808-StatenIslandYankees-1,b3d29ce0-7477-11f0-8056-7d20f596a496,82.25922,,,8.36077,,,,,,,74ae92c6-097b-4c67-a4fc-76e9cf9e5798,2025-08-08,16:49:51.59,2025-08-08T12:49:51.5928576-04:00,2025-08-08T16:49:51.5928576Z,,v3,586,1889,,"Isola, Alex",684576,Right,LAN,ae31ee40-fadf-4c11-aa07-07061e4cbeaf,55.34134,-124.09553,14.01716,5.49626,1.44671,-15.41951,2.68243,-6.14842,0.93986,,,,,,,,,,,,,,,,,,,,,,,,,,,,,,,,,,,,,,,,,,,,,,,,,,,High,High,High,,,,,
252,2025-08-08,12:50:10.77,2,4,"Diehl, Phillip",670426,Left,LAN,"Johnson, Kolby",815259,Right,STA_YAN,Undefined,7,Bottom,1,1,2,Undefined,Changeup,BallCalled,Undefined,Undefined,Undefined,0,0,,85.62389,-1.897812,4.124844,1806.250254,111.07606,9:45,5.42033,-2.83264,5.63811,-30.89655,7.8015,-16.96304,1.06988,-0.39144,78.36737,-7.589984,1.100551,0.44773,,,,,,,,,,,,9.83949,4.85177,2.4929,50,5.23881,-8.24842,-124.01188,-5.17364,15.2954,25.21409,-24.63201,STA_YAN,LAN,StatenIslandYankees,Independent,ATL,20250808-StatenIslandYankees-1,bf5b7e60-7477-11f0-8056-7d20f596a496,84.18568,,,7.25652,,,,,,,74ae92c6-097b-4c67-a4fc-76e9cf9e5798,2025-08-08,16:50:10.77,2025-08-08T12:50:10.7792896-04:00,2025-08-08T16:50:10.7792896Z,,v3,586,1889,,"Isola, Alex",684576,Right,LAN,bcb3999a-97b1-4f7f-9640-7c4ec63ffa7f,54.86244,-124.9966,12.60705,5.42208,-4.21165,-12.31601,2.82671,-8.84577,7.6477,,,,,,,,,,,,,,,,,,,,,,,,,,,,,,,,,,,,,,,,,,,,,,,,,,,High,High,High,,,,,
253,2025-08-08,12:50:28.74,2,5,"Diehl, Phillip",670426,Left,LAN,"Johnson, Kolby",815259,Right,STA_YAN,Undefined,7,Bottom,1,2,2,Undefined,Four-Seam,FoulBallNotFieldable,Undefined,Undefined,Undefined,0,0,,92.10205,-2.162897,3.688392,2407.86977,138.180822,10:30,5.56183,-2.39573,5.12132,-16.14158,18.44548,-15.33969,2.1742,-0.19501,82.72622,-5.228226,0.981415,0.423281,73.22315,39.968402,150.691876,3365.834435,-97.56516,47.73838,50.8039,202.10582,73.42607,153.076391,3.030721,8.83768,10.24426,2.0612,50,5.34636,-7.84039,-133.07863,-5.57305,15.59601,32.80789,-14.09587,STA_YAN,LAN,StatenIslandYankees,Independent,ATL,20250808-StatenIslandYankees-1,ca0bb320-7477-11f0-8056-7d20f596a496,89.04832,47.8252,,9.37582,,,,1.2862,2.21121,0.20473,74ae92c6-097b-4c67-a4fc-76e9cf9e5798,2025-08-08,16:50:28.74,2025-08-08T12:50:28.7429120-04:00,2025-08-08T16:50:28.7429120Z,FlyBall,v3,586,1889,,"Isola, Alex",684576,Right,LAN,e594b744-1e82-4fdb-84fc-6cace3bc03c5,55.37572,-134.39737,16.40395,5.55899,-5.00645,-7.04793,2.38895,-8.46728,7.79801,340.992783,1.28661,-71.78844,2.92469,0.36258,0.25787,-0.33246,0.1604,-0.03514,0.0029,2.2111,68.99063,-30.36675,4.14646,-0.9996,0.25694,-0.06643,0.01298,-0.00115,0.20457,40.29636,-5.60061,1.3732,-0.46117,0.1968,-0.06958,0.01413,-0.00116,,,,,,,,,,,,,,,,,,,,,,,High,High,High,High,Medium,,,
254,2025-08-08,12:51:05.52,2,6,"Diehl, Phillip",670426,Left,LAN,"Johnson, Kolby",815259,Right,STA_YAN,Undefined,7,Bottom,1,2,2,Undefined,Slider,BallCalled,Undefined,Undefined,Undefined,0,0,,86.08259,-2.614968,3.297261,2626.888616,53.286026,7:45,5.47811,-2.5904,5.3708,-38.9101,-0.19567,-1.92315,-0.22191,0.34419,79.18079,-9.655026,2.955353,0.447824,,,,,,,,,,,,1.94063,0.91295,2.29598,50,5.21511,-7.10327,-124.67489,-7.13124,3.04202,26.02,-30.74293,STA_YAN,LAN,StatenIslandYankees,Independent,ATL,20250808-StatenIslandYankees-1,dffc9cd0-7477-11f0-8056-7d20f596a496,84.16788,,,6.9018,,,,,,,74ae92c6-097b-4c67-a4fc-76e9cf9e5798,2025-08-08,16:51:05.52,2025-08-08T12:51:05.5230976-04:00,2025-08-08T16:51:05.5230976Z,,v3,586,1889,,"Isola, Alex",684576,Right,LAN,872aec70-f067-4d68-a046-2ad6c5db0b71,55.13071,-125.74113,13.01,5.48152,-5.87147,-15.37146,2.58961,-7.22792,1.52101,,,,,,,,,,,,,,,,,,,,,,,,,,,,,,,,,,,,,,,,,,,,,,,,,,,High,High,High,,,,,
255,2025-08-08,12:51:29.04,2,7,"Diehl, Phillip",670426,Left,LAN,"Johnson, Kolby",815259,Right,STA_YAN,Undefined,7,Bottom,1,3,2,Undefined,Four-Seam,BallCalled,Walk,Undefined,Undefined,0,0,,91.87368,-3.337942,4.154922,2358.893706,135.667038,10:30,5.4657,-2.30543,5.3848,-15.93914,18.55009,-16.84938,0.99687,0.19185,82.64806,-6.373267,1.168841,0.422682,,,,,,,,,,,,9.85138,10.78221,1.94593,50,5.15563,-8.85737,-132.63479,-8.26199,17.27359,32.52165,-13.26834,STA_YAN,LAN,StatenIslandYankees,Independent,ATL,20250808-StatenIslandYankees-1,ee00b780-7477-11f0-8056-7d20f596a496,89.17455,,,9.22563,,,,,,,74ae92c6-097b-4c67-a4fc-76e9cf9e5798,2025-08-08,16:51:29.04,2025-08-08T12:51:29.0422272-04:00,2025-08-08T16:51:29.0422272Z,,v3,586,1889,,"Isola, Alex",684576,Right,LAN,eca89044-8a37-48fd-addf-a6595d03bd55,55.11328,-133.88268,16.26083,5.46288,-7.75287,-6.63417,2.29851,-9.52018,8.6368,,,,,,,,,,,,,,,,,,,,,,,,,,,,,,,,,,,,,,,,,,,,,,,,,,,High,High,High,,,,,
256,2025-08-08,12:52:00.58,3,1,"Diehl, Phillip",670426,Left,LAN,"Brown, Vaun",673901,Right,STA_YAN,Undefined,7,Bottom,1,0,0,Undefined,Slider,StrikeCalled,Undefined,Undefined,Undefined,0,0,,85.22916,-0.331899,3.343144,2474.596996,95.74982,9:15,5.43134,-2.69216,5.08599,-38.32404,1.25555,-0.67595,1.9243,0.40617,78.51861,-7.267901,3.223842,0.452801,,,,,,,,,,,,1.2289,1.03898,2.37607,50,5.3695,-7.18871,-123.56563,-2.17744,1.90781,23.67192,-30.56109,STA_YAN,LAN,StatenIslandYankees,Independent,ATL,20250808-StatenIslandYankees-1,00cbd020-7478-11f0-8056-7d20f596a496,83.24291,,,6.71055,,,,,,,74ae92c6-097b-4c67-a4fc-76e9cf9e5798,2025-08-08,16:52:00.58,2025-08-08T12:52:00.5820928-04:00,2025-08-08T16:52:00.5820928Z,,v3,586,1889,,"Isola, Alex",684576,Right,LAN,91995f62-a9cb-4517-8cc7-04ef59e5b8e8,55.41438,-124.59857,11.83596,5.43542,-0.84389,-15.28055,2.69157,-7.27196,0.9539,,,,,,,,,,,,,,,,,,,,,,,,,,,,,,,,,,,,,,,,,,,,,,,,,,,High,High,High,,,,,
257,2025-08-08,12:52:17.38,3,2,"Diehl, Phillip",670426,Left,LAN,"Brown, Vaun",673901,Right,STA_YAN,Undefined,7,Bottom,1,0,1,Undefined,Slider,BallCalled,Undefined,Undefined,Undefined,0,0,,85.27279,-1.003771,3.855701,2522.062893,339.062227,5:15,5.4821,-2.54307,5.051,-39.29715,0.40445,0.30626,1.25838,1.12449,78.59915,-8.091651,3.909689,0.453498,,,,,,,,,,,,0.89343,0.77311,2.17511,50,5.35465,-8.33865,-123.52912,-3.67164,1.38373,24.0642,-30.97666,STA_YAN,LAN,StatenIslandYankees,Independent,ATL,20250808-StatenIslandYankees-1,0ad31ab0-7478-11f0-8056-7d20f596a496,83.1149,,,6.67364,,,,,,,74ae92c6-097b-4c67-a4fc-76e9cf9e5798,2025-08-08,16:52:17.38,2025-08-08T12:52:17.3885952-04:00,2025-08-08T16:52:17.3885952Z,,v3,586,1889,,"Isola, Alex",684576,Right,LAN,e9fbfef0-4a8f-404d-88ed-ca3094a3cf40,55.44994,-124.58628,12.0321,5.48606,-2.31082,-15.48833,2.54277,-8.39944,0.69186,,,,,,,,,,,,,,,,,,,,,,,,,,,,,,,,,,,,,,,,,,,,,,,,,,,High,High,High,,,,,
258,2025-08-08,12:52:34.10,3,3,"Diehl, Phillip",670426,Left,LAN,"Brown, Vaun",673901,Right,STA_YAN,Undefined,7,Bottom,1,1,1,Undefined,Four-Seam,InPlay,Undefined,GroundBall,Out,1,0,,92.70891,-2.549427,4.810914,2454.634099,142.28273,10:45,5.56334,-2.4149,5.42787,-14.80619,18.86844,-13.65009,1.93172,0.96403,83.67855,-5.377738,2.394819,0.41766,56.63112,-44.954228,-165.492883,,,,,1.43367,2.08796,-89.514919,0.033931,8.36768,10.63402,1.99737,50,5.3267,-10.6322,-133.87568,-6.44219,15.02496,31.76654,-13.07969,STA_YAN,LAN,StatenIslandYankees,Independent,ATL,20250808-StatenIslandYankees-1,14c22250-7478-11f0-8056-7d20f596a496,90.24673,2.00025,,9.03035,,,,1.95171,2.00025,-0.93176,74ae92c6-097b-4c67-a4fc-76e9cf9e5798,2025-08-08,16:52:34.10,2025-08-08T12:52:34.1058048-04:00,2025-08-08T16:52:34.1058048Z,GroundBall,v3,586,1889,,"Isola, Alex",684576,Right,LAN,b233d31e-1516-43d1-9da1-21f7a6959503,55.07,-135.07335,15.88327,5.56029,-5.94906,-6.53984,2.4089,-11.19867,7.51248,,1.95311,-57.16155,,,,,,,,2.00169,-58.94982,,,,,,,,-0.9314,-14.79056,,,,,,,,,,,,,,,,,,,,,,,,,,,,,,High,High,High,Low,Low,,,
259,2025-08-08,12:53:16.20,4,1,"Diehl, Phillip",670426,Left,LAN,"Diaz, Eddy",677647,Right,STA_YAN,Undefined,7,Bottom,2,0,0,Undefined,Slider,InPlay,Undefined,GroundBall,Out,1,0,,85.16044,-0.200237,2.790562,2584.246824,83.779752,8:45,5.39758,-2.55837,5.21608,-38.31305,1.10949,-0.70236,2.01632,0.00908,78.41443,-7.156429,2.66621,0.451901,91.6656,-17.312941,-9.612578,,,,,6.93411,6.89783,-8.417664,0.046746,1.0991,0.94433,2.30104,50,5.3501,-5.99182,-123.54656,-1.86891,1.70504,23.76555,-30.70908,STA_YAN,LAN,StatenIslandYankees,Independent,ATL,20250808-StatenIslandYankees-1,2de5d560-7478-11f0-8056-7d20f596a496,83.40857,1.87305,,6.74601,,,,0.9349,1.87305,-0.01168,74ae92c6-097b-4c67-a4fc-76e9cf9e5798,2025-08-08,16:53:16.20,2025-08-08T12:53:16.2011648-04:00,2025-08-08T16:53:16.2011648Z,GroundBall,v3,586,1889,,"Isola, Alex",684576,Right,LAN,cc4c86b2-cc83-4cc1-b159-8ed71996a251,55.28407,-124.55886,11.88277,5.40185,-0.56085,-15.35454,2.55781,-6.06445,0.85252,180,0.93347,126.73873,,,,,,,,1.8735,-40.06872,,,,,,,,-0.01143,-21.46487,,,,,,,,,,,,,,,,,,,,,,,,,,,,,,High,High,High,Low,Low,,,
260,2025-08-08,12:55:46.10,1,1,"Zguro, Matthew",1000127405,Right,STA_YAN,"Schield, Slater",1000216204,Right,LAN,Undefined,8,Top,0,0,0,Undefined,Changeup,StrikeCalled,Undefined,Undefined,Undefined,0,0,,83.45462,-1.009881,-4.436792,2358.979889,218.876305,1:15,5.69157,2.18779,6.07706,-23.87171,16.76028,12.29835,2.76496,-0.90073,75.11935,-5.548896,-2.231263,0.458781,,,,,,,,,,,,-7.73867,9.38473,-1.85034,50,5.60068,8.87849,-120.71475,-2.79689,-11.23864,26.9609,-18.54491,STA_YAN,LAN,StatenIslandYankees,Independent,ATL,20250808-StatenIslandYankees-1,87421d80-7478-11f0-8056-7d20f596a496,82.15777,,,8.33527,,,,,,,74ae92c6-097b-4c67-a4fc-76e9cf9e5798,2025-08-08,16:55:46.10,2025-08-08T12:55:46.1091840-04:00,2025-08-08T16:55:46.1091840Z,,v3,586,1889,,"Martorano, Brandon",668785,Right,STA_YAN,ae9c74d6-7a09-4456-befa-7726cea2eb95,54.4185,-121.6976,13.48045,5.69032,-2.12085,-9.27246,-2.18147,9.28819,-5.61932,,,,,,,,,,,,,,,,,,,,,,,,,,,,,,,,,,,,,,,,,,,,,,,,,,,High,High,High,,,,,
261,2025-08-08,12:56:01.37,1,2,"Zguro, Matthew",1000127405,Right,STA_YAN,"Schield, Slater",1000216204,Right,LAN,Undefined,8,Top,0,0,1,Undefined,Curveball,InPlay,Undefined,GroundBall,Out,1,0,,76.50541,0.804518,-2.370339,2131.073752,102.03475,9:30,5.59818,2.26463,5.18895,-46.2081,3.48449,-8.20937,2.50506,-0.65066,69.4707,-7.632274,-3.822897,0.507361,66.61619,9.014653,-32.774119,2679.112216,,,,97.46898,93.79667,-35.407711,1.097744,3.36898,1.93575,-2.03789,50,5.63798,4.90692,-110.80769,0.01881,4.13044,22.3691,-29.8008,STA_YAN,LAN,StatenIslandYankees,Independent,ATL,20250808-StatenIslandYankees-1,905b85a0-7478-11f0-8056-7d20f596a496,74.29114,6.16622,,7.03471,,,,2.54718,2.67363,0.57184,74ae92c6-097b-4c67-a4fc-76e9cf9e5798,2025-08-08,16:56:01.37,2025-08-08T12:56:01.3778432-04:00,2025-08-08T16:56:01.3778432Z,GroundBall,v3,586,1889,,"Martorano, Brandon",668785,Right,STA_YAN,2e3c96f0-0ad6-4399-8209-969893812cdc,55.30952,-111.87441,11.18455,5.6032,1.43992,-14.9004,-2.26719,4.70995,2.06522,97.512773,2.54718,81.1356,-11.70909,1.83134,-0.38395,0.05347,-0.00787,0.0013,-0.00013,2.67363,15.30888,-17.27081,1.16542,-0.18052,0.03796,-0.00446,0.00059,-0.0001,0.57184,-52.23642,-0.25056,0.63609,-0.21458,0.05371,-0.01087,0.00183,-0.00017,,,,,,,,,,,,,,,,,,,,,,,High,High,High,High,High,,,
262,2025-08-08,12:56:36.71,2,1,"Zguro, Matthew",1000127405,Right,STA_YAN,"Ward, Nick",682187,Left,LAN,Undefined,8,Top,1,0,0,Undefined,Changeup,BallCalled,Undefined,Undefined,Undefined,0,0,,79.56256,-2.220721,-3.913484,1855.483448,243.914265,2:15,5.57077,2.39708,5.45435,-35.54801,9.79008,16.82178,0.52367,0.12969,72.69696,-8.745017,-0.922092,0.484622,,,,,,,,,,,,-9.74123,6.01469,-2.06377,50,5.35003,7.22729,-115.14933,-5.62666,-12.99194,22.71159,-24.15223,STA_YAN,LAN,StatenIslandYankees,Independent,ATL,20250808-StatenIslandYankees-1,a55d5460-7478-11f0-8056-7d20f596a496,77.77701,,,6.8656,,,,,,,74ae92c6-097b-4c67-a4fc-76e9cf9e5798,2025-08-08,16:56:36.71,2025-08-08T12:56:36.7155200-04:00,2025-08-08T16:56:36.7155200Z,,v3,586,1889,,"Martorano, Brandon",668785,Right,STA_YAN,d232f7f2-86a5-49a4-9175-7ce168f4ad71,55.04588,-116.1403,11.35579,5.57254,-4.57283,-12.07612,-2.39149,7.79416,-6.49597,,,,,,,,,,,,,,,,,,,,,,,,,,,,,,,,,,,,,,,,,,,,,,,,,,,High,High,High,,,,,
263,2025-08-08,12:56:54.32,2,2,"Zguro, Matthew",1000127405,Right,STA_YAN,"Ward, Nick",682187,Left,LAN,Undefined,8,Top,1,1,0,Undefined,Changeup,InPlay,Undefined,FlyBall,Double,0,0,,84.77807,-2.013637,-3.427826,2358.566817,221.302048,1:30,5.61596,2.26679,5.80043,-23.13517,16.39733,13.16977,1.81106,0.17231,76.7979,-6.372926,-1.072535,0.452531,86.3454,53.309216,-20.602538,4190.231412,95.33,113.86506,-54.88337,265.92049,140.07375,-37.188587,5.591332,-7.8028,9.40189,-1.99298,50,5.4366,6.81902,-122.75563,-5.01897,-11.77624,26.77597,-17.9844,STA_YAN,LAN,StatenIslandYankees,Independent,ATL,20250808-StatenIslandYankees-1,afdd0340-7478-11f0-8056-7d20f596a496,83.29249,124.38189,,7.98017,,,,2.23644,2.55466,-1.10148,74ae92c6-097b-4c67-a4fc-76e9cf9e5798,2025-08-08,16:56:54.32,2025-08-08T12:56:54.3286272-04:00,2025-08-08T16:56:54.3286272Z,FlyBall,v3,586,1889,,"Martorano, Brandon",668785,Right,STA_YAN,2a2a03e1-aaa2-4296-a731-a718f06e8323,54.69745,-123.77602,13.38799,5.61481,-4.33362,-8.9922,-2.26139,7.2678,-5.88812,143.563728,2.27416,70.09888,-13.28594,-0.25422,2.4727,-1.21011,0.27872,-0.0315,0.0014,2.54554,101.6618,-26.42071,3.01736,-0.29834,-0.13512,0.06386,-0.01017,0.00057,-1.07142,-27.16895,-1.54776,-1.29431,1.65504,-0.72131,0.15685,-0.0169,0.00072,,,,,,,,,,,,,,,,,,,,,,,High,High,High,Medium,Low,,,
264,2025-08-08,12:57:58.18,3,1,"Zguro, Matthew",1000127405,Right,STA_YAN,"Martin, Mason",676733,Left,LAN,Undefined,8,Top,1,0,0,Undefined,Four-Seam,BallCalled,Undefined,Undefined,Undefined,0,0,,85.92147,0.311581,-2.637881,2448.574429,222.222186,1:30,5.69383,2.46973,6.00303,-22.02907,15.98776,13.32934,4.14707,1.13467,77.77448,-3.872875,-0.243805,0.443771,,,,,,,,,,,,-7.59304,8.48859,-2.26922,50,5.70629,5.19079,-124.61549,0.03987,-11.84011,26.99526,-18.93747,STA_YAN,LAN,StatenIslandYankees,Independent,ATL,20250808-StatenIslandYankees-1,d5d6d850-7478-11f0-8056-7d20f596a496,84.93661,,,8.14699,,,,,,,74ae92c6-097b-4c67-a4fc-76e9cf9e5798,2025-08-08,16:57:58.18,2025-08-08T12:57:58.1837824-04:00,2025-08-08T16:57:58.1837824Z,,v3,586,1889,,"Martorano, Brandon",668785,Right,STA_YAN,85887585-6171-421e-9a2a-1dcf3d010b90,54.49327,-125.58509,13.49763,5.69264,0.72005,-9.46873,-2.46329,5.61605,-5.92005,,,,,,,,,,,,,,,,,,,,,,,,,,,,,,,,,,,,,,,,,,,,,,,,,,,High,High,High,,,,,
265,2025-08-08,12:58:18.27,3,2,"Zguro, Matthew",1000127405,Right,STA_YAN,"Martin, Mason",676733,Left,LAN,Undefined,8,Top,1,1,0,Undefined,Four-Seam,StrikeCalled,Undefined,Undefined,Undefined,0,0,,85.55226,-2.77072,-3.800811,2396.368518,218.158901,1:15,5.74233,2.22007,5.54321,-18.70229,20.16253,14.83863,1.58664,-0.10072,78.20906,-6.295654,-1.161992,0.448694,,,,,,,,,,,,-8.6102,11.36469,-1.9007,50,5.48957,7.61337,-123.85818,-6.5719,-13.37814,24.68807,-14.51613,STA_YAN,LAN,StatenIslandYankees,Independent,ATL,20250808-StatenIslandYankees-1,e1ef4fa0-7478-11f0-8056-7d20f596a496,84.00484,,,7.3432,,,,,,,74ae92c6-097b-4c67-a4fc-76e9cf9e5798,2025-08-08,16:58:18.27,2025-08-08T12:58:18.2767104-04:00,2025-08-08T16:58:18.2767104Z,,v3,586,1889,,"Martorano, Brandon",668785,Right,STA_YAN,b3faa625-a331-492a-a86b-51a4e636da50,54.95662,-124.84225,12.34404,5.74,-5.99328,-7.25806,-2.2148,8.14662,-6.68907,,,,,,,,,,,,,,,,,,,,,,,,,,,,,,,,,,,,,,,,,,,,,,,,,,,High,High,High,,,,,
266,2025-08-08,12:58:41.64,3,3,"Zguro, Matthew",1000127405,Right,STA_YAN,"Martin, Mason",676733,Left,LAN,Undefined,8,Top,1,1,1,Undefined,Changeup,StrikeSwinging,Undefined,Undefined,Undefined,0,0,,80.26924,-0.796673,-3.068396,1925.986263,243.784382,2:15,5.55785,2.6532,5.43187,-34.7597,9.34981,16.17068,1.914,1.12441,73.71485,-7.180769,-0.192572,0.478011,,,,,,,,,,,,-8.98481,5.33965,-2.39278,50,5.46318,5.59409,-116.42116,-2.77267,-12.35699,21.4321,-24.83034,STA_YAN,LAN,StatenIslandYankees,Independent,ATL,20250808-StatenIslandYankees-1,efc1fa10-7478-11f0-8056-7d20f596a496,78.85272,,,6.5544,,,,,,,74ae92c6-097b-4c67-a4fc-76e9cf9e5798,2025-08-08,16:58:41.64,2025-08-08T12:58:41.6488448-04:00,2025-08-08T16:58:41.6488448Z,,v3,586,1889,,"Martorano, Brandon",668785,Right,STA_YAN,57ea4f03-d0bb-402b-9f11-60374918e46b,55.06766,-117.35036,10.71605,5.56005,-1.69613,-12.41517,-2.64693,6.12984,-6.17849,,,,,,,,,,,,,,,,,,,,,,,,,,,,,,,,,,,,,,,,,,,,,,,,,,,High,High,High,,,,,
267,2025-08-08,12:59:16.17,3,4,"Zguro, Matthew",1000127405,Right,STA_YAN,"Martin, Mason",676733,Left,LAN,Undefined,8,Top,1,1,2,Undefined,Changeup,InPlay,Undefined,GroundBall,Single,0,0,,79.8581,-0.562791,-3.033927,1885.567376,248.749591,2:15,5.50751,2.35204,5.27861,-36.96837,8.225,17.19568,1.89748,0.93292,72.75279,-7.346591,0.016134,0.483848,41.41921,-15.555238,-51.570633,,,,,10.82281,10.82281,-37.326817,0.122923,-9.6306,4.6837,-2.08852,50,5.42901,5.45226,-115.72824,-2.37916,-12.96294,23.10894,-25.86971,STA_YAN,LAN,StatenIslandYankees,Independent,ATL,20250808-StatenIslandYankees-1,046ecb00-7479-11f0-8056-7d20f596a496,77.90142,2.2717,,7.10532,,,,4.23902,2.2717,-0.94435,74ae92c6-097b-4c67-a4fc-76e9cf9e5798,2025-08-08,16:59:16.17,2025-08-08T12:59:16.1782784-04:00,2025-08-08T16:59:16.1782784Z,GroundBall,v3,586,1889,,"Martorano, Brandon",668785,Right,STA_YAN,dca4238a-185b-43a4-bb81-c823474f53fb,55.22179,-116.76628,11.55447,5.50978,-1.21711,-12.93486,-2.34651,6.03455,-6.48147,56.869414,4.239,36.37684,-6.90594,,,,,,,2.27179,-16.30048,-17.74813,,,,,,,-0.9443,-45.85101,1.18249,,,,,,,,,,,,,,,,,,,,,,,,,,,,,High,High,High,High,High,,,
268,2025-08-08,13:00:03.93,4,1,"Zguro, Matthew",1000127405,Right,STA_YAN,"Carpenter, Joseph",696515,Right,LAN,Undefined,8,Top,1,0,0,Undefined,Four-Seam,BallCalled,Undefined,Undefined,Undefined,0,0,,85.43573,0.855616,-3.125944,2369.597939,216.481486,1:15,5.85436,2.19759,5.76012,-20.75623,17.95611,12.33241,4.92232,0.31282,77.50435,-3.080755,-0.923048,0.447812,,,,,,,,,,,,-7.1593,9.25788,-1.94584,50,5.91288,6.24712,-123.84452,1.24294,-11.06953,25.75948,-17.85975,STA_YAN,LAN,StatenIslandYankees,Independent,ATL,20250808-StatenIslandYankees-1,20d10740-7479-11f0-8056-7d20f596a496,84.17017,,,7.93138,,,,,,,74ae92c6-097b-4c67-a4fc-76e9cf9e5798,2025-08-08,17:00:03.93,2025-08-08T13:00:03.9375872-04:00,2025-08-08T17:00:03.9375872Z,,v3,586,1889,,"Martorano, Brandon",668785,Right,STA_YAN,1fcce88e-5104-4dfb-b67c-88bba4491a66,54.73685,-124.82588,12.87974,5.85257,1.92335,-8.92988,-2.19187,6.66884,-5.53477,,,,,,,,,,,,,,,,,,,,,,,,,,,,,,,,,,,,,,,,,,,,,,,,,,,High,High,High,,,,,
269,2025-08-08,13:00:21.29,4,2,"Zguro, Matthew",1000127405,Right,STA_YAN,"Carpenter, Joseph",696515,Right,LAN,Undefined,8,Top,1,1,0,Undefined,Four-Seam,FoulBallNotFieldable,Undefined,Undefined,Undefined,0,0,,84.71805,-2.22586,-2.49322,2206.356123,215.632624,1:15,5.74309,2.06794,5.71183,-19.61599,19.73005,13.20946,2.03174,0.8445,77.33395,-5.933506,-0.132212,0.451463,69.68832,24.538592,162.551774,3111.140334,-107.57443,23.71188,22.97053,175.75659,55.64214,171.31074,2.360327,-7.48449,11.083,-1.86773,50,5.54467,4.81824,-122.85205,-5.35388,-11.40937,24.9153,-15.2791,STA_YAN,LAN,StatenIslandYankees,Independent,ATL,20250808-StatenIslandYankees-1,2b3ba780-7479-11f0-8056-7d20f596a496,83.4896,24.85433,,7.38411,,,,2.94276,2.2163,-0.84157,74ae92c6-097b-4c67-a4fc-76e9cf9e5798,2025-08-08,17:00:21.29,2025-08-08T13:00:21.2988416-04:00,2025-08-08T17:00:21.2988416Z,LineDrive,v3,586,1889,,"Martorano, Brandon",668785,Right,STA_YAN,53c81951-3ce5-41c4-9576-8bac5fca6b51,54.78765,-123.81921,12.45765,5.74098,-4.76078,-7.63955,-2.06337,5.26113,-5.70469,289.335126,2.94292,-88.70933,6.42126,-0.61894,0.58277,-0.52478,0.27948,-0.07397,0.00757,2.21634,42.44611,-21.718,1.99346,-0.30177,-0.01841,0.03587,-0.00942,0.00077,-0.84169,27.88588,-9.51663,1.96185,-0.81809,0.48372,-0.2305,0.06036,-0.00626,,,,,,,,,,,,,,,,,,,,,,,High,High,High,High,Low,,,
270,2025-08-08,13:00:43.23,4,3,"Zguro, Matthew",1000127405,Right,STA_YAN,"Carpenter, Joseph",696515,Right,LAN,Undefined,8,Top,1,1,1,Undefined,Curveball,InPlay,Undefined,LineDrive,Single,0,1,,76.97624,1.119588,-1.8727,2334.711852,56.422213,8:00,5.60869,2.22977,5.35347,-52.74645,-4.75575,-9.30965,2.26389,-0.30303,71.09308,-8.444548,-3.527279,0.498597,82.61401,13.920145,-11.602575,841.010221,108.33866,16.39864,-19.04419,198.12515,196.68684,-9.424106,2.077625,4.22209,-2.38882,-2.05419,50,5.67109,4.00459,-111.78891,0.41934,5.35164,19.83812,-35.20195,STA_YAN,LAN,StatenIslandYankees,Independent,ATL,20250808-StatenIslandYankees-1,385429b0-7479-11f0-8056-7d20f596a496,75.59696,16.44419,,5.88316,,,,2.9437,2.48223,0.18483,74ae92c6-097b-4c67-a4fc-76e9cf9e5798,2025-08-08,17:00:43.23,2025-08-08T13:00:43.2304128-04:00,2025-08-08T17:00:43.2304128Z,LineDrive,v3,586,1889,,"Martorano, Brandon",668785,Right,STA_YAN,89fa941a-3efe-46f4-9a4e-3474d59047f9,55.14916,-112.69898,9.91906,5.61481,2.03422,-17.60097,-2.23227,3.75908,2.67582,218.468359,2.9437,115.20599,-15.5745,3.21942,-0.60267,0.08631,-0.00845,0.00035,5E-05,2.48223,29.14788,-15.72927,0.52618,0.0182,-0.0076,-0.00108,0.00161,-0.00026,0.18484,-23.65517,6.61971,-2.1571,0.56168,-0.10645,0.01258,-8E-05,-0.00015,,,,,,,,,,,,,,,,,,,,,,,High,High,High,High,High,,,
271,2025-08-08,13:01:28.02,5,1,"Zguro, Matthew",1000127405,Right,STA_YAN,"Campagna, Joe",690523,Right,LAN,Undefined,8,Top,1,0,0,Undefined,Four-Seam,BallCalled,Undefined,Undefined,Undefined,0,0,,86.04014,1.174852,-2.059851,2439.548102,212.885561,1:00,5.87057,2.17994,5.96201,-20.80308,17.16489,10.26725,5.22723,1.1247,77.79632,-2.79052,-0.216702,0.443486,,,,,,,,,,,,-5.83075,8.80229,-2.02188,50,5.9522,4.05712,-124.78235,1.96997,-9.11767,27.03697,-18.40971,STA_YAN,LAN,StatenIslandYankees,Independent,ATL,20250808-StatenIslandYankees-1,52f10f40-7479-11f0-8056-7d20f596a496,84.99125,,,8.24382,,,,,,,74ae92c6-097b-4c67-a4fc-76e9cf9e5798,2025-08-08,17:01:28.02,2025-08-08T13:01:28.0215552-04:00,2025-08-08T17:01:28.0215552Z,,v3,586,1889,,"Martorano, Brandon",668785,Right,STA_YAN,5e42b545-781d-4a0a-af63-a5b4e25e2348,54.53316,-125.76073,13.51848,5.86886,2.63616,-9.20486,-2.17466,4.38706,-4.55884,,,,,,,,,,,,,,,,,,,,,,,,,,,,,,,,,,,,,,,,,,,,,,,,,,,High,High,High,,,,,
272,2025-08-08,13:01:51.55,5,2,"Zguro, Matthew",1000127405,Right,STA_YAN,"Campagna, Joe",690523,Right,LAN,Undefined,8,Top,1,1,0,Undefined,Four-Seam,InPlay,Undefined,FlyBall,Out,1,0,,85.03805,-0.888808,-3.907932,2358.419515,216.023788,1:15,5.81573,2.08292,5.72663,-20.35552,19.19619,12.90607,3.28963,-0.48696,76.5596,-4.768292,-1.60635,0.452641,94.14951,29.942478,-24.465462,2697.707716,97.64897,57.63442,-50.64197,345.14001,339.53638,-33.706332,4.484885,-7.82839,10.46406,-1.76456,50,5.72924,7.87198,-123.05532,-2.49923,-11.82886,27.73655,-16.36265,STA_YAN,LAN,StatenIslandYankees,Independent,ATL,20250808-StatenIslandYankees-1,610c3460-7479-11f0-8056-7d20f596a496,83.27222,73.10106,,8.47845,,,,1.45606,3.25077,0.55362,74ae92c6-097b-4c67-a4fc-76e9cf9e5798,2025-08-08,17:01:51.55,2025-08-08T13:01:51.5530752-04:00,2025-08-08T17:01:51.5530752Z,FlyBall,v3,586,1889,,"Martorano, Brandon",668785,Right,STA_YAN,39568e08-5d56-416f-b351-61a8a43bb43a,54.77037,-124.1259,13.86828,5.81351,-1.86766,-8.18133,-2.07721,8.32855,-5.91443,149.56845,1.45732,108.88341,-25.72348,7.3787,-1.67483,0.3258,-0.05427,0.00651,-0.00037,3.25197,68.89019,-17.88312,-0.28854,0.82364,-0.38462,0.0999,-0.01357,0.00073,0.55352,-49.55291,3.30197,-0.77514,0.15672,-0.0341,0.00764,-0.00115,7E-05,,,,,,,,,,,,,,,,,,,,,,,High,High,High,High,High,,,
273,2025-08-08,13:02:40.41,6,1,"Zguro, Matthew",1000127405,Right,STA_YAN,"Lucky, Nick",681879,Left,LAN,Undefined,8,Top,2,0,0,Undefined,Changeup,StrikeCalled,Undefined,Undefined,Undefined,0,0,,80.74379,-0.699579,-3.021514,1986.589608,244.320084,2:15,5.63187,2.42604,5.21323,-36.11754,9.76808,16.04446,1.96329,0.91922,71.10746,-7.418851,-0.179372,0.487539,,,,,,,,,,,,-9.11292,5.73681,-2.15897,50,5.54112,5.44518,-116.45878,-2.64348,-12.00234,30.20807,-24.61827,STA_YAN,LAN,StatenIslandYankees,Independent,ATL,20250808-StatenIslandYankees-1,7e334740-7479-11f0-8056-7d20f596a496,77.31157,,,9.63632,,,,,,,74ae92c6-097b-4c67-a4fc-76e9cf9e5798,2025-08-08,17:02:40.41,2025-08-08T13:02:40.4170752-04:00,2025-08-08T17:02:40.4170752Z,,v3,586,1889,,"Martorano, Brandon",668785,Right,STA_YAN,c3048db6-de21-4ba4-9177-8aa2e52e4967,55.27737,-117.81972,15.10404,5.63523,-1.53438,-12.30913,-2.41647,5.98592,-6.00117,,,,,,,,,,,,,,,,,,,,,,,,,,,,,,,,,,,,,,,,,,,,,,,,,,,High,High,High,,,,,
274,2025-08-08,13:02:57.16,6,2,"Zguro, Matthew",1000127405,Right,STA_YAN,"Lucky, Nick",681879,Left,LAN,Undefined,8,Top,2,0,1,Undefined,Changeup,FoulBallNotFieldable,Undefined,Undefined,Undefined,0,0,,79.28834,-1.249238,-4.217078,1991.115104,235.490065,1:45,5.60466,2.25902,5.42199,-33.79069,11.90064,15.03536,1.61526,-0.44527,72.26767,-7.479921,-1.549144,0.486506,89.85162,20.82224,52.722792,3704.530253,59.97677,28.04129,92.21054,241.17301,162.57507,63.5503,2.657227,-8.88327,6.79571,-1.89521,50,5.47017,7.87488,-114.74714,-3.59192,-11.77106,22.45319,-23.16921,STA_YAN,LAN,StatenIslandYankees,Independent,ATL,20250808-StatenIslandYankees-1,8827cd20-7479-11f0-8056-7d20f596a496,77.47576,28.96765,,7.02067,,,,2.82252,1.73169,0.56937,74ae92c6-097b-4c67-a4fc-76e9cf9e5798,2025-08-08,17:02:57.16,2025-08-08T13:02:57.1669504-04:00,2025-08-08T17:02:57.1669504Z,LineDrive,v3,586,1889,,"Martorano, Brandon",668785,Right,STA_YAN,756d7bb7-1a91-453a-9829-36fbba7f86da,55.07745,-115.7364,11.22659,5.60594,-2.57111,-11.5846,-2.2536,8.3935,-5.88553,,2.82242,74.60787,-21.91033,5.70229,-1.51528,0.37024,-0.08148,0.01103,-0.00043,1.73172,46.84353,-22.93758,2.87103,-0.54594,0.09844,-0.01813,0.00409,-0.00056,0.5693,98.01522,-5.83034,-0.89747,0.56254,-0.18837,0.04701,-0.01034,0.00119,,,,,,,,,,,,,,,,,,,,,,,High,High,High,High,Medium,,,
275,2025-08-08,13:03:22.86,6,3,"Zguro, Matthew",1000127405,Right,STA_YAN,"Lucky, Nick",681879,Left,LAN,Undefined,8,Top,2,0,2,Undefined,Changeup,StrikeCalled,Strikeout,Undefined,Undefined,0,0,,80.17341,0.12287,-2.366327,1795.325732,227.679873,1:30,5.72165,2.23217,5.27081,-33.47569,11.51894,10.91627,3.04752,0.91784,72.61349,-6.065562,-0.43085,0.482783,,,,,,,,,,,,-6.13957,6.19504,-2.02399,50,5.70879,4.33923,-116.12161,-0.86519,-8.299,23.78021,-23.80006,STA_YAN,LAN,StatenIslandYankees,Independent,ATL,20250808-StatenIslandYankees-1,9768ad90-7479-11f0-8056-7d20f596a496,78.07327,,,7.55993,,,,,,,74ae92c6-097b-4c67-a4fc-76e9cf9e5798,2025-08-08,17:03:22.86,2025-08-08T13:03:22.8640000-04:00,2025-08-08T17:03:22.8640000Z,,v3,586,1889,,"Martorano, Brandon",668785,Right,STA_YAN,05c1051f-582e-4a6c-9127-ed5b62dbcbdd,55.22442,-117.18662,11.89011,5.72367,0.20071,-11.90003,-2.22664,4.71091,-4.1495,,,,,,,,,,,,,,,,,,,,,,,,,,,,,44.62617,,,1.798438,,,,-3.46369,6.809,-1.51496,63.40078,13.74214,-61.39805,-3.31916,40.91373,-2.12011,7.03869,30.84501,-15.07146,-1.68518,-37.24674,2.24715,High,High,High,,,High,High,High
276,2025-08-08,13:05:56.81,1,1,"Rees, Jackson",682448,Right,LAN,"Contreras, Mark",676628,Left,STA_YAN,Undefined,8,Bottom,0,0,0,Undefined,Slider,BallCalled,Undefined,Undefined,Undefined,0,0,,85.89762,-1.677692,-0.8038,2362.150638,15.071056,6:30,6.55762,1.13804,5.79638,-39.27038,-1.25272,-0.65606,1.72398,0.33566,79.07755,-8.859182,-0.921656,0.443776,,,,,,,,,,,,0.10949,0.1587,-1.07155,50,6.39595,1.77688,-124.76598,-5.02874,0.17226,25.51522,-31.92431,STA_YAN,LAN,StatenIslandYankees,Independent,ATL,20250808-StatenIslandYankees-1,f33cd380-7479-11f0-8056-7d20f596a496,84.93568,,,6.82007,,,,,,,74ae92c6-097b-4c67-a4fc-76e9cf9e5798,2025-08-08,17:05:56.81,2025-08-08T13:05:56.8163328-04:00,2025-08-08T17:05:56.8163328Z,,v3,586,1889,,"Isola, Alex",684576,Right,LAN,93ba8ccf-0866-46a8-9ea4-7fcbabac307c,54.70404,-125.7243,12.75761,6.56231,-3.82971,-15.96215,-1.13816,1.77041,0.08613,,,,,,,,,,,,,,,,,,,,,,,,,,,,,,,,,,,,,,,,,,,,,,,,,,,High,High,High,,,,,
277,2025-08-08,13:06:14.20,1,2,"Rees, Jackson",682448,Right,LAN,"Contreras, Mark",676628,Left,STA_YAN,Undefined,8,Bottom,0,1,0,Undefined,Sinker,FoulBallNotFieldable,Undefined,Undefined,Undefined,0,0,,96.15919,-1.882133,-2.001972,2285.424955,263.551944,2:45,6.17232,1.19582,5.9071,-27.16978,3.05201,18.59611,2.15944,0.88647,88.1199,-6.896453,1.340429,0.395669,,,,,,,,,,,,-10.10784,2.37843,-1.04572,50,6.00553,4.0419,-139.62955,-5.61673,-19.93291,31.76467,-27.48376,STA_YAN,LAN,StatenIslandYankees,Independent,ATL,20250808-StatenIslandYankees-1,fd8fa600-7479-11f0-8056-7d20f596a496,95.26265,,,8.03928,,,,,,,74ae92c6-097b-4c67-a4fc-76e9cf9e5798,2025-08-08,17:06:14.20,2025-08-08T13:06:14.2074880-04:00,2025-08-08T17:06:14.2074880Z,,v3,586,1889,,"Isola, Alex",684576,Right,LAN,89884361-c519-489e-9cca-03613dc6a323,54.59361,-140.67067,15.88234,6.17487,-4.71591,-13.74188,-1.18891,4.69523,-9.96646,,,,,,,,,,,,,,,,,,,,,,,,,,,,,,,,,,,,,,,,,,,,,,,,,,,High,High,High,,,,,
278,2025-08-08,13:06:36.97,1,3,"Rees, Jackson",682448,Right,LAN,"Contreras, Mark",676628,Left,STA_YAN,Undefined,8,Bottom,0,1,1,Undefined,Slider,InPlay,Undefined,FlyBall,Out,1,0,,86.27058,-0.732631,-0.36186,2478.838611,49.183919,7:45,6.50578,1.10232,5.66874,-40.16656,-2.35386,-4.07634,2.47543,0.42523,79.34314,-8.071921,-1.092034,0.442578,101.11506,19.182126,-8.873065,2501.625244,107.63714,33.8808,-22.67302,354.48436,342.50315,-18.497969,3.6714,1.97969,-0.66878,-1.06911,50,6.41837,0.96006,-125.34909,-3.05032,3.14705,25.54052,-33.23722,STA_YAN,LAN,StatenIslandYankees,Independent,ATL,20250808-StatenIslandYankees-1,0b29b440-747a-11f0-8056-7d20f596a496,85.16556,44.0088,,6.92744,,,,1.54666,2.48064,-0.41991,74ae92c6-097b-4c67-a4fc-76e9cf9e5798,2025-08-08,17:06:36.97,2025-08-08T13:06:36.9750016-04:00,2025-08-08T17:06:36.9750016Z,LineDrive,v3,586,1889,,"Isola, Alex",684576,Right,LAN,6b53bb7e-eed8-4d02-9cdd-22b5135f2137,54.83182,-126.32976,12.77026,6.51099,-1.77411,-16.61861,-1.10365,0.83922,1.57352,134.906388,1.54701,138.37867,-23.56027,5.05428,-0.87903,0.0852,0.00611,-0.00306,0.00029,2.48017,48.74701,-15.3856,1.01174,-0.454,0.21678,-0.06423,0.01059,-0.00073,-0.41972,-21.61406,-5.43387,1.46846,-0.22155,-0.00786,0.01124,-0.00207,0.00013,,,,,,,,,,,,,,,,,,,,,,,High,High,High,High,High,,,
279,2025-08-08,13:07:16.47,2,1,"Rees, Jackson",682448,Right,LAN,"Scheffler, Matt",688032,Right,STA_YAN,Undefined,8,Bottom,1,0,0,Undefined,Slider,StrikeCalled,Undefined,Undefined,Undefined,0,0,,80.32736,0.57445,-1.278485,2912.94577,75.669387,8:30,5.80747,1.67024,5.63915,-47.10778,-3.30063,-18.24922,2.41788,-1.04342,73.81256,-8.027954,-4.539772,0.476369,,,,,,,,,,,,8.89115,-1.42595,-1.54978,50,5.82624,3.31856,-116.67995,-0.42579,12.20384,22.84588,-34.13128,STA_YAN,LAN,StatenIslandYankees,Independent,ATL,20250808-StatenIslandYankees-1,22a05390-747a-11f0-8056-7d20f596a496,79.12438,,,6.5148,,,,,,,74ae92c6-097b-4c67-a4fc-76e9cf9e5798,2025-08-08,17:07:16.47,2025-08-08T13:07:16.4751872-04:00,2025-08-08T17:07:16.4751872Z,,v3,586,1889,,"Isola, Alex",684576,Right,LAN,1a8ac1dd-6436-43cf-a592-8fa68a08eb12,54.8621,-117.6281,11.42294,5.81451,0.99072,-17.06564,-1.67699,2.81208,6.10192,,,,,,,,,,,,,,,,,,,,,,,,,,,,,,,,,,,,,,,,,,,,,,,,,,,High,High,High,,,,,
280,2025-08-08,13:07:33.54,2,2,"Rees, Jackson",682448,Right,LAN,"Scheffler, Matt",688032,Right,STA_YAN,Undefined,8,Bottom,1,0,1,Undefined,Sinker,BallCalled,Undefined,Undefined,Undefined,0,0,,96.65127,-2.338304,-3.366617,2482.029153,246.642461,2:15,6.32741,0.89151,6.00034,-23.09017,6.90922,13.70087,2.23162,-1.08982,88.11739,-6.637294,-0.905194,0.39421,,,,,,,,,,,,-7.99052,4.53685,-0.63371,50,6.13048,7.6141,-140.07214,-6.56393,-15.80863,32.87783,-23.19824,STA_YAN,LAN,StatenIslandYankees,Independent,ATL,20250808-StatenIslandYankees-1,2cdc1ba0-747a-11f0-8056-7d20f596a496,95.61517,,,8.53388,,,,,,,74ae92c6-097b-4c67-a4fc-76e9cf9e5798,2025-08-08,17:07:33.54,2025-08-08T13:07:33.5470080-04:00,2025-08-08T17:07:33.5470080Z,,v3,586,1889,,"Isola, Alex",684576,Right,LAN,6857da2e-f689-4353-817e-7ee5bd3b57b1,54.49812,-141.12399,16.43892,6.3286,-5.82176,-11.59912,-0.8854,8.11986,-7.90431,,,,,,,,,,,,,,,,,,,,,,,,,,,,,,,,,,,,,,,,,,,,,,,,,,,High,High,High,,,,,
281,2025-08-08,13:07:52.51,2,3,"Rees, Jackson",682448,Right,LAN,"Scheffler, Matt",688032,Right,STA_YAN,Undefined,8,Bottom,1,1,1,Undefined,Slider,InPlay,Undefined,FlyBall,Double,0,0,,86.02819,-0.47893,-1.504432,2507.531951,3.892364,6:15,6.41442,0.98779,5.9575,-44.09597,-6.46185,-0.51819,2.29546,-0.45083,79.19338,-8.556314,-1.597749,0.441532,102.09314,23.136527,-3.319342,2721.148775,109.92457,44.32466,-4.07011,393.03692,387.25424,-1.714109,4.573661,-0.15764,-2.91008,-0.86801,50,6.3514,3.30437,-125.04266,-2.57346,-0.24912,25.63808,-36.7732,STA_YAN,LAN,StatenIslandYankees,Independent,ATL,20250808-StatenIslandYankees-1,383624f0-747a-11f0-8056-7d20f596a496,85.36735,65.08266,,6.83481,,,,1.81296,2.32532,0.43228,74ae92c6-097b-4c67-a4fc-76e9cf9e5798,2025-08-08,17:07:52.51,2025-08-08T13:07:52.5176320-04:00,2025-08-08T17:07:52.5176320Z,LineDrive,v3,586,1889,,"Isola, Alex",684576,Right,LAN,befaf1b0-249c-4fa4-8788-2c3b68808167,54.54427,-125.97095,12.81904,6.42047,-1.242,-18.3866,-0.98782,3.31339,-0.12456,194.341308,1.81355,137.45091,-25.13973,6.07987,-1.27994,0.24276,-0.04161,0.00529,-0.00031,2.32634,58.80729,-13.54921,-0.88808,0.7655,-0.31757,0.08233,-0.01137,0.00063,0.43197,-7.96441,4.78597,-2.06409,0.59108,-0.12279,0.01812,-0.00172,8E-05,,,,,,,,,,,,,,,,,,,,,,,High,High,High,High,Medium,,,
282,2025-08-08,13:08:48.93,3,1,"Rees, Jackson",682448,Right,LAN,"Sandoval, Pablo",467055,Left,STA_YAN,Undefined,8,Bottom,1,0,0,Undefined,Four-Seam,InPlay,Undefined,GroundBall,Out,1,0,,95.79099,-1.744394,-2.272461,2430.651834,228.534343,1:30,5.88063,1.52265,5.70703,-24.98903,6.13288,5.67914,2.17116,-0.12248,86.53745,-6.38383,-1.256727,0.401517,61.74193,-32.668736,-30.750879,,,,,4.98451,4.85969,-16.696254,0.043256,-3.63606,3.98961,-1.33585,50,5.71894,5.24592,-138.79953,-5.16934,-6.98628,35.44044,-24.50852,STA_YAN,LAN,StatenIslandYankees,Independent,ATL,20250808-StatenIslandYankees-1,59cb8e70-747a-11f0-8056-7d20f596a496,93.87497,2.12278,,9.25355,,,,1.92929,2.12278,0.26066,74ae92c6-097b-4c67-a4fc-76e9cf9e5798,2025-08-08,17:08:48.93,2025-08-08T13:08:48.9317376-04:00,2025-08-08T17:08:48.9317376Z,GroundBall,v3,586,1889,,"Isola, Alex",684576,Right,LAN,4cf99455-c621-45d3-a5ad-c5b39509e31a,54.79098,-140.01749,17.72022,5.88212,-4.32706,-12.25426,-1.52026,5.48601,-3.49314,180,1.92747,65.77295,,,,,,,,2.12414,-49.0748,,,,,,,,0.26175,-39.13216,,,,,,,,,,,,,,,,,,,,,,,,,,,,,,High,High,High,Low,Low,,,
283,2025-08-08,13:09:28.80,4,1,"Rees, Jackson",682448,Right,LAN,"Martorano, Brandon",668785,Right,STA_YAN,Undefined,8,Bottom,2,0,0,Undefined,Sinker,BallCalled,Undefined,Undefined,Undefined,0,0,,96.11188,-2.98321,-3.869197,2415.662229,257.548451,2:30,6.25813,1.10473,5.99513,-26.02517,4.67532,16.14631,1.31605,-1.14072,86.92103,-7.816547,-0.968899,0.39879,,,,,,,,,,,,-9.4578,3.70894,-0.80801,50,6.00846,8.65265,-139.00336,-8.21883,-18.24263,35.2754,-25.02007,STA_YAN,LAN,StatenIslandYankees,Independent,ATL,20250808-StatenIslandYankees-1,71768430-747a-11f0-8056-7d20f596a496,94.51701,,,9.19085,,,,,,,74ae92c6-097b-4c67-a4fc-76e9cf9e5798,2025-08-08,17:09:28.80,2025-08-08T13:09:28.8041472-04:00,2025-08-08T17:09:28.8041472Z,,v3,586,1889,,"Isola, Alex",684576,Right,LAN,61c84d9b-a7fa-4775-95d1-40f06589654b,54.50179,-140.14114,17.6377,6.26054,-7.41183,-12.51004,-1.09658,9.24106,-9.12131,,,,,,,,,,,,,,,,,,,,,,,,,,,,,,,,,,,,,,,,,,,,,,,,,,,High,High,High,,,,,
284,2025-08-08,13:09:45.96,4,2,"Rees, Jackson",682448,Right,LAN,"Martorano, Brandon",668785,Right,STA_YAN,Undefined,8,Bottom,2,1,0,Undefined,Sinker,InPlay,Undefined,GroundBall,Out,1,0,,97.13768,-2.316599,-2.542397,2466.236008,259.474692,2:45,6.03953,1.24689,5.71637,-26.23934,4.46799,17.39375,1.6916,0.32645,86.61293,-7.196328,0.571219,0.398834,67.88365,-54.44858,-139.046327,,,,,1.26531,1.46336,-60.527729,0.02191,-9.7378,3.47122,-1.04502,50,5.82967,5.39655,-140.47423,-6.70118,-18.88963,40.47912,-25.44048,STA_YAN,LAN,StatenIslandYankees,Independent,ATL,20250808-StatenIslandYankees-1,7bc89360-747a-11f0-8056-7d20f596a496,94.50657,1.77979,,10.52474,,,,1.58314,1.77979,-0.26789,74ae92c6-097b-4c67-a4fc-76e9cf9e5798,2025-08-08,17:09:45.96,2025-08-08T13:09:45.9627520-04:00,2025-08-08T17:09:45.9627520Z,GroundBall,v3,586,1889,,"Isola, Alex",684576,Right,LAN,9f972fa4-9bbd-45ab-a80d-e4902d525fd9,54.77938,-141.84478,20.23956,6.04198,-5.83982,-12.72024,-1.23856,6.03612,-9.44481,,1.58357,-43.84252,,,,,,,,1.78059,-81.23039,,,,,,,,-0.26751,-38.04953,,,,,,,,,,,,,,,,,,,,,,,,,,,,,,High,High,High,Low,Low,,,
285,2025-08-08,13:13:25.92,1,1,"Parra, Reinier",692017,Right,STA_YAN,"Watson, Kevin",675982,Left,LAN,Undefined,9,Top,0,0,0,Undefined,,BallCalled,Undefined,Undefined,Undefined,0,0,,,,,,,,,,,,,,,,,,,,,,,,,,,,,,,,,,,,,,,,,,STA_YAN,LAN,StatenIslandYankees,Independent,ATL,20250808-StatenIslandYankees-1,f9957880-747a-11f0-8056-7d20f596a496,,,,,,,,,,,74ae92c6-097b-4c67-a4fc-76e9cf9e5798,2025-08-08,17:13:25.92,2025-08-08T13:13:25.9271040-04:00,2025-08-08T17:13:25.9271040Z,,v3,586,1889,,"Martorano, Brandon",668785,Right,STA_YAN,,,,,,,,,,,,,,,,,,,,,,,,,,,,,,,,,,,,,,,,,,,,,,,,,,,,,,,,,,,,,,,,,,,,
286,2025-08-08,13:13:26.92,1,2,"Parra, Reinier",692017,Right,STA_YAN,"Watson, Kevin",675982,Left,LAN,Undefined,9,Top,0,1,0,Undefined,Four-Seam,BallCalled,Undefined,Undefined,Undefined,0,0,,93.38535,-2.889709,-3.252335,2306.015773,216.352066,1:15,5.72702,1.00732,5.49323,-14.29261,18.49627,12.79505,1.82616,-0.97207,84.93141,-5.609488,-0.977431,0.41213,,,,,,,,,,,,-7.43918,10.51812,-0.73154,50,5.46433,7.09608,-135.19258,-7.2864,-13.70913,30.64903,-12.7909,STA_YAN,LAN,StatenIslandYankees,Independent,ATL,20250808-StatenIslandYankees-1,ff827fe0-747a-11f0-8056-7d20f596a496,91.45757,,,8.45394,,,,,,,74ae92c6-097b-4c67-a4fc-76e9cf9e5798,2025-08-08,17:13:26.92,2025-08-08T13:13:26.9271040-04:00,2025-08-08T17:13:26.9271040Z,,v3,586,1889,,"Martorano, Brandon",668785,Right,STA_YAN,8819c8e6-555b-4595-b31b-d4311286aed1,55.00606,-136.32276,15.32452,5.72432,-6.81474,-6.39545,-1.00253,7.6016,-6.85456,,,,,,,,,,,,,,,,,,,,,,,,,,,,,,,,,,,,,,,,,,,,,,,,,,,High,High,High,,,,,
287,2025-08-08,13:13:49.18,1,3,"Parra, Reinier",692017,Right,STA_YAN,"Watson, Kevin",675982,Left,LAN,Undefined,9,Top,0,2,0,Undefined,Sinker,BallCalled,Undefined,Undefined,Undefined,0,0,,91.90718,-0.802341,-3.506414,2258.758811,229.656349,1:45,5.54462,1.07827,5.69716,-19.98505,13.49509,14.59469,3.13007,-0.97716,83.6502,-4.556389,-0.902308,0.416452,,,,,,,,,,,,-8.39197,7.40819,-0.79274,50,5.46481,7.50518,-133.21959,-2.53928,-15.04552,29.25398,-18.89228,STA_YAN,LAN,StatenIslandYankees,Independent,ATL,20250808-StatenIslandYankees-1,0cc67ee0-747b-11f0-8056-7d20f596a496,90.50846,,,8.25698,,,,,,,74ae92c6-097b-4c67-a4fc-76e9cf9e5798,2025-08-08,17:13:49.18,2025-08-08T13:13:49.1893248-04:00,2025-08-08T17:13:49.1893248Z,,v3,586,1889,,"Martorano, Brandon",668785,Right,STA_YAN,3c2bb7ca-a1bb-4083-a855-e5b63fef5f4e,54.80111,-134.26974,14.62699,5.54379,-1.8611,-9.44614,-1.07185,8.04528,-7.52276,,,,,,,,,,,,,,,,,,,,,,,,,,,,,,,,,,,,,,,,,,,,,,,,,,,High,High,High,,,,,
288,2025-08-08,13:14:09.31,1,4,"Parra, Reinier",692017,Right,STA_YAN,"Watson, Kevin",675982,Left,LAN,Undefined,9,Top,0,3,0,Undefined,Sinker,BallCalled,Walk,Undefined,Undefined,0,0,,90.82275,-2.580018,-3.502653,2193.819282,226.259919,1:30,5.58699,0.8995,5.43233,-20.66694,13.96579,13.41072,1.44238,-1.26728,82.98783,-6.424141,-1.120628,0.42356,,,,,,,,,,,,-7.78477,8.09922,-0.59872,50,5.34386,7.45225,-131.52036,-6.65954,-13.6239,28.11454,-17.99984,STA_YAN,LAN,StatenIslandYankees,Independent,ATL,20250808-StatenIslandYankees-1,18b12f70-747b-11f0-8056-7d20f596a496,88.98961,,,7.83492,,,,,,,74ae92c6-097b-4c67-a4fc-76e9cf9e5798,2025-08-08,17:14:09.31,2025-08-08T13:14:09.3117440-04:00,2025-08-08T17:14:09.3117440Z,,v3,586,1889,,"Martorano, Brandon",668785,Right,STA_YAN,a206008b-6604-4ec6-a8d8-b2b1378f1b02,55.06752,-132.5992,14.05727,5.58616,-5.96883,-8.99992,-0.89472,7.97504,-6.81195,,,,,,,,,,,,,,,,,,,,,,,,,,,,,,,,,,,,,,,,,,,,,,,,,,,High,High,High,,,,,
289,2025-08-08,13:14:42.67,2,1,"Parra, Reinier",692017,Right,STA_YAN,"Isola, Alex",684576,Right,LAN,Undefined,9,Top,0,0,0,Undefined,Curveball,BallCalled,Undefined,Undefined,Undefined,0,0,,79.1466,2.508979,-0.774741,2013.822952,36.518924,7:15,5.55237,1.11278,5.16073,-49.45892,-3.32177,-3.57918,3.79409,0.08525,72.05832,-6.490664,-1.408349,0.488874,,,,,,,,,,,,1.54382,-1.89476,-1.03765,50,5.74887,1.70055,-114.71308,3.25097,2.0457,22.32134,-34.68476,STA_YAN,LAN,StatenIslandYankees,Independent,ATL,20250808-StatenIslandYankees-1,2c93f9a0-747b-11f0-8056-7d20f596a496,77.10054,,,7.08828,,,,,,,74ae92c6-097b-4c67-a4fc-76e9cf9e5798,2025-08-08,17:14:42.67,2025-08-08T13:14:42.6740000-04:00,2025-08-08T17:14:42.6740000Z,,v3,586,1889,,"Martorano, Brandon",668785,Right,STA_YAN,d1e4b177-0f63-47d5-a402-e8e9193bbf4a,55.33785,-115.74708,11.16067,5.56106,4.85769,-17.34238,-1.11424,1.60579,1.02285,,,,,,,,,,,,,,,,,,,,,,,,,,,,,78.21805,,0.707021,,-1.35851,3.46589,-0.01623,-1.33251,6.18801,1.06085,,,,-1.2311,113.17233,-10.1361,6.20288,7.54096,-11.64155,1.0193,-2.50629,3.04825,High,High,High,,,High,Medium,Medium
290,2025-08-08,13:15:31.47,2,2,"Parra, Reinier",692017,Right,STA_YAN,"Isola, Alex",684576,Right,LAN,Undefined,9,Top,0,1,0,Undefined,Four-Seam,BallCalled,Undefined,Undefined,Undefined,0,0,,93.64614,0.193603,-2.511995,2206.880545,221.266422,1:30,5.67353,0.88856,5.83399,-16.94946,15.34209,12.47233,4.44121,-0.40846,84.46014,-3.041973,-0.278699,0.408993,,,,,,,,,,,,-7.09134,8.07965,-0.69071,50,5.67945,5.37991,-135.7601,-0.06741,-13.08865,32.78236,-17.26127,STA_YAN,LAN,StatenIslandYankees,Independent,ATL,20250808-StatenIslandYankees-1,49a2f0a0-747b-11f0-8056-7d20f596a496,92.15913,,,9.18601,,,,,,,74ae92c6-097b-4c67-a4fc-76e9cf9e5798,2025-08-08,17:15:31.47,2025-08-08T13:15:31.4726912-04:00,2025-08-08T17:15:31.4726912Z,,v3,586,1889,,"Martorano, Brandon",668785,Right,STA_YAN,20a15713-f93a-4ef1-b4a0-1ec4339521f3,54.66195,-136.88121,16.39118,5.67166,0.5229,-8.63063,-0.88235,5.82753,-6.54432,,,,,,,,,,,,,,,,,,,,,,,,,,,,,,,,,,,,,,,,,,,,,,,,,,,High,High,High,,,,,
291,2025-08-08,13:15:50.26,2,3,"Parra, Reinier",692017,Right,STA_YAN,"Isola, Alex",684576,Right,LAN,Undefined,9,Top,0,2,0,Undefined,Four-Seam,StrikeCalled,Undefined,Undefined,Undefined,0,0,,92.86736,-1.495847,-2.682747,2136.015942,221.384812,1:30,5.61374,0.83585,5.75744,-19.49867,13.34158,10.76701,2.59463,-0.76591,84.25256,-5.167377,-0.757145,0.412453,,,,,,,,,,,,-6.255,7.56634,-0.61981,50,5.47787,5.81623,-134.61022,-4.16861,-11.39402,31.18903,-18.39133,STA_YAN,LAN,StatenIslandYankees,Independent,ATL,20250808-StatenIslandYankees-1,54d43c40-747b-11f0-8056-7d20f596a496,91.38601,,,8.6148,,,,,,,74ae92c6-097b-4c67-a4fc-76e9cf9e5798,2025-08-08,17:15:50.26,2025-08-08T13:15:50.2608384-04:00,2025-08-08T17:15:50.2608384Z,,v3,586,1889,,"Martorano, Brandon",668785,Right,STA_YAN,89d4932f-a5fc-4c51-a9dd-4c8d21b008dd,54.73941,-135.7039,15.59451,5.61274,-3.5237,-9.19566,-0.83076,6.21577,-5.69701,,,,,,,,,,,,,,,,,,,,,,,,,,,,,,,,,,,,,,,,,,,,,,,,,,,High,High,High,,,,,
292,2025-08-08,13:16:08.45,2,4,"Parra, Reinier",692017,Right,STA_YAN,"Isola, Alex",684576,Right,LAN,Undefined,9,Top,0,2,1,Undefined,Sinker,BallCalled,Undefined,Undefined,Undefined,0,0,,93.10681,-1.291208,-3.642834,2161.35407,229.831722,1:45,5.51822,0.93332,5.85649,-19.59241,12.96603,14.05013,2.68322,-1.28497,84.49221,-4.98477,-1.128785,0.41068,,,,,,,,,,,,-8.19489,7.32595,-0.6452,50,5.40182,7.94779,-134.8877,-3.6918,-15.00956,30.95036,-18.75601,STA_YAN,LAN,StatenIslandYankees,Independent,ATL,20250808-StatenIslandYankees-1,5face090-747b-11f0-8056-7d20f596a496,91.78061,,,8.61459,,,,,,,74ae92c6-097b-4c67-a4fc-76e9cf9e5798,2025-08-08,17:16:08.45,2025-08-08T13:16:08.4549632-04:00,2025-08-08T17:16:08.4549632Z,,v3,586,1889,,"Martorano, Brandon",668785,Right,STA_YAN,4fdf38ef-79d6-4893-869b-cb5e5c1f84f2,54.64049,-135.9483,15.47518,5.51732,-3.04907,-9.37801,-0.92637,8.46214,-7.50478,,,,,,,,,,,,,,,,,,,,,,,,,,,,,,,,,,,,,,,,,,,,,,,,,,,High,High,High,,,,,
293,2025-08-08,13:16:27.55,2,5,"Parra, Reinier",692017,Right,STA_YAN,"Isola, Alex",684576,Right,LAN,Undefined,9,Top,0,3,1,Undefined,Four-Seam,FoulBallNotFieldable,Undefined,Undefined,Undefined,0,0,,93.15361,-0.974167,-2.156474,2252.848563,217.956317,1:15,5.57115,0.86735,5.63807,-17.03111,15.75241,11.40902,3.24235,-0.19465,84.34586,-4.205095,-0.11988,0.412097,70.38561,68.192473,158.801422,4963.574348,,,,,31.72545,,,-6.45768,8.61823,-0.69157,50,5.47774,4.56791,-135.08594,-2.85283,-11.82745,31.849,-16.38953,STA_YAN,LAN,StatenIslandYankees,Independent,ATL,20250808-StatenIslandYankees-1,6b2a0240-747b-11f0-8056-7d20f596a496,91.46503,64.21135,,8.80775,,,,1.79528,3.39586,0.20149,74ae92c6-097b-4c67-a4fc-76e9cf9e5798,2025-08-08,17:16:27.55,2025-08-08T13:16:27.5568128-04:00,2025-08-08T17:16:27.5568128Z,,v3,586,1889,,"Martorano, Brandon",668785,Right,STA_YAN,05936d37-5355-4a11-a63b-e47e1878749e,54.86007,-136.22697,15.9245,5.56943,-2.26566,-8.19476,-0.86281,4.99165,-5.91372,350.499309,1.79528,-35.75463,-3.91888,2.00667,-0.6175,0.26156,-0.22579,0.17205,-0.05649,3.39586,95.84448,-31.02818,4.28614,-0.94073,0.25283,-0.15771,0.10927,-0.03484,0.20149,13.86729,-2.73817,0.16416,0.03886,-0.03667,0.03528,-0.02751,0.00911,,,,,,,,,,,,,,,,,,,,,,,High,High,High,High,Undefined,,,
294,2025-08-08,13:16:50.10,2,6,"Parra, Reinier",692017,Right,STA_YAN,"Isola, Alex",684576,Right,LAN,Undefined,9,Top,0,3,2,Undefined,Four-Seam,InPlay,Undefined,FlyBall,Out,1,0,,92.83577,0.07809,-2.065328,2235.03855,215.292467,1:15,5.59868,0.92551,5.72368,-16.83198,15.85316,10.47812,4.2688,-0.12584,84.49338,-3.114724,-0.192251,0.411478,64.87197,51.616521,23.34575,4496.762323,96.99032,77.75848,51.89293,173.29986,169.70436,28.730385,4.562531,-5.93114,8.36099,-0.75966,50,5.59499,4.39101,-134.75486,-0.35517,-10.88111,29.90808,-16.83518,STA_YAN,LAN,StatenIslandYankees,Independent,ATL,20250808-StatenIslandYankees-1,789a1a50-747b-11f0-8056-7d20f596a496,91.60256,80.39958,,8.34239,,,,1.04205,4.36919,0.16904,74ae92c6-097b-4c67-a4fc-76e9cf9e5798,2025-08-08,17:16:50.10,2025-08-08T13:16:50.1079552-04:00,2025-08-08T17:16:50.1079552Z,Popup,v3,586,1889,,"Martorano, Brandon",668785,Right,STA_YAN,141c576c-12a7-4731-a12f-31b3a83f5fc5,54.77504,-135.81052,14.95404,5.59704,0.23906,-8.41759,-0.92142,4.77508,-5.44056,197.57195,1.04642,54.12691,-11.52019,2.20467,0.49995,-0.53656,0.17001,-0.02456,0.00136,4.36479,74.67523,-21.14624,2.17232,-0.67124,0.17042,-0.01796,-0.0007,0.00018,0.16823,23.42841,-1.50188,0.04716,-0.0225,0.02849,-0.00918,0.00121,-6E-05,,,,,,,,,,,,,,,,,,,,,,,High,High,High,High,Medium,,,
295,2025-08-08,13:17:31.36,3,1,"Parra, Reinier",692017,Right,STA_YAN,"Alexander, Evan",670116,Left,LAN,Undefined,9,Top,1,0,0,Undefined,Sinker,BallCalled,Undefined,Undefined,Undefined,0,0,,95.07872,-0.426796,-2.128839,2285.607369,230.4183,1:45,5.54891,1.03333,5.85621,-18.85265,12.34138,13.6417,3.58104,0.19131,86.09427,-3.989293,0.316669,0.401982,,,,,,,,,,,,-7.55363,6.74059,-0.86815,50,5.50333,4.49084,-137.92658,-1.66143,-14.43186,33.02094,-19.29557,STA_YAN,LAN,StatenIslandYankees,Independent,ATL,20250808-StatenIslandYankees-1,911cd270-747b-11f0-8056-7d20f596a496,93.76639,,,8.98445,,,,,,,74ae92c6-097b-4c67-a4fc-76e9cf9e5798,2025-08-08,17:17:31.36,2025-08-08T13:17:31.3622528-04:00,2025-08-08T17:17:31.3622528Z,,v3,586,1889,,"Martorano, Brandon",668785,Right,STA_YAN,dcccd56d-b179-4ead-bf74-15d34ce9b6e0,54.64042,-139.0331,16.51047,5.54817,-1.01484,-9.64778,-1.02674,4.97445,-7.21593,,,,,,,,,,,,,,,,,,,,,,,,,,,,,,,,,,,,,,,,,,,,,,,,,,,High,High,High,,,,,
296,2025-08-08,13:17:51.21,3,2,"Parra, Reinier",692017,Right,STA_YAN,"Alexander, Evan",670116,Left,LAN,Undefined,9,Top,1,1,0,Undefined,Curveball,StrikeSwinging,Undefined,Undefined,Undefined,0,0,,80.14836,1.792441,-0.020808,2053.858027,69.207765,8:15,5.41109,0.8952,5.47285,-47.43298,-2.96957,-11.68115,3.13626,-0.0977,73.01703,-6.886943,-2.102381,0.479924,,,,,,,,,,,,5.83681,-1.53311,-0.88536,50,5.5366,0.5203,-116.28233,1.98392,7.93406,23.27485,-34.25802,STA_YAN,LAN,StatenIslandYankees,Independent,ATL,20250808-StatenIslandYankees-1,9cfbea40-747b-11f0-8056-7d20f596a496,78.53828,,,7.13133,,,,,,,74ae92c6-097b-4c67-a4fc-76e9cf9e5798,2025-08-08,17:17:51.21,2025-08-08T13:17:51.2194048-04:00,2025-08-08T17:17:51.2194048Z,,v3,586,1889,,"Martorano, Brandon",668785,Right,STA_YAN,b57b8e82-aa7d-4239-b446-fb13407f5327,55.02593,-117.28399,11.63743,5.41949,3.45826,-17.12901,-0.9004,0.17884,3.96703,,,,,,,,,,,,,,,,,,,,,,,,,,,,,,,,,,,,,,,,,,,,,,,,,,,High,High,High,,,,,
297,2025-08-08,13:18:08.14,3,3,"Parra, Reinier",692017,Right,STA_YAN,"Alexander, Evan",670116,Left,LAN,Undefined,9,Top,1,1,1,Undefined,Sinker,InPlay,Undefined,GroundBall,FieldersChoice,1,0,,94.22447,-1.596081,-2.761507,2292.273414,232.941611,1:45,5.50706,0.84319,5.81703,-20.08163,11.68134,14.06005,2.34746,-0.55475,85.67558,-5.365255,-0.243601,0.405632,66.54565,-36.234172,23.878131,,,,,4.75962,2.23917,22.840069,0.040589,-8.0176,6.75,-0.62554,50,5.36442,5.9618,-136.64584,-4.5007,-15.0724,31.7204,-19.48462,STA_YAN,LAN,StatenIslandYankees,Independent,ATL,20250808-StatenIslandYankees-1,a718b8a0-747b-11f0-8056-7d20f596a496,92.92279,2.35052,,8.54888,,,,1.4534,2.35052,0.54909,74ae92c6-097b-4c67-a4fc-76e9cf9e5798,2025-08-08,17:18:08.14,2025-08-08T13:18:08.1461760-04:00,2025-08-08T17:18:08.1461760Z,GroundBall,v3,586,1889,,"Martorano, Brandon",668785,Right,STA_YAN,0fab1684-8734-44dd-94ce-401990b08479,54.6821,-137.72844,15.8602,5.50667,-3.83571,-9.74231,-0.83779,6.47621,-7.5362,,1.45161,72.26095,,,,,,,,2.35196,-57.90982,,,,,,,,0.5483,31.98865,,,,,,,,,,,,,,,,,,,,,,,,,,,,,,High,High,High,Estimated,Estimated,,,
298,2025-08-08,13:18:49.18,4,1,"Parra, Reinier",692017,Right,STA_YAN,"Schield, Slater",1000216204,Right,LAN,Undefined,9,Top,2,0,0,Undefined,Sinker,InPlay,Undefined,FlyBall,Out,1,0,,94.39529,-1.758153,-1.880617,2175.137622,224.710516,1:30,5.59106,0.78585,5.78201,-17.22627,14.28595,13.14442,2.51835,0.13086,86.22068,-5.005297,0.473288,0.404027,86.56138,25.951132,8.977037,3135.245945,107.55562,44.70402,23.05765,313.64913,304.36088,17.22717,4.039326,-7.24323,8.08465,-0.63879,50,5.43567,3.9068,-137.0167,-4.77897,-13.76039,30.4603,-16.81517,STA_YAN,LAN,StatenIslandYankees,Independent,ATL,20250808-StatenIslandYankees-1,bf950820-747b-11f0-8056-7d20f596a496,93.29178,53.04426,,8.1746,,,,1.00406,2.49987,-0.12606,74ae92c6-097b-4c67-a4fc-76e9cf9e5798,2025-08-08,17:18:49.18,2025-08-08T13:18:49.1899392-04:00,2025-08-08T17:18:49.1899392Z,LineDrive,v3,586,1889,,"Martorano, Brandon",668785,Right,STA_YAN,f907f63b-84f1-4b9b-8f0a-d6c49bff932f,54.71725,-138.06141,15.23015,5.58969,-4.20225,-8.40758,-0.78088,4.37875,-6.88019,219.852808,1.00486,112.7383,-18.52475,4.05825,-0.77473,0.13425,-0.02999,0.00599,-0.00049,2.49999,55.54951,-16.35869,0.41968,0.28731,-0.201,0.07223,-0.01258,0.00083,-0.12605,17.8124,4.43992,-1.96786,0.6081,-0.14755,0.02845,-0.00355,0.00019,,,,,,,,,,,,,,,,,,,,,,,High,High,High,High,High,,,
299,2025-08-08,13:21:30.22,1,1,"Engler, Scott",670081,Right,LAN,"Maggi, Drew",543482,Right,STA_YAN,Undefined,9,Bottom,0,0,0,Undefined,Cutter,BallCalled,Undefined,Undefined,Undefined,0,0,,91.45958,-1.501685,-3.098213,2421.835085,161.460878,11:30,6.36607,2.09939,6.38907,-19.42186,13.71757,-4.22166,3.36398,-1.10495,83.01051,-5.196193,-3.860907,0.414328,,,,,,,,,,,,1.24051,7.94926,-1.87474,50,6.24892,7.3525,-132.62466,-4.04071,2.18752,30.99802,-18.15646,STA_YAN,LAN,StatenIslandYankees,Independent,ATL,20250808-StatenIslandYankees-1,1f95c0c0-747c-11f0-8056-7d20f596a496,90.97252,,,8.44908,,,,,,,74ae92c6-097b-4c67-a4fc-76e9cf9e5798,2025-08-08,17:21:30.22,2025-08-08T13:21:30.2278656-04:00,2025-08-08T17:21:30.2278656Z,,v3,586,1889,,"Isola, Alex",684576,Right,LAN,177f17ad-cf55-4bd7-8e01-02bd11a0f11a,54.10745,-133.58123,15.49901,6.36497,-3.48041,-9.07823,-2.1006,7.28499,1.09376,,,,,,,,,,,,,,,,,,,,,,,,,,,,,,,,,,,,,,,,,,,,,,,,,,,High,High,High,,,,,
300,2025-08-08,13:21:45.80,1,2,"Engler, Scott",670081,Right,LAN,"Maggi, Drew",543482,Right,STA_YAN,Undefined,9,Bottom,0,1,0,Undefined,Slider,InPlay,Undefined,Popup,Out,1,0,,83.00541,-0.149127,-2.179965,2652.552487,66.822424,8:15,6.26231,2.09026,5.60015,-40.63912,0.51618,-1.88347,2.73639,-0.10284,76.00108,-7.591192,-2.516233,0.461726,72.79961,69.650982,35.276068,,,,,82.16419,43.1329,47.30199,5.373536,0.3263,0.64831,-1.9022,50,6.22295,4.66071,-120.46335,-1.71511,0.47723,24.42324,-31.22585,STA_YAN,LAN,StatenIslandYankees,Independent,ATL,20250808-StatenIslandYankees-1,28dc5360-747c-11f0-8056-7d20f596a496,81.63379,121.14627,,7.00432,,,,1.579,3.44545,-0.5069,74ae92c6-097b-4c67-a4fc-76e9cf9e5798,2025-08-08,17:21:45.80,2025-08-08T13:21:45.8076160-04:00,2025-08-08T17:21:45.8076160Z,Popup,v3,586,1889,,"Isola, Alex",684576,Right,LAN,3c9a8f02-aa04-47f3-8230-92896ae69215,54.89992,-121.45271,12.21162,6.26681,-0.45017,-15.61293,-2.09061,4.64138,0.23862,185.972696,1.57115,30.44942,-14.26289,5.48098,-1.68611,0.42052,-0.07127,0.00675,-0.00026,3.42991,100.42443,-27.37692,4.79585,-2.03819,0.7453,-0.16827,0.01978,-0.00093,-0.50782,21.45064,-6.025,1.80443,-0.351,0.03396,0.0024,-0.00097,7E-05,,,,,,,,,,,,,,,,,,,,,,,High,High,High,Low,Low,,,
301,2025-08-08,13:22:20.95,2,1,"Engler, Scott",670081,Right,LAN,"Rodriguez, Cristhian",682725,Left,STA_YAN,Undefined,9,Bottom,1,0,0,Undefined,Cutter,StrikeCalled,Undefined,Undefined,Undefined,0,0,,91.46107,-2.640089,-2.765286,2417.305736,167.140601,11:30,6.30987,2.14016,6.36074,-16.95265,16.04481,-3.41717,2.46292,-0.69148,83.53589,-5.868544,-3.382737,0.413439,,,,,,,,,,,,0.9863,9.46276,-1.93836,50,6.11042,6.54516,-132.66501,-6.59578,1.75096,29.40766,-15.37496,STA_YAN,LAN,StatenIslandYankees,Independent,ATL,20250808-StatenIslandYankees-1,3dcfca40-747c-11f0-8056-7d20f596a496,91.16804,,,7.92517,,,,,,,74ae92c6-097b-4c67-a4fc-76e9cf9e5798,2025-08-08,17:22:20.95,2025-08-08T13:22:20.9517568-04:00,2025-08-08T17:22:20.9517568Z,,v3,586,1889,,"Isola, Alex",684576,Right,LAN,386eef78-f9e9-4a97-b2f4-0c01f30d04e8,54.13779,-133.57908,14.70383,6.308,-6.11788,-7.68748,-2.14096,6.49074,0.87548,,,,,,,,,,,,,,,,,,,,,,,,,,,,,,,,,,,,,,,,,,,,,,,,,,,High,High,High,,,,,
302,2025-08-08,13:22:36.71,2,2,"Engler, Scott",670081,Right,LAN,"Rodriguez, Cristhian",682725,Left,STA_YAN,Undefined,9,Bottom,1,0,1,Undefined,Cutter,InPlay,Undefined,GroundBall,Single,0,0,,91.07698,-2.436441,-2.301454,2449.195512,166.24802,11:30,6.32994,2.04545,6.13636,-19.34166,14.13981,-3.19752,2.46316,-0.3492,83.32725,-6.081032,-2.877321,0.41646,108.86438,7.338145,19.279301,1877.597767,,,,135.85249,132.47779,20.95445,0.97202,1.00799,8.33973,-1.86814,50,6.1338,5.442,-132.15663,-6.21846,1.77858,28.77066,-17.45882,STA_YAN,LAN,StatenIslandYankees,Independent,ATL,20250808-StatenIslandYankees-1,47307490-747c-11f0-8056-7d20f596a496,90.50669,6.58362,,7.74973,,,,2.15187,2.55479,0.31983,74ae92c6-097b-4c67-a4fc-76e9cf9e5798,2025-08-08,17:22:36.71,2025-08-08T13:22:36.7113728-04:00,2025-08-08T17:22:36.7113728Z,GroundBall,v3,586,1889,,"Isola, Alex",684576,Right,LAN,96ca7167-3600-47db-8985-127020a9abfe,54.36281,-133.10303,14.38533,6.32891,-5.64416,-8.72941,-2.04619,5.3835,0.88929,319.131138,2.15187,149.47921,-24.57446,3.38104,-0.50648,-0.16408,0.2706,-0.16052,0.03833,2.55479,20.394,-27.61533,4.88213,-0.8856,-0.24995,0.52262,-0.32474,0.07856,0.31984,52.28579,-1.52145,-1.54942,0.29034,0.2821,-0.43727,0.26604,-0.06411,,,,,,,,,,,,,,,,,,,,,,,High,High,High,High,High,,,
303,2025-08-08,13:23:12.45,3,1,"Engler, Scott",670081,Right,LAN,"Johnson, Kolby",815259,Right,STA_YAN,Undefined,9,Bottom,1,0,0,Undefined,Slider,StrikeCalled,Undefined,Undefined,Undefined,0,0,,81.83697,-0.562873,-2.797509,2697.132429,57.575023,8:00,6.21056,2.30323,5.72387,-44.33884,-1.57917,-4.91177,1.99075,-0.71381,74.17065,-8.699083,-3.676136,0.47064,,,,,,,,,,,,1.56413,-0.15,-2.06647,50,6.13651,5.9897,-118.55014,-2.66866,2.18451,26.59942,-32.38356,STA_YAN,LAN,StatenIslandYankees,Independent,ATL,20250808-StatenIslandYankees-1,5c8879a0-747c-11f0-8056-7d20f596a496,80.08768,,,7.66632,,,,,,,74ae92c6-097b-4c67-a4fc-76e9cf9e5798,2025-08-08,17:23:12.45,2025-08-08T13:23:12.4533760-04:00,2025-08-08T17:23:12.4533760Z,,v3,586,1889,,"Isola, Alex",684576,Right,LAN,e494e5ce-d1d2-4a4d-b174-8f6fcba80fa6,54.77351,-119.61639,13.29971,6.21746,-1.37055,-16.19178,-2.30481,5.90213,1.09225,,,,,,,,,,,,,,,,,,,,,,,,,,,,,,,,,,,,,,,,,,,,,,,,,,,High,High,High,,,,,
304,2025-08-08,13:23:30.59,3,2,"Engler, Scott",670081,Right,LAN,"Johnson, Kolby",815259,Right,STA_YAN,Undefined,9,Bottom,1,0,1,Undefined,Changeup,StrikeSwinging,Undefined,Undefined,Undefined,0,0,,89.73642,-2.397292,-2.335359,1578.398303,257.954538,2:30,6.27565,2.22445,5.69536,-31.59592,3.42288,10.86926,1.40542,0.95266,82.44277,-8.187788,-0.389365,0.425914,,,,,,,,,,,,-6.23099,2.71213,-2.03532,50,6.05416,4.84884,-130.17997,-6.5997,-10.68469,27.51807,-27.52338,STA_YAN,LAN,StatenIslandYankees,Independent,ATL,20250808-StatenIslandYankees-1,674f43a0-747c-11f0-8056-7d20f596a496,88.49776,,,7.29365,,,,,,,74ae92c6-097b-4c67-a4fc-76e9cf9e5798,2025-08-08,17:23:30.59,2025-08-08T13:23:30.5948672-04:00,2025-08-08T17:23:30.5948672Z,,v3,586,1889,,"Isola, Alex",684576,Right,LAN,2edb89e6-7cc5-4310-880a-507af705dd95,54.80531,-131.19181,13.75904,6.27822,-5.58766,-13.76169,-2.22084,5.24171,-5.34234,,,,,,,,,,,,,,,,,,,,,,,,,,,,,,,,,,,,,,,,,,,,,,,,,,,High,High,High,,,,,
305,2025-08-08,13:24:06.07,3,3,"Engler, Scott",670081,Right,LAN,"Johnson, Kolby",815259,Right,STA_YAN,Undefined,9,Bottom,1,0,2,Undefined,Cutter,FoulBallNotFieldable,Undefined,Undefined,Undefined,0,0,,91.71756,-1.237575,-2.315827,2443.977772,171.642614,11:45,6.24067,2.07889,6.22705,-20.56336,12.34808,-1.65776,3.38411,-0.19708,83.67991,-5.120261,-2.614894,0.4129,94.60007,40.178313,96.635164,4432.407785,,,,,78.88047,,,0.19154,7.08512,-1.90502,50,6.13787,5.45353,-133.16081,-3.51353,0.34256,29.63143,-19.50183,STA_YAN,LAN,StatenIslandYankees,Independent,ATL,20250808-StatenIslandYankees-1,7c76c2d0-747c-11f0-8056-7d20f596a496,91.2871,75.07986,,8.03765,,,,,,,74ae92c6-097b-4c67-a4fc-76e9cf9e5798,2025-08-08,17:24:06.07,2025-08-08T13:24:06.0791296-04:00,2025-08-08T17:24:06.0791296Z,,v3,586,1889,,"Isola, Alex",684576,Right,LAN,8a4a7329-2e75-4573-9c31-f3b6ecfff36b,54.27132,-134.10792,14.81571,6.24021,-2.89019,-9.75092,-2.07915,5.44258,0.17128,,2.24854,-12.24888,-0.67765,0.80795,-0.356,0.12439,-0.0376,0.00894,-0.00118,5.43655,89.51491,-18.70271,-0.49881,0.90809,-0.41887,0.14134,-0.03527,0.00479,-0.0433,105.29791,-33.6972,10.32984,-2.70978,0.6751,-0.16068,0.03229,-0.00385,,,,,,,,,,,,,,,,,,,,,,,High,High,High,Low,Undefined,,,
306,2025-08-08,13:24:30.58,3,4,"Engler, Scott",670081,Right,LAN,"Johnson, Kolby",815259,Right,STA_YAN,Undefined,9,Bottom,1,0,2,Undefined,Slider,StrikeSwinging,Strikeout,Undefined,Undefined,0,0,,83.35599,-1.191222,-2.975605,2795.905221,48.922043,7:45,6.22505,2.17459,5.83218,-43.69943,-3.07685,-5.04217,1.47451,-1.01398,76.46066,-9.17718,-3.879515,0.458728,,,,,,,,,,,,1.69878,-0.86843,-1.92855,50,6.10181,6.48094,-120.89999,-3.99706,2.49457,25.3045,-33.44929,STA_YAN,LAN,StatenIslandYankees,Independent,ATL,20250808-StatenIslandYankees-1,8b174490-747c-11f0-8056-7d20f596a496,82.16732,,,6.89534,,,,,,,74ae92c6-097b-4c67-a4fc-76e9cf9e5798,2025-08-08,17:24:30.58,2025-08-08T13:24:30.5838080-04:00,2025-08-08T17:24:30.5838080Z,,v3,586,1889,,"Isola, Alex",684576,Right,LAN,d43d2912-0b5c-48fa-93ab-fd97383cb693,54.66816,-121.87312,12.65225,6.23079,-2.71071,-16.72465,-2.17594,6.38501,1.24729,,,,,,,,,,,,,,,,,,,,,,,,,,,,,,,,,,,,,,,,,,,,,,,,,,,High,High,High,,,,,
307,2025-08-08,13:25:03.92,4,1,"Engler, Scott",670081,Right,LAN,"Brown, Vaun",673901,Right,STA_YAN,Undefined,9,Bottom,2,0,0,Undefined,Slider,InPlay,Undefined,Popup,Out,1,0,,82.68901,-0.823665,-2.187287,2789.65974,38.760418,7:15,6.25321,2.19622,5.56585,-43.98183,-2.77473,-3.20197,1.818,-0.11491,76.5215,-8.815363,-2.759135,0.462016,95.98736,-20.071412,-46.979786,,,,,7.10874,7.10874,-36.671611,0.045941,1.04894,-0.87705,-2.0053,50,6.15278,4.71362,-120.10292,-3.26439,1.53745,22.50628,-33.45954,STA_YAN,LAN,StatenIslandYankees,Independent,ATL,20250808-StatenIslandYankees-1,9efb9560-747c-11f0-8056-7d20f596a496,81.58248,2.22326,,6.16751,,,,1.55036,2.22326,0.2031,74ae92c6-097b-4c67-a4fc-76e9cf9e5798,2025-08-08,17:25:03.92,2025-08-08T13:25:03.9249920-04:00,2025-08-08T17:25:03.9249920Z,GroundBall,v3,586,1889,,"Isola, Alex",684576,Right,LAN,ffa6a061-6ef6-4b68-a94b-ed1eea915eed,54.93578,-121.02431,11.25314,6.25838,-1.89459,-16.72977,-2.19698,4.65068,0.76873,180,1.54927,90.363,,,,,,,,2.22385,-48.3939,,,,,,,,0.20427,-96.83394,,,,,,,,,,,,,,,,,,,,,,,,,,,,,,High,High,High,Low,Low,,,