PitchNo,Date,Time,PAofInning,PitchofPA,Pitcher,PitcherId,PitcherThrows,PitcherTeam,Batter,BatterId,BatterSide,BatterTeam,PitcherSet,Inning,Top/Bottom,Outs,Balls,Strikes,TaggedPitchType,AutoPitchType,PitchCall,KorBB,TaggedHitType,PlayResult,OutsOnPlay,RunsScored,Notes,RelSpeed,VertRelAngle,HorzRelAngle,SpinRate,SpinAxis,Tilt,RelHeight,RelSide,Extension,VertBreak,InducedVertBreak,HorzBreak,PlateLocHeight,PlateLocSide,ZoneSpeed,VertApprAngle,HorzApprAngle,ZoneTime,ExitSpeed,Angle,Direction,HitSpinRate,PositionAt110X,PositionAt110Y,PositionAt110Z,Distance,LastTrackedDistance,Bearing,HangTime,pfxx,pfxz,x0,y0,z0,vx0,vy0,vz0,ax0,ay0,az0,HomeTeam,AwayTeam,Stadium,Level,League,GameID,PitchUID,EffectiveVelo,MaxHeight,MeasuredDuration,SpeedDrop,PitchLastMeasuredX,PitchLastMeasuredY,PitchLastMeasuredZ,ContactPositionX,ContactPositionY,ContactPositionZ,GameUID,UTCDate,UTCTime,LocalDateTime,UTCDateTime,AutoHitType,System,HomeTeamForeignID,AwayTeamForeignID,GameForeignID,Catcher,CatcherId,CatcherThrows,CatcherTeam,PlayID,PitchTrajectoryXc0,PitchTrajectoryXc1,PitchTrajectoryXc2,PitchTrajectoryYc0,PitchTrajectoryYc1,PitchTrajectoryYc2,PitchTrajectoryZc0,PitchTrajectoryZc1,PitchTrajectoryZc2,HitSpinAxis,HitTrajectoryXc0,HitTrajectoryXc1,HitTrajectoryXc2,HitTrajectoryXc3,HitTrajectoryXc4,HitTrajectoryXc5,HitTrajectoryXc6,HitTrajectoryXc7,HitTrajectoryXc8,HitTrajectoryYc0,HitTrajectoryYc1,HitTrajectoryYc2,HitTrajectoryYc3,HitTrajectoryYc4,HitTrajectoryYc5,HitTrajectoryYc6,HitTrajectoryYc7,HitTrajectoryYc8,HitTrajectoryZc0,HitTrajectoryZc1,HitTrajectoryZc2,HitTrajectoryZc3,HitTrajectoryZc4,HitTrajectoryZc5,HitTrajectoryZc6,HitTrajectoryZc7,HitTrajectoryZc8,ThrowSpeed,PopTime,ExchangeTime,TimeToBase,CatchPositionX,CatchPositionY,CatchPositionZ,ThrowPositionX,ThrowPositionY,ThrowPositionZ,BasePositionX,BasePositionY,BasePositionZ,ThrowTrajectoryXc0,ThrowTrajectoryXc1,ThrowTrajectoryXc2,ThrowTrajectoryYc0,ThrowTrajectoryYc1,ThrowTrajectoryYc2,ThrowTrajectoryZc0,ThrowTrajectoryZc1,ThrowTrajectoryZc2,PitchReleaseConfidence,PitchLocationConfidence,PitchMovementConfidence,HitLaunchConfidence,HitLandingConfidence,CatcherThrowCatchConfidence,CatcherThrowReleaseConfidence,CatcherThrowLocationConfidence
1,2025-09-25,19:00:57.20,1,1,"Bonta-Smith, Fin Del",1000447530,Right,HP,"Long, Shed",643418,Left,GAS,Undefined,1,Top,0,0,0,FourSeamFastBall,Four-Seam,FoulBallNotFieldable,Undefined,Undefined,Undefined,0,0,,91.31513,-0.615874,-3.103555,2144.23627,212.914558,1:00,5.29388,1.66605,6.10003,-17.05469,16.26666,9.83784,3.3022,-0.38729,83.24025,-3.868551,-1.334608,0.415464,,,,,,,,,,,,-5.90453,8.86619,-1.43194,50,5.23729,6.76014,-132.49507,-1.91895,-10.48835,28.50111,-16.42483,HP,GAS,HighPoint,Independent,ATL,20250925-HighPoint-1,7eee4670-9a63-11f0-b2ef-f50b1063f050,90.72382,,,8.07489,,,,,,,140c42c3-e7fe-494f-8443-25f5b0d89000,2025-09-25,23:00:57.20,2025-09-25T19:00:57.2046336-04:00,2025-09-25T23:00:57.2046336Z,,v3,5431,5508,,"Napleton, Luke",813847,Right,HP,54aa6f99-83f1-4760-9209-f302b0b25013,54.39742,-133.43765,14.25055,5.29177,-1.37575,-8.21242,-1.66125,7.10701,-5.24417,,,,,,,,,,,,,,,,,,,,,,,,,,,,,,,,,,,,,,,,,,,,,,,,,,,High,High,High,,,,,
2,2025-09-25,19:01:34.11,1,2,"Bonta-Smith, Fin Del",1000447530,Right,HP,"Long, Shed",643418,Left,GAS,Undefined,1,Top,0,0,1,ChangeUp,Changeup,BallCalled,Undefined,Undefined,Undefined,0,0,,85.03733,0.36503,-1.988532,1484.176937,274.256436,3:15,5.21453,1.80924,6.39415,-37.81305,0.03406,15.22186,2.39938,1.2481,78.02593,-6.668414,0.771365,0.44278,,,,,,,,,,,,-8.47591,0.29386,-1.6729,50,5.22371,3.71718,-123.64397,-0.4025,-13.11792,24.70907,-31.71924,HP,GAS,HighPoint,Independent,ATL,20250925-HighPoint-1,94f1f4d0-9a63-11f0-b2ef-f50b1063f050,85.12683,,,7.01141,,,,,,,140c42c3-e7fe-494f-8443-25f5b0d89000,2025-09-25,23:01:34.11,2025-09-25T19:01:34.1136896-04:00,2025-09-25T23:01:34.1136896Z,,v3,5431,5508,,"Napleton, Luke",813847,Right,HP,70924324-ec3d-4830-974c-f88c72170b22,54.10663,-124.46193,12.35453,5.21966,0.64753,-15.85962,-1.80314,4.15144,-6.55896,,,,,,,,,,,,,,,,,,,,,,,,,,,,,,,,,,,,,,,,,,,,,,,,,,,High,High,High,,,,,
3,2025-09-25,19:01:50.84,1,3,"Bonta-Smith, Fin Del",1000447530,Right,HP,"Long, Shed",643418,Left,GAS,Undefined,1,Top,0,1,1,Cutter,Slider,StrikeCalled,Undefined,Undefined,Undefined,0,0,,85.59171,0.199249,-1.265267,1877.0441,135.871401,10:30,5.38962,1.8161,6.04735,-34.316,3.49394,-2.27165,2.71446,0.45525,78.58555,-6.158381,-1.674314,0.442562,,,,,,,,,,,,0.81913,2.12323,-1.71643,50,5.38684,2.83844,-124.39219,-0.70255,1.28551,24.57626,-28.84192,HP,GAS,HighPoint,Independent,ATL,20250925-HighPoint-1,9eed0a60-9a63-11f0-b2ef-f50b1063f050,85.1687,,,7.00615,,,,,,,140c42c3-e7fe-494f-8443-25f5b0d89000,2025-09-25,23:01:50.84,2025-09-25T19:01:50.8462592-04:00,2025-09-25T23:01:50.8462592Z,,v3,5431,5508,,"Napleton, Luke",813847,Right,HP,563c715f-fb81-4681-a945-b49dad9d33e8,54.45145,-125.26857,12.28813,5.39355,0.32596,-14.42096,-1.81683,2.7926,0.64276,,,,,,,,,,,,,,,,,,,,,,,,,,,,,,,,,,,,,,,,,,,,,,,,,,,High,High,High,,,,,
4,2025-09-25,19:02:09.98,1,4,"Bonta-Smith, Fin Del",1000447530,Right,HP,"Long, Shed",643418,Left,GAS,Undefined,1,Top,0,1,2,ChangeUp,Changeup,BallCalled,Undefined,Undefined,Undefined,0,0,,86.14453,-1.451421,-2.088003,1704.61457,256.109253,2:30,5.34649,1.78573,6.27592,-32.88482,4.21898,12.36233,1.26701,0.89038,79.12284,-7.559731,0.149227,0.43841,,,,,,,,,,,,-7.00481,2.96067,-1.63719,50,5.22335,4.08553,-125.15623,-4.2169,-11.104,25.40055,-27.48083,HP,GAS,HighPoint,Independent,ATL,20250925-HighPoint-1,aa5607d0-9a63-11f0-b2ef-f50b1063f050,85.97529,,,7.02169,,,,,,,140c42c3-e7fe-494f-8443-25f5b0d89000,2025-09-25,23:02:09.98,2025-09-25T19:02:09.9884544-04:00,2025-09-25T23:02:09.9884544Z,,v3,5431,5508,,"Napleton, Luke",813847,Right,HP,2306abdb-c5b3-48a8-8f03-7f75fcb2b65f,54.22402,-126.01058,12.70028,5.34964,-3.29258,-13.74041,-1.78089,4.45901,-5.552,,,,,,,,,,,,,,,,,,,,,,,,,,,,,,,,,,,,,,,,,,,,,,,,,,,High,High,High,,,,,
5,2025-09-25,19:02:27.35,1,5,"Bonta-Smith, Fin Del",1000447530,Right,HP,"Long, Shed",643418,Left,GAS,Undefined,1,Top,0,2,2,FourSeamFastBall,Four-Seam,InPlay,Undefined,FlyBall,Out,1,0,,93.35942,-0.949351,-2.396996,2248.703889,223.817595,1:30,5.41673,1.45011,5.88845,-17.2956,14.78922,13.20887,3.09306,0.32382,85.18706,-4.22402,-0.028342,0.407682,82.8104,54.880001,-27.886703,,87.14621,119.49259,-67.12329,240.37207,87.83316,-43.060007,5.606137,-7.46174,8.15276,-1.26455,50,5.33023,5.09571,-135.53879,-2.8005,-13.86836,29.86632,-17.02135,HP,GAS,HighPoint,Independent,ATL,20250925-HighPoint-1,b4a86520-9a63-11f0-b2ef-f50b1063f050,92.45556,124.32357,,8.17235,,,,0.81915,3.61032,-0.56383,140c42c3-e7fe-494f-8443-25f5b0d89000,2025-09-25,23:02:27.35,2025-09-25T19:02:27.3544192-04:00,2025-09-25T23:02:27.3544192Z,FlyBall,v3,5431,5508,,"Napleton, Luke",813847,Right,HP,be14b4b8-de25-4fb3-9106-fcee1d62ccc3,54.6114,-136.55114,14.93316,5.41537,-2.22355,-8.51068,-1.44524,5.56579,-6.93418,152.209621,0.83342,61.44977,-14.48988,2.08713,0.81643,-0.56945,0.14392,-0.01702,0.00078,3.59712,99.55972,-25.73251,3.55178,-0.9336,0.16281,-0.00761,-0.00165,0.00017,-0.5541,-32.86746,0.40487,-0.47783,0.62269,-0.29118,0.06742,-0.00772,0.00035,,,,,,,,,,,,,,,,,,,,,,,High,High,High,Medium,Low,,,
6,2025-09-25,19:03:09.26,2,1,"Bonta-Smith, Fin Del",1000447530,Right,HP,"Wylie, Justin",687045,Right,GAS,Undefined,1,Top,1,0,0,Cutter,Slider,BallCalled,Undefined,Undefined,Undefined,0,0,,84.10234,2.296503,0.765107,1964.795934,127.289386,10:15,5.45504,1.64377,6.28152,-35.09443,4.00158,-3.59681,4.64849,2.04927,76.46389,-4.268508,0.11513,0.450026,,,,,,,,,,,,2.07622,1.82099,-1.69862,50,5.60788,-1.4908,-122.10939,3.80607,3.11961,25.13195,-29.43795,HP,GAS,HighPoint,Independent,ATL,20250925-HighPoint-1,cdaf4160-9a63-11f0-b2ef-f50b1063f050,83.75615,,,7.63845,,,,,,,140c42c3-e7fe-494f-8443-25f5b0d89000,2025-09-25,23:03:09.26,2025-09-25T19:03:09.2640768-04:00,2025-09-25T23:03:09.2640768Z,,v3,5431,5508,,"Napleton, Luke",813847,Right,HP,80b48cb6-a10c-48a0-ba97-b65ed53be41e,54.21603,-122.97405,12.56597,5.45951,4.81888,-14.71897,-1.64548,-1.59813,1.55981,,,,,,,,,,,,,,,,,,,,,,,,,,,,,,,,,,,,,,,,,,,,,,,,,,,High,High,High,,,,,
7,2025-09-25,19:03:31.74,2,2,"Bonta-Smith, Fin Del",1000447530,Right,HP,"Wylie, Justin",687045,Right,GAS,Undefined,1,Top,1,1,0,FourSeamFastBall,Four-Seam,StrikeCalled,Undefined,Undefined,Undefined,0,0,,93.45553,-2.159646,-3.158649,2229.09126,207.518673,1:00,5.45069,1.37129,5.94597,-14.34591,17.73847,8.69186,2.24803,-0.83715,85.15055,-4.906711,-1.600405,0.407679,,,,,,,,,,,,-5.3415,10.01768,-1.12439,50,5.27032,7.09003,-135.46929,-5.52877,-9.90475,30.19148,-13.59824,HP,GAS,HighPoint,Independent,ATL,20250925-HighPoint-1,db0ce2e0-9a63-11f0-b2ef-f50b1063f050,92.45619,,,8.30498,,,,,,,140c42c3-e7fe-494f-8443-25f5b0d89000,2025-09-25,23:03:31.74,2025-09-25T19:03:31.7485568-04:00,2025-09-25T23:03:31.7485568Z,,v3,5431,5508,,"Napleton, Luke",813847,Right,HP,f125211a-772d-455b-b37c-06c7987a9cae,54.55209,-136.48003,15.09574,5.44779,-5.07354,-6.79912,-1.36729,7.42162,-4.95238,,,,,,,,,,,,,,,,,,,,,,,,,,,,,,,,,,,,,,,,,,,,,,,,,,,High,High,High,,,,,
8,2025-09-25,19:03:50.97,2,3,"Bonta-Smith, Fin Del",1000447530,Right,HP,"Wylie, Justin",687045,Right,GAS,Undefined,1,Top,1,1,1,Cutter,Slider,StrikeSwinging,Undefined,Undefined,Undefined,0,0,,85.88719,-0.880821,-1.529545,1972.920522,47.082632,7:30,5.31774,1.72639,6.22963,-36.19061,0.70843,-0.30839,1.48886,0.28921,79.9196,-7.551471,-1.585313,0.437199,,,,,,,,,,,,-0.20969,0.90622,-1.61203,50,5.23402,3.34907,-124.984,-3.10151,-0.33588,22.18745,-30.72237,HP,GAS,HighPoint,Independent,ATL,20250925-HighPoint-1,e68c7590-9a63-11f0-b2ef-f50b1063f050,86.21352,,,5.9676,,,,,,,140c42c3-e7fe-494f-8443-25f5b0d89000,2025-09-25,23:03:50.97,2025-09-25T19:03:50.9715968-04:00,2025-09-25T23:03:50.9715968Z,,v3,5431,5508,,"Napleton, Luke",813847,Right,HP,89df18cc-f1dd-4048-9c50-04380ade8b51,54.27163,-125.74002,11.09372,5.32186,-2.05466,-15.36118,-1.72634,3.36052,-0.16794,,,,,,,,,,,,,,,,,,,,,,,,,,,,,,,,,,,,,,,,,,,,,,,,,,,High,High,High,,,,,
9,2025-09-25,19:04:20.70,2,4,"Bonta-Smith, Fin Del",1000447530,Right,HP,"Wylie, Justin",687045,Right,GAS,Undefined,1,Top,1,1,2,FourSeamFastBall,Four-Seam,FoulBallNotFieldable,Undefined,Undefined,Undefined,0,0,,94.19787,-2.025756,-3.441877,2328.176656,213.711233,1:00,5.42904,1.4277,6.03555,-15.6343,15.85816,9.88882,2.2462,-0.93919,85.80629,-5.005869,-1.666588,0.403901,73.47273,35.165884,119.779364,4848.955793,,,,,46.97968,,,-6.06528,9.04745,-1.16401,50,5.26209,7.77707,-136.5429,-5.30744,-11.41972,30.82238,-15.13954,HP,GAS,HighPoint,Independent,ATL,20250925-HighPoint-1,f83925e0-9a63-11f0-b2ef-f50b1063f050,93.32108,30.14459,,8.39159,,,,-0.33802,2.10144,1.00392,140c42c3-e7fe-494f-8443-25f5b0d89000,2025-09-25,23:04:20.70,2025-09-25T19:04:20.7008256-04:00,2025-09-25T23:04:20.7008256Z,,v3,5431,5508,,"Napleton, Luke",813847,Right,HP,0ea887b4-d705-4e11-857e-f99c1f39c7fa,54.46294,-137.54665,15.41119,5.4269,-4.81441,-7.56977,-1.42333,8.14896,-5.70986,298.785276,-0.33802,-43.75213,-2.08805,0.81557,0.14913,-1.30487,3.04664,-3.44437,1.53103,2.10144,62.06374,-22.04998,2.38013,0.00653,-1.71654,4.09541,-4.6251,2.05161,1.00392,76.45925,-12.59807,0.71581,0.02536,-0.72859,1.64191,-1.80942,0.78752,,,,,,,,,,,,,,,,,,,,,,,High,High,High,High,Undefined,,,
10,2025-09-25,19:04:46.51,2,5,"Bonta-Smith, Fin Del",1000447530,Right,HP,"Wylie, Justin",687045,Right,GAS,Undefined,1,Top,1,1,2,Cutter,Slider,StrikeSwinging,Strikeout,Undefined,Undefined,0,0,,86.7154,-1.371029,-2.692785,1961.199095,83.050114,8:45,5.45791,1.52974,6.08731,-36.42238,0.81571,-3.51768,1.15276,-1.25628,79.15501,-8.094935,-3.326352,0.439203,,,,,,,,,,,,0.98469,1.24504,-1.3201,50,5.33315,6.0581,-125.77359,-4.24151,1.56257,27.73869,-30.19836,HP,GAS,HighPoint,Independent,ATL,20250925-HighPoint-1,07a02bf0-9a64-11f0-b2ef-f50b1063f050,85.8201,,,7.5604,,,,,,,140c42c3-e7fe-494f-8443-25f5b0d89000,2025-09-25,23:04:46.51,2025-09-25T19:04:46.5170000-04:00,2025-09-25T23:04:46.5170000Z,,v3,5431,5508,,"Napleton, Luke",813847,Right,HP,766b3102-2289-4dd2-a862-f93d73f56fd8,54.41069,-126.74261,13.86935,5.46289,-3.18657,-15.09918,-1.53077,6.00351,0.78128,,,,,,,,,,,,,,,,,,,,,,,,,,,,,50.31966,2.783736,1.259469,1.524268,-1.49972,0.72672,1.42668,-3.78806,5.61775,3.05494,70.68115,8.53062,-54.26927,-3.68301,53.59166,-3.14783,5.77579,24.83234,-15.09473,2.95807,-41.68118,2.70995,High,High,High,,,High,Medium,High
11,2025-09-25,19:05:18.65,3,1,"Bonta-Smith, Fin Del",1000447530,Right,HP,"Roederer, Cole",680711,Left,GAS,Undefined,1,Top,2,0,0,Cutter,Cutter,InPlay,Undefined,LineDrive,Single,0,0,,90.78075,-0.375038,-2.226005,2128.865124,189.584075,12:15,5.35428,1.57193,6.5565,-23.67112,9.47756,1.42059,3.03756,-0.35172,82.79901,-4.852581,-1.968053,0.414385,86.30337,15.64941,-5.874539,2448.94951,108.69098,20.30063,-16.91799,216.34517,216.34517,-12.468028,2.278171,-1.4074,5.39646,-1.41897,50,5.31823,5.07514,-131.94154,-1.56651,-2.46847,29.39659,-22.70922,HP,GAS,HighPoint,Independent,ATL,20250925-HighPoint-1,1abcbff0-9a64-11f0-b2ef-f50b1063f050,90.95985,20.32217,,7.98175,,,,0.72229,2.90763,0.37287,140c42c3-e7fe-494f-8443-25f5b0d89000,2025-09-25,23:05:18.65,2025-09-25T19:05:18.6502144-04:00,2025-09-25T23:05:18.6502144Z,LineDrive,v3,5431,5508,,"Napleton, Luke",813847,Right,HP,ceb585ab-04a5-41e2-bdce-b7243cdc8761,53.94413,-132.81739,14.6983,5.35482,-0.88991,-11.35461,-1.57127,5.14868,-1.23423,113.012208,0.72229,121.24569,-18.31893,3.71306,-0.79399,0.16398,-0.03126,0.00436,-0.0003,2.90763,34.14444,-18.20049,1.72632,-0.37662,0.08144,-0.0147,0.00211,-0.00016,0.37287,-12.4751,-5.28912,1.1084,-0.23806,0.04991,-0.00942,0.00131,-9E-05,,,,,,,,,,,,,,,,,,,,,,,High,High,High,High,High,,,
12,2025-09-25,19:05:53.88,4,1,"Bonta-Smith, Fin Del",1000447530,Right,HP,"Aldrete, Carter",666177,Right,GAS,Undefined,1,Top,2,0,0,Cutter,Slider,BallCalled,Undefined,Undefined,Undefined,0,0,,86.56584,-2.413727,-2.681525,1977.176092,164.658852,11:30,5.47824,1.533,5.90307,-33.9084,3.75386,-0.68173,0.40811,-1.01488,79.0804,-8.654469,-2.803942,0.441697,,,,,,,,,,,,-0.46492,3.05036,-1.31698,50,5.26475,5.90321,-125.4427,-6.44766,-0.73437,27.43926,-27.35592,HP,GAS,HighPoint,Independent,ATL,20250925-HighPoint-1,2fc76850-9a64-11f0-b2ef-f50b1063f050,85.33546,,,7.48543,,,,,,,140c42c3-e7fe-494f-8443-25f5b0d89000,2025-09-25,23:05:53.88,2025-09-25T19:05:53.8843648-04:00,2025-09-25T23:05:53.8843648Z,,v3,5431,5508,,"Napleton, Luke",813847,Right,HP,28130ce7-eddc-4244-8e88-73c884def928,54.59484,-126.44377,13.71963,5.48178,-5.44963,-13.67796,-1.53284,5.93,-0.36719,,,,,,,,,,,,,,,,,,,,,,,,,,,,,,,,,,,,,,,,,,,,,,,,,,,High,High,High,,,,,
13,2025-09-25,19:06:14.55,4,2,"Bonta-Smith, Fin Del",1000447530,Right,HP,"Aldrete, Carter",666177,Right,GAS,Undefined,1,Top,2,1,0,FourSeamFastBall,Four-Seam,InPlay,Undefined,GroundBall,Out,1,0,,92.74286,-1.381428,-2.456298,2172.915096,212.666106,1:00,5.42502,1.42958,6.0052,-16.22154,16.15749,9.69607,2.7919,-0.0396,84.66424,-4.469301,-0.714178,0.409547,70.89193,-33.897685,-44.638429,,,,,6.02544,2.39398,-29.091848,0.048723,-5.70071,9.02126,-1.24187,50,5.3075,5.36209,-134.63596,-3.73966,-10.45463,29.46987,-15.62977,HP,GAS,HighPoint,Independent,ATL,20250925-HighPoint-1,3c108c90-9a64-11f0-b2ef-f50b1063f050,92.03457,2.83672,,8.07862,,,,2.2612,2.83672,0.03677,140c42c3-e7fe-494f-8443-25f5b0d89000,2025-09-25,23:06:14.55,2025-09-25T19:06:14.5536512-04:00,2025-09-25T23:06:14.5536512Z,GroundBall,v3,5431,5508,,"Napleton, Luke",813847,Right,HP,8a31fb61-a3dc-4f16-90f0-309cf174ff49,54.49453,-135.61618,14.73493,5.42324,-3.21979,-7.81489,-1.426,5.70983,-5.22732,,2.25926,61.6564,,,,,,,,2.83855,-58.22146,,,,,,,,0.03868,-60.88309,,,,,,,,,,,,,,,,,,,,,,,,,,,,,,High,High,High,Low,Low,,,
14,2025-09-25,19:09:00.85,1,1,"Westcott, Zac",686170,Right,GAS,"Gonzalez, Luis",8894175,Left,HP,Undefined,1,Bottom,0,0,0,TwoSeamFastBall,Changeup,StrikeCalled,Undefined,Undefined,Undefined,0,0,,85.67319,-0.397322,-3.834417,2173.453707,236.636713,2:00,5.8323,1.37326,6.23372,-24.68521,13.05194,17.9528,3.40783,-0.6733,78.08771,-5.056522,-0.599508,0.442136,,,,,,,,,,,,-10.30717,7.24678,-1.09493,50,5.79033,7.61142,-124.25676,-1.58461,-16.08507,25.32351,-20.86495,HP,GAS,HighPoint,Independent,ATL,20250925-HighPoint-1,9f3d30c0-9a64-11f0-b2ef-f50b1063f050,85.25074,,,7.58548,,,,,,,140c42c3-e7fe-494f-8443-25f5b0d89000,2025-09-25,23:09:00.85,2025-09-25T19:09:00.8510464-04:00,2025-09-25T23:09:00.8510464Z,,v3,5431,5508,,"McKeithan, Aaron",702463,Right,GAS,951701e3-2e29-4703-94ae-ac9e83ce28c7,54.26452,-125.12285,12.66176,5.83232,-0.87101,-10.43247,-1.36466,8.16155,-8.04254,,,,,,,,,,,,,,,,,,,,,,,,,,,,,,,,,,,,,,,,,,,,,,,,,,,High,High,High,,,,,
15,2025-09-25,19:09:17.45,1,2,"Westcott, Zac",686170,Right,GAS,"Gonzalez, Luis",8894175,Left,HP,Undefined,1,Bottom,0,0,1,Curveball,Curveball,BallCalled,Undefined,Undefined,Undefined,0,0,,68.10487,3.040064,0.418872,1974.089892,28.266148,7:00,5.50415,1.63946,5.57562,-75.23205,-14.19272,-8.64044,2.07701,1.31066,62.90295,-10.626328,-1.126357,0.56231,,,,,,,,,,,,4.47504,-7.41729,-1.66977,50,5.71677,-0.43024,-98.89829,3.01531,4.42148,16.12678,-39.50257,HP,GAS,HighPoint,Independent,ATL,20250925-HighPoint-1,a935fc60-9a64-11f0-b2ef-f50b1063f050,67.03137,,,5.20192,,,,,,,140c42c3-e7fe-494f-8443-25f5b0d89000,2025-09-25,23:09:17.45,2025-09-25T19:09:17.4582272-04:00,2025-09-25T23:09:17.4582272Z,,v3,5431,5508,,"McKeithan, Aaron",702463,Right,GAS,7a8cbc8d-b3da-4257-96cb-2570ce7b5268,54.92953,-99.69888,8.06339,5.51841,4.97635,-19.75128,-1.64297,-0.64974,2.21074,,,,,,,,,,,,,,,,,,,,,,,,,,,,,,,,,,,,,,,,,,,,,,,,,,,High,High,High,,,,,
16,2025-09-25,19:09:43.15,1,3,"Westcott, Zac",686170,Right,GAS,"Gonzalez, Luis",8894175,Left,HP,Undefined,1,Bottom,0,1,1,Curveball,Curveball,BallCalled,Undefined,Undefined,Undefined,0,0,,69.04884,3.100927,-2.024236,2073.985598,35.787871,7:15,5.40742,1.53238,5.7619,-72.69055,-13.28442,-10.95449,2.24072,-1.26535,63.40479,-10.163122,-3.98537,0.554737,,,,,,,,,,,,5.02945,-7.35122,-1.35763,50,5.61958,3.89488,-100.16988,3.34785,5.06258,17.58703,-39.57372,HP,GAS,HighPoint,Independent,ATL,20250925-HighPoint-1,b87703e0-9a64-11f0-b2ef-f50b1063f050,67.9465,,,5.64405,,,,,,,140c42c3-e7fe-494f-8443-25f5b0d89000,2025-09-25,23:09:43.15,2025-09-25T19:09:43.1567360-04:00,2025-09-25T23:09:43.1567360Z,,v3,5431,5508,,"McKeithan, Aaron",702463,Right,GAS,af0295fc-a968-46ff-8417-ea1f4e75349f,54.74284,-100.99916,8.79352,5.41773,5.21386,-19.78686,-1.53565,3.65616,2.53129,,,,,,,,,,,,,,,,,,,,,,,,,,,,,,,,,,,,,,,,,,,,,,,,,,,High,High,High,,,,,
17,2025-09-25,19:09:58.92,1,4,"Westcott, Zac",686170,Right,GAS,"Gonzalez, Luis",8894175,Left,HP,Undefined,1,Bottom,0,2,1,ChangeUp,Changeup,InPlay,Undefined,FlyBall,Out,1,0,,76.82008,-0.217681,-3.23991,1779.429251,262.960882,2:45,5.55675,1.46579,5.95934,-44.02006,3.4215,15.1695,1.68623,-0.2777,70.39875,-8.341601,-0.514182,0.495737,102.12234,35.888845,19.20382,3321.067057,104.30822,76.20014,34.9237,363.76077,360.99495,16.77962,5.707357,-8.77619,2.245,-1.21704,50,5.5147,5.77192,-111.46923,-1.74144,-10.9944,20.84661,-29.36162,HP,GAS,HighPoint,Independent,ATL,20250925-HighPoint-1,c1dd7a90-9a64-11f0-b2ef-f50b1063f050,76.0332,114.72081,,6.42134,,,,2.44438,1.84438,0.28838,140c42c3-e7fe-494f-8443-25f5b0d89000,2025-09-25,23:09:58.92,2025-09-25T19:09:58.9275136-04:00,2025-09-25T23:09:58.9275136Z,FlyBall,v3,5431,5508,,"McKeithan, Aaron",702463,Right,GAS,55c551db-6056-40f6-9e83-84177a532e63,54.54145,-112.31535,10.42331,5.5612,-0.54972,-14.68081,-1.46036,6.21816,-5.4972,177.444566,2.44849,114.52098,-25.73905,6.59878,-1.38866,0.24704,-0.03469,0.00321,-0.00013,1.84614,87.76056,-19.25444,0.70618,0.28925,-0.16978,0.04024,-0.00459,0.0002,0.28992,39.8878,-9.70363,2.31492,-0.45998,0.08079,-0.01196,0.00119,-5E-05,,,,,,,,,,,,,,,,,,,,,,,High,High,High,High,Medium,,,
18,2025-09-25,19:10:48.65,2,1,"Westcott, Zac",686170,Right,GAS,"Mendoza, Drew",666141,Left,HP,Undefined,1,Bottom,1,0,0,TwoSeamFastBall,Changeup,BallCalled,Undefined,Undefined,Undefined,0,0,,85.16713,-0.271439,-2.361665,2183.158632,238.606249,2:00,5.78339,1.40771,6.26104,-25.53828,12.56154,18.54737,3.4047,0.77452,77.6229,-5.091798,0.989163,0.444256,,,,,,,,,,,,-10.24721,6.97327,-1.24096,50,5.75075,4.37381,-123.69223,-1.33011,-15.81583,25.53939,-21.4113,HP,GAS,HighPoint,Independent,ATL,20250925-HighPoint-1,df7e9f70-9a64-11f0-b2ef-f50b1063f050,84.84404,,,7.54423,,,,,,,140c42c3-e7fe-494f-8443-25f5b0d89000,2025-09-25,23:10:48.65,2025-09-25T19:10:48.6513152-04:00,2025-09-25T23:10:48.6513152Z,,v3,5431,5508,,"McKeithan, Aaron",702463,Right,GAS,16bb9a45-b0d4-4e26-b835-762f9d32c736,54.23755,-124.5641,12.76969,5.78368,-0.59917,-10.70565,-1.39949,4.91374,-7.90791,,,,,,,,,,,,,,,,,,,,,,,,,,,,,,,,,,,,,,,,,,,,,,,,,,,High,High,High,,,,,
19,2025-09-25,19:11:03.70,2,2,"Westcott, Zac",686170,Right,GAS,"Mendoza, Drew",666141,Left,HP,Undefined,1,Bottom,1,1,0,TwoSeamFastBall,Changeup,FoulBallNotFieldable,Undefined,Undefined,Undefined,0,0,,83.39284,-0.306977,-3.125229,2143.291003,238.376712,2:00,5.78746,1.38665,6.25889,-26.64407,13.13426,19.21111,3.28364,0.103,76.00396,-5.334312,0.34244,0.453936,68.43931,27.865598,-172.937509,2254.2032,,,,,43.54519,,,-10.86977,7.29481,-1.16376,50,5.75157,5.88463,-121.05546,-1.4087,-16.06877,24.46588,-21.39014,HP,GAS,HighPoint,Independent,ATL,20250925-HighPoint-1,e8700d30-9a64-11f0-b2ef-f50b1063f050,83.03468,26.12922,,7.38888,,,,3.5309,3.44799,-0.20352,140c42c3-e7fe-494f-8443-25f5b0d89000,2025-09-25,23:11:03.70,2025-09-25T19:11:03.7015552-04:00,2025-09-25T23:11:03.7015552Z,,v3,5431,5508,,"McKeithan, Aaron",702463,Right,GAS,583dbbc4-2097-4978-899d-a0dcd64321db,54.24069,-121.90951,12.23294,5.78772,-0.66202,-10.69507,-1.37897,6.44555,-8.03439,,3.5309,-88.06508,9.21831,-2.16564,0.4371,-0.11241,0.09242,-0.0919,0.03948,3.44799,46.91635,-10.15239,-0.60368,0.33452,-0.1206,0.08533,-0.073,0.0301,-0.20352,-10.91054,-12.29887,2.79111,-0.54003,0.13747,-0.12143,0.12346,-0.05322,,,,,,,,,,,,,,,,,,,,,,,High,High,High,Medium,Undefined,,,
20,2025-09-25,19:11:38.28,2,3,"Westcott, Zac",686170,Right,GAS,"Mendoza, Drew",666141,Left,HP,Undefined,1,Bottom,1,1,1,FourSeamFastBall,Changeup,BallCalled,Undefined,Undefined,Undefined,0,0,,84.10948,-0.778092,-3.688931,2156.167601,219.855878,1:15,5.89885,1.21451,6.1612,-24.80978,14.57997,11.06922,3.11104,-1.27557,76.51595,-5.463082,-1.697446,0.451713,,,,,,,,,,,,-6.88359,8.16815,-0.94015,50,5.82701,7.45001,-121.96975,-2.37148,-10.30322,25.42208,-19.9481,HP,GAS,HighPoint,Independent,ATL,20250925-HighPoint-1,fd0cd890-9a64-11f0-b2ef-f50b1063f050,83.44328,,,7.59353,,,,,,,140c42c3-e7fe-494f-8443-25f5b0d89000,2025-09-25,23:11:38.28,2025-09-25T19:11:38.2817792-04:00,2025-09-25T23:11:38.2817792Z,,v3,5431,5508,,"McKeithan, Aaron",702463,Right,GAS,f73369f9-d394-496f-9450-08c658ce1a5d,54.33879,-122.87076,12.71104,5.89853,-1.66448,-9.97405,-1.21067,7.81517,-5.15161,,,,,,,,,,,,,,,,,,,,,,,,,,,,,,,,,,,,,,,,,,,,,,,,,,,High,High,High,,,,,
21,2025-09-25,19:11:54.02,2,4,"Westcott, Zac",686170,Right,GAS,"Mendoza, Drew",666141,Left,HP,Undefined,1,Bottom,1,2,1,Curveball,Curveball,FoulBallNotFieldable,Undefined,Undefined,Undefined,0,0,,67.76423,3.570501,-2.007999,1960.482861,21.330182,6:45,5.46738,1.62343,5.67033,-79.08402,-17.06863,-7.458,2.21239,-0.871,62.18337,-10.822392,-3.34172,0.566789,,,,,,,,,,,,3.21327,-9.42481,-1.44884,50,5.71827,3.68458,-98.25886,3.87178,3.1077,17.13064,-41.28923,HP,GAS,HighPoint,Independent,ATL,20250925-HighPoint-1,067d1340-9a65-11f0-b2ef-f50b1063f050,66.50176,,,5.58086,,,,,,,140c42c3-e7fe-494f-8443-25f5b0d89000,2025-09-25,23:11:54.02,2025-09-25T19:11:54.0286464-04:00,2025-09-25T23:11:54.0286464Z,,v3,5431,5508,,"McKeithan, Aaron",702463,Right,GAS,a4ed57b0-4821-473e-85ad-739f193c7169,54.8354,-99.09829,8.56532,5.47898,5.89501,-20.64461,-1.62566,3.5323,1.55385,,,,,,,,,,,,,,,,,,,,,,,,,,,,,,,,,,,,,,,,,,,,,,,,,,,High,High,High,,,,,
22,2025-09-25,19:12:20.47,2,5,"Westcott, Zac",686170,Right,GAS,"Mendoza, Drew",666141,Left,HP,Undefined,1,Bottom,1,2,2,Curveball,Curveball,InPlay,Undefined,LineDrive,Single,0,0,,68.84351,3.906921,-0.680481,1998.220341,24.699339,6:45,5.45894,1.60681,5.61953,-78.34213,-18.28481,-9.30233,2.58246,0.19654,63.15121,-10.34505,-2.343682,0.557769,98.44214,16.078295,-14.06054,2296.726044,104.91653,23.95595,-33.05282,267.01956,260.26569,-22.586776,2.517739,4.51811,-9.92997,-1.54254,50,5.74173,1.49959,-99.85764,4.48499,4.52315,17.35938,-42.1151,HP,GAS,HighPoint,Independent,ATL,20250925-HighPoint-1,164217d0-9a65-11f0-b2ef-f50b1063f050,67.57715,25.41871,,5.69231,,,,1.64722,2.60158,-0.20211,140c42c3-e7fe-494f-8443-25f5b0d89000,2025-09-25,23:12:20.47,2025-09-25T19:12:20.4701184-04:00,2025-09-25T23:12:20.4701184Z,LineDrive,v3,5431,5508,,"McKeithan, Aaron",702463,Right,GAS,00e110e4-0236-4c78-ad66-6e0813d45ddb,54.88655,-100.70354,8.67969,5.47318,6.53721,-21.05755,-1.61024,1.27918,2.26157,108.715953,1.64723,134.57538,-22.82282,4.81109,-0.83956,0.05182,0.02552,-0.00854,0.00088,2.60158,39.98841,-19.05287,1.73556,-0.56636,0.26408,-0.09402,0.01959,-0.00172,-0.2021,-33.7083,-5.60766,1.70502,-0.08472,-0.2133,0.11243,-0.02595,0.00238,,,,,,,,,,,,,,,,,,,,,,,High,High,High,High,High,,,
23,2025-09-25,19:12:59.71,3,1,"Westcott, Zac",686170,Right,GAS,"Aklinski, Ben",679701,Right,HP,Undefined,1,Bottom,1,0,0,TwoSeamFastBall,Changeup,FoulBallNotFieldable,Undefined,Undefined,Undefined,0,0,,85.28526,-1.338235,-2.852407,2218.438404,233.044072,1:45,5.96485,1.27692,6.23794,-24.07297,13.74099,16.71399,2.72256,0.03637,78.31249,-5.867688,0.164645,0.442586,70.14668,64.948286,92.465412,5815.291301,,,,,15.43727,,,-9.5126,7.8515,-1.07257,50,5.85297,5.54679,-123.88812,-3.59669,-14.82721,24.07669,-19.93602,HP,GAS,HighPoint,Independent,ATL,20250925-HighPoint-1,2d91f540-9a65-11f0-b2ef-f50b1063f050,85.16416,33.89139,,6.97277,,,,2.08938,2.89136,0.02303,140c42c3-e7fe-494f-8443-25f5b0d89000,2025-09-25,23:12:59.71,2025-09-25T19:12:59.7153792-04:00,2025-09-25T23:12:59.7153792Z,,v3,5431,5508,,"McKeithan, Aaron",702463,Right,GAS,1eb20d5a-e9d0-4861-8ef0-ccb75baf1ca2,54.26328,-124.7139,12.03834,5.9646,-2.91293,-9.96801,-1.27153,6.05534,-7.41361,334.919983,2.09882,-2.21551,-8.90747,,,,,,,2.89852,92.94703,-25.70853,,,,,,,0.02571,43.42775,-5.26636,,,,,,,,,,,,,,,,,,,,,,,,,,,,,High,High,High,High,Undefined,,,
24,2025-09-25,19:13:21.80,3,2,"Westcott, Zac",686170,Right,GAS,"Aklinski, Ben",679701,Right,HP,Undefined,1,Bottom,1,0,1,FourSeamFastBall,Changeup,BallCalled,Undefined,Undefined,Undefined,0,0,,84.81697,-1.228978,-3.966368,2217.954466,220.490361,1:15,6.01982,1.19067,6.26754,-20.97981,17.30595,13.75568,3.13557,-1.3256,77.73238,-5.21018,-1.487738,0.445338,,,,,,,,,,,,-8.15162,9.66552,-0.90286,50,5.91815,7.99558,-123.02287,-3.21177,-12.54036,23.53323,-17.30471,HP,GAS,HighPoint,Independent,ATL,20250925-HighPoint-1,3ac68af0-9a65-11f0-b2ef-f50b1063f050,84.63779,,,7.08459,,,,,,,140c42c3-e7fe-494f-8443-25f5b0d89000,2025-09-25,23:13:21.80,2025-09-25T19:13:21.8088960-04:00,2025-09-25T23:13:21.8088960Z,,v3,5431,5508,,"McKeithan, Aaron",702463,Right,GAS,3eea527a-519e-4cd2-82e0-2347e8e65b64,54.23081,-123.82954,11.76662,6.01807,-2.6186,-8.65235,-1.1843,8.42544,-6.27018,,,,,,,,,,,,,,,,,,,,,,,,,,,,,,,,,,,,,,,,,,,,,,,,,,,High,High,High,,,,,
25,2025-09-25,19:13:39.87,3,3,"Westcott, Zac",686170,Right,GAS,"Aklinski, Ben",679701,Right,HP,Undefined,1,Bottom,1,1,1,FourSeamFastBall,Changeup,BallCalled,Undefined,Undefined,Undefined,0,0,,84.01735,0.787106,-2.398818,2174.158084,225.830633,1:30,5.95479,1.25926,6.27052,-22.85509,16.08532,15.32607,4.7765,0.32371,76.81861,-3.551049,0.368529,0.44913,,,,,,,,,,,,-8.55552,8.49272,-1.08863,50,6.0017,4.52228,-122.05306,1.05368,-12.93389,23.53202,-19.33512,HP,GAS,HighPoint,Independent,ATL,20250925-HighPoint-1,458b0b00-9a65-11f0-b2ef-f50b1063f050,83.9233,,,7.19873,,,,,,,140c42c3-e7fe-494f-8443-25f5b0d89000,2025-09-25,23:13:39.87,2025-09-25T19:13:39.8721536-04:00,2025-09-25T23:13:39.8721536Z,,v3,5431,5508,,"McKeithan, Aaron",702463,Right,GAS,a8436e20-2913-486e-a597-a50014f27a10,54.22787,-122.8655,11.76601,5.9538,1.72122,-9.66756,-1.25247,4.96882,-6.46695,,,,,,,,,,,,,,,,,,,,,,,,,,,,,,,,,,,,,,,,,,,,,,,,,,,High,High,High,,,,,
26,2025-09-25,19:14:00.31,3,4,"Westcott, Zac",686170,Right,GAS,"Aklinski, Ben",679701,Right,HP,Undefined,1,Bottom,1,2,1,Curveball,Curveball,BallCalled,Undefined,Undefined,Undefined,0,0,,65.86157,5.370279,-0.615225,1887.124612,18.795247,6:45,5.47811,1.58969,5.17529,-85.04965,-18.35009,-6.95815,3.4592,0.4309,60.45508,-9.972928,-1.846786,0.587805,,,,,,,,,,,,3.25347,-9.88575,-1.52698,50,5.91436,1.26728,-95.32079,6.35115,2.98345,15.10516,-41.23939,HP,GAS,HighPoint,Independent,ATL,20250925-HighPoint-1,51d6c750-9a65-11f0-b2ef-f50b1063f050,64.1241,,,5.40649,,,,,,,140c42c3-e7fe-494f-8443-25f5b0d89000,2025-09-25,23:14:00.31,2025-09-25T19:14:00.3130880-04:00,2025-09-25T23:14:00.3130880Z,,v3,5431,5508,,"McKeithan, Aaron",702463,Right,GAS,4f2c2427-886c-4deb-8fab-c0d7134e14d8,55.33163,-96.16196,7.55258,5.49674,8.64768,-20.6197,-1.59292,1.10114,1.49173,,,,,,,,,,,,,,,,,,,,,,,,,,,,,,,,,,,,,,,,,,,,,,,,,,,High,High,High,,,,,
27,2025-09-25,19:14:19.59,3,5,"Westcott, Zac",686170,Right,GAS,"Aklinski, Ben",679701,Right,HP,Undefined,1,Bottom,1,3,1,FourSeamFastBall,Changeup,StrikeCalled,Undefined,Undefined,Undefined,0,0,,83.94046,-0.598686,-3.220826,2191.868416,221.828028,1:30,5.926,1.29969,6.3823,-22.43261,16.45879,13.64284,3.50497,-0.52947,76.85038,-4.860366,-0.754146,0.448847,,,,,,,,,,,,-7.95583,9.10973,-1.07333,50,5.87221,6.34522,-121.88272,-1.87243,-11.99323,23.47554,-18.44129,HP,GAS,HighPoint,Independent,ATL,20250925-HighPoint-1,5d38e6f0-9a65-11f0-b2ef-f50b1063f050,83.97615,,,7.09008,,,,,,,140c42c3-e7fe-494f-8443-25f5b0d89000,2025-09-25,23:14:19.59,2025-09-25T19:14:19.5956224-04:00,2025-09-25T23:14:19.5956224Z,,v3,5431,5508,,"McKeithan, Aaron",702463,Right,GAS,adf3ee87-9664-417e-a73d-db56fb7cc01f,54.11627,-122.67298,11.73777,5.92479,-1.25164,-9.22065,-1.29372,6.74895,-5.99662,,,,,,,,,,,,,,,,,,,,,,,,,,,,,,,,,,,,,,,,,,,,,,,,,,,High,High,High,,,,,
28,2025-09-25,19:14:40.31,3,6,"Westcott, Zac",686170,Right,GAS,"Aklinski, Ben",679701,Right,HP,Undefined,1,Bottom,1,3,2,FourSeamFastBall,Changeup,InPlay,Undefined,Popup,Out,1,0,,84.54095,-0.402379,-2.447688,2199.833622,223.450612,1:30,5.98834,1.18634,6.29391,-21.75135,16.56517,14.59646,3.80461,0.14586,77.60442,-4.5274,0.189703,0.445517,78.14846,81.224928,24.317204,,,,,,9.957,,,-8.29721,9.08981,-1.01329,50,5.94809,4.71456,-122.88782,-1.46033,-12.74099,23.39839,-18.21602,HP,GAS,HighPoint,Independent,ATL,20250925-HighPoint-1,698d2ec0-9a65-11f0-b2ef-f50b1063f050,84.60383,95.34481,,6.93653,,,,2.38089,3.80517,-0.33657,140c42c3-e7fe-494f-8443-25f5b0d89000,2025-09-25,23:14:40.31,2025-09-25T19:14:40.3141120-04:00,2025-09-25T23:14:40.3141120Z,,v3,5431,5508,,"McKeithan, Aaron",702463,Right,GAS,07ed6c33-07ea-48ea-93eb-cf113113ca9e,54.20694,-123.68624,11.69919,5.98732,-0.83874,-9.10801,-1.18159,5.14932,-6.37049,180.885573,2.38089,15.93552,-12.88699,4.79169,-1.07757,-0.13309,0.38044,-0.22325,0.04951,3.80517,113.27575,-29.54458,3.63963,-0.6151,0.1516,-0.09834,0.05134,-0.01139,-0.33657,7.20078,-4.61525,1.67282,-0.37188,-0.04442,0.1288,-0.07555,0.01675,,,,,,,,,,,,,,,,,,,,,,,High,High,High,Medium,Undefined,,,
29,2025-09-25,19:15:26.87,4,1,"Westcott, Zac",686170,Right,GAS,"Edwards, Evan",657212,Left,HP,Undefined,1,Bottom,2,0,0,FourSeamFastBall,Sinker,BallCalled,Undefined,Undefined,Undefined,0,0,,86.00574,0.204929,-3.960696,2269.965316,228.985874,1:45,5.86842,1.4586,6.30837,-21.22844,16.32501,17.29375,4.28863,-0.75475,77.84861,-3.853726,-0.842238,0.441059,,,,,,,,,,,,-10.08997,8.7804,-1.17531,50,5.87314,7.94071,-124.66175,-0.12439,-15.75767,26.83384,-18.46155,HP,GAS,HighPoint,Independent,ATL,20250925-HighPoint-1,8552b5d0-9a65-11f0-b2ef-f50b1063f050,85.45903,,,8.15713,,,,,,,140c42c3-e7fe-494f-8443-25f5b0d89000,2025-09-25,23:15:26.87,2025-09-25T19:15:26.8798464-04:00,2025-09-25T23:15:26.8798464Z,,v3,5431,5508,,"McKeithan, Aaron",702463,Right,GAS,e24626cc-5e76-4d44-8ae3-73735084bcf5,54.18885,-125.56017,13.41692,5.86696,0.49372,-9.23077,-1.45001,8.4683,-7.87884,,,,,,,,,,,,,,,,,,,,,,,,,,,,,,,,,,,,,,,,,,,,,,,,,,,High,High,High,,,,,
30,2025-09-25,19:15:44.01,4,2,"Westcott, Zac",686170,Right,GAS,"Edwards, Evan",657212,Left,HP,Undefined,1,Bottom,2,1,0,Curveball,Curveball,StrikeCalled,Undefined,Undefined,Undefined,0,0,,67.71282,4.008335,-0.24285,1903.691489,31.319498,7:00,5.41984,1.58623,5.54979,-77.87366,-15.32473,-10.61611,2.68216,0.47462,61.79647,-10.174819,-2.138091,0.569222,,,,,,,,,,,,5.23276,-8.21497,-1.5582,50,5.7163,0.78375,-98.12499,4.54429,5.03667,17.37838,-40.08121,HP,GAS,HighPoint,Independent,ATL,20250925-HighPoint-1,8f9e3550-9a65-11f0-b2ef-f50b1063f050,66.21752,,,5.91635,,,,,,,140c42c3-e7fe-494f-8443-25f5b0d89000,2025-09-25,23:15:44.01,2025-09-25T19:15:44.0187904-04:00,2025-09-25T23:15:44.0187904Z,,v3,5431,5508,,"McKeithan, Aaron",702463,Right,GAS,a0553fd8-c779-40ae-8d9c-fdc1d9f0f205,54.95419,-98.99851,8.68919,5.43724,6.55897,-20.0406,-1.59123,0.53058,2.51834,,,,,,,,,,,,,,,,,,,,,,,,,,,,,,,,,,,,,,,,,,,,,,,,,,,High,High,High,,,,,
31,2025-09-25,19:16:00.95,4,3,"Westcott, Zac",686170,Right,GAS,"Edwards, Evan",657212,Left,HP,Undefined,1,Bottom,2,1,1,ChangeUp,Changeup,InPlay,Undefined,FlyBall,Triple,0,1,,76.96513,0.107599,-3.555656,2058.189732,254.031034,2:30,5.6404,1.48362,5.79535,-40.93057,6.81953,18.16288,2.3298,-0.31444,70.12575,-7.464045,-0.305532,0.497346,101.20972,47.77576,34.460347,3863.872381,89.03203,122.01139,64.60103,300.1537,135.37446,39.158022,6.522338,-10.4502,3.86012,-1.20236,50,5.62458,6.28089,-111.58274,-1.02344,-13.06944,21.58279,-27.34644,HP,GAS,HighPoint,Independent,ATL,20250925-HighPoint-1,999db7b0-9a65-11f0-b2ef-f50b1063f050,75.78717,161.21034,,6.83938,,,,2.55502,2.9578,0.28208,140c42c3-e7fe-494f-8443-25f5b0d89000,2025-09-25,23:16:00.95,2025-09-25T19:16:00.9569280-04:00,2025-09-25T23:16:00.9569280Z,FlyBall,v3,5431,5508,,"McKeithan, Aaron",702463,Right,GAS,8ee2a7e2-b6ac-4653-9247-67d35fe6931a,54.70564,-112.48924,10.7914,5.64345,0.12514,-13.67322,-1.47769,6.82982,-6.53472,187.810056,2.56624,82.05675,-23.50792,5.80889,-0.83018,0.03714,0.00725,-0.0011,4E-05,2.95545,109.94329,-22.98186,1.7775,-0.10662,-0.06099,0.02211,-0.00299,0.00014,0.28957,56.32325,-12.69961,2.87578,-0.35764,0.00407,0.00508,-0.00057,2E-05,,,,,,,,,,,,,,,,,,,,,,,High,High,High,Medium,Low,,,
32,2025-09-25,19:16:55.24,5,1,"Westcott, Zac",686170,Right,GAS,"Dickerson, Alex",543105,Left,HP,Undefined,1,Bottom,2,0,0,TwoSeamFastBall,Changeup,StrikeCalled,Undefined,Undefined,Undefined,0,0,,85.1757,-1.140838,-3.66705,2264.291388,231.610269,1:45,5.64691,1.51331,6.47169,-24.42651,13.63953,15.55465,2.56136,-0.56278,77.27875,-5.782606,-0.850481,0.444059,,,,,,,,,,,,-9.39398,7.87898,-1.26171,50,5.5555,7.36086,-123.55996,-3.13403,-14.37291,26.98892,-20.11912,HP,GAS,HighPoint,Independent,ATL,20250925-HighPoint-1,b9f5bf30-9a65-11f0-b2ef-f50b1063f050,84.88168,,,7.89696,,,,,,,140c42c3-e7fe-494f-8443-25f5b0d89000,2025-09-25,23:16:55.24,2025-09-25T19:16:55.2406016-04:00,2025-09-25T23:16:55.2406016Z,,v3,5431,5508,,"McKeithan, Aaron",702463,Right,GAS,545b0c28-2cf3-47fc-8242-ff10dfdd3d7f,54.02914,-124.43693,13.49446,5.64671,-2.48029,-10.05956,-1.50848,7.82789,-7.18645,,,,,,,,,,,,,,,,,,,,,,,,,,,,,,,,,,,,,,,,,,,,,,,,,,,High,High,High,,,,,
33,2025-09-25,19:17:14.09,5,2,"Westcott, Zac",686170,Right,GAS,"Dickerson, Alex",543105,Left,HP,Undefined,1,Bottom,2,0,1,TwoSeamFastBall,Changeup,BallCalled,Undefined,Undefined,Undefined,0,0,,85.43249,-2.102716,-4.774417,2278.939575,233.164174,1:45,5.68526,1.36305,6.25492,-26.0423,12.20886,14.53261,1.56842,-1.83887,77.68348,-7.000214,-2.158937,0.445137,,,,,,,,,,,,-8.90245,7.36067,-1.01439,50,5.51589,9.74843,-123.60943,-5.31906,-13.67786,26.24062,-20.86499,HP,GAS,HighPoint,Independent,ATL,20250925-HighPoint-1,c538be10-9a65-11f0-b2ef-f50b1063f050,84.67603,,,7.74901,,,,,,,140c42c3-e7fe-494f-8443-25f5b0d89000,2025-09-25,23:17:14.09,2025-09-25T19:17:14.0926976-04:00,2025-09-25T23:17:14.0926976Z,,v3,5431,5508,,"McKeithan, Aaron",702463,Right,GAS,33e238c3-4f57-41ac-9fe7-49d0bab7f246,54.24238,-124.50677,13.12031,5.68558,-4.60555,-10.43249,-1.35575,10.21617,-6.83893,,,,,,,,,,,,,,,,,,,,,,,,,,,,,,,,,,,,,,,,,,,,,,,,,,,High,High,High,,,,,
34,2025-09-25,19:17:31.88,5,3,"Westcott, Zac",686170,Right,GAS,"Dickerson, Alex",543105,Left,HP,Undefined,1,Bottom,2,1,1,Curveball,Curveball,FoulBallNotFieldable,Undefined,Undefined,Undefined,0,0,,70.07569,3.32851,-1.048289,2047.629434,36.240413,7:15,5.39532,1.53704,5.97761,-73.10051,-15.64072,-12.88784,2.39312,-0.50881,63.97492,-10.082026,-3.367476,0.545574,100.4472,9.484066,44.267022,3751.604731,74.68692,7.50637,80.75785,155.31267,153.95207,49.097318,1.240192,6.36347,-8.76811,-1.44665,50,5.61749,2.2736,-101.68611,3.84916,6.56219,19.02392,-41.21595,HP,GAS,HighPoint,Independent,ATL,20250925-HighPoint-1,cfdc2190-9a65-11f0-b2ef-f50b1063f050,69.0877,9.08685,,6.10077,,,,2.95144,2.69903,0.39519,140c42c3-e7fe-494f-8443-25f5b0d89000,2025-09-25,23:17:31.88,2025-09-25T19:17:31.8851584-04:00,2025-09-25T23:17:31.8851584Z,LineDrive,v3,5431,5508,,"McKeithan, Aaron",702463,Right,GAS,259fa296-c78e-4e6e-b439-2fbfd556dd46,54.52733,-102.5296,9.51196,5.40631,5.67662,-20.60797,-1.54101,1.98264,3.28109,277.958685,2.95144,104.05473,-25.10993,5.68227,-1.34049,0.27698,-0.05525,0.00937,-0.00089,2.69903,24.27479,-24.72898,3.50785,-0.7926,0.17729,-0.03601,0.00642,-0.00067,0.39519,101.4259,-4.57498,-1.58972,0.79836,-0.28287,0.07647,-0.01589,0.00177,,,,,,,,,,,,,,,,,,,,,,,High,High,High,High,High,,,
35,2025-09-25,19:17:55.20,5,4,"Westcott, Zac",686170,Right,GAS,"Dickerson, Alex",543105,Left,HP,Undefined,1,Bottom,2,1,2,FourSeamFastBall,Changeup,InPlay,Undefined,Popup,Single,0,1,,85.31664,-0.71661,-3.455527,2144.54793,224.722842,1:30,5.73092,1.3377,6.24791,-25.38726,12.81516,11.40662,2.95317,-0.90257,77.49365,-5.511201,-1.39889,0.444853,71.52954,32.132816,3.671259,2368.383667,109.98074,48.36659,2.04948,235.17021,235.17021,-2.558746,3.651599,-7.02004,7.24689,-1.08622,50,5.66504,7.04269,-123.75047,-2.28737,-10.79534,26.61755,-21.02982,HP,GAS,HighPoint,Independent,ATL,20250925-HighPoint-1,ddb16410-9a65-11f0-b2ef-f50b1063f050,84.73002,49.60893,,7.82299,,,,1.60414,3.03631,0.92073,140c42c3-e7fe-494f-8443-25f5b0d89000,2025-09-25,23:17:55.20,2025-09-25T19:17:55.2064512-04:00,2025-09-25T23:17:55.2064512Z,FlyBall,v3,5431,5508,,"McKeithan, Aaron",702463,Right,GAS,60af9944-4594-46ec-be5b-7315a7083736,54.25184,-124.66164,13.30878,5.73102,-1.56748,-10.51491,-1.33363,7.41224,-5.39767,146.897596,1.60364,88.67301,-12.88286,3.12236,-0.83999,0.27258,-0.07471,0.01198,-0.00079,3.03675,55.7864,-18.36443,1.15327,-0.03529,-0.08386,0.0333,-0.00529,0.0003,0.92054,5.69436,-4.56828,1.10229,-0.29811,0.09784,-0.02702,0.00434,-0.00029,,,,,,,,,,,,,,,,,,,,,,,High,High,High,High,High,,,
36,2025-09-25,19:18:40.91,6,1,"Westcott, Zac",686170,Right,GAS,"Napleton, Luke",813847,Right,HP,Undefined,1,Bottom,2,0,0,TwoSeamFastBall,Changeup,BallCalled,Undefined,Undefined,Undefined,0,0,,84.39471,-1.729397,-4.351176,2219.218107,229.117429,1:45,5.98805,1.1473,6.18939,-23.15127,15.98461,16.93119,2.45693,-1.46694,76.81493,-6.112074,-1.305684,0.450255,,,,,,,,,,,,-9.9717,9.16233,-0.82678,50,5.84553,8.63564,-122.23,-4.3479,-15.01897,25.08654,-18.37409,HP,GAS,HighPoint,Independent,ATL,20250925-HighPoint-1,f8fed4f0-9a65-11f0-b2ef-f50b1063f050,83.71346,,,7.57978,,,,,,,140c42c3-e7fe-494f-8443-25f5b0d89000,2025-09-25,23:18:40.91,2025-09-25T19:18:40.9144832-04:00,2025-09-25T23:18:40.9144832Z,,v3,5431,5508,,"McKeithan, Aaron",702463,Right,GAS,de02f92e-159f-4277-9227-14842d42b7b9,54.3086,-123.11112,12.54327,5.98692,-3.70254,-9.18705,-1.13936,9.16316,-7.50948,,,,,,,,,,,,,,,,,,,,,,,,,,,,,,,,,,,,,,,,,,,,,,,,,,,High,High,High,,,,,
37,2025-09-25,19:18:56.62,6,2,"Westcott, Zac",686170,Right,GAS,"Napleton, Luke",813847,Right,HP,Undefined,1,Bottom,2,1,0,Curveball,Curveball,StrikeCalled,Undefined,Undefined,Undefined,0,0,,67.54554,4.217158,-0.761058,1950.823712,23.403128,6:45,5.48171,1.55879,5.5388,-80.63918,-17.77497,-8.60646,2.71083,0.13022,61.72293,-10.447864,-2.296975,0.570654,,,,,,,,,,,,4.06508,-9.50315,-1.48706,50,5.79503,1.5977,-97.87716,4.79629,3.89548,17.20107,-41.28072,HP,GAS,HighPoint,Independent,ATL,20250925-HighPoint-1,026ac9e0-9a66-11f0-b2ef-f50b1063f050,66.05125,,,5.82261,,,,,,,140c42c3-e7fe-494f-8443-25f5b0d89000,2025-09-25,23:18:56.62,2025-09-25T19:18:56.6297600-04:00,2025-09-25T23:18:56.6297600Z,,v3,5431,5508,,"McKeithan, Aaron",702463,Right,GAS,860725e3-c242-418f-a226-f89211092332,54.96636,-98.74609,8.60053,5.50006,6.88164,-20.64036,-1.56281,1.40092,1.94774,,,,,,,,,,,,,,,,,,,,,,,,,,,,,,,,,,,,,,,,,,,,,,,,,,,High,High,High,,,,,
38,2025-09-25,19:19:15.09,6,3,"Westcott, Zac",686170,Right,GAS,"Napleton, Luke",813847,Right,HP,Undefined,1,Bottom,2,1,1,TwoSeamFastBall,Changeup,FoulBallNotFieldable,Undefined,Undefined,Undefined,0,0,,85.36,-1.476154,-3.755244,2256.805721,229.440872,1:45,5.87026,1.40066,6.33119,-22.12308,15.95761,17.11217,2.66417,-0.6362,77.49226,-5.688683,-0.665524,0.444144,84.70954,55.871232,62.206835,5632.141838,26.41028,121.00882,106.7824,218.76572,81.47776,82.562865,5.517826,-10.03871,9.13493,-1.13434,50,5.75186,7.4678,-123.75117,-3.79804,-15.44495,26.51025,-18.11962,HP,GAS,HighPoint,Independent,ATL,20250925-HighPoint-1,0d4dce70-9a66-11f0-b2ef-f50b1063f050,84.86538,123.04201,,7.86774,,,,1.14167,2.72302,0.57626,140c42c3-e7fe-494f-8443-25f5b0d89000,2025-09-25,23:19:15.09,2025-09-25T19:19:15.0981632-04:00,2025-09-25T23:19:15.0981632Z,FlyBall,v3,5431,5508,,"McKeithan, Aaron",702463,Right,GAS,c5c422a5-44de-4c28-a366-0e7be940f83c,54.16774,-124.64079,13.25513,5.86911,-3.18999,-9.05981,-1.39364,7.9861,-7.72248,,1.17273,31.82031,-14.8593,1.09246,2.5539,-1.49363,0.37921,-0.04619,0.00219,2.70071,103.21543,-28.35339,4.47177,-1.32355,0.28855,-0.02967,0.00018,0.00011,0.5714,61.71866,-9.21752,1.72563,-0.0843,-0.09531,0.03406,-0.00473,0.00024,,,,,,,,,,,,,,,,,,,,,,,High,High,High,Medium,Low,,,
39,2025-09-25,19:19:41.07,6,4,"Westcott, Zac",686170,Right,GAS,"Napleton, Luke",813847,Right,HP,Undefined,1,Bottom,2,1,2,Curveball,Curveball,InPlay,Undefined,GroundBall,FieldersChoice,1,0,,69.59811,3.358524,-1.117395,1832.880811,26.05467,6:45,5.4921,1.51675,5.87303,-73.24394,-14.85552,-8.21721,2.51207,-0.206,63.60824,-10.053819,-2.593142,0.549965,90.65071,-2.492789,-10.422647,2550.644186,,,,35.04654,34.67067,-10.460447,0.259224,3.86323,-8.14225,-1.42149,50,5.72142,2.24094,-100.96967,3.81252,3.93761,18.38394,-40.4731,HP,GAS,HighPoint,Independent,ATL,20250925-HighPoint-1,1ce72f20-9a66-11f0-b2ef-f50b1063f050,68.53612,2.71186,,5.98987,,,,1.76655,2.71186,0.09934,140c42c3-e7fe-494f-8443-25f5b0d89000,2025-09-25,23:19:41.07,2025-09-25T19:19:41.0732032-04:00,2025-09-25T23:19:41.0732032Z,GroundBall,v3,5431,5508,,"McKeithan, Aaron",702463,Right,GAS,2059bb36-54fb-400f-a706-906c32278ae9,54.63112,-101.80938,9.19197,5.50506,5.66119,-20.23655,-1.51974,2.06109,1.96881,65.199544,1.76837,130.54341,-17.05431,,,,,,,2.71333,-5.85791,-17.80258,,,,,,,0.10024,-24.07565,-3.31954,,,,,,,,,,,,,,,,,,,,,,,,,,,,,High,High,High,High,High,,,
40,2025-09-25,19:22:10.25,1,1,"Bonta-Smith, Fin Del",1000447530,Right,HP,"Guthrie, Dalton",656495,Right,GAS,Undefined,2,Top,0,0,0,Cutter,Slider,StrikeCalled,Undefined,Undefined,Undefined,0,0,,83.61581,-0.216111,-1.225831,2026.564765,176.683754,12:00,5.56921,1.66754,5.92203,-35.84002,3.87933,-0.15598,2.38195,0.51683,77.02393,-6.829502,-1.253869,0.453599,,,,,,,,,,,,-0.24697,2.42599,-1.56934,50,5.53159,2.60668,-121.53139,-1.6382,-0.37082,22.93451,-28.53139,HP,GAS,HighPoint,Independent,ATL,20250925-HighPoint-1,75c03d80-9a66-11f0-b2ef-f50b1063f050,83.09633,,,6.59188,,,,,,,140c42c3-e7fe-494f-8443-25f5b0d89000,2025-09-25,23:22:10.25,2025-09-25T19:22:10.2554624-04:00,2025-09-25T23:22:10.2554624Z,,v3,5431,5508,,"Napleton, Luke",813847,Right,HP,851cab86-e93f-4473-9f58-8cb75da612ed,54.57735,-122.39215,11.46726,5.57298,-0.56739,-14.2657,-1.66743,2.62059,-0.18541,,,,,,,,,,,,,,,,,,,,,,,,,,,,,,,,,,,,,,,,,,,,,,,,,,,High,High,High,,,,,
41,2025-09-25,19:22:26.45,1,2,"Bonta-Smith, Fin Del",1000447530,Right,HP,"Guthrie, Dalton",656495,Right,GAS,Undefined,2,Top,0,0,1,FourSeamFastBall,Four-Seam,FoulBallNotFieldable,Undefined,Undefined,Undefined,0,0,,91.92079,-0.954291,-2.424473,2326.362702,218.417929,1:15,5.46879,1.64924,6.11089,-16.03796,17.0984,12.64296,3.24902,0.45965,83.0764,-4.041461,-0.148189,0.414308,77.33218,12.472065,172.768857,2090.351132,-109.93255,7.44377,3.84782,140.79987,44.48654,179.294719,1.48102,-7.29933,9.46682,-1.46971,50,5.38716,5.11177,-133.3592,-2.67552,-12.99658,31.70639,-15.31823,HP,GAS,HighPoint,Independent,ATL,20250925-HighPoint-1,7f5cb850-9a66-11f0-b2ef-f50b1063f050,90.97677,11.09762,,8.8444,,,,2.08374,3.21478,-0.52222,140c42c3-e7fe-494f-8443-25f5b0d89000,2025-09-25,23:22:26.45,2025-09-25T19:22:26.4573952-04:00,2025-09-25T23:22:26.4573952Z,LineDrive,v3,5431,5508,,"Napleton, Luke",813847,Right,HP,cb152a3e-80c7-45e1-9841-ae1ed02aa8d0,54.38764,-134.39832,15.8532,5.46662,-2.17349,-7.65911,-1.64422,5.5377,-6.49829,279.812665,2.00381,-109.11843,8.60897,,,,,,,3.38309,22.93263,-17.09613,,,,,,,-0.29739,11.81375,-7.13914,,,,,,,,,,,,,,,,,,,,,,,,,,,,,High,High,High,High,Low,,,
42,2025-09-25,19:22:52.55,1,3,"Bonta-Smith, Fin Del",1000447530,Right,HP,"Guthrie, Dalton",656495,Right,GAS,Undefined,2,Top,0,0,2,FourSeamFastBall,Sinker,FoulBallNotFieldable,Undefined,Undefined,Undefined,0,0,,92.06464,-1.387504,-3.495412,2258.610161,228.436423,1:30,5.45513,1.42875,6.11172,-18.81241,13.91481,14.52371,2.60183,-0.59699,84.16416,-4.945419,-0.883356,0.411743,71.98724,28.732835,144.751552,4465.811719,,,,,44.5664,,,-8.44107,7.87544,-1.16765,50,5.33854,7.54084,-133.56641,-3.82142,-15.26676,28.44841,-17.93035,HP,GAS,HighPoint,Independent,ATL,20250925-HighPoint-1,8ef18520-9a66-11f0-b2ef-f50b1063f050,91.54367,21.87629,,7.90048,,,,0.09393,2.458,0.59959,140c42c3-e7fe-494f-8443-25f5b0d89000,2025-09-25,23:22:52.55,2025-09-25T19:22:52.5511680-04:00,2025-09-25T23:22:52.5511680Z,,v3,5431,5508,,"Napleton, Luke",813847,Right,HP,8fd8a78e-4407-491c-89ac-17e28b22c809,54.38766,-134.49769,14.22421,5.45403,-3.23445,-8.96518,-1.42269,8.04061,-7.63338,309.44084,0.09715,-75.69515,2.87602,,,,,,,2.47168,50.38769,-23.14356,,,,,,,0.61004,53.14961,-9.21314,,,,,,,,,,,,,,,,,,,,,,,,,,,,,High,High,High,High,Undefined,,,
43,2025-09-25,19:23:18.07,1,4,"Bonta-Smith, Fin Del",1000447530,Right,HP,"Guthrie, Dalton",656495,Right,GAS,Undefined,2,Top,0,0,2,Slider,Changeup,BallCalled,Undefined,Undefined,Undefined,0,0,,86.18728,-1.927673,-1.30049,2020.603744,269.031958,3:00,5.50836,1.57036,5.87246,-36.39663,1.23736,4.13614,0.6837,0.7069,79.36231,-8.603338,-0.556731,0.441532,,,,,,,,,,,,-2.47945,1.53555,-1.46754,50,5.33129,2.67309,-125.15658,-5.47198,-3.93229,25.28958,-29.73872,HP,GAS,HighPoint,Independent,ATL,20250925-HighPoint-1,9e2a2830-9a66-11f0-b2ef-f50b1063f050,85.36749,,,6.82497,,,,,,,140c42c3-e7fe-494f-8443-25f5b0d89000,2025-09-25,23:23:18.07,2025-09-25T19:23:18.0775424-04:00,2025-09-25T23:23:18.0775424Z,,v3,5431,5508,,"Napleton, Luke",813847,Right,HP,3cd47f76-af25-45ed-95df-bc8667aed784,54.6272,-126.0881,12.64479,5.51267,-4.37657,-14.86936,-1.56867,2.81794,-1.96615,,,,,,,,,,,,,,,,,,,,,,,,,,,,,,,,,,,,,,,,,,,,,,,,,,,High,High,High,,,,,
44,2025-09-25,19:23:36.96,1,5,"Bonta-Smith, Fin Del",1000447530,Right,HP,"Guthrie, Dalton",656495,Right,GAS,Undefined,2,Top,0,1,2,Cutter,Slider,InPlay,Undefined,GroundBall,Out,1,0,,86.35835,-0.438947,-2.013088,2058.372464,164.197747,11:30,5.50866,1.64514,5.99268,-32.95955,4.07173,-0.85138,2.35498,-0.29216,79.79645,-6.522116,-2.166167,0.437982,84.00778,-13.813455,-40.816983,,,,,12.01753,11.2403,-31.070685,0.082445,-0.07681,2.50165,-1.48598,50,5.45561,4.44611,-125.54992,-2.05641,-0.12347,23.72924,-28.15267,HP,GAS,HighPoint,Independent,ATL,20250925-HighPoint-1,a96eadb0-9a66-11f0-b2ef-f50b1063f050,86.0594,2.4309,,6.5619,,,,2.81104,2.4309,0.26027,140c42c3-e7fe-494f-8443-25f5b0d89000,2025-09-25,23:23:36.96,2025-09-25T19:23:36.9619968-04:00,2025-09-25T23:23:36.9619968Z,GroundBall,v3,5431,5508,,"Napleton, Luke",813847,Right,HP,20ef84f4-387c-4125-8836-3daf212949d4,54.50873,-126.3992,11.86462,5.51118,-1.0488,-14.07634,-1.64519,4.45053,-0.06174,180,2.80831,90.75536,,,,,,,,2.43178,-29.48496,,,,,,,,0.26263,-78.38488,,,,,,,,,,,,,,,,,,,,,,,,,,,,,,High,High,High,High,High,,,
45,2025-09-25,19:24:18.67,2,1,"Bonta-Smith, Fin Del",1000447530,Right,HP,"Scantlin, Nate",676715,Left,GAS,Undefined,2,Top,1,0,0,ChangeUp,Changeup,BallCalled,Undefined,Undefined,Undefined,0,0,,85.99584,-0.173917,-1.693059,1322.204797,256.10402,2:30,5.24883,1.82125,6.38291,-32.17112,4.65114,14.43741,2.40784,1.46643,79.26824,-6.170201,0.923867,0.436744,,,,,,,,,,,,-7.95485,2.82437,-1.70551,50,5.22156,3.14738,-125.09819,-1.37947,-12.67699,23.90311,-27.67309,HP,GAS,HighPoint,Independent,ATL,20250925-HighPoint-1,c24ad070-9a66-11f0-b2ef-f50b1063f050,86.30335,,,6.7276,,,,,,,140c42c3-e7fe-494f-8443-25f5b0d89000,2025-09-25,23:24:18.67,2025-09-25T19:24:18.6781184-04:00,2025-09-25T23:24:18.6781184Z,,v3,5431,5508,,"Napleton, Luke",813847,Right,HP,d16f0adc-ce2f-484d-9ea8-6046ffecbeb1,54.11761,-125.8825,11.95156,5.25192,-0.47145,-13.83655,-1.8156,3.56333,-6.3385,,,,,,,,,,,,,,,,,,,,,,,,,,,,,,,,,,,,,,,,,,,,,,,,,,,High,High,High,,,,,
46,2025-09-25,19:24:33.46,2,2,"Bonta-Smith, Fin Del",1000447530,Right,HP,"Scantlin, Nate",676715,Left,GAS,Undefined,2,Top,1,1,0,TwoSeamFastBall,Sinker,FoulBallNotFieldable,Undefined,Undefined,Undefined,0,0,,92.6082,-0.433334,-3.198692,2284.363689,232.413663,1:45,5.37423,1.6335,5.97511,-21.43521,10.99209,12.9815,3.18561,-0.2531,84.77133,-4.451088,-0.869274,0.409852,79.95073,36.861361,-65.468374,4208.659409,,,,,65.90106,,,-7.53233,6.06681,-1.38742,50,5.32796,6.95148,-134.42806,-1.7342,-13.82245,28.36258,-21.04092,HP,GAS,HighPoint,Independent,ATL,20250925-HighPoint-1,cb1443d0-9a66-11f0-b2ef-f50b1063f050,91.96601,46.24466,,7.83687,,,,0.21865,3.16822,0.25078,140c42c3-e7fe-494f-8443-25f5b0d89000,2025-09-25,23:24:33.46,2025-09-25T19:24:33.4669824-04:00,2025-09-25T23:24:33.4669824Z,,v3,5431,5508,,"Napleton, Luke",813847,Right,HP,50d99d78-b613-420a-b74e-24d68e938be4,54.52469,-135.37935,14.18129,5.37429,-1.02849,-10.52046,-1.62835,7.41509,-6.91123,,0.21865,38.9533,-14.63088,0.63742,-0.02647,-0.0368,0.01792,-0.00335,0.00026,3.16822,70.34255,-21.85178,3.63317,-0.70885,0.17897,-0.03582,0.00585,-0.00081,0.25078,-85.35034,7.85075,-1.42307,0.28811,-0.05827,0.00827,-0.00155,0.00036,,,,,,,,,,,,,,,,,,,,,,,High,High,High,Medium,Undefined,,,
47,2025-09-25,19:24:55.74,2,3,"Bonta-Smith, Fin Del",1000447530,Right,HP,"Scantlin, Nate",676715,Left,GAS,Undefined,2,Top,1,1,1,FourSeamFastBall,Four-Seam,FoulBallNotFieldable,Undefined,Undefined,Undefined,0,0,,92.44967,-0.538748,-2.72864,2306.474964,225.462373,1:30,5.38107,1.53189,6.02504,-19.21922,13.56953,12.65674,3.27991,0.05753,83.77054,-4.185282,-0.454169,0.41213,96.68192,24.114129,-43.487567,3772.060906,74.56852,43.33775,-80.86726,317.77968,158.62817,-55.652909,3.823266,-7.32036,7.46733,-1.32504,50,5.32847,5.84079,-134.11164,-1.86527,-13.22501,31.18331,-18.68351,HP,GAS,HighPoint,Independent,ATL,20250925-HighPoint-1,d859c970-9a66-11f0-b2ef-f50b1063f050,91.45769,52.77245,,8.67913,,,,0.01535,3.22012,0.06723,140c42c3-e7fe-494f-8443-25f5b0d89000,2025-09-25,23:24:55.74,2025-09-25T19:24:55.7494784-04:00,2025-09-25T23:24:55.7494784Z,FlyBall,v3,5431,5508,,"Napleton, Luke",813847,Right,HP,e9a744ae-ba8a-434b-a456-f773ccde6ac6,54.47302,-135.14769,15.59166,5.38013,-1.24452,-9.34176,-1.52639,6.28018,-6.6125,,0.01522,93.89961,-23.69394,5.30916,-0.87906,0.04842,0.01926,-0.00498,0.00038,3.22052,57.92831,-19.46185,2.36114,-0.93033,0.35756,-0.09302,0.01375,-0.00086,0.06695,-89.06335,9.67502,-2.1299,0.49303,-0.10757,0.01774,-0.00166,6E-05,,,,,,,,,,,,,,,,,,,,,,,High,High,High,High,Low,,,
48,2025-09-25,19:25:25.12,2,4,"Bonta-Smith, Fin Del",1000447530,Right,HP,"Scantlin, Nate",676715,Left,GAS,Undefined,2,Top,1,1,2,ChangeUp,Changeup,InPlay,Undefined,GroundBall,Out,1,0,,86.85774,-1.034077,-2.588828,1407.778085,264.313209,2:45,5.2918,1.61321,6.41412,-33.89029,2.28331,12.01918,1.51583,0.23308,80.03565,-7.331561,-0.409172,0.43288,78.80609,-19.55127,43.766619,,,,,6.03832,2.08455,28.333395,0.041176,-7.02386,1.77315,-1.43354,50,5.20233,5.26278,-126.26442,-3.3422,-11.37256,24.99823,-29.30306,HP,GAS,HighPoint,Independent,ATL,20250925-HighPoint-1,e9e27700-9a66-11f0-b2ef-f50b1063f050,87.07369,1.59548,,6.82209,,,,2.07047,1.59548,-0.24191,140c42c3-e7fe-494f-8443-25f5b0d89000,2025-09-25,23:25:25.12,2025-09-25T19:25:25.1249664-04:00,2025-09-25T23:25:25.1249664Z,GroundBall,v3,5431,5508,,"Napleton, Luke",813847,Right,HP,61882d9d-ff05-4c8c-8d30-0c7dc55a082e,54.08757,-127.07111,12.49912,5.29492,-2.39659,-14.65153,-1.60929,5.62977,-5.68628,,2.06954,78.79568,,,,,,,,1.59593,-38.748,,,,,,,,-0.2428,75.47426,,,,,,,,,,,,,,,,,,,,,,,,,,,,,,High,High,High,Estimated,Estimated,,,
49,2025-09-25,19:26:03.21,3,1,"Bonta-Smith, Fin Del",1000447530,Right,HP,"McKeithan, Aaron",702463,Right,GAS,Undefined,2,Top,2,0,0,TwoSeamFastBall,Sinker,BallCalled,Undefined,Undefined,Undefined,0,0,,93.36067,-0.107042,-1.650243,2179.548881,234.76495,1:45,5.53944,1.49317,5.83291,-21.33737,10.70784,13.76036,3.66179,1.10551,85.40335,-4.099088,0.816428,0.40743,,,,,,,,,,,,-7.44567,5.80083,-1.3665,50,5.51814,3.28712,-135.62282,-0.9918,-13.89508,29.11584,-21.34861,HP,GAS,HighPoint,Independent,ATL,20250925-HighPoint-1,0096fed0-9a67-11f0-b2ef-f50b1063f050,92.51268,,,7.95732,,,,,,,140c42c3-e7fe-494f-8443-25f5b0d89000,2025-09-25,23:26:03.21,2025-09-25T19:26:03.2159232-04:00,2025-09-25T23:26:03.2159232Z,,v3,5431,5508,,"Napleton, Luke",813847,Right,HP,0a6f8ba9-1137-471b-8d79-0566dacba5f2,54.666,-136.62085,14.55792,5.5396,-0.26001,-10.67431,-1.48734,3.76342,-6.94754,,,,,,,,,,,,,,,,,,,,,,,,,,,,,,,,,,,,,,,,,,,,,,,,,,,High,High,High,,,,,
50,2025-09-25,19:26:19.80,3,2,"Bonta-Smith, Fin Del",1000447530,Right,HP,"McKeithan, Aaron",702463,Right,GAS,Undefined,2,Top,2,1,0,TwoSeamFastBall,Sinker,StrikeCalled,Undefined,Undefined,Undefined,0,0,,92.11796,-1.553778,-1.741834,2107.13983,233.083417,1:45,5.45441,1.36461,6.11997,-22.03694,10.46843,12.62276,2.1805,0.80567,84.64103,-5.678917,0.534142,0.410345,,,,,,,,,,,,-6.9613,6.12894,-1.2375,50,5.32381,3.534,-133.85367,-4.35382,-12.68235,27.76338,-21.00816,HP,GAS,HighPoint,Independent,ATL,20250925-HighPoint-1,0a7b7f20-9a67-11f0-b2ef-f50b1063f050,91.85552,,,7.47693,,,,,,,140c42c3-e7fe-494f-8443-25f5b0d89000,2025-09-25,23:26:19.80,2025-09-25T19:26:19.8082560-04:00,2025-09-25T23:26:19.8082560Z,,v3,5431,5508,,"Napleton, Luke",813847,Right,HP,eddff77e-2729-4265-acc7-b35d46322ef5,54.37943,-134.75897,13.88169,5.45461,-3.66879,-10.50408,-1.35948,3.94754,-6.34117,,,,,,,,,,,,,,,,,,,,,,,,,,,,,,,,,,,,,,,,,,,,,,,,,,,High,High,High,,,,,
51,2025-09-25,19:26:38.37,3,3,"Bonta-Smith, Fin Del",1000447530,Right,HP,"McKeithan, Aaron",702463,Right,GAS,Undefined,2,Top,2,1,1,FourSeamFastBall,Four-Seam,FoulBallNotFieldable,Undefined,Undefined,Undefined,0,0,,93.19002,-0.932712,-2.440887,2307.882704,214.990672,1:15,5.54155,1.3691,5.84943,-15.75584,16.51895,10.83674,3.36099,0.00264,84.94903,-3.932443,-0.499586,0.408887,65.56822,47.123071,93.320136,5121.877546,,,,,58.89282,,,-6.23548,9.0213,-1.177,50,5.45651,5.28641,-135.25711,-2.68868,-11.53603,29.86411,-15.48409,HP,GAS,HighPoint,Independent,ATL,20250925-HighPoint-1,158b6010-9a67-11f0-b2ef-f50b1063f050,92.18305,54.20712,,8.241,,,,0.98175,3.29333,-0.02155,140c42c3-e7fe-494f-8443-25f5b0d89000,2025-09-25,23:26:38.37,2025-09-25T19:26:38.3764480-04:00,2025-09-25T23:26:38.3764480Z,,v3,5431,5508,,"Napleton, Luke",813847,Right,HP,a976a3df-dbf9-4411-94b2-636a8884ece8,54.64968,-136.27987,14.93205,5.53951,-2.1584,-7.74204,-1.36481,5.68149,-5.76802,316.708519,0.98175,-3.78962,-8.28162,2.06781,-0.52031,0.10012,-0.01524,0.00423,-0.00069,3.29333,70.47248,-22.99949,3.01657,-0.63142,0.13193,-0.01987,0.00413,-0.00066,-0.02155,65.32438,-8.83929,0.0895,0.12324,-0.09218,0.02031,-0.00291,0.00049,,,,,,,,,,,,,,,,,,,,,,,High,High,High,High,Undefined,,,
52,2025-09-25,19:27:06.12,3,4,"Bonta-Smith, Fin Del",1000447530,Right,HP,"McKeithan, Aaron",702463,Right,GAS,Undefined,2,Top,2,1,2,FourSeamFastBall,Four-Seam,InPlay,Undefined,GroundBall,Out,1,0,,92.62884,-1.403421,-3.101757,2224.008343,224.012163,1:30,5.54951,1.20448,6.01928,-19.17509,13.4943,11.96682,2.64947,-0.67414,84.08954,-5.033183,-0.952262,0.411379,93.61572,-7.316537,18.005015,,,,,23.18439,22.56087,18.417896,0.16641,-7.08382,7.68682,-0.96779,50,5.429,6.76058,-134.313,-3.90127,-12.85023,30.98429,-18.22998,HP,GAS,HighPoint,Independent,ATL,20250925-HighPoint-1,26108050-9a67-11f0-b2ef-f50b1063f050,91.62464,2.7427,,8.53931,,,,0.87692,2.7427,0.64751,140c42c3-e7fe-494f-8443-25f5b0d89000,2025-09-25,23:27:06.12,2025-09-25T19:27:06.1267968-04:00,2025-09-25T23:27:06.1267968Z,GroundBall,v3,5431,5508,,"Napleton, Luke",813847,Right,HP,89f02da0-5730-42e4-861e-5d192a1ef3db,54.47929,-135.34237,15.49215,5.54854,-3.29563,-9.11499,-1.19948,7.18749,-6.42512,161.118376,0.87736,129.48068,-15.44861,,,,,,,2.74179,-17.41319,5.66286,,,,,,,0.64806,42.05121,-11.60331,,,,,,,,,,,,,,,,,,,,,,,,,,,,,High,High,High,High,High,,,
53,2025-09-25,19:29:43.09,1,1,"Westcott, Zac",686170,Right,GAS,"Brewer, Aidan",1000132240,Right,HP,Undefined,2,Bottom,0,0,0,FourSeamFastBall,Changeup,StrikeCalled,Undefined,Undefined,Undefined,0,0,,83.88631,-2.155024,-3.182357,2222.303235,225.538028,1:30,6.02017,1.22306,6.07129,-22.42198,17.33139,16.27729,2.15348,-0.36835,76.36464,-6.398708,-0.254676,0.453794,,,,,,,,,,,,-9.23233,9.94863,-0.98446,50,5.84097,6.10662,-121.5731,-5.20655,-13.7456,24.99012,-17.36197,HP,GAS,HighPoint,Independent,ATL,20250925-HighPoint-1,83afc950-9a67-11f0-b2ef-f50b1063f050,83.06074,,,7.52167,,,,,,,140c42c3-e7fe-494f-8443-25f5b0d89000,2025-09-25,23:29:43.09,2025-09-25T19:29:43.0901760-04:00,2025-09-25T23:29:43.0901760Z,,v3,5431,5508,,"McKeithan, Aaron",702463,Right,GAS,d8bf5677-bd76-448f-baac-914f415640d6,54.42556,-122.47943,12.49506,6.01838,-4.57688,-8.68098,-1.21497,6.60513,-6.8728,,,,,,,,,,,,,,,,,,,,,,,,,,,,,,,,,,,,,,,,,,,,,,,,,,,High,High,High,,,,,
54,2025-09-25,19:29:56.05,1,2,"Westcott, Zac",686170,Right,GAS,"Brewer, Aidan",1000132240,Right,HP,Undefined,2,Bottom,0,0,1,Curveball,Curveball,FoulBallNotFieldable,Undefined,Undefined,Undefined,0,0,,67.26652,3.871323,-1.695183,2015.48219,26.250027,7:00,5.5678,1.50245,5.55859,-81.97603,-18.41166,-10.15595,2.36057,-0.92816,61.41897,-11.03195,-3.507784,0.573823,,,,,,,,,,,,4.6015,-10.0291,-1.34898,50,5.84813,3.22134,-97.45828,4.20068,4.35309,17.65949,-41.66172,HP,GAS,HighPoint,Independent,ATL,20250925-HighPoint-1,8b707f40-9a67-11f0-b2ef-f50b1063f050,65.68648,,,5.84755,,,,,,,140c42c3-e7fe-494f-8443-25f5b0d89000,2025-09-25,23:29:56.05,2025-09-25T19:29:56.0580608-04:00,2025-09-25T23:29:56.0580608Z,,v3,5431,5508,,"McKeithan, Aaron",702463,Right,GAS,f2d8942f-2831-4db8-8e56-99a35b0c2b71,54.94691,-98.35058,8.82974,5.5827,6.30576,-20.83086,-1.50619,3.00139,2.17655,,,,,,,,,,,,,,,,,,,,,,,,,,,,,,,,,,,,,,,,,,,,,,,,,,,High,High,High,,,,,
55,2025-09-25,19:30:22.80,1,3,"Westcott, Zac",686170,Right,GAS,"Brewer, Aidan",1000132240,Right,HP,Undefined,2,Bottom,0,0,2,Curveball,Curveball,BallCalled,Undefined,Undefined,Undefined,0,0,,70.11208,1.640614,-2.745807,2083.282744,26.278147,7:00,5.46527,1.43763,5.93629,-75.08032,-17.33147,-9.54449,0.73276,-1.90702,64.20274,-12.059147,-4.463182,0.546944,,,,,,,,,,,,3.95024,-8.77402,-1.21317,50,5.55489,5.19867,-101.70969,0.72234,4.05443,19.82235,-41.17949,HP,GAS,HighPoint,Independent,ATL,20250925-HighPoint-1,9b651f50-9a67-11f0-b2ef-f50b1063f050,68.91459,,,5.90934,,,,,,,140c42c3-e7fe-494f-8443-25f5b0d89000,2025-09-25,23:30:22.80,2025-09-25T19:30:22.8051456-04:00,2025-09-25T23:30:22.8051456Z,,v3,5431,5508,,"McKeithan, Aaron",702463,Right,GAS,4cc6d24c-346c-40b2-ac21-146ebf31727f,54.56767,-102.59603,9.91117,5.48142,2.56364,-20.58974,-1.44157,5.01739,2.02721,,,,,,,,,,,,,,,,,,,,,,,,,,,,,,,,,,,,,,,,,,,,,,,,,,,High,High,High,,,,,
56,2025-09-25,19:30:41.12,1,4,"Westcott, Zac",686170,Right,GAS,"Brewer, Aidan",1000132240,Right,HP,Undefined,2,Bottom,0,1,2,FourSeamFastBall,Four-Seam,FoulBallNotFieldable,Undefined,Undefined,Undefined,0,0,,85.81166,-0.061679,-3.140435,2252.881454,224.289049,1:30,5.92804,1.31405,6.21372,-22.70131,15.17021,13.5206,3.97927,-0.46037,77.64131,-4.381727,-0.703569,0.442923,74.02381,13.231027,169.680277,1915.046082,,,,,44.14707,,,-7.93044,8.25331,-1.08485,50,5.91205,6.28943,-124.44643,-0.77389,-12.31542,27.24533,-19.35721,HP,GAS,HighPoint,Independent,ATL,20250925-HighPoint-1,a63b2b90-9a67-11f0-b2ef-f50b1063f050,85.09939,12.30295,,8.17035,,,,-0.06071,4.09136,-0.11396,140c42c3-e7fe-494f-8443-25f5b0d89000,2025-09-25,23:30:41.12,2025-09-25T19:30:41.1212288-04:00,2025-09-25T23:30:41.1212288Z,,v3,5431,5508,,"McKeithan, Aaron",702463,Right,GAS,62b93237-dee5-41ac-9cef-db672c6ee3f1,54.28348,-125.38072,13.62267,5.9272,-0.11011,-9.67861,-1.30777,6.71174,-6.15771,,-0.05863,-104.04286,7.71584,,,,,,,4.09104,24.85933,-13.78432,,,,,,,-0.10026,18.51351,-17.76022,,,,,,,,,,,,,,,,,,,,,,,,,,,,,High,High,High,Medium,Undefined,,,
57,2025-09-25,19:31:06.23,1,5,"Westcott, Zac",686170,Right,GAS,"Brewer, Aidan",1000132240,Right,HP,Undefined,2,Bottom,0,1,2,ChangeUp,Changeup,FoulBallNotFieldable,Undefined,Undefined,Undefined,0,0,,76.3178,0.464582,-3.010077,2018.476426,258.001618,2:30,5.68243,1.35156,5.88831,-43.31876,4.75784,15.16501,2.50453,-0.18228,69.96676,-7.534555,-0.289888,0.499043,86.53658,52.991469,39.392746,4598.479421,71.41248,120.58277,83.6673,243.05065,113.44497,56.128088,5.723025,-8.64997,2.73921,-1.11764,50,5.69486,5.28282,-110.76491,-0.39852,-10.72748,20.10778,-28.77696,HP,GAS,HighPoint,Independent,ATL,20250925-HighPoint-1,b53c43e0-9a67-11f0-b2ef-f50b1063f050,75.52939,127.95535,,6.35104,,,,1.17051,2.99759,0.30765,140c42c3-e7fe-494f-8443-25f5b0d89000,2025-09-25,23:31:06.23,2025-09-25T19:31:06.2365696-04:00,2025-09-25T23:31:06.2365696Z,FlyBall,v3,5431,5508,,"McKeithan, Aaron",702463,Right,GAS,f69a63c8-82f7-4ad8-b94c-f2a8b713c333,54.61227,-111.59906,10.05389,5.68663,0.79526,-14.38848,-1.34602,5.72783,-5.36374,205.516249,1.17901,58.83752,-18.91202,4.12238,0.16478,-0.41953,0.12052,-0.01483,0.00069,2.98446,101.56478,-25.69814,3.3355,-0.88026,0.17559,-0.01499,-0.00044,0.0001,0.30307,48.56276,-4.56853,0.86645,-0.28877,0.1025,-0.02235,0.00253,-0.00011,,,,,,,,,,,,,,,,,,,,,,,High,High,High,High,Low,,,
58,2025-09-25,19:31:44.27,1,6,"Westcott, Zac",686170,Right,GAS,"Brewer, Aidan",1000132240,Right,HP,Undefined,2,Bottom,0,1,2,Curveball,Curveball,InPlay,Undefined,GroundBall,Out,1,0,,70.1115,2.672044,-1.420576,2049.481413,36.069933,7:15,5.50621,1.4994,5.41935,-75.69666,-17.26493,-13.97304,1.70375,-0.996,64.39092,-11.030063,-3.911341,0.550169,89.35213,-3.252306,-15.053333,,,,,22.1469,20.63538,-11.504734,0.159271,6.63181,-9.07815,-1.36298,50,5.69025,3.00819,-101.72703,2.40232,6.86641,18.54697,-41.57332,HP,GAS,HighPoint,Independent,ATL,20250925-HighPoint-1,cbecd410-9a67-11f0-b2ef-f50b1063f050,68.51071,1.82659,,5.72058,,,,2.09547,1.82659,0.97149,140c42c3-e7fe-494f-8443-25f5b0d89000,2025-09-25,23:31:44.27,2025-09-25T19:31:44.2741760-04:00,2025-09-25T23:31:44.2741760Z,GroundBall,v3,5431,5508,,"McKeithan, Aaron",702463,Right,GAS,75e97fb6-85a9-4f21-a9d4-b36494bef6a3,55.08629,-102.65018,9.27349,5.51918,4.47157,-20.78666,-1.5042,2.66642,3.4332,23.062019,2.09593,126.3109,-20.18812,,,,,,,1.82739,-7.50115,-24.97126,,,,,,,0.9716,-33.9903,0.97735,,,,,,,,,,,,,,,,,,,,,,,,,,,,,High,High,High,High,High,,,
59,2025-09-25,19:32:19.65,2,1,"Westcott, Zac",686170,Right,GAS,"Wilson, Cody",680963,Right,HP,Undefined,2,Bottom,1,0,0,FourSeamFastBall,Sinker,BallCalled,Undefined,Undefined,Undefined,0,0,,85.95118,-1.205253,-4.529415,2310.630187,227.848556,1:30,5.941,1.20652,6.14906,-22.0832,15.52068,15.80796,2.98343,-1.67007,78.52649,-5.378351,-1.690067,0.441355,,,,,,,,,,,,-9.34579,8.70709,-0.86884,50,5.83752,9.22804,-124.52968,-3.26188,-14.69151,24.75653,-18.48662,HP,GAS,HighPoint,Independent,ATL,20250925-HighPoint-1,e1022ad0-9a67-11f0-b2ef-f50b1063f050,85.40169,,,7.42469,,,,,,,140c42c3-e7fe-494f-8443-25f5b0d89000,2025-09-25,23:32:19.65,2025-09-25T19:32:19.6531200-04:00,2025-09-25T23:32:19.6531200Z,,v3,5431,5508,,"McKeithan, Aaron",702463,Right,GAS,1defbf33-65e9-448c-94bf-d7b348e3b64b,54.3491,-125.3913,12.37827,5.93985,-2.61847,-9.24331,-1.1989,9.73936,-7.34575,,,,,,,,,,,,,,,,,,,,,,,,,,,,,,,,,,,,,,,,,,,,,,,,,,,High,High,High,,,,,
60,2025-09-25,19:32:36.13,2,2,"Westcott, Zac",686170,Right,GAS,"Wilson, Cody",680963,Right,HP,Undefined,2,Bottom,1,1,0,TwoSeamFastBall,Changeup,InPlay,Undefined,FlyBall,Out,1,0,,84.49398,-1.267374,-3.070533,2291.70679,231.345147,1:45,5.94002,1.22866,5.944,-25.24163,13.79139,15.71028,2.65908,-0.31305,77.46961,-5.990087,-0.251259,0.449663,101.63551,22.663931,-4.065554,2062.159226,109.73724,42.79996,-7.59788,388.79741,383.05664,-3.736993,4.411942,-8.94658,7.7952,-0.99296,50,5.82469,5.96634,-122.63587,-3.48704,-13.65011,23.83105,-20.28065,HP,GAS,HighPoint,Independent,ATL,20250925-HighPoint-1,eaccba80-9a67-11f0-b2ef-f50b1063f050,83.82368,61.82059,,7.02437,,,,1.9969,2.75293,0.32121,140c42c3-e7fe-494f-8443-25f5b0d89000,2025-09-25,23:32:36.13,2025-09-25T19:32:36.1348608-04:00,2025-09-25T23:32:36.1348608Z,LineDrive,v3,5431,5508,,"McKeithan, Aaron",702463,Right,GAS,00cf4643-6b74-47d3-8d3e-3e69e5fec400,54.55649,-123.51813,11.91553,5.93989,-2.73622,-10.14033,-1.2232,6.47169,-6.82506,176.83862,1.99585,137.23687,-23.6994,5.73681,-1.38,0.33077,-0.06526,0.00804,-0.00043,2.75449,57.39476,-14.48069,-0.03028,0.34077,-0.1646,0.04289,-0.00563,0.00029,0.3214,-9.7552,1.05684,0.02102,-0.01215,-0.0116,0.00572,-0.00096,6E-05,,,,,,,,,,,,,,,,,,,,,,,High,High,High,High,High,,,
61,2025-09-25,19:33:15.68,3,1,"Westcott, Zac",686170,Right,GAS,"Burt, D.J.",656274,Right,HP,Undefined,2,Bottom,2,0,0,Curveball,Curveball,BallCalled,Undefined,Undefined,Undefined,0,0,,66.93797,5.681622,-0.381181,1938.908123,34.214366,7:15,5.58447,1.39751,5.17722,-82.91768,-17.79288,-13.59068,4.03857,-0.09373,60.87159,-9.313883,-2.784544,0.580824,,,,,,,,,,,,6.54961,-9.73552,-1.35148,50,6.05193,1.13507,-96.74365,7.02833,6.13823,16.65935,-41.2981,HP,GAS,HighPoint,Independent,ATL,20250925-HighPoint-1,027abd80-9a68-11f0-b2ef-f50b1063f050,64.89475,,,6.06639,,,,,,,140c42c3-e7fe-494f-8443-25f5b0d89000,2025-09-25,23:33:15.68,2025-09-25T19:33:15.6841472-04:00,2025-09-25T23:33:15.6841472Z,,v3,5431,5508,,"McKeithan, Aaron",702463,Right,GAS,063d19b2-d5a9-4753-8d10-5a60c9d1ae89,55.32832,-97.65689,8.32967,5.6046,9.29221,-20.64905,-1.40448,0.79859,3.06911,,,,,,,,,,,,,,,,,,,,,,,,,,,,,,,,,,,,,,,,,,,,,,,,,,,High,High,High,,,,,
62,2025-09-25,19:33:29.88,3,2,"Westcott, Zac",686170,Right,GAS,"Burt, D.J.",656274,Right,HP,Undefined,2,Bottom,2,1,0,FourSeamFastBall,Changeup,FoulBallNotFieldable,Undefined,Undefined,Undefined,0,0,,84.93295,-0.893844,-2.004648,2263.207886,223.566814,1:30,6.07131,1.22126,5.95488,-22.53147,16.24737,14.238,3.36417,0.54791,77.37743,-5.149786,0.553086,0.448197,69.04019,19.137767,169.775048,3044.21763,-109.50056,11.70452,10.46936,146.126,44.3962,176.329842,1.760154,-7.91524,8.98422,-1.07001,50,5.98769,3.75184,-123.3021,-2.58696,-12.13162,25.52928,-18.40398,HP,GAS,HighPoint,Independent,ATL,20250925-HighPoint-1,0ad98830-9a68-11f0-b2ef-f50b1063f050,84.09798,15.91931,,7.55552,,,,1.83523,3.21115,-0.63949,140c42c3-e7fe-494f-8443-25f5b0d89000,2025-09-25,23:33:29.88,2025-09-25T19:33:29.8849280-04:00,2025-09-25T23:33:29.8849280Z,LineDrive,v3,5431,5508,,"McKeithan, Aaron",702463,Right,GAS,ac21106d-ae55-46ed-951b-58e7f38f92a3,54.54426,-124.23941,12.76464,6.07026,-1.91125,-9.20199,-1.21594,4.19725,-6.06581,313.555381,1.83517,-94.13791,5.35163,0.55915,-0.59852,0.54723,-0.21922,0.01908,0.00471,3.21118,33.19452,-23.40524,2.42678,-0.12031,-0.33985,0.29247,-0.10333,0.01354,-0.63943,16.97571,-6.62713,-0.06564,0.54768,-0.59891,0.27185,-0.03923,-0.00189,,,,,,,,,,,,,,,,,,,,,,,High,High,High,High,Low,,,
63,2025-09-25,19:33:48.09,3,3,"Westcott, Zac",686170,Right,GAS,"Burt, D.J.",656274,Right,HP,Undefined,2,Bottom,2,1,1,Curveball,Curveball,BallCalled,Undefined,Undefined,Undefined,0,0,,68.2129,4.894757,0.03942,1955.621621,32.300617,7:00,5.55846,1.46234,5.36848,-78.04044,-14.87135,-10.95678,3.65574,0.58624,61.08604,-9.344827,-1.907269,0.572037,,,,,,,,,,,,5.40288,-8.2163,-1.45814,50,5.94448,0.33557,-98.50911,6.00349,5.16208,19.68436,-40.02417,HP,GAS,HighPoint,Independent,ATL,20250925-HighPoint-1,15d014c0-9a68-11f0-b2ef-f50b1063f050,65.89166,,,7.12685,,,,,,,140c42c3-e7fe-494f-8443-25f5b0d89000,2025-09-25,23:33:48.09,2025-09-25T19:33:48.0979968-04:00,2025-09-25T23:33:48.0979968Z,,v3,5431,5508,,"McKeithan, Aaron",702463,Right,GAS,fc0d832e-3616-4479-8182-8050c6b3d50e,55.13169,-99.52926,9.84218,5.5796,8.07775,-20.01209,-1.4686,0.06804,2.58104,,,,,,,,,,,,,,,,,,,,,,,,,,,,,,,,,,,,,,,,,,,,,,,,,,,High,High,High,,,,,
64,2025-09-25,19:34:06.27,3,4,"Westcott, Zac",686170,Right,GAS,"Burt, D.J.",656274,Right,HP,Undefined,2,Bottom,2,2,1,FourSeamFastBall,Changeup,BallCalled,Undefined,Undefined,Undefined,0,0,,84.12979,1.0688,-2.909491,2206.563446,224.403067,1:30,6.02679,1.27989,5.95453,-24.68635,15.67643,13.8217,4.96219,-0.26887,74.98491,-3.639816,-0.43055,0.457259,,,,,,,,,,,,-7.98032,8.08402,-1.05566,50,6.09827,5.60552,-121.74008,1.56608,-11.69687,29.09915,-20.32519,HP,GAS,HighPoint,Independent,ATL,20250925-HighPoint-1,208dde10-9a68-11f0-b2ef-f50b1063f050,82.43135,,,9.14487,,,,,,,140c42c3-e7fe-494f-8443-25f5b0d89000,2025-09-25,23:34:06.27,2025-09-25T19:34:06.2778368-04:00,2025-09-25T23:34:06.2778368Z,,v3,5431,5508,,"McKeithan, Aaron",702463,Right,GAS,46586156-ba73-4864-9898-3c4ec1595cfc,54.53822,-122.82004,14.54957,6.02615,2.32041,-10.1626,-1.27176,6.03963,-5.84844,,,,,,,,,,,,,,,,,,,,,,,,,,,,,,,,,,,,,,,,,,,,,,,,,,,High,High,High,,,,,
65,2025-09-25,19:34:25.46,3,5,"Westcott, Zac",686170,Right,GAS,"Burt, D.J.",656274,Right,HP,Undefined,2,Bottom,2,3,1,TwoSeamFastBall,Changeup,FoulBallNotFieldable,Undefined,Undefined,Undefined,0,0,,83.467,0.104427,-2.797247,2136.252502,234.12021,1:45,5.92066,1.17534,6.11001,-27.35183,13.34217,16.27312,3.73802,-0.05719,74.63187,-5.089514,0.132218,0.459131,68.05587,22.722301,170.447358,2680.125612,-109.81282,14.20506,6.40645,146.19159,43.69148,178.782758,1.844641,-9.3576,7.28622,-0.96884,50,5.91461,5.26845,-120.91853,-0.56898,-13.52473,28.80838,-21.6431,HP,GAS,HighPoint,Independent,ATL,20250925-HighPoint-1,2bf295c0-9a68-11f0-b2ef-f50b1063f050,82.09516,19.13026,,8.83513,,,,1.84395,3.58307,-0.0882,140c42c3-e7fe-494f-8443-25f5b0d89000,2025-09-25,23:34:25.46,2025-09-25T19:34:25.4697472-04:00,2025-09-25T23:34:25.4697472Z,LineDrive,v3,5431,5508,,"McKeithan, Aaron",702463,Right,GAS,0f783a19-3c2f-4444-86c5-daf7fde97478,54.38639,-121.95909,14.40419,5.92105,0.21278,-10.82155,-1.16796,5.75696,-6.76237,311.729991,1.84395,-90.79158,5.46552,0.22133,-0.11582,0.05266,-0.00919,0.00117,-0.00013,3.58307,38.5551,-26.03727,3.06537,-0.64922,0.13156,-0.02181,0.00369,-0.00036,-0.0882,15.27908,-9.47143,1.64375,-0.35078,0.06054,-0.01128,0.00222,-0.00021,,,,,,,,,,,,,,,,,,,,,,,High,High,High,Medium,Low,,,
66,2025-09-25,19:34:48.86,3,6,"Westcott, Zac",686170,Right,GAS,"Burt, D.J.",656274,Right,HP,Undefined,2,Bottom,2,3,2,TwoSeamFastBall,Changeup,FoulBallNotFieldable,Undefined,Undefined,Undefined,0,0,,84.14841,-0.376965,-3.331672,2202.210058,231.849459,1:45,6.00531,1.20219,6.39686,-24.88509,13.98115,16.18024,3.58427,-0.51698,76.68799,-5.093996,-0.405022,0.448702,,,,,,,,,,,,-9.41205,7.78386,-0.96999,50,5.96669,6.50973,-122.14875,-1.49045,-14.16958,24.86012,-20.45569,HP,GAS,HighPoint,Independent,ATL,20250925-HighPoint-1,39e59970-9a68-11f0-b2ef-f50b1063f050,84.00335,,,7.46043,,,,,,,140c42c3-e7fe-494f-8443-25f5b0d89000,2025-09-25,23:34:48.86,2025-09-25T19:34:48.8691712-04:00,2025-09-25T23:34:48.8691712Z,,v3,5431,5508,,"McKeithan, Aaron",702463,Right,GAS,94d403f6-5ab4-4848-9831-2212234def63,54.10258,-122.98089,12.43006,6.00512,-0.80574,-10.22784,-1.19583,6.98402,-7.08479,,,,,,,,,,,,,,,,,,,,,,,,,,,,,,,,,,,,,,,,,,,,,,,,,,,High,High,High,,,,,
67,2025-09-25,19:35:10.11,3,7,"Westcott, Zac",686170,Right,GAS,"Burt, D.J.",656274,Right,HP,Undefined,2,Bottom,2,3,2,Curveball,Curveball,BallCalled,Walk,Undefined,Undefined,0,0,,66.81424,4.867828,0.053679,1927.981342,27.515278,7:00,5.4666,1.47998,5.19059,-82.52075,-16.84284,-10.01075,3.18024,0.69625,60.47425,-10.087218,-1.72011,0.583285,,,,,,,,,,,,4.92851,-9.06583,-1.47725,50,5.85753,0.27208,-96.59059,5.65142,4.56836,17.68966,-40.5774,HP,GAS,HighPoint,Independent,ATL,20250925-HighPoint-1,46ae9c10-9a68-11f0-b2ef-f50b1063f050,64.62093,,,6.33999,,,,,,,140c42c3-e7fe-494f-8443-25f5b0d89000,2025-09-25,23:35:10.11,2025-09-25T19:35:10.1117440-04:00,2025-09-25T23:35:10.1117440Z,,v3,5431,5508,,"McKeithan, Aaron",702463,Right,GAS,918d132d-1853-43cc-9390-ba6b67f57fed,55.31272,-97.55872,8.84483,5.48747,7.87214,-20.2887,-1.4853,0.02206,2.28418,,,,,,,,,,,,,,,,,,,,,,,,,,,,,,,,,,,,,,,,,,,,,,,,,,,High,High,High,,,,,
68,2025-09-25,19:35:54.78,4,1,"Westcott, Zac",686170,Right,GAS,"Gonzalez, Luis",8894175,Left,HP,Undefined,2,Bottom,2,0,0,Curveball,Curveball,FoulBallNotFieldable,Undefined,Undefined,Undefined,0,0,,68.3727,3.740489,-1.662932,2029.222757,31.443929,7:00,5.52631,1.56077,5.6759,-76.01721,-14.25583,-10.11591,2.68509,-0.83294,61.78424,-10.169617,-3.471024,0.565627,,,,,,,,,,,,4.59485,-8.0726,-1.41378,50,5.7939,3.2085,-98.97466,4.27836,4.44418,19.46827,-39.98193,HP,GAS,HighPoint,Independent,ATL,20250925-HighPoint-1,61436b50-9a68-11f0-b2ef-f50b1063f050,66.63837,,,6.58847,,,,,,,140c42c3-e7fe-494f-8443-25f5b0d89000,2025-09-25,23:35:54.78,2025-09-25T19:35:54.7888640-04:00,2025-09-25T23:35:54.7888640Z,,v3,5431,5508,,"McKeithan, Aaron",702463,Right,GAS,23f11f73-d77e-4ab3-9d4f-997a01cbeec9,54.82708,-99.91963,9.73414,5.53913,6.21904,-19.99097,-1.56428,2.99279,2.22209,,,,,,,,,,,,,,,,,,,,,,,,,,,,,,,,,,,,,,,,,,,,,,,,,,,High,High,High,,,,,
69,2025-09-25,19:36:26.92,4,2,"Westcott, Zac",686170,Right,GAS,"Gonzalez, Luis",8894175,Left,HP,Undefined,2,Bottom,2,0,1,TwoSeamFastBall,Changeup,FoulBallNotFieldable,Undefined,Undefined,Undefined,0,0,,83.67842,-0.518561,-3.507289,2204.190711,232.622533,1:45,5.87668,1.28828,6.10694,-25.36249,14.21139,16.97591,3.28269,-0.54443,76.60807,-5.287713,-0.454192,0.452768,64.54424,52.817806,-151.592087,3636.920518,,,,,27.87001,,,-9.7456,7.85374,-1.02749,50,5.8234,6.79652,-121.44793,-1.8411,-14.58006,23.40989,-20.4243,HP,GAS,HighPoint,Independent,ATL,20250925-HighPoint-1,74592180-9a68-11f0-b2ef-f50b1063f050,83.24891,34.83377,,7.07035,,,,0.96196,3.32906,0.47675,140c42c3-e7fe-494f-8443-25f5b0d89000,2025-09-25,23:36:26.92,2025-09-25T19:36:26.9237248-04:00,2025-09-25T23:36:26.9237248Z,,v3,5431,5508,,"McKeithan, Aaron",702463,Right,GAS,0ee53c06-a91b-4740-8862-a4bd9efff92b,54.39326,-122.29183,11.70494,5.8765,-1.10482,-10.21215,-1.28197,7.32211,-7.29003,,0.96926,-50.52126,-2.96609,,,,,,,3.3334,75.30398,-22.27785,,,,,,,0.4814,-27.34494,-2.1496,,,,,,,,,,,,,,,,,,,,,,,,,,,,,High,High,High,High,Undefined,,,
70,2025-09-25,19:36:54.22,4,3,"Westcott, Zac",686170,Right,GAS,"Gonzalez, Luis",8894175,Left,HP,Undefined,2,Bottom,2,0,2,Curveball,Curveball,FoulBallNotFieldable,Undefined,Undefined,Undefined,0,0,,69.37084,4.061005,-0.56972,2013.997145,33.654968,7:00,5.45923,1.49885,5.39256,-77.07307,-16.74588,-12.58335,2.84904,-0.08372,62.89611,-9.950527,-2.808794,0.559021,,,,,,,,,,,,6.1313,-9.17512,-1.43871,50,5.76774,1.44353,-100.43639,4.74266,6.14248,19.18344,-41.36588,HP,GAS,HighPoint,Independent,ATL,20250925-HighPoint-1,84ad94d0-9a68-11f0-b2ef-f50b1063f050,67.42584,,,6.47473,,,,,,,140c42c3-e7fe-494f-8443-25f5b0d89000,2025-09-25,23:36:54.22,2025-09-25T19:36:54.2242304-04:00,2025-09-25T23:36:54.2242304Z,,v3,5431,5508,,"McKeithan, Aaron",702463,Right,GAS,2a6c622a-c70b-4d79-90bb-9c4c96fbbda9,55.11143,-101.40798,9.59172,5.47448,6.83773,-20.68294,-1.50395,1.13243,3.07124,,,,,,,,,,,,,,,,,,,,,,,,,,,,,,,,,,,,,,,,,,,,,,,,,,,High,High,High,,,,,
71,2025-09-25,19:37:22.14,4,4,"Westcott, Zac",686170,Right,GAS,"Gonzalez, Luis",8894175,Left,HP,Undefined,2,Bottom,2,0,2,FourSeamFastBall,Changeup,InPlay,Undefined,GroundBall,Single,0,0,,84.93397,-0.52527,-2.32417,2216.135113,229.127614,1:45,5.75645,1.42111,6.23117,-23.45891,15.11835,15.93198,3.31654,0.60339,76.96271,-4.98357,0.55205,0.447031,97.86848,-6.280837,-40.165348,,,,,28.97313,23.60662,-41.190208,0.201005,-8.95154,8.38682,-1.2551,50,5.70558,4.38157,-123.27166,-1.78881,-13.63757,26.77301,-19.39687,HP,GAS,HighPoint,Independent,ATL,20250925-HighPoint-1,9543a500-9a68-11f0-b2ef-f50b1063f050,84.31736,3.16199,,7.97126,,,,-0.15126,3.16199,-0.55047,140c42c3-e7fe-494f-8443-25f5b0d89000,2025-09-25,23:37:22.14,2025-09-25T19:37:22.1471232-04:00,2025-09-25T23:37:22.1471232Z,GroundBall,v3,5431,5508,,"McKeithan, Aaron",702463,Right,GAS,027c431f-6cc3-428a-82ec-5e0b797f0ad4,54.26675,-124.19489,13.3865,5.75573,-1.11994,-9.69844,-1.41429,4.85184,-6.81879,180,-0.1574,109.2228,,,,,,,,3.16287,-15.7309,,,,,,,,-0.54529,-92.18724,,,,,,,,,,,,,,,,,,,,,,,,,,,,,,High,High,High,High,Medium,,,
72,2025-09-25,19:38:13.13,5,1,"Westcott, Zac",686170,Right,GAS,"Mendoza, Drew",666141,Left,HP,Undefined,2,Bottom,2,0,0,Curveball,Curveball,BallCalled,Undefined,Undefined,Undefined,0,0,,69.43747,4.170056,-2.76499,2041.884918,26.528461,7:00,5.46214,1.49215,5.43205,-79.13457,-19.00946,-10.53032,2.78439,-1.97685,63.18841,-10.182495,-4.63542,0.558084,,,,,,,,,,,,4.44898,-10.56997,-1.23922,50,5.77653,5.21184,-100.46034,4.92108,4.46831,18.88953,-42.78994,HP,GAS,HighPoint,Independent,ATL,20250925-HighPoint-1,b3b8e2c0-9a68-11f0-b2ef-f50b1063f050,67.53904,,,6.24906,,,,,,,140c42c3-e7fe-494f-8443-25f5b0d89000,2025-09-25,23:38:13.13,2025-09-25T19:38:13.1371520-04:00,2025-09-25T23:38:13.1371520Z,,v3,5431,5508,,"McKeithan, Aaron",702463,Right,GAS,6ed6596c-ba2d-4914-83f7-521efb2f7899,55.07336,-101.4098,9.44477,5.47512,7.07185,-21.39497,-1.49553,4.98724,2.23416,,,,,,,,,,,,,,,,,,,,,,,,,,,,,,,,,,,,,,,,,,,,,,,,,,,High,High,High,,,,,
73,2025-09-25,19:38:30.17,5,2,"Westcott, Zac",686170,Right,GAS,"Mendoza, Drew",666141,Left,HP,Undefined,2,Bottom,2,1,0,Curveball,Curveball,StrikeCalled,Undefined,Undefined,Undefined,0,0,,67.97843,4.632043,0.077003,1921.617647,28.59669,7:00,5.49436,1.55499,5.47194,-79.34496,-17.05643,-10.4452,3.22651,0.75661,61.94377,-9.796793,-1.783513,0.568035,,,,,,,,,,,,5.20855,-9.17355,-1.55468,50,5.84902,0.23885,-98.43705,5.54303,5.04953,17.36923,-41.06752,HP,GAS,HighPoint,Independent,ATL,20250925-HighPoint-1,bdea4a90-9a68-11f0-b2ef-f50b1063f050,66.35579,,,6.03466,,,,,,,140c42c3-e7fe-494f-8443-25f5b0d89000,2025-09-25,23:38:30.17,2025-09-25T19:38:30.1771264-04:00,2025-09-25T23:38:30.1771264Z,,v3,5431,5508,,"McKeithan, Aaron",702463,Right,GAS,1a365e4f-7bfc-48d2-94a0-baf5a43662c1,55.03268,-99.3211,8.68461,5.5137,7.63325,-20.53376,-1.5603,-0.01816,2.52476,,,,,,,,,,,,,,,,,,,,,,,,,,,,,,,,,,,,,,,,,,,,,,,,,,,High,High,High,,,,,
74,2025-09-25,19:38:48.91,5,3,"Westcott, Zac",686170,Right,GAS,"Mendoza, Drew",666141,Left,HP,Undefined,2,Bottom,2,1,1,Curveball,Curveball,BallCalled,Undefined,Undefined,Undefined,0,0,,68.58338,3.48345,-2.703357,2033.498116,24.719428,6:45,5.44201,1.58094,6.04384,-78.65929,-18.53115,-9.48343,2.11976,-1.71407,62.60096,-10.933976,-4.409393,0.558098,,,,,,,,,,,,4.04949,-10.36705,-1.36485,50,5.67085,4.98852,-99.41514,3.90259,3.97826,18.6685,-42.35876,HP,GAS,HighPoint,Independent,ATL,20250925-HighPoint-1,c908aa70-9a68-11f0-b2ef-f50b1063f050,67.53733,,,5.98243,,,,,,,140c42c3-e7fe-494f-8443-25f5b0d89000,2025-09-25,23:38:48.91,2025-09-25T19:38:48.9150464-04:00,2025-09-25T23:38:48.9150464Z,,v3,5431,5508,,"McKeithan, Aaron",702463,Right,GAS,a83198ac-2c82-4696-913e-694e390539f8,54.46167,-100.24947,9.33425,5.45414,5.79567,-21.17938,-1.58382,4.81072,1.98913,,,,,,,,,,,,,,,,,,,,,,,,,,,,,,,,,,,,,,,,,,,,,,,,,,,High,High,High,,,,,
75,2025-09-25,19:39:08.61,5,4,"Westcott, Zac",686170,Right,GAS,"Mendoza, Drew",666141,Left,HP,Undefined,2,Bottom,2,2,1,ChangeUp,Changeup,InPlay,Undefined,GroundBall,Single,0,1,,76.32689,0.280509,-3.190483,1951.703446,255.948355,2:30,5.60068,1.53879,5.71534,-42.24715,6.17843,18.43351,2.34181,0.09968,69.90678,-7.50542,0.105011,0.500851,99.86155,-1.689558,43.784689,,,,,43.3118,30.85224,39.824316,0.298402,-10.35532,3.48925,-1.28364,50,5.59785,5.50387,-110.73461,-0.7475,-12.82652,20.22427,-27.85213,HP,GAS,HighPoint,Independent,ATL,20250925-HighPoint-1,d4bfc7e0-9a68-11f0-b2ef-f50b1063f050,75.25677,3.26482,,6.42011,,,,2.43259,3.26482,1.77517,140c42c3-e7fe-494f-8443-25f5b0d89000,2025-09-25,23:39:08.61,2025-09-25T19:39:08.6103552-04:00,2025-09-25T23:39:08.6103552Z,GroundBall,v3,5431,5508,,"McKeithan, Aaron",702463,Right,GAS,3c8dd7e0-af62-4040-a1f7-f4cc82b737a4,54.78569,-111.60524,10.11213,5.60423,0.4515,-13.92607,-1.53245,6.05603,-6.41326,,2.42737,105.93413,-8.64421,,,,,,,3.27241,-4.6616,-21.20848,,,,,,,1.7949,100.41369,-45.35651,,,,,,,,,,,,,,,,,,,,,,,,,,,,,High,High,High,Low,Low,,,
76,2025-09-25,19:40:08.17,6,1,"Westcott, Zac",686170,Right,GAS,"Aklinski, Ben",679701,Right,HP,Undefined,2,Bottom,2,0,0,TwoSeamFastBall,Changeup,InPlay,Undefined,FlyBall,Out,1,0,,84.32879,-1.603384,-2.771099,2213.638793,233.635567,1:45,5.88892,1.19765,6.21268,-23.90501,15.17587,18.81237,2.41497,0.20593,76.75541,-6.125604,0.624027,0.449939,95.72482,36.596293,-15.624048,3591.318633,106.11131,78.64559,-28.98904,351.01322,347.64269,-15.518858,5.636351,-10.64827,8.74182,-0.99928,50,5.75661,5.21597,-122.37954,-4.10449,-16.03378,25.75562,-19.01095,HP,GAS,HighPoint,Independent,ATL,20250925-HighPoint-1,f83d2b40-9a68-11f0-b2ef-f50b1063f050,83.77234,110.97201,,7.57338,,,,2.51666,2.59678,-0.17009,140c42c3-e7fe-494f-8443-25f5b0d89000,2025-09-25,23:40:08.17,2025-09-25T19:40:08.1758208-04:00,2025-09-25T23:40:08.1758208Z,FlyBall,v3,5431,5508,,"McKeithan, Aaron",702463,Right,GAS,45ac722a-f7ee-40bc-aa7c-981cbe1fae4b,54.28755,-123.27858,12.87781,5.8883,-3.44088,-9.50547,-1.19112,5.77566,-8.01689,180.644296,2.52172,108.4659,-24.22279,6.0346,-0.99342,0.08509,0.00028,-0.00058,3E-05,2.59552,83.70458,-17.2206,0.12024,0.28512,-0.12259,0.02889,-0.00352,0.00017,-0.17142,-30.33494,6.97956,-1.80186,0.31173,-0.03032,0.00066,0.00012,-1E-05,,,,,,,,,,,,,,,,,,,,,,,High,High,High,High,Medium,,,
77,2025-09-25,19:42:24.82,1,1,"Bonta-Smith, Fin Del",1000447530,Right,HP,"Crook, Narciso",643271,Right,GAS,Undefined,3,Top,0,0,0,FourSeamFastBall,Four-Seam,BallCalled,Undefined,Undefined,Undefined,0,0,,91.70862,-2.993522,-3.362244,2244.065681,212.419572,1:00,5.51263,1.42126,6.02028,-14.0293,19.05162,11.43902,1.56347,-0.74334,84.07597,-5.678044,-1.308869,0.413962,,,,,,,,,,,,-6.74969,10.89812,-1.16366,50,5.26976,7.31591,-132.92109,-7.34563,-12.12634,27.37134,-12.59474,HP,GAS,HighPoint,Independent,ATL,20250925-HighPoint-1,49afb1a0-9a69-11f0-b2ef-f50b1063f050,91.05299,,,7.63265,,,,,,,140c42c3-e7fe-494f-8443-25f5b0d89000,2025-09-25,23:42:24.82,2025-09-25T19:42:24.8250368-04:00,2025-09-25T23:42:24.8250368Z,,v3,5431,5508,,"Napleton, Luke",813847,Right,HP,3724fdd0-a842-4465-b227-7d6fbc4779e7,54.47846,-133.84013,13.68567,5.5093,-6.92274,-6.29737,-1.41614,7.72307,-6.06317,,,,,,,,,,,,,,,,,,,,,,,,,,,,,,,,,,,,,,,,,,,,,,,,,,,High,High,High,,,,,
78,2025-09-25,19:42:41.30,1,2,"Bonta-Smith, Fin Del",1000447530,Right,HP,"Crook, Narciso",643271,Right,GAS,Undefined,3,Top,0,1,0,FourSeamFastBall,Four-Seam,FoulBallNotFieldable,Undefined,Undefined,Undefined,0,0,,91.3842,-1.828183,-2.312528,2272.264095,214.475901,1:15,5.49525,1.59908,5.9557,-15.85198,17.59717,11.33875,2.47688,0.39823,83.37715,-4.85229,-0.276625,0.416259,74.15019,50.184184,150.120689,4804.756388,,,,,45.13559,,,-6.48083,9.87812,-1.42166,50,5.34101,4.87087,-132.61905,-4.69926,-11.52429,28.76755,-14.60863,HP,GAS,HighPoint,Independent,ATL,20250925-HighPoint-1,537c1610-9a69-11f0-b2ef-f50b1063f050,90.55038,47.27111,,8.00705,,,,1.6464,2.54426,-0.37086,140c42c3-e7fe-494f-8443-25f5b0d89000,2025-09-25,23:42:41.30,2025-09-25T19:42:41.3033984-04:00,2025-09-25T23:42:41.3033984Z,,v3,5431,5508,,"Napleton, Luke",813847,Right,HP,08228b4f-9820-46c1-bd9b-d83a228ecadd,54.54341,-133.60096,14.38377,5.4929,-4.20062,-7.30432,-1.59463,5.26423,-5.76215,331.951708,1.6464,-60.38064,-1.35306,1.54828,-0.80474,1.31531,-2.10606,1.83094,-0.62326,2.54426,83.5344,-29.47098,3.87244,-1.17805,1.27831,-1.94968,1.66631,-0.55525,-0.37086,34.69151,-7.34711,0.89893,-0.18029,0.15992,-0.25673,0.21114,-0.06515,,,,,,,,,,,,,,,,,,,,,,,High,High,High,High,Undefined,,,
79,2025-09-25,19:43:05.35,1,3,"Bonta-Smith, Fin Del",1000447530,Right,HP,"Crook, Narciso",643271,Right,GAS,Undefined,3,Top,0,1,1,ChangeUp,Changeup,BallCalled,Undefined,Undefined,Undefined,0,0,,86.06408,0.878759,-1.211377,1380.290629,267.476176,3:00,5.4445,1.66344,6.3927,-34.94053,1.82197,16.94918,3.34128,1.96154,79.22952,-5.627676,1.861242,0.436389,,,,,,,,,,,,-9.15284,1.06358,-1.5837,50,5.49172,2.00407,-125.22687,0.81988,-14.60148,24.19201,-30.47732,HP,GAS,HighPoint,Independent,ATL,20250925-HighPoint-1,61d359d0-9a69-11f0-b2ef-f50b1063f050,86.37343,,,6.83456,,,,,,,140c42c3-e7fe-494f-8443-25f5b0d89000,2025-09-25,23:43:05.35,2025-09-25T19:43:05.3562368-04:00,2025-09-25T23:43:05.3562368Z,,v3,5431,5508,,"Napleton, Luke",813847,Right,HP,23642ed4-7c6c-45c4-94af-22bc5ecafe55,54.10869,-126.0181,12.09601,5.44861,1.81669,-15.23866,-1.65705,2.48163,-7.30074,,,,,,,,,,,,,,,,,,,,,,,,,,,,,,,,,,,,,,,,,,,,,,,,,,,High,High,High,,,,,
80,2025-09-25,19:43:33.85,1,4,"Bonta-Smith, Fin Del",1000447530,Right,HP,"Crook, Narciso",643271,Right,GAS,Undefined,3,Top,0,2,1,Cutter,Slider,FoulBallNotFieldable,Undefined,Undefined,Undefined,0,0,,85.83136,0.060696,-2.693115,1946.890538,103.657621,9:30,5.45216,1.61453,6.28975,-35.49833,1.51303,-1.99725,2.54997,-1.03556,79.50963,-6.507757,-3.053859,0.437864,57.03956,-5.813111,159.869953,,,,,19.07884,17.94538,155.345098,0.260265,0.37051,1.04394,-1.41518,50,5.43922,5.94476,-124.81726,-0.9918,0.58981,22.97628,-30.51211,HP,GAS,HighPoint,Independent,ATL,20250925-HighPoint-1,72d0b750-9a69-11f0-b2ef-f50b1063f050,86.0826,2.54025,,6.32173,,,,2.37089,2.54025,1.09228,140c42c3-e7fe-494f-8443-25f5b0d89000,2025-09-25,23:43:33.85,2025-09-25T19:43:33.8540032-04:00,2025-09-25T23:43:33.8540032Z,GroundBall,v3,5431,5508,,"Napleton, Luke",813847,Right,HP,95fa5b18-c403-43bf-9bad-dea401dae854,54.21235,-125.59028,11.48814,5.45532,0.03475,-15.25605,-1.61485,5.92491,0.2949,208.593662,2.36948,-78.07166,9.03015,,,,,,,2.5392,-8.41884,-5.12367,,,,,,,1.09397,28.55683,-8.40252,,,,,,,,,,,,,,,,,,,,,,,,,,,,,High,High,High,Medium,Medium,,,
81,2025-09-25,19:43:58.24,1,5,"Bonta-Smith, Fin Del",1000447530,Right,HP,"Crook, Narciso",643271,Right,GAS,Undefined,3,Top,0,2,2,FourSeamFastBall,Four-Seam,InPlay,Undefined,LineDrive,Single,0,0,,91.96411,-0.924009,-2.64457,2233.209234,226.935768,1:30,5.6026,1.34043,5.98838,-19.22871,13.91292,13.69016,3.14284,0.02853,83.46813,-4.567376,-0.185476,0.414342,88.70745,9.018752,-24.461636,1187.174549,98.46157,5.65286,-49.04385,140.27171,139.11257,-27.225761,1.241202,-7.8417,7.75634,-1.13934,50,5.51909,5.57565,-133.42907,-2.75881,-14.03735,30.59558,-18.2895,HP,GAS,HighPoint,Independent,ATL,20250925-HighPoint-1,815a55b0-9a69-11f0-b2ef-f50b1063f050,90.96949,8.5234,,8.49597,,,,1.7944,3.21217,-0.02206,140c42c3-e7fe-494f-8443-25f5b0d89000,2025-09-25,23:43:58.24,2025-09-25T19:43:58.2484480-04:00,2025-09-25T23:43:58.2484480Z,LineDrive,v3,5431,5508,,"Napleton, Luke",813847,Right,HP,46b52cd1-5f51-45c0-ad18-ee465eeca1c6,54.51066,-134.4594,15.29779,5.60162,-2.1429,-9.14475,-1.33506,6.04836,-7.01867,79.610886,1.7944,116.96165,-17.72907,3.38698,-0.73401,0.14688,-0.03056,0.00539,-0.00053,3.21217,20.39481,-20.50577,2.00164,-0.40872,0.08679,-0.01647,0.00296,-0.00031,-0.02206,-53.20794,0.83591,0.48578,-0.18995,0.05489,-0.01298,0.00248,-0.00027,,,,,,,,,,,,,,,,,,,,,,,High,High,High,High,High,,,
82,2025-09-25,19:44:42.22,2,1,"Bonta-Smith, Fin Del",1000447530,Right,HP,"De La Rosa, Eric",680763,Right,GAS,Undefined,3,Top,0,0,0,Cutter,Slider,BallCalled,Undefined,Undefined,Undefined,0,0,,85.36463,0.522198,-0.410861,1892.741237,177.258106,12:00,5.50196,1.61125,6.1976,-33.13439,4.49339,-0.16252,3.22286,1.21842,78.61043,-5.637512,-0.440214,0.441495,,,,,,,,,,,,-0.0235,2.54701,-1.58027,50,5.52463,0.89668,-124.16286,0.07413,-0.03689,23.53436,-28.17535,HP,GAS,HighPoint,Independent,ATL,20250925-HighPoint-1,9b9d5b70-9a69-11f0-b2ef-f50b1063f050,85.37459,,,6.7542,,,,,,,140c42c3-e7fe-494f-8443-25f5b0d89000,2025-09-25,23:44:42.22,2025-09-25T19:44:42.2244352-04:00,2025-09-25T23:44:42.2244352Z,,v3,5431,5508,,"Napleton, Luke",813847,Right,HP,c8fd9e2e-e2c0-4fb8-b4de-256ea95df59e,54.30189,-124.97559,11.76718,5.50527,1.04715,-14.08768,-1.61126,0.89795,-0.01844,,,,,,,,,,,,,,,,,,,,,,,,,,,,,,,,,,,,,,,,,,,,,,,,,,,High,High,High,,,,,
83,2025-09-25,19:45:05.40,2,2,"Bonta-Smith, Fin Del",1000447530,Right,HP,"De La Rosa, Eric",680763,Right,GAS,Undefined,3,Top,0,1,0,FourSeamFastBall,Four-Seam,FoulBallNotFieldable,Undefined,Undefined,Undefined,0,0,,92.41746,-2.07801,-2.738765,2333.102985,202.475482,12:45,5.5017,1.34904,6.04781,-13.82552,19.07159,7.41237,2.42278,-0.57066,83.6103,-4.755869,-1.406708,0.41281,,,,,,,,,,,,-4.69461,10.83127,-1.13981,50,5.33244,6.09507,-133.9704,-5.23956,-8.43864,31.90351,-12.70469,HP,GAS,HighPoint,Independent,ATL,20250925-HighPoint-1,a9585f30-9a69-11f0-b2ef-f50b1063f050,91.30703,,,8.80716,,,,,,,140c42c3-e7fe-494f-8443-25f5b0d89000,2025-09-25,23:45:05.40,2025-09-25T19:45:05.4077952-04:00,2025-09-25T23:45:05.4077952Z,,v3,5431,5508,,"Napleton, Luke",813847,Right,HP,9d7c5fc5-a228-4245-9ece-bce2a4bc69aa,54.45109,-135.02621,15.95176,5.49888,-4.81911,-6.35235,-1.34614,6.37433,-4.21932,,,,,,,,,,,,,,,,,,,,,,,,,,,,,,,,,,,,,,,,,,,,,,,,,,,High,High,High,,,,,
84,2025-09-25,19:45:52.20,2,3,"Bonta-Smith, Fin Del",1000447530,Right,HP,"De La Rosa, Eric",680763,Right,GAS,Undefined,3,Top,0,1,1,Slider,Slider,FoulBallNotFieldable,Undefined,Undefined,Undefined,0,0,,85.70915,-0.258366,-1.361936,1912.211654,247.773093,2:15,5.53711,1.49975,6.13532,-35.69159,2.09366,2.14587,2.32395,0.41958,78.36092,-6.879333,-0.97466,0.442418,,,,,,,,,,,,-1.51272,1.4987,-1.39693,50,5.4989,2.87764,-124.53578,-1.72321,-2.36388,26.16913,-29.83208,HP,GAS,HighPoint,Independent,ATL,20250925-HighPoint-1,c54bad00-9a69-11f0-b2ef-f50b1063f050,85.19645,,,7.34822,,,,,,,140c42c3-e7fe-494f-8443-25f5b0d89000,2025-09-25,23:45:52.20,2025-09-25T19:45:52.2096128-04:00,2025-09-25T23:45:52.2096128Z,,v3,5431,5508,,"Napleton, Luke",813847,Right,HP,ab6e2496-d70e-4805-815f-69b6cd83218f,54.36455,-125.44956,13.08456,5.54089,-0.68152,-14.91604,-1.49885,2.96019,-1.18194,,,,,,,,,,,,,,,,,,,,,,,,,,,,,,,,,,,,,,,,,,,,,,,,,,,High,High,High,,,,,
85,2025-09-25,19:46:23.50,2,4,"Bonta-Smith, Fin Del",1000447530,Right,HP,"De La Rosa, Eric",680763,Right,GAS,Undefined,3,Top,0,1,2,Cutter,Slider,StrikeSwinging,Strikeout,Undefined,Undefined,0,0,,86.03152,-1.244687,-2.19253,2006.648178,127.385552,10:15,5.41576,1.61232,6.01596,-34.76234,2.8537,-2.19595,1.3649,-0.60266,79.02938,-7.657352,-2.587689,0.441426,,,,,,,,,,,,0.51165,2.18681,-1.4392,50,5.29925,4.87025,-124.91716,-3.87747,0.80741,25.46779,-28.72315,HP,GAS,HighPoint,Independent,ATL,20250925-HighPoint-1,d7f38630-9a69-11f0-b2ef-f50b1063f050,85.38789,,,7.00214,,,,,,,140c42c3-e7fe-494f-8443-25f5b0d89000,2025-09-25,23:46:23.50,2025-09-25T19:46:23.5087360-04:00,2025-09-25T23:46:23.5087360Z,,v3,5431,5508,,"Napleton, Luke",813847,Right,HP,b15457ab-345d-404d-8391-0895122e6311,54.48325,-125.82787,12.73389,5.41954,-2.85035,-14.36158,-1.61284,4.84137,0.4037,,,,,,,,,,,,,,,,,,,,,,,,,,,,,,,,,,,,,,,,,,,,,,,,,,,High,High,High,,,,,
86,2025-09-25,19:46:55.69,3,1,"Bonta-Smith, Fin Del",1000447530,Right,HP,"Long, Shed",643418,Left,GAS,Undefined,3,Top,1,0,0,ChangeUp,Changeup,BallCalled,Undefined,Undefined,Undefined,0,0,,86.01592,1.212724,-2.027905,1440.233412,276.221715,3:15,5.26913,1.73782,6.32908,-37.87061,-0.73957,17.39107,3.23086,1.31888,78.70992,-5.829992,1.119858,0.438571,,,,,,,,,,,,-9.55658,-0.32472,-1.59735,50,5.34019,3.7444,-125.01764,1.41665,-15.10912,25.44431,-32.68742,HP,GAS,HighPoint,Independent,ATL,20250925-HighPoint-1,eb237b20-9a69-11f0-b2ef-f50b1063f050,85.94373,,,7.306,,,,,,,140c42c3-e7fe-494f-8443-25f5b0d89000,2025-09-25,23:46:55.69,2025-09-25T19:46:55.6984320-04:00,2025-09-25T23:46:55.6984320Z,,v3,5431,5508,,"Napleton, Luke",813847,Right,HP,53a1aca2-9e92-4db5-a8bb-5745bb8c2318,54.17146,-125.86378,12.72216,5.27501,2.50365,-16.34371,-1.73022,4.24685,-7.55456,,,,,,,,,,,,,,,,,,,,,,,,,,,,,,,,,,,,,,,,,,,,,,,,,,,High,High,High,,,,,
87,2025-09-25,19:47:15.33,3,2,"Bonta-Smith, Fin Del",1000447530,Right,HP,"Long, Shed",643418,Left,GAS,Undefined,3,Top,1,1,0,Cutter,Slider,StrikeCalled,Undefined,Undefined,Undefined,0,0,,85.12047,-0.108393,-2.190973,2063.615063,118.757969,10:00,5.35819,1.7197,6.28551,-35.37207,2.51528,-2.50488,2.31055,-0.50927,78.31281,-6.673866,-2.643732,0.443015,,,,,,,,,,,,0.7035,1.7015,-1.55704,50,5.33326,4.82861,-123.71428,-1.35369,1.09242,24.22981,-29.5319,HP,GAS,HighPoint,Independent,ATL,20250925-HighPoint-1,f6dbaa00-9a69-11f0-b2ef-f50b1063f050,85.08164,,,6.80766,,,,,,,140c42c3-e7fe-494f-8443-25f5b0d89000,2025-09-25,23:47:15.33,2025-09-25T19:47:15.3331200-04:00,2025-09-25T23:47:15.3331200Z,,v3,5431,5508,,"Napleton, Luke",813847,Right,HP,a3e55891-b61e-40fc-a1bf-364d97ff2ad0,54.21413,-124.5369,12.11491,5.3622,-0.35107,-14.76595,-1.72035,4.79152,0.54621,,,,,,,,,,,,,,,,,,,,,,,,,,,,,,,,,,,,,,,,,,,,,,,,,,,High,High,High,,,,,
88,2025-09-25,19:47:33.24,3,3,"Bonta-Smith, Fin Del",1000447530,Right,HP,"Long, Shed",643418,Left,GAS,Undefined,3,Top,1,1,1,FourSeamFastBall,Four-Seam,StrikeCalled,Undefined,Undefined,Undefined,0,0,,91.9695,-1.934759,-2.175381,2309.865281,214.609026,1:15,5.36673,1.58757,6.04063,-15.83599,17.08812,11.05457,2.25371,0.49365,83.90862,-4.957495,-0.187009,0.412979,,,,,,,,,,,,-6.27752,9.65178,-1.42365,50,5.20708,4.5912,-133.47036,-4.96793,-11.30734,29.12057,-14.78889,HP,GAS,HighPoint,Independent,ATL,20250925-HighPoint-1,018500f0-9a6a-11f0-b2ef-f50b1063f050,91.26956,,,8.06088,,,,,,,140c42c3-e7fe-494f-8443-25f5b0d89000,2025-09-25,23:47:33.24,2025-09-25T19:47:33.2454400-04:00,2025-09-25T23:47:33.2454400Z,,v3,5431,5508,,"Napleton, Luke",813847,Right,HP,af33c8f3-8615-4de9-9fee-53d5d630926d,54.45745,-134.43937,14.56029,5.36421,-4.47582,-7.39445,-1.58269,4.96746,-5.65367,,,,,,,,,,,,,,,,,,,,,,,,,,,,,,,,,,,,,,,,,,,,,,,,,,,High,High,High,,,,,
89,2025-09-25,19:48:09.93,3,4,"Bonta-Smith, Fin Del",1000447530,Right,HP,"Long, Shed",643418,Left,GAS,Undefined,3,Top,1,1,2,ChangeUp,Changeup,FoulBallNotFieldable,Undefined,Undefined,Undefined,0,0,,86.40532,-0.549313,-2.497926,1408.403074,278.698926,3:15,5.29113,1.58979,6.32573,-38.23215,-1.4726,17.00706,1.59875,0.70521,79.44382,-7.629512,0.5828,0.436372,,,,,,,,,,,,-9.56213,-0.27543,-1.41514,50,5.233,4.82927,-125.60173,-2.44635,-15.27577,25.42923,-32.61404,HP,GAS,HighPoint,Independent,ATL,20250925-HighPoint-1,1762d7d0-9a6a-11f0-b2ef-f50b1063f050,86.37691,,,6.9615,,,,,,,140c42c3-e7fe-494f-8443-25f5b0d89000,2025-09-25,23:48:09.93,2025-09-25T19:48:09.9309056-04:00,2025-09-25T23:48:09.9309056Z,,v3,5431,5508,,"Napleton, Luke",813847,Right,HP,a320083b-0c13-41c3-a348-0133de55aa15,54.17612,-126.4444,12.71461,5.29616,-1.3656,-16.30702,-1.58356,5.33548,-7.63788,,,,,,,,,,,,,,,,,,,,,,,,,,,,,,,,,,,,,,,,,,,,,,,,,,,High,High,High,,,,,
90,2025-09-25,19:48:39.80,3,5,"Bonta-Smith, Fin Del",1000447530,Right,HP,"Long, Shed",643418,Left,GAS,Undefined,3,Top,1,1,2,ChangeUp,Changeup,InPlay,Undefined,GroundBall,FieldersChoice,1,0,,87.31452,-0.620874,-2.810232,1618.587339,264.50384,2:45,5.44453,1.56887,6.34092,-33.18451,2.61209,16.26627,2.10683,0.33507,80.5721,-6.782469,0.134226,0.430618,69.61676,0.507215,4.933339,1092.315243,,,,38.37434,37.57099,3.458573,0.372744,-9.26682,1.81654,-1.37199,50,5.38353,5.61811,-126.9503,-2.43455,-15.21473,24.5124,-29.19157,HP,GAS,HighPoint,Independent,ATL,20250925-HighPoint-1,29288e60-9a6a-11f0-b2ef-f50b1063f050,87.53102,2.16251,,6.74243,,,,1.67099,2.15143,-0.37051,140c42c3-e7fe-494f-8443-25f5b0d89000,2025-09-25,23:48:39.80,2025-09-25T19:48:39.8022656-04:00,2025-09-25T23:48:39.8022656Z,GroundBall,v3,5431,5508,,"Napleton, Luke",813847,Right,HP,e475eea4-6ae8-4806-bb55-331a2fb6fd23,54.16144,-127.75129,12.2562,5.4475,-1.48066,-14.59579,-1.56369,6.11528,-7.60737,58.276133,1.67273,101.65976,-9.09058,,,,,,,2.15457,0.79228,-17.65501,,,,,,,-0.3689,8.72269,-4.09516,,,,,,,,,,,,,,,,,,,,,,,,,,,,,High,High,High,High,High,,,
91,2025-09-25,19:49:31.28,4,1,"Bonta-Smith, Fin Del",1000447530,Right,HP,"Wylie, Justin",687045,Right,GAS,Undefined,3,Top,2,0,0,Cutter,Slider,BallCalled,Undefined,Undefined,Undefined,0,0,,85.64448,0.194338,-2.938609,1914.83383,112.562407,9:45,5.43133,1.57712,5.95864,-35.93624,1.93185,-1.95862,2.6171,-1.31354,78.89028,-6.427711,-3.290006,0.442902,,,,,,,,,,,,0.22374,1.2987,-1.34255,50,5.42673,6.46261,-124.36669,-0.79141,0.35196,23.92186,-30.13111,HP,GAS,HighPoint,Independent,ATL,20250925-HighPoint-1,47e53560-9a6a-11f0-b2ef-f50b1063f050,85.10327,,,6.7542,,,,,,,140c42c3-e7fe-494f-8443-25f5b0d89000,2025-09-25,23:49:31.28,2025-09-25T19:49:31.2865792-04:00,2025-09-25T23:49:31.2865792Z,,v3,5431,5508,,"Napleton, Luke",813847,Right,HP,4013ac52-67d6-4321-9db8-d66a1f66c768,54.54117,-125.23713,11.96093,5.43558,0.30497,-15.06556,-1.57747,6.44981,0.17598,,,,,,,,,,,,,,,,,,,,,,,,,,,,,,,,,,,,,,,,,,,,,,,,,,,High,High,High,,,,,
92,2025-09-25,19:49:52.00,4,2,"Bonta-Smith, Fin Del",1000447530,Right,HP,"Wylie, Justin",687045,Right,GAS,Undefined,3,Top,2,1,0,FourSeamFastBall,Four-Seam,InPlay,Undefined,Popup,Out,1,0,,92.58362,-1.51279,-2.380109,2235.497353,220.214059,1:15,5.45418,1.48529,6.02992,-15.67603,16.74556,13.28957,2.74534,0.38731,84.60462,-4.502676,0.009373,0.409816,,,,,,,,,,,,-7.53465,9.36375,-1.30652,50,5.32734,5.02427,-134.43426,-4.01752,-13.79177,29.08161,-15.03421,HP,GAS,HighPoint,Independent,ATL,20250925-HighPoint-1,54307c80-9a6a-11f0-b2ef-f50b1063f050,91.97417,,,7.979,,,,,,,140c42c3-e7fe-494f-8443-25f5b0d89000,2025-09-25,23:49:52.00,2025-09-25T19:49:52.0017920-04:00,2025-09-25T23:49:52.0017920Z,,v3,5431,5508,,"Napleton, Luke",813847,Right,HP,76aafab4-c84c-43c6-9ee9-5c96a3e4beae,54.47024,-135.39784,14.54081,5.4522,-3.51938,-7.51711,-1.48056,5.48124,-6.89589,,,,,,,,,,,,,,,,,,,,,,,,,,,,,,,,,,,,,,,,,,,,,,,,,,,High,High,High,,,,,
93,2025-09-25,19:52:16.03,1,1,"Westcott, Zac",686170,Right,GAS,"Edwards, Evan",657212,Left,HP,Undefined,3,Bottom,0,0,0,Curveball,Curveball,StrikeCalled,Undefined,Undefined,Undefined,0,0,,67.37686,4.517445,-1.001334,1983.155465,16.807707,6:30,5.57077,1.55583,5.38467,-80.6654,-18.04757,-5.99583,3.09249,0.11749,62.41604,-10.059216,-2.067511,0.569535,,,,,,,,,,,,2.7287,-9.61886,-1.46196,50,5.91828,1.91445,-97.73706,5.2691,2.65081,14.78433,-41.5183,HP,GAS,HighPoint,Independent,ATL,20250925-HighPoint-1,aa2b4a20-9a6a-11f0-b2ef-f50b1063f050,66.18106,,,4.96082,,,,,,,140c42c3-e7fe-494f-8443-25f5b0d89000,2025-09-25,23:52:16.03,2025-09-25T19:52:16.0328704-04:00,2025-09-25T23:52:16.0328704Z,,v3,5431,5508,,"McKeithan, Aaron",702463,Right,GAS,76a04400-a4a6-4187-8e96-64dd5e88067b,55.12301,-98.50895,7.39217,5.58659,7.43678,-20.75915,-1.5583,1.77605,1.3254,,,,,,,,,,,,,,,,,,,,,,,,,,,,,,,,,,,,,,,,,,,,,,,,,,,High,High,High,,,,,
94,2025-09-25,19:52:29.87,1,2,"Westcott, Zac",686170,Right,GAS,"Edwards, Evan",657212,Left,HP,Undefined,3,Bottom,0,0,1,ChangeUp,Changeup,InPlay,Undefined,FlyBall,Out,1,0,,76.52055,0.356124,-3.106045,1828.899708,236.285888,2:00,5.79258,1.44089,5.59549,-36.33427,11.6854,15.35824,3.09772,-0.18211,70.48555,-6.346431,-0.368471,0.498748,93.84925,56.381603,-7.677436,4543.3235,106.72969,149.57252,-26.62204,243.12952,93.08962,-18.51884,6.400156,-8.64382,6.24713,-1.18486,50,5.79944,5.4637,-111.06955,-0.41597,-10.86747,18.69144,-24.31983,HP,GAS,HighPoint,Independent,ATL,20250925-HighPoint-1,b25bfff0-9a6a-11f0-b2ef-f50b1063f050,75.57414,162.48654,,6.03499,,,,1.82732,3.35065,0.13905,140c42c3-e7fe-494f-8443-25f5b0d89000,2025-09-25,23:52:29.87,2025-09-25T19:52:29.8721280-04:00,2025-09-25T23:52:29.8721280Z,FlyBall,v3,5431,5508,,"McKeithan, Aaron",702463,Right,GAS,be92e590-b8fd-48f4-9a59-1e788814b4f2,54.90532,-111.892,9.34572,5.7942,0.65414,-12.15992,-1.43579,5.94189,-5.43373,166.311234,1.84816,75.17299,-19.37883,4.10565,-0.1901,-0.14665,0.04124,-0.00454,0.00019,3.33321,114.8751,-26.80028,3.70339,-0.91444,0.16967,-0.01786,0.00068,1E-05,0.13812,-10.17918,-2.38416,0.95101,-0.21453,0.02735,-0.0008,-0.0002,2E-05,,,,,,,,,,,,,,,,,,,,,,,High,High,High,High,Low,,,
95,2025-09-25,19:53:05.55,2,1,"Westcott, Zac",686170,Right,GAS,"Dickerson, Alex",543105,Left,HP,Undefined,3,Bottom,1,0,0,Curveball,Curveball,BallCalled,Undefined,Undefined,Undefined,0,0,,66.75891,4.42688,-3.023236,2024.843739,15.821832,6:30,5.65527,1.55969,5.89286,-80.72016,-18.00658,-5.60882,3.05276,-1.71731,61.93259,-10.272894,-4.027501,0.56997,,,,,,,,,,,,2.09347,-10.08367,-1.31259,50,5.96521,5.28381,-96.80266,5.30235,1.99369,14.59453,-41.77724,HP,GAS,HighPoint,Independent,ATL,20250925-HighPoint-1,c79fb9b0-9a6a-11f0-b2ef-f50b1063f050,66.13054,,,4.82632,,,,,,,140c42c3-e7fe-494f-8443-25f5b0d89000,2025-09-25,23:53:05.55,2025-09-25T19:53:05.5507968-04:00,2025-09-25T23:53:05.5507968Z,,v3,5431,5508,,"McKeithan, Aaron",702463,Right,GAS,ec2f7df0-9b94-45f2-9bd8-2838b8854173,54.61471,-97.49592,7.29726,5.66621,7.28681,-20.88862,-1.56133,5.18911,0.99685,,,,,,,,,,,,,,,,,,,,,,,,,,,,,,,,,,,,,,,,,,,,,,,,,,,High,High,High,,,,,
96,2025-09-25,19:53:20.35,2,2,"Westcott, Zac",686170,Right,GAS,"Dickerson, Alex",543105,Left,HP,Undefined,3,Bottom,1,1,0,ChangeUp,Changeup,FoulBallNotFieldable,Undefined,Undefined,Undefined,0,0,,74.86604,-0.148216,-3.492574,1756.597764,234.749327,1:45,5.74537,1.4285,5.56538,-37.96671,12.36638,15.31643,2.44276,-0.5619,68.95738,-7.141483,-0.764798,0.510621,75.6702,66.83196,-139.301424,4070.190166,,,,,32.44696,,,-8.79674,6.72477,-1.13772,50,5.70744,6.08777,-108.61798,-1.41427,-10.5559,18.23159,-24.1045,HP,GAS,HighPoint,Independent,ATL,20250925-HighPoint-1,d06e8440-9a6a-11f0-b2ef-f50b1063f050,73.81693,63.50634,,5.90867,,,,3.12354,2.39833,0.84364,140c42c3-e7fe-494f-8443-25f5b0d89000,2025-09-25,23:53:20.35,2025-09-25T19:53:20.3557888-04:00,2025-09-25T23:53:20.3557888Z,,v3,5431,5508,,"McKeithan, Aaron",702463,Right,GAS,e48a95d4-e3cd-47b0-b483-bd6a4502d7a3,54.9362,-109.44338,9.1158,5.74677,-0.32298,-12.05225,-1.42415,6.56567,-5.27795,,3.12354,-33.10378,-7.93804,4.49326,-1.48414,0.42812,-0.11827,0.02984,-0.00468,2.39833,102.03257,-34.54552,5.32641,-1.03769,0.17991,-0.03978,0.01095,-0.00105,0.84364,-28.47231,4.54987,-1.37855,0.34399,-0.0822,0.02172,-0.00561,0.00068,,,,,,,,,,,,,,,,,,,,,,,High,High,High,Medium,Undefined,,,
97,2025-09-25,19:53:38.35,2,3,"Westcott, Zac",686170,Right,GAS,"Dickerson, Alex",543105,Left,HP,Undefined,3,Bottom,1,1,1,Curveball,Curveball,BallCalled,Undefined,Undefined,Undefined,0,0,,67.80309,4.359362,0.054348,1986.99349,18.336271,6:30,5.52344,1.65468,5.66488,-79.31555,-17.43777,-6.44713,2.98657,1.16809,62.08077,-10.096491,-1.098821,0.56616,,,,,,,,,,,,3.25886,-9.41926,-1.65521,50,5.84289,0.12633,-98.29408,5.1475,3.16144,16.80535,-41.31179,HP,GAS,HighPoint,Independent,ATL,20250925-HighPoint-1,db4098e0-9a6a-11f0-b2ef-f50b1063f050,66.57564,,,5.72232,,,,,,,140c42c3-e7fe-494f-8443-25f5b0d89000,2025-09-25,23:53:38.35,2025-09-25T19:53:38.3511552-04:00,2025-09-25T23:53:38.3511552Z,,v3,5431,5508,,"McKeithan, Aaron",702463,Right,GAS,a0dbfc39-6fb7-4a9d-b0e9-53c535182a57,54.84053,-99.11822,8.40268,5.54078,7.17342,-20.6559,-1.6576,-0.02871,1.58072,,,,,,,,,,,,,,,,,,,,,,,,,,,,,,,,,,,,,,,,,,,,,,,,,,,High,High,High,,,,,
98,2025-09-25,19:53:55.87,2,4,"Westcott, Zac",686170,Right,GAS,"Dickerson, Alex",543105,Left,HP,Undefined,3,Bottom,1,2,1,ChangeUp,Changeup,InPlay,Undefined,FlyBall,Out,1,0,,75.137,0.841375,-3.059474,1899.44958,267.507604,3:00,5.7605,1.37871,5.73375,-47.54266,2.38941,18.04887,2.58332,0.03094,68.86828,-7.898498,0.169403,0.508582,106.43521,39.385498,9.559575,3850.689544,108.8065,90.91709,16.15978,380.08349,380.08349,5.281401,6.256736,-10.1363,1.39213,-1.13522,50,5.80118,5.18553,-109.02855,0.15734,-12.16807,19.65382,-30.50288,HP,GAS,HighPoint,Independent,ATL,20250925-HighPoint-1,e59a7040-9a6a-11f0-b2ef-f50b1063f050,74.11276,142.36305,,6.26872,,,,2.46151,2.78586,0.00039,140c42c3-e7fe-494f-8443-25f5b0d89000,2025-09-25,23:53:55.87,2025-09-25T19:53:55.8745088-04:00,2025-09-25T23:53:55.8745088Z,FlyBall,v3,5431,5508,,"McKeithan, Aaron",702463,Right,GAS,df0bf05b-3db8-460a-a58d-806a3c235cd6,54.76792,-109.88467,9.82691,5.76539,1.48604,-15.25144,-1.37264,5.71557,-6.08403,175.524674,2.46929,118.83969,-29.08746,7.40492,-1.25833,0.12966,-0.0065,0.0001,0,2.78769,99.01349,-19.58463,0.52143,0.2688,-0.13698,0.03167,-0.00362,0.00016,0.00245,20.00259,-6.50301,1.48998,-0.22749,0.0206,-0.00106,7E-05,-0,,,,,,,,,,,,,,,,,,,,,,,High,High,High,High,Medium,,,
99,2025-09-25,19:54:37.97,3,1,"Westcott, Zac",686170,Right,GAS,"Napleton, Luke",813847,Right,HP,Undefined,3,Bottom,2,0,0,Curveball,Curveball,StrikeCalled,Undefined,Undefined,Undefined,0,0,,65.78091,4.283208,-1.801576,1934.292522,24.027427,6:45,5.55234,1.51973,5.13406,-84.47536,-17.16576,-8.64713,2.55583,-0.89799,60.2698,-10.948588,-3.331646,0.590486,,,,,,,,,,,,3.71008,-9.07193,-1.34381,50,5.88957,3.29757,-95.22099,4.54712,3.36955,16.09587,-40.41329,HP,GAS,HighPoint,Independent,ATL,20250925-HighPoint-1,fec74b10-9a6a-11f0-b2ef-f50b1063f050,63.83287,,,5.51111,,,,,,,140c42c3-e7fe-494f-8443-25f5b0d89000,2025-09-25,23:54:37.97,2025-09-25T19:54:37.9744768-04:00,2025-09-25T23:54:37.9744768Z,,v3,5431,5508,,"McKeithan, Aaron",702463,Right,GAS,4dc74c87-b339-4d6c-98e1-db4c3b7a16bd,55.37138,-96.12467,8.04794,5.57059,6.81605,-20.20664,-1.52364,3.10839,1.68478,,,,,,,,,,,,,,,,,,,,,,,,,,,,,,,,,,,,,,,,,,,,,,,,,,,High,High,High,,,,,
100,2025-09-25,19:54:52.59,3,2,"Westcott, Zac",686170,Right,GAS,"Napleton, Luke",813847,Right,HP,Undefined,3,Bottom,2,0,1,Curveball,Curveball,InPlay,Undefined,LineDrive,Single,0,0,,68.78917,3.63175,-1.672691,1990.75316,22.185855,6:45,5.46511,1.53956,5.97609,-76.3687,-16.85887,-7.67532,2.47371,-0.65111,62.99442,-10.359447,-3.05327,0.555221,108.75187,13.997463,-11.190516,3312.805244,107.96579,16.40941,-21.05669,210.77014,210.77014,-11.614225,1.645915,3.44024,-9.31945,-1.40288,50,5.71008,3.15961,-99.79403,4.19415,3.42886,17.80469,-41.4627,HP,GAS,HighPoint,Independent,ATL,20250925-HighPoint-1,07734b60-9a6b-11f0-b2ef-f50b1063f050,67.8873,16.40796,,5.79475,,,,2.19694,2.63011,0.63096,140c42c3-e7fe-494f-8443-25f5b0d89000,2025-09-25,23:54:52.59,2025-09-25T19:54:52.5985280-04:00,2025-09-25T23:54:52.5985280Z,LineDrive,v3,5431,5508,,"McKeithan, Aaron",702463,Right,GAS,df4d204b-3c39-4a84-b3cf-c48e45b2773d,54.52916,-100.59885,8.90235,5.47814,6.06838,-20.73135,-1.5422,3.00462,1.71443,11.113418,2.19694,151.82375,-21.16736,3.73846,-0.94061,0.22379,-0.05065,0.00896,-0.00081,2.63011,38.58027,-29.81331,4.52257,-1.07545,0.26901,-0.05879,0.01017,-0.00094,0.63096,-30.0358,2.54824,-0.21045,0.07406,-0.01588,0.00389,-0.00076,7E-05,,,,,,,,,,,,,,,,,,,,,,,High,High,High,High,High,,,
101,2025-09-25,19:55:34.12,4,1,"Westcott, Zac",686170,Right,GAS,"Brewer, Aidan",1000132240,Right,HP,Undefined,3,Bottom,2,0,0,Curveball,Curveball,InPlay,Undefined,LineDrive,Double,0,0,,67.68341,3.791626,-1.331147,2028.251959,28.91493,7:00,5.51603,1.55005,5.11953,-81.71654,-18.32048,-11.2582,2.28411,-0.64226,62.15832,-10.925978,-3.325079,0.573063,88.16868,16.510599,-33.793732,1951.977388,88.94202,21.47016,-64.72374,223.9438,222.04572,-39.87657,2.280825,5.23697,-9.82528,-1.41548,50,5.80833,2.66954,-98.08474,3.96234,5.05461,16.85384,-41.65716,HP,GAS,HighPoint,Independent,ATL,20250925-HighPoint-1,203619c0-9a6b-11f0-b2ef-f50b1063f050,65.77362,21.59593,,5.52509,,,,3.12715,2.61143,0.5507,140c42c3-e7fe-494f-8443-25f5b0d89000,2025-09-25,23:55:34.12,2025-09-25T19:55:34.1283328-04:00,2025-09-25T23:55:34.1283328Z,LineDrive,v3,5431,5508,,"McKeithan, Aaron",702463,Right,GAS,bdba6597-e8eb-4e50-b302-911c60e5645e,55.38682,-99.00603,8.42692,5.52949,6.23946,-20.82858,-1.55385,2.39324,2.52731,109.331356,3.12722,103.02876,-19.12365,4.10977,-0.66266,0.00853,0.02166,-0.00415,0.00021,2.6114,36.7523,-19.11526,1.52041,-0.33117,0.11073,-0.03171,0.00594,-0.00048,0.55076,-68.96409,1.94492,0.5251,-0.07922,-0.07121,0.03926,-0.00822,0.00064,,,,,,,,,,,,,,,,,,,,,,,High,High,High,High,Medium,,,
102,2025-09-25,19:56:25.93,5,1,"Westcott, Zac",686170,Right,GAS,"Wilson, Cody",680963,Right,HP,Undefined,3,Bottom,2,0,0,ChangeUp,Changeup,FoulBallNotFieldable,Undefined,Undefined,Undefined,0,0,,73.04165,1.765598,-1.633404,1691.448162,268.476261,3:00,5.75135,1.30936,5.72143,-50.65648,2.08024,16.0941,3.17576,1.12866,67.02782,-7.548129,1.247051,0.522671,80.23367,11.259258,-42.236799,2319.377407,,,,131.29741,131.29741,-45.579997,1.272483,-8.69154,1.01264,-1.18323,50,5.8674,2.46325,-106.0587,1.76402,-9.88697,18.35928,-31.02211,HP,GAS,HighPoint,Independent,ATL,20250925-HighPoint-1,3f095600-9a6b-11f0-b2ef-f50b1063f050,72.1151,9.4334,,6.01383,,,,2.29802,3.23913,-1.01299,140c42c3-e7fe-494f-8443-25f5b0d89000,2025-09-25,23:56:25.93,2025-09-25T19:56:25.9319808-04:00,2025-09-25T23:56:25.9319808Z,LineDrive,v3,5431,5508,,"McKeithan, Aaron",702463,Right,GAS,10697f3c-d6ff-4abd-84ac-ee312311c0da,54.77986,-106.88291,9.17964,5.75694,3.15672,-15.51106,-1.30377,2.90711,-4.94348,,2.29802,85.44749,-14.51278,2.78075,-0.71322,0.29848,-0.20787,0.09639,-0.01835,3.23913,22.97617,-22.45364,2.37815,-0.51847,0.16313,-0.08217,0.03526,-0.00658,-1.01299,-77.57872,3.14964,0.67243,-0.34495,0.20573,-0.13036,0.05882,-0.01126,,,,,,,,,,,,,,,,,,,,,,,High,High,High,High,High,,,
103,2025-09-25,19:56:59.87,5,2,"Westcott, Zac",686170,Right,GAS,"Wilson, Cody",680963,Right,HP,Undefined,3,Bottom,2,0,1,TwoSeamFastBall,Changeup,StrikeCalled,Undefined,Undefined,Undefined,0,0,,83.49764,-1.557215,-3.988634,2124.055207,231.181015,1:45,6.03108,1.12084,6.07072,-24.9882,14.74363,16.80804,2.50387,-1.17542,76.77495,-6.23922,-0.969396,0.453671,,,,,,,,,,,,-9.6715,8.38189,-0.82014,50,5.89676,7.79138,-121.09851,-4.03189,-14.44707,22.33484,-19.65337,HP,GAS,HighPoint,Independent,ATL,20250925-HighPoint-1,53467530-9a6b-11f0-b2ef-f50b1063f050,83.08328,,,6.72269,,,,,,,140c42c3-e7fe-494f-8443-25f5b0d89000,2025-09-25,23:56:59.87,2025-09-25T19:56:59.8782464-04:00,2025-09-25T23:56:59.8782464Z,,v3,5431,5508,,"McKeithan, Aaron",702463,Right,GAS,2bb62210-f724-4bb2-9bc1-7275e1604223,54.4288,-121.9126,11.16742,6.03066,-3.31553,-9.82669,-1.11373,8.31796,-7.22353,,,,,,,,,,,,,,,,,,,,,,,,,,,,,,,,,,,,,,,,,,,,,,,,,,,High,High,High,,,,,
104,2025-09-25,19:57:18.14,5,3,"Westcott, Zac",686170,Right,GAS,"Wilson, Cody",680963,Right,HP,Undefined,3,Bottom,2,0,2,Curveball,Curveball,BallCalled,Undefined,Undefined,Undefined,0,0,,69.23927,3.082929,-2.211164,1948.56655,29.963384,7:00,5.54938,1.5008,5.7717,-75.41929,-16.4693,-10.56229,2.13829,-1.43809,63.78026,-10.65167,-4.103025,0.552603,,,,,,,,,,,,4.68713,-8.64327,-1.31167,50,5.75958,4.2378,-100.47364,3.18216,4.75596,17.39896,-40.94428,HP,GAS,HighPoint,Independent,ATL,20250925-HighPoint-1,5e428000-9a6b-11f0-b2ef-f50b1063f050,68.2089,,,5.45901,,,,,,,140c42c3-e7fe-494f-8443-25f5b0d89000,2025-09-25,23:57:18.14,2025-09-25T19:57:18.1491712-04:00,2025-09-25T23:57:18.1491712Z,,v3,5431,5508,,"McKeithan, Aaron",702463,Right,GAS,65be572c-2f7e-4ec9-8ac3-9c9e382ad392,54.73375,-101.29007,8.69948,5.56518,5.10342,-20.47214,-1.50529,4.01463,2.37798,,,,,,,,,,,,,,,,,,,,,,,,,,,,,,,,,,,,,,,,,,,,,,,,,,,High,High,High,,,,,
105,2025-09-25,19:57:39.81,5,4,"Westcott, Zac",686170,Right,GAS,"Wilson, Cody",680963,Right,HP,Undefined,3,Bottom,2,1,2,FourSeamFastBall,Changeup,StrikeSwinging,Strikeout,Undefined,Undefined,0,0,,84.56796,-0.821103,-3.250161,2264.688674,227.093487,1:30,6.02005,1.07414,6.23141,-22.40623,16.23627,16.1306,3.39407,-0.58334,77.22941,-5.069985,-0.341426,0.447408,,,,,,,,,,,,-9.20792,9.01134,-0.83871,50,5.94739,6.33813,-122.72841,-2.38056,-14.03862,24.37535,-18.4351,HP,GAS,HighPoint,Independent,ATL,20250925-HighPoint-1,6b15e2e0-9a6b-11f0-b2ef-f50b1063f050,84.24617,,,7.33855,,,,,,,140c42c3-e7fe-494f-8443-25f5b0d89000,2025-09-25,23:57:39.81,2025-09-25T19:57:39.8170000-04:00,2025-09-25T23:57:39.8170000Z,,v3,5431,5508,,"McKeithan, Aaron",702463,Right,GAS,a0fa2134-455f-498a-a328-4e6a269289df,54.26675,-123.57293,12.18768,6.0188,-1.74185,-9.21755,-1.06673,6.82452,-7.01931,,,,,,,,,,,,,,,,,,,,,,,,,,,,,53.52416,,,1.288672,,,,-2.55427,5.96493,-2.76714,66.23341,6.08608,-58.71266,-2.51541,57.31647,-3.08333,6.04918,19.74551,-15.30922,-2.83326,-48.41397,3.92752,High,High,High,,,High,High,High
106,2025-09-25,20:00:00.42,1,1,"Bonta-Smith, Fin Del",1000447530,Right,HP,"Roederer, Cole",680711,Left,GAS,Undefined,4,Top,0,0,0,ChangeUp,Changeup,BallCalled,Undefined,Undefined,Undefined,0,0,,84.27102,-0.836368,-3.442425,1367.644102,276.634801,3:15,5.27523,1.71435,6.48038,-39.16514,-0.60764,15.68942,1.24205,-0.14291,77.3742,-8.110679,-0.595026,0.446916,,,,,,,,,,,,-9.34123,0.17063,-1.47924,50,5.19874,6.81679,-122.41398,-2.96718,-14.13458,24.79916,-31.91586,HP,GAS,HighPoint,Independent,ATL,20250925-HighPoint-1,bec64b50-9a6b-11f0-b2ef-f50b1063f050,84.33895,,,6.89682,,,,,,,140c42c3-e7fe-494f-8443-25f5b0d89000,2025-09-26,00:00:00.42,2025-09-25T20:00:00.4248576-04:00,2025-09-26T00:00:00.4248576Z,,v3,5431,5508,,"Napleton, Luke",813847,Right,HP,91679cde-b048-4feb-a754-82c29c3faa7a,54.02261,-123.22621,12.39958,5.27881,-1.92187,-15.95793,-1.71008,7.27973,-7.06729,,,,,,,,,,,,,,,,,,,,,,,,,,,,,,,,,,,,,,,,,,,,,,,,,,,High,High,High,,,,,
107,2025-09-25,20:00:14.95,1,2,"Bonta-Smith, Fin Del",1000447530,Right,HP,"Roederer, Cole",680711,Left,GAS,Undefined,4,Top,0,1,0,TwoSeamFastBall,Sinker,BallCalled,Undefined,Undefined,Undefined,0,0,,91.22559,0.503304,-2.646745,2368.859955,229.817202,1:45,5.43232,1.54441,6.08872,-20.81415,12.59308,13.64095,4.1639,0.23103,83.03259,-3.43141,-0.192546,0.415998,,,,,,,,,,,,-7.72894,6.66595,-1.34693,50,5.46013,5.53236,-132.418,0.51181,-13.69522,28.8128,-20.36237,HP,GAS,HighPoint,Independent,ATL,20250925-HighPoint-1,c77e5990-9a6b-11f0-b2ef-f50b1063f050,90.60719,,,8.193,,,,,,,140c42c3-e7fe-494f-8443-25f5b0d89000,2025-09-26,00:00:14.95,2025-09-25T20:00:14.9507072-04:00,2025-09-26T00:00:14.9507072Z,,v3,5431,5508,,"Napleton, Luke",813847,Right,HP,1e90e7a9-06ba-4036-bad0-82e889aad6cf,54.40913,-133.37393,14.4064,5.43194,1.18738,-10.18118,-1.53802,5.98673,-6.84761,,,,,,,,,,,,,,,,,,,,,,,,,,,,,,,,,,,,,,,,,,,,,,,,,,,High,High,High,,,,,
108,2025-09-25,20:00:32.13,1,3,"Bonta-Smith, Fin Del",1000447530,Right,HP,"Roederer, Cole",680711,Left,GAS,Undefined,4,Top,0,2,0,Slider,Slider,StrikeSwinging,Undefined,Undefined,Undefined,0,0,,84.08318,0.579872,-1.954771,1943.932724,218.7544,1:15,5.36713,1.78345,6.05499,-36.1597,2.87327,1.39087,2.89091,0.08924,77.48426,-6.10788,-1.704445,0.449663,,,,,,,,,,,,-1.2263,1.69457,-1.63223,50,5.39285,4.1172,-122.2146,0.06179,-1.86566,22.76148,-29.59601,HP,GAS,HighPoint,Independent,ATL,20250925-HighPoint-1,d1c62f90-9a6b-11f0-b2ef-f50b1063f050,83.82373,,,6.59892,,,,,,,140c42c3-e7fe-494f-8443-25f5b0d89000,2025-09-26,00:00:32.13,2025-09-25T20:00:32.1377280-04:00,2025-09-26T00:00:32.1377280Z,,v3,5431,5508,,"Napleton, Luke",813847,Right,HP,9776cd0d-bf90-483f-ad65-a149ee035be6,54.44487,-123.03963,11.38074,5.37117,1.13456,-14.79801,-1.78269,4.18482,-0.93283,,,,,,,,,,,,,,,,,,,,,,,,,,,,,,,,,,,,,,,,,,,,,,,,,,,High,High,High,,,,,
109,2025-09-25,20:00:48.74,1,4,"Bonta-Smith, Fin Del",1000447530,Right,HP,"Roederer, Cole",680711,Left,GAS,Undefined,4,Top,0,2,1,FourSeamFastBall,Four-Seam,FoulBallNotFieldable,Undefined,Undefined,Undefined,0,0,,92.19351,-1.432015,-2.21149,2221.720415,221.175743,1:15,5.43425,1.41602,6.11863,-16.40206,16.42887,13.39253,2.7422,0.48646,83.62799,-4.574291,0.20101,0.412395,,,,,,,,,,,,-7.58016,9.24241,-1.25342,50,5.31589,4.59611,-133.78963,-3.81887,-13.63119,30.98856,-15.55367,HP,GAS,HighPoint,Independent,ATL,20250925-HighPoint-1,dba4bc70-9a6b-11f0-b2ef-f50b1063f050,91.39894,,,8.56552,,,,,,,140c42c3-e7fe-494f-8443-25f5b0d89000,2025-09-26,00:00:48.74,2025-09-25T20:00:48.7463936-04:00,2025-09-26T00:00:48.7463936Z,,v3,5431,5508,,"Napleton, Luke",813847,Right,HP,08b56230-aea2-4914-be91-ceb04e9b171f,54.37989,-134.80029,15.49428,5.43217,-3.3116,-7.77684,-1.41056,5.04067,-6.81559,,,,,,,,,,,,,,,,,,,,,,,,,,,,,,,,,,,,,,,,,,,,,,,,,,,High,High,High,,,,,
110,2025-09-25,20:01:16.26,1,5,"Bonta-Smith, Fin Del",1000447530,Right,HP,"Roederer, Cole",680711,Left,GAS,Undefined,4,Top,0,2,2,ChangeUp,Changeup,BallCalled,Undefined,Undefined,Undefined,0,0,,85.02543,-0.971172,-1.823796,1514.62789,273.685382,3:00,5.27135,1.72556,6.38426,-37.70908,0.08976,16.30631,1.23501,1.40615,78.39297,-7.959109,1.13541,0.442497,,,,,,,,,,,,-9.01579,0.66512,-1.6014,50,5.18419,3.32977,-123.65668,-3.28195,-13.98266,24.2795,-31.14249,HP,GAS,HighPoint,Independent,ATL,20250925-HighPoint-1,ec0f01b0-9a6b-11f0-b2ef-f50b1063f050,85.18115,,,6.63247,,,,,,,140c42c3-e7fe-494f-8443-25f5b0d89000,2025-09-26,00:01:16.26,2025-09-25T20:01:16.2696704-04:00,2025-09-26T00:01:16.2696704Z,,v3,5431,5508,,"Napleton, Luke",813847,Right,HP,90d1a913-80f4-49dd-9161-94a5928c3abe,54.11735,-124.46248,12.13975,5.27596,-2.24838,-15.57125,-1.71962,3.79383,-6.99133,,,,,,,,,,,,,,,,,,,,,,,,,,,,,,,,,,,,,,,,,,,,,,,,,,,High,High,High,,,,,
111,2025-09-25,20:01:49.37,1,6,"Bonta-Smith, Fin Del",1000447530,Right,HP,"Roederer, Cole",680711,Left,GAS,Undefined,4,Top,0,3,2,FourSeamFastBall,Four-Seam,BallCalled,Walk,Undefined,Undefined,0,0,,92.63692,-2.350224,-4.15939,2291.724401,222.837213,1:30,5.32024,1.51657,6.1518,-18.33438,13.99509,12.02792,1.61392,-1.33094,84.82589,-5.813169,-1.997459,0.409233,,,,,,,,,,,,-7.31957,8.18008,-1.20573,50,5.13146,9.24729,-134.2271,-6.08568,-13.38615,28.39553,-17.21424,HP,GAS,HighPoint,Independent,ATL,20250925-HighPoint-1,ffcae2f0-9a6b-11f0-b2ef-f50b1063f050,92.10505,,,7.81103,,,,,,,140c42c3-e7fe-494f-8443-25f5b0d89000,2025-09-26,00:01:49.37,2025-09-25T20:01:49.3754880-04:00,2025-09-26T00:01:49.3754880Z,,v3,5431,5508,,"Napleton, Luke",813847,Right,HP,e873430f-d42b-4214-a794-b3a589a047e8,54.34708,-135.14359,14.19777,5.31892,-5.53007,-8.60712,-1.51116,9.67933,-6.69307,,,,,,,,,,,,,,,,,,,,,,,,,,,,,,,,,,,,,,,,,,,,,,,,,,,High,High,High,,,,,
112,2025-09-25,20:02:43.23,2,1,"Bonta-Smith, Fin Del",1000447530,Right,HP,"Aldrete, Carter",666177,Right,GAS,Undefined,4,Top,0,0,0,FourSeamFastBall,Four-Seam,InPlay,Undefined,FlyBall,Double,0,0,,91.54356,-1.932044,-2.574958,2206.524849,221.364528,1:30,5.49092,1.49677,6.08946,-19.96434,13.11087,10.63233,2.03752,-0.00075,83.88191,-5.688923,-0.660953,0.413926,101.60714,22.203973,10.723802,2889.003992,106.8846,40.04926,25.99182,362.98069,361.16564,19.358891,4.116889,-6.215,7.61445,-1.30375,50,5.33115,5.53489,-132.89494,-5.11645,-11.13098,28.08861,-18.53669,HP,GAS,HighPoint,Independent,ATL,20250925-HighPoint-1,1fde4050-9a6c-11f0-b2ef-f50b1063f050,91.06082,53.85451,,7.66166,,,,0.84074,2.01837,0.02405,140c42c3-e7fe-494f-8443-25f5b0d89000,2025-09-26,00:02:43.23,2025-09-25T20:02:43.2300544-04:00,2025-09-26T00:02:43.2300544Z,LineDrive,v3,5431,5508,,"Napleton, Luke",813847,Right,HP,a48d84d6-0b25-4acb-a6dc-82239857fba8,54.41055,-133.8239,14.0443,5.49022,-4.5034,-9.26835,-1.49289,5.90302,-5.56549,224.442598,0.84044,135.5743,-25.36809,6.15209,-1.52181,0.38997,-0.09126,0.01384,-0.00088,2.01911,56.29438,-16.31297,0.18018,0.48675,-0.27084,0.08294,-0.01284,0.00078,0.02388,25.67876,5.13456,-2.81787,0.89325,-0.19689,0.0293,-0.00239,7E-05,,,,,,,,,,,,,,,,,,,,,,,High,High,High,High,High,,,
113,2025-09-25,20:03:44.27,3,1,"Bonta-Smith, Fin Del",1000447530,Right,HP,"Guthrie, Dalton",656495,Right,GAS,Undefined,4,Top,0,0,0,Cutter,Slider,BallCalled,Undefined,Undefined,Undefined,0,0,,85.48305,1.181159,-1.025449,1907.95813,112.821688,9:45,5.43919,1.63048,6.30333,-34.23793,3.42185,-5.33425,3.67457,0.2411,78.13471,-5.208453,-1.990152,0.441683,,,,,,,,,,,,2.47063,1.82398,-1.55286,50,5.50971,2.43064,-124.23334,1.48205,3.85345,25.35567,-29.32916,HP,GAS,HighPoint,Independent,ATL,20250925-HighPoint-1,444b0cc0-9a6c-11f0-b2ef-f50b1063f050,85.3383,,,7.34834,,,,,,,140c42c3-e7fe-494f-8443-25f5b0d89000,2025-09-26,00:03:44.27,2025-09-25T20:03:44.2744832-04:00,2025-09-26T00:03:44.2744832Z,,v3,5431,5508,,"Napleton, Luke",813847,Right,HP,8bc15b52-faa6-412a-94f7-ade0307fd5d2,54.19534,-125.08666,12.67784,5.44323,2.4691,-14.66458,-1.63248,2.30096,1.92672,,,,,,,,,,,,,,,,,,,,,,,,,,,,,,,,,,,,,,,,,,,,,,,,,,,High,High,High,,,,,
114,2025-09-25,20:04:03.84,3,2,"Bonta-Smith, Fin Del",1000447530,Right,HP,"Guthrie, Dalton",656495,Right,GAS,Undefined,4,Top,0,1,0,FourSeamFastBall,Four-Seam,FoulBallNotFieldable,Undefined,Undefined,Undefined,0,0,,92.30827,-0.591392,-2.103192,2231.03926,217.907135,1:15,5.48674,1.47191,6.12486,-17.42009,15.18898,10.99756,3.48798,0.44326,83.97671,-3.912861,-0.122008,0.410999,73.98279,41.081907,162.95618,4218.252454,,,,,46.33475,,,-6.27118,8.32729,-1.31649,50,5.43233,4.45084,-134.03258,-1.90161,-11.36314,30.03437,-17.08538,HP,GAS,HighPoint,Independent,ATL,20250925-HighPoint-1,4ff0ec20-9a6c-11f0-b2ef-f50b1063f050,91.70938,37.547,,8.33156,,,,1.94512,3.533,-0.43471,140c42c3-e7fe-494f-8443-25f5b0d89000,2025-09-26,00:04:03.84,2025-09-25T20:04:03.8467584-04:00,2025-09-26T00:04:03.8467584Z,,v3,5431,5508,,"Napleton, Luke",813847,Right,HP,bb88d841-f324-419e-83d8-2f646de43c8f,54.37334,-135.00901,15.01718,5.48512,-1.34616,-8.54269,-1.4672,4.82027,-5.68157,321.707782,1.94512,-78.19805,4.07712,0.32492,-0.0438,-0.22665,-0.03362,0.70798,-0.55907,3.533,71.30451,-28.30593,3.49415,-0.65446,0.09842,-0.66326,1.45243,-0.8981,-0.43471,23.97281,-7.9599,2.04909,-0.32088,-0.09803,-0.55922,1.59006,-1.05028,,,,,,,,,,,,,,,,,,,,,,,High,High,High,High,Undefined,,,
115,2025-09-25,20:04:36.58,3,3,"Bonta-Smith, Fin Del",1000447530,Right,HP,"Guthrie, Dalton",656495,Right,GAS,Undefined,4,Top,0,1,1,Cutter,Slider,FoulBallNotFieldable,Undefined,Undefined,Undefined,0,0,,84.81853,0.398218,-1.920054,1899.902089,147.384701,11:00,5.40677,1.55548,6.35115,-32.19813,5.98689,-3.06752,3.09035,-0.46817,77.62964,-5.622431,-2.475018,0.444752,,,,,,,,,,,,1.05445,3.37201,-1.41479,50,5.42065,4.24752,-123.25534,-0.12083,1.61914,24.91158,-26.99618,HP,GAS,HighPoint,Independent,ATL,20250925-HighPoint-1,63767b20-9a6c-11f0-b2ef-f50b1063f050,84.74937,,,7.1889,,,,,,,140c42c3-e7fe-494f-8443-25f5b0d89000,2025-09-26,00:04:36.58,2025-09-25T20:04:36.5895680-04:00,2025-09-26T00:04:36.5895680Z,,v3,5431,5508,,"Napleton, Luke",813847,Right,HP,f0bd253d-68b8-46c3-8015-e012975e8af2,54.14786,-124.09084,12.45579,5.40952,0.78459,-13.49809,-1.55634,4.19322,0.80957,,,,,,,,,,,,,,,,,,,,,,,,,,,,,,,,,,,,,,,,,,,,,,,,,,,High,High,High,,,,,
116,2025-09-25,20:05:12.53,3,4,"Bonta-Smith, Fin Del",1000447530,Right,HP,"Guthrie, Dalton",656495,Right,GAS,Undefined,4,Top,0,1,2,FourSeamFastBall,Four-Seam,InPlay,Undefined,FlyBall,Sacrifice,1,1,,92.39106,-1.686898,-2.178807,2129.12888,213.634376,1:00,5.53263,1.37842,6.17126,-16.57599,15.79221,9.82788,2.59168,0.18406,84.51698,-4.842811,-0.406712,0.409478,102.83126,38.761385,-13.027912,3496.655381,107.58327,83.63951,-22.92985,391.9915,386.85261,-9.534268,6.091087,-5.72044,8.96481,-1.2185,50,5.39635,4.69941,-134.1898,-4.44317,-10.43503,28.92059,-15.82075,HP,GAS,HighPoint,Independent,ATL,20250925-HighPoint-1,78da4000-9a6c-11f0-b2ef-f50b1063f050,92.04998,129.5547,,7.87408,,,,2.21596,2.78811,-0.09894,140c42c3-e7fe-494f-8443-25f5b0d89000,2025-09-26,00:05:12.53,2025-09-25T20:05:12.5358592-04:00,2025-09-26T00:05:12.5358592Z,FlyBall,v3,5431,5508,,"Napleton, Luke",813847,Right,HP,a9d7adcf-d3bd-4b6f-ad64-d845ae13b09c,54.32885,-135.11954,14.4603,5.53101,-3.93456,-7.91038,-1.37497,5.03487,-5.21752,186.646957,2.22399,114.44102,-22.20076,5.05756,-0.85412,0.09807,-0.0075,0.00045,-2E-05,2.78696,94.43134,-21.22589,1.90445,-0.23799,-0.01002,0.01035,-0.00155,8E-05,-0.10157,-26.46693,6.67071,-1.46457,0.23252,-0.02348,0.00145,-8E-05,0,,,,,,,,,,,,,,,,,,,,,,,High,High,High,High,Medium,,,
117,2025-09-25,20:06:43.84,4,1,"Bonta-Smith, Fin Del",1000447530,Right,HP,"Scantlin, Nate",676715,Left,GAS,Undefined,4,Top,1,0,0,Cutter,Slider,StrikeCalled,Undefined,Undefined,Undefined,0,0,,83.65672,1.029381,-1.333169,1805.160781,174.386796,11:45,5.34961,1.81054,6.12003,-35.63616,3.80559,-0.2572,3.33196,0.55636,76.79311,-5.587939,-1.379523,0.452012,,,,,,,,,,,,-0.22799,2.07913,-1.70831,50,5.41006,2.83947,-121.58059,1.04812,-0.34218,23.22699,-29.05346,HP,GAS,HighPoint,Independent,ATL,20250925-HighPoint-1,af58c020-9a6c-11f0-b2ef-f50b1063f050,83.38822,,,6.86361,,,,,,,140c42c3-e7fe-494f-8443-25f5b0d89000,2025-09-26,00:06:43.84,2025-09-25T20:06:43.8432768-04:00,2025-09-26T00:06:43.8432768Z,,v3,5431,5508,,"Napleton, Luke",813847,Right,HP,5733b43f-5c27-4491-b8d6-be1415f2b4d1,54.37878,-122.41427,11.61349,5.35373,2.09092,-14.52673,-1.81045,2.85175,-0.17109,,,,,,,,,,,,,,,,,,,,,,,,,,,,,,,,,,,,,,,,,,,,,,,,,,,High,High,High,,,,,
118,2025-09-25,20:07:06.99,4,2,"Bonta-Smith, Fin Del",1000447530,Right,HP,"Scantlin, Nate",676715,Left,GAS,Undefined,4,Top,1,0,1,ChangeUp,Changeup,FoulBallNotFieldable,Undefined,Undefined,Undefined,0,0,,86.28892,-1.15917,-3.107691,1482.956081,268.756554,3:00,5.29497,1.63541,6.57439,-35.11163,1.53717,17.13221,1.30483,0.21186,79.12276,-7.707441,0.008025,0.435714,39.00867,-50.555397,86.528281,,,,,2.64372,2.64372,21.442766,0.032264,-9.9413,1.46681,-1.42874,50,5.2006,6.18186,-125.36194,-3.60548,-15.77356,26.04137,-29.8467,HP,GAS,HighPoint,Independent,ATL,20250925-HighPoint-1,bd23f080-9a6c-11f0-b2ef-f50b1063f050,86.50736,1.43532,,7.16616,,,,2.38923,1.43532,-0.21222,140c42c3-e7fe-494f-8443-25f5b0d89000,2025-09-26,00:07:06.99,2025-09-25T20:07:06.9991424-04:00,2025-09-26T00:07:06.9991424Z,GroundBall,v3,5431,5508,,"Napleton, Luke",813847,Right,HP,8701d378-34a5-42bd-a3a8-3d6e4343de4a,53.92722,-126.1751,13.02069,5.29863,-2.6735,-14.92335,-1.62947,6.6744,-7.88678,,2.38915,2.21631,,,,,,,,1.4369,-44.48619,,,,,,,,-0.21351,36.53224,,,,,,,,,,,,,,,,,,,,,,,,,,,,,,High,High,High,Estimated,Estimated,,,
119,2025-09-25,20:07:38.09,4,3,"Bonta-Smith, Fin Del",1000447530,Right,HP,"Scantlin, Nate",676715,Left,GAS,Undefined,4,Top,1,0,2,ChangeUp,Changeup,FoulBallNotFieldable,Undefined,Undefined,Undefined,0,0,,86.37633,-1.543793,-2.846851,1597.286286,254.650945,2:30,5.257,1.68053,6.48239,-31.16297,5.15386,14.98772,1.24051,0.31343,79.9861,-7.343009,-0.126138,0.433736,,,,,,,,,,,,-8.62552,3.39843,-1.48683,50,5.13452,5.6998,-125.5859,-4.33258,-13.89599,23.34996,-26.69909,HP,GAS,HighPoint,Independent,ATL,20250925-HighPoint-1,cfa4b9b0-9a6c-11f0-b2ef-f50b1063f050,86.90181,,,6.39023,,,,,,,140c42c3-e7fe-494f-8443-25f5b0d89000,2025-09-26,00:07:38.09,2025-09-25T20:07:38.0976128-04:00,2025-09-26T00:07:38.0976128Z,,v3,5431,5508,,"Napleton, Luke",813847,Right,HP,ab3c3796-5165-4f5e-8a69-f5563bced590,54.01978,-126.33108,11.67498,5.2592,-3.48052,-13.34954,-1.67581,6.14327,-6.948,,,,,,,,,,,,,,,,,,,,,,,,,,,,,,,,,,,,,,,,,,,,,,,,,,,High,High,High,,,,,
120,2025-09-25,20:08:06.58,4,4,"Bonta-Smith, Fin Del",1000447530,Right,HP,"Scantlin, Nate",676715,Left,GAS,Undefined,4,Top,1,0,2,FourSeamFastBall,Four-Seam,FoulBallNotFieldable,Undefined,Undefined,Undefined,0,0,,92.05648,-1.395243,-2.166382,2197.258862,220.914506,1:15,5.49216,1.36355,6.20024,-16.94658,15.81371,12.75721,2.79081,0.4259,83.6771,-4.635833,0.135358,0.411951,,,,,,,,,,,,-7.2515,8.92918,-1.20689,50,5.3786,4.52083,-133.64045,-3.74547,-13.03609,30.40614,-16.12196,HP,GAS,HighPoint,Independent,ATL,20250925-HighPoint-1,e0a0b7a0-9a6c-11f0-b2ef-f50b1063f050,91.49741,,,8.37938,,,,,,,140c42c3-e7fe-494f-8443-25f5b0d89000,2025-09-26,00:08:06.58,2025-09-25T20:08:06.5879552-04:00,2025-09-26T00:08:06.5879552Z,,v3,5431,5508,,"Napleton, Luke",813847,Right,HP,64c85231-d63b-4495-8fe2-1b20c308f3df,54.29858,-134.61493,15.20307,5.49035,-3.22879,-8.06098,-1.35846,4.93861,-6.51804,,,,,,,,,,,,,,,,,,,,,,,,,,,,,,,,,,,,,,,,,,,,,,,,,,,High,High,High,,,,,
121,2025-09-25,20:08:36.75,4,5,"Bonta-Smith, Fin Del",1000447530,Right,HP,"Scantlin, Nate",676715,Left,GAS,Undefined,4,Top,1,0,2,TwoSeamFastBall,Sinker,StrikeSwinging,Strikeout,Undefined,Undefined,0,0,,92.646,-0.139539,-2.768248,2183.666682,227.731826,1:30,5.36695,1.50733,5.99409,-18.70828,13.9178,14.11414,3.67846,0.11615,84.04841,-3.690321,-0.233608,0.411106,,,,,,,,,,,,-8.00615,7.50059,-1.29652,50,5.34563,5.87017,-134.40359,-0.91295,-14.5624,30.66099,-18.53114,HP,GAS,HighPoint,Independent,ATL,20250925-HighPoint-1,f2a1f090-9a6c-11f0-b2ef-f50b1063f050,91.68547,,,8.59759,,,,,,,140c42c3-e7fe-494f-8443-25f5b0d89000,2025-09-26,00:08:36.75,2025-09-25T20:08:36.7511040-04:00,2025-09-26T00:08:36.7511040Z,,v3,5431,5508,,"Napleton, Luke",813847,Right,HP,67e4b049-90ba-4b36-8c33-729705789ffe,54.50329,-135.42702,15.3305,5.36578,-0.29441,-9.26557,-1.50057,6.35624,-7.2812,,,,,,,,,,,,,,,,,,,,,,,,,,,,,,,,,,,,,,,,,,,,,,,,,,,High,High,High,,,,,
122,2025-09-25,20:09:09.02,5,1,"Bonta-Smith, Fin Del",1000447530,Right,HP,"McKeithan, Aaron",702463,Right,GAS,Undefined,4,Top,2,0,0,Slider,Slider,InPlay,Undefined,Popup,Out,1,0,,87.15426,-0.049323,-2.352081,1951.467051,184.364295,12:15,5.44148,1.5611,6.16082,-31.07573,5.30878,0.31945,2.80623,-0.58634,79.89601,-5.830533,-2.294504,0.43414,81.2053,59.527268,-12.263984,,106.74504,136.3852,-26.5612,193.79396,192.28685,-14.859169,5.826297,-0.82213,3.07681,-1.38275,50,5.42171,5.18853,-126.62157,-1.11072,-1.33443,25.90671,-27.1799,HP,GAS,HighPoint,Independent,ATL,20250925-HighPoint-1,05d78ad0-9a6d-11f0-b2ef-f50b1063f050,86.82095,136.38798,,7.25826,,,,2.33368,2.97604,0.57504,140c42c3-e7fe-494f-8443-25f5b0d89000,2025-09-26,00:09:09.02,2025-09-25T20:09:09.0213376-04:00,2025-09-26T00:09:09.0213376Z,Popup,v3,5431,5508,,"Napleton, Luke",813847,Right,HP,8bf28c0a-ebbe-42a8-901f-7dcd544bf8b7,54.33954,-127.50634,12.95336,5.4438,-0.18246,-13.58995,-1.56073,5.23411,-0.66721,176.188244,2.34477,58.80583,-14.5516,2.95527,0.19814,-0.28801,0.07486,-0.00876,0.0004,2.96207,102.87395,-24.75738,3.38571,-1.04192,0.2599,-0.04053,0.00322,-9E-05,0.57229,-12.77986,1.90398,-0.24361,-0.10894,0.06471,-0.01479,0.00163,-7E-05,,,,,,,,,,,,,,,,,,,,,,,High,High,High,High,Medium,,,
123,2025-09-25,20:11:40.01,1,1,"Westcott, Zac",686170,Right,GAS,"Burt, D.J.",656274,Right,HP,Undefined,4,Bottom,0,0,0,TwoSeamFastBall,Changeup,StrikeCalled,Undefined,Undefined,Undefined,0,0,,83.66789,-1.594773,-3.516643,2198.367914,229.44106,1:45,6.1496,1.00293,5.8397,-25.32915,14.92863,15.86434,2.55347,-0.94752,76.2621,-6.34098,-0.677088,0.456664,,,,,,,,,,,,-9.05079,8.48461,-0.72515,50,6.00461,6.80173,-121.23352,-4.15,-13.42308,24.47381,-19.59067,HP,GAS,HighPoint,Independent,ATL,20250925-HighPoint-1,5fe0dbd0-9a6d-11f0-b2ef-f50b1063f050,82.53873,,,7.40579,,,,,,,140c42c3-e7fe-494f-8443-25f5b0d89000,2025-09-26,00:11:40.01,2025-09-25T20:11:40.0117248-04:00,2025-09-26T00:11:40.0117248Z,,v3,5431,5508,,"McKeithan, Aaron",702463,Right,GAS,6ced5b8d-611f-44d8-a717-0871ba31a1a6,54.65766,-122.17016,12.2369,6.14909,-3.40024,-9.79534,-0.99529,7.31544,-6.71154,,,,,,,,,,,,,,,,,,,,,,,,,,,,,,,,,,,,,,,,,,,,,,,,,,,High,High,High,,,,,
124,2025-09-25,20:11:54.89,1,2,"Westcott, Zac",686170,Right,GAS,"Burt, D.J.",656274,Right,HP,Undefined,4,Bottom,0,0,1,FourSeamFastBall,Changeup,InPlay,Undefined,FlyBall,Out,1,0,,82.48175,-1.280181,-2.610097,2151.64684,223.259986,1:30,6.01858,1.18623,6.02699,-25.77592,15.31765,13.118,2.68354,-0.13957,75.15702,-6.131226,-0.251245,0.461379,92.21131,55.560406,-7.904002,3733.697982,109.90633,140.03967,-4.53292,242.6265,242.6265,1.302443,6.087207,-7.56914,8.67378,-0.98929,50,5.90441,4.96102,-119.68291,-3.4218,-10.91463,24.35663,-19.66649,HP,GAS,HighPoint,Independent,ATL,20250925-HighPoint-1,68b795a0-9a6d-11f0-b2ef-f50b1063f050,81.6951,150.47206,,7.32473,,,,2.18893,2.8705,0.16583,140c42c3-e7fe-494f-8443-25f5b0d89000,2025-09-26,00:11:54.89,2025-09-25T20:11:54.8974080-04:00,2025-09-26T00:11:54.8974080Z,FlyBall,v3,5431,5508,,"McKeithan, Aaron",702463,Right,GAS,bd85f22a-a7f5-45bf-a0ad-7da5e944c076,54.47246,-120.58966,12.17832,6.01817,-2.68966,-9.83325,-1.18155,5.36735,-5.45731,193.29705,2.20826,75.42786,-18.13431,3.88118,-0.18863,-0.12901,0.03591,-0.00391,0.00016,2.86405,111.62194,-26.69886,3.09639,-0.47157,0.00876,0.01366,-0.00254,0.00014,0.16026,-10.41571,6.55711,-1.64998,0.16187,0.02805,-0.01135,0.00141,-6E-05,,,,,,,,,,,,,,,,,,,,,,,High,High,High,High,Medium,,,
125,2025-09-25,20:12:41.19,2,1,"Westcott, Zac",686170,Right,GAS,"Gonzalez, Luis",8894175,Left,HP,Undefined,4,Bottom,1,0,0,FourSeamFastBall,Changeup,BallCalled,Undefined,Undefined,Undefined,0,0,,83.90546,-0.76529,-1.506647,2166.433254,229.149386,1:45,5.93406,1.43245,5.83485,-26.87364,13.26678,13.73099,2.98297,1.17597,76.08292,-5.805709,0.955896,0.455997,,,,,,,,,,,,-7.40922,7.42276,-1.31736,50,5.85601,2.63365,-121.71205,-2.45716,-11.0046,26.08775,-21.14931,HP,GAS,HighPoint,Independent,ATL,20250925-HighPoint-1,84587db0-9a6d-11f0-b2ef-f50b1063f050,82.65932,,,7.82253,,,,,,,140c42c3-e7fe-494f-8443-25f5b0d89000,2025-09-26,00:12:41.19,2025-09-25T20:12:41.1947008-04:00,2025-09-26T00:12:41.1947008Z,,v3,5431,5508,,"McKeithan, Aaron",702463,Right,GAS,b5664739-4caf-47be-9073-cc3fc742f65b,54.66123,-122.70707,13.04388,5.93434,-1.6505,-10.57465,-1.42581,3.05338,-5.5023,,,,,,,,,,,,,,,,,,,,,,,,,,,,,,,,,,,,,,,,,,,,,,,,,,,High,High,High,,,,,
126,2025-09-25,20:12:58.61,2,2,"Westcott, Zac",686170,Right,GAS,"Gonzalez, Luis",8894175,Left,HP,Undefined,4,Bottom,1,1,0,FourSeamFastBall,Changeup,BallCalled,Undefined,Undefined,Undefined,0,0,,83.70979,0.749686,-3.24372,2166.261623,226.687016,1:30,5.81174,1.42383,6.24769,-25.74277,14.20505,13.54591,4.35907,-0.44216,75.35808,-4.147011,-0.801656,0.454902,,,,,,,,,,,,-7.95658,7.53292,-1.18827,50,5.85496,6.33357,-121.29763,0.87154,-11.68813,26.82706,-21.10824,HP,GAS,HighPoint,Independent,ATL,20250925-HighPoint-1,8ebf2650-9a6d-11f0-b2ef-f50b1063f050,82.85835,,,8.35171,,,,,,,140c42c3-e7fe-494f-8443-25f5b0d89000,2025-09-26,00:12:58.61,2025-09-25T20:12:58.6134528-04:00,2025-09-26T00:12:58.6134528Z,,v3,5431,5508,,"McKeithan, Aaron",702463,Right,GAS,22055dd0-2f0d-4d55-abbf-306bcde2d2ad,54.24707,-122.23333,13.41353,5.81173,1.60778,-10.55412,-1.41629,6.74124,-5.84407,,,,,,,,,,,,,,,,,,,,,,,,,,,,,,,,,,,,,,,,,,,,,,,,,,,High,High,High,,,,,
127,2025-09-25,20:13:17.27,2,3,"Westcott, Zac",686170,Right,GAS,"Gonzalez, Luis",8894175,Left,HP,Undefined,4,Bottom,1,2,0,Curveball,Curveball,StrikeCalled,Undefined,Undefined,Undefined,0,0,,66.19385,3.858332,-0.086937,1975.574903,21.823639,6:45,5.56482,1.4635,5.16604,-82.33382,-15.77162,-7.24075,2.34048,0.77829,60.38448,-11.028118,-1.371118,0.587199,,,,,,,,,,,,3.54606,-8.27874,-1.44969,50,5.86225,0.40088,-95.85452,3.93699,3.24914,16.91464,-39.75961,HP,GAS,HighPoint,Independent,ATL,20250925-HighPoint-1,99f1aa70-9a6d-11f0-b2ef-f50b1063f050,64.19022,,,5.80937,,,,,,,140c42c3-e7fe-494f-8443-25f5b0d89000,2025-09-26,00:13:17.27,2025-09-25T20:13:17.2734976-04:00,2025-09-26T00:13:17.2734976Z,,v3,5431,5508,,"McKeithan, Aaron",702463,Right,GAS,3c556f03-377b-41d2-8678-5d4eb3793d0a,55.33777,-96.79185,8.45732,5.58303,6.14027,-19.8798,-1.46691,0.22083,1.62457,,,,,,,,,,,,,,,,,,,,,,,,,,,,,,,,,,,,,,,,,,,,,,,,,,,High,High,High,,,,,
128,2025-09-25,20:13:35.63,2,4,"Westcott, Zac",686170,Right,GAS,"Gonzalez, Luis",8894175,Left,HP,Undefined,4,Bottom,1,2,1,TwoSeamFastBall,Changeup,BallCalled,Undefined,Undefined,Undefined,0,0,,83.38289,-0.749808,-1.770248,2218.46383,231.055777,1:45,5.90808,1.23526,5.92316,-26.88749,13.68461,15.16654,2.97131,0.85593,75.50208,-5.807043,0.953871,0.458443,,,,,,,,,,,,-8.22544,7.66453,-1.10166,50,5.83301,3.11553,-120.93537,-2.39306,-12.04511,26.05182,-20.95033,HP,GAS,HighPoint,Independent,ATL,20250925-HighPoint-1,a4c8c820-9a6d-11f0-b2ef-f50b1063f050,82.21841,,,7.88081,,,,,,,140c42c3-e7fe-494f-8443-25f5b0d89000,2025-09-26,00:13:35.63,2025-09-25T20:13:35.6386304-04:00,2025-09-26T00:13:35.6386304Z,,v3,5431,5508,,"McKeithan, Aaron",702463,Right,GAS,05c9514d-fb99-4f1b-822c-038b127c4a35,54.57237,-121.91637,13.02591,5.90827,-1.60416,-10.47516,-1.22752,3.56909,-6.02256,,,,,,,,,,,,,,,,,,,,,,,,,,,,,,,,,,,,,,,,,,,,,,,,,,,High,High,High,,,,,
129,2025-09-25,20:13:54.70,2,5,"Westcott, Zac",686170,Right,GAS,"Gonzalez, Luis",8894175,Left,HP,Undefined,4,Bottom,1,3,1,TwoSeamFastBall,Changeup,InPlay,Undefined,FlyBall,HomeRun,0,1,,83.955,-1.515281,-2.981413,2243.07241,228.474736,1:30,5.85784,1.21661,6.08725,-25.8184,13.84194,14.10666,2.30232,-0.36837,76.39475,-6.372729,-0.442652,0.453262,107.17961,28.755215,22.770346,,100.14098,56.41269,45.51573,405.61032,366.9721,26.607581,4.990461,-8.2228,7.99315,-0.99402,50,5.72714,5.80446,-121.77162,-3.98326,-12.25413,25.58643,-20.26216,HP,GAS,HighPoint,Independent,ATL,20250925-HighPoint-1,b0262cd0-9a6d-11f0-b2ef-f50b1063f050,83.1581,85.10646,,7.56026,,,,1.9744,2.40403,0.39742,140c42c3-e7fe-494f-8443-25f5b0d89000,2025-09-26,00:13:54.70,2025-09-25T20:13:54.7081728-04:00,2025-09-26T00:13:54.7081728Z,FlyBall,v3,5431,5508,,"McKeithan, Aaron",702463,Right,GAS,e33e7286-b463-4e6d-a182-7628bf4d7e94,54.41231,-122.69523,12.79322,5.85772,-3.25185,-10.13108,-1.21153,6.2468,-6.12707,207.484656,1.97935,126.97235,-27.63671,7.29392,-1.46499,0.21804,-0.03003,0.00398,-0.00026,2.4056,75.58097,-18.85493,0.18548,0.65423,-0.3372,0.09025,-0.01208,0.00063,0.39978,53.29109,-4.4467,-0.5871,0.6198,-0.23121,0.04865,-0.00534,0.00024,,,,,,,,,,,,,,,,,,,,,,,High,High,High,High,Medium,,,
130,2025-09-25,20:17:07.58,3,1,"Hennen, Ryan",802402,Left,GAS,"Mendoza, Drew",666141,Left,HP,Undefined,4,Bottom,1,0,0,Slider,Slider,BallCalled,Undefined,Undefined,Undefined,0,0,,81.80495,-0.608287,1.143543,2336.970523,249.879701,2:15,6.21682,-3.1646,4.5915,-38.75746,5.61488,11.07229,2.4083,-1.15405,74.2735,-7.618315,3.084785,0.479433,,,,,,,,,,,,-5.13453,3.30122,3.03535,50,6.11827,-2.84719,-118.46765,-2.728,-7.19844,25.48317,-27.54586,HP,GAS,HighPoint,Independent,ATL,20250925-HighPoint-1,2318bff0-9a6e-11f0-b2ef-f50b1063f050,78.61884,,,7.53145,,,,,,,140c42c3-e7fe-494f-8443-25f5b0d89000,2025-09-26,00:17:07.58,2025-09-25T20:17:07.5820544-04:00,2025-09-26T00:17:07.5820544Z,,v3,5431,5508,,"McKeithan, Aaron",702463,Right,GAS,2718ae94-9400-4df2-a9ff-18c5ef4bc614,55.90843,-119.73185,12.74159,6.21971,-1.36148,-13.77293,3.16774,-2.49009,-3.59922,,,,,,,,,,,,,,,,,,,,,,,,,,,,,,,,,,,,,,,,,,,,,,,,,,,High,High,High,,,,,
131,2025-09-25,20:17:22.47,3,2,"Hennen, Ryan",802402,Left,GAS,"Mendoza, Drew",666141,Left,HP,Undefined,4,Bottom,1,1,0,FourSeamFastBall,Four-Seam,StrikeCalled,Undefined,Undefined,Undefined,0,0,,89.40676,-2.774256,2.861641,2215.435619,164.148505,11:30,6.26782,-2.5358,5.28133,-20.05056,15.6806,-4.13925,1.98621,-0.191,82.2027,-6.486783,2.128249,0.430224,,,,,,,,,,,,2.81114,8.90855,2.27768,50,5.99984,-6.28469,-129.52158,-6.98099,4.80321,25.57456,-16.95258,HP,GAS,HighPoint,Independent,ATL,20250925-HighPoint-1,2be62af0-9a6e-11f0-b2ef-f50b1063f050,87.61116,,,7.20406,,,,,,,140c42c3-e7fe-494f-8443-25f5b0d89000,2025-09-26,00:17:22.47,2025-09-25T20:17:22.4714240-04:00,2025-09-26T00:17:22.4714240Z,,v3,5431,5508,,"McKeithan, Aaron",702463,Right,GAS,bc406d97-ff29-44b4-96e5-47ae16c35baa,55.21654,-130.54754,12.78728,6.26625,-6.30091,-8.47629,2.53367,-6.47738,2.4016,,,,,,,,,,,,,,,,,,,,,,,,,,,,,,,,,,,,,,,,,,,,,,,,,,,High,High,High,,,,,
132,2025-09-25,20:17:37.82,3,3,"Hennen, Ryan",802402,Left,GAS,"Mendoza, Drew",666141,Left,HP,Undefined,4,Bottom,1,1,1,Slider,Slider,BallCalled,Undefined,Undefined,Undefined,0,0,,80.41717,-1.066766,2.346009,2349.788697,256.557195,2:30,6.18246,-3.02504,4.6996,-40.67923,4.9478,14.30225,1.77888,0.39512,73.51905,-8.394692,4.855175,0.486164,,,,,,,,,,,,-6.27193,3.22713,2.7737,50,6.03824,-5.39882,-116.4097,-3.69398,-8.53464,23.553,-27.78266,HP,GAS,HighPoint,Independent,ATL,20250925-HighPoint-1,352877d0-9a6e-11f0-b2ef-f50b1063f050,77.53036,,,6.89812,,,,,,,140c42c3-e7fe-494f-8443-25f5b0d89000,2025-09-26,00:17:37.82,2025-09-25T20:17:37.8256384-04:00,2025-09-26T00:17:37.8256384Z,,v3,5431,5508,,"McKeithan, Aaron",702463,Right,GAS,54c32b96-ed96-429b-8c56-c30231adadaf,55.79787,-117.57692,11.7765,6.18718,-2.31715,-13.89133,3.03077,-4.97586,-4.26732,,,,,,,,,,,,,,,,,,,,,,,,,,,,,,,,,,,,,,,,,,,,,,,,,,,High,High,High,,,,,
133,2025-09-25,20:17:59.09,3,4,"Hennen, Ryan",802402,Left,GAS,"Mendoza, Drew",666141,Left,HP,Undefined,4,Bottom,1,2,1,Slider,Slider,BallCalled,Undefined,Undefined,Undefined,0,0,,81.23456,1.183485,0.876317,2376.478887,261.062676,2:45,6.30352,-2.99502,4.712,-40.66813,3.72591,14.65643,4.03803,-0.94189,74.20954,-6.178499,3.449376,0.47955,,,,,,,,,,,,-6.87953,1.95059,2.89273,50,6.38731,-2.45843,-117.7489,0.88245,-9.63221,22.92806,-29.443,HP,GAS,HighPoint,Independent,ATL,20250925-HighPoint-1,41d89b40-9a6e-11f0-b2ef-f50b1063f050,78.59963,,,7.02502,,,,,,,140c42c3-e7fe-494f-8443-25f5b0d89000,2025-09-26,00:17:59.09,2025-09-25T20:17:59.0979072-04:00,2025-09-26T00:17:59.0979072Z,,v3,5431,5508,,"McKeithan, Aaron",702463,Right,GAS,3f87aa6f-9cce-4473-ba96-428597296538,55.78597,-118.87021,11.46403,6.30894,2.32238,-14.7215,3.00144,-1.98736,-4.8161,,,,,,,,,,,,,,,,,,,,,,,,,,,,,,,,,,,,,,,,,,,,,,,,,,,High,High,High,,,,,
134,2025-09-25,20:18:15.12,3,5,"Hennen, Ryan",802402,Left,GAS,"Mendoza, Drew",666141,Left,HP,Undefined,4,Bottom,1,3,1,FourSeamFastBall,Four-Seam,FoulBallNotFieldable,Undefined,Undefined,Undefined,0,0,,89.91449,-1.785934,2.260593,2225.805324,166.922414,11:30,6.27221,-2.58996,5.417,-20.27509,15.06107,-3.22886,2.90775,-0.74026,81.99112,-5.571517,1.686688,0.42784,,,,,,,,,,,,2.23622,8.40524,2.39121,50,6.09948,-4.99108,-130.28819,-4.75258,3.83801,27.76097,-17.74823,HP,GAS,HighPoint,Independent,ATL,20250925-HighPoint-1,4b43cce0-9a6e-11f0-b2ef-f50b1063f050,88.09943,,,7.92337,,,,,,,140c42c3-e7fe-494f-8443-25f5b0d89000,2025-09-26,00:18:15.12,2025-09-25T20:18:15.1263232-04:00,2025-09-26T00:18:15.1263232Z,,v3,5431,5508,,"McKeithan, Aaron",702463,Right,GAS,cbc5f9ac-6f81-4459-a650-2d9c94527b84,55.07759,-131.36563,13.88049,6.27057,-4.06375,-8.87412,2.58781,-5.14004,1.91901,,,,,,,,,,,,,,,,,,,,,,,,,,,,,,,,,,,,,,,,,,,,,,,,,,,High,High,High,,,,,
135,2025-09-25,20:18:44.55,3,6,"Hennen, Ryan",802402,Left,GAS,"Mendoza, Drew",666141,Left,HP,Undefined,4,Bottom,1,3,2,Cutter,Slider,InPlay,Undefined,FlyBall,Out,1,0,,83.8738,-0.901738,2.280581,2703.071868,297.053919,4:00,6.33645,-2.81964,4.79256,-43.20254,-2.03599,6.31626,1.88094,-0.13089,77.72909,-8.637163,3.392031,0.461789,104.1525,16.433551,11.443219,1243.234655,108.23279,26.66363,19.63786,320.3907,311.77347,8.598772,3.03439,-2.54839,-0.48161,2.58618,50,6.20834,-5.12213,-121.70319,-3.61208,-3.84566,22.51149,-32.90085,HP,GAS,HighPoint,Independent,ATL,20250925-HighPoint-1,5cea62b0-9a6e-11f0-b2ef-f50b1063f050,81.62262,31.97729,,6.14471,,,,2.38788,1.97652,0.15241,140c42c3-e7fe-494f-8443-25f5b0d89000,2025-09-26,00:18:44.55,2025-09-25T20:18:44.5526528-04:00,2025-09-26T00:18:44.5526528Z,LineDrive,v3,5431,5508,,"McKeithan, Aaron",702463,Right,GAS,7ca0e63b-7580-4893-9beb-e85bdcfb888c,55.70955,-122.75474,11.25574,6.34117,-2.07522,-16.45042,2.82125,-4.94249,-1.92283,147.023841,2.38782,143.60643,-21.47161,4.52578,-0.93633,0.16883,-0.02418,0.00229,-0.0001,1.97677,43.203,-16.97448,1.35267,-0.38869,0.15097,-0.04503,0.00808,-0.00062,0.15216,29.0807,-7.98712,1.98343,-0.3401,-0.00298,0.02095,-0.0052,0.00045,,,,,,,,,,,,,,,,,,,,,,,High,High,High,High,High,,,
136,2025-09-25,20:19:18.83,4,1,"Hennen, Ryan",802402,Left,GAS,"Aklinski, Ben",679701,Right,HP,Undefined,4,Bottom,2,0,0,Cutter,Slider,BallCalled,Undefined,Undefined,Undefined,0,0,,84.91506,-1.494429,3.908741,2630.6423,274.564609,3:15,6.25273,-2.73198,4.81628,-39.63982,0.42339,8.29571,1.53017,1.66769,79.15886,-8.569104,5.363851,0.455559,,,,,,,,,,,,-3.15579,0.89118,2.3356,50,6.06942,-8.77533,-123.05899,-4.78462,-4.89722,21.67798,-30.79107,HP,GAS,HighPoint,Independent,ATL,20250925-HighPoint-1,7156f650-9a6e-11f0-b2ef-f50b1063f050,82.73892,,,5.7562,,,,,,,140c42c3-e7fe-494f-8443-25f5b0d89000,2025-09-26,00:19:18.83,2025-09-25T20:19:18.8333568-04:00,2025-09-26T00:19:18.8333568Z,,v3,5431,5508,,"McKeithan, Aaron",702463,Right,GAS,20e466a6-c17d-450d-a736-705693b5f550,55.6854,-124.05649,10.83899,6.25698,-3.3678,-15.39554,2.73421,-8.54999,-2.44861,,,,,,,,,,,,,,,,,,,,,,,,,,,,,,,,,,,,,,,,,,,,,,,,,,,High,High,High,,,,,
137,2025-09-25,20:19:35.57,4,2,"Hennen, Ryan",802402,Left,GAS,"Aklinski, Ben",679701,Right,HP,Undefined,4,Bottom,2,1,0,FourSeamFastBall,Four-Seam,FoulBallNotFieldable,Undefined,Undefined,Undefined,0,0,,90.52271,-1.8389,3.207311,2445.173408,171.370147,11:45,6.33571,-2.31309,5.52021,-18.92143,15.7908,-2.22662,3.03631,0.50325,82.6888,-5.381999,2.811458,0.424046,72.91361,80.619593,-156.292317,4536.342157,,,,,14.39043,,,2.03957,8.84733,2.03522,50,6.163,-7.25359,-131.18457,-4.85039,3.54938,28.10366,-16.77741,HP,GAS,HighPoint,Independent,ATL,20250925-HighPoint-1,7b4847e0-9a6e-11f0-b2ef-f50b1063f050,88.88768,74.45933,,7.83391,,,,2.74328,3.04725,-0.08513,140c42c3-e7fe-494f-8443-25f5b0d89000,2025-09-26,00:19:35.57,2025-09-25T20:19:35.5724800-04:00,2025-09-26T00:19:35.5724800Z,,v3,5431,5508,,"McKeithan, Aaron",702463,Right,GAS,8b18ccad-a95f-4b08-b9e1-da2f74d47152,54.97939,-132.247,14.05183,6.33437,-4.21613,-8.3887,2.31197,-7.38777,1.77469,10.526535,2.74328,-15.95903,-5.92051,2.95032,-0.90964,0.24601,-0.06783,0.01854,-0.00333,3.04725,105.50979,-30.45637,4.0492,-0.72989,0.12654,-0.04775,0.02653,-0.00725,-0.08513,-7.00808,7.34321,-2.82562,0.78378,-0.20368,0.06036,-0.01983,0.00415,,,,,,,,,,,,,,,,,,,,,,,High,High,High,Medium,Undefined,,,
138,2025-09-25,20:19:59.90,4,3,"Hennen, Ryan",802402,Left,GAS,"Aklinski, Ben",679701,Right,HP,Undefined,4,Bottom,2,1,1,Slider,Slider,FoulBallNotFieldable,Undefined,Undefined,Undefined,0,0,,83.40768,0.202598,1.848913,2642.330603,275.248155,3:15,6.20444,-2.63307,4.79333,-41.18345,0.02248,11.36343,2.96458,0.06664,77.81526,-7.180624,3.846739,0.46201,66.64838,50.569597,136.072403,5092.646995,,,,,36.29849,,,-5.2213,0.23972,2.43808,50,6.1883,-4.40373,-121.20436,-1.17435,-7.89277,20.09471,-31.81169,HP,GAS,HighPoint,Independent,ATL,20250925-HighPoint-1,89d01180-9a6e-11f0-b2ef-f50b1063f050,81.5836,39.72919,,5.59243,,,,1.54628,3.01251,-0.03323,140c42c3-e7fe-494f-8443-25f5b0d89000,2025-09-26,00:19:59.90,2025-09-25T20:19:59.9063552-04:00,2025-09-26T00:19:59.9063552Z,,v3,5431,5508,,"McKeithan, Aaron",702463,Right,GAS,48596c91-6c24-490e-a352-ff67797e4774,55.70965,-122.14731,10.04736,6.20838,0.31842,-15.90585,2.63604,-4.03336,-3.94638,334.780157,1.54628,-44.71507,-2.07766,1.4397,-0.20685,-0.72507,1.82425,-2.13011,0.99998,3.01251,75.50235,-27.80014,3.32206,-0.5364,-0.54127,1.46207,-1.71025,0.8014,-0.03323,43.07173,-5.16701,0.66771,-0.06628,-0.09494,0.21774,-0.25057,0.11641,,,,,,,,,,,,,,,,,,,,,,,High,High,High,High,Undefined,,,
139,2025-09-25,20:20:20.48,4,4,"Hennen, Ryan",802402,Left,GAS,"Aklinski, Ben",679701,Right,HP,Undefined,4,Bottom,2,1,2,Slider,Slider,BallCalled,Undefined,Undefined,Undefined,0,0,,85.77745,-1.535588,3.583314,2702.348521,284.62805,3:30,6.21404,-2.71154,4.94983,-40.78609,-1.66736,10.50375,1.36099,1.55419,79.88043,-8.825327,5.43178,0.450157,,,,,,,,,,,,-4.32095,-0.11811,2.35446,50,6.03085,-8.25258,-124.35567,-4.95256,-6.83072,22.71392,-32.36077,HP,GAS,HighPoint,Independent,ATL,20250925-HighPoint-1,961983e0-9a6e-11f0-b2ef-f50b1063f050,83.73182,,,5.89703,,,,,,,140c42c3-e7fe-494f-8443-25f5b0d89000,2025-09-26,00:20:20.48,2025-09-25T20:20:20.4870144-04:00,2025-09-26T00:20:20.4870144Z,,v3,5431,5508,,"McKeithan, Aaron",702463,Right,GAS,3b1a5d73-8d4d-4f97-b658-c77d3055572f,55.55197,-125.36565,11.35696,6.21908,-3.51363,-16.18039,2.71466,-7.94885,-3.41536,,,,,,,,,,,,,,,,,,,,,,,,,,,,,,,,,,,,,,,,,,,,,,,,,,,High,High,High,,,,,
140,2025-09-25,20:20:40.08,4,5,"Hennen, Ryan",802402,Left,GAS,"Aklinski, Ben",679701,Right,HP,Undefined,4,Bottom,2,2,2,FourSeamFastBall,Four-Seam,BallCalled,Undefined,Undefined,Undefined,0,0,,90.42781,-2.892307,3.506986,2318.892824,173.547694,11:45,6.20395,-2.37197,5.63966,-19.03454,15.45375,-1.62862,1.91218,0.76804,83.21079,-6.437619,3.216905,0.422676,,,,,,,,,,,,1.73819,8.91737,2.07471,50,5.94548,-7.95516,-130.98339,-7.25635,3.038,26.1008,-16.58837,HP,GAS,HighPoint,Independent,ATL,20250925-HighPoint-1,a1c64110-9a6e-11f0-b2ef-f50b1063f050,89.17581,,,7.21702,,,,,,,140c42c3-e7fe-494f-8443-25f5b0d89000,2025-09-26,00:20:40.08,2025-09-25T20:20:40.0891392-04:00,2025-09-26T00:20:40.0891392Z,,v3,5431,5508,,"McKeithan, Aaron",702463,Right,GAS,39ec5cd0-1e4b-4914-aae6-e49e54fc2bcc,54.85849,-131.94798,13.0504,6.20232,-6.6433,-8.29419,2.37078,-8.06744,1.519,,,,,,,,,,,,,,,,,,,,,,,,,,,,,,,,,,,,,,,,,,,,,,,,,,,High,High,High,,,,,
141,2025-09-25,20:21:03.10,4,6,"Hennen, Ryan",802402,Left,GAS,"Aklinski, Ben",679701,Right,HP,Undefined,4,Bottom,2,3,2,FourSeamFastBall,Four-Seam,InPlay,Undefined,FlyBall,Out,1,0,,90.28802,-1.48877,2.048546,2338.445281,175.116027,11:45,6.21863,-2.43119,5.5955,-19.26694,15.30501,-1.21689,3.22184,-0.61913,82.81393,-5.093731,1.831531,0.423188,92.28148,24.083228,13.890031,2591.521288,105.08711,43.66191,32.50591,325.93073,320.6173,22.8088,4.061247,1.17146,8.48981,2.25633,50,6.07856,-4.63495,-131.05672,-4.04938,2.0439,26.87175,-17.36128,HP,GAS,HighPoint,Independent,ATL,20250925-HighPoint-1,af790770-9a6e-11f0-b2ef-f50b1063f050,89.06782,54.43219,,7.47409,,,,1.74315,3.26463,0.65127,140c42c3-e7fe-494f-8443-25f5b0d89000,2025-09-26,00:21:03.10,2025-09-25T20:21:03.1053312-04:00,2025-09-26T00:21:03.1053312Z,LineDrive,v3,5431,5508,,"McKeithan, Aaron",702463,Right,GAS,23f90d05-3214-4a3d-af5d-8ed436d06838,54.90422,-132.05845,13.43588,6.21745,-3.40219,-8.68064,2.43053,-4.71114,1.02195,217.690583,1.74267,119.96238,-22.68688,5.32982,-1.23278,0.30926,-0.0738,0.01144,-0.00074,3.26556,55.20753,-15.68641,0.20632,0.3119,-0.1896,0.06105,-0.00953,0.00057,0.65092,29.67633,2.5968,-1.31715,0.28565,-0.01998,-0.0046,0.00122,-9E-05,,,,,,,,,,,,,,,,,,,,,,,High,High,High,High,High,,,
142,2025-09-25,20:23:27.37,1,1,"Bonta-Smith, Fin Del",1000447530,Right,HP,"Crook, Narciso",643271,Right,GAS,Undefined,5,Top,0,0,0,FourSeamFastBall,Four-Seam,BallCalled,Undefined,Undefined,Undefined,0,0,,89.91528,-1.312644,-1.105678,2243.070985,215.114862,1:15,5.53148,1.47358,6.07492,-17.04548,17.25229,11.36725,2.896,1.39764,82.17563,-4.560847,0.94165,0.421507,,,,,,,,,,,,-6.1315,9.57296,-1.39377,50,5.42067,2.04043,-130.61772,-3.47778,-10.59296,27.5071,-15.63554,HP,GAS,HighPoint,Independent,ATL,20250925-HighPoint-1,05735fe0-9a6f-11f0-b2ef-f50b1063f050,89.42313,,,7.73965,,,,,,,140c42c3-e7fe-494f-8443-25f5b0d89000,2025-09-26,00:23:27.37,2025-09-25T20:23:27.3771008-04:00,2025-09-26T00:23:27.3771008Z,,v3,5431,5508,,"Napleton, Luke",813847,Right,HP,76131d03-7f91-4456-9d26-001f011f4262,54.423,-131.54587,13.75355,5.52911,-2.9502,-7.81777,-1.46865,2.39786,-5.29648,,,,,,,,,,,,,,,,,,,,,,,,,,,,,,,,,,,,,,,,,,,,,,,,,,,High,High,High,,,,,
143,2025-09-25,20:23:45.34,1,2,"Bonta-Smith, Fin Del",1000447530,Right,HP,"Crook, Narciso",643271,Right,GAS,Undefined,5,Top,0,1,0,ChangeUp,Changeup,BallCalled,Undefined,Undefined,Undefined,0,0,,84.72197,-0.677967,-2.221954,1493.14787,277.051675,3:15,5.30502,1.76657,6.42832,-39.07498,-1.06161,17.86174,1.42514,1.21177,78.08971,-7.922446,1.02148,0.443751,,,,,,,,,,,,-9.9393,-0.00516,-1.61583,50,5.23935,4.1184,-123.21266,-2.68156,-15.30386,24.11394,-32.18202,HP,GAS,HighPoint,Independent,ATL,20250925-HighPoint-1,102fc9a0-9a6f-11f0-b2ef-f50b1063f050,84.94049,,,6.63227,,,,,,,140c42c3-e7fe-494f-8443-25f5b0d89000,2025-09-26,00:23:45.34,2025-09-25T20:23:45.3468160-04:00,2025-09-26T00:23:45.3468160Z,,v3,5431,5508,,"Napleton, Luke",813847,Right,HP,c974ed57-6385-4d0f-8310-cb8b67f6490c,54.0736,-124.00734,12.05697,5.31024,-1.62099,-16.09101,-1.75986,4.62275,-7.65193,,,,,,,,,,,,,,,,,,,,,,,,,,,,,,,,,,,,,,,,,,,,,,,,,,,High,High,High,,,,,
144,2025-09-25,20:24:04.53,1,3,"Bonta-Smith, Fin Del",1000447530,Right,HP,"Crook, Narciso",643271,Right,GAS,Undefined,5,Top,0,2,0,FourSeamFastBall,Four-Seam,InPlay,Undefined,GroundBall,Out,1,0,,91.45287,-1.696043,-2.655673,2141.870455,218.43702,1:15,5.58557,1.28575,6.12886,-18.80761,14.28576,10.51343,2.44838,-0.29467,83.73196,-5.251525,-0.762246,0.41404,105.00328,-7.428178,-23.427728,,,,,19.17625,18.04678,-20.237015,0.116494,-6.19496,8.17323,-1.08819,50,5.44597,5.72656,-132.77996,-4.51143,-11.07193,28.13674,-17.56648,HP,GAS,HighPoint,Independent,ATL,20250925-HighPoint-1,1b9e4550-9a6f-11f0-b2ef-f50b1063f050,91.03579,2.54097,,7.72091,,,,1.85976,2.54097,0.30364,140c42c3-e7fe-494f-8443-25f5b0d89000,2025-09-26,00:24:04.53,2025-09-25T20:24:04.5346816-04:00,2025-09-26T00:24:04.5346816Z,GroundBall,v3,5431,5508,,"Napleton, Luke",813847,Right,HP,06b362fb-850e-41bd-b2c2-74f62b32a043,54.37134,-133.70306,14.06837,5.58452,-3.93511,-8.78324,-1.28202,6.0898,-5.53596,301.031112,1.85988,140.11015,-13.96252,,,,,,,2.54107,-19.92139,-16.24417,,,,,,,0.30353,-60.7053,9.96409,,,,,,,,,,,,,,,,,,,,,,,,,,,,,High,High,High,High,High,,,
145,2025-09-25,20:24:56.32,2,1,"Bonta-Smith, Fin Del",1000447530,Right,HP,"De La Rosa, Eric",680763,Right,GAS,Undefined,5,Top,1,0,0,Slider,Slider,BallCalled,Undefined,Undefined,Undefined,0,0,,83.94792,1.690487,-0.35683,1929.449575,197.110423,12:30,5.46887,1.65541,6.27483,-34.66329,3.97693,0.89516,4.13905,1.40108,77.53059,-4.756654,-0.19501,0.447395,,,,,,,,,,,,-0.55197,2.00217,-1.62947,50,5.57699,0.72682,-122.12417,2.52646,-0.84257,21.63219,-29.11786,HP,GAS,HighPoint,Independent,ATL,20250925-HighPoint-1,3a830dc0-9a6f-11f0-b2ef-f50b1063f050,84.24868,,,6.41733,,,,,,,140c42c3-e7fe-494f-8443-25f5b0d89000,2025-09-26,00:24:56.32,2025-09-25T20:24:56.3245056-04:00,2025-09-26T00:24:56.3245056Z,,v3,5431,5508,,"Napleton, Luke",813847,Right,HP,2d8d5ed0-cf5e-4589-a58c-8ff981b0883a,54.2252,-122.87031,10.81609,5.47252,3.5308,-14.55893,-1.65504,0.75589,-0.42128,,,,,,,,,,,,,,,,,,,,,,,,,,,,,,,,,,,,,,,,,,,,,,,,,,,High,High,High,,,,,
146,2025-09-25,20:25:15.95,2,2,"Bonta-Smith, Fin Del",1000447530,Right,HP,"De La Rosa, Eric",680763,Right,GAS,Undefined,5,Top,1,1,0,Slider,Slider,StrikeCalled,Undefined,Undefined,Undefined,0,0,,83.43545,0.636531,-2.684505,1870.185682,296.475025,4:00,5.4369,1.64165,6.23899,-39.15585,0.23886,1.82102,2.76174,-0.68469,76.96524,-6.609189,-2.355844,0.451742,,,,,,,,,,,,-1.64437,0.33819,-1.44238,50,5.46525,5.61664,-121.25359,0.10637,-2.46228,22.42145,-31.66766,HP,GAS,HighPoint,Independent,ATL,20250925-HighPoint-1,463aee80-9a6f-11f0-b2ef-f50b1063f050,83.43801,,,6.47021,,,,,,,140c42c3-e7fe-494f-8443-25f5b0d89000,2025-09-26,00:25:15.95,2025-09-25T20:25:15.9503872-04:00,2025-09-26T00:25:15.9503872Z,,v3,5431,5508,,"Napleton, Luke",813847,Right,HP,1b367f1d-425b-4cbf-8478-66698d619403,54.26124,-122.039,11.21073,5.44209,1.21568,-15.83383,-1.64064,5.70289,-1.23114,,,,,,,,,,,,,,,,,,,,,,,,,,,,,,,,,,,,,,,,,,,,,,,,,,,High,High,High,,,,,
147,2025-09-25,20:25:36.33,2,3,"Bonta-Smith, Fin Del",1000447530,Right,HP,"De La Rosa, Eric",680763,Right,GAS,Undefined,5,Top,1,1,1,FourSeamFastBall,Four-Seam,FoulBallNotFieldable,Undefined,Undefined,Undefined,0,0,,91.57277,-0.709528,-1.469055,2280.453676,223.972517,1:30,5.50785,1.30659,6.0925,-19.84285,13.27493,11.77725,3.19773,0.92887,83.48378,-4.462604,0.652667,0.414192,60.49841,54.233626,117.407987,5280.744126,,,,,34.50253,,,-6.50162,7.37359,-1.19951,50,5.44267,2.91471,-133.02851,-2.26655,-11.6155,29.34124,-19.00071,HP,GAS,HighPoint,Independent,ATL,20250925-HighPoint-1,524fe360-9a6f-11f0-b2ef-f50b1063f050,91.00231,43.70356,,8.08899,,,,0.73885,3.2155,-0.89133,140c42c3-e7fe-494f-8443-25f5b0d89000,2025-09-26,00:25:36.33,2025-09-25T20:25:36.3300352-04:00,2025-09-26T00:25:36.3300352Z,,v3,5431,5508,,"Napleton, Luke",813847,Right,HP,2d22f806-c505-42ef-b5d2-3679c6bff5c2,54.40652,-133.99691,14.67062,5.50713,-1.63944,-9.50035,-1.30204,3.29807,-5.80775,323.354445,0.73884,-23.87286,-4.40667,1.91268,-0.8232,1.02967,-1.45794,1.11266,-0.31738,3.2155,71.99687,-23.88868,2.40616,-0.50774,0.20902,-0.22448,0.15901,-0.04071,-0.89133,46.04022,-7.18881,1.44035,-0.35589,0.3274,-0.46074,0.34661,-0.09579,,,,,,,,,,,,,,,,,,,,,,,High,High,High,High,Undefined,,,
148,2025-09-25,20:26:03.73,2,4,"Bonta-Smith, Fin Del",1000447530,Right,HP,"De La Rosa, Eric",680763,Right,GAS,Undefined,5,Top,1,1,2,FourSeamFastBall,Four-Seam,FoulBallNotFieldable,Undefined,Undefined,Undefined,0,0,,91.45696,-0.65198,-1.819641,2233.845057,210.517507,1:00,5.55264,1.37647,5.98908,-15.40036,17.76371,9.87158,3.6647,0.51211,83.72022,-3.593536,-0.04571,0.414482,,,,,,,,,,,,-5.57985,9.62607,-1.23844,50,5.49269,3.8045,-132.88832,-1.95922,-10.00635,27.7178,-14.91161,HP,GAS,HighPoint,Independent,ATL,20250925-HighPoint-1,62a6a0a0-9a6f-11f0-b2ef-f50b1063f050,90.93872,,,7.73674,,,,,,,140c42c3-e7fe-494f-8443-25f5b0d89000,2025-09-26,00:26:03.73,2025-09-25T20:26:03.7378048-04:00,2025-09-26T00:26:03.7378048Z,,v3,5431,5508,,"Napleton, Luke",813847,Right,HP,e27c6274-e801-4aff-9f12-5e0006b925b0,54.51063,-133.82584,13.8589,5.55042,-1.45486,-7.45581,-1.37284,4.14296,-5.00318,,,,,,,,,,,,,,,,,,,,,,,,,,,,,,,,,,,,,,,,,,,,,,,,,,,High,High,High,,,,,
149,2025-09-25,20:26:44.65,2,5,"Bonta-Smith, Fin Del",1000447530,Right,HP,"De La Rosa, Eric",680763,Right,GAS,Undefined,5,Top,1,1,2,Cutter,Slider,StrikeSwinging,Strikeout,Undefined,Undefined,0,0,,85.80563,0.111351,-1.575875,1777.614931,162.100052,11:30,5.40252,1.53659,6.21611,-34.35006,3.19496,-0.64661,2.64282,0.02807,78.47374,-6.278919,-1.692668,0.441009,,,,,,,,,,,,-0.11835,2.01532,-1.41823,50,5.39402,3.45527,-124.666,-0.86591,-0.18567,25.76072,-29.01189,HP,GAS,HighPoint,Independent,ATL,20250925-HighPoint-1,7b122740-9a6f-11f0-b2ef-f50b1063f050,85.46862,,,7.33189,,,,,,,140c42c3-e7fe-494f-8443-25f5b0d89000,2025-09-26,00:26:44.65,2025-09-25T20:26:44.6520000-04:00,2025-09-26T00:26:44.6520000Z,,v3,5431,5508,,"Napleton, Luke",813847,Right,HP,08dad075-a42a-450d-9b70-25a40b30d09d,54.28212,-125.54773,12.88036,5.40667,0.12711,-14.50595,-1.53661,3.46162,-0.09283,,,,,,,,,,,,,,,,,,,,,,,,,,,,,52.28387,2.9872,1.495501,1.491699,-1.32567,2.33213,0.05312,-2.74896,4.16558,4.07016,73.91885,11.5463,-51.02722,-2.72456,55.23621,-2.60038,4.26439,29.0865,-16.3037,3.98806,-42.74553,3.98799,High,High,High,,,High,Medium,Medium
150,2025-09-25,20:27:18.55,3,1,"Bonta-Smith, Fin Del",1000447530,Right,HP,"Long, Shed",643418,Left,GAS,Undefined,5,Top,2,0,0,Cutter,Slider,InPlay,Undefined,LineDrive,Single,0,0,,84.57977,-0.06409,-1.611475,1836.890494,129.58442,10:15,5.36744,1.67795,6.28945,-34.88585,3.65823,-2.94221,2.40121,-0.05268,77.39746,-6.560986,-2.143623,0.446838,100.78332,14.218992,13.812765,1497.311819,105.70219,19.19016,30.44595,237.35393,237.35393,19.201873,2.127047,1.07161,2.26398,-1.55789,50,5.34587,3.56777,-122.92155,-1.21717,1.63278,25.30852,-28.72449,HP,GAS,HighPoint,Independent,ATL,20250925-HighPoint-1,8f41d8f0-9a6f-11f0-b2ef-f50b1063f050,84.35367,19.50055,,7.18231,,,,1.47575,2.38536,0.06231,140c42c3-e7fe-494f-8443-25f5b0d89000,2025-09-26,00:27:18.55,2025-09-25T20:27:18.5536512-04:00,2025-09-26T00:27:18.5536512Z,LineDrive,v3,5431,5508,,"Napleton, Luke",813847,Right,HP,ab7614e9-310b-43c2-b42c-510d7904f8b2,54.21056,-123.78544,12.65426,5.37068,-0.23669,-14.36225,-1.67872,3.51203,0.81639,265.588122,1.47576,139.1412,-21.88465,3.80752,-0.5976,-0.04051,0.06447,-0.01915,0.00211,2.38537,36.30694,-21.17745,2.37315,-0.41971,0.02541,0.02135,-0.00757,0.00087,0.06229,34.21462,2.5392,-0.47078,-0.73431,0.76575,-0.37064,0.09312,-0.00969,,,,,,,,,,,,,,,,,,,,,,,High,High,High,High,High,,,
151,2025-09-25,20:28:02.47,4,1,"Bonta-Smith, Fin Del",1000447530,Right,HP,"Wylie, Justin",687045,Right,GAS,Undefined,5,Top,2,0,0,Slider,Slider,BallCalled,Undefined,Undefined,Undefined,0,0,,83.51201,-1.079388,-2.392947,1787.863909,241.121009,2:00,5.40033,1.64439,5.97223,-37.92321,2.23555,1.675,1.23839,-0.43578,76.44158,-8.073668,-2.091704,0.456102,,,,,,,,,,,,-1.55874,1.89622,-1.45578,50,5.29405,4.99762,-121.18102,-3.53423,-2.30537,24.86801,-29.36955,HP,GAS,HighPoint,Independent,ATL,20250925-HighPoint-1,a9777130-9a6f-11f0-b2ef-f50b1063f050,82.64044,,,7.07044,,,,,,,140c42c3-e7fe-494f-8443-25f5b0d89000,2025-09-26,00:28:02.47,2025-09-25T20:28:02.4752640-04:00,2025-09-26T00:28:02.4752640Z,,v3,5431,5508,,"Napleton, Luke",813847,Right,HP,c1b15c78-17b6-44ec-adf4-0dc7d4d636af,54.52583,-122.10625,12.43401,5.40522,-2.44151,-14.68477,-1.64332,5.0834,-1.15269,,,,,,,,,,,,,,,,,,,,,,,,,,,,,,,,,,,,,,,,,,,,,,,,,,,High,High,High,,,,,
152,2025-09-25,20:28:23.36,4,2,"Bonta-Smith, Fin Del",1000447530,Right,HP,"Wylie, Justin",687045,Right,GAS,Undefined,5,Top,2,1,0,FourSeamFastBall,Four-Seam,FoulBallNotFieldable,Undefined,Undefined,Undefined,0,0,,91.42479,-1.545247,-2.194222,2174.53181,217.079967,1:15,5.5082,1.41161,6.17125,-17.51702,15.69076,11.03103,2.61984,0.30326,83.25346,-4.884492,-0.205133,0.414755,83.71345,-33.213969,-65.138603,,,,,5.63152,2.79764,-46.18597,0.040179,-6.37185,8.90552,-1.2511,50,5.3822,4.63034,-132.73032,-4.09511,-11.31558,29.60903,-16.35896,HP,GAS,HighPoint,Independent,ATL,20250925-HighPoint-1,b5e24e40-9a6f-11f0-b2ef-f50b1063f050,90.8789,2.7096,,8.17134,,,,2.15889,2.7096,-0.30868,140c42c3-e7fe-494f-8443-25f5b0d89000,2025-09-26,00:28:23.36,2025-09-25T20:28:23.3642496-04:00,2025-09-26T00:28:23.3642496Z,GroundBall,v3,5431,5508,,"Napleton, Luke",813847,Right,HP,36c30edc-258e-4036-b838-a3b8c9e8ab98,54.32814,-133.69234,14.80451,5.50661,-3.5636,-8.17948,-1.40751,4.998,-5.65779,,2.15812,43.30476,,,,,,,,2.71079,-67.43878,,,,,,,,-0.30703,-93.45694,,,,,,,,,,,,,,,,,,,,,,,,,,,,,,High,High,High,Low,Low,,,
153,2025-09-25,20:28:57.45,4,3,"Bonta-Smith, Fin Del",1000447530,Right,HP,"Wylie, Justin",687045,Right,GAS,Undefined,5,Top,2,1,1,ChangeUp,Changeup,BallCalled,Undefined,Undefined,Undefined,0,0,,85.29087,0.913746,-1.380078,1431.814986,270.638828,3:00,5.27587,1.71256,6.45746,-36.5997,0.9889,16.80253,3.06559,1.84475,78.03954,-5.918474,1.669776,0.441265,,,,,,,,,,,,-9.13276,0.64996,-1.62168,50,5.32461,2.34913,-124.02271,0.83902,-14.19226,25.33248,-31.16402,HP,GAS,HighPoint,Independent,ATL,20250925-HighPoint-1,ca3c9260-9a6f-11f0-b2ef-f50b1063f050,85.41903,,,7.25133,,,,,,,140c42c3-e7fe-494f-8443-25f5b0d89000,2025-09-26,00:28:57.45,2025-09-25T20:28:57.4594560-04:00,2025-09-26T00:28:57.4594560Z,,v3,5431,5508,,"Napleton, Luke",813847,Right,HP,186d5a02-c81c-489c-8ee4-c79e6f58b36a,54.04277,-124.84574,12.66624,5.28091,1.85151,-15.58201,-1.70549,2.81022,-7.09613,,,,,,,,,,,,,,,,,,,,,,,,,,,,,,,,,,,,,,,,,,,,,,,,,,,High,High,High,,,,,
154,2025-09-25,20:29:20.92,4,4,"Bonta-Smith, Fin Del",1000447530,Right,HP,"Wylie, Justin",687045,Right,GAS,Undefined,5,Top,2,2,1,FourSeamFastBall,Four-Seam,InPlay,Undefined,GroundBall,FieldersChoice,1,0,,92.74716,-2.145243,-2.33551,2234.413918,219.947809,1:15,5.55032,1.43424,6.07604,-18.59851,13.74335,10.63422,2.01292,0.15824,84.7052,-5.658089,-0.421163,0.409312,103.2279,-8.249722,-13.490486,,,,,15.98807,14.75002,-16.93313,0.099687,-6.17075,8.0178,-1.25921,50,5.3743,5.04002,-134.60224,-5.62968,-11.29775,29.77517,-17.49463,HP,GAS,HighPoint,Independent,ATL,20250925-HighPoint-1,d82ef9d0-9a6f-11f0-b2ef-f50b1063f050,92.0874,2.16813,,8.04196,,,,0.75368,2.16813,-1.16812,140c42c3-e7fe-494f-8443-25f5b0d89000,2025-09-26,00:29:20.92,2025-09-25T20:29:20.9273856-04:00,2025-09-26T00:29:20.9273856Z,GroundBall,v3,5431,5508,,"Napleton, Luke",813847,Right,HP,9b9ee6ef-c86a-432c-afc6-d1293f72ffcc,54.42361,-135.57725,14.88759,5.54927,-5.05681,-8.74732,-1.43031,5.40997,-5.64887,180,0.75097,145.86894,,,,,,,,2.16853,-21.74936,,,,,,,,-1.16747,-34.99442,,,,,,,,,,,,,,,,,,,,,,,,,,,,,,High,High,High,Low,Low,,,
155,2025-09-25,20:31:30.27,1,1,"Hennen, Ryan",802402,Left,GAS,"Edwards, Evan",657212,Left,HP,Undefined,5,Bottom,0,0,0,FourSeamFastBall,Four-Seam,FoulBallNotFieldable,Undefined,Undefined,Undefined,0,0,,89.37719,-2.266013,3.271191,2221.975138,162.252642,11:30,6.20653,-2.50783,5.66863,-20.58706,14.63091,-4.33855,2.37359,0.18395,82.18934,-6.100999,2.497491,0.427124,,,,,,,,,,,,3.0802,8.3691,2.23414,50,6.00186,-7.22233,-129.58893,-5.81696,5.26454,25.78965,-17.86996,HP,GAS,HighPoint,Independent,ATL,20250925-HighPoint-1,2545a020-9a70-11f0-b2ef-f50b1063f050,88.24713,,,7.18784,,,,,,,140c42c3-e7fe-494f-8443-25f5b0d89000,2025-09-26,00:31:30.27,2025-09-25T20:31:30.2728192-04:00,2025-09-26T00:31:30.2728192Z,,v3,5431,5508,,"McKeithan, Aaron",702463,Right,GAS,061313df-3c11-4bfa-bae2-1a596e5bef7f,54.83133,-130.54688,12.89483,6.2056,-5.15319,-8.93498,2.50605,-7.41787,2.63227,,,,,,,,,,,,,,,,,,,,,,,,,,,,,,,,,,,,,,,,,,,,,,,,,,,High,High,High,,,,,
156,2025-09-25,20:31:49.58,1,2,"Hennen, Ryan",802402,Left,GAS,"Edwards, Evan",657212,Left,HP,Undefined,5,Bottom,0,0,1,FourSeamFastBall,Four-Seam,BallCalled,Undefined,Undefined,Undefined,0,0,,89.76499,-1.768266,4.353819,2330.663903,162.738373,11:30,6.13717,-2.59328,5.55024,-19.83603,15.05446,-4.37134,2.8265,1.11872,83.02857,-5.448234,3.577975,0.425133,,,,,,,,,,,,3.25957,8.35371,2.21886,50,5.97061,-9.71296,-130.08713,-4.69764,5.65963,23.89972,-17.6694,HP,GAS,HighPoint,Independent,ATL,20250925-HighPoint-1,30c97890-9a70-11f0-b2ef-f50b1063f050,88.66029,,,6.73643,,,,,,,140c42c3-e7fe-494f-8443-25f5b0d89000,2025-09-26,00:31:49.58,2025-09-25T20:31:49.5851008-04:00,2025-09-26T00:31:49.5851008Z,,v3,5431,5508,,"McKeithan, Aaron",702463,Right,GAS,078ecfc8-e042-44c1-9158-a063d6769d4a,54.94946,-130.9933,11.94986,6.13602,-4.02771,-8.8347,2.59119,-9.92754,2.82982,,,,,,,,,,,,,,,,,,,,,,,,,,,,,,,,,,,,,,,,,,,,,,,,,,,High,High,High,,,,,
157,2025-09-25,20:32:09.36,1,3,"Hennen, Ryan",802402,Left,GAS,"Edwards, Evan",657212,Left,HP,Undefined,5,Bottom,0,1,1,FourSeamFastBall,Four-Seam,InPlay,Undefined,GroundBall,Out,1,0,,89.5789,-3.045929,3.583975,2343.999757,160.870379,11:15,6.0905,-2.67412,5.59879,-18.35847,16.66091,-5.42551,1.70868,0.22415,82.82342,-6.463184,2.618243,0.425918,54.29862,-53.279114,56.569718,,,,,2.89685,2.89685,18.301617,0.027714,3.65355,9.53241,2.37038,50,5.81701,-7.90052,-129.82574,-7.52396,6.30546,24.32577,-15.7226,HP,GAS,HighPoint,Independent,ATL,20250925-HighPoint-1,3c95a4a0-9a70-11f0-b2ef-f50b1063f050,88.49704,1.77688,,6.75548,,,,2.0201,1.77688,-0.1965,140c42c3-e7fe-494f-8443-25f5b0d89000,2025-09-26,00:32:09.36,2025-09-25T20:32:09.3621760-04:00,2025-09-26T00:32:09.3621760Z,GroundBall,v3,5431,5508,,"McKeithan, Aaron",702463,Right,GAS,b5780b8a-d093-4ab9-8d57-d9e05051b35a,54.90199,-130.74101,12.16288,6.08898,-6.93239,-7.8613,2.67211,-8.13777,3.15273,,2.01959,26.34826,,,,,,,,1.77812,-64.11438,,,,,,,,-0.19727,39.91331,,,,,,,,,,,,,,,,,,,,,,,,,,,,,,High,High,High,Estimated,Estimated,,,
158,2025-09-25,20:32:51.28,2,1,"Hennen, Ryan",802402,Left,GAS,"Dickerson, Alex",543105,Left,HP,Undefined,5,Bottom,1,0,0,Cutter,Slider,BallCalled,Undefined,Undefined,Undefined,0,0,,84.93182,1.695477,1.559282,2354.221312,263.657737,2:45,6.28022,-2.65673,5.09021,-37.53124,1.66516,6.12929,4.75163,-0.67599,79.10045,-5.096235,2.642084,0.450603,,,,,,,,,,,,-2.69902,0.78413,2.50429,50,6.41092,-3.62911,-123.43891,2.2161,-4.24887,19.89637,-30.93967,HP,GAS,HighPoint,Independent,ATL,20250925-HighPoint-1,55a35eb0-9a70-11f0-b2ef-f50b1063f050,83.64881,,,5.83138,,,,,,,140c42c3-e7fe-494f-8443-25f5b0d89000,2025-09-26,00:32:51.28,2025-09-25T20:32:51.2863232-04:00,2025-09-26T00:32:51.2863232Z,,v3,5431,5508,,"McKeithan, Aaron",702463,Right,GAS,1a15b93c-73b1-4036-9354-458057d93056,55.41106,-124.30803,9.94819,6.2846,3.56761,-15.46983,2.65876,-3.44351,-2.12444,,,,,,,,,,,,,,,,,,,,,,,,,,,,,,,,,,,,,,,,,,,,,,,,,,,High,High,High,,,,,
159,2025-09-25,20:33:06.05,2,2,"Hennen, Ryan",802402,Left,GAS,"Dickerson, Alex",543105,Left,HP,Undefined,5,Bottom,1,1,0,Slider,Slider,StrikeCalled,Undefined,Undefined,Undefined,0,0,,79.55829,0.651567,0.167933,2257.599858,276.552793,3:15,6.1918,-2.86765,5.08428,-46.01396,-0.67965,17.73564,2.97149,-1.23139,73.34762,-7.676895,3.307189,0.484602,,,,,,,,,,,,-8.88158,-0.20043,2.83679,50,6.21675,-1.05044,-115.56349,-0.32461,-12.03208,21.178,-32.44556,HP,GAS,HighPoint,Independent,ATL,20250925-HighPoint-1,5e624ac0-9a70-11f0-b2ef-f50b1063f050,77.78026,,,6.21067,,,,,,,140c42c3-e7fe-494f-8443-25f5b0d89000,2025-09-26,00:33:06.05,2025-09-25T20:33:06.0532224-04:00,2025-09-26T00:33:06.0532224Z,,v3,5431,5508,,"McKeithan, Aaron",702463,Right,GAS,1fa1573f-7fb5-4b1a-a907-9cd86ba238e0,55.41848,-116.55224,10.589,6.19655,1.1902,-16.22278,2.87272,-0.48869,-6.01604,,,,,,,,,,,,,,,,,,,,,,,,,,,,,,,,,,,,,,,,,,,,,,,,,,,High,High,High,,,,,
160,2025-09-25,20:33:20.98,2,3,"Hennen, Ryan",802402,Left,GAS,"Dickerson, Alex",543105,Left,HP,Undefined,5,Bottom,1,1,1,FourSeamFastBall,Four-Seam,StrikeSwinging,Undefined,Undefined,Undefined,0,0,,90.75194,-1.54212,3.437141,2265.695229,152.402209,11:00,6.10925,-2.71455,5.4151,-22.30206,11.84453,-5.70292,2.80311,0.03403,84.16664,-5.645179,2.425103,0.420577,,,,,,,,,,,,3.6739,6.62146,2.41282,50,5.95638,-7.65363,-131.69227,-4.36241,6.55411,23.81418,-20.36154,HP,GAS,HighPoint,Independent,ATL,20250925-HighPoint-1,6749cd70-9a70-11f0-b2ef-f50b1063f050,89.62082,,,6.5853,,,,,,,140c42c3-e7fe-494f-8443-25f5b0d89000,2025-09-26,00:33:20.98,2025-09-25T20:33:20.9844224-04:00,2025-09-26T00:33:20.9844224Z,,v3,5431,5508,,"McKeithan, Aaron",702463,Right,GAS,e20b45bb-c0a1-49d0-addd-422d50159e06,55.08508,-132.60863,11.90709,6.10917,-3.57891,-10.18077,2.71218,-7.90583,3.27706,,,,,,,,,,,,,,,,,,,,,,,,,,,,,,,,,,,,,,,,,,,,,,,,,,,High,High,High,,,,,
161,2025-09-25,20:33:36.39,2,4,"Hennen, Ryan",802402,Left,GAS,"Dickerson, Alex",543105,Left,HP,Undefined,5,Bottom,1,1,2,Slider,Slider,BallCalled,Undefined,Undefined,Undefined,0,0,,80.4982,1.151627,0.239816,2142.441094,280.535251,3:15,6.15685,-2.83407,4.75878,-47.09664,-2.13,18.90229,3.32433,-1.03146,73.92991,-7.329462,3.564266,0.482633,,,,,,,,,,,,-9.17213,-0.90945,2.79262,50,6.231,-1.31823,-116.7996,0.54308,-12.66729,22.05025,-33.43005,HP,GAS,HighPoint,Independent,ATL,20250925-HighPoint-1,70718d70-9a70-11f0-b2ef-f50b1063f050,78.09758,,,6.56829,,,,,,,140c42c3-e7fe-494f-8443-25f5b0d89000,2025-09-26,00:33:36.39,2025-09-25T20:33:36.3925504-04:00,2025-09-26T00:33:36.3925504Z,,v3,5431,5508,,"McKeithan, Aaron",702463,Right,GAS,83f8e2a1-9a61-45ba-a192-43cb136ece3f,55.74209,-117.87865,11.02513,6.16439,2.17901,-16.71502,2.84197,-0.69834,-6.33365,,,,,,,,,,,,,,,,,,,,,,,,,,,,,,,,,,,,,,,,,,,,,,,,,,,High,High,High,,,,,
162,2025-09-25,20:33:57.16,2,5,"Hennen, Ryan",802402,Left,GAS,"Dickerson, Alex",543105,Left,HP,Undefined,5,Bottom,1,2,2,FourSeamFastBall,Four-Seam,StrikeSwinging,Strikeout,Undefined,Undefined,0,0,,90.55195,-1.253021,2.335601,2377.677716,162.979699,11:30,6.13721,-2.5261,5.59442,-18.34698,15.75135,-4.52681,3.43722,-0.72141,83.65466,-4.679455,1.528556,0.420279,,,,,,,,,,,,2.85583,8.58508,2.32871,50,6.01777,-5.16404,-131.52212,-3.48801,5.06492,24.62293,-16.94808,HP,GAS,HighPoint,Independent,ATL,20250925-HighPoint-1,7cd73a60-9a70-11f0-b2ef-f50b1063f050,89.68431,,,6.89729,,,,,,,140c42c3-e7fe-494f-8443-25f5b0d89000,2025-09-26,00:33:57.16,2025-09-25T20:33:57.1610000-04:00,2025-09-26T00:33:57.1610000Z,,v3,5431,5508,,"McKeithan, Aaron",702463,Right,GAS,70eaa336-543d-4275-8879-77c740df45d5,54.90492,-132.43721,12.31146,6.13569,-2.85815,-8.47404,2.52412,-5.35227,2.53246,,,,,,,,,,,,,,,,,,,,,,,,,,,,,59.50253,,,1.161938,,,,-0.57718,5.88698,-0.25285,75.12214,8.55479,-49.83474,-0.54696,68.83999,-3.19399,5.95923,19.87807,-15.17101,-0.33183,-48.28601,4.87723,High,High,High,,,High,Medium,High
163,2025-09-25,20:36:57.15,3,1,"Blanton, Bryan",676802,Right,GAS,"Napleton, Luke",813847,Right,HP,Undefined,5,Bottom,2,0,0,Slider,Slider,HitByPitch,Undefined,Undefined,Undefined,0,0,,81.73425,2.379507,0.505068,3012.597811,93.400424,9:00,5.30913,1.85025,4.54629,-41.93404,1.60803,-6.63138,4.08125,1.77846,75.43562,-5.158392,-0.655485,0.474926,,,,,,,,,,,,3.36236,0.55819,-1.89613,50,5.51707,-0.74966,-118.59582,3.27927,4.84687,20.10371,-31.36942,HP,GAS,HighPoint,Independent,ATL,20250925-HighPoint-1,e8279c10-9a70-11f0-b2ef-f50b1063f050,79.36485,,,6.29863,,,,,,,140c42c3-e7fe-494f-8443-25f5b0d89000,2025-09-26,00:36:57.15,2025-09-25T20:36:57.1564544-04:00,2025-09-26T00:36:57.1564544Z,,v3,5431,5508,,"McKeithan, Aaron",702463,Right,GAS,0eb05d5c-1d15-4110-9631-b85ca68d73e4,55.95463,-119.60096,10.05186,5.3139,4.84766,-15.68471,-1.8526,-0.99199,2.42344,,,,,,,,,,,,,,,,,,,,,,,,,,,,,,,,,,,,,,,,,,,,,,,,,,,High,High,High,,,,,
164,2025-09-25,20:37:39.36,4,1,"Blanton, Bryan",676802,Right,GAS,"Brewer, Aidan",1000132240,Right,HP,Undefined,5,Bottom,2,0,0,Slider,Slider,BallCalled,Undefined,Undefined,Undefined,0,0,,80.50072,2.487319,0.39303,2942.215787,88.915498,9:00,5.44825,1.52109,4.79449,-43.59306,1.23847,-6.35618,4.17412,1.36387,73.7533,-5.401234,-0.724473,0.481907,,,,,,,,,,,,3.2154,0.37839,-1.55448,50,5.65853,-0.52285,-116.71672,3.42576,4.45285,21.16095,-31.65004,HP,GAS,HighPoint,Independent,ATL,20250925-HighPoint-1,01544fd0-9a71-11f0-b2ef-f50b1063f050,78.2152,,,6.74741,,,,,,,140c42c3-e7fe-494f-8443-25f5b0d89000,2025-09-26,00:37:39.36,2025-09-25T20:37:39.3688064-04:00,2025-09-26T00:37:39.3688064Z,,v3,5431,5508,,"McKeithan, Aaron",702463,Right,GAS,46455c44-32c7-4ba4-adc0-e6c6b4681abb,55.70464,-117.74644,10.58048,5.45435,4.9659,-15.82502,-1.52376,-0.73953,2.22643,,,,,,,,,,,,,,,,,,,,,,,,,,,,,,,,,,,,,,,,,,,,,,,,,,,High,High,High,,,,,
165,2025-09-25,20:37:55.23,4,2,"Blanton, Bryan",676802,Right,GAS,"Brewer, Aidan",1000132240,Right,HP,Undefined,5,Bottom,2,1,0,TwoSeamFastBall,Sinker,BallCalled,Undefined,Undefined,Undefined,0,0,,91.12358,-0.849018,-4.415985,2510.920551,234.800435,1:45,5.14468,1.63235,5.08992,-23.19367,11.92843,15.17335,2.40924,-1.27347,82.46226,-5.143802,-1.74342,0.426542,,,,,,,,,,,,-8.77674,6.53044,-1.22623,50,5.04644,9.42944,-131.70958,-2.82994,-15.30919,29.80529,-20.78309,HP,GAS,HighPoint,Independent,ATL,20250925-HighPoint-1,0ac526c0-9a71-11f0-b2ef-f50b1063f050,88.36748,,,8.66132,,,,,,,140c42c3-e7fe-494f-8443-25f5b0d89000,2025-09-26,00:37:55.23,2025-09-25T20:37:55.2397312-04:00,2025-09-26T00:37:55.2397312Z,,v3,5431,5508,,"McKeithan, Aaron",702463,Right,GAS,4ff5c2ae-c074-400b-84bc-24c6496e58d0,55.4065,-132.92742,14.90264,5.14472,-1.98074,-10.39155,-1.6243,10.05497,-7.65459,,,,,,,,,,,,,,,,,,,,,,,,,,,,,,,,,,,,,,,,,,,,,,,,,,,High,High,High,,,,,
166,2025-09-25,20:38:10.93,4,3,"Blanton, Bryan",676802,Right,GAS,"Brewer, Aidan",1000132240,Right,HP,Undefined,5,Bottom,2,2,0,TwoSeamFastBall,Four-Seam,FoulBallNotFieldable,Undefined,Undefined,Undefined,0,0,,91.83292,-0.521488,-2.769363,2636.800028,234.138085,1:45,5.11275,1.76896,5.07125,-21.43848,13.11847,16.46686,2.83395,0.52817,82.94735,-4.511848,0.138125,0.423096,75.48258,50.322612,154.047372,4990.721732,,,,,42.64796,,,-9.02906,7.01961,-1.51977,50,5.04685,5.63753,-132.97448,-2.01084,-16.00177,31.23212,-19.73357,HP,GAS,HighPoint,Independent,ATL,20250925-HighPoint-1,14194df0-9a71-11f0-b2ef-f50b1063f050,89.08716,47.44732,,8.88557,,,,1.81532,2.89617,-0.50044,140c42c3-e7fe-494f-8443-25f5b0d89000,2025-09-26,00:38:10.93,2025-09-25T20:38:10.9335040-04:00,2025-09-26T00:38:10.9335040Z,,v3,5431,5508,,"McKeithan, Aaron",702463,Right,GAS,2732e1d2-3b34-45f7-8475-e2fc523797ce,55.4268,-134.24304,15.61606,5.11224,-1.20932,-9.86678,-1.76195,6.28747,-8.00088,317.744978,1.81532,-63.55491,0.53571,0.89041,-0.35557,0.1054,-0.02681,0.00571,-0.00059,2.89617,85.20629,-28.87374,3.75003,-0.7965,0.15825,-0.03712,0.01027,-0.00226,-0.50044,30.93278,-11.2232,2.97514,-0.70813,0.16089,-0.03838,0.00839,-0.00127,,,,,,,,,,,,,,,,,,,,,,,High,High,High,High,Undefined,,,
167,2025-09-25,20:38:39.39,4,4,"Blanton, Bryan",676802,Right,GAS,"Brewer, Aidan",1000132240,Right,HP,Undefined,5,Bottom,2,2,1,TwoSeamFastBall,Sinker,BallCalled,Undefined,Undefined,Undefined,0,0,,92.01294,0.778281,-1.320309,2442.960682,232.330362,1:45,5.22542,1.74488,4.90841,-21.81816,12.49284,14.75237,4.14346,1.72547,83.70346,-3.255819,1.278717,0.421588,,,,,,,,,,,,-7.58567,6.2663,-1.6286,50,5.28377,2.33581,-133.40334,0.96744,-13.65229,29.04394,-20.89628,HP,GAS,HighPoint,Independent,ATL,20250925-HighPoint-1,2514afa0-9a71-11f0-b2ef-f50b1063f050,89.40591,,,8.30948,,,,,,,140c42c3-e7fe-494f-8443-25f5b0d89000,2025-09-26,00:38:39.39,2025-09-25T20:38:39.3973760-04:00,2025-09-26T00:38:39.3973760Z,,v3,5431,5508,,"McKeithan, Aaron",702463,Right,GAS,d3a6cc1d-586c-42f0-b45d-d02067ea9511,55.5887,-134.61458,14.52197,5.22525,1.8389,-10.44814,-1.73788,2.90517,-6.82615,,,,,,,,,,,,,,,,,,,,,,,,,,,,,,,,,,,,,,,,,,,,,,,,,,,High,High,High,,,,,
168,2025-09-25,20:38:58.89,4,5,"Blanton, Bryan",676802,Right,GAS,"Brewer, Aidan",1000132240,Right,HP,Undefined,5,Bottom,2,3,1,TwoSeamFastBall,Sinker,StrikeSwinging,Undefined,Undefined,Undefined,0,0,,91.39241,-0.262693,-3.488646,2454.244434,228.116762,1:30,5.13156,1.81285,5.05451,-22.04135,12.60261,12.80304,3.04657,-0.41446,83.24655,-4.340008,-1.231827,0.423629,,,,,,,,,,,,-7.28882,6.65406,-1.49101,50,5.08941,7.4482,-132.35949,-1.44011,-12.92848,28.28624,-20.37146,HP,GAS,HighPoint,Independent,ATL,20250925-HighPoint-1,30b3ff50-9a71-11f0-b2ef-f50b1063f050,88.97519,,,8.14586,,,,,,,140c42c3-e7fe-494f-8443-25f5b0d89000,2025-09-26,00:38:58.89,2025-09-25T20:38:58.8970496-04:00,2025-09-26T00:38:58.8970496Z,,v3,5431,5508,,"McKeithan, Aaron",702463,Right,GAS,9bc8b335-77cd-4e76-9399-f9d8c73bb6d2,55.44328,-133.51769,14.14312,5.1313,-0.60598,-10.18573,-1.80682,7.97757,-6.46424,,,,,,,,,,,,,,,,,,,,,,,,,,,,,,,,,,,,,,,,,,,,,,,,,,,High,High,High,,,,,
169,2025-09-25,20:39:24.75,4,6,"Blanton, Bryan",676802,Right,GAS,"Brewer, Aidan",1000132240,Right,HP,Undefined,5,Bottom,2,3,2,TwoSeamFastBall,Sinker,InPlay,Undefined,FlyBall,Out,1,0,,90.16631,0.034918,-2.526531,2165.571171,237.332009,2:00,5.25417,1.69848,5.07601,-24.85419,10.49308,14.66796,3.21594,0.53743,82.5472,-4.536238,0.064115,0.427907,103.60697,20.612309,-21.255431,1754.982486,101.82409,36.92102,-41.61426,354.82977,344.462,-25.892912,3.685702,-8.02394,5.52244,-1.47122,50,5.23809,5.09582,-130.80954,-0.86894,-13.94974,26.72295,-22.5732,HP,GAS,HighPoint,Independent,ATL,20250925-HighPoint-1,4014eae0-9a71-11f0-b2ef-f50b1063f050,88.08557,47.83846,,7.6191,,,,1.98552,3.23355,-0.49455,140c42c3-e7fe-494f-8443-25f5b0d89000,2025-09-26,00:39:24.75,2025-09-25T20:39:24.7528960-04:00,2025-09-26T00:39:24.7528960Z,LineDrive,v3,5431,5508,,"McKeithan, Aaron",702463,Right,GAS,1f113f4d-9d88-45bf-8b17-b9870d8f8b12,55.42473,-131.9131,13.36148,5.25473,0.06325,-11.2866,-1.69355,5.67189,-6.97487,156.691975,1.98576,132.54569,-23.43065,5.30487,-1.08083,0.17339,-0.01663,0.00017,9E-05,3.23336,53.50107,-17.72915,1.30268,-0.27373,0.08201,-0.02297,0.00412,-0.00031,-0.49458,-51.56082,5.73625,-1.69698,0.43719,-0.09629,0.01651,-0.00188,0.0001,,,,,,,,,,,,,,,,,,,,,,,High,High,High,High,Medium,,,
170,2025-09-25,20:41:50.27,1,1,"Sako, Yuhi",807848,Right,HP,"Roederer, Cole",680711,Left,GAS,Undefined,6,Top,0,0,0,FourSeamFastBall,Four-Seam,FoulBallNotFieldable,Undefined,Undefined,Undefined,0,0,,91.59527,-1.413104,-1.742753,2453.779956,204.408907,12:45,5.34158,0.2427,5.78648,-15.22639,18.39269,7.83496,2.75719,-0.72622,83.2006,-4.327383,-0.340015,0.417315,76.63043,57.275335,-62.704045,4504.790844,,,,,37.97596,,,-4.56366,10.17634,-0.10405,50,5.21626,3.70941,-132.92471,-3.7358,-8.11092,30.25943,-14.08773,HP,GAS,HighPoint,Independent,ATL,20250925-HighPoint-1,96d6b200-9a71-11f0-b2ef-f50b1063f050,90.32124,54.57941,,8.39467,,,,1.21067,2.88433,0.94109,140c42c3-e7fe-494f-8443-25f5b0d89000,2025-09-26,00:41:50.27,2025-09-25T20:41:50.2741504-04:00,2025-09-26T00:41:50.2741504Z,,v3,5431,5508,,"Napleton, Luke",813847,Right,HP,269905af-6a8a-4c90-8787-97e8d8d1b53a,54.71348,-133.9934,15.12972,5.33942,-3.23825,-7.04387,-0.24012,3.99587,-4.05546,,1.21067,27.86324,-8.78947,2.14083,-0.49334,0.12314,-0.03103,0.00698,-0.00099,2.88433,94.55218,-32.3398,5.21173,-1.26898,0.3116,-0.07977,0.01852,-0.00275,0.94109,-53.99339,6.62435,-1.70523,0.40276,-0.09979,0.02482,-0.00548,0.00074,,,,,,,,,,,,,,,,,,,,,,,High,High,High,High,Undefined,,,
171,2025-09-25,20:42:12.59,1,2,"Sako, Yuhi",807848,Right,HP,"Roederer, Cole",680711,Left,GAS,Undefined,6,Top,0,0,1,FourSeamFastBall,Four-Seam,StrikeSwinging,Undefined,Undefined,Undefined,0,0,,91.49749,-0.254536,-1.013636,2406.39036,212.33948,1:00,5.29491,0.17888,5.76965,-17.37572,16.07217,9.51938,3.61001,0.02875,83.6314,-3.542717,0.690845,0.416252,,,,,,,,,,,,-5.09575,8.56008,-0.10072,50,5.26334,1.92532,-132.90395,-1.13508,-9.13115,27.99125,-16.83517,HP,GAS,HighPoint,Independent,ATL,20250925-HighPoint-1,a421b5e0-9a71-11f0-b2ef-f50b1063f050,90.55207,,,7.86609,,,,,,,140c42c3-e7fe-494f-8443-25f5b0d89000,2025-09-26,00:42:12.59,2025-09-25T20:42:12.5924864-04:00,2025-09-26T00:42:12.5924864Z,,v3,5431,5508,,"Napleton, Luke",813847,Right,HP,25bca42b-d76f-4785-8119-ddc46a6c67c1,54.72807,-133.89604,13.99562,5.29299,-0.5384,-8.41759,-0.17469,2.24895,-4.56557,,,,,,,,,,,,,,,,,,,,,,,,,,,,,,,,,,,,,,,,,,,,,,,,,,,High,High,High,,,,,
172,2025-09-25,20:42:35.25,1,3,"Sako, Yuhi",807848,Right,HP,"Roederer, Cole",680711,Left,GAS,Undefined,6,Top,0,0,2,FourSeamFastBall,Four-Seam,FoulBallNotFieldable,Undefined,Undefined,Undefined,0,0,,91.40016,-0.203514,-1.046797,2451.566908,214.181366,1:15,5.30062,0.06393,5.76808,-17.32225,16.18395,10.28882,3.66767,-0.05298,83.57449,-3.481753,0.795362,0.416614,78.26972,7.493903,-178.097477,,,,,,42.6496,,,-5.47319,8.59288,0.01667,50,5.27324,1.96103,-132.75945,-1.01125,-9.7931,27.74145,-16.79896,HP,GAS,HighPoint,Independent,ATL,20250925-HighPoint-1,b1aca8f0-9a71-11f0-b2ef-f50b1063f050,90.4733,9.86232,,7.82567,,,,,,,140c42c3-e7fe-494f-8443-25f5b0d89000,2025-09-26,00:42:35.25,2025-09-25T20:42:35.2521728-04:00,2025-09-26T00:42:35.2521728Z,,v3,5431,5508,,"Napleton, Luke",813847,Right,HP,55412e31-767e-4220-ab4f-36396c0aec05,54.72911,-133.744,13.87072,5.29855,-0.41506,-8.39948,-0.0591,2.30858,-4.89655,,5.29709,-113.79294,8.65266,,,,,,,3.87293,15.12025,-2.96717,,,,,,,-0.39108,-3.99343,-14.20543,,,,,,,,,,,,,,,,,,,,,,,,,,,,,High,High,High,Low,Undefined,,,
173,2025-09-25,20:43:00.61,1,4,"Sako, Yuhi",807848,Right,HP,"Roederer, Cole",680711,Left,GAS,Undefined,6,Top,0,0,2,Curveball,Curveball,BallCalled,Undefined,Undefined,Undefined,0,0,,76.53743,-0.600455,-2.471206,2498.725795,37.935273,7:15,5.1678,-0.01076,5.56559,-55.56066,-7.28323,-6.80571,-0.02373,-2.8879,70.98689,-10.652238,-3.687493,0.500085,,,,,,,,,,,,2.79878,-3.22792,0.22876,50,5.07868,5.04272,-111.14845,-2.9665,3.49775,20.10332,-36.20813,HP,GAS,HighPoint,Independent,ATL,20250925-HighPoint-1,c0cd7e40-9a71-11f0-b2ef-f50b1063f050,75.37214,,,5.55054,,,,,,,140c42c3-e7fe-494f-8443-25f5b0d89000,2025-09-26,00:43:00.61,2025-09-25T20:43:00.6179840-04:00,2025-09-26T00:43:00.6179840Z,,v3,5431,5508,,"Napleton, Luke",813847,Right,HP,f367c12c-0431-4ce5-91a1-0fb7397aa560,54.93774,-112.03797,10.05166,5.1745,-1.36438,-18.10407,0.00906,4.88795,1.74887,,,,,,,,,,,,,,,,,,,,,,,,,,,,,,,,,,,,,,,,,,,,,,,,,,,High,High,High,,,,,
174,2025-09-25,20:43:31.00,1,5,"Sako, Yuhi",807848,Right,HP,"Roederer, Cole",680711,Left,GAS,Undefined,6,Top,0,1,2,FourSeamFastBall,Four-Seam,FoulBallNotFieldable,Undefined,Undefined,Undefined,0,0,,92.63375,-1.175487,-1.388726,2378.671786,209.110492,1:00,5.22844,0.05712,5.83448,-13.30642,19.53792,10.2589,3.02649,-0.37903,83.96983,-3.750099,0.45005,0.412479,,,,,,,,,,,,-5.65937,10.66205,0.05004,50,5.12486,2.80362,-134.42964,-3.1245,-10.27763,31.20894,-12.81139,HP,GAS,HighPoint,Independent,ATL,20250925-HighPoint-1,d2cda5c0-9a71-11f0-b2ef-f50b1063f050,91.38031,,,8.66393,,,,,,,140c42c3-e7fe-494f-8443-25f5b0d89000,2025-09-26,00:43:31.00,2025-09-25T20:43:31.0088192-04:00,2025-09-26T00:43:31.0088192Z,,v3,5431,5508,,"Napleton, Luke",813847,Right,HP,b3f57714-0a7c-473a-a630-8b1bc4e2c0c9,54.66365,-135.50802,15.60447,5.22518,-2.68182,-6.4057,-0.05297,3.15874,-5.13882,,,,,,,,,,,,,,,,,,,,,,,,,,,,,,,,,,,,,,,,,,,,,,,,,,,High,High,High,,,,,
175,2025-09-25,20:43:56.65,1,6,"Sako, Yuhi",807848,Right,HP,"Roederer, Cole",680711,Left,GAS,Undefined,6,Top,0,1,2,Slider,Slider,BallCalled,Undefined,Undefined,Undefined,0,0,,83.7201,-1.599266,-0.034763,2523.176746,102.361608,9:30,5.17773,0.22046,5.76553,-37.97037,2.31095,-4.46315,0.52472,-0.18382,76.61467,-8.572687,-0.835891,0.456797,,,,,,,,,,,,2.25902,2.07504,-0.21489,50,5.02254,0.25473,-121.51155,-4.68489,3.35438,25.33294,-29.09287,HP,GAS,HighPoint,Independent,ATL,20250925-HighPoint-1,e230db40-9a71-11f0-b2ef-f50b1063f050,82.51463,,,7.10543,,,,,,,140c42c3-e7fe-494f-8443-25f5b0d89000,2025-09-26,00:43:56.65,2025-09-25T20:43:56.6523392-04:00,2025-09-26T00:43:56.6523392Z,,v3,5431,5508,,"Napleton, Luke",813847,Right,HP,3d3fa50a-8625-4a20-b3e5-6c6d07f79ac2,54.73272,-122.49427,12.66647,5.18238,-3.55632,-14.54644,-0.22225,0.12461,1.67719,,,,,,,,,,,,,,,,,,,,,,,,,,,,,,,,,,,,,,,,,,,,,,,,,,,High,High,High,,,,,
176,2025-09-25,20:44:21.22,1,7,"Sako, Yuhi",807848,Right,HP,"Roederer, Cole",680711,Left,GAS,Undefined,6,Top,0,2,2,FourSeamFastBall,Four-Seam,InPlay,Undefined,FlyBall,Out,1,0,,92.02286,-1.583316,-0.86727,2453.036684,206.227213,12:45,5.25045,0.20626,5.72598,-15.43316,17.92741,8.28268,2.48913,0.08865,83.64606,-4.527448,0.614779,0.415708,100.50647,58.086887,15.635723,3990.734932,,,,,80.8971,,,-4.49299,9.93674,-0.13917,50,5.10904,1.65697,-133.5535,-4.16138,-8.06733,30.33976,-14.33233,HP,GAS,HighPoint,Independent,ATL,20250925-HighPoint-1,f0cb4280-9a71-11f0-b2ef-f50b1063f050,90.67049,131.84,,8.37679,,,,2.13841,2.89084,-0.39321,140c42c3-e7fe-494f-8443-25f5b0d89000,2025-09-26,00:44:21.22,2025-09-25T20:44:21.2299264-04:00,2025-09-26T00:44:21.2299264Z,,v3,5431,5508,,"Napleton, Luke",813847,Right,HP,a470bf75-aed6-4fd0-87af-ad4aad0abbab,54.77294,-134.63342,15.16988,5.24808,-3.65123,-7.16617,-0.20326,1.94412,-4.03366,161.032607,2.13839,75.04373,-20.80178,6.07281,-1.70284,0.41583,0.10114,-0.1447,0.03768,2.89085,125.12693,-28.43651,3.21938,-0.35269,-0.03519,-0.06647,0.07971,-0.02163,-0.39323,21.00472,-13.49942,4.64695,-1.49636,0.40695,0.09931,-0.14891,0.03938,,,,,,,,,,,,,,,,,,,,,,,High,High,High,Medium,Undefined,,,
177,2025-09-25,20:45:01.10,2,1,"Sako, Yuhi",807848,Right,HP,"Aldrete, Carter",666177,Right,GAS,Undefined,6,Top,1,0,0,Slider,Slider,InPlay,Undefined,GroundBall,Out,1,0,,83.64931,-0.217032,0.092845,2552.292428,89.74219,9:00,5.23529,0.22968,5.59804,-38.94108,1.13831,-6.86,1.78758,-0.25531,77.27639,-7.336396,-1.133545,0.455651,63.85671,-18.970484,-15.32102,,,,,7.27915,6.85301,-9.407835,0.061019,3.52792,0.9498,-0.23297,50,5.19109,0.07706,-121.61058,-1.8157,5.31305,22.58791,-30.74362,HP,GAS,HighPoint,Independent,ATL,20250925-HighPoint-1,089950a0-9a72-11f0-b2ef-f50b1063f050,82.72225,1.86371,,6.37292,,,,1.95225,1.86371,0.2427,140c42c3-e7fe-494f-8443-25f5b0d89000,2025-09-26,00:45:01.10,2025-09-25T20:45:01.1046400-04:00,2025-09-26T00:45:01.1046400Z,GroundBall,v3,5431,5508,,"Napleton, Luke",813847,Right,HP,49c9acca-c951-4380-8b71-a4c4826626db,54.90342,-122.51795,11.29395,5.23922,-0.5807,-15.37181,-0.23177,-0.13637,2.65653,180,1.94958,85.69403,,,,,,,,1.86466,-30.54293,,,,,,,,0.24343,-23.47703,,,,,,,,,,,,,,,,,,,,,,,,,,,,,,High,High,High,High,High,,,
178,2025-09-25,20:45:46.42,3,1,"Sako, Yuhi",807848,Right,HP,"Guthrie, Dalton",656495,Right,GAS,Undefined,6,Top,2,0,0,Slider,Slider,BallCalled,Undefined,Undefined,Undefined,0,0,,83.59077,-1.57645,-1.620558,2578.514938,119.722646,10:00,5.09405,0.15759,5.83611,-36.19596,3.12162,-3.74169,0.61152,-1.66088,78.39329,-8.178824,-2.292244,0.451299,,,,,,,,,,,,1.56055,2.27232,-0.02322,50,4.94389,3.58551,-121.61425,-4.56317,2.3841,19.35607,-28.7025,HP,GAS,HighPoint,Independent,ATL,20250925-HighPoint-1,23a1c940-9a72-11f0-b2ef-f50b1063f050,83.51983,,,5.19748,,,,,,,140c42c3-e7fe-494f-8443-25f5b0d89000,2025-09-26,00:45:46.42,2025-09-25T20:45:46.4256512-04:00,2025-09-26T00:45:46.4256512Z,,v3,5431,5508,,"Napleton, Luke",813847,Right,HP,36e20ff1-a158-4ed7-b54d-4956d44db046,54.66557,-122.35456,9.67803,5.09742,-3.46537,-14.35125,-0.15861,3.49433,1.19205,,,,,,,,,,,,,,,,,,,,,,,,,,,,,,,,,,,,,,,,,,,,,,,,,,,High,High,High,,,,,
179,2025-09-25,20:46:05.49,3,2,"Sako, Yuhi",807848,Right,HP,"Guthrie, Dalton",656495,Right,GAS,Undefined,6,Top,2,1,0,FourSeamFastBall,Four-Seam,BallCalled,Undefined,Undefined,Undefined,0,0,,92.04121,-3.252765,-2.352397,2514.255901,209.340215,1:00,5.21616,0.12617,5.74237,-15.94249,17.36241,9.14725,0.85316,-1.30311,84.11532,-6.267662,-0.716439,0.415361,,,,,,,,,,,,-5.28985,10.06245,0.06401,50,4.93544,5.06733,-133.3608,-8.07517,-9.52347,28.76723,-14.05827,HP,GAS,HighPoint,Independent,ATL,20250925-HighPoint-1,2efb0f40-9a72-11f0-b2ef-f50b1063f050,90.74625,,,7.9259,,,,,,,140c42c3-e7fe-494f-8443-25f5b0d89000,2025-09-26,00:46:05.49,2025-09-25T20:46:05.4957056-04:00,2025-09-26T00:46:05.4957056Z,,v3,5431,5508,,"Napleton, Luke",813847,Right,HP,3b00e485-1986-40c7-ab45-def96e84b535,54.75544,-134.38268,14.38362,5.21342,-7.57579,-7.02914,-0.122,5.40562,-4.76174,,,,,,,,,,,,,,,,,,,,,,,,,,,,,,,,,,,,,,,,,,,,,,,,,,,High,High,High,,,,,
180,2025-09-25,20:46:27.90,3,3,"Sako, Yuhi",807848,Right,HP,"Guthrie, Dalton",656495,Right,GAS,Undefined,6,Top,2,2,0,FourSeamFastBall,Four-Seam,InPlay,Undefined,FlyBall,Out,1,0,,91.36103,-1.523691,-0.278981,2471.387641,201.294406,12:45,5.25561,0.12536,5.74464,-15.12599,18.75434,6.8613,2.57611,0.43739,82.8917,-4.420664,0.949222,0.418934,99.18474,35.214453,0.952431,3818.162612,109.87911,72.45886,5.15353,375.02257,373.14659,8.117578,5.550755,-3.58713,10.35567,-0.10648,50,5.11994,0.34383,-132.57644,-3.97038,-6.33483,30.39722,-13.88599,HP,GAS,HighPoint,Independent,ATL,20250925-HighPoint-1,3c4f13d0-9a72-11f0-b2ef-f50b1063f050,89.97235,106.36553,,8.46933,,,,1.72439,2.68924,-0.37377,140c42c3-e7fe-494f-8443-25f5b0d89000,2025-09-26,00:46:27.90,2025-09-25T20:46:27.9073792-04:00,2025-09-26T00:46:27.9073792Z,FlyBall,v3,5431,5508,,"Napleton, Luke",813847,Right,HP,bf47d9f9-9610-4665-a8ab-37b19684be98,54.7535,-133.66189,15.19861,5.25286,-3.47453,-6.943,-0.1228,0.57003,-3.16741,197.807241,1.7278,118.77358,-23.06059,5.4308,-1.08686,0.18857,-0.02748,0.00276,-0.00013,2.69073,83.84842,-19.77165,1.38782,-0.02067,-0.08183,0.02558,-0.0033,0.00016,-0.37418,1.9831,3.62564,-0.93203,0.20015,-0.03536,0.00474,-0.00042,2E-05,,,,,,,,,,,,,,,,,,,,,,,High,High,High,High,Medium,,,
181,2025-09-25,20:48:50.06,1,1,"Blanton, Bryan",676802,Right,GAS,"Wilson, Cody",680963,Right,HP,Undefined,6,Bottom,0,0,0,TwoSeamFastBall,Sinker,BallCalled,Undefined,Undefined,Undefined,0,0,,90.86581,-0.030556,-6.418895,2574.91048,241.929751,2:00,5.262,1.56415,4.89851,-24.78864,10.54619,17.70076,3.1672,-3.05748,83.05218,-4.563029,-3.329682,0.427832,,,,,,,,,,,,-10.338,5.53973,-0.94869,50,5.23851,13.88249,-131.102,-1.04777,-18.11093,26.01007,-22.46907,HP,GAS,HighPoint,Independent,ATL,20250925-HighPoint-1,90fbb690-9a72-11f0-b2ef-f50b1063f050,88.10108,,,7.81362,,,,,,,140c42c3-e7fe-494f-8443-25f5b0d89000,2025-09-26,00:48:50.06,2025-09-25T20:48:50.0627456-04:00,2025-09-26T00:48:50.0627456Z,,v3,5431,5508,,"McKeithan, Aaron",702463,Right,GAS,3ecbab99-3c0f-4610-9b56-c35d9b47f5e8,55.60074,-132.2085,13.00504,5.26275,-0.09191,-11.23454,-1.55565,14.65294,-9.05547,,,,,,,,,,,,,,,,,,,,,,,,,,,,,,,,,,,,,,,,,,,,,,,,,,,High,High,High,,,,,
182,2025-09-25,20:49:06.43,1,2,"Blanton, Bryan",676802,Right,GAS,"Wilson, Cody",680963,Right,HP,Undefined,6,Bottom,0,1,0,Slider,Slider,StrikeSwinging,Undefined,Undefined,Undefined,0,0,,81.66437,0.358953,-2.598195,3034.526086,89.051152,9:00,5.16525,1.7418,4.79124,-42.89896,1.48815,-6.03414,1.93087,-1.22504,73.89468,-7.414333,-3.658073,0.479512,,,,,,,,,,,,2.10563,1.12665,-1.47696,50,5.16427,5.63169,-118.12148,-0.89583,2.93061,25.63021,-30.60601,HP,GAS,HighPoint,Independent,ATL,20250925-HighPoint-1,9add9ed0-9a72-11f0-b2ef-f50b1063f050,78.60579,,,7.76969,,,,,,,140c42c3-e7fe-494f-8443-25f5b0d89000,2025-09-26,00:49:06.43,2025-09-25T20:49:06.4399872-04:00,2025-09-26T00:49:06.4399872Z,,v3,5431,5508,,"McKeithan, Aaron",702463,Right,GAS,c1e6222f-0648-4b20-8d18-820f98a1f1eb,55.70457,-119.35285,12.81511,5.17198,0.5746,-15.30301,-1.74414,5.49089,1.4653,,,,,,,,,,,,,,,,,,,,,,,,,,,,,,,,,,,,,,,,,,,,,,,,,,,High,High,High,,,,,
183,2025-09-25,20:49:22.22,1,3,"Blanton, Bryan",676802,Right,GAS,"Wilson, Cody",680963,Right,HP,Undefined,6,Bottom,0,1,1,TwoSeamFastBall,Sinker,BallCalled,Undefined,Undefined,Undefined,0,0,,91.75673,-0.043058,-4.412642,2637.03737,234.626791,1:45,5.17773,1.68576,4.87284,-22.93485,11.64213,14.85375,3.22563,-1.26028,83.73028,-4.257381,-1.807548,0.423219,,,,,,,,,,,,-8.47268,6.07248,-1.26415,50,5.15449,9.50958,-132.75975,-1.0038,-15.16737,27.61356,-21.30336,HP,GAS,HighPoint,Independent,ATL,20250925-HighPoint-1,a43a2a70-9a72-11f0-b2ef-f50b1063f050,89.06133,,,8.02645,,,,,,,140c42c3-e7fe-494f-8443-25f5b0d89000,2025-09-26,00:49:22.22,2025-09-25T20:49:22.2227968-04:00,2025-09-26T00:49:22.2227968Z,,v3,5431,5508,,"McKeithan, Aaron",702463,Right,GAS,6fc54ac7-b40d-4c69-9c4c-e9f551089d82,55.62569,-133.92476,13.80678,5.17789,-0.10501,-10.65168,-1.67886,10.14949,-7.58368,,,,,,,,,,,,,,,,,,,,,,,,,,,,,,,,,,,,,,,,,,,,,,,,,,,High,High,High,,,,,
184,2025-09-25,20:49:38.02,1,4,"Blanton, Bryan",676802,Right,GAS,"Wilson, Cody",680963,Right,HP,Undefined,6,Bottom,0,2,1,TwoSeamFastBall,Sinker,FoulBallNotFieldable,Undefined,Undefined,Undefined,0,0,,90.74702,-0.676917,-3.912404,2644.948253,244.832877,2:15,5.17338,1.79476,4.94645,-25.61273,9.6004,18.0517,2.39778,-0.40387,82.94164,-5.367789,-0.736727,0.427094,92.35537,32.382682,52.304116,5572.449989,59.21758,62.13643,92.69975,245.61389,116.22574,67.596395,4.976194,-10.00426,5.25729,-1.43029,50,5.08665,8.12578,-131.41883,-2.56583,-17.53565,27.25976,-22.95896,HP,GAS,HighPoint,Independent,ATL,20250925-HighPoint-1,ada3fc80-9a72-11f0-b2ef-f50b1063f050,88.25322,78.98369,,7.80538,,,,0.41423,2.13002,0.23175,140c42c3-e7fe-494f-8443-25f5b0d89000,2025-09-26,00:49:38.02,2025-09-25T20:49:38.0261376-04:00,2025-09-26T00:49:38.0261376Z,FlyBall,v3,5431,5508,,"McKeithan, Aaron",702463,Right,GAS,b42300dd-5035-453d-bb9b-2cd74002d67a,55.55378,-132.56583,13.62988,5.17428,-1.5998,-11.47948,-1.78772,8.86362,-8.76783,223.735685,0.41634,69.88951,-22.06001,5.11648,-0.86301,0.01055,0.02718,-0.00462,0.00025,2.1274,72.60535,-21.08458,2.86309,-0.88793,0.27815,-0.0564,0.00607,-0.00027,0.23442,90.44658,-10.94441,-0.20945,0.78038,-0.36954,0.08689,-0.01044,0.00051,,,,,,,,,,,,,,,,,,,,,,,High,High,High,High,Low,,,
185,2025-09-25,20:49:59.74,1,5,"Blanton, Bryan",676802,Right,GAS,"Wilson, Cody",680963,Right,HP,Undefined,6,Bottom,0,2,2,Slider,Slider,StrikeSwinging,Strikeout,Undefined,Undefined,0,0,,83.22027,-0.61492,-2.848661,3055.113546,103.762867,9:30,5.28887,1.6449,4.87222,-39.27435,2.5987,-5.44142,1.43338,-1.50642,76.70542,-7.694312,-3.805861,0.465735,,,,,,,,,,,,1.90957,1.86272,-1.35973,50,5.1952,6.24456,-120.62244,-2.80616,2.82331,22.6864,-29.41995,HP,GAS,HighPoint,Independent,ATL,20250925-HighPoint-1,ba9d8500-9a72-11f0-b2ef-f50b1063f050,80.93114,,,6.51485,,,,,,,140c42c3-e7fe-494f-8443-25f5b0d89000,2025-09-26,00:49:59.74,2025-09-25T20:49:59.7450000-04:00,2025-09-26T00:49:59.7450000Z,,v3,5431,5508,,"McKeithan, Aaron",702463,Right,GAS,d707ca2e-7cbe-449e-b802-67fa2e374673,55.62648,-121.67606,11.3432,5.2938,-1.43982,-14.70998,-1.6467,6.11344,1.41165,,,,,,,,,,,,,,,,,,,,,,,,,,,,,53.89916,,,1.318555,,,,-0.05489,5.46207,0.87359,70.19071,9.50813,-54.75279,0.02094,57.94756,-3.57819,5.58258,23.26465,-15.36716,0.79843,-46.41983,3.24375,High,High,High,,,High,Medium,High
186,2025-09-25,20:50:30.63,2,1,"Blanton, Bryan",676802,Right,GAS,"Burt, D.J.",656274,Right,HP,Undefined,6,Bottom,1,0,0,FourSeamFastBall,Four-Seam,BallCalled,Undefined,Undefined,Undefined,0,0,,92.03903,-2.423332,-6.385437,2686.157674,223.524275,1:30,5.2336,1.63702,5.06358,-19.04914,15.63347,13.68859,1.34547,-3.26844,83.38016,-5.970168,-3.989592,0.423865,,,,,,,,,,,,-8.50241,8.77674,-1.03853,50,4.98715,14.13027,-132.47635,-6.32027,-15.04459,29.44088,-16.64406,HP,GAS,HighPoint,Independent,ATL,20250925-HighPoint-1,cce9f7c0-9a72-11f0-b2ef-f50b1063f050,88.92566,,,8.65886,,,,,,,140c42c3-e7fe-494f-8443-25f5b0d89000,2025-09-26,00:50:30.63,2025-09-25T20:50:30.6379776-04:00,2025-09-26T00:50:30.6379776Z,,v3,5431,5508,,"McKeithan, Aaron",702463,Right,GAS,c6fcbb33-4b8e-4948-83d5-e7ee12e2fb47,55.43044,-133.67774,14.72044,5.2312,-5.64108,-8.32203,-1.62767,14.74419,-7.5223,,,,,,,,,,,,,,,,,,,,,,,,,,,,,,,,,,,,,,,,,,,,,,,,,,,High,High,High,,,,,
187,2025-09-25,20:50:49.35,2,2,"Blanton, Bryan",676802,Right,GAS,"Burt, D.J.",656274,Right,HP,Undefined,6,Bottom,1,1,0,Slider,Slider,BallCalled,Undefined,Undefined,Undefined,0,0,,82.01711,0.579586,0.542507,2931.19055,115.406832,9:45,5.26132,1.80346,4.83337,-37.32652,4.90855,-8.16603,2.69967,1.63671,76.76096,-6.142375,-0.895593,0.467744,,,,,,,,,,,,4.14587,2.63024,-1.84983,50,5.28642,-0.7776,-119.29427,-0.20804,6.11858,17.75335,-28.29228,HP,GAS,HighPoint,Independent,ATL,20250925-HighPoint-1,d82c8170-9a72-11f0-b2ef-f50b1063f050,80.58353,,,5.25614,,,,,,,140c42c3-e7fe-494f-8443-25f5b0d89000,2025-09-26,00:50:49.35,2025-09-25T20:50:49.3519360-04:00,2025-09-26T00:50:49.3519360Z,,v3,5431,5508,,"McKeithan, Aaron",702463,Right,GAS,850a4f75-6abb-406d-b3ea-bc8cfdc8ab4d,55.66825,-120.13486,8.87667,5.26455,1.13154,-14.14614,-1.80615,-1.06731,3.05929,,,,,,,,,,,,,,,,,,,,,,,,,,,,,,,,,,,,,,,,,,,,,,,,,,,High,High,High,,,,,
188,2025-09-25,20:51:04.77,2,3,"Blanton, Bryan",676802,Right,GAS,"Burt, D.J.",656274,Right,HP,Undefined,6,Bottom,1,2,0,TwoSeamFastBall,Sinker,FoulBallNotFieldable,Undefined,Undefined,Undefined,0,0,,91.48477,-0.479524,-3.76284,2532.754961,235.446565,1:45,5.18043,1.71076,4.97275,-23.52926,11.2752,14.68217,2.76574,-0.62496,83.10518,-4.817532,-1.179173,0.424609,80.86981,48.955371,76.669678,4886.091207,,,,,83.01994,,,-8.3678,6.05296,-1.35955,50,5.1152,8.00168,-132.41495,-2.02227,-14.80092,29.26942,-21.46766,HP,GAS,HighPoint,Independent,ATL,20250925-HighPoint-1,e15dde60-9a72-11f0-b2ef-f50b1063f050,88.76984,82.58312,,8.37959,,,,1.06282,1.78548,-0.25756,140c42c3-e7fe-494f-8443-25f5b0d89000,2025-09-26,00:51:04.77,2025-09-25T20:51:04.7722496-04:00,2025-09-26T00:51:04.7722496Z,,v3,5431,5508,,"McKeithan, Aaron",702463,Right,GAS,264d1e9b-db89-4d3a-acca-323d4d7b7056,55.52624,-133.63091,14.63471,5.18069,-1.13043,-10.73383,-1.70474,8.61656,-7.40046,,1.06282,17.95734,-14.05785,4.95045,-1.38605,0.35177,-0.08659,0.01779,-0.00208,1.78548,89.45462,-24.24595,2.19144,-0.2324,-0.00984,0.00938,-0.00133,4E-05,-0.25756,75.7857,-13.73333,3.20148,-0.64099,0.1229,-0.02939,0.00745,-0.0011,,,,,,,,,,,,,,,,,,,,,,,High,High,High,Low,Undefined,,,
189,2025-09-25,20:51:25.50,2,4,"Blanton, Bryan",676802,Right,GAS,"Burt, D.J.",656274,Right,HP,Undefined,6,Bottom,1,2,1,Slider,Slider,InPlay,Undefined,Popup,Single,0,0,,82.3534,0.508389,-1.357602,3051.055275,84.445222,8:45,5.40899,1.63125,4.79966,-42.27349,0.68815,-6.82961,2.36808,-0.22452,75.48257,-7.125191,-2.559228,0.47175,70.10115,52.713537,-14.793358,,105.4528,93.08265,-31.29947,193.72562,192.56334,-17.053813,4.94357,3.00634,0.53606,-1.48963,50,5.42273,3.12682,-119.44911,-0.55397,4.3368,23.34253,-31.40075,HP,GAS,HighPoint,Independent,ATL,20250925-HighPoint-1,edba3c80-9a72-11f0-b2ef-f50b1063f050,79.89922,93.25515,,6.87084,,,,2.38739,2.5658,0.20807,140c42c3-e7fe-494f-8443-25f5b0d89000,2025-09-26,00:51:25.50,2025-09-25T20:51:25.5012864-04:00,2025-09-26T00:51:25.5012864Z,Popup,v3,5431,5508,,"McKeithan, Aaron",702463,Right,GAS,16800f76-d7c1-416b-8dd9-5411fa89286d,55.70096,-120.55804,11.67127,5.41362,0.93777,-15.70038,-1.63328,2.92079,2.1684,173.52383,2.39153,60.11731,-14.11788,3.61636,-0.1129,-0.29417,0.10902,-0.0166,0.00094,2.55425,82.03706,-22.40708,3.17893,-1.31599,0.44671,-0.0835,0.00683,-0.00014,0.20652,-15.86772,2.04912,-0.24482,-0.17199,0.11724,-0.03253,0.00433,-0.00022,,,,,,,,,,,,,,,,,,,,,,,High,High,High,High,Medium,,,
190,2025-09-25,20:54:48.25,3,1,"Horvath, Nick",681282,Left,GAS,"Gonzalez, Luis",8894175,Left,HP,Undefined,6,Bottom,1,0,0,FourSeamFastBall,Four-Seam,BallCalled,Undefined,Undefined,Undefined,0,0,,92.5029,-0.393033,3.611402,2347.252984,148.77507,11:00,5.78052,-3.58528,5.36633,-15.77402,17.71879,-10.0739,4.09675,-1.03401,84.04937,-3.381341,1.826536,0.416531,,,,,,,,,,,,6.01744,9.28906,3.26795,50,5.73425,-7.96812,-133.95716,-1.4276,10.91463,29.41768,-15.32525,HP,GAS,HighPoint,Independent,ATL,20250925-HighPoint-1,66934750-9a73-11f0-b2ef-f50b1063f050,90.49131,,,8.45354,,,,,,,140c42c3-e7fe-494f-8443-25f5b0d89000,2025-09-26,00:54:48.25,2025-09-25T20:54:48.2514432-04:00,2025-09-26T00:54:48.2514432Z,,v3,5431,5508,,"McKeithan, Aaron",702463,Right,GAS,c5b33597-e441-4f60-8493-a113ca5cf04c,55.12975,-135.07898,14.70884,5.77755,-0.84318,-7.66262,3.57974,-8.38434,5.45732,,,,,,,,,,,,,,,,,,,,,,,,,,,,,,,,,,,,,,,,,,,,,,,,,,,High,High,High,,,,,
191,2025-09-25,20:55:59.30,3,2,"Horvath, Nick",681282,Left,GAS,"Gonzalez, Luis",8894175,Left,HP,Undefined,6,Bottom,1,1,0,Slider,Slider,BallCalled,Undefined,Undefined,Undefined,0,0,,86.52928,-2.284312,4.6621,2400.475551,291.466387,3:45,5.56463,-3.65314,5.25305,-37.54545,0.93331,0.66012,0.28115,0.79226,79.75447,-9.057614,4.77873,0.446459,,,,,,,,,,,,0.96362,1.44366,3.22417,50,5.32641,-10.23294,-125.1313,-6.42768,1.52822,25.19363,-29.88458,HP,GAS,HighPoint,Independent,ATL,20250925-HighPoint-1,90e5c820-9a73-11f0-b2ef-f50b1063f050,84.42524,,,6.77481,,,,,,,140c42c3-e7fe-494f-8443-25f5b0d89000,2025-09-26,00:55:59.30,2025-09-25T20:55:59.3083392-04:00,2025-09-26T00:55:59.3083392Z,,v3,5431,5508,,"McKeithan, Aaron",702463,Right,GAS,4c46da7b-c853-4948-975c-e0346beb60f4,55.24708,-126.18331,12.59682,5.56876,-5.17979,-14.94229,3.6528,-10.29676,0.76411,,,,,,,,,,,,,,,,,,,,,,,,,,,,,,,,,,,,,,,,,,,,,,,,,,,High,High,High,,,,,
192,2025-09-25,20:56:27.46,3,3,"Horvath, Nick",681282,Left,GAS,"Gonzalez, Luis",8894175,Left,HP,Undefined,6,Bottom,1,2,0,Slider,Slider,StrikeCalled,Undefined,Undefined,Undefined,0,0,,83.01856,1.099022,3.774315,2512.858712,345.878204,5:30,5.63772,-3.54504,4.83529,-47.049,-4.9865,1.56158,2.76006,0.16428,76.65048,-7.343007,4.048307,0.466787,,,,,,,,,,,,0.20945,-2.33504,3.16948,50,5.70616,-8.00466,-120.28615,0.4572,0.30896,21.83126,-35.61864,HP,GAS,HighPoint,Independent,ATL,20250925-HighPoint-1,a1b7cfe0-9a73-11f0-b2ef-f50b1063f050,80.74864,,,6.36807,,,,,,,140c42c3-e7fe-494f-8443-25f5b0d89000,2025-09-26,00:56:27.46,2025-09-25T20:56:27.4699776-04:00,2025-09-26T00:56:27.4699776Z,,v3,5431,5508,,"McKeithan, Aaron",702463,Right,GAS,335f3c41-1691-463b-91d9-cb392c9eb24a,55.66565,-121.31007,10.91563,5.64554,2.12778,-17.80932,3.54525,-8.01915,0.15448,,,,,,,,,,,,,,,,,,,,,,,,,,,,,,,,,,,,,,,,,,,,,,,,,,,High,High,High,,,,,
193,2025-09-25,20:56:51.42,3,4,"Horvath, Nick",681282,Left,GAS,"Gonzalez, Luis",8894175,Left,HP,Undefined,6,Bottom,1,2,1,Slider,Slider,BallCalled,Undefined,Undefined,Undefined,0,0,,82.88883,0.785267,2.368648,2501.158916,335.814667,5:15,5.63698,-3.68757,4.7919,-45.74845,-3.6541,2.1828,2.56948,-1.25965,76.64552,-7.427662,2.752366,0.466964,,,,,,,,,,,,-0.48083,-1.75599,3.44912,50,5.6748,-5.06963,-120.29817,-0.12506,-0.70981,21.71842,-34.76632,HP,GAS,HighPoint,Independent,ATL,20250925-HighPoint-1,affbb2b0-9a73-11f0-b2ef-f50b1063f050,80.71811,,,6.24331,,,,,,,140c42c3-e7fe-494f-8443-25f5b0d89000,2025-09-26,00:56:51.42,2025-09-25T20:56:51.4213376-04:00,2025-09-26T00:56:51.4213376Z,,v3,5431,5508,,"McKeithan, Aaron",702463,Right,GAS,8d6b2fd0-626d-4381-97ea-a4b7a8c4a634,55.7109,-121.32482,10.85921,5.64186,1.51838,-17.38316,3.68798,-5.03608,-0.3549,,,,,,,,,,,,,,,,,,,,,,,,,,,,,,,,,,,,,,,,,,,,,,,,,,,High,High,High,,,,,
194,2025-09-25,20:57:16.82,3,5,"Horvath, Nick",681282,Left,GAS,"Gonzalez, Luis",8894175,Left,HP,Undefined,6,Bottom,1,3,1,Slider,Slider,BallCalled,Walk,Undefined,Undefined,0,0,,85.34464,-0.13912,4.723734,2363.949027,225.362952,1:30,5.5861,-3.57348,5.17723,-34.98553,4.08268,3.0837,2.53929,1.13845,79.38342,-6.463941,5.266549,0.449866,,,,,,,,,,,,-0.43177,2.40658,3.13064,50,5.54635,-10.35196,-123.6606,-1.61399,-0.67897,21.07299,-28.38969,HP,GAS,HighPoint,Independent,ATL,20250925-HighPoint-1,bf2142f0-9a73-11f0-b2ef-f50b1063f050,83.78593,,,5.96122,,,,,,,140c42c3-e7fe-494f-8443-25f5b0d89000,2025-09-26,00:57:16.82,2025-09-25T20:57:16.8212480-04:00,2025-09-26T00:57:16.8212480Z,,v3,5431,5508,,"McKeithan, Aaron",702463,Right,GAS,41f7ff48-a2e1-4ecc-a965-cf35bb73f49e,55.32328,-124.56443,10.53649,5.58946,-0.39634,-14.19485,3.57402,-10.32284,-0.33949,,,,,,,,,,,,,,,,,,,,,,,,,,,,,,,,,,,,,,,,,,,,,,,,,,,High,High,High,,,,,
195,2025-09-25,20:58:00.00,4,1,"Horvath, Nick",681282,Left,GAS,"Mendoza, Drew",666141,Left,HP,Undefined,6,Bottom,1,0,0,Slider,Slider,FoulBallNotFieldable,Undefined,Undefined,Undefined,0,0,,86.96204,-1.201244,3.989241,2456.379876,214.922382,1:15,5.65567,-3.78233,5.1501,-32.10675,5.82811,3.28953,1.8463,0.25349,80.27664,-7.025076,4.569357,0.443293,,,,,,,,,,,,-0.6126,3.52921,3.40605,50,5.51827,-8.92935,-125.99235,-3.85748,-0.99033,24.22082,-26.46856,HP,GAS,HighPoint,Independent,ATL,20250925-HighPoint-1,d8d9e300-9a73-11f0-b2ef-f50b1063f050,85.02832,,,6.6854,,,,,,,140c42c3-e7fe-494f-8443-25f5b0d89000,2025-09-26,00:58:00.00,2025-09-25T20:58:00.0012288-04:00,2025-09-26T00:58:00.0012288Z,,v3,5431,5508,,"McKeithan, Aaron",702463,Right,GAS,b553b7b0-cb4d-4d77-8204-d57830e71af2,55.35084,-127.01683,12.11041,5.65775,-2.73792,-13.23428,3.78285,-8.88746,-0.49516,,,,,,,,,,,,,,,,,,,,,,,,,,,,,,,,,,,,,,,,,,,,,,,,,,,High,High,High,,,,,
196,2025-09-25,21:00:06.47,4,2,"Horvath, Nick",681282,Left,GAS,"Mendoza, Drew",666141,Left,HP,Undefined,6,Bottom,1,0,1,FourSeamFastBall,Four-Seam,InPlay,Undefined,LineDrive,Single,0,1,,92.45323,-2.619868,3.890015,2214.429089,143.838233,10:45,5.76047,-3.43699,5.23737,-18.5241,15.17721,-10.28627,1.74694,-0.63228,84.41965,-6.06784,2.071755,0.417825,108.11313,5.670013,27.738736,1517.350537,,,,134.13005,134.13005,30.148592,0.967842,6.32237,8.67918,3.08696,50,5.50546,-8.62943,-133.79183,-6.80279,11.44654,29.17715,-16.46049,HP,GAS,HighPoint,Independent,ATL,20250925-HighPoint-1,2436f270-9a74-11f0-b2ef-f50b1063f050,90.21099,4.87129,,8.03358,,,,2.70744,1.67283,0.6889,140c42c3-e7fe-494f-8443-25f5b0d89000,2025-09-26,01:00:06.47,2025-09-25T21:00:06.4744448-04:00,2025-09-26T01:00:06.4744448Z,GroundBall,v3,5431,5508,,"McKeithan, Aaron",702463,Right,GAS,f6dad3ab-073c-4d94-b82b-fa9475e6f968,55.26371,-134.93485,14.58857,5.75933,-6.15794,-8.23025,3.4338,-9.07785,5.72327,275.495049,2.8938,136.99373,-20.98922,,,,,,,1.75417,14.50677,-16.93898,,,,,,,0.6943,73.37758,-4.64674,,,,,,,,,,,,,,,,,,,,,,,,,,,,,High,High,High,High,High,,,
197,2025-09-25,21:00:58.35,5,1,"Horvath, Nick",681282,Left,GAS,"Aklinski, Ben",679701,Right,HP,Undefined,6,Bottom,1,0,0,Slider,Curveball,StrikeSwinging,Undefined,Undefined,Undefined,0,0,,83.04572,-0.355242,2.405525,2560.258514,21.16931,6:45,5.68996,-1.87324,5.02633,-47.03424,-5.53638,-2.5961,1.43494,0.1816,77.13052,-8.803246,1.946461,0.463644,,,,,,,,,,,,1.89382,-2.29252,1.64517,50,5.61779,-4.95378,-120.58336,-2.55912,2.81449,21.39032,-35.58108,HP,GAS,HighPoint,Independent,ATL,20250925-HighPoint-1,43331370-9a74-11f0-b2ef-f50b1063f050,81.29615,,,5.91519,,,,,,,140c42c3-e7fe-494f-8443-25f5b0d89000,2025-09-26,01:00:58.35,2025-09-25T21:00:58.3512576-04:00,2025-09-26T01:00:58.3512576Z,,v3,5431,5508,,"McKeithan, Aaron",702463,Right,GAS,409ee5f9-c257-4970-9735-3c43aa1607fa,55.47563,-121.5508,10.69516,5.69714,-0.94986,-17.79054,1.8721,-5.08108,1.40725,,,,,,,,,,,,,,,,,,,,,,,,,,,,,,,,,,,,,,,,,,,,,,,,,,,High,High,High,,,,,
198,2025-09-25,21:01:19.59,5,2,"Horvath, Nick",681282,Left,GAS,"Aklinski, Ben",679701,Right,HP,Undefined,6,Bottom,1,0,1,FourSeamFastBall,Four-Seam,InPlay,Undefined,GroundBall,Single,0,1,,91.8411,-1.184817,2.994681,2231.608744,133.586824,10:30,5.69779,-1.92851,5.36734,-18.94391,15.20556,-14.72139,3.00652,-0.34479,83.0796,-4.746944,0.381975,0.420594,89.23052,3.227984,-30.046519,2911.319654,,,,68.83812,68.72951,-29.542099,0.546131,8.35725,8.3506,1.67072,50,5.5784,-6.28354,-133.0323,-3.40866,14.83255,31.10355,-17.3533,HP,GAS,HighPoint,Independent,ATL,20250925-HighPoint-1,4fcec480-9a74-11f0-b2ef-f50b1063f050,89.6171,3.66662,,8.7615,,,,2.95503,3.13228,0.40437,140c42c3-e7fe-494f-8443-25f5b0d89000,2025-09-26,01:01:19.59,2025-09-25T21:01:19.5955200-04:00,2025-09-26T01:01:19.5955200Z,GroundBall,v3,5431,5508,,"McKeithan, Aaron",702463,Right,GAS,c467e227-0e24-443a-abfe-ef220438bbd2,55.13179,-134.22677,15.55177,5.6965,-2.74224,-8.67665,1.92296,-6.85316,7.41627,32.00674,2.9691,112.75863,-15.67301,,,,,,,3.15633,6.77627,-23.06617,,,,,,,0.40511,-65.44301,4.67111,,,,,,,,,,,,,,,,,,,,,,,,,,,,,High,High,High,High,High,,,
199,2025-09-25,21:02:13.20,6,1,"Horvath, Nick",681282,Left,GAS,"Edwards, Evan",657212,Left,HP,Undefined,6,Bottom,1,0,0,Slider,Slider,FoulBallNotFieldable,Undefined,Undefined,Undefined,0,0,,82.59171,0.730341,3.415275,2587.421327,328.779649,5:00,5.6798,-3.42993,4.91489,-45.85243,-3.60315,2.90945,2.5506,0.04564,76.4658,-7.507926,3.926938,0.467822,,,,,,,,,,,,-0.5828,-1.68394,3.0936,50,5.71227,-7.27195,-119.78269,-0.22125,-0.85371,21.34522,-34.64083,HP,GAS,HighPoint,Independent,ATL,20250925-HighPoint-1,6fc439a0-9a74-11f0-b2ef-f50b1063f050,80.56999,,,6.12591,,,,,,,140c42c3-e7fe-494f-8443-25f5b0d89000,2025-09-26,01:02:13.20,2025-09-25T21:02:13.2007936-04:00,2025-09-26T01:02:13.2007936Z,,v3,5431,5508,,"McKeithan, Aaron",702463,Right,GAS,85dc4332-414a-4f9d-a980-66c9f3ef65a8,55.58758,-120.7743,10.67261,5.68517,1.38801,-17.32041,3.4305,-7.23229,-0.42686,,,,,,,,,,,,,,,,,,,,,,,,,,,,,,,,,,,,,,,,,,,,,,,,,,,High,High,High,,,,,
200,2025-09-25,21:02:39.02,6,2,"Horvath, Nick",681282,Left,GAS,"Edwards, Evan",657212,Left,HP,Undefined,6,Bottom,1,0,1,Slider,Slider,BallCalled,Undefined,Undefined,Undefined,0,0,,83.78549,-1.835813,4.83921,2615.5453,323.977604,4:45,5.64459,-3.61221,4.84002,-43.66211,-2.20114,2.47654,0.26103,1.18709,77.77548,-9.616907,5.273355,0.463437,,,,,,,,,,,,0.03748,-0.27409,3.13019,50,5.42454,-10.36745,-121.18302,-5.60239,0.05608,22.37406,-32.58406,HP,GAS,HighPoint,Independent,ATL,20250925-HighPoint-1,7f1ebc90-9a74-11f0-b2ef-f50b1063f050,81.33234,,,6.01002,,,,,,,140c42c3-e7fe-494f-8443-25f5b0d89000,2025-09-26,01:02:39.02,2025-09-25T21:02:39.0286336-04:00,2025-09-26T01:02:39.0286336Z,,v3,5431,5508,,"McKeithan, Aaron",702463,Right,GAS,201a9448-1990-4d72-b436-9ec997c63a1e,55.66142,-122.22382,11.18703,5.6499,-4.08664,-16.29203,3.61252,-10.37006,0.02804,,,,,,,,,,,,,,,,,,,,,,,,,,,,,,,,,,,,,,,,,,,,,,,,,,,High,High,High,,,,,
201,2025-09-25,21:03:03.13,6,3,"Horvath, Nick",681282,Left,GAS,"Edwards, Evan",657212,Left,HP,Undefined,6,Bottom,1,1,1,Slider,Slider,FoulBallNotFieldable,Undefined,Undefined,Undefined,0,0,,85.79619,-0.04969,5.476936,2472.461103,91.920947,9:00,5.06817,-4.72352,5.13459,-38.24167,1.31835,-0.64039,1.83436,0.39655,78.30272,-6.982391,5.364471,0.452689,,,,,,,,,,,,1.93347,1.00976,4.20891,50,5.03379,-11.85377,-123.91888,-1.55513,2.99027,26.00562,-30.61234,HP,GAS,HighPoint,Independent,ATL,20250925-HighPoint-1,8d8cbca0-9a74-11f0-b2ef-f50b1063f050,83.2635,,,7.49346,,,,,,,140c42c3-e7fe-494f-8443-25f5b0d89000,2025-09-26,01:03:03.13,2025-09-25T21:03:03.1345152-04:00,2025-09-26T01:03:03.1345152Z,,v3,5431,5508,,"McKeithan, Aaron",702463,Right,GAS,2ce52c3a-46c4-4456-b10a-5933be8d99c3,55.36521,-125.03975,13.00281,5.07238,-0.2357,-15.30617,4.72261,-11.98265,1.49513,,,,,,,,,,,,,,,,,,,,,,,,,,,,,,,,,,,,,,,,,,,,,,,,,,,High,High,High,,,,,
202,2025-09-25,21:03:33.32,6,4,"Horvath, Nick",681282,Left,GAS,"Edwards, Evan",657212,Left,HP,Undefined,6,Bottom,1,1,2,TwoSeamFastBall,Sinker,BallCalled,Undefined,Undefined,Undefined,0,0,,92.3958,-2.081378,5.883867,2258.292891,127.284465,10:15,5.07334,-4.72896,5.06818,-22.18422,12.16591,-14.39513,1.25094,-0.36127,83.71518,-6.178795,3.358943,0.421828,,,,,,,,,,,,8.84705,7.00217,4.18032,50,4.85756,-13.02004,-133.18883,-5.70922,15.79346,30.25989,-19.67401,HP,GAS,HighPoint,Independent,ATL,20250925-HighPoint-1,9f700d50-9a74-11f0-b2ef-f50b1063f050,89.35497,,,8.68062,,,,,,,140c42c3-e7fe-494f-8443-25f5b0d89000,2025-09-26,01:03:33.32,2025-09-25T21:03:33.3295616-04:00,2025-09-26T01:03:33.3295616Z,,v3,5431,5508,,"McKeithan, Aaron",702463,Right,GAS,7e969c54-df04-41ee-92c9-42a3c90d69a6,55.42911,-134.41664,15.12994,5.07302,-4.91094,-9.837,4.72161,-13.66087,7.89673,,,,,,,,,,,,,,,,,,,,,,,,,,,,,,,,,,,,,,,,,,,,,,,,,,,High,High,High,,,,,
203,2025-09-25,21:03:56.71,6,5,"Horvath, Nick",681282,Left,GAS,"Edwards, Evan",657212,Left,HP,Undefined,6,Bottom,1,2,2,Slider,Slider,BallCalled,Undefined,Undefined,Undefined,0,0,,84.06102,-0.566156,3.91113,2644.766842,339.933173,5:15,5.60043,-3.38198,5.07719,-43.93416,-3.20575,1.60913,1.40427,0.44491,77.72242,-8.469687,4.194938,0.459325,,,,,,,,,,,,0.23484,-1.06496,3.00942,50,5.5118,-8.39772,-121.80691,-2.89436,0.35451,22.84314,-33.78175,HP,GAS,HighPoint,Independent,ATL,20250925-HighPoint-1,ad8231c0-9a74-11f0-b2ef-f50b1063f050,82.0605,,,6.3386,,,,,,,140c42c3-e7fe-494f-8443-25f5b0d89000,2025-09-26,01:03:56.71,2025-09-25T21:03:56.7151104-04:00,2025-09-26T01:03:56.7151104Z,,v3,5431,5508,,"McKeithan, Aaron",702463,Right,GAS,96cf552d-47aa-48f7-b425-43994099ed23,55.42349,-122.8198,11.42157,5.60693,-1.39644,-16.89088,3.38213,-8.41344,0.17726,,,,,,,,,,,,,,,,,,,,,,,,,,,,,,,,,,,,,,,,,,,,,,,,,,,High,High,High,,,,,
204,2025-09-25,21:04:44.75,6,6,"Horvath, Nick",681282,Left,GAS,"Edwards, Evan",657212,Left,HP,Undefined,6,Bottom,1,3,2,Slider,Slider,InPlay,Undefined,FlyBall,Out,1,0,,82.69722,-0.064784,3.283001,2568.741307,330.97272,5:00,5.59589,-3.63167,4.91487,-46.11632,-4.19654,2.95059,1.69151,-0.27818,77.08306,-8.322608,3.802427,0.465995,94.34974,60.740445,14.298605,,,,,,55.2655,,,-0.69358,-1.86606,3.30824,50,5.5501,-7.00847,-120.04254,-1.88972,-1.02522,20.40174,-34.93245,HP,GAS,HighPoint,Independent,ATL,20250925-HighPoint-1,ca1a9930-9a74-11f0-b2ef-f50b1063f050,80.88599,103.4562,,5.61416,,,,2.20812,2.09665,0.2821,140c42c3-e7fe-494f-8443-25f5b0d89000,2025-09-26,01:04:44.75,2025-09-25T21:04:44.7598080-04:00,2025-09-26T01:04:44.7598080Z,,v3,5431,5508,,"McKeithan, Aaron",702463,Right,GAS,ade0c3de-6858-488b-bef6-a8526680177f,55.58896,-120.98868,10.20087,5.60017,-0.26971,-17.46622,3.63216,-6.96093,-0.51261,176.925469,2.20813,65.53987,-21.75382,6.67632,-2.88681,3.98606,-4.71494,2.87868,-0.69136,2.09664,120.72439,-27.19677,2.88885,0.15106,-1.75959,2.39631,-1.5089,0.36707,0.2821,16.70418,-7.10006,2.29355,-1.05402,1.51045,-1.7981,1.09969,-0.26432,,,,,,,,,,,,,,,,,,,,,,,High,High,High,High,Undefined,,,
205,2025-09-25,21:05:35.57,7,1,"Horvath, Nick",681282,Left,GAS,"Dickerson, Alex",543105,Left,HP,Undefined,6,Bottom,2,0,0,Slider,Slider,InPlay,Undefined,LineDrive,Single,0,1,,82.24105,0.534231,3.142851,2461.512928,355.02107,5:45,5.63571,-3.64176,4.973,-46.89455,-4.39579,0.48839,2.23321,-0.62957,76.16104,-7.897361,3.228923,0.469202,87.91443,19.193379,30.573037,1272.554948,93.3559,25.85352,58.17767,237.03798,235.97347,33.744052,2.515473,0.55976,-2.09343,3.33746,50,5.64813,-6.57248,-119.331,-0.64795,0.81329,21.31856,-35.21571,HP,GAS,HighPoint,Independent,ATL,20250925-HighPoint-1,e8682ab0-9a74-11f0-b2ef-f50b1063f050,80.33315,26.4064,,6.08001,,,,2.07365,2.33839,0.68921,140c42c3-e7fe-494f-8443-25f5b0d89000,2025-09-26,01:05:35.57,2025-09-25T21:05:35.5760128-04:00,2025-09-26T01:05:35.5760128Z,LineDrive,v3,5431,5508,,"McKeithan, Aaron",702463,Right,GAS,5da0ea14-9b38-48f5-82c6-59bfaeedcf3c,55.53023,-120.31492,10.65928,5.64053,0.97737,-17.60786,3.64167,-6.61001,0.40665,245.163424,2.07369,104.84259,-16.31474,3.37777,-0.6277,0.02788,0.03279,-0.01126,0.00122,2.33838,42.39091,-20.46481,1.91909,-0.4107,0.10795,-0.02944,0.00616,-0.00057,0.68918,61.94012,-4.83745,0.47648,-0.10571,0.07776,-0.04142,0.01065,-0.00106,,,,,,,,,,,,,,,,,,,,,,,High,High,High,High,High,,,
206,2025-09-25,21:09:22.11,8,1,"Thompson, Cory",642140,Right,GAS,"Napleton, Luke",813847,Right,HP,Undefined,6,Bottom,2,0,0,FourSeamFastBall,Four-Seam,InPlay,Undefined,FlyBall,Out,1,0,,93.89488,-1.942189,-2.111941,2016.754612,196.184889,12:30,6.05143,2.14967,5.38433,-20.32076,12.03194,3.19276,2.53559,0.43521,85.86176,-5.711457,-1.5446,0.40938,105.63713,43.360398,-15.54695,3518.667063,106.6109,101.58267,-27.09428,371.76406,364.90098,-12.202597,6.444092,-2.20201,6.90126,-1.96313,50,5.8635,4.87256,-136.16351,-5.37083,-4.13301,29.96941,-19.22086,HP,GAS,HighPoint,Independent,ATL,20250925-HighPoint-1,6f61d8e0-9a75-11f0-b2ef-f50b1063f050,92.07201,153.59796,,8.03312,,,,2.05161,2.72672,-0.41282,140c42c3-e7fe-494f-8443-25f5b0d89000,2025-09-26,01:09:22.11,2025-09-25T21:09:22.1175808-04:00,2025-09-26T01:09:22.1175808Z,FlyBall,v3,5431,5508,,"McKeithan, Aaron",702463,Right,GAS,a29bc19f-3f4c-4f51-b7af-3a37bf046d85,55.11497,-137.28469,14.98471,6.05097,-4.65176,-9.61043,-2.14831,5.02718,-2.06651,187.599602,2.06215,108.35364,-24.51443,6.07992,-1.11387,0.1542,-0.0164,0.00127,-5E-05,2.72868,106.32574,-22.49705,1.47743,0.13873,-0.14669,0.0366,-0.00414,0.00018,-0.41668,-30.12871,9.15619,-2.46868,0.48878,-0.07142,0.00729,-0.00048,2E-05,,,,,,,,,,,,,,,,,,,,,,,High,High,High,High,Medium,,,
207,2025-09-25,21:11:56.42,1,1,"Halbohn, Kyle",670590,Right,HP,"Scantlin, Nate",676715,Left,GAS,Undefined,7,Top,0,0,0,TwoSeamFastBall,Sinker,BallCalled,Undefined,Undefined,Undefined,0,0,,90.59521,-0.433348,-4.026477,2086.004935,236.249448,1:45,6.24892,1.43295,5.75834,-24.61899,9.27768,12.46635,3.79296,-1.2823,83.7382,-4.987691,-1.801716,0.419035,,,,,,,,,,,,-7.41457,5.11579,-1.10675,50,6.19774,8.73817,-131.50397,-1.8558,-13.1495,24.5536,-23.10136,HP,GAS,HighPoint,Independent,ATL,20250925-HighPoint-1,cb5853e0-9a75-11f0-b2ef-f50b1063f050,89.95064,,,6.85701,,,,,,,140c42c3-e7fe-494f-8443-25f5b0d89000,2025-09-26,01:11:56.42,2025-09-25T21:11:56.4225536-04:00,2025-09-26T01:11:56.4225536Z,,v3,5431,5508,,"Napleton, Luke",813847,Right,HP,f1a961a1-1440-43f5-bcdf-7d5250a34656,54.74417,-132.38681,12.2768,6.24953,-1.02518,-11.55068,-1.42944,9.21097,-6.57475,,,,,,,,,,,,,,,,,,,,,,,,,,,,,,,,,,,,,,,,,,,,,,,,,,,High,High,High,,,,,
208,2025-09-25,21:12:10.84,1,2,"Halbohn, Kyle",670590,Right,HP,"Scantlin, Nate",676715,Left,GAS,Undefined,7,Top,0,1,0,TwoSeamFastBall,Sinker,FoulBallNotFieldable,Undefined,Undefined,Undefined,0,0,,90.04492,-1.992776,-3.041393,2077.321004,230.925066,1:45,6.28143,1.42397,5.6673,-23.39159,11.10217,12.4428,2.47068,-0.37762,83.19749,-6.318005,-0.819753,0.422709,,,,,,,,,,,,-7.10485,6.44729,-1.17495,50,6.09797,6.41046,-130.69393,-5.36773,-12.41678,24.85479,-20.90642,HP,GAS,HighPoint,Independent,ATL,20250925-HighPoint-1,d3fdeb90-9a75-11f0-b2ef-f50b1063f050,89.16876,,,6.84743,,,,,,,140c42c3-e7fe-494f-8443-25f5b0d89000,2025-09-26,01:12:10.84,2025-09-25T21:12:10.8400640-04:00,2025-09-26T01:12:10.8400640Z,,v3,5431,5508,,"Napleton, Luke",813847,Right,HP,c07619b2-b45f-4eaa-bbf8-4264adc4f08a,54.83366,-131.60997,12.4274,6.2816,-4.59721,-10.45321,-1.41964,6.86809,-6.20839,,,,,,,,,,,,,,,,,,,,,,,,,,,,,,,,,,,,,,,,,,,,,,,,,,,High,High,High,,,,,
209,2025-09-25,21:12:33.72,1,3,"Halbohn, Kyle",670590,Right,HP,"Scantlin, Nate",676715,Left,GAS,Undefined,7,Top,0,1,1,FourSeamFastBall,Four-Seam,BallCalled,Undefined,Undefined,Undefined,0,0,,91.38873,0.708397,-3.206348,2028.011564,200.228894,12:45,6.3315,1.4216,5.76574,-20.68635,12.90835,4.37839,5.26801,-1.20077,83.54424,-3.169044,-2.424593,0.417164,,,,,,,,,,,,-3.04917,6.68693,-1.15844,50,6.37767,7.22259,-132.52695,0.95289,-5.44391,27.29277,-20.23532,HP,GAS,HighPoint,Independent,ATL,20250925-HighPoint-1,e18bebe0-9a75-11f0-b2ef-f50b1063f050,90.35403,,,7.84449,,,,,,,140c42c3-e7fe-494f-8443-25f5b0d89000,2025-09-26,01:12:33.72,2025-09-25T21:12:33.7201664-04:00,2025-09-26T01:12:33.7201664Z,,v3,5431,5508,,"Napleton, Luke",813847,Right,HP,c180c8e3-97f7-4d4a-8ad0-a6a6bc38fc31,54.72982,-133.49746,13.64638,6.33099,1.67244,-10.11766,-1.41871,7.41617,-2.72195,,,,,,,,,,,,,,,,,,,,,,,,,,,,,,,,,,,,,,,,,,,,,,,,,,,High,High,High,,,,,
210,2025-09-25,21:13:01.79,1,4,"Halbohn, Kyle",670590,Right,HP,"Scantlin, Nate",676715,Left,GAS,Undefined,7,Top,0,2,1,TwoSeamFastBall,Sinker,InPlay,Undefined,Popup,Out,1,0,,91.01312,-2.102476,-3.480616,2231.949187,227.167283,1:30,6.23092,1.31876,5.62721,-22.22379,11.72595,11.54977,2.41259,-0.97055,83.8077,-6.220059,-1.421702,0.419363,62.75589,52.874394,-22.435607,,93.76831,70.6667,-57.51087,170.91243,67.67059,-33.764377,4.359869,-6.85142,6.80674,-1.02989,50,6.03719,7.53824,-132.00505,-5.63225,-12.16934,26.35855,-20.0841,HP,GAS,HighPoint,Independent,ATL,20250925-HighPoint-1,f2580030-9a75-11f0-b2ef-f50b1063f050,89.88027,74.52755,,7.20542,,,,1.07076,2.81661,0.80563,140c42c3-e7fe-494f-8443-25f5b0d89000,2025-09-26,01:13:01.79,2025-09-25T21:13:01.7969664-04:00,2025-09-26T01:13:01.7969664Z,Popup,v3,5431,5508,,"Napleton, Luke",813847,Right,HP,440322bf-ba6b-4d86-91f6-6b1d7ded2dd1,54.87477,-132.97488,13.17928,6.23082,-4.89328,-10.04205,-1.31549,7.986,-6.08467,147.108322,1.07835,51.14764,-9.54239,0.64293,1.65008,-1.09964,0.32691,-0.04708,0.00266,2.81342,73.44691,-21.60891,2.00644,-0.33003,-0.06131,0.0605,-0.0138,0.00103,0.80977,-21.3019,-1.49394,0.06381,0.65104,-0.41645,0.1174,-0.01575,0.00081,,,,,,,,,,,,,,,,,,,,,,,High,High,High,Medium,Low,,,
211,2025-09-25,21:13:36.04,2,1,"Halbohn, Kyle",670590,Right,HP,"McKeithan, Aaron",702463,Right,GAS,Undefined,7,Top,1,0,0,TwoSeamFastBall,Sinker,StrikeCalled,Undefined,Undefined,Undefined,0,0,,92.00715,-1.288686,-2.68306,1956.947863,239.967977,2:00,6.16899,1.4884,5.68921,-26.4432,6.5667,9.70776,2.76278,-0.20513,84.93067,-6.157926,-0.948126,0.413517,,,,,,,,,,,,-5.6067,3.96532,-1.26876,50,6.0439,5.83039,-133.6073,-3.98125,-10.22864,26.28461,-24.93986,HP,GAS,HighPoint,Independent,ATL,20250925-HighPoint-1,06cd4660-9a76-11f0-b2ef-f50b1063f050,91.15086,,,7.07649,,,,,,,140c42c3-e7fe-494f-8443-25f5b0d89000,2025-09-26,01:13:36.04,2025-09-25T21:13:36.0493568-04:00,2025-09-26T01:13:36.0493568Z,,v3,5431,5508,,"Napleton, Luke",813847,Right,HP,8fa0a68a-9b36-432b-b60e-53dd6f176796,54.81096,-134.55043,13.1423,6.1707,-3.08637,-12.46993,-1.48455,6.19741,-5.11432,,,,,,,,,,,,,,,,,,,,,,,,,,,,,,,,,,,,,,,,,,,,,,,,,,,High,High,High,,,,,
212,2025-09-25,21:13:51.65,2,2,"Halbohn, Kyle",670590,Right,HP,"McKeithan, Aaron",702463,Right,GAS,Undefined,7,Top,1,0,1,TwoSeamFastBall,Sinker,BallCalled,Undefined,Undefined,Undefined,0,0,,92.67719,-1.031931,-2.971869,1964.28013,235.002623,1:45,6.42496,0.93574,5.5942,-24.0586,8.62516,10.95292,3.45518,-0.9288,85.37673,-5.473416,-1.019204,0.411469,,,,,,,,,,,,-6.28835,4.93067,-0.6879,50,6.32071,6.48611,-134.52663,-3.3144,-11.62481,26.78575,-23.0591,HP,GAS,HighPoint,Independent,ATL,20250925-HighPoint-1,101622f0-9a76-11f0-b2ef-f50b1063f050,91.60452,,,7.30046,,,,,,,140c42c3-e7fe-494f-8443-25f5b0d89000,2025-09-26,01:13:51.65,2025-09-25T21:13:51.6563968-04:00,2025-09-26T01:13:51.6563968Z,,v3,5431,5508,,"Napleton, Luke",813847,Right,HP,e9407b70-725e-492a-85a9-9d18ded7bb5a,54.90561,-135.49987,13.39288,6.42592,-2.47657,-11.52955,-0.93124,6.90849,-5.81241,,,,,,,,,,,,,,,,,,,,,,,,,,,,,,,,,,,,,,,,,,,,,,,,,,,High,High,High,,,,,
213,2025-09-25,21:14:11.16,2,3,"Halbohn, Kyle",670590,Right,HP,"McKeithan, Aaron",702463,Right,GAS,Undefined,7,Top,1,1,1,TwoSeamFastBall,Sinker,InPlay,Undefined,GroundBall,Out,1,0,,91.07589,-1.508285,-2.277223,2151.803186,240.486612,2:00,6.1654,1.30257,5.82243,-24.9808,8.48457,13.29485,2.67998,0.29221,84.1687,-6.128443,0.106105,0.41636,88.96312,-0.876271,-14.531568,920.350066,,,,42.50669,41.44164,-14.910351,0.328175,-7.42213,5.00252,-1.12448,50,6.02699,4.70401,-132.34916,-4.36086,-13.29277,25.67247,-23.21469,HP,GAS,HighPoint,Independent,ATL,20250925-HighPoint-1,1bb06990-9a76-11f0-b2ef-f50b1063f050,90.52844,2.81733,,6.9072,,,,1.56214,2.81733,-0.29888,140c42c3-e7fe-494f-8443-25f5b0d89000,2025-09-26,01:14:11.16,2025-09-25T21:14:11.1651840-04:00,2025-09-26T01:14:11.1651840Z,GroundBall,v3,5431,5508,,"Napleton, Luke",813847,Right,HP,33bdc0ff-c4ef-407c-b872-4338def2659b,54.67936,-133.25375,12.83624,6.16624,-3.54287,-11.60735,-1.29848,5.17239,-6.64638,37.760053,1.56632,126.12025,-17.49629,,,,,,,2.82139,-2.16012,-19.65109,,,,,,,-0.29844,-32.7535,1.01754,,,,,,,,,,,,,,,,,,,,,,,,,,,,,High,High,High,High,High,,,
214,2025-09-25,21:14:55.53,3,1,"Halbohn, Kyle",670590,Right,HP,"Crook, Narciso",643271,Right,GAS,Undefined,7,Top,2,0,0,TwoSeamFastBall,Four-Seam,InPlay,Undefined,LineDrive,Double,0,0,,92.68925,-1.562242,-1.937577,2039.375338,228.727603,1:30,6.33333,1.16686,5.59699,-22.47564,10.14784,10.48095,3.0006,0.2306,85.49168,-5.718052,-0.066602,0.41109,101.11061,20.641967,-17.125558,1551.911773,105.76309,34.22665,-30.23297,309.03302,309.03302,-14.42679,3.179635,-5.83705,5.83055,-1.00787,50,6.18472,4.09003,-134.64288,-4.49011,-10.80795,26.86334,-21.37813,HP,GAS,HighPoint,Independent,ATL,20250925-HighPoint-1,3623a710-9a76-11f0-b2ef-f50b1063f050,91.68911,39.90839,,7.19756,,,,1.43817,2.99883,-0.20336,140c42c3-e7fe-494f-8443-25f5b0d89000,2025-09-26,01:14:55.53,2025-09-25T21:14:55.5311104-04:00,2025-09-26T01:14:55.5311104Z,LineDrive,v3,5431,5508,,"Napleton, Luke",813847,Right,HP,cf410f2d-1f99-409e-8738-1f6be6d78a71,54.904,-135.61777,13.43167,6.33359,-3.71428,-10.68907,-1.16342,4.48226,-5.40397,227.811871,1.43811,132.62421,-20.41993,4.36464,-0.90719,0.16212,-0.023,0.00212,-8E-05,2.9991,52.26682,-20.92217,2.28056,-0.62459,0.20011,-0.05222,0.00857,-0.00061,-0.20295,-40.88131,9.85448,-2.44291,0.3689,0.03648,-0.03526,0.00775,-0.00062,,,,,,,,,,,,,,,,,,,,,,,High,High,High,High,High,,,
215,2025-09-25,21:15:46.43,4,1,"Halbohn, Kyle",670590,Right,HP,"De La Rosa, Eric",680763,Right,GAS,Undefined,7,Top,2,0,0,TwoSeamFastBall,Sinker,BallCalled,Undefined,Undefined,Undefined,0,0,,92.53228,-1.246372,-0.832737,2082.996551,241.952039,2:00,6.33843,1.28901,5.33274,-24.9132,8.19918,13.54698,3.09261,1.63656,85.19216,-5.819885,1.575382,0.414158,,,,,,,,,,,,-6.99721,4.745,-1.2238,50,6.20802,1.31803,-134.39621,-3.88468,-12.88031,27.37132,-23.4396,HP,GAS,HighPoint,Independent,ATL,20250925-HighPoint-1,547f4250-9a76-11f0-b2ef-f50b1063f050,91.00972,,,7.34012,,,,,,,140c42c3-e7fe-494f-8443-25f5b0d89000,2025-09-26,01:15:46.43,2025-09-25T21:15:46.4367616-04:00,2025-09-26T01:15:46.4367616Z,,v3,5431,5508,,"Napleton, Luke",813847,Right,HP,b92214aa-231d-4a63-8909-8462787c3f25,55.16697,-135.44444,13.68566,6.3396,-2.98702,-11.7198,-1.28372,1.81131,-6.44015,,,,,,,,,,,,,,,,,,,,,,,,,,,,,,,,,,,,,,,,,,,,,,,,,,,High,High,High,,,,,
216,2025-09-25,21:16:08.96,4,2,"Halbohn, Kyle",670590,Right,HP,"De La Rosa, Eric",680763,Right,GAS,Undefined,7,Top,2,1,0,TwoSeamFastBall,Sinker,InPlay,Undefined,GroundBall,Out,1,0,,92.41895,-1.604312,-1.771251,2193.542636,235.949624,1:45,6.30917,1.26014,5.75313,-22.83671,9.96028,13.24394,2.91153,0.7144,84.80547,-5.847163,0.600446,0.412181,75.3681,-1.860191,-32.287296,4080.987329,,,,27.35872,27.32527,-31.437959,0.239461,-7.26996,5.81504,-1.1215,50,6.16202,3.57279,-134.21892,-4.56474,-13.29427,28.38222,-21.54031,HP,GAS,HighPoint,Independent,ATL,20250925-HighPoint-1,61edfad0-9a76-11f0-b2ef-f50b1063f050,91.44625,2.7939,,7.61348,,,,1.64408,2.7939,-0.72423,140c42c3-e7fe-494f-8443-25f5b0d89000,2025-09-26,01:16:08.96,2025-09-25T21:16:08.9624576-04:00,2025-09-26T01:16:08.9624576Z,GroundBall,v3,5431,5508,,"Napleton, Luke",813847,Right,HP,2dbeb301-8295-4430-8598-36c8e234a04d,54.7475,-135.2191,14.19111,6.30951,-3.80566,-10.77015,-1.25566,4.04128,-6.64714,351.120402,1.64313,93.45146,-11.81651,,,,,,,2.79751,-3.78842,-33.02826,,,,,,,-0.72407,-59.02451,10.26047,,,,,,,,,,,,,,,,,,,,,,,,,,,,,High,High,High,Medium,Medium,,,
217,2025-09-25,21:18:48.42,1,1,"Thompson, Cory",642140,Right,GAS,"Brewer, Aidan",1000132240,Right,HP,Undefined,7,Bottom,0,0,0,FourSeamFastBall,Four-Seam,BallCalled,Undefined,Undefined,Undefined,0,0,,95.65396,-0.075647,-2.327184,2266.868903,200.246233,12:45,6.07798,2.31199,5.40074,-18.98938,12.0076,4.08327,4.42459,0.47035,87.61273,-3.609398,-1.601945,0.400711,,,,,,,,,,,,-2.6502,6.33662,-2.10735,50,6.05809,5.44119,-138.80608,-0.89027,-5.19688,29.58853,-19.74841,HP,GAS,HighPoint,Independent,ATL,20250925-HighPoint-1,c0fdc3c0-9a76-11f0-b2ef-f50b1063f050,94.06394,,,8.04123,,,,,,,140c42c3-e7fe-494f-8443-25f5b0d89000,2025-09-26,01:18:48.42,2025-09-25T21:18:48.4289024-04:00,2025-09-26T01:18:48.4289024Z,,v3,5431,5508,,"McKeithan, Aaron",702463,Right,GAS,c6f0a7d6-a591-4bb8-bff0-c4f519435546,55.09686,-139.88833,14.79427,6.07744,-0.16794,-9.87421,-2.30985,5.63128,-2.59844,,,,,,,,,,,,,,,,,,,,,,,,,,,,,,,,,,,,,,,,,,,,,,,,,,,High,High,High,,,,,
218,2025-09-25,21:19:05.99,1,2,"Thompson, Cory",642140,Right,GAS,"Brewer, Aidan",1000132240,Right,HP,Undefined,7,Bottom,0,1,0,TwoSeamFastBall,Four-Seam,BallCalled,Undefined,Undefined,Undefined,0,0,,94.74546,-0.194759,-1.370518,1855.21098,222.596788,1:30,5.90219,2.20073,5.48711,-22.87356,8.64811,7.05823,3.8138,1.50648,86.69958,-4.430136,-0.113243,0.404088,,,,,,,,,,,,-3.91138,4.71516,-2.08545,50,5.86975,2.95397,-137.5633,-1.33937,-7.51407,29.7912,-23.11584,HP,GAS,HighPoint,Independent,ATL,20250925-HighPoint-1,cb73fcc0-9a76-11f0-b2ef-f50b1063f050,93.27779,,,8.04588,,,,,,,140c42c3-e7fe-494f-8443-25f5b0d89000,2025-09-26,01:19:05.99,2025-09-25T21:19:05.9934208-04:00,2025-09-26T01:19:05.9934208Z,,v3,5431,5508,,"McKeithan, Aaron",702463,Right,GAS,1352882a-2e84-44ae-a56f-902bf71cf538,55.01103,-138.64426,14.8956,5.90313,-0.50062,-11.55792,-2.19758,3.22661,-3.75703,,,,,,,,,,,,,,,,,,,,,,,,,,,,,,,,,,,,,,,,,,,,,,,,,,,High,High,High,,,,,
219,2025-09-25,21:19:24.76,1,3,"Thompson, Cory",642140,Right,GAS,"Brewer, Aidan",1000132240,Right,HP,Undefined,7,Bottom,0,2,0,FourSeamFastBall,Four-Seam,BallCalled,Undefined,Undefined,Undefined,0,0,,95.25558,-3.886153,-4.242721,2151.071168,199.433023,12:45,5.875,2.0713,5.83468,-15.79572,15.22595,5.02729,0.93107,-1.46054,87.42443,-6.851021,-3.345225,0.40087,,,,,,,,,,,,-3.68847,9.10965,-1.72758,50,5.54738,9.98788,-137.735,-9.89141,-7.11336,29.46715,-14.60562,HP,GAS,HighPoint,Independent,ATL,20250925-HighPoint-1,d6a177d0-9a76-11f0-b2ef-f50b1063f050,94.02648,,,7.83116,,,,,,,140c42c3-e7fe-494f-8443-25f5b0d89000,2025-09-26,01:19:24.76,2025-09-25T21:19:24.7632896-04:00,2025-09-26T01:19:24.7632896Z,,v3,5431,5508,,"McKeithan, Aaron",702463,Right,GAS,3e46c921-b9b8-49e9-be4a-eb0b0432a5a0,54.66349,-138.72912,14.73357,5.87277,-9.39866,-7.30281,-2.06858,10.22786,-3.55668,,,,,,,,,,,,,,,,,,,,,,,,,,,,,,,,,,,,,,,,,,,,,,,,,,,High,High,High,,,,,
220,2025-09-25,21:19:42.93,1,4,"Thompson, Cory",642140,Right,GAS,"Brewer, Aidan",1000132240,Right,HP,Undefined,7,Bottom,0,3,0,FourSeamFastBall,Four-Seam,BallCalled,Walk,Undefined,Undefined,0,0,,94.30692,0.299766,-2.476265,2101.057793,210.460053,1:00,6.0151,2.12616,5.64047,-18.79867,12.73493,6.94244,4.72845,0.3932,86.53042,-3.216298,-1.237885,0.404165,,,,,,,,,,,,-4.13315,6.66142,-1.92008,50,6.02861,5.59645,-136.9212,0.05918,-7.90327,28.17404,-19.43627,HP,GAS,HighPoint,Independent,ATL,20250925-HighPoint-1,e175fd70-9a76-11f0-b2ef-f50b1063f050,93.26011,,,7.7765,,,,,,,140c42c3-e7fe-494f-8443-25f5b0d89000,2025-09-26,01:19:42.93,2025-09-25T21:19:42.9310976-04:00,2025-09-26T01:19:42.9310976Z,,v3,5431,5508,,"McKeithan, Aaron",702463,Right,GAS,c925cb8e-19a4-45c6-b1a4-ac41139dc6d2,54.85771,-137.91714,14.08702,6.01437,0.74624,-9.71813,-2.12285,5.87582,-3.95163,,,,,,,,,,,,,,,,,,,,,,,,,,,,,,,,,,,,,,,,,,,,,,,,,,,High,High,High,,,,,
221,2025-09-25,21:20:20.06,2,1,"Thompson, Cory",642140,Right,GAS,"Wilson, Cody",680963,Right,HP,Undefined,7,Bottom,0,0,0,TwoSeamFastBall,Four-Seam,BallCalled,Undefined,Undefined,Undefined,0,0,,93.46395,-0.901392,-1.585889,1874.287936,217.907503,1:15,6.03103,2.137,5.27766,-24.37777,8.24745,5.6452,3.15256,1.11758,85.72496,-5.383315,-0.584082,0.4111,,,,,,,,,,,,-3.24083,4.67748,-1.99649,50,5.93098,3.48549,-135.65402,-3.08862,-6.0623,28.60011,-23.42432,HP,GAS,HighPoint,Independent,ATL,20250925-HighPoint-1,f793c380-9a76-11f0-b2ef-f50b1063f050,91.68668,,,7.739,,,,,,,140c42c3-e7fe-494f-8443-25f5b0d89000,2025-09-26,01:20:20.06,2025-09-25T21:20:20.0614912-04:00,2025-09-26T01:20:20.0614912Z,,v3,5431,5508,,"McKeithan, Aaron",702463,Right,GAS,2e81e8c9-5951-4b86-a302-65c42063ea3d,55.2209,-136.75032,14.30005,6.03217,-2.19072,-11.71216,-2.13455,3.71787,-3.03115,,,,,,,,,,,,,,,,,,,,,,,,,,,,,,,,,,,,,,,,,,,,,,,,,,,High,High,High,,,,,
222,2025-09-25,21:20:37.67,2,2,"Thompson, Cory",642140,Right,GAS,"Wilson, Cody",680963,Right,HP,Undefined,7,Bottom,0,1,0,Slider,Changeup,StrikeCalled,Undefined,Undefined,Undefined,0,0,,87.59309,0.296108,-3.061614,1709.319138,244.501267,2:15,5.91566,2.18905,5.42638,-31.98175,4.84512,7.91319,3.52825,-0.0218,80.69934,-5.559722,-1.655861,0.436771,,,,,,,,,,,,-4.73949,2.71362,-1.92287,50,5.91979,6.44951,-127.11626,-0.52776,-7.82294,23.91481,-27.69498,HP,GAS,HighPoint,Independent,ATL,20250925-HighPoint-1,021ebd00-9a77-11f0-b2ef-f50b1063f050,86.29794,,,6.89375,,,,,,,140c42c3-e7fe-494f-8443-25f5b0d89000,2025-09-26,01:20:37.67,2025-09-25T21:20:37.6796160-04:00,2025-09-26T01:20:37.6796160Z,,v3,5431,5508,,"McKeithan, Aaron",702463,Right,GAS,885e242f-29e9-4f92-b73a-3c0cd9fcada6,55.073,-128.06711,11.95741,5.91888,0.57339,-13.84749,-2.18549,6.76055,-3.91147,,,,,,,,,,,,,,,,,,,,,,,,,,,,,,,,,,,,,,,,,,,,,,,,,,,High,High,High,,,,,
223,2025-09-25,21:20:55.71,2,3,"Thompson, Cory",642140,Right,GAS,"Wilson, Cody",680963,Right,HP,Undefined,7,Bottom,0,1,1,Slider,Changeup,BallCalled,Undefined,Undefined,Undefined,0,0,,87.23802,0.352371,-2.562314,1692.523431,244.512703,2:15,5.9604,2.21264,5.43095,-31.1962,5.80685,9.98028,3.69106,0.64303,80.53858,-5.363799,-0.787954,0.437814,,,,,,,,,,,,-5.64579,3.1715,-1.99256,50,5.96999,5.23435,-126.69442,-0.36396,-9.27833,23.19552,-26.96197,HP,GAS,HighPoint,Independent,ATL,20250925-HighPoint-1,0cd81980-9a77-11f0-b2ef-f50b1063f050,86.09227,,,6.69944,,,,,,,140c42c3-e7fe-494f-8443-25f5b0d89000,2025-09-26,01:20:55.71,2025-09-25T21:20:55.7180416-04:00,2025-09-26T01:20:55.7180416Z,,v3,5431,5508,,"McKeithan, Aaron",702463,Right,GAS,78ec149f-adc9-42d4-9a5d-62bcffe2a81e,55.06915,-127.61912,11.59776,5.96308,0.71089,-13.48098,-2.2086,5.60424,-4.63916,,,,,,,,,,,,,,,,,,,,,,,,,,,,,,,,,,,,,,,,,,,,,,,,,,,High,High,High,,,,,
224,2025-09-25,21:21:14.26,2,4,"Thompson, Cory",642140,Right,GAS,"Wilson, Cody",680963,Right,HP,Undefined,7,Bottom,0,2,1,TwoSeamFastBall,Four-Seam,BallCalled,Undefined,Undefined,Undefined,0,0,,92.77798,0.186648,-2.19215,1913.223047,213.448569,1:00,6.07553,2.04494,5.32267,-23.04387,9.9339,5.91642,4.33049,0.4798,85.16589,-4.067311,-1.142475,0.413316,,,,,,,,,,,,-3.51937,5.23441,-1.85085,50,6.07595,4.87446,-134.66957,-0.43637,-6.50767,27.3578,-22.49507,HP,GAS,HighPoint,Independent,ATL,20250925-HighPoint-1,17e4ed30-9a77-11f0-b2ef-f50b1063f050,91.19522,,,7.61209,,,,,,,140c42c3-e7fe-494f-8443-25f5b0d89000,2025-09-26,01:21:14.26,2025-09-25T21:21:14.2651392-04:00,2025-09-26T01:21:14.2651392Z,,v3,5431,5508,,"McKeithan, Aaron",702463,Right,GAS,570edac2-6c5c-471a-be62-da857d43e775,55.17585,-135.71696,13.6789,6.07617,0.42485,-11.24754,-2.04224,5.1236,-3.25384,,,,,,,,,,,,,,,,,,,,,,,,,,,,,,,,,,,,,,,,,,,,,,,,,,,High,High,High,,,,,
225,2025-09-25,21:21:37.09,2,5,"Thompson, Cory",642140,Right,GAS,"Wilson, Cody",680963,Right,HP,Undefined,7,Bottom,0,3,1,FourSeamFastBall,Four-Seam,BallCalled,Walk,Undefined,Undefined,0,0,,93.97782,-3.348239,-2.726476,2171.309788,192.120222,12:30,5.91769,2.24752,5.35416,-16.55336,15.8215,3.17622,1.39088,-0.04681,86.10642,-6.435658,-2.162929,0.40952,,,,,,,,,,,,-2.33079,9.15957,-2.00446,50,5.60436,6.32867,-136.06675,-8.54635,-4.37988,29.20273,-14.96203,HP,GAS,HighPoint,Independent,ATL,20250925-HighPoint-1,2580a920-9a77-11f0-b2ef-f50b1063f050,92.0405,,,7.8714,,,,,,,140c42c3-e7fe-494f-8443-25f5b0d89000,2025-09-26,01:21:37.09,2025-09-25T21:21:37.0970112-04:00,2025-09-26T01:21:37.0970112Z,,v3,5431,5508,,"McKeithan, Aaron",702463,Right,GAS,37ee720f-a2eb-47a4-aa53-051eea488d0f,55.14398,-137.16631,14.60137,5.91555,-7.98298,-7.48101,-2.24586,6.49359,-2.18994,,,,,,,,,,,,,,,,,,,,,,,,,,,,,,,,,,,,,,,,,,,,,,,,,,,High,High,High,,,,,
226,2025-09-25,21:23:07.14,3,1,"Thompson, Cory",642140,Right,GAS,"Burt, D.J.",656274,Right,HP,Undefined,7,Bottom,0,0,0,FourSeamFastBall,Four-Seam,InPlay,Undefined,GroundBall,Out,2,0,,95.58509,-2.592052,-1.958397,2025.699028,197.771967,12:30,6.02814,2.09709,5.75147,-15.89213,14.81032,4.44177,2.2877,0.64338,87.65868,-5.582006,-1.163672,0.398803,104.70447,-1.513092,-9.048068,2184.007402,,,,41.45685,38.61972,-10.170397,0.269425,-2.80291,8.5478,-1.93728,50,5.80314,4.54178,-138.69526,-6.81351,-5.47606,30.15226,-15.47422,HP,GAS,HighPoint,Independent,ATL,20250925-HighPoint-1,5b219a80-9a77-11f0-b2ef-f50b1063f050,94.51402,2.28824,,7.92641,,,,1.32856,2.28824,-0.67052,140c42c3-e7fe-494f-8443-25f5b0d89000,2025-09-26,01:23:07.14,2025-09-25T21:23:07.1444480-04:00,2025-09-26T01:23:07.1444480Z,GroundBall,v3,5431,5508,,"McKeithan, Aaron",702463,Right,GAS,c553d43e-ebb6-4a14-aaac-655bc651ceaa,54.74839,-139.72374,15.07613,6.02654,-6.28569,-7.73711,-2.09538,4.72857,-2.73803,76.030551,1.33101,151.48189,-18.47343,,,,,,,2.28951,-4.1171,-16.27931,,,,,,,-0.66989,-24.17325,-1.90304,,,,,,,,,,,,,,,,,,,,,,,,,,,,,High,High,High,High,Medium,,,
227,2025-09-25,21:23:54.49,4,1,"Thompson, Cory",642140,Right,GAS,"Gonzalez, Luis",8894175,Left,HP,Undefined,7,Bottom,2,0,0,TwoSeamFastBall,Sinker,BallCalled,Undefined,Undefined,Undefined,0,0,,93.75029,0.691731,-2.056898,1904.278324,227.09626,1:30,5.94705,1.74075,5.76476,-24.16887,7.56197,7.1389,4.57722,0.42046,86.11162,-3.792674,-0.779701,0.405426,,,,,,,,,,,,-4.14795,3.97138,-1.5747,50,5.98969,4.56611,-136.18882,0.76181,-7.84723,27.86281,-24.66084,HP,GAS,HighPoint,Independent,ATL,20250925-HighPoint-1,77677520-9a77-11f0-b2ef-f50b1063f050,92.96985,,,7.63867,,,,,,,140c42c3-e7fe-494f-8443-25f5b0d89000,2025-09-26,01:23:54.49,2025-09-25T21:23:54.4930816-04:00,2025-09-26T01:23:54.4930816Z,,v3,5431,5508,,"McKeithan, Aaron",702463,Right,GAS,768e087a-2695-479e-a121-1db3f7b833ea,54.73419,-137.15396,13.9314,5.94851,1.61605,-12.33042,-1.73758,4.83793,-3.92362,,,,,,,,,,,,,,,,,,,,,,,,,,,,,,,,,,,,,,,,,,,,,,,,,,,High,High,High,,,,,
228,2025-09-25,21:24:13.25,4,2,"Thompson, Cory",642140,Right,GAS,"Gonzalez, Luis",8894175,Left,HP,Undefined,7,Bottom,2,1,0,Curveball,Curveball,BallCalled,Undefined,Undefined,Undefined,0,1,,78.43726,5.271399,1.846218,1876.82703,10.716868,6:15,5.97572,1.82368,5.31316,-57.32464,-10.86166,-2.31386,6.16293,3.3643,71.82595,-5.114785,1.436635,0.490597,,,,,,,,,,,,1.61173,-6.14378,-1.98947,50,6.4144,-3.56089,-113.48368,8.39785,2.11656,19.40493,-40.24224,HP,GAS,HighPoint,Independent,ATL,20250925-HighPoint-1,82844e60-9a77-11f0-b2ef-f50b1063f050,76.82971,,,6.61131,,,,,,,140c42c3-e7fe-494f-8443-25f5b0d89000,2025-09-26,01:24:13.25,2025-09-25T21:24:13.2513280-04:00,2025-09-26T01:24:13.2513280Z,,v3,5431,5508,,"McKeithan, Aaron",702463,Right,GAS,8d5bc93b-d9c9-44c2-b791-9bf28d896031,55.1885,-114.36744,9.70247,5.99021,10.2306,-20.12112,-1.8251,-3.65728,1.05828,,,,,,,,,,,,,,,,,,,,,,,,,,,,,,,,,,,,,,,,,,,,,,,,,,,High,High,High,,,,,
229,2025-09-25,21:24:50.60,4,3,"Thompson, Cory",642140,Right,GAS,"Gonzalez, Luis",8894175,Left,HP,Undefined,7,Bottom,2,2,0,FourSeamFastBall,Four-Seam,FoulBallNotFieldable,Undefined,Undefined,Undefined,0,0,,93.46918,-2.592505,-3.351123,2004.645571,193.804261,12:30,5.90746,1.91322,5.83321,-17.22804,14.78064,3.39272,2.05625,-0.92253,85.93582,-5.823686,-2.744437,0.407198,,,,,,,,,,,,-2.64902,8.57205,-1.64167,50,5.68541,7.79265,-135.54235,-6.71479,-4.95087,28.33895,-16.15322,HP,GAS,HighPoint,Independent,ATL,20250925-HighPoint-1,98d27340-9a77-11f0-b2ef-f50b1063f050,92.56545,,,7.53336,,,,,,,140c42c3-e7fe-494f-8443-25f5b0d89000,2025-09-26,01:24:50.60,2025-09-25T21:24:50.6038272-04:00,2025-09-26T01:24:50.6038272Z,,v3,5431,5508,,"McKeithan, Aaron",702463,Right,GAS,6ab39681-30c6-4335-a8d7-7976e549563e,54.66827,-136.51489,14.16947,5.90634,-6.16044,-8.07661,-1.91201,7.96256,-2.47543,,,,,,,,,,,,,,,,,,,,,,,,,,,,,,,,,,,,,,,,,,,,,,,,,,,High,High,High,,,,,
230,2025-09-25,21:25:19.35,4,4,"Thompson, Cory",642140,Right,GAS,"Gonzalez, Luis",8894175,Left,HP,Undefined,7,Bottom,2,2,1,TwoSeamFastBall,Changeup,FoulBallNotFieldable,Undefined,Undefined,Undefined,0,0,,89.90443,-2.554145,-4.083743,1696.927342,235.175148,1:45,5.87644,2.02231,5.62172,-25.39159,9.66847,12.29418,1.36928,-0.77061,82.44702,-7.24042,-1.893682,0.426165,51.06477,-19.986811,124.328937,,,,,5.88035,5.25574,60.978464,0.083063,-7.4687,5.92481,-1.68201,50,5.64159,8.77907,-130.1967,-6.71448,-12.82799,27.17277,-21.99776,HP,GAS,HighPoint,Independent,ATL,20250925-HighPoint-1,a9de0190-9a77-11f0-b2ef-f50b1063f050,88.44567,2.13867,,7.4574,,,,,,,140c42c3-e7fe-494f-8443-25f5b0d89000,2025-09-26,01:25:19.35,2025-09-25T21:25:19.3504256-04:00,2025-09-26T01:25:19.3504256Z,GroundBall,v3,5431,5508,,"McKeithan, Aaron",702463,Right,GAS,27e1e0c9-858e-49b3-8970-155ab52a6705,54.88002,-131.21123,13.58638,5.87695,-5.89316,-10.99888,-2.01873,9.25802,-6.414,,6.17195,-39.92275,,,,,,,,2.14066,-25.74778,,,,,,,,0.28157,58.46112,,,,,,,,,,,,,,,,,,,,,,,,,,,,,,High,High,High,Low,Low,,,
231,2025-09-25,21:25:47.41,4,5,"Thompson, Cory",642140,Right,GAS,"Gonzalez, Luis",8894175,Left,HP,Undefined,7,Bottom,2,2,2,FourSeamFastBall,Four-Seam,BallCalled,Undefined,Undefined,Undefined,0,0,,95.10913,-4.921112,-4.41865,2339.392121,198.623439,12:30,5.93106,1.85657,5.72129,-17.32473,14.11891,4.41331,-0.12153,-1.89966,87.18024,-8.142398,-3.632524,0.403588,,,,,,,,,,,,-3.53099,8.91217,-1.4897,50,5.50725,10.41794,-137.30037,-12.45037,-6.73498,30.62269,-15.17503,HP,GAS,HighPoint,Independent,ATL,20250925-HighPoint-1,baabc390-9a77-11f0-b2ef-f50b1063f050,93.39344,,,7.92889,,,,,,,140c42c3-e7fe-494f-8443-25f5b0d89000,2025-09-26,01:25:47.41,2025-09-25T21:25:47.4133504-04:00,2025-09-26T01:25:47.4133504Z,,v3,5431,5508,,"McKeithan, Aaron",702463,Right,GAS,ee91e01a-0efd-4678-b1f9-497a8721b3dd,54.78028,-138.36243,15.31134,5.92993,-11.92407,-7.58751,-1.85507,10.65152,-3.36749,,,,,,,,,,,,,,,,,,,,,,,,,,,,,,,,,,,,,,,,,,,,,,,,,,,High,High,High,,,,,
232,2025-09-25,21:26:17.20,4,6,"Thompson, Cory",642140,Right,GAS,"Gonzalez, Luis",8894175,Left,HP,Undefined,7,Bottom,2,3,2,FourSeamFastBall,Four-Seam,InPlay,Undefined,LineDrive,Double,0,0,,93.90755,-2.670814,-2.628795,2232.402675,195.267711,12:30,6.0212,1.86374,5.92374,-18.14781,13.38257,3.39532,2.02614,-0.29437,86.4747,-6.067036,-2.019761,0.404144,112.83227,10.221784,31.998413,2341.721296,90.04519,13.37003,63.1795,220.51528,193.65344,38.589342,1.709205,-2.44288,7.86685,-1.65531,50,5.79685,6.11181,-136.27811,-6.96504,-4.62202,28.23765,-17.28954,HP,GAS,HighPoint,Independent,ATL,20250925-HighPoint-1,cc71ef50-9a77-11f0-b2ef-f50b1063f050,93.26488,13.40168,,7.43284,,,,1.89725,2.06926,0.14412,140c42c3-e7fe-494f-8443-25f5b0d89000,2025-09-26,01:26:17.20,2025-09-25T21:26:17.2001280-04:00,2025-09-26T01:26:17.2001280Z,LineDrive,v3,5431,5508,,"McKeithan, Aaron",702463,Right,GAS,0a449ba4-2b7f-492e-b3fa-2c93491a10de,54.57705,-137.22323,14.11883,6.02029,-6.38636,-8.64477,-1.86246,6.26651,-2.31101,261.495113,1.89723,138.11802,-32.33304,8.03616,-1.45547,-0.1667,0.28123,-0.10613,0.01495,2.06927,29.36614,-20.16977,1.6673,-0.36516,0.23749,-0.14326,0.04774,-0.00651,0.14414,86.29668,-1.56894,-2.00129,0.51343,0.25873,-0.28451,0.10558,-0.0149,,,,,,,,,,,,,,,,,,,,,,,High,High,High,High,Medium,,,
233,2025-09-25,21:27:10.06,5,1,"Thompson, Cory",642140,Right,GAS,"Mendoza, Drew",666141,Left,HP,Undefined,7,Bottom,2,0,0,FourSeamFastBall,Four-Seam,InPlay,Undefined,FlyBall,Out,1,0,,93.76446,-1.344425,-2.504308,2082.705905,221.083663,1:15,6.03152,1.98722,5.64051,-21.67123,10.09847,8.01953,2.96997,0.31782,86.6314,-5.353948,-1.072802,0.405675,104.30565,21.544794,5.139402,1690.322923,109.37631,40.34644,11.69483,385.19461,378.28645,7.689072,4.206698,-4.72366,5.73689,-1.77976,50,5.9033,5.60211,-136.20857,-3.98885,-8.97269,26.80576,-21.2767,HP,GAS,HighPoint,Independent,ATL,20250925-HighPoint-1,ebf28290-9a77-11f0-b2ef-f50b1063f050,92.91299,56.85197,,7.13306,,,,2.26996,3.06714,-0.33036,140c42c3-e7fe-494f-8443-25f5b0d89000,2025-09-26,01:27:10.06,2025-09-25T21:27:10.0630528-04:00,2025-09-26T01:27:10.0630528Z,FlyBall,v3,5431,5508,,"McKeithan, Aaron",702463,Right,GAS,1b0a9ebc-96eb-4c5d-8609-2e0af7a16e33,54.86089,-137.16186,13.40288,6.0317,-3.23219,-10.63835,-1.98466,5.9212,-4.48635,204.20592,2.26911,141.74806,-25.08672,6.21155,-1.56083,0.40299,-0.09103,0.01312,-0.0008,3.0686,56.13581,-15.10867,-0.31397,0.63811,-0.30966,0.08725,-0.01263,0.00072,-0.33039,12.74419,2.56099,-1.83792,0.59904,-0.12858,0.01792,-0.00132,3E-05,,,,,,,,,,,,,,,,,,,,,,,High,High,High,High,Medium,,,
234,2025-09-25,21:29:59.54,1,1,"Cotter, Cameron",694650,Right,HP,"Long, Shed",643418,Left,GAS,Undefined,8,Top,0,0,0,Cutter,Slider,BallCalled,Undefined,Undefined,Undefined,0,0,,91.03889,-2.941723,-2.925545,2258.579412,249.73346,2:15,6.31888,1.51127,5.74375,-31.65053,2.44878,3.67748,0.93639,-0.90855,83.5725,-8.731033,-2.267122,0.420285,,,,,,,,,,,,-2.74898,2.35106,-1.27024,50,6.05411,6.58881,-131.93829,-7.93933,-4.82844,29.00399,-28.04453,HP,GAS,HighPoint,Independent,ATL,20250925-HighPoint-1,50f916e0-9a78-11f0-b2ef-f50b1063f050,89.68299,,,7.46639,,,,,,,140c42c3-e7fe-494f-8443-25f5b0d89000,2025-09-26,01:29:59.54,2025-09-25T21:29:59.5442176-04:00,2025-09-26T01:29:59.5442176Z,,v3,5431,5508,,"Napleton, Luke",813847,Right,HP,4d915949-3b46-4eaa-a9e6-8f219861e91c,54.75774,-132.98007,14.502,6.32119,-6.93201,-14.02227,-1.51001,6.76224,-2.41422,,,,,,,,,,,,,,,,,,,,,,,,,,,,,,,,,,,,,,,,,,,,,,,,,,,High,High,High,,,,,
235,2025-09-25,21:30:14.04,1,2,"Cotter, Cameron",694650,Right,HP,"Long, Shed",643418,Left,GAS,Undefined,8,Top,0,1,0,Sinker,Sinker,BallCalled,Undefined,Undefined,Undefined,0,0,,94.46123,-1.617391,-2.412595,2096.379142,245.077069,2:15,6.25445,1.4331,5.52222,-24.01253,7.81496,14.61328,2.73949,0.3939,86.29947,-6.053726,0.192168,0.406044,,,,,,,,,,,,-8.09603,4.70477,-1.23327,50,6.09757,5.0969,-137.02387,-4.78345,-15.36644,30.7524,-23.2443,HP,GAS,HighPoint,Independent,ATL,20250925-HighPoint-1,599eae90-9a78-11f0-b2ef-f50b1063f050,92.82857,,,8.16177,,,,,,,140c42c3-e7fe-494f-8443-25f5b0d89000,2025-09-26,01:30:14.04,2025-09-25T21:30:14.0406272-04:00,2025-09-26T01:30:14.0406272Z,,v3,5431,5508,,"Napleton, Luke",813847,Right,HP,fe160bde-da01-42a1-9204-90865b7a1564,54.97792,-138.13655,15.3762,6.25543,-3.94242,-11.62215,-1.42774,5.65289,-7.68322,,,,,,,,,,,,,,,,,,,,,,,,,,,,,,,,,,,,,,,,,,,,,,,,,,,High,High,High,,,,,
236,2025-09-25,21:30:33.86,1,3,"Cotter, Cameron",694650,Right,HP,"Long, Shed",643418,Left,GAS,Undefined,8,Top,0,2,0,ChangeUp,Changeup,InPlay,Undefined,Popup,Out,1,0,,88.18021,-1.021698,-3.029001,1418.591372,262.440698,2:45,6.33705,1.30809,5.40054,-33.89435,2.77752,12.16666,2.55368,-0.51904,80.81017,-7.214764,-0.865793,0.435851,84.12646,79.086677,14.61683,,,,,,16.24088,,,-7.00725,1.99992,-1.04687,50,6.22194,6.23734,-127.87905,-3.55264,-11.59628,26.52141,-28.86438,HP,GAS,HighPoint,Independent,ATL,20250925-HighPoint-1,657561f0-9a78-11f0-b2ef-f50b1063f050,86.48013,104.22616,,7.37003,,,,2.20962,1.91246,0.92362,140c42c3-e7fe-494f-8443-25f5b0d89000,2025-09-26,01:30:33.86,2025-09-25T21:30:33.8640896-04:00,2025-09-26T01:30:33.8640896Z,,v3,5431,5508,,"Napleton, Luke",813847,Right,HP,2c711262-e2ae-47c7-9f34-d273c2df9cd9,55.1002,-128.93246,13.26071,6.34028,-2.40617,-14.43219,-1.30376,6.69793,-5.79814,,2.20961,22.60605,-12.90882,4.70715,-1.98336,1.26872,-0.43243,-0.09141,0.07343,1.91246,121.15343,-30.62679,3.89038,-0.50346,-0.19234,0.22039,-0.08632,0.01172,0.92361,5.89663,-8.04535,3.18076,-1.42005,0.93751,-0.3321,-0.0579,0.05176,,,,,,,,,,,,,,,,,,,,,,,High,High,High,Low,Undefined,,,
237,2025-09-25,21:31:15.78,2,1,"Cotter, Cameron",694650,Right,HP,"Wylie, Justin",687045,Right,GAS,Undefined,8,Top,1,0,0,Cutter,Four-Seam,StrikeCalled,Undefined,Undefined,Undefined,0,0,,92.54483,-1.039066,-1.555826,2357.717043,214.000004,1:15,6.26884,1.46962,5.69643,-26.31529,6.03642,3.49272,3.10713,0.31045,86.01795,-5.872521,-0.931012,0.409374,,,,,,,,,,,,-2.14189,3.58555,-1.34118,50,6.16497,3.50218,-134.59103,-3.41871,-3.993,24.74361,-25.48973,HP,GAS,HighPoint,Independent,ATL,20250925-HighPoint-1,7e711aa0-9a78-11f0-b2ef-f50b1063f050,92.07342,,,6.52688,,,,,,,140c42c3-e7fe-494f-8443-25f5b0d89000,2025-09-26,01:31:15.78,2025-09-25T21:31:15.7861376-04:00,2025-09-26T01:31:15.7861376Z,,v3,5431,5508,,"Napleton, Luke",813847,Right,HP,cfd47edd-63b9-4a64-aea9-f06cd7f9f6e3,54.80459,-135.47144,12.3718,6.27047,-2.51175,-12.74487,-1.46832,3.64425,-1.9965,,,,,,,,,,,,,,,,,,,,,,,,,,,,,,,,,,,,,,,,,,,,,,,,,,,High,High,High,,,,,
238,2025-09-25,21:31:30.47,2,2,"Cotter, Cameron",694650,Right,HP,"Wylie, Justin",687045,Right,GAS,Undefined,8,Top,1,0,1,Slider,Slider,BallCalled,Undefined,Undefined,Undefined,0,0,,88.54057,-2.691614,-1.678643,1890.471417,26.002733,6:45,6.22281,1.4657,5.80152,-37.87329,-2.05496,-1.5398,0.5604,-0.22432,81.69442,-9.589515,-1.955265,0.430749,,,,,,,,,,,,0.31807,0.03618,-1.32687,50,5.97885,3.82965,-128.48228,-7.41784,0.53133,26.79771,-32.11358,HP,GAS,HighPoint,Independent,ATL,20250925-HighPoint-1,8731b460-9a78-11f0-b2ef-f50b1063f050,87.50445,,,6.84615,,,,,,,140c42c3-e7fe-494f-8443-25f5b0d89000,2025-09-26,01:31:30.47,2025-09-25T21:31:30.4756224-04:00,2025-09-26T01:31:30.4756224Z,,v3,5431,5508,,"Napleton, Luke",813847,Right,HP,20cded98-42d9-4fd5-8083-7d327078b8a0,54.69886,-129.45862,13.39886,6.22779,-6.24783,-16.05679,-1.46604,3.81029,0.26566,,,,,,,,,,,,,,,,,,,,,,,,,,,,,,,,,,,,,,,,,,,,,,,,,,,High,High,High,,,,,
239,2025-09-25,21:31:47.83,2,3,"Cotter, Cameron",694650,Right,HP,"Wylie, Justin",687045,Right,GAS,Undefined,8,Top,1,1,1,Slider,Slider,InPlay,Undefined,FlyBall,Out,1,0,,87.80828,0.305665,-1.680464,2276.97976,355.781039,5:45,6.53657,1.33984,5.44247,-44.84329,-7.95595,0.67185,3.08596,-0.17809,80.55569,-7.84052,-1.560717,0.437129,97.17859,23.11175,19.406748,3252.310183,101.37841,41.46823,42.68889,323.11879,314.94282,29.350279,3.809364,-0.81713,-3.76512,-1.19174,50,6.5324,3.71118,-127.49658,-1.05564,-1.342,26.76076,-38.35768,HP,GAS,HighPoint,Independent,ATL,20250925-HighPoint-1,918a5340-9a78-11f0-b2ef-f50b1063f050,86.22717,51.25358,,7.25259,,,,0.65614,2.98232,0.232,140c42c3-e7fe-494f-8443-25f5b0d89000,2025-09-26,01:31:47.83,2025-09-25T21:31:47.8335488-04:00,2025-09-26T01:31:47.8335488Z,LineDrive,v3,5431,5508,,"Napleton, Luke",813847,Right,HP,c1511f9b-3bf1-4324-868a-5582444d8234,55.0588,-128.554,13.38038,6.54417,0.46003,-19.17884,-1.33943,3.76421,-0.671,224.828072,0.65607,123.64423,-25.38813,6.13866,-1.44936,0.33353,-0.06423,0.00775,-0.00039,2.98228,55.94615,-17.63834,0.88754,-0.00498,-0.03502,0.00795,3E-05,-0.0001,0.23197,43.55635,0.94185,-1.16391,0.49667,-0.16695,0.04042,-0.00574,0.00035,,,,,,,,,,,,,,,,,,,,,,,High,High,High,High,Medium,,,
240,2025-09-25,21:32:23.17,3,1,"Cotter, Cameron",694650,Right,HP,"Roederer, Cole",680711,Left,GAS,Undefined,8,Top,2,0,0,FourSeamFastBall,Four-Seam,StrikeSwinging,Undefined,Undefined,Undefined,0,0,,96.32183,-1.767066,-1.806855,2289.865117,206.253041,1:00,6.37999,1.24438,5.91478,-14.87379,15.35406,7.0791,3.49918,0.15683,87.61619,-4.60189,-0.536296,0.395708,,,,,,,,,,,,-4.12343,8.6589,-1.1034,50,6.22973,4.07902,-139.74965,-4.77496,-8.12123,32.69454,-15.12,HP,GAS,HighPoint,Independent,ATL,20250925-HighPoint-1,a69aef10-9a78-11f0-b2ef-f50b1063f050,95.25316,,,8.70564,,,,,,,140c42c3-e7fe-494f-8443-25f5b0d89000,2025-09-26,01:32:23.17,2025-09-25T21:32:23.1750144-04:00,2025-09-26T01:32:23.1750144Z,,v3,5431,5508,,"Napleton, Luke",813847,Right,HP,7d8f1a7b-7e31-40a6-88bf-d13d2b05b14c,54.58224,-140.81758,16.34727,6.37763,-4.28108,-7.56,-1.24097,4.34429,-4.06062,,,,,,,,,,,,,,,,,,,,,,,,,,,,,,,,,,,,,,,,,,,,,,,,,,,High,High,High,,,,,
241,2025-09-25,21:32:37.26,3,2,"Cotter, Cameron",694650,Right,HP,"Roederer, Cole",680711,Left,GAS,Undefined,8,Top,2,0,1,ChangeUp,Changeup,FoulBallNotFieldable,Undefined,Undefined,Undefined,0,0,,88.48949,-1.448358,-2.695899,1448.388851,267.755459,3:00,6.38975,1.38071,5.5218,-34.63872,1.89071,16.4108,2.14726,0.22589,80.55364,-7.797214,0.231676,0.435004,,,,,,,,,,,,-9.25347,1.67721,-1.15776,50,6.24012,5.34643,-128.2921,-4.51726,-15.26764,29.02342,-29.4068,HP,GAS,HighPoint,Independent,ATL,20250925-HighPoint-1,aefb8e80-9a78-11f0-b2ef-f50b1063f050,86.64856,,,7.93585,,,,,,,140c42c3-e7fe-494f-8443-25f5b0d89000,2025-09-26,01:32:37.26,2025-09-25T21:32:37.2670464-04:00,2025-09-26T01:32:37.2670464Z,,v3,5431,5508,,"Napleton, Luke",813847,Right,HP,cb8736d5-61eb-45d3-bcaf-c19adf73015d,54.97976,-129.41377,14.51171,6.39274,-3.38078,-14.7034,-1.37578,5.93647,-7.63382,,,,,,,,,,,,,,,,,,,,,,,,,,,,,,,,,,,,,,,,,,,,,,,,,,,High,High,High,,,,,
242,2025-09-25,21:33:00.44,3,3,"Cotter, Cameron",694650,Right,HP,"Roederer, Cole",680711,Left,GAS,Undefined,8,Top,2,0,2,FourSeamFastBall,Four-Seam,BallCalled,Undefined,Undefined,Undefined,0,0,,95.18678,-2.664792,-3.166371,2192.397161,213.903059,1:15,6.33143,1.13806,5.99603,-15.3506,15.34292,9.67331,2.57727,-0.99301,87.33,-5.571495,-1.430067,0.398744,,,,,,,,,,,,-5.89205,8.92867,-0.89411,50,6.11277,7.22668,-138.07638,-6.9216,-11.41385,29.75686,-14.87781,HP,GAS,HighPoint,Independent,ATL,20250925-HighPoint-1,bcc75b20-9a78-11f0-b2ef-f50b1063f050,94.5278,,,7.85677,,,,,,,140c42c3-e7fe-494f-8443-25f5b0d89000,2025-09-26,01:33:00.44,2025-09-25T21:33:00.4460544-04:00,2025-09-26T01:33:00.4460544Z,,v3,5431,5508,,"Napleton, Luke",813847,Right,HP,623a29fc-70cb-4873-b0ca-5f488bf7492d,54.50549,-139.04397,14.87843,6.32997,-6.43783,-7.4389,-1.13513,7.59782,-5.70693,,,,,,,,,,,,,,,,,,,,,,,,,,,,,,,,,,,,,,,,,,,,,,,,,,,High,High,High,,,,,
243,2025-09-25,21:33:21.45,3,4,"Cotter, Cameron",694650,Right,HP,"Roederer, Cole",680711,Left,GAS,Undefined,8,Top,2,1,2,Slider,Slider,StrikeSwinging,Strikeout,Undefined,Undefined,0,0,,88.12316,-1.396104,-1.613228,2352.836535,1.530881,6:00,6.4756,1.18363,5.40509,-42.41868,-6.14406,-0.19083,1.6318,-0.34424,82.01666,-9.050925,-1.647252,0.433484,,,,,,,,,,,,-0.30728,-2.60091,-1.0398,50,6.32059,3.61552,-128.09335,-4.73806,-0.51534,24.12864,-36.53604,HP,GAS,HighPoint,Independent,ATL,20250925-HighPoint-1,c95158f0-9a78-11f0-b2ef-f50b1063f050,86.95237,,,6.10651,,,,,,,140c42c3-e7fe-494f-8443-25f5b0d89000,2025-09-26,01:33:21.45,2025-09-25T21:33:21.4572032-04:00,2025-09-26T01:33:21.4572032Z,,v3,5431,5508,,"Napleton, Luke",813847,Right,HP,33f267f2-cd2d-43dd-ab55-fd43fdeb5146,55.09881,-129.05022,12.06432,6.47976,-3.28914,-18.26802,-1.18358,3.63595,-0.25767,,,,,,,,,,,,,,,,,,,,,,,,,,,,,,,,,,,,,,,,,,,,,,,,,,,High,High,High,,,,,
244,2025-09-25,21:35:40.72,1,1,"Bordner, Sam",663778,Right,GAS,"Aklinski, Ben",679701,Right,HP,Undefined,8,Bottom,0,0,0,FourSeamFastBall,Sinker,FoulBallNotFieldable,Undefined,Undefined,Undefined,0,0,,93.12645,-0.653121,-2.406843,2209.710809,225.296976,1:30,5.90938,1.70668,6.4664,-20.63903,10.6328,9.82808,3.58903,0.31379,85.75744,-4.546992,-0.625039,0.402483,81.08699,9.559546,174.201124,,-109.81453,6.25524,-6.38247,141.12153,41.24335,-174.402946,1.36834,-5.80713,6.01886,-1.54115,50,5.85392,5.30682,-135.44422,-2.17805,-10.86607,27.56667,-20.91181,HP,GAS,HighPoint,Independent,ATL,20250925-HighPoint-1,1c5295a0-9a79-11f0-b2ef-f50b1063f050,93.64965,9.58953,,7.369,,,,2.85147,3.85049,-0.88106,140c42c3-e7fe-494f-8443-25f5b0d89000,2025-09-26,01:35:40.72,2025-09-25T21:35:40.7207936-04:00,2025-09-26T01:35:40.7207936Z,GroundBall,v3,5431,5508,,"McKeithan, Aaron",702463,Right,GAS,d1a6b14b-d091-4047-8eb2-0d7eb849d8b0,54.035,-136.26298,13.78334,5.90939,-1.55694,-10.45591,-1.70357,5.62955,-5.43303,,2.90339,-117.23005,9.0889,,,,,,,3.91875,19.08317,-16.07421,,,,,,,-0.59043,8.94246,-13.71144,,,,,,,,,,,,,,,,,,,,,,,,,,,,,High,High,High,Medium,Low,,,
245,2025-09-25,21:36:01.78,1,2,"Bordner, Sam",663778,Right,GAS,"Aklinski, Ben",679701,Right,HP,Undefined,8,Bottom,0,0,1,FourSeamFastBall,Four-Seam,BallCalled,Undefined,Undefined,Undefined,0,0,,94.73891,-2.809696,-4.560336,2375.156951,214.098418,1:15,5.72008,1.44603,6.89636,-14.80698,15.54729,9.81934,1.91646,-1.89876,85.99536,-5.683326,-2.772557,0.396535,,,,,,,,,,,,-6.55205,9.40327,-1.16071,50,5.53652,10.5501,-137.18731,-7.10682,-12.39131,32.51302,-14.39053,HP,GAS,HighPoint,Independent,ATL,20250925-HighPoint-1,28dedd60-9a79-11f0-b2ef-f50b1063f050,95.05458,,,8.74355,,,,,,,140c42c3-e7fe-494f-8443-25f5b0d89000,2025-09-26,01:36:01.78,2025-09-25T21:36:01.7805312-04:00,2025-09-26T01:36:01.7805312Z,,v3,5431,5508,,"McKeithan, Aaron",702463,Right,GAS,9657f680-1ffd-442b-9f22-e39abfaa3060,53.60113,-138.03813,16.25651,5.71757,-6.73024,-7.19527,-1.44103,10.87436,-6.19566,,,,,,,,,,,,,,,,,,,,,,,,,,,,,,,,,,,,,,,,,,,,,,,,,,,High,High,High,,,,,
246,2025-09-25,21:36:18.31,1,3,"Bordner, Sam",663778,Right,GAS,"Aklinski, Ben",679701,Right,HP,Undefined,8,Bottom,0,1,1,FourSeamFastBall,Four-Seam,StrikeCalled,Undefined,Undefined,Undefined,0,0,,93.37278,-2.132546,-3.862216,2346.736973,209.314871,1:00,5.74718,1.56621,6.70203,-16.72343,14.66568,7.63737,2.39832,-1.33412,84.82498,-5.349825,-2.474908,0.403237,,,,,,,,,,,,-5.15414,8.68142,-1.3118,50,5.59822,8.82821,-135.35203,-5.48832,-9.49457,31.4725,-16.18175,HP,GAS,HighPoint,Independent,ATL,20250925-HighPoint-1,32c05070-9a79-11f0-b2ef-f50b1063f050,93.47458,,,8.5478,,,,,,,140c42c3-e7fe-494f-8443-25f5b0d89000,2025-09-26,01:36:18.31,2025-09-25T21:36:18.3136256-04:00,2025-09-26T01:36:18.3136256Z,,v3,5431,5508,,"McKeithan, Aaron",702463,Right,GAS,c02af35b-3825-4c1e-b1a4-8daa779f64e5,53.79515,-136.23163,15.73625,5.74529,-5.03606,-8.09087,-1.56225,9.09357,-4.74728,,,,,,,,,,,,,,,,,,,,,,,,,,,,,,,,,,,,,,,,,,,,,,,,,,,High,High,High,,,,,
247,2025-09-25,21:36:51.75,1,4,"Bordner, Sam",663778,Right,GAS,"Aklinski, Ben",679701,Right,HP,Undefined,8,Bottom,0,1,2,Cutter,Slider,FoulBallNotFieldable,Undefined,Undefined,Undefined,0,0,,88.11443,-1.094481,-3.443821,2255.616337,140.192189,10:45,5.80137,1.82692,6.23776,-30.98805,4.33697,-2.77496,2.20748,-1.58492,81.52152,-6.826443,-3.943899,0.427772,,,,,,,,,,,,0.56776,2.80874,-1.56859,50,5.70407,7.8071,-127.98492,-3.44878,0.94825,24.70678,-27.48316,HP,GAS,HighPoint,Independent,ATL,20250925-HighPoint-1,46a9f870-9a79-11f0-b2ef-f50b1063f050,88.11332,,,6.59291,,,,,,,140c42c3-e7fe-494f-8443-25f5b0d89000,2025-09-26,01:36:51.75,2025-09-25T21:36:51.7515776-04:00,2025-09-26T01:36:51.7515776Z,,v3,5431,5508,,"McKeithan, Aaron",702463,Right,GAS,eda6ffd3-20f3-4a16-bb13-a1976db22995,54.26406,-128.80544,12.35339,5.80345,-2.53605,-13.74158,-1.82735,7.77561,0.47412,,,,,,,,,,,,,,,,,,,,,,,,,,,,,,,,,,,,,,,,,,,,,,,,,,,High,High,High,,,,,
248,2025-09-25,21:37:13.94,1,5,"Bordner, Sam",663778,Right,GAS,"Aklinski, Ben",679701,Right,HP,Undefined,8,Bottom,0,1,2,Cutter,Slider,InPlay,Undefined,FlyBall,Out,1,0,,88.52928,-0.411723,-1.283991,2227.610008,143.480003,10:45,5.75305,1.7513,6.16684,-30.40651,4.88859,-2.79669,2.83877,0.33204,81.02717,-6.07112,-1.788734,0.427591,98.4713,57.284659,-20.371151,4181.839987,101.47259,161.90217,-42.46541,248.43223,247.39552,-24.901907,6.62243,1.09366,2.95162,-1.65257,50,5.70621,2.99384,-128.67168,-1.91938,1.82833,27.40502,-27.23965,HP,GAS,HighPoint,Independent,ATL,20250925-HighPoint-1,53e237a0-9a79-11f0-b2ef-f50b1063f050,88.15067,175.96848,,7.50211,,,,2.8848,3.16692,-0.29032,140c42c3-e7fe-494f-8443-25f5b0d89000,2025-09-26,01:37:13.94,2025-09-25T21:37:13.9485696-04:00,2025-09-26T01:37:13.9485696Z,FlyBall,v3,5431,5508,,"McKeithan, Aaron",702463,Right,GAS,c428062e-e5b7-4950-86ec-8e4059334179,54.33361,-129.59138,13.70251,5.75528,-1.00522,-13.61983,-1.75201,2.93248,0.91417,175.60755,2.86459,73.45209,-24.79975,8.96036,-2.5476,0.55158,-0.07866,0.00627,-0.00021,3.14493,121.93066,-28.54051,4.72807,-1.77094,0.57677,-0.11413,0.01158,-0.00046,-0.2845,-27.2492,6.90171,-2.41532,0.66655,-0.1396,0.01921,-0.00148,5E-05,,,,,,,,,,,,,,,,,,,,,,,High,High,High,High,Medium,,,
249,2025-09-25,21:37:58.08,2,1,"Bordner, Sam",663778,Right,GAS,"Edwards, Evan",657212,Left,HP,Undefined,8,Bottom,1,0,0,Cutter,Slider,BallCalled,Undefined,Undefined,Undefined,0,0,,87.7579,-1.820448,-3.293772,2081.294615,140.81139,10:45,5.79087,1.55233,6.32558,-31.30088,4.05772,-2.52228,1.50264,-1.69451,81.63137,-7.5988,-3.74944,0.427976,,,,,,,,,,,,0.52295,2.8115,-1.31044,50,5.64251,7.43108,-127.52053,-5.04827,0.87061,23.51066,-27.49341,HP,GAS,HighPoint,Independent,ATL,20250925-HighPoint-1,6e314b50-9a79-11f0-b2ef-f50b1063f050,88.07148,,,6.12653,,,,,,,140c42c3-e7fe-494f-8443-25f5b0d89000,2025-09-26,01:37:58.08,2025-09-25T21:37:58.0879360-04:00,2025-09-26T01:37:58.0879360Z,,v3,5431,5508,,"McKeithan, Aaron",702463,Right,GAS,426aee6e-aa53-4a01-b827-b4b7d6729331,54.17717,-128.28835,11.75533,5.79271,-4.15038,-13.7467,-1.55266,7.40265,0.43531,,,,,,,,,,,,,,,,,,,,,,,,,,,,,,,,,,,,,,,,,,,,,,,,,,,High,High,High,,,,,
250,2025-09-25,21:38:14.21,2,2,"Bordner, Sam",663778,Right,GAS,"Edwards, Evan",657212,Left,HP,Undefined,8,Bottom,1,1,0,FourSeamFastBall,Four-Seam,BallCalled,Undefined,Undefined,Undefined,0,0,,93.8999,-2.777892,-3.954112,2215.812232,221.925635,1:30,5.62949,1.77639,6.75092,-18.9495,11.6367,9.63579,1.50472,-1.03844,86.56533,-6.366125,-2.201406,0.398047,,,,,,,,,,,,-6.09237,7.15713,-1.51987,50,5.43926,9.03776,-136.23654,-7.16563,-11.53734,27.79685,-18.62032,HP,GAS,HighPoint,Independent,ATL,20250925-HighPoint-1,77d47ce0-9a79-11f0-b2ef-f50b1063f050,94.69352,,,7.33457,,,,,,,140c42c3-e7fe-494f-8443-25f5b0d89000,2025-09-26,01:38:14.21,2025-09-25T21:38:14.2122496-04:00,2025-09-26T01:38:14.2122496Z,,v3,5431,5508,,"McKeithan, Aaron",702463,Right,GAS,bcca7435-7fa7-41d8-8602-d3d853ebf56a,53.74879,-136.99928,13.89843,5.62887,-6.65469,-9.31016,-1.77221,9.35434,-5.76867,,,,,,,,,,,,,,,,,,,,,,,,,,,,,,,,,,,,,,,,,,,,,,,,,,,High,High,High,,,,,
251,2025-09-25,21:38:31.50,2,3,"Bordner, Sam",663778,Right,GAS,"Edwards, Evan",657212,Left,HP,Undefined,8,Bottom,1,2,0,FourSeamFastBall,Four-Seam,InPlay,Undefined,LineDrive,Single,0,0,,94.62292,-2.037169,-2.337083,2281.930137,214.025045,1:15,5.66096,1.68629,6.70587,-16.63473,13.61926,8.55237,2.40985,0.26104,86.59625,-5.221682,-0.77939,0.395879,108.47802,7.110824,-24.001288,1801.266211,98.08321,5.62928,-49.79435,153.63378,153.63378,-28.131196,1.12589,-5.17059,8.05382,-1.53416,50,5.51882,5.27203,-137.4885,-5.35047,-9.8967,30.49608,-16.75873,HP,GAS,HighPoint,Independent,ATL,20250925-HighPoint-1,82168680-9a79-11f0-b2ef-f50b1063f050,95.21198,7.03796,,8.02667,,,,0.86357,2.38023,-0.22586,140c42c3-e7fe-494f-8443-25f5b0d89000,2025-09-26,01:38:31.50,2025-09-25T21:38:31.5009024-04:00,2025-09-26T01:38:31.5009024Z,LineDrive,v3,5431,5508,,"McKeithan, Aaron",702463,Right,GAS,dc3b9644-3aa2-4800-afb0-0874ac75e9a5,53.79367,-138.3274,15.24804,5.65966,-4.88946,-8.37937,-1.68293,5.54428,-4.94835,79.638403,1.08938,141.45357,-19.7731,,,,,,,2.51138,18.08485,-18.13573,,,,,,,-0.16181,-65.02664,0.69766,,,,,,,,,,,,,,,,,,,,,,,,,,,,,High,High,High,High,High,,,
252,2025-09-25,21:39:18.10,3,1,"Bordner, Sam",663778,Right,GAS,"Dickerson, Alex",543105,Left,HP,Undefined,8,Bottom,1,0,0,Cutter,Slider,FoulBallNotFieldable,Undefined,Undefined,Undefined,0,0,,86.03675,-1.522303,-1.939834,2126.761706,161.255533,11:30,5.70295,1.74299,6.41116,-30.52265,6.12008,-1.72878,1.75862,-0.18529,79.81586,-7.192802,-2.253275,0.435678,,,,,,,,,,,,0.4302,3.8528,-1.60344,50,5.57975,4.30033,-125.16608,-4.24765,0.68857,23.15648,-26.0075,HP,GAS,HighPoint,Independent,ATL,20250925-HighPoint-1,9de73120-9a79-11f0-b2ef-f50b1063f050,86.5145,,,6.22089,,,,,,,140c42c3-e7fe-494f-8443-25f5b0d89000,2025-09-26,01:39:18.10,2025-09-25T21:39:18.1011456-04:00,2025-09-26T01:39:18.1011456Z,,v3,5431,5508,,"McKeithan, Aaron",702463,Right,GAS,58b32f70-bf37-487a-b8be-60e659adb9c9,54.0915,-125.92075,11.57824,5.70437,-3.40006,-13.00375,-1.74323,4.27789,0.34428,,,,,,,,,,,,,,,,,,,,,,,,,,,,,,,,,,,,,,,,,,,,,,,,,,,High,High,High,,,,,
253,2025-09-25,21:40:09.58,3,2,"Bordner, Sam",663778,Right,GAS,"Dickerson, Alex",543105,Left,HP,Undefined,8,Bottom,1,0,1,FourSeamFastBall,Four-Seam,BallCalled,Undefined,Undefined,Undefined,0,0,,92.42555,-0.675719,-2.221021,2156.799296,219.63007,1:15,5.73809,1.66424,6.60723,-18.21694,13.43268,10.34316,3.60056,0.49068,84.86702,-4.148517,-0.340704,0.404908,,,,,,,,,,,,-5.99579,7.53237,-1.51667,50,5.68421,4.7984,-134.40011,-2.09515,-11.02463,27.69348,-18.32405,HP,GAS,HighPoint,Independent,ATL,20250925-HighPoint-1,bc9dbda0-9a79-11f0-b2ef-f50b1063f050,93.089,,,7.55853,,,,,,,140c42c3-e7fe-494f-8443-25f5b0d89000,2025-09-26,01:40:09.58,2025-09-25T21:40:09.5853056-04:00,2025-09-26T01:40:09.5853056Z,,v3,5431,5508,,"McKeithan, Aaron",702463,Right,GAS,d15af43a-8c51-46e4-8279-02b27ce02a51,53.89181,-135.19964,13.84674,5.73706,-1.56612,-9.16202,-1.6598,5.11669,-5.51231,,,,,,,,,,,,,,,,,,,,,,,,,,,,,,,,,,,,,,,,,,,,,,,,,,,High,High,High,,,,,
254,2025-09-25,21:40:35.12,3,3,"Bordner, Sam",663778,Right,GAS,"Dickerson, Alex",543105,Left,HP,Undefined,8,Bottom,1,1,1,FourSeamFastBall,Four-Seam,BallCalled,Undefined,Undefined,Undefined,0,0,,90.61925,-0.103269,-1.823122,2149.870342,212.209935,1:00,5.69947,1.62093,6.92026,-19.42871,13.09595,7.6417,3.98633,0.59715,83.17896,-3.825176,-0.425311,0.410467,,,,,,,,,,,,-4.52189,7.29571,-1.50879,50,5.6858,3.90937,-131.85711,-0.73798,-7.9973,26.83866,-19.27101,HP,GAS,HighPoint,Independent,ATL,20250925-HighPoint-1,cbd8f8c0-9a79-11f0-b2ef-f50b1063f050,91.82828,,,7.44029,,,,,,,140c42c3-e7fe-494f-8443-25f5b0d89000,2025-09-26,01:40:35.12,2025-09-25T21:40:35.1220736-04:00,2025-09-26T01:40:35.1220736Z,,v3,5431,5508,,"McKeithan, Aaron",702463,Right,GAS,7b9bc114-f82d-4129-bf5b-29de1d8afb69,53.57824,-132.58343,13.41933,5.69872,-0.21646,-9.63551,-1.61752,4.1258,-3.99865,,,,,,,,,,,,,,,,,,,,,,,,,,,,,,,,,,,,,,,,,,,,,,,,,,,High,High,High,,,,,
255,2025-09-25,21:40:59.41,3,4,"Bordner, Sam",663778,Right,GAS,"Dickerson, Alex",543105,Left,HP,Undefined,8,Bottom,1,2,1,Cutter,Slider,FoulBallNotFieldable,Undefined,Undefined,Undefined,0,0,,86.48234,-1.669993,-2.620495,2165.866439,174.825745,11:45,5.71984,1.71934,6.57013,-29.72269,6.14721,-0.47173,1.71011,-0.72373,80.69305,-7.193832,-2.706202,0.431059,,,,,,,,,,,,-0.36205,3.88047,-1.53895,50,5.592,5.77561,-125.83893,-4.54585,-0.58947,21.86257,-25.85619,HP,GAS,HighPoint,Independent,ATL,20250925-HighPoint-1,da45e760-9a79-11f0-b2ef-f50b1063f050,87.44149,,,5.78929,,,,,,,140c42c3-e7fe-494f-8443-25f5b0d89000,2025-09-26,01:40:59.41,2025-09-25T21:40:59.4170880-04:00,2025-09-26T01:40:59.4170880Z,,v3,5431,5508,,"McKeithan, Aaron",702463,Right,GAS,d057f8d4-a46d-4378-bb30-0bc3f8f459b3,53.933,-126.52038,10.93129,5.72113,-3.73992,-12.9281,-1.71926,5.79399,-0.29474,,,,,,,,,,,,,,,,,,,,,,,,,,,,,,,,,,,,,,,,,,,,,,,,,,,High,High,High,,,,,
256,2025-09-25,21:41:30.11,3,5,"Bordner, Sam",663778,Right,GAS,"Dickerson, Alex",543105,Left,HP,Undefined,8,Bottom,1,2,2,FourSeamFastBall,Four-Seam,FoulBallNotFieldable,Undefined,Undefined,Undefined,0,0,,94.01851,-1.235077,-2.134671,2314.68086,209.953841,1:00,5.64061,1.83299,6.57802,-17.51473,13.53812,7.19036,3.04812,0.47482,85.21834,-4.59731,-0.828193,0.401072,,,,,,,,,,,,-4.38725,7.78697,-1.68903,50,5.54824,4.78524,-136.49893,-3.43095,-8.20245,32.58231,-17.61539,HP,GAS,HighPoint,Independent,ATL,20250925-HighPoint-1,ec96ee00-9a79-11f0-b2ef-f50b1063f050,93.97931,,,8.80018,,,,,,,140c42c3-e7fe-494f-8443-25f5b0d89000,2025-09-26,01:41:30.11,2025-09-25T21:41:30.1137920-04:00,2025-09-26T01:41:30.1137920Z,,v3,5431,5508,,"McKeithan, Aaron",702463,Right,GAS,e57bf7d0-7061-4c76-99d4-5d117d3bdec0,53.91824,-137.43103,16.29116,5.63918,-2.92702,-8.80769,-1.82928,5.01989,-4.10122,,,,,,,,,,,,,,,,,,,,,,,,,,,,,,,,,,,,,,,,,,,,,,,,,,,High,High,High,,,,,
257,2025-09-25,21:41:59.79,3,6,"Bordner, Sam",663778,Right,GAS,"Dickerson, Alex",543105,Left,HP,Undefined,8,Bottom,1,2,2,Cutter,Slider,StrikeSwinging,Strikeout,Undefined,Undefined,0,0,,86.90479,-0.229795,-1.264859,2199.865116,131.701754,10:30,5.96747,1.61396,6.03991,-31.62958,4.61441,-4.09429,3.11885,0.10144,80.75646,-6.067867,-2.001981,0.433301,,,,,,,,,,,,1.81,2.74957,-1.51316,50,5.93236,2.9549,-126.4598,-1.56329,2.97348,22.29184,-27.65708,HP,GAS,HighPoint,Independent,ATL,20250925-HighPoint-1,fe4e25a0-9a79-11f0-b2ef-f50b1063f050,86.98912,,,6.14833,,,,,,,140c42c3-e7fe-494f-8443-25f5b0d89000,2025-09-26,01:41:59.79,2025-09-25T21:41:59.7982208-04:00,2025-09-26T01:41:59.7982208Z,,v3,5431,5508,,"McKeithan, Aaron",702463,Right,GAS,b86fa352-2284-49f8-b2c6-b5c6c093bf51,54.4608,-127.24371,11.14592,5.97024,-0.59072,-13.82854,-1.61523,2.85033,1.48674,,,,,,,,,,,,,,,,,,,,,,,,,,,,,,,,,,,,,,,,,,,,,,,,,,,High,High,High,,,,,
258,2025-09-25,21:42:33.04,4,1,"Bordner, Sam",663778,Right,GAS,"Napleton, Luke",813847,Right,HP,Undefined,8,Bottom,2,0,0,Cutter,Slider,StrikeCalled,Undefined,Undefined,Undefined,0,0,,87.62023,-0.981951,-2.113281,2214.788223,154.963449,11:15,5.78413,1.73718,6.28769,-29.89895,5.33114,-2.06921,2.3869,-0.3837,81.77831,-6.513703,-2.487357,0.427197,,,,,,,,,,,,0.59921,3.2961,-1.58052,50,5.69719,4.78458,-127.51358,-3.14533,1.0045,21.75032,-26.64846,HP,GAS,HighPoint,Independent,ATL,20250925-HighPoint-1,121e2b20-9a7a-11f0-b2ef-f50b1063f050,88.23195,,,5.84192,,,,,,,140c42c3-e7fe-494f-8443-25f5b0d89000,2025-09-26,01:42:33.04,2025-09-25T21:42:33.0462208-04:00,2025-09-26T01:42:33.0462208Z,,v3,5431,5508,,"McKeithan, Aaron",702463,Right,GAS,486070a7-c6f0-429b-acf7-416725d2d1c6,54.21351,-128.23028,10.87516,5.78636,-2.26723,-13.32423,-1.73763,4.75148,0.50225,,,,,,,,,,,,,,,,,,,,,,,,,,,,,,,,,,,,,,,,,,,,,,,,,,,High,High,High,,,,,
259,2025-09-25,21:42:52.69,4,2,"Bordner, Sam",663778,Right,GAS,"Napleton, Luke",813847,Right,HP,Undefined,8,Bottom,2,0,1,Curveball,Curveball,BallCalled,Undefined,Undefined,Undefined,0,0,,78.92395,-0.349807,-0.224726,2684.164342,52.320769,7:45,5.85766,1.55526,5.98461,-53.73527,-9.2304,-13.64339,1.05549,0.21001,73.22487,-10.15675,-2.687061,0.480148,,,,,,,,,,,,6.94142,-4.2052,-1.5302,50,5.80071,0.95225,-114.82579,-2.43552,9.27628,21.07441,-37.79375,HP,GAS,HighPoint,Independent,ATL,20250925-HighPoint-1,1ddf0c90-9a7a-11f0-b2ef-f50b1063f050,78.50167,,,5.69908,,,,,,,140c42c3-e7fe-494f-8443-25f5b0d89000,2025-09-26,01:42:52.69,2025-09-25T21:42:52.6990336-04:00,2025-09-26T01:42:52.6990336Z,,v3,5431,5508,,"McKeithan, Aaron",702463,Right,GAS,09218e79-a989-4531-83a3-e34b76c62882,54.51866,-115.65214,10.53721,5.86716,-0.95358,-18.89687,-1.5604,0.58852,4.63814,,,,,,,,,,,,,,,,,,,,,,,,,,,,,,,,,,,,,,,,,,,,,,,,,,,High,High,High,,,,,
260,2025-09-25,21:43:15.67,4,3,"Bordner, Sam",663778,Right,GAS,"Napleton, Luke",813847,Right,HP,Undefined,8,Bottom,2,1,1,TwoSeamFastBall,Sinker,StrikeCalled,Undefined,Undefined,Undefined,0,0,,93.08252,-1.775635,-3.609255,2271.747468,230.330577,1:45,5.65212,1.67217,6.6607,-21.80021,9.45886,10.26375,2.20686,-0.77962,85.54599,-5.889716,-1.744107,0.402401,,,,,,,,,,,,-6.34221,5.75878,-1.43308,50,5.52378,8.1154,-135.1452,-4.85034,-11.78219,28.21456,-21.47566,HP,GAS,HighPoint,Independent,ATL,20250925-HighPoint-1,2b86d670-9a7a-11f0-b2ef-f50b1063f050,93.66877,,,7.53654,,,,,,,140c42c3-e7fe-494f-8443-25f5b0d89000,2025-09-26,01:43:15.67,2025-09-25T21:43:15.6734464-04:00,2025-09-26T01:43:15.6734464Z,,v3,5431,5508,,"McKeithan, Aaron",702463,Right,GAS,7a1742ee-0aea-4b05-920d-5a76faf64807,53.83863,-135.94424,14.10728,5.65253,-4.24215,-10.73783,-1.66764,8.44907,-5.89109,,,,,,,,,,,,,,,,,,,,,,,,,,,,,,,,,,,,,,,,,,,,,,,,,,,High,High,High,,,,,
261,2025-09-25,21:43:40.74,4,4,"Bordner, Sam",663778,Right,GAS,"Napleton, Luke",813847,Right,HP,Undefined,8,Bottom,2,1,2,Curveball,Curveball,HitByPitch,Undefined,Undefined,Undefined,0,0,,75.47144,2.226305,2.459679,2405.029967,60.160224,8:00,6.03733,1.67835,5.80475,-56.16117,-6.8604,-14.65044,3.43068,2.74641,69.24679,-8.065354,-0.165962,0.505357,,,,,,,,,,,,8.21981,-3.74709,-1.87125,50,6.18631,-4.18513,-109.55806,2.51615,9.97217,19.68857,-36.71997,HP,GAS,HighPoint,Independent,ATL,20250925-HighPoint-1,3a7ddca0-9a7a-11f0-b2ef-f50b1063f050,74.58578,,,6.22465,,,,,,,140c42c3-e7fe-494f-8443-25f5b0d89000,2025-09-26,01:43:40.74,2025-09-25T21:43:40.7493632-04:00,2025-09-26T01:43:40.7493632Z,,v3,5431,5508,,"McKeithan, Aaron",702463,Right,GAS,1e4570fd-dbe6-434b-9112-0ddab9c2af0a,54.69839,-110.39918,9.84429,6.04531,4.08486,-18.35999,-1.68336,-4.61115,4.98608,,,,,,,,,,,,,,,,,,,,,,,,,,,,,,,,,,,,,,,,,,,,,,,,,,,High,High,High,,,,,
262,2025-09-25,21:44:34.34,5,1,"Bordner, Sam",663778,Right,GAS,"Brewer, Aidan",1000132240,Right,HP,Undefined,8,Bottom,2,0,0,Cutter,Slider,BallCalled,Undefined,Undefined,Undefined,0,0,,88.27287,-2.407048,-2.758883,2306.921214,133.291975,10:30,5.81321,1.80156,6.50663,-31.77762,3.09799,-2.22028,0.95212,-0.91742,81.79306,-8.291544,-3.161985,0.425042,,,,,,,,,,,,0.44567,2.58441,-1.6079,50,5.63121,6.26292,-128.22155,-6.39373,0.74661,24.9604,-27.84466,HP,GAS,HighPoint,Independent,ATL,20250925-HighPoint-1,5a68a360-9a7a-11f0-b2ef-f50b1063f050,88.67923,,,6.47981,,,,,,,140c42c3-e7fe-494f-8443-25f5b0d89000,2025-09-26,01:44:34.34,2025-09-25T21:44:34.3421440-04:00,2025-09-26T01:44:34.3421440Z,,v3,5431,5508,,"McKeithan, Aaron",702463,Right,GAS,38c37805-1f83-419b-a3c7-e0f003d4b34f,53.99352,-128.99661,12.4802,5.81633,-5.52911,-13.92233,-1.80201,6.23974,0.3733,,,,,,,,,,,,,,,,,,,,,,,,,,,,,,,,,,,,,,,,,,,,,,,,,,,High,High,High,,,,,
263,2025-09-25,21:44:55.79,5,2,"Bordner, Sam",663778,Right,GAS,"Brewer, Aidan",1000132240,Right,HP,Undefined,8,Bottom,2,1,0,Cutter,Slider,StrikeSwinging,Undefined,Undefined,Undefined,0,0,,87.0276,-0.882773,-0.969797,2275.420569,110.949425,9:45,5.72251,1.8149,6.2407,-33.34096,2.92921,-4.79689,2.12965,0.52053,80.13008,-7.064382,-1.837418,0.433457,,,,,,,,,,,,2.21555,2.12634,-1.74048,50,5.64055,2.33177,-126.53111,-3.03897,3.60005,25.26389,-28.71894,HP,GAS,HighPoint,Independent,ATL,20250925-HighPoint-1,6739bc50-9a7a-11f0-b2ef-f50b1063f050,86.95768,,,6.89752,,,,,,,140c42c3-e7fe-494f-8443-25f5b0d89000,2025-09-26,01:44:55.79,2025-09-25T21:44:55.7913600-04:00,2025-09-26T01:44:55.7913600Z,,v3,5431,5508,,"McKeithan, Aaron",702463,Right,GAS,ad39d4d9-bc97-43ca-a92e-c49bc72cf2c8,54.25844,-127.37853,12.63195,5.72633,-2.07565,-14.35947,-1.81667,2.21101,1.80002,,,,,,,,,,,,,,,,,,,,,,,,,,,,,,,,,,,,,,,,,,,,,,,,,,,High,High,High,,,,,
264,2025-09-25,21:45:19.01,5,3,"Bordner, Sam",663778,Right,GAS,"Brewer, Aidan",1000132240,Right,HP,Undefined,8,Bottom,2,1,1,FourSeamFastBall,Four-Seam,BallCalled,Undefined,Undefined,Undefined,0,0,,93.64988,-3.018081,-3.569134,2296.736809,219.130954,1:15,5.67573,1.6446,6.76963,-17.81316,13.10142,9.85977,1.42736,-0.7972,85.78841,-6.414542,-1.773788,0.400178,,,,,,,,,,,,-6.16926,8.0654,-1.41451,50,5.47119,8.07918,-135.82028,-7.65921,-11.53219,29.54744,-17.09736,HP,GAS,HighPoint,Independent,ATL,20250925-HighPoint-1,75033f00-9a7a-11f0-b2ef-f50b1063f050,94.18922,,,7.86147,,,,,,,140c42c3-e7fe-494f-8443-25f5b0d89000,2025-09-26,01:45:19.01,2025-09-25T21:45:19.0127616-04:00,2025-09-26T01:45:19.0127616Z,,v3,5431,5508,,"McKeithan, Aaron",702463,Right,GAS,636cd0aa-ea9c-40ab-966c-5b2a43a394f7,53.72885,-136.62908,14.77372,5.67444,-7.19121,-8.54868,-1.63999,8.39485,-5.7661,,,,,,,,,,,,,,,,,,,,,,,,,,,,,,,,,,,,,,,,,,,,,,,,,,,High,High,High,,,,,
265,2025-09-25,21:45:42.68,5,4,"Bordner, Sam",663778,Right,GAS,"Brewer, Aidan",1000132240,Right,HP,Undefined,8,Bottom,2,2,1,Cutter,Slider,StrikeSwinging,Undefined,Undefined,Undefined,0,0,,88.42517,-2.105996,-2.106121,2291.165349,192.195032,12:30,5.74057,1.81513,6.39484,-30.80793,3.93599,0.64024,1.23415,-0.06942,82.08269,-7.80959,-1.990034,0.424239,,,,,,,,,,,,-0.85886,2.91083,-1.66417,50,5.57522,4.70242,-128.54276,-5.71723,-1.45143,24.1347,-27.2548,HP,GAS,HighPoint,Independent,ATL,20250925-HighPoint-1,832960a0-9a7a-11f0-b2ef-f50b1063f050,88.84714,,,6.34248,,,,,,,140c42c3-e7fe-494f-8443-25f5b0d89000,2025-09-26,01:45:42.68,2025-09-25T21:45:42.6855424-04:00,2025-09-26T01:45:42.6855424Z,,v3,5431,5508,,"McKeithan, Aaron",702463,Right,GAS,6d32a2ed-a53b-4c63-973b-8c9694336403,54.10528,-129.31125,12.06735,5.74345,-4.84939,-13.6274,-1.81464,4.74864,-0.72572,,,,,,,,,,,,,,,,,,,,,,,,,,,,,,,,,,,,,,,,,,,,,,,,,,,High,High,High,,,,,
266,2025-09-25,21:46:28.52,5,5,"Bordner, Sam",663778,Right,GAS,"Brewer, Aidan",1000132240,Right,HP,Undefined,8,Bottom,2,2,2,FourSeamFastBall,Four-Seam,StrikeSwinging,Strikeout,Undefined,Undefined,0,0,,94.08485,-1.54383,-3.044547,2342.139162,216.907739,1:15,5.75244,1.64511,6.77293,-17.87454,12.57237,8.74595,2.85088,-0.40869,86.32491,-4.9556,-1.451101,0.397139,,,,,,,,,,,,-5.41862,7.35284,-1.44923,50,5.64455,6.92268,-136.69796,-4.18206,-10.29045,29.10408,-18.21033,HP,GAS,HighPoint,Independent,ATL,20250925-HighPoint-1,9e776dc0-9a7a-11f0-b2ef-f50b1063f050,94.90985,,,7.75994,,,,,,,140c42c3-e7fe-494f-8443-25f5b0d89000,2025-09-26,01:46:28.52,2025-09-25T21:46:28.5210000-04:00,2025-09-26T01:46:28.5210000Z,,v3,5431,5508,,"McKeithan, Aaron",702463,Right,GAS,fa41b373-076b-4651-9feb-9c055556dd86,53.72594,-137.48896,14.55204,5.75149,-3.68714,-9.10516,-1.64117,7.20235,-5.14523,,,,,,,,,,,,,,,,,,,,,,,,,,,,,54.80532,,,1.270361,,,,-1.60351,5.78693,-0.56997,60.05792,5.55372,-64.87422,-1.58992,51.77482,-2.57088,5.84787,19.83616,-15.87627,-0.62443,-57.16096,5.24671,High,High,High,,,High,Medium,Medium
267,2025-09-25,21:49:05.55,1,1,"McGrane, Jameson",682494,Right,HP,"Aldrete, Carter",666177,Right,GAS,Undefined,9,Top,0,0,0,FourSeamFastBall,Four-Seam,StrikeSwinging,Undefined,Undefined,Undefined,0,0,,92.85268,-1.06277,-4.057494,2094.118966,215.770615,1:15,5.91807,2.56512,6.21434,-14.54804,17.86981,12.05855,3.72236,-0.18078,83.9051,-3.881509,-1.888144,0.409792,,,,,,,,,,,,-7.41835,9.87284,-2.26608,50,5.83069,9.01214,-134.48781,-2.87871,-13.46038,31.69768,-14.26009,HP,GAS,HighPoint,Independent,ATL,20250925-HighPoint-1,fc0ec780-9a7a-11f0-b2ef-f50b1063f050,91.97938,,,8.94758,,,,,,,140c42c3-e7fe-494f-8443-25f5b0d89000,2025-09-26,01:49:05.55,2025-09-25T21:49:05.5588864-04:00,2025-09-26T01:49:05.5588864Z,,v3,5431,5508,,"Napleton, Luke",813847,Right,HP,1d7bf29b-2f77-4e8c-a1fc-c45261a6c235,54.28201,-135.49329,15.84884,5.91483,-2.42637,-7.13005,-2.55872,9.43911,-6.73019,,,,,,,,,,,,,,,,,,,,,,,,,,,,,,,,,,,,,,,,,,,,,,,,,,,High,High,High,,,,,
268,2025-09-25,21:49:22.34,1,2,"McGrane, Jameson",682494,Right,HP,"Aldrete, Carter",666177,Right,GAS,Undefined,9,Top,0,0,1,FourSeamFastBall,Four-Seam,FoulBallNotFieldable,Undefined,Undefined,Undefined,0,0,,93.03313,-2.044909,-4.321955,2165.202879,218.00298,1:15,5.92414,2.57693,6.57084,-14.25072,17.4467,12.80946,2.85599,-0.32482,84.65869,-4.808628,-2.002728,0.405213,,,,,,,,,,,,-7.97146,10.06619,-2.28437,50,5.77684,9.67539,-134.83759,-5.18079,-14.62214,30.3187,-13.70955,HP,GAS,HighPoint,Independent,ATL,20250925-HighPoint-1,0611cc50-9a7b-11f0-b2ef-f50b1063f050,93.01884,,,8.37443,,,,,,,140c42c3-e7fe-494f-8443-25f5b0d89000,2025-09-26,01:49:22.34,2025-09-25T21:49:22.3486464-04:00,2025-09-26T01:49:22.3486464Z,,v3,5431,5508,,"Napleton, Luke",813847,Right,HP,19a74316-74e2-4bdd-b1f5-79c466cd34aa,53.92833,-135.71802,15.15935,5.92151,-4.78268,-6.85478,-2.5715,10.1,-7.31107,,,,,,,,,,,,,,,,,,,,,,,,,,,,,,,,,,,,,,,,,,,,,,,,,,,High,High,High,,,,,
269,2025-09-25,21:49:42.91,1,3,"McGrane, Jameson",682494,Right,HP,"Aldrete, Carter",666177,Right,GAS,Undefined,9,Top,0,0,2,FourSeamFastBall,Four-Seam,InPlay,Undefined,LineDrive,Single,0,0,,93.76503,-1.974692,-3.918404,2267.499782,216.98256,1:15,5.86983,2.46828,6.47503,-14.42143,16.58686,11.78434,2.8497,-0.15363,86.10229,-4.74362,-1.786965,0.400784,101.13133,9.417193,9.268069,1322.73375,107.85033,12.81767,21.64033,215.93466,215.93466,13.384853,1.85031,-7.21764,9.50245,-2.19711,50,5.72385,8.84745,-136.0753,-5.08983,-13.61175,28.23287,-14.25339,HP,GAS,HighPoint,Independent,ATL,20250925-HighPoint-1,12474180-9a7b-11f0-b2ef-f50b1063f050,94.0468,12.81055,,7.66274,,,,0.5354,2.76415,0.15605,140c42c3-e7fe-494f-8443-25f5b0d89000,2025-09-26,01:49:42.91,2025-09-25T21:49:42.9100032-04:00,2025-09-26T01:49:42.9100032Z,LineDrive,v3,5431,5508,,"Napleton, Luke",813847,Right,HP,71442c43-418e-443e-987d-6c6a302a5162,54.02569,-136.908,14.11643,5.86777,-4.66944,-7.1267,-2.46397,9.24892,-6.80587,237.165621,0.5354,144.41652,-22.80474,4.5308,-0.98702,0.20852,-0.04158,0.00645,-0.00052,2.76415,24.26935,-15.3943,1.01288,-0.16648,0.03337,-0.00495,0.00072,-7E-05,0.15605,23.56649,3.29366,-1.25942,0.37219,-0.09512,0.02094,-0.00338,0.00028,,,,,,,,,,,,,,,,,,,,,,,High,High,High,High,High,,,
270,2025-09-25,21:50:23.35,2,1,"McGrane, Jameson",682494,Right,HP,"Guthrie, Dalton",656495,Right,GAS,Undefined,9,Top,0,0,0,FourSeamFastBall,Four-Seam,StrikeCalled,Undefined,Undefined,Undefined,0,0,,92.45214,-2.437429,-4.06217,1981.342966,214.516469,1:15,5.98745,2.32004,6.63707,-16.92773,14.95083,9.58634,2.33841,-0.60619,84.62544,-5.674971,-2.32332,0.406369,,,,,,,,,,,,-6.14398,8.8467,-2.04859,50,5.81505,9.13857,-134.0511,-6.17199,-11.19242,28.66846,-16.05811,HP,GAS,HighPoint,Independent,ATL,20250925-HighPoint-1,2a6ff2c0-9a7b-11f0-b2ef-f50b1063f050,92.75419,,,7.82671,,,,,,,140c42c3-e7fe-494f-8443-25f5b0d89000,2025-09-26,01:50:23.35,2025-09-25T21:50:23.3573376-04:00,2025-09-26T01:50:23.3573376Z,,v3,5431,5508,,"Napleton, Luke",813847,Right,HP,aeaca668-6499-403d-8369-67db11288caa,53.8617,-134.87444,14.33423,5.98568,-5.71082,-8.02906,-2.31566,9.46001,-5.59621,,,,,,,,,,,,,,,,,,,,,,,,,,,,,,,,,,,,,,,,,,,,,,,,,,,High,High,High,,,,,
271,2025-09-25,21:50:38.30,2,2,"McGrane, Jameson",682494,Right,HP,"Guthrie, Dalton",656495,Right,GAS,Undefined,9,Top,0,0,1,Slider,Curveball,StrikeCalled,Undefined,Undefined,Undefined,0,0,,79.87673,1.370212,-0.835651,1819.51655,53.292785,7:45,5.72699,2.55063,6.17144,-52.93727,-9.08851,-14.20583,2.58147,0.59493,72.6486,-8.403454,-3.402312,0.476596,,,,,,,,,,,,7.03662,-4.62701,-2.48062,50,5.80466,2.22307,-116.01054,1.0871,9.44129,24.83361,-38.38229,HP,GAS,HighPoint,Independent,ATL,20250925-HighPoint-1,3361aea0-9a7b-11f0-b2ef-f50b1063f050,79.08683,,,7.22813,,,,,,,140c42c3-e7fe-494f-8443-25f5b0d89000,2025-09-26,01:50:38.30,2025-09-25T21:50:38.3044608-04:00,2025-09-26T01:50:38.3044608Z,,v3,5431,5508,,"Napleton, Luke",813847,Right,HP,ec9ed006-08af-4284-ad4c-7db91f637886,54.3292,-116.93359,12.4168,5.73773,2.51375,-19.19115,-2.55673,1.87215,4.72065,,,,,,,,,,,,,,,,,,,,,,,,,,,,,,,,,,,,,,,,,,,,,,,,,,,High,High,High,,,,,
272,2025-09-25,21:50:54.36,2,3,"McGrane, Jameson",682494,Right,HP,"Guthrie, Dalton",656495,Right,GAS,Undefined,9,Top,0,0,2,FourSeamFastBall,Sinker,InPlay,Undefined,GroundBall,Out,1,0,,93.31964,-0.490103,-3.050197,2004.539124,224.923901,1:30,5.92797,2.5174,6.39491,-17.23871,14.1756,13.17398,4.04001,0.80727,85.38511,-3.777738,-0.66731,0.403399,46.31529,34.300743,18.546084,3033.826199,,,,117.43117,117.27566,24.07433,2.510489,-7.72819,7.83229,-2.30414,50,5.88465,6.68844,-135.57311,-1.66208,-14.41565,29.0191,-17.56425,HP,GAS,HighPoint,Independent,ATL,20250925-HighPoint-1,3ce57150-9a7b-11f0-b2ef-f50b1063f050,93.43702,25.57545,,7.93452,,,,1.1574,4.02154,-0.80642,140c42c3-e7fe-494f-8443-25f5b0d89000,2025-09-26,01:50:54.36,2025-09-25T21:50:54.3652864-04:00,2025-09-26T01:50:54.3652864Z,LineDrive,v3,5431,5508,,"Napleton, Luke",813847,Right,HP,dda02168-f566-4ab7-b796-688a04e81094,54.10548,-136.44905,14.50955,5.92682,-1.1319,-8.78213,-2.5126,7.12357,-7.20783,233.311096,1.15758,53.19161,-6.63705,1.25011,0.08314,-0.27769,0.11151,-0.01531,0.00042,4.02146,38.28398,-18.14135,1.20797,-0.24401,0.04463,0.01925,-0.01012,0.00119,-0.80642,17.84853,1.51663,-0.78873,0.25942,-0.05635,0.01365,-0.00175,-0.00011,,,,,,,,,,,,,,,,,,,,,,,High,High,High,High,High,,,
273,2025-09-25,21:51:44.19,3,1,"McGrane, Jameson",682494,Right,HP,"Scantlin, Nate",676715,Left,GAS,Undefined,9,Top,1,0,0,FourSeamFastBall,Sinker,FoulBallNotFieldable,Undefined,Undefined,Undefined,0,0,,92.3171,-2.121444,-3.922142,1967.270007,225.60577,1:30,5.97271,2.53425,6.5836,-17.01564,14.94568,14.24205,2.60516,0.12115,84.56334,-5.374781,-1.339772,0.406896,87.54575,59.688469,-53.015033,4535.46409,,,,,31.2448,,,-8.58063,8.74737,-2.27088,50,5.81965,8.62816,-133.95036,-5.43749,-15.62399,28.34311,-16.24641,HP,GAS,HighPoint,Independent,ATL,20250925-HighPoint-1,5a9e3ce0-9a7b-11f0-b2ef-f50b1063f050,92.63398,52.87216,,7.75376,,,,1.37534,2.80948,0.28023,140c42c3-e7fe-494f-8443-25f5b0d89000,2025-09-26,01:51:44.19,2025-09-25T21:51:44.1984512-04:00,2025-09-26T01:51:44.1984512Z,,v3,5431,5508,,"Napleton, Luke",813847,Right,HP,a954011a-bf0c-4743-b0d1-0edffdd7db7c,53.91703,-134.77663,14.17156,5.97126,-4.96386,-8.12321,-2.52905,9.08364,-7.812,,1.37534,38.9863,-10.81295,2.79168,-0.69864,0.18906,-0.05353,0.01514,-0.00312,2.80948,110.84715,-35.05016,6.23617,-1.61793,0.43564,-0.12843,0.04035,-0.00964,0.28023,-51.76482,11.86908,-3.13283,0.79106,-0.21511,0.06407,-0.02139,0.00552,,,,,,,,,,,,,,,,,,,,,,,High,High,High,High,Undefined,,,
274,2025-09-25,21:52:09.75,3,2,"McGrane, Jameson",682494,Right,HP,"Scantlin, Nate",676715,Left,GAS,Undefined,9,Top,1,0,1,Splitter,Splitter,FoulBallNotFieldable,Undefined,Undefined,Undefined,0,0,,87.03757,-0.74652,-2.754944,935.846187,203.34038,12:45,5.72084,2.73058,6.58428,-29.36242,6.51906,2.33866,2.58903,0.39888,79.92939,-6.251786,-2.330129,0.431128,,,,,,,,,,,,-1.9841,3.9815,-2.54269,50,5.65748,5.99831,-126.47191,-2.5216,-3.21739,25.50883,-25.71773,HP,GAS,HighPoint,Independent,ATL,20250925-HighPoint-1,69dc1010-9a7b-11f0-b2ef-f50b1063f050,87.42743,,,7.10818,,,,,,,140c42c3-e7fe-494f-8443-25f5b0d89000,2025-09-26,01:52:09.75,2025-09-25T21:52:09.7526272-04:00,2025-09-26T01:52:09.7526272Z,,v3,5431,5508,,"Napleton, Luke",813847,Right,HP,172d66ad-2037-4177-92c3-77e881ff3ce6,53.9148,-127.25906,12.75441,5.72305,-1.72801,-12.85887,-2.72932,6.0976,-1.60869,,,,,,,,,,,,,,,,,,,,,,,,,,,,,,,,,,,,,,,,,,,,,,,,,,,High,High,High,,,,,
275,2025-09-25,21:52:41.14,3,3,"McGrane, Jameson",682494,Right,HP,"Scantlin, Nate",676715,Left,GAS,Undefined,9,Top,1,0,2,FourSeamFastBall,Sinker,BallCalled,Undefined,Undefined,Undefined,0,0,,93.15459,0.02771,-4.230454,2068.978782,220.758889,1:15,5.90102,2.44806,6.51158,-14.6954,16.81284,13.63993,4.7019,-0.30453,84.96774,-2.811331,-1.763602,0.404001,,,,,,,,,,,,-8.25138,9.07481,-2.15764,50,5.8961,9.43064,-135.13781,-0.30766,-15.27918,29.07992,-15.37012,HP,GAS,HighPoint,Independent,ATL,20250925-HighPoint-1,7c92dd60-9a7b-11f0-b2ef-f50b1063f050,93.2976,,,8.18685,,,,,,,140c42c3-e7fe-494f-8443-25f5b0d89000,2025-09-26,01:52:41.14,2025-09-25T21:52:41.1413504-04:00,2025-09-26T01:52:41.1413504Z,,v3,5431,5508,,"Napleton, Luke",813847,Right,HP,afc3b1f6-fb3b-461d-8532-4987f024483e,53.98698,-135.99305,14.53996,5.8985,0.14437,-7.68506,-2.44161,9.88,-7.63959,,,,,,,,,,,,,,,,,,,,,,,,,,,,,,,,,,,,,,,,,,,,,,,,,,,High,High,High,,,,,
276,2025-09-25,21:53:00.78,3,4,"McGrane, Jameson",682494,Right,HP,"Scantlin, Nate",676715,Left,GAS,Undefined,9,Top,1,1,2,FourSeamFastBall,Sinker,FoulBallNotFieldable,Undefined,Undefined,Undefined,0,0,,92.41433,-1.049968,-3.966166,1949.899882,218.995759,1:15,5.98325,2.46468,6.55135,-15.32288,16.59702,12.63154,3.74113,-0.1254,84.50439,-4.001509,-1.678486,0.406632,,,,,,,,,,,,-7.70796,9.30012,-2.19536,50,5.90371,8.79624,-134.12464,-2.86126,-14.06975,28.4511,-15.19802,HP,GAS,HighPoint,Independent,ATL,20250925-HighPoint-1,884036d0-9a7b-11f0-b2ef-f50b1063f050,92.69412,,,7.90994,,,,,,,140c42c3-e7fe-494f-8443-25f5b0d89000,2025-09-26,01:53:00.78,2025-09-25T21:53:00.7865344-04:00,2025-09-26T01:53:00.7865344Z,,v3,5431,5508,,"Napleton, Luke",813847,Right,HP,8ae5fe55-c1cb-4592-953e-06521839e8a2,53.94841,-134.95959,14.22555,5.98113,-2.41524,-7.59901,-2.45956,9.20914,-7.03488,,,,,,,,,,,,,,,,,,,,,,,,,,,,,,,,,,,,,,,,,,,,,,,,,,,High,High,High,,,,,
277,2025-09-25,21:53:29.57,3,5,"McGrane, Jameson",682494,Right,HP,"Scantlin, Nate",676715,Left,GAS,Undefined,9,Top,1,1,2,FourSeamFastBall,Four-Seam,StrikeSwinging,Strikeout,Undefined,Undefined,0,0,,92.81719,-0.787565,-3.908741,1980.231283,214.203248,1:15,5.91608,2.38129,6.36671,-15.45804,16.77363,10.64134,3.90146,-0.33436,83.91277,-3.77683,-1.988439,0.408614,,,,,,,,,,,,-6.67107,9.27071,-2.10269,50,5.85149,8.73233,-134.50057,-2.25619,-12.10812,31.67383,-15.34758,HP,GAS,HighPoint,Independent,ATL,20250925-HighPoint-1,996bf750-9a7b-11f0-b2ef-f50b1063f050,92.24467,,,8.90443,,,,,,,140c42c3-e7fe-494f-8443-25f5b0d89000,2025-09-26,01:53:29.57,2025-09-25T21:53:29.5735296-04:00,2025-09-26T01:53:29.5735296Z,,v3,5431,5508,,"Napleton, Luke",813847,Right,HP,37ee2519-1a9f-4660-ba97-4a64ce1f6027,54.12938,-135.46951,15.83691,5.91333,-1.78669,-7.67379,-2.37549,9.10273,-6.05406,,,,,,,,,,,,,,,,,,,,,,,,,,,,,,,,,,,,,,,,,,,,,,,,,,,High,High,High,,,,,
278,2025-09-25,21:53:59.93,4,1,"McGrane, Jameson",682494,Right,HP,"McKeithan, Aaron",702463,Right,GAS,Undefined,9,Top,2,0,0,Slider,Curveball,BallCalled,Undefined,Undefined,Undefined,0,0,,81.36454,0.77468,-3.850494,1999.939987,54.446301,7:45,5.73266,2.74733,6.19208,-47.49152,-4.72886,-8.81662,2.49192,-1.54772,73.40462,-8.013498,-5.436081,0.470656,,,,,,,,,,,,3.18071,-2.15992,-2.45288,50,5.76834,8.26772,-117.78785,0.07697,4.36368,27.26627,-35.13727,HP,GAS,HighPoint,Independent,ATL,20250925-HighPoint-1,ab896ad0-9a7b-11f0-b2ef-f50b1063f050,80.08487,,,7.95992,,,,,,,140c42c3-e7fe-494f-8443-25f5b0d89000,2025-09-26,01:53:59.93,2025-09-25T21:53:59.9329280-04:00,2025-09-26T01:53:59.9329280Z,,v3,5431,5508,,"Napleton, Luke",813847,Right,HP,15697918-976a-463b-b42b-10f51aa41edb,54.30481,-118.78017,13.63314,5.74227,1.35575,-17.56863,-2.75088,8.10891,2.18184,,,,,,,,,,,,,,,,,,,,,,,,,,,,,,,,,,,,,,,,,,,,,,,,,,,High,High,High,,,,,
279,2025-09-25,21:54:20.04,4,2,"McGrane, Jameson",682494,Right,HP,"McKeithan, Aaron",702463,Right,GAS,Undefined,9,Top,2,1,0,FourSeamFastBall,Four-Seam,FoulBallNotFieldable,Undefined,Undefined,Undefined,0,0,,93.44629,-1.792881,-4.182321,2060.476588,217.022608,1:15,5.99176,2.49921,6.35276,-14.34284,17.36151,12.29162,3.14132,-0.33294,84.91118,-4.56532,-1.965584,0.405257,76.30253,16.141487,168.294806,2186.329103,,,,,43.41013,,,-7.62985,9.88481,-2.20094,50,5.85447,9.39135,-135.41794,-4.62812,-14.09893,30.91893,-13.90822,HP,GAS,HighPoint,Independent,ATL,20250925-HighPoint-1,b77b4750-9a7b-11f0-b2ef-f50b1063f050,93.00864,12.61689,,8.53511,,,,1.55011,3.06404,0.25334,140c42c3-e7fe-494f-8443-25f5b0d89000,2025-09-26,01:54:20.04,2025-09-25T21:54:20.0401920-04:00,2025-09-26T01:54:20.0401920Z,,v3,5431,5508,,"Napleton, Luke",813847,Right,HP,f75a3263-50f3-42fa-b8c1-1a71e6b8cf7d,54.14632,-136.36136,15.45947,5.98921,-4.20374,-6.95411,-2.49406,9.82155,-7.04947,287.604083,1.55058,-105.27843,6.76851,,,,,,,3.06967,30.93865,-20.54978,,,,,,,0.26152,21.55654,-11.04548,,,,,,,,,,,,,,,,,,,,,,,,,,,,,High,High,High,Medium,Undefined,,,
280,2025-09-25,21:54:43.85,4,3,"McGrane, Jameson",682494,Right,HP,"McKeithan, Aaron",702463,Right,GAS,Undefined,9,Top,2,1,1,Slider,Curveball,StrikeCalled,Undefined,Undefined,Undefined,0,0,,81.70348,1.7215,-0.759849,1945.709583,48.339719,7:30,5.74646,2.58566,6.09537,-51.9831,-9.80934,-12.70296,3.00743,0.82423,73.95321,-7.87527,-3.051117,0.467404,,,,,,,,,,,,6.23894,-5.08012,-2.52093,50,5.85277,2.06976,-118.58328,1.83253,8.72099,26.55133,-39.27518,HP,GAS,HighPoint,Independent,ATL,20250925-HighPoint-1,c5bd7c70-9a7b-11f0-b2ef-f50b1063f050,80.64206,,,7.75027,,,,,,,140c42c3-e7fe-494f-8443-25f5b0d89000,2025-09-26,01:54:43.85,2025-09-25T21:54:43.8523904-04:00,2025-09-26T01:54:43.8523904Z,,v3,5431,5508,,"Napleton, Luke",813847,Right,HP,988e3a31-03a2-401e-bdc3-a756d6f7e499,54.40425,-119.56534,13.27567,5.75812,3.28521,-19.63759,-2.59152,1.7472,4.3605,,,,,,,,,,,,,,,,,,,,,,,,,,,,,,,,,,,,,,,,,,,,,,,,,,,High,High,High,,,,,
281,2025-09-25,21:55:04.88,4,4,"McGrane, Jameson",682494,Right,HP,"McKeithan, Aaron",702463,Right,GAS,Undefined,9,Top,2,1,2,FourSeamFastBall,Sinker,InPlay,Undefined,FlyBall,Out,1,0,,91.88508,-1.264947,-3.865603,1833.427699,222.799548,1:30,5.91359,2.21904,6.79587,-17.67017,14.21851,12.27379,3.28372,-0.29169,84.34613,-4.648581,-1.631473,0.406434,74.81424,36.703691,25.498569,4336.198543,94.49706,62.32404,56.30547,241.28723,231.08839,36.129342,4.22369,-7.56272,8.17847,-1.97251,50,5.8245,8.5605,-133.46068,-3.41853,-13.70273,27.49165,-17.35565,HP,GAS,HighPoint,Independent,ATL,20250925-HighPoint-1,d2379bc0-9a7b-11f0-b2ef-f50b1063f050,92.73947,65.24444,,7.53896,,,,1.33207,3.30352,0.33021,140c42c3-e7fe-494f-8443-25f5b0d89000,2025-09-26,01:55:04.88,2025-09-25T21:55:04.8850944-04:00,2025-09-26T01:55:04.8850944Z,FlyBall,v3,5431,5508,,"Napleton, Luke",813847,Right,HP,f5490fc3-74c2-4668-9e07-d749b150bf02,53.70507,-134.22172,13.74582,5.91249,-2.93808,-8.67783,-2.21473,8.93982,-6.85137,214.882455,1.33358,79.36414,-16.95628,3.87943,-0.58111,0.04249,-0.00789,0.00311,-0.00033,3.30432,65.55916,-19.19372,0.98042,0.18628,-0.21156,0.07811,-0.01302,0.00081,0.3305,37.86678,-0.54592,-0.49145,0.2045,-0.05605,0.01181,-0.00149,8E-05,,,,,,,,,,,,,,,,,,,,,,,High,High,High,High,High,,,