PitchNo,Date,Time,PAofInning,PitchofPA,Pitcher,PitcherId,PitcherThrows,PitcherTeam,Batter,BatterId,BatterSide,BatterTeam,PitcherSet,Inning,Top/Bottom,Outs,Balls,Strikes,TaggedPitchType,AutoPitchType,PitchCall,KorBB,TaggedHitType,PlayResult,OutsOnPlay,RunsScored,Notes,RelSpeed,VertRelAngle,HorzRelAngle,SpinRate,SpinAxis,Tilt,RelHeight,RelSide,Extension,VertBreak,InducedVertBreak,HorzBreak,PlateLocHeight,PlateLocSide,ZoneSpeed,VertApprAngle,HorzApprAngle,ZoneTime,ExitSpeed,Angle,Direction,HitSpinRate,PositionAt110X,PositionAt110Y,PositionAt110Z,Distance,LastTrackedDistance,Bearing,HangTime,pfxx,pfxz,x0,y0,z0,vx0,vy0,vz0,ax0,ay0,az0,HomeTeam,AwayTeam,Stadium,Level,League,GameID,PitchUID,EffectiveVelo,MaxHeight,MeasuredDuration,SpeedDrop,PitchLastMeasuredX,PitchLastMeasuredY,PitchLastMeasuredZ,ContactPositionX,ContactPositionY,ContactPositionZ,GameUID,UTCDate,UTCTime,LocalDateTime,UTCDateTime,AutoHitType,System,HomeTeamForeignID,AwayTeamForeignID,GameForeignID,Catcher,CatcherId,CatcherThrows,CatcherTeam,PlayID,PitchTrajectoryXc0,PitchTrajectoryXc1,PitchTrajectoryXc2,PitchTrajectoryYc0,PitchTrajectoryYc1,PitchTrajectoryYc2,PitchTrajectoryZc0,PitchTrajectoryZc1,PitchTrajectoryZc2,HitSpinAxis,HitTrajectoryXc0,HitTrajectoryXc1,HitTrajectoryXc2,HitTrajectoryXc3,HitTrajectoryXc4,HitTrajectoryXc5,HitTrajectoryXc6,HitTrajectoryXc7,HitTrajectoryXc8,HitTrajectoryYc0,HitTrajectoryYc1,HitTrajectoryYc2,HitTrajectoryYc3,HitTrajectoryYc4,HitTrajectoryYc5,HitTrajectoryYc6,HitTrajectoryYc7,HitTrajectoryYc8,HitTrajectoryZc0,HitTrajectoryZc1,HitTrajectoryZc2,HitTrajectoryZc3,HitTrajectoryZc4,HitTrajectoryZc5,HitTrajectoryZc6,HitTrajectoryZc7,HitTrajectoryZc8,ThrowSpeed,PopTime,ExchangeTime,TimeToBase,CatchPositionX,CatchPositionY,CatchPositionZ,ThrowPositionX,ThrowPositionY,ThrowPositionZ,BasePositionX,BasePositionY,BasePositionZ,ThrowTrajectoryXc0,ThrowTrajectoryXc1,ThrowTrajectoryXc2,ThrowTrajectoryYc0,ThrowTrajectoryYc1,ThrowTrajectoryYc2,ThrowTrajectoryZc0,ThrowTrajectoryZc1,ThrowTrajectoryZc2,PitchReleaseConfidence,PitchLocationConfidence,PitchMovementConfidence,HitLaunchConfidence,HitLandingConfidence,CatcherThrowCatchConfidence,CatcherThrowReleaseConfidence,CatcherThrowLocationConfidence
1,2025-08-27,17:50:08.54,1,1,"Wicklander, Patrick",677353,Left,LEX_LEG,"Skender, Ethan",663690,Right,GAS,Undefined,1,Top,0,0,0,Fastball,,BallCalled,Undefined,Undefined,Undefined,0,0,,,,,,,,,,,,,,,,,,,,,,,,,,,,,,,,,,,,,,,,,,LEX_LEG,GAS,WildHealthField,Independent,ATL,20250827-WildHealthField-1,2bda7490-8398-11f0-af3f-87f56c6d82ca,,,,,,,,,,,c1155f88-51df-438a-a1d8-1ae778e78cfd,2025-08-27,22:50:08.54,2025-08-27T17:50:08.5405568-05:00,2025-08-27T22:50:08.5405568Z,,v3,495,5508,,"Quiroz, Isaias",657728,Right,LEX_LEG,,,,,,,,,,,,,,,,,,,,,,,,,,,,,,,,,,,,,,,,,,,,,,,,,,,,,,,,,,,,,,,,,,,,
2,2025-08-27,17:50:09.54,1,2,"Wicklander, Patrick",677353,Left,LEX_LEG,"Skender, Ethan",663690,Right,GAS,Undefined,1,Top,0,1,0,Fastball,Four-Seam,BallCalled,Undefined,Undefined,Undefined,0,0,,92.31464,-3.215328,3.804907,2416.552199,138.393632,10:30,5.42023,-1.696,5.39579,-16.18761,17.79934,-14.70709,1.04812,0.6495,83.38237,-6.283422,1.196597,0.419592,,,,,,,,,,,,8.62721,10.32264,1.36694,50,5.12162,-8.19443,-133.39805,-8.03737,15.36087,31.87998,-13.79447,LEX_LEG,GAS,WildHealthField,Independent,ATL,20250827-WildHealthField-1,2f0c5390-8398-11f0-af3f-87f56c6d82ca,89.83112,,,8.93227,,,,,,,c1155f88-51df-438a-a1d8-1ae778e78cfd,2025-08-27,22:50:09.54,2025-08-27T17:50:09.5405568-05:00,2025-08-27T22:50:09.5405568Z,,v3,495,5508,,"Quiroz, Isaias",657728,Right,LEX_LEG,c7aea029-478c-4607-84f2-5ce6b15a2dab,55.10433,-134.61237,15.93999,5.41776,-7.51193,-6.89723,1.69021,-8.77953,7.68043,,,,,,,,,,,,,,,,,,,,,,,,,,,,,,,,,,,,,,,,,,,,,,,,,,,High,High,High,,,,,
3,2025-08-27,17:50:28.37,1,3,"Wicklander, Patrick",677353,Left,LEX_LEG,"Skender, Ethan",663690,Right,GAS,Undefined,1,Top,0,2,0,Fastball,Four-Seam,InPlay,Undefined,FlyBall,HomeRun,0,1,,92.27598,-1.909552,3.419882,2434.965927,140.1531,10:45,5.43926,-1.73205,5.53825,-15.26422,18.43414,-14.38304,2.37856,0.26968,83.35075,-4.82721,0.861179,0.417807,94.55588,29.670878,24.859115,3851.501662,95.71505,56.17989,54.2081,334.48037,317.48127,39.505719,4.600173,8.33548,10.25178,1.44499,50,5.26357,-7.32357,-133.57031,-4.93131,14.89926,31.61552,-13.84948,LEX_LEG,GAS,WildHealthField,Independent,ATL,20250827-WildHealthField-1,3a495f00-8398-11f0-af3f-87f56c6d82ca,90.21496,72.89226,,8.92523,,,,1.83843,2.49008,-0.24326,c1155f88-51df-438a-a1d8-1ae778e78cfd,2025-08-27,22:50:28.37,2025-08-27T17:50:28.3708928-05:00,2025-08-27T22:50:28.3708928Z,FlyBall,v3,495,5508,,"Quiroz, Isaias",657728,Right,LEX_LEG,6cfdf1b5-b558-45a4-9747-35e975e63e47,54.96132,-134.73951,15.80776,5.43646,-4.41913,-6.92474,1.72602,-7.87458,7.44963,222.601416,1.83814,109.34972,-26.5439,6.90625,-1.6374,0.3708,-0.07587,0.01046,-0.00062,2.49234,68.58858,-17.96474,0.15821,0.56305,-0.29299,0.07983,-0.01087,0.00058,-0.24251,50.63578,1.10122,-1.61969,0.60705,-0.14791,0.02373,-0.00212,8E-05,,,,,,,,,,,,,,,,,,,,,,,High,High,High,High,High,,,
4,2025-08-27,17:51:21.13,2,1,"Wicklander, Patrick",677353,Left,LEX_LEG,"Wylie, Justin",687045,Right,GAS,Undefined,1,Top,0,0,0,Undefined,Four-Seam,BallCalled,Undefined,Undefined,Undefined,0,0,,88.46636,-0.526505,1.313858,2296.706188,163.406598,11:30,5.44717,-1.92458,5.39077,-23.72202,12.59115,-3.41488,2.97672,-0.97752,80.97745,-4.926675,0.706712,0.433714,,,,,,,,,,,,2.06457,6.81323,1.80965,50,5.38366,-2.79112,-128.40317,-2.01409,3.45445,26.03715,-20.77412,LEX_LEG,GAS,WildHealthField,Independent,ATL,20250827-WildHealthField-1,59accd50-8398-11f0-af3f-87f56c6d82ca,86.9062,,,7.48891,,,,,,,c1155f88-51df-438a-a1d8-1ae778e78cfd,2025-08-27,22:51:21.13,2025-08-27T17:51:21.1380224-05:00,2025-08-27T22:51:21.1380224Z,,v3,495,5508,,"Quiroz, Isaias",657728,Right,LEX_LEG,2894fcaa-1919-478d-8c25-cfd496df3988,55.108,-129.43481,13.01857,5.44715,-1.19098,-10.38706,1.92295,-2.92799,1.72723,,,,,,,,,,,,,,,,,,,,,,,,,,,,,,,,,,,,,,,,,,,,,,,,,,,High,High,High,,,,,
5,2025-08-27,17:51:36.29,2,2,"Wicklander, Patrick",677353,Left,LEX_LEG,"Wylie, Justin",687045,Right,GAS,Undefined,1,Top,0,1,0,Undefined,Four-Seam,StrikeCalled,Undefined,Undefined,Undefined,0,0,,91.95354,-1.121538,2.455529,2429.850046,136.429687,10:30,5.42479,-1.71539,5.46256,-17.02847,16.74048,-14.84973,2.95489,-0.65307,83.52604,-4.340425,-0.186023,0.418244,,,,,,,,,,,,8.15493,9.07678,1.50935,50,5.31457,-5.02325,-133.31057,-3.16901,14.61062,29.83893,-15.91183,LEX_LEG,GAS,WildHealthField,Independent,ATL,20250827-WildHealthField-1,62ada460-8398-11f0-af3f-87f56c6d82ca,90.12059,,,8.42749,,,,,,,c1155f88-51df-438a-a1d8-1ae778e78cfd,2025-08-27,22:51:36.29,2025-08-27T17:51:36.2984448-05:00,2025-08-27T22:51:36.2984448Z,,v3,495,5508,,"Quiroz, Isaias",657728,Right,LEX_LEG,0c1d6208-295e-40f9-a107-5204b6b1fcc3,55.03649,-134.43316,14.91946,5.42253,-2.57038,-7.95592,1.70867,-5.57293,7.30531,,,,,,,,,,,,,,,,,,,,,,,,,,,,,,,,,,,,,,,,,,,,,,,,,,,High,High,High,,,,,
6,2025-08-27,17:51:53.17,2,3,"Wicklander, Patrick",677353,Left,LEX_LEG,"Wylie, Justin",687045,Right,GAS,Undefined,1,Top,0,1,1,Undefined,Four-Seam,BallCalled,Undefined,Undefined,Undefined,0,0,,91.8368,-0.314049,1.840872,2446.787104,134.087426,10:30,5.49011,-1.77642,5.6479,-16.93887,16.4819,-15.92521,3.78545,-1.38582,83.79077,-3.5202,-1.003048,0.416083,,,,,,,,,,,,8.55571,8.7541,1.6304,50,5.4528,-3.56282,-133.33269,-1.2708,15.40491,28.61159,-16.41197,LEX_LEG,GAS,WildHealthField,Independent,ATL,20250827-WildHealthField-1,6cba9440-8398-11f0-af3f-87f56c6d82ca,90.5888,,,8.04603,,,,,,,c1155f88-51df-438a-a1d8-1ae778e78cfd,2025-08-27,22:51:53.17,2025-08-27T17:51:53.1764224-05:00,2025-08-27T22:51:53.1764224Z,,v3,495,5508,,"Quiroz, Isaias",657728,Right,LEX_LEG,941372d9-a5fe-421a-a1e8-fbcb57e44dbc,54.85215,-134.36987,14.30579,5.48808,-0.67587,-8.20598,1.76967,-4.12125,7.70246,,,,,,,,,,,,,,,,,,,,,,,,,,,,,,,,,,,,,,,,,,,,,,,,,,,High,High,High,,,,,
7,2025-08-27,17:52:12.41,2,4,"Wicklander, Patrick",677353,Left,LEX_LEG,"Wylie, Justin",687045,Right,GAS,Undefined,1,Top,0,2,1,Undefined,Cutter,InPlay,Undefined,GroundBall,Single,0,0,,87.48049,-0.65992,1.646319,2390.161556,161.297176,11:30,5.41152,-1.47978,5.37876,-24.14202,12.86398,-3.98067,2.78075,-0.26771,80.43197,-5.12612,0.938875,0.437832,104.48817,-1.474532,-25.835204,3397.370525,,,,47.54325,43.13377,-27.188661,0.319363,2.44571,6.97662,1.33532,50,5.3355,-3.47997,-127.03984,-2.30756,4.02049,24.5866,-20.70517,LEX_LEG,GAS,WildHealthField,Independent,ATL,20250827-WildHealthField-1,78509520-8398-11f0-af3f-87f56c6d82ca,86.08883,2.78285,,7.04852,,,,1.36482,2.78285,0.23119,c1155f88-51df-438a-a1d8-1ae778e78cfd,2025-08-27,22:52:12.41,2025-08-27T17:52:12.4128256-05:00,2025-08-27T22:52:12.4128256Z,GroundBall,v3,495,5508,,"Quiroz, Isaias",657728,Right,LEX_LEG,9bbc95f1-667e-4d54-a529-92bd9d1b1ab9,55.12265,-128.02741,12.2933,5.41148,-1.47589,-10.35259,1.47835,-3.64146,2.01024,89.259364,1.37333,137.53163,-29.55107,,,,,,,2.78506,-4.03577,-14.69036,,,,,,,0.23676,-66.99556,-5.58547,,,,,,,,,,,,,,,,,,,,,,,,,,,,,High,High,High,High,High,,,
8,2025-08-27,17:52:52.39,3,1,"Wicklander, Patrick",677353,Left,LEX_LEG,"Roederer, Cole",680711,Left,GAS,Undefined,1,Top,0,0,0,Undefined,Four-Seam,BallCalled,Undefined,Undefined,Undefined,0,0,,88.1452,-1.830949,2.67989,2316.431787,164.890129,11:30,5.37624,-1.73556,5.55537,-21.98454,14.45997,-3.59398,1.83093,0.47082,80.76843,-5.923303,2.039747,0.434498,,,,,,,,,,,,2.5489,8.16217,1.50616,50,5.20339,-5.8266,-127.81416,-4.82392,4.22381,25.91388,-18.64838,LEX_LEG,GAS,WildHealthField,Independent,ATL,20250827-WildHealthField-1,902707b0-8398-11f0-af3f-87f56c6d82ca,86.74942,,,7.37678,,,,,,,c1155f88-51df-438a-a1d8-1ae778e78cfd,2025-08-27,22:52:52.39,2025-08-27T17:52:52.3937792-05:00,2025-08-27T22:52:52.3937792Z,,v3,495,5508,,"Quiroz, Isaias",657728,Right,LEX_LEG,e0ac2315-5b9f-4d24-bc9a-13995aad965c,54.94425,-128.81269,12.95694,5.37542,-4.10535,-9.32419,1.73381,-5.98935,2.11191,,,,,,,,,,,,,,,,,,,,,,,,,,,,,,,,,,,,,,,,,,,,,,,,,,,High,High,High,,,,,
9,2025-08-27,17:53:12.91,3,2,"Wicklander, Patrick",677353,Left,LEX_LEG,"Roederer, Cole",680711,Left,GAS,Undefined,1,Top,0,1,0,Undefined,Four-Seam,BallCalled,Undefined,Undefined,Undefined,0,0,,90.86973,-0.107053,2.462786,2413.099028,148.60357,11:00,5.43829,-1.48981,5.53273,-16.25217,18.33847,-10.47115,3.98378,-0.05882,82.20259,-3.207464,0.598488,0.423303,,,,,,,,,,,,5.96737,9.59918,1.28272,50,5.4184,-5.17682,-131.69853,-0.73962,10.40362,29.8864,-15.43862,LEX_LEG,GAS,WildHealthField,Independent,ATL,20250827-WildHealthField-1,9c3fa610-8398-11f0-af3f-87f56c6d82ca,89.04373,,,8.66714,,,,,,,c1155f88-51df-438a-a1d8-1ae778e78cfd,2025-08-27,22:53:12.91,2025-08-27T17:53:12.9158656-05:00,2025-08-27T22:53:12.9158656Z,,v3,495,5508,,"Quiroz, Isaias",657728,Right,LEX_LEG,6c60d0d5-51ec-449b-9bce-d33ac09cab80,54.96425,-132.82029,14.9432,5.43529,-0.16014,-7.71931,1.48436,-5.56731,5.20181,,,,,,,,,,,,,,,,,,,,,,,,,,,,,,,,,,,,,,,,,,,,,,,,,,,High,High,High,,,,,
10,2025-08-27,17:53:34.01,3,3,"Wicklander, Patrick",677353,Left,LEX_LEG,"Roederer, Cole",680711,Left,GAS,Undefined,1,Top,0,2,0,Undefined,Cutter,FoulBallNotFieldable,Undefined,Undefined,Undefined,0,0,,86.97189,-0.803623,1.935665,2411.359886,171.752041,11:45,5.40586,-1.62419,5.43965,-24.15816,13.39304,-1.77051,2.63969,0.04152,79.61215,-5.288175,1.620765,0.441045,72.48963,23.14518,-168.570188,2580.706492,,,,,51.80016,,,1.43366,7.32422,1.45418,50,5.31824,-4.19043,-126.22057,-2.59611,2.31426,25.54027,-20.35091,LEX_LEG,GAS,WildHealthField,Independent,ATL,20250827-WildHealthField-1,a8ee1bd0-8398-11f0-af3f-87f56c6d82ca,85.46158,20.27369,,7.35974,,,,2.25956,2.68644,-0.02687,c1155f88-51df-438a-a1d8-1ae778e78cfd,2025-08-27,22:53:34.01,2025-08-27T17:53:34.0100096-05:00,2025-08-27T22:53:34.0100096Z,,v3,495,5508,,"Quiroz, Isaias",657728,Right,LEX_LEG,0f12bf0d-7b10-4686-a971-b1be47261c2b,55.06123,-127.24057,12.77014,5.4057,-1.78336,-10.17546,1.62338,-4.28286,1.15713,78.118274,2.25956,-95.82184,8.24793,-0.98483,0.21371,-0.02949,0.00092,0.00486,-0.0025,2.68644,41.78958,-20.92653,1.83602,-0.35718,0.0734,-0.01036,4E-05,0.0007,-0.02687,-19.37296,7.56369,-1.22494,0.25021,-0.04335,0.00706,-0.00041,-0.00035,,,,,,,,,,,,,,,,,,,,,,,High,High,High,High,Undefined,,,
11,2025-08-27,17:53:58.49,3,4,"Wicklander, Patrick",677353,Left,LEX_LEG,"Roederer, Cole",680711,Left,GAS,Undefined,1,Top,0,2,1,Undefined,Sinker,StrikeCalled,Undefined,Undefined,Undefined,0,0,,91.94935,-1.977375,4.070794,2382.146383,127.118491,10:15,5.52729,-1.54661,5.55262,-19.84064,13.83843,-16.81564,2.02076,0.86238,83.81179,-5.688452,1.080369,0.417688,,,,,,,,,,,,9.61174,7.87685,1.20521,50,5.34282,-8.70165,-133.11766,-5.28874,17.22578,28.90313,-18.05749,LEX_LEG,GAS,WildHealthField,Independent,ATL,20250827-WildHealthField-1,b76da810-8398-11f0-af3f-87f56c6d82ca,90.24072,,,8.13756,,,,,,,c1155f88-51df-438a-a1d8-1ae778e78cfd,2025-08-27,22:53:58.49,2025-08-27T17:53:58.4990208-05:00,2025-08-27T22:53:58.4990208Z,,v3,495,5508,,"Quiroz, Isaias",657728,Right,LEX_LEG,de5aedb1-90c1-4a8e-8625-7d0013ec4db3,54.94751,-134.18758,14.45157,5.52623,-4.6203,-9.02875,1.53913,-9.3393,8.61289,,,,,,,,,,,,,,,,,,,,,,,,,,,,,,,,,,,,,,,,,,,,,,,,,,,High,High,High,,,,,
12,2025-08-27,17:54:39.83,3,5,"Wicklander, Patrick",677353,Left,LEX_LEG,"Roederer, Cole",680711,Left,GAS,Undefined,1,Top,0,2,2,Undefined,Four-Seam,FoulBallNotFieldable,Undefined,Undefined,Undefined,0,0,,87.60972,-0.991423,1.984863,2446.05621,138.784492,10:45,5.43705,-1.6547,5.33447,-27.28139,9.85162,-7.61205,2.23275,-0.42602,80.29938,-6.013958,0.632862,0.438583,92.78586,-11.116886,52.725967,,,,,12.23825,12.21737,46.055639,0.08107,4.39815,5.55122,1.48121,50,5.32794,-4.07641,-127.13918,-3.18456,7.20798,25.75903,-23.07631,LEX_LEG,GAS,WildHealthField,Independent,ATL,20250827-WildHealthField-1,d02f3df0-8398-11f0-af3f-87f56c6d82ca,85.94144,2.24046,,7.31034,,,,2.03873,2.24046,0.33101,c1155f88-51df-438a-a1d8-1ae778e78cfd,2025-08-27,22:54:39.83,2025-08-27T17:54:39.8352384-05:00,2025-08-27T22:54:39.8352384Z,GroundBall,v3,495,5508,,"Quiroz, Isaias",657728,Right,LEX_LEG,4bddc9a8-54bf-4972-80ae-e869ebd05a7f,55.16702,-128.18177,12.87951,5.43793,-2.25055,-11.53815,1.65211,-4.36815,3.60399,359.339698,2.03881,80.85831,-15.40001,,,,,,,2.24053,-26.2506,-17.1591,,,,,,,0.33111,106.24165,-20.16162,,,,,,,,,,,,,,,,,,,,,,,,,,,,,High,High,High,High,High,,,
13,2025-08-27,17:55:42.11,3,6,"Wicklander, Patrick",677353,Left,LEX_LEG,"Roederer, Cole",680711,Left,GAS,Undefined,1,Top,0,2,2,Undefined,Sinker,InPlay,Undefined,Popup,Out,1,0,,92.23829,-0.077797,3.245696,2376.55357,136.485796,10:30,5.48828,-1.63084,5.80051,-17.11651,16.18729,-14.27477,3.98943,0.20168,83.32878,-3.342666,0.693513,0.415354,81.39099,68.559606,-42.585416,,,,,109.3716,107.96012,-63.668504,5.850109,8.25473,8.6063,1.37245,50,5.47181,-6.94091,-133.67725,-0.70912,14.79647,31.34345,-16.74734,LEX_LEG,GAS,WildHealthField,Independent,ATL,20250827-WildHealthField-1,f54d8010-8398-11f0-af3f-87f56c6d82ca,90.74779,143.22116,,8.90952,,,,0.8388,2.93365,-0.34064,c1155f88-51df-438a-a1d8-1ae778e78cfd,2025-08-27,22:55:42.11,2025-08-27T17:55:42.1191168-05:00,2025-08-27T22:55:42.1191168Z,Popup,v3,495,5508,,"Quiroz, Isaias",657728,Right,LEX_LEG,7e6bbe5d-2da1-4fac-9119-df78f206fc98,54.69861,-134.77443,15.67173,5.48638,-0.12288,-8.37367,1.62448,-7.45886,7.39824,169.791054,0.8245,32.3478,-16.66454,6.39731,-1.89593,0.4244,-0.06166,0.0049,-0.00016,2.91181,111.50504,-29.04533,5.11336,-1.94139,0.62703,-0.12648,0.0134,-0.00057,-0.34123,-29.50443,6.67772,-1.67414,0.20647,0.02019,-0.01269,0.0019,-0.0001,,,,,,,,,,,,,,,,,,,,,,,High,High,High,Medium,Low,,,
14,2025-08-27,17:56:25.46,4,1,"Wicklander, Patrick",677353,Left,LEX_LEG,"Aldrete, Carter",666177,Right,GAS,Undefined,1,Top,1,0,0,Undefined,Sinker,StrikeSwinging,Undefined,Undefined,Undefined,0,0,,91.17954,-1.435872,2.644894,2359.160757,132.374913,10:30,5.4161,-1.77987,5.44644,-19.52552,14.68414,-14.89595,2.44287,-0.54306,83.30298,-5.085554,-0.004084,0.420965,,,,,,,,,,,,8.21497,8.11469,1.55658,50,5.27587,-5.42577,-132.23285,-3.99033,14.55616,27.99997,-17.79559,LEX_LEG,GAS,WildHealthField,Independent,ATL,20250827-WildHealthField-1,0f08df40-8399-11f0-af3f-87f56c6d82ca,89.53818,,,7.87656,,,,,,,c1155f88-51df-438a-a1d8-1ae778e78cfd,2025-08-27,22:56:25.46,2025-08-27T17:56:25.4633472-05:00,2025-08-27T22:56:25.4633472Z,,v3,495,5508,,"Quiroz, Isaias",657728,Right,LEX_LEG,dd4af03b-05a7-4228-a86c-0c0562141120,55.05381,-133.29868,13.99998,5.41488,-3.31293,-8.8978,1.77366,-5.97986,7.27808,,,,,,,,,,,,,,,,,,,,,,,,,,,,,,,,,,,,,,,,,,,,,,,,,,,High,High,High,,,,,
15,2025-08-27,17:57:03.85,4,2,"Wicklander, Patrick",677353,Left,LEX_LEG,"Aldrete, Carter",666177,Right,GAS,Undefined,1,Top,1,0,1,Undefined,Changeup,BallCalled,Undefined,Undefined,Undefined,0,0,,84.19896,0.427333,1.7268,2197.532404,115.336658,9:45,5.21764,-1.91692,5.87591,-29.75915,9.78402,-17.95643,3.1348,-1.80897,76.74761,-5.124204,-1.494882,0.452592,,,,,,,,,,,,9.62977,5.27575,1.78743,50,5.2351,-2.95425,-122.25589,-0.03915,14.52134,24.92404,-24.21839,LEX_LEG,GAS,WildHealthField,Independent,ATL,20250827-WildHealthField-1,25ee1400-8399-11f0-af3f-87f56c6d82ca,83.28122,,,7.45135,,,,,,,c1155f88-51df-438a-a1d8-1ae778e78cfd,2025-08-27,22:57:03.85,2025-08-27T17:57:03.8585856-05:00,2025-08-27T22:57:03.8585856Z,,v3,495,5508,,"Quiroz, Isaias",657728,Right,LEX_LEG,0d378f0b-c1fe-44ca-97f5-e78fd284dcf2,54.62394,-123.19495,12.46202,5.21938,0.87333,-12.1092,1.90905,-3.50137,7.26067,,,,,,,,,,,,,,,,,,,,,,,,,,,,,,,,,,,,,,,,,,,,,,,,,,,High,High,High,,,,,
16,2025-08-27,17:57:27.25,4,3,"Wicklander, Patrick",677353,Left,LEX_LEG,"Aldrete, Carter",666177,Right,GAS,Undefined,1,Top,1,1,1,Undefined,Four-Seam,StrikeSwinging,Undefined,Undefined,Undefined,0,0,,92.0905,-0.529789,3.237246,2416.383681,133.950067,10:30,5.44507,-1.79308,5.64014,-16.98332,16.61001,-16.02524,3.53474,-0.10525,83.27042,-3.760696,0.38013,0.417155,,,,,,,,,,,,9.025,8.89174,1.52786,50,5.38932,-6.80231,-133.42016,-1.76769,16.13696,30.86161,-16.27532,LEX_LEG,GAS,WildHealthField,Independent,ATL,20250827-WildHealthField-1,33db2440-8399-11f0-af3f-87f56c6d82ca,90.35589,,,8.82008,,,,,,,c1155f88-51df-438a-a1d8-1ae778e78cfd,2025-08-27,22:57:27.25,2025-08-27T17:57:27.2571392-05:00,2025-08-27T22:57:27.2571392Z,,v3,495,5508,,"Quiroz, Isaias",657728,Right,LEX_LEG,0b8cd6c4-194f-45a2-9eea-ac1a323a073d,54.85803,-134.53919,15.43081,5.44272,-1.17756,-8.13766,1.78511,-7.38742,8.06848,,,,,,,,,,,,,,,,,,,,,,,,,,,,,,,,,,,,,,,,,,,,,,,,,,,High,High,High,,,,,
17,2025-08-27,17:57:50.98,4,4,"Wicklander, Patrick",677353,Left,LEX_LEG,"Aldrete, Carter",666177,Right,GAS,Undefined,1,Top,1,1,2,Undefined,Four-Seam,FoulBallNotFieldable,Undefined,Undefined,Undefined,0,0,,92.2007,0.267254,2.687977,2405.836591,130.180194,10:15,5.4782,-1.77268,5.70354,-18.26765,14.99776,-16.46068,4.2052,-0.6379,83.68696,-3.18929,-0.2522,0.415115,46.5012,13.766206,177.182627,2642.37221,,,,69.98726,51.01352,178.352836,1.097073,9.09048,7.85406,1.55728,50,5.4894,-5.52616,-133.73101,0.03302,16.39326,29.96916,-18.01046,LEX_LEG,GAS,WildHealthField,Independent,ATL,20250827-WildHealthField-1,42019400-8399-11f0-af3f-87f56c6d82ca,90.80009,7.71363,,8.51374,,,,,,,c1155f88-51df-438a-a1d8-1ae778e78cfd,2025-08-27,22:57:50.98,2025-08-27T17:57:50.9837824-05:00,2025-08-27T22:57:50.9837824Z,GroundBall,v3,495,5508,,"Quiroz, Isaias",657728,Right,LEX_LEG,62325c90-bb32-4e04-9d04-87f81816fe91,54.79573,-134.80145,14.98458,5.47673,0.67632,-9.00523,1.76512,-6.1117,8.19663,320.209085,-2.25412,-66.16346,4.02644,-0.16997,0.62383,-1.13653,1.22435,-0.65194,0.13117,4.24421,16.22947,-19.43104,1.22151,-0.32718,0.2792,-0.26932,0.15872,-0.03775,0.71152,3.25632,-2.16626,0.37194,-0.27457,0.40459,-0.42495,0.22972,-0.04758,,,,,,,,,,,,,,,,,,,,,,,High,High,High,High,Medium,,,
18,2025-08-27,17:58:15.53,4,5,"Wicklander, Patrick",677353,Left,LEX_LEG,"Aldrete, Carter",666177,Right,GAS,Undefined,1,Top,1,1,2,Undefined,Changeup,StrikeSwinging,Strikeout,Undefined,Undefined,0,0,,84.27081,-0.781738,2.173112,2310.352435,104.678687,9:30,5.16669,-1.87312,5.81844,-32.58167,6.67315,-20.97997,1.72413,-1.59993,77.64025,-6.794549,-1.589502,0.450939,,,,,,,,,,,,11.30993,3.97465,1.70779,50,5.08323,-3.81032,-122.45513,-2.75115,17.25163,23.14858,-26.11135,LEX_LEG,GAS,WildHealthField,Independent,ATL,20250827-WildHealthField-1,50c3a780-8399-11f0-af3f-87f56c6d82ca,83.58652,,,6.63056,,,,,,,c1155f88-51df-438a-a1d8-1ae778e78cfd,2025-08-27,22:58:15.53,2025-08-27T17:58:15.5310000-05:00,2025-08-27T22:58:15.5310000Z,,v3,495,5508,,"Quiroz, Isaias",657728,Right,LEX_LEG,3b889d65-b266-4863-8fda-6a3335834f2d,54.6844,-123.33748,11.57429,5.16913,-1.75587,-13.05567,1.86556,-4.4679,8.62581,,,,,,,,,,,,,,,,,,,,,,,,,,,,,77.34514,,0.764467,,0.42447,1.60479,1.62807,-1.69226,6.1046,1.63198,,,,-1.61934,111.92209,-8.55771,6.10731,5.89888,-10.72452,1.59341,-9.5893,3.70669,High,High,High,,,High,Medium,Low
19,2025-08-27,17:58:56.42,5,1,"Wicklander, Patrick",677353,Left,LEX_LEG,"Guthrie, Dalton",656495,Right,GAS,Undefined,1,Top,2,0,0,Undefined,Changeup,StrikeCalled,Undefined,Undefined,Undefined,0,0,,83.80864,-0.30186,2.740302,2233.051749,120.423942,10:00,5.15709,-1.95621,6.08938,-28.44096,11.30347,-16.97127,2.50745,-0.83359,76.20312,-5.640887,-0.314796,0.453742,,,,,,,,,,,,9.51815,6.32028,1.75328,50,5.11885,-5.15107,-121.61116,-1.49951,14.16042,25.31219,-22.77119,LEX_LEG,GAS,WildHealthField,Independent,ATL,20250827-WildHealthField-1,69203a00-8399-11f0-af3f-87f56c6d82ca,83.07011,,,7.60552,,,,,,,c1155f88-51df-438a-a1d8-1ae778e78cfd,2025-08-27,22:58:56.42,2025-08-27T17:58:56.4243456-05:00,2025-08-27T22:58:56.4243456Z,,v3,495,5508,,"Quiroz, Isaias",657728,Right,LEX_LEG,faef7e82-931d-4939-9bc6-fffad0d2bbb5,54.41004,-122.52563,12.6561,5.15816,-0.67684,-11.38559,1.94862,-5.66265,7.08021,,,,,,,,,,,,,,,,,,,,,,,,,,,,,,,,,,,,,,,,,,,,,,,,,,,High,High,High,,,,,
20,2025-08-27,17:59:17.32,5,2,"Wicklander, Patrick",677353,Left,LEX_LEG,"Guthrie, Dalton",656495,Right,GAS,Undefined,1,Top,2,0,1,Undefined,Sinker,InPlay,Undefined,LineDrive,Out,1,0,,91.44912,-1.547874,4.132611,2490.715536,131.27252,10:30,5.33934,-1.82227,5.51726,-18.09977,16.16351,-17.06296,2.37956,0.62673,82.84325,-4.965971,1.101449,0.421295,99.6585,27.992945,-8.104309,2658.6717,109.13494,55.84286,-13.76703,377.57519,374.53262,-3.928252,5.239376,9.86012,8.96646,1.47356,50,5.19235,-8.78713,-132.34234,-4.18037,17.3634,30.11028,-16.38433,LEX_LEG,GAS,WildHealthField,Independent,ATL,20250827-WildHealthField-1,758e2450-8399-11f0-af3f-87f56c6d82ca,89.46809,84.96692,,8.60588,,,,1.60923,2.45652,-0.65122,c1155f88-51df-438a-a1d8-1ae778e78cfd,2025-08-27,22:59:17.32,2025-08-27T17:59:17.3214720-05:00,2025-08-27T22:59:17.3214720Z,FlyBall,v3,495,5508,,"Quiroz, Isaias",657728,Right,LEX_LEG,3413e156-dbc4-4197-b776-b75c8ce4c0b7,54.983,-133.47125,15.05514,5.33757,-3.56609,-8.19217,1.81521,-9.43813,8.6817,192.049984,1.6101,127.76237,-24.40827,5.68051,-1.25027,0.25999,-0.04469,0.00492,-0.00024,2.45861,68.55501,-15.4271,0.27297,0.3292,-0.18432,0.04761,-0.00599,0.00029,-0.65142,-18.19171,6.36458,-1.65943,0.39301,-0.08196,0.01303,-0.0013,6E-05,,,,,,,,,,,,,,,,,,,,,,,High,High,High,High,Medium,,,
21,2025-08-27,18:01:59.32,1,1,"Hartman, Matt",666929,Right,GAS,"Rock, Dylan",676423,Right,LEX_LEG,Undefined,1,Bottom,0,0,0,Undefined,Curveball,StrikeCalled,Undefined,Undefined,Undefined,0,0,,77.49423,0.506328,-1.248312,2146.305363,18.759827,6:45,6.45231,1.0938,5.62964,-49.43597,-2.50335,-1.34098,2.80522,-0.18292,71.37263,-8.522511,-1.48818,0.49307,,,,,,,,,,,,0.3322,-0.96173,-0.98661,50,6.4637,2.50373,-112.57011,-0.62285,0.42618,20.46771,-33.40791,LEX_LEG,GAS,WildHealthField,Independent,ATL,20250827-WildHealthField-1,d6165c70-8399-11f0-af3f-87f56c6d82ca,76.44436,,,6.1216,,,,,,,c1155f88-51df-438a-a1d8-1ae778e78cfd,2025-08-27,23:01:59.32,2025-08-27T18:01:59.3298944-05:00,2025-08-27T23:01:59.3298944Z,,v3,495,5508,,"Olmeda, Alexis",663406,Right,GAS,f1e632e0-04d6-4649-a480-2fb826a9808a,54.87207,-113.4525,10.23386,6.45951,0.8174,-16.70396,-1.09416,2.48535,0.21309,,,,,,,,,,,,,,,,,,,,,,,,,,,,,,,,,,,,,,,,,,,,,,,,,,,High,High,High,,,,,
22,2025-08-27,18:02:15.40,1,2,"Hartman, Matt",666929,Right,GAS,"Rock, Dylan",676423,Right,LEX_LEG,Undefined,1,Bottom,0,0,1,Undefined,Curveball,FoulBallNotFieldable,Undefined,Undefined,Undefined,0,0,,77.48471,0.456624,-0.710087,2036.478448,21.032947,6:45,6.39002,1.182,5.58997,-50.62833,-4.22551,-2.10158,2.59743,0.34377,72.29959,-8.739226,-1.085958,0.490279,104.713,19.621409,-37.348844,1959.671063,84.4266,29.20744,-70.51284,271.49057,266.37219,-45.434575,2.578796,0.90476,-1.95583,-1.1196,50,6.39547,1.47417,-112.74671,-0.75746,1.17954,18.0376,-34.72385,LEX_LEG,GAS,WildHealthField,Independent,ATL,20250827-WildHealthField-1,dfc1a450-8399-11f0-af3f-87f56c6d82ca,76.87953,31.49456,,5.18512,,,,2.51681,2.71694,-0.35514,c1155f88-51df-438a-a1d8-1ae778e78cfd,2025-08-27,23:02:15.40,2025-08-27T18:02:15.4012672-05:00,2025-08-27T23:02:15.4012672Z,LineDrive,v3,495,5508,,"Olmeda, Alexis",663406,Right,GAS,9793cacd-f573-4c60-96b9-bc07a9820150,54.91478,-113.53027,9.0188,6.39561,0.75096,-17.36193,-1.18252,1.42293,0.58977,,2.51681,114.9987,-24.83975,5.45708,-1.33097,0.29884,-0.05856,0.00799,-0.00052,2.71694,51.57204,-26.60531,3.89807,-0.94824,0.21925,-0.04173,0.0057,-0.00038,-0.35514,-87.76096,5.32782,0.01254,-0.14662,0.06007,-0.01372,0.00204,-0.00014,,,,,,,,,,,,,,,,,,,,,,,High,High,High,Medium,Medium,,,
23,2025-08-27,18:03:05.50,1,3,"Hartman, Matt",666929,Right,GAS,"Rock, Dylan",676423,Right,LEX_LEG,Undefined,1,Bottom,0,0,2,Undefined,Four-Seam,InPlay,Undefined,FlyBall,Out,1,0,,88.93564,-1.487342,-2.225071,2268.254719,213.265841,1:00,6.4114,1.17646,5.66569,-19.03218,17.03906,10.33485,3.43714,-0.03813,80.35111,-5.097142,-0.379353,0.432267,80.07509,27.530657,0.512468,2257.171399,109.84542,47.02696,5.82639,278.58421,274.27433,6.678538,3.959782,-5.95906,9.49241,-0.99506,50,6.27389,4.55959,-128.8898,-3.93913,-9.90092,29.86666,-16.4025,LEX_LEG,GAS,WildHealthField,Independent,ATL,20250827-WildHealthField-1,fd95c010-8399-11f0-af3f-87f56c6d82ca,87.19716,52.56727,,8.58453,,,,1.35078,3.50251,0.04564,c1155f88-51df-438a-a1d8-1ae778e78cfd,2025-08-27,23:03:05.50,2025-08-27T18:03:05.5089664-05:00,2025-08-27T23:03:05.5089664Z,LineDrive,v3,495,5508,,"Olmeda, Alexis",663406,Right,GAS,f984d015-ad56-4263-aad5-15d7e2340264,54.83335,-130.00497,14.93333,6.40954,-3.32669,-8.20125,-1.17221,4.92928,-4.95046,207.409084,1.35033,104.15482,-16.5515,3.75735,-0.95194,0.28262,-0.07394,0.01184,-0.00079,3.50335,54.25987,-16.05959,0.43134,0.29615,-0.21856,0.07415,-0.01218,0.00077,0.0456,0.93239,4.23881,-1.26413,0.31573,-0.06575,0.01119,-0.00138,8E-05,,,,,,,,,,,,,,,,,,,,,,,High,High,High,High,High,,,
24,2025-08-27,18:03:39.75,2,1,"Hartman, Matt",666929,Right,GAS,"Atwood, Andy",664762,Right,LEX_LEG,Undefined,1,Bottom,1,0,0,Undefined,Sinker,InPlay,Undefined,LineDrive,HomeRun,0,1,,87.54977,-1.553251,-2.330444,2141.422417,227.757513,1:30,6.28071,1.51772,5.87495,-22.88749,13.49087,13.61993,2.92921,0.48698,80.37326,-5.832097,0.112481,0.434103,95.40576,26.433986,-31.722417,2900.299378,90.35838,50.64613,-62.73237,345.42992,320.13992,-42.022528,4.682546,-7.64973,7.67044,-1.33733,50,6.14169,4.62172,-127.13374,-4.17873,-12.55855,25.3148,-19.58155,LEX_LEG,GAS,WildHealthField,Independent,ATL,20250827-WildHealthField-1,11fa8b80-839a-11f0-af3f-87f56c6d82ca,86.82829,68.64167,,7.17651,,,,2.19368,3.05307,-0.43751,c1155f88-51df-438a-a1d8-1ae778e78cfd,2025-08-27,23:03:39.75,2025-08-27T18:03:39.7525504-05:00,2025-08-27T23:03:39.7525504Z,FlyBall,v3,495,5508,,"Olmeda, Alexis",663406,Right,GAS,2d1ab8ff-28f6-48f0-98e5-6553523a05d2,54.62701,-128.05176,12.6574,6.28035,-3.46863,-9.79077,-1.51319,5.07714,-6.27928,144.71172,2.19469,106.56618,-24.83358,6.14792,-1.31026,0.23701,-0.03985,0.00523,-0.00031,3.05362,62.26803,-15.56109,0.00843,0.40099,-0.19763,0.05661,-0.00822,0.00046,-0.43843,-65.86041,4.71157,0.19247,-0.30631,0.09469,-0.01494,0.00094,-0,,,,,,,,,,,,,,,,,,,,,,,High,High,High,High,Medium,,,
25,2025-08-27,18:04:30.49,3,1,"Hartman, Matt",666929,Right,GAS,"Whalen, Brady",669714,Left,LEX_LEG,Undefined,1,Bottom,1,0,0,Undefined,Four-Seam,StrikeCalled,Undefined,Undefined,Undefined,0,0,,88.51746,-3.073636,-2.757625,2270.348868,203.929188,12:45,6.48371,1.09559,5.87174,-14.17477,21.9217,9.16524,2.44143,-0.70408,80.2808,-5.813584,-1.115906,0.432418,,,,,,,,,,,,-5.51272,12.50442,-0.87758,50,6.22635,5.78528,-128.17487,-7.25179,-9.09637,28.50218,-11.54088,LEX_LEG,GAS,WildHealthField,Independent,ATL,20250827-WildHealthField-1,303b72d0-839a-11f0-af3f-87f56c6d82ca,87.16664,,,8.23666,,,,,,,c1155f88-51df-438a-a1d8-1ae778e78cfd,2025-08-27,23:04:30.49,2025-08-27T18:04:30.4917504-05:00,2025-08-27T23:04:30.4917504Z,,v3,495,5508,,"Olmeda, Alexis",663406,Right,GAS,4e83f481-1c3d-4ff6-a774-f10b248896a0,54.62707,-129.19969,14.25109,6.47964,-6.83683,-5.77044,-1.09148,6.11235,-4.54819,,,,,,,,,,,,,,,,,,,,,,,,,,,,,,,,,,,,,,,,,,,,,,,,,,,High,High,High,,,,,
26,2025-08-27,18:04:46.00,3,2,"Hartman, Matt",666929,Right,GAS,"Whalen, Brady",669714,Left,LEX_LEG,Undefined,1,Bottom,1,0,1,Undefined,Splitter,StrikeSwinging,Undefined,Undefined,Undefined,0,0,,79.00379,-1.716461,-1.675357,1101.688591,204.405097,12:45,6.43842,0.86268,5.77635,-41.46238,4.18607,1.15571,1.38485,-0.60042,71.83827,-9.34804,-1.467976,0.486278,,,,,,,,,,,,-1.13575,3.15512,-0.72499,50,6.27169,3.30571,-114.51585,-4.74217,-1.48392,24.32137,-28.05171,LEX_LEG,GAS,WildHealthField,Independent,ATL,20250827-WildHealthField-1,3985fd10-839a-11f0-af3f-87f56c6d82ca,77.51216,,,7.16552,,,,,,,c1155f88-51df-438a-a1d8-1ae778e78cfd,2025-08-27,23:04:46.00,2025-08-27T18:04:46.0056064-05:00,2025-08-27T23:04:46.0056064Z,,v3,495,5508,,"Olmeda, Alexis",663406,Right,GAS,ea8f05cf-25fa-479e-909f-29d678a9eb6d,54.72281,-115.51455,12.16069,6.44276,-3.59029,-14.02585,-0.86198,3.36664,-0.74196,,,,,,,,,,,,,,,,,,,,,,,,,,,,,,,,,,,,,,,,,,,,,,,,,,,High,High,High,,,,,
27,2025-08-27,18:05:18.25,3,3,"Hartman, Matt",666929,Right,GAS,"Whalen, Brady",669714,Left,LEX_LEG,Undefined,1,Bottom,1,0,2,Undefined,Splitter,BallCalled,Undefined,Undefined,Undefined,0,0,,79.81634,1.101331,-0.406186,892.383151,284.337337,3:30,6.47114,1.05651,5.68368,-43.57707,1.15642,1.6126,3.86647,0.81226,72.29513,-6.939002,-0.117624,0.48138,,,,,,,,,,,,-0.94154,0.74642,-1.02331,50,6.53699,0.7563,-115.76047,0.78227,-1.26059,24.29895,-31.1747,LEX_LEG,GAS,WildHealthField,Independent,ATL,20250827-WildHealthField-1,4ca57740-839a-11f0-af3f-87f56c6d82ca,78.30085,,,7.52121,,,,,,,c1155f88-51df-438a-a1d8-1ae778e78cfd,2025-08-27,23:05:18.25,2025-08-27T18:05:18.2553600-05:00,2025-08-27T23:05:18.2553600Z,,v3,495,5508,,"Olmeda, Alexis",663406,Right,GAS,013dc0f9-c1eb-4745-b17d-f69b972cfa1b,54.81438,-116.76667,12.14948,6.47787,2.07319,-15.58735,-1.05571,0.80849,-0.6303,,,,,,,,,,,,,,,,,,,,,,,,,,,,,,,,,,,,,,,,,,,,,,,,,,,High,High,High,,,,,
28,2025-08-27,18:05:33.91,3,4,"Hartman, Matt",666929,Right,GAS,"Whalen, Brady",669714,Left,LEX_LEG,Undefined,1,Bottom,1,1,2,Undefined,Curveball,FoulBallNotFieldable,Undefined,Undefined,Undefined,0,0,,78.01486,-0.376603,-1.427595,1931.511454,8.150351,6:15,6.37069,1.02548,5.95661,-51.97897,-6.48796,-1.11646,1.68975,-0.39176,72.50002,-9.866667,-1.628797,0.485438,91.82646,-13.33094,74.37061,,,,,9.99801,8.07035,54.716356,0.063943,0.20154,-2.96288,-0.91139,50,6.311,2.86712,-113.48248,-2.3649,0.26392,19.94405,-36.05415,LEX_LEG,GAS,WildHealthField,Independent,ATL,20250827-WildHealthField-1,56097cf0-839a-11f0-af3f-87f56c6d82ca,77.64618,1.98869,,5.51484,,,,3.51404,1.98869,0.07922,c1155f88-51df-438a-a1d8-1ae778e78cfd,2025-08-27,23:05:33.91,2025-08-27T18:05:33.9198976-05:00,2025-08-27T23:05:33.9198976Z,GroundBall,v3,495,5508,,"Olmeda, Alexis",663406,Right,GAS,68dd72e9-da47-478c-a214-6dbd36c33519,54.54816,-114.279,9.97202,6.37669,-0.92497,-18.02708,-1.02569,2.85658,0.13196,180,3.51349,35.36062,,,,,,,,1.98918,-31.10108,,,,,,,,0.07723,126.39715,,,,,,,,,,,,,,,,,,,,,,,,,,,,,,High,High,High,Low,Low,,,
29,2025-08-27,18:05:55.55,3,5,"Hartman, Matt",666929,Right,GAS,"Whalen, Brady",669714,Left,LEX_LEG,Undefined,1,Bottom,1,1,2,Undefined,Splitter,InPlay,Undefined,LineDrive,Single,0,0,,79.14572,0.046584,-0.814724,912.007485,324.261062,4:45,6.50425,1.10639,5.78502,-46.79467,-1.64602,2.28445,2.64804,0.53871,72.20838,-8.552106,-0.404667,0.483608,82.70517,10.664635,30.17615,1590.624189,93.19887,10.78528,58.42916,171.59226,171.59226,33.969165,1.732871,-1.42626,-0.46484,-1.04065,50,6.47976,1.54858,-114.91048,-1.41473,-1.88606,23.47725,-32.78876,LEX_LEG,GAS,WildHealthField,Independent,ATL,20250827-WildHealthField-1,62f15230-839a-11f0-af3f-87f56c6d82ca,77.94,11.53744,,6.93734,,,,2.55657,2.86467,-0.51941,c1155f88-51df-438a-a1d8-1ae778e78cfd,2025-08-27,23:05:55.55,2025-08-27T18:05:55.5551232-05:00,2025-08-27T23:05:55.5551232Z,LineDrive,v3,495,5508,,"Olmeda, Alexis",663406,Right,GAS,26e9e452-4183-4977-a3f5-94b85853ee05,54.71642,-115.87008,11.73863,6.5102,-0.07453,-16.39438,-1.10552,1.62567,-0.94303,238.879573,2.55657,103.05196,-17.24553,3.45604,-0.71469,0.10695,-0.00799,-0.00129,0.00034,2.86468,22.44753,-15.04859,0.72224,-0.05578,0.0155,-0.00521,0.00201,-0.00031,-0.51941,59.91919,-2.07807,-0.53901,0.26778,-0.06494,0.00667,0.00116,-0.00032,,,,,,,,,,,,,,,,,,,,,,,High,High,High,High,High,,,
30,2025-08-27,18:06:35.14,4,1,"Hartman, Matt",666929,Right,GAS,"Terry, Curtis",663799,Right,LEX_LEG,Undefined,1,Bottom,1,0,0,Undefined,Changeup,BallCalled,Undefined,Undefined,Undefined,0,0,,86.59148,-2.608322,-1.349361,2117.651554,221.505429,1:30,6.54402,1.11737,5.90134,-22.51068,14.7295,11.9926,2.24435,0.86384,79.48032,-6.816643,0.804886,0.439215,,,,,,,,,,,,-6.51386,8.62386,-1.01572,50,6.32118,2.47144,-125.68083,-6.42353,-10.43274,25.15185,-18.36193,LEX_LEG,GAS,WildHealthField,Independent,ATL,20250827-WildHealthField-1,7a89f870-839a-11f0-af3f-87f56c6d82ca,85.81771,,,7.11116,,,,,,,c1155f88-51df-438a-a1d8-1ae778e78cfd,2025-08-27,23:06:35.14,2025-08-27T18:06:35.1478272-05:00,2025-08-27T23:06:35.1478272Z,,v3,495,5508,,"Olmeda, Alexis",663406,Right,GAS,e2db762e-4ee6-4aea-80bf-ce4a6e4886e2,54.59899,-126.59786,12.57593,6.54317,-5.75406,-9.18097,-1.11276,2.85182,-5.21637,,,,,,,,,,,,,,,,,,,,,,,,,,,,,,,,,,,,,,,,,,,,,,,,,,,High,High,High,,,,,
31,2025-08-27,18:06:50.92,4,2,"Hartman, Matt",666929,Right,GAS,"Terry, Curtis",663799,Right,LEX_LEG,Undefined,1,Bottom,1,1,0,Undefined,Four-Seam,BallCalled,Undefined,Undefined,Undefined,0,0,,87.9077,-2.11458,-0.81088,2152.1343,199.837328,12:45,6.58341,1.15134,5.82287,-14.71048,21.88757,7.43339,3.39049,1.01685,79.61441,-4.958296,0.521431,0.435412,,,,,,,,,,,,-4.02347,12.17198,-1.08938,50,6.40178,1.48563,-127.47437,-5.08382,-6.5574,28.53299,-12.33632,LEX_LEG,GAS,WildHealthField,Independent,ATL,20250827-WildHealthField-1,83f21cd0-839a-11f0-af3f-87f56c6d82ca,86.56727,,,8.29329,,,,,,,c1155f88-51df-438a-a1d8-1ae778e78cfd,2025-08-27,23:06:50.92,2025-08-27T18:06:50.9255680-05:00,2025-08-27T23:06:50.9255680Z,,v3,495,5508,,"Olmeda, Alexis",663406,Right,GAS,ba51c7f0-a94b-4b38-bc1c-38ac8102018b,54.67481,-128.51649,14.2665,6.57923,-4.63325,-6.16816,-1.14801,1.72513,-3.2787,,,,,,,,,,,,,,,,,,,,,,,,,,,,,,,,,,,,,,,,,,,,,,,,,,,High,High,High,,,,,
32,2025-08-27,18:07:12.76,4,3,"Hartman, Matt",666929,Right,GAS,"Terry, Curtis",663799,Right,LEX_LEG,Undefined,1,Bottom,1,2,0,Undefined,Four-Seam,InPlay,Undefined,Popup,Out,1,0,,88.01478,-3.234304,-2.836513,2208.905793,201.401808,12:45,6.49481,1.10137,5.85304,-15.26895,21.31997,7.84756,2.21023,-0.88248,79.79318,-6.169837,-1.431482,0.435358,69.19644,70.728736,-31.000235,,,,,85.42331,45.18617,-32.270409,5.313855,-4.90276,12.29237,-0.87545,50,6.22278,5.98768,-127.41743,-7.61862,-7.98224,28.54074,-12.16071,LEX_LEG,GAS,WildHealthField,Independent,ATL,20250827-WildHealthField-1,90f1e6e0-839a-11f0-af3f-87f56c6d82ca,86.57808,116.84666,,8.2216,,,,2.34041,2.52073,0.70388,c1155f88-51df-438a-a1d8-1ae778e78cfd,2025-08-27,23:07:12.76,2025-08-27T18:07:12.7670272-05:00,2025-08-27T23:07:12.7670272Z,Popup,v3,495,5508,,"Olmeda, Alexis",663406,Right,GAS,8a8e42f0-44a6-4041-a89f-cabeb2e058cf,54.64673,-128.45405,14.27037,6.49147,-7.17693,-6.08035,-1.0982,6.2776,-3.99112,178.520675,2.33719,28.76272,-10.20935,3.23853,-0.66493,0.09325,-0.0075,7E-05,2E-05,2.51176,95.97861,-24.87221,3.58356,-1.34331,0.45637,-0.10154,0.01201,-0.00057,0.70515,-17.26975,5.42785,-1.64062,0.29815,-0.02806,-0.00083,0.00053,-4E-05,,,,,,,,,,,,,,,,,,,,,,,High,High,High,High,Low,,,
33,2025-08-27,18:07:46.59,5,1,"Hartman, Matt",666929,Right,GAS,"Cumbo, E.J.",821574,Left,LEX_LEG,Undefined,1,Bottom,2,0,0,Undefined,Four-Seam,StrikeCalled,Undefined,Undefined,Undefined,0,0,,87.63339,-3.771838,-3.09324,2261.814158,201.148743,12:45,6.47457,1.33658,6.02,-15.27906,21.35922,7.7689,1.69739,-0.884,79.68653,-6.707837,-1.698383,0.435651,,,,,,,,,,,,-4.93611,12.50965,-1.09831,50,6.17001,6.53959,-126.82763,-8.7682,-7.98354,27.63793,-11.94128,LEX_LEG,GAS,WildHealthField,Independent,ATL,20250827-WildHealthField-1,a51c4160-839a-11f0-af3f-87f56c6d82ca,86.51974,,,7.94686,,,,,,,c1155f88-51df-438a-a1d8-1ae778e78cfd,2025-08-27,23:07:46.59,2025-08-27T18:07:46.5930752-05:00,2025-08-27T23:07:46.5930752Z,,v3,495,5508,,"Olmeda, Alexis",663406,Right,GAS,6dd12c59-f687-4c60-b963-cb705944f56e,54.47989,-127.80015,13.81896,6.47115,-8.34801,-5.97064,-1.33337,6.82051,-3.99177,,,,,,,,,,,,,,,,,,,,,,,,,,,,,,,,,,,,,,,,,,,,,,,,,,,High,High,High,,,,,
34,2025-08-27,18:08:04.27,5,2,"Hartman, Matt",666929,Right,GAS,"Cumbo, E.J.",821574,Left,LEX_LEG,Undefined,1,Bottom,2,0,1,Undefined,Splitter,StrikeSwinging,Undefined,Undefined,Undefined,0,0,,79.86407,-0.128175,-2.218764,1002.550822,308.727647,4:15,6.46464,1.3592,5.63491,-43.96853,1.05658,0.73563,2.68092,-0.65063,72.2169,-8.217959,-2.087295,0.482946,,,,,,,,,,,,-1.10996,1.06929,-1.17086,50,6.42593,4.45395,-115.71103,-1.71806,-1.47686,25.33661,-30.75129,LEX_LEG,GAS,WildHealthField,Independent,ATL,20250827-WildHealthField-1,afb25e70-839a-11f0-af3f-87f56c6d82ca,78.04685,,,7.64717,,,,,,,c1155f88-51df-438a-a1d8-1ae778e78cfd,2025-08-27,23:08:04.27,2025-08-27T18:08:04.2758656-05:00,2025-08-27T23:08:04.2758656Z,,v3,495,5508,,"Olmeda, Alexis",663406,Right,GAS,0a0a5dbf-a6a0-4195-a6d7-6a8b63b2310c,54.86339,-116.77109,12.6683,6.47089,-0.43146,-15.37565,-1.3585,4.51574,-0.73843,,,,,,,,,,,,,,,,,,,,,,,,,,,,,,,,,,,,,,,,,,,,,,,,,,,High,High,High,,,,,
35,2025-08-27,18:08:21.75,5,3,"Hartman, Matt",666929,Right,GAS,"Cumbo, E.J.",821574,Left,LEX_LEG,Undefined,1,Bottom,2,0,2,Undefined,Splitter,InPlay,Undefined,FlyBall,Triple,0,2,,78.95352,0.00107,-0.596085,933.191666,265.711008,2:45,6.60224,0.93201,5.59428,-44.29455,1.80858,1.5126,2.91203,0.50147,71.34715,-8.155316,-0.325621,0.488693,98.3492,23.628914,12.522366,2333.86779,107.27838,45.01658,24.31732,360.06168,355.59364,14.470928,4.631141,-0.97173,1.34913,-0.88192,50,6.57357,1.13269,-114.47511,-1.44257,-1.2639,25.03487,-30.41923,LEX_LEG,GAS,WildHealthField,Independent,ATL,20250827-WildHealthField-1,ba1843c0-839a-11f0-af3f-87f56c6d82ca,77.129,64.17454,,7.60637,,,,3.25192,3.18401,-0.49902,c1155f88-51df-438a-a1d8-1ae778e78cfd,2025-08-27,23:08:21.75,2025-08-27T18:08:21.7540096-05:00,2025-08-27T23:08:21.7540096Z,LineDrive,v3,495,5508,,"Olmeda, Alexis",663406,Right,GAS,dca4519d-d719-4952-9df9-cfad3325c2f2,54.90537,-115.5429,12.51743,6.60743,-0.14513,-15.20961,-0.93138,1.1866,-0.63195,192.968615,3.25084,129.03292,-24.03749,5.4595,-1.25993,0.28944,-0.05732,0.00735,-0.00041,3.18634,57.76133,-14.56077,0.24756,0.25475,-0.15698,0.04767,-0.00697,0.00039,-0.49907,28.65719,-2.58855,0.16903,-0.0935,0.06473,-0.02016,0.00301,-0.00017,,,,,,,,,,,,,,,,,,,,,,,High,High,High,High,High,,,
36,2025-08-27,18:09:22.76,6,1,"Hartman, Matt",666929,Right,GAS,"Dixon, Brenden",686981,Right,LEX_LEG,Undefined,1,Bottom,2,0,0,Undefined,Four-Seam,BallCalled,Undefined,Undefined,Undefined,0,0,,89.53973,-4.237454,-1.502628,2284.81522,210.028928,1:00,6.52973,1.09561,5.97088,-14.62009,19.73202,10.85418,1.37418,0.60667,83.26498,-6.991175,0.448333,0.42184,,,,,,,,,,,,-5.95677,11.4528,-0.98275,50,6.18518,2.96895,-129.94925,-10.05073,-10.35587,22.97191,-12.26333,LEX_LEG,GAS,WildHealthField,Independent,ATL,20250827-WildHealthField-1,de6fda80-839a-11f0-af3f-87f56c6d82ca,89.35242,,,6.27475,,,,,,,c1155f88-51df-438a-a1d8-1ae778e78cfd,2025-08-27,23:09:22.76,2025-08-27T18:09:22.7692544-05:00,2025-08-27T23:09:22.7692544Z,,v3,495,5508,,"Olmeda, Alexis",663406,Right,GAS,28ed4d55-1591-4458-8bfe-79371d271e2e,54.53193,-130.74794,11.48596,6.5272,-9.62436,-6.13167,-1.09223,3.329,-5.17794,,,,,,,,,,,,,,,,,,,,,,,,,,,,,,,,,,,,,,,,,,,,,,,,,,,High,High,High,,,,,
37,2025-08-27,18:09:37.59,6,2,"Hartman, Matt",666929,Right,GAS,"Dixon, Brenden",686981,Right,LEX_LEG,Undefined,1,Bottom,2,1,0,Undefined,Sinker,StrikeSwinging,Undefined,Undefined,Undefined,0,0,,88.11111,-3.070308,-1.921011,2160.334105,230.832747,1:45,6.38083,1.25344,5.89656,-22.44733,12.88666,14.70505,1.65532,0.69467,82.42793,-7.213492,0.71986,0.427827,,,,,,,,,,,,-8.00965,7.58071,-1.10746,50,6.12019,3.70834,-128.07569,-7.60625,-13.59123,21.09852,-19.31067,LEX_LEG,GAS,WildHealthField,Independent,ATL,20250827-WildHealthField-1,e7486910-839a-11f0-af3f-87f56c6d82ca,88.10216,,,5.68318,,,,,,,c1155f88-51df-438a-a1d8-1ae778e78cfd,2025-08-27,23:09:37.59,2025-08-27T18:09:37.5908352-05:00,2025-08-27T23:09:37.5908352Z,,v3,495,5508,,"Olmeda, Alexis",663406,Right,GAS,9765a5ff-6bc9-4374-9493-a69a67e70649,54.60728,-128.83243,10.54926,6.38058,-6.91363,-9.65533,-1.24921,4.19582,-6.79562,,,,,,,,,,,,,,,,,,,,,,,,,,,,,,,,,,,,,,,,,,,,,,,,,,,High,High,High,,,,,
38,2025-08-27,18:09:56.87,6,3,"Hartman, Matt",666929,Right,GAS,"Dixon, Brenden",686981,Right,LEX_LEG,Undefined,1,Bottom,2,1,1,Undefined,Splitter,BallCalled,Undefined,Undefined,Undefined,0,0,,80.19789,0.720483,-1.616275,949.970342,251.936248,2:30,6.44602,1.00801,5.72862,-42.29833,1.88327,1.0911,3.5925,-0.4068,72.7935,-7.084581,-1.420979,0.478401,,,,,,,,,,,,-1.05402,1.23508,-0.8738,50,6.48055,3.23832,-116.30824,0.06845,-1.42718,24.1571,-30.50166,LEX_LEG,GAS,WildHealthField,Independent,ATL,20250827-WildHealthField-1,f2b1dbb0-839a-11f0-af3f-87f56c6d82ca,78.78839,,,7.40438,,,,,,,c1155f88-51df-438a-a1d8-1ae778e78cfd,2025-08-27,23:09:56.87,2025-08-27T18:09:56.8738816-05:00,2025-08-27T23:09:56.8738816Z,,v3,495,5508,,"Olmeda, Alexis",663406,Right,GAS,649dfa4d-07b1-4142-817c-3840526d24db,54.76941,-117.29466,12.07855,6.45233,1.31394,-15.25083,-1.00722,3.2966,-0.71359,,,,,,,,,,,,,,,,,,,,,,,,,,,,,,,,,,,,,,,,,,,,,,,,,,,High,High,High,,,,,
39,2025-08-27,18:10:12.26,6,4,"Hartman, Matt",666929,Right,GAS,"Dixon, Brenden",686981,Right,LEX_LEG,Undefined,1,Bottom,2,2,1,Undefined,Four-Seam,BallCalled,Undefined,Undefined,Undefined,0,0,,87.37459,-1.876292,-0.7503,2131.284516,215.306073,1:15,6.5886,0.77206,5.81586,-20.74367,15.30729,10.17103,3.11454,0.92195,81.3966,-5.732302,1.073434,0.432145,,,,,,,,,,,,-5.36508,8.55532,-0.71666,50,6.42236,1.24672,-127.09705,-4.8242,-8.94366,21.37887,-17.91229,LEX_LEG,GAS,WildHealthField,Independent,ATL,20250827-WildHealthField-1,fbd8ff70-839a-11f0-af3f-87f56c6d82ca,87.22165,,,5.97799,,,,,,,c1155f88-51df-438a-a1d8-1ae778e78cfd,2025-08-27,23:10:12.26,2025-08-27T18:10:12.2613760-05:00,2025-08-27T23:10:12.2613760Z,,v3,495,5508,,"Olmeda, Alexis",663406,Right,GAS,e8f2af96-ea60-458e-9361-2dee9802aef0,54.68601,-127.88285,10.68944,6.58758,-4.16582,-8.95615,-0.76853,1.57545,-4.47183,,,,,,,,,,,,,,,,,,,,,,,,,,,,,,,,,,,,,,,,,,,,,,,,,,,High,High,High,,,,,
40,2025-08-27,18:10:30.45,6,5,"Hartman, Matt",666929,Right,GAS,"Dixon, Brenden",686981,Right,LEX_LEG,Undefined,1,Bottom,2,3,1,Undefined,Four-Seam,BallCalled,Walk,Undefined,Undefined,0,0,,88.01801,-3.941517,-0.608179,2224.108188,203.609674,12:45,6.48545,0.97099,5.93055,-14.24083,21.39942,8.9113,1.63564,1.14929,81.6718,-6.636805,0.992591,0.429677,,,,,,,,,,,,-4.74299,12.26859,-0.92756,50,6.1619,0.99854,-127.78261,-9.19656,-7.9545,22.80074,-11.59843,LEX_LEG,GAS,WildHealthField,Independent,ATL,20250827-WildHealthField-1,06ce0560-839b-11f0-af3f-87f56c6d82ca,87.72281,,,6.34621,,,,,,,c1155f88-51df-438a-a1d8-1ae778e78cfd,2025-08-27,23:10:30.45,2025-08-27T18:10:30.4593408-05:00,2025-08-27T23:10:30.4593408Z,,v3,495,5508,,"Olmeda, Alexis",663406,Right,GAS,a675486f-91f7-4804-8a99-a501fbdbd5e0,54.5718,-128.59579,11.40037,6.48251,-8.7829,-5.79922,-0.96823,1.28223,-3.97725,,,,,,,,,,,,,,,,,,,,,,,,,,,,,,,,,,,,,,,,,,,,,,,,,,,High,High,High,,,,,
41,2025-08-27,18:11:37.06,7,1,"Hartman, Matt",666929,Right,GAS,"Fuentes, Brian",1000059283,Right,LEX_LEG,Undefined,1,Bottom,2,0,0,Undefined,Four-Seam,BallCalled,Undefined,Undefined,Undefined,0,0,,88.30924,-1.636137,-1.30633,2133.906799,218.407983,1:15,6.51002,1.11504,5.85291,-19.56411,15.92028,11.82272,3.35859,0.88622,81.6478,-5.300343,0.814356,0.428736,,,,,,,,,,,,-6.35815,8.86178,-1.01576,50,6.36545,2.43371,-128.37016,-4.27754,-10.73426,23.64892,-17.21299,LEX_LEG,GAS,WildHealthField,Independent,ATL,20250827-WildHealthField-1,2e6006a0-839b-11f0-af3f-87f56c6d82ca,87.91527,,,6.66144,,,,,,,c1155f88-51df-438a-a1d8-1ae778e78cfd,2025-08-27,23:11:37.06,2025-08-27T18:11:37.0660000-05:00,2025-08-27T23:11:37.0660000Z,,v3,495,5508,,"Olmeda, Alexis",663406,Right,GAS,f8730396-6c4c-425d-a198-ac9e7902d08c,54.64828,-129.22365,11.82446,6.50862,-3.65632,-8.6065,-1.11059,2.82111,-5.36713,,,,,,,,,,,,,,,,,,,,,,,,,,,,,78.8617,1.935331,0.684134,1.251196,-1.28959,3.10243,-0.92724,-1.54886,5.49289,1.16939,127.28071,0.93957,-6.62694,-1.45174,113.42209,-8.50176,5.5112,11.30487,-11.97406,1.11477,-10.8136,3.7428,High,High,High,,,High,Medium,Medium
42,2025-08-27,18:11:59.74,7,2,"Hartman, Matt",666929,Right,GAS,"Fuentes, Brian",1000059283,Right,LEX_LEG,Undefined,1,Bottom,2,1,0,Undefined,Four-Seam,BallCalled,Undefined,Undefined,Undefined,0,0,,86.52868,-4.582746,-2.01288,2227.121319,200.260931,12:45,6.51658,1.16753,5.95218,-14.82564,22.34163,7.82575,1.01908,-0.04796,79.84576,-7.39793,-0.607597,0.438785,,,,,,,,,,,,-4.51693,12.97902,-1.01171,50,6.14265,4.08856,-125.35127,-10.43835,-7.24857,23.30163,-11.34587,LEX_LEG,GAS,WildHealthField,Independent,ATL,20250827-WildHealthField-1,3c0649e0-839b-11f0-af3f-87f56c6d82ca,85.90185,,,6.68292,,,,,,,c1155f88-51df-438a-a1d8-1ae778e78cfd,2025-08-27,23:11:59.74,2025-08-27T18:11:59.7466624-05:00,2025-08-27T23:11:59.7466624Z,,v3,495,5508,,"Olmeda, Alexis",663406,Right,GAS,3df5c5a5-468c-45fd-a4d6-2ae507f79a4a,54.54811,-126.19389,11.65082,6.5127,-10.02807,-5.67294,-1.16429,4.35068,-3.62428,,,,,,,,,,,,,,,,,,,,,,,,,,,,,,,,,,,,,,,,,,,,,,,,,,,High,High,High,,,,,
43,2025-08-27,18:12:17.55,7,3,"Hartman, Matt",666929,Right,GAS,"Fuentes, Brian",1000059283,Right,LEX_LEG,Undefined,1,Bottom,2,2,0,Undefined,Four-Seam,StrikeSwinging,Undefined,Undefined,Undefined,0,0,,87.35964,-2.015856,-1.453236,2096.862689,214.807356,1:15,6.4955,1.03083,5.86566,-20.15485,16.03399,10.44532,2.94188,0.55097,80.97476,-5.781374,0.420913,0.432971,,,,,,,,,,,,-5.69855,9.01469,-0.91916,50,6.32018,2.79494,-126.9849,-5.09655,-9.43373,22.62834,-17.25059,LEX_LEG,GAS,WildHealthField,Independent,ATL,20250827-WildHealthField-1,469b2e70-839b-11f0-af3f-87f56c6d82ca,87.05537,,,6.38488,,,,,,,c1155f88-51df-438a-a1d8-1ae778e78cfd,2025-08-27,23:12:17.55,2025-08-27T18:12:17.5508480-05:00,2025-08-27T23:12:17.5508480Z,,v3,495,5508,,"Olmeda, Alexis",663406,Right,GAS,d3871f72-4b4a-4cae-a730-6f13daa66da9,54.63594,-127.80834,11.31417,6.49422,-4.46881,-8.62529,-1.02712,3.13823,-4.71686,,,,,,,,,,,,,,,,,,,,,,,,,,,,,,,,,,,,,,,,,,,,,,,,,,,High,High,High,,,,,
44,2025-08-27,18:12:37.36,7,4,"Hartman, Matt",666929,Right,GAS,"Fuentes, Brian",1000059283,Right,LEX_LEG,Undefined,1,Bottom,2,2,1,Undefined,Curveball,StrikeCalled,Undefined,Undefined,Undefined,0,0,,76.78517,0.177364,-0.373811,1984.87221,34.249718,7:15,6.50694,0.94159,5.57367,-51.31467,-4.13303,-3.65177,2.3964,0.28811,71.86347,-9.127678,-1.027011,0.494377,,,,,,,,,,,,1.7713,-1.77925,-0.90692,50,6.48803,0.86324,-111.75281,-1.33282,2.27391,17.28093,-34.45817,LEX_LEG,GAS,WildHealthField,Independent,ATL,20250827-WildHealthField-1,527208e0-839b-11f0-af3f-87f56c6d82ca,76.24236,,,4.9217,,,,,,,c1155f88-51df-438a-a1d8-1ae778e78cfd,2025-08-27,23:12:37.36,2025-08-27T18:12:37.3697536-05:00,2025-08-27T23:12:37.3697536Z,,v3,495,5508,,"Olmeda, Alexis",663406,Right,GAS,92f7ef98-b9ac-4283-8de1-37ace2011a6c,54.93081,-112.5127,8.64046,6.51333,0.18241,-17.22909,-0.94268,0.76325,1.13695,,,,,,,,,,,,,,,,,,,,,,,,,,,,,,,,,,,,,,,,,,,,,,,,,,,High,High,High,,,,,
45,2025-08-27,18:13:00.91,7,5,"Hartman, Matt",666929,Right,GAS,"Fuentes, Brian",1000059283,Right,LEX_LEG,Undefined,1,Bottom,2,2,2,Undefined,Curveball,BallCalled,Undefined,Undefined,Undefined,0,0,,76.96493,-1.491228,-1.376235,1999.04898,30.577243,7:00,6.47612,0.8403,5.77662,-51.66196,-4.78748,-3.58425,0.78262,-0.73926,72.0701,-10.851429,-2.020576,0.492765,,,,,,,,,,,,1.49209,-1.67575,-0.72443,50,6.3215,2.81802,-111.92631,-4.56308,1.91159,18.32219,-34.3209,LEX_LEG,GAS,WildHealthField,Independent,ATL,20250827-WildHealthField-1,6067a4a0-839b-11f0-af3f-87f56c6d82ca,76.49176,,,4.89483,,,,,,,c1155f88-51df-438a-a1d8-1ae778e78cfd,2025-08-27,23:13:00.91,2025-08-27T18:13:00.9194496-05:00,2025-08-27T23:13:00.9194496Z,,v3,495,5508,,"Olmeda, Alexis",663406,Right,GAS,24e54fbf-ae2f-445b-b7f0-15f4e4f7e4f7,54.72738,-112.69751,9.16109,6.48316,-3.11847,-17.16045,-0.84135,2.73755,0.95579,,,,,,,,,,,,,,,,,,,,,,,,,,,,,,,,,,,,,,,,,,,,,,,,,,,High,High,High,,,,,
46,2025-08-27,18:13:24.09,7,6,"Hartman, Matt",666929,Right,GAS,"Fuentes, Brian",1000059283,Right,LEX_LEG,Undefined,1,Bottom,2,3,2,Undefined,Four-Seam,StrikeSwinging,Strikeout,Undefined,Undefined,0,0,,87.44598,-3.014957,-1.197307,2157.059516,207.642918,1:00,6.53728,1.06502,6.0306,-15.22717,20.80718,10.34693,2.47304,0.81829,80.81797,-5.909634,0.664578,0.432046,,,,,,,,,,,,-5.62681,11.79619,-0.977,50,6.29295,2.23956,-127.01991,-7.0997,-9.29218,23.38173,-12.69369,LEX_LEG,GAS,WildHealthField,Independent,ATL,20250827-WildHealthField-1,6e4aa2c0-839b-11f0-af3f-87f56c6d82ca,87.24174,,,6.62802,,,,,,,c1155f88-51df-438a-a1d8-1ae778e78cfd,2025-08-27,23:13:24.09,2025-08-27T18:13:24.0980000-05:00,2025-08-27T23:13:24.0980000Z,,v3,495,5508,,"Olmeda, Alexis",663406,Right,GAS,d5705204-adc5-4d3e-9db1-fab3ffffef82,54.47072,-127.84023,11.69087,6.53422,-6.65436,-6.34685,-1.06129,2.56556,-4.64609,,,,,,,,,,,,,,,,,,,,,,,,,,,,,63.97384,,,1.030225,,,,-1.90289,5.76274,-3.22224,62.51356,6.27283,-62.28019,-1.89876,65.11884,-2.51901,5.82894,16.35406,-15.43368,-3.30237,-64.41991,6.93749,High,High,High,,,High,High,High
47,2025-08-27,18:15:48.66,1,1,"Wicklander, Patrick",677353,Left,LEX_LEG,"De La Rosa, Eric",680763,Right,GAS,Undefined,2,Top,0,0,0,Undefined,Four-Seam,StrikeCalled,Undefined,Undefined,Undefined,0,0,,91.56057,-1.615117,3.22646,2374.766459,145.508686,10:45,5.46568,-1.6901,5.45679,-15.94087,18.16009,-11.69178,2.62256,0.35909,83.21995,-4.638533,1.149418,0.420295,,,,,,,,,,,,6.78331,9.92808,1.41348,50,5.3124,-6.93205,-132.62319,-4.24816,12.04032,29.26601,-14.55183,LEX_LEG,GAS,WildHealthField,Independent,ATL,20250827-WildHealthField-1,c45b1b40-839b-11f0-af3f-87f56c6d82ca,89.68084,,,8.34062,,,,,,,c1155f88-51df-438a-a1d8-1ae778e78cfd,2025-08-27,23:15:48.66,2025-08-27T18:15:48.6663168-05:00,2025-08-27T23:15:48.6663168Z,,v3,495,5508,,"Quiroz, Isaias",657728,Right,LEX_LEG,1f538e39-5ef2-41da-9155-9a00e03b9da2,55.04187,-133.73115,14.63301,5.4628,-3.69725,-7.27592,1.68454,-7.38788,6.02016,,,,,,,,,,,,,,,,,,,,,,,,,,,,,,,,,,,,,,,,,,,,,,,,,,,High,High,High,,,,,
48,2025-08-27,18:16:06.46,1,2,"Wicklander, Patrick",677353,Left,LEX_LEG,"De La Rosa, Eric",680763,Right,GAS,Undefined,2,Top,0,0,1,Undefined,Four-Seam,InPlay,Undefined,FlyBall,Out,1,0,,91.7187,-1.756471,3.984247,2419.680798,141.391766,10:45,5.51227,-1.78337,5.32321,-17.35969,16.72217,-12.46894,2.41278,0.92256,83.67513,-5.014016,1.777373,0.420178,99.0516,43.391595,-8.553227,3111.956892,109.16744,102.22782,-13.50543,330.30357,312.82104,-0.342077,6.348007,7.38075,9.20686,1.43171,50,5.34077,-8.67451,-132.79035,-4.67386,13.18155,28.37727,-15.73119,LEX_LEG,GAS,WildHealthField,Independent,ATL,20250827-WildHealthField-1,cf0e3630-839b-11f0-af3f-87f56c6d82ca,89.70594,143.23059,,8.04358,,,,1.53174,2.49639,-0.88844,c1155f88-51df-438a-a1d8-1ae778e78cfd,2025-08-27,23:16:06.46,2025-08-27T18:16:06.4613376-05:00,2025-08-27T23:16:06.4613376Z,FlyBall,v3,495,5508,,"Quiroz, Isaias",657728,Right,LEX_LEG,a5279911-ac10-44ee-a82f-d131cad62aa9,55.1776,-133.89223,14.18863,5.5104,-4.06303,-7.8656,1.77847,-9.18635,6.59077,186.791166,1.5419,104.21986,-24.49952,5.90387,-0.97947,0.09822,-0.00397,-9E-05,1E-05,2.49199,99.85876,-21.04601,1.57018,-0.11228,-0.0457,0.01757,-0.00237,0.00011,-0.8906,-15.6648,5.94032,-1.08553,0.11253,0.00095,-0.00152,0.00011,0,,,,,,,,,,,,,,,,,,,,,,,High,High,High,High,Medium,,,
49,2025-08-27,18:16:48.75,2,1,"Wicklander, Patrick",677353,Left,LEX_LEG,"Crook, Narciso",643271,Right,GAS,Undefined,2,Top,1,0,0,Undefined,Four-Seam,StrikeCalled,Undefined,Undefined,Undefined,0,0,,91.64587,-1.567036,2.122693,2424.542842,143.965576,10:45,5.42605,-1.79878,5.3045,-16.73702,17.4493,-11.86217,2.55885,-0.79367,83.32189,-4.723252,0.018191,0.420821,,,,,,,,,,,,6.52666,9.51473,1.61476,50,5.27186,-4.36266,-132.83389,-4.19201,11.61728,29.45788,-15.23813,LEX_LEG,GAS,WildHealthField,Independent,ATL,20250827-WildHealthField-1,e8284c50-839b-11f0-af3f-87f56c6d82ca,89.56876,,,8.32398,,,,,,,c1155f88-51df-438a-a1d8-1ae778e78cfd,2025-08-27,23:16:48.75,2025-08-27T18:16:48.7576576-05:00,2025-08-27T23:16:48.7576576Z,,v3,495,5508,,"Quiroz, Isaias",657728,Right,LEX_LEG,671feaa7-7b02-440b-80be-2e8e469bdb00,55.19422,-133.98084,14.72894,5.42353,-3.59871,-7.61906,1.79343,-4.81498,5.80864,,,,,,,,,,,,,,,,,,,,,,,,,,,,,,,,,,,,,,,,,,,,,,,,,,,High,High,High,,,,,
50,2025-08-27,18:17:04.01,2,2,"Wicklander, Patrick",677353,Left,LEX_LEG,"Crook, Narciso",643271,Right,GAS,Undefined,2,Top,1,0,1,Undefined,Changeup,BallCalled,Undefined,Undefined,Undefined,0,0,,84.20729,-2.298857,3.319999,2293.647768,112.600418,9:45,5.29338,-1.78712,5.9076,-30.91927,8.59008,-17.58265,0.57816,-0.16714,77.28065,-8.018073,0.1642,0.452399,,,,,,,,,,,,10.03276,5.40851,1.53071,50,5.09057,-6.40475,-122.1103,-5.89906,15.13225,24.28306,-24.0165,LEX_LEG,GAS,WildHealthField,Independent,ATL,20250827-WildHealthField-1,f15abab0-839b-11f0-af3f-87f56c6d82ca,83.31687,,,6.92664,,,,,,,c1155f88-51df-438a-a1d8-1ae778e78cfd,2025-08-27,23:17:04.01,2025-08-27T18:17:04.0157184-05:00,2025-08-27T23:17:04.0157184Z,,v3,495,5508,,"Quiroz, Isaias",657728,Right,LEX_LEG,49a87e9f-af77-4f27-b77e-2aab0005e741,54.59502,-123.02068,12.14153,5.29485,-4.99867,-12.00825,1.78146,-6.97206,7.56613,,,,,,,,,,,,,,,,,,,,,,,,,,,,,,,,,,,,,,,,,,,,,,,,,,,High,High,High,,,,,
51,2025-08-27,18:17:20.20,2,3,"Wicklander, Patrick",677353,Left,LEX_LEG,"Crook, Narciso",643271,Right,GAS,Undefined,2,Top,1,1,1,Undefined,Changeup,StrikeSwinging,Undefined,Undefined,Undefined,0,0,,83.85568,-0.431771,2.577286,2304.511988,114.611252,9:45,5.17801,-1.91262,5.83845,-31.40545,8.09733,-15.16977,2.15916,-0.7797,77.40837,-6.236569,-0.14178,0.452361,,,,,,,,,,,,8.41229,4.60626,1.71142,50,5.12419,-4.88377,-121.8404,-1.94361,12.75421,22.01145,-25.1903,LEX_LEG,GAS,WildHealthField,Independent,ATL,20250827-WildHealthField-1,fb0f0340-839b-11f0-af3f-87f56c6d82ca,83.32378,,,6.44731,,,,,,,c1155f88-51df-438a-a1d8-1ae778e78cfd,2025-08-27,23:17:20.20,2025-08-27T18:17:20.2079232-05:00,2025-08-27T23:17:20.2079232Z,,v3,495,5508,,"Quiroz, Isaias",657728,Right,LEX_LEG,8a7864ad-929a-46ad-aea7-bd4af248f649,54.66357,-122.68002,11.00573,5.18,-0.98274,-12.59515,1.90699,-5.37027,6.37711,,,,,,,,,,,,,,,,,,,,,,,,,,,,,,,,,,,,,,,,,,,,,,,,,,,High,High,High,,,,,
52,2025-08-27,18:17:47.17,2,4,"Wicklander, Patrick",677353,Left,LEX_LEG,"Crook, Narciso",643271,Right,GAS,Undefined,2,Top,1,1,2,Undefined,Four-Seam,InPlay,Undefined,GroundBall,Out,1,0,,93.13447,-2.074333,3.537636,2481.767249,141.270521,10:45,5.4137,-1.74027,5.57762,-16.37399,16.39836,-12.2854,2.10724,0.5443,84.86153,-5.167092,1.350971,0.412026,99.64338,-7.270751,-39.790242,,,,,19.43754,18.21638,-37.757612,0.120988,7.25095,9.21875,1.44384,50,5.22434,-7.78386,-134.91572,-5.43347,13.33782,29.90367,-15.21656,LEX_LEG,GAS,WildHealthField,Independent,ATL,20250827-WildHealthField-1,0b104d80-839c-11f0-af3f-87f56c6d82ca,91.48062,2.24055,,8.27294,,,,1.87346,2.24055,-0.66314,c1155f88-51df-438a-a1d8-1ae778e78cfd,2025-08-27,23:17:47.17,2025-08-27T18:17:47.1720448-05:00,2025-08-27T23:17:47.1720448Z,GroundBall,v3,495,5508,,"Quiroz, Isaias",657728,Right,LEX_LEG,abacf36b-026e-43cf-9c23-6a5ca7faea07,54.92326,-136.00256,14.95183,5.41178,-4.88042,-7.60828,1.73556,-8.26862,6.66891,180,1.87075,111.53173,,,,,,,,2.241,-18.51876,,,,,,,,-0.66088,-92.89256,,,,,,,,,,,,,,,,,,,,,,,,,,,,,,High,High,High,High,Medium,,,
53,2025-08-27,18:18:22.11,3,1,"Wicklander, Patrick",677353,Left,LEX_LEG,"Reinheimer, Jack",595373,Right,GAS,Undefined,2,Top,2,0,0,Undefined,Four-Seam,StrikeCalled,Undefined,Undefined,Undefined,0,0,,92.29648,-2.170545,2.183461,2437.620589,141.681993,10:45,5.42877,-1.74117,5.34829,-16.3954,17.23879,-12.73993,2.02406,-0.75375,84.05042,-5.259615,-0.078722,0.417409,,,,,,,,,,,,7.00906,9.59682,1.55387,50,5.22175,-4.50252,-133.76684,-5.62039,12.66377,29.61844,-14.83477,LEX_LEG,GAS,WildHealthField,Independent,ATL,20250827-WildHealthField-1,1fefc730-839c-11f0-af3f-87f56c6d82ca,90.30091,,,8.24606,,,,,,,c1155f88-51df-438a-a1d8-1ae778e78cfd,2025-08-27,23:18:22.11,2025-08-27T18:18:22.1112320-05:00,2025-08-27T23:18:22.1112320Z,,v3,495,5508,,"Quiroz, Isaias",657728,Right,LEX_LEG,6f4aedf7-5a69-4b03-b880-c048bc8afebc,55.15136,-134.90263,14.80922,5.42637,-5.05152,-7.41739,1.73584,-4.98814,6.33188,,,,,,,,,,,,,,,,,,,,,,,,,,,,,,,,,,,,,,,,,,,,,,,,,,,High,High,High,,,,,
54,2025-08-27,18:18:36.68,3,2,"Wicklander, Patrick",677353,Left,LEX_LEG,"Reinheimer, Jack",595373,Right,GAS,Undefined,2,Top,2,0,1,Undefined,Changeup,FoulBallNotFieldable,Undefined,Undefined,Undefined,0,0,,84.4228,-0.595835,2.725074,2253.960694,116.955304,10:00,5.17379,-1.76594,5.93413,-30.78202,8.37473,-14.03367,2.05517,-0.40525,77.32536,-6.31455,0.205479,0.450376,57.50853,-35.841292,-83.9908,,,,,4.12876,3.89721,-37.348211,0.044517,8.013,4.81713,1.55641,50,5.10866,-5.28835,-122.57382,-2.26,12.18469,24.33954,-24.84907,LEX_LEG,GAS,WildHealthField,Independent,ATL,20250827-WildHealthField-1,289ab610-839c-11f0-af3f-87f56c6d82ca,83.69114,2.20916,,7.09744,,,,2.96203,2.20916,0.53688,c1155f88-51df-438a-a1d8-1ae778e78cfd,2025-08-27,23:18:36.68,2025-08-27T18:18:36.6818304-05:00,2025-08-27T23:18:36.6818304Z,GroundBall,v3,495,5508,,"Quiroz, Isaias",657728,Right,LEX_LEG,49a86e16-ea84-4440-adf9-481b3a684f91,54.56781,-123.47752,12.16977,5.17544,-1.33738,-12.42454,1.76116,-5.74075,6.09235,180,2.96178,7.1924,,,,,,,,2.21086,-49.62554,,,,,,,,0.53923,-68.32557,,,,,,,,,,,,,,,,,,,,,,,,,,,,,,High,High,High,Low,Low,,,
55,2025-08-27,18:18:57.91,3,3,"Wicklander, Patrick",677353,Left,LEX_LEG,"Reinheimer, Jack",595373,Right,GAS,Undefined,2,Top,2,0,2,Undefined,Sinker,BallCalled,Undefined,Undefined,Undefined,0,0,,92.54134,-1.108159,1.587584,2483.852629,130.547226,10:15,5.47897,-1.80765,5.65503,-18.05887,15.16481,-16.37899,2.94002,-1.69153,83.74815,-4.526034,-1.338987,0.414854,,,,,,,,,,,,8.75087,8.35823,1.68355,50,5.37382,-2.96438,-134.21273,-3.18539,15.80476,31.71336,-17.07839,LEX_LEG,GAS,WildHealthField,Independent,ATL,20250827-WildHealthField-1,3523a270-839c-11f0-af3f-87f56c6d82ca,90.85707,,,8.7932,,,,,,,c1155f88-51df-438a-a1d8-1ae778e78cfd,2025-08-27,23:18:57.91,2025-08-27T18:18:57.9198976-05:00,2025-08-27T23:18:57.9198976Z,,v3,495,5508,,"Quiroz, Isaias",657728,Right,LEX_LEG,432368e9-079b-4f8f-9e6b-fb1cbc2b655e,54.84367,-135.35241,15.85668,5.47727,-2.57164,-8.53919,1.80029,-3.53235,7.90238,,,,,,,,,,,,,,,,,,,,,,,,,,,,,,,,,,,,,,,,,,,,,,,,,,,High,High,High,,,,,
56,2025-08-27,18:19:16.79,3,4,"Wicklander, Patrick",677353,Left,LEX_LEG,"Reinheimer, Jack",595373,Right,GAS,Undefined,2,Top,2,1,2,Undefined,Sinker,BallCalled,Undefined,Undefined,Undefined,0,0,,92.95712,0.22498,2.824283,2445.015066,131.878002,10:30,5.41543,-1.68873,5.73129,-17.32717,15.35087,-15.92627,4.18128,-0.38349,84.40931,-3.060927,-0.021287,0.411433,,,,,,,,,,,,8.83414,8.03855,1.46262,50,5.42361,-5.9132,-134.81813,-0.02308,16.20547,30.21581,-17.42801,LEX_LEG,GAS,WildHealthField,Independent,ATL,20250827-WildHealthField-1,4062a9b0-839c-11f0-af3f-87f56c6d82ca,91.6125,,,8.5478,,,,,,,c1155f88-51df-438a-a1d8-1ae778e78cfd,2025-08-27,23:19:16.79,2025-08-27T18:19:16.7904768-05:00,2025-08-27T23:19:16.7904768Z,,v3,495,5508,,"Quiroz, Isaias",657728,Right,LEX_LEG,eaeda1d0-536d-48b1-88aa-43ce7669a555,54.76746,-135.88242,15.10791,5.41361,0.59079,-8.71401,1.68095,-6.484,8.10273,,,,,,,,,,,,,,,,,,,,,,,,,,,,,,,,,,,,,,,,,,,,,,,,,,,High,High,High,,,,,
57,2025-08-27,18:19:33.37,3,5,"Wicklander, Patrick",677353,Left,LEX_LEG,"Reinheimer, Jack",595373,Right,GAS,Undefined,2,Top,2,2,2,Undefined,Changeup,FoulBallNotFieldable,Undefined,Undefined,Undefined,0,0,,84.67571,-0.034912,2.105345,2374.81361,109.825053,9:45,5.19283,-1.81494,5.84653,-31.41155,7.78103,-18.01273,2.54274,-1.35861,77.17715,-5.873596,-1.125095,0.450581,60.5443,26.535052,63.810728,4438.916585,38.77416,20.29347,102.93957,153.95188,99.1507,71.62743,2.357587,9.84721,4.36162,1.65434,50,5.17159,-3.79551,-122.93232,-1.1012,14.99066,25.55313,-25.53423,LEX_LEG,GAS,WildHealthField,Independent,ATL,20250827-WildHealthField-1,4a6698e0-839c-11f0-af3f-87f56c6d82ca,83.6529,23.86174,,7.49856,,,,1.24281,2.54338,1.3213,c1155f88-51df-438a-a1d8-1ae778e78cfd,2025-08-27,23:19:33.37,2025-08-27T18:19:33.3794816-05:00,2025-08-27T23:19:33.3794816Z,LineDrive,v3,495,5508,,"Quiroz, Isaias",657728,Right,LEX_LEG,67c7ed2a-e833-4623-9339-b77bb056da0b,54.65471,-123.89609,12.77657,5.19496,-0.13815,-12.76712,1.80815,-4.3609,7.49533,242.925749,1.2428,35.06304,-9.97805,2.48787,-0.69588,0.24627,-0.08347,0.01603,-0.00117,2.54337,39.67043,-19.85183,1.52613,-0.26171,0.04037,-0.00905,0.00378,-0.00058,1.32133,71.28657,-5.54332,0.69743,0.06052,-0.14651,0.07991,-0.02201,0.00249,,,,,,,,,,,,,,,,,,,,,,,High,High,High,High,Medium,,,
58,2025-08-27,18:20:03.96,3,6,"Wicklander, Patrick",677353,Left,LEX_LEG,"Reinheimer, Jack",595373,Right,GAS,Undefined,2,Top,2,2,2,Undefined,Sinker,FoulBallNotFieldable,Undefined,Undefined,Undefined,0,0,,92.73826,-0.690741,2.664668,2487.52835,134.732274,10:30,5.44398,-1.75115,5.61207,-16.47981,16.67603,-15.67087,3.4252,-0.56806,83.83231,-3.828493,-0.129923,0.41443,73.91012,57.902901,154.397532,4451.91153,-100.16031,90.44119,45.47423,211.14311,70.87762,156.367458,4.398418,8.75134,8.98934,1.53368,50,5.37457,-5.53824,-134.42986,-2.14617,15.86222,31.72812,-15.88052,LEX_LEG,GAS,WildHealthField,Independent,ATL,20250827-WildHealthField-1,5ca0e330-839c-11f0-af3f-87f56c6d82ca,90.95,90.44627,,8.90595,,,,1.22536,3.711,0.42208,c1155f88-51df-438a-a1d8-1ae778e78cfd,2025-08-27,23:20:03.96,2025-08-27T18:20:03.9661568-05:00,2025-08-27T23:20:03.9661568Z,Popup,v3,495,5508,,"Quiroz, Isaias",657728,Right,LEX_LEG,19d319a3-c969-4d35-b52f-3f8574d398ea,54.8875,-135.5785,15.86406,5.44186,-1.57126,-7.94026,1.74457,-6.11249,7.93111,353.702892,1.22337,-51.89834,-0.45666,1.44016,-0.62543,0.18968,-0.02958,0.00173,1E-05,3.71248,91.7909,-29.39523,3.42047,-0.3421,-0.11782,0.05549,-0.00879,0.0005,0.42308,24.86651,-1.31153,-0.20332,0.20614,-0.08426,0.01641,-0.00141,4E-05,,,,,,,,,,,,,,,,,,,,,,,High,High,High,High,Low,,,
59,2025-08-27,18:20:32.82,3,7,"Wicklander, Patrick",677353,Left,LEX_LEG,"Reinheimer, Jack",595373,Right,GAS,Undefined,2,Top,2,2,2,Undefined,Sinker,BallCalled,Undefined,Undefined,Undefined,0,0,,92.97358,0.324512,1.91027,2436.803326,131.025918,10:15,5.41443,-1.81693,5.69013,-17.32584,15.65009,-16.64552,4.27324,-1.42296,83.72382,-2.977881,-1.064326,0.413304,,,,,,,,,,,,8.97123,8.15729,1.66645,50,5.43109,-3.71555,-134.78815,0.21597,16.29193,32.81456,-17.36024,LEX_LEG,GAS,WildHealthField,Independent,ATL,20250827-WildHealthField-1,6db7bc20-839c-11f0-af3f-87f56c6d82ca,91.19779,,,9.24976,,,,,,,c1155f88-51df-438a-a1d8-1ae778e78cfd,2025-08-27,23:20:32.82,2025-08-27T18:20:32.8285696-05:00,2025-08-27T23:20:32.8285696Z,,v3,495,5508,,"Quiroz, Isaias",657728,Right,LEX_LEG,5aa41503-8602-4665-8231-dd20aad6d757,54.80736,-135.95348,16.40728,5.41247,0.83248,-8.68012,1.80867,-4.29412,8.14596,,,,,,,,,,,,,,,,,,,,,,,,,,,,,,,,,,,,,,,,,,,,,,,,,,,High,High,High,,,,,
60,2025-08-27,18:20:50.53,3,8,"Wicklander, Patrick",677353,Left,LEX_LEG,"Reinheimer, Jack",595373,Right,GAS,Undefined,2,Top,2,3,2,Undefined,Four-Seam,FoulBallNotFieldable,Undefined,Undefined,Undefined,0,0,,92.33028,-1.487463,2.962788,2400.362236,127.367724,10:15,5.40799,-1.75538,5.66611,-17.66359,15.8817,-19.20418,2.54687,-0.59061,83.20366,-4.844996,-0.465547,0.416857,69.90547,72.217498,138.828073,4461.941831,,,,,23.31354,,,10.7128,8.88579,1.51732,50,5.27127,-6.05421,-133.74456,-4.04308,19.13233,32.61579,-16.30462,LEX_LEG,GAS,WildHealthField,Independent,ATL,20250827-WildHealthField-1,785f1740-839c-11f0-af3f-87f56c6d82ca,90.42049,58.15126,,9.12662,,,,1.67813,2.60974,0.5881,c1155f88-51df-438a-a1d8-1ae778e78cfd,2025-08-27,23:20:50.53,2025-08-27T18:20:50.5326592-05:00,2025-08-27T23:20:50.5326592Z,,v3,495,5508,,"Quiroz, Isaias",657728,Right,LEX_LEG,68d4f7a9-7538-49e4-bb5c-061419ee6a94,54.83384,-134.91822,16.30789,5.4062,-3.45636,-8.15231,1.74756,-6.74267,9.56617,357.730488,1.67813,-23.57095,-4.45564,1.88488,0.66693,-2.11358,2.36087,-1.50984,0.45825,2.60974,97.62905,-29.94271,3.81354,-0.37215,-0.60839,0.88854,-0.69962,0.25332,0.5881,20.61399,2.62489,-0.87572,-0.24213,0.82377,-0.93075,0.60428,-0.18632,,,,,,,,,,,,,,,,,,,,,,,High,High,High,High,Undefined,,,
61,2025-08-27,18:21:17.07,3,9,"Wicklander, Patrick",677353,Left,LEX_LEG,"Reinheimer, Jack",595373,Right,GAS,Undefined,2,Top,2,3,2,Undefined,Sinker,StrikeSwinging,Strikeout,Undefined,Undefined,0,0,,92.27252,-1.287554,2.124659,2389.43841,120.873253,10:00,5.3811,-1.79392,5.63384,-20.22619,13.18072,-20.13265,2.49325,-1.48839,83.67909,-5.085776,-1.470846,0.415996,,,,,,,,,,,,10.79485,7.4004,1.62603,50,5.25874,-4.03817,-133.81433,-3.69837,19.41316,31.07991,-18.86541,LEX_LEG,GAS,WildHealthField,Independent,ATL,20250827-WildHealthField-1,8816fc70-839c-11f0-af3f-87f56c6d82ca,90.60764,,,8.59343,,,,,,,c1155f88-51df-438a-a1d8-1ae778e78cfd,2025-08-27,23:21:17.07,2025-08-27T18:21:17.0740000-05:00,2025-08-27T23:21:17.0740000Z,,v3,495,5508,,"Quiroz, Isaias",657728,Right,LEX_LEG,c66501b2-0885-40c3-8152-60d6defa7281,54.86584,-134.93974,15.53995,5.38029,-3.01524,-9.4327,1.78498,-4.74113,9.70658,,,,,,,,,,,,,,,,,,,,,,,,,,,,,73.3379,2.51206,1.607373,0.904688,-0.78784,2.29346,1.54785,-2.49711,5.87801,5.23002,73.79031,6.17301,51.00243,-2.43786,92.08418,-8.6702,5.88251,10.64169,-11.40967,5.24428,52.91605,-2.58835,High,High,High,,,High,High,High
62,2025-08-27,18:23:37.84,1,1,"Hartman, Matt",666929,Right,GAS,"Quiroz, Isaias",657728,Right,LEX_LEG,Undefined,2,Bottom,0,0,0,Undefined,Curveball,StrikeCalled,Undefined,Undefined,Undefined,0,0,,76.94555,0.044171,-1.10469,2146.7647,14.666097,6:30,6.50799,1.10258,5.69722,-53.54168,-6.11492,-1.97587,2.08735,-0.09167,71.15177,-9.706768,-1.459025,0.495659,,,,,,,,,,,,0.70134,-2.70433,-1.00855,50,6.4781,2.22927,-111.83328,-1.64719,0.88838,20.1277,-35.59961,LEX_LEG,GAS,WildHealthField,Independent,ATL,20250827-WildHealthField-1,dc25ffa0-839c-11f0-af3f-87f56c6d82ca,76.04506,,,5.79378,,,,,,,c1155f88-51df-438a-a1d8-1ae778e78cfd,2025-08-27,23:23:37.84,2025-08-27T18:23:37.8481152-05:00,2025-08-27T23:23:37.8481152Z,,v3,495,5508,,"Olmeda, Alexis",663406,Right,GAS,8b28a77d-62b1-4416-831a-8e56d70655d2,54.80597,-112.69493,10.06385,6.51599,-0.12319,-17.79981,-1.10317,2.19124,0.44419,,,,,,,,,,,,,,,,,,,,,,,,,,,,,,,,,,,,,,,,,,,,,,,,,,,High,High,High,,,,,
63,2025-08-27,18:23:50.21,1,2,"Hartman, Matt",666929,Right,GAS,"Quiroz, Isaias",657728,Right,LEX_LEG,Undefined,2,Bottom,0,0,1,Undefined,Splitter,StrikeSwinging,Undefined,Undefined,Undefined,0,0,,78.89814,-1.137369,-0.978725,803.065511,97.851756,9:15,6.51562,0.91221,5.71366,-44.26865,1.80736,-0.62626,1.76668,-0.05187,71.36683,-9.284831,-1.09104,0.48855,,,,,,,,,,,,-0.01512,1.80457,-0.8299,50,6.39331,1.97763,-114.34685,-3.69752,-0.01959,25.307,-29.83611,LEX_LEG,GAS,WildHealthField,Independent,ATL,20250827-WildHealthField-1,e384bf70-839c-11f0-af3f-87f56c6d82ca,77.15169,,,7.53131,,,,,,,c1155f88-51df-438a-a1d8-1ae778e78cfd,2025-08-27,23:23:50.21,2025-08-27T18:23:50.2185472-05:00,2025-08-27T23:23:50.2185472Z,,v3,495,5508,,"Olmeda, Alexis",663406,Right,GAS,09ee8762-829c-4f6c-81b5-bc8c1e301e95,54.7846,-115.40091,12.6535,6.52144,-2.45482,-14.91805,-0.91229,1.97845,-0.00979,,,,,,,,,,,,,,,,,,,,,,,,,,,,,,,,,,,,,,,,,,,,,,,,,,,High,High,High,,,,,
64,2025-08-27,18:24:04.79,1,3,"Hartman, Matt",666929,Right,GAS,"Quiroz, Isaias",657728,Right,LEX_LEG,Undefined,2,Bottom,0,0,2,Undefined,Four-Seam,StrikeCalled,Strikeout,Undefined,Undefined,0,0,,87.79642,-2.662792,-2.504878,2309.828547,209.326163,1:00,6.46806,1.0769,5.90034,-15.42107,21.18521,11.183,2.70679,-0.31811,79.64125,-5.631798,-0.499689,0.435461,,,,,,,,,,,,-6.44859,12.00032,-0.8816,50,6.24473,5.0911,-127.20221,-6.32273,-10.48325,27.99127,-12.66555,LEX_LEG,GAS,WildHealthField,Independent,ATL,20250827-WildHealthField-1,ec280d30-839c-11f0-af3f-87f56c6d82ca,86.55756,,,8.15517,,,,,,,c1155f88-51df-438a-a1d8-1ae778e78cfd,2025-08-27,23:24:04.79,2025-08-27T18:24:04.7950000-05:00,2025-08-27T23:24:04.7950000Z,,v3,495,5508,,"Olmeda, Alexis",663406,Right,GAS,d4e8075a-e0b2-4053-91a4-cf4a6f107971,54.59793,-128.21,13.99563,6.46416,-5.86672,-6.33278,-1.07169,5.46854,-5.24163,,,,,,,,,,,,,,,,,,,,,,,,,,,,,49.01717,2.887696,1.378662,1.509033,-0.15756,2.55006,0.33102,-5.5589,4.19821,3.34752,75.35304,6.36877,49.44395,-5.45968,58.65626,-3.39543,4.28358,23.58633,-14.7269,3.36876,31.97705,-0.95985,High,High,High,,,High,High,High
65,2025-08-27,18:24:35.59,2,1,"Hartman, Matt",666929,Right,GAS,"McCarthy, Ryan",804884,Left,LEX_LEG,Undefined,2,Bottom,1,0,0,Undefined,Four-Seam,StrikeCalled,Undefined,Undefined,Undefined,0,0,,88.17618,-3.062584,-2.605144,2293.384662,213.337541,1:00,6.35434,1.33321,5.92651,-16.22363,19.97092,12.32154,2.15492,-0.05899,80.22358,-6.164873,-0.394525,0.433005,,,,,,,,,,,,-7.0726,11.49957,-1.1317,50,6.09979,5.29724,-127.75121,-7.28553,-11.62399,27.66915,-13.27423,LEX_LEG,GAS,WildHealthField,Independent,ATL,20250827-WildHealthField-1,fe8aa000-839c-11f0-af3f-87f56c6d82ca,87.0485,,,7.9526,,,,,,,c1155f88-51df-438a-a1d8-1ae778e78cfd,2025-08-27,23:24:35.59,2025-08-27T18:24:35.5979776-05:00,2025-08-27T23:24:35.5979776Z,,v3,495,5508,,"Olmeda, Alexis",663406,Right,GAS,31dc698f-4921-4b01-85b4-05b3a1521f77,54.57292,-128.73784,13.83458,6.35114,-6.8122,-6.63711,-1.32798,5.71172,-5.81199,,,,,,,,,,,,,,,,,,,,,,,,,,,,,,,,,,,,,,,,,,,,,,,,,,,High,High,High,,,,,
66,2025-08-27,18:24:50.63,2,2,"Hartman, Matt",666929,Right,GAS,"McCarthy, Ryan",804884,Left,LEX_LEG,Undefined,2,Bottom,1,0,1,Undefined,Curveball,StrikeSwinging,Undefined,Undefined,Undefined,0,0,,77.49038,-0.958825,-1.437753,2013.831227,2.221757,6:00,6.34297,1.04785,5.77796,-52.02904,-5.26323,-0.26051,1.11467,-0.31197,71.62175,-10.434011,-1.484568,0.492193,,,,,,,,,,,,-0.27752,-2.06189,-0.92896,50,6.23195,2.83511,-112.5839,-3.54209,-0.35515,20.99224,-34.81278,LEX_LEG,GAS,WildHealthField,Independent,ATL,20250827-WildHealthField-1,079a4420-839d-11f0-af3f-87f56c6d82ca,76.58057,,,5.86863,,,,,,,c1155f88-51df-438a-a1d8-1ae778e78cfd,2025-08-27,23:24:50.63,2025-08-27T18:24:50.6351616-05:00,2025-08-27T23:24:50.6351616Z,,v3,495,5508,,"Olmeda, Alexis",663406,Right,GAS,24670779-d76b-4af0-8dff-05e766e39980,54.72545,-113.46158,10.49612,6.34962,-2.08657,-17.40639,-1.04781,2.84996,-0.17758,,,,,,,,,,,,,,,,,,,,,,,,,,,,,,,,,,,,,,,,,,,,,,,,,,,High,High,High,,,,,
67,2025-08-27,18:25:05.31,2,3,"Hartman, Matt",666929,Right,GAS,"McCarthy, Ryan",804884,Left,LEX_LEG,Undefined,2,Bottom,1,0,2,Undefined,Slider,StrikeSwinging,Strikeout,Undefined,Undefined,0,0,,79.01472,-1.791921,-1.007295,3360.395174,175.140132,11:45,6.47451,0.98785,5.4957,-41.9327,4.32244,-0.22224,1.3031,0.02699,71.63688,-9.477613,-1.046985,0.489499,,,,,,,,,,,,-0.22406,3.2452,-0.89956,50,6.28952,2.02125,-114.46419,-4.95937,-0.29153,24.92259,-27.95148,LEX_LEG,GAS,WildHealthField,Independent,ATL,20250827-WildHealthField-1,1042c200-839d-11f0-af3f-87f56c6d82ca,77.00212,,,7.37784,,,,,,,c1155f88-51df-438a-a1d8-1ae778e78cfd,2025-08-27,23:25:05.31,2025-08-27T18:25:05.3120000-05:00,2025-08-27T23:25:05.3120000Z,,v3,495,5508,,"Olmeda, Alexis",663406,Right,GAS,8851f950-025a-4cf9-88aa-8090d930c574,55.0032,-115.54841,12.46129,6.47882,-3.74338,-13.97574,-0.98777,2.03393,-0.14576,,,,,,,,,,,,,,,,,,,,,,,,,,,,,48.28121,,,1.634814,,,,-3.26245,4.29004,1.60908,76.48792,8.95851,-48.31775,-3.15136,53.40804,-2.88181,4.43142,27.16927,-14.94005,1.49359,-34.64505,2.56569,High,High,High,,,High,High,High
68,2025-08-27,18:25:50.22,3,1,"Hartman, Matt",666929,Right,GAS,"Rock, Dylan",676423,Right,LEX_LEG,Undefined,2,Bottom,2,0,0,Undefined,Four-Seam,BallCalled,Undefined,Undefined,Undefined,0,0,,88.97155,-3.601862,-0.971679,2318.115031,205.908916,12:45,6.51633,1.12003,5.87991,-14.58583,20.8834,9.57398,1.95082,1.01535,81.28736,-6.391105,0.7464,0.428645,,,,,,,,,,,,-5.17815,12.06642,-1.0471,50,6.21657,1.7848,-128.98357,-8.51396,-8.70671,27.3052,-11.88514,LEX_LEG,GAS,WildHealthField,Independent,ATL,20250827-WildHealthField-1,2b038340-839d-11f0-af3f-87f56c6d82ca,87.93401,,,7.68418,,,,,,,c1155f88-51df-438a-a1d8-1ae778e78cfd,2025-08-27,23:25:50.22,2025-08-27T18:25:50.2204416-05:00,2025-08-27T23:25:50.2204416Z,,v3,495,5508,,"Olmeda, Alexis",663406,Right,GAS,57c8ec1a-9098-4644-92b9-f21485ecc7ce,54.62002,-129.95792,13.6526,6.51282,-8.08985,-5.94257,-1.11633,2.09549,-4.35335,,,,,,,,,,,,,,,,,,,,,,,,,,,,,,,,,,,,,,,,,,,,,,,,,,,High,High,High,,,,,
69,2025-08-27,18:26:07.18,3,2,"Hartman, Matt",666929,Right,GAS,"Rock, Dylan",676423,Right,LEX_LEG,Undefined,2,Bottom,2,1,0,Undefined,Curveball,BallCalled,Undefined,Undefined,Undefined,0,0,,78.28483,-1.674256,-1.628117,2126.716456,10.907999,6:15,6.42512,1.05647,5.60484,-50.54444,-4.61492,-1.15016,0.64905,-0.55967,72.78771,-10.819963,-1.834185,0.487773,,,,,,,,,,,,0.14843,-1.54181,-0.91632,50,6.24854,3.27502,-113.7192,-4.99522,0.19488,20.31921,-34.1986,LEX_LEG,GAS,WildHealthField,Independent,ATL,20250827-WildHealthField-1,352b7530-839d-11f0-af3f-87f56c6d82ca,77.27461,,,5.49712,,,,,,,c1155f88-51df-438a-a1d8-1ae778e78cfd,2025-08-27,23:26:07.18,2025-08-27T18:26:07.1876096-05:00,2025-08-27T23:26:07.1876096Z,,v3,495,5508,,"Olmeda, Alexis",663406,Right,GAS,9274c7f4-71de-407f-b840-937812e42c59,54.8988,-114.59117,10.1596,6.43141,-3.52764,-17.0993,-1.05668,3.26666,0.09744,,,,,,,,,,,,,,,,,,,,,,,,,,,,,,,,,,,,,,,,,,,,,,,,,,,High,High,High,,,,,
70,2025-08-27,18:26:23.84,3,3,"Hartman, Matt",666929,Right,GAS,"Rock, Dylan",676423,Right,LEX_LEG,Undefined,2,Bottom,2,2,0,Undefined,Four-Seam,BallCalled,Undefined,Undefined,Undefined,0,0,,87.73018,-4.196671,-0.997879,2287.326149,205.232906,12:45,6.45852,0.93886,5.98076,-15.44477,20.87052,9.27674,1.27375,0.78684,80.39151,-7.136721,0.670234,0.433727,,,,,,,,,,,,-5.07142,12.2778,-0.86525,50,6.11776,1.84134,-127.15154,-9.7483,-8.30167,26.09753,-12.07595,LEX_LEG,GAS,WildHealthField,Independent,ATL,20250827-WildHealthField-1,3f0aec70-839d-11f0-af3f-87f56c6d82ca,86.90365,,,7.33867,,,,,,,c1155f88-51df-438a-a1d8-1ae778e78cfd,2025-08-27,23:26:23.84,2025-08-27T18:26:23.8481408-05:00,2025-08-27T23:26:23.8481408Z,,v3,495,5508,,"Olmeda, Alexis",663406,Right,GAS,d4ff7e69-f214-4eaa-b63f-4e4a65d2a35a,54.5202,-128.07594,13.04876,6.45548,-9.32055,-6.03797,-0.93568,2.13539,-4.15084,,,,,,,,,,,,,,,,,,,,,,,,,,,,,,,,,,,,,,,,,,,,,,,,,,,High,High,High,,,,,
71,2025-08-27,18:26:41.22,3,4,"Hartman, Matt",666929,Right,GAS,"Rock, Dylan",676423,Right,LEX_LEG,Undefined,2,Bottom,2,3,0,Undefined,Four-Seam,BallCalled,Walk,Undefined,Undefined,0,0,,88.4063,-4.298646,-2.854946,2298.189092,207.865977,1:00,6.43475,0.93152,6.02206,-17.05312,18.52422,9.21245,1.01963,-0.94734,81.4773,-7.511853,-1.199481,0.429297,,,,,,,,,,,,-5.48685,10.99709,-0.71278,50,6.08772,6.01189,-128.04996,-10.12481,-9.17064,24.79574,-13.79369,LEX_LEG,GAS,WildHealthField,Independent,ATL,20250827-WildHealthField-1,49649cc0-839d-11f0-af3f-87f56c6d82ca,87.80035,,,6.929,,,,,,,c1155f88-51df-438a-a1d8-1ae778e78cfd,2025-08-27,23:26:41.22,2025-08-27T18:26:41.2260352-05:00,2025-08-27T23:26:41.2260352Z,,v3,495,5508,,"Olmeda, Alexis",663406,Right,GAS,f37af3e5-e6b0-444d-8cf8-c3bc67e6f14f,54.47891,-128.91435,12.39787,6.43229,-9.64396,-6.89684,-0.92793,6.33158,-4.58532,,,,,,,,,,,,,,,,,,,,,,,,,,,,,,,,,,,,,,,,,,,,,,,,,,,High,High,High,,,,,
72,2025-08-27,18:27:19.70,4,1,"Hartman, Matt",666929,Right,GAS,"Atwood, Andy",664762,Right,LEX_LEG,Undefined,2,Bottom,2,0,0,Undefined,Curveball,StrikeCalled,Undefined,Undefined,Undefined,0,0,,77.71406,-0.410552,-0.54742,2082.80313,9.885696,6:15,6.48851,1.02928,5.65749,-53.25901,-6.53229,-1.39394,1.66735,0.40258,71.67174,-10.101642,-0.797414,0.491987,,,,,,,,,,,,0.5524,-2.7865,-0.98202,50,6.41979,1.13098,-112.91472,-2.56086,0.71049,21.28253,-35.75802,LEX_LEG,GAS,WildHealthField,Independent,ATL,20250827-WildHealthField-1,605dceb0-839d-11f0-af3f-87f56c6d82ca,76.61261,,,6.04232,,,,,,,c1155f88-51df-438a-a1d8-1ae778e78cfd,2025-08-27,23:27:19.70,2025-08-27T18:27:19.7016576-05:00,2025-08-27T23:27:19.7016576Z,,v3,495,5508,,"Olmeda, Alexis",663406,Right,GAS,96ca875c-e494-42b7-9a13-af6f4faf5640,54.84538,-113.82433,10.64126,6.49658,-1.03257,-17.87901,-1.02971,1.10062,0.35525,,,,,,,,,,,,,,,,,,,,,,,,,,,,,,,,,,,,,,,,,,,,,,,,,,,High,High,High,,,,,
73,2025-08-27,18:27:39.81,4,2,"Hartman, Matt",666929,Right,GAS,"Atwood, Andy",664762,Right,LEX_LEG,Undefined,2,Bottom,2,0,1,Undefined,Splitter,StrikeSwinging,Undefined,Undefined,Undefined,0,0,,80.53913,-2.035577,-1.125033,832.324333,151.389954,11:00,6.54821,0.99668,5.72431,-39.89522,4.13961,-1.39177,1.32643,-0.16734,73.19173,-9.37057,-1.374637,0.477606,,,,,,,,,,,,0.34091,3.24732,-0.90186,50,6.35385,2.34685,-116.71679,-5.44884,0.4626,25.30768,-27.76751,LEX_LEG,GAS,WildHealthField,Independent,ATL,20250827-WildHealthField-1,6c6025f0-839d-11f0-af3f-87f56c6d82ca,78.91956,,,7.3474,,,,,,,c1155f88-51df-438a-a1d8-1ae778e78cfd,2025-08-27,23:27:39.81,2025-08-27T18:27:39.8193664-05:00,2025-08-27T23:27:39.8193664Z,,v3,495,5508,,"Olmeda, Alexis",663406,Right,GAS,0077d526-4db4-44b2-baf2-8582f1027899,54.77387,-117.74735,12.65384,6.55271,-4.3181,-13.88376,-0.99705,2.32801,0.2313,,,,,,,,,,,,,,,,,,,,,,,,,,,,,,,,,,,,,,,,,,,,,,,,,,,High,High,High,,,,,
74,2025-08-27,18:28:14.70,4,3,"Hartman, Matt",666929,Right,GAS,"Atwood, Andy",664762,Right,LEX_LEG,Undefined,2,Bottom,2,0,2,Undefined,Curveball,FoulBallNotFieldable,Undefined,Undefined,Undefined,0,0,,78.49751,-0.104028,0.100032,2038.456032,2.255112,6:00,6.53631,1.02042,5.8881,-52.16235,-7.06532,-0.33028,2.09285,1.08578,72.76454,-9.628249,0.040563,0.483332,,,,,,,,,,,,0.19776,-3.27583,-1.02829,50,6.49737,-0.18748,-114.18792,-1.87222,0.2618,20.50655,-36.5106,LEX_LEG,GAS,WildHealthField,Independent,ATL,20250827-WildHealthField-1,81262430-839d-11f0-af3f-87f56c6d82ca,77.9846,,,5.73297,,,,,,,c1155f88-51df-438a-a1d8-1ae778e78cfd,2025-08-27,23:28:14.70,2025-08-27T18:28:14.7036160-05:00,2025-08-27T23:28:14.7036160Z,,v3,495,5508,,"Olmeda, Alexis",663406,Right,GAS,5fc15564-d598-4644-8729-19c52f1e411b,54.61621,-115.01394,10.25327,6.54316,-0.40155,-18.2553,-1.02052,-0.19802,0.1309,,,,,,,,,,,,,,,,,,,,,,,,,,,,,,,,,,,,,,,,,,,,,,,,,,,High,High,High,,,,,
75,2025-08-27,18:28:38.16,4,4,"Hartman, Matt",666929,Right,GAS,"Atwood, Andy",664762,Right,LEX_LEG,Undefined,2,Bottom,2,0,2,Undefined,Splitter,StrikeSwinging,Strikeout,Undefined,Undefined,0,0,,78.82594,-0.577138,-0.13411,958.058955,302.681858,4:00,6.56293,1.0563,5.67076,-45.10097,0.6761,1.40067,2.26639,1.04798,71.87952,-8.853132,0.116839,0.486962,,,,,,,,,,,,-0.75937,0.9265,-1.0459,50,6.48562,0.21489,-114.40404,-2.61232,-0.99404,23.52452,-30.96124,LEX_LEG,GAS,WildHealthField,Independent,ATL,20250827-WildHealthField-1,8f20a1f0-839d-11f0-af3f-87f56c6d82ca,77.40318,,,6.94642,,,,,,,c1155f88-51df-438a-a1d8-1ae778e78cfd,2025-08-27,23:28:38.16,2025-08-27T18:28:38.1660000-05:00,2025-08-27T23:28:38.1660000Z,,v3,495,5508,,"Olmeda, Alexis",663406,Right,GAS,2f789872-4e1a-4132-b0da-4cc56269899d,54.83019,-115.39298,11.76226,6.56808,-1.31075,-15.48062,-1.05582,0.25668,-0.49702,,,,,,,,,,,,,,,,,,,,,,,,,,,,,50.87304,,,1.36167,,,,-2.3072,6.2927,-5.97041,60.2698,9.77567,-64.5387,-2.2156,50.15311,-3.12309,6.40564,22.13364,-14.42271,-6.09798,-48.2157,3.87824,High,High,High,,,High,High,High
76,2025-08-27,18:30:52.12,1,1,"Wicklander, Patrick",677353,Left,LEX_LEG,"Olmeda, Alexis",663406,Right,GAS,Undefined,3,Top,0,0,0,Undefined,Four-Seam,BallCalled,Undefined,Undefined,Undefined,0,0,,90.36596,-1.290363,1.81357,2318.275309,138.096016,10:30,5.44439,-1.70231,5.57657,-17.13946,17.76343,-14.86335,2.81007,-1.24645,81.89075,-4.54628,-0.837535,0.425209,,,,,,,,,,,,8.00611,9.70127,1.55588,50,5.32227,-3.46999,-131.02495,-3.482,13.81014,29.68299,-15.43988,LEX_LEG,GAS,WildHealthField,Independent,ATL,20250827-WildHealthField-1,deda2db0-839d-11f0-af3f-87f56c6d82ca,88.64457,,,8.47522,,,,,,,c1155f88-51df-438a-a1d8-1ae778e78cfd,2025-08-27,23:30:52.12,2025-08-27T18:30:52.1231360-05:00,2025-08-27T23:30:52.1231360Z,,v3,495,5508,,"Quiroz, Isaias",657728,Right,LEX_LEG,a8159954-f0c1-4347-84a5-92ee5aee0f42,54.92159,-132.1352,14.84149,5.44171,-2.90449,-7.71994,1.69533,-3.98655,6.90507,,,,,,,,,,,,,,,,,,,,,,,,,,,,,,,,,,,,,,,,,,,,,,,,,,,High,High,High,,,,,
77,2025-08-27,18:31:06.67,1,2,"Wicklander, Patrick",677353,Left,LEX_LEG,"Olmeda, Alexis",663406,Right,GAS,Undefined,3,Top,0,1,0,Undefined,Four-Seam,StrikeCalled,Undefined,Undefined,Undefined,0,0,,90.39642,-1.087179,2.561038,2378.117306,137.63431,10:30,5.51427,-1.78096,5.677,-16.86674,17.85954,-15.20973,3.09404,-0.65928,81.96748,-4.299348,-0.155023,0.424132,,,,,,,,,,,,8.43717,9.71843,1.57442,50,5.41207,-5.17912,-131.06162,-2.99958,14.57983,29.38305,-15.38014,LEX_LEG,GAS,WildHealthField,Independent,ATL,20250827-WildHealthField-1,e788ed20-839d-11f0-af3f-87f56c6d82ca,88.8697,,,8.42894,,,,,,,c1155f88-51df-438a-a1d8-1ae778e78cfd,2025-08-27,23:31:06.67,2025-08-27T18:31:06.6764288-05:00,2025-08-27T23:31:06.6764288Z,,v3,495,5508,,"Quiroz, Isaias",657728,Right,LEX_LEG,41cf8849-bf53-4589-a284-885a0359727d,54.82178,-132.13821,14.69153,5.51165,-2.43605,-7.69007,1.77397,-5.71332,7.28992,,,,,,,,,,,,,,,,,,,,,,,,,,,,,,,,,,,,,,,,,,,,,,,,,,,High,High,High,,,,,
78,2025-08-27,18:31:21.91,1,3,"Wicklander, Patrick",677353,Left,LEX_LEG,"Olmeda, Alexis",663406,Right,GAS,Undefined,3,Top,0,1,1,Undefined,Four-Seam,StrikeCalled,Undefined,Undefined,Undefined,0,0,,91.36382,-0.795289,2.681645,2453.322391,138.062719,10:30,5.43091,-1.80568,5.59324,-15.57635,18.66442,-15.68367,3.38944,-0.6069,82.45921,-3.780545,-0.114075,0.421156,,,,,,,,,,,,8.69666,10.00776,1.58564,50,5.35274,-5.47436,-132.38142,-2.3012,15.27151,31.0179,-14.60018,LEX_LEG,GAS,WildHealthField,Independent,ATL,20250827-WildHealthField-1,f0981c10-839d-11f0-af3f-87f56c6d82ca,89.49753,,,8.90461,,,,,,,c1155f88-51df-438a-a1d8-1ae778e78cfd,2025-08-27,23:31:21.91,2025-08-27T18:31:21.9163648-05:00,2025-08-27T23:31:21.9163648Z,,v3,495,5508,,"Quiroz, Isaias",657728,Right,LEX_LEG,9f4823ab-e302-4ba5-917d-aa19d290c0e6,54.90459,-133.52565,15.50895,5.4277,-1.76261,-7.30009,1.79798,-6.03772,7.63575,,,,,,,,,,,,,,,,,,,,,,,,,,,,,,,,,,,,,,,,,,,,,,,,,,,High,High,High,,,,,
79,2025-08-27,18:31:38.97,1,4,"Wicklander, Patrick",677353,Left,LEX_LEG,"Olmeda, Alexis",663406,Right,GAS,Undefined,3,Top,0,1,2,Undefined,Four-Seam,FoulBallNotFieldable,Undefined,Undefined,Undefined,0,0,,91.97515,-1.477894,3.517334,2488.135762,135.862897,10:30,5.47994,-1.66181,5.57249,-16.13769,17.6395,-15.97855,2.75174,0.29628,83.26535,-4.550361,0.673169,0.418296,89.15751,53.49289,46.856109,5224.971505,58.65949,122.45076,93.05407,254.08372,107.75406,65.857871,5.759661,9.15056,9.70871,1.36928,50,5.34214,-7.46115,-133.20008,-3.94912,16.3102,30.71723,-14.86899,LEX_LEG,GAS,WildHealthField,Independent,ATL,20250827-WildHealthField-1,fadc96b0-839d-11f0-af3f-87f56c6d82ca,90.10958,131.7417,,8.7098,,,,1.07973,3.07388,-0.6874,c1155f88-51df-438a-a1d8-1ae778e78cfd,2025-08-27,23:31:38.97,2025-08-27T18:31:38.9789184-05:00,2025-08-27T23:31:38.9789184Z,FlyBall,v3,495,5508,,"Quiroz, Isaias",657728,Right,LEX_LEG,5797f22e-c143-47ab-a69c-65ef06b4ada4,54.92751,-134.33161,15.35862,5.47753,-3.40139,-7.43449,1.65519,-8.06197,8.1551,208.972973,1.11094,52.57034,-17.23827,1.69574,1.95516,-1.1237,0.26983,-0.03094,0.00138,3.05412,105.40774,-27.51856,3.9957,-1.04061,0.17919,-0.00748,-0.00192,0.00019,-0.69729,56.91886,-5.79711,1.28789,-0.45152,0.13859,-0.02543,0.00243,-9E-05,,,,,,,,,,,,,,,,,,,,,,,High,High,High,Medium,Low,,,
80,2025-08-27,18:32:01.45,1,5,"Wicklander, Patrick",677353,Left,LEX_LEG,"Olmeda, Alexis",663406,Right,GAS,Undefined,3,Top,0,1,2,Undefined,Four-Seam,BallCalled,Undefined,Undefined,Undefined,0,0,,91.99879,-0.927133,1.612539,2342.700879,133.467542,10:30,5.48811,-1.70092,5.31335,-16.90387,17.30091,-16.94792,3.20882,-1.5993,82.83869,-4.135845,-1.395947,0.420935,,,,,,,,,,,,8.93548,9.29036,1.5672,50,5.39231,-2.93665,-133.28011,-2.7105,15.84966,32.35442,-15.69493,LEX_LEG,GAS,WildHealthField,Independent,ATL,20250827-WildHealthField-1,082b4410-839e-11f0-af3f-87f56c6d82ca,89.54459,,,9.1601,,,,,,,c1155f88-51df-438a-a1d8-1ae778e78cfd,2025-08-27,23:32:01.45,2025-08-27T18:32:01.4578176-05:00,2025-08-27T23:32:01.4578176Z,,v3,495,5508,,"Quiroz, Isaias",657728,Right,LEX_LEG,7b4d3a95-adfc-4add-bf03-7b098a2dfd29,55.18414,-134.53269,16.17721,5.48548,-2.10287,-7.84747,1.69278,-3.55026,7.92483,,,,,,,,,,,,,,,,,,,,,,,,,,,,,,,,,,,,,,,,,,,,,,,,,,,High,High,High,,,,,
81,2025-08-27,18:32:18.41,1,6,"Wicklander, Patrick",677353,Left,LEX_LEG,"Olmeda, Alexis",663406,Right,GAS,Undefined,3,Top,0,2,2,Undefined,Four-Seam,BallCalled,Undefined,Undefined,Undefined,0,0,,91.31038,-0.449168,1.885335,2390.609084,132.609791,10:30,5.4394,-1.77507,5.49014,-18.29969,16.23213,-16.28028,3.49399,-1.36734,82.106,-3.923053,-1.013571,0.422942,,,,,,,,,,,,8.73709,8.66315,1.62095,50,5.38805,-3.58868,-132.29394,-1.62948,15.25057,32.1945,-17.05248,LEX_LEG,GAS,WildHealthField,Independent,ATL,20250827-WildHealthField-1,12649b20-839e-11f0-af3f-87f56c6d82ca,89.11957,,,9.20438,,,,,,,c1155f88-51df-438a-a1d8-1ae778e78cfd,2025-08-27,23:32:18.41,2025-08-27T18:32:18.4148992-05:00,2025-08-27T23:32:18.4148992Z,,v3,495,5508,,"Quiroz, Isaias",657728,Right,LEX_LEG,719a3dea-dba7-4d19-bad0-a753a9cc5f8b,55.00688,-133.50683,16.09725,5.43734,-0.98704,-8.52624,1.76697,-4.16323,7.62529,,,,,,,,,,,,,,,,,,,,,,,,,,,,,,,,,,,,,,,,,,,,,,,,,,,High,High,High,,,,,
82,2025-08-27,18:32:36.59,1,7,"Wicklander, Patrick",677353,Left,LEX_LEG,"Olmeda, Alexis",663406,Right,GAS,Undefined,3,Top,0,3,2,Undefined,Four-Seam,BallCalled,Walk,Undefined,Undefined,0,0,,91.50439,-0.655946,1.991143,2394.82072,134.009164,10:30,5.39644,-1.71758,5.48115,-17.2856,16.90513,-16.27725,3.34182,-1.21019,82.77469,-3.934212,-0.906478,0.420848,,,,,,,,,,,,8.77292,9.05016,1.55409,50,5.32747,-3.8565,-132.66615,-2.07715,15.49506,30.75767,-16.18934,LEX_LEG,GAS,WildHealthField,Independent,ATL,20250827-WildHealthField-1,1d1ac350-839e-11f0-af3f-87f56c6d82ca,89.56298,,,8.72971,,,,,,,c1155f88-51df-438a-a1d8-1ae778e78cfd,2025-08-27,23:32:36.59,2025-08-27T18:32:36.5939712-05:00,2025-08-27T23:32:36.5939712Z,,v3,495,5508,,"Quiroz, Isaias",657728,Right,LEX_LEG,1072f903-9b21-457d-89b1-01b73dd368b9,55.01764,-133.82439,15.37884,5.39421,-1.4675,-8.09467,1.7103,-4.44,7.74753,,,,,,,,,,,,,,,,,,,,,,,,,,,,,,,,,,,,,,,,,,,,,,,,,,,High,High,High,,,,,
83,2025-08-27,18:33:13.85,2,1,"Wicklander, Patrick",677353,Left,LEX_LEG,"Skender, Ethan",663690,Right,GAS,Undefined,3,Top,0,0,0,Undefined,Cutter,StrikeCalled,Undefined,Undefined,Undefined,0,0,,87.05587,-0.155663,1.664168,2375.004919,161.223699,11:15,5.35287,-1.85663,5.2886,-26.05655,11.66383,-3.5591,3.03526,-0.59006,79.54517,-4.972816,1.03278,0.442038,,,,,,,,,,,,2.23835,6.24217,1.70767,50,5.31991,-3.51062,-126.30244,-1.2705,3.61669,25.65785,-22.08811,LEX_LEG,GAS,WildHealthField,Independent,ATL,20250827-WildHealthField-1,3356bfc0-839e-11f0-af3f-87f56c6d82ca,85.2697,,,7.5107,,,,,,,c1155f88-51df-438a-a1d8-1ae778e78cfd,2025-08-27,23:33:13.85,2025-08-27T18:33:13.8595328-05:00,2025-08-27T23:33:13.8595328Z,,v3,495,5508,,"Quiroz, Isaias",657728,Right,LEX_LEG,2ef226cc-6813-417d-aacd-774cec12aa21,55.21036,-127.35651,12.82893,5.35346,-0.36308,-11.04406,1.85494,-3.6592,1.80835,,,,,,,,,,,,,,,,,,,,,,,,,,,,,,,,,,,,,,,,,,,,,,,,,,,High,High,High,,,,,
84,2025-08-27,18:33:33.41,2,2,"Wicklander, Patrick",677353,Left,LEX_LEG,"Skender, Ethan",663690,Right,GAS,Undefined,3,Top,0,0,1,Undefined,Sinker,InPlay,Undefined,GroundBall,FieldersChoice,1,0,,91.5917,-1.20974,3.508745,2376.582371,129.925881,10:15,5.38106,-1.77335,5.54245,-19.998,13.96469,-15.33245,2.58163,0.23236,83.28695,-4.958297,0.780627,0.419443,89.40406,-17.236825,-30.256252,,,,,11.26021,8.92841,-23.495552,0.068948,8.81997,7.74756,1.47959,50,5.263,-7.45335,-132.72125,-3.49318,15.66574,29.52515,-18.41306,LEX_LEG,GAS,WildHealthField,Independent,ATL,20250827-WildHealthField-1,3f115fa0-839e-11f0-af3f-87f56c6d82ca,89.86316,2.68504,,8.30475,,,,2.85124,2.68504,-0.12858,c1155f88-51df-438a-a1d8-1ae778e78cfd,2025-08-27,23:33:33.41,2025-08-27T18:33:33.4178816-05:00,2025-08-27T23:33:33.4178816Z,GroundBall,v3,495,5508,,"Quiroz, Isaias",657728,Right,LEX_LEG,29cf173e-33e9-49dd-bbd2-51487718f3d1,54.9588,-133.81984,14.76258,5.38022,-2.80806,-9.20653,1.76777,-8.03625,7.83287,180,2.84853,108.42122,,,,,,,,2.68601,-38.94317,,,,,,,,-0.127,-63.24524,,,,,,,,,,,,,,,,,,,,,,,,,,,,,,High,High,High,Low,Low,,,
85,2025-08-27,18:34:18.12,3,1,"Wicklander, Patrick",677353,Left,LEX_LEG,"Wylie, Justin",687045,Right,GAS,Undefined,3,Top,1,0,0,Undefined,Changeup,BallCalled,Undefined,Undefined,Undefined,0,0,,85.81564,-3.159157,3.741944,2439.80975,108.813604,9:45,5.13451,-1.77407,5.74105,-31.2988,7.25493,-17.47166,-0.42463,0.25921,78.47775,-8.918027,0.616123,0.446894,,,,,,,,,,,,10.13658,4.97327,1.47367,50,4.85151,-7.42792,-124.21739,-7.92108,15.73967,26.32185,-24.45173,LEX_LEG,GAS,WildHealthField,Independent,ATL,20250827-WildHealthField-1,59be4ac0-839e-11f0-af3f-87f56c6d82ca,84.34314,,,7.33789,,,,,,,c1155f88-51df-438a-a1d8-1ae778e78cfd,2025-08-27,23:34:18.12,2025-08-27T18:34:18.1250000-05:00,2025-08-27T23:34:18.1250000Z,,v3,495,5508,,"Quiroz, Isaias",657728,Right,LEX_LEG,536242eb-63a1-42e4-9e83-96606fb0f3eb,54.76172,-125.22234,13.16093,5.13611,-6.98753,-12.22586,1.76874,-8.02885,7.86984,,,,,,,,,,,,,,,,,,,,,,,,,,,,,75.27182,,,1.347559,,,,-2.37585,5.88937,2.56128,127.27999,0.97329,-0.25591,-2.24251,108.15751,-9.08181,5.90171,11.67288,-11.39617,2.52073,-4.99223,2.2191,High,High,High,,,High,Medium,Medium
86,2025-08-27,18:35:01.60,3,2,"Wicklander, Patrick",677353,Left,LEX_LEG,"Wylie, Justin",687045,Right,GAS,Undefined,3,Top,1,1,0,Undefined,Changeup,StrikeCalled,Undefined,Undefined,Undefined,0,0,,84.20444,-1.387617,3.817378,2355.984267,130.79248,10:15,5.09551,-1.88691,6.03002,-26.06761,13.47867,-14.06339,1.63502,0.48166,76.62221,-6.282832,1.29272,0.45261,,,,,,,,,,,,8.35477,7.74292,1.59561,50,4.9727,-7.58681,-122.01223,-3.74111,12.5195,25.34137,-20.57142,LEX_LEG,GAS,WildHealthField,Independent,ATL,20250827-WildHealthField-1,73acc7e0-839e-11f0-af3f-87f56c6d82ca,83.27795,,,7.58222,,,,,,,c1155f88-51df-438a-a1d8-1ae778e78cfd,2025-08-27,23:35:01.60,2025-08-27T18:35:01.6053760-05:00,2025-08-27T23:35:01.6053760Z,,v3,495,5508,,"Quiroz, Isaias",657728,Right,LEX_LEG,e090830d-a2ff-4b3d-94d9-1bc8a6e96cb8,54.4696,-122.93704,12.67069,5.09553,-2.99037,-10.28571,1.88083,-8.0437,6.25975,,,,,,,,,,,,,,,,,,,,,,,,,,,,,,,,,,,,,,,,,,,,,,,,,,,High,High,High,,,,,
87,2025-08-27,18:35:25.49,3,3,"Wicklander, Patrick",677353,Left,LEX_LEG,"Wylie, Justin",687045,Right,GAS,Undefined,3,Top,1,1,1,Undefined,Sinker,StrikeSwinging,Undefined,Undefined,Undefined,0,0,,91.82419,-0.644656,3.395623,2424.388279,133.02569,10:30,5.37199,-1.71826,5.57829,-19.6593,14.3908,-14.1004,3.13053,0.28189,82.67952,-4.357846,0.885163,0.419982,,,,,,,,,,,,8.16575,7.82437,1.43507,50,5.30389,-7.23342,-132.92672,-2.15356,14.41572,32.03579,-18.36096,LEX_LEG,GAS,WildHealthField,Independent,ATL,20250827-WildHealthField-1,81ca36f0-839e-11f0-af3f-87f56c6d82ca,89.74779,,,9.14467,,,,,,,c1155f88-51df-438a-a1d8-1ae778e78cfd,2025-08-27,23:35:25.49,2025-08-27T18:35:25.4969344-05:00,2025-08-27T23:35:25.4969344Z,,v3,495,5508,,"Quiroz, Isaias",657728,Right,LEX_LEG,01c8a9c7-e489-4780-8ee6-fa955c94c514,54.91953,-134.1071,16.01789,5.37077,-1.47704,-9.18048,1.71137,-7.76458,7.20786,,,,,,,,,,,,,,,,,,,,,,,,,,,,,,,,,,,,,,,,,,,,,,,,,,,High,High,High,,,,,
88,2025-08-27,18:35:50.64,3,4,"Wicklander, Patrick",677353,Left,LEX_LEG,"Wylie, Justin",687045,Right,GAS,Undefined,3,Top,1,1,2,Undefined,Sinker,InPlay,Undefined,FlyBall,HomeRun,0,2,,91.6715,-1.120338,3.092755,2387.988504,135.912277,10:30,5.35591,-1.70034,5.53902,-18.95509,15.25603,-13.57627,2.72751,0.06182,82.57217,-4.704713,0.676168,0.420974,105.26183,26.852942,-17.558801,2252.254866,104.47286,52.91428,-34.42962,375.04529,360.73758,-20.658412,5.029673,7.85048,8.41764,1.4412,50,5.2464,-6.55127,-132.73286,-3.22735,13.80928,32.12194,-17.36717,LEX_LEG,GAS,WildHealthField,Independent,ATL,20250827-WildHealthField-1,90dc8d50-839e-11f0-af3f-87f56c6d82ca,89.53631,80.48819,,9.09933,,,,1.18701,2.7079,-0.06553,c1155f88-51df-438a-a1d8-1ae778e78cfd,2025-08-27,23:35:50.64,2025-08-27T18:35:50.6408960-05:00,2025-08-27T23:35:50.6408960Z,FlyBall,v3,495,5508,,"Quiroz, Isaias",657728,Right,LEX_LEG,9a55c923-6f63-495e-bb0f-b72ab7ec2304,54.95986,-133.92779,16.06097,5.35444,-2.5813,-8.68358,1.69446,-7.06498,6.90464,168.249999,1.18712,131.31311,-26.78192,6.224,-1.43289,0.31881,-0.05792,0.00656,-0.00032,2.70796,69.73749,-18.55065,1.95122,-0.3661,0.01076,0.01396,-0.00277,0.00016,-0.06387,-41.58956,6.19202,-1.55977,0.48411,-0.13539,0.02655,-0.00298,0.00014,,,,,,,,,,,,,,,,,,,,,,,High,High,High,High,Medium,,,
89,2025-08-27,18:36:41.39,4,1,"Wicklander, Patrick",677353,Left,LEX_LEG,"Roederer, Cole",680711,Left,GAS,Undefined,3,Top,1,0,0,Undefined,Four-Seam,StrikeSwinging,Undefined,Undefined,Undefined,0,0,,87.64581,-2.265165,3.004541,2444.153557,152.429009,11:00,5.38663,-1.67318,5.36232,-23.35946,13.52339,-6.49642,1.3118,0.60556,80.96458,-6.566678,1.851648,0.437103,,,,,,,,,,,,4.04437,7.70166,1.40797,50,5.1663,-6.3932,-127.11705,-5.85329,6.68119,23.71118,-19.45111,LEX_LEG,GAS,WildHealthField,Independent,ATL,20250827-WildHealthField-1,af24eeb0-839e-11f0-af3f-87f56c6d82ca,86.23244,,,6.68123,,,,,,,c1155f88-51df-438a-a1d8-1ae778e78cfd,2025-08-27,23:36:41.39,2025-08-27T18:36:41.3950976-05:00,2025-08-27T23:36:41.3950976Z,,v3,495,5508,,"Quiroz, Isaias",657728,Right,LEX_LEG,051a8d8d-d290-4d3c-b972-eef75be37d63,55.13966,-128.07216,11.85559,5.3863,-5.06978,-9.72555,1.67091,-6.66233,3.34059,,,,,,,,,,,,,,,,,,,,,,,,,,,,,,,,,,,,,,,,,,,,,,,,,,,High,High,High,,,,,
90,2025-08-27,18:36:57.65,4,2,"Wicklander, Patrick",677353,Left,LEX_LEG,"Roederer, Cole",680711,Left,GAS,Undefined,3,Top,1,0,1,Undefined,Slider,FoulBallNotFieldable,Undefined,Undefined,Undefined,0,0,,79.73132,0.324598,1.444127,2498.453205,252.363954,2:30,5.32457,-1.59669,5.19339,-40.55266,4.65429,10.13493,2.25063,0.60667,73.07381,-7.068981,3.239449,0.483921,,,,,,,,,,,,-4.67642,2.62725,1.45458,50,5.32396,-3.32625,-115.68837,-0.75049,-6.32096,22.1152,-28.62288,LEX_LEG,GAS,WildHealthField,Independent,ATL,20250827-WildHealthField-1,b8da48b0-839e-11f0-af3f-87f56c6d82ca,77.88973,,,6.65751,,,,,,,c1155f88-51df-438a-a1d8-1ae778e78cfd,2025-08-27,23:36:57.65,2025-08-27T18:36:57.6506368-05:00,2025-08-27T23:36:57.6506368Z,,v3,495,5508,,"Quiroz, Isaias",657728,Right,LEX_LEG,f6d56367-8b9b-4292-aa15-ed253bb5760f,55.30777,-116.6986,11.0576,5.32838,0.55701,-14.31144,1.59993,-3.0375,-3.16048,,,,,,,,,,,,,,,,,,,,,,,,,,,,,,,,,,,,,,,,,,,,,,,,,,,High,High,High,,,,,
91,2025-08-27,18:37:16.66,4,3,"Wicklander, Patrick",677353,Left,LEX_LEG,"Roederer, Cole",680711,Left,GAS,Undefined,3,Top,1,0,2,Undefined,Slider,BallCalled,Undefined,Undefined,Undefined,0,0,,81.46485,1.650179,2.360451,2564.196425,290.747385,3:45,5.37076,-1.51575,5.23428,-44.77038,-1.26736,7.12075,3.1928,1.2977,74.20186,-6.506894,3.620932,0.474713,,,,,,,,,,,,-2.83327,-0.65591,1.2929,50,5.48964,-5.16824,-118.03692,1.77677,-3.97026,23.88619,-33.09314,LEX_LEG,GAS,WildHealthField,Independent,ATL,20250827-WildHealthField-1,c414bc10-839e-11f0-af3f-87f56c6d82ca,79.40048,,,7.26299,,,,,,,c1155f88-51df-438a-a1d8-1ae778e78cfd,2025-08-27,23:37:16.66,2025-08-27T18:37:16.6653440-05:00,2025-08-27T23:37:16.6653440Z,,v3,495,5508,,"Quiroz, Isaias",657728,Right,LEX_LEG,b1aba4d2-9f9a-4d2a-8ac9-700d719f1d80,55.26533,-119.09766,11.94309,5.37811,3.24636,-16.54657,1.51849,-4.99193,-1.98513,,,,,,,,,,,,,,,,,,,,,,,,,,,,,,,,,,,,,,,,,,,,,,,,,,,High,High,High,,,,,
92,2025-08-27,18:37:33.54,4,4,"Wicklander, Patrick",677353,Left,LEX_LEG,"Roederer, Cole",680711,Left,GAS,Undefined,3,Top,1,1,2,Undefined,Four-Seam,InPlay,Undefined,LineDrive,Double,0,0,,92.76193,-2.084375,3.4811,2316.77358,133.656453,10:30,5.43464,-1.5083,5.54628,-17.34753,16.14426,-15.62233,2.0366,0.44709,83.4824,-5.377257,0.700968,0.416525,107.78404,18.551565,3.338509,1736.258757,109.88364,35.73254,5.05466,378.84501,378.84501,1.840976,4.344515,9.03489,9.18532,1.21724,50,5.24266,-7.44373,-134.19515,-5.4587,16.22441,33.1681,-15.67952,LEX_LEG,GAS,WildHealthField,Independent,ATL,20250827-WildHealthField-1,ce30c720-839e-11f0-af3f-87f56c6d82ca,90.49271,54.14621,,9.27953,,,,1.24762,2.12329,-0.42833,c1155f88-51df-438a-a1d8-1ae778e78cfd,2025-08-27,23:37:33.54,2025-08-27T18:37:33.5424000-05:00,2025-08-27T23:37:33.5424000Z,LineDrive,v3,495,5508,,"Quiroz, Isaias",657728,Right,LEX_LEG,b16cee0f-20ce-41e3-a17c-5653167f6d6e,54.95298,-135.41381,16.58405,5.43264,-4.88261,-7.83976,1.50169,-8.03985,8.1122,173.213424,1.24805,149.6016,-29.24897,6.75958,-1.43619,0.25105,-0.03023,0.00185,-2E-05,2.12294,50.30543,-12.3902,0.02539,0.0367,0.01606,-0.01102,0.00244,-0.00019,-0.42828,8.72618,-3.32173,1.00804,-0.26344,0.05721,-0.00918,0.00094,-4E-05,,,,,,,,,,,,,,,,,,,,,,,High,High,High,High,Medium,,,
93,2025-08-27,18:38:22.53,5,1,"Wicklander, Patrick",677353,Left,LEX_LEG,"Aldrete, Carter",666177,Right,GAS,Undefined,3,Top,1,0,0,Undefined,Changeup,BallCalled,Undefined,Undefined,Undefined,0,0,,84.30255,-0.382674,2.191902,2311.067271,105.13927,9:30,5.13034,-1.96108,5.90615,-33.60746,5.89622,-16.94312,1.97423,-1.33736,76.84302,-6.618415,-0.851163,0.452366,,,,,,,,,,,,9.28906,3.5415,1.79445,50,5.08054,-3.99792,-122.36429,-1.92088,13.99767,25.52488,-26.83736,LEX_LEG,GAS,WildHealthField,Independent,ATL,20250827-WildHealthField-1,eb709220-839e-11f0-af3f-87f56c6d82ca,83.32282,,,7.45953,,,,,,,c1155f88-51df-438a-a1d8-1ae778e78cfd,2025-08-27,23:38:22.53,2025-08-27T18:38:22.5371136-05:00,2025-08-27T23:38:22.5371136Z,,v3,495,5508,,"Quiroz, Isaias",657728,Right,LEX_LEG,e0456c75-9e60-40f2-bf19-d2d9e494b2be,54.59401,-123.31887,12.76244,5.13361,-0.91722,-13.41868,1.95375,-4.5214,6.99884,,,,,,,,,,,,,,,,,,,,,,,,,,,,,,,,,,,,,,,,,,,,,,,,,,,High,High,High,,,,,
94,2025-08-27,18:38:38.76,5,2,"Wicklander, Patrick",677353,Left,LEX_LEG,"Aldrete, Carter",666177,Right,GAS,Undefined,3,Top,1,1,0,Undefined,Changeup,BallCalled,Undefined,Undefined,Undefined,0,0,,85.6424,-1.370693,3.64962,2374.86199,106.334478,9:30,5.09957,-1.74221,5.89063,-32.20112,6.23981,-16.84359,1.14058,0.24754,78.01677,-7.337629,0.629755,0.44624,,,,,,,,,,,,9.73249,3.98177,1.45751,50,4.97035,-7.23585,-124.1189,-4.04269,15.0747,26.48785,-26.00666,LEX_LEG,GAS,WildHealthField,Independent,ATL,20250827-WildHealthField-1,f5112ba0-839e-11f0-af3f-87f56c6d82ca,84.46678,,,7.62563,,,,,,,c1155f88-51df-438a-a1d8-1ae778e78cfd,2025-08-27,23:38:38.76,2025-08-27T18:38:38.7617280-05:00,2025-08-27T23:38:38.7617280Z,,v3,495,5508,,"Quiroz, Isaias",657728,Right,LEX_LEG,3eab832e-4820-459f-a426-98b488265dc8,54.61041,-125.09893,13.24392,5.10213,-3.08047,-13.00333,1.73555,-7.7936,7.53735,,,,,,,,,,,,,,,,,,,,,,,,,,,,,,,,,,,,,,,,,,,,,,,,,,,High,High,High,,,,,
95,2025-08-27,18:38:59.30,5,3,"Wicklander, Patrick",677353,Left,LEX_LEG,"Aldrete, Carter",666177,Right,GAS,Undefined,3,Top,1,2,0,Undefined,Sinker,InPlay,Undefined,GroundBall,Single,0,0,,92.41271,-0.771455,2.581493,2454.039088,128.659712,10:15,5.40005,-1.72544,5.55308,-19.8295,13.54068,-15.51489,3.02595,-0.6045,83.83332,-4.495079,-0.183081,0.415767,102.327,6.301416,2.379451,771.47138,,,,137.07639,137.07639,2.078349,1.062091,8.62016,7.40422,1.51265,50,5.32042,-5.33199,-133.99581,-2.48921,15.56817,30.75448,-18.80186,LEX_LEG,GAS,WildHealthField,Independent,ATL,20250827-WildHealthField-1,01510110-839f-11f0-af3f-87f56c6d82ca,90.6575,6.42013,,8.57939,,,,0.53709,2.91988,0.56143,c1155f88-51df-438a-a1d8-1ae778e78cfd,2025-08-27,23:38:59.30,2025-08-27T18:38:59.3078784-05:00,2025-08-27T23:38:59.3078784Z,GroundBall,v3,495,5508,,"Quiroz, Isaias",657728,Right,LEX_LEG,f6639730-f294-43b5-a6d2-98faad496d3e,54.94707,-135.12648,15.37724,5.39922,-1.79797,-9.40093,1.7192,-5.90435,7.78409,40.045412,0.71136,146.77236,-17.52094,,,,,,,3.02055,15.16381,-17.03446,,,,,,,0.58506,5.88309,-1.66904,,,,,,,,,,,,,,,,,,,,,,,,,,,,,High,High,High,High,High,,,
96,2025-08-27,18:39:52.23,6,1,"Wicklander, Patrick",677353,Left,LEX_LEG,"Guthrie, Dalton",656495,Right,GAS,Undefined,3,Top,1,0,0,Undefined,Sinker,StrikeCalled,Undefined,Undefined,Undefined,0,0,,90.08511,-2.262854,3.071548,2262.653675,127.990793,10:15,5.31989,-1.67994,5.57845,-23.76245,11.37375,-13.03701,1.22208,0.10516,82.00595,-6.678014,0.747462,0.426628,,,,,,,,,,,,7.52874,6.77457,1.42427,50,5.10944,-6.42803,-130.4915,-5.99178,12.90374,28.99584,-20.56288,LEX_LEG,GAS,WildHealthField,Independent,ATL,20250827-WildHealthField-1,20e0fda0-839f-11f0-af3f-87f56c6d82ca,88.34975,,,8.07917,,,,,,,c1155f88-51df-438a-a1d8-1ae778e78cfd,2025-08-27,23:39:52.23,2025-08-27T18:39:52.2358784-05:00,2025-08-27T23:39:52.2358784Z,,v3,495,5508,,"Quiroz, Isaias",657728,Right,LEX_LEG,0c8131c6-56c1-4ad8-a4d9-9711b2ad3b37,54.92193,-131.58063,14.49792,5.31999,-5.2194,-10.28144,1.67483,-6.91272,6.45187,,,,,,,,,,,,,,,,,,,,,,,,,,,,,,,,,,,,,,,,,,,,,,,,,,,High,High,High,,,,,
97,2025-08-27,18:40:12.58,6,2,"Wicklander, Patrick",677353,Left,LEX_LEG,"Guthrie, Dalton",656495,Right,GAS,Undefined,3,Top,1,0,1,Undefined,Cutter,BallCalled,Undefined,Undefined,Undefined,0,0,,86.6001,-1.840421,3.422014,2297.585292,167.087361,11:30,5.34008,-1.72985,5.26681,-25.66127,12.37103,-2.57504,1.46903,1.27411,79.82863,-6.549199,2.966329,0.443862,,,,,,,,,,,,2.17673,7.01748,1.41841,50,5.1526,-7.39343,-125.51341,-4.95186,3.497,23.71644,-20.9002,LEX_LEG,GAS,WildHealthField,Independent,ATL,20250827-WildHealthField-1,2d05d100-839f-11f0-af3f-87f56c6d82ca,84.91931,,,6.77147,,,,,,,c1155f88-51df-438a-a1d8-1ae778e78cfd,2025-08-27,23:40:12.58,2025-08-27T18:40:12.5827072-05:00,2025-08-27T23:40:12.5827072Z,,v3,495,5508,,"Quiroz, Isaias",657728,Right,LEX_LEG,ec37e34a-ae75-461b-8d39-099c31812def,55.23403,-126.49854,11.85822,5.34026,-4.08371,-10.4501,1.72854,-7.53868,1.7485,,,,,,,,,,,,,,,,,,,,,,,,,,,,,,,,,,,,,,,,,,,,,,,,,,,High,High,High,,,,,
98,2025-08-27,18:40:32.19,6,3,"Wicklander, Patrick",677353,Left,LEX_LEG,"Guthrie, Dalton",656495,Right,GAS,Undefined,3,Top,1,1,1,Undefined,Cutter,InPlay,Undefined,FlyBall,Sacrifice,1,1,,85.54341,-0.270985,2.089868,2261.869339,172.867293,11:45,5.33147,-1.76458,5.3235,-31.26513,7.50559,-0.79646,2.47157,0.13112,78.82574,-5.99538,1.948498,0.44815,94.35155,28.351329,-4.740236,2991.653605,109.89021,54.53089,-4.91178,348.41951,342.79801,3.093569,5.021604,0.94547,4.16075,1.57598,50,5.28427,-4.49906,-124.21194,-1.71178,1.48671,23.37096,-25.63157,LEX_LEG,GAS,WildHealthField,Independent,ATL,20250827-WildHealthField-1,38b52640-839f-11f0-af3f-87f56c6d82ca,84.10672,76.60845,,6.71767,,,,1.90446,2.57468,-0.11455,c1155f88-51df-438a-a1d8-1ae778e78cfd,2025-08-27,23:40:32.19,2025-08-27T18:40:32.1989120-05:00,2025-08-27T23:40:32.1989120Z,FlyBall,v3,495,5508,,"Quiroz, Isaias",657728,Right,LEX_LEG,dabcb5d7-1630-4a2f-a4f1-901822302968,55.17844,-125.18249,11.68548,5.33325,-0.64735,-12.81579,1.7641,-4.5608,0.74336,203.656798,1.90619,121.33556,-21.38696,4.45972,-0.8878,0.16419,-0.02816,0.00351,-0.0002,2.57479,65.70571,-16.27908,0.85232,0.02734,-0.08028,0.02926,-0.00451,0.00026,-0.11502,-10.05365,6.72533,-1.78129,0.39742,-0.06784,0.00823,-0.00067,3E-05,,,,,,,,,,,,,,,,,,,,,,,High,High,High,High,High,,,
99,2025-08-27,18:41:25.39,7,1,"Wicklander, Patrick",677353,Left,LEX_LEG,"De La Rosa, Eric",680763,Right,GAS,Undefined,3,Top,2,0,0,Undefined,Sinker,BallCalled,Undefined,Undefined,Undefined,0,0,,90.50389,-1.896313,4.320875,2272.685601,121.576603,10:00,5.35035,-1.79168,5.64226,-23.90615,10.97445,-15.87721,1.58347,0.92369,82.08539,-6.350401,1.493325,0.425073,,,,,,,,,,,,9.37319,6.49103,1.43448,50,5.17371,-9.19114,-130.93364,-5.17584,16.13694,29.78183,-20.99911,LEX_LEG,GAS,WildHealthField,Independent,ATL,20250827-WildHealthField-1,5863ce60-839f-11f0-af3f-87f56c6d82ca,88.67288,,,8.41849,,,,,,,c1155f88-51df-438a-a1d8-1ae778e78cfd,2025-08-27,23:41:25.39,2025-08-27T18:41:25.3953536-05:00,2025-08-27T23:41:25.3953536Z,,v3,495,5508,,"Quiroz, Isaias",657728,Right,LEX_LEG,9661bd80-df77-48f8-b130-3bf7c9480710,54.85799,-132.034,14.89092,5.35061,-4.39998,-10.49956,1.78509,-9.78736,8.06847,,,,,,,,,,,,,,,,,,,,,,,,,,,,,,,,,,,,,,,,,,,,,,,,,,,High,High,High,,,,,
100,2025-08-27,18:41:45.83,7,2,"Wicklander, Patrick",677353,Left,LEX_LEG,"De La Rosa, Eric",680763,Right,GAS,Undefined,3,Top,2,1,0,Undefined,Changeup,InPlay,Undefined,LineDrive,Double,0,0,,83.31034,0.571855,3.529333,2271.971745,94.488722,9:15,5.20067,-1.72985,5.86196,-37.99632,2.64252,-16.25359,2.56661,0.19871,75.76595,-6.455881,0.618152,0.45882,100.23285,19.915949,-7.841557,5527.264054,108.87135,31.94303,-15.71665,294.88515,294.88515,-8.825531,3.070913,9.38693,1.56567,1.45295,50,5.22497,-6.80704,-120.78621,-0.04856,13.76683,25.12137,-29.87783,LEX_LEG,GAS,WildHealthField,Independent,ATL,20250827-WildHealthField-1,64937730-839f-11f0-af3f-87f56c6d82ca,82.15088,36.43886,,7.54439,,,,1.39553,2.62589,-0.20587,c1155f88-51df-438a-a1d8-1ae778e78cfd,2025-08-27,23:41:45.83,2025-08-27T18:41:45.8302464-05:00,2025-08-27T23:41:45.8302464Z,LineDrive,v3,495,5508,,"Quiroz, Isaias",657728,Right,LEX_LEG,8a424b87-5182-4330-ae27-be6312ce5b03,54.63947,-121.74731,12.56069,5.20496,1.09452,-14.93892,1.72345,-7.33374,6.88342,159.014185,1.39555,136.92276,-22.06782,4.60782,-1.04618,0.21878,-0.03882,0.00473,-0.00027,2.6259,50.07655,-21.1871,2.5052,-0.57074,0.12358,-0.02073,0.00249,-0.00015,-0.20587,-18.85732,1.89996,-0.29102,0.06112,-0.01245,0.00235,-0.0003,2E-05,,,,,,,,,,,,,,,,,,,,,,,High,High,High,High,High,,,
101,2025-08-27,18:42:54.45,8,1,"Wicklander, Patrick",677353,Left,LEX_LEG,"Crook, Narciso",643271,Right,GAS,Undefined,3,Top,2,0,0,Undefined,Four-Seam,BallCalled,Undefined,Undefined,Undefined,0,0,,91.07073,-1.696385,4.606584,2358.158923,130.363499,10:15,5.40397,-1.62087,5.6507,-19.69529,14.648,-15.85961,2.17485,1.36344,82.72134,-5.399254,1.784933,0.421786,,,,,,,,,,,,9.37914,8.26426,1.23978,50,5.24732,-9.90698,-131.75354,-4.56458,16.41112,29.18784,-17.71375,LEX_LEG,GAS,WildHealthField,Independent,ATL,20250827-WildHealthField-1,8d7b4470-839f-11f0-af3f-87f56c6d82ca,89.36385,,,8.34939,,,,,,,c1155f88-51df-438a-a1d8-1ae778e78cfd,2025-08-27,23:42:54.45,2025-08-27T18:42:54.4583168-05:00,2025-08-27T23:42:54.4583168Z,,v3,495,5508,,"Quiroz, Isaias",657728,Right,LEX_LEG,723cc0f2-3a3c-4f91-87f4-9e244703a14f,54.84937,-132.8235,14.59392,5.40274,-3.91524,-8.85688,1.61398,-10.50857,8.20556,,,,,,,,,,,,,,,,,,,,,,,,,,,,,,,,,,,,,,,,,,,,,,,,,,,High,High,High,,,,,
102,2025-08-27,18:43:16.23,8,2,"Wicklander, Patrick",677353,Left,LEX_LEG,"Crook, Narciso",643271,Right,GAS,Undefined,3,Top,2,1,0,Undefined,Four-Seam,FoulBallNotFieldable,Undefined,Undefined,Undefined,0,0,,86.80248,-1.105997,2.141898,2377.414276,156.641488,11:15,5.38077,-1.8267,5.38592,-22.44978,15.27623,-6.09044,2.4724,-0.3256,79.55229,-5.280902,1.059845,0.442071,,,,,,,,,,,,3.67055,8.34319,1.63968,50,5.26627,-4.45162,-125.96485,-3.19151,5.91168,25.01088,-18.73672,LEX_LEG,GAS,WildHealthField,Independent,ATL,20250827-WildHealthField-1,9a77da30-839f-11f0-af3f-87f56c6d82ca,85.26337,,,7.25018,,,,,,,c1155f88-51df-438a-a1d8-1ae778e78cfd,2025-08-27,23:43:16.23,2025-08-27T18:43:16.2301952-05:00,2025-08-27T23:43:16.2301952Z,,v3,495,5508,,"Quiroz, Isaias",657728,Right,LEX_LEG,8580e71c-7a68-416c-afed-bdb2c7839db1,55.11537,-126.97647,12.50544,5.38003,-2.43367,-9.36836,1.82457,-4.69073,2.95584,,,,,,,,,,,,,,,,,,,,,,,,,,,,,,,,,,,,,,,,,,,,,,,,,,,High,High,High,,,,,
103,2025-08-27,18:43:41.70,8,3,"Wicklander, Patrick",677353,Left,LEX_LEG,"Crook, Narciso",643271,Right,GAS,Undefined,3,Top,2,1,1,Undefined,Sinker,FoulBallNotFieldable,Undefined,Undefined,Undefined,0,0,,90.6158,-1.415784,3.064715,2350.363666,136.627057,10:30,5.40531,-1.75552,5.50846,-19.8384,14.97469,-13.02493,2.42589,0.02795,82.2383,-5.141419,0.747318,0.424661,74.31274,34.602972,163.544932,2969.058327,-105.53535,40.34637,31.01908,206.82316,109.72121,164.21098,2.791217,7.52174,8.33315,1.49702,50,5.26856,-6.44886,-131.29677,-3.91729,13.04024,29.57404,-17.72705,LEX_LEG,GAS,WildHealthField,Independent,ATL,20250827-WildHealthField-1,a9a7f1c0-839f-11f0-af3f-87f56c6d82ca,88.75883,40.38842,,8.3775,,,,1.78527,2.48436,-0.04669,c1155f88-51df-438a-a1d8-1ae778e78cfd,2025-08-27,23:43:41.70,2025-08-27T18:43:41.7050112-05:00,2025-08-27T23:43:41.7050112Z,FlyBall,v3,495,5508,,"Quiroz, Isaias",657728,Right,LEX_LEG,c9709494-ef60-4273-802b-eace82799b3d,54.99192,-132.41641,14.78702,5.40416,-3.24616,-8.86352,1.75052,-6.94255,6.52012,358.193373,1.78559,-86.053,4.9932,-0.2521,0.49947,-0.45877,0.22139,-0.05198,0.00469,2.48436,61.89538,-28.89631,3.68832,-0.83321,0.19919,-0.05075,0.01122,-0.00117,-0.04681,25.41806,-1.77941,0.05354,-0.18199,0.17425,-0.08473,0.01992,-0.0018,,,,,,,,,,,,,,,,,,,,,,,High,High,High,High,Medium,,,
104,2025-08-27,18:44:11.07,8,4,"Wicklander, Patrick",677353,Left,LEX_LEG,"Crook, Narciso",643271,Right,GAS,Undefined,3,Top,2,1,2,Undefined,Sinker,FoulBallNotFieldable,Undefined,Undefined,Undefined,0,0,,91.81091,-1.301201,2.745767,2364.733485,125.711396,10:15,5.40873,-1.74657,5.42918,-22.49171,11.55044,-14.43733,2.31412,-0.37606,83.25467,-5.48938,0.178924,0.419933,,,,,,,,,,,,8.07319,6.5439,1.51329,50,5.27793,-5.70803,-133.02232,-3.83587,14.35163,30.63171,-20.54097,LEX_LEG,GAS,WildHealthField,Independent,ATL,20250827-WildHealthField-1,bb283ae0-839f-11f0-af3f-87f56c6d82ca,89.75825,,,8.55624,,,,,,,c1155f88-51df-438a-a1d8-1ae778e78cfd,2025-08-27,23:44:11.07,2025-08-27T18:44:11.0774272-05:00,2025-08-27T23:44:11.0774272Z,,v3,495,5508,,"Quiroz, Isaias",657728,Right,LEX_LEG,ed8cc205-c60e-4c29-9a09-d994b513b8fc,55.07007,-134.18475,15.31585,5.40871,-3.05636,-10.27048,1.74024,-6.25265,7.17581,,,,,,,,,,,,,,,,,,,,,,,,,,,,,,,,,,,,,,,,,,,,,,,,,,,High,High,High,,,,,
105,2025-08-27,18:44:36.40,8,5,"Wicklander, Patrick",677353,Left,LEX_LEG,"Crook, Narciso",643271,Right,GAS,Undefined,3,Top,2,1,2,Undefined,Sinker,FoulBallNotFieldable,Undefined,Undefined,Undefined,0,0,,91.69366,-1.552563,3.083129,2379.258584,125.538653,10:15,5.41697,-1.75666,5.61885,-20.89292,13.13001,-16.68414,2.22447,-0.2668,82.84891,-5.477601,0.107519,0.419814,91.31727,49.599791,59.713743,4846.029916,35.5111,106.83775,104.11029,259.42051,107.78538,80.997229,5.387549,9.41166,7.48516,1.50432,50,5.27108,-6.39654,-132.80351,-4.31499,16.61078,31.56469,-18.96336,LEX_LEG,GAS,WildHealthField,Independent,ATL,20250827-WildHealthField-1,ca4602f0-839f-11f0-af3f-87f56c6d82ca,89.7836,118.46626,,8.84475,,,,0.5819,2.43357,0.11268,c1155f88-51df-438a-a1d8-1ae778e78cfd,2025-08-27,23:44:36.40,2025-08-27T18:44:36.4024832-05:00,2025-08-27T23:44:36.4024832Z,FlyBall,v3,495,5508,,"Quiroz, Isaias",657728,Right,LEX_LEG,e0a21440-4c49-42cf-b717-50829f0fe452,54.88059,-133.9585,15.78235,5.41628,-3.6211,-9.48168,1.7495,-7.00434,8.30539,215.244492,0.6788,41.9469,-15.01034,-3.42669,6.21178,-2.89343,0.65999,-0.07442,0.00331,2.43304,102.01446,-27.76956,3.17413,-0.5524,0.09647,-0.01584,0.00187,-0.0001,0.12369,74.76425,-8.94574,0.42396,0.56064,-0.24217,0.04398,-0.00357,0.0001,,,,,,,,,,,,,,,,,,,,,,,High,High,High,High,Low,,,
106,2025-08-27,18:45:03.95,8,6,"Wicklander, Patrick",677353,Left,LEX_LEG,"Crook, Narciso",643271,Right,GAS,Undefined,3,Top,2,1,2,Undefined,Four-Seam,BallCalled,Undefined,Undefined,Undefined,0,0,,88.57567,-2.027036,4.162635,2392.663891,157.324497,11:15,5.38009,-1.79073,5.43697,-22.57052,13.74993,-5.26977,1.59517,1.6751,81.2573,-6.205212,3.228581,0.433758,,,,,,,,,,,,3.78638,7.81808,1.42545,50,5.18471,-9.10296,-128.23671,-5.32978,6.32441,25.75651,-19.1154,LEX_LEG,GAS,WildHealthField,Independent,ATL,20250827-WildHealthField-1,daaa54c0-839f-11f0-af3f-87f56c6d82ca,86.89748,,,7.31837,,,,,,,c1155f88-51df-438a-a1d8-1ae778e78cfd,2025-08-27,23:45:03.95,2025-08-27T18:45:03.9520768-05:00,2025-08-27T23:45:03.9520768Z,,v3,495,5508,,"Quiroz, Isaias",657728,Right,LEX_LEG,e15c24ea-af92-49ba-ae48-5bd043363310,55.06364,-129.24974,12.87826,5.37955,-4.57794,-9.5577,1.78837,-9.35171,3.16221,,,,,,,,,,,,,,,,,,,,,,,,,,,,,,,,,,,,,,,,,,,,,,,,,,,High,High,High,,,,,
107,2025-08-27,18:45:24.87,8,7,"Wicklander, Patrick",677353,Left,LEX_LEG,"Crook, Narciso",643271,Right,GAS,Undefined,3,Top,2,2,2,Undefined,Sinker,BallCalled,Undefined,Undefined,Undefined,0,0,,91.86673,-1.101604,1.71112,2288.497105,132.372299,10:30,5.3417,-1.95382,5.58078,-19.89407,13.90631,-13.96225,2.65444,-1.51878,83.19102,-4.843148,-0.780093,0.418439,,,,,,,,,,,,7.57382,7.71063,1.81594,50,5.23418,-3.34098,-133.21667,-3.2365,13.4815,31.14831,-18.44899,LEX_LEG,GAS,WildHealthField,Independent,ATL,20250827-WildHealthField-1,e723d7d0-839f-11f0-af3f-87f56c6d82ca,90.0787,,,8.67571,,,,,,,c1155f88-51df-438a-a1d8-1ae778e78cfd,2025-08-27,23:45:24.87,2025-08-27T18:45:24.8784896-05:00,2025-08-27T23:45:24.8784896Z,,v3,495,5508,,"Quiroz, Isaias",657728,Right,LEX_LEG,74c8898d-c2a9-4f6a-a276-d5edef0fa9c8,54.91824,-134.36172,15.57416,5.3407,-2.55829,-9.2245,1.94787,-3.83657,6.74075,,,,,,,,,,,,,,,,,,,,,,,,,,,,,,,,,,,,,,,,,,,,,,,,,,,High,High,High,,,,,
108,2025-08-27,18:45:45.59,8,8,"Wicklander, Patrick",677353,Left,LEX_LEG,"Crook, Narciso",643271,Right,GAS,Undefined,3,Top,2,3,2,Undefined,Four-Seam,InPlay,Undefined,Popup,Out,1,0,,92.1076,-1.391142,2.948726,2279.887012,140.441852,10:45,5.40288,-1.79467,5.60042,-17.35784,16.38536,-12.54001,2.65565,-0.08431,83.12672,-4.687916,0.713811,0.418085,87.34903,72.892557,21.536374,,,,,86.46987,38.90631,61.94046,6.050707,7.28603,9.08197,1.55029,50,5.27265,-6.30275,-133.4101,-3.80112,12.97192,31.95252,-16.00468,LEX_LEG,GAS,WildHealthField,Independent,ATL,20250827-WildHealthField-1,f3805d00-839f-11f0-af3f-87f56c6d82ca,90.15494,157.84693,,8.98088,,,,1.62087,2.84707,-0.33406,c1155f88-51df-438a-a1d8-1ae778e78cfd,2025-08-27,23:45:45.59,2025-08-27T18:45:45.5901696-05:00,2025-08-27T23:45:45.5901696Z,Popup,v3,495,5508,,"Quiroz, Isaias",657728,Right,LEX_LEG,8eed618e-c2b9-4722-898e-31496ddbcdf9,54.8988,-134.57828,15.97626,5.40093,-3.21599,-8.00234,1.78939,-6.777,6.48596,189.835884,1.59692,35.42963,-20.61772,8.5526,-2.82538,0.70516,-0.11381,0.01014,-0.00037,2.8352,122.65364,-32.30542,5.07516,-1.38834,0.3749,-0.07239,0.00764,-0.00032,-0.32549,13.68062,1.97851,-1.8959,0.95164,-0.30712,0.05891,-0.00599,0.00025,,,,,,,,,,,,,,,,,,,,,,,High,High,High,Medium,Low,,,
109,2025-08-27,18:48:22.43,1,1,"Hartman, Matt",666929,Right,GAS,"Whalen, Brady",669714,Left,LEX_LEG,Undefined,3,Bottom,0,0,0,Undefined,Four-Seam,StrikeCalled,Undefined,Undefined,Undefined,0,0,,87.58154,-3.24759,-2.497757,2238.895779,197.58432,12:30,6.54421,1.08267,5.93105,-14.11627,22.67714,6.77638,2.34855,-0.67159,79.45553,-5.981583,-1.282395,0.436573,,,,,,,,,,,,-4.23091,12.99028,-0.88685,50,6.27637,5.2521,-126.83457,-7.55144,-6.83368,27.99585,-11.19239,LEX_LEG,GAS,WildHealthField,Independent,ATL,20250827-WildHealthField-1,50fd02d0-83a0-11f0-af3f-87f56c6d82ca,86.33718,,,8.12601,,,,,,,c1155f88-51df-438a-a1d8-1ae778e78cfd,2025-08-27,23:48:22.43,2025-08-27T18:48:22.4381440-05:00,2025-08-27T23:48:22.4381440Z,,v3,495,5508,,"Olmeda, Alexis",663406,Right,GAS,223ea106-706e-446b-8d38-d0c27a708dd9,54.56788,-127.83885,13.99793,6.54006,-7.14994,-5.59619,-1.07965,5.49724,-3.41684,,,,,,,,,,,,,,,,,,,,,,,,,,,,,,,,,,,,,,,,,,,,,,,,,,,High,High,High,,,,,
110,2025-08-27,18:48:38.47,1,2,"Hartman, Matt",666929,Right,GAS,"Whalen, Brady",669714,Left,LEX_LEG,Undefined,3,Bottom,0,0,1,Undefined,Four-Seam,BallCalled,Undefined,Undefined,Undefined,0,0,,87.5586,-4.056691,-3.765455,2226.764947,200.63644,12:45,6.52216,1.17306,5.90849,-14.82383,22.32379,7.89095,1.50686,-1.66958,79.14938,-6.918923,-2.353511,0.438669,,,,,,,,,,,,-5.2104,13.08926,-0.87478,50,6.18686,7.99182,-126.46789,-9.35774,-8.33426,28.76804,-11.23717,LEX_LEG,GAS,WildHealthField,Independent,ATL,20250827-WildHealthField-1,5a749080-83a0-11f0-af3f-87f56c6d82ca,85.92461,,,8.40922,,,,,,,c1155f88-51df-438a-a1d8-1ae778e78cfd,2025-08-27,23:48:38.47,2025-08-27T18:48:38.4770048-05:00,2025-08-27T23:48:38.4770048Z,,v3,495,5508,,"Olmeda, Alexis",663406,Right,GAS,c9bb45f5-a256-4efd-8c85-833afb860434,54.58932,-127.50756,14.38402,6.51771,-8.95162,-5.61859,-1.16905,8.29302,-4.16713,,,,,,,,,,,,,,,,,,,,,,,,,,,,,,,,,,,,,,,,,,,,,,,,,,,High,High,High,,,,,
111,2025-08-27,18:48:55.27,1,3,"Hartman, Matt",666929,Right,GAS,"Whalen, Brady",669714,Left,LEX_LEG,Undefined,3,Bottom,0,1,1,Undefined,Curveball,BallCalled,Undefined,Undefined,Undefined,0,0,,77.16166,-2.359475,-2.345033,2041.249838,6.051957,6:15,6.47402,0.80814,5.71523,-53.98546,-6.64174,-0.85681,-0.22594,-1.44911,71.74778,-12.108587,-2.498948,0.495225,,,,,,,,,,,,-0.22335,-2.43433,-0.61129,50,6.24221,4.61641,-111.98769,-6.33674,-0.28302,20.62438,-35.25892,LEX_LEG,GAS,WildHealthField,Independent,ATL,20250827-WildHealthField-1,6480e420-83a0-11f0-af3f-87f56c6d82ca,76.11174,,,5.41388,,,,,,,c1155f88-51df-438a-a1d8-1ae778e78cfd,2025-08-27,23:48:55.27,2025-08-27T18:48:55.2795136-05:00,2025-08-27T23:48:55.2795136Z,,v3,495,5508,,"Olmeda, Alexis",663406,Right,GAS,254d07e3-27d4-4e9f-b959-952e7eb4dd8a,54.78921,-112.86626,10.31219,6.48015,-4.83476,-17.62946,-0.8082,4.62846,-0.14151,,,,,,,,,,,,,,,,,,,,,,,,,,,,,,,,,,,,,,,,,,,,,,,,,,,High,High,High,,,,,
112,2025-08-27,18:49:20.90,1,4,"Hartman, Matt",666929,Right,GAS,"Whalen, Brady",669714,Left,LEX_LEG,Undefined,3,Bottom,0,2,1,Undefined,Curveball,StrikeSwinging,Undefined,Undefined,Undefined,0,0,,77.65378,-2.698844,-2.361946,2116.536799,344.862509,5:30,6.44257,0.9471,5.90078,-53.53987,-6.86115,2.26047,-0.52856,-1.0585,71.88227,-12.404527,-1.954257,0.491735,,,,,,,,,,,,-1.89244,-2.46047,-0.75842,50,6.1938,4.56832,-112.65224,-6.97451,-2.41247,21.98863,-35.31068,LEX_LEG,GAS,WildHealthField,Independent,ATL,20250827-WildHealthField-1,73d46230-83a0-11f0-af3f-87f56c6d82ca,76.65197,,,5.77152,,,,,,,c1155f88-51df-438a-a1d8-1ae778e78cfd,2025-08-27,23:49:20.90,2025-08-27T18:49:20.9030656-05:00,2025-08-27T23:49:20.9030656Z,,v3,495,5508,,"Olmeda, Alexis",663406,Right,GAS,67044f79-3e15-4b30-8059-5e1916820762,54.60353,-113.54725,10.99431,6.44843,-5.53725,-17.65534,-0.94636,4.66651,-1.20623,,,,,,,,,,,,,,,,,,,,,,,,,,,,,,,,,,,,,,,,,,,,,,,,,,,High,High,High,,,,,
113,2025-08-27,18:49:43.65,1,5,"Hartman, Matt",666929,Right,GAS,"Whalen, Brady",669714,Left,LEX_LEG,Undefined,3,Bottom,0,2,2,Undefined,Four-Seam,InPlay,Undefined,Popup,Out,1,0,,88.51901,-3.568365,-2.41331,2239.050725,202.976155,12:45,6.47343,1.11006,5.95913,-13.97902,22.0182,8.79682,1.9922,-0.39616,80.31654,-6.273017,-0.834293,0.431823,82.78632,67.996745,-16.98748,,81.55494,106.04195,-73.81593,139.44076,65.75575,-43.761247,5.832444,-5.26709,12.77776,-0.92334,50,6.18184,5.03923,-128.17993,-8.35315,-8.68542,28.68301,-11.10347,LEX_LEG,GAS,WildHealthField,Independent,ATL,20250827-WildHealthField-1,815fa360-83a0-11f0-af3f-87f56c6d82ca,87.28675,142.82931,,8.20248,,,,1.66518,2.54967,0.25599,c1155f88-51df-438a-a1d8-1ae778e78cfd,2025-08-27,23:49:43.65,2025-08-27T18:49:43.6514304-05:00,2025-08-27T23:49:43.6514304Z,Popup,v3,495,5508,,"Olmeda, Alexis",663406,Right,GAS,6f1299bd-047b-4e0d-92b3-240626e0c546,54.54068,-129.19201,14.3415,6.46967,-7.96137,-5.55173,-1.10656,5.34569,-4.34271,161.673537,1.64986,43.71663,-16.64037,5.49387,-1.17406,0.10372,0.01531,-0.00432,0.00028,2.52475,113.00158,-30.12019,5.45813,-1.97506,0.59129,-0.11041,0.01087,-0.00043,0.23838,-13.0181,-5.58379,3.1859,-1.13405,0.25362,-0.03082,0.00157,-1E-05,,,,,,,,,,,,,,,,,,,,,,,High,High,High,High,Low,,,
114,2025-08-27,18:50:21.74,2,1,"Hartman, Matt",666929,Right,GAS,"Terry, Curtis",663799,Right,LEX_LEG,Undefined,3,Bottom,1,0,0,Undefined,Four-Seam,HitByPitch,Undefined,Undefined,Undefined,0,0,,87.94602,-1.764473,-0.1132,2257.837993,195.536261,12:30,6.51421,1.1392,5.78587,-13.59528,23.04958,6.04835,3.73915,1.53791,79.51417,-4.412789,0.970076,0.43569,,,,,,,,,,,,-3.12177,12.68115,-1.13357,50,6.36086,-0.00475,-127.55823,-4.26585,-5.08517,29.01664,-11.51729,LEX_LEG,GAS,WildHealthField,Independent,ATL,20250827-WildHealthField-1,98201210-83a0-11f0-af3f-87f56c6d82ca,86.512,,,8.43186,,,,,,,c1155f88-51df-438a-a1d8-1ae778e78cfd,2025-08-27,23:50:21.74,2025-08-27T18:50:21.7495552-05:00,2025-08-27T23:50:21.7495552Z,,v3,495,5508,,"Olmeda, Alexis",663406,Right,GAS,e3654bbd-ac03-4b3a-b85b-b5b9b20d48d4,54.71267,-128.62579,14.50832,6.51001,-3.84212,-5.75865,-1.13683,0.18234,-2.54259,,,,,,,,,,,,,,,,,,,,,,,,,,,,,,,,,,,,,,,,,,,,,,,,,,,High,High,High,,,,,
115,2025-08-27,18:50:59.52,3,1,"Hartman, Matt",666929,Right,GAS,"Cumbo, E.J.",821574,Left,LEX_LEG,Undefined,3,Bottom,1,0,0,Undefined,Curveball,StrikeSwinging,Undefined,Undefined,Undefined,0,0,,77.18849,-2.596751,-2.311679,2075.150232,30.574357,7:00,6.40387,1.11821,6.15785,-50.2694,-3.75571,-3.05272,-0.1879,-1.27304,71.75695,-11.758484,-2.86422,0.490865,,,,,,,,,,,,0.94598,-0.88673,-0.94098,50,6.18029,4.62658,-112.07412,-6.57238,1.20098,20.60251,-33.2998,LEX_LEG,GAS,WildHealthField,Independent,ATL,20250827-WildHealthField-1,aea0b8a0-83a0-11f0-af3f-87f56c6d82ca,76.78785,,,5.43154,,,,,,,c1155f88-51df-438a-a1d8-1ae778e78cfd,2025-08-27,23:50:59.52,2025-08-27T18:50:59.5221504-05:00,2025-08-27T23:50:59.5221504Z,,v3,495,5508,,"Olmeda, Alexis",663406,Right,GAS,c2243a9b-2d0b-4f55-b97e-1f611227baba,54.34593,-112.8702,10.30126,6.40939,-5.28567,-16.6499,-1.11886,4.58017,0.60049,,,,,,,,,,,,,,,,,,,,,,,,,,,,,,,,,,,,,,,,,,,,,,,,,,,High,High,High,,,,,
116,2025-08-27,18:51:19.56,3,2,"Hartman, Matt",666929,Right,GAS,"Cumbo, E.J.",821574,Left,LEX_LEG,Undefined,3,Bottom,1,0,1,Undefined,Splitter,StrikeSwinging,Undefined,Undefined,Undefined,0,0,,78.44264,-0.820054,-0.302863,990.586066,326.925503,5:00,6.59262,1.03446,5.60951,-46.5777,0.35039,0.94209,1.94562,0.83026,70.73909,-9.379519,-0.134203,0.493046,,,,,,,,,,,,-0.58201,1.00083,-1.00918,50,6.49286,0.56377,-113.65021,-3.1556,-0.74248,25.60118,-30.89725,LEX_LEG,GAS,WildHealthField,Independent,ATL,20250827-WildHealthField-1,ba97ec50-83a0-11f0-af3f-87f56c6d82ca,76.44807,,,7.70355,,,,,,,c1155f88-51df-438a-a1d8-1ae778e78cfd,2025-08-27,23:51:19.56,2025-08-27T18:51:19.5621888-05:00,2025-08-27T23:51:19.5621888Z,,v3,495,5508,,"Olmeda, Alexis",663406,Right,GAS,f6315803-d17b-41da-bd15-5fabd2b2e9c7,54.88804,-114.74602,12.80059,6.59963,-1.8331,-15.44863,-1.03399,0.59555,-0.37124,,,,,,,,,,,,,,,,,,,,,,,,,,,,,,,,,,,,,,,,,,,,,,,,,,,High,High,High,,,,,
117,2025-08-27,18:51:42.05,3,3,"Hartman, Matt",666929,Right,GAS,"Cumbo, E.J.",821574,Left,LEX_LEG,Undefined,3,Bottom,1,0,2,Undefined,Four-Seam,FoulBallNotFieldable,Undefined,Undefined,Undefined,0,0,,87.19628,-2.496399,-0.647797,2221.722598,206.782625,1:00,6.48901,1.16808,6.03356,-14.53186,22.43293,10.66032,2.96465,1.45653,78.91389,-5.320241,1.270622,0.437588,70.86269,49.261398,-138.693576,3346.793542,,,,,61.88652,,,-5.69949,12.71796,-1.12326,50,6.28614,0.99681,-126.46767,-5.8659,-9.12146,28.64031,-11.82022,LEX_LEG,GAS,WildHealthField,Independent,ATL,20250827-WildHealthField-1,c7fe4060-83a0-11f0-af3f-87f56c6d82ca,86.13684,55.62202,,8.28238,,,,1.7847,2.63144,-1.23985,c1155f88-51df-438a-a1d8-1ae778e78cfd,2025-08-27,23:51:42.05,2025-08-27T18:51:42.0562944-05:00,2025-08-27T23:51:42.0562944Z,,v3,495,5508,,"Olmeda, Alexis",663406,Right,GAS,0a83fa11-626d-4f0a-809f-6495e6d4cef5,54.46557,-127.47495,14.32015,6.48513,-5.45018,-5.91011,-1.16396,1.31761,-4.56073,28.063096,1.7847,-50.95046,-0.60639,0.97796,-0.73487,1.22812,-1.37336,0.80085,-0.18884,2.63143,78.74943,-28.08464,3.74099,-1.81575,2.58879,-2.81203,1.61274,-0.37539,-1.23985,-44.77138,6.34532,0.17808,-0.34802,0.63443,-0.72363,0.43654,-0.1059,,,,,,,,,,,,,,,,,,,,,,,High,High,High,High,Undefined,,,
118,2025-08-27,18:52:01.04,3,4,"Hartman, Matt",666929,Right,GAS,"Cumbo, E.J.",821574,Left,LEX_LEG,Undefined,3,Bottom,1,0,2,Undefined,Curveball,BallCalled,Undefined,Undefined,Undefined,0,0,,76.77355,-0.692389,-2.098599,1820.092337,8.063256,6:15,6.43597,0.76355,5.62752,-52.13873,-4.01244,-0.7887,1.44453,-1.26131,70.64926,-10.180743,-2.239773,0.499301,,,,,,,,,,,,-0.22035,-1.38154,-0.58418,50,6.34342,4.11228,-111.42177,-3.03755,-0.27528,21.18856,-33.89998,LEX_LEG,GAS,WildHealthField,Independent,ATL,20250827-WildHealthField-1,d33b4bd0-83a0-11f0-af3f-87f56c6d82ca,75.49041,,,6.12428,,,,,,,c1155f88-51df-438a-a1d8-1ae778e78cfd,2025-08-27,23:52:01.04,2025-08-27T18:52:01.0400256-05:00,2025-08-27T23:52:01.0400256Z,,v3,495,5508,,"Olmeda, Alexis",663406,Right,GAS,e505a5e9-e766-42e6-a831-f5b9b0010d57,54.87434,-112.34488,10.59428,6.44358,-1.56065,-16.94999,-0.7636,4.12427,-0.13764,,,,,,,,,,,,,,,,,,,,,,,,,,,,,,,,,,,,,,,,,,,,,,,,,,,High,High,High,,,,,
119,2025-08-27,18:52:20.66,3,5,"Hartman, Matt",666929,Right,GAS,"Cumbo, E.J.",821574,Left,LEX_LEG,Undefined,3,Bottom,1,1,2,Undefined,Curveball,FoulBallNotFieldable,Undefined,Undefined,Undefined,0,0,,76.78763,-1.182825,-0.734604,2057.44108,357.148886,6:00,6.4658,0.95581,5.68725,-55.85849,-8.16662,0.47858,0.70819,0.31094,71.26584,-11.305225,-0.648617,0.497043,81.88191,-4.45984,66.835617,,,,,16.24163,15.93332,51.502337,0.119979,-0.45433,-3.54977,-0.89431,50,6.33047,1.41402,-111.60897,-4.0913,-0.57225,20.36399,-36.64494,LEX_LEG,GAS,WildHealthField,Independent,ATL,20250827-WildHealthField-1,defe2910-83a0-11f0-af3f-87f56c6d82ca,75.83342,1.32322,,5.52179,,,,4.64164,1.32322,-0.41558,c1155f88-51df-438a-a1d8-1ae778e78cfd,2025-08-27,23:52:20.66,2025-08-27T18:52:20.6603264-05:00,2025-08-27T23:52:20.6603264Z,GroundBall,v3,495,5508,,"Olmeda, Alexis",663406,Right,GAS,c2b8cd3c-534d-484a-bb6a-cde2ba1248f6,54.81751,-112.48453,10.182,6.4725,-2.51573,-18.32247,-0.95564,1.43862,-0.28612,271.50767,4.64177,47.08452,-12.56866,,,,,,,1.32327,-9.3443,-14.04654,,,,,,,-0.41558,110.07682,-5.56583,,,,,,,,,,,,,,,,,,,,,,,,,,,,,High,High,High,High,High,,,
120,2025-08-27,18:52:46.10,3,6,"Hartman, Matt",666929,Right,GAS,"Cumbo, E.J.",821574,Left,LEX_LEG,Undefined,3,Bottom,1,1,2,Undefined,Four-Seam,StrikeCalled,Strikeout,Undefined,Undefined,0,0,,88.86933,-4.092012,-2.525166,2318.745134,203.224624,12:45,6.44911,1.20934,5.9449,-14.69418,21.00391,8.48185,1.41874,-0.42766,80.87411,-6.910956,-1.003085,0.430025,,,,,,,,,,,,-5.13142,12.38796,-1.01301,50,6.11425,5.32445,-128.63273,-9.60367,-8.5418,28.30057,-11.55289,LEX_LEG,GAS,WildHealthField,Independent,ATL,20250827-WildHealthField-1,ee22f600-83a0-11f0-af3f-87f56c6d82ca,87.6517,,,7.99522,,,,,,,c1155f88-51df-438a-a1d8-1ae778e78cfd,2025-08-27,23:52:46.10,2025-08-27T18:52:46.1005824-05:00,2025-08-27T23:52:46.1005824Z,,v3,495,5508,,"Olmeda, Alexis",663406,Right,GAS,13a25ca7-9f5e-466d-b023-ab13be7f0728,54.5556,-129.63113,14.15029,6.44587,-9.1961,-5.77644,-1.20616,5.62579,-4.2709,,,,,,,,,,,,,,,,,,,,,,,,,,,,,,,,,,,,,,,,,,,,,,,,,,,High,High,High,,,,,
121,2025-08-27,18:53:12.16,4,1,"Hartman, Matt",666929,Right,GAS,"Dixon, Brenden",686981,Right,LEX_LEG,Undefined,3,Bottom,2,0,0,Undefined,Curveball,StrikeCalled,Undefined,Undefined,Undefined,0,0,,76.51208,-0.126857,-0.357077,1926.779773,350.089411,5:45,6.47741,1.05762,5.78643,-50.74908,-2.62866,0.73335,2.1303,0.78652,70.22547,-9.422622,-0.225351,0.499271,,,,,,,,,,,,-0.47945,-0.80618,-1.02863,50,6.43666,0.6655,-111.12845,-1.85037,-0.59558,21.14256,-33.17551,LEX_LEG,GAS,WildHealthField,Independent,ATL,20250827-WildHealthField-1,fdb59ff0-83a0-11f0-af3f-87f56c6d82ca,75.49499,,,6.2866,,,,,,,c1155f88-51df-438a-a1d8-1ae778e78cfd,2025-08-27,23:53:12.16,2025-08-27T18:53:12.1612800-05:00,2025-08-27T23:53:12.1612800Z,,v3,495,5508,,"Olmeda, Alexis",663406,Right,GAS,9f2827c9-fa43-4864-a270-d032cb61ebd6,54.71445,-112.0218,10.57128,6.48523,-0.44859,-16.58776,-1.05728,0.69066,-0.29779,,,,,,,,,,,,,,,,,,,,,,,,,,,,,,,,,,,,,,,,,,,,,,,,,,,High,High,High,,,,,
122,2025-08-27,18:53:27.81,4,2,"Hartman, Matt",666929,Right,GAS,"Dixon, Brenden",686981,Right,LEX_LEG,Undefined,3,Bottom,2,0,1,Undefined,Slider,BallCalled,Undefined,Undefined,Undefined,0,0,,79.82925,-1.709249,-0.925913,1664.882911,39.625398,7:15,6.57216,0.90917,5.66928,-45.75313,-0.70449,-1.95555,1.16502,-0.11719,72.43927,-10.085389,-1.276584,0.483072,,,,,,,,,,,,0.68035,0.70803,-0.82971,50,6.3992,1.94636,-115.68608,-4.9717,0.90333,25.66519,-31.234,LEX_LEG,GAS,WildHealthField,Independent,ATL,20250827-WildHealthField-1,070ab180-83a1-11f0-af3f-87f56c6d82ca,78.02648,,,7.38998,,,,,,,c1155f88-51df-438a-a1d8-1ae778e78cfd,2025-08-27,23:53:27.81,2025-08-27T18:53:27.8194176-05:00,2025-08-27T23:53:27.8194176Z,,v3,495,5508,,"Olmeda, Alexis",663406,Right,GAS,c42353ee-b997-4a2f-93ce-47908cc64031,54.82951,-116.7526,12.8326,6.57883,-3.67377,-15.617,-0.90981,1.90883,0.45166,,,,,,,,,,,,,,,,,,,,,,,,,,,,,,,,,,,,,,,,,,,,,,,,,,,High,High,High,,,,,
123,2025-08-27,18:53:43.96,4,3,"Hartman, Matt",666929,Right,GAS,"Dixon, Brenden",686981,Right,LEX_LEG,Undefined,3,Bottom,2,1,1,Undefined,Changeup,BallCalled,Undefined,Undefined,Undefined,0,0,,85.38061,-3.710796,-1.338924,2086.867303,218.633859,1:15,6.52102,1.33341,5.96279,-21.91356,16.57859,12.21631,1.24821,1.10966,78.07213,-7.819554,0.858301,0.446537,,,,,,,,,,,,-6.70713,9.99678,-1.23416,50,6.21397,2.41304,-123.75515,-8.67509,-10.35287,25.7792,-16.74338,LEX_LEG,GAS,WildHealthField,Independent,ATL,20250827-WildHealthField-1,10a15ff0-83a1-11f0-af3f-87f56c6d82ca,84.41056,,,7.30848,,,,,,,c1155f88-51df-438a-a1d8-1ae778e78cfd,2025-08-27,23:53:43.96,2025-08-27T18:53:43.9669248-05:00,2025-08-27T23:53:43.9669248Z,,v3,495,5508,,"Olmeda, Alexis",663406,Right,GAS,ede2264b-bd28-414a-bd60-e939c5139f5f,54.53804,-124.69688,12.8896,6.5197,-8.06345,-8.37169,-1.32922,2.79124,-5.17643,,,,,,,,,,,,,,,,,,,,,,,,,,,,,,,,,,,,,,,,,,,,,,,,,,,High,High,High,,,,,
124,2025-08-27,18:54:01.70,4,4,"Hartman, Matt",666929,Right,GAS,"Dixon, Brenden",686981,Right,LEX_LEG,Undefined,3,Bottom,2,2,1,Undefined,Four-Seam,BallCalled,Undefined,Undefined,Undefined,0,0,,88.01005,-4.074359,-0.434831,2356.169215,196.632701,12:30,6.60575,0.72828,5.97707,-13.50083,22.92218,6.45926,1.69716,0.86344,79.83101,-6.691796,0.726393,0.434369,,,,,,,,,,,,-3.44807,13.40119,-0.69745,50,6.27554,0.69918,-127.44465,-9.39975,-5.61464,28.62161,-10.35234,LEX_LEG,GAS,WildHealthField,Independent,ATL,20250827-WildHealthField-1,1b37cb20-83a1-11f0-af3f-87f56c6d82ca,86.77506,,,8.17903,,,,,,,c1155f88-51df-438a-a1d8-1ae778e78cfd,2025-08-27,23:54:01.70,2025-08-27T18:54:01.7030144-05:00,2025-08-27T23:54:01.7030144Z,,v3,495,5508,,"Olmeda, Alexis",663406,Right,GAS,00421348-2baa-4829-9ab0-fc8a5d8161fd,54.52154,-128.45608,14.3108,6.60125,-9.03391,-5.17617,-0.72566,0.89759,-2.80732,,,,,,,,,,,,,,,,,,,,,,,,,,,,,,,,,,,,,,,,,,,,,,,,,,,High,High,High,,,,,
125,2025-08-27,18:54:23.56,4,5,"Hartman, Matt",666929,Right,GAS,"Dixon, Brenden",686981,Right,LEX_LEG,Undefined,3,Bottom,2,3,1,Undefined,Curveball,BallCalled,Walk,Undefined,Undefined,0,0,,76.37888,-1.300945,-1.266578,1918.816043,359.095601,6:00,6.47909,0.79237,5.96347,-52.14164,-4.15453,0.09,0.92714,-0.37478,70.41929,-10.83339,-1.250339,0.498579,,,,,,,,,,,,-0.42441,-1.34197,-0.69193,50,6.34662,2.4498,-110.94508,-4.10955,-0.52525,21.14994,-33.83495,LEX_LEG,GAS,WildHealthField,Independent,ATL,20250827-WildHealthField-1,28474ca0-83a1-11f0-af3f-87f56c6d82ca,75.59979,,,5.9596,,,,,,,c1155f88-51df-438a-a1d8-1ae778e78cfd,2025-08-27,23:54:23.56,2025-08-27T18:54:23.5607040-05:00,2025-08-27T23:54:23.5607040Z,,v3,495,5508,,"Olmeda, Alexis",663406,Right,GAS,172ea4cd-4821-480f-bf1c-a540c4383fe1,54.53909,-111.80703,10.57497,6.486,-2.73062,-16.91747,-0.79221,2.4712,-0.26263,,,,,,,,,,,,,,,,,,,,,,,,,,,,,,,,,,,,,,,,,,,,,,,,,,,High,High,High,,,,,
126,2025-08-27,18:54:59.98,5,1,"Hartman, Matt",666929,Right,GAS,"Fuentes, Brian",1000059283,Right,LEX_LEG,Undefined,3,Bottom,2,0,0,Undefined,Curveball,BallCalled,Undefined,Undefined,Undefined,0,0,,76.54603,1.195655,0.114714,2027.89835,11.07092,6:15,6.52468,0.87769,5.66402,-55.13747,-6.67772,-1.6239,3.045,0.84933,69.90909,-8.891742,-0.176146,0.501028,,,,,,,,,,,,0.85457,-3.20402,-0.88636,50,6.59132,-0.16064,-111.1149,0.51387,1.05799,21.71514,-36.14085,LEX_LEG,GAS,WildHealthField,Independent,ATL,20250827-WildHealthField-1,3de20000-83a1-11f0-af3f-87f56c6d82ca,75.23022,,,6.63694,,,,,,,c1155f88-51df-438a-a1d8-1ae778e78cfd,2025-08-27,23:54:59.98,2025-08-27T18:54:59.9889920-05:00,2025-08-27T23:54:59.9889920Z,,v3,495,5508,,"Olmeda, Alexis",663406,Right,GAS,cbafa50f-faaa-40d4-8b09-5e5a05f85952,54.83699,-112.0562,10.85757,6.53509,2.08051,-18.07043,-0.87841,-0.2065,0.529,,,,,,,,,,,,,,,,,,,,,,,,,,,,,,,,,,,,,,,,,,,,,,,,,,,High,High,High,,,,,
127,2025-08-27,18:55:18.79,5,2,"Hartman, Matt",666929,Right,GAS,"Fuentes, Brian",1000059283,Right,LEX_LEG,Undefined,3,Bottom,2,1,0,Undefined,Four-Seam,BallCalled,Undefined,Undefined,Undefined,0,0,,88.40364,-4.400383,-0.100068,2322.283788,204.995196,12:45,6.51012,0.99881,5.90363,-13.58139,22.82584,10.00926,1.28537,1.74002,79.84533,-7.033002,1.696858,0.434275,,,,,,,,,,,,-5.18591,13.53398,-0.99665,50,6.14832,-0.19261,-127.90646,-10.17641,-8.45719,30.21942,-10.10285,LEX_LEG,GAS,WildHealthField,Independent,ATL,20250827-WildHealthField-1,4921f1a0-83a1-11f0-af3f-87f56c6d82ca,86.79389,,,8.55831,,,,,,,c1155f88-51df-438a-a1d8-1ae778e78cfd,2025-08-27,23:55:18.79,2025-08-27T18:55:18.7914752-05:00,2025-08-27T23:55:18.7914752Z,,v3,495,5508,,"Olmeda, Alexis",663406,Right,GAS,9771d037-a730-4cfa-a819-4f6e1cae6e8c,54.59563,-128.98766,15.10971,6.50595,-9.81495,-5.05142,-0.99517,0.10997,-4.22859,,,,,,,,,,,,,,,,,,,,,,,,,,,,,,,,,,,,,,,,,,,,,,,,,,,High,High,High,,,,,
128,2025-08-27,18:55:40.15,5,3,"Hartman, Matt",666929,Right,GAS,"Fuentes, Brian",1000059283,Right,LEX_LEG,Undefined,3,Bottom,2,2,0,Undefined,Four-Seam,BallCalled,Undefined,Undefined,Undefined,0,0,,87.75848,-4.187838,-1.952062,2214.204869,204.412744,12:45,6.41028,0.99792,5.9592,-18.04658,18.57922,7.85158,1.01367,-0.1587,79.87717,-7.60572,-0.541255,0.435577,,,,,,,,,,,,-4.58433,11.1489,-0.84709,50,6.06687,3.99834,-127.00055,-9.81265,-7.43446,27.72391,-14.09369,LEX_LEG,GAS,WildHealthField,Independent,ATL,20250827-WildHealthField-1,55e3a140-83a1-11f0-af3f-87f56c6d82ca,86.53452,,,7.88131,,,,,,,c1155f88-51df-438a-a1d8-1ae778e78cfd,2025-08-27,23:55:40.15,2025-08-27T18:55:40.1514496-05:00,2025-08-27T23:55:40.1514496Z,,v3,495,5508,,"Olmeda, Alexis",663406,Right,GAS,c22e3045-03cb-4d10-bf04-9bf399794898,54.53855,-127.98746,13.86196,6.40725,-9.31095,-7.04685,-0.99413,4.263,-3.71723,,,,,,,,,,,,,,,,,,,,,,,,,,,,,,,,,,,,,,,,,,,,,,,,,,,High,High,High,,,,,
129,2025-08-27,18:56:05.50,5,4,"Hartman, Matt",666929,Right,GAS,"Fuentes, Brian",1000059283,Right,LEX_LEG,Undefined,3,Bottom,2,3,0,Undefined,Four-Seam,StrikeCalled,Undefined,Undefined,Undefined,0,0,,88.01386,-3.576656,-1.588035,2260.997553,205.723941,12:45,6.45863,1.13498,5.8512,-13.62816,23.39151,10.56678,1.99384,0.53953,78.83088,-6.247151,0.306363,0.437913,,,,,,,,,,,,-5.90146,13.54674,-1.01192,50,6.15963,3.07021,-127.27705,-8.26994,-9.46876,31.45031,-10.43854,LEX_LEG,GAS,WildHealthField,Independent,ATL,20250827-WildHealthField-1,64fc6040-83a1-11f0-af3f-87f56c6d82ca,86.07295,,,9.18298,,,,,,,c1155f88-51df-438a-a1d8-1ae778e78cfd,2025-08-27,23:56:05.50,2025-08-27T18:56:05.5088128-05:00,2025-08-27T23:56:05.5088128Z,,v3,495,5508,,"Olmeda, Alexis",663406,Right,GAS,3c1b9d52-80d5-4022-9cf2-fbf4992a469d,54.64475,-128.41965,15.72515,6.45319,-7.89071,-5.21927,-1.12971,3.41422,-4.73438,,,,,,,,,,,,,,,,,,,,,,,,,,,,,,,,,,,,,,,,,,,,,,,,,,,High,High,High,,,,,
130,2025-08-27,18:56:22.98,5,5,"Hartman, Matt",666929,Right,GAS,"Fuentes, Brian",1000059283,Right,LEX_LEG,Undefined,3,Bottom,2,3,1,Undefined,Four-Seam,InPlay,Undefined,Popup,Out,1,0,,87.453,-2.324238,-0.896216,2234.183023,196.843667,12:30,6.61147,0.85449,5.90797,-13.20469,23.90226,6.81902,3.3522,0.59077,78.69498,-4.919705,0.327752,0.438429,88.99754,69.965552,-29.964029,,,,,100.18666,45.56257,-41.894578,6.373756,-3.78748,13.39887,-0.78645,50,6.41744,1.69788,-126.74468,-5.44504,-6.05761,29.95886,-10.74417,LEX_LEG,GAS,WildHealthField,Independent,ATL,20250827-WildHealthField-1,6f694a70-83a1-11f0-af3f-87f56c6d82ca,85.97166,170.67341,,8.75802,,,,1.77629,2.91351,-0.99452,c1155f88-51df-438a-a1d8-1ae778e78cfd,2025-08-27,23:56:22.98,2025-08-27T18:56:22.9805568-05:00,2025-08-27T23:56:22.9805568Z,Popup,v3,495,5508,,"Olmeda, Alexis",663406,Right,GAS,88c173ff-9990-4f6a-a130-a585bd051d9c,54.59001,-127.82502,14.97943,6.6068,-5.05759,-5.37209,-0.85162,1.91633,-3.02881,175.818243,1.76839,38.85097,-16.91348,5.41717,-1.25525,0.23383,-0.03218,0.00266,-0.0001,2.90981,122.71071,-29.39971,4.14638,-1.0866,0.28307,-0.05391,0.00564,-0.00024,-0.99215,-22.36296,6.74268,-1.95531,0.39978,-0.06237,0.00693,-0.00045,1E-05,,,,,,,,,,,,,,,,,,,,,,,High,High,High,Medium,Low,,,
131,2025-08-27,18:58:43.15,1,1,"Wicklander, Patrick",677353,Left,LEX_LEG,"Reinheimer, Jack",595373,Right,GAS,Undefined,4,Top,0,0,0,Undefined,Changeup,StrikeSwinging,Undefined,Undefined,Undefined,0,0,,81.79297,-0.59695,3.417423,2195.609009,126.140027,10:15,5.24376,-1.8801,5.82354,-30.50899,12.21745,-14.52564,2.14535,0.0904,73.53735,-6.31882,0.818139,0.470457,,,,,,,,,,,,8.50918,6.89713,1.60886,50,5.17714,-6.48568,-118.3889,-2.1684,11.85072,26.54667,-22.56844,LEX_LEG,GAS,WildHealthField,Independent,ATL,20250827-WildHealthField-1,c2fbcaa0-83a1-11f0-af3f-87f56c6d82ca,80.11881,,,8.25562,,,,,,,c1155f88-51df-438a-a1d8-1ae778e78cfd,2025-08-27,23:58:43.15,2025-08-27T18:58:43.1559168-05:00,2025-08-27T23:58:43.1559168Z,,v3,495,5508,,"Quiroz, Isaias",657728,Right,LEX_LEG,b061bf72-6e47-4b8a-ba1e-ed4171e528da,54.67359,-119.43227,13.27333,5.24494,-1.28138,-11.28422,1.87292,-6.95145,5.92536,,,,,,,,,,,,,,,,,,,,,,,,,,,,,,,,,,,,,,,,,,,,,,,,,,,High,High,High,,,,,
132,2025-08-27,18:58:59.09,1,2,"Wicklander, Patrick",677353,Left,LEX_LEG,"Reinheimer, Jack",595373,Right,GAS,Undefined,4,Top,0,0,1,Undefined,Slider,FoulBallNotFieldable,Undefined,Undefined,Undefined,0,0,,79.07972,0.794661,1.843431,2369.323427,260.688371,2:45,5.29494,-1.83742,5.25898,-43.214,2.86449,8.17989,2.44084,0.57685,72.13572,-7.097301,3.293524,0.488563,,,,,,,,,,,,-3.5654,1.59973,1.66206,50,5.33579,-4.01686,-114.66785,0.11208,-4.71073,22.72087,-30.06044,LEX_LEG,GAS,WildHealthField,Independent,ATL,20250827-WildHealthField-1,cc7c8010-83a1-11f0-af3f-87f56c6d82ca,77.14961,,,6.944,,,,,,,c1155f88-51df-438a-a1d8-1ae778e78cfd,2025-08-27,23:58:59.09,2025-08-27T18:58:59.0984192-05:00,2025-08-27T23:58:59.0984192Z,,v3,495,5508,,"Quiroz, Isaias",657728,Right,LEX_LEG,9bada697-1d7a-4bef-9b47-837dcc8c76ac,55.24188,-115.70184,11.36044,5.29956,1.48009,-15.03022,1.83998,-3.80248,-2.35536,,,,,,,,,,,,,,,,,,,,,,,,,,,,,,,,,,,,,,,,,,,,,,,,,,,High,High,High,,,,,
133,2025-08-27,18:59:18.05,1,3,"Wicklander, Patrick",677353,Left,LEX_LEG,"Reinheimer, Jack",595373,Right,GAS,Undefined,4,Top,0,0,2,Undefined,Four-Seam,BallCalled,Undefined,Undefined,Undefined,0,0,,90.69936,-0.052035,1.483826,2385.283018,132.434571,10:30,5.45163,-1.89565,5.5593,-18.43969,16.64867,-16.75552,3.86636,-1.90527,81.10913,-3.571584,-1.503995,0.426337,,,,,,,,,,,,8.84473,8.76827,1.77825,50,5.43536,-2.61207,-131.35716,-0.69389,15.13517,33.17238,-17.16975,LEX_LEG,GAS,WildHealthField,Independent,ATL,20250827-WildHealthField-1,d7a51920-83a1-11f0-af3f-87f56c6d82ca,88.40996,,,9.59023,,,,,,,c1155f88-51df-438a-a1d8-1ae778e78cfd,2025-08-27,23:59:18.05,2025-08-27T18:59:18.0508672-05:00,2025-08-27T23:59:18.0508672Z,,v3,495,5508,,"Quiroz, Isaias",657728,Right,LEX_LEG,ade2a7e1-d75c-4bfb-a51b-09a2dafdf5dc,54.93588,-132.59778,16.58619,5.4493,-0.05176,-8.58488,1.88652,-3.17811,7.56759,,,,,,,,,,,,,,,,,,,,,,,,,,,,,,,,,,,,,,,,,,,,,,,,,,,High,High,High,,,,,
134,2025-08-27,18:59:33.03,1,4,"Wicklander, Patrick",677353,Left,LEX_LEG,"Reinheimer, Jack",595373,Right,GAS,Undefined,4,Top,0,1,2,Undefined,Slider,InPlay,Undefined,Popup,Out,1,0,,79.94841,-0.174403,1.331016,2406.440494,207.181273,1:00,5.40195,-1.73731,5.21812,-39.29006,5.97394,2.26705,1.96374,-0.29665,72.70278,-7.368176,1.733094,0.484226,75.83156,61.600814,29.196167,,74.89198,107.8222,80.56793,163.19508,155.15313,47.606816,5.315345,-0.72634,3.47268,1.6126,50,5.35655,-2.78544,-115.89605,-1.70518,-0.97761,23.76963,-27.50007,LEX_LEG,GAS,WildHealthField,Independent,ATL,20250827-WildHealthField-1,e0b69200-83a1-11f0-af3f-87f56c6d82ca,77.84063,113.59149,,7.24563,,,,1.48769,2.03877,0.3135,c1155f88-51df-438a-a1d8-1ae778e78cfd,2025-08-27,23:59:33.03,2025-08-27T18:59:33.0397696-05:00,2025-08-27T23:59:33.0397696Z,Popup,v3,495,5508,,"Quiroz, Isaias",657728,Right,LEX_LEG,e41b8b34-e851-4456-987f-41ce58f23bab,55.28124,-116.97419,11.88481,5.4056,-0.45784,-13.75003,1.73794,-2.7411,-0.4888,207.274083,1.43364,47.11744,-18.70404,9.11969,-3.72013,0.93602,-0.11678,0.00485,0.0001,2.03302,97.88704,-26.61339,2.67165,0.08516,-0.29402,0.10188,-0.01546,0.00089,0.35534,25.01492,5.80483,-6.50343,3.82383,-1.31136,0.24805,-0.02389,0.00091,,,,,,,,,,,,,,,,,,,,,,,High,High,High,High,Medium,,,
135,2025-08-27,19:00:22.16,2,1,"Wicklander, Patrick",677353,Left,LEX_LEG,"Olmeda, Alexis",663406,Right,GAS,Undefined,4,Top,1,0,0,Undefined,Sinker,BallCalled,Undefined,Undefined,Undefined,0,0,,88.80471,0.479885,1.957818,2361.349386,139.08884,10:45,5.44057,-1.82161,5.82778,-19.57489,16.56875,-13.20095,4.25572,-1.10094,79.60034,-3.263194,-0.40688,0.432701,,,,,,,,,,,,7.32815,8.65654,1.66923,50,5.46844,-3.81777,-128.68526,0.4978,12.06486,31.23255,-17.92212,LEX_LEG,GAS,WildHealthField,Independent,ATL,20250827-WildHealthField-1,fdfbb430-83a1-11f0-af3f-87f56c6d82ca,87.10976,,,9.20438,,,,,,,c1155f88-51df-438a-a1d8-1ae778e78cfd,2025-08-28,00:00:22.16,2025-08-27T19:00:22.1677568-05:00,2025-08-28T00:00:22.1677568Z,,v3,495,5508,,"Quiroz, Isaias",657728,Right,LEX_LEG,63453576-2471-48e9-9ddc-5d066c801463,54.66864,-129.81342,15.61627,5.43877,1.14517,-8.96106,1.815,-4.25357,6.03243,,,,,,,,,,,,,,,,,,,,,,,,,,,,,,,,,,,,,,,,,,,,,,,,,,,High,High,High,,,,,
136,2025-08-27,19:00:36.67,2,2,"Wicklander, Patrick",677353,Left,LEX_LEG,"Olmeda, Alexis",663406,Right,GAS,Undefined,4,Top,1,1,0,Undefined,Four-Seam,FoulBallNotFieldable,Undefined,Undefined,Undefined,0,0,,89.95286,-1.350232,2.907832,2405.039578,138.641961,10:30,5.39765,-1.69167,5.68899,-17.90119,17.58288,-14.29961,2.64554,-0.17072,80.68184,-4.773225,0.354746,0.428734,77.38988,62.344358,137.413959,5011.157306,,,,,48.34036,,,8.23871,9.7593,1.45608,50,5.27312,-5.98243,-130.22463,-3.61416,13.87984,32.17544,-15.7325,LEX_LEG,GAS,WildHealthField,Independent,ATL,20250827-WildHealthField-1,06a0afa0-83a2-11f0-af3f-87f56c6d82ca,87.91562,69.6311,,9.27102,,,,1.52284,2.71588,0.20162,c1155f88-51df-438a-a1d8-1ae778e78cfd,2025-08-28,00:00:36.67,2025-08-27T19:00:36.6700000-05:00,2025-08-28T00:00:36.6700000Z,,v3,495,5508,,"Quiroz, Isaias",657728,Right,LEX_LEG,46fa8e5e-d182-4ffa-aec9-8add8fc2369d,54.80932,-131.40753,16.08772,5.39536,-3.03577,-7.86625,1.68539,-6.4927,6.93992,347.595028,1.52284,-38.78927,-5.0494,3.4871,-1.17571,0.33887,-0.0888,0.02014,-0.00267,2.71588,100.53739,-35.2097,5.57437,-1.16518,0.20765,-0.02724,-0.00299,0.00231,0.20162,35.65113,-2.44348,-0.32202,0.24316,-0.0944,0.03067,-0.00942,0.00177,,,,,,,,,,,,,,,,,,,,,,,High,High,High,High,Undefined,,,
137,2025-08-27,19:00:55.61,2,3,"Wicklander, Patrick",677353,Left,LEX_LEG,"Olmeda, Alexis",663406,Right,GAS,Undefined,4,Top,1,1,1,Undefined,Four-Seam,BallCalled,Undefined,Undefined,Undefined,0,0,,90.50015,-1.300107,2.092981,2484.753681,139.167484,10:45,5.41925,-1.80193,5.56136,-16.64225,18.51729,-14.86646,2.81672,-1.0845,81.23505,-4.488124,-0.557331,0.426769,,,,,,,,,,,,8.13221,10.12776,1.63092,50,5.29633,-4.10113,-131.05261,-3.47295,13.89764,32.17622,-14.86607,LEX_LEG,GAS,WildHealthField,Independent,ATL,20250827-WildHealthField-1,11eab360-83a2-11f0-af3f-87f56c6d82ca,88.32045,,,9.2651,,,,,,,c1155f88-51df-438a-a1d8-1ae778e78cfd,2025-08-28,00:00:55.61,2025-08-27T19:00:55.6170000-05:00,2025-08-28T00:00:55.6170000Z,,v3,495,5508,,"Quiroz, Isaias",657728,Right,LEX_LEG,03bcb694-d02d-4501-9765-c1c8a18c8497,54.93517,-132.25874,16.08811,5.41607,-2.91569,-7.43304,1.79442,-4.62208,6.94882,,,,,,,,,,,,,,,,,,,,,,,,,,,,,,,,,,,,,,,,,,,,,,,,,,,High,High,High,,,,,
138,2025-08-27,19:01:11.54,2,4,"Wicklander, Patrick",677353,Left,LEX_LEG,"Olmeda, Alexis",663406,Right,GAS,Undefined,4,Top,1,2,1,Undefined,Four-Seam,BallCalled,Undefined,Undefined,Undefined,0,0,,89.13965,-1.25907,4.053732,2387.382469,140.402688,10:45,5.40863,-1.687,5.69418,-17.46261,18.52399,-14.24875,2.77687,0.90984,80.36058,-4.595617,1.514743,0.431759,,,,,,,,,,,,8.45371,10.15123,1.3547,50,5.29189,-8.50567,-128.96061,-3.35381,14.06859,29.76957,-15.28047,LEX_LEG,GAS,WildHealthField,Independent,ATL,20250827-WildHealthField-1,1b674a20-83a2-11f0-af3f-87f56c6d82ca,87.29964,,,8.77907,,,,,,,c1155f88-51df-438a-a1d8-1ae778e78cfd,2025-08-28,00:01:11.54,2025-08-27T19:01:11.5420000-05:00,2025-08-28T00:01:11.5420000Z,,v3,495,5508,,"Quiroz, Isaias",657728,Right,LEX_LEG,a776a832-8472-49da-be08-d7eda661834f,54.80355,-130.06474,14.88478,5.40577,-2.78706,-7.64023,1.67985,-9.02747,7.0343,,,,,,,,,,,,,,,,,,,,,,,,,,,,,,,,,,,,,,,,,,,,,,,,,,,High,High,High,,,,,
139,2025-08-27,19:01:30.35,2,5,"Wicklander, Patrick",677353,Left,LEX_LEG,"Olmeda, Alexis",663406,Right,GAS,Undefined,4,Top,1,3,1,Undefined,Four-Seam,FoulBallNotFieldable,Undefined,Undefined,Undefined,0,0,,88.86403,-2.148456,2.950925,2405.717265,142.399667,10:45,5.43511,-1.79044,5.62644,-16.40135,19.74285,-14.22391,2.0599,-0.21969,80.45625,-5.281276,0.414467,0.432704,74.67613,38.703751,145.703085,3988.317783,-94.03732,47.79013,57.06998,204.97907,83.21019,150.928848,3.062154,8.10512,11.02737,1.54816,50,5.24155,-6.01123,-128.69893,-5.31387,13.4706,28.97512,-13.84677,LEX_LEG,GAS,WildHealthField,Independent,ATL,20250827-WildHealthField-1,26a16f60-83a2-11f0-af3f-87f56c6d82ca,87.10911,47.7931,,8.40779,,,,1.32207,2.08866,0.2324,c1155f88-51df-438a-a1d8-1ae778e78cfd,2025-08-28,00:01:30.35,2025-08-27T19:01:30.3540000-05:00,2025-08-28T00:01:30.3540000Z,FlyBall,v3,495,5508,,"Quiroz, Isaias",657728,Right,LEX_LEG,d040bf0a-340f-4396-a108-a9f1afdfecbb,54.87281,-129.79135,14.48756,5.43205,-4.79182,-6.92338,1.78437,-6.5191,6.7353,332.269124,1.32254,-70.6314,2.43249,0.47862,0.31506,-0.387,0.18597,-0.04153,0.00353,2.08887,68.47814,-29.76956,3.8584,-0.81967,0.18553,-0.04992,0.01132,-0.00113,0.2323,48.16789,-7.65907,1.54687,-0.58649,0.31797,-0.13317,0.0298,-0.00262,,,,,,,,,,,,,,,,,,,,,,,High,High,High,High,Medium,,,
140,2025-08-27,19:01:51.92,2,6,"Wicklander, Patrick",677353,Left,LEX_LEG,"Olmeda, Alexis",663406,Right,GAS,Undefined,4,Top,1,3,2,Undefined,Sinker,BallCalled,Walk,Undefined,Undefined,0,0,,90.35691,0.40807,2.662958,2423.92142,116.563396,10:00,5.40761,-1.77468,5.47768,-25.52249,9.75138,-16.9645,3.663,-0.69475,81.32809,-4.352065,-0.355348,0.427462,,,,,,,,,,,,9.31682,5.15382,1.55232,50,5.42648,-5.29639,-130.86859,0.01556,15.93253,31.20877,-23.3606,LEX_LEG,GAS,WildHealthField,Independent,ATL,20250827-WildHealthField-1,335f0050-83a2-11f0-af3f-87f56c6d82ca,88.17719,,,9.02882,,,,,,,c1155f88-51df-438a-a1d8-1ae778e78cfd,2025-08-28,00:01:51.92,2025-08-27T19:01:51.9290000-05:00,2025-08-28T00:01:51.9290000Z,,v3,495,5508,,"Quiroz, Isaias",657728,Right,LEX_LEG,2c09dbb8-b40c-4dfc-b7f6-7fe9ff57b1da,55.01998,-132.0603,15.60438,5.40886,0.90759,-11.6803,1.76617,-5.90477,7.96626,,,,,,,,,,,,,,,,,,,,,,,,,,,,,,,,,,,,,,,,,,,,,,,,,,,High,High,High,,,,,
141,2025-08-27,19:02:24.07,3,1,"Wicklander, Patrick",677353,Left,LEX_LEG,"Skender, Ethan",663690,Right,GAS,Undefined,4,Top,1,0,0,Undefined,Cutter,StrikeCalled,Undefined,Undefined,Undefined,0,0,,84.94209,-0.868432,3.066679,2407.446068,153.728852,11:00,5.40416,-1.72291,5.30632,-27.4658,12.30694,-5.43248,2.29889,0.70593,77.52148,-5.941442,2.104018,0.453904,,,,,,,,,,,,3.58339,6.8013,1.44827,50,5.30556,-6.35667,-123.06757,-2.81796,5.48438,24.89126,-21.76462,LEX_LEG,GAS,WildHealthField,Independent,ATL,20250827-WildHealthField-1,46920280-83a2-11f0-af3f-87f56c6d82ca,83.04053,,,7.42062,,,,,,,c1155f88-51df-438a-a1d8-1ae778e78cfd,2025-08-28,00:02:24.07,2025-08-27T19:02:24.0750000-05:00,2025-08-28T00:02:24.0750000Z,,v3,495,5508,,"Quiroz, Isaias",657728,Right,LEX_LEG,09a724d0-5384-4903-ad12-311346baa24b,55.19222,-124.11329,12.44563,5.40474,-1.9036,-10.88231,1.72016,-6.58708,2.74219,,,,,,,,,,,,,,,,,,,,,,,,,,,,,,,,,,,,,,,,,,,,,,,,,,,High,High,High,,,,,
142,2025-08-27,19:02:43.38,3,2,"Wicklander, Patrick",677353,Left,LEX_LEG,"Skender, Ethan",663690,Right,GAS,Undefined,4,Top,1,0,1,Undefined,Changeup,BallCalled,Undefined,Undefined,Undefined,0,0,,83.14458,0.557321,1.80368,2306.804779,106.80551,9:30,5.20224,-1.75649,5.93613,-33.70459,7.04095,-18.6534,2.91085,-1.63704,75.33441,-5.727996,-1.547431,0.459422,,,,,,,,,,,,10.08827,3.85918,1.62288,50,5.22792,-3.05548,-120.65703,0.1003,14.70292,25.96391,-26.54958,LEX_LEG,GAS,WildHealthField,Independent,ATL,20250827-WildHealthField-1,522f0840-83a2-11f0-af3f-87f56c6d82ca,82.04323,,,7.81017,,,,,,,c1155f88-51df-438a-a1d8-1ae778e78cfd,2025-08-28,00:02:43.38,2025-08-27T19:02:43.3810000-05:00,2025-08-28T00:02:43.3810000Z,,v3,495,5508,,"Quiroz, Isaias",657728,Right,LEX_LEG,5d4c5db7-9ab3-4358-9c55-687b09fd48b7,54.5636,-121.6351,12.98196,5.20531,1.10043,-13.27479,1.74841,-3.60934,7.35146,,,,,,,,,,,,,,,,,,,,,,,,,,,,,,,,,,,,,,,,,,,,,,,,,,,High,High,High,,,,,
143,2025-08-27,19:03:00.65,3,3,"Wicklander, Patrick",677353,Left,LEX_LEG,"Skender, Ethan",663690,Right,GAS,Undefined,4,Top,1,1,1,Undefined,Cutter,BallCalled,Undefined,Undefined,Undefined,0,0,,86.36541,0.023915,1.71488,2449.530389,161.12547,11:15,5.3454,-1.81972,5.32991,-24.32718,13.96914,-4.35788,3.34059,-0.57329,78.80561,-4.497924,0.941367,0.4454,,,,,,,,,,,,2.65185,7.35922,1.66789,50,5.33036,-3.55748,-125.28517,-0.78079,4.21363,25.38405,-20.48079,LEX_LEG,GAS,WildHealthField,Independent,ATL,20250827-WildHealthField-1,5c5e4d30-83a2-11f0-af3f-87f56c6d82ca,84.62613,,,7.5598,,,,,,,c1155f88-51df-438a-a1d8-1ae778e78cfd,2025-08-28,00:03:00.65,2025-08-27T19:03:00.6570000-05:00,2025-08-28T00:03:00.6570000Z,,v3,495,5508,,"Quiroz, Isaias",657728,Right,LEX_LEG,5115929c-43fe-4913-9536-8adf0f52a065,55.16837,-126.32799,12.69202,5.34516,0.0606,-10.2404,1.8176,-3.73058,2.10681,,,,,,,,,,,,,,,,,,,,,,,,,,,,,,,,,,,,,,,,,,,,,,,,,,,High,High,High,,,,,
144,2025-08-27,19:03:19.22,3,4,"Wicklander, Patrick",677353,Left,LEX_LEG,"Skender, Ethan",663690,Right,GAS,Undefined,4,Top,1,2,1,Undefined,Cutter,FoulBallNotFieldable,Undefined,Undefined,Undefined,0,0,,86.37857,-1.08202,2.898989,2434.924916,159.222775,11:15,5.33973,-1.82377,5.3739,-24.56379,13.68891,-4.73107,2.27687,0.50225,79.00918,-5.634559,2.059457,0.445146,105.96917,15.475265,-56.02588,4339.920033,57.80934,20.10886,-93.58441,224.3604,158.53992,-64.12081,1.974383,3.21886,7.54776,1.56736,50,5.22549,-6.14333,-125.2506,-3.20902,5.11076,25.41573,-20.19011,LEX_LEG,GAS,WildHealthField,Independent,ATL,20250827-WildHealthField-1,677b7490-83a2-11f0-af3f-87f56c6d82ca,84.67432,20.21806,,7.36939,,,,4.14809,2.56536,-0.35273,c1155f88-51df-438a-a1d8-1ae778e78cfd,2025-08-28,00:03:19.22,2025-08-27T19:03:19.2290000-05:00,2025-08-28T00:03:19.2290000Z,LineDrive,v3,495,5508,,"Quiroz, Isaias",657728,Right,LEX_LEG,e1c9e59e-8467-4916-bf4f-010aa5cdbb30,55.12769,-126.28682,12.70786,5.33954,-2.38586,-10.09505,1.82207,-6.3517,2.55538,,4.14809,83.70329,-27.69404,7.2562,-1.97191,0.53415,-0.12689,0.02128,-0.00176,2.56536,41.46974,-27.65838,4.70445,-1.30829,0.35498,-0.08438,0.01427,-0.00118,-0.35273,-124.21636,16.98359,-4.46999,1.21559,-0.32927,0.07816,-0.01311,0.00109,,,,,,,,,,,,,,,,,,,,,,,High,High,High,Medium,Medium,,,
145,2025-08-27,19:03:56.14,3,5,"Wicklander, Patrick",677353,Left,LEX_LEG,"Skender, Ethan",663690,Right,GAS,Undefined,4,Top,1,2,2,Undefined,Sinker,StrikeCalled,Strikeout,Undefined,Undefined,0,0,,91.23505,-2.409668,3.621692,2331.441999,129.915762,10:15,5.32493,-1.92511,5.64553,-19.66438,14.74265,-16.13973,1.43264,0.11278,82.44679,-6.114864,0.74397,0.422177,,,,,,,,,,,,9.34292,8.59225,1.62798,50,5.10767,-7.636,-132.00837,-6.21315,16.28769,31.26255,-17.19507,LEX_LEG,GAS,WildHealthField,Independent,ATL,20250827-WildHealthField-1,7d7efbe0-83a2-11f0-af3f-87f56c6d82ca,89.28104,,,8.78825,,,,,,,c1155f88-51df-438a-a1d8-1ae778e78cfd,2025-08-28,00:03:56.14,2025-08-27T19:03:56.1430000-05:00,2025-08-28T00:03:56.1430000Z,,v3,495,5508,,"Quiroz, Isaias",657728,Right,LEX_LEG,041daea9-d0e7-4071-bf6d-ac9489f56669,54.85431,-133.15302,15.63128,5.32364,-5.58358,-8.59753,1.91847,-8.23236,8.14384,,,,,,,,,,,,,,,,,,,,,,,,,,,,,,,,,,,,,,,,,,,,,,,,,,,High,High,High,,,,,
146,2025-08-27,19:04:34.86,4,1,"Wicklander, Patrick",677353,Left,LEX_LEG,"Wylie, Justin",687045,Right,GAS,Undefined,4,Top,2,0,0,Undefined,Sinker,StrikeCalled,Undefined,Undefined,Undefined,0,0,,90.16528,-2.039979,3.634098,2292.912845,133.133141,10:30,5.34191,-1.72306,5.58648,-19.37253,15.90001,-15.62174,1.81787,0.37336,81.48388,-5.696603,0.852475,0.427454,,,,,,,,,,,,9.00123,9.03398,1.42083,50,5.15393,-7.58155,-130.46484,-5.28157,15.345,30.2419,-16.77319,LEX_LEG,GAS,WildHealthField,Independent,ATL,20250827-WildHealthField-1,949a5bd0-83a2-11f0-af3f-87f56c6d82ca,88.17888,,,8.6814,,,,,,,c1155f88-51df-438a-a1d8-1ae778e78cfd,2025-08-28,00:04:34.86,2025-08-27T19:04:34.8650000-05:00,2025-08-28T00:04:34.8650000Z,,v3,495,5508,,"Quiroz, Isaias",657728,Right,LEX_LEG,5cebf618-ce0a-446a-a2ea-cfaa5ee427bd,54.9122,-131.59857,15.12095,5.34014,-4.65277,-8.38659,1.71584,-8.15681,7.6725,,,,,,,,,,,,,,,,,,,,,,,,,,,,,,,,,,,,,,,,,,,,,,,,,,,High,High,High,,,,,
147,2025-08-27,19:04:52.42,4,2,"Wicklander, Patrick",677353,Left,LEX_LEG,"Wylie, Justin",687045,Right,GAS,Undefined,4,Top,2,0,1,Undefined,Slider,StrikeCalled,Undefined,Undefined,Undefined,0,0,,80.74314,-0.681801,2.226206,2398.836465,222.298657,1:30,5.40434,-1.91533,5.40373,-37.73211,5.83532,4.1028,1.62061,0.51365,74.40017,-7.571457,2.955705,0.475064,,,,,,,,,,,,-1.46429,3.52618,1.71392,50,5.31715,-4.7203,-117.17608,-2.68209,-2.04143,21.57319,-27.25807,LEX_LEG,GAS,WildHealthField,Independent,ATL,20250827-WildHealthField-1,9f199580-83a2-11f0-af3f-87f56c6d82ca,79.34178,,,6.34297,,,,,,,c1155f88-51df-438a-a1d8-1ae778e78cfd,2025-08-28,00:04:52.42,2025-08-27T19:04:52.4210000-05:00,2025-08-28T00:04:52.4210000Z,,v3,495,5508,,"Quiroz, Isaias",657728,Right,LEX_LEG,05a96fd8-7ae1-47ad-b733-df32e97d8913,55.09674,-118.11071,10.78659,5.40776,-1.50117,-13.62904,1.91651,-4.63185,-1.02072,,,,,,,,,,,,,,,,,,,,,,,,,,,,,,,,,,,,,,,,,,,,,,,,,,,High,High,High,,,,,
148,2025-08-27,19:05:44.04,4,3,"Wicklander, Patrick",677353,Left,LEX_LEG,"Wylie, Justin",687045,Right,GAS,Undefined,4,Top,2,0,2,Undefined,Four-Seam,BallCalled,Undefined,Undefined,Undefined,0,0,,91.62462,-2.675951,2.741342,2407.669052,131.848554,10:30,5.28404,-1.90937,5.45929,-18.49844,15.99371,-16.4104,1.23295,-0.70887,82.42014,-6.17017,-0.178181,0.422699,,,,,,,,,,,,9.15567,9.29697,1.67926,50,5.03561,-5.58521,-132.52935,-6.81303,16.00718,32.81189,-15.91977,LEX_LEG,GAS,WildHealthField,Independent,ATL,20250827-WildHealthField-1,bdd0e550-83a2-11f0-af3f-87f56c6d82ca,89.17082,,,9.20448,,,,,,,c1155f88-51df-438a-a1d8-1ae778e78cfd,2025-08-28,00:05:44.04,2025-08-27T19:05:44.0450000-05:00,2025-08-28T00:05:44.0450000Z,,v3,495,5508,,"Quiroz, Isaias",657728,Right,LEX_LEG,ba3d7f85-cb4b-4208-b996-9ddb2f488050,55.03917,-133.77115,16.40595,5.28205,-6.21053,-7.95989,1.9021,-6.19101,8.00359,,,,,,,,,,,,,,,,,,,,,,,,,,,,,,,,,,,,,,,,,,,,,,,,,,,High,High,High,,,,,
149,2025-08-27,19:06:04.58,4,4,"Wicklander, Patrick",677353,Left,LEX_LEG,"Wylie, Justin",687045,Right,GAS,Undefined,4,Top,2,1,2,Undefined,Changeup,BallCalled,Undefined,Undefined,Undefined,0,0,,84.30528,-1.56635,2.908589,2342.75908,105.877902,9:30,5.10192,-1.89643,5.82995,-32.83234,7.28217,-20.38985,0.90758,-0.88945,76.12949,-7.667906,-0.747924,0.45585,,,,,,,,,,,,11.31225,4.67799,1.67062,50,4.95476,-5.36301,-122.11101,-4.42034,16.7844,27.93245,-25.23312,LEX_LEG,GAS,WildHealthField,Independent,ATL,20250827-WildHealthField-1,ca1575b0-83a2-11f0-af3f-87f56c6d82ca,82.68602,,,8.17579,,,,,,,c1155f88-51df-438a-a1d8-1ae778e78cfd,2025-08-28,00:06:04.58,2025-08-27T19:06:04.5810000-05:00,2025-08-28T00:06:04.5810000Z,,v3,495,5508,,"Quiroz, Isaias",657728,Right,LEX_LEG,02428ebb-a7d9-4879-9d44-19f55307ef01,54.66898,-123.1744,13.96622,5.10476,-3.45972,-12.61656,1.88695,-6.00199,8.3922,,,,,,,,,,,,,,,,,,,,,,,,,,,,,,,,,,,,,,,,,,,,,,,,,,,High,High,High,,,,,
150,2025-08-27,19:06:23.80,4,5,"Wicklander, Patrick",677353,Left,LEX_LEG,"Wylie, Justin",687045,Right,GAS,Undefined,4,Top,2,2,2,Undefined,Slider,BallCalled,Undefined,Undefined,Undefined,0,0,,80.01316,-0.448036,2.41859,1779.52352,279.41621,3:15,5.26492,-1.73775,5.37334,-43.91723,0.43102,5.3115,1.18471,0.9738,73.99895,-8.417748,3.362751,0.479303,,,,,,,,,,,,-2.04028,0.70154,1.51692,50,5.19333,-5.11549,-116.15479,-2.42504,-2.79825,20.96705,-31.21188,LEX_LEG,GAS,WildHealthField,Independent,ATL,20250827-WildHealthField-1,d58e0380-83a2-11f0-af3f-87f56c6d82ca,78.64018,,,6.01421,,,,,,,c1155f88-51df-438a-a1d8-1ae778e78cfd,2025-08-28,00:06:23.80,2025-08-27T19:06:23.8000000-05:00,2025-08-28T00:06:23.8000000Z,,v3,495,5508,,"Quiroz, Isaias",657728,Right,LEX_LEG,bcd01f72-39db-4811-b729-5b2d68dd17df,55.12901,-117.07696,10.48352,5.2698,-1.05228,-15.60594,1.7392,-4.99241,-1.39913,,,,,,,,,,,,,,,,,,,,,,,,,,,,,,,,,,,,,,,,,,,,,,,,,,,High,High,High,,,,,
151,2025-08-27,19:06:49.28,4,6,"Wicklander, Patrick",677353,Left,LEX_LEG,"Wylie, Justin",687045,Right,GAS,Undefined,4,Top,2,3,2,Undefined,Changeup,BallCalled,Walk,Undefined,Undefined,0,0,,85.18706,-1.712267,4.116115,2282.689324,100.671964,9:15,5.11399,-1.95727,6.00027,-33.98388,5.06945,-19.33525,0.6908,0.25212,77.05822,-8.02415,0.643404,0.44978,,,,,,,,,,,,11.33485,3.5474,1.6437,50,4.96026,-8.11,-123.31416,-4.79737,17.17358,28.19011,-26.79936,LEX_LEG,GAS,WildHealthField,Independent,ATL,20250827-WildHealthField-1,e4b122c0-83a2-11f0-af3f-87f56c6d82ca,83.80192,,,8.12885,,,,,,,c1155f88-51df-438a-a1d8-1ae778e78cfd,2025-08-28,00:06:49.28,2025-08-27T19:06:49.2800000-05:00,2025-08-28T00:06:49.2800000Z,,v3,495,5508,,"Quiroz, Isaias",657728,Right,LEX_LEG,cfce6f2d-73b1-4f26-b600-f64f172423aa,54.50083,-124.33881,14.09505,5.11693,-3.82327,-13.39968,1.94982,-8.73422,8.58679,,,,,,,,,,,,,,,,,,,,,,,,,,,,,,,,,,,,,,,,,,,,,,,,,,,High,High,High,,,,,
152,2025-08-27,19:08:33.47,5,1,"Wicklander, Patrick",677353,Left,LEX_LEG,"Roederer, Cole",680711,Left,GAS,Undefined,4,Top,2,0,0,Undefined,Slider,StrikeCalled,Undefined,Undefined,Undefined,0,0,,82.7232,-0.57584,1.950172,2345.717182,209.376967,1:00,5.33091,-1.78161,5.37077,-34.66714,7.26599,3.30083,1.90174,0.32266,75.41229,-6.943122,2.536789,0.466069,,,,,,,,,,,,-1.07988,4.22662,1.60423,50,5.25483,-4.22115,-119.94312,-2.40509,-1.56181,24.75758,-26.06111,LEX_LEG,GAS,WildHealthField,Independent,ATL,20250827-WildHealthField-1,22d52fb0-83a3-11f0-af3f-87f56c6d82ca,80.87311,,,7.31091,,,,,,,c1155f88-51df-438a-a1d8-1ae778e78cfd,2025-08-28,00:08:33.47,2025-08-27T19:08:33.4700000-05:00,2025-08-28T00:08:33.4700000Z,,v3,495,5508,,"Quiroz, Isaias",657728,Right,LEX_LEG,89194cbb-d0c9-4e73-bc54-4a785da9d402,55.12873,-120.99711,12.37879,5.33361,-1.2956,-13.03055,1.78252,-4.15466,-0.78091,,,,,,,,,,,,,,,,,,,,,,,,,,,,,,,,,,,,,,,,,,,,,,,,,,,High,High,High,,,,,
153,2025-08-27,19:08:52.41,5,2,"Wicklander, Patrick",677353,Left,LEX_LEG,"Roederer, Cole",680711,Left,GAS,Undefined,4,Top,2,0,1,Undefined,Slider,BallCalled,Undefined,Undefined,Undefined,0,0,,79.54238,-0.665498,1.57467,2482.959842,209.387423,1:00,5.28284,-1.75636,5.36364,-39.76876,5.24004,2.16264,1.34446,-0.09915,73.19323,-7.923186,1.959335,0.482859,,,,,,,,,,,,-0.65799,3.20823,1.61331,50,5.19467,-3.25909,-115.4613,-2.68335,-0.88859,21.41581,-27.84138,LEX_LEG,GAS,WildHealthField,Independent,ATL,20250827-WildHealthField-1,2e254df0-83a3-11f0-af3f-87f56c6d82ca,78.061,,,6.34915,,,,,,,c1155f88-51df-438a-a1d8-1ae778e78cfd,2025-08-28,00:08:52.41,2025-08-27T19:08:52.4170000-05:00,2025-08-28T00:08:52.4170000Z,,v3,495,5508,,"Quiroz, Isaias",657728,Right,LEX_LEG,2e2fa772-4cb1-452f-b583-930ef2f12db8,55.13761,-116.41033,10.70791,5.28625,-1.44958,-13.92069,1.75686,-3.21971,-0.44429,,,,,,,,,,,,,,,,,,,,,,,,,,,,,,,,,,,,,,,,,,,,,,,,,,,High,High,High,,,,,
154,2025-08-27,19:09:13.94,5,3,"Wicklander, Patrick",677353,Left,LEX_LEG,"Roederer, Cole",680711,Left,GAS,Undefined,4,Top,2,1,1,Undefined,Cutter,BallCalled,Undefined,Undefined,Undefined,0,0,,86.1895,-2.08379,2.955796,2400.296497,173.034608,11:45,5.31103,-1.73554,5.38347,-22.79462,15.64107,-1.76075,1.4547,0.89091,78.95386,-6.312582,2.643351,0.446209,,,,,,,,,,,,1.70343,8.81016,1.47221,50,5.10853,-6.37268,-124.88638,-5.31159,2.69212,24.98596,-18.25027,LEX_LEG,GAS,WildHealthField,Independent,ATL,20250827-WildHealthField-1,3af2e470-83a3-11f0-af3f-87f56c6d82ca,84.47252,,,7.23564,,,,,,,c1155f88-51df-438a-a1d8-1ae778e78cfd,2025-08-28,00:09:13.94,2025-08-27T19:09:13.9480000-05:00,2025-08-28T00:09:13.9480000Z,,v3,495,5508,,"Quiroz, Isaias",657728,Right,LEX_LEG,d1c42d8c-5977-4678-b526-5343ea8d8d21,55.11629,-125.90583,12.49298,5.31006,-4.56697,-9.12513,1.73447,-6.48252,1.34606,,,,,,,,,,,,,,,,,,,,,,,,,,,,,,,,,,,,,,,,,,,,,,,,,,,High,High,High,,,,,
155,2025-08-27,19:09:34.29,5,4,"Wicklander, Patrick",677353,Left,LEX_LEG,"Roederer, Cole",680711,Left,GAS,Undefined,4,Top,2,2,1,Undefined,Cutter,BallCalled,Undefined,Undefined,Undefined,0,0,,84.3402,-2.291585,3.521584,2420.711638,188.037828,12:15,5.34638,-1.69272,5.27836,-29.34588,11.18032,1.39004,0.74337,1.73483,77.17996,-7.667718,3.767611,0.458183,,,,,,,,,,,,0.32067,6.64992,1.36978,50,5.11538,-7.57036,-122.06833,-5.91353,0.48179,24.9931,-22.18346,LEX_LEG,GAS,WildHealthField,Independent,ATL,20250827-WildHealthField-1,4716cd70-83a3-11f0-af3f-87f56c6d82ca,82.26498,,,7.16024,,,,,,,c1155f88-51df-438a-a1d8-1ae778e78cfd,2025-08-28,00:09:34.29,2025-08-27T19:09:34.2910000-05:00,2025-08-28T00:09:34.2910000Z,,v3,495,5508,,"Quiroz, Isaias",657728,Right,LEX_LEG,6ed9d967-4821-4b7c-8008-9abb05b9665b,55.22231,-123.13294,12.49655,5.34715,-4.9686,-11.09173,1.69268,-7.59088,0.2409,,,,,,,,,,,,,,,,,,,,,,,,,,,,,,,,,,,,,,,,,,,,,,,,,,,High,High,High,,,,,
156,2025-08-27,19:09:56.11,5,5,"Wicklander, Patrick",677353,Left,LEX_LEG,"Roederer, Cole",680711,Left,GAS,Undefined,4,Top,2,3,1,Undefined,Four-Seam,StrikeCalled,Undefined,Undefined,Undefined,0,0,,90.39781,-1.637901,4.008139,2382.974402,133.26523,10:30,5.4547,-1.5004,5.70611,-18.82997,16.06245,-15.75532,2.35525,0.92737,81.74969,-5.204392,1.198808,0.425145,,,,,,,,,,,,9.17268,9.00402,1.17365,50,5.30553,-8.45794,-130.81394,-4.34049,15.7481,29.96626,-16.71551,LEX_LEG,GAS,WildHealthField,Independent,ATL,20250827-WildHealthField-1,53f505c0-83a3-11f0-af3f-87f56c6d82ca,88.65788,,,8.64812,,,,,,,c1155f88-51df-438a-a1d8-1ae778e78cfd,2025-08-28,00:09:56.11,2025-08-27T19:09:56.1150000-05:00,2025-08-28T00:09:56.1150000Z,,v3,495,5508,,"Quiroz, Isaias",657728,Right,LEX_LEG,4f2d7fb2-31a9-4acc-a235-ed2585147c3f,54.79229,-131.90716,14.98313,5.45276,-3.73067,-8.35775,1.49269,-9.03246,7.87405,,,,,,,,,,,,,,,,,,,,,,,,,,,,,,,,,,,,,,,,,,,,,,,,,,,High,High,High,,,,,
157,2025-08-27,19:10:44.11,5,6,"Wicklander, Patrick",677353,Left,LEX_LEG,"Roederer, Cole",680711,Left,GAS,Undefined,4,Top,2,3,2,Undefined,Cutter,BallCalled,Walk,Undefined,Undefined,0,0,,85.79062,-2.411587,2.717554,2429.794984,184.020988,12:15,5.33001,-1.75971,5.36404,-24.38088,14.62599,0.93673,1.03299,0.86859,78.3338,-6.924091,2.883801,0.449513,,,,,,,,,,,,0.31862,8.4415,1.51482,50,5.09614,-5.93755,-124.25492,-6.06109,0.49573,26.00329,-19.03951,LEX_LEG,GAS,WildHealthField,Independent,ATL,20250827-WildHealthField-1,70b6a010-83a3-11f0-af3f-87f56c6d82ca,83.85181,,,7.45682,,,,,,,c1155f88-51df-438a-a1d8-1ae778e78cfd,2025-08-28,00:10:44.11,2025-08-27T19:10:44.1160000-05:00,2025-08-28T00:10:44.1160000Z,,v3,495,5508,,"Quiroz, Isaias",657728,Right,LEX_LEG,bb9aa15a-dc88-4a99-bb74-2f685e8de5ce,55.13627,-125.3252,13.00164,5.32949,-5.27743,-9.51975,1.75963,-5.95795,0.24787,,,,,,,,,,,,,,,,,,,,,,,,,,,,,,,,,,,,,,,,,,,,,,,,,,,High,High,High,,,,,
158,2025-08-27,19:11:15.10,6,1,"Wicklander, Patrick",677353,Left,LEX_LEG,"Aldrete, Carter",666177,Right,GAS,Undefined,4,Top,2,0,0,Undefined,Four-Seam,StrikeCalled,Undefined,Undefined,Undefined,0,0,,91.69377,-2.340471,4.06768,2409.616225,129.69094,10:15,5.38573,-1.87786,5.49845,-18.39946,15.9608,-17.70162,1.65646,0.45823,82.59544,-5.819027,0.922856,0.42189,,,,,,,,,,,,10.18229,9.14473,1.53383,50,5.16844,-8.60184,-132.53093,-6.0346,17.86226,31.94013,-16.13186,LEX_LEG,GAS,WildHealthField,Independent,ATL,20250827-WildHealthField-1,8325b600-83a3-11f0-af3f-87f56c6d82ca,89.34178,,,9.09833,,,,,,,c1155f88-51df-438a-a1d8-1ae778e78cfd,2025-08-28,00:11:15.10,2025-08-27T19:11:15.1010000-05:00,2025-08-28T00:11:15.1010000Z,,v3,495,5508,,"Quiroz, Isaias",657728,Right,LEX_LEG,2f3dc456-4b6b-4870-96bc-e1f16273f5fa,55.00009,-133.73053,15.97006,5.38371,-5.42872,-8.06593,1.86949,-9.2727,8.93113,,,,,,,,,,,,,,,,,,,,,,,,,,,,,,,,,,,,,,,,,,,,,,,,,,,High,High,High,,,,,
159,2025-08-27,19:11:34.54,6,2,"Wicklander, Patrick",677353,Left,LEX_LEG,"Aldrete, Carter",666177,Right,GAS,Undefined,4,Top,2,0,1,Undefined,Changeup,InPlay,Undefined,LineDrive,Single,0,2,,85.02541,-0.355299,2.887121,2298.500584,113.893029,9:45,5.14492,-1.96463,5.92028,-30.00513,9.12142,-17.4406,2.31435,-0.73644,76.83929,-5.96697,-0.242653,0.450202,69.33826,25.476847,-14.853479,2100.999605,105.05935,34.83792,-32.59641,216.9666,216.51052,-20.054565,3.22069,9.86686,5.18528,1.74326,50,5.09952,-5.51257,-123.26714,-1.7233,14.97304,27.64156,-24.30536,LEX_LEG,GAS,WildHealthField,Independent,ATL,20250827-WildHealthField-1,8ebbb6e0-83a3-11f0-af3f-87f56c6d82ca,83.72346,35.06064,,8.18612,,,,1.67403,2.38502,0.74331,c1155f88-51df-438a-a1d8-1ae778e78cfd,2025-08-28,00:11:34.54,2025-08-27T19:11:34.5460000-05:00,2025-08-28T00:11:34.5460000Z,FlyBall,v3,495,5508,,"Quiroz, Isaias",657728,Right,LEX_LEG,3307b031-829c-4bd9-9676-cd0d7c65eb4a,54.57961,-124.28983,13.82078,5.14664,-0.82404,-12.15268,1.95746,-6.06654,7.48652,150.076728,1.67376,88.75134,-14.26792,3.40211,-0.91822,0.32132,-0.10677,0.02178,-0.00182,2.38546,43.72522,-15.2168,0.14006,0.42687,-0.31082,0.12364,-0.02448,0.00188,0.74328,-23.53268,-0.70122,0.57582,-0.1764,0.02833,-0.00115,-0.00044,6E-05,,,,,,,,,,,,,,,,,,,,,,,High,High,High,High,High,,,
160,2025-08-27,19:15:34.09,7,1,"Zeldin, Brian",823227,Right,LEX_LEG,"Guthrie, Dalton",656495,Right,GAS,Undefined,4,Top,2,0,0,Undefined,,StrikeCalled,Undefined,Undefined,Undefined,0,0,,,,,,,,,,,,,,,,,,,,,,,,,,,,,,,,,,,,,,,,,,LEX_LEG,GAS,WildHealthField,Independent,ATL,20250827-WildHealthField-1,47dd0e30-83a4-11f0-af3f-87f56c6d82ca,,,,,,,,,,,c1155f88-51df-438a-a1d8-1ae778e78cfd,2025-08-28,00:15:34.09,2025-08-27T19:15:34.0920000-05:00,2025-08-28T00:15:34.0920000Z,,v3,495,5508,,"Quiroz, Isaias",657728,Right,LEX_LEG,,,,,,,,,,,,,,,,,,,,,,,,,,,,,,,,,,,,,,,,,,,,,,,,,,,,,,,,,,,,,,,,,,,,
161,2025-08-27,19:15:35.09,7,2,"Zeldin, Brian",823227,Right,LEX_LEG,"Guthrie, Dalton",656495,Right,GAS,Undefined,4,Top,2,0,1,Undefined,Slider,StrikeSwinging,Undefined,Undefined,Undefined,0,0,,85.0874,0.35609,-1.511322,2449.477157,70.488668,8:15,5.14585,1.25018,4.96721,-41.68569,-1.9863,-8.84552,2.00855,-0.91495,78.59594,-7.16075,-3.072422,0.453485,,,,,,,,,,,,4.00843,-0.75925,-1.09631,50,5.14573,3.6498,-123.55391,-0.86413,6.23462,23.18923,-33.35494,LEX_LEG,GAS,WildHealthField,Independent,ATL,20250827-WildHealthField-1,1e1df3c0-83a4-11f0-af3f-87f56c6d82ca,83.11724,,,6.49146,,,,,,,c1155f88-51df-438a-a1d8-1ae778e78cfd,2025-08-28,00:15:35.09,2025-08-27T19:15:35.0920000-05:00,2025-08-28T00:15:35.0920000Z,,v3,495,5508,,"Quiroz, Isaias",657728,Right,LEX_LEG,43788e45-ff99-4dff-9c57-d9b93f22f82b,55.53565,-124.58854,11.59461,5.15109,0.62406,-16.67747,-1.25294,3.37163,3.11731,,,,,,,,,,,,,,,,,,,,,,,,,,,,,,,,,,,,,,,,,,,,,,,,,,,High,High,High,,,,,
162,2025-08-27,19:15:58.34,7,3,"Zeldin, Brian",823227,Right,LEX_LEG,"Guthrie, Dalton",656495,Right,GAS,Undefined,4,Top,2,0,2,Undefined,Slider,BallCalled,Undefined,Undefined,Undefined,0,0,,85.67035,0.279785,-1.765136,2496.19221,64.017446,8:15,5.18573,1.04102,4.96745,-43.0462,-3.93784,-10.34642,1.86297,-1.48914,79.32773,-7.464115,-3.590891,0.450097,,,,,,,,,,,,4.70748,-1.73626,-0.86126,50,5.17696,4.2906,-124.42314,-1.09511,7.43532,23.19853,-34.91643,LEX_LEG,GAS,WildHealthField,Independent,ATL,20250827-WildHealthField-1,2bf9c5f0-83a4-11f0-af3f-87f56c6d82ca,83.7429,,,6.34262,,,,,,,c1155f88-51df-438a-a1d8-1ae778e78cfd,2025-08-28,00:15:58.34,2025-08-27T19:15:58.3490000-05:00,2025-08-28T00:15:58.3490000Z,,v3,495,5508,,"Quiroz, Isaias",657728,Right,LEX_LEG,ec7b5927-9b6d-4c59-acfe-65513c18151a,55.53628,-125.45112,11.59927,5.1912,0.45212,-17.45822,-1.04409,3.96112,3.71766,,,,,,,,,,,,,,,,,,,,,,,,,,,,,,,,,,,,,,,,,,,,,,,,,,,High,High,High,,,,,
163,2025-08-27,19:16:22.69,7,4,"Zeldin, Brian",823227,Right,LEX_LEG,"Guthrie, Dalton",656495,Right,GAS,Undefined,4,Top,2,1,2,Undefined,Slider,InPlay,Undefined,GroundBall,FieldersChoice,1,0,,86.05454,1.448051,-1.580427,2575.813965,60.249605,8:00,5.01646,1.42249,4.85687,-44.13239,-4.11481,-9.78335,2.71027,-0.88917,77.36966,-6.555095,-3.30221,0.455299,72.85738,-44.828425,15.062024,,,,,4.25656,4.25656,22.083941,0.035702,4.28551,-2.10335,-1.2577,50,5.12178,3.88993,-124.51443,1.36726,6.59056,29.76115,-35.40874,LEX_LEG,GAS,WildHealthField,Independent,ATL,20250827-WildHealthField-1,3a7c8680-83a4-11f0-af3f-87f56c6d82ca,82.7861,2.69935,,8.68487,,,,1.322,2.69935,0.89464,c1155f88-51df-438a-a1d8-1ae778e78cfd,2025-08-28,00:16:22.69,2025-08-27T19:16:22.6940000-05:00,2025-08-28T00:16:22.6940000Z,GroundBall,v3,495,5508,,"Quiroz, Isaias",657728,Right,LEX_LEG,0cdefe0b-d92e-4309-850c-625b1aaa23f8,55.64233,-125.85581,14.88057,5.02419,2.9632,-17.70437,-1.42633,3.59288,3.29528,,1.32046,73.44971,,,,,,,,2.70094,-75.60865,,,,,,,,0.89422,19.76603,,,,,,,,,,,,,,,,,,,,,,,,,,,,,,High,High,High,Estimated,Estimated,,,
164,2025-08-27,19:18:48.56,1,1,"Hartman, Matt",666929,Right,GAS,"Quiroz, Isaias",657728,Right,LEX_LEG,Undefined,4,Bottom,0,0,0,Undefined,Four-Seam,StrikeCalled,Undefined,Undefined,Undefined,0,0,,86.39883,-1.996744,-2.129901,1994.824148,210.987436,1:00,6.46537,1.25696,5.87363,-19.21139,18.71127,10.4241,3.00775,0.1464,78.1514,-5.657685,-0.26066,0.443221,,,,,,,,,,,,-5.9437,10.55835,-1.09041,50,6.29261,4.21446,-125.1993,-4.90888,-9.3281,27.92809,-15.60366,LEX_LEG,GAS,WildHealthField,Independent,ATL,20250827-WildHealthField-1,91566980-83a4-11f0-af3f-87f56c6d82ca,85.042,,,8.24743,,,,,,,c1155f88-51df-438a-a1d8-1ae778e78cfd,2025-08-28,00:18:48.56,2025-08-27T19:18:48.5629440-05:00,2025-08-28T00:18:48.5629440Z,,v3,495,5508,,"Olmeda, Alexis",663406,Right,GAS,f4294d98-86cd-4b74-8a5a-9ba2a8cb549e,54.62317,-126.22638,13.96405,6.46258,-4.33504,-7.80183,-1.25171,4.5575,-4.66405,,,,,,,,,,,,,,,,,,,,,,,,,,,,,,,,,,,,,,,,,,,,,,,,,,,High,High,High,,,,,
165,2025-08-27,19:19:01.01,1,2,"Hartman, Matt",666929,Right,GAS,"Quiroz, Isaias",657728,Right,LEX_LEG,Undefined,4,Bottom,0,0,1,Undefined,Curveball,BallCalled,Undefined,Undefined,Undefined,0,0,,76.33275,-0.24218,-0.164816,1902.582753,1.794232,6:00,6.53288,0.9809,5.65678,-54.31393,-5.72244,-0.2287,1.78086,0.80813,70.17444,-10.140536,-0.205832,0.501709,,,,,,,,,,,,0.06724,-2.38953,-0.96679,50,6.47781,0.32737,-110.87073,-2.21912,0.08311,21.16174,-35.12687,LEX_LEG,GAS,WildHealthField,Independent,ATL,20250827-WildHealthField-1,98e0cd30-83a4-11f0-af3f-87f56c6d82ca,75.12816,,,6.15831,,,,,,,c1155f88-51df-438a-a1d8-1ae778e78cfd,2025-08-28,00:19:01.01,2025-08-27T19:19:01.0195968-05:00,2025-08-28T00:19:01.0195968Z,,v3,495,5508,,"Olmeda, Alexis",663406,Right,GAS,1d9b3e4d-1714-4e55-a2d5-67fdc76ac620,54.84552,-111.79176,10.58087,6.54113,-0.69028,-17.56343,-0.98096,0.32375,0.04156,,,,,,,,,,,,,,,,,,,,,,,,,,,,,,,,,,,,,,,,,,,,,,,,,,,High,High,High,,,,,
166,2025-08-27,19:19:18.88,1,3,"Hartman, Matt",666929,Right,GAS,"Quiroz, Isaias",657728,Right,LEX_LEG,Undefined,4,Bottom,0,1,1,Undefined,Four-Seam,FoulBallNotFieldable,Undefined,Undefined,Undefined,0,0,,87.92322,-3.319659,-1.677344,2141.73954,207.317557,1:00,6.49089,0.97009,5.8494,-15.31965,21.31324,10.3378,2.12467,0.27245,79.7184,-6.263604,0.176143,0.435619,97.10038,24.383476,-42.109448,3055.341863,76.79985,35.70252,-78.75088,268.98662,160.38643,-52.360207,2.809339,-5.82213,12.31249,-0.83988,50,6.21184,3.29969,-127.37039,-7.80142,-9.46835,28.61442,-12.15065,LEX_LEG,GAS,WildHealthField,Independent,ATL,20250827-WildHealthField-1,a37bcc40-83a4-11f0-af3f-87f56c6d82ca,86.52613,38.13566,,8.20482,,,,2.04936,2.28914,-0.35475,c1155f88-51df-438a-a1d8-1ae778e78cfd,2025-08-28,00:19:18.88,2025-08-27T19:19:18.8886528-05:00,2025-08-28T00:19:18.8886528Z,LineDrive,v3,495,5508,,"Olmeda, Alexis",663406,Right,GAS,4c8f8fd2-3dea-46c4-8b7c-a6445e1d72a5,54.65026,-128.41084,14.30721,6.48747,-7.35961,-6.07532,-0.96612,3.64398,-4.73417,,2.04969,96.21608,-22.80164,5.38334,-1.4345,0.53636,-0.19118,0.04031,-0.00353,2.28902,58.79852,-28.17592,4.26016,-1.02655,0.17545,-0.00571,-0.00428,0.00062,-0.35446,-86.98779,5.80711,-1.1169,0.16011,0.12614,-0.09533,0.02535,-0.00246,,,,,,,,,,,,,,,,,,,,,,,High,High,High,High,Medium,,,
167,2025-08-27,19:19:38.32,1,4,"Hartman, Matt",666929,Right,GAS,"Quiroz, Isaias",657728,Right,LEX_LEG,Undefined,4,Bottom,0,1,2,Undefined,Splitter,StrikeSwinging,Strikeout,Undefined,Undefined,0,0,,80.26931,-0.488442,-1.512945,870.619296,175.387553,11:45,6.58958,0.86792,5.66427,-42.40345,2.16583,-0.04118,2.60032,-0.54664,72.48171,-8.304333,-1.520314,0.480495,,,,,,,,,,,,-0.4878,1.80717,-0.73995,50,6.52211,3.07339,-116.30007,-2.40364,-0.65484,25.84507,-29.74803,LEX_LEG,GAS,WildHealthField,Independent,ATL,20250827-WildHealthField-1,af043890-83a4-11f0-af3f-87f56c6d82ca,78.44499,,,7.7876,,,,,,,c1155f88-51df-438a-a1d8-1ae778e78cfd,2025-08-28,00:19:38.32,2025-08-27T19:19:38.3270000-05:00,2025-08-28T00:19:38.3270000Z,,v3,495,5508,,"Olmeda, Alexis",663406,Right,GAS,588ba043-49cf-4578-86a3-35557a362743,54.83216,-117.369,12.92254,6.59608,-1.17329,-14.87402,-0.86762,3.10047,-0.32742,,,,,,,,,,,,,,,,,,,,,,,,,,,,,49.72755,2.799778,1.285325,1.514453,-1.25334,2.20018,0.61751,-5.37516,4.172,3.10598,74.21037,4.86918,50.58236,-5.24784,59.04003,-4.37252,4.27405,22.50271,-14.62875,3.13832,33.58467,-1.49849,High,High,High,,,High,High,High
168,2025-08-27,19:20:05.24,2,1,"Hartman, Matt",666929,Right,GAS,"McCarthy, Ryan",804884,Left,LEX_LEG,Undefined,4,Bottom,1,0,0,Undefined,Curveball,StrikeCalled,Undefined,Undefined,Undefined,0,0,,76.58548,1.289818,0.407629,1776.87964,17.54055,6:30,6.42544,0.75116,5.53572,-59.63495,-10.80859,-3.94803,2.66173,0.80319,69.78988,-9.577641,-0.298239,0.50292,,,,,,,,,,,,2.11291,-5.29859,-0.78389,50,6.49806,-0.6377,-111.12725,0.49276,2.60551,22.4932,-38.70791,LEX_LEG,GAS,WildHealthField,Independent,ATL,20250827-WildHealthField-1,bf13dab0-83a4-11f0-af3f-87f56c6d82ca,74.94723,,,6.7956,,,,,,,c1155f88-51df-438a-a1d8-1ae778e78cfd,2025-08-28,00:20:05.24,2025-08-27T19:20:05.2430336-05:00,2025-08-28T00:20:05.2430336Z,,v3,495,5508,,"Olmeda, Alexis",663406,Right,GAS,dbea9933-a4b0-4e3e-aa82-022a831bbfc5,54.96614,-112.12794,11.2466,6.43784,2.21481,-19.35396,-0.75294,-0.75362,1.30275,,,,,,,,,,,,,,,,,,,,,,,,,,,,,,,,,,,,,,,,,,,,,,,,,,,High,High,High,,,,,
169,2025-08-27,19:20:19.81,2,2,"Hartman, Matt",666929,Right,GAS,"McCarthy, Ryan",804884,Left,LEX_LEG,Undefined,4,Bottom,1,0,1,Undefined,Slider,FoulBallNotFieldable,Undefined,Undefined,Undefined,0,0,,79.46838,-0.224659,-1.466107,2782.171155,96.614643,9:15,6.58899,0.93387,5.68896,-43.5542,2.00264,-2.35902,2.75001,-0.6295,71.56327,-8.264074,-1.888418,0.48579,,,,,,,,,,,,0.69606,1.53114,-0.80897,50,6.54292,3.03794,-115.15981,-1.85691,0.91204,26.22469,-30.16779,LEX_LEG,GAS,WildHealthField,Independent,ATL,20250827-WildHealthField-1,c7df70f0-83a4-11f0-af3f-87f56c6d82ca,77.59006,,,7.9051,,,,,,,c1155f88-51df-438a-a1d8-1ae778e78cfd,2025-08-28,00:20:19.81,2025-08-27T19:20:19.8150656-05:00,2025-08-28T00:20:19.8150656Z,,v3,495,5508,,"Olmeda, Alexis",663406,Right,GAS,cf8781f8-da42-479a-80a2-ccbe31b0a568,54.8103,-116.25007,13.11234,6.59405,-0.60272,-15.08389,-0.93448,3.00002,0.45602,,,,,,,,,,,,,,,,,,,,,,,,,,,,,,,,,,,,,,,,,,,,,,,,,,,High,High,High,,,,,
170,2025-08-27,19:20:41.96,2,3,"Hartman, Matt",666929,Right,GAS,"McCarthy, Ryan",804884,Left,LEX_LEG,Undefined,4,Bottom,1,0,2,Undefined,Four-Seam,StrikeCalled,Strikeout,Undefined,Undefined,0,0,,88.59674,-2.477643,-1.537347,2294.51328,216.711559,1:15,6.53044,1.16555,5.62451,-18.46454,18.10564,12.4889,2.67737,0.77133,79.81997,-5.986152,0.69313,0.435246,,,,,,,,,,,,-6.77603,10.34442,-1.04247,50,6.30751,2.88417,-128.27996,-6.1087,-11.11267,30.44613,-15.20918,LEX_LEG,GAS,WildHealthField,Independent,ATL,20250827-WildHealthField-1,d4eb7000-83a4-11f0-af3f-87f56c6d82ca,86.60028,,,8.77676,,,,,,,c1155f88-51df-438a-a1d8-1ae778e78cfd,2025-08-28,00:20:41.96,2025-08-27T19:20:41.9660000-05:00,2025-08-28T00:20:41.9660000Z,,v3,495,5508,,"Olmeda, Alexis",663406,Right,GAS,0c0c45a5-4adc-4980-9484-c52017da0793,54.87213,-129.43115,15.22306,6.52762,-5.53363,-7.60459,-1.15946,3.30435,-5.55633,,,,,,,,,,,,,,,,,,,,,,,,,,,,,65.09884,2.933901,1.869619,1.064282,-0.87353,2.43355,-0.80094,-2.12155,5.26602,-1.93016,73.42037,7.06423,-51.37594,-2.05456,76.44812,-5.17796,5.333,16.97659,-14.40076,-2.02143,-52.38901,5.62533,High,High,High,,,High,Medium,High
171,2025-08-27,19:21:18.36,3,1,"Hartman, Matt",666929,Right,GAS,"Rock, Dylan",676423,Right,LEX_LEG,Undefined,4,Bottom,2,0,0,Undefined,Four-Seam,BallCalled,Undefined,Undefined,Undefined,0,0,,89.20778,-4.96999,-2.230825,2224.422316,212.633188,1:00,6.41596,1.12391,5.93025,-16.69639,19.08718,11.37158,0.39812,0.00064,80.71814,-8.147258,-0.188897,0.43054,,,,,,,,,,,,-6.52485,11.74666,-0.95195,50,6.00822,4.53647,-128.87259,-11.68041,-10.82265,30.20993,-12.69007,LEX_LEG,GAS,WildHealthField,Independent,ATL,20250827-WildHealthField-1,eab76c90-83a4-11f0-af3f-87f56c6d82ca,87.54695,,,8.48964,,,,,,,c1155f88-51df-438a-a1d8-1ae778e78cfd,2025-08-28,00:21:18.36,2025-08-27T19:21:18.3640064-05:00,2025-08-28T00:21:18.3640064Z,,v3,495,5508,,"Olmeda, Alexis",663406,Right,GAS,9c1d4254-1b50-4214-bb90-c4fa9e393d83,54.56799,-129.93899,15.10496,6.41263,-11.23245,-6.34503,-1.11883,4.91851,-5.41133,,,,,,,,,,,,,,,,,,,,,,,,,,,,,,,,,,,,,,,,,,,,,,,,,,,High,High,High,,,,,
172,2025-08-27,19:21:34.90,3,2,"Hartman, Matt",666929,Right,GAS,"Rock, Dylan",676423,Right,LEX_LEG,Undefined,4,Bottom,2,1,0,Undefined,Four-Seam,FoulBallNotFieldable,Undefined,Undefined,Undefined,0,0,,88.4388,-3.86231,-1.49311,2249.406948,202.145257,12:45,6.52638,1.01531,5.80609,-14.08961,22.13155,8.4917,1.75359,0.33404,80.37389,-6.573631,0.028134,0.433164,91.91043,19.387989,-45.216695,2708.698154,74.12763,24.96308,-81.27155,229.4672,189.93772,-52.459821,2.358205,-4.81406,12.86394,-0.89802,50,6.20075,2.98461,-128.07924,-9.02299,-7.93447,28.37426,-10.97187,LEX_LEG,GAS,WildHealthField,Independent,ATL,20250827-WildHealthField-1,f48ef490-83a4-11f0-af3f-87f56c6d82ca,87.01651,25.27678,,8.0649,,,,2.97422,1.94416,-0.31865,c1155f88-51df-438a-a1d8-1ae778e78cfd,2025-08-28,00:21:34.90,2025-08-27T19:21:34.9051392-05:00,2025-08-28T00:21:34.9051392Z,LineDrive,v3,495,5508,,"Olmeda, Alexis",663406,Right,GAS,bba5b52e-ffb0-4d83-bc64-c59e2d068f06,54.69423,-129.11499,14.18713,6.52282,-8.62248,-5.48594,-1.01225,3.27424,-3.96723,,2.97422,89.57303,-20.13597,4.47678,-1.05311,0.23827,-0.04791,0.00681,-0.00047,1.94416,44.74913,-24.19898,3.23049,-0.7761,0.17942,-0.03539,0.00517,-0.00037,-0.31865,-90.25325,8.20654,-1.70608,0.3944,-0.08908,0.01813,-0.00259,0.00018,,,,,,,,,,,,,,,,,,,,,,,High,High,High,High,Medium,,,
173,2025-08-27,19:22:00.99,3,3,"Hartman, Matt",666929,Right,GAS,"Rock, Dylan",676423,Right,LEX_LEG,Undefined,4,Bottom,2,1,1,Undefined,Four-Seam,InPlay,Undefined,GroundBall,Out,1,0,,87.72515,-3.711177,-2.209693,2144.48336,210.738189,1:00,6.53826,0.98521,5.98251,-18.20639,18.17981,10.09418,1.57367,-0.22286,80.23448,-7.152883,-0.395513,0.43415,88.16529,8.353693,-21.866368,1688.202499,,,,121.06094,117.97805,-24.454987,1.056069,-5.85591,10.78418,-0.81633,50,6.23448,4.50047,-127.12571,-8.778,-9.5609,26.62163,-14.56683,LEX_LEG,GAS,WildHealthField,Independent,ATL,20250827-WildHealthField-1,041df500-83a5-11f0-af3f-87f56c6d82ca,86.81892,6.04629,,7.49067,,,,2.47943,1.71495,0.22904,c1155f88-51df-438a-a1d8-1ae778e78cfd,2025-08-28,00:22:00.99,2025-08-27T19:22:00.9954816-05:00,2025-08-28T00:22:00.9954816Z,GroundBall,v3,495,5508,,"Olmeda, Alexis",663406,Right,GAS,c11a329e-e3aa-4dfa-bb6a-c92973a35f4a,54.51861,-128.06846,13.31081,6.5362,-8.26214,-7.28342,-0.9817,4.83905,-4.78045,74.197951,2.47943,118.7325,-18.42095,2.99772,-0.62404,0.11066,-0.02108,0.00373,-0.00038,1.71495,18.78644,-21.37383,2.36004,-0.49605,0.11066,-0.02166,0.00398,-0.00046,0.22904,-47.64922,-0.9826,1.21306,-0.37452,0.10267,-0.02352,0.00463,-0.00053,,,,,,,,,,,,,,,,,,,,,,,High,High,High,High,High,,,
174,2025-08-27,19:24:27.28,1,1,"Zeldin, Brian",823227,Right,LEX_LEG,"De La Rosa, Eric",680763,Right,GAS,Undefined,5,Top,0,0,0,Undefined,Sinker,BallCalled,Undefined,Undefined,Undefined,0,0,,93.6153,-1.420559,-4.051321,2330.895981,234.094219,1:45,5.46892,0.99111,5.40631,-19.20111,13.99517,17.58418,2.53417,-1.34592,83.87591,-5.042457,-0.932983,0.414683,,,,,,,,,,,,-10.11977,7.84674,-0.64235,50,5.32913,8.7303,-135.28511,-4.03172,-18.41335,34.52395,-17.89655,LEX_LEG,GAS,WildHealthField,Independent,ATL,20250827-WildHealthField-1,5b4d9920-83a5-11f0-af3f-87f56c6d82ca,90.89462,,,9.73939,,,,,,,c1155f88-51df-438a-a1d8-1ae778e78cfd,2025-08-28,00:24:27.28,2025-08-27T19:24:27.2813056-05:00,2025-08-28T00:24:27.2813056Z,,v3,495,5508,,"Quiroz, Isaias",657728,Right,LEX_LEG,2b047b4e-6362-44f4-9141-29b829bafd4d,55.09119,-136.57817,17.26198,5.46759,-3.36142,-8.94827,-0.98225,9.41995,-9.20668,,,,,,,,,,,,,,,,,,,,,,,,,,,,,,,,,,,,,,,,,,,,,,,,,,,High,High,High,,,,,
175,2025-08-27,19:24:40.89,1,2,"Zeldin, Brian",823227,Right,LEX_LEG,"De La Rosa, Eric",680763,Right,GAS,Undefined,5,Top,0,1,0,Undefined,Sinker,BallCalled,Undefined,Undefined,Undefined,0,0,,93.07748,-1.213128,-4.816228,2303.85807,244.133169,2:15,5.3635,1.04074,5.46036,-22.88403,10.64827,19.34576,2.31677,-1.86596,83.48516,-5.490039,-1.38642,0.416776,,,,,,,,,,,,-11.27056,6.11611,-0.62901,50,5.24093,10.40435,-134.42723,-3.68878,-20.26861,33.81626,-21.17501,LEX_LEG,GAS,WildHealthField,Independent,ATL,20250827-WildHealthField-1,636d8610-83a5-11f0-af3f-87f56c6d82ca,90.43809,,,9.59232,,,,,,,c1155f88-51df-438a-a1d8-1ae778e78cfd,2025-08-28,00:24:40.89,2025-08-27T19:24:40.8926208-05:00,2025-08-28T00:24:40.8926208Z,,v3,495,5508,,"Quiroz, Isaias",657728,Right,LEX_LEG,9060fa69-6643-4c9a-b042-0f6f90677837,55.03801,-135.68867,16.90813,5.3638,-2.8989,-10.5875,-1.03122,11.16042,-10.1343,,,,,,,,,,,,,,,,,,,,,,,,,,,,,,,,,,,,,,,,,,,,,,,,,,,High,High,High,,,,,
176,2025-08-27,19:24:57.62,1,3,"Zeldin, Brian",823227,Right,LEX_LEG,"De La Rosa, Eric",680763,Right,GAS,Undefined,5,Top,0,2,0,Undefined,Slider,StrikeSwinging,Undefined,Undefined,Undefined,0,0,,84.05979,0.147487,-1.116424,2367.892832,22.349712,6:45,5.17889,1.36469,4.88799,-46.23782,-4.59264,-2.49721,1.4653,0.10028,76.16707,-8.211207,-1.557104,0.464466,,,,,,,,,,,,0.87398,-1.91126,-1.25292,50,5.15425,2.48492,-121.76964,-1.50392,1.29186,27.38005,-34.99914,LEX_LEG,GAS,WildHealthField,Independent,ATL,20250827-WildHealthField-1,6d6bf700-83a5-11f0-af3f-87f56c6d82ca,81.15223,,,7.89273,,,,,,,c1155f88-51df-438a-a1d8-1ae778e78cfd,2025-08-28,00:24:57.62,2025-08-27T19:24:57.6211968-05:00,2025-08-28T00:24:57.6211968Z,,v3,495,5508,,"Quiroz, Isaias",657728,Right,LEX_LEG,81af6833-00aa-48b2-8851-d2c6c2905f88,55.61212,-123.02506,13.69002,5.18642,0.10085,-17.49957,-1.36551,2.42568,0.64593,,,,,,,,,,,,,,,,,,,,,,,,,,,,,,,,,,,,,,,,,,,,,,,,,,,High,High,High,,,,,
177,2025-08-27,19:25:14.96,1,4,"Zeldin, Brian",823227,Right,LEX_LEG,"De La Rosa, Eric",680763,Right,GAS,Undefined,5,Top,0,2,1,Undefined,Slider,StrikeSwinging,Undefined,Undefined,Undefined,0,0,,85.59893,-0.294983,-0.652877,2584.913238,65.230697,8:15,5.1946,1.30662,4.96639,-44.72046,-4.50138,-12.95516,1.18921,-0.38976,77.31149,-8.391262,-2.94288,0.456444,,,,,,,,,,,,6.21532,-1.74362,-1.23217,50,5.12928,1.998,-123.98028,-2.40599,9.47337,29.58179,-34.83166,LEX_LEG,GAS,WildHealthField,Independent,ATL,20250827-WildHealthField-1,77be5450-83a5-11f0-af3f-87f56c6d82ca,82.57845,,,8.28744,,,,,,,c1155f88-51df-438a-a1d8-1ae778e78cfd,2025-08-28,00:25:14.96,2025-08-27T19:25:14.9645824-05:00,2025-08-28T00:25:14.9645824Z,,v3,495,5508,,"Quiroz, Isaias",657728,Right,LEX_LEG,1120d277-a7d5-4637-b048-f47d2675b53e,55.53388,-125.29371,14.7909,5.20177,-0.85947,-17.41583,-1.31154,1.57739,4.73668,,,,,,,,,,,,,,,,,,,,,,,,,,,,,,,,,,,,,,,,,,,,,,,,,,,High,High,High,,,,,
178,2025-08-27,19:25:54.86,1,5,"Zeldin, Brian",823227,Right,LEX_LEG,"De La Rosa, Eric",680763,Right,GAS,Undefined,5,Top,0,2,2,Undefined,Slider,BallCalled,Undefined,Undefined,Undefined,0,0,,86.86592,0.595523,-1.952251,2514.249511,44.392464,7:30,5.26797,1.12531,5.01853,-41.85294,-3.21795,-4.43181,2.34261,-1.08717,78.94486,-6.991837,-2.734834,0.447365,,,,,,,,,,,,1.59669,-1.39134,-0.93442,50,5.2913,4.49374,-125.87128,-0.36354,2.53636,27.90083,-34.38418,LEX_LEG,GAS,WildHealthField,Independent,ATL,20250827-WildHealthField-1,8f6e7a30-83a5-11f0-af3f-87f56c6d82ca,84.25437,,,7.92106,,,,,,,c1155f88-51df-438a-a1d8-1ae778e78cfd,2025-08-28,00:25:54.86,2025-08-27T19:25:54.8630528-05:00,2025-08-28T00:25:54.8630528Z,,v3,495,5508,,"Quiroz, Isaias",657728,Right,LEX_LEG,7e8f0aad-d22a-4aa7-92e2-77ac343daf13,55.48157,-127.08052,13.95042,5.27476,1.1267,-17.19209,-1.1268,4.38381,1.26818,,,,,,,,,,,,,,,,,,,,,,,,,,,,,,,,,,,,,,,,,,,,,,,,,,,High,High,High,,,,,
179,2025-08-27,19:26:13.96,1,6,"Zeldin, Brian",823227,Right,LEX_LEG,"De La Rosa, Eric",680763,Right,GAS,Undefined,5,Top,0,3,2,Undefined,Slider,BallCalled,Walk,Undefined,Undefined,0,0,,85.37774,-0.780249,-2.748144,2521.491407,25.639173,6:45,4.96185,1.32007,5.06555,-46.13365,-6.08024,-3.57666,0.38076,-1.57129,77.81589,-9.101503,-3.380709,0.455503,,,,,,,,,,,,0.91654,-2.39291,-1.05583,50,4.8509,6.09384,-123.64241,-3.49473,1.4011,27.52879,-35.83208,LEX_LEG,GAS,WildHealthField,Independent,ATL,20250827-WildHealthField-1,9ae903d0-83a5-11f0-af3f-87f56c6d82ca,82.74906,,,7.56185,,,,,,,c1155f88-51df-438a-a1d8-1ae778e78cfd,2025-08-28,00:26:13.96,2025-08-27T19:26:13.9628544-05:00,2025-08-28T00:26:13.9628544Z,,v3,495,5508,,"Quiroz, Isaias",657728,Right,LEX_LEG,2257b7a8-6f52-4743-9503-627935a064ab,55.43533,-124.84671,13.76439,4.96949,-1.92718,-17.91604,-1.32108,6.03255,0.70055,,,,,,,,,,,,,,,,,,,,,,,,,,,,,,,,,,,,,,,,,,,,,,,,,,,High,High,High,,,,,
180,2025-08-27,19:27:17.40,2,1,"Zeldin, Brian",823227,Right,LEX_LEG,"Crook, Narciso",643271,Right,GAS,Undefined,5,Top,0,0,0,Undefined,Slider,BallCalled,Undefined,Undefined,Undefined,0,0,,83.9426,3.442739,0.428137,2430.36691,74.483266,8:30,5.21798,1.40228,5.03453,-43.11329,-1.45642,-10.60607,4.87735,0.92239,75.42474,-4.426166,-1.443504,0.464531,,,,,,,,,,,,5.35185,-1.35394,-1.43432,50,5.51299,-0.42676,-121.40489,5.64754,7.87032,27.02498,-34.16512,LEX_LEG,GAS,WildHealthField,Independent,ATL,20250827-WildHealthField-1,c0a2e9b0-83a5-11f0-af3f-87f56c6d82ca,81.14084,,,8.51786,,,,,,,c1155f88-51df-438a-a1d8-1ae778e78cfd,2025-08-28,00:27:17.40,2025-08-27T19:27:17.4057472-05:00,2025-08-28T00:27:17.4057472Z,,v3,495,5508,,"Quiroz, Isaias",657728,Right,LEX_LEG,d440d824-4aed-4f8e-9b05-f47bfecc5acb,55.46388,-122.61513,13.51249,5.22583,7.17753,-17.08256,-1.40731,-0.77921,3.93516,,,,,,,,,,,,,,,,,,,,,,,,,,,,,,,,,,,,,,,,,,,,,,,,,,,High,High,High,,,,,
181,2025-08-27,19:27:39.58,2,2,"Zeldin, Brian",823227,Right,LEX_LEG,"Crook, Narciso",643271,Right,GAS,Undefined,5,Top,0,1,0,Undefined,Sinker,BallCalled,Undefined,Undefined,Undefined,0,0,,91.65479,0.679674,-1.707281,2279.05884,237.76154,2:00,5.40362,1.09639,5.36921,-21.47816,12.88674,18.49777,4.25137,1.03659,82.51172,-3.349891,1.57904,0.421919,,,,,,,,,,,,-9.72772,6.59276,-0.95645,50,5.44981,3.07166,-132.80818,0.81629,-17.14449,31.95011,-20.55478,LEX_LEG,GAS,WildHealthField,Independent,ATL,20250827-WildHealthField-1,cdd1b300-83a5-11f0-af3f-87f56c6d82ca,89.33576,,,9.14308,,,,,,,c1155f88-51df-438a-a1d8-1ae778e78cfd,2025-08-28,00:27:39.58,2025-08-27T19:27:39.5878400-05:00,2025-08-28T00:27:39.5878400Z,,v3,495,5508,,"Quiroz, Isaias",657728,Right,LEX_LEG,8a7f0dd6-be76-4ccc-8f0a-7bc80970ef33,55.12831,-134.03623,15.97505,5.40325,1.60635,-10.27739,-1.08718,3.73063,-8.57224,,,,,,,,,,,,,,,,,,,,,,,,,,,,,,,,,,,,,,,,,,,,,,,,,,,High,High,High,,,,,
182,2025-08-27,19:28:01.80,2,3,"Zeldin, Brian",823227,Right,LEX_LEG,"Crook, Narciso",643271,Right,GAS,Undefined,5,Top,0,2,0,Undefined,Slider,BallCalled,Undefined,Undefined,Undefined,1,0,,84.24407,0.79537,-2.062454,2450.730797,97.353899,9:15,5.09073,1.25735,5.03413,-38.0125,3.04697,-12.92674,2.67397,-1.76661,76.57338,-6.130052,-4.342454,0.461188,,,,,,,,,,,,5.77697,1.67433,-1.04934,50,5.13653,4.96878,-122.05203,0.26304,8.6305,26.17711,-29.67266,LEX_LEG,GAS,WildHealthField,Independent,ATL,20250827-WildHealthField-1,db35bd20-83a5-11f0-af3f-87f56c6d82ca,81.729,,,7.6707,,,,,,,c1155f88-51df-438a-a1d8-1ae778e78cfd,2025-08-28,00:28:01.80,2025-08-27T19:28:01.8060000-05:00,2025-08-28T00:28:01.8060000Z,,v3,495,5508,,"Quiroz, Isaias",657728,Right,LEX_LEG,26baaac1-9955-4e1d-b9a0-19ae11c60163,55.4655,-123.21867,13.08855,5.09534,1.58546,-14.83633,-1.26221,4.58414,4.31525,,,,,,,,,,,,,,,,,,,,,,,,,,,,,78.71681,1.931482,0.663245,1.268237,0.44603,2.56825,1.84067,-0.69815,6.25928,1.92004,127.28099,1.45719,0.66597,-0.55856,113.4262,-10.08688,6.24734,8.83903,-9.94127,1.86982,-4.51043,2.85417,High,High,High,,,High,Medium,Medium
183,2025-08-27,19:28:33.74,2,4,"Zeldin, Brian",823227,Right,LEX_LEG,"Crook, Narciso",643271,Right,GAS,Undefined,5,Top,1,3,0,Undefined,Sinker,StrikeCalled,Undefined,Undefined,Undefined,0,0,,92.4578,-1.10499,-2.948219,2269.650875,234.804746,1:45,5.40234,1.15924,5.46762,-20.26796,13.42296,17.30938,2.67766,-0.16004,83.34484,-4.91344,0.130396,0.417761,,,,,,,,,,,,-9.61056,7.45256,-0.91174,50,5.29151,6.07969,-133.88277,-3.29108,-17.21619,32.42216,-18.82363,LEX_LEG,GAS,WildHealthField,Independent,ATL,20250827-WildHealthField-1,ee348ff0-83a5-11f0-af3f-87f56c6d82ca,90.22486,,,9.11296,,,,,,,c1155f88-51df-438a-a1d8-1ae778e78cfd,2025-08-28,00:28:33.74,2025-08-27T19:28:33.7455104-05:00,2025-08-28T00:28:33.7455104Z,,v3,495,5508,,"Quiroz, Isaias",657728,Right,LEX_LEG,96d623e7-6760-4b24-866b-d2b39ad5a91b,55.03091,-135.0956,16.21108,5.40145,-2.58693,-9.41181,-1.1512,6.72371,-8.60809,,,,,,,,,,,,,,,,,,,,,,,,,,,,,,,,,,,,,,,,,,,,,,,,,,,High,High,High,,,,,
184,2025-08-27,19:28:49.02,2,5,"Zeldin, Brian",823227,Right,LEX_LEG,"Crook, Narciso",643271,Right,GAS,Undefined,5,Top,1,3,1,Undefined,Sinker,InPlay,Undefined,GroundBall,Out,1,0,,93.11531,-1.335622,-2.009042,2328.154326,242.336185,2:00,5.2941,1.16498,5.40608,-22.24883,10.8419,18.52076,2.18757,0.82514,84.47447,-5.472736,1.285444,0.414023,73.14033,-9.464306,-42.958453,,,,,16.44477,15.9893,-41.135283,0.139538,-9.96638,6.18429,-0.99964,50,5.15978,3.87504,-135.01118,-3.9698,-18.23691,31.76318,-20.85778,LEX_LEG,GAS,WildHealthField,Independent,ATL,20250827-WildHealthField-1,f74cbf90-83a5-11f0-af3f-87f56c6d82ca,91.03948,2.39525,,8.64084,,,,1.64251,2.39525,-0.77104,c1155f88-51df-438a-a1d8-1ae778e78cfd,2025-08-28,00:28:49.02,2025-08-27T19:28:49.0217472-05:00,2025-08-28T00:28:49.0217472Z,GroundBall,v3,495,5508,,"Quiroz, Isaias",657728,Right,LEX_LEG,c51a0b65-b9f2-481e-913e-be06fa36913f,55.09485,-136.20454,15.88159,5.29421,-3.18616,-10.42889,-1.15809,4.56021,-9.11845,173.169076,1.64249,77.43944,-3.21966,,,,,,,2.39514,-17.62914,3.33532,,,,,,,-0.771,-72.11058,0.77572,,,,,,,,,,,,,,,,,,,,,,,,,,,,,High,High,High,High,High,,,
185,2025-08-27,19:29:24.03,3,1,"Zeldin, Brian",823227,Right,LEX_LEG,"Reinheimer, Jack",595373,Right,GAS,Undefined,5,Top,2,0,0,Undefined,Slider,BallCalled,Undefined,Undefined,Undefined,0,0,,84.85153,2.501908,-0.346373,2410.097496,69.831936,8:15,5.12312,1.34731,5.12839,-43.40439,-2.99134,-11.93174,3.86402,0.02677,76.71973,-5.410254,-2.456938,0.457543,,,,,,,,,,,,5.78536,-1.81134,-1.30522,50,5.32474,1.28142,-122.90879,3.69255,8.74887,26.95536,-34.91323,LEX_LEG,GAS,WildHealthField,Independent,ATL,20250827-WildHealthField-1,0c1a8600-83a6-11f0-af3f-87f56c6d82ca,82.38006,,,8.1318,,,,,,,c1155f88-51df-438a-a1d8-1ae778e78cfd,2025-08-28,00:29:24.03,2025-08-27T19:29:24.0332288-05:00,2025-08-28T00:29:24.0332288Z,,v3,495,5508,,"Quiroz, Isaias",657728,Right,LEX_LEG,42bc85ea-1a53-4192-afe9-8729c4dd9417,55.3711,-124.08114,13.47768,5.13112,5.21101,-17.45661,-1.35267,0.90091,4.37443,,,,,,,,,,,,,,,,,,,,,,,,,,,,,,,,,,,,,,,,,,,,,,,,,,,High,High,High,,,,,
186,2025-08-27,19:29:37.10,3,2,"Zeldin, Brian",823227,Right,LEX_LEG,"Reinheimer, Jack",595373,Right,GAS,Undefined,5,Top,2,1,0,Undefined,Sinker,BallCalled,Undefined,Undefined,Undefined,0,0,,92.39734,0.164119,-3.103766,2350.795276,241.460927,2:00,5.32968,1.21666,5.83095,-22.72281,10.69115,17.38032,3.58889,-0.22299,82.86354,-4.121348,0.00726,0.41604,,,,,,,,,,,,-9.79701,5.75626,-0.97294,50,5.32994,6.45494,-133.80833,-0.38673,-17.44915,33.62084,-21.92171,LEX_LEG,GAS,WildHealthField,Independent,ATL,20250827-WildHealthField-1,13dfcfd0-83a6-11f0-af3f-87f56c6d82ca,90.59806,,,9.53379,,,,,,,c1155f88-51df-438a-a1d8-1ae778e78cfd,2025-08-28,00:29:37.10,2025-08-27T19:29:37.1011584-05:00,2025-08-28T00:29:37.1011584Z,,v3,495,5508,,"Quiroz, Isaias",657728,Right,LEX_LEG,474adc83-36ab-4a2a-a61e-5830ec91298b,54.66617,-134.97567,16.81042,5.33015,0.37441,-10.96086,-1.20758,7.06079,-8.72458,,,,,,,,,,,,,,,,,,,,,,,,,,,,,,,,,,,,,,,,,,,,,,,,,,,High,High,High,,,,,
187,2025-08-27,19:29:50.74,3,3,"Zeldin, Brian",823227,Right,LEX_LEG,"Reinheimer, Jack",595373,Right,GAS,Undefined,5,Top,2,2,0,Undefined,Sinker,StrikeCalled,Undefined,Undefined,Undefined,0,0,,91.74187,-1.702149,-3.370897,2307.327124,235.291587,1:45,5.28223,1.17441,5.49646,-21.00903,13.04131,17.12292,1.93603,-0.5555,83.16471,-5.631395,-0.325086,0.419983,,,,,,,,,,,,-9.64705,7.43244,-0.89117,50,5.11913,7.03884,-132.85111,-4.68806,-17.10389,30.57559,-18.99659,LEX_LEG,GAS,WildHealthField,Independent,ATL,20250827-WildHealthField-1,1c189bf0-83a6-11f0-af3f-87f56c6d82ca,89.74746,,,8.57715,,,,,,,c1155f88-51df-438a-a1d8-1ae778e78cfd,2025-08-28,00:29:50.74,2025-08-27T19:29:50.7491840-05:00,2025-08-28T00:29:50.7491840Z,,v3,495,5508,,"Quiroz, Isaias",657728,Right,LEX_LEG,4a29821f-ff91-4cc0-8f69-0dbfafdaba73,55.00344,-133.9977,15.2878,5.28158,-3.97569,-9.49829,-1.16715,7.68023,-8.55195,,,,,,,,,,,,,,,,,,,,,,,,,,,,,,,,,,,,,,,,,,,,,,,,,,,High,High,High,,,,,
188,2025-08-27,19:30:06.55,3,4,"Zeldin, Brian",823227,Right,LEX_LEG,"Reinheimer, Jack",595373,Right,GAS,Undefined,5,Top,2,2,1,Undefined,Slider,StrikeCalled,Undefined,Undefined,Undefined,0,0,,84.59052,1.471642,-0.913292,2394.784627,64.995954,8:15,5.13126,1.21164,4.9238,-45.60676,-4.40744,-12.64989,2.72248,-0.70602,76.25661,-6.802859,-3.143841,0.461973,,,,,,,,,,,,5.90197,-2.17894,-1.11163,50,5.237,2.53422,-122.4675,1.3363,8.80254,28.2375,-35.42384,LEX_LEG,GAS,WildHealthField,Independent,ATL,20250827-WildHealthField-1,25763900-83a6-11f0-af3f-87f56c6d82ca,81.59017,,,8.33391,,,,,,,c1155f88-51df-438a-a1d8-1ae778e78cfd,2025-08-28,00:30:06.55,2025-08-27T19:30:06.5508352-05:00,2025-08-28T00:30:06.5508352Z,,v3,495,5508,,"Quiroz, Isaias",657728,Right,LEX_LEG,67f70efa-0494-4aeb-ae47-baf7e3d630fd,55.57507,-123.74628,14.11875,5.14016,2.94052,-17.71192,-1.21737,2.13559,4.40127,,,,,,,,,,,,,,,,,,,,,,,,,,,,,,,,,,,,,,,,,,,,,,,,,,,High,High,High,,,,,
189,2025-08-27,19:30:29.75,3,5,"Zeldin, Brian",823227,Right,LEX_LEG,"Reinheimer, Jack",595373,Right,GAS,Undefined,5,Top,2,2,2,Undefined,Curveball,BallCalled,Undefined,Undefined,Undefined,0,0,,84.6677,1.25801,-1.679413,2720.252054,22.166299,6:45,5.39427,0.71907,5.26008,-49.88995,-10.04741,-4.58292,2.41942,-1.24116,77.90118,-7.764686,-2.492972,0.454302,,,,,,,,,,,,1.83339,-5.01898,-0.56167,50,5.47227,3.80153,-122.93347,0.78249,2.80854,24.13631,-39.86251,LEX_LEG,GAS,WildHealthField,Independent,ATL,20250827-WildHealthField-1,33486e40-83a6-11f0-af3f-87f56c6d82ca,82.96773,,,6.76653,,,,,,,c1155f88-51df-438a-a1d8-1ae778e78cfd,2025-08-28,00:30:29.75,2025-08-27T19:30:29.7519616-05:00,2025-08-28T00:30:29.7519616Z,,v3,495,5508,,"Quiroz, Isaias",657728,Right,LEX_LEG,9e01c922-75a1-47af-89e9-af0b7d796be6,55.24349,-123.95868,12.06816,5.40307,2.47569,-19.93125,-0.72061,3.68224,1.40427,,,,,,,,,,,,,,,,,,,,,,,,,,,,,,,,,,,,,,,,,,,,,,,,,,,High,High,High,,,,,
190,2025-08-27,19:30:47.63,3,6,"Zeldin, Brian",823227,Right,LEX_LEG,"Reinheimer, Jack",595373,Right,GAS,Undefined,5,Top,2,3,2,Undefined,Sinker,StrikeCalled,Strikeout,Undefined,Undefined,0,0,,91.32771,-1.277981,-3.914467,2282.99448,240.418964,2:00,5.3378,1.2144,5.68222,-22.1843,12.11977,19.16383,2.29482,-0.84326,82.35589,-5.443932,-0.496501,0.421545,,,,,,,,,,,,-10.89953,6.90981,-0.89619,50,5.21621,8.16964,-132.16509,-3.70928,-19.03298,31.5209,-20.10803,LEX_LEG,GAS,WildHealthField,Independent,ATL,20250827-WildHealthField-1,3e04ff10-83a6-11f0-af3f-87f56c6d82ca,89.4149,,,8.97183,,,,,,,c1155f88-51df-438a-a1d8-1ae778e78cfd,2025-08-28,00:30:47.63,2025-08-27T19:30:47.6340000-05:00,2025-08-28T00:30:47.6340000Z,,v3,495,5508,,"Quiroz, Isaias",657728,Right,LEX_LEG,f04873f9-42e7-42c4-b379-58510fa18659,54.81651,-133.30886,15.76045,5.33757,-2.97963,-10.05402,-1.20517,8.86028,-9.51649,,,,,,,,,,,,,,,,,,,,,,,,,,,,,76.17314,2.596398,1.726208,0.87019,-0.78057,2.08158,0.8596,-2.6495,5.59741,5.87526,71.79226,6.31717,52.99985,-2.56536,94.71598,-10.62977,5.61327,11.65887,-12.46418,5.88154,56.04918,-2.18415,High,High,High,,,High,High,High
191,2025-08-27,19:33:17.40,1,1,"Hartman, Matt",666929,Right,GAS,"Atwood, Andy",664762,Right,LEX_LEG,Undefined,5,Bottom,0,0,0,Undefined,Curveball,BallCalled,Undefined,Undefined,Undefined,0,0,,76.54669,1.832044,-0.612153,1995.708689,12.370793,6:30,6.56114,0.95372,5.58872,-53.33113,-5.05339,-1.43969,3.82833,0.2621,70.23326,-7.912923,-0.869359,0.500086,,,,,,,,,,,,0.55213,-2.57323,-0.90021,50,6.68387,1.24239,-111.14328,1.80096,0.68939,20.25915,-35.3869,LEX_LEG,GAS,WildHealthField,Independent,ATL,20250827-WildHealthField-1,973be4e0-83a6-11f0-af3f-87f56c6d82ca,75.37188,,,6.31342,,,,,,,c1155f88-51df-438a-a1d8-1ae778e78cfd,2025-08-28,00:33:17.40,2025-08-27T19:33:17.4062592-05:00,2025-08-28T00:33:17.4062592Z,,v3,495,5508,,"Olmeda, Alexis",663406,Right,GAS,0017d326-f558-4f03-8be6-d9c9aaa648ae,54.91297,-112.03524,10.12958,6.57029,3.35895,-17.69345,-0.95425,1.21204,0.34469,,,,,,,,,,,,,,,,,,,,,,,,,,,,,,,,,,,,,,,,,,,,,,,,,,,High,High,High,,,,,
192,2025-08-27,19:33:34.44,1,2,"Hartman, Matt",666929,Right,GAS,"Atwood, Andy",664762,Right,LEX_LEG,Undefined,5,Bottom,0,1,0,Undefined,Splitter,BallCalled,Undefined,Undefined,Undefined,0,0,,78.08727,-1.347784,-2.396597,991.018461,169.766642,11:45,6.52725,0.73281,5.65324,-43.7214,3.55575,-0.31909,1.62542,-1.53033,70.57491,-9.388542,-2.453667,0.494877,,,,,,,,,,,,-0.6587,2.84634,-0.52941,50,6.38588,4.74288,-113.02177,-4.07051,-0.83357,24.76478,-28.5722,LEX_LEG,GAS,WildHealthField,Independent,ATL,20250827-WildHealthField-1,a1655d70-83a6-11f0-af3f-87f56c6d82ca,76.16529,,,7.51236,,,,,,,c1155f88-51df-438a-a1d8-1ae778e78cfd,2025-08-28,00:33:34.44,2025-08-27T19:33:34.4452096-05:00,2025-08-28T00:33:34.4452096Z,,v3,495,5508,,"Olmeda, Alexis",663406,Right,GAS,f170b022-b2de-4548-abc1-2ac7a8125dfd,54.84268,-114.07794,12.38239,6.5335,-2.85196,-14.2861,-0.73244,4.77843,-0.41678,,,,,,,,,,,,,,,,,,,,,,,,,,,,,,,,,,,,,,,,,,,,,,,,,,,High,High,High,,,,,
193,2025-08-27,19:33:53.35,1,3,"Hartman, Matt",666929,Right,GAS,"Atwood, Andy",664762,Right,LEX_LEG,Undefined,5,Bottom,0,2,0,Undefined,Curveball,StrikeCalled,Undefined,Undefined,Undefined,0,0,,76.46806,1.043331,-0.991861,1930.627351,330.596456,5:00,6.49455,0.70795,5.45039,-50.48759,-1.29425,1.70362,3.26429,-0.07877,69.41705,-8.201373,-0.688202,0.504806,,,,,,,,,,,,-1.1665,-0.41469,-0.62156,50,6.55239,1.85243,-110.85929,0.3455,-1.43194,22.3325,-32.6831,LEX_LEG,GAS,WildHealthField,Independent,ATL,20250827-WildHealthField-1,acac05d0-83a6-11f0-af3f-87f56c6d82ca,74.66716,,,7.05101,,,,,,,c1155f88-51df-438a-a1d8-1ae778e78cfd,2025-08-28,00:33:53.35,2025-08-27T19:33:53.3513216-05:00,2025-08-28T00:33:53.3513216Z,,v3,495,5508,,"Olmeda, Alexis",663406,Right,GAS,40682d53-d08b-4ebd-af51-f01f2179fe20,55.04821,-111.87162,11.16625,6.50315,1.82702,-16.34155,-0.707,1.91734,-0.71597,,,,,,,,,,,,,,,,,,,,,,,,,,,,,,,,,,,,,,,,,,,,,,,,,,,High,High,High,,,,,
194,2025-08-27,19:34:09.71,1,4,"Hartman, Matt",666929,Right,GAS,"Atwood, Andy",664762,Right,LEX_LEG,Undefined,5,Bottom,0,2,1,Undefined,Slider,StrikeSwinging,Undefined,Undefined,Undefined,0,0,,80.45871,-2.470568,-2.229455,1364.518822,341.697166,5:30,6.52547,0.79047,5.74805,-45.74644,-1.0337,0.92701,0.40994,-1.209,72.4935,-10.852074,-2.063046,0.481268,,,,,,,,,,,,-1.28189,0.93858,-0.6057,50,6.29272,4.49297,-116.35931,-6.54584,-1.70604,27.78451,-30.9249,LEX_LEG,GAS,WildHealthField,Independent,ATL,20250827-WildHealthField-1,b67ef9f0-83a6-11f0-af3f-87f56c6d82ca,78.31901,,,7.96521,,,,,,,c1155f88-51df-438a-a1d8-1ae778e78cfd,2025-08-28,00:34:09.71,2025-08-27T19:34:09.7179136-05:00,2025-08-28T00:34:09.7179136Z,,v3,495,5508,,"Olmeda, Alexis",663406,Right,GAS,f8531868-6e1b-42de-a0b9-8462227969b9,54.74846,-117.48769,13.89225,6.53306,-5.28992,-15.46245,-0.78957,4.56225,-0.85302,,,,,,,,,,,,,,,,,,,,,,,,,,,,,,,,,,,,,,,,,,,,,,,,,,,High,High,High,,,,,
195,2025-08-27,19:34:38.30,1,5,"Hartman, Matt",666929,Right,GAS,"Atwood, Andy",664762,Right,LEX_LEG,Undefined,5,Bottom,0,2,2,Undefined,Splitter,InPlay,Undefined,GroundBall,Out,1,0,,80.32124,-0.7631,-1.939105,864.614449,348.232957,5:30,6.40661,1.00763,5.87073,-45.49412,-1.16087,0.59248,1.90616,-0.74488,72.43768,-9.153653,-1.832629,0.479221,67.63033,-26.014754,-10.788838,,,,,6.79249,6.79249,-0.682271,0.047571,-0.98673,0.10736,-0.85097,50,6.31853,3.91838,-116.40076,-3.01583,-1.31994,26.94028,-32.03045,LEX_LEG,GAS,WildHealthField,Independent,ATL,20250827-WildHealthField-1,c78b72a0-83a6-11f0-af3f-87f56c6d82ca,78.65351,2.07627,,7.88356,,,,2.61302,2.07627,0.71546,c1155f88-51df-438a-a1d8-1ae778e78cfd,2025-08-28,00:34:38.30,2025-08-27T19:34:38.3037440-05:00,2025-08-28T00:34:38.3037440Z,GroundBall,v3,495,5508,,"Olmeda, Alexis",663406,Right,GAS,95da10a6-1ba6-4c83-9567-d026a5ec1e3d,54.62871,-117.46716,13.47014,6.41282,-1.74794,-16.01523,-1.00711,3.97063,-0.65997,180,2.61087,87.84666,,,,,,,,2.07734,-43.64517,,,,,,,,0.71587,-16.73991,,,,,,,,,,,,,,,,,,,,,,,,,,,,,,High,High,High,High,High,,,
196,2025-08-27,19:35:16.95,2,1,"Hartman, Matt",666929,Right,GAS,"Whalen, Brady",669714,Left,LEX_LEG,Undefined,5,Bottom,1,0,0,Undefined,Splitter,BallCalled,Undefined,Undefined,Undefined,0,0,,80.27641,-3.206765,-2.584657,845.473438,131.083819,10:15,6.55179,0.93526,5.76438,-41.3501,3.75807,-2.19988,0.11513,-1.65534,72.10974,-10.804488,-2.979222,0.483392,,,,,,,,,,,,0.15323,3.63272,-0.71975,50,6.26111,5.32031,-115.95848,-7.82858,0.2018,28.29831,-27.38987,LEX_LEG,GAS,WildHealthField,Independent,ATL,20250827-WildHealthField-1,de80acf0-83a6-11f0-af3f-87f56c6d82ca,77.97496,,,8.16667,,,,,,,c1155f88-51df-438a-a1d8-1ae778e78cfd,2025-08-28,00:35:16.95,2025-08-27T19:35:16.9570816-05:00,2025-08-28T00:35:16.9570816Z,,v3,495,5508,,"Olmeda, Alexis",663406,Right,GAS,96ec9524-094b-4326-a9c9-2a66a3ba7094,54.7324,-117.10767,14.14915,6.55644,-6.71628,-13.69493,-0.93564,5.31211,0.1009,,,,,,,,,,,,,,,,,,,,,,,,,,,,,,,,,,,,,,,,,,,,,,,,,,,High,High,High,,,,,
197,2025-08-27,19:35:34.72,2,2,"Hartman, Matt",666929,Right,GAS,"Whalen, Brady",669714,Left,LEX_LEG,Undefined,5,Bottom,1,1,0,Undefined,Changeup,BallCalled,Undefined,Undefined,Undefined,0,0,,77.18519,2.410973,0.109284,1893.549475,341.764891,5:30,6.48827,0.7104,5.60451,-57.37357,-9.42835,3.64803,3.95918,1.11642,70.11992,-8.085122,0.7613,0.498361,,,,,,,,,,,,-1.7965,-4.94024,-0.72211,50,6.65809,-0.35614,-111.93989,2.78201,-2.25141,22.52928,-38.36524,LEX_LEG,GAS,WildHealthField,Independent,ATL,20250827-WildHealthField-1,e9125d30-83a6-11f0-af3f-87f56c6d82ca,75.63277,,,7.06527,,,,,,,c1155f88-51df-438a-a1d8-1ae778e78cfd,2025-08-28,00:35:34.72,2025-08-27T19:35:34.7247616-05:00,2025-08-28T00:35:34.7247616Z,,v3,495,5508,,"Olmeda, Alexis",663406,Right,GAS,7920fa7f-c271-456f-a43e-2d6889e809db,54.89663,-112.9211,11.26464,6.50054,4.45292,-19.18262,-0.70873,-0.25808,-1.12571,,,,,,,,,,,,,,,,,,,,,,,,,,,,,,,,,,,,,,,,,,,,,,,,,,,High,High,High,,,,,
198,2025-08-27,19:35:52.56,2,3,"Hartman, Matt",666929,Right,GAS,"Whalen, Brady",669714,Left,LEX_LEG,Undefined,5,Bottom,1,2,0,Undefined,Four-Seam,BallCalled,Undefined,Undefined,Undefined,0,0,,88.06566,-1.154407,-1.723434,2230.39444,203.285067,12:45,6.50909,0.85662,5.82166,-13.70997,23.06604,9.33296,4.29266,0.03155,78.96883,-3.847072,-0.051669,0.436469,,,,,,,,,,,,-5.27095,12.47485,-0.72089,50,6.4065,3.42649,-127.58108,-2.8848,-8.53134,30.65191,-11.98273,LEX_LEG,GAS,WildHealthField,Independent,ATL,20250827-WildHealthField-1,f3b105c0-83a6-11f0-af3f-87f56c6d82ca,86.3576,,,9.09683,,,,,,,c1155f88-51df-438a-a1d8-1ae778e78cfd,2025-08-28,00:35:52.56,2025-08-27T19:35:52.5675008-05:00,2025-08-28T00:35:52.5675008Z,,v3,495,5508,,"Olmeda, Alexis",663406,Right,GAS,7b90495a-c7b0-4c40-beae-b8c208633dd7,54.67342,-128.69899,15.32596,6.50374,-2.44778,-5.99137,-0.85153,3.73764,-4.26567,,,,,,,,,,,,,,,,,,,,,,,,,,,,,,,,,,,,,,,,,,,,,,,,,,,High,High,High,,,,,
199,2025-08-27,19:36:09.81,2,4,"Hartman, Matt",666929,Right,GAS,"Whalen, Brady",669714,Left,LEX_LEG,Undefined,5,Bottom,1,3,0,Undefined,Four-Seam,StrikeCalled,Undefined,Undefined,Undefined,0,0,,87.81606,-2.614211,-0.561492,2223.99668,197.426508,12:30,6.63034,0.73126,5.70867,-15.13576,21.98151,6.4641,2.93153,0.74677,79.0305,-5.541034,0.594764,0.43849,,,,,,,,,,,,-3.43606,12.37591,-0.68816,50,6.402,0.96088,-127.16507,-6.19631,-5.53474,30.04384,-12.23923,LEX_LEG,GAS,WildHealthField,Independent,ATL,20250827-WildHealthField-1,fdf3aba0-83a6-11f0-af3f-87f56c6d82ca,85.9597,,,8.78556,,,,,,,c1155f88-51df-438a-a1d8-1ae778e78cfd,2025-08-28,00:36:09.81,2025-08-27T19:36:09.8156032-05:00,2025-08-28T00:36:09.8156032Z,,v3,495,5508,,"Olmeda, Alexis",663406,Right,GAS,df753d4f-3164-4c76-ad80-0ffa6330e5ce,54.78698,-128.29105,15.02192,6.62563,-5.73761,-6.11961,-0.72806,1.16831,-2.76737,,,,,,,,,,,,,,,,,,,,,,,,,,,,,,,,,,,,,,,,,,,,,,,,,,,High,High,High,,,,,
200,2025-08-27,19:36:27.96,2,5,"Hartman, Matt",666929,Right,GAS,"Whalen, Brady",669714,Left,LEX_LEG,Undefined,5,Bottom,1,3,1,Undefined,Four-Seam,InPlay,Undefined,GroundBall,Out,1,0,,87.88273,-2.682063,-0.980437,2210.919233,204.515835,12:45,6.45307,0.96399,5.85749,-16.53532,20.25119,8.61977,2.58101,0.77128,79.28486,-5.858648,0.565849,0.436532,93.24159,-8.376296,12.681121,,,,,17.8381,17.3563,9.149586,0.123243,-4.73307,11.61678,-0.88952,50,6.2258,1.81749,-127.34325,-6.41807,-7.65236,29.90761,-13.39225,LEX_LEG,GAS,WildHealthField,Independent,ATL,20250827-WildHealthField-1,08e27000-83a7-11f0-af3f-87f56c6d82ca,86.34526,2.58628,,8.59787,,,,1.6564,2.58628,-0.81389,c1155f88-51df-438a-a1d8-1ae778e78cfd,2025-08-28,00:36:27.96,2025-08-27T19:36:27.9649792-05:00,2025-08-28T00:36:27.9649792Z,GroundBall,v3,495,5508,,"Olmeda, Alexis",663406,Right,GAS,71d9b8ca-7d54-46f7-95f5-d564d3523c6a,54.64099,-128.4286,14.95381,6.4499,-5.93206,-6.69612,-0.96051,2.0952,-3.82618,223.858121,1.65675,131.95742,-20.33129,,,,,,,2.58626,-19.91969,-8.64315,,,,,,,-0.81391,29.70244,-0.67283,,,,,,,,,,,,,,,,,,,,,,,,,,,,,High,High,High,High,High,,,
201,2025-08-27,19:37:01.26,3,1,"Hartman, Matt",666929,Right,GAS,"Terry, Curtis",663799,Right,LEX_LEG,Undefined,5,Bottom,2,0,0,Undefined,Curveball,StrikeCalled,Undefined,Undefined,Undefined,0,0,,77.56695,1.346591,-0.84483,2141.142765,3.533414,6:00,6.41161,1.07274,5.52021,-53.45511,-5.99965,-0.46854,3.21645,0.24372,70.76767,-8.414924,-0.92848,0.495809,,,,,,,,,,,,-0.02193,-2.92555,-0.99886,50,6.49326,1.67799,-112.55112,0.84344,-0.02786,22.19529,-35.89202,LEX_LEG,GAS,WildHealthField,Independent,ATL,20250827-WildHealthField-1,1ca68ea0-83a7-11f0-af3f-87f56c6d82ca,76.02206,,,6.79929,,,,,,,c1155f88-51df-438a-a1d8-1ae778e78cfd,2025-08-28,00:37:01.26,2025-08-27T19:37:01.2660736-05:00,2025-08-28T00:37:01.2660736Z,,v3,495,5508,,"Olmeda, Alexis",663406,Right,GAS,8966b908-e4d3-4bb5-a212-e568da145487,54.98076,-113.52909,11.09764,6.42126,2.42491,-17.94601,-1.07283,1.67922,-0.01393,,,,,,,,,,,,,,,,,,,,,,,,,,,,,,,,,,,,,,,,,,,,,,,,,,,High,High,High,,,,,
202,2025-08-27,19:37:15.90,3,2,"Hartman, Matt",666929,Right,GAS,"Terry, Curtis",663799,Right,LEX_LEG,Undefined,5,Bottom,2,0,1,Undefined,Slider,StrikeCalled,Undefined,Undefined,Undefined,0,0,,78.8749,-0.308569,0.072472,1378.909574,44.72621,7:30,6.55145,0.96649,5.67375,-47.14062,-0.92598,-2.6428,2.33538,0.81382,71.17195,-8.981122,-0.401123,0.489284,,,,,,,,,,,,1.36165,0.16965,-0.97093,50,6.4962,-0.0408,-114.32588,-2.16731,1.76078,25.59051,-31.9547,LEX_LEG,GAS,WildHealthField,Independent,ATL,20250827-WildHealthField-1,2577a320-83a7-11f0-af3f-87f56c6d82ca,77.03588,,,7.70295,,,,,,,c1155f88-51df-438a-a1d8-1ae778e78cfd,2025-08-28,00:37:15.90,2025-08-27T19:37:15.9041024-05:00,2025-08-28T00:37:15.9041024Z,,v3,495,5508,,"Olmeda, Alexis",663406,Right,GAS,956e5c48-c6a1-4374-927a-e1ba78b06cfa,54.82415,-115.40066,12.79526,6.55904,-0.82525,-15.97735,-0.96766,-0.11475,0.88039,,,,,,,,,,,,,,,,,,,,,,,,,,,,,,,,,,,,,,,,,,,,,,,,,,,High,High,High,,,,,
203,2025-08-27,19:37:30.18,3,3,"Hartman, Matt",666929,Right,GAS,"Terry, Curtis",663799,Right,LEX_LEG,Undefined,5,Bottom,2,0,2,Undefined,Four-Seam,InPlay,Undefined,LineDrive,Single,0,0,,87.29108,-2.303758,-0.660937,2223.842515,196.625112,12:30,6.46832,1.12163,5.745,-13.75855,23.74643,6.6715,3.1755,1.06218,78.49073,-4.993965,0.533016,0.440774,55.87565,22.488413,-27.125594,1229.22454,96.84628,15.11592,-52.16121,146.56126,128.36113,-28.578887,2.271082,-3.61807,13.25257,-1.07086,50,6.26871,1.17549,-126.47097,-5.4213,-5.75736,30.0077,-11.08551,LEX_LEG,GAS,WildHealthField,Independent,ATL,20250827-WildHealthField-1,2df7d880-83a7-11f0-af3f-87f56c6d82ca,85.51421,19.5174,,8.80035,,,,1.25177,3.18243,-1.04028,c1155f88-51df-438a-a1d8-1ae778e78cfd,2025-08-28,00:37:30.18,2025-08-27T19:37:30.1802496-05:00,2025-08-28T00:37:30.1802496Z,LineDrive,v3,495,5508,,"Olmeda, Alexis",663406,Right,GAS,43e1b40e-618a-4522-8858-e2da24463bee,54.75286,-127.59369,15.00385,6.46379,-5.00655,-5.54275,-1.11887,1.3909,-2.87868,163.487666,1.25169,67.39645,-7.03869,1.52656,-0.69612,0.51012,-0.27584,0.07952,-0.00907,3.18251,31.34084,-15.62324,0.50658,0.25583,-0.34846,0.20502,-0.05804,0.00635,-1.04024,-34.52598,2.51479,-0.53512,0.27664,-0.21878,0.12055,-0.03481,0.00396,,,,,,,,,,,,,,,,,,,,,,,High,High,High,High,High,,,
204,2025-08-27,19:38:08.96,4,1,"Hartman, Matt",666929,Right,GAS,"Cumbo, E.J.",821574,Left,LEX_LEG,Undefined,5,Bottom,2,0,0,Undefined,Four-Seam,BallCalled,Undefined,Undefined,Undefined,0,0,,87.93966,-0.158552,-1.511195,2006.312103,216.133071,1:15,6.50373,1.23104,5.77364,-20.49844,16.1993,10.88371,4.64793,0.73141,79.37753,-4.049678,0.437243,0.436005,,,,,,,,,,,,-5.96327,8.65855,-1.11253,50,6.4784,2.8877,-127.52465,-0.97638,-9.70456,29.10339,-18.08325,LEX_LEG,GAS,WildHealthField,Independent,ATL,20250827-WildHealthField-1,44fd1860-83a7-11f0-af3f-87f56c6d82ca,86.44961,,,8.56214,,,,,,,c1155f88-51df-438a-a1d8-1ae778e78cfd,2025-08-28,00:38:08.96,2025-08-27T19:38:08.9658880-05:00,2025-08-28T00:38:08.9658880Z,,v3,495,5508,,"Olmeda, Alexis",663406,Right,GAS,267d8287-1da8-4926-a085-53729e47e3f0,54.72308,-128.59802,14.5517,6.50211,-0.30945,-9.04163,-1.22564,3.24562,-4.85228,,,,,,,,,,,,,,,,,,,,,,,,,,,,,,,,,,,,,,,,,,,,,,,,,,,High,High,High,,,,,
205,2025-08-27,19:38:26.35,4,2,"Hartman, Matt",666929,Right,GAS,"Cumbo, E.J.",821574,Left,LEX_LEG,Undefined,5,Bottom,2,1,0,Undefined,Four-Seam,BallCalled,Undefined,Undefined,Undefined,0,0,,87.19446,-2.021965,0.09063,2034.482483,209.67005,1:00,6.55593,0.79253,5.88693,-18.54536,18.65718,9.87394,3.13211,1.69951,78.8719,-5.558461,1.862989,0.438993,,,,,,,,,,,,-4.97205,10.53894,-0.80526,50,6.38212,-0.623,-126.42294,-4.98351,-7.94867,28.70995,-15.32583,LEX_LEG,GAS,WildHealthField,Independent,ATL,20250827-WildHealthField-1,4f59aee0-83a7-11f0-af3f-87f56c6d82ca,85.86114,,,8.32256,,,,,,,c1155f88-51df-438a-a1d8-1ae778e78cfd,2025-08-28,00:38:26.35,2025-08-27T19:38:26.3512064-05:00,2025-08-28T00:38:26.3512064Z,,v3,495,5508,,"Olmeda, Alexis",663406,Right,GAS,14582e00-c1a6-44de-a1b5-1b7d7508a746,54.60945,-127.46542,14.35497,6.55297,-4.42701,-7.66292,-0.78788,-0.33438,-3.97433,,,,,,,,,,,,,,,,,,,,,,,,,,,,,,,,,,,,,,,,,,,,,,,,,,,High,High,High,,,,,
206,2025-08-27,19:38:49.75,4,3,"Hartman, Matt",666929,Right,GAS,"Cumbo, E.J.",821574,Left,LEX_LEG,Undefined,5,Bottom,2,2,0,Undefined,Four-Seam,InPlay,Undefined,FlyBall,Out,1,0,,87.28179,-1.512487,-1.705692,2181.604889,204.806003,12:45,6.55215,0.89441,5.79012,-15.77611,21.72706,9.38819,3.82948,0.0895,78.31124,-4.574173,-0.024827,0.440763,82.85521,42.448981,-8.198902,4443.050753,108.0434,90.21394,-20.65466,255.34541,245.0609,-15.167076,5.339352,-5.38197,12.00646,-0.75974,50,6.41851,3.37204,-126.46895,-3.75546,-8.54562,30.51046,-13.10982,LEX_LEG,GAS,WildHealthField,Independent,ATL,20250827-WildHealthField-1,5d62ab90-83a7-11f0-af3f-87f56c6d82ca,85.51631,102.54684,,8.97055,,,,2.18661,3.96614,-0.09092,c1155f88-51df-438a-a1d8-1ae778e78cfd,2025-08-28,00:38:49.75,2025-08-27T19:38:49.7504768-05:00,2025-08-28T00:38:49.7504768Z,FlyBall,v3,495,5508,,"Olmeda, Alexis",663406,Right,GAS,753742b8-1356-48d7-bc49-6c5d0d58fe98,54.70828,-127.59976,15.25523,6.5487,-3.26957,-6.55491,-0.89058,3.68877,-4.27281,169.293334,2.18999,88.68825,-20.38524,4.89702,-0.90031,0.13199,-0.01673,0.0017,-9E-05,3.96657,82.0033,-19.38789,1.10385,0.04934,-0.0969,0.02882,-0.00378,0.00019,-0.09095,-12.78706,0.00733,0.03832,-0.01391,0.00236,-7E-05,-3E-05,0,,,,,,,,,,,,,,,,,,,,,,,High,High,High,High,Medium,,,
207,2025-08-27,19:41:12.47,1,1,"Zeldin, Brian",823227,Right,LEX_LEG,"Olmeda, Alexis",663406,Right,GAS,Undefined,6,Top,0,0,0,Undefined,Sinker,BallCalled,Undefined,Undefined,Undefined,0,0,,91.84906,-1.150082,-4.076837,2227.495463,241.010236,2:00,5.33152,1.18261,5.45246,-23.20273,10.86705,17.47485,2.3184,-1.18427,83.18711,-5.468016,-0.974665,0.420103,,,,,,,,,,,,-9.96512,6.16177,-0.83446,50,5.2141,8.65285,-132.90878,-3.51544,-17.68799,30.53033,-21.23697,LEX_LEG,GAS,WildHealthField,Independent,ATL,20250827-WildHealthField-1,b257a1f0-83a7-11f0-af3f-87f56c6d82ca,89.72184,,,8.66195,,,,,,,c1155f88-51df-438a-a1d8-1ae778e78cfd,2025-08-28,00:41:12.47,2025-08-27T19:41:12.4797952-05:00,2025-08-28T00:41:12.4797952Z,,v3,495,5508,,"Quiroz, Isaias",657728,Right,LEX_LEG,ada0e241-7455-49aa-bfe3-2ec903369501,55.0466,-134.06302,15.26517,5.33183,-2.71255,-10.61848,-1.17424,9.32157,-8.84399,,,,,,,,,,,,,,,,,,,,,,,,,,,,,,,,,,,,,,,,,,,,,,,,,,,High,High,High,,,,,
208,2025-08-27,19:41:25.18,1,2,"Zeldin, Brian",823227,Right,LEX_LEG,"Olmeda, Alexis",663406,Right,GAS,Undefined,6,Top,0,1,0,Undefined,Sinker,BallCalled,Undefined,Undefined,Undefined,0,0,,91.16551,0.377143,-3.47855,2284.931541,237.258645,2:00,5.29289,0.99194,5.67658,-22.38529,11.79245,16.54324,3.77971,-0.87639,82.58164,-3.819643,-0.528164,0.420768,,,,,,,,,,,,-9.38367,6.20898,-0.70868,50,5.31085,7.28125,-132.10203,0.10528,-16.47683,29.80483,-21.27169,LEX_LEG,GAS,WildHealthField,Independent,ATL,20250827-WildHealthField-1,b9ec8cf0-83a7-11f0-af3f-87f56c6d82ca,89.58005,,,8.58387,,,,,,,c1155f88-51df-438a-a1d8-1ae778e78cfd,2025-08-28,00:41:25.18,2025-08-27T19:41:25.1822080-05:00,2025-08-28T00:41:25.1822080Z,,v3,495,5508,,"Quiroz, Isaias",657728,Right,LEX_LEG,f8498ffc-b432-4d61-8370-47edbf21f109,54.82274,-133.18569,14.90242,5.29296,0.87869,-10.63584,-0.9843,7.88033,-8.23842,,,,,,,,,,,,,,,,,,,,,,,,,,,,,,,,,,,,,,,,,,,,,,,,,,,High,High,High,,,,,
209,2025-08-27,19:41:42.50,1,3,"Zeldin, Brian",823227,Right,LEX_LEG,"Olmeda, Alexis",663406,Right,GAS,Undefined,6,Top,0,2,0,Undefined,Curveball,StrikeSwinging,Undefined,Undefined,Undefined,0,0,,81.17167,1.190123,-0.685222,2436.496614,46.128113,7:30,5.03468,1.47924,4.87702,-49.31152,-5.32969,-6.94414,2.05175,0.25216,74.61636,-7.692176,-1.909752,0.477318,,,,,,,,,,,,3.26213,-2.62898,-1.40561,50,5.10934,1.70385,-117.81204,0.57571,4.58754,22.25561,-35.87119,LEX_LEG,GAS,WildHealthField,Independent,ATL,20250827-WildHealthField-1,c45aafa0-83a7-11f0-af3f-87f56c6d82ca,78.9671,,,6.55531,,,,,,,c1155f88-51df-438a-a1d8-1ae778e78cfd,2025-08-28,00:41:42.50,2025-08-27T19:41:42.5025024-05:00,2025-08-28T00:41:42.5025024Z,,v3,495,5508,,"Quiroz, Isaias",657728,Right,LEX_LEG,7d696de2-f7e1-4fa2-b84b-979931a71de3,55.62618,-118.87012,11.12781,5.04143,2.2811,-17.93559,-1.48143,1.48575,2.29377,,,,,,,,,,,,,,,,,,,,,,,,,,,,,,,,,,,,,,,,,,,,,,,,,,,High,High,High,,,,,
210,2025-08-27,19:42:00.22,1,4,"Zeldin, Brian",823227,Right,LEX_LEG,"Olmeda, Alexis",663406,Right,GAS,Undefined,6,Top,0,2,1,Undefined,Sinker,InPlay,Undefined,GroundBall,Single,0,0,,92.48009,-1.304291,-3.047819,2200.933208,244.237412,2:15,5.23854,1.31091,5.38995,-23.31958,10.1415,18.72001,2.07082,0.01157,84.22464,-5.62426,0.277858,0.416334,110.30804,2.734938,19.987212,1857.571207,,,,86.04871,84.06958,21.584102,0.580675,-10.29442,5.7965,-1.05212,50,5.10563,6.26608,-134.04437,-3.92349,-18.66611,29.89751,-21.66368,LEX_LEG,GAS,WildHealthField,Independent,ATL,20250827-WildHealthField-1,cee72fc0-83a7-11f0-af3f-87f56c6d82ca,90.53424,2.85153,,8.25545,,,,0.54997,2.13482,-0.1265,c1155f88-51df-438a-a1d8-1ae778e78cfd,2025-08-28,00:42:00.22,2025-08-27T19:42:00.2256384-05:00,2025-08-28T00:42:00.2256384Z,GroundBall,v3,495,5508,,"Quiroz, Isaias",657728,Right,LEX_LEG,32100b2f-9287-4c6c-9e5d-4d10dc227ee5,55.11111,-135.17955,14.94875,5.23898,-3.10094,-10.83184,-1.30349,6.97481,-9.33305,290.329711,0.59383,150.84541,-24.35448,,,,,,,2.15832,7.17157,-18.81601,,,,,,,-0.13376,55.40943,-1.12774,,,,,,,,,,,,,,,,,,,,,,,,,,,,,High,High,High,High,High,,,
211,2025-08-27,19:42:34.95,2,1,"Zeldin, Brian",823227,Right,LEX_LEG,"Skender, Ethan",663690,Right,GAS,Undefined,6,Top,0,0,0,Undefined,Slider,InPlay,Undefined,LineDrive,Single,0,0,,84.21543,0.124412,-1.730147,2351.307609,104.276638,9:30,4.96337,1.42338,4.96901,-36.86069,3.7563,-10.02477,2.00922,-1.04684,77.58041,-6.553613,-3.497933,0.458696,68.59891,19.19028,-15.259829,1690.183744,105.90173,21.64786,-29.74484,192.70601,191.89481,-16.974285,2.527569,4.56528,2.13134,-1.24723,50,4.94497,4.12287,-122.24182,-1.12535,6.93428,23.23574,-28.9367,LEX_LEG,GAS,WildHealthField,Independent,ATL,20250827-WildHealthField-1,e3a05cc0-83a7-11f0-af3f-87f56c6d82ca,82.173,21.75847,,6.63503,,,,3.38024,2.25384,0.92922,c1155f88-51df-438a-a1d8-1ae778e78cfd,2025-08-28,00:42:34.95,2025-08-27T19:42:34.9532160-05:00,2025-08-28T00:42:34.9532160Z,LineDrive,v3,495,5508,,"Quiroz, Isaias",657728,Right,LEX_LEG,dd9cd365-d0e2-4075-8745-7b44ed636dd0,55.53381,-123.2892,11.61787,4.9663,0.179,-14.46835,-1.42603,3.8103,3.46714,158.586609,3.38022,91.67063,-12.31107,2.56401,-0.42018,0.01872,0.01596,-0.00574,0.00079,2.25384,33.07323,-14.54783,0.55143,-0.20095,0.15354,-0.07025,0.01922,-0.00228,0.92924,-25.01094,1.02409,-0.01522,0.05504,-0.06588,0.02801,-0.00575,0.00046,,,,,,,,,,,,,,,,,,,,,,,High,High,High,High,High,,,
212,2025-08-27,19:43:37.23,3,1,"Zeldin, Brian",823227,Right,LEX_LEG,"Wylie, Justin",687045,Right,GAS,Undefined,6,Top,0,0,0,Undefined,Slider,InPlay,Undefined,Bunt,Sacrifice,1,0,,84.1426,0.651147,-0.722141,2371.197139,95.629791,9:15,5.11164,1.82395,4.86157,-38.37223,2.28768,-11.4567,2.53034,0.18569,77.7384,-6.2801,-2.740106,0.458938,30.98226,-31.387041,-29.611505,,,,,5.58564,5.56398,-24.244441,0.106641,5.51945,1.26784,-1.74235,50,5.1429,2.04095,-122.21367,-0.09251,8.41747,22.20533,-30.24051,LEX_LEG,GAS,WildHealthField,Independent,ATL,20250827-WildHealthField-1,08bb4380-83a8-11f0-af3f-87f56c6d82ca,82.12962,2.66397,,6.4042,,,,1.50406,2.66397,-0.29134,c1155f88-51df-438a-a1d8-1ae778e78cfd,2025-08-28,00:43:37.23,2025-08-27T19:43:37.2327936-05:00,2025-08-28T00:43:37.2327936Z,GroundBall,v3,495,5508,,"Quiroz, Isaias",657728,Right,LEX_LEG,b076c060-97f8-4c96-a9eb-3113963d55b7,55.64151,-123.23442,11.10266,5.1152,1.29762,-15.12026,-1.82728,1.65401,4.20873,225.972536,1.50408,33.72294,-0.64764,,,,,,,2.66403,-23.67274,-12.27378,,,,,,,-0.29134,-19.16788,3.67499,,,,,,,,,,,,,,,,,,,,,,,,,,,,,High,High,High,Medium,Medium,,,
213,2025-08-27,19:44:27.21,4,1,"Zeldin, Brian",823227,Right,LEX_LEG,"Roederer, Cole",680711,Left,GAS,Undefined,6,Top,1,0,0,Undefined,Slider,StrikeSwinging,Undefined,Undefined,Undefined,0,0,,84.9884,-0.405072,-1.847003,2466.494036,41.216868,7:15,5.05489,2.01655,5.14974,-45.33849,-5.4763,-5.89189,0.89511,-0.21394,78.09672,-8.590872,-2.891379,0.454414,,,,,,,,,,,,2.44106,-2.34977,-1.8389,50,4.9815,4.22816,-123.33065,-2.60427,3.74722,25.29344,-35.78107,LEX_LEG,GAS,WildHealthField,Independent,ATL,20250827-WildHealthField-1,26891db0-83a8-11f0-af3f-87f56c6d82ca,82.94728,,,6.89168,,,,,,,c1155f88-51df-438a-a1d8-1ae778e78cfd,2025-08-28,00:44:27.21,2025-08-27T19:44:27.2113152-05:00,2025-08-28T00:44:27.2113152Z,,v3,495,5508,,"Quiroz, Isaias",657728,Right,LEX_LEG,79118c29-8d42-42a5-abed-4f38c4bd6304,55.35352,-124.42374,12.64672,5.06063,-1.05794,-17.89054,-2.01812,4.06622,1.87361,,,,,,,,,,,,,,,,,,,,,,,,,,,,,,,,,,,,,,,,,,,,,,,,,,,High,High,High,,,,,
214,2025-08-27,19:44:46.99,4,2,"Zeldin, Brian",823227,Right,LEX_LEG,"Roederer, Cole",680711,Left,GAS,Undefined,6,Top,1,0,1,Undefined,Curveball,InPlay,Undefined,LineDrive,Single,0,2,,84.1955,1.241352,-1.301444,2551.119346,32.473807,7:00,5.35337,1.59504,4.88516,-49.58955,-8.40445,-6.20811,2.39582,-0.15379,76.82921,-7.693878,-2.396036,0.461893,100.013,11.911204,15.587307,1030.532216,105.22094,15.16717,32.06919,219.29538,219.29538,18.38477,1.899013,2.68835,-4.17421,-1.46171,50,5.43286,3.04956,-122.07972,0.67584,4.02796,25.64436,-38.42826,LEX_LEG,GAS,WildHealthField,Independent,ATL,20250827-WildHealthField-1,32585700-83a8-11f0-af3f-87f56c6d82ca,81.60425,15.18483,,7.36629,,,,1.1762,2.4004,0.19164,c1155f88-51df-438a-a1d8-1ae778e78cfd,2025-08-28,00:44:46.99,2025-08-27T19:44:46.9910528-05:00,2025-08-28T00:44:46.9910528Z,LineDrive,v3,495,5508,,"Quiroz, Isaias",657728,Right,LEX_LEG,ab276455-f4e3-4360-8fa8-060160935f20,55.61732,-123.25406,12.82218,5.36162,2.43559,-19.21413,-1.59714,2.86511,2.01398,257.949228,1.1762,138.24852,-20.1014,3.51544,-0.76102,0.15072,-0.02877,0.00437,-0.00034,2.4004,30.27522,-19.40078,2.01984,-0.42247,0.09559,-0.01754,0.00258,-0.00021,0.19164,38.56668,-0.50177,-0.6107,0.21009,-0.05866,0.01265,-0.00199,0.00016,,,,,,,,,,,,,,,,,,,,,,,High,High,High,High,High,,,
215,2025-08-27,19:48:18.97,5,1,"Lambert, Carson",681434,Right,LEX_LEG,"Aldrete, Carter",666177,Right,GAS,Undefined,6,Top,1,0,0,Undefined,Slider,BallCalled,Undefined,Undefined,Undefined,0,0,,83.76844,-1.203752,-2.238525,1937.421716,78.244473,8:30,5.86521,1.26365,5.27692,-40.72549,0.89098,-3.18028,1.33977,-1.10497,75.63123,-8.636429,-2.803265,0.464306,,,,,,,,,,,,0.83173,1.29508,-1.05672,50,5.72554,4.87573,-121.2325,-4.03595,1.21169,28.36969,-30.28737,LEX_LEG,GAS,WildHealthField,Independent,ATL,20250827-WildHealthField-1,b0adcd10-83a8-11f0-af3f-87f56c6d82ca,81.1802,,,8.13721,,,,,,,c1155f88-51df-438a-a1d8-1ae778e78cfd,2025-08-28,00:48:18.97,2025-08-27T19:48:18.9791232-05:00,2025-08-28T00:48:18.9791232Z,,v3,495,5508,,"Quiroz, Isaias",657728,Right,LEX_LEG,47397325-1334-4bec-b626-87c4b34724a3,55.22135,-122.44826,14.18484,5.87069,-2.73801,-15.14368,-1.26455,4.8238,0.60585,,,,,,,,,,,,,,,,,,,,,,,,,,,,,,,,,,,,,,,,,,,,,,,,,,,High,High,High,,,,,
216,2025-08-27,19:48:36.67,5,2,"Lambert, Carson",681434,Right,LEX_LEG,"Aldrete, Carter",666177,Right,GAS,Undefined,6,Top,1,1,0,Undefined,Four-Seam,BallCalled,Undefined,Undefined,Undefined,0,0,,92.43017,-0.243901,-1.27002,2215.987133,205.060431,12:45,5.97511,1.29971,5.7089,-13.71391,19.66513,8.63437,4.60498,0.83576,83.12569,-2.906383,0.273784,0.415823,,,,,,,,,,,,-4.74823,10.37158,-1.19855,50,5.94631,2.56859,-133.99519,-0.94137,-8.50958,32.80935,-13.5866,LEX_LEG,GAS,WildHealthField,Independent,ATL,20250827-WildHealthField-1,bb1cb310-83a8-11f0-af3f-87f56c6d82ca,90.64546,,,9.30448,,,,,,,c1155f88-51df-438a-a1d8-1ae778e78cfd,2025-08-28,00:48:36.67,2025-08-27T19:48:36.6799872-05:00,2025-08-28T00:48:36.6799872Z,,v3,495,5508,,"Quiroz, Isaias",657728,Right,LEX_LEG,ef6bd514-757d-436a-a1b5-663f0f5300df,54.78728,-135.1623,16.40468,5.9712,-0.45806,-6.7933,-1.2953,2.87129,-4.25479,,,,,,,,,,,,,,,,,,,,,,,,,,,,,,,,,,,,,,,,,,,,,,,,,,,High,High,High,,,,,
217,2025-08-27,19:48:57.27,5,3,"Lambert, Carson",681434,Right,LEX_LEG,"Aldrete, Carter",666177,Right,GAS,Undefined,6,Top,1,2,0,Undefined,Four-Seam,FoulBallNotFieldable,Undefined,Undefined,Undefined,0,0,,91.36345,-1.024821,-1.952492,2136.51967,214.723957,1:15,5.80971,1.2251,5.73211,-17.45347,16.58391,10.66544,3.40018,0.29482,82.55817,-4.347852,-0.044997,0.419903,81.8369,63.234381,125.975594,5314.336804,,,,,34.23008,,,-6.02264,9.09717,-1.06891,50,5.71373,4.03915,-132.47347,-2.91134,-10.58365,31.23195,-16.18743,LEX_LEG,GAS,WildHealthField,Independent,ATL,20250827-WildHealthField-1,c780b250-83a8-11f0-af3f-87f56c6d82ca,89.76455,61.23005,,8.80528,,,,0.38174,3.32999,-0.29441,c1155f88-51df-438a-a1d8-1ae778e78cfd,2025-08-28,00:48:57.27,2025-08-27T19:48:57.2782592-05:00,2025-08-28T00:48:57.2782592Z,,v3,495,5508,,"Quiroz, Isaias",657728,Right,LEX_LEG,0c0560a2-3e9e-4653-a97f-1e5775135326,54.76639,-133.59247,15.61597,5.80764,-2.33136,-8.09371,-1.22042,4.41835,-5.29182,334.221727,0.38174,-31.75261,-6.8365,3.76261,-0.81382,-0.93591,1.9418,-1.67871,0.58383,3.32999,107.16713,-34.21721,5.02198,-0.88365,-0.01379,0.22829,-0.20484,0.07119,-0.29441,43.74389,-10.48753,3.52075,-0.65638,-0.61647,1.28313,-1.10632,0.38433,,,,,,,,,,,,,,,,,,,,,,,High,High,High,High,Undefined,,,
218,2025-08-27,19:49:21.76,5,4,"Lambert, Carson",681434,Right,LEX_LEG,"Aldrete, Carter",666177,Right,GAS,Undefined,6,Top,1,2,1,Undefined,Slider,InPlay,Undefined,GroundBall,Out,2,0,,82.52485,0.412598,-1.332745,2030.180155,26.653277,7:00,5.76374,1.35443,5.47061,-44.77451,-2.78642,-2.10256,2.41878,-0.06828,75.24016,-7.767048,-1.70758,0.466374,87.19554,-23.602954,-10.037775,,,,,6.56552,6.21403,-7.61884,0.04736,0.6589,-1.15366,-1.23573,50,5.7693,2.87175,-119.74296,-0.72575,0.94794,25.08446,-33.83381,LEX_LEG,GAS,WildHealthField,Independent,ATL,20250827-WildHealthField-1,d61aa460-83a8-11f0-af3f-87f56c6d82ca,80.82015,2.43043,,7.28469,,,,1.03045,2.43043,0.09902,c1155f88-51df-438a-a1d8-1ae778e78cfd,2025-08-28,00:49:21.76,2025-08-27T19:49:21.7624064-05:00,2025-08-28T00:49:21.7624064Z,GroundBall,v3,495,5508,,"Quiroz, Isaias",657728,Right,LEX_LEG,ff3b2686-8147-4d64-83c6-6c7e13620a79,55.03058,-120.7922,12.54223,5.77006,0.68946,-16.9169,-1.35501,2.8321,0.47397,,1.0285,115.64961,,,,,,,,2.4313,-51.31871,,,,,,,,0.09936,-20.47077,,,,,,,,,,,,,,,,,,,,,,,,,,,,,,High,High,High,Low,Low,,,
219,2025-08-27,19:52:03.39,1,1,"Underwood, Duane",621249,Right,GAS,"Dixon, Brenden",686981,Right,LEX_LEG,Undefined,6,Bottom,0,0,0,Undefined,Sinker,StrikeCalled,Undefined,Undefined,Undefined,0,0,,91.61891,-2.082327,-3.769435,2058.702854,239.044156,2:00,6.48745,2.23369,6.16781,-22.27289,11.20225,16.66206,2.70292,0.13535,82.76055,-6.288324,-0.769214,0.416421,,,,,,,,,,,,-9.73256,6.80382,-1.9556,50,6.31802,8.01864,-132.65356,-5.53752,-17.11522,31.84282,-20.20915,LEX_LEG,GAS,WildHealthField,Independent,ATL,20250827-WildHealthField-1,366bc6f0-83a9-11f0-af3f-87f56c6d82ca,90.51525,,,8.85836,,,,,,,c1155f88-51df-438a-a1d8-1ae778e78cfd,2025-08-28,00:52:03.39,2025-08-27T19:52:03.3920000-05:00,2025-08-28T00:52:03.3920000Z,,v3,495,5508,,"Olmeda, Alexis",663406,Right,GAS,d67cff12-75ab-4629-ba82-86178d6f1949,54.33049,-133.68903,15.92141,6.48741,-4.88036,-10.10458,-2.2254,8.57519,-8.55761,,,,,,,,,,,,,,,,,,,,,,,,,,,,,,,,,,,,,,,,,,,,,,,,,,,High,High,High,,,,,
220,2025-08-27,19:52:17.83,1,2,"Underwood, Duane",621249,Right,GAS,"Dixon, Brenden",686981,Right,LEX_LEG,Undefined,6,Bottom,0,0,1,Undefined,Four-Seam,BallCalled,Undefined,Undefined,Undefined,0,0,,92.05599,-4.491634,-4.311596,2154.190302,218.778393,1:15,6.48983,2.4254,5.91959,-18.10111,15.35804,11.40461,0.79262,-0.63307,83.80364,-7.89772,-2.270677,0.416322,,,,,,,,,,,,-7.0667,9.52646,-2.08568,50,6.11805,9.51347,-132.89261,-11.03022,-12.56806,29.93784,-15.23128,LEX_LEG,GAS,WildHealthField,Independent,ATL,20250827-WildHealthField-1,3eed82f0-83a9-11f0-af3f-87f56c6d82ca,90.53685,,,8.25236,,,,,,,c1155f88-51df-438a-a1d8-1ae778e78cfd,2025-08-28,00:52:17.83,2025-08-27T19:52:17.8398208-05:00,2025-08-28T00:52:17.8398208Z,,v3,495,5508,,"Olmeda, Alexis",663406,Right,GAS,55301003-b3c4-4271-8cfd-11380c6249dc,54.5788,-133.92014,14.96892,6.48766,-10.50744,-7.61564,-2.41961,9.94483,-6.28403,,,,,,,,,,,,,,,,,,,,,,,,,,,,,,,,,,,,,,,,,,,,,,,,,,,High,High,High,,,,,
221,2025-08-27,19:52:36.00,1,3,"Underwood, Duane",621249,Right,GAS,"Dixon, Brenden",686981,Right,LEX_LEG,Undefined,6,Bottom,0,1,1,Undefined,Curveball,StrikeSwinging,Undefined,Undefined,Undefined,0,0,,78.74591,-0.164762,-1.319053,2466.373189,33.328885,7:00,6.57529,2.42993,5.46662,-58.48787,-12.11859,-9.01414,1.54705,0.44398,71.99601,-10.760696,-2.92994,0.490102,,,,,,,,,,,,4.13406,-5.63551,-2.30745,50,6.5206,2.983,-114.25862,-2.35445,5.3782,24.17458,-39.50554,LEX_LEG,GAS,WildHealthField,Independent,ATL,20250827-WildHealthField-1,49e6f5b0-83a9-11f0-af3f-87f56c6d82ca,76.90732,,,6.74989,,,,,,,c1155f88-51df-438a-a1d8-1ae778e78cfd,2025-08-28,00:52:36.00,2025-08-27T19:52:36.0057856-05:00,2025-08-28T00:52:36.0057856Z,,v3,495,5508,,"Olmeda, Alexis",663406,Right,GAS,9a1fd7e0-3c79-4e3e-a068-df97b89eb89a,55.03652,-115.31931,12.08729,6.58588,-0.62109,-19.75277,-2.43315,2.74702,2.6891,,,,,,,,,,,,,,,,,,,,,,,,,,,,,,,,,,,,,,,,,,,,,,,,,,,High,High,High,,,,,
222,2025-08-27,19:53:03.87,1,4,"Underwood, Duane",621249,Right,GAS,"Dixon, Brenden",686981,Right,LEX_LEG,Undefined,6,Bottom,0,1,2,Undefined,Sinker,BallCalled,Undefined,Undefined,Undefined,0,0,,88.86246,-3.383692,-4.849306,2044.262385,236.15065,1:45,6.4927,2.02601,6.35572,-24.47891,11.49725,14.96489,1.32356,-1.20099,79.40605,-8.022817,-2.150083,0.431697,,,,,,,,,,,,-9.41961,7.61453,-1.67975,50,6.2351,10.25016,-128.19308,-8.32966,-15.25773,33.06965,-19.84011,LEX_LEG,GAS,WildHealthField,Independent,ATL,20250827-WildHealthField-1,5a649be0-83a9-11f0-af3f-87f56c6d82ca,87.31233,,,9.4564,,,,,,,c1155f88-51df-438a-a1d8-1ae778e78cfd,2025-08-28,00:53:03.87,2025-08-27T19:53:03.8745088-05:00,2025-08-28T00:53:03.8745088Z,,v3,495,5508,,"Olmeda, Alexis",663406,Right,GAS,a1e7ea17-ced6-42ff-a1dc-87c1cf7ad72c,54.13964,-129.25656,16.53483,6.49271,-7.69162,-9.92006,-2.01727,10.74083,-7.62887,,,,,,,,,,,,,,,,,,,,,,,,,,,,,,,,,,,,,,,,,,,,,,,,,,,High,High,High,,,,,
223,2025-08-27,19:53:19.88,1,5,"Underwood, Duane",621249,Right,GAS,"Dixon, Brenden",686981,Right,LEX_LEG,Undefined,6,Bottom,0,2,2,Undefined,Four-Seam,BallCalled,Undefined,Undefined,Undefined,0,0,,93.67513,-4.362888,-4.192858,2181.044596,215.256443,1:15,6.4768,2.24562,6.38975,-13.28757,18.77288,12.40347,1.33786,-0.58434,84.22161,-6.957816,-1.953994,0.407527,,,,,,,,,,,,-7.86693,11.59489,-1.94913,50,6.1555,9.39763,-135.26683,-10.66832,-14.3083,34.55369,-11.08543,LEX_LEG,GAS,WildHealthField,Independent,ATL,20250827-WildHealthField-1,6405d1a0-83a9-11f0-af3f-87f56c6d82ca,92.49068,,,9.45351,,,,,,,c1155f88-51df-438a-a1d8-1ae778e78cfd,2025-08-28,00:53:19.88,2025-08-27T19:53:19.8835200-05:00,2025-08-28T00:53:19.8835200Z,,v3,495,5508,,"Olmeda, Alexis",663406,Right,GAS,21c9dd89-3506-4e1f-b2d5-f0b61ab47d5b,54.10922,-136.31248,17.27684,6.47326,-10.33285,-5.54272,-2.24007,9.83062,-7.15415,,,,,,,,,,,,,,,,,,,,,,,,,,,,,,,,,,,,,,,,,,,,,,,,,,,High,High,High,,,,,
224,2025-08-27,19:53:36.79,1,6,"Underwood, Duane",621249,Right,GAS,"Dixon, Brenden",686981,Right,LEX_LEG,Undefined,6,Bottom,0,3,2,Undefined,Four-Seam,FoulBallNotFieldable,Undefined,Undefined,Undefined,0,0,,93.09475,-3.626823,-3.588918,2234.501619,200.253638,12:45,6.4914,2.12795,6.45049,-15.50021,16.61973,5.70662,1.85652,-0.69818,84.2409,-6.609884,-2.556794,0.407905,,,,,,,,,,,,-4.13079,10.18753,-1.87589,50,6.22664,8.21779,-134.71941,-8.96648,-7.49218,32.84497,-13.69657,LEX_LEG,GAS,WildHealthField,Independent,ATL,20250827-WildHealthField-1,6e0f8d30-83a9-11f0-af3f-87f56c6d82ca,92.40501,,,8.85385,,,,,,,c1155f88-51df-438a-a1d8-1ae778e78cfd,2025-08-28,00:53:36.79,2025-08-27T19:53:36.7948288-05:00,2025-08-28T00:53:36.7948288Z,,v3,495,5508,,"Olmeda, Alexis",663406,Right,GAS,c46df1fb-552d-43db-9b45-45b700f29242,54.04906,-135.70299,16.42249,6.48901,-8.55632,-6.84828,-2.12534,8.44216,-3.74609,,,,,,,,,,,,,,,,,,,,,,,,,,,,,,,,,,,,,,,,,,,,,,,,,,,High,High,High,,,,,
225,2025-08-27,19:54:00.43,1,7,"Underwood, Duane",621249,Right,GAS,"Dixon, Brenden",686981,Right,LEX_LEG,Undefined,6,Bottom,0,3,2,Undefined,Four-Seam,BallCalled,Walk,Undefined,Undefined,0,0,,93.39987,-3.362696,-4.175701,2237.83492,202.750274,12:45,6.35528,2.04293,6.52041,-15.53623,16.25836,6.34615,1.96342,-1.2664,84.62209,-6.353295,-3.027816,0.405834,,,,,,,,,,,,-4.58685,9.8704,-1.75413,50,6.11328,9.59881,-135.10819,-8.36187,-8.39045,32.28911,-14.11867,LEX_LEG,GAS,WildHealthField,Independent,ATL,20250827-WildHealthField-1,7c2c11e0-83a9-11f0-af3f-87f56c6d82ca,92.87658,,,8.77778,,,,,,,c1155f88-51df-438a-a1d8-1ae778e78cfd,2025-08-28,00:54:00.43,2025-08-27T19:54:00.4324864-05:00,2025-08-28T00:54:00.4324864Z,,v3,495,5508,,"Olmeda, Alexis",663406,Right,GAS,873819ae-17f8-42f6-8a02-c8e6317d5cb0,53.97729,-136.05539,16.14455,6.35251,-7.9477,-7.05934,-2.03932,9.84495,-4.19523,,,,,,,,,,,,,,,,,,,,,,,,,,,,,,,,,,,,,,,,,,,,,,,,,,,High,High,High,,,,,
226,2025-08-27,19:54:33.12,2,1,"Underwood, Duane",621249,Right,GAS,"Fuentes, Brian",1000059283,Right,LEX_LEG,Undefined,6,Bottom,0,0,0,Undefined,Four-Seam,BallCalled,Undefined,Undefined,Undefined,0,0,,91.46336,-3.643932,-4.49267,2072.671095,218.920535,1:15,6.37229,2.40805,6.23812,-19.0747,14.50839,10.74268,1.40641,-0.84959,82.86765,-7.261367,-2.559711,0.417092,,,,,,,,,,,,-6.93965,9.00312,-2.07752,50,6.09004,9.93216,-132.16028,-9.00199,-12.13913,31.05061,-16.4254,LEX_LEG,GAS,WildHealthField,Independent,ATL,20250827-WildHealthField-1,8fab8660-83a9-11f0-af3f-87f56c6d82ca,90.36962,,,8.5957,,,,,,,c1155f88-51df-438a-a1d8-1ae778e78cfd,2025-08-28,00:54:33.12,2025-08-27T19:54:33.1258368-05:00,2025-08-28T00:54:33.1258368Z,,v3,495,5508,,"Olmeda, Alexis",663406,Right,GAS,72fc2cdb-048c-4930-88b4-57593e8ba02f,54.26037,-133.15747,15.52531,6.37067,-8.47448,-8.2127,-2.40275,10.32201,-6.06957,,,,,,,,,,,,,,,,,,,,,,,,,,,,,,,,,,,,,,,,,,,,,,,,,,,High,High,High,,,,,
227,2025-08-27,19:54:52.47,2,2,"Underwood, Duane",621249,Right,GAS,"Fuentes, Brian",1000059283,Right,LEX_LEG,Undefined,6,Bottom,0,1,0,Undefined,Sinker,InPlay,Undefined,GroundBall,FieldersChoice,1,0,,93.35058,-2.906384,-3.503427,2151.811686,227.449386,1:30,6.40487,2.41207,6.35871,-17.87906,14.19383,14.18276,2.23271,0.36551,84.21807,-6.326267,-0.940127,0.407606,65.61727,-41.12429,-9.426714,,,,,3.49818,2.34956,-12.674925,0.034653,-8.49721,8.66611,-2.16421,50,6.18539,7.67535,-135.15086,-7.38936,-15.48016,33.58676,-16.3862,LEX_LEG,GAS,WildHealthField,Independent,ATL,20250827-WildHealthField-1,9b352b30-83a9-11f0-af3f-87f56c6d82ca,92.47275,2.20145,,9.13251,,,,0.92556,2.20145,-0.3546,c1155f88-51df-438a-a1d8-1ae778e78cfd,2025-08-28,00:54:52.47,2025-08-27T19:54:52.4778496-05:00,2025-08-28T00:54:52.4778496Z,GroundBall,v3,495,5508,,"Olmeda, Alexis",663406,Right,GAS,68ec814f-ec19-4ab7-859b-074837a10561,54.14018,-136.17586,16.79338,6.40326,-6.88929,-8.1931,-2.40566,8.14777,-7.74008,,0.92409,71.77951,,,,,,,,2.20275,-63.52876,,,,,,,,-0.35435,-11.91741,,,,,,,,,,,,,,,,,,,,,,,,,,,,,,High,High,High,Low,Low,,,
228,2025-08-27,19:55:25.31,3,1,"Underwood, Duane",621249,Right,GAS,"Quiroz, Isaias",657728,Right,LEX_LEG,Undefined,6,Bottom,1,0,0,Undefined,Curveball,StrikeCalled,Undefined,Undefined,Undefined,0,0,,80.50486,0.156254,-2.133258,2267.072594,37.678682,7:15,6.44683,2.23068,5.75857,-52.68483,-9.16686,-8.14079,2.20198,-0.43436,74.02553,-9.444375,-3.592666,0.474794,,,,,,,,,,,,3.51756,-4.29343,-2.04877,50,6.42784,4.66962,-116.90278,-1.47046,4.83768,23.30982,-38.0788,LEX_LEG,GAS,WildHealthField,Independent,ATL,20250827-WildHealthField-1,aed39960-83a9-11f0-af3f-87f56c6d82ca,79.38685,,,6.47933,,,,,,,c1155f88-51df-438a-a1d8-1ae778e78cfd,2025-08-28,00:55:25.31,2025-08-27T19:55:25.3194752-05:00,2025-08-28T00:55:25.3194752Z,,v3,495,5508,,"Olmeda, Alexis",663406,Right,GAS,2d05d272-a9f8-4cba-b750-dd6c48859196,54.74443,-117.84499,11.65491,6.45617,0.06875,-19.0394,-2.23357,4.47407,2.41884,,,,,,,,,,,,,,,,,,,,,,,,,,,,,,,,,,,,,,,,,,,,,,,,,,,High,High,High,,,,,
229,2025-08-27,19:55:41.26,3,2,"Underwood, Duane",621249,Right,GAS,"Quiroz, Isaias",657728,Right,LEX_LEG,Undefined,6,Bottom,1,0,1,Undefined,Curveball,StrikeSwinging,Undefined,Undefined,Undefined,0,0,,81.90179,-0.867805,-1.04724,2368.207384,35.089875,7:15,6.56158,2.36061,5.7036,-51.277,-8.99587,-7.29902,1.47969,0.77643,75.10863,-10.198228,-2.357306,0.467999,,,,,,,,,,,,3.40953,-3.94984,-2.26811,50,6.4567,2.45957,-118.92083,-3.57491,4.82964,25.11361,-37.76905,LEX_LEG,GAS,WildHealthField,Independent,ATL,20250827-WildHealthField-1,b84a8ad0-83a9-11f0-af3f-87f56c6d82ca,80.53962,,,6.79316,,,,,,,c1155f88-51df-438a-a1d8-1ae778e78cfd,2025-08-28,00:55:41.26,2025-08-27T19:55:41.2644352-05:00,2025-08-28T00:55:41.2644352Z,,v3,495,5508,,"Olmeda, Alexis",663406,Right,GAS,ac981680-97d0-4a55-acc2-9a92748ced04,54.79928,-119.93005,12.5568,6.56987,-2.05711,-18.88452,-2.36305,2.26549,2.41482,,,,,,,,,,,,,,,,,,,,,,,,,,,,,,,,,,,,,,,,,,,,,,,,,,,High,High,High,,,,,
230,2025-08-27,19:55:58.74,3,3,"Underwood, Duane",621249,Right,GAS,"Quiroz, Isaias",657728,Right,LEX_LEG,Undefined,6,Bottom,1,0,2,Undefined,Four-Seam,StrikeSwinging,Strikeout,Undefined,Undefined,0,0,,93.59065,-1.959365,-2.920295,2146.121152,199.705172,12:45,6.6048,2.0034,6.55347,-15.56288,15.74402,5.26646,3.50818,-0.23786,85.16358,-4.955914,-1.964991,0.402709,,,,,,,,,,,,-3.59941,9.13205,-1.80357,50,6.46234,6.70929,-135.79782,-5.06008,-6.6874,31.13907,-15.20737,LEX_LEG,GAS,WildHealthField,Independent,ATL,20250827-WildHealthField-1,c2b419a0-83a9-11f0-af3f-87f56c6d82ca,93.59717,,,8.42707,,,,,,,c1155f88-51df-438a-a1d8-1ae778e78cfd,2025-08-28,00:55:58.74,2025-08-27T19:55:58.7452928-05:00,2025-08-28T00:55:58.7452928Z,,v3,495,5508,,"Olmeda, Alexis",663406,Right,GAS,201768c3-47cf-41fa-9efe-145449d6c083,53.94502,-136.69943,15.56953,6.60247,-4.61976,-7.60368,-2.00064,6.90293,-3.3437,,,,,,,,,,,,,,,,,,,,,,,,,,,,,,,,,,,,,,,,,,,,,,,,,,,High,High,High,,,,,
231,2025-08-27,19:56:23.13,4,1,"Underwood, Duane",621249,Right,GAS,"McCarthy, Ryan",804884,Left,LEX_LEG,Undefined,6,Bottom,2,0,0,Undefined,Four-Seam,FoulBallNotFieldable,Undefined,Undefined,Undefined,0,0,,88.01378,-2.845012,-3.045073,1955.283809,213.985884,1:15,6.52948,2.31959,6.47418,-20.57229,15.15828,9.37312,2.19657,0.30161,79.88482,-6.764365,-1.346403,0.430221,,,,,,,,,,,,-5.88107,9.19591,-2.10901,50,6.31954,6.43072,-127.57424,-6.90842,-9.58525,28.94731,-17.18607,LEX_LEG,GAS,WildHealthField,Independent,ATL,20250827-WildHealthField-1,d13b9520-83a9-11f0-af3f-87f56c6d82ca,87.61186,,,8.12896,,,,,,,c1155f88-51df-438a-a1d8-1ae778e78cfd,2025-08-28,00:56:23.13,2025-08-27T19:56:23.1398912-05:00,2025-08-28T00:56:23.1398912Z,,v3,495,5508,,"Olmeda, Alexis",663406,Right,GAS,3ff033c5-4995-42b6-a1b3-04506bf2bd5f,54.02607,-128.48453,14.47366,6.52829,-6.36798,-8.59304,-2.31597,6.73214,-4.79262,,,,,,,,,,,,,,,,,,,,,,,,,,,,,,,,,,,,,,,,,,,,,,,,,,,High,High,High,,,,,
232,2025-08-27,19:56:47.35,4,2,"Underwood, Duane",621249,Right,GAS,"McCarthy, Ryan",804884,Left,LEX_LEG,Undefined,6,Bottom,2,0,1,Undefined,Cutter,StrikeSwinging,Undefined,Undefined,Undefined,0,0,,91.20305,-1.481582,-2.048401,2356.279246,144.34542,10:45,6.52506,2.39526,5.86894,-25.38958,8.28567,-5.18189,3.03181,0.05984,83.52503,-6.192155,-2.977479,0.417664,,,,,,,,,,,,2.06165,4.99173,-2.22639,50,6.39033,4.96136,-132.36217,-4.30912,3.65392,28.51153,-23.32717,LEX_LEG,GAS,WildHealthField,Independent,ATL,20250827-WildHealthField-1,df9067e0-83a9-11f0-af3f-87f56c6d82ca,90.24585,,,7.67802,,,,,,,c1155f88-51df-438a-a1d8-1ae778e78cfd,2025-08-28,00:56:47.35,2025-08-27T19:56:47.3533440-05:00,2025-08-28T00:56:47.3533440Z,,v3,495,5508,,"Olmeda, Alexis",663406,Right,GAS,784f2a5c-80ee-48c3-8552-da7d436c8aea,54.63011,-133.35579,14.25576,6.52634,-3.49617,-11.66359,-2.39707,4.83402,1.82696,,,,,,,,,,,,,,,,,,,,,,,,,,,,,,,,,,,,,,,,,,,,,,,,,,,High,High,High,,,,,
233,2025-08-27,19:57:06.11,4,3,"Underwood, Duane",621249,Right,GAS,"McCarthy, Ryan",804884,Left,LEX_LEG,Undefined,6,Bottom,2,0,2,Undefined,Curveball,BallCalled,Undefined,Undefined,Undefined,0,0,,81.74286,-0.957045,-0.948673,2420.547309,29.867031,7:00,6.51239,2.45757,5.62811,-54.35046,-11.71792,-7.54252,1.08995,0.94372,74.9685,-10.815133,-2.301602,0.46994,,,,,,,,,,,,3.54945,-5.28855,-2.37176,50,6.39574,2.26259,-118.67406,-3.89035,4.99771,25.39726,-39.6205,LEX_LEG,GAS,WildHealthField,Independent,ATL,20250827-WildHealthField-1,eae05f10-83a9-11f0-af3f-87f56c6d82ca,80.207,,,6.77436,,,,,,,c1155f88-51df-438a-a1d8-1ae778e78cfd,2025-08-28,00:57:06.11,2025-08-27T19:57:06.1123584-05:00,2025-08-28T00:57:06.1123584Z,,v3,495,5508,,"Olmeda, Alexis",663406,Right,GAS,448be3f8-2c34-4aed-a0df-9c41d4e65fe4,54.87528,-119.71286,12.69863,6.52173,-2.26978,-19.81025,-2.46012,2.05817,2.49886,,,,,,,,,,,,,,,,,,,,,,,,,,,,,,,,,,,,,,,,,,,,,,,,,,,High,High,High,,,,,
234,2025-08-27,19:57:27.08,4,4,"Underwood, Duane",621249,Right,GAS,"McCarthy, Ryan",804884,Left,LEX_LEG,Undefined,6,Bottom,2,1,2,Undefined,Changeup,StrikeSwinging,Strikeout,Undefined,Undefined,0,0,,87.94638,-2.785321,-3.581368,2004.41101,250.822231,2:15,6.27398,2.2294,6.41404,-28.94313,7.35162,17.13556,1.2942,0.36036,79.13618,-8.225435,-0.476981,0.433604,,,,,,,,,,,,-10.15654,5.20114,-1.98035,50,6.0615,7.28753,-127.27968,-7.08799,-16.28912,31.56223,-23.8324,LEX_LEG,GAS,WildHealthField,Independent,ATL,20250827-WildHealthField-1,f76309e0-83a9-11f0-af3f-87f56c6d82ca,86.92828,,,8.8102,,,,,,,c1155f88-51df-438a-a1d8-1ae778e78cfd,2025-08-28,00:57:27.08,2025-08-27T19:57:27.0890000-05:00,2025-08-28T00:57:27.0890000Z,,v3,495,5508,,"Olmeda, Alexis",663406,Right,GAS,30b2ecd4-b89e-4853-843b-ce3d94a3af78,54.08471,-128.28859,15.78112,6.2759,-6.32617,-11.9162,-2.22162,7.80823,-8.14456,,,,,,,,,,,,,,,,,,,,,,,,,,,,,72.57278,2.905352,1.995366,0.909985,1.52159,1.30935,-0.36124,-1.49296,5.51916,-3.32785,64.55011,6.5528,-60.24617,-1.45736,77.16304,-5.07731,5.54022,12.72247,-12.75356,-3.41214,-70.54758,8.87713,High,High,High,,,High,High,High
235,2025-08-27,19:59:54.09,1,1,"Lambert, Carson",681434,Right,LEX_LEG,"Guthrie, Dalton",656495,Right,GAS,Undefined,7,Top,0,0,0,Undefined,Slider,BallCalled,Undefined,Undefined,Undefined,0,0,,83.03185,-4.722255,-3.542455,2002.049583,146.501197,11:00,5.98822,0.87382,5.73628,-39.75128,1.89933,-0.29303,-1.74031,-2.45364,76.10145,-11.919406,-3.594948,0.464496,,,,,,,,,,,,-0.99256,2.72811,-0.5782,50,5.56835,7.43447,-119.91725,-11.2264,-1.42283,26.55206,-28.26329,LEX_LEG,GAS,WildHealthField,Independent,ATL,20250827-WildHealthField-1,4ef62ac0-83aa-11f0-af3f-87f56c6d82ca,81.14695,,,6.9304,,,,,,,c1155f88-51df-438a-a1d8-1ae778e78cfd,2025-08-28,00:59:54.09,2025-08-27T19:59:54.0929536-05:00,2025-08-28T00:59:54.0929536Z,,v3,495,5508,,"Quiroz, Isaias",657728,Right,LEX_LEG,71c1dc99-7047-4ba0-b28a-4b4e92b97885,54.76736,-120.96824,13.27603,5.99057,-10.10769,-14.13165,-0.87359,7.49079,-0.71141,,,,,,,,,,,,,,,,,,,,,,,,,,,,,,,,,,,,,,,,,,,,,,,,,,,High,High,High,,,,,
236,2025-08-27,20:00:13.66,1,2,"Lambert, Carson",681434,Right,LEX_LEG,"Guthrie, Dalton",656495,Right,GAS,Undefined,7,Top,0,1,0,Undefined,Four-Seam,InPlay,Undefined,GroundBall,Single,0,0,,91.91163,-2.656393,-1.062296,2254.143294,200.543446,12:45,6.04933,0.86992,5.75314,-12.35379,21.52155,7.58619,2.54473,0.51306,82.53737,-5.075355,0.295485,0.418903,88.76022,0.405519,-40.247073,4587.618832,,,,53.63724,50.14159,-40.07862,0.419432,-4.22894,12.2215,-0.78651,50,5.82159,2.13067,-133.11753,-6.49072,-7.44569,33.58134,-10.65615,LEX_LEG,GAS,WildHealthField,Independent,ATL,20250827-WildHealthField-1,5a9f6580-83aa-11f0-af3f-87f56c6d82ca,89.97901,2.90913,,9.37427,,,,2.77755,2.89895,-0.50092,c1155f88-51df-438a-a1d8-1ae778e78cfd,2025-08-28,01:00:13.66,2025-08-27T20:00:13.6607232-05:00,2025-08-28T01:00:13.6607232Z,GroundBall,v3,495,5508,,"Quiroz, Isaias",657728,Right,LEX_LEG,13d59481-6aba-430e-a54b-f01584032807,54.74521,-134.30926,16.79067,6.04523,-6.11255,-5.32808,-0.86681,2.3949,-3.72284,,2.79004,98.96089,-18.57648,,,,,,,2.9069,0.66716,-18.15726,,,,,,,-0.50239,-84.05995,6.97778,,,,,,,,,,,,,,,,,,,,,,,,,,,,,High,High,High,Medium,High,,,
237,2025-08-27,20:01:04.00,2,1,"Lambert, Carson",681434,Right,LEX_LEG,"De La Rosa, Eric",680763,Right,GAS,Undefined,7,Top,0,0,0,Undefined,Four-Seam,StrikeCalled,Undefined,Undefined,Undefined,0,0,,92.30486,-2.983317,-2.133966,2280.681788,206.444899,1:00,5.92741,1.10995,5.85977,-12.18103,21.05119,9.88422,2.13617,-0.04989,83.52866,-5.356382,-0.362572,0.414907,,,,,,,,,,,,-5.68618,11.99997,-0.94245,50,5.67795,4.54048,-133.70424,-7.27694,-10.19163,31.48443,-10.66597,LEX_LEG,GAS,WildHealthField,Independent,ATL,20250827-WildHealthField-1,78a47c50-83aa-11f0-af3f-87f56c6d82ca,90.84547,,,8.77621,,,,,,,c1155f88-51df-438a-a1d8-1ae778e78cfd,2025-08-28,01:01:04.00,2025-08-27T20:01:04.0094208-05:00,2025-08-28T01:01:04.0094208Z,,v3,495,5508,,"Quiroz, Isaias",657728,Right,LEX_LEG,627b10c5-20b0-4d04-9fa0-be7a881ad0de,54.63859,-134.7921,15.74222,5.92302,-6.90841,-5.33298,-1.10542,4.89262,-5.09582,,,,,,,,,,,,,,,,,,,,,,,,,,,,,,,,,,,,,,,,,,,,,,,,,,,High,High,High,,,,,
238,2025-08-27,20:01:23.77,2,2,"Lambert, Carson",681434,Right,LEX_LEG,"De La Rosa, Eric",680763,Right,GAS,Undefined,7,Top,0,0,1,Undefined,Slider,InPlay,Undefined,GroundBall,FieldersChoice,1,0,,82.09149,-0.667841,-1.94476,1908.661154,42.948942,7:30,5.71187,1.35117,5.33443,-43.69727,-0.49539,-1.95831,1.44345,-0.63738,74.12613,-8.650382,-2.293026,0.473067,32.42126,-80.233195,-143.228866,,,,,1.90975,2.15541,13.750692,0.032409,0.32272,0.42008,-1.17401,50,5.62027,4.1181,-118.87081,-2.94407,0.45196,27.29587,-31.58574,LEX_LEG,GAS,WildHealthField,Independent,ATL,20250827-WildHealthField-1,84731960-83aa-11f0-af3f-87f56c6d82ca,79.67676,1.53498,,7.96536,,,,2.06667,1.53498,0.61211,c1155f88-51df-438a-a1d8-1ae778e78cfd,2025-08-28,01:01:23.77,2025-08-27T20:01:23.7756928-05:00,2025-08-28T01:01:23.7756928Z,GroundBall,v3,495,5508,,"Quiroz, Isaias",657728,Right,LEX_LEG,d885b33e-0413-45f4-8603-1b3a9ce0e0d9,55.16442,-120.05084,13.64793,5.71803,-1.57859,-15.79287,-1.35162,4.09856,0.22598,,2.06703,-6.53059,,,,,,,,1.5376,-47.36275,,,,,,,,0.61238,-4.88038,,,,,,,,,,,,,,,,,,,,,,,,,,,,,,High,High,High,Estimated,Estimated,,,
239,2025-08-27,20:02:16.63,3,1,"Lambert, Carson",681434,Right,LEX_LEG,"Crook, Narciso",643271,Right,GAS,Undefined,7,Top,1,0,0,Undefined,Slider,BallCalled,Undefined,Undefined,Undefined,0,0,,82.62132,-2.590519,-2.262346,1930.902707,49.808865,7:45,5.78664,1.3057,5.51989,-42.49672,-0.04854,-1.92524,-0.18044,-0.97115,74.91006,-10.334087,-2.606232,0.468922,,,,,,,,,,,,0.20854,1.22784,-1.10725,50,5.53221,4.80048,-119.56435,-6.88064,0.29517,27.82275,-30.43608,LEX_LEG,GAS,WildHealthField,Independent,ATL,20250827-WildHealthField-1,a3eef1b0-83aa-11f0-af3f-87f56c6d82ca,80.38099,,,7.71126,,,,,,,c1155f88-51df-438a-a1d8-1ae778e78cfd,2025-08-28,01:02:16.63,2025-08-27T20:02:16.6308864-05:00,2025-08-28T01:02:16.6308864Z,,v3,495,5508,,"Quiroz, Isaias",657728,Right,LEX_LEG,1c00a362-948b-416e-864c-e799a9758188,54.98058,-120.71778,13.91138,5.7913,-5.61887,-15.21804,-1.30601,4.78824,0.14759,,,,,,,,,,,,,,,,,,,,,,,,,,,,,,,,,,,,,,,,,,,,,,,,,,,High,High,High,,,,,
240,2025-08-27,20:02:42.13,3,2,"Lambert, Carson",681434,Right,LEX_LEG,"Crook, Narciso",643271,Right,GAS,Undefined,7,Top,1,1,0,Undefined,Slider,InPlay,Undefined,GroundBall,Out,1,0,,81.68759,-0.147101,-1.168646,1868.592632,11.459851,6:30,5.77363,1.40872,5.42029,-43.59286,-0.69547,-0.43063,2.00307,0.27797,74.58995,-8.105527,-1.245385,0.471397,102.50234,4.54478,-29.836881,3345.630323,,,,84.71957,79.33307,-31.227756,0.603575,-0.13472,0.05815,-1.30461,50,5.73001,2.43543,-118.5355,-1.83045,-0.19006,24.42221,-32.09201,LEX_LEG,GAS,WildHealthField,Independent,ATL,20250827-WildHealthField-1,b32ff930-83aa-11f0-af3f-87f56c6d82ca,79.95904,3.31519,,7.09765,,,,2.19831,1.99293,-0.17398,c1155f88-51df-438a-a1d8-1ae778e78cfd,2025-08-28,01:02:42.13,2025-08-27T20:02:42.1392384-05:00,2025-08-28T01:02:42.1392384Z,GroundBall,v3,495,5508,,"Quiroz, Isaias",657728,Right,LEX_LEG,895a8821-48ef-43e4-af1a-eea15b2610e5,55.08106,-119.57778,12.2111,5.7789,-0.46084,-16.04601,-1.40872,2.44354,-0.09503,,2.23367,129.2075,-21.43325,,,,,,,2.03276,11.01796,-23.93594,,,,,,,-0.1667,-74.72951,3.6865,,,,,,,,,,,,,,,,,,,,,,,,,,,,,High,High,High,High,High,,,
241,2025-08-27,20:03:23.11,4,1,"Lambert, Carson",681434,Right,LEX_LEG,"Reinheimer, Jack",595373,Right,GAS,Undefined,7,Top,2,0,0,Undefined,Slider,InPlay,Undefined,LineDrive,Double,0,1,,81.87827,0.818474,-1.134083,1859.312643,65.979648,8:15,5.82006,1.4864,5.36226,-41.89581,1.18724,-0.76075,3.09648,0.35937,74.07314,-6.866832,-1.269357,0.472416,94.37604,11.690203,-36.101272,2857.360808,86.1778,9.05287,-68.36212,153.6197,153.6197,-39.884489,1.349602,0.01902,0.75087,-1.38396,50,5.86386,2.381,-118.68422,0.22083,0.02672,25.83718,-31.11885,LEX_LEG,GAS,WildHealthField,Independent,ATL,20250827-WildHealthField-1,cb982470-83aa-11f0-af3f-87f56c6d82ca,79.78654,11.08049,,7.80513,,,,1.95792,3.01599,-0.10818,c1155f88-51df-438a-a1d8-1ae778e78cfd,2025-08-28,01:03:23.11,2025-08-27T20:03:23.1165440-05:00,2025-08-28T01:03:23.1165440Z,LineDrive,v3,495,5508,,"Quiroz, Isaias",657728,Right,LEX_LEG,26b9a89f-98fb-4ceb-b776-d2c6b1ac0d4c,55.13722,-119.79736,12.91859,5.82546,1.56152,-15.55943,-1.48651,2.37985,0.01336,,1.95792,109.51869,-22.9153,5.3421,-1.32584,0.33638,-0.08252,0.01589,-0.00165,3.01599,28.04622,-26.38324,3.92661,-1.0013,0.25652,-0.06225,0.01213,-0.00126,-0.10818,-79.86613,6.88366,-1.71619,0.43246,-0.10959,0.02662,-0.00512,0.00053,,,,,,,,,,,,,,,,,,,,,,,High,High,High,Medium,High,,,
242,2025-08-27,20:04:11.70,5,1,"Lambert, Carson",681434,Right,LEX_LEG,"Olmeda, Alexis",663406,Right,GAS,Undefined,7,Top,2,0,0,Undefined,Four-Seam,StrikeCalled,Undefined,Undefined,Undefined,0,0,,92.66533,-3.228525,-2.455567,2203.518158,215.875442,1:15,5.98552,1.29462,5.73558,-15.69737,17.49099,11.79209,1.66492,-0.01083,83.86427,-6.218855,-0.346894,0.414633,,,,,,,,,,,,-6.75646,10.24363,-1.0973,50,5.70666,5.22023,-134.13839,-8.05041,-12.17612,31.965,-13.71349,LEX_LEG,GAS,WildHealthField,Independent,ATL,20250827-WildHealthField-1,e887ac90-83aa-11f0-af3f-87f56c6d82ca,90.90545,,,8.80106,,,,,,,c1155f88-51df-438a-a1d8-1ae778e78cfd,2025-08-28,01:04:11.70,2025-08-27T20:04:11.7079552-05:00,2025-08-28T01:04:11.7079552Z,,v3,495,5508,,"Quiroz, Isaias",657728,Right,LEX_LEG,588e4dd8-ffdd-4d6b-a234-d0672076b210,54.76334,-135.26872,15.9825,5.98276,-7.56548,-6.85674,-1.28951,5.6508,-6.08806,,,,,,,,,,,,,,,,,,,,,,,,,,,,,,,,,,,,,,,,,,,,,,,,,,,High,High,High,,,,,
243,2025-08-27,20:04:30.91,5,2,"Lambert, Carson",681434,Right,LEX_LEG,"Olmeda, Alexis",663406,Right,GAS,Undefined,7,Top,2,0,1,Undefined,Four-Seam,StrikeCalled,Undefined,Undefined,Undefined,0,0,,93.4861,-3.22284,-2.917199,2160.05588,207.907828,1:00,5.92108,1.16395,6.00412,-13.04237,19.21111,9.57123,1.84105,-0.74373,84.65757,-5.74787,-1.198704,0.408752,,,,,,,,,,,,-5.79233,11.17784,-0.93955,50,5.65995,6.47276,-135.34599,-7.97404,-10.64283,32.14732,-11.63578,LEX_LEG,GAS,WildHealthField,Independent,ATL,20250827-WildHealthField-1,f3fae330-83aa-11f0-af3f-87f56c6d82ca,92.21355,,,8.82853,,,,,,,c1155f88-51df-438a-a1d8-1ae778e78cfd,2025-08-28,01:04:30.91,2025-08-27T20:04:30.9140480-05:00,2025-08-28T01:04:30.9140480Z,,v3,495,5508,,"Quiroz, Isaias",657728,Right,LEX_LEG,83c96551-a578-419b-851f-fcd1307e8c89,54.49448,-136.40934,16.07366,5.91734,-7.58915,-5.81789,-1.15947,6.8248,-5.32141,,,,,,,,,,,,,,,,,,,,,,,,,,,,,,,,,,,,,,,,,,,,,,,,,,,High,High,High,,,,,
244,2025-08-27,20:04:50.12,5,3,"Lambert, Carson",681434,Right,LEX_LEG,"Olmeda, Alexis",663406,Right,GAS,Undefined,7,Top,2,0,2,Undefined,Four-Seam,StrikeSwinging,Strikeout,Undefined,Undefined,0,0,,93.68216,-3.132617,-1.985218,2289.29387,200.265099,12:45,5.97946,1.13701,5.82328,-10.92583,21.48899,7.49784,2.1519,-0.08458,84.49642,-5.280923,-0.642439,0.409773,,,,,,,,,,,,-4.44516,12.28772,-0.97906,50,5.71661,4.36044,-135.6395,-7.68623,-8.17133,33.34492,-9.58601,LEX_LEG,GAS,WildHealthField,Independent,ATL,20250827-WildHealthField-1,ff70d8f0-83aa-11f0-af3f-87f56c6d82ca,91.98369,,,9.18574,,,,,,,c1155f88-51df-438a-a1d8-1ae778e78cfd,2025-08-28,01:04:50.12,2025-08-27T20:04:50.1250000-05:00,2025-08-28T01:04:50.1250000Z,,v3,495,5508,,"Quiroz, Isaias",657728,Right,LEX_LEG,472b0676-9998-4f81-9c85-7e27d1500bc5,54.67478,-136.7839,16.67246,5.97476,-7.35724,-4.79301,-1.13352,4.64088,-4.08567,,,,,,,,,,,,,,,,,,,,,,,,,,,,,74.41482,2.883127,1.981491,0.901636,-0.22722,1.9987,0.10242,-1.96498,5.73378,5.4181,73.21163,6.5836,51.58365,-1.88007,92.35702,-10.07611,5.73398,10.73742,-10.86357,5.44736,54.79899,-4.0299,High,High,High,,,High,High,High
245,2025-08-27,20:07:58.94,1,1,"Underwood, Duane",621249,Right,GAS,"Rock, Dylan",676423,Right,LEX_LEG,Undefined,7,Bottom,0,0,0,Undefined,,InPlay,Undefined,GroundBall,Out,1,0,,,,,,,,,,,,,,,,,,,,,,,,,,,,,,,,,,,,,,,,,,LEX_LEG,GAS,WildHealthField,Independent,ATL,20250827-WildHealthField-1,616fd290-83ab-11f0-af3f-87f56c6d82ca,,,,,,,,,,,c1155f88-51df-438a-a1d8-1ae778e78cfd,2025-08-28,01:07:58.94,2025-08-27T20:07:58.9472640-05:00,2025-08-28T01:07:58.9472640Z,,v3,495,5508,,"Olmeda, Alexis",663406,Right,GAS,,,,,,,,,,,,,,,,,,,,,,,,,,,,,,,,,,,,,,,,,,,,,,,,,,,,,,,,,,,,,,,,,,,,
246,2025-08-27,20:07:59.94,2,1,"Underwood, Duane",621249,Right,GAS,"Atwood, Andy",664762,Right,LEX_LEG,Undefined,7,Bottom,1,0,0,Undefined,Sinker,StrikeCalled,Undefined,Undefined,Undefined,0,0,,93.10344,-3.232948,-4.35729,2103.853865,232.760249,1:45,6.41533,2.29995,6.37203,-19.17292,13.18016,15.75162,1.83106,-0.40445,83.88723,-6.887905,-1.513561,0.409383,,,,,,,,,,,,-9.59871,8.26768,-1.99155,50,6.17209,9.59121,-134.60333,-8.18813,-17.32162,33.68294,-17.25432,LEX_LEG,GAS,WildHealthField,Independent,ATL,20250827-WildHealthField-1,708ed320-83ab-11f0-af3f-87f56c6d82ca,92.07142,,,9.2162,,,,,,,c1155f88-51df-438a-a1d8-1ae778e78cfd,2025-08-28,01:07:59.94,2025-08-27T20:07:59.9472640-05:00,2025-08-28T01:07:59.9472640Z,,v3,495,5508,,"Olmeda, Alexis",663406,Right,GAS,f41c01a6-16c8-49e8-a1ef-bc64b522981d,54.12673,-135.63207,16.84147,6.41412,-7.66116,-8.62716,-2.29256,10.12024,-8.66081,,,,,,,,,,,,,,,,,,,,,,,,,,,,,,,,,,,,,,,,,,,,,,,,,,,High,High,High,,,,,
247,2025-08-27,20:08:15.16,2,2,"Underwood, Duane",621249,Right,GAS,"Atwood, Andy",664762,Right,LEX_LEG,Undefined,7,Bottom,1,0,1,Undefined,Curveball,InPlay,Undefined,GroundBall,Out,1,0,,81.7669,0.06082,-1.22328,2490.36533,24.23416,6:45,6.63391,2.34998,5.70501,-53.34255,-10.83709,-5.52347,2.24538,0.74969,74.69038,-9.664542,-2.214068,0.469239,72.72918,-62.377209,-51.014733,,,,,3.07316,3.07316,-33.674193,0.024364,2.43382,-5.15599,-2.24388,50,6.60568,2.7523,-118.71032,-1.72764,3.4272,25.52338,-39.43443,LEX_LEG,GAS,WildHealthField,Independent,ATL,20250827-WildHealthField-1,79abe4c0-83ab-11f0-af3f-87f56c6d82ca,80.32681,2.30995,,7.07652,,,,1.79702,2.30995,-0.76438,c1155f88-51df-438a-a1d8-1ae778e78cfd,2025-08-28,01:08:15.16,2025-08-27T20:08:15.1689728-05:00,2025-08-28T01:08:15.1689728Z,GroundBall,v3,495,5508,,"Olmeda, Alexis",663406,Right,GAS,7e7bd8eb-723c-445e-a62a-4583c98199b7,54.7978,-119.73743,12.76169,6.64327,-0.14073,-19.71722,-2.35186,2.61438,1.7136,,1.79664,31.21301,,,,,,,,2.31112,-94.81041,,,,,,,,-0.7639,-38.56513,,,,,,,,,,,,,,,,,,,,,,,,,,,,,,High,High,High,Estimated,Estimated,,,
248,2025-08-27,20:08:49.71,3,1,"Underwood, Duane",621249,Right,GAS,"Whalen, Brady",669714,Left,LEX_LEG,Undefined,7,Bottom,2,0,0,Undefined,Curveball,BallCalled,Undefined,Undefined,Undefined,0,0,,82.55909,-1.313486,-2.482359,2488.52518,19.726729,6:45,6.5477,2.25081,5.80984,-52.39223,-10.858,-4.38209,0.95885,-0.42427,75.8222,-10.834027,-3.269804,0.463847,,,,,,,,,,,,1.4863,-4.84961,-2.04441,50,6.40828,5.36164,-119.79699,-4.54166,2.1346,25.6745,-39.139,LEX_LEG,GAS,WildHealthField,Independent,ATL,20250827-WildHealthField-1,8e3946d0-83ab-11f0-af3f-87f56c6d82ca,81.26054,,,6.73689,,,,,,,c1155f88-51df-438a-a1d8-1ae778e78cfd,2025-08-28,01:08:49.71,2025-08-27T20:08:49.7105408-05:00,2025-08-28T01:08:49.7105408Z,,v3,495,5508,,"Olmeda, Alexis",663406,Right,GAS,929b44a6-2cad-4b7b-9dbf-69ddcda7cd92,54.69379,-120.79876,12.83725,6.5557,-3.01453,-19.5695,-2.25199,5.27835,1.0673,,,,,,,,,,,,,,,,,,,,,,,,,,,,,,,,,,,,,,,,,,,,,,,,,,,High,High,High,,,,,
249,2025-08-27,20:09:04.00,3,2,"Underwood, Duane",621249,Right,GAS,"Whalen, Brady",669714,Left,LEX_LEG,Undefined,7,Bottom,2,1,0,Undefined,Changeup,BallCalled,Undefined,Undefined,Undefined,0,0,,87.77375,-3.243354,-4.134871,1980.601937,260.973322,2:45,6.48053,2.29585,6.50711,-31.75856,4.42103,19.47592,0.84635,0.11736,79.5206,-9.174873,-0.600306,0.432916,,,,,,,,,,,,-11.64394,3.74201,-2.01479,50,6.23948,8.4497,-127.02562,-8.18598,-18.69306,30.25369,-26.16671,LEX_LEG,GAS,WildHealthField,Independent,ATL,20250827-WildHealthField-1,96bb7800-83ab-11f0-af3f-87f56c6d82ca,87.06648,,,8.25314,,,,,,,c1155f88-51df-438a-a1d8-1ae778e78cfd,2025-08-28,01:09:04.00,2025-08-27T20:09:04.0079872-05:00,2025-08-28T01:09:04.0079872Z,,v3,495,5508,,"Olmeda, Alexis",663406,Right,GAS,9f533e7b-672f-43ff-98c7-210f2b0619eb,53.99444,-127.97344,15.12684,6.4831,-7.3662,-13.08335,-2.28869,9.03534,-9.34653,,,,,,,,,,,,,,,,,,,,,,,,,,,,,,,,,,,,,,,,,,,,,,,,,,,High,High,High,,,,,
250,2025-08-27,20:09:19.79,3,3,"Underwood, Duane",621249,Right,GAS,"Whalen, Brady",669714,Left,LEX_LEG,Undefined,7,Bottom,2,2,0,Undefined,Four-Seam,FoulBallNotFieldable,Undefined,Undefined,Undefined,0,0,,93.54841,-2.494574,-3.358284,2341.38917,192.29564,12:30,6.51539,2.49899,6.42898,-15.25658,16.43261,3.34079,2.94575,-0.31288,84.76105,-5.434356,-2.754263,0.40516,96.93415,-4.179409,48.166363,,,,,34.19598,32.21354,46.673271,0.229652,-2.79449,9.69745,-2.26106,50,6.33035,7.81897,-135.5723,-6.32535,-5.14404,32.66602,-14.32313,LEX_LEG,GAS,WildHealthField,Independent,ATL,20250827-WildHealthField-1,a01c7070-83ab-11f0-af3f-87f56c6d82ca,93.03091,3.04536,,8.78736,,,,2.5646,3.04536,0.26937,c1155f88-51df-438a-a1d8-1ae778e78cfd,2025-08-28,01:09:19.79,2025-08-27T20:09:19.7906944-05:00,2025-08-28T01:09:19.7906944Z,GroundBall,v3,495,5508,,"Olmeda, Alexis",663406,Right,GAS,c0ad2228-74c0-48e6-bbb2-669bea4b31ee,54.07081,-136.54964,16.33301,6.51319,-5.89682,-7.16157,-2.4973,7.97288,-2.57202,266.048883,2.56475,94.56245,-15.50095,,,,,,,3.04551,-10.37002,-12.5952,,,,,,,0.26868,105.68658,6.38655,,,,,,,,,,,,,,,,,,,,,,,,,,,,,High,High,High,High,Medium,,,
251,2025-08-27,20:09:52.50,3,4,"Underwood, Duane",621249,Right,GAS,"Whalen, Brady",669714,Left,LEX_LEG,Undefined,7,Bottom,2,2,1,Undefined,Changeup,StrikeCalled,Undefined,Undefined,Undefined,0,0,,87.51345,-3.178535,-4.055002,1717.844474,236.879769,2:00,6.54545,2.15743,6.4582,-24.33592,11.98351,16.36682,1.58723,-0.20994,79.34257,-7.776343,-1.091895,0.433751,,,,,,,,,,,,-9.84465,7.65197,-1.87716,50,6.30912,8.34923,-126.65812,-7.74779,-15.79038,28.91495,-19.90062,LEX_LEG,GAS,WildHealthField,Independent,ATL,20250827-WildHealthField-1,b3a84100-83ab-11f0-af3f-87f56c6d82ca,86.89871,,,8.17088,,,,,,,c1155f88-51df-438a-a1d8-1ae778e78cfd,2025-08-28,01:09:52.50,2025-08-27T20:09:52.5011968-05:00,2025-08-28T01:09:52.5011968Z,,v3,495,5508,,"Olmeda, Alexis",663406,Right,GAS,d8794343-ac73-4b3b-b47e-4d5528a7051d,54.04185,-127.5775,14.45747,6.54541,-7.11503,-9.95031,-2.15062,8.8513,-7.89519,,,,,,,,,,,,,,,,,,,,,,,,,,,,,,,,,,,,,,,,,,,,,,,,,,,High,High,High,,,,,
252,2025-08-27,20:10:11.77,3,5,"Underwood, Duane",621249,Right,GAS,"Whalen, Brady",669714,Left,LEX_LEG,Undefined,7,Bottom,2,2,2,Undefined,Curveball,InPlay,Undefined,GroundBall,Single,0,0,,82.32084,-0.661968,-1.778891,2387.680864,19.000595,6:45,6.52506,2.48994,5.73819,-54.46038,-12.72438,-4.84284,1.36995,0.42934,75.69811,-10.552978,-2.648549,0.464972,96.27811,3.939526,2.736883,6438.410361,,,,81.08418,52.72693,1.535295,0.611748,1.94185,-5.96296,-2.33872,50,6.43618,3.90159,-119.55145,-3.27761,2.78452,25.02987,-40.72456,LEX_LEG,GAS,WildHealthField,Independent,ATL,20250827-WildHealthField-1,bf2bf260-83ab-11f0-af3f-87f56c6d82ca,81.06386,2.57992,,6.62272,,,,1.46343,1.43669,-0.4484,c1155f88-51df-438a-a1d8-1ae778e78cfd,2025-08-28,01:10:11.77,2025-08-27T20:10:11.7768704-05:00,2025-08-28T01:10:11.7768704Z,GroundBall,v3,495,5508,,"Olmeda, Alexis",663406,Right,GAS,6b36d89f-f7fc-41c4-b561-07abc4c35cf0,54.76588,-120.54513,12.51493,6.53421,-1.66085,-20.36228,-2.49142,3.79105,1.39226,44.400516,1.48916,140.14575,-16.54572,,,,,,,1.45937,9.2011,-18.99704,,,,,,,-0.43881,6.51411,-3.69444,,,,,,,,,,,,,,,,,,,,,,,,,,,,,High,High,High,Medium,Low,,,
253,2025-08-27,20:14:51.21,4,1,"Horvath, Nick",681282,Left,GAS,"Terry, Curtis",663799,Right,LEX_LEG,Undefined,7,Bottom,2,0,0,Undefined,Four-Seam,BallCalled,Undefined,Undefined,Undefined,0,0,,91.32501,-0.757496,1.759502,2316.746039,150.878279,11:00,5.84283,-0.77809,5.33325,-13.68331,21.11572,-11.04331,3.99145,-0.04698,81.90274,-3.409429,-0.200741,0.424576,,,,,,,,,,,,6.05059,11.14453,0.62716,50,5.76512,-3.53094,-132.22804,-2.13145,10.53376,32.58009,-12.77202,LEX_LEG,GAS,WildHealthField,Independent,ATL,20250827-WildHealthField-1,659e4490-83ac-11f0-af3f-87f56c6d82ca,88.77676,,,9.42227,,,,,,,c1155f88-51df-438a-a1d8-1ae778e78cfd,2025-08-28,01:14:51.21,2025-08-27T20:14:51.2190976-05:00,2025-08-28T01:14:51.2190976Z,,v3,495,5508,,"Olmeda, Alexis",663406,Right,GAS,25171ce4-204a-4b7e-84c3-8708158339e1,55.16247,-133.49398,16.29004,5.8383,-1.63518,-6.38601,0.77231,-3.94024,5.26688,,,,,,,,,,,,,,,,,,,,,,,,,,,,,,,,,,,,,,,,,,,,,,,,,,,High,High,High,,,,,
254,2025-08-27,20:15:08.94,4,2,"Horvath, Nick",681282,Left,GAS,"Terry, Curtis",663799,Right,LEX_LEG,Undefined,7,Bottom,2,1,0,Undefined,Four-Seam,FoulBallNotFieldable,Undefined,Undefined,Undefined,0,0,,91.71293,-1.719213,1.940912,2237.128615,153.564392,11:00,5.73603,-0.6837,5.51827,-13.59414,20.53899,-9.60123,2.99426,0.33171,82.70075,-4.345763,0.230945,0.420494,68.59959,67.177669,137.984793,4740.102106,,,,,38.54421,,,5.46882,11.27024,0.5213,50,5.57762,-4.06442,-132.87768,-4.37894,9.65124,31.90933,-12.28455,LEX_LEG,GAS,WildHealthField,Independent,ATL,20250827-WildHealthField-1,704578a0-83ac-11f0-af3f-87f56c6d82ca,89.63853,68.504,,9.01218,,,,1.26744,3.1028,-0.35779,c1155f88-51df-438a-a1d8-1ae778e78cfd,2025-08-28,01:15:08.94,2025-08-27T20:15:08.9491968-05:00,2025-08-28T01:15:08.9491968Z,,v3,495,5508,,"Olmeda, Alexis",663406,Right,GAS,be581217-4b80-4a17-9e4f-f379aefa6ed5,54.98051,-134.06837,15.95467,5.73247,-3.92054,-6.14227,0.67968,-4.42455,4.82562,348.202204,1.26744,-28.99436,-5.03327,2.92977,-0.90959,0.2342,-0.05131,0.00809,-0.00049,3.1028,92.7358,-30.57399,4.20385,-0.81156,0.11602,-0.00386,-0.00478,0.00085,-0.35779,26.12057,-1.8536,-0.07884,0.11504,-0.04616,0.01437,-0.00334,0.00026,,,,,,,,,,,,,,,,,,,,,,,High,High,High,High,Undefined,,,
255,2025-08-27,20:15:31.51,4,3,"Horvath, Nick",681282,Left,GAS,"Terry, Curtis",663799,Right,LEX_LEG,Undefined,7,Bottom,2,1,1,Undefined,Four-Seam,BallCalled,Undefined,Undefined,Undefined,0,0,,92.13144,-0.791739,2.82462,2261.597046,152.436137,11:00,5.84726,-0.61462,5.69108,-17.55143,16.1228,-7.78071,3.64579,1.37171,82.94198,-4.134349,1.435841,0.417658,,,,,,,,,,,,4.80878,8.76434,0.38171,50,5.76985,-6.22134,-133.42181,-2.39413,8.54912,32.38631,-16.59269,LEX_LEG,GAS,WildHealthField,Independent,ATL,20250827-WildHealthField-1,7da3b660-83ac-11f0-af3f-87f56c6d82ca,90.24722,,,9.18946,,,,,,,c1155f88-51df-438a-a1d8-1ae778e78cfd,2025-08-28,01:15:31.51,2025-08-27T20:15:31.5186688-05:00,2025-08-28T01:15:31.5186688Z,,v3,495,5508,,"Olmeda, Alexis",663406,Right,GAS,a94c5d36-8031-4577-b129-618b4d1c7d30,54.8051,-134.58313,16.19316,5.84504,-1.79915,-8.29634,0.61029,-6.52789,4.27456,,,,,,,,,,,,,,,,,,,,,,,,,,,,,,,,,,,,,,,,,,,,,,,,,,,High,High,High,,,,,
256,2025-08-27,20:15:50.39,4,4,"Horvath, Nick",681282,Left,GAS,"Terry, Curtis",663799,Right,LEX_LEG,Undefined,7,Bottom,2,2,1,Undefined,Four-Seam,InPlay,Undefined,FlyBall,HomeRun,0,2,,92.41295,-1.984328,1.824553,2275.255376,140.725701,10:45,5.72582,-0.90507,5.28884,-17.20395,16.80875,-12.72009,2.42711,-0.25117,83.18228,-5.238887,-0.4324,0.419751,98.69218,33.195152,14.343855,3804.512742,104.21794,68.44622,35.19389,358.94337,344.40914,27.499727,5.435427,6.95713,9.40997,0.74854,50,5.53296,-3.65725,-133.78741,-5.21598,12.41362,33.04985,-15.38388,LEX_LEG,GAS,WildHealthField,Independent,ATL,20250827-WildHealthField-1,88fb0090-83ac-11f0-af3f-87f56c6d82ca,89.7971,98.15307,,9.23067,,,,1.39389,2.51382,0.26703,c1155f88-51df-438a-a1d8-1ae778e78cfd,2025-08-28,01:15:50.39,2025-08-27T20:15:50.3944704-05:00,2025-08-28T01:15:50.3944704Z,FlyBall,v3,495,5508,,"Olmeda, Alexis",663406,Right,GAS,31a662a8-a79a-4b8a-9a1e-6d12c4ed1cff,55.20942,-135.06817,16.52493,5.72354,-4.61982,-7.69194,0.89959,-4.13831,6.20681,211.947939,1.40235,117.18578,-26.72363,5.80901,-0.67659,-0.04979,0.02865,-0.00339,0.00013,2.51232,79.26896,-18.19563,0.72992,0.09879,-0.0973,0.03249,-0.00479,0.00026,0.26668,30.01908,3.18616,-1.74831,0.47907,-0.09073,0.0129,-0.00124,6E-05,,,,,,,,,,,,,,,,,,,,,,,High,High,High,High,High,,,
257,2025-08-27,20:16:38.92,5,1,"Horvath, Nick",681282,Left,GAS,"Cumbo, E.J.",821574,Left,LEX_LEG,Undefined,7,Bottom,2,0,0,Undefined,Slider,BallCalled,Undefined,Undefined,Undefined,0,0,,84.64868,-0.117129,2.674384,2360.057592,189.195073,12:15,5.09418,-3.8212,5.07318,-34.58041,5.89965,0.73839,2.10193,-1.23642,77.15745,-6.429332,2.804732,0.457922,,,,,,,,,,,,0.41713,3.36626,3.56671,50,5.05598,-5.76094,-122.63013,-1.53917,0.63194,25.40372,-27.07411,LEX_LEG,GAS,WildHealthField,Independent,ATL,20250827-WildHealthField-1,a5d88750-83ac-11f0-af3f-87f56c6d82ca,82.31183,,,7.49123,,,,,,,c1155f88-51df-438a-a1d8-1ae778e78cfd,2025-08-28,01:16:38.92,2025-08-27T20:16:38.9262848-05:00,2025-08-28T01:16:38.9262848Z,,v3,495,5508,,"Olmeda, Alexis",663406,Right,GAS,4f97b3d5-b4f7-42e0-b032-df28c039e312,55.42573,-123.749,12.70186,5.09751,-0.34673,-13.53706,3.82105,-5.78877,0.31597,,,,,,,,,,,,,,,,,,,,,,,,,,,,,,,,,,,,,,,,,,,,,,,,,,,High,High,High,,,,,
258,2025-08-27,20:16:53.56,5,2,"Horvath, Nick",681282,Left,GAS,"Cumbo, E.J.",821574,Left,LEX_LEG,Undefined,7,Bottom,2,1,0,Undefined,Four-Seam,BallCalled,Undefined,Undefined,Undefined,0,0,,92.08868,-0.430914,3.357523,2228.19046,150.572658,11:00,5.88373,-2.81709,5.70194,-15.39524,18.3317,-9.65138,4.19856,-0.48915,82.78875,-3.393388,1.636054,0.417984,,,,,,,,,,,,5.93264,9.76847,2.54104,50,5.83815,-7.37499,-133.31029,-1.45062,10.52527,32.43871,-14.84356,LEX_LEG,GAS,WildHealthField,Independent,ATL,20250827-WildHealthField-1,ae863550-83ac-11f0-af3f-87f56c6d82ca,90.1767,,,9.29994,,,,,,,c1155f88-51df-438a-a1d8-1ae778e78cfd,2025-08-28,01:16:53.56,2025-08-27T20:16:53.5606272-05:00,2025-08-28T01:16:53.5606272Z,,v3,495,5508,,"Olmeda, Alexis",663406,Right,GAS,54757b19-27c8-4f99-a487-586a4c87d18c,54.7947,-134.47193,16.21935,5.88058,-0.91906,-7.42178,2.81189,-7.7519,5.26263,,,,,,,,,,,,,,,,,,,,,,,,,,,,,,,,,,,,,,,,,,,,,,,,,,,High,High,High,,,,,
259,2025-08-27,20:17:10.28,5,3,"Horvath, Nick",681282,Left,GAS,"Cumbo, E.J.",821574,Left,LEX_LEG,Undefined,7,Bottom,2,2,0,Undefined,Four-Seam,StrikeCalled,Undefined,Undefined,Undefined,0,0,,91.56176,-2.155141,2.859399,2280.934164,150.800319,11:00,5.7699,-2.64225,5.32758,-16.18568,18.47753,-9.60693,2.39532,-0.75744,82.3569,-5.23615,1.15594,0.423746,,,,,,,,,,,,5.73819,10.32083,2.39072,50,5.5637,-6.16395,-132.43865,-5.50615,10.03238,32.41068,-14.12968,LEX_LEG,GAS,WildHealthField,Independent,ATL,20250827-WildHealthField-1,b89d5e60-83ac-11f0-af3f-87f56c6d82ca,88.95051,,,9.20486,,,,,,,c1155f88-51df-438a-a1d8-1ae778e78cfd,2025-08-28,01:17:10.28,2025-08-27T20:17:10.2851584-05:00,2025-08-28T01:17:10.2851584Z,,v3,495,5508,,"Olmeda, Alexis",663406,Right,GAS,2cc337c4-db39-4dae-bb02-4c293353f80e,55.17026,-133.69794,16.20534,5.76698,-4.95716,-7.06484,2.63778,-6.55375,5.01619,,,,,,,,,,,,,,,,,,,,,,,,,,,,,,,,,,,,,,,,,,,,,,,,,,,High,High,High,,,,,
260,2025-08-27,20:17:25.41,5,4,"Horvath, Nick",681282,Left,GAS,"Cumbo, E.J.",821574,Left,LEX_LEG,Undefined,7,Bottom,2,2,1,Undefined,Slider,BallCalled,Undefined,Undefined,Undefined,0,0,,83.55759,2.613482,0.499688,2359.254055,220.736131,1:15,5.63715,-3.05299,5.07701,-34.4399,6.97768,4.87256,5.23279,-2.17585,75.99709,-3.701507,1.360276,0.463195,,,,,,,,,,,,-2.22756,3.19252,3.00184,50,5.85854,-1.28029,-121.03751,4.2519,-3.30236,23.76723,-27.44108,LEX_LEG,GAS,WildHealthField,Independent,ATL,20250827-WildHealthField-1,c189ea20-83ac-11f0-af3f-87f56c6d82ca,81.37491,,,7.5605,,,,,,,c1155f88-51df-438a-a1d8-1ae778e78cfd,2025-08-28,01:17:25.41,2025-08-27T20:17:25.4191616-05:00,2025-08-28T01:17:25.4191616Z,,v3,495,5508,,"Olmeda, Alexis",663406,Right,GAS,33d477a4-771b-4c4d-a453-7509e7c0eb90,55.41834,-122.09683,11.88362,5.64178,5.47496,-13.72054,3.05563,-1.1331,-1.65118,,,,,,,,,,,,,,,,,,,,,,,,,,,,,,,,,,,,,,,,,,,,,,,,,,,High,High,High,,,,,
261,2025-08-27,20:17:48.33,5,5,"Horvath, Nick",681282,Left,GAS,"Cumbo, E.J.",821574,Left,LEX_LEG,Undefined,7,Bottom,2,3,1,Undefined,Four-Seam,StrikeCalled,Undefined,Undefined,Undefined,0,0,,92.20546,-1.362004,4.196622,2285.724583,148.133219,11:00,5.41854,-3.52798,5.32421,-15.39261,18.78627,-10.90229,2.85402,-0.49125,82.96562,-4.300941,2.268596,0.420775,,,,,,,,,,,,6.75752,10.17524,3.15569,50,5.28444,-9.25606,-133.25504,-3.65861,11.99279,32.10273,-14.11566,LEX_LEG,GAS,WildHealthField,Independent,ATL,20250827-WildHealthField-1,cf29c4c0-83ac-11f0-af3f-87f56c6d82ca,89.57851,,,9.23984,,,,,,,c1155f88-51df-438a-a1d8-1ae778e78cfd,2025-08-28,01:17:48.33,2025-08-27T20:17:48.3326976-05:00,2025-08-28T01:17:48.3326976Z,,v3,495,5508,,"Olmeda, Alexis",663406,Right,GAS,e7028aea-a53c-4ca4-b6c8-3ffcf4daa55c,55.1731,-134.49553,16.05137,5.41527,-3.11317,-7.05783,3.5223,-9.71948,5.9964,,,,,,,,,,,,,,,,,,,,,,,,,,,,,,,,,,,,,,,,,,,,,,,,,,,High,High,High,,,,,
262,2025-08-27,20:18:13.21,5,6,"Horvath, Nick",681282,Left,GAS,"Cumbo, E.J.",821574,Left,LEX_LEG,Undefined,7,Bottom,2,3,2,Undefined,Four-Seam,StrikeSwinging,Strikeout,Undefined,Undefined,0,0,,91.25324,-0.681658,4.396958,2190.451088,143.406851,10:45,5.31334,-3.65653,5.16568,-18.01178,17.00359,-11.69973,3.16886,-0.48501,82.29216,-4.075392,2.334732,0.425893,,,,,,,,,,,,7.14721,9.01847,3.25502,50,5.23645,-9.57781,-131.87781,-2.1864,12.46076,30.66994,-16.45082,LEX_LEG,GAS,WildHealthField,Independent,ATL,20250827-WildHealthField-1,de1de4c0-83ac-11f0-af3f-87f56c6d82ca,88.50208,,,8.96108,,,,,,,c1155f88-51df-438a-a1d8-1ae778e78cfd,2025-08-28,01:18:13.21,2025-08-27T20:18:13.2110000-05:00,2025-08-28T01:18:13.2110000Z,,v3,495,5508,,"Olmeda, Alexis",663406,Right,GAS,dd690571-fef8-47bc-a925-f8e4d58ffc5f,55.33197,-133.11205,15.33497,5.31112,-1.52438,-8.22541,3.65054,-10.07926,6.23038,,,,,,,,,,,,,,,,,,,,,,,,,,,,,67.04246,2.864591,1.888614,0.975977,-0.3711,3.03927,0.41319,-0.4999,5.55074,-3.76145,64.10685,7.14817,-60.68977,-0.47931,69.72537,-3.63389,5.59215,15.53755,-14.2798,-3.84669,-66.1378,8.07829,High,High,High,,,High,High,High
263,2025-08-27,20:21:03.90,1,1,"Luna, Gil",669431,Left,LEX_LEG,"Skender, Ethan",663690,Right,GAS,Undefined,8,Top,0,0,0,Undefined,Four-Seam,FoulBallNotFieldable,Undefined,Undefined,Undefined,0,0,,95.07972,-1.475335,3.831944,2267.354397,148.811159,11:00,5.24542,-2.45709,5.9989,-11.62418,19.64119,-11.20902,2.90626,0.16498,85.63689,-3.757499,1.823005,0.402442,80.05733,10.214329,172.330377,1634.447606,-108.69894,7.32238,16.86677,147.54524,51.60923,170.833485,1.507377,6.79839,10.75296,2.16022,50,5.12199,-8.67412,-137.58381,-3.81245,12.88589,33.70019,-11.79257,LEX_LEG,GAS,WildHealthField,Independent,ATL,20250827-WildHealthField-1,43bdabd0-83ad-11f0-af3f-87f56c6d82ca,93.65936,9.76012,,9.44283,,,,1.8389,2.89596,-0.16759,c1155f88-51df-438a-a1d8-1ae778e78cfd,2025-08-28,01:21:03.90,2025-08-27T20:21:03.9042560-05:00,2025-08-28T01:21:03.9042560Z,LineDrive,v3,495,5508,,"Quiroz, Isaias",657728,Right,LEX_LEG,bfcfeb6b-a7c1-411e-9578-e69b469e1595,54.49503,-138.68047,16.8501,5.23982,-3.42871,-5.89629,2.44931,-9.09345,6.44295,132.372877,1.60482,-112.34551,9.80605,,,,,,,3.017,19.7238,-14.46158,,,,,,,-0.18865,15.62163,0.07173,,,,,,,,,,,,,,,,,,,,,,,,,,,,,High,High,High,High,Low,,,
264,2025-08-27,20:21:27.06,1,2,"Luna, Gil",669431,Left,LEX_LEG,"Skender, Ethan",663690,Right,GAS,Undefined,8,Top,0,0,1,Undefined,Changeup,InPlay,Undefined,GroundBall,Out,1,0,,83.54813,0.138403,3.784868,2111.773432,84.713574,8:45,5.07034,-2.58853,5.51543,-40.6675,0.58843,-9.52847,1.81109,0.16175,75.61128,-7.32483,2.090006,0.46229,75.9961,-0.688559,-13.457401,1846.105979,,,,36.30443,35.4341,-11.160879,0.297853,6.0841,0.59169,2.26505,50,5.05493,-7.61454,-120.95067,-1.12704,8.87956,26.84178,-31.31051,LEX_LEG,GAS,WildHealthField,Independent,ATL,20250827-WildHealthField-1,51a9aaa0-83ad-11f0-af3f-87f56c6d82ca,81.53418,2.16871,,7.93685,,,,4.34039,2.16871,-0.03098,c1155f88-51df-438a-a1d8-1ae778e78cfd,2025-08-28,01:21:27.06,2025-08-27T20:21:27.0645760-05:00,2025-08-28T01:21:27.0645760Z,GroundBall,v3,495,5508,,"Quiroz, Isaias",657728,Right,LEX_LEG,13888ee4-2874-4a69-8188-ea866c3a660a,54.98594,-122.05215,13.42089,5.07481,0.15781,-15.65525,2.585,-7.97893,4.43978,308.486196,4.34144,108.34586,-11.22386,,,,,,,2.17125,-1.45264,-19.62489,,,,,,,-0.03269,-25.86109,8.0018,,,,,,,,,,,,,,,,,,,,,,,,,,,,,High,High,High,High,High,,,
265,2025-08-27,20:22:07.30,2,1,"Luna, Gil",669431,Left,LEX_LEG,"Wylie, Justin",687045,Right,GAS,Undefined,8,Top,1,0,0,Undefined,Changeup,BallCalled,Undefined,Undefined,Undefined,0,0,,85.12886,-2.230032,3.997299,2154.932637,123.314888,10:00,4.94174,-2.6843,6.33467,-26.17179,12.59867,-16.92662,0.70133,-0.40822,76.60683,-7.18709,0.940265,0.448148,,,,,,,,,,,,10.17481,7.7265,2.40038,50,4.76655,-7.96166,-123.2026,-5.55303,15.32748,29.0223,-20.53473,LEX_LEG,GAS,WildHealthField,Independent,ATL,20250827-WildHealthField-1,69a642d0-83ad-11f0-af3f-87f56c6d82ca,84.10704,,,8.52203,,,,,,,c1155f88-51df-438a-a1d8-1ae778e78cfd,2025-08-28,01:22:07.30,2025-08-27T20:22:07.3027584-05:00,2025-08-28T01:22:07.3027584Z,,v3,495,5508,,"Quiroz, Isaias",657728,Right,LEX_LEG,aebf0f3f-d912-41c3-8746-26f1ca2d0401,54.16459,-124.17976,14.51115,4.94187,-4.86164,-10.26737,2.67714,-8.47772,7.66374,,,,,,,,,,,,,,,,,,,,,,,,,,,,,,,,,,,,,,,,,,,,,,,,,,,High,High,High,,,,,
266,2025-08-27,20:22:22.89,2,2,"Luna, Gil",669431,Left,LEX_LEG,"Wylie, Justin",687045,Right,GAS,Undefined,8,Top,1,1,0,Undefined,Four-Seam,FoulBallNotFieldable,Undefined,Undefined,Undefined,0,0,,96.72158,-1.123096,3.334975,2402.033154,134.637276,10:30,5.09553,-2.35127,5.87794,-13.44174,16.98328,-16.05824,2.9304,-0.58858,86.78611,-3.728953,0.459616,0.396997,76.41565,72.916479,81.575948,,,,,129.88637,51.48562,109.323583,5.489921,9.30197,9.37056,2.09082,50,4.99703,-7.41392,-140.06843,-3.1417,18.16454,36.67114,-13.87556,LEX_LEG,GAS,WildHealthField,Independent,ATL,20250827-WildHealthField-1,72e4e630-83ad-11f0-af3f-87f56c6d82ca,94.944,131.52536,,9.93547,,,,,,,c1155f88-51df-438a-a1d8-1ae778e78cfd,2025-08-28,01:22:22.89,2025-08-27T20:22:22.8961792-05:00,2025-08-28T01:22:22.8961792Z,Popup,v3,495,5508,,"Quiroz, Isaias",657728,Right,LEX_LEG,03cf2875-a22e-4a29-adf7-9bd9c64f2728,54.62099,-141.27307,18.33557,5.09275,-2.68589,-6.93778,2.34416,-8.01062,9.08227,,1.92372,5.03863,-10.7328,4.07377,-0.92815,0.07962,0.01808,-0.00499,0.00034,5.23547,107.05655,-28.20476,2.75661,0.05938,-0.22411,0.06365,-0.00798,0.00039,0.60993,32.36558,-3.5038,-0.39666,0.82578,-0.36648,0.08043,-0.00883,0.00039,,,,,,,,,,,,,,,,,,,,,,,High,High,High,Low,Low,,,
267,2025-08-27,20:22:49.71,2,3,"Luna, Gil",669431,Left,LEX_LEG,"Wylie, Justin",687045,Right,GAS,Undefined,8,Top,1,1,1,Undefined,Four-Seam,InPlay,Undefined,Popup,Out,1,0,,96.23737,-1.029488,3.80356,2382.884222,137.779867,10:30,5.16137,-2.37079,5.9164,-13.33654,17.42895,-14.76517,3.09233,-0.066,86.18811,-3.62352,1.160293,0.399212,75.10646,81.592872,-32.589143,,,,,,30.21655,,,8.82493,9.59193,2.07397,50,5.07129,-8.57794,-139.28171,-2.88508,17.0112,36.74289,-13.68434,LEX_LEG,GAS,WildHealthField,Independent,ATL,20250827-WildHealthField-1,82ddf310-83ad-11f0-af3f-87f56c6d82ca,94.41717,130.42536,,10.04926,,,,,,,c1155f88-51df-438a-a1d8-1ae778e78cfd,2025-08-28,01:22:49.71,2025-08-27T20:22:49.7126912-05:00,2025-08-28T01:22:49.7126912Z,,v3,495,5508,,"Quiroz, Isaias",657728,Right,LEX_LEG,c2ba22b9-7292-4b33-9b6e-708224d3aced,54.58218,-140.48531,18.37145,5.15845,-2.43682,-6.84217,2.36408,-9.13518,8.5056,,5.28764,13.56421,-10.57374,2.81463,1.37596,-3.19617,2.84483,-1.27167,0.2285,30.35991,108.97262,-27.94028,3.45602,-0.81611,0.38549,-0.25124,0.10636,-0.01929,-3.51475,-8.67374,2.3657,-0.57063,-0.18768,0.48107,-0.43078,0.19264,-0.03459,,,,,,,,,,,,,,,,,,,,,,,High,High,High,High,Undefined,,,
268,2025-08-27,20:23:32.79,3,1,"Luna, Gil",669431,Left,LEX_LEG,"Roederer, Cole",680711,Left,GAS,Undefined,8,Top,2,0,0,Undefined,Sinker,BallCalled,Undefined,Undefined,Undefined,0,0,,94.51172,-1.738012,5.234644,2309.337352,132.630637,10:30,5.09511,-2.50749,5.99906,-15.85595,16.03528,-16.11367,2.15602,1.01389,84.76802,-4.788395,2.354108,0.40645,,,,,,,,,,,,9.91725,9.12123,2.10285,50,4.94904,-11.76806,-136.49759,-4.62297,18.40003,34.69284,-15.25092,LEX_LEG,GAS,WildHealthField,Independent,ATL,20250827-WildHealthField-1,9c950c80-83ad-11f0-af3f-87f56c6d82ca,92.73578,,,9.7437,,,,,,,c1155f88-51df-438a-a1d8-1ae778e78cfd,2025-08-28,01:23:32.79,2025-08-27T20:23:32.7959040-05:00,2025-08-28T01:23:32.7959040Z,,v3,495,5508,,"Quiroz, Isaias",657728,Right,LEX_LEG,4dc6081c-d70a-4cb0-a408-00d3fc0c0ba7,54.49855,-137.63621,17.34642,5.09255,-4.12243,-7.62546,2.49899,-12.37196,9.20002,,,,,,,,,,,,,,,,,,,,,,,,,,,,,,,,,,,,,,,,,,,,,,,,,,,High,High,High,,,,,
269,2025-08-27,20:23:50.07,3,2,"Luna, Gil",669431,Left,LEX_LEG,"Roederer, Cole",680711,Left,GAS,Undefined,8,Top,2,1,0,Undefined,Four-Seam,BallCalled,Undefined,Undefined,Undefined,0,0,,95.75798,-0.525913,3.95707,2405.407386,141.919038,10:45,4.97997,-2.47787,5.92433,-13.798,17.25304,-12.61304,3.34094,0.14884,85.79381,-3.203736,1.699959,0.40106,,,,,,,,,,,,7.70213,9.30438,2.16767,50,4.93002,-8.9921,-138.55511,-1.66104,14.71315,35.96086,-14.40023,LEX_LEG,GAS,WildHealthField,Independent,ATL,20250827-WildHealthField-1,a6de1b00-83ad-11f0-af3f-87f56c6d82ca,93.98205,,,9.96417,,,,,,,c1155f88-51df-438a-a1d8-1ae778e78cfd,2025-08-28,01:23:50.07,2025-08-27T20:23:50.0726272-05:00,2025-08-28T01:23:50.0726272Z,,v3,495,5508,,"Quiroz, Isaias",657728,Right,LEX_LEG,2d80a25d-d07e-41c8-a20d-8bf1d5730fa4,54.57247,-139.73682,17.98043,4.97682,-1.18783,-7.20012,2.47111,-9.47559,7.35658,,,,,,,,,,,,,,,,,,,,,,,,,,,,,,,,,,,,,,,,,,,,,,,,,,,High,High,High,,,,,
270,2025-08-27,20:24:10.15,3,3,"Luna, Gil",669431,Left,LEX_LEG,"Roederer, Cole",680711,Left,GAS,Undefined,8,Top,2,2,0,Undefined,Four-Seam,FoulBallNotFieldable,Undefined,Undefined,Undefined,0,0,,95.65867,-1.384539,4.236212,2444.09475,137.301267,10:30,5.21933,-2.41228,6.10659,-14.05174,16.83347,-14.47639,2.76422,0.30601,85.87798,-4.111272,1.637481,0.399988,57.69225,12.624978,-172.981083,3388.537429,,,,80.55853,50.96259,-173.868585,1.051358,8.71985,9.40485,2.09305,50,5.10507,-9.57536,-138.38517,-3.73377,16.64713,35.34988,-14.21916,LEX_LEG,GAS,WildHealthField,Independent,ATL,20250827-WildHealthField-1,b2bf2ea0-83ad-11f0-af3f-87f56c6d82ca,94.23398,6.73804,,9.78069,,,,-1.50039,2.65517,-0.54933,c1155f88-51df-438a-a1d8-1ae778e78cfd,2025-08-28,01:24:10.15,2025-08-27T20:24:10.1576704-05:00,2025-08-28T01:24:10.1576704Z,GroundBall,v3,495,5508,,"Quiroz, Isaias",657728,Right,LEX_LEG,1a4c57c3-7c0e-4fdd-9ff3-6e3cf8c186c3,54.38961,-139.50197,17.67494,5.21594,-3.28454,-7.10958,2.40387,-10.10129,8.32357,25.683767,-1.5004,-81.95001,6.74346,0.13784,-0.37709,0.91007,-1.10209,0.70603,-0.18436,2.65517,18.49417,-21.71503,1.9126,-0.30467,-0.00681,0.09738,-0.06785,0.01793,-0.54933,-10.08963,2.80265,-0.55552,0.04657,0.14067,-0.20181,0.13151,-0.03444,,,,,,,,,,,,,,,,,,,,,,,High,High,High,High,Medium,,,
271,2025-08-27,20:24:36.17,3,4,"Luna, Gil",669431,Left,LEX_LEG,"Roederer, Cole",680711,Left,GAS,Undefined,8,Top,2,2,1,Undefined,Four-Seam,FoulBallNotFieldable,Undefined,Undefined,Undefined,0,0,,96.55907,-1.757899,4.749204,2289.784934,143.290273,10:45,5.16647,-2.3357,5.99068,-11.17367,19.1317,-13.46717,2.60001,0.95365,87.17424,-3.948458,2.340424,0.396215,78.05676,19.851201,-162.319596,3283.312687,-107.53388,18.27659,-23.15883,172.89273,52.55161,-172.431336,2.012689,8.33831,10.65225,1.96764,50,5.02116,-10.98319,-139.66216,-4.58117,16.31407,34.22261,-11.3327,LEX_LEG,GAS,WildHealthField,Independent,ATL,20250827-WildHealthField-1,c2584130-83ad-11f0-af3f-87f56c6d82ca,95.13122,19.34723,,9.38483,,,,0.79543,2.37113,-0.83544,c1155f88-51df-438a-a1d8-1ae778e78cfd,2025-08-28,01:24:36.17,2025-08-27T20:24:36.1725952-05:00,2025-08-28T01:24:36.1725952Z,LineDrive,v3,495,5508,,"Quiroz, Isaias",657728,Right,LEX_LEG,0aae229b-a078-4dcf-a982-d388c92171b3,54.50835,-140.76255,17.11131,5.1626,-4.21679,-5.66635,2.32923,-11.50775,8.15703,62.501585,0.79543,-102.59384,8.42481,0.05508,-0.15045,0.20812,-0.15181,0.05995,-0.00969,2.37112,38.8766,-24.76885,3.30902,-0.7445,0.28495,-0.12558,0.04135,-0.0061,-0.83543,-32.70336,13.20829,-1.64825,0.25846,0.06587,-0.09584,0.04266,-0.00721,,,,,,,,,,,,,,,,,,,,,,,High,High,High,High,Low,,,
272,2025-08-27,20:25:23.88,3,5,"Luna, Gil",669431,Left,LEX_LEG,"Roederer, Cole",680711,Left,GAS,Undefined,8,Top,2,2,2,Undefined,Changeup,BallCalled,Undefined,Undefined,Undefined,0,0,,83.49071,2.711001,2.231572,1764.195531,59.305533,8:00,5.05983,-2.46759,5.68951,-44.12617,-3.0298,-7.59335,3.91323,-1.01939,75.11203,-5.424845,0.875575,0.461395,,,,,,,,,,,,4.51969,-1.87193,2.28439,50,5.26131,-4.3857,-120.86733,4.16081,6.58224,26.96886,-34.90022,LEX_LEG,GAS,WildHealthField,Independent,ATL,20250827-WildHealthField-1,deb91de0-83ad-11f0-af3f-87f56c6d82ca,81.69227,,,8.37868,,,,,,,c1155f88-51df-438a-a1d8-1ae778e78cfd,2025-08-28,01:25:23.88,2025-08-27T20:25:23.8891520-05:00,2025-08-28T01:25:23.8891520Z,,v3,495,5508,,"Quiroz, Isaias",657728,Right,LEX_LEG,041241e1-23b0-4668-8ccc-4c4e5a47bf33,54.80813,-121.93544,13.48443,5.06915,5.54304,-17.45011,2.46325,-4.64639,3.29112,,,,,,,,,,,,,,,,,,,,,,,,,,,,,,,,,,,,,,,,,,,,,,,,,,,High,High,High,,,,,
273,2025-08-27,20:25:59.55,3,6,"Luna, Gil",669431,Left,LEX_LEG,"Roederer, Cole",680711,Left,GAS,Undefined,8,Top,2,3,2,Undefined,Four-Seam,BallCalled,Walk,Undefined,Undefined,0,0,,96.29393,-3.42831,5.767182,2236.460242,158.979038,11:15,5.06057,-2.12683,6.14328,-11.11245,19.41009,-7.03607,0.94642,2.63449,86.97396,-5.604094,4.509743,0.397632,,,,,,,,,,,,5.37311,11.35245,1.68927,50,4.79167,-13.69978,-138.84173,-8.61534,10.37881,34.11492,-10.2454,LEX_LEG,GAS,WildHealthField,Independent,ATL,20250827-WildHealthField-1,f3f00660-83ad-11f0-af3f-87f56c6d82ca,94.79216,,,9.31997,,,,,,,c1155f88-51df-438a-a1d8-1ae778e78cfd,2025-08-28,01:25:59.55,2025-08-27T20:25:59.5526656-05:00,2025-08-28T01:25:59.5526656Z,,v3,495,5508,,"Quiroz, Isaias",657728,Right,LEX_LEG,65dc31ea-783d-4cb9-904b-e65aacf692d8,54.35359,-139.90736,17.05746,5.05578,-8.29531,-5.1227,2.12227,-14.02398,5.1894,,,,,,,,,,,,,,,,,,,,,,,,,,,,,,,,,,,,,,,,,,,,,,,,,,,High,High,High,,,,,
274,2025-08-27,20:26:42.48,4,1,"Luna, Gil",669431,Left,LEX_LEG,"Aldrete, Carter",666177,Right,GAS,Undefined,8,Top,2,0,0,Undefined,Four-Seam,StrikeCalled,Undefined,Undefined,Undefined,0,0,,94.98923,-1.954104,4.081847,2304.003404,131.104703,10:15,5.16907,-2.05454,6.24415,-17.93017,13.23221,-13.84379,1.86721,0.56315,85.43133,-5.381063,1.588559,0.401778,,,,,,,,,,,,8.46193,7.82028,1.75657,50,5.01436,-9.197,-137.4653,-5.24454,15.92736,35.11574,-17.45443,LEX_LEG,GAS,WildHealthField,Independent,ATL,20250827-WildHealthField-1,0da68390-83ae-11f0-af3f-87f56c6d82ca,93.81403,,,9.5579,,,,,,,c1155f88-51df-438a-a1d8-1ae778e78cfd,2025-08-28,01:26:42.48,2025-08-27T20:26:42.4848896-05:00,2025-08-28T01:26:42.4848896Z,,v3,495,5508,,"Quiroz, Isaias",657728,Right,LEX_LEG,431c548f-3b71-4605-8e7b-c8aa349baf11,54.25379,-138.54767,17.55787,5.16772,-4.70654,-8.72721,2.04762,-9.68792,7.96368,,,,,,,,,,,,,,,,,,,,,,,,,,,,,,,,,,,,,,,,,,,,,,,,,,,High,High,High,,,,,
275,2025-08-27,20:27:20.34,4,2,"Luna, Gil",669431,Left,LEX_LEG,"Aldrete, Carter",666177,Right,GAS,Undefined,8,Top,2,0,1,Undefined,Slider,StrikeCalled,Undefined,Undefined,Undefined,0,0,,83.14151,-0.099996,3.49738,2401.841353,135.776462,10:30,4.93074,-2.36637,5.60463,-34.87246,6.30016,-4.80398,1.93117,0.50225,75.78522,-6.528351,2.641753,0.461823,,,,,,,,,,,,3.46197,3.62461,2.06986,50,4.89969,-7.16633,-120.46782,-1.38819,5.05985,24.59144,-26.87654,LEX_LEG,GAS,WildHealthField,Independent,ATL,20250827-WildHealthField-1,243dbf60-83ae-11f0-af3f-87f56c6d82ca,81.61661,,,7.35629,,,,,,,c1155f88-51df-438a-a1d8-1ae778e78cfd,2025-08-28,01:27:20.34,2025-08-27T20:27:20.3409408-05:00,2025-08-28T01:27:20.3409408Z,,v3,495,5508,,"Quiroz, Isaias",657728,Right,LEX_LEG,b60eeda5-42ad-41bc-8044-4fbf998e01e8,54.89493,-121.46292,12.29572,4.93386,-0.30062,-13.43827,2.36399,-7.37108,2.52992,,,,,,,,,,,,,,,,,,,,,,,,,,,,,,,,,,,,,,,,,,,,,,,,,,,High,High,High,,,,,
276,2025-08-27,20:27:41.50,4,3,"Luna, Gil",669431,Left,LEX_LEG,"Aldrete, Carter",666177,Right,GAS,Undefined,8,Top,2,0,2,Undefined,Changeup,BallinDirt,Undefined,Undefined,Undefined,0,0,,84.10086,-3.494412,5.578201,2196.235921,128.251668,10:15,4.80299,-2.45867,6.59103,-24.15367,15.27776,-17.49938,-0.43101,1.21062,75.97847,-8.092158,2.413939,0.451953,,,,,,,,,,,,11.193,9.61599,2.08352,50,4.55251,-11.25467,-121.44145,-8.07448,16.43399,27.51879,-18.05547,LEX_LEG,GAS,WildHealthField,Independent,ATL,20250827-WildHealthField-1,30c3eca0-83ae-11f0-af3f-87f56c6d82ca,83.39911,,,8.12239,,,,,,,c1155f88-51df-438a-a1d8-1ae778e78cfd,2025-08-28,01:27:41.50,2025-08-27T20:27:41.5096320-05:00,2025-08-28T01:27:41.5096320Z,,v3,495,5508,,"Quiroz, Isaias",657728,Right,LEX_LEG,9f9f95f9-0dfa-42e6-9931-2ae8c3c99231,53.91103,-122.32449,13.75939,4.80232,-7.49511,-9.02774,2.45313,-11.78201,8.217,,,,,,,,,,,,,,,,,,,,,,,,,,,,,,,,,,,,,,,,,,,,,,,,,,,High,High,High,,,,,
277,2025-08-27,20:28:06.45,4,4,"Luna, Gil",669431,Left,LEX_LEG,"Aldrete, Carter",666177,Right,GAS,Undefined,8,Top,2,1,2,Undefined,Four-Seam,FoulBallNotFieldable,Undefined,Undefined,Undefined,0,0,,94.57175,-2.397489,3.571208,2414.074275,151.819389,11:00,5.13907,-2.18093,6.2206,-11.62005,19.81332,-9.99256,1.9528,0.28606,85.05026,-4.689766,1.771973,0.403522,79.9134,-17.157819,-57.873552,,,,,8.29635,8.29635,-44.662478,0.05867,6.35024,11.38788,1.91821,50,4.9534,-8.11347,-136.91634,-6.01496,11.85788,34.82344,-10.90932,LEX_LEG,GAS,WildHealthField,Independent,ATL,20250827-WildHealthField-1,3fa6ce90-83ae-11f0-af3f-87f56c6d82ca,93.40872,2.03297,,9.52149,,,,2.39922,2.03297,-0.25537,c1155f88-51df-438a-a1d8-1ae778e78cfd,2025-08-28,01:28:06.45,2025-08-27T20:28:06.4502784-05:00,2025-08-28T01:28:06.4502784Z,GroundBall,v3,495,5508,,"Quiroz, Isaias",657728,Right,LEX_LEG,0ac3c0f6-d2d2-4d60-a6bc-b35e6f45913f,54.27841,-138.00022,17.41172,5.13533,-5.6754,-5.45466,2.17649,-8.48255,5.92894,,2.39801,59.68396,,,,,,,,2.03368,-34.65118,,,,,,,,-0.25344,-95.0469,,,,,,,,,,,,,,,,,,,,,,,,,,,,,,High,High,High,Estimated,Estimated,,,
278,2025-08-27,20:28:33.96,4,5,"Luna, Gil",669431,Left,LEX_LEG,"Aldrete, Carter",666177,Right,GAS,Undefined,8,Top,2,1,2,Undefined,Changeup,BallCalled,Undefined,Undefined,Undefined,0,0,,83.93841,-3.484017,4.868837,2157.122381,128.842684,10:15,4.78213,-2.23542,6.76653,-23.37722,15.8841,-17.88899,-0.3632,0.73101,75.79592,-7.959225,1.61718,0.450976,,,,,,,,,,,,11.1506,9.98839,1.92309,50,4.54446,-9.71881,-121.35434,-7.98642,16.33938,27.59727,-17.53764,LEX_LEG,GAS,WildHealthField,Independent,ATL,20250827-WildHealthField-1,5017a380-83ae-11f0-af3f-87f56c6d82ca,83.57963,,,8.14249,,,,,,,c1155f88-51df-438a-a1d8-1ae778e78cfd,2025-08-28,01:28:33.96,2025-08-27T20:28:33.9659264-05:00,2025-08-28T01:28:33.9659264Z,,v3,495,5508,,"Quiroz, Isaias",657728,Right,LEX_LEG,721bfb94-5faa-4410-81f8-48578e24d826,53.7343,-122.20061,13.79864,4.78112,-7.44863,-8.76882,2.2288,-10.21986,8.16969,,,,,,,,,,,,,,,,,,,,,,,,,,,,,,,,,,,,,,,,,,,,,,,,,,,High,High,High,,,,,
279,2025-08-27,20:28:59.49,4,6,"Luna, Gil",669431,Left,LEX_LEG,"Aldrete, Carter",666177,Right,GAS,Undefined,8,Top,2,2,2,Undefined,Four-Seam,BallCalled,Undefined,Undefined,Undefined,0,0,,83.34428,-3.270012,4.105443,2227.203861,139.799273,10:45,4.90518,-2.44742,6.55528,-23.06289,16.66513,-12.9154,-0.02609,0.24718,75.91426,-7.653124,1.76472,0.453649,,,,,,,,,,,,8.06386,10.15701,2.16896,50,4.66881,-8.20493,-120.67124,-7.50037,11.79455,25.24584,-17.31793,LEX_LEG,GAS,WildHealthField,Independent,ATL,20250827-WildHealthField-1,5f53c900-83ae-11f0-af3f-87f56c6d82ca,83.08723,,,7.43002,,,,,,,c1155f88-51df-438a-a1d8-1ae778e78cfd,2025-08-28,01:28:59.49,2025-08-27T20:28:59.4927104-05:00,2025-08-28T01:28:59.4927104Z,,v3,495,5508,,"Quiroz, Isaias",657728,Right,LEX_LEG,bb579108-f9fa-46c0-abc3-9b8fb6923f1e,53.94548,-121.49388,12.62292,4.90401,-6.93607,-8.65896,2.44258,-8.58926,5.89728,,,,,,,,,,,,,,,,,,,,,,,,,,,,,,,,,,,,,,,,,,,,,,,,,,,High,High,High,,,,,
280,2025-08-27,20:29:21.99,4,7,"Luna, Gil",669431,Left,LEX_LEG,"Aldrete, Carter",666177,Right,GAS,Undefined,8,Top,2,3,2,Undefined,Four-Seam,FoulBallNotFieldable,Undefined,Undefined,Undefined,0,0,,95.19621,-0.937474,3.625504,2263.513421,147.112934,11:00,5.04144,-2.2354,6.16521,-12.34568,18.58371,-11.30879,3.14484,0.17571,85.83336,-3.353515,1.591487,0.400274,81.03107,73.505905,61.606895,5425.347222,,,,,41.73554,,,6.98555,10.21922,1.96587,50,4.96389,-8.24455,-137.95071,-2.57507,13.29764,34.17074,-12.7208,LEX_LEG,GAS,WildHealthField,Independent,ATL,20250827-WildHealthField-1,6cb3b470-83ae-11f0-af3f-87f56c6d82ca,94.16668,115.52891,,9.36284,,,,1.13964,3.00456,0.12348,c1155f88-51df-438a-a1d8-1ae778e78cfd,2025-08-28,01:29:21.99,2025-08-27T20:29:21.9976704-05:00,2025-08-28T01:29:21.9976704Z,,v3,495,5508,,"Quiroz, Isaias",657728,Right,LEX_LEG,9d69a51c-303e-4e6c-9b0a-d5c6fbdf868d,54.33408,-139.02013,17.08537,5.03825,-2.17696,-6.3604,2.23041,-8.66072,6.64882,,1.13964,16.04497,-14.69522,5.62473,-1.60434,0.40321,-0.0883,0.01435,-0.00127,3.00456,113.95472,-31.37875,4.13634,-0.67527,0.06794,0.00295,-0.00301,0.00037,0.12348,29.68317,-1.59567,-0.32278,0.23425,-0.08482,0.02353,-0.00441,0.00037,,,,,,,,,,,,,,,,,,,,,,,High,High,High,Low,Undefined,,,
281,2025-08-27,20:29:57.12,4,8,"Luna, Gil",669431,Left,LEX_LEG,"Aldrete, Carter",666177,Right,GAS,Undefined,8,Top,2,3,2,Undefined,Four-Seam,InPlay,Undefined,Popup,Out,1,0,,94.47508,-0.649067,2.983952,2198.373166,150.031637,11:00,5.02111,-2.35531,6.15738,-14.79753,16.63721,-8.9454,3.18748,-0.34146,85.07836,-3.511846,1.373625,0.40353,91.69013,71.65661,-28.912199,,,,,,76.92764,,,5.57851,9.13123,2.133,50,4.96417,-6.74888,-136.96528,-1.9669,10.44568,34.27908,-15.07595,LEX_LEG,GAS,WildHealthField,Independent,ATL,20250827-WildHealthField-1,81a5a4b0-83ae-11f0-af3f-87f56c6d82ca,93.4067,139.53271,,9.39672,,,,1.46103,3.53727,0.06269,c1155f88-51df-438a-a1d8-1ae778e78cfd,2025-08-28,01:29:57.12,2025-08-27T20:29:57.1246592-05:00,2025-08-28T01:29:57.1246592Z,,v3,495,5508,,"Quiroz, Isaias",657728,Right,LEX_LEG,76aa606c-06b7-4521-9e4c-f4f8988e5270,54.34135,-138.04754,17.13954,5.01876,-1.49093,-7.53798,2.35128,-7.07867,5.22284,175.073999,1.46108,37.04071,-19.42963,6.34293,-1.35633,0.43211,-0.3527,0.17463,-0.03202,3.53725,127.64738,-31.01942,3.97885,-0.8235,0.21637,-0.03329,-0.00965,0.00364,0.06268,-20.4599,6.24818,-1.82235,0.37719,-0.12006,0.09115,-0.04355,0.00785,,,,,,,,,,,,,,,,,,,,,,,High,High,High,High,Undefined,,,
282,2025-08-27,20:32:22.03,1,1,"Horvath, Nick",681282,Left,GAS,"Dixon, Brenden",686981,Right,LEX_LEG,Undefined,8,Bottom,0,0,0,Undefined,Four-Seam,InPlay,Undefined,LineDrive,Single,0,0,,91.47285,-1.918039,2.295368,2385.223594,145.839339,10:45,5.74786,-1.47381,5.28496,-16.07969,18.66029,-11.79048,2.60452,-0.2996,82.28162,-4.980223,0.204749,0.424215,104.0677,15.102471,-3.190127,769.874176,109.82371,23.36587,-6.22278,275.18856,275.18856,-3.095324,2.558318,6.64241,10.32107,1.27348,50,5.56174,-4.75129,-132.3868,-4.95141,11.60535,32.35688,-14.14144,LEX_LEG,GAS,WildHealthField,Independent,ATL,20250827-WildHealthField-1,d809e280-83ae-11f0-af3f-87f56c6d82ca,88.85215,25.30096,,9.19124,,,,0.64746,2.57986,0.33715,c1155f88-51df-438a-a1d8-1ae778e78cfd,2025-08-28,01:32:22.03,2025-08-27T20:32:22.0313600-05:00,2025-08-28T01:32:22.0313600Z,LineDrive,v3,495,5508,,"Olmeda, Alexis",663406,Right,GAS,69b29929-8f51-4fd1-9cc2-a346e30b92dd,55.21314,-133.65488,16.17844,5.74493,-4.3972,-7.07072,1.4686,-5.20611,5.80268,156.738262,0.64747,147.13211,-23.14952,4.68904,-1.05204,0.21801,-0.04034,0.00537,-0.00035,2.57986,39.7677,-19.1902,1.89815,-0.39155,0.08302,-0.0139,0.00181,-0.00012,0.33715,-8.20064,-0.06509,0.7813,-0.28377,0.07664,-0.01567,0.00214,-0.00014,,,,,,,,,,,,,,,,,,,,,,,High,High,High,High,High,,,
283,2025-08-27,20:32:55.07,2,1,"Horvath, Nick",681282,Left,GAS,"Fuentes, Brian",1000059283,Right,LEX_LEG,Undefined,8,Bottom,0,0,0,Undefined,Four-Seam,BallCalled,Undefined,Undefined,Undefined,0,0,,92.91221,-0.846832,0.442754,2405.430296,145.356527,10:45,5.77028,-1.42712,5.54246,-12.85288,20.32037,-13.22938,3.90766,-2.11575,83.77911,-3.339331,-1.915841,0.414539,,,,,,,,,,,,6.75981,10.82713,1.39749,50,5.68864,-0.41277,-134.7151,-2.34267,12.26827,32.65512,-12.52404,LEX_LEG,GAS,WildHealthField,Independent,ATL,20250827-WildHealthField-1,eb9fec40-83ae-11f0-af3f-87f56c6d82ca,90.92611,,,9.1331,,,,,,,c1155f88-51df-438a-a1d8-1ae778e78cfd,2025-08-28,01:32:55.07,2025-08-27T20:32:55.0769664-05:00,2025-08-28T01:32:55.0769664Z,,v3,495,5508,,"Olmeda, Alexis",663406,Right,GAS,5ed34500-fad1-4541-a05a-4d7064be34c4,54.9546,-135.9108,16.32756,5.76602,-1.88409,-6.26202,1.42083,-0.86198,6.13413,,,,,,,,,,,,,,,,,,,,,,,,,,,,,,,,,,,,,,,,,,,,,,,,,,,High,High,High,,,,,
284,2025-08-27,20:33:10.53,2,2,"Horvath, Nick",681282,Left,GAS,"Fuentes, Brian",1000059283,Right,LEX_LEG,Undefined,8,Bottom,0,1,0,Undefined,Changeup,BallCalled,Undefined,Undefined,Undefined,0,0,,87.06352,-1.817332,1.780356,1638.937387,105.580523,9:30,5.58432,-1.39224,5.42972,-31.56801,6.35237,-18.04099,1.25018,-1.22767,79.11441,-7.620422,-1.434094,0.443208,,,,,,,,,,,,9.58111,4.16512,1.24708,50,5.40152,-3.12041,-126.17599,-5.15145,15.28016,28.24183,-25.53139,LEX_LEG,GAS,WildHealthField,Independent,ATL,20250827-WildHealthField-1,f4dda540-83ae-11f0-af3f-87f56c6d82ca,85.04453,,,7.94911,,,,,,,c1155f88-51df-438a-a1d8-1ae778e78cfd,2025-08-28,01:33:10.53,2025-08-27T20:33:10.5344000-05:00,2025-08-28T01:33:10.5344000Z,,v3,495,5508,,"Olmeda, Alexis",663406,Right,GAS,b4bdb1ec-530b-4848-8a80-21ced1df5ca4,55.06953,-127.30564,14.12092,5.58715,-4.13021,-12.7657,1.38412,-3.7316,7.64008,,,,,,,,,,,,,,,,,,,,,,,,,,,,,,,,,,,,,,,,,,,,,,,,,,,High,High,High,,,,,
285,2025-08-27,20:33:27.35,2,3,"Horvath, Nick",681282,Left,GAS,"Fuentes, Brian",1000059283,Right,LEX_LEG,Undefined,8,Bottom,0,2,0,Undefined,Four-Seam,StrikeCalled,Undefined,Undefined,Undefined,0,0,,92.50866,-1.83663,1.592535,2309.243548,146.925447,11:00,5.67079,-1.43358,5.44419,-14.4956,19.25592,-11.72733,2.74188,-0.91934,83.16735,-4.622476,-0.494139,0.418137,,,,,,,,,,,,6.36268,10.60457,1.30093,50,5.49879,-3.16253,-133.95016,-4.7266,11.37928,33.15977,-13.20844,LEX_LEG,GAS,WildHealthField,Independent,ATL,20250827-WildHealthField-1,fedc1630-83ae-11f0-af3f-87f56c6d82ca,90.14382,,,9.34131,,,,,,,c1155f88-51df-438a-a1d8-1ae778e78cfd,2025-08-28,01:33:27.35,2025-08-27T20:33:27.3516544-05:00,2025-08-28T01:33:27.3516544Z,,v3,495,5508,,"Olmeda, Alexis",663406,Right,GAS,b12fd328-eb40-42a6-b57d-ce016fa3a4ee,55.05219,-135.19506,16.57989,5.66693,-4.23072,-6.60422,1.42767,-3.58974,5.68964,,,,,,,,,,,,,,,,,,,,,,,,,,,,,,,,,,,,,,,,,,,,,,,,,,,High,High,High,,,,,
286,2025-08-27,20:33:46.09,2,4,"Horvath, Nick",681282,Left,GAS,"Fuentes, Brian",1000059283,Right,LEX_LEG,Undefined,8,Bottom,0,2,1,Undefined,Cutter,StrikeCalled,Undefined,Undefined,Undefined,0,0,,87.34584,-1.13594,0.964891,2446.052088,182.009755,12:00,5.50341,-1.54615,5.43502,-29.82864,7.53496,0.22185,1.95361,-0.62396,79.81896,-6.624698,1.004404,0.439942,,,,,,,,,,,,0.165,4.49945,1.46054,50,5.3824,-2.14414,-126.72331,-3.59272,0.26759,26.57869,-24.87808,LEX_LEG,GAS,WildHealthField,Independent,ATL,20250827-WildHealthField-1,0a0d3ac0-83af-11f0-af3f-87f56c6d82ca,85.67586,,,7.52688,,,,,,,c1155f88-51df-438a-a1d8-1ae778e78cfd,2025-08-28,01:33:46.09,2025-08-27T20:33:46.0901888-05:00,2025-08-28T01:33:46.0901888Z,,v3,495,5508,,"Olmeda, Alexis",663406,Right,GAS,8ee6d65e-8814-4399-b198-0746401e4f86,55.0634,-127.78088,13.28935,5.50566,-2.60281,-12.43904,1.54607,-2.15479,0.13379,,,,,,,,,,,,,,,,,,,,,,,,,,,,,,,,,,,,,,,,,,,,,,,,,,,High,High,High,,,,,
287,2025-08-27,20:34:04.06,2,5,"Horvath, Nick",681282,Left,GAS,"Fuentes, Brian",1000059283,Right,LEX_LEG,Undefined,8,Bottom,0,2,2,Undefined,Cutter,StrikeSwinging,Strikeout,Undefined,Undefined,0,0,,87.35109,-2.614474,2.787228,2498.882785,192.272104,12:30,5.50391,-1.60255,5.52159,-29.83761,7.30296,1.3415,0.56838,1.11729,80.53505,-8.067711,3.026191,0.438627,,,,,,,,,,,,0.06898,4.72146,1.35882,50,5.25586,-6.22145,-126.63921,-6.84969,0.11231,25.22257,-24.48635,LEX_LEG,GAS,WildHealthField,Independent,ATL,20250827-WildHealthField-1,14df0140-83af-11f0-af3f-87f56c6d82ca,85.93272,,,6.81604,,,,,,,c1155f88-51df-438a-a1d8-1ae778e78cfd,2025-08-28,01:34:04.06,2025-08-27T20:34:04.0646144-05:00,2025-08-28T01:34:04.0646144Z,,v3,495,5508,,"Olmeda, Alexis",663406,Right,GAS,ae706303-1959-476b-b395-5d02d021f1f8,54.98035,-127.62729,12.61128,5.5054,-5.89046,-12.24318,1.60262,-6.22585,0.05615,,,,,,,,,,,,,,,,,,,,,,,,,,,,,,,,,,,,,,,,,,,,,,,,,,,High,High,High,,,,,
288,2025-08-27,20:34:32.89,3,1,"Horvath, Nick",681282,Left,GAS,"Quiroz, Isaias",657728,Right,LEX_LEG,Undefined,8,Bottom,1,0,0,Undefined,Sinker,FoulBallNotFieldable,Undefined,Undefined,Undefined,0,0,,92.59586,-1.629542,2.657421,2262.37738,132.906034,10:30,5.4693,-1.52899,5.3077,-19.94056,13.95843,-13.66698,2.27587,-0.17157,83.28093,-5.371462,0.233113,0.419049,,,,,,,,,,,,7.71347,7.87634,1.29801,50,5.30726,-5.57042,-134.00319,-4.52365,13.79747,33.35043,-18.08526,LEX_LEG,GAS,WildHealthField,Independent,ATL,20250827-WildHealthField-1,26076660-83af-11f0-af3f-87f56c6d82ca,89.94754,,,9.31494,,,,,,,c1155f88-51df-438a-a1d8-1ae778e78cfd,2025-08-28,01:34:32.89,2025-08-27T20:34:32.8916480-05:00,2025-08-28T01:34:32.8916480Z,,v3,495,5508,,"Olmeda, Alexis",663406,Right,GAS,f1355831-e38b-4ba6-a659-7d936db45e5d,55.19073,-135.28888,16.67522,5.46822,-3.82645,-9.04263,1.52301,-6.10233,6.89874,,,,,,,,,,,,,,,,,,,,,,,,,,,,,,,,,,,,,,,,,,,,,,,,,,,High,High,High,,,,,
289,2025-08-27,20:34:56.39,3,2,"Horvath, Nick",681282,Left,GAS,"Quiroz, Isaias",657728,Right,LEX_LEG,Undefined,8,Bottom,1,0,1,Undefined,Slider,StrikeCalled,Undefined,Undefined,Undefined,0,0,,85.13724,-0.129682,1.132131,2511.837437,320.01392,4:45,5.63512,-1.59275,5.12991,-41.74392,-0.94772,2.1626,2.0343,-0.34614,76.0407,-7.763036,1.515366,0.459707,,,,,,,,,,,,-0.6539,0.10039,1.48473,50,5.59123,-2.53251,-123.13179,-1.88403,-0.97485,31.0437,-32.02438,LEX_LEG,GAS,WildHealthField,Independent,ATL,20250827-WildHealthField-1,33f42880-83af-11f0-af3f-87f56c6d82ca,81.99227,,,9.09654,,,,,,,c1155f88-51df-438a-a1d8-1ae778e78cfd,2025-08-28,01:34:56.39,2025-08-27T20:34:56.3922432-05:00,2025-08-28T01:34:56.3922432Z,,v3,495,5508,,"Olmeda, Alexis",663406,Right,GAS,e5b923b4-cbf9-41dd-9cfb-58ac7f1d9e1f,55.36534,-124.47714,15.52185,5.64281,-0.49618,-16.01219,1.59357,-2.49027,-0.48742,,,,,,,,,,,,,,,,,,,,,,,,,,,,,,,,,,,,,,,,,,,,,,,,,,,High,High,High,,,,,
290,2025-08-27,20:35:14.57,3,3,"Horvath, Nick",681282,Left,GAS,"Quiroz, Isaias",657728,Right,LEX_LEG,Undefined,8,Bottom,1,0,2,Undefined,Four-Seam,BallCalled,Undefined,Undefined,Undefined,0,0,,93.33792,0.898053,0.484376,2291.765881,146.706606,11:00,5.792,-1.54203,5.39901,-14.84198,18.49068,-11.32154,5.39684,-2.03156,83.35752,-1.964862,-1.528459,0.415534,,,,,,,,,,,,5.76768,9.28162,1.50672,50,5.86215,-0.58337,-135.14133,1.67383,10.44876,35.05352,-15.35936,LEX_LEG,GAS,WildHealthField,Independent,ATL,20250827-WildHealthField-1,3ec5ef00-83af-11f0-af3f-87f56c6d82ca,90.70848,,,9.98039,,,,,,,c1155f88-51df-438a-a1d8-1ae778e78cfd,2025-08-28,01:35:14.57,2025-08-27T20:35:14.5722880-05:00,2025-08-28T01:35:14.5722880Z,,v3,495,5508,,"Olmeda, Alexis",663406,Right,GAS,fbdd8bf9-807d-42bd-9591-f35cfeddbdcd,55.09536,-136.45659,17.52676,5.78854,2.25013,-7.67968,1.53596,-0.97542,5.22438,,,,,,,,,,,,,,,,,,,,,,,,,,,,,,,,,,,,,,,,,,,,,,,,,,,High,High,High,,,,,
291,2025-08-27,20:35:35.65,3,4,"Horvath, Nick",681282,Left,GAS,"Quiroz, Isaias",657728,Right,LEX_LEG,Undefined,8,Bottom,1,1,2,Undefined,Four-Seam,BallCalled,Undefined,Undefined,Undefined,0,0,,92.63863,0.603429,1.828707,2319.424079,149.374708,11:00,5.78706,-1.34238,5.59474,-14.40513,19.12324,-10.58568,5.15036,-0.51648,82.90419,-2.188212,-0.059154,0.416752,,,,,,,,,,,,5.85973,9.75319,1.19207,50,5.82963,-3.77041,-134.14644,1.01367,10.48877,33.8075,-14.71611,LEX_LEG,GAS,WildHealthField,Independent,ATL,20250827-WildHealthField-1,4b53e470-83af-11f0-af3f-87f56c6d82ca,90.44335,,,9.73444,,,,,,,c1155f88-51df-438a-a1d8-1ae778e78cfd,2025-08-28,01:35:35.65,2025-08-27T20:35:35.6572672-05:00,2025-08-28T01:35:35.6572672Z,,v3,495,5508,,"Olmeda, Alexis",663406,Right,GAS,682f072d-b354-4527-8d8c-61997bd7b02d,54.89924,-135.37551,16.90375,5.78305,1.54868,-7.35805,1.33607,-4.15173,5.24438,,,,,,,,,,,,,,,,,,,,,,,,,,,,,,,,,,,,,,,,,,,,,,,,,,,High,High,High,,,,,
292,2025-08-27,20:35:55.37,3,5,"Horvath, Nick",681282,Left,GAS,"Quiroz, Isaias",657728,Right,LEX_LEG,Undefined,8,Bottom,1,2,2,Undefined,Slider,BallCalled,Undefined,Undefined,Undefined,0,0,,84.37512,1.34107,-0.598657,2572.766258,299.581749,4:00,5.52007,-1.59533,5.09073,-43.60983,-2.33748,6.84933,3.15017,-1.58881,75.73028,-6.621348,0.613479,0.462382,,,,,,,,,,,,-3.57445,-1.10961,1.64638,50,5.61306,0.96473,-122.13424,1.17767,-5.28622,28.74536,-33.81502,LEX_LEG,GAS,WildHealthField,Independent,ATL,20250827-WildHealthField-1,571cdc30-83af-11f0-af3f-87f56c6d82ca,81.51797,,,8.64484,,,,,,,c1155f88-51df-438a-a1d8-1ae778e78cfd,2025-08-28,01:35:55.37,2025-08-27T20:35:55.3749504-05:00,2025-08-28T01:35:55.3749504Z,,v3,495,5508,,"Olmeda, Alexis",663406,Right,GAS,bc1b399c-034e-4272-9e07-daf155726351,55.40644,-123.40013,14.37268,5.52841,2.66682,-16.90751,1.59877,1.19753,-2.64311,,,,,,,,,,,,,,,,,,,,,,,,,,,,,,,,,,,,,,,,,,,,,,,,,,,High,High,High,,,,,
293,2025-08-27,20:36:34.72,3,6,"Horvath, Nick",681282,Left,GAS,"Quiroz, Isaias",657728,Right,LEX_LEG,Undefined,8,Bottom,1,3,2,Undefined,Cutter,InPlay,Undefined,FlyBall,Out,1,0,,87.4719,-0.606182,0.872629,2440.11866,211.097163,1:00,5.5618,-1.6592,5.44584,-30.56163,6.83996,3.36355,2.44735,-0.5618,79.53406,-6.241511,1.471685,0.440166,93.90373,38.639895,-7.857929,2926.972362,109.07786,82.42849,-14.21109,336.01084,334.30068,-7.543596,5.753392,-1.43559,3.98992,1.57968,50,5.48732,-2.0793,-126.89146,-2.44443,-2.32087,28.01323,-25.72369,LEX_LEG,GAS,WildHealthField,Independent,ATL,20250827-WildHealthField-1,6ea88a20-83af-11f0-af3f-87f56c6d82ca,85.63234,113.99042,,7.93784,,,,1.85682,2.5432,0.57395,c1155f88-51df-438a-a1d8-1ae778e78cfd,2025-08-28,01:36:34.72,2025-08-27T20:36:34.7295744-05:00,2025-08-28T01:36:34.7295744Z,FlyBall,v3,495,5508,,"Olmeda, Alexis",663406,Right,GAS,419e58b7-a6c0-4e12-9abf-6f2cad923dd2,55.05374,-128.00229,14.00662,5.56403,-1.42439,-12.86185,1.6603,-1.98727,-1.16043,179.939588,1.86264,106.45537,-21.60954,4.73232,-0.68358,0.04528,0.0017,-0.00037,1E-05,2.54165,86.02742,-19.41981,1.66802,-0.32691,0.03699,0.00176,-0.00085,6E-05,0.57308,-14.69167,2.9673,-0.62818,0.08826,-0.00573,-0.00013,2E-05,0,,,,,,,,,,,,,,,,,,,,,,,High,High,High,High,Medium,,,
294,2025-08-27,20:37:31.62,4,1,"Horvath, Nick",681282,Left,GAS,"Washington, Xane",1000026055,Right,LEX_LEG,Undefined,8,Bottom,2,0,0,Undefined,Slider,StrikeSwinging,Undefined,Undefined,Undefined,0,0,,86.62932,-0.241151,1.919156,2432.909955,159.083948,11:15,5.62812,-1.56647,5.31059,-32.86301,5.40579,-1.58189,2.66305,0.10381,78.92009,-6.270695,1.638317,0.44524,,,,,,,,,,,,1.35311,3.16839,1.39348,50,5.58262,-4.13852,-125.60918,-1.74454,2.15022,26.71675,-27.13923,LEX_LEG,GAS,WildHealthField,Independent,ATL,20250827-WildHealthField-1,9090ce90-83af-11f0-af3f-87f56c6d82ca,84.6565,,,7.70923,,,,,,,c1155f88-51df-438a-a1d8-1ae778e78cfd,2025-08-28,01:37:31.62,2025-08-27T20:37:31.6272128-05:00,2025-08-28T01:37:31.6272128Z,,v3,495,5508,,"Olmeda, Alexis",663406,Right,GAS,406e3872-e426-4ea1-b5e7-01a9f27c6b9f,55.18816,-126.70788,13.35837,5.63141,-0.62847,-13.56961,1.5655,-4.22694,1.07511,,,,,,,,,,,,,,,,,,,,,,,,,,,,,,,,,,,,,,,,,,,,,,,,,,,High,High,High,,,,,
295,2025-08-27,20:37:47.95,4,2,"Horvath, Nick",681282,Left,GAS,"Washington, Xane",1000026055,Right,LEX_LEG,Undefined,8,Bottom,2,0,1,Undefined,Slider,StrikeSwinging,Undefined,Undefined,Undefined,0,0,,86.02756,-1.291578,1.179967,2479.436274,172.665964,11:45,5.46232,-1.52515,5.33813,-30.94576,7.77146,-0.83614,1.67132,-0.48765,78.56147,-6.974103,1.031303,0.447841,,,,,,,,,,,,0.76114,4.66103,1.41927,50,5.32375,-2.53321,-124.76695,-3.92997,1.19467,26.10489,-24.85826,LEX_LEG,GAS,WildHealthField,Independent,ATL,20250827-WildHealthField-1,9a370d60-83af-11f0-af3f-87f56c6d82ca,84.16485,,,7.46608,,,,,,,c1155f88-51df-438a-a1d8-1ae778e78cfd,2025-08-28,01:37:47.95,2025-08-27T20:37:47.9537664-05:00,2025-08-28T01:37:47.9537664Z,,v3,495,5508,,"Olmeda, Alexis",663406,Right,GAS,36292f7a-be25-4b85-a1f3-f6ae1916204b,55.16072,-125.84209,13.05244,5.46452,-2.90617,-12.42913,1.52462,-2.58241,0.59733,,,,,,,,,,,,,,,,,,,,,,,,,,,,,,,,,,,,,,,,,,,,,,,,,,,High,High,High,,,,,
296,2025-08-27,20:38:24.68,4,3,"Horvath, Nick",681282,Left,GAS,"Washington, Xane",1000026055,Right,LEX_LEG,Undefined,8,Bottom,2,0,2,Undefined,Cutter,StrikeSwinging,Strikeout,Undefined,Undefined,0,0,,86.99939,-2.59608,2.046979,2501.973689,178.261752,12:00,5.52671,-1.61435,5.48212,-29.60065,7.93225,-0.20504,0.62772,0.28466,80.02076,-8.015076,2.010438,0.440938,,,,,,,,,,,,0.66894,5.0624,1.43485,50,5.27855,-4.50031,-126.15455,-6.77561,1.07882,25.48202,-24.00953,LEX_LEG,GAS,WildHealthField,Independent,ATL,20250827-WildHealthField-1,b031bb10-83af-11f0-af3f-87f56c6d82ca,85.48244,,,6.97863,,,,,,,c1155f88-51df-438a-a1d8-1ae778e78cfd,2025-08-28,01:38:24.68,2025-08-27T20:38:24.6889984-05:00,2025-08-28T01:38:24.6889984Z,,v3,495,5508,,"Olmeda, Alexis",663406,Right,GAS,771aa6a4-afed-4987-8fa2-426bb9123625,55.01899,-127.1643,12.74101,5.52819,-5.82421,-12.00476,1.61403,-4.54306,0.53941,,,,,,,,,,,,,,,,,,,,,,,,,,,,,,,,,,,,,,,,,,,,,,,,,,,High,High,High,,,,,
297,2025-08-27,20:40:42.75,1,1,"Luna, Gil",669431,Left,LEX_LEG,"Guthrie, Dalton",656495,Right,GAS,Undefined,9,Top,0,0,0,Undefined,Sinker,StrikeSwinging,Undefined,Undefined,Undefined,0,0,,95.05207,-0.731242,3.547186,2281.673582,129.343481,10:15,5.16433,-2.58191,5.94607,-16.9795,14.65753,-16.37446,3.06976,-0.65198,84.75822,-3.993931,0.612112,0.404827,,,,,,,,,,,,9.52473,8.08674,2.30784,50,5.09658,-7.7557,-137.52272,-2.27831,17.81764,37.09092,-17.04639,LEX_LEG,GAS,WildHealthField,Independent,ATL,20250827-WildHealthField-1,025b8380-83b0-11f0-af3f-87f56c6d82ca,93.10754,,,10.29385,,,,,,,c1155f88-51df-438a-a1d8-1ae778e78cfd,2025-08-28,01:40:42.75,2025-08-27T20:40:42.7532288-05:00,2025-08-28T01:40:42.7532288Z,,v3,495,5508,,"Quiroz, Isaias",657728,Right,LEX_LEG,bbeb28ae-041f-48ed-9990-b85ac1de3739,54.54999,-138.74446,18.54546,5.16238,-1.71681,-8.5232,2.57297,-8.34259,8.90882,,,,,,,,,,,,,,,,,,,,,,,,,,,,,,,,,,,,,,,,,,,,,,,,,,,High,High,High,,,,,
298,2025-08-27,20:40:59.82,1,2,"Luna, Gil",669431,Left,LEX_LEG,"Guthrie, Dalton",656495,Right,GAS,Undefined,9,Top,0,0,1,Undefined,Slider,BallCalled,Undefined,Undefined,Undefined,0,0,,81.89622,-0.611448,2.340164,1867.243217,103.705341,9:30,4.99019,-2.59863,5.55597,-40.54408,2.14626,-2.71441,1.0397,-0.63702,74.46415,-8.05099,1.8558,0.470258,,,,,,,,,,,,2.10331,1.71961,2.39808,50,4.91072,-4.74032,-118.70177,-2.65756,2.96504,25.25761,-29.74989,LEX_LEG,GAS,WildHealthField,Independent,ATL,20250827-WildHealthField-1,0cb50cc0-83b0-11f0-af3f-87f56c6d82ca,80.15269,,,7.43207,,,,,,,c1155f88-51df-438a-a1d8-1ae778e78cfd,2025-08-28,01:40:59.82,2025-08-27T20:40:59.8271488-05:00,2025-08-28T01:40:59.8271488Z,,v3,495,5508,,"Quiroz, Isaias",657728,Right,LEX_LEG,e304c887-cc5a-4baf-95b5-7520b3b9ab66,54.94313,-119.74896,12.62881,4.99533,-1.42412,-14.87495,2.59716,-4.86325,1.48252,,,,,,,,,,,,,,,,,,,,,,,,,,,,,,,,,,,,,,,,,,,,,,,,,,,High,High,High,,,,,
299,2025-08-27,20:41:22.18,1,3,"Luna, Gil",669431,Left,LEX_LEG,"Guthrie, Dalton",656495,Right,GAS,Undefined,9,Top,0,1,1,Undefined,Four-Seam,BallCalled,Undefined,Undefined,Undefined,0,0,,95.07143,-0.000941,2.788001,2323.643094,141.848196,10:45,5.08136,-2.49392,6.03683,-13.28934,17.99273,-13.23079,3.97304,-1.01281,85.22248,-2.596008,0.410649,0.402549,,,,,,,,,,,,7.63567,9.53501,2.2828,50,5.07397,-6.09455,-137.75497,-0.34772,14.42208,35.47211,-14.16462,LEX_LEG,GAS,WildHealthField,Independent,ATL,20250827-WildHealthField-1,19e16510-83b0-11f0-af3f-87f56c6d82ca,93.63431,,,9.84895,,,,,,,c1155f88-51df-438a-a1d8-1ae778e78cfd,2025-08-28,01:41:22.18,2025-08-27T20:41:22.1819904-05:00,2025-08-28T01:41:22.1819904Z,,v3,495,5508,,"Quiroz, Isaias",657728,Right,LEX_LEG,7f86fee7-dc8a-4d01-99d9-b2b99ad574e6,54.45948,-138.89855,17.73606,5.07782,0.10893,-7.08231,2.48677,-6.55949,7.21104,,,,,,,,,,,,,,,,,,,,,,,,,,,,,,,,,,,,,,,,,,,,,,,,,,,High,High,High,,,,,
300,2025-08-27,20:41:40.41,1,4,"Luna, Gil",669431,Left,LEX_LEG,"Guthrie, Dalton",656495,Right,GAS,Undefined,9,Top,0,2,1,Undefined,Four-Seam,StrikeCalled,Undefined,Undefined,Undefined,0,0,,95.35089,-2.184122,4.171483,2324.026294,132.518372,10:30,5.14174,-2.23957,6.07245,-16.18946,15.08493,-15.13859,1.76516,0.36584,85.3627,-5.297465,1.454346,0.4025,,,,,,,,,,,,9.17445,8.83874,1.92384,50,4.96358,-9.36814,-137.86142,-5.75343,17.29345,36.52461,-15.51334,LEX_LEG,GAS,WildHealthField,Independent,ATL,20250827-WildHealthField-1,24d580a0-83b0-11f0-af3f-87f56c6d82ca,93.64583,,,9.98818,,,,,,,c1155f88-51df-438a-a1d8-1ae778e78cfd,2025-08-28,01:41:40.41,2025-08-27T20:41:40.4139008-05:00,2025-08-28T01:41:40.4139008Z,,v3,495,5508,,"Quiroz, Isaias",657728,Right,LEX_LEG,36c903cf-6bfa-4966-ab2b-74bb21b25e7b,54.42529,-139.0289,18.26231,5.13956,-5.25756,-7.75667,2.23212,-9.92092,8.64673,,,,,,,,,,,,,,,,,,,,,,,,,,,,,,,,,,,,,,,,,,,,,,,,,,,High,High,High,,,,,
301,2025-08-27,20:42:01.22,1,5,"Luna, Gil",669431,Left,LEX_LEG,"Guthrie, Dalton",656495,Right,GAS,Undefined,9,Top,0,2,2,Undefined,Changeup,StrikeSwinging,Strikeout,Undefined,Undefined,0,0,,82.80945,1.456245,2.167662,1249.987252,64.48424,8:15,4.99342,-2.3049,5.59658,-44.13624,-2.3028,-7.95713,2.67631,-0.94315,74.75894,-6.660853,0.747699,0.465515,,,,,,,,,,,,4.70437,-1.16126,2.1242,50,5.09001,-4.20943,-119.98758,1.49731,6.75229,26.56302,-33.84084,LEX_LEG,GAS,WildHealthField,Independent,ATL,20250827-WildHealthField-1,31498570-83b0-11f0-af3f-87f56c6d82ca,80.9694,,,8.05051,,,,,,,c1155f88-51df-438a-a1d8-1ae778e78cfd,2025-08-28,01:42:01.22,2025-08-27T20:42:01.2260000-05:00,2025-08-28T01:42:01.2260000Z,,v3,495,5508,,"Quiroz, Isaias",657728,Right,LEX_LEG,80a39f25-b945-4043-bb8f-ea4752e33c9b,54.90244,-121.06803,13.28151,5.00111,2.87378,-16.92042,2.301,-4.48408,3.37615,,,,,,,,,,,,,,,,,,,,,,,,,,,,,75.25865,2.708017,1.810483,0.897534,-0.0248,2.5049,0.92482,-2.64671,5.9396,5.26069,73.91196,4.94306,50.87836,-2.5634,94.46571,-10.33276,5.93733,8.28476,-10.4643,5.28584,54.14659,-3.73622,High,High,High,,,High,High,High
302,2025-08-27,20:42:39.64,2,1,"Luna, Gil",669431,Left,LEX_LEG,"De La Rosa, Eric",680763,Right,GAS,Undefined,9,Top,1,0,0,Undefined,Four-Seam,BallCalled,Undefined,Undefined,Undefined,0,0,,95.6571,-0.820967,2.706584,2362.796664,139.417812,10:45,5.01022,-2.29088,6.13923,-13.04052,17.64391,-14.16658,3.16388,-0.96816,86.06788,-3.36472,0.155561,0.398686,,,,,,,,,,,,8.11012,9.65607,2.09112,50,4.94062,-5.90985,-138.68306,-2.3282,15.57047,35.12545,-13.63553,LEX_LEG,GAS,WildHealthField,Independent,ATL,20250827-WildHealthField-1,48274020-83b0-11f0-af3f-87f56c6d82ca,94.54177,,,9.58923,,,,,,,c1155f88-51df-438a-a1d8-1ae778e78cfd,2025-08-28,01:42:39.64,2025-08-27T20:42:39.6403712-05:00,2025-08-28T01:42:39.6403712Z,,v3,495,5508,,"Quiroz, Isaias",657728,Right,LEX_LEG,4875ba1d-170b-44a5-8fc5-658c539c05c8,54.35828,-139.78256,17.56272,5.00682,-1.90138,-6.81777,2.28374,-6.39724,7.78523,,,,,,,,,,,,,,,,,,,,,,,,,,,,,,,,,,,,,,,,,,,,,,,,,,,High,High,High,,,,,
303,2025-08-27,20:42:58.81,2,2,"Luna, Gil",669431,Left,LEX_LEG,"De La Rosa, Eric",680763,Right,GAS,Undefined,9,Top,1,1,0,Undefined,Four-Seam,InPlay,Undefined,GroundBall,Out,1,0,,94.3655,-2.266412,3.973561,2322.180526,143.758115,10:45,5.09542,-2.1978,6.15045,-11.77056,19.87178,-13.71237,2.01423,0.33697,84.89332,-4.585096,1.509009,0.404861,46.04966,-46.85081,47.123666,,,,,4.79521,4.79521,14.461524,0.043531,8.40024,11.35335,1.90216,50,4.91657,-8.89534,-136.58258,-5.70262,15.62519,34.37735,-11.05584,LEX_LEG,GAS,WildHealthField,Independent,ATL,20250827-WildHealthField-1,53917610-83b0-11f0-af3f-87f56c6d82ca,93.09974,2.16087,,9.47218,,,,3.26503,2.16087,-0.28689,c1155f88-51df-438a-a1d8-1ae778e78cfd,2025-08-28,01:42:58.81,2025-08-27T20:42:58.8147200-05:00,2025-08-28T01:42:58.8147200Z,GroundBall,v3,495,5508,,"Quiroz, Isaias",657728,Right,LEX_LEG,9f0ba11b-903f-461b-84d1-8c79ab698c03,54.34942,-137.67296,17.18868,5.09188,-5.35195,-5.52792,2.19216,-9.39094,7.8126,,3.2634,31.66145,,,,,,,,2.16343,-49.64004,,,,,,,,-0.28865,34.10001,,,,,,,,,,,,,,,,,,,,,,,,,,,,,,High,High,High,Estimated,Estimated,,,
304,2025-08-27,20:43:50.07,3,1,"Luna, Gil",669431,Left,LEX_LEG,"Crook, Narciso",643271,Right,GAS,Undefined,9,Top,2,0,0,Undefined,Changeup,BallCalled,Undefined,Undefined,Undefined,0,0,,81.59244,2.761156,2.744922,1207.642038,73.848494,8:30,4.94834,-2.38553,5.7077,-42.81475,0.0398,-4.97886,3.95804,-0.24096,73.69993,-5.14093,1.856516,0.471162,,,,,,,,,,,,3.35957,-0.34988,2.15842,50,5.15394,-5.4599,-118.12301,4.25308,4.69383,24.83945,-32.66289,LEX_LEG,GAS,WildHealthField,Independent,ATL,20250827-WildHealthField-1,720eca20-83b0-11f0-af3f-87f56c6d82ca,79.99897,,,7.89251,,,,,,,c1155f88-51df-438a-a1d8-1ae778e78cfd,2025-08-28,01:43:50.07,2025-08-27T20:43:50.0755456-05:00,2025-08-28T01:43:50.0755456Z,,v3,495,5508,,"Quiroz, Isaias",657728,Right,LEX_LEG,39ce0002-d348-46b0-900e-9b329a8067d1,54.79077,-119.12617,12.41973,4.95553,5.5722,-16.33145,2.38275,-5.64946,2.34691,,,,,,,,,,,,,,,,,,,,,,,,,,,,,,,,,,,,,,,,,,,,,,,,,,,High,High,High,,,,,
305,2025-08-27,20:44:07.30,3,2,"Luna, Gil",669431,Left,LEX_LEG,"Crook, Narciso",643271,Right,GAS,Undefined,9,Top,2,1,0,Undefined,Four-Seam,InPlay,Undefined,GroundBall,Error,0,0,,94.95921,-1.819177,3.851387,2256.161397,135.616953,10:30,5.04139,-2.33945,6.03188,-14.59146,16.99733,-15.43406,2.13637,-0.05359,84.8469,-4.651797,1.082045,0.404518,105.13146,2.264896,-17.793178,3104.265316,,,,82.43194,73.9345,-20.43658,0.569938,9.24721,9.70445,2.04635,50,4.89113,-8.55004,-137.35695,-4.7816,17.2738,36.72963,-14.04612,LEX_LEG,GAS,WildHealthField,Independent,ATL,20250827-WildHealthField-1,7c617590-83b0-11f0-af3f-87f56c6d82ca,93.17866,2.72583,,10.1123,,,,1.74745,2.22074,0.01234,c1155f88-51df-438a-a1d8-1ae778e78cfd,2025-08-28,01:44:07.30,2025-08-27T20:44:07.3005568-05:00,2025-08-28T01:44:07.3005568Z,GroundBall,v3,495,5508,,"Quiroz, Isaias",657728,Right,LEX_LEG,7d4182cc-445a-42dc-91c0-105108bbfb7f,54.46614,-138.54606,18.36481,5.03857,-4.32686,-7.02306,2.33221,-9.10927,8.6369,84.903809,1.78225,145.88053,-23.74859,,,,,,,2.23633,5.72514,-16.97481,,,,,,,0.0346,-47.61309,-5.23744,,,,,,,,,,,,,,,,,,,,,,,,,,,,,High,High,High,High,High,,,
306,2025-08-27,20:44:41.88,4,1,"Luna, Gil",669431,Left,LEX_LEG,"Reinheimer, Jack",595373,Right,GAS,Undefined,9,Top,2,0,0,Undefined,Splitter,BallCalled,Undefined,Undefined,Undefined,0,0,,84.20277,-1.933585,5.365209,2148.99338,132.472944,10:30,4.77074,-2.4396,6.71123,-23.03812,16.06198,-15.93765,1.07473,1.15158,75.77926,-6.36073,2.477274,0.450049,,,,,,,,,,,,10.20804,9.54115,2.08866,50,4.63281,-10.86443,-121.75099,-4.69375,15.04942,27.87573,-18.1078,LEX_LEG,GAS,WildHealthField,Independent,ATL,20250827-WildHealthField-1,910c98d0-83b0-11f0-af3f-87f56c6d82ca,83.75177,,,8.42351,,,,,,,c1155f88-51df-438a-a1d8-1ae778e78cfd,2025-08-28,01:44:41.88,2025-08-27T20:44:41.8817024-05:00,2025-08-28T01:44:41.8817024Z,,v3,495,5508,,"Quiroz, Isaias",657728,Right,LEX_LEG,d5aa8824-6426-4926-bfa3-38aa69ef6d14,53.78826,-122.61527,13.93787,4.76963,-4.13232,-9.0539,2.43275,-11.33103,7.52471,,,,,,,,,,,,,,,,,,,,,,,,,,,,,,,,,,,,,,,,,,,,,,,,,,,High,High,High,,,,,
307,2025-08-27,20:45:13.61,4,2,"Luna, Gil",669431,Left,LEX_LEG,"Reinheimer, Jack",595373,Right,GAS,Undefined,9,Top,2,1,0,Undefined,Four-Seam,FoulBallNotFieldable,Undefined,Undefined,Undefined,0,0,,92.6973,-0.967598,3.37351,2363.106991,138.501936,10:30,5.10842,-2.0664,6.2258,-17.46989,15.46186,-12.53733,2.75817,0.0051,82.67308,-4.342911,1.114189,0.413027,86.1929,64.140282,38.028635,,57.7266,137.92853,93.63567,161.51503,79.47528,61.161831,5.964868,7.64386,8.69835,1.81982,50,5.02732,-7.36472,-134.19468,-2.76157,13.59344,35.74354,-16.70531,LEX_LEG,GAS,WildHealthField,Independent,ATL,20250827-WildHealthField-1,a3ea4f10-83b0-11f0-af3f-87f56c6d82ca,91.25897,147.21344,,10.02422,,,,0.85953,2.67764,-0.51671,c1155f88-51df-438a-a1d8-1ae778e78cfd,2025-08-28,01:45:13.61,2025-08-27T20:45:13.6193536-05:00,2025-08-28T01:45:13.6193536Z,Popup,v3,495,5508,,"Quiroz, Isaias",657728,Right,LEX_LEG,5daffea0-b867-4a48-aa98-beadfc7c48b2,54.27086,-135.32746,17.87177,5.10645,-2.23215,-8.35265,2.06005,-7.79552,6.79672,196.966,0.84819,43.56383,-19.42163,6.31358,-1.23461,0.06725,0.02712,-0.00568,0.00033,2.64691,114.26955,-30.03311,5.55176,-2.05177,0.60809,-0.10945,0.01025,-0.00038,-0.50954,33.85456,-3.0127,-0.1139,0.32611,-0.11851,0.02132,-0.00192,7E-05,,,,,,,,,,,,,,,,,,,,,,,High,High,High,Medium,Low,,,
308,2025-08-27,20:45:57.28,4,3,"Luna, Gil",669431,Left,LEX_LEG,"Reinheimer, Jack",595373,Right,GAS,Undefined,9,Top,2,1,1,Undefined,Changeup,BallCalled,Undefined,Undefined,Undefined,0,0,,84.12544,-2.925593,5.045957,2095.416806,122.44954,10:00,4.93392,-2.35486,6.77516,-28.12202,10.82166,-14.8002,-0.09365,1.03118,76.28387,-8.246818,2.35591,0.449148,,,,,,,,,,,,9.53142,7.06646,2.03054,50,4.73168,-10.23746,-121.69151,-6.98123,14.08634,27.10011,-21.73067,LEX_LEG,GAS,WildHealthField,Independent,ATL,20250827-WildHealthField-1,bdf5ca10-83b0-11f0-af3f-87f56c6d82ca,83.91979,,,7.84157,,,,,,,c1155f88-51df-438a-a1d8-1ae778e78cfd,2025-08-28,01:45:57.28,2025-08-27T20:45:57.2816384-05:00,2025-08-28T01:45:57.2816384Z,,v3,495,5508,,"Quiroz, Isaias",657728,Right,LEX_LEG,fb835b37-e825-44ae-a35d-64f90ca66b35,53.72607,-122.51847,13.55005,4.9346,-6.31811,-10.86533,2.3495,-10.66731,7.04317,,,,,,,,,,,,,,,,,,,,,,,,,,,,,,,,,,,,,,,,,,,,,,,,,,,High,High,High,,,,,
309,2025-08-27,20:46:17.68,4,4,"Luna, Gil",669431,Left,LEX_LEG,"Reinheimer, Jack",595373,Right,GAS,Undefined,9,Top,2,2,1,Undefined,Four-Seam,FoulBallNotFieldable,Undefined,Undefined,Undefined,0,0,,93.82981,-0.781404,3.533038,2214.871619,147.539764,11:00,5.01219,-2.27459,6.15896,-13.30469,18.75249,-11.16414,3.18015,0.06321,84.04116,-3.389632,1.524966,0.407506,73.9249,44.15173,160.4785,4124.394988,-104.81318,54.88064,33.37815,195.38342,80.85436,163.722217,3.24738,6.95378,10.29308,2.01166,50,4.94598,-7.90341,-135.89008,-2.19272,12.75052,35.16643,-13.3006,LEX_LEG,GAS,WildHealthField,Independent,ATL,20250827-WildHealthField-1,ca1a9d70-83b0-11f0-af3f-87f56c6d82ca,92.49542,55.02651,,9.78865,,,,1.05395,3.19157,-0.05559,c1155f88-51df-438a-a1d8-1ae778e78cfd,2025-08-28,01:46:17.68,2025-08-27T20:46:17.6815616-05:00,2025-08-28T01:46:17.6815616Z,FlyBall,v3,495,5508,,"Quiroz, Isaias",657728,Right,LEX_LEG,b6aad1c6-3a8f-4d95-b2d1-ce457c84e0c7,54.3393,-137.00842,17.58322,5.00899,-1.76974,-6.6503,2.26945,-8.3089,6.37526,349.777138,1.05406,-73.33126,2.88837,0.89369,0.10405,-0.31183,0.16623,-0.0384,0.0033,3.19209,75.50135,-32.56183,4.358,-0.51883,-0.10012,0.06076,-0.01003,0.00053,-0.05555,25.99518,-3.47713,0.33837,-0.11548,0.09236,-0.04889,0.01201,-0.00109,,,,,,,,,,,,,,,,,,,,,,,High,High,High,High,Medium,,,
310,2025-08-27,20:46:46.83,4,5,"Luna, Gil",669431,Left,LEX_LEG,"Reinheimer, Jack",595373,Right,GAS,Undefined,9,Top,2,2,2,Undefined,Four-Seam,InPlay,Undefined,LineDrive,Double,0,1,,94.35503,-1.978349,4.432722,2322.387333,139.090681,10:45,5.03338,-1.97214,6.18717,-13.89347,17.47753,-14.21406,2.04265,0.94453,85.56558,-4.663304,1.878267,0.403121,102.51497,20.055712,-31.926991,2717.246287,89.4063,32.27996,-64.08205,313.30735,309.15474,-42.5301,3.127115,8.70926,9.96473,1.64436,50,4.87662,-9.9865,-136.63422,-5.11531,16.3549,31.97086,-13.46154,LEX_LEG,GAS,WildHealthField,Independent,ATL,20250827-WildHealthField-1,db753620-83b0-11f0-af3f-87f56c6d82ca,93.50154,38.15746,,8.78945,,,,1.51668,1.98914,-0.76942,c1155f88-51df-438a-a1d8-1ae778e78cfd,2025-08-28,01:46:46.83,2025-08-27T20:46:46.8382720-05:00,2025-08-28T01:46:46.8382720Z,LineDrive,v3,495,5508,,"Quiroz, Isaias",657728,Right,LEX_LEG,5a3200af-33f9-4576-bde5-52c6d2882387,54.31377,-137.63989,15.98543,5.03087,-4.69186,-6.73077,1.96658,-10.50096,8.17745,113.580202,1.51708,119.85564,-25.13944,5.55203,-1.04233,0.116,0.00114,-0.00295,0.00035,1.98897,51.56851,-20.54835,1.96131,-0.45449,0.13834,-0.03753,0.00682,-0.00055,-0.76923,-74.70011,1.01892,1.04072,-0.36699,0.09613,-0.02458,0.00477,-0.00042,,,,,,,,,,,,,,,,,,,,,,,High,High,High,Medium,High,,,
311,2025-08-27,20:47:40.84,5,1,"Luna, Gil",669431,Left,LEX_LEG,"Olmeda, Alexis",663406,Right,GAS,Undefined,9,Top,2,0,0,Undefined,Four-Seam,BallCalled,Undefined,Undefined,Undefined,0,0,,93.86681,0.302178,4.020149,2126.641815,154.431857,11:15,5.10044,-2.26119,6.2518,-12.98347,18.77662,-8.44804,4.29785,0.74841,84.50345,-2.239971,2.499954,0.405614,,,,,,,,,,,,5.58681,9.91253,1.96571,50,5.11617,-9.17821,-135.9352,0.41083,10.32611,33.19027,-13.85265,LEX_LEG,GAS,WildHealthField,Independent,ATL,20250827-WildHealthField-1,fb9034a0-83b0-11f0-af3f-87f56c6d82ca,92.92695,,,9.36336,,,,,,,c1155f88-51df-438a-a1d8-1ae778e78cfd,2025-08-28,01:47:40.84,2025-08-27T20:47:40.8487936-05:00,2025-08-28T01:47:40.8487936Z,,v3,495,5508,,"Quiroz, Isaias",657728,Right,LEX_LEG,3d3e9e91-a7d8-4c7c-a04a-98cfd1ed0a19,54.24467,-136.96767,16.59514,5.09669,0.84175,-6.92633,2.25622,-9.49943,5.16305,,,,,,,,,,,,,,,,,,,,,,,,,,,,,,,,,,,,,,,,,,,,,,,,,,,High,High,High,,,,,
312,2025-08-27,20:47:59.62,5,2,"Luna, Gil",669431,Left,LEX_LEG,"Olmeda, Alexis",663406,Right,GAS,Undefined,9,Top,2,1,0,Undefined,Slider,StrikeCalled,Undefined,Undefined,Undefined,0,0,,81.42122,1.496989,1.974607,2760.580149,346.69168,5:30,4.88582,-2.42297,5.69829,-47.18412,-3.86075,1.29284,2.34999,-0.47438,73.26315,-7.1936,2.205757,0.473732,,,,,,,,,,,,0.0178,-1.97288,2.25632,50,4.98257,-4.11891,-117.94782,1.4683,0.02456,26.86022,-34.89445,LEX_LEG,GAS,WildHealthField,Independent,ATL,20250827-WildHealthField-1,06e709a0-83b1-11f0-af3f-87f56c6d82ca,79.56493,,,8.15807,,,,,,,c1155f88-51df-438a-a1d8-1ae778e78cfd,2025-08-28,01:47:59.62,2025-08-27T20:47:59.6211200-05:00,2025-08-28T01:47:59.6211200Z,,v3,495,5508,,"Quiroz, Isaias",657728,Right,LEX_LEG,80ec725c-3a78-4c83-9212-b282f0c64ecd,54.80032,-119.03597,13.43011,4.89445,2.88194,-17.44722,2.4232,-4.11991,0.01228,,,,,,,,,,,,,,,,,,,,,,,,,,,,,,,,,,,,,,,,,,,,,,,,,,,High,High,High,,,,,
313,2025-08-27,20:48:47.66,5,3,"Luna, Gil",669431,Left,LEX_LEG,"Olmeda, Alexis",663406,Right,GAS,Undefined,9,Top,2,1,1,Undefined,Four-Seam,FoulBallNotFieldable,Undefined,Undefined,Undefined,0,0,,93.91204,-1.65315,4.707029,2164.321685,148.303227,11:00,4.96855,-2.09886,6.14161,-13.91603,17.97446,-10.40048,2.27553,1.39427,84.77448,-4.350044,2.841668,0.406445,61.54235,62.047675,120.963713,4240.375949,,,,,34.95337,,,6.85193,10.13619,1.74464,50,4.83494,-10.73924,-135.87159,-4.30938,12.6629,32.93663,-13.4416,LEX_LEG,GAS,WildHealthField,Independent,ATL,20250827-WildHealthField-1,237a19e0-83b1-11f0-af3f-87f56c6d82ca,92.73684,54.3763,,9.13757,,,,1.48618,2.32313,-1.35482,c1155f88-51df-438a-a1d8-1ae778e78cfd,2025-08-28,01:48:47.66,2025-08-27T20:48:47.6610560-05:00,2025-08-28T01:48:47.6610560Z,,v3,495,5508,,"Quiroz, Isaias",657728,Right,LEX_LEG,b766bf7a-96f5-495d-9662-af69161793fa,54.35798,-136.92393,16.46831,4.96576,-3.87992,-6.7208,2.09423,-11.14383,6.33145,336.773657,1.48618,-21.76779,-4.03976,1.74113,-0.50594,0.19939,-0.14639,0.09001,-0.02396,2.32313,79.73183,-26.65739,3.14056,-0.64909,0.14931,-0.07308,0.03982,-0.01034,-1.35482,36.27977,-4.15258,0.83517,-0.15127,0.04206,-0.02895,0.01777,-0.00481,,,,,,,,,,,,,,,,,,,,,,,High,High,High,High,Undefined,,,
314,2025-08-27,20:49:17.33,5,4,"Luna, Gil",669431,Left,LEX_LEG,"Olmeda, Alexis",663406,Right,GAS,Undefined,9,Top,2,1,2,Undefined,Curveball,InPlay,Undefined,LineDrive,Single,0,1,,82.32089,-0.041672,2.525853,1858.822542,55.390205,7:45,5.01273,-2.27775,5.65054,-44.37199,-2.25914,-5.39189,1.27616,-0.36962,74.82263,-8.177634,1.561959,0.467067,74.36215,14.888908,3.881983,984.679907,109.59619,11.78384,9.4162,162.28877,162.28877,5.133615,1.81086,3.54181,-0.73142,2.06699,50,4.98095,-5.04888,-119.35515,-1.61474,5.04317,25.74103,-33.21551,LEX_LEG,GAS,WildHealthField,Independent,ATL,20250827-WildHealthField-1,353d3860-83b1-11f0-af3f-87f56c6d82ca,80.70034,13.05911,,7.49826,,,,1.80271,1.38373,0.35361,c1155f88-51df-438a-a1d8-1ae778e78cfd,2025-08-28,01:49:17.33,2025-08-27T20:49:17.3335552-05:00,2025-08-28T01:49:17.3335552Z,LineDrive,v3,495,5508,,"Quiroz, Isaias",657728,Right,LEX_LEG,32c4d92b-a057-41bc-a9c6-199250abc8c0,54.8501,-120.39661,12.87052,5.0191,-0.27086,-16.60775,2.27539,-5.25292,2.52158,237.743383,1.80272,105.15991,-11.65692,1.79692,-0.19852,-0.23641,0.22605,-0.09663,0.01642,1.38373,28.02409,-17.78545,1.3364,-0.30424,0.18311,-0.11659,0.04635,-0.00768,0.35361,7.13581,1.45991,-1.01061,0.35128,-0.10933,0.03867,-0.01171,0.00169,,,,,,,,,,,,,,,,,,,,,,,High,High,High,High,High,,,
315,2025-08-27,20:50:07.95,6,1,"Luna, Gil",669431,Left,LEX_LEG,"Skender, Ethan",663690,Right,GAS,Undefined,9,Top,2,0,0,Undefined,Slider,StrikeSwinging,Undefined,Undefined,Undefined,0,0,,82.04383,-0.941951,3.707066,2024.938538,148.427404,11:00,4.91594,-2.41899,5.64304,-37.32597,5.34563,-2.33795,0.92482,0.84917,74.28235,-7.822124,3.290307,0.470155,,,,,,,,,,,,2.40154,3.43831,2.10531,50,4.8121,-7.59963,-118.73054,-3.19091,3.37209,26.19803,-27.34619,LEX_LEG,GAS,WildHealthField,Independent,ATL,20250827-WildHealthField-1,5365dcc0-83b1-11f0-af3f-87f56c6d82ca,80.17027,,,7.76148,,,,,,,c1155f88-51df-438a-a1d8-1ae778e78cfd,2025-08-28,01:50:07.95,2025-08-27T20:50:07.9517184-05:00,2025-08-28T01:50:07.9517184Z,,v3,495,5508,,"Quiroz, Isaias",657728,Right,LEX_LEG,ca0425d6-6abe-46a0-9d77-08bef85d22d3,54.85626,-119.79729,13.09902,4.91935,-2.07741,-13.6731,2.41755,-7.73694,1.68604,,,,,,,,,,,,,,,,,,,,,,,,,,,,,,,,,,,,,,,,,,,,,,,,,,,High,High,High,,,,,
316,2025-08-27,20:50:27.35,6,2,"Luna, Gil",669431,Left,LEX_LEG,"Skender, Ethan",663690,Right,GAS,Undefined,9,Top,2,0,1,Undefined,Four-Seam,InPlay,Undefined,GroundBall,Out,1,0,,94.07234,-1.362739,3.738512,2318.265542,144.852302,10:45,4.99332,-2.31488,6.23745,-14.78603,16.77989,-11.03327,2.50113,0.21929,84.99047,-4.220139,1.751504,0.404371,100.78308,1.525433,12.259252,1951.387848,,,,84.6238,83.56032,14.389524,0.612872,6.89906,9.45485,2.04118,50,4.88416,-8.43813,-136.32269,-3.65718,12.83748,33.09822,-14.58087,LEX_LEG,GAS,WildHealthField,Independent,ATL,20250827-WildHealthField-1,5ee4fa40-83b1-11f0-af3f-87f56c6d82ca,93.21242,2.87436,,9.08187,,,,1.58907,2.5913,-0.2064,c1155f88-51df-438a-a1d8-1ae778e78cfd,2025-08-28,01:50:27.35,2025-08-27T20:50:27.3552896-05:00,2025-08-28T01:50:27.3552896Z,GroundBall,v3,495,5508,,"Quiroz, Isaias",657728,Right,LEX_LEG,6bccc187-6c3e-4f4a-af0d-751cd1168e1b,54.26237,-137.35367,16.54911,4.99101,-3.203,-7.29043,2.31025,-8.83801,6.41874,256.115392,1.62771,143.54285,-20.41533,,,,,,,2.59865,3.77461,-13.09607,,,,,,,-0.22613,31.8136,4.72987,,,,,,,,,,,,,,,,,,,,,,,,,,,,,High,High,High,High,High,,,
317,2025-08-27,20:53:21.97,1,1,"Thompson, Cory",642140,Right,GAS,"Rock, Dylan",676423,Right,LEX_LEG,Undefined,9,Bottom,0,0,0,Undefined,Four-Seam,BallCalled,Undefined,Undefined,Undefined,0,0,,96.27061,-3.129251,-4.681055,2136.953507,214.567738,1:15,5.99439,2.50479,5.9222,-15.06686,15.30028,9.85725,1.82231,-1.0274,87.87287,-5.984766,-2.919751,0.396619,,,,,,,,,,,,-6.34095,9.00682,-2.13478,50,5.73424,10.94827,-139.21362,-8.10991,-12.44018,31.33854,-14.50372,LEX_LEG,GAS,WildHealthField,Independent,ATL,20250827-WildHealthField-1,c700bdd0-83b1-11f0-af3f-87f56c6d82ca,95.03439,,,8.39774,,,,,,,c1155f88-51df-438a-a1d8-1ae778e78cfd,2025-08-28,01:53:21.97,2025-08-27T20:53:21.9701760-05:00,2025-08-28T01:53:21.9701760Z,,v3,495,5508,,"Olmeda, Alexis",663406,Right,GAS,112ca216-4793-46eb-98ca-682b997b077a,54.57757,-140.2403,15.66927,5.99214,-7.63475,-7.25186,-2.50013,11.35583,-6.22009,,,,,,,,,,,,,,,,,,,,,,,,,,,,,,,,,,,,,,,,,,,,,,,,,,,High,High,High,,,,,
318,2025-08-27,20:53:40.53,1,2,"Thompson, Cory",642140,Right,GAS,"Rock, Dylan",676423,Right,LEX_LEG,Undefined,9,Bottom,0,1,0,Undefined,Four-Seam,BallCalled,Undefined,Undefined,Undefined,0,0,,96.18031,-1.274594,-4.561138,2399.869881,204.976383,12:45,5.96205,2.55098,5.97601,-13.96957,16.50418,7.20327,3.61237,-1.08608,87.1249,-3.957297,-3.273207,0.397314,,,,,,,,,,,,-5.02878,9.13355,-2.19324,50,5.85306,10.76979,-139.17799,-3.51312,-9.79639,33.22875,-14.38124,LEX_LEG,GAS,WildHealthField,Independent,ATL,20250827-WildHealthField-1,d1f638f0-83b1-11f0-af3f-87f56c6d82ca,94.86806,,,9.05541,,,,,,,c1155f88-51df-438a-a1d8-1ae778e78cfd,2025-08-28,01:53:40.53,2025-08-27T20:53:40.5306880-05:00,2025-08-28T01:53:40.5306880Z,,v3,495,5508,,"Olmeda, Alexis",663406,Right,GAS,81f8ea9e-1b96-494a-954e-f502fae633f1,54.52193,-140.25345,16.61438,5.95923,-3.04767,-7.19062,-2.54694,11.08685,-4.8982,,,,,,,,,,,,,,,,,,,,,,,,,,,,,,,,,,,,,,,,,,,,,,,,,,,High,High,High,,,,,
319,2025-08-27,20:53:56.09,1,3,"Thompson, Cory",642140,Right,GAS,"Rock, Dylan",676423,Right,LEX_LEG,Undefined,9,Bottom,0,2,0,Undefined,Four-Seam,FoulBallNotFieldable,Undefined,Undefined,Undefined,0,0,,96.4022,-2.825272,-3.21966,2269.006122,188.480225,12:15,5.95412,2.54271,6.005,-14.50536,15.75713,2.19536,2.12136,-0.26062,87.55569,-5.59259,-2.825827,0.395935,78.35611,49.187226,122.990247,5438.744257,,,,,57.44247,,,-2.10169,9.26965,-2.2906,50,5.72366,7.75654,-139.62573,-7.34344,-4.11689,33.70716,-14.01622,LEX_LEG,GAS,WildHealthField,Independent,ATL,20250827-WildHealthField-1,db569520-83b1-11f0-af3f-87f56c6d82ca,95.19856,56.30021,,8.84651,,,,1.73677,2.04044,0.16353,c1155f88-51df-438a-a1d8-1ae778e78cfd,2025-08-28,01:53:56.09,2025-08-27T20:53:56.0972800-05:00,2025-08-28T01:53:56.0972800Z,,v3,495,5508,,"Olmeda, Alexis",663406,Right,GAS,f4a8c5aa-3303-46fd-8019-4dda87175038,54.49494,-140.70668,16.85358,5.95195,-6.89396,-7.00811,-2.54146,7.88857,-2.05844,317.453509,1.73677,-40.89774,-4.4928,2.52552,-0.73695,-0.01511,0.25602,-0.19755,0.05606,2.04044,86.97865,-29.91675,3.73874,-0.62126,0.11354,-0.06392,0.03973,-0.01099,0.16352,63.00156,-14.55703,4.81389,-1.13217,-0.00829,0.32381,-0.24814,0.07013,,,,,,,,,,,,,,,,,,,,,,,High,High,High,High,Undefined,,,
320,2025-08-27,20:54:15.82,1,4,"Thompson, Cory",642140,Right,GAS,"Rock, Dylan",676423,Right,LEX_LEG,Undefined,9,Bottom,0,2,1,Undefined,Four-Seam,StrikeSwinging,Undefined,Undefined,Undefined,0,0,,97.16313,-3.563196,-4.028728,2441.946861,200.037024,12:45,5.93897,2.57588,5.9152,-12.30024,17.83403,6.10615,1.59446,-0.66053,87.74156,-5.94013,-2.936796,0.395095,,,,,,,,,,,,-4.40233,10.58174,-2.2559,50,5.6454,9.60827,-140.40677,-9.11193,-8.67757,35.52559,-11.31615,LEX_LEG,GAS,WildHealthField,Independent,ATL,20250827-WildHealthField-1,e712e2b0-83b1-11f0-af3f-87f56c6d82ca,95.40095,,,9.42158,,,,,,,c1155f88-51df-438a-a1d8-1ae778e78cfd,2025-08-28,01:54:15.82,2025-08-27T20:54:15.8272000-05:00,2025-08-28T01:54:15.8272000Z,,v3,495,5508,,"Olmeda, Alexis",663406,Right,GAS,3952b142-c93e-4f0c-a1c0-bd2d71813714,54.58384,-141.56182,17.7628,5.93568,-8.74401,-5.65808,-2.57288,9.8904,-4.33878,,,,,,,,,,,,,,,,,,,,,,,,,,,,,,,,,,,,,,,,,,,,,,,,,,,High,High,High,,,,,
321,2025-08-27,20:54:44.22,1,5,"Thompson, Cory",642140,Right,GAS,"Rock, Dylan",676423,Right,LEX_LEG,Undefined,9,Bottom,0,2,2,Undefined,Four-Seam,InPlay,Undefined,FlyBall,Out,1,0,,97.02309,-2.920452,-3.634876,2428.423712,207.829098,1:00,5.90902,2.66742,5.89997,-12.98493,17.21237,8.50725,2.10786,-0.00269,87.50268,-5.426513,-2.112369,0.395508,92.98659,34.387466,21.106278,5099.734764,99.4302,68.52601,47.04922,307.56109,299.64557,34.58898,5.072068,-5.51441,10.05969,-2.37961,50,5.66618,8.523,-140.34445,-7.55163,-10.85056,35.74744,-12.37991,LEX_LEG,GAS,WildHealthField,Independent,ATL,20250827-WildHealthField-1,f80320d0-83b1-11f0-af3f-87f56c6d82ca,95.30133,88.59568,,9.52041,,,,1.54193,2.10026,0.00524,c1155f88-51df-438a-a1d8-1ae778e78cfd,2025-08-28,01:54:44.22,2025-08-27T20:54:44.2285568-05:00,2025-08-28T01:54:44.2285568Z,FlyBall,v3,495,5508,,"Olmeda, Alexis",663406,Right,GAS,f907cd32-7432-412b-a919-8aa79b673c52,54.59901,-141.51102,17.87372,5.90603,-7.14762,-6.18995,-2.66352,8.87709,-5.42528,210.546515,1.54349,104.96624,-25.68419,6.34621,-1.39614,0.27509,-0.04626,0.00536,-0.00028,2.10232,76.97825,-19.34442,0.91065,0.2434,-0.18391,0.05188,-0.00687,0.00035,0.00509,40.53306,-0.87145,-0.48001,0.19814,-0.03844,0.00357,-5E-05,-1E-05,,,,,,,,,,,,,,,,,,,,,,,High,High,High,High,Medium,,,
322,2025-08-27,20:55:21.59,2,1,"Thompson, Cory",642140,Right,GAS,"Atwood, Andy",664762,Right,LEX_LEG,Undefined,9,Bottom,1,0,0,Undefined,Slider,BallCalled,Undefined,Undefined,Undefined,0,0,,85.79106,-2.227201,-4.784666,2533.669218,2.722856,6:00,5.88587,2.72262,5.12133,-47.5618,-7.82437,-0.4352,-0.18394,-1.83112,78.65207,-10.742097,-4.861484,0.453702,,,,,,,,,,,,-1.26528,-2.90378,-2.27135,50,5.6382,10.39247,-123.93376,-6.68574,-1.94656,27.27553,-36.64136,LEX_LEG,GAS,WildHealthField,Independent,ATL,20250827-WildHealthField-1,0e5abb90-83b2-11f0-af3f-87f56c6d82ca,83.07744,,,7.13899,,,,,,,c1155f88-51df-438a-a1d8-1ae778e78cfd,2025-08-28,01:55:21.59,2025-08-27T20:55:21.5991808-05:00,2025-08-28T01:55:21.5991808Z,,v3,495,5508,,"Olmeda, Alexis",663406,Right,GAS,908f5505-3fea-4177-86d9-519442da985c,55.38107,-125.11243,13.63777,5.8929,-5.10234,-18.32068,-2.72226,10.47659,-0.97328,,,,,,,,,,,,,,,,,,,,,,,,,,,,,,,,,,,,,,,,,,,,,,,,,,,High,High,High,,,,,
323,2025-08-27,20:55:39.41,2,2,"Thompson, Cory",642140,Right,GAS,"Atwood, Andy",664762,Right,LEX_LEG,Undefined,9,Bottom,1,1,0,Undefined,Four-Seam,StrikeCalled,Undefined,Undefined,Undefined,0,0,,96.12441,-3.89022,-3.642626,2568.347582,188.678783,12:15,5.88208,2.66231,6.1177,-12.71485,17.75143,2.54579,1.2129,-0.49795,87.13486,-6.340762,-3.18537,0.397266,,,,,,,,,,,,-2.43953,10.69142,-2.38411,50,5.5763,8.73731,-139.00311,-9.81952,-4.7247,34.10334,-11.46764,LEX_LEG,GAS,WildHealthField,Independent,ATL,20250827-WildHealthField-1,18ee4090-83b2-11f0-af3f-87f56c6d82ca,94.87967,,,8.98955,,,,,,,c1155f88-51df-438a-a1d8-1ae778e78cfd,2025-08-28,01:55:39.41,2025-08-27T20:55:39.4191360-05:00,2025-08-28T01:55:39.4191360Z,,v3,495,5508,,"Olmeda, Alexis",663406,Right,GAS,b42a95dd-1fc6-445b-9090-9b8a151287c7,54.38186,-140.07404,17.05167,5.879,-9.45941,-5.73382,-2.66082,8.88567,-2.36235,,,,,,,,,,,,,,,,,,,,,,,,,,,,,,,,,,,,,,,,,,,,,,,,,,,High,High,High,,,,,
324,2025-08-27,20:55:58.88,2,3,"Thompson, Cory",642140,Right,GAS,"Atwood, Andy",664762,Right,LEX_LEG,Undefined,9,Bottom,1,1,1,Undefined,Four-Seam,BallCalled,Undefined,Undefined,Undefined,0,0,,96.41787,-3.0326,-4.019828,2476.24843,193.697397,12:30,5.99352,2.62052,5.84728,-14.54442,16.1071,3.6578,1.95373,-0.8164,87.12157,-5.808092,-3.366586,0.398472,,,,,,,,,,,,-3.11673,9.48402,-2.29507,50,5.73755,9.62183,-139.35994,-7.84594,-6.05612,34.81064,-13.74563,LEX_LEG,GAS,WildHealthField,Independent,ATL,20250827-WildHealthField-1,2485a100-83b2-11f0-af3f-87f56c6d82ca,94.59251,,,9.29631,,,,,,,c1155f88-51df-438a-a1d8-1ae778e78cfd,2025-08-28,01:55:58.88,2025-08-27T20:55:58.8847616-05:00,2025-08-28T01:55:58.8847616Z,,v3,495,5508,,"Olmeda, Alexis",663406,Right,GAS,e1802550-b9ff-4c8e-8e5b-90222d8e47f0,54.65016,-140.5167,17.40532,5.99068,-7.38917,-6.87282,-2.61814,9.82308,-3.02806,,,,,,,,,,,,,,,,,,,,,,,,,,,,,,,,,,,,,,,,,,,,,,,,,,,High,High,High,,,,,
325,2025-08-27,20:56:15.94,2,4,"Thompson, Cory",642140,Right,GAS,"Atwood, Andy",664762,Right,LEX_LEG,Undefined,9,Bottom,1,2,1,Undefined,Four-Seam,StrikeCalled,Undefined,Undefined,Undefined,0,0,,96.481,-4.101058,-3.549551,2426.85936,190.323711,12:15,5.90077,2.55489,5.9642,-14.79237,15.64339,2.65425,0.85154,-0.51947,87.50854,-6.910902,-3.073948,0.397067,,,,,,,,,,,,-2.46414,9.62658,-2.27452,50,5.56621,8.53235,-139.46408,-10.47578,-4.80315,34.38593,-13.40975,LEX_LEG,GAS,WildHealthField,Independent,ATL,20250827-WildHealthField-1,2eaef280-83b2-11f0-af3f-87f56c6d82ca,94.92718,,,8.97245,,,,,,,c1155f88-51df-438a-a1d8-1ae778e78cfd,2025-08-28,01:56:15.94,2025-08-27T20:56:15.9482880-05:00,2025-08-28T01:56:15.9482880Z,,v3,495,5508,,"Olmeda, Alexis",663406,Right,GAS,49551c7a-f3ed-444c-b651-397ec683cb81,54.53562,-140.57793,17.19297,5.89851,-10.0414,-6.70488,-2.55342,8.68794,-2.40157,,,,,,,,,,,,,,,,,,,,,,,,,,,,,,,,,,,,,,,,,,,,,,,,,,,High,High,High,,,,,
326,2025-08-27,20:56:34.61,2,5,"Thompson, Cory",642140,Right,GAS,"Atwood, Andy",664762,Right,LEX_LEG,Undefined,9,Bottom,1,2,2,Undefined,Four-Seam,InPlay,Undefined,FlyBall,Out,1,0,,96.05219,-2.020965,-2.369735,2305.506768,201.514728,12:45,5.97724,2.62458,5.82592,-14.61702,16.10477,5.92268,2.87795,0.91383,86.84415,-4.817206,-1.30924,0.398928,99.89622,48.189413,-10.01566,4791.415206,108.949,123.44654,-15.16828,278.296,270.50107,-3.393755,6.469394,-3.76827,9.17284,-2.43439,50,5.80343,5.48901,-139.20583,-5.37053,-7.3115,34.51534,-14.37619,LEX_LEG,GAS,WildHealthField,Independent,ATL,20250827-WildHealthField-1,39cbcbc0-83b2-11f0-af3f-87f56c6d82ca,94.48434,158.12804,,9.20804,,,,1.97213,2.94731,-0.92538,c1155f88-51df-438a-a1d8-1ae778e78cfd,2025-08-28,01:56:34.61,2025-08-27T20:56:34.6128896-05:00,2025-08-28T01:56:34.6128896Z,FlyBall,v3,495,5508,,"Olmeda, Alexis",663406,Right,GAS,90269d4e-57c8-4ad2-8e60-895d5a089191,54.6733,-140.35976,17.25767,5.97495,-4.8899,-7.18809,-2.62199,5.73345,-3.65575,187.222088,1.98614,95.96471,-25.58198,6.37548,-1.13763,0.15255,-0.01621,0.00131,-6E-05,2.94848,109.16399,-23.24613,1.60765,0.14788,-0.16353,0.04126,-0.0047,0.0002,-0.92945,-16.92224,7.28256,-1.89491,0.35123,-0.04813,0.0049,-0.00035,1E-05,,,,,,,,,,,,,,,,,,,,,,,High,High,High,High,Medium,,,
327,2025-08-27,20:57:12.74,3,1,"Thompson, Cory",642140,Right,GAS,"Whalen, Brady",669714,Left,LEX_LEG,Undefined,9,Bottom,2,0,0,Undefined,Sinker,StrikeSwinging,Undefined,Undefined,Undefined,0,0,,90.24402,-3.16173,-2.942395,1808.296586,237.689805,2:00,5.84141,2.31306,5.399,-27.19978,8.25067,11.07469,0.60493,0.47616,82.01382,-8.161207,-0.972962,0.428531,,,,,,,,,,,,-6.53996,5.47075,-2.05872,50,5.53987,6.21942,-130.55784,-8.22212,-11.16505,30.28434,-22.83438,LEX_LEG,GAS,WildHealthField,Independent,ATL,20250827-WildHealthField-1,50881bc0-83b2-11f0-af3f-87f56c6d82ca,87.95734,,,8.2302,,,,,,,c1155f88-51df-438a-a1d8-1ae778e78cfd,2025-08-28,01:57:12.74,2025-08-27T20:57:12.7488000-05:00,2025-08-28T01:57:12.7488000Z,,v3,495,5508,,"Olmeda, Alexis",663406,Right,GAS,a6e8dea1-e88c-4629-a2a7-56ffefc23608,55.10189,-131.73596,15.14217,5.84245,-7.33382,-11.41719,-2.30911,6.65376,-5.58252,,,,,,,,,,,,,,,,,,,,,,,,,,,,,,,,,,,,,,,,,,,,,,,,,,,High,High,High,,,,,
328,2025-08-27,20:57:28.95,3,2,"Thompson, Cory",642140,Right,GAS,"Whalen, Brady",669714,Left,LEX_LEG,Undefined,9,Bottom,2,0,1,Undefined,Four-Seam,StrikeSwinging,Undefined,Undefined,Undefined,0,0,,96.65754,-3.179925,-1.699918,2441.944305,192.318272,12:30,6.02501,1.99711,5.93426,-15.0256,15.08587,3.07126,1.81829,0.67545,87.90129,-6.033342,-1.148395,0.394946,,,,,,,,,,,,-2.08815,8.99823,-1.86312,50,5.76239,4.01961,-140.10567,-8.26309,-4.12235,33.67006,-14.41024,LEX_LEG,GAS,WildHealthField,Independent,ATL,20250827-WildHealthField-1,5a32a050-83b2-11f0-af3f-87f56c6d82ca,95.437,,,8.75626,,,,,,,c1155f88-51df-438a-a1d8-1ae778e78cfd,2025-08-28,01:57:28.95,2025-08-27T20:57:28.9562624-05:00,2025-08-28T01:57:28.9562624Z,,v3,495,5508,,"Olmeda, Alexis",663406,Right,GAS,183af8b2-fbc1-4f87-aaf2-7f55f785ec8b,54.56578,-141.19865,16.83503,6.02302,-7.79531,-7.20512,-1.99578,4.15343,-2.06118,,,,,,,,,,,,,,,,,,,,,,,,,,,,,,,,,,,,,,,,,,,,,,,,,,,High,High,High,,,,,
329,2025-08-27,20:58:00.06,3,3,"Thompson, Cory",642140,Right,GAS,"Whalen, Brady",669714,Left,LEX_LEG,Undefined,9,Bottom,2,0,2,Undefined,Four-Seam,InPlay,Undefined,FlyBall,Out,1,0,,95.84141,-2.015846,-2.983337,2459.217516,190.335468,12:15,5.9901,2.06029,5.99494,-14.41898,16.3395,2.77914,2.91709,-0.47531,86.48531,-4.787248,-2.484706,0.399166,91.35652,53.480726,11.388033,4088.545843,109.34356,138.47027,11.99863,234.44197,222.77975,2.893767,6.176767,-2.38059,9.36327,-1.82661,50,5.82321,7.11078,-138.8351,-5.31934,-4.58269,35.0652,-14.14957,LEX_LEG,GAS,WildHealthField,Independent,ATL,20250827-WildHealthField-1,6cbba6e0-83b2-11f0-af3f-87f56c6d82ca,94.42792,149.32186,,9.35611,,,,1.65863,3.28391,0.38634,c1155f88-51df-438a-a1d8-1ae778e78cfd,2025-08-28,01:58:00.06,2025-08-27T20:58:00.0612864-05:00,2025-08-28T01:58:00.0612864Z,FlyBall,v3,495,5508,,"Olmeda, Alexis",663406,Right,GAS,7155b562-7c2f-48c3-b5df-e02826580a66,54.5039,-139.96801,17.5326,5.98768,-4.86218,-7.07478,-2.05874,7.25884,-2.29135,168.396664,1.67074,77.95803,-20.64287,4.91366,-0.49181,-0.07882,0.03196,-0.00382,0.00016,3.27701,107.77031,-24.22661,2.25979,-0.30792,-0.00114,0.01268,-0.00239,0.00014,0.3879,15.70914,-8.58076,2.53563,-0.41796,0.01732,0.00697,-0.00123,6E-05,,,,,,,,,,,,,,,,,,,,,,,High,High,High,High,Low,,,