PitchNo,Date,Time,PAofInning,PitchofPA,Pitcher,PitcherId,PitcherThrows,PitcherTeam,Batter,BatterId,BatterSide,BatterTeam,PitcherSet,Inning,Top/Bottom,Outs,Balls,Strikes,TaggedPitchType,AutoPitchType,PitchCall,KorBB,TaggedHitType,PlayResult,OutsOnPlay,RunsScored,Notes,RelSpeed,VertRelAngle,HorzRelAngle,SpinRate,SpinAxis,Tilt,RelHeight,RelSide,Extension,VertBreak,InducedVertBreak,HorzBreak,PlateLocHeight,PlateLocSide,ZoneSpeed,VertApprAngle,HorzApprAngle,ZoneTime,ExitSpeed,Angle,Direction,HitSpinRate,PositionAt110X,PositionAt110Y,PositionAt110Z,Distance,LastTrackedDistance,Bearing,HangTime,pfxx,pfxz,x0,y0,z0,vx0,vy0,vz0,ax0,ay0,az0,HomeTeam,AwayTeam,Stadium,Level,League,GameID,PitchUID,EffectiveVelo,MaxHeight,MeasuredDuration,SpeedDrop,PitchLastMeasuredX,PitchLastMeasuredY,PitchLastMeasuredZ,ContactPositionX,ContactPositionY,ContactPositionZ,GameUID,UTCDate,UTCTime,LocalDateTime,UTCDateTime,AutoHitType,System,HomeTeamForeignID,AwayTeamForeignID,GameForeignID,Catcher,CatcherId,CatcherThrows,CatcherTeam,PlayID,PitchTrajectoryXc0,PitchTrajectoryXc1,PitchTrajectoryXc2,PitchTrajectoryYc0,PitchTrajectoryYc1,PitchTrajectoryYc2,PitchTrajectoryZc0,PitchTrajectoryZc1,PitchTrajectoryZc2,HitSpinAxis,HitTrajectoryXc0,HitTrajectoryXc1,HitTrajectoryXc2,HitTrajectoryXc3,HitTrajectoryXc4,HitTrajectoryXc5,HitTrajectoryXc6,HitTrajectoryXc7,HitTrajectoryXc8,HitTrajectoryYc0,HitTrajectoryYc1,HitTrajectoryYc2,HitTrajectoryYc3,HitTrajectoryYc4,HitTrajectoryYc5,HitTrajectoryYc6,HitTrajectoryYc7,HitTrajectoryYc8,HitTrajectoryZc0,HitTrajectoryZc1,HitTrajectoryZc2,HitTrajectoryZc3,HitTrajectoryZc4,HitTrajectoryZc5,HitTrajectoryZc6,HitTrajectoryZc7,HitTrajectoryZc8,ThrowSpeed,PopTime,ExchangeTime,TimeToBase,CatchPositionX,CatchPositionY,CatchPositionZ,ThrowPositionX,ThrowPositionY,ThrowPositionZ,BasePositionX,BasePositionY,BasePositionZ,ThrowTrajectoryXc0,ThrowTrajectoryXc1,ThrowTrajectoryXc2,ThrowTrajectoryYc0,ThrowTrajectoryYc1,ThrowTrajectoryYc2,ThrowTrajectoryZc0,ThrowTrajectoryZc1,ThrowTrajectoryZc2,PitchReleaseConfidence,PitchLocationConfidence,PitchMovementConfidence,HitLaunchConfidence,HitLandingConfidence,CatcherThrowCatchConfidence,CatcherThrowReleaseConfidence,CatcherThrowLocationConfidence
1,2025-09-18,18:33:06.45,1,1,"King, Thomas",1000059491,Right,GAS,"Williams, Tyler",1000053915,Right,HAG_FLY,Undefined,1,Top,0,0,0,TwoSeamFastBall,Sinker,FoulBallNotFieldable,Undefined,Undefined,Undefined,0,0,,92.12063,-0.201682,-3.203283,2039.615021,232.240344,1:45,4.96274,2.07438,6.71408,-20.97092,11.39989,13.2254,3.03051,0.24519,83.00281,-4.223126,-0.796778,0.409495,77.4694,9.320541,170.581853,2622.343388,,,,82.45371,35.42398,174.206095,0.802035,-7.89792,6.41485,-1.86596,50,4.94109,6.93223,-133.63037,-1.05685,-14.07836,32.61131,-20.73935,GAS,HAG_FLY,CaroMontHealthPark,Independent,ATL,20250918-CaroMontHealthPark-1,72a773c0-94df-11f0-8c3a-419b60f641aa,92.04626,5.83798,,9.11782,,,,1.24935,2.91273,-0.21154,6f4b811a-a4a7-4f16-b3f8-2d8bd85e17f7,2025-09-18,22:33:06.45,2025-09-18T18:33:06.4548352-04:00,2025-09-18T22:33:06.4548352Z,GroundBall,v3,5508,6089,,"McKeithan, Aaron",702463,Right,GAS,c96dc0d1-c363-4d12-b9e5-b591e41a417c,53.78143,-134.55003,16.30565,4.96265,-0.47199,-10.36968,-2.06705,7.32925,-7.03918,322.621641,1.27802,-111.097,8.96487,,,,,,,2.97962,17.27687,-26.27079,,,,,,,-0.17686,17.76251,-8.98208,,,,,,,,,,,,,,,,,,,,,,,,,,,,,High,High,High,High,Medium,,,
2,2025-09-18,18:33:26.32,1,2,"King, Thomas",1000059491,Right,GAS,"Williams, Tyler",1000053915,Right,HAG_FLY,Undefined,1,Top,0,0,1,Slider,Splitter,BallCalled,Undefined,Undefined,Undefined,0,0,,84.58447,0.337136,-4.253206,810.318354,306.201017,4:15,4.97178,2.12454,6.82886,-45.29463,-7.17256,11.5556,1.50559,-0.79914,77.03814,-8.11771,-2.146156,0.444385,,,,,,,,,,,,-7.3854,-3.4202,-1.85424,50,4.97845,8.70643,-122.71965,-0.64429,-11.14298,26.69494,-37.33441,GAS,HAG_FLY,CaroMontHealthPark,Independent,ATL,20250918-CaroMontHealthPark-1,7e9a3aa0-94df-11f0-8c3a-419b60f641aa,84.81928,,,7.54633,,,,,,,6f4b811a-a4a7-4f16-b3f8-2d8bd85e17f7,2025-09-18,22:33:26.32,2025-09-18T18:33:26.3217664-04:00,2025-09-18T22:33:26.3217664Z,,v3,5508,6089,,"McKeithan, Aaron",702463,Right,GAS,ca84f19f-07d7-4759-bea8-e1de4f289b85,53.67125,-123.51567,13.34747,4.98107,0.46899,-18.66721,-2.11881,9.0387,-5.57149,,,,,,,,,,,,,,,,,,,,,,,,,,,,,,,,,,,,,,,,,,,,,,,,,,,High,High,High,,,,,
3,2025-09-18,18:33:43.62,1,3,"King, Thomas",1000059491,Right,GAS,"Williams, Tyler",1000053915,Right,HAG_FLY,Undefined,1,Top,0,1,1,TwoSeamFastBall,Four-Seam,StrikeSwinging,Undefined,Undefined,Undefined,0,0,,92.0773,0.278072,-2.641392,1942.435308,221.993375,1:30,5.0586,2.02589,6.91688,-18.94509,12.82528,10.62871,3.73333,0.50466,83.82656,-3.367225,-0.699028,0.405679,,,,,,,,,,,,-6.34496,7.04059,-1.86289,50,5.06903,5.75592,-133.81182,0.1612,-11.46939,29.69086,-19.44722,GAS,HAG_FLY,CaroMontHealthPark,Independent,ATL,20250918-CaroMontHealthPark-1,88cf7300-94df-11f0-8c3a-419b60f641aa,92.91195,,,8.25074,,,,,,,6f4b811a-a4a7-4f16-b3f8-2d8bd85e17f7,2025-09-18,22:33:43.62,2025-09-18T18:33:43.6227584-04:00,2025-09-18T22:33:43.6227584Z,,v3,5508,6089,,"McKeithan, Aaron",702463,Right,GAS,f73176fb-2e95-4847-ab95-73b91d1001a5,53.58033,-134.6039,14.84543,5.05781,0.68,-9.72361,-2.02052,6.06189,-5.7347,,,,,,,,,,,,,,,,,,,,,,,,,,,,,,,,,,,,,,,,,,,,,,,,,,,High,High,High,,,,,
4,2025-09-18,18:34:02.67,1,4,"King, Thomas",1000059491,Right,GAS,"Williams, Tyler",1000053915,Right,HAG_FLY,Undefined,1,Top,0,1,2,TwoSeamFastBall,Sinker,BallCalled,Undefined,Undefined,Undefined,0,0,,93.66981,1.437077,-2.908421,1832.387054,226.931372,1:30,5.07561,1.9203,6.90232,-19.93001,10.80587,10.51627,4.72571,0.14522,85.19746,-2.382467,-0.988453,0.39902,,,,,,,,,,,,-6.34764,5.62701,-1.73975,50,5.15891,6.48942,-136.05572,2.87241,-11.86828,30.55358,-21.65315,GAS,HAG_FLY,CaroMontHealthPark,Independent,ATL,20250918-CaroMontHealthPark-1,942117e0-94df-11f0-8c3a-419b60f641aa,94.46263,,,8.47234,,,,,,,6f4b811a-a4a7-4f16-b3f8-2d8bd85e17f7,2025-09-18,22:34:02.67,2025-09-18T18:34:02.6774528-04:00,2025-09-18T22:34:02.6774528Z,,v3,5508,6089,,"McKeithan, Aaron",702463,Right,GAS,b65b00c1-be70-43f8-8b37-d7b0664b9f90,53.59486,-136.86062,15.27679,5.07573,3.44284,-10.82658,-1.91482,6.80207,-5.93414,,,,,,,,,,,,,,,,,,,,,,,,,,,,,,,,,,,,,,,,,,,,,,,,,,,High,High,High,,,,,
5,2025-09-18,18:34:21.16,1,5,"King, Thomas",1000059491,Right,GAS,"Williams, Tyler",1000053915,Right,HAG_FLY,Undefined,1,Top,0,2,2,FourSeamFastBall,Sinker,FoulBallNotFieldable,Undefined,Undefined,Undefined,0,0,,92.70777,0.002801,-3.840141,1885.301848,231.16488,1:45,4.99136,2.00194,6.79367,-21.01261,10.59489,11.87245,3.24287,-0.51904,84.26511,-4.00911,-1.679366,0.404638,88.22095,18.622085,40.474493,4161.942292,77.53651,28.92579,78.02618,268.70175,149.07139,51.408077,2.940785,-7.41182,5.92063,-1.75654,50,4.98352,8.57198,-134.56667,-0.58399,-13.51867,30.64391,-21.37514,GAS,HAG_FLY,CaroMontHealthPark,Independent,ATL,20250918-CaroMontHealthPark-1,9f3cdfb0-94df-11f0-8c3a-419b60f641aa,93.151,30.81189,,8.44266,,,,0.61755,3.14677,0.56185,6f4b811a-a4a7-4f16-b3f8-2d8bd85e17f7,2025-09-18,22:34:21.16,2025-09-18T18:34:21.1637760-04:00,2025-09-18T22:34:21.1637760Z,LineDrive,v3,5508,6089,,"McKeithan, Aaron",702463,Right,GAS,863e906b-fcd7-4d82-a410-726250389015,53.70554,-135.40788,15.32195,4.9915,0.00278,-10.68757,-1.99694,8.94308,-6.75934,,0.61764,93.26955,-21.17854,5.02391,-1.00539,0.10469,0.0153,-0.00779,0.00093,3.14667,41.32201,-16.31816,0.69784,-0.08992,0.08457,-0.04492,0.01195,-0.00122,0.56187,79.59044,-2.62897,-0.60674,0.40211,-0.14639,0.03964,-0.00686,0.00055,,,,,,,,,,,,,,,,,,,,,,,High,High,High,High,Medium,,,
6,2025-09-18,18:34:49.37,1,6,"King, Thomas",1000059491,Right,GAS,"Williams, Tyler",1000053915,Right,HAG_FLY,Undefined,1,Top,0,2,2,TwoSeamFastBall,Sinker,BallCalled,Undefined,Undefined,Undefined,0,0,,92.83635,1.337142,-3.020204,1944.080336,227.93258,1:30,5.01809,2.07619,6.76093,-20.72477,10.92973,10.92863,4.51419,0.22593,83.95064,-2.63314,-1.030577,0.404939,,,,,,,,,,,,-6.61748,5.68587,-1.88166,50,5.09762,6.66104,-134.73204,2.56878,-12.05804,31.65219,-21.81357,GAS,HAG_FLY,CaroMontHealthPark,Independent,ATL,20250918-CaroMontHealthPark-1,aff9d8d0-94df-11f0-8c3a-419b60f641aa,93.08187,,,8.88571,,,,,,,6f4b811a-a4a7-4f16-b3f8-2d8bd85e17f7,2025-09-18,22:34:49.37,2025-09-18T18:34:49.3733376-04:00,2025-09-18T22:34:49.3733376Z,,v3,5508,6089,,"McKeithan, Aaron",702463,Right,GAS,228b5d46-bb1c-4d6c-b4c7-d3314edafaca,53.73541,-135.60675,15.82609,5.01831,3.17159,-10.90679,-2.07034,6.99426,-6.02902,,,,,,,,,,,,,,,,,,,,,,,,,,,,,,,,,,,,,,,,,,,,,,,,,,,High,High,High,,,,,
7,2025-09-18,18:35:08.55,1,7,"King, Thomas",1000059491,Right,GAS,"Williams, Tyler",1000053915,Right,HAG_FLY,Undefined,1,Top,0,3,2,Slider,Sinker,BallCalled,Walk,Undefined,Undefined,0,0,,91.83895,-1.999131,-2.753819,2008.54562,226.184425,1:30,4.96181,2.01919,6.84088,-18.60277,13.51658,12.9793,1.58567,0.58758,83.66971,-5.568901,-0.38411,0.407901,,,,,,,,,,,,-7.6941,8.08146,-1.84689,50,4.82661,5.92166,-133.38117,-5.14739,-13.78594,30.13439,-17.69406,GAS,HAG_FLY,CaroMontHealthPark,Independent,ATL,20250918-CaroMontHealthPark-1,bb80be80-94df-11f0-8c3a-419b60f641aa,92.40581,,,8.16924,,,,,,,6f4b811a-a4a7-4f16-b3f8-2d8bd85e17f7,2025-09-18,22:35:08.55,2025-09-18T18:35:08.5543424-04:00,2025-09-18T22:35:08.5543424Z,,v3,5508,6089,,"McKeithan, Aaron",702463,Right,GAS,db53bba6-07c2-4081-8931-a782aa51ddcd,53.65835,-134.20514,15.0672,4.96074,-4.66357,-8.84703,-2.01396,6.29861,-6.89297,,,,,,,,,,,,,,,,,,,,,,,,,,,,,,,,,,,,,,,,,,,,,,,,,,,High,High,High,,,,,
8,2025-09-18,18:35:45.67,2,1,"King, Thomas",1000059491,Right,GAS,"Takacs, Aaron",1000235182,Left,HAG_FLY,Undefined,1,Top,0,0,0,TwoSeamFastBall,Sinker,StrikeCalled,Undefined,Undefined,Undefined,0,0,,90.27578,-0.795386,-2.928123,1913.662282,226.592847,1:30,5.0499,1.90919,6.70626,-21.64623,11.75174,11.26296,2.51784,0.16832,82.18159,-4.922376,-0.878038,0.415941,,,,,,,,,,,,-6.75071,6.76583,-1.71837,50,4.98842,6.26353,-131.09952,-2.42271,-11.69248,28.95427,-20.45532,GAS,HAG_FLY,CaroMontHealthPark,Independent,ATL,20250918-CaroMontHealthPark-1,d1886480-94df-11f0-8c3a-419b60f641aa,90.61977,,,8.09419,,,,,,,6f4b811a-a4a7-4f16-b3f8-2d8bd85e17f7,2025-09-18,22:35:45.67,2025-09-18T18:35:45.6747520-04:00,2025-09-18T22:35:45.6747520Z,,v3,5508,6089,,"McKeithan, Aaron",702463,Right,GAS,85e423f2-9c27-4d9a-982b-e5b4013c17e0,53.79139,-131.93421,14.47714,5.04976,-1.83302,-10.22766,-1.9038,6.6006,-5.84624,,,,,,,,,,,,,,,,,,,,,,,,,,,,,,,,,,,,,,,,,,,,,,,,,,,High,High,High,,,,,
9,2025-09-18,18:36:07.15,2,2,"King, Thomas",1000059491,Right,GAS,"Takacs, Aaron",1000235182,Left,HAG_FLY,Undefined,1,Top,0,0,1,TwoSeamFastBall,Sinker,StrikeSwinging,Undefined,Undefined,Undefined,0,0,,92.61002,-0.480661,-3.883235,1982.172441,228.633436,1:30,4.98063,1.98186,6.69595,-20.4997,11.308,11.64922,2.83176,-0.60387,84.19097,-4.391504,-1.767068,0.405916,,,,,,,,,,,,-7.25768,6.42052,-1.72709,50,4.94034,8.65731,-134.37658,-1.71187,-13.20233,30.51373,-20.4946,GAS,HAG_FLY,CaroMontHealthPark,Independent,ATL,20250918-CaroMontHealthPark-1,de7087e0-94df-11f0-8c3a-419b60f641aa,92.85741,,,8.41904,,,,,,,6f4b811a-a4a7-4f16-b3f8-2d8bd85e17f7,2025-09-18,22:36:07.15,2025-09-18T18:36:07.1574528-04:00,2025-09-18T22:36:07.1574528Z,,v3,5508,6089,,"McKeithan, Aaron",702463,Right,GAS,71173640-3727-4ea1-9924-4f677ca6fecb,53.80252,-135.23728,15.25687,4.98047,-1.13377,-10.2473,-1.97654,9.02971,-6.60116,,,,,,,,,,,,,,,,,,,,,,,,,,,,,,,,,,,,,,,,,,,,,,,,,,,High,High,High,,,,,
10,2025-09-18,18:36:29.32,2,3,"King, Thomas",1000059491,Right,GAS,"Takacs, Aaron",1000235182,Left,HAG_FLY,Undefined,1,Top,0,0,2,Slider,Changeup,BallinDirt,Undefined,Undefined,Undefined,0,0,,82.08943,-0.147066,-2.536398,3122.763333,290.408111,3:45,4.98474,2.10822,7.0588,-42.19357,-1.94913,9.0878,1.33492,0.56067,74.39617,-8.102589,-0.867473,0.456588,,,,,,,,,,,,-5.68394,-0.54102,-1.95766,50,4.9634,4.97836,-119.26886,-1.44586,-8.04059,26.77498,-32.93937,GAS,HAG_FLY,CaroMontHealthPark,Independent,ATL,20250918-CaroMontHealthPark-1,ebabd450-94df-11f0-8c3a-419b60f641aa,82.55243,,,7.69326,,,,,,,6f4b811a-a4a7-4f16-b3f8-2d8bd85e17f7,2025-09-18,22:36:29.32,2025-09-18T18:36:29.3236224-04:00,2025-09-18T22:36:29.3236224Z,,v3,5508,6089,,"McKeithan, Aaron",702463,Right,GAS,85d9153e-3392-44bd-833b-bedf85ff0ead,53.43997,-120.03862,13.38749,4.99136,-0.49887,-16.46969,-2.10411,5.20952,-4.0203,,,,,,,,,,,,,,,,,,,,,,,,,,,,,,,,,,,,,,,,,,,,,,,,,,,High,High,High,,,,,
11,2025-09-18,18:36:51.10,2,4,"King, Thomas",1000059491,Right,GAS,"Takacs, Aaron",1000235182,Left,HAG_FLY,Undefined,1,Top,0,1,2,Slider,Splitter,BallCalled,Undefined,Undefined,Undefined,0,0,,83.34732,0.065034,-4.188536,993.93918,272.577911,3:00,4.90435,1.97331,7.13027,-38.05683,0.89925,10.46906,1.79208,-0.95953,75.51048,-7.134474,-2.270103,0.44922,,,,,,,,,,,,-6.90256,0.93421,-1.72809,50,4.89763,8.49455,-120.90807,-0.88067,-10.06962,26.76524,-30.81122,GAS,HAG_FLY,CaroMontHealthPark,Independent,ATL,20250918-CaroMontHealthPark-1,f8ac3aa0-94df-11f0-8c3a-419b60f641aa,83.90644,,,7.83684,,,,,,,6f4b811a-a4a7-4f16-b3f8-2d8bd85e17f7,2025-09-18,22:36:51.10,2025-09-18T18:36:51.1006720-04:00,2025-09-18T22:36:51.1006720Z,,v3,5508,6089,,"McKeithan, Aaron",702463,Right,GAS,e1f75d78-e0ff-45b4-9d3e-ac79d89d93ad,53.36745,-121.65124,13.38262,4.9102,-0.02516,-15.40561,-1.96783,8.77415,-5.03481,,,,,,,,,,,,,,,,,,,,,,,,,,,,,,,,,,,,,,,,,,,,,,,,,,,High,High,High,,,,,
12,2025-09-18,18:37:17.39,2,5,"King, Thomas",1000059491,Right,GAS,"Takacs, Aaron",1000235182,Left,HAG_FLY,Undefined,1,Top,0,2,2,Slider,Splitter,FoulBallNotFieldable,Undefined,Undefined,Undefined,0,0,,82.67916,0.993891,-2.739628,856.110406,250.734575,2:15,4.94764,1.98178,6.83932,-36.56848,3.49481,5.88248,2.80778,-0.02834,74.56527,-5.925839,-1.66616,0.455559,99.5248,4.399897,43.734998,3941.763082,,,,98.59128,94.06629,46.419348,0.737053,-4.0376,1.92563,-1.80816,50,4.99833,5.54073,-120.01857,1.08923,-5.78183,27.17998,-29.41654,GAS,HAG_FLY,CaroMontHealthPark,Independent,ATL,20250918-CaroMontHealthPark-1,0849ba00-94e0-11f0-8c3a-419b60f641aa,82.73887,4.28381,,8.11389,,,,2.14588,2.8372,0.02707,6f4b811a-a4a7-4f16-b3f8-2d8bd85e17f7,2025-09-18,22:37:17.39,2025-09-18T18:37:17.3955584-04:00,2025-09-18T22:37:17.3955584Z,GroundBall,v3,5508,6089,,"McKeithan, Aaron",702463,Right,GAS,0f5080f5-3f91-4a1f-a89c-7bd806fc3d65,53.65914,-120.8444,13.58999,4.95165,1.98301,-14.70827,-1.97917,5.7164,-2.89092,,2.21281,103.9254,-20.0767,,,,,,,2.88082,10.39471,-19.48014,,,,,,,0.01661,100.81525,-5.32734,,,,,,,,,,,,,,,,,,,,,,,,,,,,,High,High,High,High,High,,,
13,2025-09-18,18:37:49.30,2,6,"King, Thomas",1000059491,Right,GAS,"Takacs, Aaron",1000235182,Left,HAG_FLY,Undefined,1,Top,0,2,2,TwoSeamFastBall,Sinker,InPlay,Undefined,GroundBall,Out,1,0,,92.28966,-0.672579,-4.144607,1899.903114,237.15606,2:00,4.93395,2.01935,6.87394,-22.53222,9.38256,12.85863,2.44168,-0.69289,83.7243,-4.970182,-1.801218,0.4066,78.46093,-11.657113,10.409656,,,,,10.89464,10.3574,13.806613,0.09379,-8.07052,5.51107,-1.7599,50,4.88306,9.20744,-133.88499,-2.20836,-14.52523,31.18437,-22.25529,GAS,HAG_FLY,CaroMontHealthPark,Independent,ATL,20250918-CaroMontHealthPark-1,1b5277e0-94e0-11f0-8c3a-419b60f641aa,92.70156,2.3217,,8.56536,,,,0.33815,2.3217,0.73772,6f4b811a-a4a7-4f16-b3f8-2d8bd85e17f7,2025-09-18,22:37:49.30,2025-09-18T18:37:49.3019136-04:00,2025-09-18T22:37:49.3019136Z,GroundBall,v3,5508,6089,,"McKeithan, Aaron",702463,Right,GAS,69cde554-086f-464c-a3b7-d415c01c44e8,53.62487,-134.72664,15.59219,4.93456,-1.6077,-11.12764,-2.0137,9.59947,-7.26262,30.006962,0.33825,110.83235,-17.44593,,,,,,,2.32177,-23.2623,-15.92406,,,,,,,0.73776,20.35775,-5.36529,,,,,,,,,,,,,,,,,,,,,,,,,,,,,High,High,High,High,High,,,
14,2025-09-18,18:38:33.37,3,1,"King, Thomas",1000059491,Right,GAS,"Arbolida, Cary",812364,Right,HAG_FLY,Undefined,1,Top,1,0,0,TwoSeamFastBall,Sinker,FoulBallNotFieldable,Undefined,Undefined,Undefined,0,0,,90.77375,-0.09855,-2.535945,1788.568251,228.720504,1:30,5.02181,1.92533,6.75789,-21.11296,11.98524,12.36343,3.17229,0.63783,82.18035,-4.145657,-0.282575,0.41407,83.09733,-38.170751,-68.65942,,,,,5.85129,2.51068,-48.97182,0.043045,-7.34099,6.70418,-1.76352,50,5.00714,5.36991,-131.86462,-0.80166,-12.78512,30.88425,-20.49797,GAS,HAG_FLY,CaroMontHealthPark,Independent,ATL,20250918-CaroMontHealthPark-1,3590e9c0-94e0-11f0-8c3a-419b60f641aa,91.02917,3.25302,,8.5934,,,,2.33503,3.25302,-0.55969,6f4b811a-a4a7-4f16-b3f8-2d8bd85e17f7,2025-09-18,22:38:33.37,2025-09-18T18:38:33.3727232-04:00,2025-09-18T22:38:33.3727232Z,GroundBall,v3,5508,6089,,"McKeithan, Aaron",702463,Right,GAS,5d0c2a68-26b2-4642-a16b-333bde9f481f,53.74109,-132.73794,15.44212,5.02161,-0.22203,-10.24898,-1.92048,5.73144,-6.39256,,2.33422,34.98531,,,,,,,,3.25477,-75.57293,,,,,,,,-0.55761,-89.54525,,,,,,,,,,,,,,,,,,,,,,,,,,,,,,High,High,High,Low,Low,,,
15,2025-09-18,18:39:08.58,3,2,"King, Thomas",1000059491,Right,GAS,"Arbolida, Cary",812364,Right,HAG_FLY,Undefined,1,Top,1,0,1,TwoSeamFastBall,Sinker,FoulBallNotFieldable,Undefined,Undefined,Undefined,0,0,,91.56428,0.295163,-2.030211,1799.326917,230.94795,1:45,4.9781,1.91932,6.61208,-21.20773,11.57048,12.8539,3.4813,1.13019,82.66021,-3.763487,0.307132,0.412063,71.75997,29.095929,168.907867,3441.833086,,,,,38.97164,,,-7.38059,6.32457,-1.78593,50,4.98936,4.1991,-132.97791,0.08243,-13.04238,32.00489,-20.99776,GAS,HAG_FLY,CaroMontHealthPark,Independent,ATL,20250918-CaroMontHealthPark-1,4a8f3610-94e0-11f0-8c3a-419b60f641aa,91.47242,21.10516,,8.90407,,,,1.23926,3.38336,-1.17647,6f4b811a-a4a7-4f16-b3f8-2d8bd85e17f7,2025-09-18,22:39:08.58,2025-09-18T18:39:08.5827072-04:00,2025-09-18T22:39:08.5827072Z,,v3,5508,6089,,"McKeithan, Aaron",702463,Right,GAS,ae2f2ed0-d15c-42a7-82cd-00916e75f648,53.88566,-133.90984,16.00244,4.97805,0.69385,-10.49888,-1.91373,4.57887,-6.52119,316.946499,1.23982,-90.26715,6.99949,,,,,,,3.39941,50.70834,-26.3832,,,,,,,-1.16595,17.38382,-8.08972,,,,,,,,,,,,,,,,,,,,,,,,,,,,,High,High,High,High,Undefined,,,
16,2025-09-18,18:39:41.90,3,3,"King, Thomas",1000059491,Right,GAS,"Arbolida, Cary",812364,Right,HAG_FLY,Undefined,1,Top,1,0,2,TwoSeamFastBall,Sinker,BallCalled,Undefined,Undefined,Undefined,0,0,,93.14012,0.937805,-3.325047,2044.320924,232.285061,1:45,4.99175,1.97167,6.76481,-20.98741,10.49375,12.18083,4.10077,-0.05329,84.16891,-3.080194,-1.107798,0.403829,,,,,,,,,,,,-7.38252,5.57843,-1.75778,50,5.04504,7.3533,-135.1502,1.62189,-13.5205,32.15422,-21.95756,GAS,HAG_FLY,CaroMontHealthPark,Independent,ATL,20250918-CaroMontHealthPark-1,5e552970-94e0-11f0-8c3a-419b60f641aa,93.33774,,,8.97121,,,,,,,6f4b811a-a4a7-4f16-b3f8-2d8bd85e17f7,2025-09-18,22:39:41.90,2025-09-18T18:39:41.9020800-04:00,2025-09-18T22:39:41.9020800Z,,v3,5508,6089,,"McKeithan, Aaron",702463,Right,GAS,7b4cc92e-a84e-4d21-85b6-eb283e239970,53.73181,-136.03516,16.07711,4.99208,2.22621,-10.97878,-1.96528,7.72541,-6.76025,,,,,,,,,,,,,,,,,,,,,,,,,,,,,,,,,,,,,,,,,,,,,,,,,,,High,High,High,,,,,
17,2025-09-18,18:40:02.06,3,4,"King, Thomas",1000059491,Right,GAS,"Arbolida, Cary",812364,Right,HAG_FLY,Undefined,1,Top,1,1,2,Slider,Changeup,BallinDirt,Undefined,Undefined,Undefined,0,0,,85.32783,-0.770398,-5.692227,1511.804602,284.448065,3:30,4.96976,1.84218,6.82163,-39.76215,-1.79169,12.39863,0.94992,-2.33456,77.01418,-8.219517,-3.440096,0.443501,,,,,,,,,,,,-8.38185,-0.16996,-1.47811,50,4.9068,11.83242,-123.37654,-2.85536,-12.6743,28.89072,-32.43106,GAS,HAG_FLY,CaroMontHealthPark,Independent,ATL,20250918-CaroMontHealthPark-1,6a5e1060-94e0-11f0-8c3a-419b60f641aa,84.98847,,,8.31365,,,,,,,6f4b811a-a4a7-4f16-b3f8-2d8bd85e17f7,2025-09-18,22:40:02.06,2025-09-18T18:40:02.0639744-04:00,2025-09-18T22:40:02.0639744Z,,v3,5508,6089,,"McKeithan, Aaron",702463,Right,GAS,0cf06b9f-3ed1-43d4-94bc-591afa8c3e73,53.67533,-124.2342,14.44536,4.97728,-1.8926,-16.21553,-1.83495,12.20867,-6.33715,,,,,,,,,,,,,,,,,,,,,,,,,,,,,,,,,,,,,,,,,,,,,,,,,,,High,High,High,,,,,
18,2025-09-18,18:40:22.67,3,5,"King, Thomas",1000059491,Right,GAS,"Arbolida, Cary",812364,Right,HAG_FLY,Undefined,1,Top,1,2,2,Slider,Slider,StrikeCalled,Strikeout,Undefined,Undefined,0,0,,84.5282,1.695778,-2.277222,2247.885357,85.035754,8:45,4.9689,2.06618,6.49174,-37.67624,0.80575,-5.14272,3.38766,-0.45402,76.92871,-5.350037,-3.209182,0.446478,,,,,,,,,,,,1.98425,0.36047,-1.9046,50,5.07215,5.07676,-122.7174,2.47461,3.00466,25.87188,-31.62821,GAS,HAG_FLY,CaroMontHealthPark,Independent,ATL,20250918-CaroMontHealthPark-1,76a9ccb0-94e0-11f0-8c3a-419b60f641aa,84.42172,,,7.59949,,,,,,,6f4b811a-a4a7-4f16-b3f8-2d8bd85e17f7,2025-09-18,22:40:22.67,2025-09-18T18:40:22.6721280-04:00,2025-09-18T22:40:22.6721280Z,,v3,5508,6089,,"McKeithan, Aaron",702463,Right,GAS,6339fb5e-d21b-477f-893b-7ad5487ec047,54.00586,-123.55905,12.93594,4.97491,3.50352,-15.8141,-2.06817,4.97901,1.50233,,,,,,,,,,,,,,,,,,,,,,,,,,,,,,,,,,,,,,,,,,,,,,,,,,,High,High,High,,,,,
19,2025-09-18,18:40:57.09,4,1,"King, Thomas",1000059491,Right,GAS,"Cannon, Bryce",1000048596,Left,HAG_FLY,Undefined,1,Top,2,0,0,TwoSeamFastBall,Four-Seam,StrikeSwinging,Undefined,Undefined,Undefined,0,0,,92.48775,0.314772,-2.494224,2013.00112,223.63436,1:30,5.05094,1.96291,6.6257,-18.90166,13.2843,11.57772,3.76431,0.64236,83.29493,-3.326359,-0.389783,0.408324,,,,,,,,,,,,-6.79764,7.20134,-1.79753,50,5.06431,5.36117,-134.21724,0.22394,-12.22612,32.84711,-19.2219,GAS,HAG_FLY,CaroMontHealthPark,Independent,ATL,20250918-CaroMontHealthPark-1,8b292500-94e0-11f0-8c3a-419b60f641aa,92.31022,,,9.19281,,,,,,,6f4b811a-a4a7-4f16-b3f8-2d8bd85e17f7,2025-09-18,22:40:57.09,2025-09-18T18:40:57.0981888-04:00,2025-09-18T22:40:57.0981888Z,,v3,5508,6089,,"McKeithan, Aaron",702463,Right,GAS,981ffe9d-5945-475e-b0e0-8e889490890d,53.86958,-135.16093,16.42356,5.04995,0.77618,-9.61095,-1.9566,5.71242,-6.11306,,,,,,,,,,,,,,,,,,,,,,,,,,,,,,,,,,,,,,,,,,,,,,,,,,,High,High,High,,,,,
20,2025-09-18,18:41:16.79,4,2,"King, Thomas",1000059491,Right,GAS,"Cannon, Bryce",1000048596,Left,HAG_FLY,Undefined,1,Top,2,0,1,Slider,Splitter,BallCalled,Undefined,Undefined,Undefined,0,0,,83.99246,-0.409494,-3.800218,872.971205,264.181778,2:45,4.97157,2.00538,6.66956,-37.02171,2.2413,7.71989,1.51095,-0.83329,75.70077,-7.369698,-2.396976,0.450986,,,,,,,,,,,,-5.34492,1.75957,-1.75314,50,4.92988,7.80382,-121.73363,-1.9478,-7.85426,28.51561,-29.58839,GAS,HAG_FLY,CaroMontHealthPark,Independent,ATL,20250918-CaroMontHealthPark-1,96ff1510-94e0-11f0-8c3a-419b60f641aa,83.57783,,,8.2917,,,,,,,6f4b811a-a4a7-4f16-b3f8-2d8bd85e17f7,2025-09-18,22:41:16.79,2025-09-18T18:41:16.7907328-04:00,2025-09-18T22:41:16.7907328Z,,v3,5508,6089,,"McKeithan, Aaron",702463,Right,GAS,324c34fe-4e28-4156-8ad9-0c805a2ec1f3,53.82777,-122.62699,14.25781,4.97638,-1.02083,-14.7942,-2.00148,8.04988,-3.92713,,,,,,,,,,,,,,,,,,,,,,,,,,,,,,,,,,,,,,,,,,,,,,,,,,,High,High,High,,,,,
21,2025-09-18,18:41:47.96,4,3,"King, Thomas",1000059491,Right,GAS,"Cannon, Bryce",1000048596,Left,HAG_FLY,Undefined,1,Top,2,1,1,TwoSeamFastBall,Sinker,StrikeSwinging,Undefined,Undefined,Undefined,0,0,,92.19184,0.007765,-2.760345,2002.795195,227.904545,1:30,5.03417,1.88626,6.80036,-19.31288,12.79953,12.9291,3.43186,0.44254,83.23924,-3.714157,-0.402732,0.407857,,,,,,,,,,,,-7.62449,7.09201,-1.71113,50,5.0272,5.93039,-133.84248,-0.49274,-13.66427,32.12833,-19.46407,GAS,HAG_FLY,CaroMontHealthPark,Independent,ATL,20250918-CaroMontHealthPark-1,a977ef00-94e0-11f0-8c3a-419b60f641aa,92.41582,,,8.9526,,,,,,,6f4b811a-a4a7-4f16-b3f8-2d8bd85e17f7,2025-09-18,22:41:47.96,2025-09-18T18:41:47.9652864-04:00,2025-09-18T22:41:47.9652864Z,,v3,5508,6089,,"McKeithan, Aaron",702463,Right,GAS,efcb8156-d73d-45f0-8c9a-be0b39df1657,53.69587,-134.72674,16.06416,5.03339,0.04296,-9.73203,-1.87952,6.30647,-6.83214,,,,,,,,,,,,,,,,,,,,,,,,,,,,,,,,,,,,,,,,,,,,,,,,,,,High,High,High,,,,,
22,2025-09-18,18:42:12.66,4,4,"King, Thomas",1000059491,Right,GAS,"Cannon, Bryce",1000048596,Left,HAG_FLY,Undefined,1,Top,2,1,2,TwoSeamFastBall,Four-Seam,FoulBallNotFieldable,Undefined,Undefined,Undefined,0,0,,93.80925,0.2126,-2.986268,2004.238313,227.392718,1:30,4.99356,1.98394,6.7016,-19.26544,11.85823,11.72162,3.58277,0.22775,84.72647,-3.486705,-0.853797,0.401529,86.13783,51.650108,-39.314388,4582.986378,76.32428,118.87801,-79.21225,259.12543,92.92885,-51.194457,5.801271,-7.0978,6.50378,-1.78939,50,4.99997,6.62967,-136.17553,-0.03405,-13.17088,33.192,-20.10548,GAS,HAG_FLY,CaroMontHealthPark,Independent,ATL,20250918-CaroMontHealthPark-1,b8463780-94e0-11f0-8c3a-419b60f641aa,93.87229,130.01934,,9.08278,,,,0.84113,4.23662,-0.48804,6f4b811a-a4a7-4f16-b3f8-2d8bd85e17f7,2025-09-18,22:42:12.66,2025-09-18T18:42:12.6614016-04:00,2025-09-18T22:42:12.6614016Z,FlyBall,v3,5508,6089,,"McKeithan, Aaron",702463,Right,GAS,ee4677f6-fd22-418b-bf19-2556ebf8432c,53.79628,-137.09773,16.596,4.99316,0.52456,-10.05274,-1.97867,6.99561,-6.58544,,0.8489,60.48125,-16.60514,3.69054,-0.2244,-0.13715,0.044,-0.00531,0.00023,4.23036,99.17764,-23.97641,2.67251,-0.52909,0.0523,0.00703,-0.00228,0.00015,-0.48831,-49.65672,5.98944,-1.15313,0.16171,-0.0181,0.00266,-0.0004,3E-05,,,,,,,,,,,,,,,,,,,,,,,High,High,High,High,Low,,,
23,2025-09-18,18:42:53.77,4,5,"King, Thomas",1000059491,Right,GAS,"Cannon, Bryce",1000048596,Left,HAG_FLY,Undefined,1,Top,2,1,2,TwoSeamFastBall,Sinker,BallCalled,Undefined,Undefined,Undefined,0,0,,93.21718,0.390912,-4.587586,1921.825629,239.172853,2:00,5.00196,1.82779,6.8912,-23.71627,7.52134,10.87005,3.38289,-1.45485,84.62489,-4.1183,-2.608965,0.402263,,,,,,,,,,,,-7.04748,4.21449,-1.54032,50,5.01848,10.40655,-135.14704,0.23334,-12.9612,30.996,-24.42313,GAS,HAG_FLY,CaroMontHealthPark,Independent,ATL,20250918-CaroMontHealthPark-1,d0b9ad60-94e0-11f0-8c3a-419b60f641aa,93.70094,,,8.59229,,,,,,,6f4b811a-a4a7-4f16-b3f8-2d8bd85e17f7,2025-09-18,22:42:53.77,2025-09-18T18:42:53.7725440-04:00,2025-09-18T22:42:53.7725440Z,,v3,5508,6089,,"McKeithan, Aaron",702463,Right,GAS,67f25b15-c407-488f-a967-a5a5a207480c,53.6058,-135.97151,15.498,5.00363,0.88299,-12.21157,-1.82172,10.75131,-6.4806,,,,,,,,,,,,,,,,,,,,,,,,,,,,,,,,,,,,,,,,,,,,,,,,,,,High,High,High,,,,,
24,2025-09-18,18:43:15.78,4,6,"King, Thomas",1000059491,Right,GAS,"Cannon, Bryce",1000048596,Left,HAG_FLY,Undefined,1,Top,2,2,2,TwoSeamFastBall,Sinker,StrikeCalled,Strikeout,Undefined,Undefined,0,0,,93.6983,-1.023202,-3.98448,2081.529261,234.064438,1:45,4.89816,1.95757,6.93832,-20.38493,10.49264,13.03068,2.26572,-0.58918,85.00269,-4.928279,-1.606062,0.399938,,,,,,,,,,,,-8.08221,6.2087,-1.71234,50,4.82708,8.95473,-135.94053,-2.99187,-15.00203,32.04449,-20.64954,GAS,HAG_FLY,CaroMontHealthPark,Independent,ATL,20250918-CaroMontHealthPark-1,ddeac0a0-94e0-11f0-8c3a-419b60f641aa,94.24566,,,8.69561,,,,,,,6f4b811a-a4a7-4f16-b3f8-2d8bd85e17f7,2025-09-18,22:43:15.78,2025-09-18T18:43:15.7890000-04:00,2025-09-18T22:43:15.7890000Z,,v3,5508,6089,,"McKeithan, Aaron",702463,Right,GAS,0838f041-7ea0-4c18-8c9a-a20ca78708ae,53.55951,-136.77702,16.02225,4.89815,-2.45283,-10.32477,-1.95121,9.34634,-7.50101,,,,,,,,,,,,,,,,,,,,,,,,,,,,,56.89465,,,1.192676,,,,-0.83424,5.44017,-1.91747,67.96803,6.08178,-57.032,-0.80848,61.08667,-2.86664,5.51744,18.50298,-15.10981,-2.00196,-52.30296,5.16138,High,High,High,,,High,High,High
25,2025-09-18,18:45:54.90,1,1,"Henriquez, Jonh",806430,Right,HAG_FLY,"Long, Shed",643418,Left,GAS,Undefined,1,Bottom,0,0,0,TwoSeamFastBall,Four-Seam,BallCalled,Undefined,Undefined,Undefined,0,0,,91.37647,-1.515169,-0.88286,2128.141991,210.401988,1:00,5.41891,1.85132,5.91332,-19.86777,13.65745,7.37099,2.35652,1.64611,83.31891,-5.257301,0.441088,0.416732,,,,,,,,,,,,-4.0013,7.75426,-1.78457,50,5.28608,1.71889,-132.65032,-4.14511,-7.10788,29.17666,-18.39938,GAS,HAG_FLY,CaroMontHealthPark,Independent,ATL,20250918-CaroMontHealthPark-1,3ca823d0-94e1-11f0-8c3a-419b60f641aa,90.44758,,,8.05756,,,,,,,6f4b811a-a4a7-4f16-b3f8-2d8bd85e17f7,2025-09-18,22:45:54.90,2025-09-18T18:45:54.9070336-04:00,2025-09-18T22:45:54.9070336Z,,v3,5508,6089,,"Black, Mark",691773,Right,HAG_FLY,d272652b-4cb8-49fd-a488-fe895e2f11a0,54.5837,-133.65471,14.58833,5.41787,-3.51172,-9.19969,-1.84795,1.96357,-3.55394,,,,,,,,,,,,,,,,,,,,,,,,,,,,,,,,,,,,,,,,,,,,,,,,,,,High,High,High,,,,,
26,2025-09-18,18:46:05.49,1,2,"Henriquez, Jonh",806430,Right,HAG_FLY,"Long, Shed",643418,Left,GAS,Undefined,1,Bottom,0,1,0,TwoSeamFastBall,Four-Seam,FoulBallNotFieldable,Undefined,Undefined,Undefined,0,0,,91.49204,-0.489256,-3.221284,2215.322781,208.132117,1:00,5.36087,2.09089,6.0626,-19.42139,13.90182,6.85154,3.28888,-0.32262,83.26526,-4.166742,-1.99058,0.415475,,,,,,,,,,,,-4.46343,7.62957,-1.84438,50,5.31247,7.1796,-132.72109,-1.73592,-7.9319,29.3873,-18.61563,GAS,HAG_FLY,CaroMontHealthPark,Independent,ATL,20250918-CaroMontHealthPark-1,43169030-94e1-11f0-8c3a-419b60f641aa,90.72135,,,8.22678,,,,,,,6f4b811a-a4a7-4f16-b3f8-2d8bd85e17f7,2025-09-18,22:46:05.49,2025-09-18T18:46:05.4935552-04:00,2025-09-18T22:46:05.4935552Z,,v3,5508,6089,,"Black, Mark",691773,Right,HAG_FLY,8ed4e88c-599d-4cc5-b930-961c4e9b7da3,54.43596,-133.6997,14.69365,5.35995,-1.11601,-9.30782,-2.08786,7.44374,-3.96595,,,,,,,,,,,,,,,,,,,,,,,,,,,,,,,,,,,,,,,,,,,,,,,,,,,High,High,High,,,,,
27,2025-09-18,18:46:20.32,1,3,"Henriquez, Jonh",806430,Right,HAG_FLY,"Long, Shed",643418,Left,GAS,Undefined,1,Bottom,0,1,1,TwoSeamFastBall,Four-Seam,InPlay,Undefined,Popup,Out,1,0,,92.7432,-1.205568,-3.016338,2224.242452,189.996088,12:15,5.34928,1.80922,6.20393,-16.94607,15.26048,2.50736,2.82261,-0.76862,84.60164,-4.43331,-2.564727,0.408454,71.99708,53.888562,-14.039272,,100.81635,97.7684,-44.00074,188.04437,173.55462,-26.296351,5.022623,-2.15709,8.56221,-1.58369,50,5.24999,6.98612,-134.58204,-3.33331,-3.94766,29.79992,-16.50453,GAS,HAG_FLY,CaroMontHealthPark,Independent,ATL,20250918-CaroMontHealthPark-1,4bea3cc0-94e1-11f0-8c3a-419b60f641aa,92.28064,98.18845,,8.14156,,,,0.35982,3.3141,0.33456,6f4b811a-a4a7-4f16-b3f8-2d8bd85e17f7,2025-09-18,22:46:20.32,2025-09-18T18:46:20.3280896-04:00,2025-09-18T22:46:20.3280896Z,Popup,v3,5508,6089,,"Black, Mark",691773,Right,HAG_FLY,122994d7-faef-479d-94b9-c082f10c87c4,54.29459,-135.52964,14.89996,5.34764,-2.80849,-8.25227,-1.80783,7.11165,-1.97383,156.573483,0.36244,60.29881,-14.67732,3.53134,-0.18736,-0.21994,0.08033,-0.01144,0.0006,3.30878,85.41171,-22.71992,2.36058,-0.57104,0.10634,-0.00408,-0.00181,0.00019,0.33669,-15.14998,-2.50461,0.89222,0.04489,-0.1371,0.04631,-0.00665,0.00036,,,,,,,,,,,,,,,,,,,,,,,High,High,High,High,Low,,,
28,2025-09-18,18:46:58.88,2,1,"Henriquez, Jonh",806430,Right,HAG_FLY,"Wylie, Justin",687045,Right,GAS,Undefined,1,Bottom,1,0,0,TwoSeamFastBall,Four-Seam,BallCalled,Undefined,Undefined,Undefined,0,0,,92.06543,-0.224172,-1.292037,2039.654899,206.205172,12:45,5.422,1.8674,6.09849,-21.61182,11.09819,4.9526,3.41364,1.08492,84.02939,-4.292695,-0.39975,0.411634,,,,,,,,,,,,-2.91008,6.10374,-1.77047,50,5.39336,2.80441,-133.757,-1.22288,-5.26516,29.20024,-21.1306,GAS,HAG_FLY,CaroMontHealthPark,Independent,ATL,20250918-CaroMontHealthPark-1,62cc8b50-94e1-11f0-8c3a-419b60f641aa,91.56776,,,8.03604,,,,,,,6f4b811a-a4a7-4f16-b3f8-2d8bd85e17f7,2025-09-18,22:46:58.88,2025-09-18T18:46:58.8857344-04:00,2025-09-18T22:46:58.8857344Z,,v3,5508,6089,,"Black, Mark",691773,Right,HAG_FLY,f58d55c3-dd24-4d60-a7b4-3fa78c41f692,54.39959,-134.71404,14.60012,5.42209,-0.53032,-10.5653,-1.86521,2.97698,-2.63258,,,,,,,,,,,,,,,,,,,,,,,,,,,,,,,,,,,,,,,,,,,,,,,,,,,High,High,High,,,,,
29,2025-09-18,18:47:14.60,2,2,"Henriquez, Jonh",806430,Right,HAG_FLY,"Wylie, Justin",687045,Right,GAS,Undefined,1,Bottom,1,1,0,TwoSeamFastBall,Four-Seam,BallCalled,Undefined,Undefined,Undefined,0,0,,91.78837,0.229799,-0.713877,2103.234129,180.950062,12:00,5.4554,1.68538,6.15867,-20.73308,12.21989,0.18476,3.93996,1.04123,83.41143,-3.696913,-0.680554,0.41316,,,,,,,,,,,,-0.30413,6.56969,-1.63128,50,5.4622,1.65324,-133.32047,-0.11202,-0.54453,30.07906,-20.41223,GAS,HAG_FLY,CaroMontHealthPark,Independent,ATL,20250918-CaroMontHealthPark-1,6c28c8d0-94e1-11f0-8c3a-419b60f641aa,91.22954,,,8.37694,,,,,,,6f4b811a-a4a7-4f16-b3f8-2d8bd85e17f7,2025-09-18,22:47:14.60,2025-09-18T18:47:14.6006528-04:00,2025-09-18T22:47:14.6006528Z,,v3,5508,6089,,"Black, Mark",691773,Right,HAG_FLY,26c7f21d-5c70-4640-aa5e-851f77c6711c,54.33804,-134.29563,15.03953,5.45511,0.54974,-10.20612,-1.68516,1.67089,-0.27226,,,,,,,,,,,,,,,,,,,,,,,,,,,,,,,,,,,,,,,,,,,,,,,,,,,High,High,High,,,,,
30,2025-09-18,18:47:30.51,2,3,"Henriquez, Jonh",806430,Right,HAG_FLY,"Wylie, Justin",687045,Right,GAS,Undefined,1,Bottom,1,2,0,TwoSeamFastBall,Four-Seam,StrikeSwinging,Undefined,Undefined,Undefined,0,0,,91.72174,-0.425724,-2.473231,2216.383882,190.503912,12:15,5.31684,1.83751,6.22122,-18.41615,14.50013,2.49071,3.38896,-0.2385,83.50872,-3.931099,-2.024123,0.41293,,,,,,,,,,,,-1.99917,7.95272,-1.65356,50,5.27568,5.64645,-133.15549,-1.53321,-3.5764,29.5475,-17.94696,GAS,HAG_FLY,CaroMontHealthPark,Independent,ATL,20250918-CaroMontHealthPark-1,75a40000-94e1-11f0-8c3a-419b60f641aa,91.28035,,,8.21302,,,,,,,6f4b811a-a4a7-4f16-b3f8-2d8bd85e17f7,2025-09-18,22:47:30.51,2025-09-18T18:47:30.5102336-04:00,2025-09-18T22:47:30.5102336Z,,v3,5508,6089,,"Black, Mark",691773,Right,HAG_FLY,4db684f4-c291-429b-a310-25a6ba6bc67d,54.27636,-134.10106,14.77375,5.31555,-0.95887,-8.97348,-1.83609,5.7609,-1.7882,,,,,,,,,,,,,,,,,,,,,,,,,,,,,,,,,,,,,,,,,,,,,,,,,,,High,High,High,,,,,
31,2025-09-18,18:47:46.60,2,4,"Henriquez, Jonh",806430,Right,HAG_FLY,"Wylie, Justin",687045,Right,GAS,Undefined,1,Bottom,1,2,1,TwoSeamFastBall,Sinker,BallCalled,Undefined,Undefined,Undefined,0,0,,89.19555,-0.143166,-1.782715,2044.353528,273.885783,3:15,5.31166,1.86604,5.96776,-34.58148,0.34421,10.63741,2.29707,1.09908,81.89666,-6.522878,0.13072,0.425347,,,,,,,,,,,,-5.94429,0.5526,-1.7306,50,5.28111,3.58945,-129.62069,-1.54889,-10.12802,26.72163,-31.23253,GAS,HAG_FLY,CaroMontHealthPark,Independent,ATL,20250918-CaroMontHealthPark-1,7f598110-94e1-11f0-8c3a-419b60f641aa,88.61566,,,7.29889,,,,,,,6f4b811a-a4a7-4f16-b3f8-2d8bd85e17f7,2025-09-18,22:47:46.60,2025-09-18T18:47:46.6007552-04:00,2025-09-18T22:47:46.6007552Z,,v3,5508,6089,,"Black, Mark",691773,Right,HAG_FLY,28d94369-59fa-49ae-baf2-cd6e7b8334d5,54.53258,-130.55175,13.36082,5.31612,-0.46066,-15.61627,-1.86181,3.94234,-5.06401,,,,,,,,,,,,,,,,,,,,,,,,,,,,,,,,,,,,,,,,,,,,,,,,,,,High,High,High,,,,,
32,2025-09-18,18:48:00.52,2,5,"Henriquez, Jonh",806430,Right,HAG_FLY,"Wylie, Justin",687045,Right,GAS,Undefined,1,Bottom,1,3,1,TwoSeamFastBall,Four-Seam,BallCalled,Walk,Undefined,Undefined,0,0,,92.92347,-1.532492,-2.977131,2226.731261,191.583101,12:30,5.40153,1.59513,6.33061,-23.43568,8.45811,1.52756,2.03514,-1.02148,85.06174,-5.924709,-2.701146,0.406466,,,,,,,,,,,,-1.63512,5.14331,-1.37862,50,5.27851,6.95216,-134.88439,-4.36961,-3.00866,29.67607,-22.71012,GAS,HAG_FLY,CaroMontHealthPark,Independent,ATL,20250918-CaroMontHealthPark-1,87a38b40-94e1-11f0-8c3a-419b60f641aa,92.73203,,,7.86174,,,,,,,6f4b811a-a4a7-4f16-b3f8-2d8bd85e17f7,2025-09-18,22:48:00.52,2025-09-18T18:48:00.5281792-04:00,2025-09-18T22:48:00.5281792Z,,v3,5508,6089,,"Black, Mark",691773,Right,HAG_FLY,ea5de975-d167-4ef3-b4f6-bf59ec278fbb,54.16856,-135.79842,14.83804,5.40233,-3.67013,-11.35506,-1.59417,7.04482,-1.50433,,,,,,,,,,,,,,,,,,,,,,,,,,,,,,,,,,,,,,,,,,,,,,,,,,,High,High,High,,,,,
33,2025-09-18,18:49:18.16,3,1,"Henriquez, Jonh",806430,Right,HAG_FLY,"Roederer, Cole",680711,Left,GAS,Undefined,1,Bottom,1,0,0,TwoSeamFastBall,Cutter,BallCalled,Undefined,Undefined,Undefined,1,0,,92.22297,-2.067803,-4.042742,2245.56339,193.465594,12:30,5.23867,1.89136,6.33071,-24.97529,7.45733,1.54339,1.24772,-1.7089,84.61897,-6.724829,-3.76442,0.409885,,,,,,,,,,,,-1.92095,4.77898,-1.59686,50,5.07574,9.38423,-133.67984,-5.65129,-3.47757,28.6982,-23.52242,GAS,HAG_FLY,CaroMontHealthPark,Independent,ATL,20250918-CaroMontHealthPark-1,b5d17180-94e1-11f0-8c3a-419b60f641aa,91.95853,,,7.604,,,,,,,6f4b811a-a4a7-4f16-b3f8-2d8bd85e17f7,2025-09-18,22:49:18.16,2025-09-18T18:49:18.1655552-04:00,2025-09-18T22:49:18.1655552Z,,v3,5508,6089,,"Black, Mark",691773,Right,HAG_FLY,7a83060a-5015-4549-b772-0b180dc3b5e5,54.16783,-134.57161,14.3491,5.23999,-4.92035,-11.76121,-1.89014,9.49229,-1.73879,,,,,,,,,,,,,,,,,,,,,,,,,,,,,,,,,,,,,,,,,,,,,,,,,,,High,High,High,,,,,
34,2025-09-18,18:49:31.81,3,2,"Henriquez, Jonh",806430,Right,HAG_FLY,"Roederer, Cole",680711,Left,GAS,Undefined,1,Bottom,2,1,0,TwoSeamFastBall,Four-Seam,BallCalled,Undefined,Undefined,Undefined,0,0,,93.77539,-1.484247,-1.208588,2303.688167,200.912917,12:45,5.35772,1.8555,5.94182,-17.33505,14.55261,5.15288,2.53571,1.16363,85.2147,-4.773239,-0.28284,0.406427,,,,,,,,,,,,-2.97693,8.2039,-1.76195,50,5.22963,2.63744,-136.08506,-4.07094,-5.55018,31.4774,-16.87864,GAS,HAG_FLY,CaroMontHealthPark,Independent,ATL,20250918-CaroMontHealthPark-1,bdf0e940-94e1-11f0-8c3a-419b60f641aa,92.74095,,,8.5607,,,,,,,6f4b811a-a4a7-4f16-b3f8-2d8bd85e17f7,2025-09-18,22:49:31.81,2025-09-18T18:49:31.8189056-04:00,2025-09-18T22:49:31.8189056Z,,v3,5508,6089,,"Black, Mark",691773,Right,HAG_FLY,269157f5-4fb0-4ad4-bd0a-b0a5286dddb3,54.55467,-137.13454,15.7387,5.35598,-3.5082,-8.43932,-1.85297,2.82249,-2.77509,,,,,,,,,,,,,,,,,,,,,,,,,,,,,,,,,,,,,,,,,,,,,,,,,,,High,High,High,,,,,
35,2025-09-18,18:49:45.94,3,3,"Henriquez, Jonh",806430,Right,HAG_FLY,"Roederer, Cole",680711,Left,GAS,Undefined,1,Bottom,2,2,0,TwoSeamFastBall,Four-Seam,StrikeCalled,Undefined,Undefined,Undefined,0,0,,92.44856,-1.667221,-1.35588,2221.221792,192.613521,12:30,5.32413,1.84901,6.11483,-20.33103,11.99623,2.46189,2.0875,0.80029,84.81379,-5.486626,-0.912106,0.409219,,,,,,,,,,,,-1.63992,6.95567,-1.74631,50,5.18555,3.07525,-134.31762,-4.56301,-3.00312,28.44006,-19.43654,GAS,HAG_FLY,CaroMontHealthPark,Independent,ATL,20250918-CaroMontHealthPark-1,c6756460-94e1-11f0-8c3a-419b60f641aa,92.10825,,,7.63477,,,,,,,6f4b811a-a4a7-4f16-b3f8-2d8bd85e17f7,2025-09-18,22:49:45.94,2025-09-18T18:49:45.9409920-04:00,2025-09-18T22:49:45.9409920Z,,v3,5508,6089,,"Black, Mark",691773,Right,HAG_FLY,99dc90c2-a7c7-4e75-ad26-67e4445a45b5,54.38432,-135.24276,14.22003,5.3237,-3.93075,-9.71827,-1.84793,3.17294,-1.50156,,,,,,,,,,,,,,,,,,,,,,,,,,,,,,,,,,,,,,,,,,,,,,,,,,,High,High,High,,,,,
36,2025-09-18,18:49:59.46,3,4,"Henriquez, Jonh",806430,Right,HAG_FLY,"Roederer, Cole",680711,Left,GAS,Undefined,1,Bottom,2,2,1,TwoSeamFastBall,Four-Seam,BallCalled,Undefined,Undefined,Undefined,0,0,,91.95698,-0.173603,-1.933136,2267.448065,195.563575,12:30,5.41694,1.96124,6.24787,-18.69182,14.02446,3.60898,3.69909,0.47842,83.63673,-3.733474,-1.281608,0.411674,,,,,,,,,,,,-2.4165,7.63323,-1.81908,50,5.39469,4.35272,-133.53032,-0.95672,-4.34489,29.86764,-18.44941,GAS,HAG_FLY,CaroMontHealthPark,Independent,ATL,20250918-CaroMontHealthPark-1,ce6f52c0-94e1-11f0-8c3a-419b60f641aa,91.55899,,,8.32025,,,,,,,6f4b811a-a4a7-4f16-b3f8-2d8bd85e17f7,2025-09-18,22:49:59.46,2025-09-18T18:49:59.4686976-04:00,2025-09-18T22:49:59.4686976Z,,v3,5508,6089,,"Black, Mark",691773,Right,HAG_FLY,d31f4f52-f4fd-4fa6-995f-76ae3bdb566c,54.24879,-134.47731,14.93382,5.41575,-0.37176,-9.22471,-1.95928,4.49048,-2.17244,,,,,,,,,,,,,,,,,,,,,,,,,,,,,,,,,,,,,,,,,,,,,,,,,,,High,High,High,,,,,
37,2025-09-18,18:50:16.68,3,5,"Henriquez, Jonh",806430,Right,HAG_FLY,"Roederer, Cole",680711,Left,GAS,Undefined,1,Bottom,2,3,1,TwoSeamFastBall,Cutter,FoulBallNotFieldable,Undefined,Undefined,Undefined,0,0,,92.16378,-1.455735,-2.093255,2294.924186,185.280767,12:15,5.35538,1.9466,6.36232,-23.6545,8.75355,0.71268,2.0433,0.07876,84.19619,-5.899553,-1.964258,0.40973,90.68797,-33.871862,87.007428,,,,,3.66308,3.66308,55.526437,0.028199,-0.97953,5.29544,-1.79544,50,5.23889,4.8642,-133.86624,-4.153,-1.77039,29.96587,-22.60294,GAS,HAG_FLY,CaroMontHealthPark,Independent,ATL,20250918-CaroMontHealthPark-1,d8c61ce0-94e1-11f0-8c3a-419b60f641aa,91.99337,2.09416,,7.96759,,,,1.91053,2.09416,-0.0957,6f4b811a-a4a7-4f16-b3f8-2d8bd85e17f7,2025-09-18,22:50:16.68,2025-09-18T18:50:16.6803456-04:00,2025-09-18T22:50:16.6803456Z,GroundBall,v3,5508,6089,,"Black, Mark",691773,Right,HAG_FLY,a5aea2b2-281a-4a99-9a99-dab533481a16,54.13725,-134.78918,14.98293,5.35608,-3.45684,-11.30147,-1.94609,4.91872,-0.8852,,1.91048,5.77581,,,,,,,,2.09477,-74.26415,,,,,,,,-0.0966,110.48318,,,,,,,,,,,,,,,,,,,,,,,,,,,,,,High,High,High,Estimated,Estimated,,,
38,2025-09-18,18:50:41.12,3,6,"Henriquez, Jonh",806430,Right,HAG_FLY,"Roederer, Cole",680711,Left,GAS,Undefined,1,Bottom,2,3,2,TwoSeamFastBall,Four-Seam,BallinDirt,Walk,Undefined,Undefined,0,0,,91.11721,-2.406262,-2.15924,1987.001879,220.415119,1:15,5.16926,1.96934,6.27773,-22.54611,10.58764,8.14008,1.06954,0.65644,83.67899,-6.631445,-0.687494,0.414292,,,,,,,,,,,,-4.84461,6.47674,-1.81379,50,4.98036,4.66306,-132.31853,-6.27159,-8.60274,27.80752,-20.67305,GAS,HAG_FLY,CaroMontHealthPark,Independent,ATL,20250918-CaroMontHealthPark-1,e757d190-94e1-11f0-8c3a-419b60f641aa,90.98031,,,7.43822,,,,,,,6f4b811a-a4a7-4f16-b3f8-2d8bd85e17f7,2025-09-18,22:50:41.12,2025-09-18T18:50:41.1288064-04:00,2025-09-18T22:50:41.1288064Z,,v3,5508,6089,,"Black, Mark",691773,Right,HAG_FLY,08624545-9442-4ce4-95b3-afc2025399f0,54.22254,-133.20297,13.90376,5.16938,-5.61407,-10.33653,-1.96645,4.93668,-4.30137,,,,,,,,,,,,,,,,,,,,,,,,,,,,,,,,,,,,,,,,,,,,,,,,,,,High,High,High,,,,,
39,2025-09-18,18:51:13.20,4,1,"Henriquez, Jonh",806430,Right,HAG_FLY,"Aldrete, Carter",666177,Right,GAS,Undefined,1,Bottom,2,0,0,TwoSeamFastBall,Four-Seam,StrikeCalled,Undefined,Undefined,Undefined,1,0,,92.03978,-1.139615,-2.005321,2000.914408,217.834791,1:15,5.29638,1.85922,5.93408,-20.32722,12.69575,9.02556,2.54438,0.75014,83.89564,-4.96541,-0.38473,0.413599,,,,,,,,,,,,-5.17351,7.15453,-1.70404,50,5.19389,4.27914,-133.58876,-3.32081,-9.32368,29.50558,-19.28019,GAS,HAG_FLY,CaroMontHealthPark,Independent,ATL,20250918-CaroMontHealthPark-1,fa5ee1c0-94e1-11f0-8c3a-419b60f641aa,91.13282,,,8.14414,,,,,,,6f4b811a-a4a7-4f16-b3f8-2d8bd85e17f7,2025-09-18,22:51:13.20,2025-09-18T18:51:13.2000000-04:00,2025-09-18T22:51:13.2000000Z,,v3,5508,6089,,"Black, Mark",691773,Right,HAG_FLY,19e41643-0968-4f8e-a60a-04cd1d9dbbca,54.56352,-134.59292,14.75279,5.29574,-2.66465,-9.6401,-1.85507,4.59645,-4.66184,,,,,,,,,,,,,,,,,,,,,,,,,,,,,83.42534,1.966179,0.76928,1.196899,-0.96883,2.33299,-0.73564,-0.82363,6.07579,1.13744,127.2846,4.89124,0.12467,-0.67883,120.05759,-11.09496,6.07576,11.91691,-10.78624,1.11731,-2.25289,1.20466,High,High,High,,,High,High,High
40,2025-09-18,18:54:05.70,1,1,"King, Thomas",1000059491,Right,GAS,"Abreu, Osvaldo",622435,Right,HAG_FLY,Undefined,2,Top,0,0,0,Slider,Slider,StrikeCalled,Undefined,Undefined,Undefined,0,0,,83.38576,0.753192,-2.378162,2222.465819,114.182379,9:45,5.12375,2.02145,6.31822,-36.26234,3.36248,-4.71933,2.79625,-0.56349,76.30698,-6.002758,-3.230873,0.453059,,,,,,,,,,,,1.76315,1.94406,-1.84542,50,5.16195,5.2083,-121.10865,0.47821,2.61187,24.22358,-29.2942,GAS,HAG_FLY,CaroMontHealthPark,Independent,ATL,20250918-CaroMontHealthPark-1,613d1c40-94e2-11f0-8c3a-419b60f641aa,83.19537,,,7.07877,,,,,,,6f4b811a-a4a7-4f16-b3f8-2d8bd85e17f7,2025-09-18,22:54:05.70,2025-09-18T18:54:05.7042432-04:00,2025-09-18T22:54:05.7042432Z,,v3,5508,6089,,"McKeithan, Aaron",702463,Right,GAS,82bcd164-879d-4bf6-b8ca-395963758ec7,54.18023,-121.94189,12.11179,5.12816,1.48587,-14.6471,-2.02303,5.11846,1.30594,,,,,,,,,,,,,,,,,,,,,,,,,,,,,,,,,,,,,,,,,,,,,,,,,,,High,High,High,,,,,
41,2025-09-18,18:54:22.94,1,2,"King, Thomas",1000059491,Right,GAS,"Abreu, Osvaldo",622435,Right,HAG_FLY,Undefined,2,Top,0,0,1,TwoSeamFastBall,Sinker,FoulBallNotFieldable,Undefined,Undefined,Undefined,0,0,,92.42653,-1.351389,-2.993827,2193.261408,231.416074,1:45,4.96274,2.06423,6.77258,-18.92946,12.84977,14.79359,2.14939,0.56082,84.14901,-4.978944,-0.297331,0.405736,72.15086,26.815042,38.98611,4887.758957,78.47678,35.65556,77.08045,218.70069,138.35561,50.658973,3.207655,-8.72036,7.51418,-1.8739,50,4.86711,6.45171,-134.25094,-3.68366,-15.83182,30.48398,-18.53202,GAS,HAG_FLY,CaroMontHealthPark,Independent,ATL,20250918-CaroMontHealthPark-1,6b965760-94e2-11f0-8c3a-419b60f641aa,92.89904,35.8951,,8.27751,,,,0.79224,2.0612,-0.4732,6f4b811a-a4a7-4f16-b3f8-2d8bd85e17f7,2025-09-18,22:54:22.94,2025-09-18T18:54:22.9454848-04:00,2025-09-18T22:54:22.9454848Z,FlyBall,v3,5508,6089,,"McKeithan, Aaron",702463,Right,GAS,44a5bbf8-e224-4df6-b733-4f9459423e69,53.72719,-135.09461,15.24199,4.96196,-3.17077,-9.26601,-2.05852,6.88987,-7.91591,,0.79296,73.383,-15.66588,3.24846,-0.31526,-0.18291,0.08121,-0.01253,0.00065,2.06087,47.74814,-18.86648,1.7455,-0.3555,0.08847,-0.00446,-0.00331,0.00047,-0.47301,59.40974,-1.08385,-1.097,0.56089,-0.18622,0.04035,-0.00418,8E-05,,,,,,,,,,,,,,,,,,,,,,,High,High,High,High,Medium,,,
42,2025-09-18,18:55:24.29,1,3,"King, Thomas",1000059491,Right,GAS,"Abreu, Osvaldo",622435,Right,HAG_FLY,Undefined,2,Top,0,0,2,Slider,Splitter,InPlay,Undefined,GroundBall,Out,1,0,,83.60225,1.318686,-2.450732,789.890363,281.242329,3:15,4.91116,2.07042,6.84217,-38.79994,0.07587,6.16792,2.88166,0.34822,75.94793,-5.98589,-1.324558,0.448757,64.31013,-43.333405,-35.891698,,,,,4.97643,4.97643,-26.052964,0.045145,-4.03095,0.01346,-1.91552,50,4.98191,4.98465,-121.46425,1.70445,-5.96005,26.0773,-32.15412,GAS,HAG_FLY,CaroMontHealthPark,Independent,ATL,20250918-CaroMontHealthPark-1,90235600-94e2-11f0-8c3a-419b60f641aa,83.99301,2.93709,,7.65432,,,,1.94874,2.93709,-0.36057,6f4b811a-a4a7-4f16-b3f8-2d8bd85e17f7,2025-09-18,22:55:24.29,2025-09-18T18:55:24.2949632-04:00,2025-09-18T22:55:24.2949632Z,GroundBall,v3,5508,6089,,"McKeithan, Aaron",702463,Right,GAS,4a1d3b3f-3f84-43d4-90e6-d916448598c2,53.65744,-122.24695,13.03865,4.91627,2.66954,-16.07706,-2.06781,5.16354,-2.98003,,1.94668,55.86479,,,,,,,,2.93949,-65.05878,,,,,,,,-0.35908,-40.42703,,,,,,,,,,,,,,,,,,,,,,,,,,,,,,High,High,High,Estimated,Estimated,,,
43,2025-09-18,18:55:59.74,2,1,"King, Thomas",1000059491,Right,GAS,"Mattis, Gary",669013,Right,HAG_FLY,Undefined,2,Top,1,0,0,TwoSeamFastBall,Sinker,BallCalled,Undefined,Undefined,Undefined,0,0,,91.7779,0.001883,-1.47881,2064.710308,224.568771,1:30,4.93383,2.14538,6.6947,-18.61485,13.54457,12.34469,3.38431,1.82146,83.74146,-3.566772,0.770214,0.408155,,,,,,,,,,,,-6.87607,7.44469,-2.05092,50,4.92626,2.9526,-133.46047,-0.49668,-12.38354,29.11799,-18.76649,GAS,HAG_FLY,CaroMontHealthPark,Independent,ATL,20250918-CaroMontHealthPark-1,a52e4c80-94e2-11f0-8c3a-419b60f641aa,92.34825,,,8.03643,,,,,,,6f4b811a-a4a7-4f16-b3f8-2d8bd85e17f7,2025-09-18,22:55:59.74,2025-09-18T18:55:59.7468672-04:00,2025-09-18T22:55:59.7468672Z,,v3,5508,6089,,"McKeithan, Aaron",702463,Right,GAS,02dd89b7-867b-4982-ac6a-b1d5a4ac505f,53.80335,-134.28771,14.55899,4.9328,0.03647,-9.38325,-2.1398,3.30442,-6.19177,,,,,,,,,,,,,,,,,,,,,,,,,,,,,,,,,,,,,,,,,,,,,,,,,,,High,High,High,,,,,
44,2025-09-18,18:56:17.97,2,2,"King, Thomas",1000059491,Right,GAS,"Mattis, Gary",669013,Right,HAG_FLY,Undefined,2,Top,1,1,0,TwoSeamFastBall,Four-Seam,BallCalled,Undefined,Undefined,Undefined,0,0,,92.13984,-0.534152,-1.515568,2036.844972,223.32572,1:30,4.92912,2.08769,6.85722,-17.76158,13.94871,12.21162,2.96185,1.72335,84.11075,-3.953202,0.716277,0.405295,,,,,,,,,,,,-6.8441,7.84764,-1.99441,50,4.88819,3.06496,-134.00805,-1.70315,-12.42663,29.37239,-17.92532,GAS,HAG_FLY,CaroMontHealthPark,Independent,ATL,20250918-CaroMontHealthPark-1,b00a2520-94e2-11f0-8c3a-419b60f641aa,92.99994,,,8.02909,,,,,,,6f4b811a-a4a7-4f16-b3f8-2d8bd85e17f7,2025-09-18,22:56:17.97,2025-09-18T18:56:17.9760128-04:00,2025-09-18T22:56:17.9760128Z,,v3,5508,6089,,"McKeithan, Aaron",702463,Right,GAS,f3340746-f015-4206-994c-57a7f304d818,53.64056,-134.80364,14.68619,4.92774,-1.21762,-8.96266,-2.08198,3.40155,-6.21332,,,,,,,,,,,,,,,,,,,,,,,,,,,,,,,,,,,,,,,,,,,,,,,,,,,High,High,High,,,,,
45,2025-09-18,18:56:40.96,2,3,"King, Thomas",1000059491,Right,GAS,"Mattis, Gary",669013,Right,HAG_FLY,Undefined,2,Top,1,2,0,TwoSeamFastBall,Sinker,InPlay,Undefined,GroundBall,Out,1,0,,92.17593,-0.37281,-2.462718,1939.476519,234.293043,1:45,4.93799,2.05499,6.82735,-19.8745,11.79827,15.05139,2.94139,1.06149,84.32121,-4.170744,0.28498,0.405056,67.44673,-5.925172,-39.968662,,,,,18.71068,14.36976,-38.80568,0.208532,-8.72095,6.66705,-1.90183,50,4.90646,5.20552,-134.06839,-1.41672,-15.87372,28.97045,-20.0388,GAS,HAG_FLY,CaroMontHealthPark,Independent,ATL,20250918-CaroMontHealthPark-1,bdcf6210-94e2-11f0-8c3a-419b60f641aa,93.05499,3.45243,,7.85472,,,,-0.93445,3.45243,1.3777,6f4b811a-a4a7-4f16-b3f8-2d8bd85e17f7,2025-09-18,22:56:40.96,2025-09-18T18:56:40.9687040-04:00,2025-09-18T22:56:40.9687040Z,GroundBall,v3,5508,6089,,"McKeithan, Aaron",702463,Right,GAS,92e7e18a-1c61-4510-885b-1de05bd8d248,53.67375,-134.85991,14.48523,4.93769,-0.86924,-10.0194,-2.04998,5.63921,-7.93686,,-0.93537,75.46587,-5.05852,,,,,,,3.45287,-10.23905,-30.31203,,,,,,,1.3785,-63.25477,1.97114,,,,,,,,,,,,,,,,,,,,,,,,,,,,,High,High,High,Low,Low,,,
46,2025-09-18,18:57:22.17,3,1,"King, Thomas",1000059491,Right,GAS,"Black, Mark",691773,Right,HAG_FLY,Undefined,2,Top,2,0,0,Slider,Slider,BallCalled,Undefined,Undefined,Undefined,0,0,,80.99673,2.095869,0.663064,2224.311506,73.869348,8:30,5.0582,1.90287,6.34331,-42.72557,-1.04642,-7.88437,3.42821,1.8563,74.43369,-5.842483,-0.764299,0.464655,,,,,,,,,,,,4.24937,-0.65976,-1.94775,50,5.19108,-1.07208,-117.75821,3.00189,5.98882,21.59177,-33.1039,GAS,HAG_FLY,CaroMontHealthPark,Independent,ATL,20250918-CaroMontHealthPark-1,d6599440-94e2-11f0-8c3a-419b60f641aa,81.11916,,,6.56304,,,,,,,6f4b811a-a4a7-4f16-b3f8-2d8bd85e17f7,2025-09-18,22:57:22.17,2025-09-18T18:57:22.1790208-04:00,2025-09-18T22:57:22.1790208Z,,v3,5508,6089,,"McKeithan, Aaron",702463,Right,GAS,50756714-c3ee-4ff6-8977-64909ba783b3,54.15664,-118.51791,10.79589,5.06497,4.16664,-16.55195,-1.90632,-1.2828,2.99441,,,,,,,,,,,,,,,,,,,,,,,,,,,,,,,,,,,,,,,,,,,,,,,,,,,High,High,High,,,,,
47,2025-09-18,18:57:44.04,3,2,"King, Thomas",1000059491,Right,GAS,"Black, Mark",691773,Right,HAG_FLY,Undefined,2,Top,2,1,0,Slider,Slider,StrikeCalled,Undefined,Undefined,Undefined,0,0,,84.44994,0.943914,-2.51819,2197.010815,95.388796,9:15,4.96611,2.08303,6.49475,-36.40955,1.82823,-7.22993,2.79938,-0.83257,77.58138,-5.844492,-3.828214,0.445059,,,,,,,,,,,,3.07429,1.08858,-1.90378,50,5.01678,5.66651,-122.72338,0.91564,4.69355,24.04329,-30.5121,GAS,HAG_FLY,CaroMontHealthPark,Independent,ATL,20250918-CaroMontHealthPark-1,e35b8130-94e2-11f0-8c3a-419b60f641aa,84.69085,,,6.86856,,,,,,,6f4b811a-a4a7-4f16-b3f8-2d8bd85e17f7,2025-09-18,22:57:44.04,2025-09-18T18:57:44.0401920-04:00,2025-09-18T22:57:44.0401920Z,,v3,5508,6089,,"McKeithan, Aaron",702463,Right,GAS,070a3f0f-4cb0-4e72-8f98-3126004f77af,54.00461,-123.50545,12.02165,4.97086,1.90812,-15.25605,-2.08562,5.51384,2.34678,,,,,,,,,,,,,,,,,,,,,,,,,,,,,,,,,,,,,,,,,,,,,,,,,,,High,High,High,,,,,
48,2025-09-18,18:58:01.83,3,3,"King, Thomas",1000059491,Right,GAS,"Black, Mark",691773,Right,HAG_FLY,Undefined,2,Top,2,1,1,FourSeamFastBall,Four-Seam,StrikeSwinging,Undefined,Undefined,Undefined,0,0,,92.80434,0.168516,-2.568426,2074.450938,220.252538,1:15,4.97582,2.04181,6.67219,-17.42099,13.99918,11.03729,3.6784,0.61022,84.85671,-3.172534,-0.560651,0.403437,,,,,,,,,,,,-6.46989,7.61689,-1.87341,50,4.97974,5.60559,-134.89442,-0.07111,-11.94597,28.77413,-18.11018,GAS,HAG_FLY,CaroMontHealthPark,Independent,ATL,20250918-CaroMontHealthPark-1,edf520b0-94e2-11f0-8c3a-419b60f641aa,93.4283,,,7.94763,,,,,,,6f4b811a-a4a7-4f16-b3f8-2d8bd85e17f7,2025-09-18,22:58:01.83,2025-09-18T18:58:01.8395648-04:00,2025-09-18T22:58:01.8395648Z,,v3,5508,6089,,"McKeithan, Aaron",702463,Right,GAS,f7f0f933-438f-4b83-87d6-20c27fbba972,53.82617,-135.70812,14.38707,4.97451,0.44102,-9.05509,-2.0367,5.94341,-5.97299,,,,,,,,,,,,,,,,,,,,,,,,,,,,,,,,,,,,,,,,,,,,,,,,,,,High,High,High,,,,,
49,2025-09-18,18:58:32.67,3,4,"King, Thomas",1000059491,Right,GAS,"Black, Mark",691773,Right,HAG_FLY,Undefined,2,Top,2,1,2,FourSeamFastBall,Four-Seam,StrikeSwinging,Strikeout,Undefined,Undefined,0,0,,94.90468,-0.564814,-3.860049,2166.662475,223.422946,1:30,4.89138,1.97612,6.85274,-16.20965,13.68792,12.08044,3.02444,-0.5418,86.79034,-3.684672,-1.659149,0.393541,,,,,,,,,,,,-7.41418,7.69044,-1.73298,50,4.84893,8.81593,-137.82067,-1.78336,-14.29263,29.98173,-17.34889,GAS,HAG_FLY,CaroMontHealthPark,Independent,ATL,20250918-CaroMontHealthPark-1,004dc870-94e3-11f0-8c3a-419b60f641aa,95.77776,,,8.11434,,,,,,,6f4b811a-a4a7-4f16-b3f8-2d8bd85e17f7,2025-09-18,22:58:32.67,2025-09-18T18:58:32.6700000-04:00,2025-09-18T22:58:32.6700000Z,,v3,5508,6089,,"McKeithan, Aaron",702463,Right,GAS,c0ba70c2-7a4d-42b4-b710-53edbb72689b,53.64616,-138.61159,14.99087,4.88993,-1.3257,-8.67445,-1.97052,9.19297,-7.14632,,,,,,,,,,,,,,,,,,,,,,,,,,,,,56.14583,3.216763,1.988198,1.228564,-2.51411,2.76178,0.64998,-2.46649,5.46257,-3.02879,61.34277,9.42325,-63.65302,-2.45678,55.01312,-2.55295,5.48955,21.91301,-15.36623,-3.06828,-56.36805,5.91945,High,High,High,,,High,Medium,Low
50,2025-09-18,19:01:01.52,1,1,"Henriquez, Jonh",806430,Right,HAG_FLY,"Aldrete, Carter",666177,Right,GAS,Undefined,2,Bottom,0,0,0,TwoSeamFastBall,Four-Seam,BallCalled,Undefined,Undefined,Undefined,0,0,,90.25938,0.824967,-1.863271,2058.626421,207.793558,1:00,5.39959,1.9707,6.1065,-22.0408,11.96449,5.74768,4.32619,0.72602,82.36838,-3.330773,-0.828434,0.419705,,,,,,,,,,,,-3.46559,6.2652,-1.8304,50,5.45138,4.02177,-131.09361,1.19583,-6.03199,27.66264,-21.26914,GAS,HAG_FLY,CaroMontHealthPark,Independent,ATL,20250918-CaroMontHealthPark-1,590c7100-94e3-11f0-8c3a-419b60f641aa,89.80688,,,7.891,,,,,,,6f4b811a-a4a7-4f16-b3f8-2d8bd85e17f7,2025-09-18,23:01:01.52,2025-09-18T19:01:01.5208448-04:00,2025-09-18T23:01:01.5208448Z,,v3,5508,6089,,"Black, Mark",691773,Right,HAG_FLY,b491344b-6299-45ed-a759-478d3155306f,54.39126,-132.01698,13.83132,5.39962,1.90578,-10.63457,-1.968,4.22311,-3.016,,,,,,,,,,,,,,,,,,,,,,,,,,,,,,,,,,,,,,,,,,,,,,,,,,,High,High,High,,,,,
51,2025-09-18,19:01:13.39,1,2,"Henriquez, Jonh",806430,Right,HAG_FLY,"Aldrete, Carter",666177,Right,GAS,Undefined,2,Bottom,0,1,0,TwoSeamFastBall,Four-Seam,BallCalled,Undefined,Undefined,Undefined,0,0,,91.82899,-0.897358,-3.450785,2082.292195,190.826928,12:15,5.40002,1.9268,6.22803,-19.74387,13.17595,2.3137,2.92521,-1.06802,83.60329,-4.637148,-3.034169,0.412952,,,,,,,,,,,,-2.19953,7.41315,-1.66985,50,5.323,7.93318,-133.17483,-2.68809,-3.93268,29.78359,-18.91969,GAS,HAG_FLY,CaroMontHealthPark,Independent,ATL,20250918-CaroMontHealthPark-1,603d4300-94e3-11f0-8c3a-419b60f641aa,91.2755,,,8.2257,,,,,,,6f4b811a-a4a7-4f16-b3f8-2d8bd85e17f7,2025-09-18,23:01:13.39,2025-09-18T19:01:13.3902336-04:00,2025-09-18T23:01:13.3902336Z,,v3,5508,6089,,"Black, Mark",691773,Right,HAG_FLY,07ea66ac-fdac-4d4c-9840-602ff96326ea,54.26956,-134.12629,14.89179,5.39922,-2.08369,-9.45985,-1.92529,8.05881,-1.96634,,,,,,,,,,,,,,,,,,,,,,,,,,,,,,,,,,,,,,,,,,,,,,,,,,,High,High,High,,,,,
52,2025-09-18,19:01:28.25,1,3,"Henriquez, Jonh",806430,Right,HAG_FLY,"Aldrete, Carter",666177,Right,GAS,Undefined,2,Bottom,0,2,0,TwoSeamFastBall,Four-Seam,FoulBallNotFieldable,Undefined,Undefined,Undefined,0,0,,91.68097,-0.241878,-1.632204,2046.10551,205.467028,12:45,5.23053,2.01838,6.23614,-20.87202,12.14788,5.25776,3.26797,0.95044,83.17159,-4.20105,-0.682775,0.41358,,,,,,,,,,,,-3.21969,6.70138,-1.8992,50,5.20215,3.57469,-133.13775,-1.20354,-5.7318,30.76964,-20.24402,GAS,HAG_FLY,CaroMontHealthPark,Independent,ATL,20250918-CaroMontHealthPark-1,69149910-94e3-11f0-8c3a-419b60f641aa,91.13702,,,8.50939,,,,,,,6f4b811a-a4a7-4f16-b3f8-2d8bd85e17f7,2025-09-18,23:01:28.25,2025-09-18T19:01:28.2525184-04:00,2025-09-18T23:01:28.2525184Z,,v3,5508,6089,,"Black, Mark",691773,Right,HAG_FLY,31713d9e-510a-412e-9d5b-4f147be1109e,54.2619,-134.11911,15.38482,5.23024,-0.55788,-10.12201,-2.01612,3.75749,-2.8659,,,,,,,,,,,,,,,,,,,,,,,,,,,,,,,,,,,,,,,,,,,,,,,,,,,High,High,High,,,,,
53,2025-09-18,19:01:45.60,1,4,"Henriquez, Jonh",806430,Right,HAG_FLY,"Aldrete, Carter",666177,Right,GAS,Undefined,2,Bottom,0,2,1,TwoSeamFastBall,Four-Seam,FoulBallNotFieldable,Undefined,Undefined,Undefined,0,0,,91.73773,-0.228564,-1.57178,1866.926985,215.230448,1:15,5.26568,1.7899,6.15814,-21.72131,11.04957,7.09304,3.24434,0.92854,83.98795,-4.315546,-0.292588,0.412017,76.1994,40.513299,161.089185,4345.766398,,,,,30.44273,,,-4.11264,6.08591,-1.67418,50,5.23712,3.36552,-133.34276,-1.22698,-7.41574,28.26675,-21.20021,GAS,HAG_FLY,CaroMontHealthPark,Independent,ATL,20250918-CaroMontHealthPark-1,7369dc90-94e3-11f0-8c3a-419b60f641aa,91.48266,25.96841,,7.74978,,,,1.09431,3.09745,-0.93342,6f4b811a-a4a7-4f16-b3f8-2d8bd85e17f7,2025-09-18,23:01:45.60,2025-09-18T19:01:45.6080896-04:00,2025-09-18T23:01:45.6080896Z,,v3,5508,6089,,"Black, Mark",691773,Right,HAG_FLY,2eda225c-22ac-4adb-9b53-89a83f91796c,54.34166,-134.25997,14.13338,5.26577,-0.53907,-10.60011,-1.78729,3.60615,-3.70787,335.040658,1.09799,-80.51102,4.62543,,,,,,,3.1145,72.00696,-33.14001,,,,,,,-0.92693,27.31052,-8.00228,,,,,,,,,,,,,,,,,,,,,,,,,,,,,High,High,High,High,Undefined,,,
54,2025-09-18,19:02:05.90,1,5,"Henriquez, Jonh",806430,Right,HAG_FLY,"Aldrete, Carter",666177,Right,GAS,Undefined,2,Bottom,0,2,2,Curveball,Slider,BallCalled,Undefined,Undefined,Undefined,0,0,,77.83485,2.252537,0.048198,2303.62469,76.893272,8:30,5.26697,1.85967,5.31112,-48.06058,-0.81878,-9.93201,3.37731,1.07724,71.15705,-6.519418,-1.715406,0.494692,,,,,,,,,,,,4.95918,-0.55646,-1.85668,50,5.43666,0.30464,-112.91269,2.79088,6.38977,20.93478,-32.89103,GAS,HAG_FLY,CaroMontHealthPark,Independent,ATL,20250918-CaroMontHealthPark-1,7f77f3a0-94e3-11f0-8c3a-419b60f641aa,76.1938,,,6.6778,,,,,,,6f4b811a-a4a7-4f16-b3f8-2d8bd85e17f7,2025-09-18,23:02:05.90,2025-09-18T19:02:05.9070976-04:00,2025-09-18T23:02:05.9070976Z,,v3,5508,6089,,"Black, Mark",691773,Right,HAG_FLY,418ace18-1472-469d-a242-3a9b95ddcbb3,55.18819,-113.87055,10.46739,5.27454,4.2958,-16.44552,-1.86393,0.01228,3.19488,,,,,,,,,,,,,,,,,,,,,,,,,,,,,,,,,,,,,,,,,,,,,,,,,,,High,High,High,,,,,
55,2025-09-18,19:02:20.13,1,6,"Henriquez, Jonh",806430,Right,HAG_FLY,"Aldrete, Carter",666177,Right,GAS,Undefined,2,Bottom,0,3,2,Curveball,Slider,BallCalled,Walk,Undefined,Undefined,0,0,,80.03321,0.755161,-2.441124,2376.3008,69.65472,8:15,5.21116,1.94954,5.6291,-46.21774,-2.17158,-9.44729,2.06498,-1.11687,73.69493,-7.68333,-4.126704,0.477667,,,,,,,,,,,,4.11355,-0.89819,-1.73543,50,5.24585,5.32156,-116.18523,-0.02505,5.62369,21.73698,-33.40199,GAS,HAG_FLY,CaroMontHealthPark,Independent,ATL,20250918-CaroMontHealthPark-1,87f039c0-94e3-11f0-8c3a-419b60f641aa,78.90941,,,6.33828,,,,,,,6f4b811a-a4a7-4f16-b3f8-2d8bd85e17f7,2025-09-18,23:02:20.13,2025-09-18T19:02:20.1387008-04:00,2025-09-18T23:02:20.1387008Z,,v3,5508,6089,,"Black, Mark",691773,Right,HAG_FLY,7957d981-6190-4963-9287-b59f73a9aee5,54.87165,-117.09311,10.86849,5.21777,1.37004,-16.701,-1.95279,5.08668,2.81184,,,,,,,,,,,,,,,,,,,,,,,,,,,,,,,,,,,,,,,,,,,,,,,,,,,High,High,High,,,,,
56,2025-09-18,19:02:59.52,2,1,"Henriquez, Jonh",806430,Right,HAG_FLY,"Guthrie, Dalton",656495,Right,GAS,Undefined,2,Bottom,0,0,0,Curveball,Curveball,BallCalled,Undefined,Undefined,Undefined,0,0,,77.23258,0.597486,-0.998823,2341.447918,58.13203,8:00,5.22994,1.92618,5.15248,-51.94908,-3.73051,-8.43693,1.46343,0.28272,71.02716,-8.802737,-2.494895,0.49978,,,,,,,,,,,,3.94981,-1.64642,-1.82594,50,5.24544,2.2853,-112.11092,-0.63133,5.01267,20.80761,-34.26352,GAS,HAG_FLY,CaroMontHealthPark,Independent,ATL,20250918-CaroMontHealthPark-1,9f8bed40-94e3-11f0-8c3a-419b60f641aa,75.41812,,,6.20542,,,,,,,6f4b811a-a4a7-4f16-b3f8-2d8bd85e17f7,2025-09-18,23:02:59.52,2025-09-18T19:02:59.5247616-04:00,2025-09-18T23:02:59.5247616Z,,v3,5508,6089,,"Black, Mark",691773,Right,HAG_FLY,91342163-dfeb-4731-9099-68c93abe6048,55.34909,-113.09934,10.4038,5.23677,0.99629,-17.13176,-1.92885,2.04718,2.50634,,,,,,,,,,,,,,,,,,,,,,,,,,,,,,,,,,,,,,,,,,,,,,,,,,,High,High,High,,,,,
57,2025-09-18,19:03:31.26,2,2,"Henriquez, Jonh",806430,Right,HAG_FLY,"Guthrie, Dalton",656495,Right,GAS,Undefined,2,Bottom,0,1,0,TwoSeamFastBall,Four-Seam,FoulBallNotFieldable,Undefined,Undefined,Undefined,0,0,,91.70181,-0.69608,-2.338846,2014.702197,205.422449,12:45,5.19385,1.5628,6.34351,-20.69915,11.7578,5.13429,2.82753,-0.1637,84.34022,-4.598893,-1.410395,0.410039,91.24876,53.404599,38.978152,4973.148661,75.49231,132.49649,80.00561,248.41576,102.83871,52.756964,6.091837,-3.3052,6.60933,-1.39515,50,5.13331,5.24159,-133.3189,-2.25484,-5.98321,27.10265,-20.2095,GAS,HAG_FLY,CaroMontHealthPark,Independent,ATL,20250918-CaroMontHealthPark-1,b26313d0-94e3-11f0-8c3a-419b60f641aa,91.92404,144.7492,,7.36159,,,,1.57524,2.55723,-0.27178,6f4b811a-a4a7-4f16-b3f8-2d8bd85e17f7,2025-09-18,23:03:31.26,2025-09-18T19:03:31.2696320-04:00,2025-09-18T23:03:31.2696320Z,FlyBall,v3,5508,6089,,"Black, Mark",691773,Right,HAG_FLY,b6a8bc44-6de3-4bb3-868e-65f5d18643be,54.15719,-134.16136,13.55133,5.19364,-1.62664,-10.10475,-1.56097,5.42758,-2.9916,,1.57925,61.92429,-20.23431,5.11952,-0.58108,-0.07693,0.03708,-0.0048,0.00022,2.54834,107.57969,-25.32986,2.93624,-0.63371,0.09772,-0.00411,-0.00092,9E-05,-0.26935,50.14534,-7.14775,1.33563,-0.13067,-0.00456,0.00241,-0.00014,-0,,,,,,,,,,,,,,,,,,,,,,,High,High,High,Medium,Low,,,
58,2025-09-18,19:04:27.16,2,3,"Henriquez, Jonh",806430,Right,HAG_FLY,"Guthrie, Dalton",656495,Right,GAS,Undefined,2,Bottom,0,1,1,TwoSeamFastBall,Four-Seam,FoulBallNotFieldable,Undefined,Undefined,Undefined,0,0,,91.81589,-0.908556,-2.696241,2148.463583,206.073259,12:45,5.21381,1.57548,6.3053,-19.60288,13.22973,5.93847,2.7422,-0.41546,83.44775,-4.634877,-1.623655,0.412405,,,,,,,,,,,,-3.89792,7.47815,-1.38037,50,5.13764,6.03297,-133.2699,-2.70002,-6.96389,30.41227,-18.81385,GAS,HAG_FLY,CaroMontHealthPark,Independent,ATL,20250918-CaroMontHealthPark-1,d3b84000-94e3-11f0-8c3a-419b60f641aa,91.39656,,,8.36815,,,,,,,6f4b811a-a4a7-4f16-b3f8-2d8bd85e17f7,2025-09-18,23:04:27.16,2025-09-18T19:04:27.1641088-04:00,2025-09-18T23:04:27.1641088Z,,v3,5508,6089,,"Black, Mark",691773,Right,HAG_FLY,bf08ce84-2c93-4a6a-9850-dc18ac6fe98e,54.19341,-134.22342,15.20614,5.21305,-2.11015,-9.40692,-1.57295,6.25131,-3.48195,,,,,,,,,,,,,,,,,,,,,,,,,,,,,,,,,,,,,,,,,,,,,,,,,,,High,High,High,,,,,
59,2025-09-18,19:04:53.18,2,4,"Henriquez, Jonh",806430,Right,HAG_FLY,"Guthrie, Dalton",656495,Right,GAS,Undefined,2,Bottom,0,1,2,TwoSeamFastBall,Slider,InPlay,Undefined,GroundBall,Out,1,0,,79.31132,2.04966,-1.510478,2303.178596,78.573278,8:30,5.23457,1.70448,5.69571,-45.97861,-0.98772,-12.03028,3.31461,-0.706,72.39073,-6.401007,-3.659655,0.482763,74.18085,-52.870808,-55.22152,,,,,4.42908,4.42908,-20.081438,0.039628,5.70528,-0.73122,-1.56979,50,5.37791,3.49178,-115.09101,2.6193,7.60449,22.60925,-33.14869,GAS,HAG_FLY,CaroMontHealthPark,Independent,ATL,20250918-CaroMontHealthPark-1,e3445a40-94e3-11f0-8c3a-419b60f641aa,78.07656,3.45296,,6.92059,,,,2.66865,3.45296,0.62648,6f4b811a-a4a7-4f16-b3f8-2d8bd85e17f7,2025-09-18,23:04:53.18,2025-09-18T19:04:53.1846144-04:00,2025-09-18T23:04:53.1846144Z,GroundBall,v3,5508,6089,,"Black, Mark",691773,Right,HAG_FLY,0db49d32-d569-4e74-b10b-aeebafd7bdb9,54.80517,-116.03113,11.30462,5.24034,3.99766,-16.57434,-1.70841,3.17557,3.80224,,2.66757,37.62943,,,,,,,,3.45547,-87.1352,,,,,,,,0.62803,-54.18506,,,,,,,,,,,,,,,,,,,,,,,,,,,,,,High,High,High,Estimated,Estimated,,,
60,2025-09-18,19:05:38.79,3,1,"Henriquez, Jonh",806430,Right,HAG_FLY,"Scantlin, Nate",676715,Left,GAS,Undefined,2,Bottom,1,0,0,TwoSeamFastBall,Four-Seam,FoulBallNotFieldable,Undefined,Undefined,Undefined,0,0,,91.73348,-0.792575,-3.591933,2217.483869,206.484791,1:00,5.34247,1.97867,6.14688,-18.63147,14.32946,6.61933,3.05599,-0.79316,83.76545,-4.323229,-2.40185,0.41321,72.58352,22.989699,-164.748254,2404.02961,,,,,37.11476,,,-4.42984,7.94725,-1.70833,50,5.27237,8.07743,-133.07611,-2.40913,-7.94134,28.63907,-17.92711,GAS,HAG_FLY,CaroMontHealthPark,Independent,ATL,20250918-CaroMontHealthPark-1,fe6f7610-94e3-11f0-8c3a-419b60f641aa,91.21859,15.59468,,7.96803,,,,0.91332,2.94782,0.85105,6f4b811a-a4a7-4f16-b3f8-2d8bd85e17f7,2025-09-18,23:05:38.79,2025-09-18T19:05:38.7913728-04:00,2025-09-18T23:05:38.7913728Z,,v3,5508,6089,,"Black, Mark",691773,Right,HAG_FLY,dfd54746-75c0-4622-b384-95b934423514,54.35223,-134.00947,14.31954,5.34136,-1.82488,-8.96355,-1.97579,8.33624,-3.97067,21.078279,0.91413,-94.57622,5.25236,,,,,,,2.95461,41.35147,-24.38834,,,,,,,0.84944,-25.72633,3.94693,,,,,,,,,,,,,,,,,,,,,,,,,,,,,High,High,High,High,Undefined,,,
61,2025-09-18,19:06:03.31,3,2,"Henriquez, Jonh",806430,Right,HAG_FLY,"Scantlin, Nate",676715,Left,GAS,Undefined,2,Bottom,1,0,1,TwoSeamFastBall,Four-Seam,StrikeCalled,Undefined,Undefined,Undefined,0,0,,94.05895,-2.029911,-1.523911,2293.309817,214.342258,1:15,5.22122,1.65998,6.06461,-16.88473,14.54556,9.24516,1.93408,1.01974,85.87653,-5.231578,0.140832,0.403502,,,,,,,,,,,,-5.18768,8.37457,-1.54662,50,5.05463,3.22864,-136.55735,-5.36432,-9.77895,30.55617,-16.38768,GAS,HAG_FLY,CaroMontHealthPark,Independent,ATL,20250918-CaroMontHealthPark-1,0d0d86d0-94e4-11f0-8c3a-419b60f641aa,93.41327,,,8.18242,,,,,,,6f4b811a-a4a7-4f16-b3f8-2d8bd85e17f7,2025-09-18,23:06:03.31,2025-09-18T19:06:03.3104384-04:00,2025-09-18T23:06:03.3104384Z,,v3,5508,6089,,"Black, Mark",691773,Right,HAG_FLY,a9d0227b-fac1-40af-bdd0-dc0b913968d1,54.434,-137.54593,15.27808,5.21961,-4.83414,-8.19384,-1.65619,3.54501,-4.88948,,,,,,,,,,,,,,,,,,,,,,,,,,,,,,,,,,,,,,,,,,,,,,,,,,,High,High,High,,,,,
62,2025-09-18,19:06:26.01,3,3,"Henriquez, Jonh",806430,Right,HAG_FLY,"Scantlin, Nate",676715,Left,GAS,Undefined,2,Bottom,1,0,2,TwoSeamFastBall,Four-Seam,FoulBallNotFieldable,Undefined,Undefined,Undefined,0,0,,93.94824,-0.744994,-2.400289,2255.717138,205.596471,12:45,5.44132,1.75315,6.14741,-17.69702,13.57048,6.04225,3.27753,0.03743,86.03931,-4.095957,-1.31188,0.402456,,,,,,,,,,,,-3.76555,7.50843,-1.57341,50,5.37534,5.46026,-136.46947,-2.32696,-7.12207,29.2106,-17.97278,GAS,HAG_FLY,CaroMontHealthPark,Independent,ATL,20250918-CaroMontHealthPark-1,1a7401f0-94e4-11f0-8c3a-419b60f641aa,93.65614,,,7.90893,,,,,,,6f4b811a-a4a7-4f16-b3f8-2d8bd85e17f7,2025-09-18,23:06:26.01,2025-09-18T19:06:26.0112384-04:00,2025-09-18T23:06:26.0112384Z,,v3,5508,6089,,"Black, Mark",691773,Right,HAG_FLY,1fdb0fec-5a11-424e-a908-00c07cd4912f,54.35152,-137.39773,14.6053,5.44022,-1.75582,-8.98639,-1.75052,5.68659,-3.56104,,,,,,,,,,,,,,,,,,,,,,,,,,,,,,,,,,,,,,,,,,,,,,,,,,,High,High,High,,,,,
63,2025-09-18,19:06:53.40,3,4,"Henriquez, Jonh",806430,Right,HAG_FLY,"Scantlin, Nate",676715,Left,GAS,Undefined,2,Bottom,1,0,2,ChangeUp,Slider,FoulBallNotFieldable,Undefined,Undefined,Undefined,0,0,,83.66493,-0.186721,-1.893485,2605.794404,102.226126,9:30,5.13165,1.92,5.62303,-36.59022,3.71177,-11.43694,1.90813,-0.80068,76.90459,-6.896794,-3.934718,0.456914,77.86979,-9.875794,61.841089,,,,,13.16662,13.16662,58.44525,0.10567,5.30981,2.28118,-1.75089,50,5.09208,4.47515,-121.49392,-1.64887,7.93295,23.9013,-28.76595,GAS,HAG_FLY,CaroMontHealthPark,Independent,ATL,20250918-CaroMontHealthPark-1,2ae35040-94e4-11f0-8c3a-419b60f641aa,82.49349,2.07439,,6.76034,,,,1.26715,2.07439,0.71467,6f4b811a-a4a7-4f16-b3f8-2d8bd85e17f7,2025-09-18,23:06:53.40,2025-09-18T19:06:53.4065152-04:00,2025-09-18T23:06:53.4065152Z,GroundBall,v3,5508,6089,,"Black, Mark",691773,Right,HAG_FLY,38bc4130-f6bb-453c-b67e-fa9eb7951815,54.87763,-122.44973,11.95065,5.13501,-0.49853,-14.38298,-1.92351,4.15792,3.96648,180,1.26519,53.21395,,,,,,,,2.07511,-19.63084,,,,,,,,0.71101,99.41472,,,,,,,,,,,,,,,,,,,,,,,,,,,,,,High,High,High,Low,Low,,,
64,2025-09-18,19:07:24.11,3,5,"Henriquez, Jonh",806430,Right,HAG_FLY,"Scantlin, Nate",676715,Left,GAS,Undefined,2,Bottom,1,0,2,FourSeamFastBall,Four-Seam,FoulBallNotFieldable,Undefined,Undefined,Undefined,0,0,,93.78237,-1.639345,-1.607772,2207.170929,214.232042,1:15,5.32345,1.72598,6.09896,-19.29966,12.00343,7.53945,2.19795,0.86688,86.34821,-5.261666,-0.24923,0.402684,87.24541,33.384664,-65.694984,4915.747682,,,,,82.83944,,,-4.30351,6.90847,-1.60612,50,5.18698,3.50198,-136.30068,-4.53113,-8.15305,27.97355,-19.08587,GAS,HAG_FLY,CaroMontHealthPark,Independent,ATL,20250918-CaroMontHealthPark-1,3d2f26c0-94e4-11f0-8c3a-419b60f641aa,93.60292,47.9999,,7.43416,,,,-0.47334,2.13265,-1.03167,6f4b811a-a4a7-4f16-b3f8-2d8bd85e17f7,2025-09-18,23:07:24.11,2025-09-18T19:07:24.1154048-04:00,2025-09-18T23:07:24.1154048Z,,v3,5508,6089,,"Black, Mark",691773,Right,HAG_FLY,4ee2021f-cbf3-41d8-9631-57db51158bac,54.4007,-137.20088,13.98677,5.3229,-3.91693,-9.54293,-1.72303,3.76435,-4.07653,,-0.47333,43.97534,-19.24602,3.94823,1.05388,-4.74116,6.24524,-3.88374,0.92952,2.13265,70.41203,-22.15609,2.96118,-2.11173,3.7481,-4.59301,2.82688,-0.67555,-1.03167,-97.37647,10.54657,-2.37203,1.36793,-2.25185,2.73629,-1.68214,0.40214,,,,,,,,,,,,,,,,,,,,,,,High,High,High,Medium,Undefined,,,
65,2025-09-18,19:08:19.83,3,6,"Henriquez, Jonh",806430,Right,HAG_FLY,"Scantlin, Nate",676715,Left,GAS,Undefined,2,Bottom,1,0,2,TwoSeamFastBall,Splitter,FoulBallNotFieldable,Undefined,Undefined,Undefined,0,0,,87.85991,0.464722,-1.935414,1499.327233,287.855388,3:30,5.21119,1.88042,5.93498,-37.95612,-2.08878,9.70288,2.47958,0.89275,81.05134,-6.512866,-0.191608,0.431043,73.74504,21.94907,-153.121097,2432.607003,,,,,33.34785,,,-5.49398,-0.88811,-1.73146,50,5.22669,3.92141,-127.74122,-0.30322,-9.13726,24.70437,-33.65112,GAS,HAG_FLY,CaroMontHealthPark,Independent,ATL,20250918-CaroMontHealthPark-1,5e6d4880-94e4-11f0-8c3a-419b60f641aa,87.44467,12.80437,,6.80858,,,,0.03775,2.1943,-0.87954,6f4b811a-a4a7-4f16-b3f8-2d8bd85e17f7,2025-09-18,23:08:19.83,2025-09-18T19:08:19.8307328-04:00,2025-09-18T23:08:19.8307328Z,,v3,5508,6089,,"Black, Mark",691773,Right,HAG_FLY,677a6bdd-7ce3-476a-9eba-0553ae87d457,54.56681,-128.62138,12.35218,5.21614,0.89569,-16.82556,-1.87697,4.24695,-4.56863,,0.03742,-89.46924,7.99533,,,,,,,2.20237,40.11275,-26.85486,,,,,,,-0.88386,-45.18649,10.16393,,,,,,,,,,,,,,,,,,,,,,,,,,,,,High,High,High,High,Undefined,,,
66,2025-09-18,19:08:51.08,3,7,"Henriquez, Jonh",806430,Right,HAG_FLY,"Scantlin, Nate",676715,Left,GAS,Undefined,2,Bottom,1,0,2,TwoSeamFastBall,Slider,FoulBallNotFieldable,Undefined,Undefined,Undefined,0,0,,81.13832,2.046026,-0.111638,2558.612032,74.599011,8:30,5.1675,1.69992,5.69163,-44.66983,-2.16606,-12.33717,3.3527,0.56778,74.7419,-6.139476,-2.317995,0.469229,,,,,,,,,,,,6.23465,-1.24827,-1.68273,50,5.31151,0.71507,-117.9095,2.69617,8.82514,21.26945,-33.94094,GAS,HAG_FLY,CaroMontHealthPark,Independent,ATL,20250918-CaroMontHealthPark-1,70f368e0-94e4-11f0-8c3a-419b60f641aa,80.32842,,,6.39642,,,,,,,6f4b811a-a4a7-4f16-b3f8-2d8bd85e17f7,2025-09-18,23:08:51.08,2025-09-18T19:08:51.0821888-04:00,2025-09-18T23:08:51.0821888Z,,v3,5508,6089,,"Black, Mark",691773,Right,HAG_FLY,8d6479dc-bd84-4032-969b-567f51a1e7cf,54.80989,-118.77398,10.63473,5.17389,4.07567,-16.97047,-1.7045,0.35638,4.41257,,,,,,,,,,,,,,,,,,,,,,,,,,,,,,,,,,,,,,,,,,,,,,,,,,,High,High,High,,,,,
67,2025-09-18,19:09:20.54,3,8,"Henriquez, Jonh",806430,Right,HAG_FLY,"Scantlin, Nate",676715,Left,GAS,Undefined,2,Bottom,1,0,2,FourSeamFastBall,Four-Seam,FoulBallFieldable,Undefined,Undefined,Undefined,0,0,,95.81424,-2.561032,-2.574912,2088.994771,207.773178,1:00,5.33205,1.57193,6.14651,-17.2195,13.06068,6.35835,1.52661,-0.27915,87.44219,-5.81782,-1.429344,0.396051,70.48471,-27.820736,164.874431,,,,,1.08462,2.88653,99.896931,0.03462,-4.04315,7.79304,-1.37911,50,5.12792,5.97575,-138.98637,-6.77045,-7.88407,32.05458,-16.97774,GAS,HAG_FLY,CaroMontHealthPark,Independent,ATL,20250918-CaroMontHealthPark-1,8290d6f0-94e4-11f0-8c3a-419b60f641aa,95.17077,1.67431,,8.37205,,,,2.87649,1.67431,0.24057,6f4b811a-a4a7-4f16-b3f8-2d8bd85e17f7,2025-09-18,23:09:20.54,2025-09-18T19:09:20.5469696-04:00,2025-09-18T23:09:20.5469696Z,GroundBall,v3,5508,6089,,"Black, Mark",691773,Right,HAG_FLY,7ea4cf42-ea88-4623-854d-cc94a2f90415,54.35304,-139.98671,16.02729,5.33094,-6.24062,-8.48887,-1.56944,6.22179,-3.94203,,2.87766,-88.47171,,,,,,,,1.67495,-48.36222,,,,,,,,0.24026,23.91386,,,,,,,,,,,,,,,,,,,,,,,,,,,,,,High,High,High,Estimated,Estimated,,,
68,2025-09-18,19:09:56.06,3,9,"Henriquez, Jonh",806430,Right,HAG_FLY,"Scantlin, Nate",676715,Left,GAS,Undefined,2,Bottom,1,0,2,FourSeamFastBall,Four-Seam,InPlay,Undefined,FlyBall,Out,1,0,,94.74222,-1.427804,-2.150926,2111.359336,198.979801,12:45,5.38187,1.6517,6.30433,-18.8595,11.69497,3.70197,2.49362,-0.02237,86.90844,-4.988077,-1.481786,0.39784,80.55988,42.988107,-15.26391,,102.78687,85.65556,-39.17629,266.66869,234.74398,-26.049835,5.10535,-2.51339,6.7602,-1.49558,50,5.26788,5.01595,-137.66685,-4.02741,-4.83661,29.78275,-19.16512,GAS,HAG_FLY,CaroMontHealthPark,Independent,ATL,20250918-CaroMontHealthPark-1,97be2280-94e4-11f0-8c3a-419b60f641aa,94.74261,94.83505,,7.83378,,,,0.73767,2.96373,-0.28124,6f4b811a-a4a7-4f16-b3f8-2d8bd85e17f7,2025-09-18,23:09:56.06,2025-09-18T19:09:56.0659968-04:00,2025-09-18T23:09:56.0659968Z,FlyBall,v3,5508,6089,,"Black, Mark",691773,Right,HAG_FLY,f2497a85-c537-4203-8db7-529f4c8eaeed,54.19551,-138.57154,14.89138,5.38137,-3.44525,-9.58256,-1.65017,5.16286,-2.4183,153.816438,0.74335,83.25537,-17.76188,3.66392,-0.09892,-0.21861,0.06801,-0.00861,0.00041,2.96037,80.62427,-20.36503,1.72192,-0.37105,0.05303,0.00375,-0.00204,0.00016,-0.28037,-22.77474,-1.60987,0.7322,-0.08545,-0.02712,0.01143,-0.00156,8E-05,,,,,,,,,,,,,,,,,,,,,,,High,High,High,High,Low,,,
69,2025-09-18,19:10:46.80,4,1,"Henriquez, Jonh",806430,Right,HAG_FLY,"Crook, Narciso",643271,Right,GAS,Undefined,2,Bottom,2,0,0,Slider,Slider,FoulBallNotFieldable,Undefined,Undefined,Undefined,0,0,,79.93195,0.857731,-1.981232,2233.719466,91.700943,9:00,5.10593,2.11705,5.77915,-42.4803,1.59906,-6.41831,2.36452,-0.262,73.13289,-6.962714,-3.13016,0.477847,,,,,,,,,,,,2.64327,1.12386,-1.94997,50,5.15206,4.27166,-115.97839,0.3315,3.58885,22.33256,-30.64812,GAS,HAG_FLY,CaroMontHealthPark,Independent,ATL,20250918-CaroMontHealthPark-1,b5f7dde0-94e4-11f0-8c3a-419b60f641aa,78.87971,,,6.79905,,,,,,,6f4b811a-a4a7-4f16-b3f8-2d8bd85e17f7,2025-09-18,23:10:46.80,2025-09-18T19:10:46.8084736-04:00,2025-09-18T23:10:46.8084736Z,,v3,5508,6089,,"Black, Mark",691773,Right,HAG_FLY,95ea0639-4edd-4c03-89b3-4008105078ff,54.71698,-116.88315,11.16628,5.11347,1.57315,-15.32406,-2.12008,4.12627,1.79442,,,,,,,,,,,,,,,,,,,,,,,,,,,,,,,,,,,,,,,,,,,,,,,,,,,High,High,High,,,,,
70,2025-09-18,19:11:13.76,4,2,"Henriquez, Jonh",806430,Right,HAG_FLY,"Crook, Narciso",643271,Right,GAS,Undefined,2,Bottom,2,0,1,FourSeamFastBall,Four-Seam,StrikeSwinging,Undefined,Undefined,Undefined,0,0,,93.5538,-1.743403,-2.708494,2257.391707,180.812145,12:00,5.38151,1.4922,6.45102,-18.56564,12.63178,0.16559,2.23037,-0.98423,85.87397,-5.257986,-2.678512,0.402004,,,,,,,,,,,,-0.81587,7.37028,-1.30039,50,5.24941,6.42073,-135.86813,-4.69142,-1.52975,28.91804,-18.35485,GAS,HAG_FLY,CaroMontHealthPark,Independent,ATL,20250918-CaroMontHealthPark-1,c5f9c460-94e4-11f0-8c3a-419b60f641aa,93.76132,,,7.67983,,,,,,,6f4b811a-a4a7-4f16-b3f8-2d8bd85e17f7,2025-09-18,23:11:13.76,2025-09-18T19:11:13.7621504-04:00,2025-09-18T23:11:13.7621504Z,,v3,5508,6089,,"Black, Mark",691773,Right,HAG_FLY,8b9f51b7-5a72-4854-8c00-92bcb3ccfd9b,54.04751,-136.72688,14.45902,5.38063,-4.14636,-9.17743,-1.49173,6.46616,-0.76488,,,,,,,,,,,,,,,,,,,,,,,,,,,,,,,,,,,,,,,,,,,,,,,,,,,High,High,High,,,,,
71,2025-09-18,19:11:36.32,4,3,"Henriquez, Jonh",806430,Right,HAG_FLY,"Crook, Narciso",643271,Right,GAS,Undefined,2,Bottom,2,0,2,TwoSeamFastBall,Four-Seam,InPlay,Undefined,GroundBall,Out,1,0,,94.54869,-0.784711,-1.526769,2211.239355,201.345229,12:45,5.35033,1.35318,6.27555,-17.40733,13.31371,4.83307,3.17608,0.34823,86.53215,-4.090702,-0.653292,0.398923,69.01886,-20.180075,-28.198218,,,,,14.7843,14.7843,-27.782576,0.135639,-2.93736,7.42744,-1.24268,50,5.28377,3.46021,-137.43759,-2.41545,-5.62568,30.08737,-17.94883,GAS,HAG_FLY,CaroMontHealthPark,Independent,ATL,20250918-CaroMontHealthPark-1,d37ca120-94e4-11f0-8c3a-419b60f641aa,94.48542,4.7695,,8.01654,,,,1.6431,4.7695,-0.75927,6f4b811a-a4a7-4f16-b3f8-2d8bd85e17f7,2025-09-18,23:11:36.32,2025-09-18T19:11:36.3231232-04:00,2025-09-18T23:11:36.3231232Z,GroundBall,v3,5508,6089,,"Black, Mark",691773,Right,HAG_FLY,5111bc3a-520b-4979-805f-f6edf41815e6,54.22405,-138.35922,15.04368,5.34934,-1.86565,-8.97442,-1.35132,3.63253,-2.81284,180,1.63041,84.31857,,,,,,,,4.77479,-35.16313,,,,,,,,-0.75246,-45.20784,,,,,,,,,,,,,,,,,,,,,,,,,,,,,,High,High,High,Low,Low,,,
72,2025-09-18,19:14:36.95,1,1,"King, Thomas",1000059491,Right,GAS,"Semo, Andrew",813663,Right,HAG_FLY,Undefined,3,Top,0,0,0,FourSeamFastBall,,StrikeCalled,Undefined,Undefined,Undefined,0,0,,,,,,,,,,,,,,,,,,,,,,,,,,,,,,,,,,,,,,,,,,GAS,HAG_FLY,CaroMontHealthPark,Independent,ATL,20250918-CaroMontHealthPark-1,3a4d9530-94e5-11f0-8c3a-419b60f641aa,,,,,,,,,,,6f4b811a-a4a7-4f16-b3f8-2d8bd85e17f7,2025-09-18,23:14:36.95,2025-09-18T19:14:36.9510784-04:00,2025-09-18T23:14:36.9510784Z,,v3,5508,6089,,"McKeithan, Aaron",702463,Right,GAS,,,,,,,,,,,,,,,,,,,,,,,,,,,,,,,,,,,,,,,,,,,,,,,,,,,,,,,,,,,,,,,,,,,,
73,2025-09-18,19:14:37.95,1,2,"King, Thomas",1000059491,Right,GAS,"Semo, Andrew",813663,Right,HAG_FLY,Undefined,3,Top,0,0,1,TwoSeamFastBall,Four-Seam,FoulBallNotFieldable,Undefined,Undefined,Undefined,0,0,,91.59278,-0.195394,-3.395903,2040.770691,221.467526,1:30,4.93436,2.09709,6.77,-18.49434,13.79131,11.2782,3.21442,-0.06772,83.49908,-3.746332,-1.3428,0.408956,78.66946,29.555228,161.399842,4211.68322,,,,,33.50209,,,-6.94622,7.66867,-1.87916,50,4.91428,7.46566,-133.04308,-0.94278,-12.42292,29.12576,-18.45913,GAS,HAG_FLY,CaroMontHealthPark,Independent,ATL,20250918-CaroMontHealthPark-1,3fc5e1c0-94e5-11f0-8c3a-419b60f641aa,92.16755,19.8278,,8.0937,,,,1.28055,3.13175,0.0114,6f4b811a-a4a7-4f16-b3f8-2d8bd85e17f7,2025-09-18,23:14:37.95,2025-09-18T19:14:37.9510784-04:00,2025-09-18T23:14:37.9510784Z,,v3,5508,6089,,"McKeithan, Aaron",702463,Right,GAS,0f137062-05fc-4059-924d-8244bb25af5b,53.72969,-133.85709,14.56288,4.93342,-0.42688,-9.22956,-2.09266,7.81286,-6.21146,,1.28151,-95.16442,8.42258,,,,,,,3.14281,56.50501,-29.10011,,,,,,,0.02317,31.57779,-15.65519,,,,,,,,,,,,,,,,,,,,,,,,,,,,,High,High,High,High,Undefined,,,
74,2025-09-18,19:15:00.92,1,3,"King, Thomas",1000059491,Right,GAS,"Semo, Andrew",813663,Right,HAG_FLY,Undefined,3,Top,0,0,2,Slider,Changeup,FoulBallNotFieldable,Undefined,Undefined,Undefined,0,0,,83.65377,0.017904,-2.506961,1391.210155,276.6065,3:15,5.07126,2.05402,6.58099,-39.63423,0.10862,12.06335,1.78484,0.76029,75.17445,-7.424074,-0.312466,0.453733,,,,,,,,,,,,-7.26327,0.42988,-1.88694,50,5.0562,4.88058,-121.38212,-1.13009,-10.56571,29.2888,-31.54871,GAS,HAG_FLY,CaroMontHealthPark,Independent,ATL,20250918-CaroMontHealthPark-1,4d7d3c00-94e5-11f0-8c3a-419b60f641aa,83.07176,,,8.47932,,,,,,,6f4b811a-a4a7-4f16-b3f8-2d8bd85e17f7,2025-09-18,23:15:00.92,2025-09-18T19:15:00.9247744-04:00,2025-09-18T23:15:00.9247744Z,,v3,5508,6089,,"McKeithan, Aaron",702463,Right,GAS,79c73cc0-f97d-42eb-85c9-2ec0410e5d91,53.91808,-122.32388,14.6444,5.07623,-0.11567,-15.77435,-2.04933,5.22032,-5.28285,,,,,,,,,,,,,,,,,,,,,,,,,,,,,,,,,,,,,,,,,,,,,,,,,,,High,High,High,,,,,
75,2025-09-18,19:15:30.57,1,4,"King, Thomas",1000059491,Right,GAS,"Semo, Andrew",813663,Right,HAG_FLY,Undefined,3,Top,0,0,2,FourSeamFastBall,Sinker,HitByPitch,Undefined,Undefined,Undefined,0,0,,92.84294,0.771409,-1.406221,2043.381579,230.528502,1:45,4.89991,2.01751,6.88412,-18.26115,13.00414,14.57977,4.08129,1.95093,84.47788,-2.747544,1.259428,0.402441,,,,,,,,,,,,-8.23886,7.00071,-1.93342,50,4.94194,2.77621,-135.07404,1.33998,-15.13932,30.90004,-19.30984,GAS,HAG_FLY,CaroMontHealthPark,Independent,ATL,20250918-CaroMontHealthPark-1,5f1d6930-94e5-11f0-8c3a-419b60f641aa,93.65949,,,8.36506,,,,,,,6f4b811a-a4a7-4f16-b3f8-2d8bd85e17f7,2025-09-18,23:15:30.57,2025-09-18T19:15:30.5728000-04:00,2025-09-18T23:15:30.5728000Z,,v3,5508,6089,,"McKeithan, Aaron",702463,Right,GAS,27936be6-27a6-479f-a74c-73f064e61340,53.6168,-135.89892,15.45002,4.89928,1.85546,-9.65492,-2.01293,3.18036,-7.56966,,,,,,,,,,,,,,,,,,,,,,,,,,,,,,,,,,,,,,,,,,,,,,,,,,,High,High,High,,,,,
76,2025-09-18,19:16:38.57,2,1,"King, Thomas",1000059491,Right,GAS,"Escanio, Brenny",691601,Left,HAG_FLY,Undefined,3,Top,0,0,0,TwoSeamFastBall,Sinker,BallCalled,Undefined,Undefined,Undefined,0,0,,91.24759,-1.562016,-3.250714,2103.807787,236.020181,1:45,4.85173,2.10954,6.83294,-21.43481,11.32371,15.1006,1.63819,0.39988,82.62406,-5.663907,-0.49537,0.41194,,,,,,,,,,,,-9.0193,6.83319,-1.90557,50,4.7434,6.94437,-132.42695,-4.19995,-15.82475,31.4398,-20.18492,GAS,HAG_FLY,CaroMontHealthPark,Independent,ATL,20250918-CaroMontHealthPark-1,87acdd40-94e5-11f0-8c3a-419b60f641aa,91.49993,,,8.62353,,,,,,,6f4b811a-a4a7-4f16-b3f8-2d8bd85e17f7,2025-09-18,23:16:38.57,2025-09-18T19:16:38.5772032-04:00,2025-09-18T23:16:38.5772032Z,,v3,5508,6089,,"McKeithan, Aaron",702463,Right,GAS,a2b51ccf-6ff2-4562-8822-ec203f64a5e0,53.6658,-133.29442,15.7199,4.85159,-3.64302,-10.09246,-2.1032,7.38099,-7.91238,,,,,,,,,,,,,,,,,,,,,,,,,,,,,,,,,,,,,,,,,,,,,,,,,,,High,High,High,,,,,
77,2025-09-18,19:16:58.94,2,2,"King, Thomas",1000059491,Right,GAS,"Escanio, Brenny",691601,Left,HAG_FLY,Undefined,3,Top,0,1,0,TwoSeamFastBall,Sinker,StrikeCalled,Undefined,Undefined,Undefined,0,0,,89.26841,-1.448751,-3.289278,2056.024463,223.548494,1:30,4.99425,1.90189,6.81228,-19.15934,14.96599,13.12705,2.07329,-0.00872,81.08351,-5.137702,-0.896262,0.420446,,,,,,,,,,,,-7.90528,8.70217,-1.69351,50,4.89318,6.94906,-129.57149,-3.76144,-13.33978,28.9446,-17.48957,GAS,HAG_FLY,CaroMontHealthPark,Independent,ATL,20250918-CaroMontHealthPark-1,93d707d0-94e5-11f0-8c3a-419b60f641aa,89.64877,,,8.1849,,,,,,,6f4b811a-a4a7-4f16-b3f8-2d8bd85e17f7,2025-09-18,23:16:58.94,2025-09-18T19:16:58.9456384-04:00,2025-09-18T23:16:58.9456384Z,,v3,5508,6089,,"McKeithan, Aaron",702463,Right,GAS,f5356bec-c4e4-45d4-aed4-764369a009b3,53.68574,-130.39224,14.4723,4.99281,-3.26551,-8.74478,-1.89592,7.32732,-6.66989,,,,,,,,,,,,,,,,,,,,,,,,,,,,,,,,,,,,,,,,,,,,,,,,,,,High,High,High,,,,,
78,2025-09-18,19:17:18.95,2,3,"King, Thomas",1000059491,Right,GAS,"Escanio, Brenny",691601,Left,HAG_FLY,Undefined,3,Top,0,1,1,TwoSeamFastBall,Sinker,InPlay,Undefined,GroundBall,Out,1,0,,91.57837,-1.102174,-2.496204,2188.697834,240.219094,2:00,4.83203,2.01323,6.97945,-21.73438,10.34209,16.24143,2.01732,1.09493,83.46174,-5.256896,0.478435,0.407628,53.90636,-68.476182,-51.064518,,,,,2.11469,2.11469,-53.553297,0.026486,-9.38725,6.15926,-1.86389,50,4.75661,5.19928,-133.13412,-3.14784,-16.758,30.01392,-21.17867,GAS,HAG_FLY,CaroMontHealthPark,Independent,ATL,20250918-CaroMontHealthPark-1,9fc11c20-94e5-11f0-8c3a-419b60f641aa,92.46763,1.95759,,8.11663,,,,0.77109,1.95759,-1.10053,6f4b811a-a4a7-4f16-b3f8-2d8bd85e17f7,2025-09-18,23:17:18.95,2025-09-18T19:17:18.9509120-04:00,2025-09-18T23:17:18.9509120Z,GroundBall,v3,5508,6089,,"McKeithan, Aaron",702463,Right,GAS,ab14be5c-cd02-452b-91a9-9754966685a9,53.52029,-133.92538,15.00696,4.83223,-2.5895,-10.58933,-2.00678,5.64108,-8.379,,0.77071,18.319,,,,,,,,1.95913,-73.91079,,,,,,,,-1.10006,-22.67424,,,,,,,,,,,,,,,,,,,,,,,,,,,,,,High,High,High,Estimated,Estimated,,,
79,2025-09-18,19:18:00.75,3,1,"King, Thomas",1000059491,Right,GAS,"Williams, Tyler",1000053915,Right,HAG_FLY,Undefined,3,Top,1,0,0,TwoSeamFastBall,Sinker,BallCalled,Undefined,Undefined,Undefined,0,0,,91.25367,-2.079306,-3.698792,2105.578588,236.327766,2:00,4.95185,1.9129,6.62762,-21.35434,11.57383,15.69387,1.2636,-0.17078,82.97306,-6.139767,-0.848056,0.413005,,,,,,,,,,,,-9.37256,7.04839,-1.66795,50,4.80186,7.94257,-132.34491,-5.42413,-16.50087,30.18507,-19.76499,GAS,HAG_FLY,CaroMontHealthPark,Independent,ATL,20250918-CaroMontHealthPark-1,b8a29610-94e5-11f0-8c3a-419b60f641aa,91.26391,,,8.28061,,,,,,,6f4b811a-a4a7-4f16-b3f8-2d8bd85e17f7,2025-09-18,23:18:00.75,2025-09-18T19:18:00.7592960-04:00,2025-09-18T23:18:00.7592960Z,,v3,5508,6089,,"McKeithan, Aaron",702463,Right,GAS,02c76cd6-0ff9-49d5-aca8-9fd325cf03f3,53.87183,-133.22507,15.09254,4.95162,-4.84781,-9.88249,-1.90656,8.42372,-8.25044,,,,,,,,,,,,,,,,,,,,,,,,,,,,,,,,,,,,,,,,,,,,,,,,,,,High,High,High,,,,,
80,2025-09-18,19:18:22.46,3,2,"King, Thomas",1000059491,Right,GAS,"Williams, Tyler",1000053915,Right,HAG_FLY,Undefined,3,Top,1,1,0,TwoSeamFastBall,Sinker,InPlay,Undefined,GroundBall,Out,1,0,,90.96179,0.056583,-2.723224,2156.64833,227.155761,1:30,4.93627,2.13354,6.8523,-19.11257,13.72961,13.59505,3.39521,0.78174,82.31192,-3.632849,-0.241631,0.412465,65.59647,-9.97501,-42.952112,,,,,17.09415,12.73169,-42.84623,0.198672,-8.06079,7.60107,-1.96393,50,4.93268,5.77121,-132.13904,-0.35832,-14.10104,30.94343,-18.87725,GAS,HAG_FLY,CaroMontHealthPark,Independent,ATL,20250918-CaroMontHealthPark-1,c5993860-94e5-11f0-8c3a-419b60f641aa,91.38331,4.05033,,8.64988,,,,-0.74661,4.05033,1.53872,6f4b811a-a4a7-4f16-b3f8-2d8bd85e17f7,2025-09-18,23:18:22.46,2025-09-18T19:18:22.4662528-04:00,2025-09-18T23:18:22.4662528Z,GroundBall,v3,5508,6089,,"McKeithan, Aaron",702463,Right,GAS,a8b97422-7642-48ef-a891-4cf29319b6a7,53.64651,-132.99021,15.47171,4.93539,0.16094,-9.43863,-2.12802,6.15909,-7.05052,,-0.74705,69.38162,-12.75894,,,,,,,4.05057,-16.68082,-18.66762,,,,,,,1.53922,-64.597,-8.37765,,,,,,,,,,,,,,,,,,,,,,,,,,,,,High,High,High,Low,Low,,,
81,2025-09-18,19:19:05.46,4,1,"King, Thomas",1000059491,Right,GAS,"Takacs, Aaron",1000235182,Left,HAG_FLY,Undefined,3,Top,2,0,0,TwoSeamFastBall,Splitter,FoulBallNotFieldable,Undefined,Undefined,Undefined,0,0,,83.21869,0.341514,-3.368208,861.928923,260.624629,2:45,4.92229,2.08654,6.95804,-35.73478,3.58717,13.23016,2.25567,0.12084,75.19881,-6.428346,-0.94851,0.451325,67.03898,17.142232,-163.461989,2657.462627,,,,119.22081,38.78439,-167.212864,1.458828,-8.12768,2.22331,-1.88127,50,4.9318,6.65262,-120.79534,-0.23973,-11.8146,27.08722,-28.94218,GAS,HAG_FLY,CaroMontHealthPark,Independent,ATL,20250918-CaroMontHealthPark-1,df2ceb50-94e5-11f0-8c3a-419b60f641aa,83.51513,11.50314,,8.01989,,,,1.35655,2.08316,-0.00637,6f4b811a-a4a7-4f16-b3f8-2d8bd85e17f7,2025-09-18,23:19:05.46,2025-09-18T19:19:05.4660096-04:00,2025-09-18T23:19:05.4660096Z,LineDrive,v3,5508,6089,,"McKeithan, Aaron",702463,Right,GAS,00eb47c0-5669-4830-9585-9b27ba6adb76,53.54042,-121.58665,13.54361,4.92646,0.60577,-14.47109,-2.08066,6.99777,-5.9073,45.14368,1.35427,-90.03743,6.45075,,,,,,,2.31455,26.77955,-19.54082,,,,,,,-0.13034,-25.54663,5.22321,,,,,,,,,,,,,,,,,,,,,,,,,,,,,High,High,High,High,Low,,,
82,2025-09-18,19:19:30.33,4,2,"King, Thomas",1000059491,Right,GAS,"Takacs, Aaron",1000235182,Left,HAG_FLY,Undefined,3,Top,2,0,1,TwoSeamFastBall,Sinker,StrikeCalled,Undefined,Undefined,Undefined,0,0,,91.65804,-0.691732,-2.440658,2054.02113,232.134789,1:45,4.86385,2.12803,7.01995,-21.21415,10.94394,12.65079,2.46675,0.96285,82.99531,-4.769586,-0.122451,0.408147,,,,,,,,,,,,-7.41473,6.39008,-1.98204,50,4.81458,5.18139,-133.15453,-2.16521,-13.16777,31.48533,-20.82592,GAS,HAG_FLY,CaroMontHealthPark,Independent,ATL,20250918-CaroMontHealthPark-1,edf42ef0-94e5-11f0-8c3a-419b60f641aa,92.3502,,,8.66273,,,,,,,6f4b811a-a4a7-4f16-b3f8-2d8bd85e17f7,2025-09-18,23:19:30.33,2025-09-18T19:19:30.3396864-04:00,2025-09-18T23:19:30.3396864Z,,v3,5508,6089,,"McKeithan, Aaron",702463,Right,GAS,99f1fb44-cb6a-43db-b07b-754d8bb84230,53.47628,-133.974,15.74266,4.86388,-1.62318,-10.41296,-2.12136,5.52411,-6.58389,,,,,,,,,,,,,,,,,,,,,,,,,,,,,,,,,,,,,,,,,,,,,,,,,,,High,High,High,,,,,
83,2025-09-18,19:19:53.91,4,3,"King, Thomas",1000059491,Right,GAS,"Takacs, Aaron",1000235182,Left,HAG_FLY,Undefined,3,Top,2,0,2,FourSeamFastBall,Sinker,BallCalled,Undefined,Undefined,Undefined,0,0,,94.14493,0.983185,-1.611174,1989.070284,231.261443,1:45,4.90017,2.0243,6.82591,-21.17753,9.5376,10.57603,4.03267,1.43555,85.02794,-3.074437,0.319982,0.398885,,,,,,,,,,,,-6.02402,5.06693,-1.92351,50,4.95558,3.40845,-136.76346,1.74131,-11.27831,33.39842,-22.68759,GAS,HAG_FLY,CaroMontHealthPark,Independent,ATL,20250918-CaroMontHealthPark-1,fbffc3b0-94e5-11f0-8c3a-419b60f641aa,94.49452,,,9.11699,,,,,,,6f4b811a-a4a7-4f16-b3f8-2d8bd85e17f7,2025-09-18,23:19:53.91,2025-09-18T19:19:53.9128832-04:00,2025-09-18T23:19:53.9128832Z,,v3,5508,6089,,"McKeithan, Aaron",702463,Right,GAS,5194c003-1aa2-463d-b2e3-999d641f2f62,53.66985,-137.65674,16.69921,4.90089,2.34812,-11.3438,-2.01871,3.7101,-5.63916,,,,,,,,,,,,,,,,,,,,,,,,,,,,,,,,,,,,,,,,,,,,,,,,,,,High,High,High,,,,,
84,2025-09-18,19:20:16.63,4,4,"King, Thomas",1000059491,Right,GAS,"Takacs, Aaron",1000235182,Left,HAG_FLY,Undefined,3,Top,2,1,2,TwoSeamFastBall,Sinker,StrikeSwinging,Strikeout,Undefined,Undefined,0,0,,92.55463,-0.833927,-3.913376,2053.574647,231.429943,1:45,4.85259,1.99002,6.87995,-20.6945,11.1041,12.53831,2.36631,-0.53672,83.72911,-4.802443,-1.627256,0.405859,,,,,,,,,,,,-7.80402,6.48248,-1.74522,50,4.79215,8.68543,-134.24284,-2.52095,-14.08699,31.99459,-20.47259,GAS,HAG_FLY,CaroMontHealthPark,Independent,ATL,20250918-CaroMontHealthPark-1,09a67c20-94e6-11f0-8c3a-419b60f641aa,92.87072,,,8.82552,,,,,,,6f4b811a-a4a7-4f16-b3f8-2d8bd85e17f7,2025-09-18,23:20:16.63,2025-09-18T19:20:16.6340000-04:00,2025-09-18T23:20:16.6340000Z,,v3,5508,6089,,"McKeithan, Aaron",702463,Right,GAS,23843814-92e3-4766-a8a9-a0e72a5f040c,53.61701,-135.10215,15.9973,4.85247,-1.9711,-10.23629,-1.98358,9.06378,-7.04349,,,,,,,,,,,,,,,,,,,,,,,,,,,,,55.1751,,,1.26377,,,,-2.0035,6.0637,-1.35501,62.78324,6.00275,-62.20108,-1.93104,55.92459,-3.72834,6.15385,18.1533,-14.45129,-1.45007,-53.65933,4.416,High,High,High,,,High,High,High
85,2025-09-18,19:22:49.73,1,1,"Henriquez, Jonh",806430,Right,HAG_FLY,"McKeithan, Aaron",702463,Right,GAS,Undefined,3,Bottom,0,0,0,TwoSeamFastBall,Four-Seam,StrikeCalled,Undefined,Undefined,Undefined,0,0,,89.70426,-0.768298,-3.234834,2082.701769,205.618615,12:45,5.38388,1.91669,6.11792,-21.4706,12.91347,5.68559,2.88316,-0.60344,82.21595,-4.807168,-2.212466,0.422036,,,,,,,,,,,,-3.79351,7.19796,-1.67145,50,5.31363,7.1221,-130.19443,-2.41335,-6.53217,26.51151,-19.77963,GAS,HAG_FLY,CaroMontHealthPark,Independent,ATL,20250918-CaroMontHealthPark-1,64d9a720-94e6-11f0-8c3a-419b60f641aa,89.31086,,,7.48831,,,,,,,6f4b811a-a4a7-4f16-b3f8-2d8bd85e17f7,2025-09-18,23:22:49.73,2025-09-18T19:22:49.7307648-04:00,2025-09-18T23:22:49.7307648Z,,v3,5508,6089,,"Black, Mark",691773,Right,HAG_FLY,3371eae6-be1e-44a1-9894-66a35be06377,54.38042,-131.08338,13.25575,5.38343,-1.75012,-9.88981,-1.91393,7.34113,-3.26608,,,,,,,,,,,,,,,,,,,,,,,,,,,,,,,,,,,,,,,,,,,,,,,,,,,High,High,High,,,,,
86,2025-09-18,19:23:04.11,1,2,"Henriquez, Jonh",806430,Right,HAG_FLY,"McKeithan, Aaron",702463,Right,GAS,Undefined,3,Bottom,0,0,1,Slider,Sinker,FoulBallNotFieldable,Undefined,Undefined,Undefined,0,0,,87.05218,-0.893884,-2.768282,2056.472823,249.080185,2:15,5.24588,1.69939,6.52562,-30.75407,5.15705,10.62316,1.86194,0.04297,80.01648,-6.644077,-0.839322,0.431307,74.90222,-40.191533,-102.629728,,,,,2.84338,2.84338,-54.171481,0.027422,-6.36989,3.26315,-1.51132,50,5.17034,5.72839,-126.52741,-2.9036,-10.34325,25.41686,-26.87543,GAS,HAG_FLY,CaroMontHealthPark,Independent,ATL,20250918-CaroMontHealthPark-1,6d81d6e0-94e6-11f0-8c3a-419b60f641aa,87.39129,1.94897,,7.03569,,,,2.16882,1.94897,-0.05417,6f4b811a-a4a7-4f16-b3f8-2d8bd85e17f7,2025-09-18,23:23:04.11,2025-09-18T19:23:04.1165824-04:00,2025-09-18T23:23:04.1165824Z,GroundBall,v3,5508,6089,,"Black, Mark",691773,Right,HAG_FLY,7a40cc3d-a48e-4144-af5e-ec4e6ed1c07e,53.97556,-127.32351,12.70843,5.24811,-2.06181,-13.43772,-1.69582,6.05237,-5.17162,,2.16903,-18.39445,,,,,,,,1.94974,-71.07197,,,,,,,,-0.05327,-82.09194,,,,,,,,,,,,,,,,,,,,,,,,,,,,,,High,High,High,Estimated,Estimated,,,
87,2025-09-18,19:23:54.56,1,3,"Henriquez, Jonh",806430,Right,HAG_FLY,"McKeithan, Aaron",702463,Right,GAS,Undefined,3,Bottom,0,0,2,FourSeamFastBall,Four-Seam,FoulBallNotFieldable,Undefined,Undefined,Undefined,0,0,,93.6139,-0.416187,-2.527188,2091.599786,192.225794,12:30,5.42514,1.68082,5.94055,-17.24458,14.55859,2.94036,3.60164,-0.42,85.55562,-3.679917,-1.999841,0.405888,79.67779,18.384697,164.828706,2763.456756,,,,,36.79524,,,-2.20776,7.88772,-1.48094,50,5.38223,5.87044,-135.91689,-1.53635,-4.13378,29.52558,-17.40517,GAS,HAG_FLY,CaroMontHealthPark,Independent,ATL,20250918-CaroMontHealthPark-1,8b901570-94e6-11f0-8c3a-419b60f641aa,92.86407,13.65193,,8.05829,,,,0.55791,3.52134,0.35714,6f4b811a-a4a7-4f16-b3f8-2d8bd85e17f7,2025-09-18,23:23:54.56,2025-09-18T19:23:54.5624576-04:00,2025-09-18T23:23:54.5624576Z,,v3,5508,6089,,"Black, Mark",691773,Right,HAG_FLY,a2fc820b-7f61-4d84-8921-1741b18ea9fb,54.55858,-136.90358,14.76279,5.42385,-0.95469,-8.70259,-1.67942,6.00859,-2.06689,,0.55656,-106.981,10.69898,,,,,,,3.52676,36.65155,-22.44263,,,,,,,0.36577,28.69359,-15.03084,,,,,,,,,,,,,,,,,,,,,,,,,,,,,High,High,High,High,Undefined,,,
88,2025-09-18,19:24:44.69,1,4,"Henriquez, Jonh",806430,Right,HAG_FLY,"McKeithan, Aaron",702463,Right,GAS,Undefined,3,Bottom,0,0,2,Slider,Slider,FoulBallNotFieldable,Undefined,Undefined,Undefined,0,0,,80.08211,1.899405,-0.328561,2297.118002,87.173542,9:00,5.26438,1.69466,5.65681,-43.01813,1.1363,-6.0313,3.45159,0.88564,72.97514,-6.022661,-1.406414,0.478254,,,,,,,,,,,,2.91154,0.57197,-1.66325,50,5.39874,0.91416,-116.18077,2.40051,3.96245,22.63711,-31.39562,GAS,HAG_FLY,CaroMontHealthPark,Independent,ATL,20250918-CaroMontHealthPark-1,a959f800-94e6-11f0-8c3a-419b60f641aa,78.81263,,,7.10698,,,,,,,6f4b811a-a4a7-4f16-b3f8-2d8bd85e17f7,2025-09-18,23:24:44.69,2025-09-18T19:24:44.6921728-04:00,2025-09-18T23:24:44.6921728Z,,v3,5508,6089,,"Black, Mark",691773,Right,HAG_FLY,67251c1f-4478-4559-a3fd-2088b049f06d,54.83949,-117.11992,11.31855,5.27213,3.70303,-15.69781,-1.69777,0.74977,1.98123,,,,,,,,,,,,,,,,,,,,,,,,,,,,,,,,,,,,,,,,,,,,,,,,,,,High,High,High,,,,,
89,2025-09-18,19:25:08.52,1,5,"Henriquez, Jonh",806430,Right,HAG_FLY,"McKeithan, Aaron",702463,Right,GAS,Undefined,3,Bottom,0,0,2,Slider,Slider,StrikeSwinging,Strikeout,Undefined,Undefined,0,0,,81.72196,1.494779,-0.678231,2394.063931,88.195465,9:00,5.17432,1.73134,6.02722,-40.67471,1.01138,-9.5665,3.16953,0.30597,74.72132,-6.037546,-2.399794,0.464694,,,,,,,,,,,,4.6991,0.53039,-1.67333,50,5.26949,1.77563,-118.71338,1.79049,6.68655,23.33708,-31.41933,GAS,HAG_FLY,CaroMontHealthPark,Independent,ATL,20250918-CaroMontHealthPark-1,b7b114b0-94e6-11f0-8c3a-419b60f641aa,81.1124,,,7.00064,,,,,,,6f4b811a-a4a7-4f16-b3f8-2d8bd85e17f7,2025-09-18,23:25:08.52,2025-09-18T19:25:08.5240000-04:00,2025-09-18T23:25:08.5240000Z,,v3,5508,6089,,"Black, Mark",691773,Right,HAG_FLY,7ed6a433-ca0d-4130-9cf2-9fe2b8cc17ac,54.47176,-119.58922,11.66854,5.18016,2.96966,-15.70967,-1.73527,1.52469,3.34327,,,,,,,,,,,,,,,,,,,,,,,,,,,,,66.61304,,,1.034741,,,,0.99993,5.8217,2.76563,71.85281,8.69516,-53.16585,1.07119,73.04389,-4.45083,5.88583,16.89796,-13.6752,2.64209,-60.38178,6.17573,High,High,High,,,High,High,High
90,2025-09-18,19:25:33.88,2,1,"Henriquez, Jonh",806430,Right,HAG_FLY,"Reinheimer, Jack",595373,Right,GAS,Undefined,3,Bottom,1,0,0,Curveball,Slider,BallCalled,Undefined,Undefined,Undefined,0,0,,78.52143,2.175924,0.334226,2352.756934,79.728775,8:45,5.16611,1.83683,5.72358,-45.69101,-0.14287,-8.48205,3.38626,1.44131,71.98384,-6.225031,-1.183622,0.485743,,,,,,,,,,,,4.38528,-0.21012,-1.85953,50,5.31982,-0.33867,-114.02114,2.8449,5.77923,20.75468,-32.45097,GAS,HAG_FLY,CaroMontHealthPark,Independent,ATL,20250918-CaroMontHealthPark-1,c6b0a660-94e6-11f0-8c3a-419b60f641aa,77.59749,,,6.53759,,,,,,,6f4b811a-a4a7-4f16-b3f8-2d8bd85e17f7,2025-09-18,23:25:33.88,2025-09-18T19:25:33.8825728-04:00,2025-09-18T23:25:33.8825728Z,,v3,5508,6089,,"Black, Mark",691773,Right,HAG_FLY,38eda086-0631-4f22-813b-f6d3271bd081,54.77612,-114.88722,10.37734,5.17285,4.19906,-16.22549,-1.84036,-0.57984,2.88961,,,,,,,,,,,,,,,,,,,,,,,,,,,,,,,,,,,,,,,,,,,,,,,,,,,High,High,High,,,,,
91,2025-09-18,19:25:46.11,2,2,"Henriquez, Jonh",806430,Right,HAG_FLY,"Reinheimer, Jack",595373,Right,GAS,Undefined,3,Bottom,1,1,0,TwoSeamFastBall,Sinker,FoulBallNotFieldable,Undefined,Undefined,Undefined,0,0,,88.366,-0.529147,-2.584535,2026.164739,261.250551,2:45,5.28868,1.66186,6.45864,-31.86695,3.09288,13.10898,2.14652,0.37851,81.10926,-6.475045,-0.206396,0.425555,,,,,,,,,,,,-7.61713,2.06693,-1.48481,50,5.237,5.30282,-128.45191,-2.18872,-12.73312,26.47921,-28.71887,GAS,HAG_FLY,CaroMontHealthPark,Independent,ATL,20250918-CaroMontHealthPark-1,ce0b6e90-94e6-11f0-8c3a-419b60f641aa,88.57239,,,7.25674,,,,,,,6f4b811a-a4a7-4f16-b3f8-2d8bd85e17f7,2025-09-18,23:25:46.11,2025-09-18T19:25:46.1154304-04:00,2025-09-18T23:25:46.1154304Z,,v3,5508,6089,,"Black, Mark",691773,Right,HAG_FLY,40471d18-f68c-4032-9857-954e7a07d9d8,54.04275,-129.2826,13.2396,5.29154,-1.28777,-14.35944,-1.65743,5.70227,-6.36656,,,,,,,,,,,,,,,,,,,,,,,,,,,,,,,,,,,,,,,,,,,,,,,,,,,High,High,High,,,,,
92,2025-09-18,19:26:03.86,2,3,"Henriquez, Jonh",806430,Right,HAG_FLY,"Reinheimer, Jack",595373,Right,GAS,Undefined,3,Bottom,1,1,1,FourSeamFastBall,Four-Seam,StrikeCalled,Undefined,Undefined,Undefined,0,0,,93.62778,-1.926523,-2.570337,2101.915092,208.130279,1:00,5.27253,1.66918,6.20887,-20.32615,11.11934,5.42733,1.79812,-0.25245,85.91698,-5.744132,-1.591318,0.4036,,,,,,,,,,,,-3.51583,6.58492,-1.47889,50,5.11753,5.87519,-135.94774,-5.23153,-6.59657,29.09194,-19.8191,GAS,HAG_FLY,CaroMontHealthPark,Independent,ATL,20250918-CaroMontHealthPark-1,d89d45e0-94e6-11f0-8c3a-419b60f641aa,93.39068,,,7.7108,,,,,,,6f4b811a-a4a7-4f16-b3f8-2d8bd85e17f7,2025-09-18,23:26:03.86,2025-09-18T19:26:03.8618624-04:00,2025-09-18T23:26:03.8618624Z,,v3,5508,6089,,"Black, Mark",691773,Right,HAG_FLY,408a3cf1-b45e-4d96-a56d-5ff2bf9ffab2,54.29083,-136.86287,14.54597,5.27229,-4.60809,-9.90955,-1.66697,6.0827,-3.29829,,,,,,,,,,,,,,,,,,,,,,,,,,,,,,,,,,,,,,,,,,,,,,,,,,,High,High,High,,,,,
93,2025-09-18,19:26:16.84,2,4,"Henriquez, Jonh",806430,Right,HAG_FLY,"Reinheimer, Jack",595373,Right,GAS,Undefined,3,Bottom,1,1,2,TwoSeamFastBall,Four-Seam,BallCalled,Undefined,Undefined,Undefined,0,0,,94.03019,-1.063246,-4.034651,2204.003107,209.720915,1:00,5.45682,1.45987,6.34964,-18.80714,12.12158,6.40237,2.9083,-1.72666,86.52668,-4.611319,-2.880096,0.400269,,,,,,,,,,,,-4.35347,6.86953,-1.16939,50,5.37044,9.35642,-136.45777,-3.1184,-8.27397,27.79073,-19.11825,GAS,HAG_FLY,CaroMontHealthPark,Independent,ATL,20250918-CaroMontHealthPark-1,e03f2930-94e6-11f0-8c3a-419b60f641aa,94.16769,,,7.50351,,,,,,,6f4b811a-a4a7-4f16-b3f8-2d8bd85e17f7,2025-09-18,23:26:16.84,2025-09-18T19:26:16.8476672-04:00,2025-09-18T23:26:16.8476672Z,,v3,5508,6089,,"Black, Mark",691773,Right,HAG_FLY,e05907a4-58a6-4eb1-bc14-4a967a0fd808,54.14962,-137.30027,13.89536,5.45619,-2.53881,-9.55913,-1.45684,9.60726,-4.13698,,,,,,,,,,,,,,,,,,,,,,,,,,,,,,,,,,,,,,,,,,,,,,,,,,,High,High,High,,,,,
94,2025-09-18,19:26:32.97,2,5,"Henriquez, Jonh",806430,Right,HAG_FLY,"Reinheimer, Jack",595373,Right,GAS,Undefined,3,Bottom,1,2,2,ChangeUp,Curveball,InPlay,Undefined,GroundBall,Single,0,0,,80.96352,1.373764,-1.781089,2463.547362,61.643688,8:00,5.13452,1.81399,5.70095,-45.95487,-3.16166,-8.20571,2.58592,-0.53001,74.57714,-7.03402,-3.248108,0.470824,93.46072,7.85807,-9.169709,759.428735,,,,129.7013,129.64625,-11.303564,1.070149,3.71776,-1.64803,-1.65922,50,5.22084,3.97259,-117.61979,1.27766,5.22065,21.80583,-34.48828,GAS,HAG_FLY,CaroMontHealthPark,Independent,ATL,20250918-CaroMontHealthPark-1,e9fdd200-94e6-11f0-8c3a-419b60f641aa,80.05627,6.79549,,6.38638,,,,1.75507,2.61713,0.5081,6f4b811a-a4a7-4f16-b3f8-2d8bd85e17f7,2025-09-18,23:26:32.97,2025-09-18T19:26:32.9733632-04:00,2025-09-18T23:26:32.9733632Z,GroundBall,v3,5508,6089,,"Black, Mark",691773,Right,HAG_FLY,98e3b40a-e8b4-4b65-9645-f1643463c413,54.80102,-118.50652,10.90292,5.14037,2.68012,-17.24414,-1.81645,3.76029,2.61032,61.637522,1.75507,134.05304,-18.07004,2.67911,-0.5608,0.10364,-0.02069,0.00383,-0.00041,2.61713,18.74091,-22.06108,2.58955,-0.5572,0.12971,-0.02651,0.00495,-0.00057,0.5081,-21.63913,-3.46622,1.24631,-0.32189,0.08051,-0.01797,0.00352,-0.0004,,,,,,,,,,,,,,,,,,,,,,,High,High,High,High,High,,,
95,2025-09-18,19:27:15.27,3,1,"Henriquez, Jonh",806430,Right,HAG_FLY,"Long, Shed",643418,Left,GAS,Undefined,3,Bottom,1,0,0,TwoSeamFastBall,Sinker,StrikeSwinging,Undefined,Undefined,Undefined,0,0,,90.09575,0.382505,-3.113664,2068.38678,232.321127,1:45,5.25226,1.71652,6.43223,-26.08332,7.75032,8.63111,3.43073,-0.42868,82.11688,-4.527669,-1.551761,0.418645,,,,,,,,,,,,-5.35681,4.28473,-1.49825,50,5.26788,6.76249,-130.78849,0.06139,-9.25573,28.22086,-24.77073,GAS,HAG_FLY,CaroMontHealthPark,Independent,ATL,20250918-CaroMontHealthPark-1,031920a0-94e7-11f0-8c3a-419b60f641aa,90.0344,,,7.97887,,,,,,,6f4b811a-a4a7-4f16-b3f8-2d8bd85e17f7,2025-09-18,23:27:15.27,2025-09-18T19:27:15.2761344-04:00,2025-09-18T23:27:15.2761344Z,,v3,5508,6089,,"Black, Mark",691773,Right,HAG_FLY,6bf035a6-a5c9-4e13-aa14-41e7efb53a3d,54.06544,-131.66279,14.11043,5.25409,0.82881,-12.38537,-1.7122,7.04924,-4.62787,,,,,,,,,,,,,,,,,,,,,,,,,,,,,,,,,,,,,,,,,,,,,,,,,,,High,High,High,,,,,
96,2025-09-18,19:27:46.33,3,2,"Henriquez, Jonh",806430,Right,HAG_FLY,"Long, Shed",643418,Left,GAS,Undefined,3,Bottom,1,0,1,TwoSeamFastBall,Four-Seam,FoulBallNotFieldable,Undefined,Undefined,Undefined,0,0,,93.69121,-1.031703,-2.603468,2059.908637,206.381411,1:00,5.19338,1.85357,6.0824,-18.49466,13.02387,5.98225,2.69657,-0.05821,85.87322,-4.51996,-1.527346,0.404068,98.52015,-10.820044,-52.402004,,,,,12.66617,12.41874,-54.612575,0.092453,-3.78457,7.29087,-1.65549,50,5.10372,5.9292,-136.06217,-3.04337,-7.11833,28.92015,-18.4608,GAS,HAG_FLY,CaroMontHealthPark,Independent,ATL,20250918-CaroMontHealthPark-1,15b44fa0-94e7-11f0-8c3a-419b60f641aa,93.28241,2.51185,,7.81799,,,,-0.68351,2.51185,0.08686,6f4b811a-a4a7-4f16-b3f8-2d8bd85e17f7,2025-09-18,23:27:46.33,2025-09-18T19:27:46.3372288-04:00,2025-09-18T23:27:46.3372288Z,GroundBall,v3,5508,6089,,"Black, Mark",691773,Right,HAG_FLY,1b5a60b0-a63f-4c9b-b701-1b802edf419f,54.41686,-136.99776,14.46008,5.19252,-2.44615,-9.2304,-1.85103,6.15948,-3.55916,180,-0.68557,86.73066,,,,,,,,2.51249,-27.16888,,,,,,,,0.08953,-112.63021,,,,,,,,,,,,,,,,,,,,,,,,,,,,,,High,High,High,Low,Low,,,
97,2025-09-18,19:28:24.81,3,3,"Henriquez, Jonh",806430,Right,HAG_FLY,"Long, Shed",643418,Left,GAS,Undefined,3,Bottom,1,0,2,FourSeamFastBall,Four-Seam,BallCalled,Undefined,Undefined,Undefined,0,0,,93.44453,-2.743782,-2.194804,2107.893297,209.111853,1:00,5.20563,1.61681,5.88388,-17.56367,14.62733,7.5504,1.19021,0.20686,85.18856,-6.057392,-0.840492,0.408356,,,,,,,,,,,,-4.53177,8.61851,-1.44413,50,4.97387,4.86497,-135.49635,-7.06375,-8.38822,30.80875,-16.22137,GAS,HAG_FLY,CaroMontHealthPark,Independent,ATL,20250918-CaroMontHealthPark-1,2c9f9ee0-94e7-11f0-8c3a-419b60f641aa,92.30297,,,8.25598,,,,,,,6f4b811a-a4a7-4f16-b3f8-2d8bd85e17f7,2025-09-18,23:28:24.81,2025-09-18T19:28:24.8150000-04:00,2025-09-18T23:28:24.8150000Z,,v3,5508,6089,,"Black, Mark",691773,Right,HAG_FLY,24a91ca7-d7bd-4e1c-a013-c94359ac41a5,54.61574,-136.54183,15.40438,5.20424,-6.51329,-8.11069,-1.61406,5.14962,-4.19411,,,,,,,,,,,,,,,,,,,,,,,,,,,,,82.00163,2.056596,0.832768,1.223828,3.29429,1.38724,-0.23519,-2.26115,5.89135,-1.11839,127.27701,-1.03769,3.33025,-2.14996,118.45969,-10.50425,5.92809,10.31372,-13.12308,-1.1485,1.36177,1.91055,High,High,High,,,High,High,Medium
98,2025-09-18,19:28:59.59,3,4,"Henriquez, Jonh",806430,Right,HAG_FLY,"Long, Shed",643418,Left,GAS,Undefined,3,Bottom,1,1,2,FourSeamFastBall,Four-Seam,StrikeCalled,Strikeout,Undefined,Undefined,0,0,,95.58001,-1.128063,-1.322482,2050.11211,204.48061,12:45,5.35779,1.51683,5.91224,-16.53765,13.98079,5.93071,2.93224,0.78339,87.37081,-4.255849,-0.257729,0.397606,,,,,,,,,,,,-3.38634,7.75559,-1.41404,50,5.25781,2.93344,-138.81949,-3.27143,-6.61515,30.76122,-17.02365,GAS,HAG_FLY,CaroMontHealthPark,Independent,ATL,20250918-CaroMontHealthPark-1,41419a60-94e7-11f0-8c3a-419b60f641aa,94.79854,,,8.2092,,,,,,,6f4b811a-a4a7-4f16-b3f8-2d8bd85e17f7,2025-09-18,23:28:59.59,2025-09-18T19:28:59.5919360-04:00,2025-09-18T23:28:59.5919360Z,,v3,5508,6089,,"Black, Mark",691773,Right,HAG_FLY,8ac86740-50b8-457d-8e8c-7d0cc672b478,54.58574,-139.83195,15.38061,5.35626,-2.71112,-8.51183,-1.51417,3.15117,-3.30757,,,,,,,,,,,,,,,,,,,,,,,,,,,,,,,,,,,,,,,,,,,,,,,,,,,High,High,High,,,,,
99,2025-09-18,19:29:43.81,4,1,"Henriquez, Jonh",806430,Right,HAG_FLY,"Wylie, Justin",687045,Right,GAS,Undefined,3,Bottom,2,0,0,Slider,Slider,BallCalled,Undefined,Undefined,Undefined,0,0,,79.4539,1.812537,-1.679045,2489.357694,103.459289,9:30,5.2516,1.76286,5.92413,-40.32801,3.56307,-9.69678,3.57412,-0.60368,73.33113,-5.628032,-3.418229,0.476826,,,,,,,,,,,,4.52729,1.77095,-1.62312,50,5.37384,3.74774,-115.45084,2.39037,6.15719,19.95422,-29.76552,GAS,HAG_FLY,CaroMontHealthPark,Independent,ATL,20250918-CaroMontHealthPark-1,5ba399d0-94e7-11f0-8c3a-419b60f641aa,79.04871,,,6.12276,,,,,,,6f4b811a-a4a7-4f16-b3f8-2d8bd85e17f7,2025-09-18,23:29:43.81,2025-09-18T19:29:43.8105088-04:00,2025-09-18T23:29:43.8105088Z,,v3,5508,6089,,"Black, Mark",691773,Right,HAG_FLY,818c8d4a-ab1c-4e72-b56b-8204d93f06c9,54.57596,-116.23905,9.97711,5.2562,3.56613,-14.88276,-1.76635,3.50453,3.07859,,,,,,,,,,,,,,,,,,,,,,,,,,,,,,,,,,,,,,,,,,,,,,,,,,,High,High,High,,,,,
100,2025-09-18,19:30:08.81,4,2,"Henriquez, Jonh",806430,Right,HAG_FLY,"Wylie, Justin",687045,Right,GAS,Undefined,3,Bottom,2,1,0,Curveball,Slider,FoulBallNotFieldable,Undefined,Undefined,Undefined,0,0,,81.45817,1.372933,-1.922825,2380.304837,93.258378,9:00,5.00611,1.96219,5.57283,-40.6814,1.68937,-8.21776,2.89936,-0.51932,75.12173,-6.073502,-3.387371,0.468495,72.0641,59.263415,162.061533,4378.970212,,,,,31.44568,,,3.6852,0.83362,-1.7909,50,5.09745,4.2942,-118.3196,1.45734,5.25493,21.32988,-30.98536,GAS,HAG_FLY,CaroMontHealthPark,Independent,ATL,20250918-CaroMontHealthPark-1,6aa3c7c0-94e7-11f0-8c3a-419b60f641aa,80.45437,45.84674,,6.33645,,,,1.65036,2.84451,0.49735,6f4b811a-a4a7-4f16-b3f8-2d8bd85e17f7,2025-09-18,23:30:08.81,2025-09-18T19:30:08.8137728-04:00,2025-09-18T23:30:08.8137728Z,,v3,5508,6089,,"Black, Mark",691773,Right,HAG_FLY,25e95f73-4d28-4499-802e-4ff4c873c9c7,54.92854,-119.20478,10.66494,5.01029,2.74321,-15.49268,-1.96458,4.07613,2.62746,,1.65036,-51.39327,0.51964,0.01248,-0.01144,0.0032,-0.00239,0.00223,-0.0009,2.84451,90.84661,-36.67065,6.37466,-1.60033,0.40493,-0.10475,0.02335,-0.00304,0.49735,16.63768,0.89681,-0.16044,0.0349,-0.00976,0.00342,-0.00145,0.00043,,,,,,,,,,,,,,,,,,,,,,,High,High,High,High,Undefined,,,
101,2025-09-18,19:30:37.49,4,3,"Henriquez, Jonh",806430,Right,HAG_FLY,"Wylie, Justin",687045,Right,GAS,Undefined,3,Bottom,2,1,1,TwoSeamFastBall,Slider,InPlay,Undefined,GroundBall,Out,1,0,,81.86793,1.080828,-1.53354,2464.79783,62.011511,8:00,5.07144,1.79548,5.61879,-45.08754,-2.82166,-7.84709,2.32332,-0.28997,74.8965,-7.17381,-2.935032,0.467914,103.33711,5.524669,-14.561388,952.828521,,,,97.0665,95.52342,-15.246726,0.701151,3.54811,-1.38205,-1.65937,50,5.13447,3.49304,-118.85027,0.69094,5.04982,23.83382,-34.14103,GAS,HAG_FLY,CaroMontHealthPark,Independent,ATL,20250918-CaroMontHealthPark-1,7bc04600-94e7-11f0-8c3a-419b60f641aa,80.55413,4.10902,,6.97142,,,,1.25531,2.13024,0.43845,6f4b811a-a4a7-4f16-b3f8-2d8bd85e17f7,2025-09-18,23:30:37.49,2025-09-18T19:30:37.4998016-04:00,2025-09-18T23:30:37.4998016Z,GroundBall,v3,5508,6089,,"Black, Mark",691773,Right,HAG_FLY,a610de0f-4bda-48ef-b740-cbe09de13fce,54.88198,-119.82529,11.91691,5.07764,2.08761,-17.07052,-1.79804,3.28646,2.52491,26.471923,1.29765,145.19315,-19.30227,,,,,,,2.18865,13.45797,-23.75514,,,,,,,0.44475,-38.05233,1.43202,,,,,,,,,,,,,,,,,,,,,,,,,,,,,High,High,High,High,High,,,
102,2025-09-18,19:33:17.12,1,1,"King, Thomas",1000059491,Right,GAS,"Arbolida, Cary",812364,Right,HAG_FLY,Undefined,4,Top,0,0,0,Slider,Slider,BallinDirt,Undefined,Undefined,Undefined,0,0,,83.6227,-1.24446,-4.300329,2232.843187,107.047645,9:30,4.99034,2.02631,6.5629,-36.50116,2.35898,-4.07028,0.80428,-2.26275,77.52245,-8.003658,-5.037196,0.448666,,,,,,,,,,,,1.01496,1.93095,-1.72816,50,4.88922,9.27014,-121.35771,-3.72151,1.52271,22.41611,-29.27711,GAS,HAG_FLY,CaroMontHealthPark,Independent,ATL,20250918-CaroMontHealthPark-1,dae6cb40-94e7-11f0-8c3a-419b60f641aa,84.00997,,,6.10025,,,,,,,6f4b811a-a4a7-4f16-b3f8-2d8bd85e17f7,2025-09-18,23:33:17.12,2025-09-18T19:33:17.1254272-04:00,2025-09-18T23:33:17.1254272Z,,v3,5508,6089,,"McKeithan, Aaron",702463,Right,GAS,f32db2ee-5f74-4654-ac33-8d231750cedb,53.93752,-122.08285,11.20805,4.99429,-2.77442,-14.63855,-2.02725,9.22088,0.76136,,,,,,,,,,,,,,,,,,,,,,,,,,,,,,,,,,,,,,,,,,,,,,,,,,,High,High,High,,,,,
103,2025-09-18,19:33:33.90,1,2,"King, Thomas",1000059491,Right,GAS,"Arbolida, Cary",812364,Right,HAG_FLY,Undefined,4,Top,0,1,0,Slider,Slider,StrikeSwinging,Undefined,Undefined,Undefined,0,0,,82.51307,-1.086659,-2.328332,2278.450964,78.974394,8:45,4.92152,2.23063,6.54745,-40.52581,-0.45417,-8.64008,0.54691,-0.62574,76.05897,-8.600144,-3.898947,0.455606,,,,,,,,,,,,3.91736,0.38358,-2.06602,50,4.82904,5.17293,-119.9482,-3.46163,5.68963,23.86638,-31.61691,GAS,HAG_FLY,CaroMontHealthPark,Independent,ATL,20250918-CaroMontHealthPark-1,e4dfbdf0-94e7-11f0-8c3a-419b60f641aa,82.73027,,,6.45411,,,,,,,6f4b811a-a4a7-4f16-b3f8-2d8bd85e17f7,2025-09-18,23:33:33.90,2025-09-18T19:33:33.9056128-04:00,2025-09-18T23:33:33.9056128Z,,v3,5508,6089,,"McKeithan, Aaron",702463,Right,GAS,94593338-5cd5-477f-8ffd-3e664866a839,53.95428,-120.73243,11.93319,4.92572,-2.42273,-15.80845,-2.23293,4.98597,2.84481,,,,,,,,,,,,,,,,,,,,,,,,,,,,,,,,,,,,,,,,,,,,,,,,,,,High,High,High,,,,,
104,2025-09-18,19:33:56.98,1,3,"King, Thomas",1000059491,Right,GAS,"Arbolida, Cary",812364,Right,HAG_FLY,Undefined,4,Top,0,1,1,TwoSeamFastBall,Sinker,BallCalled,Undefined,Undefined,Undefined,0,0,,92.52209,-1.02658,-2.007394,2126.050108,229.915858,1:45,4.96529,2.09881,6.7365,-20.54666,11.29402,12.13635,2.31435,1.27516,83.95134,-4.953934,0.205532,0.406128,,,,,,,,,,,,-6.94508,6.60044,-1.97024,50,4.88962,4.21672,-134.39935,-2.98692,-12.59218,31.50397,-20.20677,GAS,HAG_FLY,CaroMontHealthPark,Independent,ATL,20250918-CaroMontHealthPark-1,f2842c70-94e7-11f0-8c3a-419b60f641aa,92.80931,,,8.57075,,,,,,,6f4b811a-a4a7-4f16-b3f8-2d8bd85e17f7,2025-09-18,23:33:56.98,2025-09-18T19:33:56.9895424-04:00,2025-09-18T23:33:56.9895424Z,,v3,5508,6089,,"McKeithan, Aaron",702463,Right,GAS,9f7ec7ac-c97e-4e00-84a3-9fa0f9f031c0,53.76019,-135.27789,15.75199,4.96506,-2.42342,-10.10338,-2.09273,4.56787,-6.29609,,,,,,,,,,,,,,,,,,,,,,,,,,,,,,,,,,,,,,,,,,,,,,,,,,,High,High,High,,,,,
105,2025-09-18,19:34:15.92,1,4,"King, Thomas",1000059491,Right,GAS,"Arbolida, Cary",812364,Right,HAG_FLY,Undefined,4,Top,0,2,1,TwoSeamFastBall,Sinker,StrikeCalled,Undefined,Undefined,Undefined,0,0,,90.95729,0.054492,-3.826231,2126.36523,232.6601,1:45,4.95419,2.09729,6.81661,-21.20792,11.63867,13.82265,3.23669,-0.24689,82.55704,-4.005329,-1.308983,0.412493,,,,,,,,,,,,-8.353,6.47481,-1.85418,50,4.94968,8.2779,-131.98435,-0.44832,-14.64877,29.61168,-20.81905,GAS,HAG_FLY,CaroMontHealthPark,Independent,ATL,20250918-CaroMontHealthPark-1,fdd1b2a0-94e7-11f0-8c3a-419b60f641aa,91.37712,,,8.40025,,,,,,,6f4b811a-a4a7-4f16-b3f8-2d8bd85e17f7,2025-09-18,23:34:15.92,2025-09-18T19:34:15.9229952-04:00,2025-09-18T23:34:15.9229952Z,,v3,5508,6089,,"McKeithan, Aaron",702463,Right,GAS,cc113188-d722-428e-8662-16ef46078040,53.68037,-132.8075,14.80584,4.9541,0.13041,-10.40952,-2.08995,8.68511,-7.32439,,,,,,,,,,,,,,,,,,,,,,,,,,,,,,,,,,,,,,,,,,,,,,,,,,,High,High,High,,,,,
106,2025-09-18,19:34:33.83,1,5,"King, Thomas",1000059491,Right,GAS,"Arbolida, Cary",812364,Right,HAG_FLY,Undefined,4,Top,0,2,2,Slider,Slider,InPlay,Undefined,GroundBall,Out,1,0,,84.14074,-0.022753,-2.964983,2220.784531,84.68202,8:45,4.99879,1.96262,6.49045,-37.53482,0.80165,-3.11406,1.84997,-1.0213,77.83868,-6.988945,-3.529431,0.445633,93.71201,7.815345,7.530819,856.459218,,,,121.42087,119.42454,10.23288,0.986875,0.86854,0.74465,-1.75326,50,4.98073,6.44698,-122.32894,-1.18143,1.32439,22.71511,-31.0386,GAS,HAG_FLY,CaroMontHealthPark,Independent,ATL,20250918-CaroMontHealthPark-1,08960ba0-94e8-11f0-8c3a-419b60f641aa,84.58175,5.78528,,6.30206,,,,1.36618,1.82177,1.011,6f4b811a-a4a7-4f16-b3f8-2d8bd85e17f7,2025-09-18,23:34:33.83,2025-09-18T19:34:33.8339328-04:00,2025-09-18T23:34:33.8339328Z,LineDrive,v3,5508,6089,,"McKeithan, Aaron",702463,Right,GAS,dad6ecc2-bb67-4abe-9d86-9b700d7049fd,54.01099,-123.07149,11.35756,5.00277,-0.1668,-15.5193,-1.9633,6.40368,0.66219,306.076682,1.36618,134.99276,-17.2046,2.04769,-0.23302,-0.40912,0.61754,-0.40465,0.10289,1.82177,18.68953,-23.13411,2.74931,-0.2113,-0.82388,1.27341,-0.86021,0.22435,1.011,17.84632,4.12557,-1.27452,-0.14999,1.13138,-1.62698,1.09438,-0.2859,,,,,,,,,,,,,,,,,,,,,,,High,High,High,High,High,,,
107,2025-09-18,19:35:07.61,2,1,"King, Thomas",1000059491,Right,GAS,"Cannon, Bryce",1000048596,Left,HAG_FLY,Undefined,4,Top,1,0,0,TwoSeamFastBall,Four-Seam,StrikeSwinging,Undefined,Undefined,Undefined,0,0,,92.1964,0.551815,-2.866381,2060.830907,215.130406,1:15,5.08941,1.99539,6.95558,-17.67044,14.12017,9.18981,4.11963,0.15083,83.54355,-2.871969,-1.18663,0.405808,,,,,,,,,,,,-5.6874,7.64902,-1.81968,50,5.11708,6.3414,-133.90146,0.86068,-10.24898,30.92245,-18.39013,GAS,HAG_FLY,CaroMontHealthPark,Independent,ATL,20250918-CaroMontHealthPark-1,1ca452a0-94e8-11f0-8c3a-419b60f641aa,92.88239,,,8.65285,,,,,,,6f4b811a-a4a7-4f16-b3f8-2d8bd85e17f7,2025-09-18,23:35:07.61,2025-09-18T19:35:07.6136448-04:00,2025-09-18T23:35:07.6136448Z,,v3,5508,6089,,"McKeithan, Aaron",702463,Right,GAS,4cc951e2-5999-4005-a27d-b810594e6d89,53.54059,-134.71663,15.46123,5.088,1.34547,-9.19507,-1.99041,6.61158,-5.12449,,,,,,,,,,,,,,,,,,,,,,,,,,,,,,,,,,,,,,,,,,,,,,,,,,,High,High,High,,,,,
108,2025-09-18,19:35:27.00,2,2,"King, Thomas",1000059491,Right,GAS,"Cannon, Bryce",1000048596,Left,HAG_FLY,Undefined,4,Top,1,0,1,FourSeamFastBall,Four-Seam,StrikeCalled,Undefined,Undefined,Undefined,0,0,,93.15454,-1.763586,-4.182821,2096.206916,226.847776,1:30,5.0213,1.89011,6.94369,-18.8691,12.37701,12.07209,1.83898,-0.91758,84.6043,-5.389032,-1.980034,0.402318,,,,,,,,,,,,-7.66839,7.43744,-1.63284,50,4.90452,9.41657,-135.09545,-4.66472,-14.06367,31.52759,-18.5339,GAS,HAG_FLY,CaroMontHealthPark,Independent,ATL,20250918-CaroMontHealthPark-1,2847e810-94e8-11f0-8c3a-419b60f641aa,93.68818,,,8.55024,,,,,,,6f4b811a-a4a7-4f16-b3f8-2d8bd85e17f7,2025-09-18,23:35:27.00,2025-09-18T19:35:27.0009856-04:00,2025-09-18T23:35:27.0009856Z,,v3,5508,6089,,"McKeithan, Aaron",702463,Right,GAS,4e9685d9-172c-43a4-ab60-83fa3cb0818d,53.55493,-135.92254,15.7638,5.02051,-4.17851,-9.26695,-1.88471,9.78551,-7.03184,,,,,,,,,,,,,,,,,,,,,,,,,,,,,,,,,,,,,,,,,,,,,,,,,,,High,High,High,,,,,
109,2025-09-18,19:35:53.75,2,3,"King, Thomas",1000059491,Right,GAS,"Cannon, Bryce",1000048596,Left,HAG_FLY,Undefined,4,Top,1,0,2,Slider,Slider,BallCalled,Undefined,Undefined,Undefined,0,0,,82.92164,1.093044,-0.588737,2170.482491,103.167767,9:30,5.21259,1.89213,6.37785,-37.78955,2.50602,-4.78819,3.06924,0.95145,75.14164,-5.98197,-1.456377,0.456878,,,,,,,,,,,,2.27945,1.4476,-1.84781,50,5.27469,1.42194,-120.40685,1.13962,3.30578,26.02594,-30.07467,GAS,HAG_FLY,CaroMontHealthPark,Independent,ATL,20250918-CaroMontHealthPark-1,3824ba60-94e8-11f0-8c3a-419b60f641aa,82.50007,,,7.77999,,,,,,,6f4b811a-a4a7-4f16-b3f8-2d8bd85e17f7,2025-09-18,23:35:53.75,2025-09-18T19:35:53.7541632-04:00,2025-09-18T23:35:53.7541632Z,,v3,5508,6089,,"McKeithan, Aaron",702463,Right,GAS,fcf7b827-b96d-477b-8492-65e2aab06be6,54.11831,-121.29375,13.01297,5.21839,2.16449,-15.03733,-1.89435,1.30928,1.65289,,,,,,,,,,,,,,,,,,,,,,,,,,,,,,,,,,,,,,,,,,,,,,,,,,,High,High,High,,,,,
110,2025-09-18,19:36:13.09,2,4,"King, Thomas",1000059491,Right,GAS,"Cannon, Bryce",1000048596,Left,HAG_FLY,Undefined,4,Top,1,1,2,FourSeamFastBall,Four-Seam,FoulBallNotFieldable,Undefined,Undefined,Undefined,0,0,,93.84887,-0.604947,-2.408676,2146.621877,227.508192,1:30,5.04785,1.91235,6.98389,-17.90662,12.61883,12.69111,3.00497,0.77813,85.41854,-4.0571,-0.085073,0.397651,,,,,,,,,,,,-7.30591,7.18118,-1.76636,50,5.00409,5.21226,-136.38085,-1.89757,-13.71094,30.99418,-18.69717,GAS,HAG_FLY,CaroMontHealthPark,Independent,ATL,20250918-CaroMontHealthPark-1,43a1dc10-94e8-11f0-8c3a-419b60f641aa,94.78766,,,8.43033,,,,,,,6f4b811a-a4a7-4f16-b3f8-2d8bd85e17f7,2025-09-18,23:36:13.09,2025-09-18T19:36:13.0970112-04:00,2025-09-18T23:36:13.0970112Z,,v3,5508,6089,,"McKeithan, Aaron",702463,Right,GAS,678e59c5-f9ae-44d2-aa9c-3a5581a073ea,53.51138,-137.17653,15.49709,5.04664,-1.41758,-9.34858,-1.90468,5.56425,-6.85547,,,,,,,,,,,,,,,,,,,,,,,,,,,,,,,,,,,,,,,,,,,,,,,,,,,High,High,High,,,,,
111,2025-09-18,19:36:45.79,2,5,"King, Thomas",1000059491,Right,GAS,"Cannon, Bryce",1000048596,Left,HAG_FLY,Undefined,4,Top,1,1,2,FourSeamFastBall,Sinker,StrikeSwinging,Strikeout,Undefined,Undefined,0,0,,93.78073,-0.640019,-3.726468,2206.20183,229.123807,1:45,4.9923,1.95184,6.83849,-17.85336,12.88812,13.7506,2.91959,-0.3055,85.4755,-4.069661,-1.220703,0.399056,,,,,,,,,,,,-8.28926,7.30741,-1.71681,50,4.94434,8.31962,-136.1616,-1.99887,-15.53432,30.39271,-18.47974,GAS,HAG_FLY,CaroMontHealthPark,Independent,ATL,20250918-CaroMontHealthPark-1,57212980-94e8-11f0-8c3a-419b60f641aa,94.45404,,,8.30522,,,,,,,6f4b811a-a4a7-4f16-b3f8-2d8bd85e17f7,2025-09-18,23:36:45.79,2025-09-18T19:36:45.7990000-04:00,2025-09-18T23:36:45.7990000Z,,v3,5508,6089,,"McKeithan, Aaron",702463,Right,GAS,3c0e905c-833b-4b1f-bd8a-0c9f7c60c672,53.65999,-136.97611,15.19636,4.99128,-1.50363,-9.23987,-1.94535,8.73594,-7.76716,,,,,,,,,,,,,,,,,,,,,,,,,,,,,60.15754,,,1.135596,,,,-1.16962,5.9135,-1.44151,72.26253,8.14208,-52.75601,-1.12085,69.13349,-3.96796,5.97483,18.68281,-14.76255,-1.50336,-49.94001,4.22592,High,High,High,,,High,High,High
112,2025-09-18,19:37:21.91,3,1,"King, Thomas",1000059491,Right,GAS,"Abreu, Osvaldo",622435,Right,HAG_FLY,Undefined,4,Top,2,0,0,Slider,Slider,StrikeSwinging,Undefined,Undefined,Undefined,0,0,,83.30262,-0.261585,-2.481669,2330.878792,52.47801,7:45,5.07528,1.97523,6.34932,-42.33431,-3.12445,-5.47548,1.3064,-0.76688,77.41119,-8.062785,-3.472904,0.450681,,,,,,,,,,,,2.2439,-1.27024,-1.79249,50,5.03629,5.44741,-121.18147,-1.86962,3.36435,21.84179,-34.07856,GAS,HAG_FLY,CaroMontHealthPark,Independent,ATL,20250918-CaroMontHealthPark-1,6cca82e0-94e8-11f0-8c3a-419b60f641aa,83.63444,,,5.89143,,,,,,,6f4b811a-a4a7-4f16-b3f8-2d8bd85e17f7,2025-09-18,23:37:21.91,2025-09-18T19:37:21.9152896-04:00,2025-09-18T23:37:21.9152896Z,,v3,5508,6089,,"McKeithan, Aaron",702463,Right,GAS,db551c4c-87a1-4b9c-8f8e-e87666c7fca7,54.15332,-121.92777,10.9209,5.08027,-0.70521,-17.03928,-1.97665,5.33245,1.68218,,,,,,,,,,,,,,,,,,,,,,,,,,,,,,,,,,,,,,,,,,,,,,,,,,,High,High,High,,,,,
113,2025-09-18,19:37:40.00,3,2,"King, Thomas",1000059491,Right,GAS,"Abreu, Osvaldo",622435,Right,HAG_FLY,Undefined,4,Top,2,0,1,Slider,Slider,BallCalled,Undefined,Undefined,Undefined,0,0,,84.03239,0.380331,-3.051725,2451.742903,69.278611,8:15,5.01073,1.83502,6.53287,-39.91168,-1.3187,-6.53725,2.03414,-1.51176,77.36558,-7.03345,-4.236978,0.447121,,,,,,,,,,,,2.56685,-0.38693,-1.62071,50,5.0207,6.75002,-122.09425,-0.41098,3.87722,23.88997,-32.7585,GAS,HAG_FLY,CaroMontHealthPark,Independent,ATL,20250918-CaroMontHealthPark-1,777a4270-94e8-11f0-8c3a-419b60f641aa,84.30023,,,6.6668,,,,,,,6f4b811a-a4a7-4f16-b3f8-2d8bd85e17f7,2025-09-18,23:37:40.00,2025-09-18T19:37:40.0089088-04:00,2025-09-18T23:37:40.0089088Z,,v3,5508,6089,,"McKeithan, Aaron",702463,Right,GAS,5a7f6745-d8e3-4611-9c18-f251fe25a259,53.96698,-122.86801,11.94499,5.01683,0.65002,-16.37925,-1.8373,6.62445,1.93861,,,,,,,,,,,,,,,,,,,,,,,,,,,,,,,,,,,,,,,,,,,,,,,,,,,High,High,High,,,,,
114,2025-09-18,19:37:58.29,3,3,"King, Thomas",1000059491,Right,GAS,"Abreu, Osvaldo",622435,Right,HAG_FLY,Undefined,4,Top,2,1,1,Sinker,Slider,StrikeSwinging,Undefined,Undefined,Undefined,0,0,,83.19051,-0.993813,-2.440905,2442.307273,42.759023,7:30,4.8946,2.15801,6.61833,-43.64333,-4.38504,-5.14803,0.34659,-0.50776,76.83414,-9.073562,-3.378509,0.450959,,,,,,,,,,,,2.05543,-1.77756,-1.99014,50,4.80901,5.33077,-120.97472,-3.38307,3.04027,24.0155,-34.80329,GAS,HAG_FLY,CaroMontHealthPark,Independent,ATL,20250918-CaroMontHealthPark-1,82714430-94e8-11f0-8c3a-419b60f641aa,83.58285,,,6.35637,,,,,,,6f4b811a-a4a7-4f16-b3f8-2d8bd85e17f7,2025-09-18,23:37:58.29,2025-09-18T19:37:58.2900736-04:00,2025-09-18T23:37:58.2900736Z,,v3,5508,6089,,"McKeithan, Aaron",702463,Right,GAS,19e68304-375b-49a3-9682-5a3c41224442,53.88436,-121.74338,12.00775,4.89947,-2.26911,-17.40165,-2.15921,5.23346,1.52013,,,,,,,,,,,,,,,,,,,,,,,,,,,,,,,,,,,,,,,,,,,,,,,,,,,High,High,High,,,,,
115,2025-09-18,19:38:29.88,3,4,"King, Thomas",1000059491,Right,GAS,"Abreu, Osvaldo",622435,Right,HAG_FLY,Undefined,4,Top,2,1,2,Slider,Slider,BallCalled,Undefined,Undefined,Undefined,0,0,,85.89929,-0.536472,-2.97542,2365.068689,67.108189,8:15,4.9346,2.1009,6.58969,-37.57667,-0.64618,-4.21988,1.31096,-0.97962,78.96442,-7.524217,-3.74202,0.437385,,,,,,,,,,,,1.38224,0.13665,-1.89563,50,4.88238,6.64004,-124.81532,-2.31409,2.17549,25.66165,-31.95898,GAS,HAG_FLY,CaroMontHealthPark,Independent,ATL,20250918-CaroMontHealthPark-1,954c1440-94e8-11f0-8c3a-419b60f641aa,86.17678,,,6.93486,,,,,,,6f4b811a-a4a7-4f16-b3f8-2d8bd85e17f7,2025-09-18,23:38:29.88,2025-09-18T19:38:29.8800640-04:00,2025-09-18T23:38:29.8800640Z,,v3,5508,6089,,"McKeithan, Aaron",702463,Right,GAS,8607ffed-35a6-495e-83a8-2fbb6377551b,53.91114,-125.61686,12.83082,4.93907,-1.31585,-15.97949,-2.10197,6.57209,1.08774,,,,,,,,,,,,,,,,,,,,,,,,,,,,,,,,,,,,,,,,,,,,,,,,,,,High,High,High,,,,,
116,2025-09-18,19:38:47.98,3,5,"King, Thomas",1000059491,Right,GAS,"Abreu, Osvaldo",622435,Right,HAG_FLY,Undefined,4,Top,2,2,2,Slider,Curveball,BallCalled,Undefined,Undefined,Undefined,0,0,,81.76142,-0.215508,-1.758332,2352.924587,38.377108,7:15,4.99045,2.14133,6.43574,-48.18329,-7.40489,-6.80819,0.77703,-0.04243,75.69396,-9.099544,-2.995066,0.459607,,,,,,,,,,,,3.11626,-3.55681,-2.01328,50,4.95326,3.88623,-118.97368,-1.90524,4.47062,22.63248,-37.27665,GAS,HAG_FLY,CaroMontHealthPark,Independent,ATL,20250918-CaroMontHealthPark-1,a01416c0-94e8-11f0-8c3a-419b60f641aa,82.01015,,,6.06746,,,,,,,6f4b811a-a4a7-4f16-b3f8-2d8bd85e17f7,2025-09-18,23:38:47.98,2025-09-18T19:38:47.9843840-04:00,2025-09-18T23:38:47.9843840Z,,v3,5508,6089,,"McKeithan, Aaron",702463,Right,GAS,c0547dda-dfd7-4241-a113-3d9307a3d3a2,54.06763,-119.74497,11.31624,4.99654,-0.63489,-18.63832,-2.14313,3.73388,2.23531,,,,,,,,,,,,,,,,,,,,,,,,,,,,,,,,,,,,,,,,,,,,,,,,,,,High,High,High,,,,,
117,2025-09-18,19:39:09.06,3,6,"King, Thomas",1000059491,Right,GAS,"Abreu, Osvaldo",622435,Right,HAG_FLY,Undefined,4,Top,2,3,2,FourSeamFastBall,Four-Seam,StrikeCalled,Strikeout,Undefined,Undefined,0,0,,93.12607,-0.639976,-3.822702,2177.563633,226.944014,1:30,4.99367,1.93088,6.85958,-17.54343,13.63249,13.51182,2.94699,-0.4331,84.82033,-4.018051,-1.360081,0.401866,,,,,,,,,,,,-8.2152,7.7143,-1.691,50,4.94609,8.50205,-135.1951,-1.96679,-15.1663,30.17103,-17.93254,GAS,HAG_FLY,CaroMontHealthPark,Independent,ATL,20250918-CaroMontHealthPark-1,ac86e310-94e8-11f0-8c3a-419b60f641aa,93.79362,,,8.30574,,,,,,,6f4b811a-a4a7-4f16-b3f8-2d8bd85e17f7,2025-09-18,23:39:09.06,2025-09-18T19:39:09.0610000-04:00,2025-09-18T23:39:09.0610000Z,,v3,5508,6089,,"McKeithan, Aaron",702463,Right,GAS,21eb9842-7ad8-4c47-9f0a-782e94599ae7,53.639,-136.00478,15.08552,4.99241,-1.48555,-8.96627,-1.92462,8.90906,-7.58315,,,,,,,,,,,,,,,,,,,,,,,,,,,,,55.82848,3.169054,1.953331,1.215723,-1.83912,2.71122,0.50604,-2.23751,6.01459,-2.93939,64.43311,8.94316,-60.56958,-2.1869,58.29904,-2.86885,6.09092,20.04207,-14.53697,-3.02513,-52.27221,4.04465,High,High,High,,,High,High,High
118,2025-09-18,19:41:34.46,1,1,"Henriquez, Jonh",806430,Right,HAG_FLY,"Roederer, Cole",680711,Left,GAS,Undefined,4,Bottom,0,0,0,TwoSeamFastBall,,FoulBallNotFieldable,Undefined,Undefined,Undefined,0,0,,,,,,,,,,,,,,,,,,,,,,,,,,,,,,,,,,,,,,,,,,GAS,HAG_FLY,CaroMontHealthPark,Independent,ATL,20250918-CaroMontHealthPark-1,fcf14840-94e8-11f0-8c3a-419b60f641aa,,,,,,,,,,,6f4b811a-a4a7-4f16-b3f8-2d8bd85e17f7,2025-09-18,23:41:34.46,2025-09-18T19:41:34.4653696-04:00,2025-09-18T23:41:34.4653696Z,,v3,5508,6089,,"Black, Mark",691773,Right,HAG_FLY,,,,,,,,,,,,,,,,,,,,,,,,,,,,,,,,,,,,,,,,,,,,,,,,,,,,,,,,,,,,,,,,,,,,
119,2025-09-18,19:41:35.46,1,2,"Henriquez, Jonh",806430,Right,HAG_FLY,"Roederer, Cole",680711,Left,GAS,Undefined,4,Bottom,0,0,1,TwoSeamFastBall,Four-Seam,InPlay,Undefined,Popup,Out,1,0,,90.3189,-0.89733,-2.097845,1969.545599,194.426456,12:30,5.29105,1.78154,6.14963,-23.02556,11.04623,2.55374,2.54251,0.05509,82.26598,-5.23006,-1.637581,0.420116,83.43346,44.820824,-33.361189,4557.087282,84.10451,91.19491,-70.89724,273.63772,105.3863,-46.979402,5.246478,-1.93976,6.30949,-1.62322,50,5.21091,4.69846,-131.13124,-2.78239,-3.35933,29.12452,-21.24706,GAS,HAG_FLY,CaroMontHealthPark,Independent,ATL,20250918-CaroMontHealthPark-1,03e58670-94e9-11f0-8c3a-419b60f641aa,89.71919,101.98903,,8.05292,,,,0.46148,2.66348,0.1063,6f4b811a-a4a7-4f16-b3f8-2d8bd85e17f7,2025-09-18,23:41:35.46,2025-09-18T19:41:35.4653696-04:00,2025-09-18T23:41:35.4653696Z,FlyBall,v3,5508,6089,,"Black, Mark",691773,Right,HAG_FLY,1a5e8b6f-fd72-4992-ae4c-026869ce59b6,54.34903,-132.09364,14.56226,5.29125,-2.08029,-10.62353,-1.78031,4.80947,-1.67967,,0.47282,72.25974,-17.79999,3.23187,0.36781,-0.42688,0.11454,-0.01371,0.00063,2.65931,86.32323,-22.1303,2.09542,-0.36291,0.00547,0.02051,-0.00447,0.00029,0.10637,-47.7301,2.64426,-0.03542,-0.1062,0.04506,-0.01131,0.00153,-8E-05,,,,,,,,,,,,,,,,,,,,,,,High,High,High,High,Low,,,
120,2025-09-18,19:42:10.43,2,1,"Henriquez, Jonh",806430,Right,HAG_FLY,"Aldrete, Carter",666177,Right,GAS,Undefined,4,Bottom,1,0,0,ChangeUp,Slider,InPlay,Undefined,GroundBall,Out,1,0,,79.42356,1.013822,-1.01904,2367.58893,78.567765,8:30,5.25426,2.05231,5.46316,-44.98802,-0.13894,-7.33189,2.45441,0.48742,73.13978,-7.196868,-2.325161,0.482001,77.2284,-32.445603,-41.674302,,,,,5.44788,4.19025,-32.297906,0.039859,3.44225,0.0211,-1.95732,50,5.31242,2.33741,-115.37431,0.51832,4.65152,20.95759,-32.14556,GAS,HAG_FLY,CaroMontHealthPark,Independent,ATL,20250918-CaroMontHealthPark-1,18c8f7c0-94e9-11f0-8c3a-419b60f641aa,78.19988,2.42918,,6.28378,,,,1.75092,2.42918,-0.37032,6f4b811a-a4a7-4f16-b3f8-2d8bd85e17f7,2025-09-18,23:42:10.43,2025-09-18T19:42:10.4311808-04:00,2025-09-18T23:42:10.4311808Z,GroundBall,v3,5508,6089,,"Black, Mark",691773,Right,HAG_FLY,849ca5ca-2007-4b81-9be7-59cf7033bd23,55.03804,-116.28586,10.47879,5.25947,1.91649,-16.07278,-2.05459,2.1351,2.32576,180,1.74959,71.60407,,,,,,,,2.43031,-60.94402,,,,,,,,-0.36915,-63.73931,,,,,,,,,,,,,,,,,,,,,,,,,,,,,,High,High,High,Low,Low,,,
121,2025-09-18,19:42:49.07,3,1,"Henriquez, Jonh",806430,Right,HAG_FLY,"Guthrie, Dalton",656495,Right,GAS,Undefined,4,Bottom,2,0,0,Curveball,Slider,StrikeCalled,Undefined,Undefined,Undefined,0,0,,77.85986,1.259523,-0.913749,2288.774742,82.52012,8:45,5.24097,1.83096,5.78942,-46.41227,0.08929,-10.84142,2.54533,0.0774,71.13282,-7.285844,-2.856687,0.490801,,,,,,,,,,,,5.25103,0.13358,-1.74918,50,5.31698,2.21032,-113.04168,1.01168,6.74872,21.90492,-32.00238,GAS,HAG_FLY,CaroMontHealthPark,Independent,ATL,20250918-CaroMontHealthPark-1,2fd2a470-94e9-11f0-8c3a-419b60f641aa,76.79785,,,6.72704,,,,,,,6f4b811a-a4a7-4f16-b3f8-2d8bd85e17f7,2025-09-18,23:42:49.07,2025-09-18T19:42:49.0725376-04:00,2025-09-18T23:42:49.0725376Z,,v3,5508,6089,,"Black, Mark",691773,Right,HAG_FLY,8bf49cdc-a6a5-4114-b4f1-11526e5cd4c4,54.71011,-113.95074,10.95246,5.24743,2.33978,-16.00119,-1.8351,1.93025,3.37436,,,,,,,,,,,,,,,,,,,,,,,,,,,,,,,,,,,,,,,,,,,,,,,,,,,High,High,High,,,,,
122,2025-09-18,19:43:01.64,3,2,"Henriquez, Jonh",806430,Right,HAG_FLY,"Guthrie, Dalton",656495,Right,GAS,Undefined,4,Bottom,2,0,1,ChangeUp,Sinker,InPlay,Undefined,FlyBall,Single,1,0,,87.1171,-0.426676,-2.477802,2009.499338,255.967611,2:30,5.31113,1.82349,6.30229,-31.89517,4.23988,12.56835,2.25972,0.58656,80.05025,-6.36457,-0.204577,0.432649,102.50236,18.469668,-29.724563,1884.23198,94.29716,31.31863,-56.63822,333.00356,299.64428,-34.875406,3.315667,-7.27831,2.61882,-1.64764,50,5.2643,5.00606,-126.63519,-1.95157,-11.84125,25.40294,-27.91341,GAS,HAG_FLY,CaroMontHealthPark,Independent,ATL,20250918-CaroMontHealthPark-1,37403150-94e9-11f0-8c3a-419b60f641aa,87.12011,38.74363,,7.06686,,,,2.18423,2.33774,-0.53794,6f4b811a-a4a7-4f16-b3f8-2d8bd85e17f7,2025-09-18,23:43:01.64,2025-09-18T19:43:01.6436736-04:00,2025-09-18T23:43:01.6436736Z,LineDrive,v3,5508,6089,,"Black, Mark",691773,Right,HAG_FLY,fbce20fd-cbd7-4239-a17f-1051f6bd49bf,54.19944,-127.47481,12.70147,5.31355,-1.02897,-13.95671,-1.81957,5.39744,-5.92063,,2.18426,123.82994,-22.84293,5.37915,-1.20007,0.24779,-0.04225,0.00478,-0.00025,2.33775,47.62552,-16.86469,1.00537,-0.13121,0.01203,-0.00073,0.00017,-2E-05,-0.53795,-70.70184,7.28181,-1.71025,0.38077,-0.07851,0.01338,-0.00151,8E-05,,,,,,,,,,,,,,,,,,,,,,,High,High,High,High,Medium,,,
123,2025-09-18,19:45:52.21,1,1,"Westcott, Zac",686170,Right,GAS,"Mattis, Gary",669013,Right,HAG_FLY,Undefined,5,Top,0,0,0,Curveball,Curveball,StrikeCalled,Undefined,Undefined,Undefined,0,0,,64.39461,4.585721,-2.124947,1879.50424,31.050019,7:00,5.54448,2.26892,5.59798,-87.63517,-17.71525,-12.20079,2.53499,-0.73261,58.42726,-11.382911,-4.300753,0.601827,,,,,,,,,,,,5.36894,-9.6378,-2.07886,50,5.88253,3.8577,-93.12319,4.99859,4.60233,17.08809,-40.43568,GAS,HAG_FLY,CaroMontHealthPark,Independent,ATL,20250918-CaroMontHealthPark-1,9cec2d60-94e9-11f0-8c3a-419b60f641aa,62.63,,,5.96735,,,,,,,6f4b811a-a4a7-4f16-b3f8-2d8bd85e17f7,2025-09-18,23:45:52.21,2025-09-18T19:45:52.2167296-04:00,2025-09-18T23:45:52.2167296Z,,v3,5508,6089,,"McKeithan, Aaron",702463,Right,GAS,b253e704-3398-42e3-9ee1-20d1da053c9e,54.90646,-94.01921,8.54405,5.56484,7.11886,-20.21784,-2.27481,3.61637,2.30117,,,,,,,,,,,,,,,,,,,,,,,,,,,,,,,,,,,,,,,,,,,,,,,,,,,High,High,High,,,,,
124,2025-09-18,19:46:07.77,1,2,"Westcott, Zac",686170,Right,GAS,"Mattis, Gary",669013,Right,HAG_FLY,Undefined,5,Top,0,0,1,TwoSeamFastBall,Changeup,BallCalled,Undefined,Undefined,Undefined,0,0,,82.48178,-2.009182,-4.895775,1984.35386,226.630005,1:30,5.98292,2.00789,6.09172,-27.27037,14.02017,13.33087,1.84432,-1.42087,75.0597,-7.124683,-2.505168,0.462484,,,,,,,,,,,,-8.26804,8.25119,-1.63628,50,5.81314,9.69715,-119.28766,-4.98997,-11.83952,24.27394,-20.35867,GAS,HAG_FLY,CaroMontHealthPark,Independent,ATL,20250918-CaroMontHealthPark-1,a6226c50-94e9-11f0-8c3a-419b60f641aa,81.5,,,7.42208,,,,,,,6f4b811a-a4a7-4f16-b3f8-2d8bd85e17f7,2025-09-18,23:46:07.77,2025-09-18T19:46:07.7732352-04:00,2025-09-18T23:46:07.7732352Z,,v3,5508,6089,,"McKeithan, Aaron",702463,Right,GAS,e4ee55d3-6441-4f6a-b691-37377da32bc2,54.40518,-120.18073,12.13697,5.98295,-4.24095,-10.17934,-2.00106,10.13274,-5.91976,,,,,,,,,,,,,,,,,,,,,,,,,,,,,,,,,,,,,,,,,,,,,,,,,,,High,High,High,,,,,
125,2025-09-18,19:46:28.61,1,3,"Westcott, Zac",686170,Right,GAS,"Mattis, Gary",669013,Right,HAG_FLY,Undefined,5,Top,0,1,1,Curveball,Curveball,StrikeCalled,Undefined,Undefined,Undefined,0,0,,66.30858,3.679827,-2.084554,1986.662926,27.166505,7:00,5.43551,2.36295,5.70713,-81.54528,-15.77946,-9.36788,2.07562,-0.36078,59.97382,-11.230204,-3.760361,0.583675,,,,,,,,,,,,3.98146,-8.52481,-2.1824,50,5.69453,3.80415,-95.95622,3.85361,3.61089,18.62253,-39.90541,GAS,HAG_FLY,CaroMontHealthPark,Independent,ATL,20250918-CaroMontHealthPark-1,b29f4ac0-94e9-11f0-8c3a-419b60f641aa,64.57773,,,6.33476,,,,,,,6f4b811a-a4a7-4f16-b3f8-2d8bd85e17f7,2025-09-18,23:46:28.61,2025-09-18T19:46:28.6190592-04:00,2025-09-18T23:46:28.6190592Z,,v3,5508,6089,,"McKeithan, Aaron",702463,Right,GAS,33abe008-e512-48f6-b15f-c75586a720d3,54.79537,-96.88241,9.31127,5.45352,5.83828,-19.95271,-2.36714,3.62456,1.80545,,,,,,,,,,,,,,,,,,,,,,,,,,,,,,,,,,,,,,,,,,,,,,,,,,,High,High,High,,,,,
126,2025-09-18,19:46:49.34,1,4,"Westcott, Zac",686170,Right,GAS,"Mattis, Gary",669013,Right,HAG_FLY,Undefined,5,Top,0,1,2,Curveball,Curveball,StrikeSwinging,Strikeout,Undefined,Undefined,0,0,,68.64993,2.733465,-1.847186,1987.314497,22.232238,6:45,5.46627,2.20602,5.69336,-77.16225,-15.8365,-7.42351,1.58682,-0.13469,62.09143,-11.366187,-3.17692,0.563628,,,,,,,,,,,,3.09831,-8.36012,-2.04605,50,5.64835,3.45911,-99.4314,2.48012,3.01381,20.15577,-40.30612,GAS,HAG_FLY,CaroMontHealthPark,Independent,ATL,20250918-CaroMontHealthPark-1,bf12da60-94e9-11f0-8c3a-419b60f641aa,66.87464,,,6.5585,,,,,,,6f4b811a-a4a7-4f16-b3f8-2d8bd85e17f7,2025-09-18,23:46:49.34,2025-09-18T19:46:49.3420000-04:00,2025-09-18T23:46:49.3420000Z,,v3,5508,6089,,"McKeithan, Aaron",702463,Right,GAS,15ea3357-93a7-4bef-a828-279786b8e616,54.80886,-100.40147,10.07788,5.48231,4.42001,-20.15306,-2.20904,3.31406,1.50691,,,,,,,,,,,,,,,,,,,,,,,,,,,,,59.13618,3.015905,1.835827,1.180078,1.4868,1.60093,0.1308,-1.68259,5.96411,0.54876,68.71638,8.62884,-56.2947,-1.62707,63.65836,-3.41731,6.04732,19.40018,-14.5616,0.44859,-53.75252,4.77784,High,High,High,,,High,High,High
127,2025-09-18,19:47:25.41,2,1,"Westcott, Zac",686170,Right,GAS,"Black, Mark",691773,Right,HAG_FLY,Undefined,5,Top,1,0,0,TwoSeamFastBall,Changeup,InPlay,Undefined,LineDrive,Out,1,0,,82.50845,-0.818281,-2.954297,1962.865638,227.881336,1:30,5.90424,1.99491,6.1151,-26.38068,14.9302,14.85414,2.94821,0.49881,74.46269,-5.813895,-0.280143,0.462598,81.50267,12.554096,-40.579693,2233.465355,80.18811,7.77906,-75.29849,143.12685,113.8543,-44.234706,1.405327,-8.62977,8.40142,-1.77594,50,5.82777,5.60473,-119.60448,-2.45625,-12.31119,26.3311,-20.18862,GAS,HAG_FLY,CaroMontHealthPark,Independent,ATL,20250918-CaroMontHealthPark-1,d47e8e80-94e9-11f0-8c3a-419b60f641aa,81.47991,10.8589,,8.04576,,,,1.94645,2.98615,-0.70182,6f4b811a-a4a7-4f16-b3f8-2d8bd85e17f7,2025-09-18,23:47:25.41,2025-09-18T19:47:25.4130176-04:00,2025-09-18T23:47:25.4130176Z,LineDrive,v3,5508,6089,,"McKeithan, Aaron",702463,Right,GAS,4f4b4ff2-2761-4193-868b-dc30f73b7908,54.38264,-120.56546,13.16555,5.90397,-1.71945,-10.09431,-1.98869,6.05405,-6.1556,,1.94645,88.61798,-14.2546,1.99315,-0.41107,0.06356,-0.01012,0.00195,-0.00019,2.98615,25.98273,-22.85049,2.57948,-0.52194,0.1141,-0.0194,0.00309,-0.00032,-0.70182,-75.90033,3.23739,0.5621,-0.17579,0.06008,-0.01222,0.00197,-0.00021,,,,,,,,,,,,,,,,,,,,,,,High,High,High,High,High,,,
128,2025-09-18,19:48:20.12,3,1,"Westcott, Zac",686170,Right,GAS,"Schield, Slater",1000216204,Right,HAG_FLY,Undefined,5,Top,2,0,0,Curveball,Curveball,BallCalled,Undefined,Undefined,Undefined,0,0,,65.9982,4.088785,0.057763,1865.109659,28.700025,7:00,5.50732,2.25482,5.47464,-82.04682,-15.02485,-9.63481,2.50277,1.50597,59.4679,-10.884278,-1.660077,0.589223,,,,,,,,,,,,4.79733,-8.04304,-2.25337,50,5.81245,0.2396,-95.45607,4.39711,4.30411,18.47375,-39.3902,GAS,HAG_FLY,CaroMontHealthPark,Independent,ATL,20250918-CaroMontHealthPark-1,f5176f90-94e9-11f0-8c3a-419b60f641aa,63.96969,,,6.53031,,,,,,,6f4b811a-a4a7-4f16-b3f8-2d8bd85e17f7,2025-09-18,23:48:20.12,2025-09-18T19:48:20.1285632-04:00,2025-09-18T23:48:20.1285632Z,,v3,5508,6089,,"McKeithan, Aaron",702463,Right,GAS,0cf7e82a-2c29-48a4-aef3-32188d95b2d6,55.02663,-96.42397,9.23688,5.52801,6.46089,-19.6951,-2.26001,0.01409,2.15205,,,,,,,,,,,,,,,,,,,,,,,,,,,,,,,,,,,,,,,,,,,,,,,,,,,High,High,High,,,,,
129,2025-09-18,19:48:35.99,3,2,"Westcott, Zac",686170,Right,GAS,"Schield, Slater",1000216204,Right,HAG_FLY,Undefined,5,Top,2,1,0,Curveball,Curveball,StrikeCalled,Undefined,Undefined,Undefined,0,0,,65.07694,4.989823,-0.854584,1971.611449,25.568241,6:45,5.4717,2.23122,5.61216,-85.08394,-16.41249,-9.10497,3.05107,0.67477,58.59323,-10.570673,-2.479809,0.59643,,,,,,,,,,,,4.23307,-9.08418,-2.1524,50,5.84552,1.71084,-94.048,5.77554,3.68962,17.82991,-40.09195,GAS,HAG_FLY,CaroMontHealthPark,Independent,ATL,20250918-CaroMontHealthPark-1,fe8c8c40-94e9-11f0-8c3a-419b60f641aa,63.19676,,,6.48372,,,,,,,6f4b811a-a4a7-4f16-b3f8-2d8bd85e17f7,2025-09-18,23:48:35.99,2025-09-18T19:48:35.9950000-04:00,2025-09-18T23:48:35.9950000Z,,v3,5508,6089,,"McKeithan, Aaron",702463,Right,GAS,747816c4-10b9-42b5-ba3a-b6d569fbafbe,54.8902,-94.97057,8.91495,5.49301,7.85002,-20.04597,-2.23599,1.51992,1.84481,,,,,,,,,,,,,,,,,,,,,,,,,,,,,,,,,,,,,,,,,,,,,,,,,,,High,High,High,,,,,
130,2025-09-18,19:48:56.35,3,3,"Westcott, Zac",686170,Right,GAS,"Schield, Slater",1000216204,Right,HAG_FLY,Undefined,5,Top,2,1,1,Curveball,Curveball,BallCalled,Undefined,Undefined,Undefined,0,0,,65.05322,3.592342,-3.070379,2036.043928,30.651246,7:00,5.47721,2.1269,5.90139,-82.91528,-14.75568,-10.2976,1.91164,-1.58427,58.76777,-11.616561,-4.916216,0.594203,,,,,,,,,,,,4.05559,-7.85729,-1.87433,50,5.72142,5.38178,-94.06549,3.64344,3.52145,18.37441,-38.99651,GAS,HAG_FLY,CaroMontHealthPark,Independent,ATL,20250918-CaroMontHealthPark-1,0ab83d70-94ea-11f0-8c3a-419b60f641aa,63.43359,,,6.28545,,,,,,,6f4b811a-a4a7-4f16-b3f8-2d8bd85e17f7,2025-09-18,23:48:56.35,2025-09-18T19:48:56.3540000-04:00,2025-09-18T23:48:56.3540000Z,,v3,5508,6089,,"McKeithan, Aaron",702463,Right,GAS,b0e8732c-d913-41fb-8885-6b737228cc3e,54.5998,-94.95975,9.18721,5.49792,5.54134,-19.49826,-2.13208,5.2104,1.76073,,,,,,,,,,,,,,,,,,,,,,,,,,,,,,,,,,,,,,,,,,,,,,,,,,,High,High,High,,,,,
131,2025-09-18,19:49:14.66,3,4,"Westcott, Zac",686170,Right,GAS,"Schield, Slater",1000216204,Right,HAG_FLY,Undefined,5,Top,2,2,1,TwoSeamFastBall,Changeup,FoulBallNotFieldable,Undefined,Undefined,Undefined,0,0,,83.77413,-1.741536,-4.498624,2077.790005,225.687571,1:30,5.91726,2.06872,6.21957,-24.04942,16.06426,14.92713,2.30064,-0.8471,75.49654,-6.315128,-1.813256,0.455845,65.07589,-50.742419,-88.649434,,,,,3.01874,3.01874,-23.258702,0.032934,-9.22453,9.32087,-1.73874,50,5.77459,8.96703,-121.20013,-4.35644,-13.49728,27.29336,-18.5358,GAS,HAG_FLY,CaroMontHealthPark,Independent,ATL,20250918-CaroMontHealthPark-1,159f1290-94ea-11f0-8c3a-419b60f641aa,82.68689,2.44414,,8.27759,,,,2.72633,2.44414,0.80488,6f4b811a-a4a7-4f16-b3f8-2d8bd85e17f7,2025-09-18,23:49:14.66,2025-09-18T19:49:14.6610000-04:00,2025-09-18T23:49:14.6610000Z,GroundBall,v3,5508,6089,,"McKeithan, Aaron",702463,Right,GAS,f7ac6829-daf8-4905-838e-b4b0fd30bbf3,54.27843,-122.1598,13.64668,5.91632,-3.7047,-9.2679,-2.06238,9.44162,-6.74864,,2.7263,1.42951,,,,,,,,2.44577,-74.21237,,,,,,,,0.80621,-60.63357,,,,,,,,,,,,,,,,,,,,,,,,,,,,,,High,High,High,Estimated,Estimated,,,
132,2025-09-18,19:49:39.08,3,5,"Westcott, Zac",686170,Right,GAS,"Schield, Slater",1000216204,Right,HAG_FLY,Undefined,5,Top,2,2,2,Cutter,Changeup,FoulBallNotFieldable,Undefined,Undefined,Undefined,0,0,,75.09729,0.91158,-3.604372,1789.13151,262.241923,2:45,5.60958,2.25907,6.02604,-45.3931,4.21709,18.90824,2.67282,0.49216,68.57835,-7.499667,-0.206715,0.50694,75.91948,36.553224,-38.084087,2740.10163,83.05173,59.38222,-72.12737,255.14223,132.57003,-45.980406,4.047986,-10.85406,2.34075,-1.98734,50,5.65621,6.21044,-108.92512,0.42971,-12.96798,20.124,-29.37741,GAS,HAG_FLY,CaroMontHealthPark,Independent,ATL,20250918-CaroMontHealthPark-1,24313c70-94ea-11f0-8c3a-419b60f641aa,74.35282,63.06738,,6.51894,,,,2.55729,2.87669,-0.54449,6f4b811a-a4a7-4f16-b3f8-2d8bd85e17f7,2025-09-18,23:49:39.08,2025-09-18T19:49:39.0820000-04:00,2025-09-18T23:49:39.0820000Z,FlyBall,v3,5508,6089,,"McKeithan, Aaron",702463,Right,GAS,75b5867c-a316-4c28-88e4-0cf73904b98f,54.47515,-109.74879,10.062,5.61402,1.63213,-14.68871,-2.2524,6.74122,-6.48399,,2.55722,70.40583,-13.15976,2.92897,-0.67637,0.20652,-0.05774,0.00929,-0.0006,2.87643,66.32326,-21.20046,2.23722,-0.41583,0.00757,0.01939,-0.00415,0.00027,-0.54448,-55.17243,4.82783,-1.07156,0.24476,-0.07429,0.02082,-0.00336,0.00022,,,,,,,,,,,,,,,,,,,,,,,High,High,High,High,Low,,,
133,2025-09-18,19:50:35.67,3,6,"Westcott, Zac",686170,Right,GAS,"Schield, Slater",1000216204,Right,HAG_FLY,Undefined,5,Top,2,2,2,Curveball,Curveball,InPlay,Undefined,GroundBall,Single,0,0,,68.50107,3.144358,-1.561844,2067.801047,23.505692,6:45,5.57694,2.18807,5.89824,-78.09705,-17.55261,-8.55382,1.99203,0.0249,62.48325,-11.148056,-3.099871,0.560026,82.99064,17.658905,-30.968806,1567.317873,93.17869,21.39253,-58.46019,216.03698,212.51748,-34.273715,2.300474,3.88008,-9.52654,-2.05736,50,5.78519,2.98566,-99.35488,3.24802,3.80469,18.74243,-41.51545,GAS,HAG_FLY,CaroMontHealthPark,Independent,ATL,20250918-CaroMontHealthPark-1,45f68f90-94ea-11f0-8c3a-419b60f641aa,67.30475,21.41973,,6.01782,,,,2.55471,2.18818,-0.1683,6f4b811a-a4a7-4f16-b3f8-2d8bd85e17f7,2025-09-18,23:50:35.67,2025-09-18T19:50:35.6760000-04:00,2025-09-18T23:50:35.6760000Z,LineDrive,v3,5508,6089,,"McKeithan, Aaron",702463,Right,GAS,8e5a02cd-1bff-4b9e-8a82-9f5a8f8d319d,54.60651,-100.2201,9.37122,5.59101,5.16451,-20.75772,-2.19114,2.81002,1.90235,,2.55471,99.45008,-14.07674,2.64751,-0.54166,0.10308,-0.01875,0.00265,-0.00019,2.18818,36.92351,-19.26095,1.76296,-0.362,0.07459,-0.01214,0.00169,-0.00013,-0.1683,-59.68198,4.07916,-0.70429,0.14049,-0.02578,0.00479,-0.00067,5E-05,,,,,,,,,,,,,,,,,,,,,,,High,High,High,High,High,,,
134,2025-09-18,19:51:09.36,4,1,"Westcott, Zac",686170,Right,GAS,"Escanio, Brenny",691601,Left,HAG_FLY,Undefined,5,Top,2,0,0,TwoSeamFastBall,Changeup,FoulBallNotFieldable,Undefined,Undefined,Undefined,0,0,,83.85519,-1.607707,-2.768399,2049.925337,226.273518,1:30,5.90806,1.95169,6.30674,-23.83064,15.53828,14.85654,2.43895,0.63736,76.36454,-6.124492,-0.083073,0.451594,61.85992,49.431446,119.838328,4801.156528,,,,,30.55776,,,-8.56079,8.95434,-1.75547,50,5.77855,5.3279,-121.68839,-4.07304,-12.75605,25.27973,-18.83159,GAS,HAG_FLY,CaroMontHealthPark,Independent,ATL,20250918-CaroMontHealthPark-1,59fb60b0-94ea-11f0-8c3a-419b60f641aa,83.4653,32.90698,,7.49065,,,,1.21233,2.31763,-0.66305,6f4b811a-a4a7-4f16-b3f8-2d8bd85e17f7,2025-09-18,23:51:09.36,2025-09-18T19:51:09.3658624-04:00,2025-09-18T23:51:09.3658624Z,,v3,5508,6089,,"McKeithan, Aaron",702463,Right,GAS,0a956035-b57a-4ff0-856d-223c90845585,54.19228,-122.55621,12.63987,5.90727,-3.42658,-9.41579,-1.94588,5.7658,-6.37803,,1.21233,-29.35804,-4.17324,2.2329,-1.43299,1.66053,0.66589,-4.16109,2.96266,2.31763,68.91945,-27.91654,3.44076,-0.86234,0.25654,0.77323,-1.75538,1.05921,-0.66305,51.18339,-8.66456,1.8339,-0.5929,0.38774,0.6376,-1.84421,1.18271,,,,,,,,,,,,,,,,,,,,,,,High,High,High,High,Undefined,,,
135,2025-09-18,19:51:30.31,4,2,"Westcott, Zac",686170,Right,GAS,"Escanio, Brenny",691601,Left,HAG_FLY,Undefined,5,Top,2,0,1,TwoSeamFastBall,Changeup,FoulBallNotFieldable,Undefined,Undefined,Undefined,0,0,,83.63566,-1.643128,-3.730317,2198.722071,231.036954,1:45,6.03,1.93179,6.19156,-26.46344,13.81343,15.21745,2.30404,-0.24902,75.33817,-6.651168,-0.989043,0.456772,76.05554,-51.208412,-82.593461,,,,,3.23647,3.23647,-31.817919,0.027854,-9.12599,8.12445,-1.65797,50,5.89271,7.31168,-121.0966,-4.2345,-13.307,27.62481,-20.3274,GAS,HAG_FLY,CaroMontHealthPark,Independent,ATL,20250918-CaroMontHealthPark-1,66766a60-94ea-11f0-8c3a-419b60f641aa,82.5192,2.42908,,8.29749,,,,2.49843,2.42908,0.22982,6f4b811a-a4a7-4f16-b3f8-2d8bd85e17f7,2025-09-18,23:51:30.31,2025-09-18T19:51:30.3181824-04:00,2025-09-18T23:51:30.3181824Z,GroundBall,v3,5508,6089,,"McKeithan, Aaron",702463,Right,GAS,c0c80f76-7746-47b3-bb6e-5b9ab9635ffc,54.30615,-122.07497,13.81241,6.02993,-3.51458,-10.1637,-1.92527,7.78297,-6.6535,,2.49831,9.03591,,,,,,,,2.43026,-87.20728,,,,,,,,0.23076,-69.51053,,,,,,,,,,,,,,,,,,,,,,,,,,,,,,High,High,High,Estimated,Estimated,,,
136,2025-09-18,19:52:18.67,4,3,"Westcott, Zac",686170,Right,GAS,"Escanio, Brenny",691601,Left,HAG_FLY,Undefined,5,Top,2,0,2,TwoSeamFastBall,Changeup,BallCalled,Undefined,Undefined,Undefined,0,0,,85.02179,-0.553248,-4.635668,2156.735121,234.808234,1:45,5.96878,1.97267,6.54134,-26.38135,11.9652,15.01288,3.26124,-1.03718,76.74338,-5.567183,-1.919462,0.445692,,,,,,,,,,,,-9.25111,6.85555,-1.65648,50,5.91916,9.40387,-123.10408,-1.91836,-14.01136,27.4104,-21.79086,GAS,HAG_FLY,CaroMontHealthPark,Independent,ATL,20250918-CaroMontHealthPark-1,83351e80-94ea-11f0-8c3a-419b60f641aa,84.57066,,,8.27841,,,,,,,6f4b811a-a4a7-4f16-b3f8-2d8bd85e17f7,2025-09-18,23:52:18.67,2025-09-18T19:52:18.6790000-04:00,2025-09-18T23:52:18.6790000Z,,v3,5508,6089,,"McKeithan, Aaron",702463,Right,GAS,4b5db5a6-dcc3-482f-b40a-de5800a728d5,53.95502,-123.98158,13.7052,5.96941,-1.22076,-10.89543,-1.9647,9.85242,-7.00568,,,,,,,,,,,,,,,,,,,,,,,,,,,,,66.04701,1.732215,0.689613,1.042603,-3.03547,2.80789,1.17743,-4.9083,5.7373,2.11733,60.35362,5.70437,64.57974,-4.86214,68.86735,-6.11241,5.76684,14.59224,-14.09081,2.15529,65.28447,-5.23422,High,High,High,,,High,High,High
137,2025-09-18,19:52:46.25,4,4,"Westcott, Zac",686170,Right,GAS,"Escanio, Brenny",691601,Left,HAG_FLY,Undefined,5,Top,2,1,2,TwoSeamFastBall,Changeup,InPlay,Undefined,Popup,Out,1,0,,84.44084,-1.190688,-2.807715,2098.771718,232.191292,1:45,5.95643,1.97179,6.21076,-25.38151,13.82497,16.01895,2.74091,0.71331,76.39745,-5.995208,0.082578,0.450661,61.63434,54.389745,4.48169,,108.23351,67.45912,19.63426,154.43871,152.60423,11.636736,4.418694,-9.19016,7.94371,-1.76889,50,5.85438,5.38739,-122.46176,-3.27462,-13.77539,27.10615,-20.26698,GAS,HAG_FLY,CaroMontHealthPark,Independent,ATL,20250918-CaroMontHealthPark-1,93b95460-94ea-11f0-8c3a-419b60f641aa,83.63807,76.81501,,8.04339,,,,1.36059,2.75032,-0.7286,6f4b811a-a4a7-4f16-b3f8-2d8bd85e17f7,2025-09-18,23:52:46.25,2025-09-18T19:52:46.2559744-04:00,2025-09-18T23:52:46.2559744Z,Popup,v3,5508,6089,,"McKeithan, Aaron",702463,Right,GAS,c5064e93-9015-4365-8b49-bdd07ba0fb2e,54.28747,-123.40712,13.55308,5.95626,-2.56778,-10.13349,-1.96516,5.86782,-6.8877,196.955898,1.36231,52.43474,-10.08422,2.38192,-0.29723,-0.00219,0.00502,-0.00016,-4E-05,2.75081,73.47368,-20.64273,1.40618,0.0522,-0.17054,0.06101,-0.00958,0.00057,-0.72892,4.12085,2.11454,-0.62353,0.09912,0.00013,-0.00402,0.00073,-4E-05,,,,,,,,,,,,,,,,,,,,,,,High,High,High,High,Medium,,,
138,2025-09-18,19:55:08.54,1,1,"Henriquez, Jonh",806430,Right,HAG_FLY,"Scantlin, Nate",676715,Left,GAS,Undefined,5,Bottom,0,0,0,FourSeamFastBall,Four-Seam,BallCalled,Undefined,Undefined,Undefined,0,0,,91.59088,0.108924,-1.869181,2291.542583,201.468677,12:45,5.33637,1.84278,6.00228,-16.62863,16.75603,6.14953,4.05163,0.62271,82.98747,-3.076755,-0.764103,0.415858,,,,,,,,,,,,-3.68894,8.88402,-1.69896,50,5.33573,4.06627,-132.91103,-0.2261,-6.55307,30.32818,-16.39229,GAS,HAG_FLY,CaroMontHealthPark,Independent,ATL,20250918-CaroMontHealthPark-1,e88d7c50-94ea-11f0-8c3a-419b60f641aa,90.63777,,,8.60341,,,,,,,6f4b811a-a4a7-4f16-b3f8-2d8bd85e17f7,2025-09-18,23:55:08.54,2025-09-18T19:55:08.5449216-04:00,2025-09-18T23:55:08.5449216Z,,v3,5508,6089,,"Black, Mark",691773,Right,HAG_FLY,9c35ffc0-1b59-4d7b-86ff-946f27174e80,54.49386,-133.93253,15.16409,5.33405,0.32602,-8.19615,-1.83963,4.28699,-3.27654,,,,,,,,,,,,,,,,,,,,,,,,,,,,,,,,,,,,,,,,,,,,,,,,,,,High,High,High,,,,,
139,2025-09-18,19:55:19.39,1,2,"Henriquez, Jonh",806430,Right,HAG_FLY,"Scantlin, Nate",676715,Left,GAS,Undefined,5,Bottom,0,1,0,TwoSeamFastBall,Sinker,InPlay,Undefined,FlyBall,Out,1,0,,89.61591,-0.127742,-2.99064,2093.588288,255.725844,2:30,5.33649,1.93517,6.02807,-31.03718,3.56721,9.79831,2.63159,-0.02049,82.09274,-5.880368,-1.229452,0.423386,107.63536,17.43338,-1.590161,1143.44314,109.93111,30.60017,-3.87746,355.47156,339.89915,-4.301992,3.458798,-5.89044,2.18169,-1.70654,50,5.30956,6.39506,-130.11782,-1.35705,-10.10407,27.16313,-28.43175,GAS,HAG_FLY,CaroMontHealthPark,Independent,ATL,20250918-CaroMontHealthPark-1,eeffb940-94ea-11f0-8c3a-419b60f641aa,89.02609,39.54391,,7.52317,,,,0.94883,2.57168,0.05104,6f4b811a-a4a7-4f16-b3f8-2d8bd85e17f7,2025-09-18,23:55:19.39,2025-09-18T19:55:19.3986560-04:00,2025-09-18T23:55:19.3986560Z,LineDrive,v3,5508,6089,,"Black, Mark",691773,Right,HAG_FLY,fbebc3a5-7ab9-4873-831a-d637484b6015,54.47243,-131.04814,13.58157,5.33936,-0.38327,-14.21588,-1.93149,6.74112,-5.05203,170.337964,0.94901,150.5493,-23.86115,5.05505,-1.03599,0.16136,-0.01339,-0.00042,0.00014,2.57155,47.30033,-16.65567,1.25062,-0.2825,0.0924,-0.02586,0.0047,-0.00037,0.05107,-4.18073,-0.51615,-0.48962,0.22296,-0.07094,0.01686,-0.00253,0.00017,,,,,,,,,,,,,,,,,,,,,,,High,High,High,High,High,,,
140,2025-09-18,19:55:58.71,2,1,"Henriquez, Jonh",806430,Right,HAG_FLY,"Crook, Narciso",643271,Right,GAS,Undefined,5,Bottom,1,0,0,TwoSeamFastBall,Sinker,BallCalled,Undefined,Undefined,Undefined,0,0,,88.31926,-1.602633,-1.19144,2142.976966,247.872687,2:15,5.22827,1.9515,6.48579,-28.30647,6.66748,13.72434,1.39728,2.00115,81.09999,-6.899095,1.302773,0.425641,,,,,,,,,,,,-7.51221,4.28162,-1.87339,50,5.10337,2.14231,-128.40673,-4.46103,-12.53868,26.66239,-25.02757,GAS,HAG_FLY,CaroMontHealthPark,Independent,ATL,20250918-CaroMontHealthPark-1,065dee90-94eb-11f0-8c3a-419b60f641aa,88.55446,,,7.21927,,,,,,,6f4b811a-a4a7-4f16-b3f8-2d8bd85e17f7,2025-09-18,23:55:58.71,2025-09-18T19:55:58.7184128-04:00,2025-09-18T23:55:58.7184128Z,,v3,5508,6089,,"Black, Mark",691773,Right,HAG_FLY,5267d00c-3c31-430d-930a-8fcef1d1c13d,54.01409,-129.23752,13.33119,5.23022,-3.68118,-12.51379,-1.94623,2.53301,-6.26934,,,,,,,,,,,,,,,,,,,,,,,,,,,,,,,,,,,,,,,,,,,,,,,,,,,High,High,High,,,,,
141,2025-09-18,19:56:14.05,2,2,"Henriquez, Jonh",806430,Right,HAG_FLY,"Crook, Narciso",643271,Right,GAS,Undefined,5,Bottom,1,1,0,Curveball,Slider,StrikeCalled,Undefined,Undefined,Undefined,0,0,,79.06517,0.739382,-1.886368,2454.117691,71.663636,8:30,5.21015,1.99938,5.57789,-47.50912,-2.06854,-10.63465,1.94203,-0.64928,72.43654,-7.942734,-3.783838,0.485169,,,,,,,,,,,,4.84618,-0.85921,-1.82984,50,5.24258,4.18947,-114.753,-0.10347,6.42327,22.42444,-33.31289,GAS,HAG_FLY,CaroMontHealthPark,Independent,ATL,20250918-CaroMontHealthPark-1,0fa14ce0-94eb-11f0-8c3a-419b60f641aa,77.68926,,,6.62863,,,,,,,6f4b811a-a4a7-4f16-b3f8-2d8bd85e17f7,2025-09-18,23:56:14.05,2025-09-18T19:56:14.0507648-04:00,2025-09-18T23:56:14.0507648Z,,v3,5508,6089,,"Black, Mark",691773,Right,HAG_FLY,7c532853-b086-46b5-bd0d-1aa25fa61a3b,54.92275,-115.71097,11.21222,5.2166,1.31967,-16.65644,-2.00295,3.91506,3.21164,,,,,,,,,,,,,,,,,,,,,,,,,,,,,,,,,,,,,,,,,,,,,,,,,,,High,High,High,,,,,
142,2025-09-18,19:56:28.81,2,3,"Henriquez, Jonh",806430,Right,HAG_FLY,"Crook, Narciso",643271,Right,GAS,Undefined,5,Bottom,1,1,1,TwoSeamFastBall,Four-Seam,StrikeSwinging,Undefined,Undefined,Undefined,0,0,,92.88022,-1.549237,-2.788454,2305.998372,194.103298,12:30,5.38268,1.56113,6.16531,-16.38028,15.7454,3.6978,2.58455,-0.70851,84.80729,-4.670191,-2.122573,0.407941,,,,,,,,,,,,-2.68961,8.88445,-1.35146,50,5.2566,6.40676,-134.78426,-4.12773,-4.9433,29.54226,-15.8452,GAS,HAG_FLY,CaroMontHealthPark,Independent,ATL,20250918-CaroMontHealthPark-1,1848b950-94eb-11f0-8c3a-419b60f641aa,92.39675,,,8.07293,,,,,,,6f4b811a-a4a7-4f16-b3f8-2d8bd85e17f7,2025-09-18,23:56:28.81,2025-09-18T19:56:28.8154624-04:00,2025-09-18T23:56:28.8154624Z,,v3,5508,6089,,"Black, Mark",691773,Right,HAG_FLY,cff7d8e2-994d-4b0f-8342-c209478d1956,54.33278,-135.7306,14.77113,5.38069,-3.62015,-7.9226,-1.55922,6.56512,-2.47165,,,,,,,,,,,,,,,,,,,,,,,,,,,,,,,,,,,,,,,,,,,,,,,,,,,High,High,High,,,,,
143,2025-09-18,19:56:52.77,2,4,"Henriquez, Jonh",806430,Right,HAG_FLY,"Crook, Narciso",643271,Right,GAS,Undefined,5,Bottom,1,1,2,TwoSeamFastBall,Four-Seam,BallCalled,Undefined,Undefined,Undefined,0,0,,95.42876,-2.90294,-3.229144,2262.082795,210.510156,1:00,5.34469,1.59599,6.19719,-14.75064,15.74371,8.68945,1.42902,-0.66407,87.07874,-5.720234,-1.663764,0.397449,,,,,,,,,,,,-5.45146,9.30158,-1.35723,50,5.11832,7.43532,-138.3363,-7.46016,-10.53783,31.57179,-14.1939,GAS,HAG_FLY,CaroMontHealthPark,Independent,ATL,20250918-CaroMontHealthPark-1,26a665b0-94eb-11f0-8c3a-419b60f641aa,94.83597,,,8.35002,,,,,,,6f4b811a-a4a7-4f16-b3f8-2d8bd85e17f7,2025-09-18,23:56:52.77,2025-09-18T19:56:52.7777280-04:00,2025-09-18T23:56:52.7777280Z,,v3,5508,6089,,"Black, Mark",691773,Right,HAG_FLY,742168b6-be03-4972-bb10-257a62607f5b,54.3028,-139.31484,15.7859,5.34273,-7.02023,-7.09695,-1.59274,7.76193,-5.26892,,,,,,,,,,,,,,,,,,,,,,,,,,,,,,,,,,,,,,,,,,,,,,,,,,,High,High,High,,,,,
144,2025-09-18,19:57:11.07,2,5,"Henriquez, Jonh",806430,Right,HAG_FLY,"Crook, Narciso",643271,Right,GAS,Undefined,5,Bottom,1,2,2,TwoSeamFastBall,Four-Seam,FoulBallNotFieldable,Undefined,Undefined,Undefined,0,0,,93.43121,-1.017117,-1.915716,2234.73449,192.415988,12:30,5.43835,1.4624,6.22912,-14.65233,16.9578,3.51284,3.2783,-0.01298,85.27405,-3.832576,-1.281757,0.404655,,,,,,,,,,,,-2.36512,9.39197,-1.32101,50,5.35496,4.39252,-135.7298,-2.81896,-4.40701,30.02862,-14.67369,GAS,HAG_FLY,CaroMontHealthPark,Independent,ATL,20250918-CaroMontHealthPark-1,318ee880-94eb-11f0-8c3a-419b60f641aa,93.14715,,,8.15716,,,,,,,6f4b811a-a4a7-4f16-b3f8-2d8bd85e17f7,2025-09-18,23:57:11.07,2025-09-18T19:57:11.0711808-04:00,2025-09-18T23:57:11.0711808Z,,v3,5508,6089,,"Black, Mark",691773,Right,HAG_FLY,1b68ea53-b598-4b20-9ae3-0e47ae065a77,54.26998,-136.67122,15.01431,5.43613,-2.35893,-7.33684,-1.46089,4.53068,-2.2035,,,,,,,,,,,,,,,,,,,,,,,,,,,,,,,,,,,,,,,,,,,,,,,,,,,High,High,High,,,,,
145,2025-09-18,19:57:32.34,2,6,"Henriquez, Jonh",806430,Right,HAG_FLY,"Crook, Narciso",643271,Right,GAS,Undefined,5,Bottom,1,2,2,Cutter,Slider,BallCalled,Undefined,Undefined,Undefined,0,0,,80.70234,3.303368,0.594658,2426.648862,98.176437,9:15,5.18644,1.83587,5.91545,-39.88447,3.13839,-12.41245,4.93209,1.35341,73.47169,-4.092844,-1.63172,0.472086,,,,,,,,,,,,6.47607,1.11307,-1.87668,50,5.42903,-0.72984,-117.05581,5.48239,8.96622,22.53522,-30.63296,GAS,HAG_FLY,CaroMontHealthPark,Independent,ATL,20250918-CaroMontHealthPark-1,3e296110-94eb-11f0-8c3a-419b60f641aa,79.84233,,,7.23065,,,,,,,6f4b811a-a4a7-4f16-b3f8-2d8bd85e17f7,2025-09-18,23:57:32.34,2025-09-18T19:57:32.3430912-04:00,2025-09-18T23:57:32.3430912Z,,v3,5508,6089,,"Black, Mark",691773,Right,HAG_FLY,8920b33f-251b-49fd-bc9a-a0e0bc14b78c,54.58318,-117.93485,11.26761,5.19187,6.6773,-15.31648,-1.84139,-1.07958,4.48311,,,,,,,,,,,,,,,,,,,,,,,,,,,,,,,,,,,,,,,,,,,,,,,,,,,High,High,High,,,,,
146,2025-09-18,19:57:51.51,2,7,"Henriquez, Jonh",806430,Right,HAG_FLY,"Crook, Narciso",643271,Right,GAS,Undefined,5,Bottom,1,3,2,FourSeamFastBall,Four-Seam,BallCalled,Walk,Undefined,Undefined,0,0,,92.53005,1.386359,-0.494226,2215.580341,213.3487,1:00,5.31306,1.56456,6.13718,-19.85092,12.34654,7.49178,4.94041,1.73209,84.65561,-2.364625,0.856219,0.408397,,,,,,,,,,,,-3.93114,6.29311,-1.53015,50,5.40839,0.82456,-134.44791,2.63013,-7.22674,27.96704,-20.6052,GAS,HAG_FLY,CaroMontHealthPark,Independent,ATL,20250918-CaroMontHealthPark-1,4996f260-94eb-11f0-8c3a-419b60f641aa,92.29373,,,7.87444,,,,,,,6f4b811a-a4a7-4f16-b3f8-2d8bd85e17f7,2025-09-18,23:57:51.51,2025-09-18T19:57:51.5161088-04:00,2025-09-18T23:57:51.5161088Z,,v3,5508,6089,,"Black, Mark",691773,Right,HAG_FLY,2037467c-4f57-4c37-b935-8c0b6bedaaf9,54.35873,-135.35155,13.98352,5.31265,3.2959,-10.3026,-1.56057,1.05806,-3.61337,,,,,,,,,,,,,,,,,,,,,,,,,,,,,,,,,,,,,,,,,,,,,,,,,,,High,High,High,,,,,
147,2025-09-18,19:58:34.68,3,1,"Henriquez, Jonh",806430,Right,HAG_FLY,"McKeithan, Aaron",702463,Right,GAS,Undefined,5,Bottom,1,0,0,TwoSeamFastBall,Four-Seam,BallCalled,Undefined,Undefined,Undefined,0,0,,92.33107,-1.487322,-2.047919,2246.511459,210.146715,1:00,5.18444,1.65522,6.22552,-19.83844,12.30942,6.59882,2.15775,0.31477,85.01454,-5.219592,-0.856577,0.408082,,,,,,,,,,,,-3.95555,7.06748,-1.50531,50,5.06319,4.52611,-134.19563,-4.10743,-7.26301,27.15849,-19.19701,GAS,HAG_FLY,CaroMontHealthPark,Independent,ATL,20250918-CaroMontHealthPark-1,636404d0-94eb-11f0-8c3a-419b60f641aa,92.36485,,,7.31652,,,,,,,6f4b811a-a4a7-4f16-b3f8-2d8bd85e17f7,2025-09-18,23:58:34.68,2025-09-18T19:58:34.6890000-04:00,2025-09-18T23:58:34.6890000Z,,v3,5508,6089,,"Black, Mark",691773,Right,HAG_FLY,9d28b5e0-f697-42fe-8431-1a6a29b71d26,54.27439,-135.05791,13.57925,5.18392,-3.49793,-9.5985,-1.65267,4.75671,-3.63151,,,,,,,,,,,,,,,,,,,,,,,,,,,,,80.82398,2.030204,0.787968,1.242236,0.23132,2.04846,-0.29732,-1.87272,6.03563,0.60504,127.27573,-1.50762,-1.21635,-1.74865,116.69093,-10.46344,6.05554,8.54523,-11.80675,0.5778,-3.59036,1.7574,High,High,High,,,High,High,Medium
148,2025-09-18,19:59:04.70,3,2,"Henriquez, Jonh",806430,Right,HAG_FLY,"McKeithan, Aaron",702463,Right,GAS,Undefined,5,Bottom,1,1,0,TwoSeamFastBall,Four-Seam,FoulBallNotFieldable,Undefined,Undefined,Undefined,0,0,,93.46291,-0.906957,-3.12896,2177.995962,209.913218,1:00,5.27396,1.60217,6.22646,-17.64592,13.82209,7.4076,2.96534,-0.67034,85.76666,-4.249407,-1.793932,0.403744,,,,,,,,,,,,-4.67126,7.70201,-1.37176,50,5.19717,7.10933,-135.73135,-2.69007,-8.75802,28.31445,-17.73381,GAS,HAG_FLY,CaroMontHealthPark,Independent,ATL,20250918-CaroMontHealthPark-1,754bc250-94eb-11f0-8c3a-419b60f641aa,93.35732,,,7.69625,,,,,,,6f4b811a-a4a7-4f16-b3f8-2d8bd85e17f7,2025-09-18,23:59:04.70,2025-09-18T19:59:04.7048192-04:00,2025-09-18T23:59:04.7048192Z,,v3,5508,6089,,"Black, Mark",691773,Right,HAG_FLY,fe173a95-7a8e-4f78-8b15-e358c7238b86,54.27331,-136.61988,14.15722,5.27285,-2.13357,-8.86691,-1.59916,7.38416,-4.37901,,,,,,,,,,,,,,,,,,,,,,,,,,,,,,,,,,,,,,,,,,,,,,,,,,,High,High,High,,,,,
149,2025-09-18,19:59:35.69,3,3,"Henriquez, Jonh",806430,Right,HAG_FLY,"McKeithan, Aaron",702463,Right,GAS,Undefined,5,Bottom,1,1,1,Fastball,Four-Seam,InPlay,Undefined,Popup,Single,0,1,,93.46759,-1.324489,-1.430629,2175.413156,203.368883,12:45,5.32457,1.40229,5.96689,-18.10036,14.05009,5.5952,2.58757,0.54182,84.72071,-4.759115,-0.425064,0.408099,72.48922,42.247486,4.696239,,108.80547,73.82565,16.16603,227.23747,227.23747,13.583755,4.586768,-3.31685,7.94559,-1.29204,50,5.20958,3.14258,-135.63895,-3.71057,-6.12136,32.2635,-17.51025,GAS,HAG_FLY,CaroMontHealthPark,Independent,ATL,20250918-CaroMontHealthPark-1,87c6bf20-94eb-11f0-8c3a-419b60f641aa,92.36112,76.46481,,8.74688,,,,1.22326,2.62215,-0.54751,6f4b811a-a4a7-4f16-b3f8-2d8bd85e17f7,2025-09-18,23:59:35.69,2025-09-18T19:59:35.6968448-04:00,2025-09-18T23:59:35.6968448Z,FlyBall,v3,5508,6089,,"Black, Mark",691773,Right,HAG_FLY,12f19970-48b3-429d-98c6-33270abc4405,54.53131,-136.71253,16.13175,5.32336,-3.12791,-8.75512,-1.4,3.34627,-3.06068,202.702684,1.22498,78.39597,-13.49805,2.58068,-0.27673,-0.00681,0.00309,0.00039,-7E-05,2.6215,71.49921,-20.1841,2.12761,-0.51597,0.07726,5E-05,-0.00156,0.00013,-0.54784,6.45197,2.38009,-0.44364,0.03406,0.00792,-0.00225,0.00016,0,,,,,,,,,,,,,,,,,,,,,,,High,High,High,High,Medium,,,
150,2025-09-18,20:00:24.85,4,1,"Henriquez, Jonh",806430,Right,HAG_FLY,"Reinheimer, Jack",595373,Right,GAS,Undefined,5,Bottom,1,0,0,FourSeamFastBall,Four-Seam,StrikeCalled,Undefined,Undefined,Undefined,0,0,,94.03042,-1.448777,-2.985356,2242.859241,198.406756,12:30,5.3004,1.66176,6.15556,-18.00218,13.36851,4.115,2.45961,-0.75595,85.85529,-4.856416,-2.244608,0.403119,,,,,,,,,,,,-2.95851,7.61961,-1.43683,50,5.18086,6.93619,-136.43078,-4.01508,-5.57017,30.31713,-17.82812,GAS,HAG_FLY,CaroMontHealthPark,Independent,ATL,20250918-CaroMontHealthPark-1,a4f2b400-94eb-11f0-8c3a-419b60f641aa,93.50199,,,8.17513,,,,,,,6f4b811a-a4a7-4f16-b3f8-2d8bd85e17f7,2025-09-19,00:00:24.85,2025-09-18T20:00:24.8514560-04:00,2025-09-19T00:00:24.8514560Z,,v3,5508,6089,,"Black, Mark",691773,Right,HAG_FLY,60177de7-247e-45e4-99bd-f758ee44903a,54.34241,-137.39234,15.15856,5.29924,-3.44963,-8.91406,-1.65962,7.11286,-2.78509,,,,,,,,,,,,,,,,,,,,,,,,,,,,,,,,,,,,,,,,,,,,,,,,,,,High,High,High,,,,,
151,2025-09-18,20:00:41.63,4,2,"Henriquez, Jonh",806430,Right,HAG_FLY,"Reinheimer, Jack",595373,Right,GAS,Undefined,5,Bottom,1,0,1,FourSeamFastBall,Four-Seam,InPlay,Undefined,LineDrive,Double,0,0,,93.94631,-0.616156,-2.082833,2199.48057,204.883161,12:45,5.27939,1.56723,6.26703,-24.72509,6.38894,2.52583,2.65051,-0.14338,86.19476,-5.236191,-1.626491,0.401467,96.03063,13.315399,32.708004,3963.882304,87.54584,19.11565,66.60069,240.133,211.89767,42.662601,2.333521,-1.87858,3.77607,-1.41422,50,5.22168,4.85977,-136.53883,-2.30372,-3.55466,29.40306,-25.02898,GAS,HAG_FLY,CaroMontHealthPark,Independent,ATL,20250918-CaroMontHealthPark-1,af106cc0-94eb-11f0-8c3a-419b60f641aa,93.88684,19.56266,,7.75155,,,,0.31042,2.44892,0.20588,6f4b811a-a4a7-4f16-b3f8-2d8bd85e17f7,2025-09-19,00:00:41.63,2025-09-18T20:00:41.6394240-04:00,2025-09-19T00:00:41.6394240Z,LineDrive,v3,5508,6089,,"Black, Mark",691773,Right,HAG_FLY,65f24c4f-cf61-405e-af05-f75aba22a746,54.23265,-137.44729,14.70153,5.28091,-1.53041,-12.51449,-1.56607,4.9696,-1.77733,,0.31042,115.32568,-25.36237,5.51248,-1.20918,0.22703,-0.0385,0.00496,-0.00033,2.44892,32.43813,-16.40379,1.07486,-0.10813,0.00791,0.00207,-0.00046,2E-05,0.20587,74.06073,0.22769,-1.95156,0.78305,-0.22565,0.04891,-0.00709,0.00049,,,,,,,,,,,,,,,,,,,,,,,High,High,High,High,Medium,,,
152,2025-09-18,20:01:37.98,5,1,"Henriquez, Jonh",806430,Right,HAG_FLY,"Long, Shed",643418,Left,GAS,Undefined,5,Bottom,1,0,0,FourSeamFastBall,Four-Seam,InPlay,Undefined,FlyBall,Out,1,0,,93.54695,-1.815019,-3.702016,2288.240838,205.861301,12:45,5.22884,2.11531,6.12439,-18.03517,13.45135,6.07461,2.04398,-0.80551,86.21668,-5.206801,-2.610391,0.403863,78.31794,35.330966,7.22214,3452.290871,109.41433,62.97478,11.33249,279.28166,275.71139,1.968073,4.597823,-4.09244,7.70662,-1.83491,50,5.08016,8.52921,-135.75494,-4.88175,-7.70331,27.30919,-17.66761,GAS,HAG_FLY,CaroMontHealthPark,Independent,ATL,20250918-CaroMontHealthPark-1,d0a82030-94eb-11f0-8c3a-419b60f641aa,93.32981,71.18198,,7.33027,,,,0.8521,2.03622,0.81542,6f4b811a-a4a7-4f16-b3f8-2d8bd85e17f7,2025-09-19,00:01:37.98,2025-09-18T20:01:37.9855360-04:00,2025-09-19T00:01:37.9855360Z,FlyBall,v3,5508,6089,,"Black, Mark",691773,Right,HAG_FLY,1d7e0bb8-f74b-4732-9702-1c6a1123572d,54.3762,-136.63244,13.65459,5.2279,-4.31405,-8.83381,-2.11295,8.77673,-3.85166,169.165082,0.85463,92.90837,-14.88293,3.0296,-0.29951,-0.06932,0.02971,-0.00385,0.00017,2.03505,66.44965,-17.81622,1.17348,-0.18016,0.00036,0.01419,-0.0034,0.00024,0.81638,11.75933,-3.58197,0.31766,0.10947,-0.06798,0.01652,-0.0019,9E-05,,,,,,,,,,,,,,,,,,,,,,,High,High,High,High,High,,,
153,2025-09-18,20:02:31.10,6,1,"Henriquez, Jonh",806430,Right,HAG_FLY,"Wylie, Justin",687045,Right,GAS,Undefined,5,Bottom,2,0,0,FourSeamFastBall,Four-Seam,BallinDirt,Undefined,Undefined,Undefined,0,0,,93.29123,-2.864549,-3.594963,2312.231388,189.447698,12:15,5.30792,1.43762,6.0794,-17.54643,14.19969,2.2087,1.18795,-1.70882,86.13595,-6.154646,-3.198368,0.405524,,,,,,,,,,,,-2.0389,8.33622,-1.16057,50,5.07645,8.40386,-135.26989,-7.33321,-3.81387,26.86619,-16.58062,GAS,HAG_FLY,CaroMontHealthPark,Independent,ATL,20250918-CaroMontHealthPark-1,f052f7c0-94eb-11f0-8c3a-419b60f641aa,92.9475,,,7.15528,,,,,,,6f4b811a-a4a7-4f16-b3f8-2d8bd85e17f7,2025-09-19,00:02:31.10,2025-09-18T20:02:31.1072768-04:00,2025-09-19T00:02:31.1072768Z,,v3,5508,6089,,"Black, Mark",691773,Right,HAG_FLY,ebf973aa-b829-49cb-855d-150fbf56e42f,54.41986,-136.14489,13.43309,5.30649,-6.7932,-8.29031,-1.4363,8.52807,-1.90694,,,,,,,,,,,,,,,,,,,,,,,,,,,,,,,,,,,,,,,,,,,,,,,,,,,High,High,High,,,,,
154,2025-09-18,20:02:54.10,6,2,"Henriquez, Jonh",806430,Right,HAG_FLY,"Wylie, Justin",687045,Right,GAS,Undefined,5,Bottom,2,1,0,ChangeUp,Slider,InPlay,Undefined,LineDrive,Triple,0,2,,80.29196,0.817308,-2.108751,2428.871385,68.226935,8:15,5.18516,2.15111,5.68916,-45.97038,-2.70673,-9.75512,2.11662,-0.62813,74.54547,-7.565077,-3.852073,0.473405,90.09906,20.101183,6.880186,2377.663061,108.30565,31.98907,19.23021,301.81253,301.81253,14.660106,3.303213,4.46158,-1.2589,-1.96737,50,5.22473,4.66717,-116.71815,0.13245,6.21031,20.10888,-33.9264,GAS,HAG_FLY,CaroMontHealthPark,Independent,ATL,20250918-CaroMontHealthPark-1,fe11a500-94eb-11f0-8c3a-419b60f641aa,79.61986,36.49921,,5.74649,,,,0.92789,2.11951,0.6557,6f4b811a-a4a7-4f16-b3f8-2d8bd85e17f7,2025-09-19,00:02:54.10,2025-09-18T20:02:54.1062144-04:00,2025-09-19T00:02:54.1062144Z,LineDrive,v3,5508,6089,,"Black, Mark",691773,Right,HAG_FLY,ebc33f96-62b1-44f3-8363-2da95cb68bcb,54.81352,-117.54452,10.05444,5.19064,1.52666,-16.9632,-2.15392,4.41195,3.10515,229.24916,0.92756,123.21248,-17.5265,3.59257,-0.81563,0.21497,-0.05595,0.00925,-0.00061,2.11978,45.40821,-16.05234,0.7673,-0.04284,-0.01794,0.00966,-0.00101,-5E-05,0.65571,14.86768,5.34072,-1.64587,0.31084,-0.0087,-0.01085,0.00259,-0.00021,,,,,,,,,,,,,,,,,,,,,,,High,High,High,High,High,,,
155,2025-09-18,20:03:46.67,7,1,"Henriquez, Jonh",806430,Right,HAG_FLY,"Roederer, Cole",680711,Left,GAS,Undefined,5,Bottom,2,0,0,TwoSeamFastBall,Sinker,FoulBallNotFieldable,Undefined,Undefined,Undefined,0,0,,90.12809,-0.746011,-2.367386,2225.213353,229.108996,1:45,5.2059,2.08032,6.14654,-26.81435,7.2278,7.12256,2.28139,0.48505,82.56341,-5.748088,-1.083434,0.419933,88.29909,47.299176,-47.013636,4926.452744,,,,,75.21376,,,-4.34937,4.26225,-1.90368,50,5.13522,5.12191,-130.91843,-2.59024,-7.55085,27.5639,-24.77441,GAS,HAG_FLY,CaroMontHealthPark,Independent,ATL,20250918-CaroMontHealthPark-1,1d6275b0-94ec-11f0-8c3a-419b60f641aa,89.75826,75.38271,,7.56468,,,,0.39615,2.43958,-0.60837,6f4b811a-a4a7-4f16-b3f8-2d8bd85e17f7,2025-09-19,00:03:46.67,2025-09-18T20:03:46.6700288-04:00,2025-09-19T00:03:46.6700288Z,,v3,5508,6089,,"Black, Mark",691773,Right,HAG_FLY,34971674-7831-482c-9317-781efe1ae021,54.35324,-131.83179,13.78195,5.20744,-1.76932,-12.3872,-2.07754,5.37212,-3.77542,,0.39614,59.88239,-20.17328,5.52358,-0.76777,-0.19194,-0.20143,0.40529,-0.14824,2.43958,95.17391,-24.78696,2.60627,-0.72202,0.41931,-0.14399,-0.04306,0.03184,-0.60837,-64.24648,5.56232,-0.62663,0.20302,-0.22788,0.08018,0.04098,-0.02528,,,,,,,,,,,,,,,,,,,,,,,High,High,High,High,Undefined,,,
156,2025-09-18,20:04:14.05,7,2,"Henriquez, Jonh",806430,Right,HAG_FLY,"Roederer, Cole",680711,Left,GAS,Undefined,5,Bottom,2,0,1,TwoSeamFastBall,Changeup,StrikeSwinging,Undefined,Undefined,Undefined,0,1,,84.53777,-1.597517,-2.627264,1461.852524,273.961606,3:15,5.18147,2.2282,5.90876,-38.53313,0.35433,11.43934,0.48563,0.74115,78.23156,-8.65578,-0.570817,0.448824,,,,,,,,,,,,-6.64575,0.86701,-2.02409,50,5.03058,5.20088,-122.80723,-4.71324,-10.19838,23.21682,-30.84358,GAS,HAG_FLY,CaroMontHealthPark,Independent,ATL,20250918-CaroMontHealthPark-1,2daab400-94ec-11f0-8c3a-419b60f641aa,83.98044,,,6.30622,,,,,,,6f4b811a-a4a7-4f16-b3f8-2d8bd85e17f7,2025-09-19,00:04:14.05,2025-09-18T20:04:14.0581888-04:00,2025-09-19T00:04:14.0581888Z,,v3,5508,6089,,"Black, Mark",691773,Right,HAG_FLY,4ee30de9-eebe-4629-9704-0625bcb75a06,54.59405,-123.67269,11.60841,5.18485,-3.56348,-15.42179,-2.22505,5.58105,-5.09919,,,,,,,,,,,,,,,,,,,,,,,,,,,,,,,,,,,,,,,,,,,,,,,,,,,High,High,High,,,,,
157,2025-09-18,20:04:48.85,7,3,"Henriquez, Jonh",806430,Right,HAG_FLY,"Roederer, Cole",680711,Left,GAS,Undefined,5,Bottom,2,0,2,FourSeamFastBall,Four-Seam,BallCalled,Undefined,Undefined,Undefined,0,0,,95.17036,-0.785738,0.565569,2336.188902,200.935392,12:45,5.40263,1.53528,6.09949,-14.75603,16.06591,5.74681,3.44618,2.53728,86.22576,-3.623097,1.600902,0.399578,,,,,,,,,,,,-2.76551,8.80788,-1.58159,50,5.33427,-1.62443,-138.16647,-2.31798,-5.30064,33.21597,-15.29194,GAS,HAG_FLY,CaroMontHealthPark,Independent,ATL,20250918-CaroMontHealthPark-1,42505900-94ec-11f0-8c3a-419b60f641aa,94.33062,,,8.94459,,,,,,,6f4b811a-a4a7-4f16-b3f8-2d8bd85e17f7,2025-09-19,00:04:48.85,2025-09-18T20:04:48.8528896-04:00,2025-09-19T00:04:48.8528896Z,,v3,5508,6089,,"Black, Mark",691773,Right,HAG_FLY,33dc4eac-4edf-4bb1-9500-184eb6bf3d28,54.39659,-139.21942,16.60799,5.40007,-1.83322,-7.64597,-1.53276,-1.4564,-2.65032,,,,,,,,,,,,,,,,,,,,,,,,,,,,,,,,,,,,,,,,,,,,,,,,,,,High,High,High,,,,,
158,2025-09-18,20:05:07.58,7,4,"Henriquez, Jonh",806430,Right,HAG_FLY,"Roederer, Cole",680711,Left,GAS,Undefined,5,Bottom,2,1,2,TwoSeamFastBall,Changeup,StrikeSwinging,Strikeout,Undefined,Undefined,0,0,,85.96187,-1.767083,-2.650907,1457.815128,272.047622,3:00,5.00793,2.20083,5.94849,-37.11112,0.83843,11.28386,0.27409,0.68067,78.72924,-8.594518,-0.621041,0.443379,,,,,,,,,,,,-6.65898,1.24051,-1.99642,50,4.84599,5.33698,-124.73821,-5.09807,-10.42656,26.54607,-30.23167,GAS,HAG_FLY,CaroMontHealthPark,Independent,ATL,20250918-CaroMontHealthPark-1,4d95eff0-94ec-11f0-8c3a-419b60f641aa,85.01185,,,7.23263,,,,,,,6f4b811a-a4a7-4f16-b3f8-2d8bd85e17f7,2025-09-19,00:05:07.58,2025-09-18T20:05:07.5848704-04:00,2025-09-19T00:05:07.5848704Z,,v3,5508,6089,,"Black, Mark",691773,Right,HAG_FLY,fcfd4041-89a9-4fff-a6df-ff8e42fe1e09,54.55312,-125.70345,13.27304,5.01137,-3.99882,-15.11583,-2.19737,5.71609,-5.21328,,,,,,,,,,,,,,,,,,,,,,,,,,,,,,,,,,,,,,,,,,,,,,,,,,,High,High,High,,,,,
159,2025-09-18,20:07:30.20,1,1,"Westcott, Zac",686170,Right,GAS,"Williams, Tyler",1000053915,Right,HAG_FLY,Undefined,6,Top,0,0,0,Curveball,Changeup,BallCalled,Undefined,Undefined,Undefined,0,0,,72.24437,2.440809,-2.566585,1686.508704,258.996648,2:45,5.84581,2.12295,5.84026,-49.12873,4.73075,15.45643,4.02387,1.02402,66.0032,-6.640826,0.201145,0.528205,,,,,,,,,,,,-8.5263,2.31626,-1.92243,50,6.01655,4.14335,-104.75056,3.04414,-9.45631,17.99489,-29.60513,GAS,HAG_FLY,CaroMontHealthPark,Independent,ATL,20250918-CaroMontHealthPark-1,a28dcc80-94ec-11f0-8c3a-419b60f641aa,71.35951,,,6.24117,,,,,,,6f4b811a-a4a7-4f16-b3f8-2d8bd85e17f7,2025-09-19,00:07:30.20,2025-09-18T20:07:30.2038016-04:00,2025-09-19T00:07:30.2038016Z,,v3,5508,6089,,"McKeithan, Aaron",702463,Right,GAS,dad2d04c-5d4e-4f1b-a555-455571156745,54.65787,-105.54769,8.99744,5.85265,4.35558,-14.80256,-2.11525,4.56224,-4.72816,,,,,,,,,,,,,,,,,,,,,,,,,,,,,,,,,,,,,,,,,,,,,,,,,,,High,High,High,,,,,
160,2025-09-18,20:07:44.82,1,2,"Westcott, Zac",686170,Right,GAS,"Williams, Tyler",1000053915,Right,HAG_FLY,Undefined,6,Top,0,1,0,Slider,Changeup,BallCalled,Undefined,Undefined,Undefined,0,0,,82.46244,-0.857325,-4.64847,2045.878207,218.131151,1:15,5.99844,1.90861,6.16468,-23.62887,17.37021,12.56276,3.23476,-1.34787,75.08184,-5.334477,-2.393006,0.460849,,,,,,,,,,,,-7.75575,9.61575,-1.56137,50,5.92103,9.21899,-119.39894,-2.43207,-11.16522,23.57953,-18.33114,GAS,HAG_FLY,CaroMontHealthPark,Independent,ATL,20250918-CaroMontHealthPark-1,ab3deb80-94ec-11f0-8c3a-419b60f641aa,81.78916,,,7.3806,,,,,,,6f4b811a-a4a7-4f16-b3f8-2d8bd85e17f7,2025-09-19,00:07:44.82,2025-09-18T20:07:44.8210944-04:00,2025-09-19T00:07:44.8210944Z,,v3,5508,6089,,"McKeithan, Aaron",702463,Right,GAS,5bc1c6ff-c25e-4a69-a497-6f3aaa19d968,54.33184,-120.25138,11.78977,5.99698,-1.76938,-9.16557,-1.90195,9.62263,-5.58261,,,,,,,,,,,,,,,,,,,,,,,,,,,,,,,,,,,,,,,,,,,,,,,,,,,High,High,High,,,,,
161,2025-09-18,20:07:58.95,1,3,"Westcott, Zac",686170,Right,GAS,"Williams, Tyler",1000053915,Right,HAG_FLY,Undefined,6,Top,0,2,0,TwoSeamFastBall,Changeup,StrikeCalled,Undefined,Undefined,Undefined,0,0,,82.28218,-0.222523,-3.351635,2112.243851,225.372253,1:30,6.01286,2.0628,6.15812,-25.34202,15.82934,14.62509,3.6951,0.18163,74.72199,-5.021997,-0.718954,0.461816,,,,,,,,,,,,-8.4454,8.64745,-1.8148,50,5.98291,6.41143,-119.30284,-1.16573,-12.10131,24.19672,-19.78323,GAS,HAG_FLY,CaroMontHealthPark,Independent,ATL,20250918-CaroMontHealthPark-1,b3aedea0-94ec-11f0-8c3a-419b60f641aa,81.61787,,,7.5602,,,,,,,6f4b811a-a4a7-4f16-b3f8-2d8bd85e17f7,2025-09-19,00:07:58.95,2025-09-18T20:07:58.9506560-04:00,2025-09-19T00:07:58.9506560Z,,v3,5508,6089,,"McKeithan, Aaron",702463,Right,GAS,1b30213f-8593-4abd-ab3f-b86f0b319a01,54.33783,-120.1794,12.09836,6.01216,-0.44906,-9.89162,-2.05501,6.84982,-6.05065,,,,,,,,,,,,,,,,,,,,,,,,,,,,,,,,,,,,,,,,,,,,,,,,,,,High,High,High,,,,,
162,2025-09-18,20:08:13.00,1,4,"Westcott, Zac",686170,Right,GAS,"Williams, Tyler",1000053915,Right,HAG_FLY,Undefined,6,Top,0,2,1,Curveball,Curveball,StrikeCalled,Undefined,Undefined,Undefined,0,0,,67.01637,4.521863,-1.972636,1964.074532,42.962333,7:30,5.50169,2.28899,5.90136,-76.96327,-13.51052,-14.63583,3.29708,-0.76263,60.87548,-9.603713,-4.594412,0.573319,,,,,,,,,,,,6.74221,-7.55619,-2.12239,50,5.82345,3.82756,-96.99871,5.51287,6.30954,17.68335,-39.24534,GAS,HAG_FLY,CaroMontHealthPark,Independent,ATL,20250918-CaroMontHealthPark-1,bc2046f0-94ec-11f0-8c3a-419b60f641aa,65.74422,,,6.14089,,,,,,,6f4b811a-a4a7-4f16-b3f8-2d8bd85e17f7,2025-09-19,00:08:13.00,2025-09-18T20:08:13.0028032-04:00,2025-09-19T00:08:13.0028032Z,,v3,5508,6089,,"McKeithan, Aaron",702463,Right,GAS,352a1a2d-4061-4fcc-864c-ed55e92586c8,54.60159,-97.83401,8.84167,5.51927,7.36668,-19.62267,-2.29615,3.52952,3.15477,,,,,,,,,,,,,,,,,,,,,,,,,,,,,,,,,,,,,,,,,,,,,,,,,,,High,High,High,,,,,
163,2025-09-18,20:08:28.46,1,5,"Westcott, Zac",686170,Right,GAS,"Williams, Tyler",1000053915,Right,HAG_FLY,Undefined,6,Top,0,2,2,TwoSeamFastBall,Changeup,InPlay,Undefined,GroundBall,Out,1,0,,84.1695,-1.349909,-4.004566,2188.323895,224.339051,1:30,5.97817,1.99293,6.19441,-23.09226,16.1604,14.51312,2.80428,-0.50074,76.68691,-5.722745,-1.392686,0.450927,81.77946,7.603129,5.356467,1569.290574,,,,118.48136,116.34907,8.809625,1.103051,-8.68768,9.14997,-1.69821,50,5.8646,7.98766,-122.00375,-3.526,-13.04402,24.8684,-18.43597,GAS,HAG_FLY,CaroMontHealthPark,Independent,ATL,20250918-CaroMontHealthPark-1,c55e7520-94ec-11f0-8c3a-419b60f641aa,83.58886,6.3696,,7.4826,,,,1.22075,2.76841,0.49045,6f4b811a-a4a7-4f16-b3f8-2d8bd85e17f7,2025-09-19,00:08:28.46,2025-09-18T20:08:28.4698112-04:00,2025-09-19T00:08:28.4698112Z,GroundBall,v3,5508,6089,,"McKeithan, Aaron",702463,Right,GAS,ba4c6471-b8ba-4719-8ffd-6e96285cfa82,54.30476,-122.87807,12.4342,5.97717,-2.87783,-9.21799,-1.9871,8.44626,-6.52201,272.30377,1.22075,118.36935,-13.42088,1.48276,-0.28001,0.03417,-0.00424,0.00071,-7E-05,2.76841,15.86972,-18.16464,1.61169,-0.28724,0.06549,-0.01104,0.00166,-0.00018,0.49045,11.09846,5.61205,-1.33826,0.31916,-0.06759,0.01247,-0.00216,0.00023,,,,,,,,,,,,,,,,,,,,,,,High,High,High,High,High,,,
164,2025-09-18,20:09:03.54,2,1,"Westcott, Zac",686170,Right,GAS,"Takacs, Aaron",1000235182,Left,HAG_FLY,Undefined,6,Top,1,0,0,Curveball,Curveball,BallCalled,Undefined,Undefined,Undefined,0,0,,65.35134,3.710075,-3.118486,1922.416902,22.402778,6:45,5.4872,2.36928,5.84941,-82.45689,-16.18064,-7.54579,2.07326,-1.16019,60.17068,-11.321643,-4.469616,0.585936,,,,,,,,,,,,2.87811,-8.64847,-2.11118,50,5.74206,5.3993,-94.70106,3.88344,2.58904,15.73581,-39.9539,GAS,HAG_FLY,CaroMontHealthPark,Independent,ATL,20250918-CaroMontHealthPark-1,da405fd0-94ec-11f0-8c3a-419b60f641aa,64.32858,,,5.18065,,,,,,,6f4b811a-a4a7-4f16-b3f8-2d8bd85e17f7,2025-09-19,00:09:03.54,2025-09-18T20:09:03.5466752-04:00,2025-09-19T00:09:03.5466752Z,,v3,5508,6089,,"McKeithan, Aaron",702463,Right,GAS,11e299a2-c8b2-4992-9725-0088c66f1144,54.65622,-95.47161,7.8679,5.504,5.83991,-19.97695,-2.37248,5.27252,1.29452,,,,,,,,,,,,,,,,,,,,,,,,,,,,,,,,,,,,,,,,,,,,,,,,,,,High,High,High,,,,,
165,2025-09-18,20:09:18.63,2,2,"Westcott, Zac",686170,Right,GAS,"Takacs, Aaron",1000235182,Left,HAG_FLY,Undefined,6,Top,1,1,0,TwoSeamFastBall,Changeup,FoulBallNotFieldable,Undefined,Undefined,Undefined,0,0,,82.92412,-0.654667,-2.913216,2065.808717,233.420175,1:45,5.78169,2.20323,6.16145,-27.11025,13.21635,16.04552,2.91692,0.84685,75.72682,-5.752428,-0.021523,0.457054,79.02096,45.572808,-75.363911,4570.667744,,,,,44.63822,,,-9.11697,7.4154,-1.99005,50,5.71807,5.51509,-120.37198,-2.1626,-13.34613,23.86008,-21.31886,GAS,HAG_FLY,CaroMontHealthPark,Independent,ATL,20250918-CaroMontHealthPark-1,e33f6220-94ec-11f0-8c3a-419b60f641aa,82.46827,44.02621,,7.19729,,,,0.0755,2.95222,-0.94179,6f4b811a-a4a7-4f16-b3f8-2d8bd85e17f7,2025-09-19,00:09:18.63,2025-09-18T20:09:18.6329088-04:00,2025-09-19T00:09:18.6329088Z,,v3,5508,6089,,"McKeithan, Aaron",702463,Right,GAS,0d463bad-781f-4d0b-904b-7b33c72dbeff,54.33764,-121.22873,11.93004,5.78199,-1.3971,-10.65943,-2.19669,5.99431,-6.67306,,0.0755,20.49941,-9.35233,2.74567,-0.66962,0.16026,-0.0382,0.00818,-0.00113,2.95222,82.7669,-23.92525,2.42268,-0.41616,0.06055,-0.00924,0.00126,-0.00011,-0.94179,-78.49572,12.5613,-3.36257,0.76341,-0.17418,0.03927,-0.00727,0.00066,,,,,,,,,,,,,,,,,,,,,,,High,High,High,Medium,Undefined,,,
166,2025-09-18,20:09:42.03,2,3,"Westcott, Zac",686170,Right,GAS,"Takacs, Aaron",1000235182,Left,HAG_FLY,Undefined,6,Top,1,1,1,Curveball,Curveball,StrikeCalled,Undefined,Undefined,Undefined,0,0,,66.60836,3.713575,-0.727684,1901.074504,30.332156,7:00,5.50607,2.38851,6.18692,-79.62083,-16.1445,-10.76623,2.30498,0.81939,60.58888,-10.964093,-2.673559,0.573426,55.05744,48.105153,-136.831589,5152.99022,,,,,25.63649,,,5.3165,-8.95193,-2.32834,50,5.74698,1.55982,-96.6086,4.16351,4.91897,17.9993,-40.45661,GAS,HAG_FLY,CaroMontHealthPark,Independent,ATL,20250918-CaroMontHealthPark-1,f1441910-94ec-11f0-8c3a-419b60f641aa,65.73201,25.79764,,6.01948,,,,1.4164,2.30503,-0.89238,6f4b811a-a4a7-4f16-b3f8-2d8bd85e17f7,2025-09-19,00:09:42.03,2025-09-18T20:09:42.0306432-04:00,2025-09-19T00:09:42.0306432Z,,v3,5508,6089,,"McKeithan, Aaron",702463,Right,GAS,2d9b896a-8c27-4b98-a0b6-1a67164b1114,54.3173,-97.40964,8.99965,5.52162,5.96399,-20.22831,-2.39289,1.34091,2.45948,,1.4164,-39.32823,-2.74809,2.68628,-0.90882,0.24892,-0.03519,-0.02408,0.01874,2.30503,60.10859,-28.78855,4.12077,-0.83411,0.02574,0.29142,-0.38204,0.18324,-0.89238,-36.89088,9.18164,-1.64299,0.26369,0.07946,-0.25484,0.30814,-0.1447,,,,,,,,,,,,,,,,,,,,,,,High,High,High,High,Undefined,,,
167,2025-09-18,20:10:04.78,2,4,"Westcott, Zac",686170,Right,GAS,"Takacs, Aaron",1000235182,Left,HAG_FLY,Undefined,6,Top,1,1,2,FourSeamFastBall,Changeup,InPlay,Undefined,Popup,Out,1,0,,83.95812,-0.278051,-4.041665,2003.734051,232.316978,1:45,5.85861,2.02996,6.35237,-25.94639,13.09666,15.3469,3.43984,-0.41748,76.72941,-5.174734,-1.271831,0.449721,71.82869,53.514407,-29.594295,,85.23822,96.1883,-69.53003,195.80384,87.03923,-42.502873,4.970739,-9.1404,7.27343,-1.74337,50,5.82612,8.03866,-121.80796,-1.32268,-13.73196,23.93762,-21.24691,GAS,HAG_FLY,CaroMontHealthPark,Independent,ATL,20250918-CaroMontHealthPark-1,febbd240-94ec-11f0-8c3a-419b60f641aa,83.81291,96.25414,,7.22871,,,,0.6093,3.06869,0.47782,6f4b811a-a4a7-4f16-b3f8-2d8bd85e17f7,2025-09-19,00:10:04.78,2025-09-18T20:10:04.7828480-04:00,2025-09-19T00:10:04.7828480Z,Popup,v3,5508,6089,,"McKeithan, Aaron",702463,Right,GAS,4bfa1ea0-4eb9-483e-8629-55e7c737ccc9,54.14766,-122.62035,11.96881,5.85877,-0.60161,-10.62346,-2.02409,8.50469,-6.86598,154.177649,0.61472,54.33646,-13.73221,2.73032,0.43405,-0.50723,0.15288,-0.02074,0.00108,3.06221,84.82218,-22.91442,2.58701,-0.7135,0.15001,-0.01041,-0.00147,0.00019,0.48045,-30.99144,0.66901,-0.00449,0.22466,-0.15085,0.04249,-0.00564,0.00029,,,,,,,,,,,,,,,,,,,,,,,High,High,High,High,Low,,,
168,2025-09-18,20:13:16.97,3,1,"Blanton, Bryan",676802,Right,GAS,"Arbolida, Cary",812364,Right,HAG_FLY,Undefined,6,Top,2,0,0,TwoSeamFastBall,Slider,FoulBallNotFieldable,Undefined,Undefined,Undefined,0,0,,81.78976,0.895177,-2.429849,2889.992001,94.219058,9:15,5.18616,2.82513,4.7921,-41.64798,2.05217,-8.99693,2.56468,-0.22872,74.82768,-6.633054,-4.009354,0.475787,,,,,,,,,,,,3.75591,1.12276,-2.57425,50,5.23924,5.41896,-118.5173,0.27927,5.32587,23.2964,-30.58198,GAS,HAG_FLY,CaroMontHealthPark,Independent,ATL,20250918-CaroMontHealthPark-1,714eb930-94ed-11f0-8c3a-419b60f641aa,79.22121,,,6.96208,,,,,,,6f4b811a-a4a7-4f16-b3f8-2d8bd85e17f7,2025-09-19,00:13:16.97,2025-09-18T20:13:16.9760256-04:00,2025-09-19T00:13:16.9760256Z,,v3,5508,6089,,"McKeithan, Aaron",702463,Right,GAS,0b92961e-8b4d-4dfb-af55-37db69d3bda5,55.70794,-119.63402,11.6482,5.19072,1.74523,-15.29099,-2.82789,5.16366,2.66294,,,,,,,,,,,,,,,,,,,,,,,,,,,,,,,,,,,,,,,,,,,,,,,,,,,High,High,High,,,,,
169,2025-09-18,20:13:43.48,3,2,"Blanton, Bryan",676802,Right,GAS,"Arbolida, Cary",812364,Right,HAG_FLY,Undefined,6,Top,2,0,1,TwoSeamFastBall,Sinker,BallCalled,Undefined,Undefined,Undefined,0,0,,89.91258,-0.572075,-2.672584,2471.448832,234.539156,1:45,5.10688,2.60058,4.75519,-24.86537,11.57772,14.46918,2.49164,1.27002,81.3536,-5.145929,-0.132169,0.434489,,,,,,,,,,,,-7.84032,6.22162,-2.3454,50,5.02818,5.3526,-130.11719,-2.27718,-13.33178,29.37978,-21.59472,GAS,HAG_FLY,CaroMontHealthPark,Independent,ATL,20250918-CaroMontHealthPark-1,80fb7ad0-94ed-11f0-8c3a-419b60f641aa,86.75116,,,8.55898,,,,,,,6f4b811a-a4a7-4f16-b3f8-2d8bd85e17f7,2025-09-19,00:13:43.48,2025-09-18T20:13:43.4811904-04:00,2025-09-19T00:13:43.4811904Z,,v3,5508,6089,,"McKeithan, Aaron",702463,Right,GAS,bef926a0-98f1-4bc4-b579-4e4f64c6929b,55.74094,-131.40707,14.68989,5.10734,-1.32909,-10.79736,-2.59324,5.93791,-6.66589,,,,,,,,,,,,,,,,,,,,,,,,,,,,,,,,,,,,,,,,,,,,,,,,,,,High,High,High,,,,,
170,2025-09-18,20:13:58.86,3,3,"Blanton, Bryan",676802,Right,GAS,"Arbolida, Cary",812364,Right,HAG_FLY,Undefined,6,Top,2,1,1,TwoSeamFastBall,Four-Seam,InPlay,Undefined,Popup,Out,1,0,,90.82856,-0.194878,-3.305558,2476.325629,219.635311,1:15,5.15185,2.66762,4.91213,-21.29249,14.36209,10.83737,3.19289,0.44156,81.81396,-4.158953,-1.400059,0.429763,99.00384,59.550284,-6.159294,,,,,,67.03815,,,-6.39331,7.51119,-2.35412,50,5.11578,7.06236,-131.37221,-1.23983,-11.03633,31.01016,-19.20804,GAS,HAG_FLY,CaroMontHealthPark,Independent,ATL,20250918-CaroMontHealthPark-1,8a4038b0-94ed-11f0-8c3a-419b60f641aa,87.70517,125.46231,,9.0146,,,,1.38769,3.21248,-0.67832,6f4b811a-a4a7-4f16-b3f8-2d8bd85e17f7,2025-09-19,00:13:58.86,2025-09-18T20:13:58.8640768-04:00,2025-09-19T00:13:58.8640768Z,,v3,5508,6089,,"McKeithan, Aaron",702463,Right,GAS,828ec8a7-08a6-42c8-9e3d-00d018188a64,55.58507,-132.684,15.50508,5.15105,-0.42729,-9.60402,-2.66275,7.52922,-5.51816,,1.38768,73.16147,-25.77545,7.32705,0.33959,-3.65441,3.77714,-1.82332,0.34592,3.21248,125.17817,-27.77232,3.22423,-1.6179,2.20849,-2.04461,0.97071,-0.18382,-0.67832,-7.89528,2.92244,-0.83861,-0.04405,0.43059,-0.44444,0.21451,-0.0407,,,,,,,,,,,,,,,,,,,,,,,High,High,High,Medium,Undefined,,,
171,2025-09-18,20:16:41.14,1,1,"Conklin, MacCallan",1000187772,Right,HAG_FLY,"Aldrete, Carter",666177,Right,GAS,Undefined,6,Bottom,0,0,0,FourSeamFastBall,Four-Seam,BallCalled,Undefined,Undefined,Undefined,0,0,,93.90081,-3.405196,-4.653577,2406.701812,207.806845,1:00,5.62798,1.1468,6.58159,-15.04517,16.18587,7.98252,1.2395,-2.46218,85.53852,-6.297809,-3.2095,0.402221,,,,,,,,,,,,-5.43654,9.73997,-0.82961,50,5.38662,10.70707,-135.79227,-8.4834,-10.12091,30.56063,-14.04172,GAS,HAG_FLY,CaroMontHealthPark,Independent,ATL,20250918-CaroMontHealthPark-1,eaecc1b0-94ed-11f0-8c3a-419b60f641aa,93.71078,,,8.36229,,,,,,,6f4b811a-a4a7-4f16-b3f8-2d8bd85e17f7,2025-09-19,00:16:41.14,2025-09-18T20:16:41.1445760-04:00,2025-09-19T00:16:41.1445760Z,,v3,5508,6089,,"Black, Mark",691773,Right,HAG_FLY,a2184fe3-5f1e-49e0-883a-bb34911822da,53.91307,-136.67009,15.28032,5.6245,-8.08006,-7.02086,-1.14134,10.99778,-5.06046,,,,,,,,,,,,,,,,,,,,,,,,,,,,,,,,,,,,,,,,,,,,,,,,,,,High,High,High,,,,,
172,2025-09-18,20:16:57.06,1,2,"Conklin, MacCallan",1000187772,Right,HAG_FLY,"Aldrete, Carter",666177,Right,GAS,Undefined,6,Bottom,0,1,0,FourSeamFastBall,Four-Seam,BallCalled,Undefined,Undefined,Undefined,0,0,,93.09587,-2.49008,-3.484272,2515.062309,219.484922,1:15,5.55104,1.54484,6.24316,-17.86221,14.19658,10.81264,1.76007,-0.77183,84.76937,-5.88322,-1.534974,0.407516,,,,,,,,,,,,-6.58477,8.39937,-1.29015,50,5.35633,7.75026,-134.91011,-6.40912,-12.084,30.52039,-16.75997,GAS,HAG_FLY,CaroMontHealthPark,Independent,ATL,20250918-CaroMontHealthPark-1,f45d98a0-94ed-11f0-8c3a-419b60f641aa,92.49309,,,8.3265,,,,,,,6f4b811a-a4a7-4f16-b3f8-2d8bd85e17f7,2025-09-19,00:16:57.06,2025-09-18T20:16:57.0628096-04:00,2025-09-19T00:16:57.0628096Z,,v3,5508,6089,,"Black, Mark",691773,Right,HAG_FLY,4cdcbb9b-738f-494a-8a08-a276bf8223a6,54.25457,-135.8692,15.26019,5.54946,-5.88245,-8.37999,-1.53966,8.13,-6.042,,,,,,,,,,,,,,,,,,,,,,,,,,,,,,,,,,,,,,,,,,,,,,,,,,,High,High,High,,,,,
173,2025-09-18,20:17:12.03,1,3,"Conklin, MacCallan",1000187772,Right,HAG_FLY,"Aldrete, Carter",666177,Right,GAS,Undefined,6,Bottom,0,2,0,FourSeamFastBall,Four-Seam,FoulBallNotFieldable,Undefined,Undefined,Undefined,0,0,,93.30649,-1.406687,-1.145255,2606.735666,215.158076,1:15,5.52796,1.51349,6.20414,-17.29725,14.50284,9.48382,2.78757,1.24656,85.01023,-4.700272,0.567184,0.405869,,,,,,,,,,,,-5.26197,8.24032,-1.43217,50,5.41353,2.31091,-135.54723,-3.84773,-9.74739,30.82371,-16.9095,GAS,HAG_FLY,CaroMontHealthPark,Independent,ATL,20250918-CaroMontHealthPark-1,fd5f0bf0-94ed-11f0-8c3a-419b60f641aa,92.86858,,,8.29626,,,,,,,6f4b811a-a4a7-4f16-b3f8-2d8bd85e17f7,2025-09-19,00:17:12.03,2025-09-18T20:17:12.0365568-04:00,2025-09-19T00:17:12.0365568Z,,v3,5508,6089,,"Black, Mark",691773,Right,HAG_FLY,c479e30c-4bff-4137-a6b3-6f4db1eaa8ab,54.29509,-136.52044,15.41185,5.52659,-3.31383,-8.45475,-1.50999,2.61867,-4.87369,,,,,,,,,,,,,,,,,,,,,,,,,,,,,,,,,,,,,,,,,,,,,,,,,,,High,High,High,,,,,
174,2025-09-18,20:17:29.81,1,4,"Conklin, MacCallan",1000187772,Right,HAG_FLY,"Aldrete, Carter",666177,Right,GAS,Undefined,6,Bottom,0,2,1,Slider,Slider,InPlay,Undefined,LineDrive,Single,0,0,,87.38537,0.796032,-0.842139,2692.601801,156.158048,11:15,5.56334,1.56913,5.82759,-29.08037,7.34512,-2.7754,3.88011,0.55493,80.35085,-4.594652,-1.339607,0.434384,68.42575,20.61357,25.688939,2713.440848,95.06655,19.13617,55.33842,170.01355,164.28639,32.76526,2.165355,1.2015,3.87028,-1.49868,50,5.6111,1.98157,-127.02017,0.77779,1.97478,24.54546,-25.8128,GAS,HAG_FLY,CaroMontHealthPark,Independent,ATL,20250918-CaroMontHealthPark-1,07e1ef20-94ee-11f0-8c3a-419b60f641aa,86.77208,20.70711,,7.03452,,,,0.14629,3.68803,-0.4383,6f4b811a-a4a7-4f16-b3f8-2d8bd85e17f7,2025-09-19,00:17:29.81,2025-09-18T20:17:29.8184192-04:00,2025-09-19T00:17:29.8184192Z,LineDrive,v3,5508,6089,,"Black, Mark",691773,Right,HAG_FLY,31ed4d7e-1a30-4ccb-a777-7ebf7b640bfd,54.67225,-127.91986,12.27273,5.56525,1.72392,-12.9064,-1.56999,1.90918,0.98739,,0.14619,84.65536,-11.40799,2.21586,-0.96398,0.6433,-0.34264,0.09632,-0.01056,3.68806,35.33056,-19.68379,1.57029,-0.16694,-0.06984,0.05789,-0.01573,0.00144,-0.43831,40.71845,2.6072,-1.38241,0.4259,-0.0956,0.01782,-0.00323,0.00033,,,,,,,,,,,,,,,,,,,,,,,High,High,High,High,High,,,
175,2025-09-18,20:18:07.89,2,1,"Conklin, MacCallan",1000187772,Right,HAG_FLY,"Guthrie, Dalton",656495,Right,GAS,Undefined,6,Bottom,0,0,0,TwoSeamFastBall,Slider,BallCalled,Undefined,Undefined,Undefined,0,0,,85.59917,1.462753,-1.06863,2598.743887,157.187067,11:15,5.5168,1.54129,5.88259,-30.73706,7.21867,-2.56441,4.3143,0.33509,78.55353,-4.243606,-1.528572,0.443415,,,,,,,,,,,,1.02555,3.66622,-1.45357,50,5.61719,2.4246,-124.36402,2.15803,1.61411,23.78242,-26.40379,GAS,HAG_FLY,CaroMontHealthPark,Independent,ATL,20250918-CaroMontHealthPark-1,1e9abcb0-94ee-11f0-8c3a-419b60f641aa,85.00493,,,7.04564,,,,,,,6f4b811a-a4a7-4f16-b3f8-2d8bd85e17f7,2025-09-19,00:18:07.89,2025-09-18T20:18:07.8913024-04:00,2025-09-19T00:18:07.8913024Z,,v3,5508,6089,,"Black, Mark",691773,Right,HAG_FLY,9842e6fa-f03d-46ec-b3ef-ae45b15562bc,54.61609,-125.24366,11.89121,5.51931,3.13463,-13.20189,-1.54215,2.3649,0.80706,,,,,,,,,,,,,,,,,,,,,,,,,,,,,,,,,,,,,,,,,,,,,,,,,,,High,High,High,,,,,
176,2025-09-18,20:18:23.84,2,2,"Conklin, MacCallan",1000187772,Right,HAG_FLY,"Guthrie, Dalton",656495,Right,GAS,Undefined,6,Bottom,0,1,0,TwoSeamFastBall,Four-Seam,StrikeSwinging,Undefined,Undefined,Undefined,0,0,,91.46881,-1.636896,-3.010756,2507.675747,201.304416,12:45,5.50034,1.39442,6.66221,-18.42552,14.03835,5.07587,2.46457,-0.94011,83.70081,-5.154946,-2.088153,0.410083,,,,,,,,,,,,-3.50059,8.16426,-1.19395,50,5.3826,6.78683,-132.82523,-4.29899,-6.25473,28.40949,-17.58654,GAS,HAG_FLY,CaroMontHealthPark,Independent,ATL,20250918-CaroMontHealthPark-1,2837d3c0-94ee-11f0-8c3a-419b60f641aa,91.9142,,,7.768,,,,,,,6f4b811a-a4a7-4f16-b3f8-2d8bd85e17f7,2025-09-19,00:18:23.84,2025-09-18T20:18:23.8434304-04:00,2025-09-19T00:18:23.8434304Z,,v3,5508,6089,,"Black, Mark",691773,Right,HAG_FLY,0be09540-d296-44fb-a0ff-ad065e724c9c,53.83614,-133.64321,14.20475,5.49909,-3.79263,-8.79327,-1.39195,6.96692,-3.12737,,,,,,,,,,,,,,,,,,,,,,,,,,,,,,,,,,,,,,,,,,,,,,,,,,,High,High,High,,,,,
177,2025-09-18,20:18:45.44,2,3,"Conklin, MacCallan",1000187772,Right,HAG_FLY,"Guthrie, Dalton",656495,Right,GAS,Undefined,6,Bottom,0,1,1,TwoSeamFastBall,Four-Seam,FoulBallNotFieldable,Undefined,Undefined,Undefined,0,0,,91.40161,-1.436988,-2.727224,2600.102136,203.885675,12:45,5.42996,1.52571,6.71326,-17.0521,15.32733,6.34233,2.69356,-0.44075,83.70633,-4.709514,-1.57285,0.409549,73.22597,35.519815,147.752596,5153.667359,,,,,35.65212,,,-4.11335,8.81087,-1.34727,50,5.32769,6.08681,-132.82384,-3.77908,-7.35578,28.17772,-16.41784,GAS,HAG_FLY,CaroMontHealthPark,Independent,ATL,20250918-CaroMontHealthPark-1,351289a0-94ee-11f0-8c3a-419b60f641aa,92.03399,24.80358,,7.69529,,,,1.45205,2.53932,0.51741,6f4b811a-a4a7-4f16-b3f8-2d8bd85e17f7,2025-09-19,00:18:45.44,2025-09-18T20:18:45.4491136-04:00,2025-09-19T00:18:45.4491136Z,,v3,5508,6089,,"Black, Mark",691773,Right,HAG_FLY,73ae2031-ad10-4016-b849-d5313c72eb99,53.78661,-133.62473,14.08886,5.42847,-3.31244,-8.20892,-1.52324,6.29589,-3.67789,,1.4529,-73.95718,4.19059,,,,,,,2.55254,61.99039,-25.46256,,,,,,,0.5258,46.38346,-8.82198,,,,,,,,,,,,,,,,,,,,,,,,,,,,,High,High,High,High,Undefined,,,
178,2025-09-18,20:19:08.79,2,4,"Conklin, MacCallan",1000187772,Right,HAG_FLY,"Guthrie, Dalton",656495,Right,GAS,Undefined,6,Bottom,0,1,2,TwoSeamFastBall,Slider,InPlay,Undefined,FlyBall,Out,1,0,,86.93005,-1.113759,-2.653359,2640.240554,178.925788,12:00,5.41987,1.54933,6.17919,-28.67907,7.67953,-0.12413,2.00018,-0.91308,80.25252,-6.44133,-2.675736,0.433985,84.28615,27.757848,19.053055,4297.886747,100.50136,47.22117,44.7149,291.94081,281.70329,31.069206,4.083232,-0.62429,4.58736,-1.34869,50,5.32093,5.85839,-126.31073,-3.36646,-1.01509,24.17311,-24.71509,GAS,HAG_FLY,CaroMontHealthPark,Independent,ATL,20250918-CaroMontHealthPark-1,43014790-94ee-11f0-8c3a-419b60f641aa,86.85186,54.71129,,6.67753,,,,1.05638,1.9426,0.94533,6f4b811a-a4a7-4f16-b3f8-2d8bd85e17f7,2025-09-19,00:19:08.79,2025-09-18T20:19:08.7970816-04:00,2025-09-19T00:19:08.7970816Z,LineDrive,v3,5508,6089,,"Black, Mark",691773,Right,HAG_FLY,d6e0dfe5-1a82-4dff-8972-8cf068f9e2d0,54.32141,-127.13506,12.08656,5.42136,-2.52365,-12.35755,-1.54907,5.89301,-0.50754,,1.05695,103.38952,-20.30108,4.67644,-1.0143,0.22027,-0.05214,0.00904,-0.00066,1.94282,57.56456,-16.98009,0.53623,0.27033,-0.19385,0.06761,-0.01136,0.00073,0.9454,35.70959,2.78075,-1.77422,0.59661,-0.14289,0.02421,-0.00233,9E-05,,,,,,,,,,,,,,,,,,,,,,,High,High,High,High,High,,,
179,2025-09-18,20:19:48.87,3,1,"Conklin, MacCallan",1000187772,Right,HAG_FLY,"Scantlin, Nate",676715,Left,GAS,Undefined,6,Bottom,1,0,0,FourSeamFastBall,Four-Seam,FoulBallNotFieldable,Undefined,Undefined,Undefined,0,0,,93.23059,-0.396225,-2.905861,2463.189789,219.306151,1:15,5.45975,1.59434,6.61337,-20.17245,11.00024,8.23465,3.41534,-0.3832,85.47972,-4.223802,-1.410116,0.401845,,,,,,,,,,,,-5.11465,6.18705,-1.39978,50,5.42428,6.55173,-135.50197,-1.53169,-9.54117,28.67681,-20.63232,GAS,HAG_FLY,CaroMontHealthPark,Independent,ATL,20250918-CaroMontHealthPark-1,5adbd8d0-94ee-11f0-8c3a-419b60f641aa,93.79848,,,7.75087,,,,,,,6f4b811a-a4a7-4f16-b3f8-2d8bd85e17f7,2025-09-19,00:19:48.87,2025-09-18T20:19:48.8705536-04:00,2025-09-19T00:19:48.8705536Z,,v3,5508,6089,,"Black, Mark",691773,Right,HAG_FLY,db8c8e06-a9c4-47ec-aa33-9d95525e23fc,53.88643,-136.32199,14.33841,5.45965,-0.94171,-10.31616,-1.59103,6.82456,-4.77059,,,,,,,,,,,,,,,,,,,,,,,,,,,,,,,,,,,,,,,,,,,,,,,,,,,High,High,High,,,,,
180,2025-09-18,20:20:07.55,3,2,"Conklin, MacCallan",1000187772,Right,HAG_FLY,"Scantlin, Nate",676715,Left,GAS,Undefined,6,Bottom,1,0,1,TwoSeamFastBall,Changeup,BallCalled,Undefined,Undefined,Undefined,0,0,,85.64914,0.691756,-1.90319,2156.742315,218.58817,1:15,5.33914,1.53899,6.63076,-24.71505,12.38418,8.93626,3.9133,0.54048,78.0491,-4.011449,-0.277874,0.438383,,,,,,,,,,,,-5.20473,6.68067,-1.41319,50,5.37575,3.7985,-124.46482,0.83559,-8.14153,25.63761,-21.72372,GAS,HAG_FLY,CaroMontHealthPark,Independent,ATL,20250918-CaroMontHealthPark-1,65f09bc0-94ee-11f0-8c3a-419b60f641aa,85.98058,,,7.60004,,,,,,,6f4b811a-a4a7-4f16-b3f8-2d8bd85e17f7,2025-09-19,00:20:07.55,2025-09-18T20:20:07.5550720-04:00,2025-09-19T00:20:07.5550720Z,,v3,5508,6089,,"Black, Mark",691773,Right,HAG_FLY,30c15705-6f69-4924-95bd-be32bec6dd3a,53.86639,-125.2587,12.81881,5.33947,1.50828,-10.86186,-1.53471,4.05061,-4.07076,,,,,,,,,,,,,,,,,,,,,,,,,,,,,,,,,,,,,,,,,,,,,,,,,,,High,High,High,,,,,
181,2025-09-18,20:20:27.88,3,3,"Conklin, MacCallan",1000187772,Right,HAG_FLY,"Scantlin, Nate",676715,Left,GAS,Undefined,6,Bottom,1,1,1,FourSeamFastBall,Four-Seam,StrikeSwinging,Undefined,Undefined,Undefined,0,0,,93.26205,-0.885862,-2.275401,2657.633251,202.836314,12:45,5.41849,1.40513,6.56336,-14.0728,17.25308,6.84752,3.43292,-0.11136,85.10038,-3.613714,-1.032118,0.402831,,,,,,,,,,,,-4.20138,9.5806,-1.25087,50,5.35097,5.10115,-135.5039,-2.44169,-7.8065,29.78607,-14.37255,GAS,HAG_FLY,CaroMontHealthPark,Independent,ATL,20250918-CaroMontHealthPark-1,72076560-94ee-11f0-8c3a-419b60f641aa,93.56882,,,8.16167,,,,,,,6f4b811a-a4a7-4f16-b3f8-2d8bd85e17f7,2025-09-19,00:20:27.88,2025-09-18T20:20:27.8817280-04:00,2025-09-19T00:20:27.8817280Z,,v3,5508,6089,,"Black, Mark",691773,Right,HAG_FLY,e2624e27-bb65-46d0-82ea-416b904a1ec9,53.93416,-136.36595,14.89303,5.41562,-2.02573,-7.18628,-1.40177,5.32708,-3.90325,,,,,,,,,,,,,,,,,,,,,,,,,,,,,,,,,,,,,,,,,,,,,,,,,,,High,High,High,,,,,
182,2025-09-18,20:20:51.00,3,4,"Conklin, MacCallan",1000187772,Right,HAG_FLY,"Scantlin, Nate",676715,Left,GAS,Undefined,6,Bottom,1,1,2,FourSeamFastBall,Four-Seam,InPlay,Undefined,FlyBall,HomeRun,0,2,,93.21637,-2.245273,-2.290219,2646.322774,206.38735,1:00,5.39572,1.41399,6.42815,-13.98891,17.6167,8.22941,2.16357,-0.00636,85.02007,-4.948459,-0.799556,0.404626,94.78262,31.139431,-15.899798,4337.428118,103.4585,59.30508,-37.36653,348.2079,337.18212,-27.402011,4.759188,-4.94878,10.15304,-1.25432,50,5.22905,5.07365,-135.32733,-5.66854,-9.15366,30.23841,-13.39417,GAS,HAG_FLY,CaroMontHealthPark,Independent,ATL,20250918-CaroMontHealthPark-1,7feab1a0-94ee-11f0-8c3a-419b60f641aa,93.15385,78.39463,,8.1963,,,,0.54198,2.11141,0.01685,6f4b811a-a4a7-4f16-b3f8-2d8bd85e17f7,2025-09-19,00:20:51.00,2025-09-18T20:20:51.0041600-04:00,2025-09-19T00:20:51.0041600Z,FlyBall,v3,5508,6089,,"Black, Mark",691773,Right,HAG_FLY,9c4612fb-3dda-4114-9321-dbb0853a3c8c,54.07059,-136.23385,15.11921,5.39297,-5.267,-6.69708,-1.41054,5.34807,-4.57683,141.602756,0.54347,114.40231,-23.31147,5.4717,-1.09819,0.2114,-0.04199,0.00612,-0.00038,2.11327,71.84035,-18.79195,0.75697,0.31209,-0.23402,0.07142,-0.01022,0.00056,0.01662,-32.59221,-2.67683,1.43467,-0.44076,0.10896,-0.02088,0.00246,-0.00012,,,,,,,,,,,,,,,,,,,,,,,High,High,High,High,High,,,
183,2025-09-18,20:21:53.09,4,1,"Conklin, MacCallan",1000187772,Right,HAG_FLY,"Crook, Narciso",643271,Right,GAS,Undefined,6,Bottom,1,0,0,TwoSeamFastBall,Four-Seam,FoulBallNotFieldable,Undefined,Undefined,Undefined,0,0,,91.57112,-1.594801,-2.914198,2479.00783,207.153754,1:00,5.5245,1.05696,6.77043,-16.93607,15.39391,7.35918,2.6546,-0.99319,83.53697,-4.856443,-1.573514,0.409236,,,,,,,,,,,,-4.72819,8.92217,-0.86917,50,5.41353,6.48813,-132.99381,-4.13627,-8.44283,29.32288,-16.24225,GAS,HAG_FLY,CaroMontHealthPark,Independent,ATL,20250918-CaroMontHealthPark-1,a4ea4830-94ee-11f0-8c3a-419b60f641aa,92.10438,,,8.03415,,,,,,,6f4b811a-a4a7-4f16-b3f8-2d8bd85e17f7,2025-09-19,00:21:53.09,2025-09-18T20:21:53.0955776-04:00,2025-09-19T00:21:53.0955776Z,,v3,5508,6089,,"Black, Mark",691773,Right,HAG_FLY,36c20790-41a5-4675-ae5d-46a9b03c557b,53.72839,-133.81333,14.66144,5.52279,-3.68233,-8.12113,-1.05379,6.72409,-4.22142,,,,,,,,,,,,,,,,,,,,,,,,,,,,,,,,,,,,,,,,,,,,,,,,,,,High,High,High,,,,,
184,2025-09-18,20:22:13.47,4,2,"Conklin, MacCallan",1000187772,Right,HAG_FLY,"Crook, Narciso",643271,Right,GAS,Undefined,6,Bottom,1,0,1,TwoSeamFastBall,Slider,BallCalled,Undefined,Undefined,Undefined,0,0,,86.84199,0.844755,-0.826603,2716.672534,132.959032,10:30,5.56628,1.51334,5.63376,-32.83573,4.28103,-3.44614,3.61826,0.45489,79.98923,-5.194885,-1.442198,0.438487,,,,,,,,,,,,1.53354,2.29445,-1.44079,50,5.6171,1.96695,-126.20908,0.69078,2.49198,23.89351,-28.44564,GAS,HAG_FLY,CaroMontHealthPark,Independent,ATL,20250918-CaroMontHealthPark-1,b0f83830-94ee-11f0-8c3a-419b60f641aa,85.96032,,,6.85276,,,,,,,6f4b811a-a4a7-4f16-b3f8-2d8bd85e17f7,2025-09-19,00:22:13.47,2025-09-18T20:22:13.4759424-04:00,2025-09-19T00:22:13.4759424Z,,v3,5508,6089,,"Black, Mark",691773,Right,HAG_FLY,7a1d0991-1c7a-4ada-b2ba-253e0c310e03,54.86596,-127.12695,11.94675,5.56957,1.78352,-14.22282,-1.51451,1.87122,1.24599,,,,,,,,,,,,,,,,,,,,,,,,,,,,,,,,,,,,,,,,,,,,,,,,,,,High,High,High,,,,,
185,2025-09-18,20:22:30.33,4,3,"Conklin, MacCallan",1000187772,Right,HAG_FLY,"Crook, Narciso",643271,Right,GAS,Undefined,6,Bottom,1,1,1,TwoSeamFastBall,Slider,BallCalled,Undefined,Undefined,Undefined,0,0,,87.88336,-0.606033,-0.067994,2733.642897,151.988269,11:00,5.43035,1.55079,6.16716,-28.51147,6.65918,-3.05484,2.49459,1.23342,81.81822,-5.889226,-0.619612,0.426837,,,,,,,,,,,,1.57189,3.88197,-1.5441,50,5.36968,0.27087,-127.96194,-2.28009,2.65025,22.22996,-25.62892,GAS,HAG_FLY,CaroMontHealthPark,Independent,ATL,20250918-CaroMontHealthPark-1,bb227410-94ee-11f0-8c3a-419b60f641aa,88.30646,,,6.06514,,,,,,,6f4b811a-a4a7-4f16-b3f8-2d8bd85e17f7,2025-09-19,00:22:30.33,2025-09-18T20:22:30.3318016-04:00,2025-09-19T00:22:30.3318016Z,,v3,5508,6089,,"Black, Mark",691773,Right,HAG_FLY,1393b4df-4c12-46b5-b445-6add52d5dfdf,54.33415,-128.71268,11.11498,5.43207,-1.41456,-12.81446,-1.55174,0.18136,1.32512,,,,,,,,,,,,,,,,,,,,,,,,,,,,,,,,,,,,,,,,,,,,,,,,,,,High,High,High,,,,,
186,2025-09-18,20:22:46.46,4,4,"Conklin, MacCallan",1000187772,Right,HAG_FLY,"Crook, Narciso",643271,Right,GAS,Undefined,6,Bottom,1,2,1,TwoSeamFastBall,Four-Seam,FoulBallNotFieldable,Undefined,Undefined,Undefined,0,0,,92.45229,-1.300757,-1.949801,2634.455399,194.471045,12:30,5.46489,1.39091,6.77096,-17.58336,13.70154,3.30803,2.81093,-0.11456,85.38497,-4.652663,-1.346488,0.402568,,,,,,,,,,,,-2.25358,7.87867,-1.2649,50,5.373,4.45763,-134.54772,-3.53293,-4.17058,26.57911,-17.59339,GAS,HAG_FLY,CaroMontHealthPark,Independent,ATL,20250918-CaroMontHealthPark-1,c4af5e80-94ee-11f0-8c3a-419b60f641aa,93.63004,,,7.06732,,,,,,,6f4b811a-a4a7-4f16-b3f8-2d8bd85e17f7,2025-09-19,00:22:46.46,2025-09-18T20:22:46.4677888-04:00,2025-09-19T00:22:46.4677888Z,,v3,5508,6089,,"Black, Mark",691773,Right,HAG_FLY,c59272c8-c845-4c8d-80e5-4d0483a49106,53.73019,-135.2826,13.28956,5.46396,-3.0465,-8.7967,-1.38974,4.57294,-2.08529,,,,,,,,,,,,,,,,,,,,,,,,,,,,,,,,,,,,,,,,,,,,,,,,,,,High,High,High,,,,,
187,2025-09-18,20:23:19.00,4,5,"Conklin, MacCallan",1000187772,Right,HAG_FLY,"Crook, Narciso",643271,Right,GAS,Undefined,6,Bottom,1,2,2,TwoSeamFastBall,Slider,InPlay,Undefined,FlyBall,Out,1,0,,86.6722,0.177646,-1.662666,2699.658327,127.714869,10:15,5.357,1.55928,5.98997,-34.71289,2.63977,-1.78634,2.62898,-0.13094,78.77713,-6.263102,-1.983887,0.439878,78.46941,52.393485,-17.914027,,104.35755,114.02796,-34.77782,210.91755,209.32195,-19.956549,5.525275,0.41181,1.64811,-1.42716,50,5.35187,3.72404,-125.8226,-0.77432,0.65352,27.92891,-29.5586,GAS,HAG_FLY,CaroMontHealthPark,Independent,ATL,20250918-CaroMontHealthPark-1,d824e7f0-94ee-11f0-8c3a-419b60f641aa,85.68841,115.25759,,7.89507,,,,1.47855,2.78859,0.14752,6f4b811a-a4a7-4f16-b3f8-2d8bd85e17f7,2025-09-19,00:23:19.00,2025-09-18T20:23:19.0022656-04:00,2025-09-19T00:23:19.0022656Z,Popup,v3,5508,6089,,"Black, Mark",691773,Right,HAG_FLY,93cd54eb-049b-4ccc-b822-f7eac4ec22b2,54.50924,-126.81956,13.96446,5.36068,0.28082,-14.7793,-1.55968,3.70071,0.32676,,1.48711,66.65392,-17.0573,4.15153,-0.28078,-0.17958,0.06334,-0.00841,0.00041,2.77961,91.3292,-22.03284,2.11596,-0.45367,0.06764,0.00326,-0.00253,0.00022,0.14605,-21.57041,5.43902,-1.63009,0.25979,0.0024,-0.01015,0.00174,-0.0001,,,,,,,,,,,,,,,,,,,,,,,High,High,High,High,Medium,,,
188,2025-09-18,20:23:55.48,5,1,"Conklin, MacCallan",1000187772,Right,HAG_FLY,"McKeithan, Aaron",702463,Right,GAS,Undefined,6,Bottom,2,0,0,TwoSeamFastBall,Slider,StrikeSwinging,Undefined,Undefined,Undefined,0,0,,86.77587,-0.912788,-1.962199,2837.677305,150.560433,11:00,5.34261,1.49566,6.00197,-33.57207,3.53323,-1.31524,1.69861,-0.43276,79.34217,-7.12502,-2.198815,0.438419,,,,,,,,,,,,0.10398,2.4211,-1.34058,50,5.25231,4.36899,-125.99524,-3.12927,0.16622,26.90424,-28.30342,GAS,HAG_FLY,CaroMontHealthPark,Independent,ATL,20250918-CaroMontHealthPark-1,edeaa2f0-94ee-11f0-8c3a-419b60f641aa,85.97356,,,7.4337,,,,,,,6f4b811a-a4a7-4f16-b3f8-2d8bd85e17f7,2025-09-19,00:23:55.48,2025-09-18T20:23:55.4868224-04:00,2025-09-19T00:23:55.4868224Z,,v3,5508,6089,,"Black, Mark",691773,Right,HAG_FLY,fc01dace-74f3-4571-98c4-58f34b00ddcf,54.49779,-126.95204,13.45212,5.3457,-2.12271,-14.15171,-1.49585,4.36308,0.08311,,,,,,,,,,,,,,,,,,,,,,,,,,,,,,,,,,,,,,,,,,,,,,,,,,,High,High,High,,,,,
189,2025-09-18,20:25:01.96,5,2,"Conklin, MacCallan",1000187772,Right,HAG_FLY,"McKeithan, Aaron",702463,Right,GAS,Undefined,6,Bottom,2,0,1,FourSeamFastBall,Four-Seam,StrikeCalled,Undefined,Undefined,Undefined,0,0,,92.87448,-2.181766,-2.840522,2663.218171,214.631401,1:15,5.47574,1.3486,6.74729,-18.28166,13.35532,8.48,1.95567,-0.54185,84.36892,-5.687382,-1.2956,0.404827,,,,,,,,,,,,-5.33425,8.04241,-1.16485,50,5.32505,6.35349,-134.78279,-5.63269,-9.72927,31.6168,-17.50535,GAS,HAG_FLY,CaroMontHealthPark,Independent,ATL,20250918-CaroMontHealthPark-1,157d1960-94ef-11f0-8c3a-419b60f641aa,93.10763,,,8.50555,,,,,,,6f4b811a-a4a7-4f16-b3f8-2d8bd85e17f7,2025-09-19,00:25:01.96,2025-09-18T20:25:01.9670528-04:00,2025-09-19T00:25:01.9670528Z,,v3,5508,6089,,"Black, Mark",691773,Right,HAG_FLY,8e033979-6083-4f5f-bc15-1e3cb961ecec,53.75085,-135.65979,15.8084,5.47456,-5.14712,-8.75267,-1.34483,6.62337,-4.86463,,,,,,,,,,,,,,,,,,,,,,,,,,,,,,,,,,,,,,,,,,,,,,,,,,,High,High,High,,,,,
190,2025-09-18,20:25:20.25,5,3,"Conklin, MacCallan",1000187772,Right,HAG_FLY,"McKeithan, Aaron",702463,Right,GAS,Undefined,6,Bottom,2,0,2,Slider,Slider,BallCalled,Undefined,Undefined,Undefined,0,0,,86.73042,-1.559672,-2.88368,2826.840785,123.319573,10:00,5.44142,1.39463,6.10788,-33.46596,3.24536,-3.30004,1.20814,-1.54923,80.17313,-7.725064,-3.477898,0.436085,,,,,,,,,,,,0.94563,2.42599,-1.17134,50,5.30395,6.4737,-125.94449,-4.53965,1.52633,24.40449,-28.25835,GAS,HAG_FLY,CaroMontHealthPark,Independent,ATL,20250918-CaroMontHealthPark-1,206af360-94ef-11f0-8c3a-419b60f641aa,86.43362,,,6.55729,,,,,,,6f4b811a-a4a7-4f16-b3f8-2d8bd85e17f7,2025-09-19,00:25:20.25,2025-09-18T20:25:20.2556416-04:00,2025-09-19T00:25:20.2556416Z,,v3,5508,6089,,"Black, Mark",691773,Right,HAG_FLY,cbd5da6c-2686-4c82-a0fe-aabd1d0e44a4,54.39235,-126.79274,12.20225,5.44467,-3.55744,-14.12917,-1.39543,6.42065,0.76316,,,,,,,,,,,,,,,,,,,,,,,,,,,,,,,,,,,,,,,,,,,,,,,,,,,High,High,High,,,,,
191,2025-09-18,20:29:21.63,5,4,"Shapley, Jake",1000132674,Right,HAG_FLY,"McKeithan, Aaron",702463,Right,GAS,Undefined,6,Bottom,2,1,2,Slider,Changeup,FoulBallNotFieldable,Undefined,Undefined,Undefined,0,0,,79.22461,-0.922738,-2.51246,1618.222282,282.856487,3:30,5.92089,1.90217,6.45404,-45.34211,-1.12449,11.82225,1.2938,0.57773,72.03475,-9.355323,-0.364,0.478596,,,,,,,,,,,,-7.03615,0.13992,-1.72937,50,5.83566,4.63748,-114.99551,-3.16246,-9.26112,24.71831,-31.9899,GAS,HAG_FLY,CaroMontHealthPark,Independent,ATL,20250918-CaroMontHealthPark-1,b04b8800-94ef-11f0-8c3a-419b60f641aa,78.75628,,,7.18985,,,,,,,6f4b811a-a4a7-4f16-b3f8-2d8bd85e17f7,2025-09-19,00:29:21.63,2025-09-18T20:29:21.6346624-04:00,2025-09-19T00:29:21.6346624Z,,v3,5508,6089,,"Black, Mark",691773,Right,HAG_FLY,f47fc2c9-6fa1-4683-9a97-e9227e0c1625,54.04586,-115.8619,12.35916,5.92685,-2.04119,-15.99495,-1.8976,4.96209,-4.63056,,,,,,,,,,,,,,,,,,,,,,,,,,,,,,,,,,,,,,,,,,,,,,,,,,,High,High,High,,,,,
192,2025-09-18,20:29:40.41,5,5,"Shapley, Jake",1000132674,Right,HAG_FLY,"McKeithan, Aaron",702463,Right,GAS,Undefined,6,Bottom,2,1,2,ChangeUp,Changeup,InPlay,Undefined,Popup,Out,1,0,,77.77358,-0.499354,-2.906118,1757.834622,250.073505,2:15,5.95696,1.74556,6.31458,-40.46057,5.80051,11.31217,2.12468,0.00908,70.33309,-8.067199,-0.859647,0.48953,86.23743,57.015093,-29.537827,,,,,,200.66167,,,-6.87508,3.65418,-1.53799,50,5.9013,5.33115,-112.77806,-2.12018,-8.68803,24.10794,-27.5563,GAS,HAG_FLY,CaroMontHealthPark,Independent,ATL,20250918-CaroMontHealthPark-1,bb7dbe00-94ef-11f0-8c3a-419b60f641aa,76.99717,110.61908,,7.44049,,,,1.87027,1.88846,-0.34274,6f4b811a-a4a7-4f16-b3f8-2d8bd85e17f7,2025-09-19,00:29:40.41,2025-09-18T20:29:40.4128256-04:00,2025-09-19T00:29:40.4128256Z,,v3,5508,6089,,"Black, Mark",691773,Right,HAG_FLY,308e3ab0-4c25-4a9f-b04b-41123cf51963,54.18373,-113.66887,12.05397,5.96083,-1.10195,-13.77815,-1.74091,5.65218,-4.34402,,1.8703,59.90344,-18.78505,4.75559,0.73883,-2.52968,2.11318,-0.85864,0.13931,1.88845,106.09745,-24.69521,2.83159,-1.51188,1.63856,-1.23458,0.49153,-0.07931,-0.34274,-33.94699,5.04022,-1.08851,0.1312,0.06298,-0.0708,0.03005,-0.00492,,,,,,,,,,,,,,,,,,,,,,,High,High,High,Medium,Undefined,,,
193,2025-09-18,20:32:17.99,1,1,"Blanton, Bryan",676802,Right,GAS,"Cannon, Bryce",1000048596,Left,HAG_FLY,Undefined,7,Top,0,0,0,TwoSeamFastBall,Sinker,BallCalled,Undefined,Undefined,Undefined,0,0,,89.06232,1.422623,-2.965797,2547.567904,237.022994,2:00,5.01297,2.5381,4.67646,-26.07171,11.37197,15.45343,4.19349,1.00673,80.03151,-3.380743,-0.259319,0.440413,,,,,,,,,,,,-8.35615,5.50284,-2.25045,50,5.13527,5.88413,-128.71888,2.17613,-13.85433,29.65439,-23.05044,GAS,HAG_FLY,CaroMontHealthPark,Independent,ATL,20250918-CaroMontHealthPark-1,19494720-94f0-11f0-8c3a-419b60f641aa,85.58422,,,9.03081,,,,,,,6f4b811a-a4a7-4f16-b3f8-2d8bd85e17f7,2025-09-19,00:32:17.99,2025-09-18T20:32:17.9984896-04:00,2025-09-19T00:32:17.9984896Z,,v3,5508,6089,,"McKeithan, Aaron",702463,Right,GAS,95cb8ced-94a9-4833-b08c-c3c7d26a69ec,55.81762,-130.05224,14.82719,5.01412,3.21256,-11.52522,-2.52903,6.50706,-6.92717,,,,,,,,,,,,,,,,,,,,,,,,,,,,,,,,,,,,,,,,,,,,,,,,,,,High,High,High,,,,,
194,2025-09-18,20:32:31.71,1,2,"Blanton, Bryan",676802,Right,GAS,"Cannon, Bryce",1000048596,Left,HAG_FLY,Undefined,7,Top,0,1,0,Slider,Slider,BallCalled,Undefined,Undefined,Undefined,0,0,,80.22281,2.010216,-1.271235,2972.080507,53.703902,7:45,5.12978,2.62677,4.80296,-47.0277,-1.46677,-4.0578,3.11673,1.08394,72.97205,-6.500487,-1.984752,0.485811,,,,,,,,,,,,1.60173,-0.80799,-2.49653,50,5.2895,2.75749,-116.19412,2.29482,2.17615,23.03399,-33.27183,GAS,HAG_FLY,CaroMontHealthPark,Independent,ATL,20250918-CaroMontHealthPark-1,21860ae0-94f0-11f0-8c3a-419b60f641aa,77.58657,,,7.25075,,,,,,,6f4b811a-a4a7-4f16-b3f8-2d8bd85e17f7,2025-09-19,00:32:31.71,2025-09-18T20:32:31.7140480-04:00,2025-09-19T00:32:31.7140480Z,,v3,5508,6089,,"McKeithan, Aaron",702463,Right,GAS,001365f7-cdf3-42bb-8fc0-39de5db997ce,55.69477,-117.3176,11.51699,5.138,3.91765,-16.63592,-2.62843,2.65135,1.08808,,,,,,,,,,,,,,,,,,,,,,,,,,,,,,,,,,,,,,,,,,,,,,,,,,,High,High,High,,,,,
195,2025-09-18,20:32:46.43,1,3,"Blanton, Bryan",676802,Right,GAS,"Cannon, Bryce",1000048596,Left,HAG_FLY,Undefined,7,Top,0,2,0,Fastball,Sinker,FoulBallNotFieldable,Undefined,Undefined,Undefined,0,0,,89.38498,-0.643935,-4.851285,2433.634249,228.830455,1:45,4.98074,2.50545,4.90246,-23.31836,13.78225,14.17024,2.42633,-0.91284,80.2137,-4.973854,-2.367212,0.438391,59.16758,55.243417,-144.922958,4154.571144,,,,,37.35196,,,-8.57461,7.39355,-2.04246,50,4.8988,10.2694,-128.98151,-2.31882,-14.21551,30.79843,-19.91658,GAS,HAG_FLY,CaroMontHealthPark,Independent,ATL,20250918-CaroMontHealthPark-1,2a5c9da0-94f0-11f0-8c3a-419b60f641aa,85.979,43.45754,,9.17127,,,,1.65552,2.35965,0.93332,6f4b811a-a4a7-4f16-b3f8-2d8bd85e17f7,2025-09-19,00:32:46.43,2025-09-18T20:32:46.4331776-04:00,2025-09-19T00:32:46.4331776Z,,v3,5508,6089,,"McKeithan, Aaron",702463,Right,GAS,59f7c5e3-8e2c-4122-b4d6-b2d22d1d800d,55.59459,-130.31054,15.39922,4.98032,-1.45936,-9.95829,-2.49885,10.88284,-7.10775,16.111904,1.65552,-40.48684,-2.02554,1.76491,-0.56399,0.14572,-0.03638,0.0088,-0.00115,2.35965,71.29601,-27.08997,3.27925,-0.63042,0.10295,-0.0139,-0.00538,0.00339,0.93332,-28.4304,2.78574,-1.10721,0.29171,-0.06764,0.01492,-0.0018,-0.00029,,,,,,,,,,,,,,,,,,,,,,,High,High,High,High,Undefined,,,
196,2025-09-18,20:33:05.92,1,4,"Blanton, Bryan",676802,Right,GAS,"Cannon, Bryce",1000048596,Left,HAG_FLY,Undefined,7,Top,0,2,1,FourSeamFastBall,Sinker,StrikeSwinging,Undefined,Undefined,Undefined,0,0,,90.59213,-0.208724,-4.948766,2593.325092,228.186919,1:30,5.13087,2.51983,4.88117,-20.2306,15.80072,16.19454,3.24677,-0.82448,81.43124,-3.987208,-2.11185,0.432028,,,,,,,,,,,,-9.42367,8.19607,-2.04688,50,5.09404,10.50912,-130.72854,-1.21094,-16.12158,30.49965,-18.15258,GAS,HAG_FLY,CaroMontHealthPark,Independent,ATL,20250918-CaroMontHealthPark-1,35d97130-94f0-11f0-8c3a-419b60f641aa,87.24546,,,9.16089,,,,,,,6f4b811a-a4a7-4f16-b3f8-2d8bd85e17f7,2025-09-19,00:33:05.92,2025-09-18T20:33:05.9246592-04:00,2025-09-19T00:33:05.9246592Z,,v3,5508,6089,,"McKeithan, Aaron",702463,Right,GAS,99c51c29-9bff-4b36-bb0f-9af86c7c29ff,55.61408,-132.03183,15.24983,5.12921,-0.43526,-9.07629,-2.51067,11.19802,-8.06079,,,,,,,,,,,,,,,,,,,,,,,,,,,,,,,,,,,,,,,,,,,,,,,,,,,High,High,High,,,,,
197,2025-09-18,20:33:29.44,1,5,"Blanton, Bryan",676802,Right,GAS,"Cannon, Bryce",1000048596,Left,HAG_FLY,Undefined,7,Top,0,2,2,TwoSeamFastBall,Changeup,StrikeSwinging,Strikeout,Undefined,Undefined,0,0,,84.1522,-0.363077,-4.451444,1836.636964,279.780992,3:15,5.29113,2.49779,4.98772,-42.92593,-1.57882,17.4506,1.37008,-0.25985,76.52206,-8.132687,-1.37798,0.462801,,,,,,,,,,,,-10.01957,-0.28421,-2.08323,50,5.22091,8.70283,-121.69128,-2.42517,-14.89179,25.85335,-32.59644,GAS,HAG_FLY,CaroMontHealthPark,Independent,ATL,20250918-CaroMontHealthPark-1,4403b180-94f0-11f0-8c3a-419b60f641aa,81.44421,,,7.63014,,,,,,,6f4b811a-a4a7-4f16-b3f8-2d8bd85e17f7,2025-09-19,00:33:29.44,2025-09-18T20:33:29.4410000-04:00,2025-09-19T00:33:29.4410000Z,,v3,5508,6089,,"McKeithan, Aaron",702463,Right,GAS,4fca664d-2298-4c75-b6f0-f3bddcecaf06,55.51281,-122.85689,12.92667,5.29712,-0.95554,-16.29822,-2.49073,9.37424,-7.4459,,,,,,,,,,,,,,,,,,,,,,,,,,,,,54.31759,3.062327,1.705882,1.356445,1.70153,1.41069,0.25295,-4.36606,5.04484,1.57507,70.0647,6.92036,-54.9479,-4.28291,59.16311,-3.20065,5.13898,20.49649,-14.1299,1.45567,-46.94936,3.94535,High,High,High,,,High,High,High
198,2025-09-18,20:34:01.83,2,1,"Blanton, Bryan",676802,Right,GAS,"Abreu, Osvaldo",622435,Right,HAG_FLY,Undefined,7,Top,1,0,0,Slider,Curveball,StrikeCalled,Undefined,Undefined,Undefined,0,0,,79.40791,0.116793,-3.305346,2967.556671,68.926036,8:15,5.36335,2.55388,4.74048,-48.88196,-1.47256,-8.43646,1.40083,-1.28804,71.63923,-8.703218,-4.784788,0.495569,,,,,,,,,,,,3.00043,-0.25969,-2.21291,50,5.33216,6.9902,-114.71967,-1.59095,3.90814,25.69837,-32.51228,GAS,HAG_FLY,CaroMontHealthPark,Independent,ATL,20250918-CaroMontHealthPark-1,57386160-94f0-11f0-8c3a-419b60f641aa,76.05898,,,7.76869,,,,,,,6f4b811a-a4a7-4f16-b3f8-2d8bd85e17f7,2025-09-19,00:34:01.83,2025-09-18T20:34:01.8359296-04:00,2025-09-19T00:34:01.8359296Z,,v3,5508,6089,,"McKeithan, Aaron",702463,Right,GAS,07201e5e-dcbc-4b83-8ed6-0e25231ae4cd,55.75664,-116.00204,12.84918,5.37107,0.03145,-16.25614,-2.55686,6.79518,1.95407,,,,,,,,,,,,,,,,,,,,,,,,,,,,,,,,,,,,,,,,,,,,,,,,,,,High,High,High,,,,,
199,2025-09-18,20:34:17.09,2,2,"Blanton, Bryan",676802,Right,GAS,"Abreu, Osvaldo",622435,Right,HAG_FLY,Undefined,7,Top,1,0,1,TwoSeamFastBall,Slider,BallCalled,Undefined,Undefined,Undefined,0,0,,82.29607,2.031614,-3.021522,3194.99818,89.238892,9:00,5.22909,2.6014,4.92477,-42.25498,1.50138,-8.29701,3.63196,-0.94912,73.9145,-5.672203,-4.479082,0.476093,,,,,,,,,,,,3.02807,0.61055,-2.29967,50,5.39298,6.65267,-118.87284,2.62247,4.25083,26.80938,-31.31694,GAS,HAG_FLY,CaroMontHealthPark,Independent,ATL,20250918-CaroMontHealthPark-1,6056f9a0-94f0-11f0-8c3a-419b60f641aa,79.1703,,,8.38157,,,,,,,6f4b811a-a4a7-4f16-b3f8-2d8bd85e17f7,2025-09-19,00:34:17.09,2025-09-18T20:34:17.0980352-04:00,2025-09-19T00:34:17.0980352Z,,v3,5508,6089,,"McKeithan, Aaron",702463,Right,GAS,7bcbb6bd-26b1-4307-a58e-3ce28149d7af,55.56943,-120.12234,13.40469,5.23674,4.08206,-15.65847,-2.60511,6.45455,2.12541,,,,,,,,,,,,,,,,,,,,,,,,,,,,,,,,,,,,,,,,,,,,,,,,,,,High,High,High,,,,,
200,2025-09-18,20:34:31.51,2,3,"Blanton, Bryan",676802,Right,GAS,"Abreu, Osvaldo",622435,Right,HAG_FLY,Undefined,7,Top,1,1,1,TwoSeamFastBall,Sinker,BallCalled,Undefined,Undefined,Undefined,0,0,,91.37071,0.026368,-5.133332,2681.567684,233.36504,1:45,5.22766,2.51395,5.05104,-22.52993,12.66509,15.31863,3.37514,-1.06408,82.19518,-4.160482,-2.442735,0.426984,,,,,,,,,,,,-9.07575,6.62414,-2.03624,50,5.21285,11.08107,-131.85631,-0.77977,-15.80339,30.89728,-20.63957,GAS,HAG_FLY,CaroMontHealthPark,Independent,ATL,20250918-CaroMontHealthPark-1,68e008a0-94f0-11f0-8c3a-419b60f641aa,88.27592,,,9.17553,,,,,,,6f4b811a-a4a7-4f16-b3f8-2d8bd85e17f7,2025-09-19,00:34:31.51,2025-09-18T20:34:31.5182080-04:00,2025-09-19T00:34:31.5182080Z,,v3,5508,6089,,"McKeithan, Aaron",702463,Right,GAS,1bb74c63-42cc-4edc-9fc7-842332bba5b0,55.44396,-133.12585,15.44864,5.22746,0.06829,-10.31979,-2.50489,11.73041,-7.9017,,,,,,,,,,,,,,,,,,,,,,,,,,,,,,,,,,,,,,,,,,,,,,,,,,,High,High,High,,,,,
201,2025-09-18,20:34:48.16,2,4,"Blanton, Bryan",676802,Right,GAS,"Abreu, Osvaldo",622435,Right,HAG_FLY,Undefined,7,Top,1,2,1,TwoSeamFastBall,Slider,BallCalled,Undefined,Undefined,Undefined,0,0,,81.9754,-0.742502,-4.863706,3069.760728,113.534456,9:45,5.2615,2.63075,4.99,-40.09754,3.82173,-5.19933,1.21637,-2.40605,74.38986,-8.008814,-5.775845,0.476979,,,,,,,,,,,,0.99831,2.63138,-2.15693,50,5.15769,10.29554,-118.30065,-3.01817,1.39479,25.53738,-28.4976,GAS,HAG_FLY,CaroMontHealthPark,Independent,ATL,20250918-CaroMontHealthPark-1,72d35600-94f0-11f0-8c3a-419b60f641aa,79.02333,,,7.58554,,,,,,,6f4b811a-a4a7-4f16-b3f8-2d8bd85e17f7,2025-09-19,00:34:48.16,2025-09-18T20:34:48.1631232-04:00,2025-09-19T00:34:48.1631232Z,,v3,5508,6089,,"McKeithan, Aaron",702463,Right,GAS,9aff75ee-3c08-4eb9-8754-220277a18336,55.50553,-119.48321,12.76869,5.2669,-1.69853,-14.2488,-2.63219,10.23095,0.6974,,,,,,,,,,,,,,,,,,,,,,,,,,,,,,,,,,,,,,,,,,,,,,,,,,,High,High,High,,,,,
202,2025-09-18,20:35:11.28,2,5,"Blanton, Bryan",676802,Right,GAS,"Abreu, Osvaldo",622435,Right,HAG_FLY,Undefined,7,Top,1,3,1,TwoSeamFastBall,Sinker,FoulBallNotFieldable,Undefined,Undefined,Undefined,0,0,,89.55096,0.085882,-4.086196,2576.688102,258.655902,2:30,5.00898,2.62537,4.85761,-31.61557,5.20847,19.31166,2.45585,0.36035,80.69168,-5.690288,-0.694688,0.436754,73.78448,-59.513745,-127.037395,,,,,2.01049,2.01049,-50.831888,0.027039,-10.84241,2.89697,-2.23943,50,4.99082,8.32362,-129.44366,-1.07836,-18.15347,30.34649,-27.32363,GAS,HAG_FLY,CaroMontHealthPark,Independent,ATL,20250918-CaroMontHealthPark-1,80b039a0-94f0-11f0-8c3a-419b60f641aa,86.30124,2.53003,,8.85929,,,,2.16699,2.53003,-0.36975,6f4b811a-a4a7-4f16-b3f8-2d8bd85e17f7,2025-09-19,00:35:11.28,2025-09-18T20:35:11.2844800-04:00,2025-09-19T00:35:11.2844800Z,GroundBall,v3,5508,6089,,"McKeithan, Aaron",702463,Right,GAS,c3048eea-5435-4bee-8238-9e29723b1f7e,55.64157,-130.75956,15.17325,5.0119,0.10647,-13.66181,-2.61743,9.1108,-9.07674,,2.16747,-33.18074,,,,,,,,2.53139,-93.57006,,,,,,,,-0.36911,-43.97259,,,,,,,,,,,,,,,,,,,,,,,,,,,,,,High,High,High,Estimated,Estimated,,,
203,2025-09-18,20:35:33.12,2,6,"Blanton, Bryan",676802,Right,GAS,"Abreu, Osvaldo",622435,Right,HAG_FLY,Undefined,7,Top,1,3,2,TwoSeamFastBall,Sinker,BallCalled,Walk,Undefined,Undefined,0,0,,90.41794,0.190178,-1.556167,2479.829704,226.194272,1:30,5.08442,2.57924,4.91529,-21.17757,14.8502,14.10324,3.49951,2.28274,81.16316,-3.767853,0.928773,0.432006,,,,,,,,,,,,-7.60272,7.66205,-2.44018,50,5.08625,2.8976,-130.93391,-0.34597,-12.96273,32.24567,-19.11018,GAS,HAG_FLY,CaroMontHealthPark,Independent,ATL,20250918-CaroMontHealthPark-1,8daea420-94f0-11f0-8c3a-419b60f641aa,87.24975,,,9.25478,,,,,,,6f4b811a-a4a7-4f16-b3f8-2d8bd85e17f7,2025-09-19,00:35:33.12,2025-09-18T20:35:33.1259392-04:00,2025-09-19T00:35:33.1259392Z,,v3,5508,6089,,"McKeithan, Aaron",702463,Right,GAS,97dc23a0-07e1-4952-ba82-eb5badcdd583,55.58425,-132.30203,16.12284,5.08372,0.46483,-9.55509,-2.57479,3.44758,-6.48137,,,,,,,,,,,,,,,,,,,,,,,,,,,,,,,,,,,,,,,,,,,,,,,,,,,High,High,High,,,,,
204,2025-09-18,20:36:17.03,3,1,"Blanton, Bryan",676802,Right,GAS,"Mattis, Gary",669013,Right,HAG_FLY,Undefined,7,Top,1,0,0,Slider,Slider,StrikeCalled,Undefined,Undefined,Undefined,0,0,,81.04355,1.008845,-3.084903,3043.868388,69.946795,8:15,5.2602,2.55386,4.97929,-45.64621,-0.06291,-5.29264,2.41061,-0.80345,72.07558,-7.32841,-4.016758,0.485931,,,,,,,,,,,,1.43189,0.18717,-2.25146,50,5.32123,6.53877,-116.95234,0.37002,1.91851,28.75464,-31.92326,GAS,HAG_FLY,CaroMontHealthPark,Independent,ATL,20250918-CaroMontHealthPark-1,a7c8ec30-94f0-11f0-8c3a-419b60f641aa,77.56753,,,8.96797,,,,,,,6f4b811a-a4a7-4f16-b3f8-2d8bd85e17f7,2025-09-19,00:36:17.03,2025-09-18T20:36:17.0353664-04:00,2025-09-19T00:36:17.0353664Z,,v3,5508,6089,,"McKeithan, Aaron",702463,Right,GAS,143c288e-c2cd-4d0a-b23a-2e0ed67bfec7,55.51372,-118.30021,14.37732,5.26882,1.86642,-15.96163,-2.55586,6.44884,0.95926,,,,,,,,,,,,,,,,,,,,,,,,,,,,,,,,,,,,,,,,,,,,,,,,,,,High,High,High,,,,,
205,2025-09-18,20:36:32.26,3,2,"Blanton, Bryan",676802,Right,GAS,"Mattis, Gary",669013,Right,HAG_FLY,Undefined,7,Top,1,0,1,Slider,Slider,StrikeSwinging,Undefined,Undefined,Undefined,0,0,,81.29247,0.665098,-3.3527,3091.860379,63.829242,8:15,5.33805,2.51115,4.97861,-46.6831,-1.65606,-6.92674,2.07704,-1.23609,72.87163,-7.821517,-4.571938,0.482957,,,,,,,,,,,,2.19673,-0.47315,-2.18145,50,5.36491,7.18526,-117.39348,-0.38597,2.98514,27.65216,-32.81704,GAS,HAG_FLY,CaroMontHealthPark,Independent,ATL,20250918-CaroMontHealthPark-1,b0dd2430-94f0-11f0-8c3a-419b60f641aa,78.04519,,,8.42084,,,,,,,6f4b811a-a4a7-4f16-b3f8-2d8bd85e17f7,2025-09-19,00:36:32.26,2025-09-18T20:36:32.2607104-04:00,2025-09-19T00:36:32.2607104Z,,v3,5508,6089,,"McKeithan, Aaron",702463,Right,GAS,9df184fe-cbf9-4a42-a268-e4d981249bb3,55.51588,-118.68564,13.82608,5.34712,1.14754,-16.40852,-2.51395,7.04576,1.49257,,,,,,,,,,,,,,,,,,,,,,,,,,,,,,,,,,,,,,,,,,,,,,,,,,,High,High,High,,,,,
206,2025-09-18,20:36:50.65,3,3,"Blanton, Bryan",676802,Right,GAS,"Mattis, Gary",669013,Right,HAG_FLY,Undefined,7,Top,1,0,2,TwoSeamFastBall,Sinker,BallCalled,Undefined,Undefined,Undefined,0,0,,91.94956,0.256526,-5.835856,2726.815418,256.893541,2:30,5.27084,2.30178,5.13939,-29.13958,5.49756,18.3032,3.08535,-1.68722,82.9055,-5.089655,-2.620061,0.423587,,,,,,,,,,,,-10.78193,3.04099,-1.76762,50,5.27289,12.65317,-132.62829,-0.569,-19.02622,30.82794,-26.8078,GAS,HAG_FLY,CaroMontHealthPark,Independent,ATL,20250918-CaroMontHealthPark-1,bbcfb920-94f0-11f0-8c3a-419b60f641aa,88.98395,,,9.04406,,,,,,,6f4b811a-a4a7-4f16-b3f8-2d8bd85e17f7,2025-09-19,00:36:50.65,2025-09-18T20:36:50.6539520-04:00,2025-09-19T00:36:50.6539520Z,,v3,5508,6089,,"McKeithan, Aaron",702463,Right,GAS,f8fa8dd8-fa66-42c0-8811-2f1625b18691,55.35779,-133.86786,15.41397,5.27409,0.50891,-13.4039,-2.29178,13.4182,-9.51311,,,,,,,,,,,,,,,,,,,,,,,,,,,,,,,,,,,,,,,,,,,,,,,,,,,High,High,High,,,,,
207,2025-09-18,20:37:07.09,3,4,"Blanton, Bryan",676802,Right,GAS,"Mattis, Gary",669013,Right,HAG_FLY,Undefined,7,Top,1,1,2,TwoSeamFastBall,Four-Seam,StrikeSwinging,Strikeout,Undefined,Undefined,0,0,,91.64703,-0.800914,-4.277254,2680.052126,220.579316,1:15,5.31001,2.42312,5.18787,-17.99029,16.77843,13.28355,3.05519,-0.50136,82.42656,-4.19704,-1.933795,0.42439,,,,,,,,,,,,-7.86784,8.93674,-2.03546,50,5.22237,9.24769,-132.40722,-2.46277,-13.7963,31.50535,-16.50343,GAS,HAG_FLY,CaroMontHealthPark,Independent,ATL,20250918-CaroMontHealthPark-1,c5a3beb0-94f0-11f0-8c3a-419b60f641aa,88.81547,,,9.22048,,,,,,,6f4b811a-a4a7-4f16-b3f8-2d8bd85e17f7,2025-09-19,00:37:07.09,2025-09-18T20:37:07.0940160-04:00,2025-09-19T00:37:07.0940160Z,,v3,5508,6089,,"McKeithan, Aaron",702463,Right,GAS,1d5132ba-9873-48b3-9cc2-4ffcd49efc43,55.30663,-133.66393,15.75268,5.30748,-1.80447,-8.25172,-2.41532,9.79801,-6.89815,,,,,,,,,,,,,,,,,,,,,,,,,,,,,,,,,,,,,,,,,,,,,,,,,,,High,High,High,,,,,
208,2025-09-18,20:37:41.57,4,1,"Blanton, Bryan",676802,Right,GAS,"Black, Mark",691773,Right,HAG_FLY,Undefined,7,Top,2,0,0,TwoSeamFastBall,Sinker,FoulBallNotFieldable,Undefined,Undefined,Undefined,0,0,,90.81289,-0.560375,-3.760177,2582.407297,258.03513,2:30,5.11161,2.51889,5.10138,-30.04545,5.30099,19.15009,2.07863,0.56647,82.17074,-6.066772,-0.37894,0.427902,81.3661,-46.453591,-81.836,,,,,3.14779,2.04112,-52.465687,0.024733,-10.70969,3.15004,-2.17955,50,5.03529,7.73357,-131.41489,-2.47605,-18.53698,30.50891,-26.72176,GAS,HAG_FLY,CaroMontHealthPark,Independent,ATL,20250918-CaroMontHealthPark-1,da414d60-94f0-11f0-8c3a-419b60f641aa,88.08661,2.14428,,8.64215,,,,1.62831,2.14428,-0.47866,6f4b811a-a4a7-4f16-b3f8-2d8bd85e17f7,2025-09-19,00:37:41.57,2025-09-18T20:37:41.5719424-04:00,2025-09-19T00:37:41.5719424Z,GroundBall,v3,5508,6089,,"McKeithan, Aaron",702463,Right,GAS,3216e3be-78f4-4657-b0fc-5d96f7db1bc8,55.39824,-132.66221,15.25446,5.11419,-1.38356,-13.36088,-2.51122,8.49143,-9.26849,,1.62821,11.70243,,,,,,,,2.14509,-86.69856,,,,,,,,-0.47791,-81.57228,,,,,,,,,,,,,,,,,,,,,,,,,,,,,,High,High,High,Low,Low,,,
209,2025-09-18,20:38:14.57,4,2,"Blanton, Bryan",676802,Right,GAS,"Black, Mark",691773,Right,HAG_FLY,Undefined,7,Top,2,0,1,TwoSeamFastBall,Sinker,BallCalled,Undefined,Undefined,Undefined,0,0,,91.91141,-0.746593,-5.778085,2679.543548,246.604093,2:15,5.32613,2.50625,5.25555,-25.70734,8.37808,16.85367,2.47874,-1.53683,83.97936,-5.467277,-2.809987,0.420199,,,,,,,,,,,,-9.89784,4.72532,-1.98753,50,5.23853,12.62836,-132.78647,-2.73181,-17.73613,27.46883,-23.70669,GAS,HAG_FLY,CaroMontHealthPark,Independent,ATL,20250918-CaroMontHealthPark-1,edd55b50-94f0-11f0-8c3a-419b60f641aa,89.70131,,,7.93204,,,,,,,6f4b811a-a4a7-4f16-b3f8-2d8bd85e17f7,2025-09-19,00:38:14.57,2025-09-18T20:38:14.5777152-04:00,2025-09-19T00:38:14.5777152Z,,v3,5508,6089,,"McKeithan, Aaron",702463,Right,GAS,1f175929-a516-4e9a-9b59-168bcfb4d95a,55.24332,-133.86673,13.73441,5.32763,-1.7995,-11.85335,-2.49787,13.32586,-8.86806,,,,,,,,,,,,,,,,,,,,,,,,,,,,,,,,,,,,,,,,,,,,,,,,,,,High,High,High,,,,,
210,2025-09-18,20:38:30.49,4,3,"Blanton, Bryan",676802,Right,GAS,"Black, Mark",691773,Right,HAG_FLY,Undefined,7,Top,2,1,1,TwoSeamFastBall,Sinker,BallCalled,Undefined,Undefined,Undefined,0,0,,90.34721,-1.570292,-5.33501,2534.722005,240.047567,2:00,5.06513,2.62587,5.06553,-24.92371,10.70115,16.52485,1.50069,-1.0421,82.36709,-6.147993,-2.430922,0.429584,,,,,,,,,,,,-9.60678,6.10225,-2.13116,50,4.89593,11.38799,-130.48696,-4.54614,-16.56689,27.40345,-21.65073,GAS,HAG_FLY,CaroMontHealthPark,Independent,ATL,20250918-CaroMontHealthPark-1,f751cb00-94f0-11f0-8c3a-419b60f641aa,87.74171,,,7.98012,,,,,,,6f4b811a-a4a7-4f16-b3f8-2d8bd85e17f7,2025-09-19,00:38:30.49,2025-09-18T20:38:30.4905216-04:00,2025-09-19T00:38:30.4905216Z,,v3,5508,6089,,"McKeithan, Aaron",702463,Right,GAS,ff1b0687-91dc-4e13-b1e4-33cf1ab30837,55.43238,-131.62287,13.70173,5.06577,-3.64869,-10.82537,-2.61744,12.07471,-8.28345,,,,,,,,,,,,,,,,,,,,,,,,,,,,,,,,,,,,,,,,,,,,,,,,,,,High,High,High,,,,,
211,2025-09-18,20:38:47.44,4,4,"Blanton, Bryan",676802,Right,GAS,"Black, Mark",691773,Right,HAG_FLY,Undefined,7,Top,2,2,1,TwoSeamFastBall,Slider,FoulBallNotFieldable,Undefined,Undefined,Undefined,0,0,,81.43362,1.855638,-1.740317,3061.748142,73.883499,8:30,5.26905,2.56285,4.9143,-43.89282,0.3272,-4.13681,3.36735,0.57205,73.7584,-6.123602,-2.468828,0.478609,,,,,,,,,,,,1.50547,0.01201,-2.38925,50,5.41373,3.76203,-117.91,2.18244,2.09619,24.71348,-32.15734,GAS,HAG_FLY,CaroMontHealthPark,Independent,ATL,20250918-CaroMontHealthPark-1,0170bc40-94f1-11f0-8c3a-419b60f641aa,78.75416,,,7.67522,,,,,,,6f4b811a-a4a7-4f16-b3f8-2d8bd85e17f7,2025-09-19,00:38:47.44,2025-09-18T20:38:47.4496000-04:00,2025-09-19T00:38:47.4496000Z,,v3,5508,6089,,"McKeithan, Aaron",702463,Right,GAS,eeeec958-5b13-494c-89b7-a4e9a1afb289,55.58409,-119.07465,12.35674,5.27517,3.69789,-16.07867,-2.56421,3.66324,1.04809,,,,,,,,,,,,,,,,,,,,,,,,,,,,,,,,,,,,,,,,,,,,,,,,,,,High,High,High,,,,,
212,2025-09-18,20:39:21.10,4,5,"Blanton, Bryan",676802,Right,GAS,"Black, Mark",691773,Right,HAG_FLY,Undefined,7,Top,2,2,2,Slider,Slider,FoulBallNotFieldable,Undefined,Undefined,Undefined,0,0,,83.34508,1.400736,-1.661774,3078.201213,96.312212,9:15,5.38351,2.51425,4.9936,-40.24876,2.18654,-5.53957,3.3528,0.48318,74.86392,-5.958264,-2.638836,0.468851,70.99353,14.563631,169.232314,2809.638356,,,,116.50892,39.18879,171.927512,1.346585,2.15256,1.13461,-2.34967,50,5.48635,3.75079,-120.55959,1.42368,3.1083,27.56568,-30.53571,GAS,HAG_FLY,CaroMontHealthPark,Independent,ATL,20250918-CaroMontHealthPark-1,15856be0-94f1-11f0-8c3a-419b60f641aa,80.39317,10.74926,,8.48117,,,,1.31518,3.28633,-0.50653,6f4b811a-a4a7-4f16-b3f8-2d8bd85e17f7,2025-09-19,00:39:21.10,2025-09-18T20:39:21.1068416-04:00,2025-09-19T00:39:21.1068416Z,LineDrive,v3,5508,6089,,"McKeithan, Aaron",702463,Right,GAS,3e4221dd-8d2f-48d3-a2b8-ec72fa86eb48,55.50071,-121.81083,13.78284,5.39027,2.80972,-15.26785,-2.51672,3.6097,1.55415,324.883383,1.25543,-98.37764,8.77568,,,,,,,3.50928,23.88113,-19.77823,,,,,,,-0.41879,17.91081,-4.08824,,,,,,,,,,,,,,,,,,,,,,,,,,,,,High,High,High,High,Low,,,
213,2025-09-18,20:39:45.21,4,6,"Blanton, Bryan",676802,Right,GAS,"Black, Mark",691773,Right,HAG_FLY,Undefined,7,Top,2,2,2,Slider,Slider,FoulBallNotFieldable,Undefined,Undefined,Undefined,0,0,,82.90822,1.167113,-2.342397,3043.285872,73.181853,8:30,5.43969,2.33105,5.05068,-44.35471,-1.89894,-11.05827,2.84532,-0.80098,75.30948,-6.885487,-4.293476,0.468964,,,,,,,,,,,,4.77296,-0.91161,-2.09854,50,5.51555,5.39062,-120.08657,0.78157,6.88774,25.8088,-33.48955,GAS,HAG_FLY,CaroMontHealthPark,Independent,ATL,20250918-CaroMontHealthPark-1,23ff79e0-94f1-11f0-8c3a-419b60f641aa,80.37381,,,7.59874,,,,,,,6f4b811a-a4a7-4f16-b3f8-2d8bd85e17f7,2025-09-19,00:39:45.21,2025-09-18T20:39:45.2110336-04:00,2025-09-19T00:39:45.2110336Z,,v3,5508,6089,,"McKeithan, Aaron",702463,Right,GAS,f207ccdb-e47b-495a-90b1-26e33ef36408,55.44875,-121.25195,12.9044,5.44612,2.29378,-16.74478,-2.33493,5.0796,3.44387,,,,,,,,,,,,,,,,,,,,,,,,,,,,,,,,,,,,,,,,,,,,,,,,,,,High,High,High,,,,,
214,2025-09-18,20:40:32.38,4,7,"Blanton, Bryan",676802,Right,GAS,"Black, Mark",691773,Right,HAG_FLY,Undefined,7,Top,2,2,2,TwoSeamFastBall,Four-Seam,FoulBallNotFieldable,Undefined,Undefined,Undefined,0,0,,90.67937,0.44183,-3.865254,2624.873185,216.529993,1:15,5.26489,2.57803,4.75028,-19.49489,16.47395,11.26355,4.06032,-0.15478,81.7034,-3.196291,-1.893219,0.431653,77.2089,40.873709,162.406007,4465.70926,,,,,29.87926,,,-6.71146,8.30193,-2.19968,50,5.29319,8.29919,-131.06019,0.2944,-11.55702,30.27809,-17.87828,GAS,HAG_FLY,CaroMontHealthPark,Independent,ATL,20250918-CaroMontHealthPark-1,3ff69840-94f1-11f0-8c3a-419b60f641aa,87.32116,26.1094,,8.97596,,,,0.44184,3.91331,0.31052,6f4b811a-a4a7-4f16-b3f8-2d8bd85e17f7,2025-09-19,00:40:32.38,2025-09-18T20:40:32.3810304-04:00,2025-09-19T00:40:32.3810304Z,,v3,5508,6089,,"McKeithan, Aaron",702463,Right,GAS,6bb00b7f-cba3-4704-95b4-3709292386c6,55.74675,-132.38117,15.13905,5.26333,1.0744,-8.93914,-2.57275,8.8034,-5.77851,,0.4447,-81.73006,5.30685,,,,,,,3.92941,73.50869,-34.56978,,,,,,,0.31544,25.7008,-7.20946,,,,,,,,,,,,,,,,,,,,,,,,,,,,,High,High,High,High,Undefined,,,
215,2025-09-18,20:40:59.67,4,8,"Blanton, Bryan",676802,Right,GAS,"Black, Mark",691773,Right,HAG_FLY,Undefined,7,Top,2,2,2,Slider,Slider,StrikeSwinging,Strikeout,Undefined,Undefined,0,0,,83.31138,-0.31445,-4.005285,2933.366421,60.478199,8:00,5.27473,2.37551,5.0881,-42.46235,0.08283,-2.67791,1.4391,-1.62886,75.0398,-8.036643,-4.477267,0.469458,,,,,,,,,,,,-0.0428,0.59555,-1.99386,50,5.21178,8.54304,-120.33911,-2.24443,-0.06138,28.1559,-31.32001,GAS,HAG_FLY,CaroMontHealthPark,Independent,ATL,20250918-CaroMontHealthPark-1,5065bf80-94f1-11f0-8c3a-419b60f641aa,80.28927,,,8.27158,,,,,,,6f4b811a-a4a7-4f16-b3f8-2d8bd85e17f7,2025-09-19,00:40:59.67,2025-09-18T20:40:59.6790000-04:00,2025-09-19T00:40:59.6790000Z,,v3,5508,6089,,"McKeithan, Aaron",702463,Right,GAS,9fbefb14-cf7b-4063-ac9c-610aa16fffde,55.40883,-121.59804,14.07795,5.28083,-0.84403,-15.66,-2.3759,8.54579,-0.03069,,,,,,,,,,,,,,,,,,,,,,,,,,,,,57.07492,,,1.201489,,,,-1.83502,5.90892,-1.26521,58.26771,7.55861,-66.70871,-1.7984,52.95294,-2.45587,5.98924,18.69037,-14.44871,-1.37078,-60.52189,5.08901,High,High,High,,,High,High,High
216,2025-09-18,20:43:26.33,1,1,"Shapley, Jake",1000132674,Right,HAG_FLY,"Reinheimer, Jack",595373,Right,GAS,Undefined,7,Bottom,0,0,0,TwoSeamFastBall,Changeup,FoulBallNotFieldable,Undefined,Undefined,Undefined,0,0,,84.09796,-1.922138,-2.80292,1875.130971,221.152657,1:15,5.92721,1.91119,6.09716,-28.68478,10.51363,8.11721,1.75621,-0.00689,77.29858,-7.260755,-1.34119,0.450615,,,,,,,,,,,,-4.97666,6.32496,-1.69957,50,5.76386,5.66716,-122.05824,-4.97735,-7.51866,23.69881,-22.61843,GAS,HAG_FLY,CaroMontHealthPark,Independent,ATL,20250918-CaroMontHealthPark-1,a7bf0bb0-94f1-11f0-8c3a-419b60f641aa,83.64667,,,6.79937,,,,,,,6f4b811a-a4a7-4f16-b3f8-2d8bd85e17f7,2025-09-19,00:43:26.33,2025-09-18T20:43:26.3379456-04:00,2025-09-19T00:43:26.3379456Z,,v3,5508,6089,,"Black, Mark",691773,Right,HAG_FLY,07e36d8f-69d0-4fac-80d7-f7ed870bbcbe,54.40266,-122.91008,11.84941,5.92815,-4.16434,-11.30921,-1.90814,5.93741,-3.75933,,,,,,,,,,,,,,,,,,,,,,,,,,,,,,,,,,,,,,,,,,,,,,,,,,,High,High,High,,,,,
217,2025-09-18,20:43:44.20,1,2,"Shapley, Jake",1000132674,Right,HAG_FLY,"Reinheimer, Jack",595373,Right,GAS,Undefined,7,Bottom,0,0,1,TwoSeamFastBall,Changeup,InPlay,Undefined,FlyBall,Out,1,0,,87.02616,-1.236601,-2.966552,2042.311909,219.197738,1:15,5.91277,1.93513,5.95789,-25.2082,11.64741,8.54252,2.66362,-0.10645,79.64443,-5.945943,-1.43344,0.436941,90.21559,44.297253,25.826561,5062.70703,94.28835,98.88225,56.65391,292.60116,132.17985,37.170198,5.716291,-5.23355,6.67788,-1.70424,50,5.80032,6.20021,-126.28067,-3.53015,-8.44757,25.81211,-21.39511,GAS,HAG_FLY,CaroMontHealthPark,Independent,ATL,20250918-CaroMontHealthPark-1,b26aac90-94f1-11f0-8c3a-419b60f641aa,86.2643,119.53254,,7.38172,,,,0.63089,2.52984,-0.18046,6f4b811a-a4a7-4f16-b3f8-2d8bd85e17f7,2025-09-19,00:43:44.20,2025-09-18T20:43:44.2073600-04:00,2025-09-19T00:43:44.2073600Z,FlyBall,v3,5508,6089,,"Black, Mark",691773,Right,HAG_FLY,54aa8947-e93e-4428-8631-a4b1373a586f,54.54168,-127.20562,12.90606,5.91308,-2.76348,-10.69755,-1.93184,6.50292,-4.22379,201.884501,0.63755,85.10652,-22.15894,5.17411,-0.53601,-0.09262,0.04006,-0.00512,0.00023,2.52463,92.49148,-21.48399,1.88174,-0.39103,0.06284,-0.00189,-0.0008,7E-05,-0.17974,41.24517,-3.12284,0.25254,0.03056,-0.01176,0.00099,5E-05,-1E-05,,,,,,,,,,,,,,,,,,,,,,,High,High,High,High,Low,,,
218,2025-09-18,20:44:19.91,2,1,"Shapley, Jake",1000132674,Right,HAG_FLY,"Long, Shed",643418,Left,GAS,Undefined,7,Bottom,1,0,0,Slider,Changeup,BallCalled,Undefined,Undefined,Undefined,0,0,,80.36689,-0.78801,-3.549005,1762.789633,276.886791,3:15,5.90603,2.09126,6.52484,-43.26073,-0.39409,15.85792,1.57658,0.15257,73.01269,-8.85279,-0.668214,0.471228,,,,,,,,,,,,-9.47154,0.4876,-1.8506,50,5.83298,6.67432,-116.57669,-2.85808,-12.83252,25.07863,-31.51345,GAS,HAG_FLY,CaroMontHealthPark,Independent,ATL,20250918-CaroMontHealthPark-1,c7b87870-94f1-11f0-8c3a-419b60f641aa,79.98768,,,7.3542,,,,,,,6f4b811a-a4a7-4f16-b3f8-2d8bd85e17f7,2025-09-19,00:44:19.91,2025-09-18T20:44:19.9117312-04:00,2025-09-19T00:44:19.9117312Z,,v3,5508,6089,,"Black, Mark",691773,Right,HAG_FLY,dbe432f8-f121-4507-b778-25d15b0da217,53.97509,-117.42871,12.53931,5.91189,-1.78743,-15.75673,-2.08476,7.1103,-6.41626,,,,,,,,,,,,,,,,,,,,,,,,,,,,,,,,,,,,,,,,,,,,,,,,,,,High,High,High,,,,,
219,2025-09-18,20:44:34.31,2,2,"Shapley, Jake",1000132674,Right,HAG_FLY,"Long, Shed",643418,Left,GAS,Undefined,7,Bottom,1,1,0,Slider,Changeup,BallCalled,Undefined,Undefined,Undefined,0,0,,80.36564,-1.348035,-1.823787,1764.280831,263.799587,2:45,5.89521,2.06856,6.44286,-39.66479,3.11516,15.12993,1.35028,1.65299,73.29901,-8.739648,0.925699,0.470751,,,,,,,,,,,,-8.4554,2.51201,-1.94532,50,5.7822,3.17477,-116.70638,-3.89909,-11.52366,24.39122,-28.75048,GAS,HAG_FLY,CaroMontHealthPark,Independent,ATL,20250918-CaroMontHealthPark-1,d05361c0-94f1-11f0-8c3a-419b60f641aa,80.06869,,,7.06663,,,,,,,6f4b811a-a4a7-4f16-b3f8-2d8bd85e17f7,2025-09-19,00:44:34.31,2025-09-18T20:44:34.3158784-04:00,2025-09-19T00:44:34.3158784Z,,v3,5508,6089,,"Black, Mark",691773,Right,HAG_FLY,9b349c05-c3a9-4f5a-8b5d-8fa438081277,54.05604,-117.55101,12.19561,5.89999,-2.90349,-14.37524,-2.06216,3.57382,-5.76183,,,,,,,,,,,,,,,,,,,,,,,,,,,,,,,,,,,,,,,,,,,,,,,,,,,High,High,High,,,,,
220,2025-09-18,20:44:50.27,2,3,"Shapley, Jake",1000132674,Right,HAG_FLY,"Long, Shed",643418,Left,GAS,Undefined,7,Bottom,1,2,0,TwoSeamFastBall,Changeup,StrikeCalled,Undefined,Undefined,Undefined,0,0,,86.98195,-2.243162,-2.38585,1960.07115,216.828402,1:15,5.9968,1.93248,6.06385,-25.16749,11.49426,7.75292,1.82062,0.3692,79.93106,-6.936432,-0.990044,0.435791,,,,,,,,,,,,-4.65134,6.8876,-1.75146,50,5.8091,4.95145,-126.25196,-5.73768,-7.5242,25.16843,-21.03243,GAS,HAG_FLY,CaroMontHealthPark,Independent,ATL,20250918-CaroMontHealthPark-1,d9d06db0-94f1-11f0-8c3a-419b60f641aa,86.49208,,,7.05089,,,,,,,6f4b811a-a4a7-4f16-b3f8-2d8bd85e17f7,2025-09-19,00:44:50.27,2025-09-18T20:44:50.2782464-04:00,2025-09-19T00:44:50.2782464Z,,v3,5508,6089,,"Black, Mark",691773,Right,HAG_FLY,f0f66d67-4170-4e13-8bea-482688b49819,54.43553,-127.13311,12.58422,5.99709,-5.00134,-10.51621,-1.92942,5.21488,-3.7621,,,,,,,,,,,,,,,,,,,,,,,,,,,,,,,,,,,,,,,,,,,,,,,,,,,High,High,High,,,,,
221,2025-09-18,20:45:07.12,2,4,"Shapley, Jake",1000132674,Right,HAG_FLY,"Long, Shed",643418,Left,GAS,Undefined,7,Bottom,1,2,1,Slider,Changeup,BallCalled,Undefined,Undefined,Undefined,0,0,,80.84958,-2.05905,-3.789596,1750.861087,266.42656,3:00,5.95413,1.94295,6.62856,-39.69353,2.38083,14.97879,0.75606,-0.28377,73.85783,-9.457974,-1.063384,0.466853,,,,,,,,,,,,-9.14414,2.26602,-1.69197,50,5.79821,7.2636,-117.25319,-5.33074,-12.58594,24.5133,-29.05512,GAS,HAG_FLY,CaroMontHealthPark,Independent,ATL,20250918-CaroMontHealthPark-1,e3da0230-94f1-11f0-8c3a-419b60f641aa,80.73729,,,6.99176,,,,,,,6f4b811a-a4a7-4f16-b3f8-2d8bd85e17f7,2025-09-19,00:45:07.12,2025-09-18T20:45:07.1255040-04:00,2025-09-19T00:45:07.1255040Z,,v3,5508,6089,,"Black, Mark",691773,Right,HAG_FLY,8c428563-e528-481a-82e3-4b00375f2e34,53.87249,-118.06001,12.25665,5.95793,-4.37443,-14.52756,-1.93785,7.67784,-6.29297,,,,,,,,,,,,,,,,,,,,,,,,,,,,,,,,,,,,,,,,,,,,,,,,,,,High,High,High,,,,,
222,2025-09-18,20:45:22.94,2,5,"Shapley, Jake",1000132674,Right,HAG_FLY,"Long, Shed",643418,Left,GAS,Undefined,7,Bottom,1,3,1,TwoSeamFastBall,Sinker,FoulBallNotFieldable,Undefined,Undefined,Undefined,0,0,,86.90418,-1.748378,-3.161253,1948.619829,225.172526,1:30,5.94129,2.04285,6.24936,-24.65655,11.80217,10.73875,2.27117,0.01932,79.82267,-6.370938,-1.223319,0.434582,,,,,,,,,,,,-6.46874,6.9454,-1.81299,50,5.79888,6.55756,-126.15923,-4.59722,-10.45219,25.05127,-20.95168,GAS,HAG_FLY,CaroMontHealthPark,Independent,ATL,20250918-CaroMontHealthPark-1,ed43d440-94f1-11f0-8c3a-419b60f641aa,86.73253,,,7.08151,,,,,,,6f4b811a-a4a7-4f16-b3f8-2d8bd85e17f7,2025-09-19,00:45:22.94,2025-09-18T20:45:22.9413376-04:00,2025-09-19T00:45:22.9413376Z,,v3,5508,6089,,"Black, Mark",691773,Right,HAG_FLY,431aea6d-cfb6-4c16-ac0a-e0e3d9aebf79,54.2512,-127.00057,12.52564,5.94146,-3.89356,-10.47584,-2.03912,6.9086,-5.2261,,,,,,,,,,,,,,,,,,,,,,,,,,,,,,,,,,,,,,,,,,,,,,,,,,,High,High,High,,,,,
223,2025-09-18,20:46:13.78,2,6,"Shapley, Jake",1000132674,Right,HAG_FLY,"Long, Shed",643418,Left,GAS,Undefined,7,Bottom,1,3,2,TwoSeamFastBall,Four-Seam,InPlay,Undefined,LineDrive,Out,1,0,,88.16825,-2.612724,-2.030721,2055.622716,219.775044,1:15,5.96911,1.80781,6.01591,-23.7023,12.31402,9.24473,1.57049,0.6963,80.43168,-7.0499,-0.367109,0.431937,70.59189,12.774176,-31.351257,3206.308806,88.5661,6.60842,-65.23838,137.67735,106.56585,-37.490397,1.599952,-5.35544,7.46733,-1.65356,50,5.75116,4.15418,-127.86362,-6.58358,-8.81622,27.74629,-19.88117,GAS,HAG_FLY,CaroMontHealthPark,Independent,ATL,20250918-CaroMontHealthPark-1,0b9117a0-94f2-11f0-8c3a-419b60f641aa,87.26364,9.86798,,7.73657,,,,-0.13501,1.43436,-0.83153,6f4b811a-a4a7-4f16-b3f8-2d8bd85e17f7,2025-09-19,00:46:13.78,2025-09-18T20:46:13.7811968-04:00,2025-09-19T00:46:13.7811968Z,GroundBall,v3,5508,6089,,"Black, Mark",691773,Right,HAG_FLY,9df6b750-6491-4b8f-90bc-84ed41b19743,54.48249,-128.83265,13.87315,5.96896,-5.88924,-9.94058,-1.80402,4.46208,-4.40811,,-0.13501,86.22948,-14.13028,2.49971,-0.50865,0.08119,-0.01304,0.00203,-0.00018,1.43436,22.89243,-16.18245,0.96651,-0.12548,0.02434,-0.00184,0.00017,-4E-05,-0.83153,-52.53406,-0.24199,0.69719,-0.24926,0.06298,-0.01318,0.00203,-0.00017,,,,,,,,,,,,,,,,,,,,,,,High,High,High,High,High,,,
224,2025-09-18,20:46:51.22,3,1,"Shapley, Jake",1000132674,Right,HAG_FLY,"Wylie, Justin",687045,Right,GAS,Undefined,7,Bottom,2,0,0,TwoSeamFastBall,Changeup,StrikeCalled,Undefined,Undefined,Undefined,0,0,,82.50585,-0.753185,-3.017412,1700.829906,275.240374,3:15,5.83107,1.80644,6.43965,-40.86148,0.09606,15.41438,1.73282,0.31561,74.54988,-8.379856,-0.220195,0.460615,,,,,,,,,,,,-9.08323,0.73354,-1.59854,50,5.75961,5.74348,-119.66582,-2.8044,-12.90375,27.46219,-31.13197,GAS,HAG_FLY,CaroMontHealthPark,Independent,ATL,20250918-CaroMontHealthPark-1,21e297e0-94f2-11f0-8c3a-419b60f641aa,81.83059,,,7.95598,,,,,,,6f4b811a-a4a7-4f16-b3f8-2d8bd85e17f7,2025-09-19,00:46:51.22,2025-09-18T20:46:51.2251392-04:00,2025-09-19T00:46:51.2251392Z,,v3,5508,6089,,"Black, Mark",691773,Right,HAG_FLY,497d04f5-20ce-4fe6-97e7-3fdc72d987e2,54.05942,-120.59383,13.7311,5.8366,-1.75239,-15.56598,-1.79999,6.17952,-6.45188,,,,,,,,,,,,,,,,,,,,,,,,,,,,,,,,,,,,,,,,,,,,,,,,,,,High,High,High,,,,,
225,2025-09-18,20:47:06.44,3,2,"Shapley, Jake",1000132674,Right,HAG_FLY,"Wylie, Justin",687045,Right,GAS,Undefined,7,Bottom,2,0,1,TwoSeamFastBall,Sinker,BallCalled,Undefined,Undefined,Undefined,0,0,,86.2207,-1.698598,-4.246622,1951.663647,233.129135,1:45,5.73233,1.78528,6.43712,-28.19352,8.6956,10.06079,1.81714,-1.28602,79.19251,-6.972107,-2.427825,0.43714,,,,,,,,,,,,-6.4313,5.36174,-1.48738,50,5.59856,8.90844,-125.03675,-4.55491,-10.19951,24.79498,-23.67078,GAS,HAG_FLY,CaroMontHealthPark,Independent,ATL,20250918-CaroMontHealthPark-1,2afc9c40-94f2-11f0-8c3a-419b60f641aa,86.22508,,,7.02819,,,,,,,6f4b811a-a4a7-4f16-b3f8-2d8bd85e17f7,2025-09-19,00:47:06.44,2025-09-18T20:47:06.4466944-04:00,2025-09-19T00:47:06.4466944Z,,v3,5508,6089,,"Black, Mark",691773,Right,HAG_FLY,ce065d49-1cd1-4bbf-9d3a-685700e16248,54.06289,-125.83985,12.39749,5.73367,-3.78823,-11.83539,-1.78127,9.2388,-5.09976,,,,,,,,,,,,,,,,,,,,,,,,,,,,,,,,,,,,,,,,,,,,,,,,,,,High,High,High,,,,,
226,2025-09-18,20:47:22.56,3,3,"Shapley, Jake",1000132674,Right,HAG_FLY,"Wylie, Justin",687045,Right,GAS,Undefined,7,Bottom,2,1,1,TwoSeamFastBall,Sinker,BallinDirt,Undefined,Undefined,Undefined,0,0,,87.47585,-2.835418,-2.369541,2083.671414,227.294937,1:30,6.02732,1.81373,6.07828,-24.6232,11.75619,11.46276,1.34756,0.57532,80.15914,-7.431984,-0.304479,0.434109,,,,,,,,,,,,-6.61099,7.22276,-1.63659,50,5.79468,4.79538,-126.88987,-7.05794,-10.76074,26.36398,-20.41753,GAS,HAG_FLY,CaroMontHealthPark,Independent,ATL,20250918-CaroMontHealthPark-1,34940e00-94f2-11f0-8c3a-419b60f641aa,86.82706,,,7.31671,,,,,,,6f4b811a-a4a7-4f16-b3f8-2d8bd85e17f7,2025-09-19,00:47:22.56,2025-09-18T20:47:22.5610240-04:00,2025-09-19T00:47:22.5610240Z,,v3,5508,6089,,"Black, Mark",691773,Right,HAG_FLY,1d611cc7-504b-45bb-b7ce-01b10b3f33c8,54.42154,-127.80523,13.18199,6.02742,-6.34903,-10.20877,-1.80958,5.169,-5.38037,,,,,,,,,,,,,,,,,,,,,,,,,,,,,,,,,,,,,,,,,,,,,,,,,,,High,High,High,,,,,
227,2025-09-18,20:47:39.73,3,4,"Shapley, Jake",1000132674,Right,HAG_FLY,"Wylie, Justin",687045,Right,GAS,Undefined,7,Bottom,2,2,1,Slider,Changeup,FoulBallNotFieldable,Undefined,Undefined,Undefined,0,0,,80.6136,-0.904839,-2.198436,1784.694702,270.096576,3:00,5.81959,1.82902,6.44086,-41.22947,1.51469,12.81898,1.55165,0.87611,73.11512,-8.597726,0.129964,0.470554,,,,,,,,,,,,-7.46221,1.5041,-1.67847,50,5.73705,4.04071,-117.01799,-3.04715,-10.1629,25.74552,-30.12558,GAS,HAG_FLY,CaroMontHealthPark,Independent,ATL,20250918-CaroMontHealthPark-1,3ecbb760-94f2-11f0-8c3a-419b60f641aa,80.10222,,,7.49848,,,,,,,6f4b811a-a4a7-4f16-b3f8-2d8bd85e17f7,2025-09-19,00:47:39.73,2025-09-18T20:47:39.7373440-04:00,2025-09-19T00:47:39.7373440Z,,v3,5508,6089,,"Black, Mark",691773,Right,HAG_FLY,6cb8b3f7-e081-4749-9403-e3b4b48f62ce,54.05864,-117.90757,12.87276,5.82435,-2.00623,-15.06279,-1.82415,4.39187,-5.08145,,,,,,,,,,,,,,,,,,,,,,,,,,,,,,,,,,,,,,,,,,,,,,,,,,,High,High,High,,,,,
228,2025-09-18,20:48:09.54,3,5,"Shapley, Jake",1000132674,Right,HAG_FLY,"Wylie, Justin",687045,Right,GAS,Undefined,7,Bottom,2,2,2,Slider,Changeup,BallCalled,Undefined,Undefined,Undefined,0,0,,82.43992,-1.466395,-4.187741,1761.979312,237.7826,2:00,5.96344,1.80936,6.58258,-32.02419,8.7413,11.52646,1.947,-1.07474,74.6077,-7.502839,-2.097291,0.459534,,,,,,,,,,,,-7.34189,5.52666,-1.52601,50,5.84969,8.31613,-119.39235,-3.95454,-10.43953,26.18264,-24.31566,GAS,HAG_FLY,CaroMontHealthPark,Independent,ATL,20250918-CaroMontHealthPark-1,509ba720-94f2-11f0-8c3a-419b60f641aa,82.02313,,,7.83222,,,,,,,6f4b811a-a4a7-4f16-b3f8-2d8bd85e17f7,2025-09-19,00:48:09.54,2025-09-18T20:48:09.5451648-04:00,2025-09-19T00:48:09.5451648Z,,v3,5508,6089,,"Black, Mark",691773,Right,HAG_FLY,4895e047-8d70-4f36-beb9-6cd0347cf7bc,53.91354,-120.24752,13.09132,5.96588,-3.16034,-12.15783,-1.8032,8.6571,-5.21976,,,,,,,,,,,,,,,,,,,,,,,,,,,,,,,,,,,,,,,,,,,,,,,,,,,High,High,High,,,,,
229,2025-09-18,20:48:27.06,3,6,"Shapley, Jake",1000132674,Right,HAG_FLY,"Wylie, Justin",687045,Right,GAS,Undefined,7,Bottom,2,3,2,ChangeUp,Four-Seam,InPlay,Undefined,GroundBall,Out,1,0,,86.87779,-2.048833,-2.625197,2023.110993,216.110204,1:15,5.81021,2.1548,6.14638,-25.76297,10.95024,7.13839,1.76728,0.32215,79.67026,-6.861991,-1.33852,0.436096,100.23661,-5.810956,-21.971174,,,,,17.55224,14.63545,-21.023887,0.113912,-4.43618,6.58768,-1.95851,50,5.64072,5.50146,-126.08903,-5.31154,-7.14016,25.69087,-21.57104,GAS,HAG_FLY,CaroMontHealthPark,Independent,ATL,20250918-CaroMontHealthPark-1,5b0228b0-94f2-11f0-8c3a-419b60f641aa,86.43143,1.69698,,7.20753,,,,0.92009,1.69698,-0.05829,6f4b811a-a4a7-4f16-b3f8-2d8bd85e17f7,2025-09-19,00:48:27.06,2025-09-18T20:48:27.0614528-04:00,2025-09-19T00:48:27.0614528Z,GroundBall,v3,5508,6089,,"Black, Mark",691773,Right,HAG_FLY,b13ba667-db6f-4726-98c0-5146d13fa6ba,54.35312,-126.97289,12.84543,5.81069,-4.56942,-10.78552,-2.15201,5.7471,-3.57008,180,0.91797,135.75113,,,,,,,,1.69721,-14.89728,,,,,,,,-0.05744,-54.76759,,,,,,,,,,,,,,,,,,,,,,,,,,,,,,High,High,High,Low,Low,,,
230,2025-09-18,20:51:09.31,1,1,"Underwood, Duane",621249,Right,GAS,"Schield, Slater",1000216204,Right,HAG_FLY,Undefined,8,Top,0,0,0,TwoSeamFastBall,Sinker,FoulBallNotFieldable,Undefined,Undefined,Undefined,0,0,,92.24475,-2.649711,-4.051596,2048.846722,245.648376,2:15,6.56115,2.80947,6.40445,-22.86922,9.7069,18.97198,2.211,0.65862,83.8595,-6.959938,-0.620083,0.410791,,,,,,,,,,,,-11.07048,6.19918,-2.52677,50,6.36038,8.6778,-133.61803,-6.91015,-19.86156,30.8396,-21.05213,GAS,HAG_FLY,CaroMontHealthPark,Independent,ATL,20250918-CaroMontHealthPark-1,bbb5dda0-94f2-11f0-8c3a-419b60f641aa,91.75575,,,8.38525,,,,,,,6f4b811a-a4a7-4f16-b3f8-2d8bd85e17f7,2025-09-19,00:51:09.31,2025-09-18T20:51:09.3187072-04:00,2025-09-19T00:51:09.3187072Z,,v3,5508,6089,,"McKeithan, Aaron",702463,Right,GAS,803f6385-75ff-4851-8478-57ecc717ff53,54.09466,-134.55978,15.4198,6.56158,-6.26728,-10.52606,-2.80102,9.28431,-9.93078,,,,,,,,,,,,,,,,,,,,,,,,,,,,,,,,,,,,,,,,,,,,,,,,,,,High,High,High,,,,,
231,2025-09-18,20:51:25.04,1,2,"Underwood, Duane",621249,Right,GAS,"Schield, Slater",1000216204,Right,HAG_FLY,Undefined,8,Top,0,0,1,FourSeamFastBall,Sinker,FoulBallNotFieldable,Undefined,Undefined,Undefined,0,0,,93.60678,-4.120565,-3.751469,2151.239165,222.459768,1:30,6.49495,2.69122,6.56697,-16.46091,14.6952,12.55906,1.3312,0.29388,86.06937,-7.247868,-1.473713,0.401738,,,,,,,,,,,,-7.62615,9.13032,-2.4379,50,6.20328,8.39727,-135.6086,-10.24935,-14.26048,28.49276,-15.10086,GAS,HAG_FLY,CaroMontHealthPark,Independent,ATL,20250918-CaroMontHealthPark-1,c510e2a0-94f2-11f0-8c3a-419b60f641aa,93.82336,,,7.53742,,,,,,,6f4b811a-a4a7-4f16-b3f8-2d8bd85e17f7,2025-09-19,00:51:25.04,2025-09-18T20:51:25.0477056-04:00,2025-09-19T00:51:25.0477056Z,,v3,5508,6089,,"McKeithan, Aaron",702463,Right,GAS,cc28bbb4-ff91-412b-9409-91a102a1d840,53.93387,-136.43265,14.24638,6.49339,-9.81262,-7.55043,-2.68672,8.8097,-7.13024,,,,,,,,,,,,,,,,,,,,,,,,,,,,,,,,,,,,,,,,,,,,,,,,,,,High,High,High,,,,,
232,2025-09-18,20:52:02.38,1,3,"Underwood, Duane",621249,Right,GAS,"Schield, Slater",1000216204,Right,HAG_FLY,Undefined,8,Top,0,0,2,TwoSeamFastBall,Four-Seam,BallCalled,Undefined,Undefined,Undefined,0,0,,94.14885,-3.514485,-4.951012,2304.769114,219.828392,1:15,6.50754,2.63599,6.42425,-16.89442,14.26646,11.05316,1.853,-1.00524,86.10401,-6.723643,-2.957823,0.401769,,,,,,,,,,,,-7.15902,8.74394,-2.28704,50,6.24801,11.3417,-136.17346,-8.88295,-13.4408,29.93568,-15.7576,GAS,HAG_FLY,CaroMontHealthPark,Independent,ATL,20250918-CaroMontHealthPark-1,db59fe70-94f2-11f0-8c3a-419b60f641aa,93.81623,,,8.04485,,,,,,,6f4b811a-a4a7-4f16-b3f8-2d8bd85e17f7,2025-09-19,00:52:02.38,2025-09-18T20:52:02.3849984-04:00,2025-09-19T00:52:02.3849984Z,,v3,5508,6089,,"McKeithan, Aaron",702463,Right,GAS,79d85a7e-c98b-4d13-bebd-4e272a1e5015,54.07539,-137.06644,14.96784,6.50598,-8.41289,-7.8788,-2.63135,11.74264,-6.7204,,,,,,,,,,,,,,,,,,,,,,,,,,,,,,,,,,,,,,,,,,,,,,,,,,,High,High,High,,,,,
233,2025-09-18,20:52:22.22,1,4,"Underwood, Duane",621249,Right,GAS,"Schield, Slater",1000216204,Right,HAG_FLY,Undefined,8,Top,0,1,2,Sinker,Curveball,StrikeSwinging,Strikeout,Undefined,Undefined,0,0,,81.80944,-1.457229,-2.169616,2494.039404,44.666466,7:30,6.59885,2.84214,5.82006,-50.58113,-8.58229,-9.7589,1.02764,0.01074,75.63284,-10.639496,-3.923244,0.466434,,,,,,,,,,,,4.41107,-3.68764,-2.65856,50,6.44908,4.86789,-118.80541,-4.72317,6.27327,23.81581,-37.41851,GAS,HAG_FLY,CaroMontHealthPark,Independent,ATL,20250918-CaroMontHealthPark-1,e72b3390-94f2-11f0-8c3a-419b60f641aa,80.80983,,,6.1766,,,,,,,6f4b811a-a4a7-4f16-b3f8-2d8bd85e17f7,2025-09-19,00:52:22.22,2025-09-18T20:52:22.2233600-04:00,2025-09-19T00:52:22.2233600Z,,v3,5508,6089,,"McKeithan, Aaron",702463,Right,GAS,39d620f8-e447-41b9-b325-18ed53e1d4fa,54.68298,-119.74048,11.90791,6.60569,-3.25402,-18.70925,-2.84485,4.62158,3.13663,,,,,,,,,,,,,,,,,,,,,,,,,,,,,,,,,,,,,,,,,,,,,,,,,,,High,High,High,,,,,
234,2025-09-18,20:53:00.56,2,1,"Underwood, Duane",621249,Right,GAS,"Escanio, Brenny",691601,Left,HAG_FLY,Undefined,8,Top,1,0,0,Curveball,Curveball,BallCalled,Undefined,Undefined,Undefined,0,0,,82.10884,-0.664433,-2.707323,2534.676285,27.210814,7:00,6.62976,2.7241,5.88694,-53.40156,-11.72831,-6.70016,1.56194,-0.35007,75.68584,-10.380038,-3.911757,0.464622,,,,,,,,,,,,2.64547,-5.48252,-2.5017,50,6.54517,5.89267,-119.21976,-3.19348,3.78105,24.40662,-40.00999,GAS,HAG_FLY,CaroMontHealthPark,Independent,ATL,20250918-CaroMontHealthPark-1,fe0a26c0-94f2-11f0-8c3a-419b60f641aa,81.1249,,,6.42301,,,,,,,6f4b811a-a4a7-4f16-b3f8-2d8bd85e17f7,2025-09-19,00:53:00.56,2025-09-18T20:53:00.5616640-04:00,2025-09-19T00:53:00.5616640Z,,v3,5508,6089,,"McKeithan, Aaron",702463,Right,GAS,fa1946fd-4bda-41c7-89b7-954ba717292e,54.61595,-120.16102,12.20331,6.63858,-1.65046,-20.005,-2.72615,5.74685,1.89052,,,,,,,,,,,,,,,,,,,,,,,,,,,,,,,,,,,,,,,,,,,,,,,,,,,High,High,High,,,,,
235,2025-09-18,20:53:17.32,2,2,"Underwood, Duane",621249,Right,GAS,"Escanio, Brenny",691601,Left,HAG_FLY,Undefined,8,Top,1,1,0,FourSeamFastBall,Sinker,FoulBallNotFieldable,Undefined,Undefined,Undefined,0,0,,93.29844,-3.391405,-3.274089,2153.929344,230.19072,1:45,6.46418,2.72642,6.40073,-18.52733,13.27985,14.63288,1.79272,0.93167,84.92722,-6.908088,-0.625702,0.405914,,,,,,,,,,,,-8.66717,8.27591,-2.49811,50,6.21187,7.14163,-135.18974,-8.57182,-15.92693,31.41199,-16.96612,GAS,HAG_FLY,CaroMontHealthPark,Independent,ATL,20250918-CaroMontHealthPark-1,07f9f1b0-94f3-11f0-8c3a-419b60f641aa,92.85823,,,8.37122,,,,,,,6f4b811a-a4a7-4f16-b3f8-2d8bd85e17f7,2025-09-19,00:53:17.32,2025-09-18T20:53:17.3212672-04:00,2025-09-19T00:53:17.3212672Z,,v3,5508,6089,,"McKeithan, Aaron",702463,Right,GAS,87600647-dab7-42dc-b1f0-64b42e84a89d,54.09945,-136.13894,15.70599,6.46315,-8.05915,-8.48306,-2.72119,7.62291,-7.96347,,,,,,,,,,,,,,,,,,,,,,,,,,,,,,,,,,,,,,,,,,,,,,,,,,,High,High,High,,,,,
236,2025-09-18,20:53:43.70,2,3,"Underwood, Duane",621249,Right,GAS,"Escanio, Brenny",691601,Left,HAG_FLY,Undefined,8,Top,1,1,1,TwoSeamFastBall,Sinker,FoulBallNotFieldable,Undefined,Undefined,Undefined,0,0,,92.75998,-1.299101,-3.420671,2212.253859,242.070758,2:00,6.61714,2.65032,6.66879,-23.7636,8.04748,13.14595,3.44593,0.61241,84.25549,-5.798923,-1.03009,0.405939,,,,,,,,,,,,-7.95245,4.9602,-2.42552,50,6.52046,7.52252,-134.60961,-3.77422,-14.46704,31.54262,-23.15052,GAS,HAG_FLY,CaroMontHealthPark,Independent,ATL,20250918-CaroMontHealthPark-1,17b99f10-94f3-11f0-8c3a-419b60f641aa,92.85251,,,8.50449,,,,,,,6f4b811a-a4a7-4f16-b3f8-2d8bd85e17f7,2025-09-19,00:53:43.70,2025-09-18T20:53:43.7071872-04:00,2025-09-19T00:53:43.7071872Z,,v3,5508,6089,,"McKeithan, Aaron",702463,Right,GAS,3f7cc714-78e0-4176-8297-98244334e67e,53.83007,-135.50412,15.77131,6.61819,-3.11769,-11.57526,-2.64467,7.9328,-7.23352,,,,,,,,,,,,,,,,,,,,,,,,,,,,,,,,,,,,,,,,,,,,,,,,,,,High,High,High,,,,,
237,2025-09-18,20:54:14.28,2,4,"Underwood, Duane",621249,Right,GAS,"Escanio, Brenny",691601,Left,HAG_FLY,Undefined,8,Top,1,1,2,FourSeamFastBall,Four-Seam,BallCalled,Undefined,Undefined,Undefined,0,0,,94.56094,-3.693551,-4.828112,2370.87135,198.944656,12:45,6.52983,2.55231,6.65756,-17.18442,13.54698,4.30004,1.70098,-1.51818,86.31926,-6.961928,-4.049513,0.398991,,,,,,,,,,,,-3.67201,8.52827,-2.2287,50,6.27328,11.37932,-136.75678,-9.33652,-6.92418,31.36997,-16.09256,GAS,HAG_FLY,CaroMontHealthPark,Independent,ATL,20250918-CaroMontHealthPark-1,29f23bb0-94f3-11f0-8c3a-419b60f641aa,94.46949,,,8.24167,,,,,,,6f4b811a-a4a7-4f16-b3f8-2d8bd85e17f7,2025-09-19,00:54:14.28,2025-09-18T20:54:14.2815232-04:00,2025-09-19T00:54:14.2815232Z,,v3,5508,6089,,"McKeithan, Aaron",702463,Right,GAS,092f8302-491c-4500-a2ca-ec5f5f359817,53.84122,-137.63508,15.68499,6.52838,-8.88596,-8.04628,-2.55001,11.57319,-3.46209,,,,,,,,,,,,,,,,,,,,,,,,,,,,,,,,,,,,,,,,,,,,,,,,,,,High,High,High,,,,,
238,2025-09-18,20:54:34.11,2,5,"Underwood, Duane",621249,Right,GAS,"Escanio, Brenny",691601,Left,HAG_FLY,Undefined,8,Top,1,2,2,FourSeamFastBall,Sinker,InPlay,Undefined,Popup,Out,1,0,,91.94534,-1.899928,-3.746082,2102.827776,240.7899,2:00,6.5066,2.75975,6.35476,-23.2219,9.8317,15.4254,2.81834,0.59234,82.92335,-6.292851,-0.958519,0.413791,75.71955,50.045086,-0.293284,,109.81692,103.2188,6.34187,219.9323,218.98771,5.494921,5.335473,-9.26473,6.08599,-2.4948,50,6.35776,8.08531,-133.18896,-5.14824,-16.37422,32.90237,-21.41782,GAS,HAG_FLY,CaroMontHealthPark,Independent,ATL,20250918-CaroMontHealthPark-1,35c17500-94f3-11f0-8c3a-419b60f641aa,91.0906,105.76996,,9.02199,,,,1.34431,2.95318,-0.55624,6f4b811a-a4a7-4f16-b3f8-2d8bd85e17f7,2025-09-19,00:54:34.11,2025-09-18T20:54:34.1144576-04:00,2025-09-19T00:54:34.1144576Z,FlyBall,v3,5508,6089,,"McKeithan, Aaron",702463,Right,GAS,b1bf5514-4507-4f7a-af2d-fac9e367e4e9,54.14373,-134.2087,16.45118,6.50703,-4.48444,-10.70891,-2.75325,8.5928,-8.18711,,1.34819,71.23008,-15.09635,3.25781,-0.22065,-0.1028,0.03364,-0.00403,0.00017,2.95068,85.17521,-20.48248,1.77143,-0.34711,0.02916,0.00841,-0.00232,0.00016,-0.55698,-0.34642,2.97992,-0.81739,0.07646,0.02452,-0.00992,0.00137,-7E-05,,,,,,,,,,,,,,,,,,,,,,,High,High,High,High,Medium,,,
239,2025-09-18,20:55:21.75,3,1,"Underwood, Duane",621249,Right,GAS,"Williams, Tyler",1000053915,Right,HAG_FLY,Undefined,8,Top,2,0,0,Curveball,Curveball,StrikeSwinging,Undefined,Undefined,Undefined,0,0,,82.59224,-0.639901,-3.499044,2428.042729,25.226702,6:45,6.64279,2.64427,5.62402,-51.16074,-9.50934,-5.0976,1.78112,-1.04979,76.04413,-9.910574,-4.40914,0.464501,,,,,,,,,,,,1.56197,-4.27394,-2.34233,50,6.5551,7.52613,-119.76437,-3.14905,2.25522,24.40992,-38.34488,GAS,HAG_FLY,CaroMontHealthPark,Independent,ATL,20250918-CaroMontHealthPark-1,5235d9b0-94f3-11f0-8c3a-419b60f641aa,81.14615,,,6.54811,,,,,,,6f4b811a-a4a7-4f16-b3f8-2d8bd85e17f7,2025-09-19,00:55:21.75,2025-09-18T20:55:21.7568768-04:00,2025-09-19T00:55:21.7568768Z,,v3,5508,6089,,"McKeithan, Aaron",702463,Right,GAS,9dc83175-6a63-40ef-bb21-dd6a65123ce3,54.87794,-120.75448,12.20496,6.65129,-1.59371,-19.17244,-2.64574,7.43465,1.12761,,,,,,,,,,,,,,,,,,,,,,,,,,,,,,,,,,,,,,,,,,,,,,,,,,,High,High,High,,,,,
240,2025-09-18,20:55:38.39,3,2,"Underwood, Duane",621249,Right,GAS,"Williams, Tyler",1000053915,Right,HAG_FLY,Undefined,8,Top,2,0,1,FourSeamFastBall,Sinker,BallCalled,Undefined,Undefined,Undefined,0,0,,93.70137,-4.126535,-3.929925,2180.850428,228.918495,1:45,6.46003,2.828,6.55845,-18.0641,13.5745,14.25261,1.15576,0.40687,84.78968,-7.574432,-1.345393,0.404837,,,,,,,,,,,,-8.72977,8.77477,-2.56227,50,6.1667,8.72818,-135.49902,-10.30637,-16.01146,33.32446,-16.08003,GAS,HAG_FLY,CaroMontHealthPark,Independent,ATL,20250918-CaroMontHealthPark-1,5c13f160-94f3-11f0-8c3a-419b60f641aa,93.10527,,,8.91169,,,,,,,6f4b811a-a4a7-4f16-b3f8-2d8bd85e17f7,2025-09-19,00:55:38.39,2025-09-18T20:55:38.3934976-04:00,2025-09-19T00:55:38.3934976Z,,v3,5508,6089,,"McKeithan, Aaron",702463,Right,GAS,ed098e4c-a542-4d0d-b8e3-fa93952e5440,53.94003,-136.46458,16.66223,6.45857,-9.84046,-8.04002,-2.82188,9.19211,-8.00573,,,,,,,,,,,,,,,,,,,,,,,,,,,,,,,,,,,,,,,,,,,,,,,,,,,High,High,High,,,,,
241,2025-09-18,20:55:55.18,3,3,"Underwood, Duane",621249,Right,GAS,"Williams, Tyler",1000053915,Right,HAG_FLY,Undefined,8,Top,2,1,1,Sinker,Curveball,BallCalled,Undefined,Undefined,Undefined,0,0,,83.02412,-1.711293,-2.177704,2442.0615,18.308257,6:30,6.60362,2.69232,5.88432,-50.18696,-9.55414,-3.57169,0.8306,0.37144,76.82064,-10.827129,-2.820814,0.458786,,,,,,,,,,,,1.2163,-4.08941,-2.51443,50,6.43623,4.72163,-120.57317,-5.31577,1.78463,24.16191,-38.17439,GAS,HAG_FLY,CaroMontHealthPark,Independent,ATL,20250918-CaroMontHealthPark-1,66237950-94f3-11f0-8c3a-419b60f641aa,82.15699,,,6.20347,,,,,,,6f4b811a-a4a7-4f16-b3f8-2d8bd85e17f7,2025-09-19,00:55:55.18,2025-09-18T20:55:55.1883776-04:00,2025-09-19T00:55:55.1883776Z,,v3,5508,6089,,"McKeithan, Aaron",702463,Right,GAS,cf3b6a5e-3df4-4188-b873-8059a62635cf,54.61832,-121.49512,12.08096,6.61128,-3.85914,-19.0872,-2.69329,4.65353,0.89231,,,,,,,,,,,,,,,,,,,,,,,,,,,,,,,,,,,,,,,,,,,,,,,,,,,High,High,High,,,,,
242,2025-09-18,20:56:15.51,3,4,"Underwood, Duane",621249,Right,GAS,"Williams, Tyler",1000053915,Right,HAG_FLY,Undefined,8,Top,2,2,1,TwoSeamFastBall,Sinker,BallCalled,Undefined,Undefined,Undefined,0,0,,91.55006,-2.842234,-5.180073,2167.79078,227.863577,1:30,6.58203,2.71686,6.44957,-19.71155,13.31292,13.48591,2.31522,-0.93155,83.4059,-6.581465,-2.7475,0.413608,,,,,,,,,,,,-8.4852,8.10697,-2.35429,50,6.37078,11.44659,-132.39318,-7.16774,-15.00691,29.20026,-17.83608,GAS,HAG_FLY,CaroMontHealthPark,Independent,ATL,20250918-CaroMontHealthPark-1,721fb610-94f3-11f0-8c3a-419b60f641aa,91.13074,,,8.14416,,,,,,,6f4b811a-a4a7-4f16-b3f8-2d8bd85e17f7,2025-09-19,00:56:15.51,2025-09-18T20:56:15.5131904-04:00,2025-09-19T00:56:15.5131904Z,,v3,5508,6089,,"McKeithan, Aaron",702463,Right,GAS,cd6a9cc3-4873-40d4-bfd1-418a7963d0e2,54.04834,-133.28308,14.60013,6.58094,-6.62417,-8.91804,-2.7101,11.90393,-7.50345,,,,,,,,,,,,,,,,,,,,,,,,,,,,,,,,,,,,,,,,,,,,,,,,,,,High,High,High,,,,,
243,2025-09-18,20:56:34.06,3,5,"Underwood, Duane",621249,Right,GAS,"Williams, Tyler",1000053915,Right,HAG_FLY,Undefined,8,Top,2,3,1,TwoSeamFastBall,Sinker,StrikeCalled,Undefined,Undefined,Undefined,0,0,,92.91862,-3.160791,-4.643815,2156.450241,230.646365,1:45,6.52489,2.71485,6.73014,-19.23509,12.60052,14.00414,2.02098,-0.37125,84.30101,-6.83472,-2.100304,0.406095,,,,,,,,,,,,-8.76615,7.94965,-2.41253,50,6.30797,10.35924,-134.45115,-7.97753,-15.89713,31.68228,-17.75761,GAS,HAG_FLY,CaroMontHealthPark,Independent,ATL,20250918-CaroMontHealthPark-1,7d49fcd0-94f3-11f0-8c3a-419b60f641aa,92.81671,,,8.61761,,,,,,,6f4b811a-a4a7-4f16-b3f8-2d8bd85e17f7,2025-09-19,00:56:34.06,2025-09-18T20:56:34.0667392-04:00,2025-09-19T00:56:34.0667392Z,,v3,5508,6089,,"McKeithan, Aaron",702463,Right,GAS,005f7e10-86f9-4864-a998-2b1ac4adb2a0,53.76772,-135.33607,15.84114,6.52387,-7.48154,-8.8788,-2.70807,10.80326,-7.94857,,,,,,,,,,,,,,,,,,,,,,,,,,,,,,,,,,,,,,,,,,,,,,,,,,,High,High,High,,,,,
244,2025-09-18,20:56:52.56,3,6,"Underwood, Duane",621249,Right,GAS,"Williams, Tyler",1000053915,Right,HAG_FLY,Undefined,8,Top,2,3,2,TwoSeamFastBall,Sinker,InPlay,Undefined,GroundBall,Out,1,0,,91.98128,-3.301703,-4.160159,2085.808528,235.006298,1:45,6.43614,2.9536,6.64223,-21.14478,11.52008,14.78072,1.64037,0.37043,83.29308,-7.321267,-1.476182,0.41135,84.62328,-35.661251,-99.575648,,,,,3.69364,3.69364,-51.427818,0.024926,-9.14847,7.46032,-2.67813,50,6.20393,9.11066,-133.14217,-8.30407,-16.2021,32.15439,-18.96168,GAS,HAG_FLY,CaroMontHealthPark,Independent,ATL,20250918-CaroMontHealthPark-1,884ae9a0-94f3-11f0-8c3a-419b60f641aa,91.631,1.8068,,8.6882,,,,2.72185,1.8068,-0.40483,6f4b811a-a4a7-4f16-b3f8-2d8bd85e17f7,2025-09-19,00:56:52.56,2025-09-18T20:56:52.5687296-04:00,2025-09-19T00:56:52.5687296Z,GroundBall,v3,5508,6089,,"McKeithan, Aaron",702463,Right,GAS,bd31b1d9-4f55-4f7c-82fe-122e5fc22bbf,53.85727,-134.07048,16.0772,6.43577,-7.75664,-9.48084,-2.94791,9.57842,-8.10105,,2.72198,-16.80476,,,,,,,,1.80732,-72.4872,,,,,,,,-0.40412,-99.61317,,,,,,,,,,,,,,,,,,,,,,,,,,,,,,High,High,High,Estimated,Estimated,,,
245,2025-09-18,20:59:27.17,1,1,"Paulino, Franklin",806690,Right,HAG_FLY,"Roederer, Cole",680711,Left,GAS,Undefined,8,Bottom,0,0,0,TwoSeamFastBall,Sinker,BallinDirt,Undefined,Undefined,Undefined,0,0,,90.02767,-2.780256,-3.325952,2010.398767,232.321404,1:45,5.23884,2.19843,5.78714,-25.9782,8.87512,10.00524,0.48106,-0.06548,82.31329,-7.588033,-1.535505,0.424907,,,,,,,,,,,,-6.13933,5.65674,-1.9305,50,4.99357,7.16339,-130.42683,-7.23785,-10.53223,28.47638,-22.46971,GAS,HAG_FLY,CaroMontHealthPark,Independent,ATL,20250918-CaroMontHealthPark-1,e4717550-94f3-11f0-8c3a-419b60f641aa,88.70756,,,7.71438,,,,,,,6f4b811a-a4a7-4f16-b3f8-2d8bd85e17f7,2025-09-19,00:59:27.17,2025-09-18T20:59:27.1761920-04:00,2025-09-19T00:59:27.1761920Z,,v3,5508,6089,,"Black, Mark",691773,Right,HAG_FLY,8c23f370-a30a-4264-9baf-b4f51a521696,54.71374,-131.45196,14.23819,5.23957,-6.42896,-11.23486,-2.1952,7.54254,-5.26611,,,,,,,,,,,,,,,,,,,,,,,,,,,,,,,,,,,,,,,,,,,,,,,,,,,High,High,High,,,,,
246,2025-09-18,20:59:43.31,1,2,"Paulino, Franklin",806690,Right,HAG_FLY,"Roederer, Cole",680711,Left,GAS,Undefined,8,Bottom,0,1,0,TwoSeamFastBall,Four-Seam,InPlay,Undefined,Popup,Out,1,0,,89.37921,-0.787901,-3.317442,2063.0169,221.545127,1:30,5.17751,2.04304,6.15451,-24.69013,10.05855,7.92272,2.39079,-0.36517,81.60065,-5.417635,-1.891376,0.424268,69.9084,77.403489,-40.91694,5041.821714,,,,,19.65524,,,-5.06831,5.75772,-1.79483,50,5.10483,7.19951,-129.6951,-2.56908,-8.61087,27.76658,-22.39184,GAS,HAG_FLY,CaroMontHealthPark,Independent,ATL,20250918-CaroMontHealthPark-1,ee1a4c30-94f3-11f0-8c3a-419b60f641aa,88.84105,78.7438,,7.77856,,,,1.60793,2.13736,0.646,6f4b811a-a4a7-4f16-b3f8-2d8bd85e17f7,2025-09-19,00:59:43.31,2025-09-18T20:59:43.3192960-04:00,2025-09-19T00:59:43.3192960Z,,v3,5508,6089,,"Black, Mark",691773,Right,HAG_FLY,24617a28-c463-49b9-8892-d83cbe335254,54.34529,-130.62208,13.88329,5.17812,-1.82154,-11.19592,-2.03998,7.48698,-4.30543,,1.60793,16.89629,-9.16118,2.65802,1.03092,-3.81059,4.74442,-2.88096,0.69154,2.13736,100.06411,-26.81474,3.10448,-0.57109,0.12553,-0.07605,0.05134,-0.01497,0.646,-14.64576,-2.34823,0.97014,0.6054,-2.04434,2.54235,-1.54659,0.37198,,,,,,,,,,,,,,,,,,,,,,,High,High,High,Medium,Undefined,,,
247,2025-09-18,21:00:19.36,2,1,"Paulino, Franklin",806690,Right,HAG_FLY,"Aldrete, Carter",666177,Right,GAS,Undefined,8,Bottom,1,0,0,Slider,Curveball,BallCalled,Undefined,Undefined,Undefined,0,0,,78.3256,2.766213,-0.360977,2088.450579,83.626998,8:45,5.32105,2.12737,5.84707,-46.31077,-0.35878,-16.63954,4.03444,0.40529,71.26205,-5.78788,-3.34283,0.487892,,,,,,,,,,,,8.33245,-0.51327,-2.08849,50,5.51946,1.35249,-113.63345,4.01478,10.8137,22.27226,-32.84016,GAS,HAG_FLY,CaroMontHealthPark,Independent,ATL,20250918-CaroMontHealthPark-1,03814560-94f4-11f0-8c3a-419b60f641aa,77.25574,,,7.06355,,,,,,,6f4b811a-a4a7-4f16-b3f8-2d8bd85e17f7,2025-09-19,01:00:19.36,2025-09-18T21:00:19.3655296-04:00,2025-09-19T01:00:19.3655296Z,,v3,5508,6089,,"Black, Mark",691773,Right,HAG_FLY,8b8daf42-e52d-4aac-9c91-f7ed1005db94,54.65235,-114.54169,11.13613,5.32844,5.35396,-16.42008,-2.13465,0.91152,5.40685,,,,,,,,,,,,,,,,,,,,,,,,,,,,,,,,,,,,,,,,,,,,,,,,,,,High,High,High,,,,,
248,2025-09-18,21:00:34.10,2,2,"Paulino, Franklin",806690,Right,HAG_FLY,"Aldrete, Carter",666177,Right,GAS,Undefined,8,Bottom,1,1,0,TwoSeamFastBall,Sinker,FoulBallNotFieldable,Undefined,Undefined,Undefined,0,0,,90.68917,0.008804,-3.625651,2115.71468,232.708199,1:45,5.258,2.0474,5.89651,-27.4358,6.61441,7.27469,2.97988,-0.71696,82.86212,-5.086055,-2.323526,0.419982,74.23669,-26.837245,61.764412,,,,,6.30003,6.27867,66.756121,0.060598,-4.72949,3.71303,-1.75942,50,5.243,8.0204,-131.51958,-0.93606,-8.28254,27.93458,-25.67154,GAS,HAG_FLY,CaroMontHealthPark,Independent,ATL,20250918-CaroMontHealthPark-1,0c5ba8b0-94f4-11f0-8c3a-419b60f641aa,89.74766,2.99007,,7.82705,,,,-0.30963,2.99007,0.5821,6f4b811a-a4a7-4f16-b3f8-2d8bd85e17f7,2025-09-19,01:00:34.10,2025-09-18T21:00:34.1002240-04:00,2025-09-19T01:00:34.1002240Z,GroundBall,v3,5508,6089,,"Black, Mark",691773,Right,HAG_FLY,a1b25724-ff11-4162-8105-777e4cb6440b,54.60244,-132.49353,13.96729,5.26003,-0.04101,-12.83577,-2.04408,8.30917,-4.14127,,-0.31134,46.13866,,,,,,,,2.9919,-49.34277,,,,,,,,0.57891,85.92005,,,,,,,,,,,,,,,,,,,,,,,,,,,,,,High,High,High,Low,Low,,,
249,2025-09-18,21:01:10.26,2,3,"Paulino, Franklin",806690,Right,HAG_FLY,"Aldrete, Carter",666177,Right,GAS,Undefined,8,Bottom,1,1,1,TwoSeamFastBall,Sinker,StrikeCalled,Undefined,Undefined,Undefined,0,0,,90.96783,-1.232651,-3.607415,2077.595268,235.746674,1:45,5.24828,2.04392,5.91791,-23.29915,10.50997,13.85005,2.1603,-0.15415,83.15352,-5.584912,-1.125524,0.418493,,,,,,,,,,,,-8.09536,6.05422,-1.76247,50,5.13609,7.7222,-131.91918,-3.62492,-14.26855,28.00905,-21.50317,GAS,HAG_FLY,CaroMontHealthPark,Independent,ATL,20250918-CaroMontHealthPark-1,21ea4e20-94f4-11f0-8c3a-419b60f641aa,90.06706,,,7.81431,,,,,,,6f4b811a-a4a7-4f16-b3f8-2d8bd85e17f7,2025-09-19,01:01:10.26,2025-09-18T21:01:10.2640128-04:00,2025-09-19T01:01:10.2640128Z,,v3,5508,6089,,"Black, Mark",691773,Right,HAG_FLY,ac468b21-73d6-4a55-a29d-8991c3ada989,54.5816,-132.88838,14.00452,5.24865,-2.88085,-10.75158,-2.03823,8.21594,-7.13428,,,,,,,,,,,,,,,,,,,,,,,,,,,,,,,,,,,,,,,,,,,,,,,,,,,High,High,High,,,,,
250,2025-09-18,21:01:28.25,2,4,"Paulino, Franklin",806690,Right,HAG_FLY,"Aldrete, Carter",666177,Right,GAS,Undefined,8,Bottom,1,1,2,Slider,Slider,BallinDirt,Undefined,Undefined,Undefined,0,0,,81.64655,-1.276515,-2.187483,1980.378138,115.460638,9:45,5.24017,2.01045,5.09679,-37.57116,5.88847,-9.37626,0.90522,-0.83332,74.77445,-8.101842,-3.845299,0.474476,,,,,,,,,,,,4.06918,3.68284,-1.79594,50,5.09012,4.9078,-118.33728,-3.97669,5.73475,23.87673,-26.98376,GAS,HAG_FLY,CaroMontHealthPark,Independent,ATL,20250918-CaroMontHealthPark-1,2ca446e0-94f4-11f0-8c3a-419b60f641aa,79.44011,,,6.87209,,,,,,,6f4b811a-a4a7-4f16-b3f8-2d8bd85e17f7,2025-09-19,01:01:28.25,2025-09-18T21:01:28.2518528-04:00,2025-09-19T01:01:28.2518528Z,,v3,5508,6089,,"Black, Mark",691773,Right,HAG_FLY,04113f87-8eb1-4f89-9e01-f8b5d96f95e6,55.40325,-119.42251,11.93836,5.243,-2.75024,-13.49188,-2.01308,4.64715,2.86738,,,,,,,,,,,,,,,,,,,,,,,,,,,,,,,,,,,,,,,,,,,,,,,,,,,High,High,High,,,,,
251,2025-09-18,21:01:45.91,2,5,"Paulino, Franklin",806690,Right,HAG_FLY,"Aldrete, Carter",666177,Right,GAS,Undefined,8,Bottom,1,2,2,TwoSeamFastBall,Sinker,FoulBallNotFieldable,Undefined,Undefined,Undefined,0,0,,91.38764,-0.887314,-4.378155,1945.736304,238.584291,2:00,5.23717,2.03194,5.86896,-24.55789,9.003,13.01363,2.36398,-0.95835,83.62405,-5.455737,-2.052163,0.416954,81.24561,5.848888,157.704611,3785.285049,,,,,30.30584,,,-7.83099,5.16918,-1.68435,50,5.15086,9.57179,-132.42668,-2.90506,-13.93644,27.70241,-22.97468,GAS,HAG_FLY,CaroMontHealthPark,Independent,ATL,20250918-CaroMontHealthPark-1,370c00f0-94f4-11f0-8c3a-419b60f641aa,90.39956,4.43621,,7.76359,,,,-0.37411,2.17726,0.87462,6f4b811a-a4a7-4f16-b3f8-2d8bd85e17f7,2025-09-19,01:01:45.91,2025-09-18T21:01:45.9134976-04:00,2025-09-19T01:01:45.9134976Z,,v3,5508,6089,,"Black, Mark",691773,Right,HAG_FLY,246c2201-384e-40ac-87a1-692b22d308d8,54.63045,-133.39181,13.8512,5.23813,-2.10464,-11.48734,-2.02628,10.05733,-6.96822,,-0.37467,-109.65116,13.8912,,,,,,,2.17773,12.11967,-13.48487,,,,,,,0.88219,44.58813,-26.67281,,,,,,,,,,,,,,,,,,,,,,,,,,,,,High,High,High,High,Undefined,,,
252,2025-09-18,21:02:07.39,2,6,"Paulino, Franklin",806690,Right,HAG_FLY,"Aldrete, Carter",666177,Right,GAS,Undefined,8,Bottom,1,2,2,Slider,Curveball,InPlay,Undefined,GroundBall,Out,1,0,,79.37227,0.99327,-2.138383,2154.737704,81.14079,8:45,5.28076,1.99931,5.62487,-46.47904,-0.74988,-15.52209,2.33512,-1.29055,71.64017,-7.553904,-4.907015,0.486707,59.48104,-78.32678,83.039452,,,,,2.15044,2.03265,52.763478,0.026723,7.12441,-0.22909,-1.80688,50,5.33597,4.90557,-114.98479,0.45406,9.32894,25.68252,-32.47401,GAS,HAG_FLY,CaroMontHealthPark,Independent,ATL,20250918-CaroMontHealthPark-1,440143b0-94f4-11f0-8c3a-419b60f641aa,77.44374,2.29384,,7.7321,,,,1.24382,2.29384,1.24164,6f4b811a-a4a7-4f16-b3f8-2d8bd85e17f7,2025-09-19,01:02:07.39,2025-09-18T21:02:07.3947648-04:00,2025-09-19T01:02:07.3947648Z,GroundBall,v3,5508,6089,,"Black, Mark",691773,Right,HAG_FLY,88779e17-eda0-4965-8e88-7aa80017d4f0,54.87323,-116.06815,12.84126,5.28793,1.8239,-16.23701,-2.00551,4.51204,4.66447,,1.24377,2.14916,,,,,,,,2.29558,-85.83844,,,,,,,,1.24129,17.60374,,,,,,,,,,,,,,,,,,,,,,,,,,,,,,High,High,High,Low,Low,,,
253,2025-09-18,21:02:45.73,3,1,"Paulino, Franklin",806690,Right,HAG_FLY,"Guthrie, Dalton",656495,Right,GAS,Undefined,8,Bottom,2,0,0,TwoSeamFastBall,Sinker,BallCalled,Undefined,Undefined,Undefined,0,0,,91.73791,-2.168415,-4.817607,1845.262039,238.406819,2:00,5.16032,2.05166,6.13949,-25.34895,7.84567,10.98028,1.03586,-1.49612,83.75346,-6.892487,-2.846317,0.414673,,,,,,,,,,,,-7.03969,5.01299,-1.689,50,4.98132,10.72483,-132.76355,-5.89051,-12.52749,29.20838,-23.25318,GAS,HAG_FLY,CaroMontHealthPark,Independent,ATL,20250918-CaroMontHealthPark-1,5ad365a0-94f4-11f0-8c3a-419b60f641aa,90.89688,,,7.98445,,,,,,,6f4b811a-a4a7-4f16-b3f8-2d8bd85e17f7,2025-09-19,01:02:45.73,2025-09-18T21:02:45.7373184-04:00,2025-09-19T01:02:45.7373184Z,,v3,5508,6089,,"Black, Mark",691773,Right,HAG_FLY,230f30cf-6045-4b4f-8a45-ae73a0e87b51,54.35928,-133.71916,14.60419,5.16159,-5.12973,-11.62659,-2.04659,11.1347,-6.26374,,,,,,,,,,,,,,,,,,,,,,,,,,,,,,,,,,,,,,,,,,,,,,,,,,,High,High,High,,,,,
254,2025-09-18,21:03:01.79,3,2,"Paulino, Franklin",806690,Right,HAG_FLY,"Guthrie, Dalton",656495,Right,GAS,Undefined,8,Bottom,2,1,0,TwoSeamFastBall,Sinker,StrikeCalled,Undefined,Undefined,Undefined,0,0,,89.88767,-0.974193,-4.340366,1991.231965,238.073983,2:00,5.24419,2.14437,6.05615,-25.8662,8.87056,12.33981,2.18426,-0.85256,81.62919,-5.813849,-2.126702,0.424196,,,,,,,,,,,,-7.65063,5.20933,-1.81307,50,5.15449,9.36392,-130.18372,-3.06887,-13.03475,29.17288,-23.29865,GAS,HAG_FLY,CaroMontHealthPark,Independent,ATL,20250918-CaroMontHealthPark-1,64666a90-94f4-11f0-8c3a-419b60f641aa,88.85628,,,8.25847,,,,,,,6f4b811a-a4a7-4f16-b3f8-2d8bd85e17f7,2025-09-19,01:03:01.79,2025-09-18T21:03:01.7973248-04:00,2025-09-19T01:03:01.7973248Z,,v3,5508,6089,,"Black, Mark",691773,Right,HAG_FLY,553af791-1a2f-4c77-ac6f-6b2d92a924e8,54.44251,-131.17546,14.58644,5.24535,-2.27683,-11.64932,-2.13893,9.80704,-6.51738,,,,,,,,,,,,,,,,,,,,,,,,,,,,,,,,,,,,,,,,,,,,,,,,,,,High,High,High,,,,,
255,2025-09-18,21:03:26.64,3,3,"Paulino, Franklin",806690,Right,HAG_FLY,"Guthrie, Dalton",656495,Right,GAS,Undefined,8,Bottom,2,1,1,TwoSeamFastBall,Sinker,BallCalled,Undefined,Undefined,Undefined,0,0,,90.48713,-1.189105,-4.648212,2005.188937,227.687269,1:30,5.33285,1.92973,5.816,-22.69434,11.93587,11.80863,2.3322,-1.4177,82.09761,-5.441194,-2.541601,0.423545,,,,,,,,,,,,-7.36815,6.79237,-1.55522,50,5.22181,10.12189,-130.91188,-3.47979,-12.70416,29.30129,-20.46269,GAS,HAG_FLY,CaroMontHealthPark,Independent,ATL,20250918-CaroMontHealthPark-1,7313bd90-94f4-11f0-8c3a-419b60f641aa,88.99286,,,8.38952,,,,,,,6f4b811a-a4a7-4f16-b3f8-2d8bd85e17f7,2025-09-19,01:03:26.64,2025-09-18T21:03:26.6432000-04:00,2025-09-19T01:03:26.6432000Z,,v3,5508,6089,,"Black, Mark",691773,Right,HAG_FLY,8b0878c7-390c-4c88-9c71-41c753af6fc6,54.68129,-131.95551,14.65064,5.33277,-2.75096,-10.23135,-1.92379,10.57438,-6.35208,,,,,,,,,,,,,,,,,,,,,,,,,,,,,,,,,,,,,,,,,,,,,,,,,,,High,High,High,,,,,
256,2025-09-18,21:03:43.39,3,4,"Paulino, Franklin",806690,Right,HAG_FLY,"Guthrie, Dalton",656495,Right,GAS,Undefined,8,Bottom,2,2,1,TwoSeamFastBall,Four-Seam,FoulBallNotFieldable,Undefined,Undefined,Undefined,0,0,,88.51836,-0.801491,-3.501391,1978.854865,217.549067,1:15,5.27427,1.9586,6.14267,-23.76942,11.76949,8.14674,2.55138,-0.60222,80.6091,-5.27411,-2.035915,0.429065,74.40991,35.447961,160.314295,3607.333393,,,,,33.7941,,,-5.25764,6.66559,-1.69578,50,5.20082,7.5298,-128.38566,-2.53312,-8.7324,27.79522,-21.10323,GAS,HAG_FLY,CaroMontHealthPark,Independent,ATL,20250918-CaroMontHealthPark-1,7d2eb730-94f4-11f0-8c3a-419b60f641aa,87.8478,23.51213,,7.90925,,,,1.97768,2.53207,0.58751,6f4b811a-a4a7-4f16-b3f8-2d8bd85e17f7,2025-09-19,01:03:43.39,2025-09-18T21:03:43.3901056-04:00,2025-09-19T01:03:43.3901056Z,,v3,5508,6089,,"Black, Mark",691773,Right,HAG_FLY,ea95b76a-a28a-4c5d-83c1-18a1aee42538,54.35671,-129.32543,13.89761,5.2744,-1.81961,-10.55161,-1.95536,7.82505,-4.3662,,1.98039,-83.80025,5.51701,,,,,,,2.5487,62.75589,-29.68829,,,,,,,0.59749,29.6255,-9.86262,,,,,,,,,,,,,,,,,,,,,,,,,,,,,High,High,High,High,Undefined,,,
257,2025-09-18,21:04:07.16,3,5,"Paulino, Franklin",806690,Right,HAG_FLY,"Guthrie, Dalton",656495,Right,GAS,Undefined,8,Bottom,2,2,2,Slider,Curveball,BallinDirt,Undefined,Undefined,Undefined,0,0,,81.60566,-0.713071,-3.550978,2279.189838,77.307553,8:30,5.26957,2.18893,5.87742,-45.59569,-2.44181,-17.98218,0.80637,-2.61175,73.73425,-9.078005,-6.768126,0.472804,,,,,,,,,,,,7.88083,-0.47362,-1.89157,50,5.18621,8.04054,-118.08649,-2.98391,10.824,28.20768,-32.82454,GAS,HAG_FLY,CaroMontHealthPark,Independent,ATL,20250918-CaroMontHealthPark-1,8b626d60-94f4-11f0-8c3a-419b60f641aa,79.72103,,,7.87141,,,,,,,6f4b811a-a4a7-4f16-b3f8-2d8bd85e17f7,2025-09-19,01:04:07.16,2025-09-18T21:04:07.1655424-04:00,2025-09-19T01:04:07.1655424Z,,v3,5508,6089,,"Black, Mark",691773,Right,HAG_FLY,02b41ba2-0bb3-4425-9a3f-b63d584401bf,54.62001,-119.18498,14.10384,5.27753,-1.70563,-16.41227,-2.19649,7.61902,5.412,,,,,,,,,,,,,,,,,,,,,,,,,,,,,,,,,,,,,,,,,,,,,,,,,,,High,High,High,,,,,
258,2025-09-18,21:04:27.02,3,6,"Paulino, Franklin",806690,Right,HAG_FLY,"Guthrie, Dalton",656495,Right,GAS,Undefined,8,Bottom,2,3,2,TwoSeamFastBall,Sinker,InPlay,Undefined,LineDrive,Double,0,0,,90.71745,-1.341598,-4.254823,2073.402053,235.140418,1:45,5.21243,1.92993,6.1186,-24.02403,9.81737,12.51922,1.96642,-0.96778,82.82012,-5.839775,-2.005847,0.418693,95.61462,10.122011,6.495502,1824.226895,108.48745,12.90729,18.17389,215.60359,215.60359,11.84528,1.926535,-7.69713,5.77607,-1.60998,50,5.09679,9.26611,-131.4782,-3.86598,-13.44818,28.362,-22.0823,GAS,HAG_FLY,CaroMontHealthPark,Independent,ATL,20250918-CaroMontHealthPark-1,972d39e0-94f4-11f0-8c3a-419b60f641aa,90.02409,12.91645,,7.89733,,,,1.21808,1.96542,0.96315,6f4b811a-a4a7-4f16-b3f8-2d8bd85e17f7,2025-09-19,01:04:27.02,2025-09-18T21:04:27.0263296-04:00,2025-09-19T01:04:27.0263296Z,LineDrive,v3,5508,6089,,"Black, Mark",691773,Right,HAG_FLY,11c36db2-007a-40d4-9785-03037350fcc3,54.38139,-132.41996,14.181,5.21299,-3.13274,-11.04115,-1.92508,9.71265,-6.72409,237.057083,1.21808,137.1657,-19.82184,3.72476,-0.74286,0.13822,-0.02465,0.00358,-0.00027,1.96542,24.64551,-14.39349,0.62903,-0.04973,0.00424,0.00148,-0.00027,1E-05,0.96315,15.61717,5.85565,-1.8636,0.51178,-0.12086,0.02491,-0.00379,0.0003,,,,,,,,,,,,,,,,,,,,,,,High,High,High,High,High,,,
259,2025-09-18,21:05:15.05,4,1,"Paulino, Franklin",806690,Right,HAG_FLY,"Scantlin, Nate",676715,Left,GAS,Undefined,8,Bottom,2,0,0,Curveball,Curveball,BallCalled,Undefined,Undefined,Undefined,0,0,,78.48511,0.435029,-3.245191,1903.731396,75.286011,8:30,5.30288,2.0543,5.6707,-48.2844,-1.99173,-13.44091,1.68545,-2.09467,71.71842,-8.391201,-5.6416,0.489697,,,,,,,,,,,,5.77906,-0.6311,-1.7717,50,5.3097,6.97069,-113.7372,-0.7252,7.48454,23.06199,-32.99141,GAS,HAG_FLY,CaroMontHealthPark,Independent,ATL,20250918-CaroMontHealthPark-1,b3c664a0-94f4-11f0-8c3a-419b60f641aa,76.97093,,,6.76669,,,,,,,6f4b811a-a4a7-4f16-b3f8-2d8bd85e17f7,2025-09-19,01:05:15.05,2025-09-18T21:05:15.0558208-04:00,2025-09-19T01:05:15.0558208Z,,v3,5508,6089,,"Black, Mark",691773,Right,HAG_FLY,c378841e-01d4-472e-a36b-a4764cd3b799,54.82821,-114.71202,11.531,5.31088,0.66933,-16.49571,-2.05967,6.65432,3.74227,,,,,,,,,,,,,,,,,,,,,,,,,,,,,,,,,,,,,,,,,,,,,,,,,,,High,High,High,,,,,
260,2025-09-18,21:05:33.98,4,2,"Paulino, Franklin",806690,Right,HAG_FLY,"Scantlin, Nate",676715,Left,GAS,Undefined,8,Bottom,2,1,0,TwoSeamFastBall,Changeup,FoulBallNotFieldable,Undefined,Undefined,Undefined,0,0,,87.75458,-0.051252,-2.956821,1859.43058,223.777694,1:30,5.16352,2.05944,6.3122,-28.44876,7.2854,5.90929,2.74552,-0.17423,80.29246,-5.376518,-1.889521,0.430242,85.71264,23.820141,-39.332533,3888.69685,80.67154,36.97517,-74.78031,271.5553,185.80715,-48.61338,3.270596,-3.90268,4.14382,-1.84548,50,5.14618,6.35138,-127.43649,-1.00214,-6.41487,26.30164,-25.36279,GAS,HAG_FLY,CaroMontHealthPark,Independent,ATL,20250918-CaroMontHealthPark-1,bf20e320-94f4-11f0-8c3a-419b60f641aa,87.60743,39.88303,,7.46213,,,,0.23926,2.65128,0.16812,6f4b811a-a4a7-4f16-b3f8-2d8bd85e17f7,2025-09-19,01:05:33.98,2025-09-18T21:05:33.9890176-04:00,2025-09-19T01:05:33.9890176Z,LineDrive,v3,5508,6089,,"Black, Mark",691773,Right,HAG_FLY,570d1597-7d18-41f5-861e-cabf2adf0edf,54.18713,-128.29776,13.15082,5.1654,-0.17161,-12.68139,-2.0569,6.56144,-3.20743,,0.2392,88.95477,-17.84202,3.85888,-0.82279,0.16156,-0.02284,0.00133,4E-05,2.65152,50.76286,-19.4978,1.88735,-0.35903,0.07203,-0.02196,0.00544,-0.00053,0.16798,-72.88671,5.28218,-1.02012,0.15772,-0.01226,0.00042,-0.00016,3E-05,,,,,,,,,,,,,,,,,,,,,,,High,High,High,High,Medium,,,
261,2025-09-18,21:06:04.29,4,3,"Paulino, Franklin",806690,Right,HAG_FLY,"Scantlin, Nate",676715,Left,GAS,Undefined,8,Bottom,2,1,1,Slider,Curveball,FoulBallNotFieldable,Undefined,Undefined,Undefined,0,0,,78.53243,1.812856,-1.680321,2049.808859,64.775876,8:15,5.25048,2.18006,5.91927,-49.85089,-4.17418,-12.07942,2.77988,-0.38636,71.5473,-7.37037,-3.84821,0.486428,72.10357,-28.923109,82.010322,,,,,5.98118,2.31512,64.133655,0.055639,5.69784,-2.29843,-2.03847,50,5.36735,3.78809,-113.97531,2.03339,7.41257,23.09867,-35.16415,GAS,HAG_FLY,CaroMontHealthPark,Independent,ATL,20250918-CaroMontHealthPark-1,d133a840-94f4-11f0-8c3a-419b60f641aa,77.48817,2.85677,,6.98513,,,,1.89081,2.85677,0.26203,6f4b811a-a4a7-4f16-b3f8-2d8bd85e17f7,2025-09-19,01:06:04.29,2025-09-18T21:06:04.2925056-04:00,2025-09-19T01:06:04.2925056Z,GroundBall,v3,5508,6089,,"Black, Mark",691773,Right,HAG_FLY,662b20f2-da78-47e3-aa1b-8e836e2323bd,54.58166,-114.90009,11.54933,5.25775,3.44123,-17.58208,-2.18419,3.49132,3.70629,,1.89036,12.9156,,,,,,,,2.85855,-51.34436,,,,,,,,0.25884,92.01957,,,,,,,,,,,,,,,,,,,,,,,,,,,,,,High,High,High,Low,Low,,,
262,2025-09-18,21:06:30.35,4,4,"Paulino, Franklin",806690,Right,HAG_FLY,"Scantlin, Nate",676715,Left,GAS,Undefined,8,Bottom,2,1,2,TwoSeamFastBall,Sinker,StrikeCalled,Strikeout,Undefined,Undefined,0,0,,89.31718,-1.28835,-3.964478,1982.209174,237.800508,2:00,5.11183,2.08097,6.27764,-25.94431,8.84205,12.20119,1.75921,-0.5624,81.34989,-6.15577,-1.764461,0.424498,,,,,,,,,,,,-7.5254,5.3128,-1.79365,50,5.00388,8.48784,-129.48867,-3.7319,-12.70611,28.4417,-23.20373,GAS,HAG_FLY,CaroMontHealthPark,Independent,ATL,20250918-CaroMontHealthPark-1,e0b191b0-94f4-11f0-8c3a-419b60f641aa,88.79292,,,7.96729,,,,,,,6f4b811a-a4a7-4f16-b3f8-2d8bd85e17f7,2025-09-19,01:06:30.35,2025-09-18T21:06:30.3508480-04:00,2025-09-19T01:06:30.3508480Z,,v3,5508,6089,,"Black, Mark",691773,Right,HAG_FLY,cddd1d04-ee35-40ba-88d9-9bc5c3ee056f,54.22194,-130.4127,14.22085,5.11288,-2.97804,-11.60187,-2.07612,8.90065,-6.35305,,,,,,,,,,,,,,,,,,,,,,,,,,,,,,,,,,,,,,,,,,,,,,,,,,,High,High,High,,,,,
263,2025-09-18,21:09:20.41,1,1,"Hennen, Ryan",802402,Left,GAS,"Takacs, Aaron",1000235182,Left,HAG_FLY,Undefined,9,Top,0,0,0,TwoSeamFastBall,Slider,StrikeCalled,Undefined,Undefined,Undefined,0,0,,86.09197,0.059986,1.610161,2132.250318,88.799018,9:00,6.40811,-1.81834,5.70331,-36.80478,1.16063,-1.29158,3.39697,-0.42525,78.89847,-6.703183,1.379037,0.443471,,,,,,,,,,,,1.10205,0.97835,1.68409,50,6.3905,-3.45908,-125.00712,-1.18304,1.74302,25.31314,-30.62671,GAS,HAG_FLY,CaroMontHealthPark,Independent,ATL,20250918-CaroMontHealthPark-1,45f81530-94f5-11f0-8c3a-419b60f641aa,84.99411,,,7.1935,,,,,,,6f4b811a-a4a7-4f16-b3f8-2d8bd85e17f7,2025-09-19,01:09:20.41,2025-09-18T21:09:20.4195840-04:00,2025-09-19T01:09:20.4195840Z,,v3,5508,6089,,"McKeithan, Aaron",702463,Right,GAS,bd89c929-8052-4c05-bb83-c95fa27c5937,54.79507,-125.97435,12.65657,6.41334,-0.01278,-15.31336,1.81754,-3.52568,0.87151,,,,,,,,,,,,,,,,,,,,,,,,,,,,,,,,,,,,,,,,,,,,,,,,,,,High,High,High,,,,,
264,2025-09-18,21:09:34.98,1,2,"Hennen, Ryan",802402,Left,GAS,"Takacs, Aaron",1000235182,Left,HAG_FLY,Undefined,9,Top,0,0,1,ChangeUp,Slider,FoulBallNotFieldable,Undefined,Undefined,Undefined,0,0,,81.49565,-0.153228,2.034877,2501.069165,275.321988,3:15,6.4174,-2.05154,4.97913,-43.61274,0.24173,12.85654,2.6382,0.94242,74.5325,-8.040433,4.303132,0.476627,64.06843,30.54831,-154.012916,3258.289522,,,,,42.44609,,,-5.77622,0.5715,1.84405,50,6.36699,-4.74525,-118.12453,-1.9333,-8.09914,24.10651,-31.37271,GAS,HAG_FLY,CaroMontHealthPark,Independent,ATL,20250918-CaroMontHealthPark-1,4ed14000-94f5-11f0-8c3a-419b60f641aa,79.08169,21.53678,,6.96315,,,,1.14541,2.55949,-1.08912,6f4b811a-a4a7-4f16-b3f8-2d8bd85e17f7,2025-09-19,01:09:34.98,2025-09-18T21:09:34.9868544-04:00,2025-09-19T01:09:34.9868544Z,,v3,5508,6089,,"McKeithan, Aaron",702463,Right,GAS,73a557cc-9df1-49a9-be41-f359bec87769,55.52062,-119.24584,12.05325,6.42298,-0.474,-15.68636,2.05601,-4.36851,-4.04957,,1.14541,-72.74233,2.59998,0.38388,-0.14587,0.04961,-0.00603,-0.00208,0.00167,2.55949,47.76004,-25.34919,2.72424,-0.57693,0.10854,-0.02141,0.00634,-0.00148,-1.08912,-35.45851,5.44661,-0.91461,0.18161,-0.02814,0.00871,-0.00454,0.00167,,,,,,,,,,,,,,,,,,,,,,,High,High,High,High,Undefined,,,
265,2025-09-18,21:09:54.16,1,3,"Hennen, Ryan",802402,Left,GAS,"Takacs, Aaron",1000235182,Left,HAG_FLY,Undefined,9,Top,0,0,2,TwoSeamFastBall,Four-Seam,InPlay,Undefined,GroundBall,Double,0,0,,90.68041,-1.137946,2.915384,2174.406287,157.842925,11:15,6.3356,-1.73589,5.63206,-20.86103,13.86079,-5.15008,3.53393,0.55741,82.04621,-5.058904,1.997162,0.424104,101.5574,1.930931,-40.031048,3695.123828,,,,76.3145,76.3145,-43.000582,0.558153,3.50213,7.72752,1.49096,50,6.22555,-6.458,-131.35577,-3.30731,6.05547,30.51509,-18.81254,GAS,HAG_FLY,CaroMontHealthPark,Independent,ATL,20250918-CaroMontHealthPark-1,5a0e9990-94f5-11f0-8c3a-419b60f641aa,88.87538,3.47901,,8.63421,,,,-0.53223,3.17094,-0.67298,6f4b811a-a4a7-4f16-b3f8-2d8bd85e17f7,2025-09-19,01:09:54.16,2025-09-18T21:09:54.1661184-04:00,2025-09-19T01:09:54.1661184Z,GroundBall,v3,5508,6089,,"McKeithan, Aaron",702463,Right,GAS,2cfa1db2-ed4a-4d62-a6ed-288b5adbfa06,54.86467,-132.48105,15.25754,6.33472,-2.61357,-9.40627,1.73323,-6.6813,3.02774,,-0.49597,113.10844,-22.01109,,,,,,,3.1904,4.54781,-18.44715,,,,,,,-0.67311,-95.75121,6.64585,,,,,,,,,,,,,,,,,,,,,,,,,,,,,High,High,High,High,High,,,
266,2025-09-18,21:10:40.83,2,1,"Hennen, Ryan",802402,Left,GAS,"Arbolida, Cary",812364,Right,HAG_FLY,Undefined,9,Top,0,0,0,TwoSeamFastBall,Slider,StrikeSwinging,Undefined,Undefined,Undefined,0,0,,86.59872,-1.771199,1.947899,2359.948085,235.362651,1:45,6.38334,-1.77543,5.54274,-33.03813,4.82855,5.24374,1.97334,0.48272,79.45246,-7.818867,2.883373,0.442894,,,,,,,,,,,,-2.10689,3.29819,1.60298,50,6.20781,-4.49361,-125.62327,-5.06616,-3.35779,26.08805,-26.91766,GAS,HAG_FLY,CaroMontHealthPark,Independent,ATL,20250918-CaroMontHealthPark-1,76019940-94f5-11f0-8c3a-419b60f641aa,85.10484,,,7.14626,,,,,,,6f4b811a-a4a7-4f16-b3f8-2d8bd85e17f7,2025-09-19,01:10:40.83,2025-09-18T21:10:40.8335360-04:00,2025-09-19T01:10:40.8335360Z,,v3,5508,6089,,"McKeithan, Aaron",702463,Right,GAS,0f864a35-6b4f-4b5e-a140-dbb253919b23,54.95677,-126.64845,13.04403,6.38611,-4.00837,-13.45883,1.77698,-4.36166,-1.67889,,,,,,,,,,,,,,,,,,,,,,,,,,,,,,,,,,,,,,,,,,,,,,,,,,,High,High,High,,,,,
267,2025-09-18,21:10:58.93,2,2,"Hennen, Ryan",802402,Left,GAS,"Arbolida, Cary",812364,Right,HAG_FLY,Undefined,9,Top,0,0,1,TwoSeamFastBall,Slider,StrikeSwinging,Undefined,Undefined,Undefined,0,0,,84.35053,-1.475414,2.595069,2648.785759,269.871394,3:00,6.35359,-1.9376,5.21339,-38.77301,1.09697,7.84154,1.73339,1.15776,78.63126,-8.462334,3.984581,0.454459,,,,,,,,,,,,-3.32091,1.20874,1.69147,50,6.18758,-5.87894,-122.47777,-4.59736,-5.106,21.42415,-30.31557,GAS,HAG_FLY,CaroMontHealthPark,Independent,ATL,20250918-CaroMontHealthPark-1,80d1b210-94f5-11f0-8c3a-419b60f641aa,82.93917,,,5.71927,,,,,,,6f4b811a-a4a7-4f16-b3f8-2d8bd85e17f7,2025-09-19,01:10:58.93,2025-09-18T21:10:58.9369856-04:00,2025-09-19T01:10:58.9369856Z,,v3,5508,6089,,"McKeithan, Aaron",702463,Right,GAS,cb1e06d7-bc80-4c66-9c97-ec2eea7e3d50,55.28872,-123.39942,10.71208,6.3573,-3.29321,-15.15779,1.93965,-5.65928,-2.553,,,,,,,,,,,,,,,,,,,,,,,,,,,,,,,,,,,,,,,,,,,,,,,,,,,High,High,High,,,,,
268,2025-09-18,21:11:25.89,2,3,"Hennen, Ryan",802402,Left,GAS,"Arbolida, Cary",812364,Right,HAG_FLY,Undefined,9,Top,0,0,2,TwoSeamFastBall,Slider,InPlay,Undefined,FlyBall,Out,1,0,,85.44029,-1.149084,1.690548,2559.421503,262.219556,2:45,6.30005,-1.83706,5.40141,-36.6573,2.38067,8.48044,2.16792,0.45423,78.50107,-7.828764,3.199806,0.449692,95.25786,24.80238,-8.330715,2397.917035,109.08942,45.25593,-14.12326,357.80475,348.74518,-5.610256,4.371865,-3.8302,1.84095,1.68008,50,6.17171,-4.01365,-124.00492,-3.81663,-5.95171,25.2753,-29.31342,GAS,HAG_FLY,CaroMontHealthPark,Independent,ATL,20250918-CaroMontHealthPark-1,90d964f0-94f5-11f0-8c3a-419b60f641aa,83.81837,61.3279,,6.93922,,,,2.19158,2.31771,-0.39889,6f4b811a-a4a7-4f16-b3f8-2d8bd85e17f7,2025-09-19,01:11:25.89,2025-09-18T21:11:25.8940416-04:00,2025-09-19T01:11:25.8940416Z,LineDrive,v3,5508,6089,,"McKeithan, Aaron",702463,Right,GAS,373983c8-09d7-4aa5-976a-838ac0adbc5f,55.09946,-125.03999,12.63765,6.30343,-2.61619,-14.65671,1.83945,-3.76991,-2.97585,195.404957,2.1905,125.51349,-20.57681,4.72946,-1.12399,0.28334,-0.06144,0.00834,-0.00048,2.31965,58.55902,-15.55038,0.4083,0.19396,-0.13796,0.04332,-0.00646,0.00037,-0.39858,-18.38255,5.73602,-1.56794,0.32552,-0.04802,0.00484,-0.00037,2E-05,,,,,,,,,,,,,,,,,,,,,,,High,High,High,High,High,,,
269,2025-09-18,21:12:07.69,3,1,"Hennen, Ryan",802402,Left,GAS,"Cannon, Bryce",1000048596,Left,HAG_FLY,Undefined,9,Top,1,0,0,TwoSeamFastBall,Four-Seam,InPlay,Undefined,Popup,Out,1,0,,90.93904,-1.65995,1.326144,2270.720771,158.025034,11:15,6.40491,-1.70132,5.87928,-18.29698,15.68631,-5.87067,3.3377,-0.95871,82.70498,-5.125994,0.272694,0.41957,58.64175,50.159339,-51.665313,4581.796032,61.06359,52.93943,-91.49444,152.12911,56.40183,-57.091881,3.959757,3.4041,8.86166,1.59763,50,6.26029,-2.80294,-131.97337,-4.3925,5.96731,29.67412,-16.63981,GAS,HAG_FLY,CaroMontHealthPark,Independent,ATL,20250918-CaroMontHealthPark-1,a9c2a710-94f5-11f0-8c3a-419b60f641aa,89.83594,62.99584,,8.23406,,,,0.60907,3.34632,0.95488,6f4b811a-a4a7-4f16-b3f8-2d8bd85e17f7,2025-09-19,01:12:07.69,2025-09-18T21:12:07.6925952-04:00,2025-09-19T01:12:07.6925952Z,Popup,v3,5508,6089,,"McKeithan, Aaron",702463,Right,GAS,ca151817-7f05-426e-905c-09209b37210b,54.61911,-133.00792,14.83706,6.40332,-3.81238,-8.31991,1.69898,-3.01098,2.98366,158.403022,0.60989,34.15235,-8.52883,2.18287,-0.10681,-0.14171,0.0513,-0.0073,0.00038,3.34689,66.01946,-20.29081,1.25979,0.08137,-0.19456,0.07783,-0.01387,0.00093,0.9544,-43.2085,5.97695,-1.37476,0.1258,0.02923,-0.00926,0.00056,3E-05,,,,,,,,,,,,,,,,,,,,,,,High,High,High,High,Low,,,
270,2025-09-18,21:12:47.78,4,1,"Hennen, Ryan",802402,Left,GAS,"Abreu, Osvaldo",622435,Right,HAG_FLY,Undefined,9,Top,2,0,0,Sinker,Changeup,FoulBallNotFieldable,Undefined,Undefined,Undefined,0,0,,83.83051,-0.690669,2.261622,1575.440021,88.700062,9:00,6.32709,-1.86835,5.55063,-39.63148,0.95402,-18.35367,2.37855,-1.28335,76.43126,-7.953189,-1.015836,0.458518,71.29935,6.834456,153.182192,2094.387157,,,,89.92721,33.02504,155.746326,1.022592,9.9878,1.08071,1.68516,50,6.24108,-4.04454,-121.60622,-2.86248,14.82572,25.78956,-30.56989,GAS,HAG_FLY,CaroMontHealthPark,Independent,ATL,20250918-CaroMontHealthPark-1,c1ae9d70-94f5-11f0-8c3a-419b60f641aa,82.20485,4.72964,,7.39925,,,,1.13799,2.11146,1.23906,6f4b811a-a4a7-4f16-b3f8-2d8bd85e17f7,2025-09-19,01:12:47.78,2025-09-18T21:12:47.7882880-04:00,2025-09-19T01:12:47.7882880Z,GroundBall,v3,5508,6089,,"McKeithan, Aaron",702463,Right,GAS,c6507f4e-6bd3-48fe-b716-9e546ab2c4e5,54.94978,-122.65145,12.89478,6.33198,-1.62351,-15.28494,1.86126,-4.64541,7.41286,,1.04797,-91.44495,10.09134,,,,,,,2.1567,11.8422,-13.68321,,,,,,,1.37255,45.01739,-10.11949,,,,,,,,,,,,,,,,,,,,,,,,,,,,,High,High,High,High,Low,,,
271,2025-09-18,21:13:04.85,4,2,"Hennen, Ryan",802402,Left,GAS,"Abreu, Osvaldo",622435,Right,HAG_FLY,Undefined,9,Top,2,0,1,TwoSeamFastBall,Changeup,BallinDirt,Undefined,Undefined,Undefined,0,0,,84.36327,-2.655962,2.318403,1628.267794,107.966585,9:30,6.2486,-1.74219,5.50827,-33.44065,6.54016,-16.18119,0.97424,-0.92131,77.47984,-8.771702,-0.569431,0.45509,,,,,,,,,,,,8.89607,4.42142,1.55125,50,5.99397,-4.29007,-122.30932,-6.8369,13.44637,24.61674,-25.49109,GAS,HAG_FLY,CaroMontHealthPark,Independent,ATL,20250918-CaroMontHealthPark-1,cbd68f60-94f5-11f0-8c3a-419b60f641aa,82.82414,,,6.88343,,,,,,,6f4b811a-a4a7-4f16-b3f8-2d8bd85e17f7,2025-09-19,01:13:04.85,2025-09-18T21:13:04.8594944-04:00,2025-09-19T01:13:04.8594944Z,,v3,5508,6089,,"McKeithan, Aaron",702463,Right,GAS,c71a4ceb-7ffb-49ee-bd2a-70c4870b691e,54.99257,-123.31006,12.30837,6.25085,-5.80062,-12.74555,1.73677,-4.8367,6.72319,,,,,,,,,,,,,,,,,,,,,,,,,,,,,,,,,,,,,,,,,,,,,,,,,,,High,High,High,,,,,
272,2025-09-18,21:13:18.63,4,3,"Hennen, Ryan",802402,Left,GAS,"Abreu, Osvaldo",622435,Right,HAG_FLY,Undefined,9,Top,2,1,1,Slider,Slider,BallinDirt,Undefined,Undefined,Undefined,0,0,,81.4002,-1.71345,0.817647,2474.713416,265.797275,2:45,6.25429,-1.98208,4.84372,-41.3775,2.9715,19.7932,1.18325,0.44154,74.36219,-9.171284,4.307834,0.479307,,,,,,,,,,,,-9.54855,2.41925,1.88329,50,6.04966,-2.53544,-117.92936,-5.06955,-13.28708,24.91419,-28.8076,GAS,HAG_FLY,CaroMontHealthPark,Independent,ATL,20250918-CaroMontHealthPark-1,d41aa620-94f5-11f0-8c3a-419b60f641aa,78.63952,,,7.03801,,,,,,,6f4b811a-a4a7-4f16-b3f8-2d8bd85e17f7,2025-09-19,01:13:18.63,2025-09-18T21:13:18.6390528-04:00,2025-09-19T01:13:18.6390528Z,,v3,5508,6089,,"McKeithan, Aaron",702463,Right,GAS,3476b61b-942e-44ef-aca2-c39aa8377b83,55.65615,-119.11831,12.45709,6.25879,-3.69481,-14.4038,1.98916,-1.90136,-6.64354,,,,,,,,,,,,,,,,,,,,,,,,,,,,,,,,,,,,,,,,,,,,,,,,,,,High,High,High,,,,,
273,2025-09-18,21:13:37.52,4,4,"Hennen, Ryan",802402,Left,GAS,"Abreu, Osvaldo",622435,Right,HAG_FLY,Undefined,9,Top,2,2,1,Sinker,Changeup,StrikeSwinging,Undefined,Undefined,Undefined,0,0,,83.48817,-1.937734,3.15127,1720.026243,101.951042,9:30,6.30993,-1.78976,5.44501,-35.6199,5.3237,-18.85391,1.52388,-0.40744,76.56277,-8.449018,-0.206281,0.460537,,,,,,,,,,,,10.42036,3.62205,1.52459,50,6.11386,-5.8819,-121.00476,-5.34579,15.41573,24.09948,-26.81563,GAS,HAG_FLY,CaroMontHealthPark,Independent,ATL,20250918-CaroMontHealthPark-1,df52a880-94f5-11f0-8c3a-419b60f641aa,81.84456,,,6.92541,,,,,,,6f4b811a-a4a7-4f16-b3f8-2d8bd85e17f7,2025-09-19,01:13:37.52,2025-09-18T21:13:37.5244288-04:00,2025-09-19T01:13:37.5244288Z,,v3,5508,6089,,"McKeithan, Aaron",702463,Right,GAS,09bf1caf-19c3-4666-af7a-7d70243117f4,55.05561,-122.00749,12.04974,6.31307,-4.23005,-13.40781,1.78266,-6.52332,7.70787,,,,,,,,,,,,,,,,,,,,,,,,,,,,,,,,,,,,,,,,,,,,,,,,,,,High,High,High,,,,,
274,2025-09-18,21:13:56.50,4,5,"Hennen, Ryan",802402,Left,GAS,"Abreu, Osvaldo",622435,Right,HAG_FLY,Undefined,9,Top,2,2,2,FourSeamFastBall,Four-Seam,StrikeSwinging,Strikeout,Undefined,Undefined,0,0,,90.77958,-1.132131,2.541449,2338.081845,162.658493,11:30,6.23759,-1.71533,5.82369,-18.73973,15.34772,-4.44843,3.62225,0.27825,82.7897,-4.669676,1.745189,0.420212,,,,,,,,,,,,2.9739,8.47619,1.51002,50,6.13387,-5.64842,-131.68547,-3.19368,5.21436,28.34911,-17.31214,GAS,HAG_FLY,CaroMontHealthPark,Independent,ATL,20250918-CaroMontHealthPark-1,ea852ca0-94f5-11f0-8c3a-419b60f641aa,89.69853,,,7.98988,,,,,,,6f4b811a-a4a7-4f16-b3f8-2d8bd85e17f7,2025-09-19,01:13:56.50,2025-09-18T21:13:56.5040000-04:00,2025-09-19T01:13:56.5040000Z,,v3,5508,6089,,"McKeithan, Aaron",702463,Right,GAS,bc880f66-ed00-4bc1-a0d1-ae72b1faf290,54.67337,-132.68773,14.17456,6.23596,-2.58162,-8.65607,1.71298,-5.83277,2.60718,,,,,,,,,,,,,,,,,,,,,,,,,,,,,47.68694,3.527276,1.964288,1.562988,-2.18718,3.31889,-0.38636,-3.40548,6.29004,-0.62555,73.10325,6.54932,-51.91415,-3.3096,53.29049,-2.81863,6.42128,23.18106,-14.78048,-0.7139,-36.4513,2.3653,High,High,High,,,High,High,High