PitchNo,Date,Time,PAofInning,PitchofPA,Pitcher,PitcherId,PitcherThrows,PitcherTeam,Batter,BatterId,BatterSide,BatterTeam,PitcherSet,Inning,Top/Bottom,Outs,Balls,Strikes,TaggedPitchType,AutoPitchType,PitchCall,KorBB,TaggedHitType,PlayResult,OutsOnPlay,RunsScored,Notes,RelSpeed,VertRelAngle,HorzRelAngle,SpinRate,SpinAxis,Tilt,RelHeight,RelSide,Extension,VertBreak,InducedVertBreak,HorzBreak,PlateLocHeight,PlateLocSide,ZoneSpeed,VertApprAngle,HorzApprAngle,ZoneTime,ExitSpeed,Angle,Direction,HitSpinRate,PositionAt110X,PositionAt110Y,PositionAt110Z,Distance,LastTrackedDistance,Bearing,HangTime,pfxx,pfxz,x0,y0,z0,vx0,vy0,vz0,ax0,ay0,az0,HomeTeam,AwayTeam,Stadium,Level,League,GameID,PitchUID,EffectiveVelo,MaxHeight,MeasuredDuration,SpeedDrop,PitchLastMeasuredX,PitchLastMeasuredY,PitchLastMeasuredZ,ContactPositionX,ContactPositionY,ContactPositionZ,GameUID,UTCDate,UTCTime,LocalDateTime,UTCDateTime,AutoHitType,System,HomeTeamForeignID,AwayTeamForeignID,GameForeignID,Catcher,CatcherId,CatcherThrows,CatcherTeam,PlayID,PitchTrajectoryXc0,PitchTrajectoryXc1,PitchTrajectoryXc2,PitchTrajectoryYc0,PitchTrajectoryYc1,PitchTrajectoryYc2,PitchTrajectoryZc0,PitchTrajectoryZc1,PitchTrajectoryZc2,HitSpinAxis,HitTrajectoryXc0,HitTrajectoryXc1,HitTrajectoryXc2,HitTrajectoryXc3,HitTrajectoryXc4,HitTrajectoryXc5,HitTrajectoryXc6,HitTrajectoryXc7,HitTrajectoryXc8,HitTrajectoryYc0,HitTrajectoryYc1,HitTrajectoryYc2,HitTrajectoryYc3,HitTrajectoryYc4,HitTrajectoryYc5,HitTrajectoryYc6,HitTrajectoryYc7,HitTrajectoryYc8,HitTrajectoryZc0,HitTrajectoryZc1,HitTrajectoryZc2,HitTrajectoryZc3,HitTrajectoryZc4,HitTrajectoryZc5,HitTrajectoryZc6,HitTrajectoryZc7,HitTrajectoryZc8,ThrowSpeed,PopTime,ExchangeTime,TimeToBase,CatchPositionX,CatchPositionY,CatchPositionZ,ThrowPositionX,ThrowPositionY,ThrowPositionZ,BasePositionX,BasePositionY,BasePositionZ,ThrowTrajectoryXc0,ThrowTrajectoryXc1,ThrowTrajectoryXc2,ThrowTrajectoryYc0,ThrowTrajectoryYc1,ThrowTrajectoryYc2,ThrowTrajectoryZc0,ThrowTrajectoryZc1,ThrowTrajectoryZc2,PitchReleaseConfidence,PitchLocationConfidence,PitchMovementConfidence,HitLaunchConfidence,HitLandingConfidence,CatcherThrowCatchConfidence,CatcherThrowReleaseConfidence,CatcherThrowLocationConfidence
1,2025-08-31,14:05:42.10,1,1,"Skirrow, Noah",659418,Right,LAN,"Diaz, Eddy",677647,Right,STA_YAN,Undefined,1,Top,0,0,0,Undefined,Curveball,StrikeCalled,Undefined,Undefined,Undefined,0,0,,80.01013,0.53453,-4.061599,2729.014369,34.198844,7:15,5.47001,3.25104,5.39069,-52.80294,-8.22126,-6.48949,1.57202,-1.10276,73.91784,-9.002061,-5.211917,0.480562,,,,,,,,,,,,2.1378,-3.86547,-2.88312,50,5.48056,8.49396,-115.96609,-0.7851,2.91257,21.58725,-37.44047,LAN,STA_YAN,ClipperMagazine,Independent,ATL,20250831-ClipperMagazine-1,1c3aa5a0-8695-11f0-af34-87ea718ebaa4,78.43407,,,6.09229,,,,,,,5b61ec32-66d2-41eb-a7be-f179224c2041,2025-08-31,18:05:42.10,2025-08-31T14:05:42.1021184-04:00,2025-08-31T18:05:42.1021184Z,,v3,1889,586,,"Campagna, Joe",690523,Right,LAN,5890809a-93c6-438d-b609-0dd2a9c3cb4a,55.1104,-116.91353,10.79363,5.47896,0.85812,-18.72023,-3.2531,8.36613,1.45629,,,,,,,,,,,,,,,,,,,,,,,,,,,,,,,,,,,,,,,,,,,,,,,,,,,High,High,High,,,,,
2,2025-08-31,14:05:56.64,1,2,"Skirrow, Noah",659418,Right,LAN,"Diaz, Eddy",677647,Right,STA_YAN,Undefined,1,Top,0,0,1,Undefined,Four-Seam,FoulBallNotFieldable,Undefined,Undefined,Undefined,0,0,,91.25711,-1.016658,-4.524139,2383.30501,217.333232,1:15,5.55844,3.15562,6.26001,-17.38501,15.76619,11.23375,3.16926,-0.08841,83.45529,-4.327401,-2.503494,0.414401,81.73252,28.045528,128.068636,4830.386893,,,,,55.90472,,,-7.04579,8.77056,-2.82488,50,5.47415,10.00387,-132.28154,-2.85079,-12.51642,27.54017,-16.5937,LAN,STA_YAN,ClipperMagazine,Independent,ATL,20250831-ClipperMagazine-1,24c7fa60-8695-11f0-af34-87ea718ebaa4,90.95639,28.83724,,7.80181,,,,-0.64878,3.06837,0.23468,5b61ec32-66d2-41eb-a7be-f179224c2041,2025-08-31,18:05:56.64,2025-08-31T14:05:56.6406144-04:00,2025-08-31T18:05:56.6406144Z,,v3,1889,586,,"Campagna, Joe",690523,Right,LAN,037e46d4-5924-4d1e-9067-a67ab5fc06c9,54.23824,-133.16099,13.77009,5.55673,-2.3209,-8.29685,-3.15071,10.40356,-6.25821,,-0.64878,-65.23548,2.2853,-1.15095,0.37722,-0.10726,0.02868,-0.00708,0.00121,3.06837,56.3616,-19.80368,0.94626,0.15501,-0.12109,0.04384,-0.01129,0.00177,0.23468,83.29175,-20.45576,6.05039,-1.46464,0.32847,-0.07088,0.0124,-0.00088,,,,,,,,,,,,,,,,,,,,,,,High,High,High,High,Undefined,,,
3,2025-08-31,14:06:21.05,1,3,"Skirrow, Noah",659418,Right,LAN,"Diaz, Eddy",677647,Right,STA_YAN,Undefined,1,Top,0,0,2,Undefined,Four-Seam,BallCalled,Undefined,Undefined,Undefined,0,0,,91.64898,0.065195,-4.888199,2380.474184,219.451864,1:15,5.59745,3.10868,6.1909,-17.93777,15.23194,11.63638,4.16305,-0.44566,83.23255,-3.354897,-2.800162,0.414517,,,,,,,,,,,,-7.38056,8.17119,-2.74508,50,5.59316,10.85094,-132.69638,-0.36793,-13.1188,29.2198,-17.64996,LAN,STA_YAN,ClipperMagazine,Independent,ATL,20250831-ClipperMagazine-1,335ce360-8695-11f0-af34-87ea718ebaa4,90.93104,,,8.41642,,,,,,,5b61ec32-66d2-41eb-a7be-f179224c2041,2025-08-31,18:06:21.05,2025-08-31T14:06:21.0536448-04:00,2025-08-31T18:06:21.0536448Z,,v3,1889,586,,"Campagna, Joe",690523,Right,LAN,546f20b5-5334-4ea5-95c5-0161b935a5aa,54.30571,-133.64113,14.6099,5.59583,0.20274,-8.82498,-3.10278,11.27511,-6.5594,,,,,,,,,,,,,,,,,,,,,,,,,,,,,,,,,,,,,,,,,,,,,,,,,,,High,High,High,,,,,
4,2025-08-31,14:06:36.86,1,4,"Skirrow, Noah",659418,Right,LAN,"Diaz, Eddy",677647,Right,STA_YAN,Undefined,1,Top,0,1,2,Undefined,Four-Seam,FoulBallNotFieldable,Undefined,Undefined,Undefined,0,0,,91.96326,-1.169266,-3.468958,2357.943745,213.69576,1:00,5.54348,3.06854,6.15468,-16.31757,16.67158,10.37083,3.10128,0.72393,83.41333,-4.298852,-1.603186,0.413387,70.73076,32.929969,116.873322,4405.602476,,,,,45.43553,,,-6.37918,9.28855,-2.80988,50,5.44604,7.64034,-133.32564,-3.18643,-11.4046,30.4772,-15.56809,LAN,STA_YAN,ClipperMagazine,Independent,ATL,20250831-ClipperMagazine-1,3ccb4950-8695-11f0-af34-87ea718ebaa4,91.17952,30.35307,,8.54993,,,,0.07188,3.22258,-0.86778,5b61ec32-66d2-41eb-a7be-f179224c2041,2025-08-31,18:06:36.86,2025-08-31T14:06:36.8663040-04:00,2025-08-31T18:06:36.8663040Z,,v3,1889,586,,"Campagna, Joe",690523,Right,LAN,b095c78d-72ce-4304-9a46-a1d4cce422b2,54.34224,-134.31457,15.2386,5.54124,-2.68127,-7.78405,-3.0638,8.0104,-5.7023,,0.07188,-39.35789,0.34332,-0.29384,0.10965,-0.03276,0.00821,-0.00143,6E-05,3.22258,56.39353,-17.97282,0.57451,0.20793,-0.12394,0.04711,-0.01776,0.00538,-0.86778,77.66824,-19.48126,5.61431,-1.31209,0.25908,0.00547,-0.0714,0.04066,,,,,,,,,,,,,,,,,,,,,,,High,High,High,High,Undefined,,,
5,2025-08-31,14:06:55.07,1,5,"Skirrow, Noah",659418,Right,LAN,"Diaz, Eddy",677647,Right,STA_YAN,Undefined,1,Top,0,1,2,Undefined,Slider,BallCalled,Undefined,Undefined,Undefined,0,0,,81.65162,-0.585684,-5.398735,2753.588123,36.929152,7:15,5.49154,3.15855,5.42845,-49.32888,-6.09902,-5.62544,0.82981,-2.3815,75.02031,-9.488824,-6.393343,0.47322,,,,,,,,,,,,1.21343,-2.44457,-2.67472,50,5.40536,11.38243,-118.00722,-2.97648,1.69932,23.8989,-35.59749,LAN,STA_YAN,ClipperMagazine,Independent,ATL,20250831-ClipperMagazine-1,47b070c0-8695-11f0-af34-87ea718ebaa4,79.65095,,,6.63131,,,,,,,5b61ec32-66d2-41eb-a7be-f179224c2041,2025-08-31,18:06:55.07,2025-08-31T14:06:55.0791680-04:00,2025-08-31T18:06:55.0791680Z,,v3,1889,586,,"Campagna, Joe",690523,Right,LAN,aafff4e8-a947-4979-a4d7-717ecfb70356,55.07069,-119.02971,11.94945,5.50013,-1.45348,-17.79874,-3.16015,11.30973,0.84966,,,,,,,,,,,,,,,,,,,,,,,,,,,,,,,,,,,,,,,,,,,,,,,,,,,High,High,High,,,,,
6,2025-08-31,14:07:32.56,1,6,"Skirrow, Noah",659418,Right,LAN,"Diaz, Eddy",677647,Right,STA_YAN,Undefined,1,Top,0,2,2,Undefined,Curveball,StrikeSwinging,Strikeout,Undefined,Undefined,0,0,,80.69311,0.672132,-2.735662,2725.299525,26.571215,7:00,5.52638,3.2608,5.68101,-52.94491,-9.53969,-5.44835,1.74158,0.25478,74.20349,-8.965755,-3.709782,0.474179,,,,,,,,,,,,1.96862,-4.59248,-3.02682,50,5.55,5.81095,-117.11842,-0.45553,2.7233,22.95209,-38.52714,LAN,STA_YAN,ClipperMagazine,Independent,ATL,20250831-ClipperMagazine-1,5e074830-8695-11f0-af34-87ea718ebaa4,79.48986,,,6.48961,,,,,,,5b61ec32-66d2-41eb-a7be-f179224c2041,2025-08-31,18:07:32.56,2025-08-31T14:07:32.5610000-04:00,2025-08-31T18:07:32.5610000Z,,v3,1889,586,,"Campagna, Joe",690523,Right,LAN,38155bc5-5435-49ed-b354-5152358ab8a1,54.81964,-118.05917,11.47604,5.53631,1.12359,-19.26357,-3.26271,5.69933,1.36165,,,,,,,,,,,,,,,,,,,,,,,,,,,,,53.63991,,,1.317041,,,,-2.59121,4.95933,4.85664,76.19425,10.30599,48.59315,-2.48987,65.06924,-4.02798,5.05602,23.70582,-14.95367,4.88092,34.93156,-1.3188,High,High,High,,,High,High,High
7,2025-08-31,14:08:06.07,2,1,"Skirrow, Noah",659418,Right,LAN,"Contreras, Mark",676628,Left,STA_YAN,Undefined,1,Top,1,0,0,Undefined,Slider,FoulBallNotFieldable,Undefined,Undefined,Undefined,0,0,,85.37996,-0.989899,-4.297561,2434.61502,157.463723,11:15,5.4737,3.38454,6.05825,-32.8614,6.0226,-1.91551,1.81635,-0.76026,77.1737,-7.101856,-4.640913,0.448804,104.80429,5.172572,51.74997,4281.233969,,,,109.93112,108.42694,55.362059,0.788861,-0.43291,3.82177,-3.04926,50,5.37918,9.35912,-123.54093,-3.18809,-0.65693,28.77235,-26.37466,LAN,STA_YAN,ClipperMagazine,Independent,ATL,20250831-ClipperMagazine-1,71fbecb0-8695-11f0-af34-87ea718ebaa4,83.98414,4.1993,,8.20626,,,,2.70984,2.02722,0.82297,5b61ec32-66d2-41eb-a7be-f179224c2041,2025-08-31,18:08:06.07,2025-08-31T14:08:06.0709376-04:00,2025-08-31T18:08:06.0709376Z,GroundBall,v3,1889,586,,"Campagna, Joe",690523,Right,LAN,5dbb1210-9157-4d6f-beb9-301bf0cc3c54,54.43867,-124.57039,14.38617,5.47637,-2.24442,-13.18733,-3.38454,9.38262,-0.32846,,2.70984,94.77606,-28.11796,6.2523,-2.52145,2.60773,-2.20294,0.80731,-0.03783,2.02722,13.85839,-23.11312,3.49982,-1.17439,0.95777,-0.76593,0.29344,-0.02225,0.82297,120.22089,-8.07583,-0.77704,1.28133,-2.10034,2.0997,-1.00633,0.16124,,,,,,,,,,,,,,,,,,,,,,,High,High,High,Medium,High,,,
8,2025-08-31,14:08:28.83,2,2,"Skirrow, Noah",659418,Right,LAN,"Contreras, Mark",676628,Left,STA_YAN,Undefined,1,Top,1,0,1,Undefined,Changeup,BallCalled,Undefined,Undefined,Undefined,0,0,,85.46227,-1.901377,-4.576728,1628.184552,264.209085,2:45,5.27334,3.29698,6.44954,-34.82703,2.93642,16.71099,0.61799,0.47577,78.22604,-8.37871,-1.55223,0.44229,,,,,,,,,,,,-10.10225,2.44914,-2.9794,50,5.12277,9.29528,-123.84903,-5.18897,-15.61995,25.77674,-28.38721,LAN,STA_YAN,ClipperMagazine,Independent,ATL,20250831-ClipperMagazine-1,7f899ee0-8695-11f0-af34-87ea718ebaa4,85.22108,,,7.23623,,,,,,,5b61ec32-66d2-41eb-a7be-f179224c2041,2025-08-31,18:08:28.83,2025-08-31T14:08:28.8332800-04:00,2025-08-31T18:08:28.8332800Z,,v3,1889,586,,"Campagna, Joe",690523,Right,LAN,ba2e2383-e13e-4607-8f46-7538fab0ea27,54.05044,-124.6892,12.88837,5.27682,-4.26371,-14.19361,-3.29067,9.8044,-7.80997,,,,,,,,,,,,,,,,,,,,,,,,,,,,,,,,,,,,,,,,,,,,,,,,,,,High,High,High,,,,,
9,2025-08-31,14:08:55.01,2,3,"Skirrow, Noah",659418,Right,LAN,"Contreras, Mark",676628,Left,STA_YAN,Undefined,1,Top,1,1,1,Undefined,Four-Seam,FoulBallNotFieldable,Undefined,Undefined,Undefined,0,0,,92.98384,-1.81286,-4.403276,2495.015027,218.13504,1:15,5.61092,3.22228,6.11937,-13.8491,18.73001,13.78009,2.77531,0.29174,83.79985,-4.505973,-1.930047,0.41081,77.02058,13.429358,-173.534495,1218.722494,,,,,37.88473,,,-8.48953,10.57075,-2.8915,50,5.46443,9.76342,-134.54777,-4.63179,-15.36472,32.65678,-13.04262,LAN,STA_YAN,ClipperMagazine,Independent,ATL,20250831-ClipperMagazine-1,8f140b70-8695-11f0-af34-87ea718ebaa4,91.7515,11.7619,,9.184,,,,1.63119,2.78573,-0.39496,5b61ec32-66d2-41eb-a7be-f179224c2041,2025-08-31,18:08:55.01,2025-08-31T14:08:55.0152704-04:00,2025-08-31T18:08:55.0152704Z,,v3,1889,586,,"Campagna, Joe",690523,Right,LAN,dad813cc-6928-49ca-970f-0d1ffc72532d,54.37747,-135.60608,16.32839,5.60769,-4.20911,-6.52131,-3.21597,10.26135,-7.68236,224.458528,1.62408,-108.92828,16.9097,,,,,,,2.78129,26.39258,-7.17862,,,,,,,-0.3869,-12.65681,-10.11134,,,,,,,,,,,,,,,,,,,,,,,,,,,,,High,High,High,High,Undefined,,,
10,2025-08-31,14:09:16.69,2,4,"Skirrow, Noah",659418,Right,LAN,"Contreras, Mark",676628,Left,STA_YAN,Undefined,1,Top,1,1,2,Undefined,Four-Seam,BallCalled,Undefined,Undefined,Undefined,0,0,,93.21292,-0.270986,-3.239523,2422.564623,228.577709,1:30,5.49395,3.17024,5.97428,-16.58501,16.00178,16.78737,3.86025,1.56283,83.7173,-3.458729,-0.227599,0.410859,,,,,,,,,,,,-9.55158,8.6063,-2.92246,50,5.46327,6.87335,-135.0258,-1.1248,-17.3641,33.59796,-16.52844,LAN,STA_YAN,ClipperMagazine,Independent,ATL,20250831-ClipperMagazine-1,9c04e160-8695-11f0-af34-87ea718ebaa4,91.74068,,,9.49562,,,,,,,5b61ec32-66d2-41eb-a7be-f179224c2041,2025-08-31,18:09:16.69,2025-08-31T14:09:16.6943744-04:00,2025-08-31T18:09:16.6943744Z,,v3,1889,586,,"Campagna, Joe",690523,Right,LAN,3c00f83b-0329-460f-9657-1f2e09d7cdc6,54.52043,-136.14595,16.79898,5.49159,-0.57374,-8.26422,-3.16126,7.45226,-8.68205,,,,,,,,,,,,,,,,,,,,,,,,,,,,,,,,,,,,,,,,,,,,,,,,,,,High,High,High,,,,,
11,2025-08-31,14:09:32.94,2,5,"Skirrow, Noah",659418,Right,LAN,"Contreras, Mark",676628,Left,STA_YAN,Undefined,1,Top,1,2,2,Undefined,Changeup,BallCalled,Undefined,Undefined,Undefined,0,0,,84.68045,-2.055018,-5.201903,1567.519065,263.211298,2:45,5.39316,3.23642,6.15479,-35.65179,3.58795,18.5071,0.51491,-0.04053,76.98321,-8.662817,-1.875178,0.450853,,,,,,,,,,,,-11.1915,2.8976,-2.84958,50,5.21825,10.4299,-122.44986,-5.54722,-16.80416,26.67473,-27.82329,LAN,STA_YAN,ClipperMagazine,Independent,ATL,20250831-ClipperMagazine-1,a5cf7110-8695-11f0-af34-87ea718ebaa4,83.60258,,,7.69724,,,,,,,5b61ec32-66d2-41eb-a7be-f179224c2041,2025-08-31,18:09:32.94,2025-08-31T14:09:32.9414144-04:00,2025-08-31T18:09:32.9414144Z,,v3,1889,586,,"Campagna, Joe",690523,Right,LAN,02ecddb4-997c-4750-ad1a-6bb09edef0ab,54.34411,-123.39256,13.33736,5.39692,-4.56392,-13.91165,-3.22868,11.02376,-8.40208,,,,,,,,,,,,,,,,,,,,,,,,,,,,,,,,,,,,,,,,,,,,,,,,,,,High,High,High,,,,,
12,2025-08-31,14:09:51.42,2,6,"Skirrow, Noah",659418,Right,LAN,"Contreras, Mark",676628,Left,STA_YAN,Undefined,1,Top,1,3,2,Undefined,Four-Seam,StrikeCalled,Strikeout,Undefined,Undefined,0,0,,92.29829,-2.811104,-4.274317,2409.146592,217.60554,1:15,5.57108,3.01651,6.23125,-16.33938,16.58237,11.86249,1.60676,0.05445,83.44192,-5.947383,-2.139791,0.412965,,,,,,,,,,,,-7.42827,9.79296,-2.70242,50,5.35234,9.46746,-133.50195,-7.02372,-13.25715,31.72159,-14.6967,LAN,STA_YAN,ClipperMagazine,Independent,ATL,20250831-ClipperMagazine-1,b0b757a0-8695-11f0-af34-87ea718ebaa4,91.2728,,,8.85637,,,,,,,5b61ec32-66d2-41eb-a7be-f179224c2041,2025-08-31,18:09:51.42,2025-08-31T14:09:51.4210000-04:00,2025-08-31T18:09:51.4210000Z,,v3,1889,586,,"Campagna, Joe",690523,Right,LAN,c7135b3a-68fd-4255-a4f9-911323ec4a23,54.26447,-134.51142,15.8608,5.56841,-6.55603,-7.34835,-3.01042,9.88934,-6.62858,,,,,,,,,,,,,,,,,,,,,,,,,,,,,56.65792,,,1.258691,,,,-0.56019,5.36984,-1.92425,80.71878,9.41599,-44.08456,-0.48512,68.8067,-3.39244,5.45127,20.84893,-14.03861,-2.05485,-39.00102,4.42613,High,High,High,,,High,High,High
13,2025-08-31,14:10:22.48,3,1,"Skirrow, Noah",659418,Right,LAN,"Dearden, Tyler",676280,Left,STA_YAN,Undefined,1,Top,2,0,0,Undefined,Four-Seam,BallCalled,Undefined,Undefined,Undefined,0,0,,91.7049,-1.678722,-5.770214,2444.802424,224.078816,1:30,5.36823,3.24245,6.18163,-18.4667,15.18241,13.48946,2.27084,-0.97983,82.42977,-5.211102,-3.354672,0.417502,,,,,,,,,,,,-8.76264,8.73115,-2.8117,50,5.23143,12.78832,-132.37137,-4.43054,-15.3129,32.23579,-16.91618,LAN,STA_YAN,ClipperMagazine,Independent,ATL,20250831-ClipperMagazine-1,c3393240-8695-11f0-af34-87ea718ebaa4,90.28095,,,9.27513,,,,,,,5b61ec32-66d2-41eb-a7be-f179224c2041,2025-08-31,18:10:22.48,2025-08-31T14:10:22.4814592-04:00,2025-08-31T18:10:22.4814592Z,,v3,1889,586,,"Campagna, Joe",690523,Right,LAN,f5563d6b-3431-4073-a791-cbc1a17dd468,54.31313,-133.41759,16.11789,5.36632,-3.88153,-8.45809,-3.23481,13.28531,-7.65645,,,,,,,,,,,,,,,,,,,,,,,,,,,,,,,,,,,,,,,,,,,,,,,,,,,High,High,High,,,,,
14,2025-08-31,14:10:36.22,3,2,"Skirrow, Noah",659418,Right,LAN,"Dearden, Tyler",676280,Left,STA_YAN,Undefined,1,Top,2,1,0,Undefined,Slider,FoulBallNotFieldable,Undefined,Undefined,Undefined,0,0,,86.50672,-0.485058,-3.977323,2351.701959,157.289352,11:15,5.56854,3.12736,6.25283,-31.43238,6.77154,-2.17291,2.50078,-0.7274,76.80471,-6.408261,-4.368417,0.444862,59.87328,66.295395,-105.061447,5627.254289,,,,,17.72592,,,-0.40346,4.15252,-2.83064,50,5.51754,8.78163,-125.03479,-2.0349,-0.61616,33.50134,-25.83255,LAN,STA_YAN,ClipperMagazine,Independent,ATL,20250831-ClipperMagazine-1,cb722570-8695-11f0-af34-87ea718ebaa4,84.72839,37.59064,,9.70201,,,,1.67959,2.52462,0.7205,5b61ec32-66d2-41eb-a7be-f179224c2041,2025-08-31,18:10:36.22,2025-08-31T14:10:36.2275840-04:00,2025-08-31T18:10:36.2275840Z,,v3,1889,586,,"Campagna, Joe",690523,Right,LAN,7c2cc740-4844-4ac2-a690-de6b9dfa1b6b,54.23999,-126.16572,16.75067,5.57152,-1.16285,-12.91627,-3.12744,8.80243,-0.30808,18.702922,1.67959,-9.17368,-5.53175,2.37563,-0.66349,0.16484,-0.04943,0.02071,-0.00564,2.52462,80.40516,-28.42944,3.62778,-0.69991,0.12605,-0.05408,0.03869,-0.01249,0.7205,-34.09036,0.03503,1.12037,-0.4257,0.11846,-0.02506,0.00247,0.00017,,,,,,,,,,,,,,,,,,,,,,,High,High,High,High,Undefined,,,
15,2025-08-31,14:10:57.11,3,3,"Skirrow, Noah",659418,Right,LAN,"Dearden, Tyler",676280,Left,STA_YAN,Undefined,1,Top,2,1,1,Undefined,Slider,BallCalled,Undefined,Undefined,Undefined,0,0,,85.49763,-0.072876,-4.731889,2347.388424,138.644296,10:30,5.46564,3.19489,6.3564,-33.99273,4.36402,-2.63276,2.56561,-1.3895,77.23701,-6.425467,-5.205691,0.445751,,,,,,,,,,,,-0.18988,2.63059,-2.85014,50,5.44441,10.3408,-123.75584,-1.18783,-0.28888,29.08029,-28.17202,LAN,STA_YAN,ClipperMagazine,Independent,ATL,20250831-ClipperMagazine-1,d7ea9710-8695-11f0-af34-87ea718ebaa4,84.5594,,,8.26063,,,,,,,5b61ec32-66d2-41eb-a7be-f179224c2041,2025-08-31,18:10:57.11,2025-08-31T14:10:57.1133952-04:00,2025-08-31T18:10:57.1133952Z,,v3,1889,586,,"Campagna, Joe",690523,Right,LAN,f2bee4af-b8b8-49e3-829a-164ceee946b5,54.14236,-124.72541,14.54014,5.46836,-0.24853,-14.08601,-3.19508,10.35043,-0.14444,,,,,,,,,,,,,,,,,,,,,,,,,,,,,,,,,,,,,,,,,,,,,,,,,,,High,High,High,,,,,
16,2025-08-31,14:11:11.81,3,4,"Skirrow, Noah",659418,Right,LAN,"Dearden, Tyler",676280,Left,STA_YAN,Undefined,1,Top,2,2,1,Undefined,Four-Seam,StrikeSwinging,Undefined,Undefined,Undefined,0,0,,91.43201,-0.492009,-4.257584,2474.015465,211.131779,1:00,5.5699,3.08807,6.25262,-17.64158,15.94828,8.89276,3.64478,-0.10436,82.18657,-3.886526,-2.657765,0.417134,,,,,,,,,,,,-5.92449,8.75048,-2.77526,50,5.52446,9.465,-132.32484,-1.62446,-10.34484,32.23879,-16.89466,LAN,STA_YAN,ClipperMagazine,Independent,ATL,20250831-ClipperMagazine-1,e0a4ef40-8695-11f0-af34-87ea718ebaa4,90.36049,,,9.24543,,,,,,,5b61ec32-66d2-41eb-a7be-f179224c2041,2025-08-31,18:11:11.81,2025-08-31T14:11:11.8164480-04:00,2025-08-31T18:11:11.8164480Z,,v3,1889,586,,"Campagna, Joe",690523,Right,LAN,06b96fce-40e0-4503-87a1-c3efa299a5a6,54.24106,-133.3541,16.1194,5.56771,-1.08508,-8.44733,-3.08271,9.79527,-5.17242,,,,,,,,,,,,,,,,,,,,,,,,,,,,,,,,,,,,,,,,,,,,,,,,,,,High,High,High,,,,,
17,2025-08-31,14:11:31.03,3,5,"Skirrow, Noah",659418,Right,LAN,"Dearden, Tyler",676280,Left,STA_YAN,Undefined,1,Top,2,2,2,Undefined,Four-Seam,StrikeSwinging,Strikeout,Undefined,Undefined,0,0,,91.34044,-0.353458,-4.577662,2453.576614,218.356885,1:15,5.56988,3.09322,6.29028,-17.93162,15.59032,11.39422,3.74881,-0.18468,82.32404,-3.796939,-2.52743,0.416712,,,,,,,,,,,,-7.28741,8.52874,-2.76057,50,5.53497,10.09804,-132.20586,-1.31486,-12.74328,31.33639,-17.26009,LAN,STA_YAN,ClipperMagazine,Independent,ATL,20250831-ClipperMagazine-1,ec169f40-8695-11f0-af34-87ea718ebaa4,90.45198,,,9.01639,,,,,,,5b61ec32-66d2-41eb-a7be-f179224c2041,2025-08-31,18:11:31.03,2025-08-31T14:11:31.0394880-04:00,2025-08-31T18:11:31.0394880Z,,v3,1889,586,,"Campagna, Joe",690523,Right,LAN,3977baa1-4ea1-4c68-b43f-b4cf72f1014d,54.20464,-133.19875,15.6682,5.56797,-0.76798,-8.63004,-3.08692,10.5018,-6.37164,,,,,,,,,,,,,,,,,,,,,,,,,,,,,,,,,,,,,,,,,,,,,,,,,,,High,High,High,,,,,
18,2025-08-31,14:14:06.29,1,1,"Roe, Nate",673225,Right,STA_YAN,"Mercedes, Melvin",621034,Left,LAN,Undefined,1,Bottom,0,0,0,Undefined,Changeup,StrikeSwinging,Undefined,Undefined,Undefined,0,0,,83.74371,-0.461196,-4.925956,2180.339169,243.562576,2:00,5.30511,3.25738,5.2822,-31.4186,10.37682,17.63682,2.25217,0.08965,75.07072,-6.283295,-1.810374,0.465303,,,,,,,,,,,,-10.40591,5.80359,-2.82049,50,5.24047,9.64196,-120.86439,-2.06115,-15.0998,27.73851,-23.75261,LAN,STA_YAN,ClipperMagazine,Independent,ATL,20250831-ClipperMagazine-1,48aa44a0-8696-11f0-af34-87ea718ebaa4,81.00625,,,8.67299,,,,,,,5b61ec32-66d2-41eb-a7be-f179224c2041,2025-08-31,18:14:06.29,2025-08-31T14:14:06.2916096-04:00,2025-08-31T18:14:06.2916096Z,,v3,1889,586,,"Espinosa, Albert",1000115232,Right,STA_YAN,e475224f-8e69-4b06-a8b7-c35fa414569e,55.21274,-122.05486,13.86926,5.30706,-1.04176,-11.8763,-3.2482,10.29,-7.5499,,,,,,,,,,,,,,,,,,,,,,,,,,,,,,,,,,,,,,,,,,,,,,,,,,,High,High,High,,,,,
19,2025-08-31,14:14:23.29,1,2,"Roe, Nate",673225,Right,STA_YAN,"Mercedes, Melvin",621034,Left,LAN,Undefined,1,Bottom,0,0,1,Undefined,Changeup,BallCalled,Undefined,Undefined,Undefined,0,0,,84.37857,0.295739,-5.244777,2215.419013,234.011884,1:45,5.32125,3.18613,5.21405,-27.24541,13.85446,16.99288,3.33005,-0.3433,75.82934,-4.774408,-2.251455,0.461415,,,,,,,,,,,,-10.05697,7.24008,-2.71346,50,5.32883,10.41638,-121.76436,-0.29391,-14.89959,26.85572,-21.44772,LAN,STA_YAN,ClipperMagazine,Independent,ATL,20250831-ClipperMagazine-1,52d8c640-8696-11f0-af34-87ea718ebaa4,81.68881,,,8.54924,,,,,,,5b61ec32-66d2-41eb-a7be-f179224c2041,2025-08-31,18:14:23.29,2025-08-31T14:14:23.2984064-04:00,2025-08-31T18:14:23.2984064Z,,v3,1889,586,,"Espinosa, Albert",1000115232,Right,STA_YAN,c2651227-57ce-4bb4-a0c3-e1260622c295,55.28072,-122.92353,13.42786,5.32154,0.63184,-10.72386,-3.17694,11.05949,-7.4498,,,,,,,,,,,,,,,,,,,,,,,,,,,,,,,,,,,,,,,,,,,,,,,,,,,High,High,High,,,,,
20,2025-08-31,14:14:39.23,1,3,"Roe, Nate",673225,Right,STA_YAN,"Mercedes, Melvin",621034,Left,LAN,Undefined,1,Bottom,0,1,1,Undefined,Changeup,StrikeCalled,Undefined,Undefined,Undefined,0,0,,83.91267,-1.159539,-5.254196,2154.393311,240.324251,2:00,5.1652,3.29265,5.36556,-28.79068,12.66489,19.45363,1.67399,-0.02672,75.38038,-6.515451,-1.814511,0.463407,,,,,,,,,,,,-11.41426,7.18016,-2.83411,50,5.04081,10.28736,-121.07924,-3.42448,-16.65988,27.34393,-21.69408,LAN,STA_YAN,ClipperMagazine,Independent,ATL,20250831-ClipperMagazine-1,5c531310-8696-11f0-af34-87ea718ebaa4,81.33762,,,8.53229,,,,,,,5b61ec32-66d2-41eb-a7be-f179224c2041,2025-08-31,18:14:39.23,2025-08-31T14:14:39.2393216-04:00,2025-08-31T18:14:39.2393216Z,,v3,1889,586,,"Espinosa, Albert",1000115232,Right,STA_YAN,94f453d9-37aa-4b2f-97e2-1c163eafd6eb,55.12991,-122.23226,13.67196,5.16592,-2.5097,-10.84704,-3.28271,10.98987,-8.32994,,,,,,,,,,,,,,,,,,,,,,,,,,,,,,,,,,,,,,,,,,,,,,,,,,,High,High,High,,,,,
21,2025-08-31,14:14:58.14,1,4,"Roe, Nate",673225,Right,STA_YAN,"Mercedes, Melvin",621034,Left,LAN,Undefined,1,Bottom,0,1,2,Undefined,Changeup,BallCalled,Undefined,Undefined,Undefined,0,0,,85.42175,-0.771091,-4.036147,2197.947887,238.154501,2:00,5.17565,3.2651,5.24195,-26.62852,14.03517,19.82044,2.23008,1.11728,75.58038,-5.772521,-0.530826,0.45896,,,,,,,,,,,,-11.2515,7.75666,-2.90863,50,5.08574,7.77789,-123.21291,-2.55835,-16.74856,31.70448,-20.62777,LAN,STA_YAN,ClipperMagazine,Independent,ATL,20250831-ClipperMagazine-1,67985be0-8696-11f0-af34-87ea718ebaa4,82.12574,,,9.84137,,,,,,,5b61ec32-66d2-41eb-a7be-f179224c2041,2025-08-31,18:14:58.14,2025-08-31T14:14:58.1488128-04:00,2025-08-31T18:14:58.1488128Z,,v3,1889,586,,"Espinosa, Albert",1000115232,Right,STA_YAN,94a2d308-a627-4940-8cb8-6bef3577ff11,55.24949,-124.55636,15.85224,5.17563,-1.68427,-10.31388,-3.25324,8.4876,-8.37428,,,,,,,,,,,,,,,,,,,,,,,,,,,,,,,,,,,,,,,,,,,,,,,,,,,High,High,High,,,,,
22,2025-08-31,14:15:19.27,1,5,"Roe, Nate",673225,Right,STA_YAN,"Mercedes, Melvin",621034,Left,LAN,Undefined,1,Bottom,0,2,2,Undefined,Changeup,FoulBallNotFieldable,Undefined,Undefined,Undefined,0,0,,84.9179,-0.310223,-4.333931,2145.847919,241.388657,2:00,5.23397,3.11756,5.32366,-28.36155,12.13241,19.4069,2.57856,0.66011,76.10104,-5.594547,-0.898867,0.458001,66.92768,30.857447,-158.242005,2784.73194,-102.17325,26.32801,-40.75058,165.0478,55.19426,-158.626776,2.349788,-11.1628,6.60996,-2.73948,50,5.18592,8.44983,-122.69918,-1.63221,-16.6927,28.59904,-22.28958,LAN,STA_YAN,ClipperMagazine,Independent,ATL,20250831-ClipperMagazine-1,74291070-8696-11f0-af34-87ea718ebaa4,82.29772,28.94617,,8.81686,,,,1.38214,2.57885,-0.66124,5b61ec32-66d2-41eb-a7be-f179224c2041,2025-08-31,18:15:19.27,2025-08-31T14:15:19.2731136-04:00,2025-08-31T18:15:19.2731136Z,FlyBall,v3,1889,586,,"Espinosa, Albert",1000115232,Right,STA_YAN,7f71c94f-c862-4722-ab27-d6b53d73eb63,55.1726,-123.89896,14.29952,5.23478,-0.69713,-11.14479,-3.10865,9.15012,-8.34635,7.341151,1.38216,-78.26319,5.43548,-0.19556,0.01589,0.04141,-0.03239,0.01383,-0.00228,2.57884,50.34756,-26.66329,3.03963,-0.68793,0.18011,-0.05178,0.01276,-0.00146,-0.66123,-31.23651,3.08111,-0.37786,0.07495,-0.00276,-0.00721,0.00403,-0.00072,,,,,,,,,,,,,,,,,,,,,,,High,High,High,High,Low,,,
23,2025-08-31,14:15:42.32,1,6,"Roe, Nate",673225,Right,STA_YAN,"Mercedes, Melvin",621034,Left,LAN,Undefined,1,Bottom,0,2,2,Undefined,Curveball,HitByPitch,Undefined,Undefined,Undefined,0,0,,68.39192,3.62927,-4.128622,2611.350155,56.189969,7:45,5.13877,3.12836,5.09816,-73.82598,-9.49087,-18.09434,2.42006,-2.27675,61.04832,-9.769498,-7.30745,0.577292,,,,,,,,,,,,7.45863,-5.63603,-2.72266,50,5.42465,7.74994,-98.50641,4.00093,7.03728,21.43532,-37.49169,LAN,STA_YAN,ClipperMagazine,Independent,ATL,20250831-ClipperMagazine-1,81f6d8e0-8696-11f0-af34-87ea718ebaa4,65.29183,,,7.3436,,,,,,,5b61ec32-66d2-41eb-a7be-f179224c2041,2025-08-31,18:15:42.32,2025-08-31T14:15:42.3216640-04:00,2025-08-31T18:15:42.3216640Z,,v3,1889,586,,"Espinosa, Albert",1000115232,Right,STA_YAN,70d97fa7-1177-4efe-a08b-f083eb74e60b,55.4012,-99.6748,10.71766,5.15088,6.04451,-18.74584,-3.13464,7.36636,3.51864,,,,,,,,,,,,,,,,,,,,,,,,,,,,,,,,,,,,,,,,,,,,,,,,,,,High,High,High,,,,,
24,2025-08-31,14:16:19.50,2,1,"Roe, Nate",673225,Right,STA_YAN,"Ward, Nick",682187,Left,LAN,Undefined,1,Bottom,0,0,0,Undefined,Changeup,FoulBallNotFieldable,Undefined,Undefined,Undefined,0,0,,84.36713,0.761321,-4.65859,2233.732126,251.053766,2:15,5.0158,3.29945,5.50672,-32.67297,7.38689,17.73525,3.00744,0.41106,76.88884,-5.263505,-1.51184,0.455539,77.84087,57.331466,-45.941645,5386.173752,50.97558,106.02596,-97.47557,187.93726,75.44543,-66.471749,4.969371,-10.26103,3.89126,-2.90445,50,5.06052,9.2091,-122.12846,0.50118,-15.48569,24.22403,-26.30147,LAN,STA_YAN,ClipperMagazine,Independent,ATL,20250831-ClipperMagazine-1,980fbcf0-8696-11f0-af34-87ea718ebaa4,82.74242,106.11328,,7.47829,,,,0.17839,3.78061,-1.37222,5b61ec32-66d2-41eb-a7be-f179224c2041,2025-08-31,18:16:19.50,2025-08-31T14:16:19.5046912-04:00,2025-08-31T18:16:19.5046912Z,Popup,v3,1889,586,,"Espinosa, Albert",1000115232,Right,STA_YAN,dbb68627-afcb-4b25-a668-a537e598d1b6,54.99237,-123.11471,12.11201,5.01831,1.572,-13.15074,-3.29222,9.83958,-7.74284,,0.21637,41.97443,-12.87483,-1.80166,5.00322,-2.71514,0.71378,-0.09256,0.00473,3.80552,95.61992,-25.81624,0.25122,1.72009,-0.82519,0.18107,-0.01923,0.00078,-1.3764,-44.25687,0.99047,0.42466,0.40805,-0.43938,0.15857,-0.02524,0.0015,,,,,,,,,,,,,,,,,,,,,,,High,High,High,Medium,Low,,,
25,2025-08-31,14:16:41.43,2,2,"Roe, Nate",673225,Right,STA_YAN,"Ward, Nick",682187,Left,LAN,Undefined,1,Bottom,0,0,1,Undefined,Changeup,BallCalled,Undefined,Undefined,Undefined,0,0,,84.18098,0.640121,-3.721101,2150.758012,226.210442,1:30,5.16315,3.1744,5.49473,-25.26907,14.95776,14.23465,3.65746,0.87498,76.57494,-4.078935,-1.192833,0.456488,,,,,,,,,,,,-8.19012,7.74292,-2.85823,50,5.20245,7.32441,-121.94083,0.55055,-12.31152,24.34698,-20.53473,LAN,STA_YAN,ClipperMagazine,Independent,ATL,20250831-ClipperMagazine-1,a52e59a0-8696-11f0-af34-87ea718ebaa4,82.57047,,,7.60604,,,,,,,5b61ec32-66d2-41eb-a7be-f179224c2041,2025-08-31,18:16:41.43,2025-08-31T14:16:41.4308352-04:00,2025-08-31T18:16:41.4308352Z,,v3,1889,586,,"Espinosa, Albert",1000115232,Right,STA_YAN,7d95fd1c-52a0-47af-a6d1-01830f936e26,55.00194,-122.93547,12.17349,5.16282,1.38945,-10.26737,-3.16773,7.82737,-6.15576,,,,,,,,,,,,,,,,,,,,,,,,,,,,,,,,,,,,,,,,,,,,,,,,,,,High,High,High,,,,,
26,2025-08-31,14:17:01.30,2,3,"Roe, Nate",673225,Right,STA_YAN,"Ward, Nick",682187,Left,LAN,Undefined,1,Bottom,0,1,1,Undefined,Changeup,FoulBallNotFieldable,Undefined,Undefined,Undefined,0,0,,84.68605,0.083056,-4.036162,2149.163325,246.669758,2:15,5.10499,3.23487,5.49169,-30.43277,9.14335,18.3258,2.64681,0.9801,77.52017,-5.531666,-0.780436,0.452781,74.85418,2.610367,-176.424751,1458.395906,,,,51.38135,50.36102,-174.174201,0.511772,-10.37445,4.94977,-2.89404,50,5.09169,7.89849,-122.74938,-0.86628,-15.87022,23.69959,-24.60218,LAN,STA_YAN,ClipperMagazine,Independent,ATL,20250831-ClipperMagazine-1,b0f6dc30-8696-11f0-af34-87ea718ebaa4,83.24651,2.75813,,7.16588,,,,2.67711,2.44541,-0.89807,5b61ec32-66d2-41eb-a7be-f179224c2041,2025-08-31,18:17:01.30,2025-08-31T14:17:01.3099520-04:00,2025-08-31T18:17:01.3099520Z,GroundBall,v3,1889,586,,"Espinosa, Albert",1000115232,Right,STA_YAN,22493058-89d2-49a6-86c2-1bbc1ac4b5a8,55.00818,-123.71255,11.84979,5.10658,0.13357,-12.30109,-3.22815,8.54346,-7.93511,317.436985,2.67711,-109.45848,8.49679,0.05797,-0.68518,3.23051,-8.18375,10.80698,-5.79302,2.44541,5.00005,-20.28061,2.4453,-0.27523,-0.30146,1.00927,-1.35592,0.7277,-0.89807,-6.83912,-2.9603,-0.36521,0.3329,-1.29851,3.24764,-4.28466,2.29665,,,,,,,,,,,,,,,,,,,,,,,High,High,High,High,Medium,,,
27,2025-08-31,14:17:48.56,2,4,"Roe, Nate",673225,Right,STA_YAN,"Ward, Nick",682187,Left,LAN,Undefined,1,Bottom,0,1,2,Undefined,Changeup,InPlay,Undefined,FlyBall,Out,1,0,,85.05215,-0.198737,-3.793358,2218.948077,249.693634,2:15,5.19863,3.13917,5.30549,-31.03132,8.84461,20.19761,2.42572,1.25624,77.16439,-5.922313,-0.214805,0.454493,96.09143,21.262952,-2.707462,2785.188883,109.62312,40.13218,-9.09435,352.67726,345.0708,-8.903237,4.299216,-11.27154,4.87851,-2.80978,50,5.15824,7.29125,-123.15035,-1.5264,-17.18175,26.14733,-24.73752,LAN,STA_YAN,ClipperMagazine,Independent,ATL,20250831-ClipperMagazine-1,cd1dbd20-8696-11f0-af34-87ea718ebaa4,82.93302,54.86236,,7.88776,,,,1.07114,2.43669,-1.25137,5b61ec32-66d2-41eb-a7be-f179224c2041,2025-08-31,18:17:48.56,2025-08-31T14:17:48.5632000-04:00,2025-08-31T18:17:48.5632000Z,LineDrive,v3,1889,586,,"Espinosa, Albert",1000115232,Right,STA_YAN,50fdc666-d0d3-453c-9ca4-6bc9ddce3eb2,55.19314,-124.24807,13.07366,5.20053,-0.48787,-12.36876,-3.13102,8.01257,-8.59087,165.862672,1.07046,131.20931,-24.09627,5.69475,-1.31827,0.30141,-0.05694,0.00678,-0.00035,2.43755,51.0889,-12.32746,-0.46946,0.40009,-0.1564,0.03719,-0.00456,0.00021,-1.25164,-6.19732,-2.17736,0.22179,-0.02626,0.01373,-0.00492,0.00077,-4E-05,,,,,,,,,,,,,,,,,,,,,,,High,High,High,High,High,,,
28,2025-08-31,14:18:28.41,3,1,"Roe, Nate",673225,Right,STA_YAN,"Castro, Luis",620449,Right,LAN,Undefined,1,Bottom,1,0,0,Undefined,Curveball,StrikeCalled,Undefined,Undefined,Undefined,0,0,,66.1145,3.393081,-0.918101,2348.738396,54.645981,7:45,5.17572,3.12622,5.51976,-77.69555,-11.03146,-19.14265,1.87763,0.67253,59.67858,-10.802865,-4.332613,0.587648,,,,,,,,,,,,9.22497,-5.91402,-3.03349,50,5.42047,2.18862,-95.67902,3.42116,8.30433,18.73511,-37.49786,LAN,STA_YAN,ClipperMagazine,Independent,ATL,20250831-ClipperMagazine-1,e506f460-8696-11f0-af34-87ea718ebaa4,64.14117,,,6.43592,,,,,,,5b61ec32-66d2-41eb-a7be-f179224c2041,2025-08-31,18:18:28.41,2025-08-31T14:18:28.4196864-04:00,2025-08-31T18:18:28.4196864Z,,v3,1889,586,,"Espinosa, Albert",1000115232,Right,STA_YAN,ac2e41bb-1a12-4736-b033-f87b22ee509b,54.98021,-96.64928,9.36756,5.193,5.36312,-18.74893,-3.1357,1.75855,4.15217,,,,,,,,,,,,,,,,,,,,,,,,,,,,,,,,,,,,,,,,,,,,,,,,,,,High,High,High,,,,,
29,2025-08-31,14:18:47.55,3,2,"Roe, Nate",673225,Right,STA_YAN,"Castro, Luis",620449,Right,LAN,Undefined,1,Bottom,1,0,1,Undefined,Changeup,StrikeCalled,Undefined,Undefined,Undefined,0,0,,85.46234,-0.535445,-5.288873,2176.584664,244.479508,2:15,5.21354,3.07006,5.41494,-28.26608,11.33894,20.77666,2.35427,-0.16728,77.18782,-5.783369,-1.612456,0.452946,,,,,,,,,,,,-11.97812,6.27575,-2.61349,50,5.14643,10.51058,-123.4422,-2.12685,-18.30323,26.79526,-22.58436,LAN,STA_YAN,ClipperMagazine,Independent,ATL,20250831-ClipperMagazine-1,f04e3900-8696-11f0-af34-87ea718ebaa4,83.21617,,,8.27453,,,,,,,5b61ec32-66d2-41eb-a7be-f179224c2041,2025-08-31,18:18:47.55,2025-08-31T14:18:47.5506176-04:00,2025-08-31T18:18:47.5506176Z,,v3,1889,586,,"Espinosa, Albert",1000115232,Right,STA_YAN,c94607ba-e872-400c-a142-a74ac8bc2e7a,55.08171,-124.54039,13.39763,5.21464,-1.20124,-11.29218,-3.05963,11.26073,-9.15161,,,,,,,,,,,,,,,,,,,,,,,,,,,,,,,,,,,,,,,,,,,,,,,,,,,High,High,High,,,,,
30,2025-08-31,14:19:07.34,3,3,"Roe, Nate",673225,Right,STA_YAN,"Castro, Luis",620449,Right,LAN,Undefined,1,Bottom,1,0,2,Undefined,Curveball,FoulBallNotFieldable,Undefined,Undefined,Undefined,0,0,,66.95708,3.553676,-1.512753,2533.466939,51.832795,7:45,5.09651,3.10575,5.53285,-78.25807,-13.33709,-20.06788,1.9022,0.01907,60.53096,-10.725296,-5.09014,0.579914,,,,,,,,,,,,9.28504,-6.78603,-2.96236,50,5.35674,3.28894,-96.87988,3.64723,8.5837,18.98342,-38.4475,LAN,STA_YAN,ClipperMagazine,Independent,ATL,20250831-ClipperMagazine-1,fc189050-8696-11f0-af34-87ea718ebaa4,64.99655,,,6.42612,,,,,,,5b61ec32-66d2-41eb-a7be-f179224c2041,2025-08-31,18:19:07.34,2025-08-31T14:19:07.3402368-04:00,2025-08-31T18:19:07.3402368Z,,v3,1889,586,,"Espinosa, Albert",1000115232,Right,STA_YAN,28ce6b7f-173e-42bc-845d-e6195297093c,54.96671,-97.84826,9.49171,5.12066,5.6085,-19.22375,-3.11896,2.85108,4.29185,,,,,,,,,,,,,,,,,,,,,,,,,,,,,,,,,,,,,,,,,,,,,,,,,,,High,High,High,,,,,
31,2025-08-31,14:19:35.98,3,4,"Roe, Nate",673225,Right,STA_YAN,"Castro, Luis",620449,Right,LAN,Undefined,1,Bottom,1,0,2,Undefined,Four-Seam,BallCalled,Undefined,Undefined,Undefined,0,0,,85.90857,1.000699,-4.498242,2291.752252,218.976816,1:15,5.51014,3.00693,5.65679,-21.49859,17.2391,12.85981,4.6548,-0.12502,77.50251,-3.068041,-2.211775,0.447959,,,,,,,,,,,,-7.84363,8.80772,-2.63357,50,5.58175,9.22088,-124.24072,1.52723,-12.15028,26.96835,-18.53035,LAN,STA_YAN,ClipperMagazine,Independent,ATL,20250831-ClipperMagazine-1,0d2fb760-8697-11f0-af34-87ea718ebaa4,84.14263,,,8.40606,,,,,,,5b61ec32-66d2-41eb-a7be-f179224c2041,2025-08-31,18:19:35.98,2025-08-31T14:19:35.9800000-04:00,2025-08-31T18:19:35.9800000Z,,v3,1889,586,,"Espinosa, Albert",1000115232,Right,STA_YAN,dd55a16a-9863-477b-bd8c-d3ca4801a317,54.8386,-125.28661,13.48418,5.50859,2.24588,-9.26518,-3.00031,9.6921,-6.07514,,,,,,,,,,,,,,,,,,,,,,,,,,,,,71.33598,,0.812749,,-1.34504,4.50066,0.22884,-0.80136,6.00391,1.78828,,,,-0.68515,102.75768,-9.05005,6.03573,10.04931,-12.4514,1.73601,-1.78084,2.91846,High,High,High,,,High,High,Medium
32,2025-08-31,14:20:23.20,3,5,"Roe, Nate",673225,Right,STA_YAN,"Castro, Luis",620449,Right,LAN,Undefined,1,Bottom,1,1,2,Undefined,Curveball,BallCalled,Undefined,Undefined,Undefined,0,0,,68.64005,2.342118,-2.217992,2484.824838,58.646779,8:00,5.23514,2.91479,5.54223,-73.92295,-11.65796,-23.19741,1.26664,-1.09224,61.73592,-11.149515,-6.352865,0.567928,,,,,,,,,,,,10.79382,-6.02638,-2.70699,50,5.39021,4.65831,-99.29555,1.85864,10.37077,21.4677,-37.96425,LAN,STA_YAN,ClipperMagazine,Independent,ATL,20250831-ClipperMagazine-1,2967d660-8697-11f0-af34-87ea718ebaa4,66.36832,,,6.90414,,,,,,,5b61ec32-66d2-41eb-a7be-f179224c2041,2025-08-31,18:20:23.20,2025-08-31T14:20:23.2003072-04:00,2025-08-31T18:20:23.2003072Z,,v3,1889,586,,"Espinosa, Albert",1000115232,Right,STA_YAN,f0e7c200-a0e2-4698-9b53-ab1171ff6aaf,54.95745,-100.36163,10.73385,5.2511,3.74393,-18.98212,-2.92553,4.1433,5.18538,,,,,,,,,,,,,,,,,,,,,,,,,,,,,,,,,,,,,,,,,,,,,,,,,,,High,High,High,,,,,
33,2025-08-31,14:20:44.96,3,6,"Roe, Nate",673225,Right,STA_YAN,"Castro, Luis",620449,Right,LAN,Undefined,1,Bottom,1,2,2,Undefined,Curveball,InPlay,Undefined,FlyBall,Out,1,0,,67.61182,2.752039,-1.956363,2571.342558,58.218327,8:00,5.17435,3.01339,5.50235,-74.67925,-10.93721,-21.51233,1.52847,-0.60975,61.20533,-10.860003,-5.788436,0.574625,86.39797,49.562369,3.842934,5014.298814,107.09241,107.31352,25.12375,258.04325,217.14309,19.999526,5.583538,10.18914,-5.91796,-2.82731,50,5.3647,4.06883,-97.88037,2.52941,9.59738,19.63376,-37.74831,LAN,STA_YAN,ClipperMagazine,Independent,ATL,20250831-ClipperMagazine-1,36548da0-8697-11f0-af34-87ea718ebaa4,65.59486,118.81316,,6.4065,,,,3.37726,2.28202,1.53026,5b61ec32-66d2-41eb-a7be-f179224c2041,2025-08-31,18:20:44.96,2025-08-31T14:20:44.9678848-04:00,2025-08-31T18:20:44.9678848Z,FlyBall,v3,1889,586,,"Espinosa, Albert",1000115232,Right,STA_YAN,f681125d-53f7-4242-9a14-307177eacb20,54.9991,-98.87805,9.81688,5.18744,4.44757,-18.87416,-3.02168,3.58114,4.79869,211.442813,3.38569,81.82585,-18.96624,3.89247,0.06342,-0.33589,0.09885,-0.01231,0.00058,2.27102,96.62185,-24.40352,2.79581,-0.66626,0.1173,-0.00489,-0.0014,0.00014,1.52118,5.68276,7.4408,-1.94531,-0.14428,0.25383,-0.07219,0.00886,-0.00041,,,,,,,,,,,,,,,,,,,,,,,High,High,High,Medium,Medium,,,
34,2025-08-31,14:21:37.47,4,1,"Roe, Nate",673225,Right,STA_YAN,"Martin, Mason",676733,Left,LAN,Undefined,1,Bottom,2,0,0,Undefined,Changeup,BallCalled,Undefined,Undefined,Undefined,0,0,,85.13204,-1.120075,-6.61171,2048.619461,240.736666,2:00,5.37223,3.08544,5.35052,-28.98852,11.36288,17.59796,1.89882,-1.67701,76.66605,-6.487406,-3.514765,0.457194,,,,,,,,,,,,-10.84044,6.48473,-2.5007,50,5.25053,13.42895,-122.57744,-3.40978,-16.28126,27.13657,-22.43464,LAN,STA_YAN,ClipperMagazine,Independent,ATL,20250831-ClipperMagazine-1,559e0b50-8697-11f0-af34-87ea718ebaa4,82.44296,,,8.46599,,,,,,,5b61ec32-66d2-41eb-a7be-f179224c2041,2025-08-31,18:21:37.47,2025-08-31T14:21:37.4730240-04:00,2025-08-31T18:21:37.4730240Z,,v3,1889,586,,"Espinosa, Albert",1000115232,Right,STA_YAN,e22c0e2b-830e-4cc8-9775-47a41ac6ed74,55.14504,-123.71122,13.56829,5.37341,-2.47245,-11.21732,-3.07597,14.10919,-8.14063,,,,,,,,,,,,,,,,,,,,,,,,,,,,,,,,,,,,,,,,,,,,,,,,,,,High,High,High,,,,,
35,2025-08-31,14:21:59.67,4,2,"Roe, Nate",673225,Right,STA_YAN,"Martin, Mason",676733,Left,LAN,Undefined,1,Bottom,2,1,0,Undefined,Four-Seam,FoulBallNotFieldable,Undefined,Undefined,Undefined,0,0,,85.61352,-1.520037,-5.539538,2215.822639,218.066185,1:15,5.33074,3.04803,5.48474,-23.24769,16.60773,11.78512,1.96432,-1.16876,76.60652,-5.899942,-3.455394,0.454376,105.05772,53.465792,50.823696,3773.144122,66.83361,149.62005,87.36831,273.46756,121.95881,56.891619,6.872932,-7.87804,9.33315,-2.5695,50,5.18174,11.47058,-123.43586,-4.02401,-11.89052,29.54636,-18.08724,LAN,STA_YAN,ClipperMagazine,Independent,ATL,20250831-ClipperMagazine-1,62c3d3f0-8697-11f0-af34-87ea718ebaa4,82.95437,185.85751,,9.007,,,,3.52346,2.05245,0.16321,5b61ec32-66d2-41eb-a7be-f179224c2041,2025-08-31,18:21:59.67,2025-08-31T14:21:59.6705280-04:00,2025-08-31T18:21:59.6705280Z,FlyBall,v3,1889,586,,"Espinosa, Albert",1000115232,Right,STA_YAN,4f3c5999-64a5-4fea-969a-c236743b363d,55.01148,-124.62967,14.77318,5.32956,-3.2932,-9.04362,-3.04267,11.95101,-5.94526,,3.54581,57.58694,-18.44167,4.29531,-0.41872,-0.05397,0.02157,-0.00245,0.0001,2.02899,124.12085,-27.48954,3.7596,-0.88426,0.1562,-0.01594,0.00064,0,0.18943,70.70411,-17.47715,3.60137,-0.18144,-0.1064,0.02851,-0.00294,0.00011,,,,,,,,,,,,,,,,,,,,,,,High,High,High,Medium,Low,,,
36,2025-08-31,14:22:28.43,4,3,"Roe, Nate",673225,Right,STA_YAN,"Martin, Mason",676733,Left,LAN,Undefined,1,Bottom,2,1,1,Undefined,Curveball,StrikeSwinging,Undefined,Undefined,Undefined,0,0,,66.72341,2.775489,-1.059128,2515.291168,64.414432,8:15,5.12718,3.16163,5.33747,-75.11886,-8.88997,-24.0543,1.47359,0.16338,60.01053,-10.919243,-5.334768,0.585727,,,,,,,,,,,,11.59875,-4.71874,-3.04826,50,5.32459,2.62187,-96.51852,2.45681,10.55984,19.89834,-36.47014,LAN,STA_YAN,ClipperMagazine,Independent,ATL,20250831-ClipperMagazine-1,741014c0-8697-11f0-af34-87ea718ebaa4,64.35158,,,6.71288,,,,,,,5b61ec32-66d2-41eb-a7be-f179224c2041,2025-08-31,18:22:28.43,2025-08-31T14:22:28.4338688-04:00,2025-08-31T18:22:28.4338688Z,,v3,1889,586,,"Espinosa, Albert",1000115232,Right,STA_YAN,c251c0ae-a259-48e8-8fb0-176f58c0cf36,55.16198,-97.57692,9.94917,5.14232,4.39666,-18.23507,-3.17278,2.06019,5.27992,,,,,,,,,,,,,,,,,,,,,,,,,,,,,,,,,,,,,,,,,,,,,,,,,,,High,High,High,,,,,
37,2025-08-31,14:23:01.24,4,4,"Roe, Nate",673225,Right,STA_YAN,"Martin, Mason",676733,Left,LAN,Undefined,1,Bottom,2,1,2,Undefined,Curveball,BallCalled,Undefined,Undefined,Undefined,0,0,,65.37141,5.570718,1.78311,2415.430459,62.297066,8:00,5.14598,3.20551,5.65995,-77.7804,-9.27485,-22.93989,3.87805,2.95718,58.15665,-8.754334,-2.307846,0.595709,,,,,,,,,,,,12.07205,-5.75969,-3.34219,50,5.57119,-2.14791,-94.26646,7.00696,10.51406,18.61091,-37.1904,LAN,STA_YAN,ClipperMagazine,Independent,ATL,20250831-ClipperMagazine-1,8780bc30-8697-11f0-af34-87ea718ebaa4,63.27322,,,7.21476,,,,,,,5b61ec32-66d2-41eb-a7be-f179224c2041,2025-08-31,18:23:01.24,2025-08-31T14:23:01.2481024-04:00,2025-08-31T18:23:01.2481024Z,,v3,1889,586,,"Espinosa, Albert",1000115232,Right,STA_YAN,35f78592-60ed-48e3-8076-92862b803a3b,54.83864,-95.21696,9.30546,5.16483,8.90635,-18.5952,-3.21879,-2.68489,5.25703,,,,,,,,,,,,,,,,,,,,,,,,,,,,,,,,,,,,,,,,,,,,,,,,,,,High,High,High,,,,,
38,2025-08-31,14:23:20.32,4,5,"Roe, Nate",673225,Right,STA_YAN,"Martin, Mason",676733,Left,LAN,Undefined,1,Bottom,2,2,2,Undefined,Changeup,BallCalled,Undefined,Undefined,Undefined,0,0,,85.40701,-1.4613,-5.769858,2133.853798,221.893481,1:30,5.29735,3.0765,5.51275,-24.8508,15.0902,12.16064,1.85275,-1.32377,76.61366,-6.120473,-3.619338,0.454863,,,,,,,,,,,,-8.00678,8.52288,-2.58022,50,5.15314,11.90795,-123.09548,-3.95188,-12.06141,28.58543,-19.33518,LAN,STA_YAN,ClipperMagazine,Independent,ATL,20250831-ClipperMagazine-1,92ebdc80-8697-11f0-af34-87ea718ebaa4,82.86544,,,8.79335,,,,,,,5b61ec32-66d2-41eb-a7be-f179224c2041,2025-08-31,18:23:20.32,2025-08-31T14:23:20.3215360-04:00,2025-08-31T18:23:20.3215360Z,,v3,1889,586,,"Espinosa, Albert",1000115232,Right,STA_YAN,2285351c-2502-4224-b991-bfce75f64f93,54.98136,-124.24687,14.29272,5.29664,-3.17308,-9.66759,-3.06964,12.39377,-6.03071,,,,,,,,,,,,,,,,,,,,,,,,,,,,,,,,,,,,,,,,,,,,,,,,,,,High,High,High,,,,,
39,2025-08-31,14:23:43.80,4,6,"Roe, Nate",673225,Right,STA_YAN,"Martin, Mason",676733,Left,LAN,Undefined,1,Bottom,2,3,2,Undefined,Curveball,FoulBallNotFieldable,Undefined,Undefined,Undefined,0,0,,67.9,2.40641,-1.687275,2507.341997,62.246217,8:00,5.19778,3.14137,5.52364,-71.52394,-8.66158,-20.81781,1.48951,-0.17134,61.65851,-10.637812,-5.398572,0.570646,91.92397,13.615798,39.681017,2762.131588,81.65549,17.11038,73.70434,222.63414,214.22497,47.034226,2.117373,10.01134,-4.70079,-2.97991,50,5.3592,3.59197,-98.37079,2.06495,9.56389,19.25168,-36.66475,LAN,STA_YAN,ClipperMagazine,Independent,ATL,20250831-ClipperMagazine-1,a0ec9bd0-8697-11f0-af34-87ea718ebaa4,66.05223,17.20439,,6.24149,,,,3.98221,1.92724,-0.16091,5b61ec32-66d2-41eb-a7be-f179224c2041,2025-08-31,18:23:43.80,2025-08-31T14:23:43.8045696-04:00,2025-08-31T18:23:43.8045696Z,LineDrive,v3,1889,586,,"Espinosa, Albert",1000115232,Right,STA_YAN,8b5f620a-dfdc-4a2d-b9fd-b87a92d56fff,54.97788,-99.34021,9.62584,5.20873,3.91121,-18.33238,-3.14866,3.11038,4.78195,250.915823,3.98225,100.84052,-20.35612,3.77355,-0.54093,-0.06355,0.06425,-0.0168,0.00167,1.92723,31.73948,-17.72565,1.54803,-0.38717,0.14185,-0.04511,0.0095,-0.0009,-0.16095,83.66986,-3.10601,0.03351,-0.22729,0.23684,-0.11026,0.02606,-0.00254,,,,,,,,,,,,,,,,,,,,,,,High,High,High,High,High,,,
40,2025-08-31,14:24:19.94,4,7,"Roe, Nate",673225,Right,STA_YAN,"Martin, Mason",676733,Left,LAN,Undefined,1,Bottom,2,3,2,Undefined,Four-Seam,FoulBallNotFieldable,Undefined,Undefined,Undefined,0,0,,86.42923,-0.769054,-3.539051,2310.05773,218.257493,1:15,5.312,3.08803,5.35669,-22.59879,16.2741,11.6967,2.70612,0.73955,77.69786,-5.018664,-1.465846,0.44874,67.93202,47.840416,-148.96173,3316.056927,-97.12558,56.10164,-51.6392,184.82384,59.2482,-155.203644,3.395156,-7.03973,8.82536,-2.77833,50,5.22727,7.21929,-125.01938,-2.42001,-10.96019,29.03439,-18.43377,LAN,STA_YAN,ClipperMagazine,Independent,ATL,20250831-ClipperMagazine-1,b671a450-8697-11f0-af34-87ea718ebaa4,83.99614,57.11598,,8.73137,,,,1.91636,2.74958,-0.7483,5b61ec32-66d2-41eb-a7be-f179224c2041,2025-08-31,18:24:19.94,2025-08-31T14:24:19.9490560-04:00,2025-08-31T18:24:19.9490560Z,Popup,v3,1889,586,,"Espinosa, Albert",1000115232,Right,STA_YAN,7de2be04-7012-43e2-8d38-a1c79be2cd59,55.13949,-126.20732,14.5172,5.31086,-1.66579,-9.21689,-3.08288,7.66773,-5.4801,15.314519,1.91615,-57.29594,0.27504,0.95087,-0.13501,-0.06968,0.05656,-0.01452,0.00129,2.75024,73.83092,-29.19422,3.28372,-0.25242,-0.17985,0.08451,-0.01475,0.00094,-0.74868,-34.47054,3.65449,0.01111,-0.06963,-0.00655,0.02616,-0.00881,0.00089,,,,,,,,,,,,,,,,,,,,,,,High,High,High,High,Low,,,
41,2025-08-31,14:24:42.06,4,8,"Roe, Nate",673225,Right,STA_YAN,"Martin, Mason",676733,Left,LAN,Undefined,1,Bottom,2,3,2,Undefined,Changeup,InPlay,Undefined,Popup,Out,1,0,,85.3493,-0.636752,-5.442346,2260.792571,237.331257,2:00,5.19319,3.2168,5.55384,-28.47978,10.66788,14.64875,2.22219,-0.66301,77.90381,-5.904192,-2.846367,0.450323,,,,,,,,,,,,-8.98493,5.93646,-2.7552,50,5.11915,11.15332,-123.41784,-2.33772,-13.85172,24.67126,-23.02206,LAN,STA_YAN,ClipperMagazine,Independent,ATL,20250831-ClipperMagazine-1,c3a17f10-8697-11f0-af34-87ea718ebaa4,83.70087,,,7.44549,,,,,,,5b61ec32-66d2-41eb-a7be-f179224c2041,2025-08-31,18:24:42.06,2025-08-31T14:24:42.0680704-04:00,2025-08-31T18:24:42.0680704Z,,v3,1889,586,,"Espinosa, Albert",1000115232,Right,STA_YAN,9601b71b-ec38-433e-af2e-28a954b061d5,54.94563,-124.40254,12.33563,5.19411,-1.41885,-11.51103,-3.21139,11.70618,-6.92586,,,,,,,,,,,,,,,,,,,,,,,,,,,,,,,,,,,,,,,,,,,,,,,,,,,High,High,High,,,,,
42,2025-08-31,14:27:00.91,1,1,"Skirrow, Noah",659418,Right,LAN,"Brown, Vaun",673901,Right,STA_YAN,Undefined,2,Top,0,0,0,Undefined,Four-Seam,FoulBallNotFieldable,Undefined,Undefined,Undefined,0,0,,90.31924,-1.527598,-3.472412,2380.959216,217.621844,1:15,5.56082,3.1496,6.1016,-17.23517,16.66115,12.04174,2.70888,0.93781,82.8657,-4.799892,-1.307835,0.419032,56.19088,38.434785,105.876096,5701.969949,,,,,28.13801,,,-7.15374,9.3302,-2.88867,50,5.434,7.46054,-131.07766,-4.00523,-12.50679,26.44078,-15.86215,LAN,STA_YAN,ClipperMagazine,Independent,ATL,20250831-ClipperMagazine-1,16564970-8698-11f0-af34-87ea718ebaa4,89.95116,23.58218,,7.45353,,,,0.84739,2.75085,-1.0396,5b61ec32-66d2-41eb-a7be-f179224c2041,2025-08-31,18:27:00.91,2025-08-31T14:27:00.9130000-04:00,2025-08-31T18:27:00.9130000Z,,v3,1889,586,,"Campagna, Joe",690523,Right,LAN,fa8208e5-d95f-4a36-bab1-09c9122c119b,54.3977,-131.96178,13.22039,5.55906,-3.47484,-7.93108,-3.14512,7.87873,-6.2534,297.193088,0.8535,-17.83091,-2.9612,,,,,,,2.75351,51.15708,-16.4911,,,,,,,-1.02873,61.79151,-8.25066,,,,,,,,,,,,,,,,,,,,,,,,,,,,,High,High,High,High,Undefined,,,
43,2025-08-31,14:27:18.20,1,2,"Skirrow, Noah",659418,Right,LAN,"Brown, Vaun",673901,Right,STA_YAN,Undefined,2,Top,0,0,1,Undefined,Slider,FoulBallNotFieldable,Undefined,Undefined,Undefined,0,0,,85.11355,-0.282473,-3.845862,2388.49117,163.01261,11:30,5.49504,3.33288,5.94672,-34.42628,4.16807,-0.90784,2.36359,-0.31524,78.10352,-6.636067,-4.008409,0.447129,72.29896,39.564376,119.420362,5971.138255,,,,,50.31358,,,-0.60705,2.56559,-3.02586,50,5.45309,8.33308,-123.42887,-1.74555,-0.93607,24.65952,-28.21777,LAN,STA_YAN,ClipperMagazine,Independent,ATL,20250831-ClipperMagazine-1,20b48da0-8698-11f0-af34-87ea718ebaa4,84.29873,38.73435,,7.01003,,,,0.75328,2.47798,0.23986,5b61ec32-66d2-41eb-a7be-f179224c2041,2025-08-31,18:27:18.20,2025-08-31T14:27:18.2060032-04:00,2025-08-31T18:27:18.2060032Z,,v3,1889,586,,"Campagna, Joe",690523,Right,LAN,67607e93-19f9-43ef-a92a-39b9e9ce2b8e,54.55222,-124.33502,12.32976,5.49818,-0.70865,-14.10889,-3.3327,8.36748,-0.46804,,0.75328,-40.15469,-3.33722,1.70143,-0.5552,0.15519,-0.04068,0.00936,-0.00138,2.47798,67.54054,-22.72344,1.70756,-0.09256,-0.05237,0.02577,-0.0078,0.00142,0.23986,71.20391,-19.02264,5.53947,-1.33157,0.29931,-0.0666,0.01317,-0.0017,,,,,,,,,,,,,,,,,,,,,,,High,High,High,High,Undefined,,,
44,2025-08-31,14:27:38.72,1,3,"Skirrow, Noah",659418,Right,LAN,"Brown, Vaun",673901,Right,STA_YAN,Undefined,2,Top,0,0,2,Undefined,Four-Seam,StrikeSwinging,Strikeout,Undefined,Undefined,0,0,,91.47191,-0.636539,-4.359343,2406.625876,223.337815,1:30,5.56206,3.10752,6.31289,-17.79021,15.06898,13.2645,3.49149,0.18963,83.73233,-4.022235,-1.969689,0.412572,,,,,,,,,,,,-8.01119,8.30237,-2.79363,50,5.50657,9.56099,-132.65877,-1.98655,-14.33735,27.23786,-17.3156,LAN,STA_YAN,ClipperMagazine,Independent,ATL,20250831-ClipperMagazine-1,2ceaed30-8698-11f0-af34-87ea718ebaa4,91.35963,,,7.73958,,,,,,,5b61ec32-66d2-41eb-a7be-f179224c2041,2025-08-31,18:27:38.72,2025-08-31T14:27:38.7250000-04:00,2025-08-31T18:27:38.7250000Z,,v3,1889,586,,"Campagna, Joe",690523,Right,LAN,741ffc79-f4d7-431b-a2c0-fdad75a91f51,54.18502,-133.51528,13.61893,5.56048,-1.44205,-8.6578,-3.10137,10.01184,-7.16867,,,,,,,,,,,,,,,,,,,,,,,,,,,,,58.83658,3.210995,1.983846,1.227148,-2.18287,3.22976,-0.07095,-3.59292,6.01523,3.20979,77.19715,9.69088,47.58864,-3.42189,72.57856,-5.56374,6.0743,18.7029,-12.81996,3.28152,39.12402,-2.44075,High,High,High,,,High,High,High
45,2025-08-31,14:28:08.90,2,1,"Skirrow, Noah",659418,Right,LAN,"Sandoval, Pablo",467055,Left,STA_YAN,Undefined,2,Top,1,0,0,Undefined,Four-Seam,BallCalled,Undefined,Undefined,Undefined,0,0,,90.8892,-0.98761,-2.814735,2364.192141,217.273257,1:15,5.63645,3.09756,6.08979,-18.5384,14.81257,10.5252,3.17683,1.36888,83.61145,-4.487397,-0.921359,0.415648,,,,,,,,,,,,-6.12107,8.19256,-2.88572,50,5.55024,6.04656,-132.02088,-2.84207,-10.89078,25.97264,-17.59758,LAN,STA_YAN,ClipperMagazine,Independent,ATL,20250831-ClipperMagazine-1,3eeb62d0-8698-11f0-af34-87ea718ebaa4,90.68355,,,7.27775,,,,,,,5b61ec32-66d2-41eb-a7be-f179224c2041,2025-08-31,18:28:08.90,2025-08-31T14:28:08.9016832-04:00,2025-08-31T18:28:08.9016832Z,,v3,1889,586,,"Campagna, Joe",690523,Right,LAN,d018f505-2e2f-499a-80b4-b154495b7469,54.40835,-132.88531,12.98632,5.63509,-2.25638,-8.79879,-3.093,6.40903,-5.44539,,,,,,,,,,,,,,,,,,,,,,,,,,,,,,,,,,,,,,,,,,,,,,,,,,,High,High,High,,,,,
46,2025-08-31,14:28:21.80,2,2,"Skirrow, Noah",659418,Right,LAN,"Sandoval, Pablo",467055,Left,STA_YAN,Undefined,2,Top,1,1,0,Undefined,Curveball,StrikeCalled,Undefined,Undefined,Undefined,0,0,,79.55209,1.543892,-2.177317,2584.24182,26.788972,7:00,5.52283,3.48006,5.45521,-50.77404,-6.16733,-3.75866,2.73828,1.12768,73.56735,-7.676841,-2.846286,0.480697,,,,,,,,,,,,1.32661,-3.08807,-3.28539,50,5.62406,4.54171,-115.53489,1.34483,1.80505,20.18453,-36.37582,LAN,STA_YAN,ClipperMagazine,Independent,ATL,20250831-ClipperMagazine-1,469bec20-8698-11f0-af34-87ea718ebaa4,78.41201,,,5.98474,,,,,,,5b61ec32-66d2-41eb-a7be-f179224c2041,2025-08-31,18:28:21.80,2025-08-31T14:28:21.8005504-04:00,2025-08-31T18:28:21.8005504Z,,v3,1889,586,,"Campagna, Joe",690523,Right,LAN,7543849b-205a-4aca-9662-3cded226f660,55.04573,-116.41306,10.09226,5.53112,2.92744,-18.18791,-3.48128,4.46318,0.90252,,,,,,,,,,,,,,,,,,,,,,,,,,,,,,,,,,,,,,,,,,,,,,,,,,,High,High,High,,,,,
47,2025-08-31,14:28:34.88,2,3,"Skirrow, Noah",659418,Right,LAN,"Sandoval, Pablo",467055,Left,STA_YAN,Undefined,2,Top,1,1,1,Undefined,Changeup,BallCalled,Undefined,Undefined,Undefined,0,0,,83.31203,0.226669,-3.188764,1593.851481,262.92121,2:45,5.34225,3.46056,5.92928,-37.08522,3.09937,14.89922,2.46245,1.74051,76.41312,-6.623729,-0.515087,0.456248,,,,,,,,,,,,-8.47213,1.93677,-3.21379,50,5.33955,6.14457,-120.92514,-0.74349,-12.56322,23.25639,-29.302,LAN,STA_YAN,ClipperMagazine,Independent,ATL,20250831-ClipperMagazine-1,4e6cceb0-8698-11f0-af34-87ea718ebaa4,82.6139,,,6.8989,,,,,,,5b61ec32-66d2-41eb-a7be-f179224c2041,2025-08-31,18:28:34.88,2025-08-31T14:28:34.8818944-04:00,2025-08-31T18:28:34.8818944Z,,v3,1889,586,,"Campagna, Joe",690523,Right,LAN,ce62dbf8-70c1-4fa5-8fa3-44985287ba20,54.56959,-121.80079,11.6282,5.34678,0.3598,-14.651,-3.45405,6.61761,-6.28161,,,,,,,,,,,,,,,,,,,,,,,,,,,,,,,,,,,,,,,,,,,,,,,,,,,High,High,High,,,,,
48,2025-08-31,14:28:56.26,2,4,"Skirrow, Noah",659418,Right,LAN,"Sandoval, Pablo",467055,Left,STA_YAN,Undefined,2,Top,1,2,1,Undefined,Changeup,BallCalled,Undefined,Undefined,Undefined,0,0,,83.76022,-0.116904,-3.650854,1445.505104,265.037173,2:45,5.30205,3.35649,5.97352,-36.83888,2.62484,16.96977,2.12355,1.38153,77.32967,-6.906105,-0.604384,0.452137,,,,,,,,,,,,-9.64213,1.7426,-3.07662,50,5.27226,7.09865,-121.62652,-1.46028,-14.56016,22.0487,-29.54261,LAN,STA_YAN,ClipperMagazine,Independent,ATL,20250831-ClipperMagazine-1,5b1d4040-8698-11f0-af34-87ea718ebaa4,83.36504,,,6.43054,,,,,,,5b61ec32-66d2-41eb-a7be-f179224c2041,2025-08-31,18:28:56.26,2025-08-31T14:28:56.2652160-04:00,2025-08-31T18:28:56.2652160Z,,v3,1889,586,,"Campagna, Joe",690523,Right,LAN,21d0e9af-cce9-4c7e-b5c2-4beff4a0c085,54.52716,-122.44446,11.02435,5.3061,-0.36434,-14.7713,-3.34998,7.63879,-7.28008,,,,,,,,,,,,,,,,,,,,,,,,,,,,,,,,,,,,,,,,,,,,,,,,,,,High,High,High,,,,,
49,2025-08-31,14:29:11.00,2,5,"Skirrow, Noah",659418,Right,LAN,"Sandoval, Pablo",467055,Left,STA_YAN,Undefined,2,Top,1,3,1,Undefined,Four-Seam,BallCalled,Walk,Undefined,Undefined,0,0,,91.76475,-1.664664,-2.299044,2414.620658,222.185337,1:30,5.69616,3.02108,6.19643,-16.04091,16.85946,14.30343,2.82099,2.08951,83.61814,-4.73718,0.281249,0.412831,,,,,,,,,,,,-8.0141,9.51083,-2.85475,50,5.56251,4.73834,-133.2069,-4.32005,-14.36033,29.34069,-15.13175,LAN,STA_YAN,ClipperMagazine,Independent,ATL,20250831-ClipperMagazine-1,63e81330-8698-11f0-af34-87ea718ebaa4,91.30244,,,8.1466,,,,,,,5b61ec32-66d2-41eb-a7be-f179224c2041,2025-08-31,18:29:11.00,2025-08-31T14:29:11.0078464-04:00,2025-08-31T18:29:11.0078464Z,,v3,1889,586,,"Campagna, Joe",690523,Right,LAN,6a70198a-9210-4115-aaad-8cd7b3e95458,54.30074,-134.15085,14.67034,5.69366,-3.83323,-7.56588,-3.01463,5.20034,-7.18017,,,,,,,,,,,,,,,,,,,,,,,,,,,,,,,,,,,,,,,,,,,,,,,,,,,High,High,High,,,,,
50,2025-08-31,14:29:46.05,3,1,"Skirrow, Noah",659418,Right,LAN,"Maggi, Drew",543482,Right,STA_YAN,Undefined,2,Top,1,0,0,Undefined,Four-Seam,StrikeCalled,Undefined,Undefined,Undefined,0,0,,90.42396,-0.835548,-3.864384,2377.576846,222.389085,1:30,5.50946,3.05573,6.26748,-18.45387,15.13312,12.88788,3.19952,0.56166,82.97637,-4.337279,-1.542014,0.417116,,,,,,,,,,,,-7.68209,8.38437,-2.77534,50,5.43828,8.33885,-131.23552,-2.4522,-13.47781,26.21357,-17.46418,LAN,STA_YAN,ClipperMagazine,Independent,ATL,20250831-ClipperMagazine-1,78c8ec70-8698-11f0-af34-87ea718ebaa4,90.36439,,,7.44759,,,,,,,5b61ec32-66d2-41eb-a7be-f179224c2041,2025-08-31,18:29:46.05,2025-08-31T14:29:46.0505600-04:00,2025-08-31T18:29:46.0505600Z,,v3,1889,586,,"Campagna, Joe",690523,Right,LAN,5cf9b53c-f382-4005-8d9e-fd8c72a78a4a,54.23115,-132.07797,13.10679,5.50807,-1.89094,-8.73209,-3.0503,8.772,-6.7389,,,,,,,,,,,,,,,,,,,,,,,,,,,,,,,,,,,,,,,,,,,,,,,,,,,High,High,High,,,,,
51,2025-08-31,14:30:02.70,3,2,"Skirrow, Noah",659418,Right,LAN,"Maggi, Drew",543482,Right,STA_YAN,Undefined,2,Top,1,0,1,Undefined,Slider,StrikeSwinging,Undefined,Undefined,Undefined,0,0,,85.97172,-1.280239,-4.306738,2365.685167,189.936581,12:15,5.51285,3.09003,6.26471,-32.18825,5.01697,0.68815,1.64662,-0.83078,79.43248,-7.23617,-4.182851,0.439009,,,,,,,,,,,,-1.48221,3.28815,-2.77094,50,5.40211,9.3643,-124.69457,-3.80974,-2.3478,23.65359,-26.96566,LAN,STA_YAN,ClipperMagazine,Independent,ATL,20250831-ClipperMagazine-1,82bb0150-8698-11f0-af34-87ea718ebaa4,85.85804,,,6.53924,,,,,,,5b61ec32-66d2-41eb-a7be-f179224c2041,2025-08-31,18:30:02.70,2025-08-31T14:30:02.7046400-04:00,2025-08-31T18:30:02.7046400Z,,v3,1889,586,,"Campagna, Joe",690523,Right,LAN,ac4d8145-caf7-4046-b3f9-d244faa434e1,54.23426,-125.49521,11.82679,5.51562,-2.897,-13.48283,-3.08925,9.44377,-1.1739,,,,,,,,,,,,,,,,,,,,,,,,,,,,,,,,,,,,,,,,,,,,,,,,,,,High,High,High,,,,,
52,2025-08-31,14:30:23.06,3,3,"Skirrow, Noah",659418,Right,LAN,"Maggi, Drew",543482,Right,STA_YAN,Undefined,2,Top,1,0,2,Undefined,Sinker,FoulBallNotFieldable,Undefined,Undefined,Undefined,0,0,,90.78484,-0.621176,-4.359773,2402.019627,229.802275,1:45,5.41878,3.08443,6.25563,-19.47533,14.01485,15.34009,3.22135,0.33473,82.96425,-4.313829,-1.598454,0.416514,59.14974,65.88428,134.116772,4798.314739,,,,128.58496,38.47362,148.9623,4.229174,-9.18166,7.76587,-2.7678,50,5.3629,9.41774,-131.66131,-2.00985,-16.144,27.51097,-18.51941,LAN,STA_YAN,ClipperMagazine,Independent,ATL,20250831-ClipperMagazine-1,8ee1a970-8698-11f0-af34-87ea718ebaa4,90.49491,78.28655,,7.8206,,,,1.07988,3.37488,-0.31918,5b61ec32-66d2-41eb-a7be-f179224c2041,2025-08-31,18:30:23.06,2025-08-31T14:30:23.0626304-04:00,2025-08-31T18:30:23.0626304Z,Popup,v3,1889,586,,"Campagna, Joe",690523,Right,LAN,0be8ac90-4f85-49e8-a25f-4fc5fdad63f4,54.24389,-132.54511,13.75548,5.41791,-1.4149,-9.25971,-3.07867,9.93637,-8.072,334.80826,1.07931,-24.68296,-3.35445,1.04334,0.4713,-0.53698,0.20422,-0.03544,0.00234,3.38241,78.98458,-23.52094,0.5477,1.49974,-0.95235,0.27405,-0.039,0.00221,-0.3158,25.35113,-5.12256,0.41391,0.8795,-0.58949,0.17412,-0.02497,0.00141,,,,,,,,,,,,,,,,,,,,,,,High,High,High,High,Low,,,
53,2025-08-31,14:30:50.40,3,4,"Skirrow, Noah",659418,Right,LAN,"Maggi, Drew",543482,Right,STA_YAN,Undefined,2,Top,1,0,2,Undefined,Slider,FoulBallNotFieldable,Undefined,Undefined,Undefined,0,0,,80.75946,-0.240533,-3.974469,2667.88739,34.275363,7:15,5.40159,3.25502,5.50151,-48.42853,-5.23949,-4.37575,1.14038,-0.83286,75.23471,-8.990399,-4.75225,0.472997,,,,,,,,,,,,1.23551,-2.31319,-2.90419,50,5.34719,8.31051,-117.19305,-2.16474,1.73451,20.18963,-35.42143,LAN,STA_YAN,ClipperMagazine,Independent,ATL,20250831-ClipperMagazine-1,9f2d4320-8698-11f0-af34-87ea718ebaa4,79.68858,,,5.52475,,,,,,,5b61ec32-66d2-41eb-a7be-f179224c2041,2025-08-31,18:30:50.40,2025-08-31T14:30:50.4099840-04:00,2025-08-31T18:30:50.4099840Z,,v3,1889,586,,"Campagna, Joe",690523,Right,LAN,d9331af0-2b2b-4aac-b245-c78f0a975132,55.00085,-118.05143,10.09481,5.40721,-0.65875,-17.71072,-3.25596,8.23677,0.86725,,,,,,,,,,,,,,,,,,,,,,,,,,,,,,,,,,,,,,,,,,,,,,,,,,,High,High,High,,,,,
54,2025-08-31,14:31:19.91,3,5,"Skirrow, Noah",659418,Right,LAN,"Maggi, Drew",543482,Right,STA_YAN,Undefined,2,Top,1,0,2,Undefined,Slider,BallCalled,Undefined,Undefined,Undefined,0,0,,81.21227,-0.09487,-4.563397,2734.182009,38.749551,7:15,5.45241,3.13276,5.5737,-48.60278,-4.9663,-5.18823,1.31328,-1.57096,74,-8.939652,-5.485156,0.475441,,,,,,,,,,,,1.16394,-2.02012,-2.73563,50,5.4126,9.5841,-117.46335,-1.88289,1.60342,25.15509,-34.95698,LAN,STA_YAN,ClipperMagazine,Independent,ATL,20250831-ClipperMagazine-1,b0c755d0-8698-11f0-af34-87ea718ebaa4,79.27896,,,7.21227,,,,,,,5b61ec32-66d2-41eb-a7be-f179224c2041,2025-08-31,18:31:19.91,2025-08-31T14:31:19.9176192-04:00,2025-08-31T18:31:19.9176192Z,,v3,1889,586,,"Campagna, Joe",690523,Right,LAN,21b52859-f77f-4730-b7c0-914569c55ad8,54.92439,-118.51323,12.57755,5.46073,-0.42391,-17.47849,-3.13424,9.51718,0.80171,,,,,,,,,,,,,,,,,,,,,,,,,,,,,,,,,,,,,,,,,,,,,,,,,,,High,High,High,,,,,
55,2025-08-31,14:31:38.25,3,6,"Skirrow, Noah",659418,Right,LAN,"Maggi, Drew",543482,Right,STA_YAN,Undefined,2,Top,1,1,2,Undefined,Slider,InPlay,Undefined,GroundBall,Out,2,0,,85.31235,-0.035834,-4.450361,2448.294866,200.180802,12:45,5.47038,3.18864,6.19099,-34.64994,3.77744,0.91382,2.5497,-0.85231,77.61137,-6.476431,-4.286223,0.446161,88.27335,-13.25022,-8.894592,,,,,13.1208,13.1208,-3.881571,0.094014,-1.83705,2.33008,-2.85324,50,5.45024,9.58258,-123.5731,-1.17478,-2.81369,26.79947,-28.60518,LAN,STA_YAN,ClipperMagazine,Independent,ATL,20250831-ClipperMagazine-1,bbaaf6a0-8698-11f0-af34-87ea718ebaa4,84.48167,2.64053,,7.70098,,,,1.59542,2.64053,0.88054,5b61ec32-66d2-41eb-a7be-f179224c2041,2025-08-31,18:31:38.25,2025-08-31T14:31:38.2526464-04:00,2025-08-31T18:31:38.2526464Z,GroundBall,v3,1889,586,,"Campagna, Joe",690523,Right,LAN,5b6de981-e61c-4144-9720-1a1e5971b825,54.30715,-124.5037,13.39973,5.47379,-0.18148,-14.30259,-3.18769,9.68028,-1.40684,187.210903,1.5956,124.47994,-23.52855,,,,,,,2.64013,-29.61786,16.37807,,,,,,,0.88045,-19.47292,7.03281,,,,,,,,,,,,,,,,,,,,,,,,,,,,,High,High,High,High,High,,,
56,2025-08-31,14:34:12.99,1,1,"Roe, Nate",673225,Right,STA_YAN,"Campagna, Joe",690523,Right,LAN,Undefined,2,Bottom,0,0,0,Undefined,Changeup,StrikeCalled,Undefined,Undefined,Undefined,0,0,,83.86625,-0.966842,-5.100095,2156.398976,245.642202,2:15,5.16218,3.21262,5.43949,-31.4347,9.09548,17.27131,1.63362,-0.13633,76.92786,-6.741625,-2.040809,0.458206,,,,,,,,,,,,-10.04993,5.22264,-2.77275,50,5.0547,10.10689,-121.3525,-3.13886,-15.04583,22.86688,-24.35519,LAN,STA_YAN,ClipperMagazine,Independent,ATL,20250831-ClipperMagazine-1,17fed3e0-8699-11f0-af34-87ea718ebaa4,82.26093,,,6.9384,,,,,,,5b61ec32-66d2-41eb-a7be-f179224c2041,2025-08-31,18:34:12.99,2025-08-31T14:34:12.9910784-04:00,2025-08-31T18:34:12.9910784Z,,v3,1889,586,,"Espinosa, Albert",1000115232,Right,STA_YAN,5b68e8cc-3a9b-459c-8b47-30b26e473ff3,55.05964,-122.30219,11.43344,5.16405,-2.12736,-12.1776,-3.20548,10.73176,-7.52292,,,,,,,,,,,,,,,,,,,,,,,,,,,,,,,,,,,,,,,,,,,,,,,,,,,High,High,High,,,,,
57,2025-08-31,14:34:28.49,1,2,"Roe, Nate",673225,Right,STA_YAN,"Campagna, Joe",690523,Right,LAN,Undefined,2,Bottom,0,0,1,Undefined,Changeup,StrikeCalled,Undefined,Undefined,Undefined,0,0,,83.86725,0.162631,-5.988313,2163.659965,250.785084,2:15,5.29651,3.04519,5.16753,-33.4421,7.56989,18.03812,2.66356,-1.10794,76.81986,-5.941566,-2.818622,0.460921,,,,,,,,,,,,-10.55032,4.11323,-2.49961,50,5.28626,11.92803,-121.15959,-0.86356,-15.76739,22.47555,-26.02687,LAN,STA_YAN,ClipperMagazine,Independent,ATL,20250831-ClipperMagazine-1,21292bf0-8699-11f0-af34-87ea718ebaa4,81.77629,,,7.04739,,,,,,,5b61ec32-66d2-41eb-a7be-f179224c2041,2025-08-31,18:34:28.49,2025-08-31T14:34:28.4999168-04:00,2025-08-31T18:34:28.4999168Z,,v3,1889,586,,"Espinosa, Albert",1000115232,Right,STA_YAN,f2b75cf3-6109-4cd7-a3f1-65370587b98b,55.33184,-122.14467,11.23778,5.29911,0.27716,-13.01344,-3.03755,12.61909,-7.88369,,,,,,,,,,,,,,,,,,,,,,,,,,,,,,,,,,,,,,,,,,,,,,,,,,,High,High,High,,,,,
58,2025-08-31,14:34:52.58,1,3,"Roe, Nate",673225,Right,STA_YAN,"Campagna, Joe",690523,Right,LAN,Undefined,2,Bottom,0,0,2,Undefined,Changeup,FoulBallNotFieldable,Undefined,Undefined,Undefined,0,0,,84.91043,-0.423523,-5.252856,2175.158561,224.414662,1:30,5.35034,3.10854,5.45569,-25.59757,14.2041,12.61257,2.81907,-0.77136,77.2134,-5.185039,-3.021869,0.454069,78.98073,-1.395014,169.586102,,,,,70.31303,51.88568,173.896638,0.687843,-7.70473,7.65721,-2.65243,50,5.29559,10.71281,-122.67946,-1.75417,-11.72368,24.62253,-20.52266,LAN,STA_YAN,ClipperMagazine,Independent,ATL,20250831-ClipperMagazine-1,2f77e430-8699-11f0-af34-87ea718ebaa4,83.01032,3.14733,,7.69702,,,,-0.66524,3.14733,0.59515,5b61ec32-66d2-41eb-a7be-f179224c2041,2025-08-31,18:34:52.58,2025-08-31T14:34:52.5826048-04:00,2025-08-31T18:34:52.5826048Z,GroundBall,v3,1889,586,,"Espinosa, Albert",1000115232,Right,STA_YAN,2d1a5d79-1319-4866-8446-eaca100e7cc9,55.03777,-123.68643,12.31127,5.35017,-0.91486,-10.26133,-3.10035,11.19227,-5.86184,,-0.72114,-112.80306,17.85975,,,,,,,3.10637,-1.99177,-3.59513,,,,,,,0.67312,19.36954,-13.92808,,,,,,,,,,,,,,,,,,,,,,,,,,,,,High,High,High,Low,Low,,,
59,2025-08-31,14:35:18.08,1,4,"Roe, Nate",673225,Right,STA_YAN,"Campagna, Joe",690523,Right,LAN,Undefined,2,Bottom,0,0,2,Undefined,Four-Seam,InPlay,Undefined,Undefined,Error,0,0,,85.68176,-0.461659,-3.887545,2231.584976,218.279037,1:15,5.3797,3.06559,5.29213,-22.17147,16.68442,12.22804,3.0976,0.42881,78.55905,-4.585904,-1.724491,0.448642,61.14265,53.508683,146.337695,4337.080441,-99.43036,60.0492,47.04867,172.06966,60.91615,155.960876,3.766773,-7.1491,8.83623,-2.72062,50,5.32174,7.90863,-124.17012,-1.74222,-11.22764,23.48524,-18.29678,LAN,STA_YAN,ClipperMagazine,Independent,ATL,20250831-ClipperMagazine-1,3eb960e0-8699-11f0-af34-87ea718ebaa4,84.01453,63.86939,,7.12271,,,,0.31352,3.1715,-0.40128,5b61ec32-66d2-41eb-a7be-f179224c2041,2025-08-31,18:35:18.08,2025-08-31T14:35:18.0823040-04:00,2025-08-31T18:35:18.0823040Z,Popup,v3,1889,586,,"Espinosa, Albert",1000115232,Right,STA_YAN,f9928313-1cb2-4e8e-a4f3-90337d2f0474,55.20636,-125.15096,11.74262,5.37854,-0.97807,-9.14839,-3.06071,8.37755,-5.61382,325.734187,0.3147,-44.42951,-1.18524,0.47657,0.68482,-0.65488,0.255,-0.0464,0.00323,3.17318,72.04874,-24.54586,2.13682,-0.0259,-0.13571,0.02714,0.00056,-0.00039,-0.39889,29.49164,-6.18409,0.98415,0.58844,-0.49198,0.15282,-0.02186,0.00118,,,,,,,,,,,,,,,,,,,,,,,High,High,High,High,Low,,,
60,2025-08-31,14:35:56.99,2,1,"Roe, Nate",673225,Right,STA_YAN,"Lucky, Nick",681879,Left,LAN,Undefined,2,Bottom,0,0,0,Undefined,Changeup,StrikeCalled,Undefined,Undefined,Undefined,0,0,,83.92002,0.951878,-3.776329,2185.856506,250.695491,2:15,5.0585,3.35398,5.45038,-33.12226,7.08181,16.78304,3.19147,1.21212,77.05914,-5.134352,-0.796721,0.456359,,,,,,,,,,,,-9.39764,3.69591,-3.03208,50,5.11994,7.32393,-121.68535,0.86952,-14.18961,22.31009,-26.59355,LAN,STA_YAN,ClipperMagazine,Independent,ATL,20250831-ClipperMagazine-1,55fc6d10-8699-11f0-af34-87ea718ebaa4,82.59389,,,6.86088,,,,,,,5b61ec32-66d2-41eb-a7be-f179224c2041,2025-08-31,18:35:56.99,2025-08-31T14:35:56.9974784-04:00,2025-08-31T18:35:56.9974784Z,,v3,1889,586,,"Espinosa, Albert",1000115232,Right,STA_YAN,1be3d504-54ea-4e1d-b88e-cd226e045f00,55.04885,-122.60752,11.15504,5.06128,1.96875,-13.29678,-3.34694,7.91045,-7.0948,,,,,,,,,,,,,,,,,,,,,,,,,,,,,,,,,,,,,,,,,,,,,,,,,,,High,High,High,,,,,
61,2025-08-31,14:36:16.98,2,2,"Roe, Nate",673225,Right,STA_YAN,"Lucky, Nick",681879,Left,LAN,Undefined,2,Bottom,0,0,1,Undefined,Changeup,BallCalled,Undefined,Undefined,Undefined,0,0,,83.5233,1.253984,-3.869092,2186.300875,250.006729,2:15,5.12674,3.2183,5.4116,-33.07592,7.72563,17.75466,3.54809,1.06755,76.38418,-4.832609,-0.720065,0.459737,,,,,,,,,,,,-9.92886,3.9361,-2.88646,50,5.21553,7.43369,-121.03246,1.50535,-14.77903,22.8556,-26.31517,LAN,STA_YAN,ClipperMagazine,Independent,ATL,20250831-ClipperMagazine-1,61e23ba0-8699-11f0-af34-87ea718ebaa4,81.9869,,,7.13911,,,,,,,5b61ec32-66d2-41eb-a7be-f179224c2041,2025-08-31,18:36:16.98,2025-08-31T14:36:16.9805312-04:00,2025-08-31T18:36:16.9805312Z,,v3,1889,586,,"Espinosa, Albert",1000115232,Right,STA_YAN,a73886ae-6233-4262-92a7-7b3bffa08684,55.08717,-121.98933,11.4278,5.12945,2.60706,-13.15759,-3.21063,8.05243,-7.38951,,,,,,,,,,,,,,,,,,,,,,,,,,,,,,,,,,,,,,,,,,,,,,,,,,,High,High,High,,,,,
62,2025-08-31,14:36:35.00,2,3,"Roe, Nate",673225,Right,STA_YAN,"Lucky, Nick",681879,Left,LAN,Undefined,2,Bottom,0,1,1,Undefined,Curveball,FoulBallNotFieldable,Undefined,Undefined,Undefined,0,0,,67.53205,2.315281,-2.30611,2434.86824,61.043661,8:00,5.05922,3.25763,5.58915,-71.93724,-8.63524,-19.68725,1.22929,-0.53748,61.51078,-10.800159,-5.817113,0.572638,,,,,,,,,,,,9.23241,-4.61532,-3.04623,50,5.21122,4.58997,-97.83618,1.90184,8.74351,18.73281,-36.54495,LAN,STA_YAN,ClipperMagazine,Independent,ATL,20250831-ClipperMagazine-1,6ca11660-8699-11f0-af34-87ea718ebaa4,65.82245,,,6.02127,,,,,,,5b61ec32-66d2-41eb-a7be-f179224c2041,2025-08-31,18:36:35.00,2025-08-31T14:36:35.0034432-04:00,2025-08-31T18:36:35.0034432Z,,v3,1889,586,,"Espinosa, Albert",1000115232,Right,STA_YAN,2672f071-6747-48fa-aa7c-d72e426488fc,54.91233,-98.77227,9.3664,5.07056,3.72802,-18.27248,-3.26468,4.15305,4.37176,,,,,,,,,,,,,,,,,,,,,,,,,,,,,,,,,,,,,,,,,,,,,,,,,,,High,High,High,,,,,
63,2025-08-31,14:37:06.68,2,4,"Roe, Nate",673225,Right,STA_YAN,"Lucky, Nick",681879,Left,LAN,Undefined,2,Bottom,0,1,2,Undefined,Changeup,StrikeCalled,Strikeout,Undefined,Undefined,0,0,,84.60915,-0.360231,-5.568525,2190.090302,241.943431,2:00,5.25684,3.14421,5.56165,-29.56324,9.93253,16.41588,2.4551,-0.70656,77.84006,-5.805127,-2.659463,0.452321,,,,,,,,,,,,-9.68323,5.47985,-2.67316,50,5.20614,11.25081,-122.42645,-1.77602,-14.83193,22.08233,-23.78051,LAN,STA_YAN,ClipperMagazine,Independent,ATL,20250831-ClipperMagazine-1,7f7c5ba0-8699-11f0-af34-87ea718ebaa4,83.33119,,,6.76909,,,,,,,5b61ec32-66d2-41eb-a7be-f179224c2041,2025-08-31,18:37:06.68,2025-08-31T14:37:06.6840064-04:00,2025-08-31T18:37:06.6840064Z,,v3,1889,586,,"Espinosa, Albert",1000115232,Right,STA_YAN,f4b9d18e-b6dd-4f02-a365-6e381123d43e,54.93763,-123.31385,11.04117,5.25831,-0.82038,-11.89026,-3.13725,11.84684,-7.41596,,,,,,,,,,,,,,,,,,,,,,,,,,,,,,,,,,,,,,,,,,,,,,,,,,,High,High,High,,,,,
64,2025-08-31,14:37:38.76,3,1,"Roe, Nate",673225,Right,STA_YAN,"Amaral, Daniel",663610,Right,LAN,Undefined,2,Bottom,1,0,0,Undefined,Changeup,BallCalled,Undefined,Undefined,Undefined,0,0,,84.0002,0.462256,-4.013355,2164.889517,224.278915,1:30,5.2638,3.29996,5.57608,-26.64761,13.49824,11.93249,3.47597,0.53977,76.7521,-4.495655,-1.892194,0.456028,,,,,,,,,,,,-7.10847,7.08,-2.962,50,5.28637,8.04203,-121.70933,0.12073,-10.68656,23.38464,-21.53027,LAN,STA_YAN,ClipperMagazine,Independent,ATL,20250831-ClipperMagazine-1,92967ea0-8699-11f0-af34-87ea718ebaa4,82.65373,,,7.2481,,,,,,,5b61ec32-66d2-41eb-a7be-f179224c2041,2025-08-31,18:37:38.76,2025-08-31T14:37:38.7618304-04:00,2025-08-31T18:37:38.7618304Z,,v3,1889,586,,"Espinosa, Albert",1000115232,Right,STA_YAN,89d07859-a07a-49d0-854a-dd193dbf8834,54.92137,-122.65125,11.69232,5.26404,0.98796,-10.76514,-3.2946,8.47248,-5.34328,,,,,,,,,,,,,,,,,,,,,,,,,,,,,,,,,,,,,,,,,,,,,,,,,,,High,High,High,,,,,
65,2025-08-31,14:38:18.97,3,2,"Roe, Nate",673225,Right,STA_YAN,"Amaral, Daniel",663610,Right,LAN,Undefined,2,Bottom,1,1,0,Undefined,Changeup,BallCalled,Undefined,Undefined,Undefined,0,0,,84.69241,-2.462596,-4.721129,2245.899301,222.666838,1:30,5.38434,3.04888,5.46596,-22.66726,17.38891,14.75269,1.18137,-0.1503,77.05111,-6.6998,-2.105824,0.455518,,,,,,,,,,,,-8.80792,9.88363,-2.64307,50,5.15173,9.48321,-122.39432,-5.99821,-13.29904,25.20115,-17.2508,LAN,STA_YAN,ClipperMagazine,Independent,ATL,20250831-ClipperMagazine-1,aa93da20-8699-11f0-af34-87ea718ebaa4,82.74624,,,7.64129,,,,,,,5b61ec32-66d2-41eb-a7be-f179224c2041,2025-08-31,18:38:18.97,2025-08-31T14:38:18.9758464-04:00,2025-08-31T18:38:18.9758464Z,,v3,1889,586,,"Espinosa, Albert",1000115232,Right,STA_YAN,a37ebe4b-d797-46f8-ada9-6349f25c0a16,55.03137,-123.42594,12.60057,5.38281,-5.29204,-8.6254,-3.04241,10.02761,-6.64952,,,,,,,,,,,,,,,,,,,,,,,,,,,,,,,,,,,,,,,,,,,,,,,,,,,High,High,High,,,,,
66,2025-08-31,14:38:36.52,3,3,"Roe, Nate",673225,Right,STA_YAN,"Amaral, Daniel",663610,Right,LAN,Undefined,2,Bottom,1,2,0,Undefined,Changeup,FoulBallNotFieldable,Undefined,Undefined,Undefined,0,0,,85.23756,0.027746,-3.791976,2311.715955,238.319485,2:00,5.23772,3.23639,5.34989,-27.50935,11.92205,17.22875,2.97136,1.1103,77.64645,-5.066437,-0.738756,0.451952,,,,,,,,,,,,-9.79008,6.34433,-2.90775,50,5.2208,7.45479,-123.49508,-0.88674,-15.08726,25.07692,-22.39698,LAN,STA_YAN,ClipperMagazine,Independent,ATL,20250831-ClipperMagazine-1,b4f79c90-8699-11f0-af34-87ea718ebaa4,83.39917,,,7.59111,,,,,,,5b61ec32-66d2-41eb-a7be-f179224c2041,2025-08-31,18:38:36.52,2025-08-31T14:38:36.5219328-04:00,2025-08-31T18:38:36.5219328Z,,v3,1889,586,,"Espinosa, Albert",1000115232,Right,STA_YAN,79e1bcc2-3c00-4c66-b570-a218977b3b46,55.14954,-124.53635,12.53846,5.23831,0.04325,-11.19849,-3.2303,8.08127,-7.54363,,,,,,,,,,,,,,,,,,,,,,,,,,,,,,,,,,,,,,,,,,,,,,,,,,,High,High,High,,,,,
67,2025-08-31,14:39:05.32,3,4,"Roe, Nate",673225,Right,STA_YAN,"Amaral, Daniel",663610,Right,LAN,Undefined,2,Bottom,1,2,1,Undefined,Curveball,StrikeCalled,Undefined,Undefined,Undefined,0,0,,66.12597,3.580327,-2.320745,2384.090036,50.757613,7:45,5.24699,3.06304,5.68763,-77.09103,-11.5728,-16.90154,2.16684,-0.50962,60.40837,-10.489559,-5.33796,0.582576,,,,,,,,,,,,7.77296,-6.29347,-2.85722,50,5.50112,4.43801,-95.77423,3.82328,7.10039,17.07355,-37.92295,LAN,STA_YAN,ClipperMagazine,Independent,ATL,20250831-ClipperMagazine-1,c63a1960-8699-11f0-af34-87ea718ebaa4,64.69962,,,5.71761,,,,,,,5b61ec32-66d2-41eb-a7be-f179224c2041,2025-08-31,18:39:05.32,2025-08-31T14:39:05.3220000-04:00,2025-08-31T18:39:05.3220000Z,,v3,1889,586,,"Espinosa, Albert",1000115232,Right,STA_YAN,6415c48d-f0f2-4784-8598-d0887fa4b8cb,54.81461,-96.62871,8.53677,5.26228,5.72122,-18.96147,-3.07043,4.08265,3.5502,,,,,,,,,,,,,,,,,,,,,,,,,,,,,71.11937,,0.771584,,-0.70815,1.76006,0.71043,-1.47914,4.69366,1.70442,,,,-1.40257,102.65767,-8.47425,4.72421,10.38251,-13.20272,1.67334,-5.06814,2.56183,High,High,High,,,High,Medium,Medium
68,2025-08-31,14:39:37.44,3,5,"Roe, Nate",673225,Right,STA_YAN,"Amaral, Daniel",663610,Right,LAN,Undefined,2,Bottom,1,2,2,Undefined,Curveball,FoulBallNotFieldable,Undefined,Undefined,Undefined,0,0,,66.60446,3.26306,-2.348524,2556.335282,49.846592,7:45,5.20933,3.06506,5.7847,-76.95862,-12.60749,-17.54466,1.83772,-0.58316,60.88617,-10.795668,-5.487484,0.577364,48.71412,-61.907357,-61.306515,,,,,2.90161,2.90161,-8.907196,0.031762,8.2128,-6.95701,-2.86052,50,5.43225,4.51707,-96.52255,3.37951,7.609,17.53763,-38.61958,LAN,STA_YAN,ClipperMagazine,Independent,ATL,20250831-ClipperMagazine-1,d95ceef0-8699-11f0-af34-87ea718ebaa4,65.28369,2.01434,,5.71829,,,,2.35038,2.01434,0.49392,5b61ec32-66d2-41eb-a7be-f179224c2041,2025-08-31,18:39:37.44,2025-08-31T14:39:37.4495232-04:00,2025-08-31T18:39:37.4495232Z,GroundBall,v3,1889,586,,"Espinosa, Albert",1000115232,Right,STA_YAN,7460560a-1716-437d-b850-331aa672c799,54.71855,-97.37611,8.76882,5.22202,5.25914,-19.30979,-3.07136,4.14674,3.8045,,2.34987,16.25353,,,,,,,,2.01633,-63.42026,,,,,,,,0.49485,-29.6957,,,,,,,,,,,,,,,,,,,,,,,,,,,,,,High,High,High,Estimated,Estimated,,,
69,2025-08-31,14:40:12.74,3,6,"Roe, Nate",673225,Right,STA_YAN,"Amaral, Daniel",663610,Right,LAN,Undefined,2,Bottom,1,2,2,Undefined,Changeup,InPlay,Undefined,LineDrive,Single,0,0,,84.5336,-1.297585,-4.785236,2234.035949,229.336022,1:45,5.29418,3.10941,5.44303,-26.17915,14.10702,14.78863,1.89319,-0.14911,76.69832,-6.167987,-2.165144,0.456824,93.73855,11.612808,14.970252,2741.406138,104.29401,14.81575,34.9668,216.16939,216.16939,22.116039,2.021164,-8.88808,7.89485,-2.69621,50,5.16138,9.60492,-122.20759,-3.63989,-13.34509,25.69483,-20.32028,LAN,STA_YAN,ClipperMagazine,Independent,ATL,20250831-ClipperMagazine-1,ee53c130-8699-11f0-af34-87ea718ebaa4,82.50968,14.83372,,7.83528,,,,0.92229,1.83519,0.15455,5b61ec32-66d2-41eb-a7be-f179224c2041,2025-08-31,18:40:12.74,2025-08-31T14:40:12.7484928-04:00,2025-08-31T18:40:12.7484928Z,LineDrive,v3,1889,586,,"Espinosa, Albert",1000115232,Right,STA_YAN,b428c1c0-1404-49c9-83ea-622ec48db32e,55.05445,-123.26574,12.84742,5.29405,-2.80307,-10.16014,-3.10307,10.15449,-6.67255,243.015808,0.92229,130.09809,-22.16748,4.67956,-0.98767,0.2005,-0.03915,0.00605,-0.00048,1.83519,27.67486,-15.28447,0.61672,-0.01365,-0.01761,0.00913,-0.00206,0.00022,0.15455,34.78727,4.913,-1.81321,0.53613,-0.13942,0.03268,-0.00579,0.00052,,,,,,,,,,,,,,,,,,,,,,,High,High,High,High,High,,,
70,2025-08-31,14:41:00.85,4,1,"Roe, Nate",673225,Right,STA_YAN,"Watson, Kevin",675982,Left,LAN,Undefined,2,Bottom,1,0,0,Undefined,Changeup,BallCalled,Undefined,Undefined,Undefined,0,0,,84.465,1.559954,-4.2141,2190.608883,235.701117,1:45,5.21464,3.27413,5.6067,-27.61753,12.36607,16.16036,4.37363,0.68006,76.48462,-3.594426,-1.340875,0.455106,,,,,,,,,,,,-9.3678,6.1924,-2.92367,50,5.3308,8.32209,-122.23104,2.43947,-14.09813,25.27021,-22.85474,LAN,STA_YAN,ClipperMagazine,Independent,ATL,20250831-ClipperMagazine-1,0b135fb0-869a-11f0-af34-87ea718ebaa4,82.82124,,,7.98038,,,,,,,5b61ec32-66d2-41eb-a7be-f179224c2041,2025-08-31,18:41:00.85,2025-08-31T14:41:00.8525312-04:00,2025-08-31T18:41:00.8525312Z,,v3,1889,586,,"Espinosa, Albert",1000115232,Right,STA_YAN,973dd35b-4648-4be3-94d4-58bdcfefaa7d,54.89003,-123.23787,12.63511,5.21547,3.35005,-11.42737,-3.26643,8.88379,-7.04906,,,,,,,,,,,,,,,,,,,,,,,,,,,,,,,,,,,,,,,,,,,,,,,,,,,High,High,High,,,,,
71,2025-08-31,14:41:42.00,4,2,"Roe, Nate",673225,Right,STA_YAN,"Watson, Kevin",675982,Left,LAN,Undefined,2,Bottom,1,1,0,Undefined,Changeup,BallCalled,Undefined,Undefined,Undefined,0,0,,83.92279,-1.098319,-5.127748,2163.229884,252.95071,2:30,5.01732,3.17779,5.35009,-34.04238,6.675,17.4917,1.14605,-0.18692,76.87311,-7.325444,-2.033446,0.459263,,,,,,,,,,,,-10.20308,4.03532,-2.72818,50,4.89377,10.15578,-121.38814,-3.54054,-15.24239,23.4898,-26.1457,LAN,STA_YAN,ClipperMagazine,Independent,ATL,20250831-ClipperMagazine-1,238e9dc0-869a-11f0-af34-87ea718ebaa4,82.07162,,,7.04967,,,,,,,5b61ec32-66d2-41eb-a7be-f179224c2041,2025-08-31,18:41:42.00,2025-08-31T14:41:42.0082688-04:00,2025-08-31T18:41:42.0082688Z,,v3,1889,586,,"Espinosa, Albert",1000115232,Right,STA_YAN,4fd59227-9282-4a2b-ad63-05a056f14344,55.14939,-122.38054,11.7449,5.02002,-2.43594,-13.07285,-3.17085,10.79975,-7.62119,,,,,,,,,,,,,,,,,,,,,,,,,,,,,,,,,,,,,,,,,,,,,,,,,,,High,High,High,,,,,
72,2025-08-31,14:42:00.85,4,3,"Roe, Nate",673225,Right,STA_YAN,"Watson, Kevin",675982,Left,LAN,Undefined,2,Bottom,1,2,0,Undefined,Changeup,FoulBallNotFieldable,Undefined,Undefined,Undefined,0,0,,83.12725,-1.372406,-5.40746,2143.883046,224.517281,1:30,5.22564,3.14391,5.57219,-24.79927,16.86619,15.10792,1.87115,-0.663,75.14772,-6.024254,-2.729256,0.464579,82.08334,31.308167,46.451175,3267.485283,70.47602,53.01214,84.45764,282.2876,208.57688,58.754176,4.213331,-9.37686,9.39288,-2.68735,50,5.09105,10.75261,-120.05099,-3.65205,-13.5356,25.60107,-18.6153,LAN,STA_YAN,ClipperMagazine,Independent,ATL,20250831-ClipperMagazine-1,2ed85360-869a-11f0-af34-87ea718ebaa4,81.13252,60.83464,,7.97953,,,,3.29806,2.0736,0.59371,5b61ec32-66d2-41eb-a7be-f179224c2041,2025-08-31,18:42:00.85,2025-08-31T14:42:00.8598016-04:00,2025-08-31T18:42:00.8598016Z,FlyBall,v3,1889,586,,"Espinosa, Albert",1000115232,Right,STA_YAN,9d76bad6-ebd2-4feb-a6f7-b978a42ab2f2,54.92578,-121.09687,12.80054,5.22472,-2.89157,-9.30765,-3.13791,11.30557,-6.7678,,3.29994,70.8228,-17.11314,3.79347,-0.64337,0.06624,-0.00961,0.00224,-0.0002,2.07288,62.57263,-18.64709,1.30945,-0.14921,-0.02844,0.02513,-0.00535,0.00038,0.59421,74.53868,-5.94144,0.40416,0.10013,-0.05047,0.00705,0.00029,-9E-05,,,,,,,,,,,,,,,,,,,,,,,High,High,High,Medium,Medium,,,
73,2025-08-31,14:42:27.93,4,4,"Roe, Nate",673225,Right,STA_YAN,"Watson, Kevin",675982,Left,LAN,Undefined,2,Bottom,1,2,1,Undefined,Curveball,FoulBallNotFieldable,Undefined,Undefined,Undefined,0,0,,67.0813,2.574521,-1.586482,2437.131825,55.929984,7:45,5.31046,3.08802,5.53569,-73.12736,-9.74717,-17.39851,1.62544,0.15489,61.81723,-10.709396,-4.690345,0.572992,70.07187,-29.187855,55.743275,,,,,4.80053,2.4576,29.523121,0.035554,8.36646,-5.19918,-2.93823,50,5.4849,3.26525,-97.34256,2.2761,7.95883,16.5029,-37.1199,LAN,STA_YAN,ClipperMagazine,Independent,ATL,20250831-ClipperMagazine-1,3f071640-869a-11f0-af34-87ea718ebaa4,65.78184,1.78653,,5.26407,,,,2.37694,1.78653,-0.27781,5b61ec32-66d2-41eb-a7be-f179224c2041,2025-08-31,18:42:27.93,2025-08-31T14:42:27.9384576-04:00,2025-08-31T18:42:27.9384576Z,GroundBall,v3,1889,586,,"Espinosa, Albert",1000115232,Right,STA_YAN,cdcf26ba-fb02-4025-8860-13b301812e41,54.96766,-98.18113,8.25145,5.32132,4.16231,-18.55995,-3.09387,2.86083,3.97942,,2.37619,50.63555,,,,,,,,1.78727,-50.24884,,,,,,,,-0.27891,74.34951,,,,,,,,,,,,,,,,,,,,,,,,,,,,,,High,High,High,Low,Low,,,
74,2025-08-31,14:43:01.92,4,5,"Roe, Nate",673225,Right,STA_YAN,"Watson, Kevin",675982,Left,LAN,Undefined,2,Bottom,1,2,2,Undefined,Curveball,FoulBallNotFieldable,Undefined,Undefined,Undefined,0,0,,67.5398,2.653036,-2.346866,2485.878364,60.965721,8:00,5.25498,3.0249,5.47579,-73.5448,-9.78851,-21.81198,1.61265,-0.99004,61.35789,-10.732729,-6.227084,0.574689,,,,,,,,,,,,10.2141,-5.27851,-2.80323,50,5.43818,4.74203,-97.78336,2.38933,9.63666,19.09065,-37.15413,LAN,STA_YAN,ClipperMagazine,Independent,ATL,20250831-ClipperMagazine-1,53482d10-869a-11f0-af34-87ea718ebaa4,65.58754,,,6.18192,,,,,,,5b61ec32-66d2-41eb-a7be-f179224c2041,2025-08-31,18:43:01.92,2025-08-31T14:43:01.9238912-04:00,2025-08-31T18:43:01.9238912Z,,v3,1889,586,,"Espinosa, Albert",1000115232,Right,STA_YAN,b6eb39e5-7226-4c7f-acae-f9a3c5a77439,55.02581,-98.7597,9.54533,5.2674,4.28947,-18.57707,-3.03314,4.24919,4.81833,,,,,,,,,,,,,,,,,,,,,,,,,,,,,,,,,,,,,,,,,,,,,,,,,,,High,High,High,,,,,
75,2025-08-31,14:43:26.95,4,6,"Roe, Nate",673225,Right,STA_YAN,"Watson, Kevin",675982,Left,LAN,Undefined,2,Bottom,1,2,2,Undefined,Four-Seam,BallCalled,Undefined,Undefined,Undefined,0,0,,85.57812,0.763199,-3.511538,2220.11837,219.707549,1:15,5.28282,3.15851,5.43345,-25.9997,12.99749,9.74512,3.83229,0.67801,77.88929,-4.071822,-1.782591,0.449457,,,,,,,,,,,,-5.86803,6.69685,-2.85409,50,5.33281,7.18314,-123.97207,0.77792,-9.1194,25.11083,-21.76659,LAN,STA_YAN,ClipperMagazine,Independent,ATL,20250831-ClipperMagazine-1,620d74e0-869a-11f0-af34-87ea718ebaa4,83.86218,,,7.68883,,,,,,,5b61ec32-66d2-41eb-a7be-f179224c2041,2025-08-31,18:43:26.95,2025-08-31T14:43:26.9585920-04:00,2025-08-31T18:43:26.9585920Z,,v3,1889,586,,"Espinosa, Albert",1000115232,Right,STA_YAN,543b3fcb-9272-438f-b3e3-7e4dc45168af,55.06293,-124.99337,12.55541,5.28316,1.6632,-10.8833,-3.15379,7.55404,-4.5597,,,,,,,,,,,,,,,,,,,,,,,,,,,,,,,,,,,,,,,,,,,,,,,,,,,High,High,High,,,,,
76,2025-08-31,14:44:03.27,4,7,"Roe, Nate",673225,Right,STA_YAN,"Watson, Kevin",675982,Left,LAN,Undefined,2,Bottom,1,3,2,Undefined,Curveball,StrikeSwinging,Strikeout,Undefined,Undefined,0,0,,67.97403,2.098202,-1.182715,2453.210488,35.28029,7:15,5.23012,3.12559,5.4707,-76.63378,-14.03339,-11.5178,0.80882,1.0588,61.99963,-11.818746,-3.239786,0.569456,,,,,,,,,,,,5.3863,-7.09662,-3.01358,50,5.36264,2.43144,-98.54902,1.31347,5.18226,18.82611,-39.0018,LAN,STA_YAN,ClipperMagazine,Independent,ATL,20250831-ClipperMagazine-1,77e77b30-869a-11f0-af34-87ea718ebaa4,66.19028,,,5.9744,,,,,,,5b61ec32-66d2-41eb-a7be-f179224c2041,2025-08-31,18:44:03.27,2025-08-31T14:44:03.2733184-04:00,2025-08-31T18:44:03.2733184Z,,v3,1889,586,,"Espinosa, Albert",1000115232,Right,STA_YAN,24a33471-5f51-4cdb-ade8-c00c0120ceb2,55.03109,-99.50549,9.41305,5.24557,3.29496,-19.5009,-3.13042,2.16815,2.59113,,,,,,,,,,,,,,,,,,,,,,,,,,,,,,,,,,,,,,,,,,,,,,,,,,,High,High,High,,,,,
77,2025-08-31,14:44:41.99,5,1,"Roe, Nate",673225,Right,STA_YAN,"Coca, Yeison",665883,Left,LAN,Undefined,2,Bottom,2,0,0,Undefined,Curveball,BallCalled,Undefined,Undefined,Undefined,0,0,,66.54478,4.113548,-0.978762,2283.76863,28.471266,7:00,5.30858,3.14297,5.72674,-80.73575,-15.38603,-9.7039,2.41893,1.42264,59.93131,-10.686217,-2.716076,0.581826,,,,,,,,,,,,4.51154,-8.36997,-3.05549,50,5.60405,1.97477,-96.27406,4.60229,4.11334,18.92378,-39.80529,LAN,STA_YAN,ClipperMagazine,Independent,ATL,20250831-ClipperMagazine-1,8ee87550-869a-11f0-af34-87ea718ebaa4,64.783,,,6.61348,,,,,,,5b61ec32-66d2-41eb-a7be-f179224c2041,2025-08-31,18:44:41.99,2025-08-31T14:44:41.9918848-04:00,2025-08-31T18:44:41.9918848Z,,v3,1889,586,,"Espinosa, Albert",1000115232,Right,STA_YAN,6dc67c21-6e13-473a-9a68-7635aad0eb71,54.77375,-97.20786,9.46189,5.32848,6.56651,-19.90264,-3.14793,1.7718,2.05667,,,,,,,,,,,,,,,,,,,,,,,,,,,,,,,,,,,,,,,,,,,,,,,,,,,High,High,High,,,,,
78,2025-08-31,14:44:59.93,5,2,"Roe, Nate",673225,Right,STA_YAN,"Coca, Yeison",665883,Left,LAN,Undefined,2,Bottom,2,1,0,Undefined,Changeup,BallCalled,Undefined,Undefined,Undefined,0,0,,84.98042,-0.405964,-5.974771,2178.292892,237.447492,2:00,5.13204,3.17726,5.49812,-27.30324,12.69194,17.64714,2.47497,-0.96096,76.76343,-5.488479,-2.855235,0.455172,,,,,,,,,,,,-10.65709,6.9313,-2.66524,50,5.07827,12.07014,-122.61788,-1.77855,-16.08069,26.25934,-21.71524,LAN,STA_YAN,ClipperMagazine,Independent,ATL,20250831-ClipperMagazine-1,9980b540-869a-11f0-af34-87ea718ebaa4,82.8093,,,8.21699,,,,,,,5b61ec32-66d2-41eb-a7be-f179224c2041,2025-08-31,18:44:59.93,2025-08-31T14:44:59.9319040-04:00,2025-08-31T18:44:59.9319040Z,,v3,1889,586,,"Espinosa, Albert",1000115232,Right,STA_YAN,d21aed94-0caf-4c82-bb57-c8c44be197f0,54.99826,-123.68366,13.12967,5.13257,-0.8972,-10.85762,-3.16837,12.7228,-8.04034,,,,,,,,,,,,,,,,,,,,,,,,,,,,,,,,,,,,,,,,,,,,,,,,,,,High,High,High,,,,,
79,2025-08-31,14:45:18.75,5,3,"Roe, Nate",673225,Right,STA_YAN,"Coca, Yeison",665883,Left,LAN,Undefined,2,Bottom,2,2,0,Undefined,Changeup,BallCalled,Undefined,Undefined,Undefined,0,0,,84.57957,0.50199,-3.952581,2172.99074,217.032452,1:15,5.18031,3.28136,5.47071,-23.80765,16.45773,11.34174,3.66725,0.52171,76.26777,-3.974702,-1.940465,0.456707,,,,,,,,,,,,-6.90402,8.53217,-2.94132,50,5.20874,7.96425,-122.35129,0.32357,-10.35175,26.58854,-19.38106,LAN,STA_YAN,ClipperMagazine,Independent,ATL,20250831-ClipperMagazine-1,a4c45060-869a-11f0-af34-87ea718ebaa4,82.53097,,,8.3118,,,,,,,5b61ec32-66d2-41eb-a7be-f179224c2041,2025-08-31,18:45:18.75,2025-08-31T14:45:18.7512832-04:00,2025-08-31T18:45:18.7512832Z,,v3,1889,586,,"Espinosa, Albert",1000115232,Right,STA_YAN,3870afc7-2c4e-4b83-ae26-34f5004f20af,55.02434,-123.43831,13.29427,5.17931,1.11593,-9.69053,-3.27557,8.38747,-5.17588,,,,,,,,,,,,,,,,,,,,,,,,,,,,,,,,,,,,,,,,,,,,,,,,,,,High,High,High,,,,,
80,2025-08-31,14:45:36.82,5,4,"Roe, Nate",673225,Right,STA_YAN,"Coca, Yeison",665883,Left,LAN,Undefined,2,Bottom,2,3,0,Undefined,Four-Seam,StrikeCalled,Undefined,Undefined,Undefined,0,0,,85.57251,-0.132727,-4.981614,2202.50629,221.651473,1:30,5.23974,3.10874,5.46891,-22.88269,16.59816,13.4941,3.20816,-0.44061,77.06538,-4.438516,-2.592764,0.452235,,,,,,,,,,,,-8.28969,8.79,-2.67895,50,5.21284,10.17951,-123.60454,-1.01061,-12.6752,27.31758,-18.73382,LAN,STA_YAN,ClipperMagazine,Independent,ATL,20250831-ClipperMagazine-1,af83a050-869a-11f0-af34-87ea718ebaa4,83.34693,,,8.50713,,,,,,,5b61ec32-66d2-41eb-a7be-f179224c2041,2025-08-31,18:45:36.82,2025-08-31T14:45:36.8225792-04:00,2025-08-31T18:45:36.8225792Z,,v3,1889,586,,"Espinosa, Albert",1000115232,Right,STA_YAN,4d113657-8975-4f41-b9a3-bd3e2c983d40,55.02572,-124.71032,13.65879,5.2384,-0.2523,-9.36691,-3.10139,10.69259,-6.3376,,,,,,,,,,,,,,,,,,,,,,,,,,,,,,,,,,,,,,,,,,,,,,,,,,,High,High,High,,,,,
81,2025-08-31,14:45:55.89,5,5,"Roe, Nate",673225,Right,STA_YAN,"Coca, Yeison",665883,Left,LAN,Undefined,2,Bottom,2,3,1,Undefined,Changeup,InPlay,Undefined,GroundBall,Out,1,0,,85.06901,-1.059882,-4.362721,2195.443543,229.389464,1:45,5.19012,3.18119,5.39407,-25.70903,14.0906,14.82469,2.05142,0.32009,77.1698,-5.843736,-1.736275,0.454057,105.23227,3.482856,14.854841,1685.329281,,,,69.41645,69.41645,15.861321,0.478776,-8.76796,7.79559,-2.8021,50,5.07759,8.75384,-123.05648,-3.14052,-13.34897,26.04041,-20.30546,LAN,STA_YAN,ClipperMagazine,Independent,ATL,20250831-ClipperMagazine-1,badc9830-869a-11f0-af34-87ea718ebaa4,83.0125,2.69329,,7.89921,,,,1.62376,1.96386,-0.38615,5b61ec32-66d2-41eb-a7be-f179224c2041,2025-08-31,18:45:55.89,2025-08-31T14:45:55.8978048-04:00,2025-08-31T18:45:55.8978048Z,GroundBall,v3,1889,586,,"Espinosa, Albert",1000115232,Right,STA_YAN,33d2c490-90ed-4585-9adb-4515c7123d64,55.10347,-124.13175,13.02021,5.18995,-2.30206,-10.15273,-3.17494,9.30505,-6.67449,321.061047,1.64554,148.29561,-25.70825,,,,,,,1.99179,8.58779,-26.73954,,,,,,,-0.39551,39.76148,1.48069,,,,,,,,,,,,,,,,,,,,,,,,,,,,,High,High,High,High,High,,,
82,2025-08-31,14:48:15.34,1,1,"Skirrow, Noah",659418,Right,LAN,"Johnson, Kolby",815259,Right,STA_YAN,Undefined,3,Top,0,0,0,Undefined,Four-Seam,BallCalled,Undefined,Undefined,Undefined,0,0,,90.42903,-2.524698,-2.546555,2340.23079,206.735062,1:00,5.64611,3.18979,6.11485,-16.45721,17.89044,8.39205,1.93656,1.53307,81.75569,-5.685226,-1.035667,0.421813,,,,,,,,,,,,-5.08473,10.35213,-2.99854,50,5.44357,5.46512,-131.00676,-6.22832,-8.73304,30.70858,-14.39418,LAN,STA_YAN,ClipperMagazine,Independent,ATL,20250831-ClipperMagazine-1,0dff1880-869b-11f0-af34-87ea718ebaa4,89.35819,,,8.67334,,,,,,,5b61ec32-66d2-41eb-a7be-f179224c2041,2025-08-31,18:48:15.34,2025-08-31T14:48:15.3413632-04:00,2025-08-31T18:48:15.3413632Z,,v3,1889,586,,"Campagna, Joe",690523,Right,LAN,7550e421-0899-4c53-ab5a-c074d51055a6,54.37985,-132.02942,15.35429,5.64301,-5.74896,-7.19709,-3.18539,5.75595,-4.36652,,,,,,,,,,,,,,,,,,,,,,,,,,,,,,,,,,,,,,,,,,,,,,,,,,,High,High,High,,,,,
83,2025-08-31,14:48:26.61,1,2,"Skirrow, Noah",659418,Right,LAN,"Johnson, Kolby",815259,Right,STA_YAN,Undefined,3,Top,0,1,0,Undefined,Four-Seam,StrikeCalled,Undefined,Undefined,Undefined,0,0,,91.01834,-1.38857,-4.455036,2338.247068,211.841332,1:00,5.49442,3.19468,6.15821,-17.60025,16.34981,9.39796,2.7408,-0.14614,82.11538,-4.761408,-2.767757,0.419365,,,,,,,,,,,,-6.22323,9.22241,-2.86044,50,5.37963,9.85825,-131.69706,-3.69722,-10.79474,31.19165,-16.17694,LAN,STA_YAN,ClipperMagazine,Independent,ATL,20250831-ClipperMagazine-1,14b5d880-869b-11f0-af34-87ea718ebaa4,89.87986,,,8.90297,,,,,,,5b61ec32-66d2-41eb-a7be-f179224c2041,2025-08-31,18:48:26.61,2025-08-31T14:48:26.6144256-04:00,2025-08-31T18:48:26.6144256Z,,v3,1889,586,,"Campagna, Joe",690523,Right,LAN,857f4109-9302-4469-ac21-815dc4fa77d8,54.33707,-132.72029,15.59582,5.49221,-3.16654,-8.08847,-3.18964,10.21237,-5.39737,,,,,,,,,,,,,,,,,,,,,,,,,,,,,,,,,,,,,,,,,,,,,,,,,,,High,High,High,,,,,
84,2025-08-31,14:48:41.71,1,3,"Skirrow, Noah",659418,Right,LAN,"Johnson, Kolby",815259,Right,STA_YAN,Undefined,3,Top,0,1,1,Undefined,Changeup,BallCalled,Undefined,Undefined,Undefined,0,0,,84.03187,-0.79503,-4.853794,1608.058737,268.35051,3:00,5.32361,3.28068,5.95294,-38.12404,1.67512,13.01095,1.40659,-0.14732,76.86391,-7.818706,-2.524449,0.454055,,,,,,,,,,,,-8.05587,1.4963,-2.90121,50,5.23898,9.81515,-121.66833,-2.96044,-12.03692,24.58472,-29.93833,LAN,STA_YAN,ClipperMagazine,Independent,ATL,20250831-ClipperMagazine-1,1db724c0-869b-11f0-af34-87ea718ebaa4,83.01294,,,7.16797,,,,,,,5b61ec32-66d2-41eb-a7be-f179224c2041,2025-08-31,18:48:41.71,2025-08-31T14:48:41.7161216-04:00,2025-08-31T18:48:41.7161216Z,,v3,1889,586,,"Campagna, Joe",690523,Right,LAN,55087c1a-6688-4ef4-bfb1-2fd928ad877a,54.54582,-122.58343,12.29236,5.32844,-1.84607,-14.96916,-3.2749,10.2632,-6.01846,,,,,,,,,,,,,,,,,,,,,,,,,,,,,,,,,,,,,,,,,,,,,,,,,,,High,High,High,,,,,
85,2025-08-31,14:48:56.00,1,4,"Skirrow, Noah",659418,Right,LAN,"Johnson, Kolby",815259,Right,STA_YAN,Undefined,3,Top,0,2,1,Undefined,Slider,InPlay,Undefined,GroundBall,Out,1,0,,86.18088,-0.342308,-3.17271,2322.010932,190.611883,12:15,5.49746,3.41242,6.11915,-33.49242,4.02634,0.52591,2.38947,0.52005,78.69046,-6.56023,-3.078105,0.440855,99.28363,7.112408,2.578567,1766.97014,109.54351,5.98338,10.00948,151.51016,151.17097,6.511016,1.257367,-1.20528,2.53862,-3.16951,50,5.45382,6.91021,-125.03684,-1.836,-1.89765,26.50358,-28.17713,LAN,STA_YAN,ClipperMagazine,Independent,ATL,20250831-ClipperMagazine-1,26498290-869b-11f0-af34-87ea718ebaa4,85.49851,7.39339,,7.49042,,,,1.57478,2.38719,-0.5183,5b61ec32-66d2-41eb-a7be-f179224c2041,2025-08-31,18:48:56.00,2025-08-31T14:48:56.0089088-04:00,2025-08-31T18:48:56.0089088Z,LineDrive,v3,1889,586,,"Campagna, Joe",690523,Right,LAN,52145810-c81a-4267-9e01-28223dd5e909,54.379,-125.96162,13.25179,5.50073,-0.85283,-14.08857,-3.41178,6.97643,-0.94883,253.144316,1.57479,144.34711,-27.11215,6.4196,-0.80954,-0.51812,0.50982,-0.20054,0.03147,2.38718,18.03312,-16.68757,1.25942,-1.4979,1.77008,-1.21438,0.44954,-0.06983,-0.51831,6.50214,8.20879,-2.07398,-0.00367,0.55682,-0.44119,0.168,-0.02626,,,,,,,,,,,,,,,,,,,,,,,High,High,High,High,High,,,
86,2025-08-31,14:49:31.13,2,1,"Skirrow, Noah",659418,Right,LAN,"Osuna, Alberto",700647,Right,STA_YAN,Undefined,3,Top,1,0,0,Undefined,Four-Seam,BallCalled,Undefined,Undefined,Undefined,0,0,,92.32099,-1.060318,-4.136499,2387.285169,197.729085,12:30,5.77069,2.89258,6.23102,-15.44674,17.21418,5.15382,3.5026,-0.50072,83.82432,-4.030514,-3.209789,0.411325,,,,,,,,,,,,-3.86646,9.53548,-2.58573,50,5.68345,9.45149,-133.74694,-2.89798,-6.96539,30.31627,-14.99605,LAN,STA_YAN,ClipperMagazine,Independent,ATL,20250831-ClipperMagazine-1,3b299880-869b-11f0-af34-87ea718ebaa4,91.63654,,,8.49668,,,,,,,5b61ec32-66d2-41eb-a7be-f179224c2041,2025-08-31,18:49:31.13,2025-08-31T14:49:31.1324160-04:00,2025-08-31T18:49:31.1324160Z,,v3,1889,586,,"Campagna, Joe",690523,Right,LAN,a5a6dd1d-04bb-4d36-9452-3473b70268f6,54.26465,-134.71014,15.15814,5.76795,-2.42154,-7.49803,-2.88954,9.67279,-3.4827,,,,,,,,,,,,,,,,,,,,,,,,,,,,,,,,,,,,,,,,,,,,,,,,,,,High,High,High,,,,,
87,2025-08-31,14:49:44.69,2,2,"Skirrow, Noah",659418,Right,LAN,"Osuna, Alberto",700647,Right,STA_YAN,Undefined,3,Top,1,1,0,Undefined,Four-Seam,StrikeCalled,Undefined,Undefined,Undefined,0,0,,91.9617,-2.400387,-4.329264,2381.459729,215.006521,1:15,5.46602,3.18876,6.38976,-15.84052,16.96824,11.09225,1.93052,0.12353,83.44696,-5.450091,-2.327958,0.412255,,,,,,,,,,,,-7.02674,9.87552,-2.88166,50,5.28536,9.61402,-133.13476,-6.01163,-12.52535,30.41171,-14.57069,LAN,STA_YAN,ClipperMagazine,Independent,ATL,20250831-ClipperMagazine-1,433699b0-869b-11f0-af34-87ea718ebaa4,91.42983,,,8.51474,,,,,,,5b61ec32-66d2-41eb-a7be-f179224c2041,2025-08-31,18:49:44.69,2025-08-31T14:49:44.6912512-04:00,2025-08-31T18:49:44.6912512Z,,v3,1889,586,,"Campagna, Joe",690523,Right,LAN,a629d129-6b37-4135-85b0-2d902041366e,54.10637,-134.06949,15.20585,5.46325,-5.56379,-7.28534,-3.18308,9.999,-6.26268,,,,,,,,,,,,,,,,,,,,,,,,,,,,,,,,,,,,,,,,,,,,,,,,,,,High,High,High,,,,,
88,2025-08-31,14:50:00.49,2,3,"Skirrow, Noah",659418,Right,LAN,"Osuna, Alberto",700647,Right,STA_YAN,Undefined,3,Top,1,1,1,Undefined,Changeup,FoulBallNotFieldable,Undefined,Undefined,Undefined,0,0,,84.71302,-0.910149,-3.752896,1577.266711,273.563446,3:00,5.38429,3.37779,5.97654,-38.52908,0.39685,13.42453,1.32794,1.0126,77.74589,-8.002474,-1.341753,0.449046,,,,,,,,,,,,-8.01662,0.77992,-3.08836,50,5.29056,7.54237,-122.88994,-3.23512,-12.24059,24.69854,-30.98318,LAN,STA_YAN,ClipperMagazine,Independent,ATL,20250831-ClipperMagazine-1,4ca8a920-869b-11f0-af34-87ea718ebaa4,83.93891,,,6.96713,,,,,,,5b61ec32-66d2-41eb-a7be-f179224c2041,2025-08-31,18:50:00.49,2025-08-31T14:50:00.4947456-04:00,2025-08-31T18:50:00.4947456Z,,v3,1889,586,,"Campagna, Joe",690523,Right,LAN,b63d8b1b-b82b-4f0e-8b9c-0d1b0a622e40,54.52415,-123.79587,12.34927,5.38838,-2.09868,-15.49159,-3.37324,7.99135,-6.1203,,,,,,,,,,,,,,,,,,,,,,,,,,,,,,,,,,,,,,,,,,,,,,,,,,,High,High,High,,,,,
89,2025-08-31,14:50:27.62,2,4,"Skirrow, Noah",659418,Right,LAN,"Osuna, Alberto",700647,Right,STA_YAN,Undefined,3,Top,1,1,2,Undefined,Curveball,BallCalled,Undefined,Undefined,Undefined,0,0,,80.72247,-0.83894,-5.895666,2696.788021,38.265712,7:15,5.44111,3.20068,5.41055,-50.6442,-7.12315,-6.5087,0.43055,-2.88478,75.66387,-9.904151,-7.044254,0.474811,,,,,,,,,,,,1.85658,-3.04457,-2.66982,50,5.33035,12.31781,-116.81302,-3.50692,2.5972,19.43804,-36.43315,LAN,STA_YAN,ClipperMagazine,Independent,ATL,20250831-ClipperMagazine-1,5cdb8ab0-869b-11f0-af34-87ea718ebaa4,79.38403,,,5.0586,,,,,,,5b61ec32-66d2-41eb-a7be-f179224c2041,2025-08-31,18:50:27.62,2025-08-31T14:50:27.6242432-04:00,2025-08-31T18:50:27.6242432Z,,v3,1889,586,,"Campagna, Joe",690523,Right,LAN,b953f625-c331-448c-a406-27105dd9f919,55.092,-117.65729,9.71902,5.4483,-1.92448,-18.21658,-3.20238,12.205,1.2986,,,,,,,,,,,,,,,,,,,,,,,,,,,,,,,,,,,,,,,,,,,,,,,,,,,High,High,High,,,,,
90,2025-08-31,14:50:47.55,2,5,"Skirrow, Noah",659418,Right,LAN,"Osuna, Alberto",700647,Right,STA_YAN,Undefined,3,Top,1,2,2,Undefined,Four-Seam,InPlay,Undefined,FlyBall,Out,1,0,,92.2297,-1.429271,-4.236268,2350.963975,214.897085,1:15,5.55728,3.06306,6.30588,-17.4278,15.15989,9.81997,2.78437,-0.02839,83.89511,-4.756837,-2.467205,0.410864,107.13328,21.993951,-15.834501,1494.804194,105.9627,42.79073,-29.5266,370.86488,362.55818,-18.082795,4.349749,-6.3637,8.63087,-2.75656,50,5.44376,9.49959,-133.66489,-3.84458,-11.45954,30.05837,-16.63195,LAN,STA_YAN,ClipperMagazine,Independent,ATL,20250831-ClipperMagazine-1,68b1a1d0-869b-11f0-af34-87ea718ebaa4,91.73941,62.33243,,8.33459,,,,2.14073,2.92512,-0.02211,5b61ec32-66d2-41eb-a7be-f179224c2041,2025-08-31,18:50:47.55,2025-08-31T14:50:47.5572736-04:00,2025-08-31T18:50:47.5572736Z,LineDrive,v3,1889,586,,"Campagna, Joe",690523,Right,LAN,7dfc6306-b23e-4395-8e9d-0127022b62ab,54.19255,-134.6044,15.02919,5.5558,-3.32472,-8.31597,-3.05908,9.85777,-5.72977,182.75165,2.14005,140.17812,-28.94219,6.99024,-1.59051,0.35081,-0.06515,0.00777,-0.0004,2.92632,58.82164,-15.00517,-0.09673,0.32747,-0.13537,0.03096,-0.00335,0.00012,-0.02187,-39.7563,8.81768,-3.03808,0.82213,-0.18894,0.03386,-0.00384,0.00019,,,,,,,,,,,,,,,,,,,,,,,High,High,High,High,Medium,,,
91,2025-08-31,14:51:36.58,3,1,"Skirrow, Noah",659418,Right,LAN,"Espinosa, Albert",1000115232,Right,STA_YAN,Undefined,3,Top,2,0,0,Undefined,Slider,BallCalled,Undefined,Undefined,Undefined,0,0,,86.736,-2.004993,-4.131914,2216.30298,153.285619,11:00,5.46879,3.24183,6.44072,-31.17372,5.37819,-2.1339,1.02304,-0.73938,79.76084,-7.794946,-4.517511,0.435137,,,,,,,,,,,,-0.04799,3.73984,-2.94726,50,5.31225,9.16428,-125.73825,-5.36954,-0.07678,25.74109,-26.19297,LAN,STA_YAN,ClipperMagazine,Independent,ATL,20250831-ClipperMagazine-1,85e69760-869b-11f0-af34-87ea718ebaa4,86.62191,,,6.97517,,,,,,,5b61ec32-66d2-41eb-a7be-f179224c2041,2025-08-31,18:51:36.58,2025-08-31T14:51:36.5827072-04:00,2025-08-31T18:51:36.5827072Z,,v3,1889,586,,"Campagna, Joe",690523,Right,LAN,6b422ab6-c0d7-4baa-8d6a-e3bf404debb9,54.05734,-126.56615,12.87055,5.4714,-4.52711,-13.09648,-3.24205,9.16675,-0.03839,,,,,,,,,,,,,,,,,,,,,,,,,,,,,,,,,,,,,,,,,,,,,,,,,,,High,High,High,,,,,
92,2025-08-31,14:51:48.67,3,2,"Skirrow, Noah",659418,Right,LAN,"Espinosa, Albert",1000115232,Right,STA_YAN,Undefined,3,Top,2,1,0,Undefined,Four-Seam,StrikeSwinging,Undefined,Undefined,Undefined,0,0,,90.71731,-1.838892,-5.813977,2308.848153,217.541757,1:15,5.5193,3.10703,6.25542,-17.32489,16.72032,11.93631,2.37052,-1.27799,82.15908,-5.156911,-3.67456,0.419952,,,,,,,,,,,,-7.88571,9.55237,-2.67956,50,5.37344,12.84027,-131.04072,-4.7021,-13.60984,29.61328,-15.68778,LAN,STA_YAN,ClipperMagazine,Independent,ATL,20250831-ClipperMagazine-1,8d223ed0-869b-11f0-af34-87ea718ebaa4,89.75423,,,8.55823,,,,,,,5b61ec32-66d2-41eb-a7be-f179224c2041,2025-08-31,18:51:48.67,2025-08-31T14:51:48.6769664-04:00,2025-08-31T18:51:48.6769664Z,,v3,1889,586,,"Campagna, Joe",690523,Right,LAN,e32864ad-89e1-4605-8656-aca414d76a35,54.2406,-131.99555,14.80664,5.5169,-4.19627,-7.84389,-3.10065,13.2791,-6.80492,,,,,,,,,,,,,,,,,,,,,,,,,,,,,,,,,,,,,,,,,,,,,,,,,,,High,High,High,,,,,
93,2025-08-31,14:52:01.14,3,3,"Skirrow, Noah",659418,Right,LAN,"Espinosa, Albert",1000115232,Right,STA_YAN,Undefined,3,Top,2,1,1,Undefined,Four-Seam,StrikeSwinging,Undefined,Undefined,Undefined,0,0,,93.02123,-2.160441,-5.006908,2431.320225,213.431834,1:00,5.43867,3.10665,6.34231,-14.71509,17.48745,10.80556,2.21492,-0.61407,84.26108,-5.00465,-3.062685,0.408429,,,,,,,,,,,,-7.07807,10.05119,-2.74639,50,5.27373,11.32448,-134.53735,-5.47349,-12.87401,31.26787,-13.89235,LAN,STA_YAN,ClipperMagazine,Independent,ATL,20250831-ClipperMagazine-1,94a41700-869b-11f0-af34-87ea718ebaa4,92.28642,,,8.76015,,,,,,,5b61ec32-66d2-41eb-a7be-f179224c2041,2025-08-31,18:52:01.14,2025-08-31T14:52:01.1457024-04:00,2025-08-31T18:52:01.1457024Z,,v3,1889,586,,"Campagna, Joe",690523,Right,LAN,edd143c8-0bc5-4ff4-b733-8bd4b0ceef41,54.15358,-135.49925,15.63393,5.43554,-5.04612,-6.94617,-3.10086,11.72052,-6.437,,,,,,,,,,,,,,,,,,,,,,,,,,,,,,,,,,,,,,,,,,,,,,,,,,,High,High,High,,,,,
94,2025-08-31,14:52:16.05,3,4,"Skirrow, Noah",659418,Right,LAN,"Espinosa, Albert",1000115232,Right,STA_YAN,Undefined,3,Top,2,1,2,Undefined,Four-Seam,StrikeSwinging,Strikeout,Undefined,Undefined,0,0,,92.18852,-1.913955,-3.57893,2367.326477,210.828477,1:00,5.73258,2.99292,6.22195,-15.59698,17.2221,9.60166,2.66269,0.48643,83.55335,-4.915314,-1.849682,0.41232,,,,,,,,,,,,-6.00918,9.80835,-2.72933,50,5.58115,7.94044,-133.56773,-4.89294,-10.77054,30.87642,-14.5941,LAN,STA_YAN,ClipperMagazine,Independent,ATL,20250831-ClipperMagazine-1,9d7e2c30-869b-11f0-af34-87ea718ebaa4,91.41544,,,8.63517,,,,,,,5b61ec32-66d2-41eb-a7be-f179224c2041,2025-08-31,18:52:16.05,2025-08-31T14:52:16.0560000-04:00,2025-08-31T18:52:16.0560000Z,,v3,1889,586,,"Campagna, Joe",690523,Right,LAN,6b9d5cea-1ab3-480b-8cbd-33d986b4a582,54.2737,-134.55204,15.43821,5.72971,-4.42769,-7.29705,-2.98794,8.2838,-5.38527,,,,,,,,,,,,,,,,,,,,,,,,,,,,,49.48184,,,1.36626,,,,-1.83071,5.64064,5.89132,63.90948,6.57647,60.87687,-1.73806,53.59626,-4.07289,5.71897,20.63769,-14.65715,5.92072,42.62585,-1.76219,High,High,High,,,Medium,High,High
95,2025-08-31,14:54:59.97,1,1,"Roe, Nate",673225,Right,STA_YAN,"Mercedes, Melvin",621034,Left,LAN,Undefined,3,Bottom,0,0,0,Undefined,Changeup,BallCalled,Undefined,Undefined,Undefined,0,0,,83.34655,-0.368966,-4.323895,2074.021024,235.0562,1:45,5.23581,3.14893,5.34637,-29.73368,11.63237,14.67548,2.41092,0.30838,75.89637,-5.862103,-1.725898,0.462907,,,,,,,,,,,,-8.57808,6.34752,-2.76964,50,5.18151,8.49544,-120.62001,-1.78941,-12.60187,24.0828,-22.84905,LAN,STA_YAN,ClipperMagazine,Independent,ATL,20250831-ClipperMagazine-1,ff321310-869b-11f0-af34-87ea718ebaa4,81.4256,,,7.45018,,,,,,,5b61ec32-66d2-41eb-a7be-f179224c2041,2025-08-31,18:54:59.97,2025-08-31T14:54:59.9739392-04:00,2025-08-31T18:54:59.9739392Z,,v3,1889,586,,"Espinosa, Albert",1000115232,Right,STA_YAN,8f5de244-fe10-4796-aeff-865938589569,55.15089,-121.64408,12.0414,5.23694,-0.8178,-11.42452,-3.14229,9.03131,-6.30094,,,,,,,,,,,,,,,,,,,,,,,,,,,,,,,,,,,,,,,,,,,,,,,,,,,High,High,High,,,,,
96,2025-08-31,14:55:19.10,1,2,"Roe, Nate",673225,Right,STA_YAN,"Mercedes, Melvin",621034,Left,LAN,Undefined,3,Bottom,0,1,0,Undefined,Changeup,FoulBallNotFieldable,Undefined,Undefined,Undefined,0,0,,83.65275,-0.749273,-4.618281,2130.762106,238.567763,2:00,5.28916,3.1412,5.37122,-29.85813,11.00532,15.86946,2.09616,0.12433,76.55928,-6.249054,-1.808675,0.460086,65.73118,41.187978,-156.904846,3127.959373,-101.34385,42.85425,-42.77119,184.73453,71.26547,-157.528643,2.974124,-9.28658,6.10981,-2.73832,50,5.20074,9.1248,-121.10314,-2.60792,-13.81293,23.303,-23.08627,LAN,STA_YAN,ClipperMagazine,Independent,ATL,20250831-ClipperMagazine-1,0a906220-869c-11f0-af34-87ea718ebaa4,81.92476,44.14089,,7.09348,,,,1.83933,2.19019,-0.13515,5b61ec32-66d2-41eb-a7be-f179224c2041,2025-08-31,18:55:19.10,2025-08-31T14:55:19.1051776-04:00,2025-08-31T18:55:19.1051776Z,FlyBall,v3,1889,586,,"Espinosa, Albert",1000115232,Right,STA_YAN,029b236c-8b27-4747-9f27-ecb1dff13e26,55.1283,-122.08596,11.6515,5.29019,-1.63425,-11.54313,-3.13544,9.70737,-6.90646,5.185017,1.83959,-66.74613,2.88931,-0.11719,0.21364,-0.18352,0.07945,-0.01584,0.00116,2.19015,63.48803,-27.46828,3.34312,-0.78989,0.20172,-0.05531,0.01142,-0.00104,-0.13505,-28.46284,2.01954,-0.2952,0.14657,-0.08964,0.0359,-0.00709,0.00053,,,,,,,,,,,,,,,,,,,,,,,High,High,High,High,Low,,,
97,2025-08-31,14:55:38.79,1,3,"Roe, Nate",673225,Right,STA_YAN,"Mercedes, Melvin",621034,Left,LAN,Undefined,3,Bottom,0,1,1,Undefined,Changeup,BallCalled,Undefined,Undefined,Undefined,0,0,,84.29565,0.636774,-3.938939,2143.277156,234.639427,1:45,5.15423,3.30678,5.34551,-28.42935,11.88229,14.90906,3.38385,0.84861,76.8033,-4.62438,-1.298776,0.456969,,,,,,,,,,,,-8.54579,6.16776,-2.96242,50,5.19165,7.7621,-122.07662,0.387,-12.89191,24.10358,-22.86959,LAN,STA_YAN,ClipperMagazine,Independent,ATL,20250831-ClipperMagazine-1,164d7300-869c-11f0-af34-87ea718ebaa4,82.48359,,,7.49235,,,,,,,5b61ec32-66d2-41eb-a7be-f179224c2041,2025-08-31,18:55:38.79,2025-08-31T14:55:38.7926016-04:00,2025-08-31T18:55:38.7926016Z,,v3,1889,586,,"Espinosa, Albert",1000115232,Right,STA_YAN,197c58a4-3c48-4496-986e-b7ca0e35fcc0,55.15187,-123.08963,12.05179,5.15519,1.34815,-11.43479,-3.30003,8.30391,-6.44595,,,,,,,,,,,,,,,,,,,,,,,,,,,,,,,,,,,,,,,,,,,,,,,,,,,High,High,High,,,,,
98,2025-08-31,14:55:55.99,1,4,"Roe, Nate",673225,Right,STA_YAN,"Mercedes, Melvin",621034,Left,LAN,Undefined,3,Bottom,0,2,1,Undefined,Curveball,BallinDirt,Undefined,Undefined,Undefined,0,0,,68.03534,0.95664,-2.950886,2554.604267,53.391334,7:45,5.2161,3.08357,5.16715,-74.30063,-10.97201,-17.77556,-0.07402,-1.17733,62.35752,-12.404399,-6.100253,0.572758,,,,,,,,,,,,7.91473,-5.25764,-2.79402,50,5.24836,5.69495,-98.52097,-0.62848,7.60659,18.88979,-37.22698,LAN,STA_YAN,ClipperMagazine,Independent,ATL,20250831-ClipperMagazine-1,20919f80-869c-11f0-af34-87ea718ebaa4,65.80864,,,5.67782,,,,,,,5b61ec32-66d2-41eb-a7be-f179224c2041,2025-08-31,18:55:55.99,2025-08-31T14:55:55.9913984-04:00,2025-08-31T18:55:55.9913984Z,,v3,1889,586,,"Espinosa, Albert",1000115232,Right,STA_YAN,e72aae3d-db36-49ad-a0ba-96bc96dd69a7,55.33485,-99.53859,9.4449,5.2282,1.37698,-18.61349,-3.08977,5.28517,3.80329,,,,,,,,,,,,,,,,,,,,,,,,,,,,,,,,,,,,,,,,,,,,,,,,,,,High,High,High,,,,,
99,2025-08-31,14:56:15.33,1,5,"Roe, Nate",673225,Right,STA_YAN,"Mercedes, Melvin",621034,Left,LAN,Undefined,3,Bottom,0,3,1,Undefined,Changeup,FoulBallNotFieldable,Undefined,Undefined,Undefined,0,0,,84.41128,-1.085736,-4.066209,2188.265929,233.625242,1:45,5.23529,3.25153,5.26007,-26.64139,13.44091,16.57737,1.99243,0.80634,77.55788,-5.994945,-1.133968,0.455667,71.01991,24.669333,-156.727937,1763.375836,,,,118.79817,53.88277,-161.503029,1.555826,-9.39788,7.37638,-2.89156,50,5.11614,7.99285,-122.31222,-3.24186,-14.32511,22.72195,-20.93031,LAN,STA_YAN,ClipperMagazine,Independent,ATL,20250831-ClipperMagazine-1,2c13ca40-869c-11f0-af34-87ea718ebaa4,82.7192,16.28293,,6.8534,,,,2.56862,1.48334,-0.61809,5b61ec32-66d2-41eb-a7be-f179224c2041,2025-08-31,18:56:15.33,2025-08-31T14:56:15.3300992-04:00,2025-08-31T18:56:15.3300992Z,LineDrive,v3,1889,586,,"Espinosa, Albert",1000115232,Right,STA_YAN,7551ca89-9ef9-4b28-96ab-32f9cbb82062,55.2397,-123.28176,11.36097,5.23541,-2.34877,-10.46516,-3.24566,8.6041,-7.16255,,2.56862,-86.95438,8.03341,0.76744,-0.69836,0.29015,-0.07903,0.01518,-0.00137,1.48334,43.47533,-35.70379,6.26923,-1.4196,0.28467,-0.05279,0.00848,-0.00072,-0.61809,-37.39819,14.37553,-5.38644,1.59967,-0.41814,0.09732,-0.018,0.00168,,,,,,,,,,,,,,,,,,,,,,,High,High,High,Medium,Low,,,
100,2025-08-31,14:56:42.95,1,6,"Roe, Nate",673225,Right,STA_YAN,"Mercedes, Melvin",621034,Left,LAN,Undefined,3,Bottom,0,3,2,Undefined,Changeup,BallCalled,Walk,Undefined,Undefined,0,0,,85.3664,0.209752,-3.748675,2132.071299,226.862934,1:30,5.37113,2.97895,5.40384,-23.79001,15.62379,15.24123,3.58558,0.73155,77.34214,-4.243507,-1.045894,0.451851,,,,,,,,,,,,-8.71902,8.17028,-2.65553,50,5.37359,7.4297,-123.58864,-0.32287,-13.40526,25.99787,-19.61242,LAN,STA_YAN,ClipperMagazine,Independent,ATL,20250831-ClipperMagazine-1,3c8c8e70-869c-11f0-af34-87ea718ebaa4,83.4178,,,8.02425,,,,,,,5b61ec32-66d2-41eb-a7be-f179224c2041,2025-08-31,18:56:42.95,2025-08-31T14:56:42.9549056-04:00,2025-08-31T18:56:42.9549056Z,,v3,1889,586,,"Espinosa, Albert",1000115232,Right,STA_YAN,55bb5ee4-d278-4fef-897c-2537d21c7098,55.09233,-124.65525,12.99893,5.37033,0.48176,-9.80621,-2.97163,7.97968,-6.70263,,,,,,,,,,,,,,,,,,,,,,,,,,,,,,,,,,,,,,,,,,,,,,,,,,,High,High,High,,,,,
101,2025-08-31,14:57:19.60,2,1,"Roe, Nate",673225,Right,STA_YAN,"Ward, Nick",682187,Left,LAN,Undefined,3,Bottom,0,0,0,Undefined,Changeup,InPlay,Undefined,FlyBall,HomeRun,0,2,,83.95223,-0.120933,-4.405314,2179.554295,232.882843,1:45,5.2612,3.12914,5.45402,-27.44872,12.88745,15.36761,2.86027,0.27775,76.87562,-5.203002,-1.68039,0.457108,104.99161,28.952103,31.063414,3254.592425,91.4667,58.11541,61.10515,377.99689,355.75445,40.820726,5.19748,-8.9813,6.89599,-2.75111,50,5.23178,8.73866,-121.6208,-1.1713,-13.5003,23.05499,-21.80833,LAN,STA_YAN,ClipperMagazine,Independent,ATL,20250831-ClipperMagazine-1,52602c20-869c-11f0-af34-87ea718ebaa4,82.45855,86.13799,,7.07661,,,,2.33353,3.02805,-0.36799,5b61ec32-66d2-41eb-a7be-f179224c2041,2025-08-31,18:57:19.60,2025-08-31T14:57:19.6052992-04:00,2025-08-31T18:57:19.6052992Z,FlyBall,v3,1889,586,,"Espinosa, Albert",1000115232,Right,STA_YAN,b1afa3c0-b298-431c-9d17-814cb1fe65a8,55.04571,-122.57355,11.5275,5.26157,-0.27007,-10.90416,-3.12377,9.29657,-6.75015,,2.33659,115.36358,-29.83833,8.2267,-1.94147,0.39524,-0.07119,0.009,-0.0005,3.02799,74.53986,-18.59444,0.58122,0.31958,-0.17244,0.04646,-0.00612,0.00031,-0.36293,69.4289,-5.15322,-1.14253,0.97795,-0.35107,0.07038,-0.00718,0.00029,,,,,,,,,,,,,,,,,,,,,,,High,High,High,High,Medium,,,
102,2025-08-31,14:58:14.74,3,1,"Roe, Nate",673225,Right,STA_YAN,"Castro, Luis",620449,Right,LAN,Undefined,3,Bottom,0,0,0,Undefined,Changeup,BallCalled,Undefined,Undefined,Undefined,0,0,,84.62872,-1.619841,-5.938727,2234.609309,231.583859,1:45,5.35878,3.1181,5.30187,-25.64151,14.87835,16.97493,1.69271,-1.06248,76.79818,-6.378114,-2.948057,0.458148,,,,,,,,,,,,-10.23634,8.33319,-2.58962,50,5.19259,11.96502,-122.08581,-4.32884,-15.36518,25.26026,-19.66553,LAN,STA_YAN,ClipperMagazine,Independent,ATL,20250831-ClipperMagazine-1,734d6ec0-869c-11f0-af34-87ea718ebaa4,82.2714,,,7.83054,,,,,,,5b61ec32-66d2-41eb-a7be-f179224c2041,2025-08-31,18:58:14.74,2025-08-31T14:58:14.7499008-04:00,2025-08-31T18:58:14.7499008Z,,v3,1889,586,,"Espinosa, Albert",1000115232,Right,STA_YAN,5eeeb7a6-df06-452d-8ae0-818a35e46233,55.1955,-123.1561,12.63013,5.35835,-3.4956,-9.83277,-3.11038,12.61605,-7.68259,,,,,,,,,,,,,,,,,,,,,,,,,,,,,,,,,,,,,,,,,,,,,,,,,,,High,High,High,,,,,
103,2025-08-31,14:58:29.47,3,2,"Roe, Nate",673225,Right,STA_YAN,"Castro, Luis",620449,Right,LAN,Undefined,3,Bottom,0,1,0,Undefined,Changeup,StrikeCalled,Undefined,Undefined,Undefined,0,0,,85.05668,-1.490844,-4.207197,2176.000733,226.614773,1:30,5.29773,3.144,5.34215,-23.7006,16.72717,16.02851,1.92007,0.52596,76.14485,-5.949333,-1.368997,0.457627,,,,,,,,,,,,-9.37276,9.31221,-2.7758,50,5.14667,8.31784,-122.81379,-3.96452,-14.02697,28.8922,-18.2377,LAN,STA_YAN,ClipperMagazine,Independent,ATL,20250831-ClipperMagazine-1,7c0d4530-869c-11f0-af34-87ea718ebaa4,82.36501,,,8.91184,,,,,,,5b61ec32-66d2-41eb-a7be-f179224c2041,2025-08-31,18:58:29.47,2025-08-31T14:58:29.4728704-04:00,2025-08-31T18:58:29.4728704Z,,v3,1889,586,,"Espinosa, Albert",1000115232,Right,STA_YAN,da1d699a-4370-40ac-904f-dcb20482e618,55.15136,-124.01974,14.4461,5.29626,-3.20329,-9.11885,-3.13521,8.90331,-7.01348,,,,,,,,,,,,,,,,,,,,,,,,,,,,,,,,,,,,,,,,,,,,,,,,,,,High,High,High,,,,,
104,2025-08-31,14:58:44.48,3,3,"Roe, Nate",673225,Right,STA_YAN,"Castro, Luis",620449,Right,LAN,Undefined,3,Bottom,0,1,1,Undefined,Changeup,BallCalled,Undefined,Undefined,Undefined,0,0,,85.15763,-1.574456,-5.776969,2249.92233,226.980182,1:30,5.41443,3.03783,5.21914,-24.57655,15.76343,15.31292,1.87812,-1.13616,76.86385,-6.150062,-3.08287,0.457129,,,,,,,,,,,,-9.39906,8.76823,-2.51489,50,5.25054,11.74108,-122.77947,-4.21525,-14.19289,26.75405,-18.93368,LAN,STA_YAN,ClipperMagazine,Independent,ATL,20250831-ClipperMagazine-1,84f90da0-869c-11f0-af34-87ea718ebaa4,82.45464,,,8.29378,,,,,,,5b61ec32-66d2-41eb-a7be-f179224c2041,2025-08-31,18:58:44.48,2025-08-31T14:58:44.4807680-04:00,2025-08-31T18:58:44.4807680Z,,v3,1889,586,,"Espinosa, Albert",1000115232,Right,STA_YAN,05867b72-b7f3-4c2b-b521-7f46257f5ee8,55.27667,-123.92394,13.37703,5.41353,-3.40531,-9.46684,-3.03013,12.34821,-7.09645,,,,,,,,,,,,,,,,,,,,,,,,,,,,,,,,,,,,,,,,,,,,,,,,,,,High,High,High,,,,,
105,2025-08-31,14:59:00.52,3,4,"Roe, Nate",673225,Right,STA_YAN,"Castro, Luis",620449,Right,LAN,Undefined,3,Bottom,0,2,1,Undefined,Curveball,InPlay,Undefined,FlyBall,Out,1,0,,67.10202,2.97395,-2.580498,2505.611631,51.608367,7:45,5.25827,3.06434,5.25841,-77.37394,-11.42804,-17.76623,1.60991,-0.84227,60.24618,-11.090408,-5.727829,0.584474,70.51595,46.154655,-29.441572,,95.95886,80.88588,-53.77626,211.27516,205.58819,-31.190027,4.733287,7.93166,-6.24863,-2.81386,50,5.47394,4.9815,-96.93808,2.73305,7.26674,20.39494,-37.89884,LAN,STA_YAN,ClipperMagazine,Independent,ATL,20250831-ClipperMagazine-1,8e9699e0-869c-11f0-af34-87ea718ebaa4,64.48949,81.32968,,6.85584,,,,3.70476,2.12592,0.6096,5b61ec32-66d2-41eb-a7be-f179224c2041,2025-08-31,18:59:00.52,2025-08-31T14:59:00.5207040-04:00,2025-08-31T18:59:00.5207040Z,FlyBall,v3,1889,586,,"Espinosa, Albert",1000115232,Right,STA_YAN,1363e228-c1f8-4e6b-a99c-90a708e08477,55.24158,-98.03466,10.19747,5.27221,4.77076,-18.94942,-3.07119,4.59078,3.63337,177.870823,3.70495,62.37643,-14.59499,4.06435,-0.68813,0.01984,0.01983,-0.00373,0.0002,2.12501,74.61198,-19.99809,1.32881,-0.05644,-0.06954,0.03621,-0.00737,0.00052,0.60971,-35.21257,7.75375,-2.42698,0.49556,-0.04998,-0.00369,0.00142,-0.0001,,,,,,,,,,,,,,,,,,,,,,,High,High,High,High,Medium,,,
106,2025-08-31,14:59:37.95,4,1,"Roe, Nate",673225,Right,STA_YAN,"Martin, Mason",676733,Left,LAN,Undefined,3,Bottom,1,0,0,Undefined,Changeup,FoulBallNotFieldable,Undefined,Undefined,Undefined,0,0,,86.4274,-0.635348,-3.684099,2243.166224,233.414288,1:45,5.30624,3.13712,5.29356,-24.29584,14.94674,18.05572,2.68379,1.17793,77.14337,-5.200644,-0.486732,0.450869,71.0155,2.936818,-157.0637,1723.345588,,,,93.29713,50.86897,-152.590075,0.975986,-10.28548,8.12107,-2.81525,50,5.23132,7.22938,-124.89385,-2.19967,-15.87081,30.56977,-19.64301,LAN,STA_YAN,ClipperMagazine,Independent,ATL,20250831-ClipperMagazine-1,a4d5f1b0-869c-11f0-af34-87ea718ebaa4,83.59956,3.53521,,9.28403,,,,1.98551,2.64966,-0.92029,5b61ec32-66d2-41eb-a7be-f179224c2041,2025-08-31,18:59:37.95,2025-08-31T14:59:37.9559936-04:00,2025-08-31T18:59:37.9559936Z,GroundBall,v3,1889,586,,"Espinosa, Albert",1000115232,Right,STA_YAN,c36e3062-9ff5-4c7e-9120-64c35026e97b,55.20141,-126.16055,15.28488,5.3056,-1.38573,-9.8215,-3.12844,7.88701,-7.9354,220.888102,1.98551,-95.79521,10.74384,-1.9247,0.30416,-0.0437,0.00544,-0.00075,9E-05,2.64966,5.3364,-7.87369,-0.55179,0.2024,-0.03928,0.00863,-0.00152,0.00015,-0.92029,-40.53702,-3.08508,0.60149,-0.11128,0.01912,-0.00303,0.00046,-5E-05,,,,,,,,,,,,,,,,,,,,,,,High,High,High,High,Low,,,
107,2025-08-31,15:00:01.41,4,2,"Roe, Nate",673225,Right,STA_YAN,"Martin, Mason",676733,Left,LAN,Undefined,3,Bottom,1,0,1,Undefined,Curveball,StrikeCalled,Undefined,Undefined,Undefined,0,0,,67.64433,3.737272,-0.589873,2505.309171,52.800818,7:45,5.27964,3.13047,5.23449,-76.77244,-12.64154,-19.7806,2.39995,0.92761,61.15078,-10.208326,-4.098004,0.576375,,,,,,,,,,,,9.58154,-6.80973,-3.06101,50,5.56726,1.71856,-97.87018,4.02235,9.06761,18.94416,-38.61854,LAN,STA_YAN,ClipperMagazine,Independent,ATL,20250831-ClipperMagazine-1,b2ee30a0-869c-11f0-af34-87ea718ebaa4,65.39571,,,6.49355,,,,,,,5b61ec32-66d2-41eb-a7be-f179224c2041,2025-08-31,19:00:01.41,2025-08-31T15:00:01.4169600-04:00,2025-08-31T19:00:01.4169600Z,,v3,1889,586,,"Espinosa, Albert",1000115232,Right,STA_YAN,c3758088-a9ce-48e8-8e59-fb42f5667d78,55.26673,-98.88437,9.47208,5.29657,6.08983,-19.30927,-3.14002,1.23312,4.53381,,,,,,,,,,,,,,,,,,,,,,,,,,,,,,,,,,,,,,,,,,,,,,,,,,,High,High,High,,,,,
108,2025-08-31,15:00:26.90,4,3,"Roe, Nate",673225,Right,STA_YAN,"Martin, Mason",676733,Left,LAN,Undefined,3,Bottom,1,0,2,Undefined,Curveball,InPlay,Undefined,GroundBall,Single,0,0,,66.97476,4.72027,-0.532692,2404.435089,46.560091,7:30,5.28327,3.01644,5.48991,-78.49162,-13.79788,-17.03332,3.16828,1.09866,60.56944,-9.601611,-3.564567,0.578899,88.74289,-0.29169,4.378411,1661.792118,,,,48.7747,48.7747,3.131805,0.372551,8.43142,-7.97713,-2.95761,50,5.64384,1.47287,-96.87932,5.71148,7.84548,18.08748,-39.59682,LAN,STA_YAN,ClipperMagazine,Independent,ATL,20250831-ClipperMagazine-1,c22992d0-869c-11f0-af34-87ea718ebaa4,65.11059,3.32634,,6.40533,,,,2.74301,3.32634,-1.19955,5b61ec32-66d2-41eb-a7be-f179224c2041,2025-08-31,19:00:26.90,2025-08-31T15:00:26.9066240-04:00,2025-08-31T19:00:26.9066240Z,GroundBall,v3,1889,586,,"Espinosa, Albert",1000115232,Right,STA_YAN,d9ccb507-3e0a-49f7-8542-232dc34ec6e1,55.01288,-97.81075,9.04374,5.29722,7.75055,-19.79841,-3.02306,1.06886,3.92274,339.652281,2.74783,129.60164,-16.81522,,,,,,,3.3333,-0.91232,-21.6154,,,,,,,-1.20065,9.97616,1.07919,,,,,,,,,,,,,,,,,,,,,,,,,,,,,High,High,High,High,High,,,
109,2025-08-31,15:01:08.79,5,1,"Roe, Nate",673225,Right,STA_YAN,"Campagna, Joe",690523,Right,LAN,Undefined,3,Bottom,1,0,0,Undefined,Curveball,BallCalled,Undefined,Undefined,Undefined,0,0,,65.39005,4.211125,-0.174735,2388.372761,44.771723,7:30,5.26372,3.10204,5.71177,-80.58008,-13.69095,-15.88127,2.47897,1.61581,59.59107,-10.522114,-3.017426,0.588639,,,,,,,,,,,,8.06697,-7.79996,-3.07707,50,5.56617,0.78984,-94.74613,4.76317,7.21162,16.70869,-39.14696,LAN,STA_YAN,ClipperMagazine,Independent,ATL,20250831-ClipperMagazine-1,db114e50-869c-11f0-af34-87ea718ebaa4,64.03319,,,5.79898,,,,,,,5b61ec32-66d2-41eb-a7be-f179224c2041,2025-08-31,19:01:08.79,2025-08-31T15:01:08.7953408-04:00,2025-08-31T19:01:08.7953408Z,,v3,1889,586,,"Espinosa, Albert",1000115232,Right,STA_YAN,0489eab0-0f29-4982-bd2d-8b07ad2b3270,54.79197,-95.58747,8.35435,5.27671,6.73435,-19.57348,-3.1077,0.42671,3.60581,,,,,,,,,,,,,,,,,,,,,,,,,,,,,,,,,,,,,,,,,,,,,,,,,,,High,High,High,,,,,
110,2025-08-31,15:01:41.11,5,2,"Roe, Nate",673225,Right,STA_YAN,"Campagna, Joe",690523,Right,LAN,Undefined,3,Bottom,1,1,0,Undefined,Changeup,StrikeSwinging,Undefined,Undefined,Undefined,0,0,,83.32106,-0.088099,-5.099316,2166.901198,220.710238,1:15,5.3583,3.00794,5.33869,-23.72808,17.88249,14.15642,3.29799,-0.60885,75.48114,-4.531154,-2.599974,0.464273,,,,,,,,,,,,-8.54126,9.38733,-2.5572,50,5.33378,10.13203,-120.38921,-0.93377,-12.46961,24.51639,-18.46922,LAN,STA_YAN,ClipperMagazine,Independent,ATL,20250831-ClipperMagazine-1,ee4b2e50-869c-11f0-af34-87ea718ebaa4,81.18597,,,7.83992,,,,,,,5b61ec32-66d2-41eb-a7be-f179224c2041,2025-08-31,19:01:41.11,2025-08-31T15:01:41.1187712-04:00,2025-08-31T19:01:41.1187712Z,,v3,1889,586,,"Espinosa, Albert",1000115232,Right,STA_YAN,5442c901-925a-4052-8068-0b89188a5941,55.15694,-121.43484,12.2582,5.3568,-0.14605,-9.23461,-3.00068,10.66386,-6.23481,,,,,,,,,,,,,,,,,,,,,,,,,,,,,,,,,,,,,,,,,,,,,,,,,,,High,High,High,,,,,
111,2025-08-31,15:02:01.36,5,3,"Roe, Nate",673225,Right,STA_YAN,"Campagna, Joe",690523,Right,LAN,Undefined,3,Bottom,1,1,1,Undefined,Changeup,InPlay,Undefined,FlyBall,Out,1,0,,83.0832,-0.273751,-5.496946,2250.172926,220.553156,1:15,5.27497,3.0464,5.29466,-24.28501,17.83135,13.97607,2.99301,-0.96589,75.02401,-4.819647,-3.034172,0.467086,98.27367,31.355869,2.747391,2690.290557,109.7962,64.72387,6.6905,371.42045,367.57777,2.914903,5.390775,-8.66752,9.43036,-2.55554,50,5.23285,10.94545,-119.92819,-1.34632,-12.50705,25.18944,-18.56625,LAN,STA_YAN,ClipperMagazine,Independent,ATL,20250831-ClipperMagazine-1,fa58a920-869c-11f0-af34-87ea718ebaa4,80.69701,95.40623,,8.05919,,,,0.99819,3.08294,0.98246,5b61ec32-66d2-41eb-a7be-f179224c2041,2025-08-31,19:02:01.36,2025-08-31T15:02:01.3643776-04:00,2025-08-31T19:02:01.3643776Z,FlyBall,v3,1889,586,,"Espinosa, Albert",1000115232,Right,STA_YAN,5f06a9c5-5004-44b0-91b9-19c5f7ea7774,55.20167,-121.0158,12.59472,5.27368,-0.54468,-9.28313,-3.0398,11.48547,-6.25353,182.97679,1.00022,122.91182,-24.45888,5.76361,-1.12705,0.18497,-0.02544,0.00253,-0.00012,3.08441,74.95644,-16.61244,0.50286,0.15173,-0.10201,0.02784,-0.00361,0.00018,0.9828,5.89246,-0.40819,-0.12999,0.05202,-0.0063,-0.00072,0.00025,-2E-05,,,,,,,,,,,,,,,,,,,,,,,High,High,High,High,High,,,
112,2025-08-31,15:02:42.85,6,1,"Roe, Nate",673225,Right,STA_YAN,"Lucky, Nick",681879,Left,LAN,Undefined,3,Bottom,2,0,0,Undefined,Curveball,FoulBallNotFieldable,Undefined,Undefined,Undefined,0,0,,66.89807,3.935075,-1.702423,2400.092139,47.979848,7:30,5.33813,2.96483,5.17968,-79.36768,-13.75973,-17.89438,2.43416,-0.12865,60.70077,-10.43841,-4.869477,0.582975,,,,,,,,,,,,8.35221,-7.57933,-2.7921,50,5.64393,3.49795,-96.76469,4.24745,7.74597,18.17672,-39.20324,LAN,STA_YAN,ClipperMagazine,Independent,ATL,20250831-ClipperMagazine-1,131fe450-869d-11f0-af34-87ea718ebaa4,64.65537,,,6.19729,,,,,,,5b61ec32-66d2-41eb-a7be-f179224c2041,2025-08-31,19:02:42.85,2025-08-31T15:02:42.8569600-04:00,2025-08-31T19:02:42.8569600Z,,v3,1889,586,,"Espinosa, Albert",1000115232,Right,STA_YAN,8ebdd492-0923-40f3-9a5f-f2a90d69571a,55.32295,-97.75946,9.08836,5.35277,6.39296,-19.60162,-2.97193,3.07403,3.87299,,,,,,,,,,,,,,,,,,,,,,,,,,,,,,,,,,,,,,,,,,,,,,,,,,,High,High,High,,,,,
113,2025-08-31,15:03:17.26,6,2,"Roe, Nate",673225,Right,STA_YAN,"Lucky, Nick",681879,Left,LAN,Undefined,3,Bottom,2,0,1,Undefined,Changeup,FoulBallNotFieldable,Undefined,Undefined,Undefined,0,0,,84.48015,-0.740555,-4.748981,2213.38808,234.438772,1:45,5.32348,3.08035,5.55602,-27.39612,12.33115,15.50418,2.34612,-0.07496,77.40483,-5.814197,-1.996017,0.453644,71.57824,62.128512,-149.762652,4244.659246,-95.57345,78.98551,-54.45801,170.13574,50.62161,-150.631258,4.160933,-9.15749,6.80394,-2.67985,50,5.24126,9.5275,-122.33244,-2.4932,-13.92551,23.34463,-21.82748,LAN,STA_YAN,ClipperMagazine,Independent,ATL,20250831-ClipperMagazine-1,2793f200-869d-11f0-af34-87ea718ebaa4,83.08807,82.75176,,7.07532,,,,1.73811,2.55166,0.05221,5b61ec32-66d2-41eb-a7be-f179224c2041,2025-08-31,19:03:17.26,2025-08-31T15:03:17.2635136-04:00,2025-08-31T19:03:17.2635136Z,Popup,v3,1889,586,,"Espinosa, Albert",1000115232,Right,STA_YAN,e3a1e004-4a8c-4a3c-88da-7262d4d66b8b,54.94353,-123.27221,11.67231,5.32394,-1.61451,-10.91374,-3.07467,10.08808,-6.96276,2.198169,1.73633,-42.35748,-2.88316,2.95519,-1.14271,0.31286,-0.04723,0.00273,2E-05,2.55329,92.75501,-33.23225,4.5068,-0.39534,-0.1974,0.08977,-0.01474,0.00088,0.05117,-24.68909,-0.79102,1.37547,-0.58436,0.17219,-0.02812,0.00194,-2E-05,,,,,,,,,,,,,,,,,,,,,,,High,High,High,High,Low,,,
114,2025-08-31,15:03:42.56,6,3,"Roe, Nate",673225,Right,STA_YAN,"Lucky, Nick",681879,Left,LAN,Undefined,3,Bottom,2,0,2,Undefined,Four-Seam,BallCalled,Undefined,Undefined,Undefined,0,0,,85.28387,-0.294484,-3.32913,2148.282013,223.079363,1:30,5.34464,3.07,5.35164,-22.18281,17.27465,14.91725,3.2194,1.18718,77.46136,-4.453132,-0.684286,0.452101,,,,,,,,,,,,-8.39012,9.12233,-2.781,50,5.30267,6.52829,-123.53504,-1.34979,-12.91684,25.47081,-18.12992,LAN,STA_YAN,ClipperMagazine,Independent,ATL,20250831-ClipperMagazine-1,36a9a3c0-869d-11f0-af34-87ea718ebaa4,83.37164,,,7.82251,,,,,,,5b61ec32-66d2-41eb-a7be-f179224c2041,2025-08-31,19:03:42.56,2025-08-31T15:03:42.5674752-04:00,2025-08-31T19:03:42.5674752Z,,v3,1889,586,,"Espinosa, Albert",1000115232,Right,STA_YAN,e8847aa1-3cdf-4337-b4f7-246faa46272d,55.14443,-124.59121,12.7354,5.34306,-0.59801,-9.06496,-3.06281,7.06391,-6.45842,,,,,,,,,,,,,,,,,,,,,,,,,,,,,,,,,,,,,,,,,,,,,,,,,,,High,High,High,,,,,
115,2025-08-31,15:04:00.75,6,4,"Roe, Nate",673225,Right,STA_YAN,"Lucky, Nick",681879,Left,LAN,Undefined,3,Bottom,2,1,2,Undefined,Curveball,InPlay,Undefined,LineDrive,Single,1,0,,67.11318,2.649712,-1.542388,2438.527398,54.02328,7:45,5.27351,2.972,5.32533,-75.63524,-11.11371,-18.43131,1.45964,-0.01161,61.24941,-11.064718,-4.818274,0.578128,94.91799,23.737525,31.521909,1929.537095,90.73341,39.35865,62.18763,312.23858,202.4343,41.474381,3.579964,8.77623,-5.90863,-2.81845,50,5.45844,3.24252,-97.24561,2.25861,8.23808,18.05773,-37.72038,LAN,STA_YAN,ClipperMagazine,Independent,ATL,20250831-ClipperMagazine-1,418c8140-869d-11f0-af34-87ea718ebaa4,65.19745,47.22361,,5.86377,,,,2.39472,1.56476,-0.17681,5b61ec32-66d2-41eb-a7be-f179224c2041,2025-08-31,19:04:00.75,2025-08-31T15:04:00.7508480-04:00,2025-08-31T19:04:00.7508480Z,LineDrive,v3,1889,586,,"Espinosa, Albert",1000115232,Right,STA_YAN,0394b3f1-8516-4792-bc5d-edbd0268de5a,55.17711,-98.20225,9.02886,5.28585,4.25692,-18.86019,-2.97867,2.80609,4.11904,230.347125,2.39488,108.62701,-23.4821,5.73449,-1.2343,0.21259,-0.02447,0.00112,5E-05,1.5646,56.04376,-18.96451,1.33466,-0.24498,0.07937,-0.02628,0.00535,-0.00044,-0.17674,66.62313,-3.22003,0.08794,0.1307,-0.06014,0.01627,-0.0026,0.00018,,,,,,,,,,,,,,,,,,,,,,,High,High,High,High,Medium,,,
116,2025-08-31,15:06:36.35,1,1,"Skirrow, Noah",659418,Right,LAN,"Diaz, Eddy",677647,Right,STA_YAN,Undefined,4,Top,0,0,0,Undefined,Four-Seam,BallCalled,Undefined,Undefined,Undefined,0,0,,91.33483,-0.38941,-5.292759,2394.662894,225.482786,1:30,5.49902,3.27362,6.26372,-17.87682,15.55442,14.66072,3.64872,-0.39842,82.71642,-3.809778,-2.660107,0.416148,,,,,,,,,,,,-9.09083,8.49615,-2.88705,50,5.46113,11.61614,-132.14041,-1.40392,-15.98005,29.6882,-17.23932,LAN,STA_YAN,ClipperMagazine,Independent,ATL,20250831-ClipperMagazine-1,9e3caf50-869d-11f0-af34-87ea718ebaa4,90.57465,,,8.61841,,,,,,,5b61ec32-66d2-41eb-a7be-f179224c2041,2025-08-31,19:06:36.35,2025-08-31T15:06:36.3531776-04:00,2025-08-31T19:06:36.3531776Z,,v3,1889,586,,"Campagna, Joe",690523,Right,LAN,a8f600b3-bd1c-4ac6-85da-6e26200c1d60,54.23253,-133.08794,14.8441,5.49716,-0.85371,-8.61966,-3.26593,12.12616,-7.99002,,,,,,,,,,,,,,,,,,,,,,,,,,,,,,,,,,,,,,,,,,,,,,,,,,,High,High,High,,,,,
117,2025-08-31,15:06:49.97,1,2,"Skirrow, Noah",659418,Right,LAN,"Diaz, Eddy",677647,Right,STA_YAN,Undefined,4,Top,0,1,0,Undefined,Four-Seam,BallCalled,Undefined,Undefined,Undefined,0,0,,91.85163,0.009166,-3.43521,2389.03908,222.301163,1:30,5.62039,3.18488,5.98609,-17.18316,16.12572,13.63961,4.19698,1.13384,83.09528,-3.276078,-0.988943,0.415386,,,,,,,,,,,,-7.94252,8.57811,-2.92054,50,5.61153,7.37924,-133.12153,-0.48218,-14.14859,30.5242,-16.89323,LAN,STA_YAN,ClipperMagazine,Independent,ATL,20250831-ClipperMagazine-1,a6632bf0-869d-11f0-af34-87ea718ebaa4,90.74086,,,8.75635,,,,,,,5b61ec32-66d2-41eb-a7be-f179224c2041,2025-08-31,19:06:49.97,2025-08-31T15:06:49.9707392-04:00,2025-08-31T19:06:49.9707392Z,,v3,1889,586,,"Campagna, Joe",690523,Right,LAN,e05f34f0-45b4-43c4-b045-34cfe9a24154,54.50912,-134.15146,15.2621,5.61818,0.08783,-8.44661,-3.17759,7.85663,-7.07429,,,,,,,,,,,,,,,,,,,,,,,,,,,,,,,,,,,,,,,,,,,,,,,,,,,High,High,High,,,,,
118,2025-08-31,15:07:04.14,1,3,"Skirrow, Noah",659418,Right,LAN,"Diaz, Eddy",677647,Right,STA_YAN,Undefined,4,Top,0,2,0,Undefined,Slider,BallCalled,Undefined,Undefined,Undefined,0,0,,84.5911,-0.684065,-4.893928,2316.689203,154.211797,11:15,5.53338,3.25028,5.97369,-34.44183,5.08725,-1.80882,2.02671,-1.44842,76.97244,-7.053789,-5.217081,0.452512,,,,,,,,,,,,-0.58197,3.25622,-2.86123,50,5.4603,10.54875,-122.34456,-2.59104,-0.87333,26.36624,-27.28743,LAN,STA_YAN,ClipperMagazine,Independent,ATL,20250831-ClipperMagazine-1,aed0eac0-869d-11f0-af34-87ea718ebaa4,83.29605,,,7.61866,,,,,,,5b61ec32-66d2-41eb-a7be-f179224c2041,2025-08-31,19:07:04.14,2025-08-31T15:07:04.1436672-04:00,2025-08-31T19:07:04.1436672Z,,v3,1889,586,,"Campagna, Joe",690523,Right,LAN,6fcb17b6-7b0d-4de5-8444-998e2a511964,54.52202,-123.31524,13.18312,5.53719,-1.58644,-13.64371,-3.25018,10.5809,-0.43667,,,,,,,,,,,,,,,,,,,,,,,,,,,,,,,,,,,,,,,,,,,,,,,,,,,High,High,High,,,,,
119,2025-08-31,15:07:19.20,1,4,"Skirrow, Noah",659418,Right,LAN,"Diaz, Eddy",677647,Right,STA_YAN,Undefined,4,Top,0,3,0,Undefined,Sinker,StrikeCalled,Undefined,Undefined,Undefined,0,0,,90.9785,-2.114395,-4.469547,2354.103,224.881432,1:30,5.45082,3.15913,6.15169,-17.66292,16.12308,14.90505,2.01849,0.26323,82.61419,-5.483871,-1.792049,0.41835,,,,,,,,,,,,-8.95532,9.27756,-2.8259,50,5.28035,9.65673,-131.68933,-5.38211,-15.64102,29.37898,-15.97018,LAN,STA_YAN,ClipperMagazine,Independent,ATL,20250831-ClipperMagazine-1,b7c4c980-869d-11f0-af34-87ea718ebaa4,90.09789,,,8.36431,,,,,,,5b61ec32-66d2-41eb-a7be-f179224c2041,2025-08-31,19:07:19.20,2025-08-31T15:07:19.2027136-04:00,2025-08-31T19:07:19.2027136Z,,v3,1889,586,,"Campagna, Joe",690523,Right,LAN,44ae3ead-34d9-4c76-9735-b65422dd93cb,54.345,-132.65513,14.68949,5.44865,-4.85711,-7.98509,-3.1518,10.17091,-7.82051,,,,,,,,,,,,,,,,,,,,,,,,,,,,,,,,,,,,,,,,,,,,,,,,,,,High,High,High,,,,,
120,2025-08-31,15:07:31.60,1,5,"Skirrow, Noah",659418,Right,LAN,"Diaz, Eddy",677647,Right,STA_YAN,Undefined,4,Top,0,3,1,Undefined,Slider,FoulBallNotFieldable,Undefined,Undefined,Undefined,0,0,,86.20882,-0.584844,-2.812478,2298.620385,194.269844,12:30,5.51026,3.18866,6.0316,-32.40876,5.45977,1.05307,2.26727,0.66987,78.16551,-6.61656,-2.623193,0.442905,60.34701,44.402713,91.291702,5238.708627,,,,,55.50238,,,-1.42756,3.38555,-2.9694,50,5.44717,6.0979,-124.99334,-2.33695,-2.22984,28.17158,-26.88582,LAN,STA_YAN,ClipperMagazine,Independent,ATL,20250831-ClipperMagazine-1,bf2b5180-869d-11f0-af34-87ea718ebaa4,85.10278,39.20284,,8.04331,,,,0.73528,2.08607,-0.79276,5b61ec32-66d2-41eb-a7be-f179224c2041,2025-08-31,19:07:31.60,2025-08-31T15:07:31.6018176-04:00,2025-08-31T19:07:31.6018176Z,,v3,1889,586,,"Campagna, Joe",690523,Right,LAN,bd9e4fe3-eba8-4fd1-bcfb-ea2214a248a7,54.46498,-125.99566,14.08579,5.5133,-1.38037,-13.44291,-3.18777,6.17724,-1.11492,314.788233,0.73528,-1.42546,-9.41658,3.14144,-0.83847,0.1964,-0.05365,0.0172,-0.0035,2.08607,61.92937,-26.84585,3.26638,-0.65232,0.11547,-0.03279,0.01437,-0.00362,-0.79276,63.21813,-5.35861,-0.006,0.19922,-0.0797,0.00767,0.00606,-0.00264,,,,,,,,,,,,,,,,,,,,,,,High,High,High,High,Undefined,,,
121,2025-08-31,15:07:48.77,1,6,"Skirrow, Noah",659418,Right,LAN,"Diaz, Eddy",677647,Right,STA_YAN,Undefined,4,Top,0,3,2,Undefined,Four-Seam,StrikeCalled,Strikeout,Undefined,Undefined,0,0,,91.64217,-2.32884,-4.847608,2325.869439,211.984468,1:00,5.63452,3.07251,6.30781,-16.07489,17.47107,10.11792,2.1407,-0.56071,82.27297,-5.440156,-3.027494,0.416861,,,,,,,,,,,,-6.78536,10.16945,-2.72065,50,5.45522,10.79111,-132.40229,-5.81658,-11.83297,32.90911,-14.43954,LAN,STA_YAN,ClipperMagazine,Independent,ATL,20250831-ClipperMagazine-1,c96a4de0-869d-11f0-af34-87ea718ebaa4,90.41958,,,9.3692,,,,,,,5b61ec32-66d2-41eb-a7be-f179224c2041,2025-08-31,19:07:48.77,2025-08-31T15:07:48.7740000-04:00,2025-08-31T19:07:48.7740000Z,,v3,1889,586,,"Campagna, Joe",690523,Right,LAN,a8438685-4bb2-4dca-b3b9-1b5400f3f157,54.18566,-133.4386,16.45455,5.63122,-5.36188,-7.21977,-3.06633,11.16373,-5.91648,,,,,,,,,,,,,,,,,,,,,,,,,,,,,57.5063,,,1.231006,,,,-1.76502,5.69743,4.43966,74.88738,11.62376,49.90062,-1.60263,68.85182,-5.41432,5.78725,21.8649,-13.88346,4.50995,40.02583,-2.54348,High,High,High,,,High,High,High
122,2025-08-31,15:08:21.21,2,1,"Skirrow, Noah",659418,Right,LAN,"Contreras, Mark",676628,Left,STA_YAN,Undefined,4,Top,1,0,0,Undefined,Four-Seam,FoulBallNotFieldable,Undefined,Undefined,Undefined,0,0,,91.57066,-1.982967,-4.679042,2299.704734,213.05165,1:00,5.61425,3.02668,6.25612,-14.90544,18.66647,11.33221,2.53676,-0.35321,82.29023,-4.882354,-2.641672,0.417022,70.10625,32.740549,-160.842893,2288.311834,-104.79442,33.11903,-33.43839,181.72786,55.87445,-164.648698,2.590005,-7.39166,10.67839,-2.68411,50,5.45922,10.35982,-132.41044,-4.97632,-12.90587,32.63671,-13.52949,LAN,STA_YAN,ClipperMagazine,Independent,ATL,20250831-ClipperMagazine-1,dcc30080-869d-11f0-af34-87ea718ebaa4,90.38468,34.10975,,9.28043,,,,1.43855,2.50169,0.33796,5b61ec32-66d2-41eb-a7be-f179224c2041,2025-08-31,19:08:21.21,2025-08-31T15:08:21.2133888-04:00,2025-08-31T19:08:21.2133888Z,FlyBall,v3,1889,586,,"Campagna, Joe",690523,Right,LAN,27a27d4f-a584-498d-bd0f-7c4236417953,54.2398,-133.45138,16.31836,5.61106,-4.5448,-6.76474,-3.0211,10.77145,-6.45293,5.70999,1.43852,-81.69772,5.43961,-0.22344,0.23451,-0.27992,0.1826,-0.05555,0.00627,2.50185,55.603,-27.58018,3.24368,-0.56645,0.07881,-0.01377,0.00611,-0.00107,0.33798,-28.38377,2.69913,0.52446,0.07989,-0.23952,0.16645,-0.0505,0.00564,,,,,,,,,,,,,,,,,,,,,,,High,High,High,High,Low,,,
123,2025-08-31,15:08:40.88,2,2,"Skirrow, Noah",659418,Right,LAN,"Contreras, Mark",676628,Left,STA_YAN,Undefined,4,Top,1,0,1,Undefined,Four-Seam,BallCalled,Undefined,Undefined,Undefined,0,0,,91.27197,-0.664761,-2.138549,2353.969479,223.825605,1:30,5.69291,2.9664,6.23573,-17.64131,15.59851,13.9193,3.60912,2.15267,82.97686,-4.038058,0.374461,0.414955,,,,,,,,,,,,-7.76705,8.58729,-2.81314,50,5.63438,4.35444,-132.52405,-2.03872,-13.75017,29.52294,-16.9718,LAN,STA_YAN,ClipperMagazine,Independent,ATL,20250831-ClipperMagazine-1,e86eac40-869d-11f0-af34-87ea718ebaa4,90.83507,,,8.2951,,,,,,,5b61ec32-66d2-41eb-a7be-f179224c2041,2025-08-31,19:08:40.88,2025-08-31T15:08:40.8858112-04:00,2025-08-31T19:08:40.8858112Z,,v3,1889,586,,"Campagna, Joe",690523,Right,LAN,a10380ff-0676-4dee-a0b3-c306a288e199,54.26053,-133.46981,14.76147,5.69098,-1.49503,-8.4859,-2.95969,4.79492,-6.87509,,,,,,,,,,,,,,,,,,,,,,,,,,,,,,,,,,,,,,,,,,,,,,,,,,,High,High,High,,,,,
124,2025-08-31,15:08:57.09,2,3,"Skirrow, Noah",659418,Right,LAN,"Contreras, Mark",676628,Left,STA_YAN,Undefined,4,Top,1,1,1,Undefined,Slider,FoulBallNotFieldable,Undefined,Undefined,Undefined,0,0,,85.9525,-0.119359,-3.95315,2320.224092,178.952357,12:00,5.49767,3.26844,6.17046,-31.44163,6.47087,-0.09461,2.76703,-0.39643,78.00026,-5.988358,-3.970153,0.443162,69.85521,38.295164,-169.22244,4809.972319,-108.6397,38.73916,-17.24343,179.00739,81.17452,-173.022352,2.736738,-1.17118,3.79795,-2.96877,50,5.47295,8.60794,-124.50758,-1.258,-1.81941,27.41895,-26.27405,LAN,STA_YAN,ClipperMagazine,Independent,ATL,20250831-ClipperMagazine-1,f2301430-869d-11f0-af34-87ea718ebaa4,85.05337,40.22121,,7.95223,,,,1.9364,2.83553,0.36766,5b61ec32-66d2-41eb-a7be-f179224c2041,2025-08-31,19:08:57.09,2025-08-31T15:08:57.0997248-04:00,2025-08-31T19:08:57.0997248Z,FlyBall,v3,1889,586,,"Campagna, Joe",690523,Right,LAN,cfa0cfa5-b800-43b5-9380-6c069de55162,54.32485,-125.45638,13.70948,5.50075,-0.34882,-13.13702,-3.26773,8.6709,-0.90971,5.240979,1.93663,-79.00258,3.87452,0.39033,0.42452,-0.56165,0.29514,-0.07271,0.00686,2.83543,63.49695,-31.23162,4.37727,-0.86096,0.14784,-0.03369,0.00989,-0.00128,0.36778,-15.04258,1.88356,0.27868,0.21654,-0.30288,0.15993,-0.03939,0.00371,,,,,,,,,,,,,,,,,,,,,,,High,High,High,High,Medium,,,
125,2025-08-31,15:09:20.38,2,4,"Skirrow, Noah",659418,Right,LAN,"Contreras, Mark",676628,Left,STA_YAN,Undefined,4,Top,1,1,2,Undefined,Sinker,BallCalled,Undefined,Undefined,Undefined,0,0,,91.39303,0.579137,-3.657528,2368.096414,224.240567,1:30,5.55031,3.18808,6.15043,-18.17883,15.61131,13.98131,4.57162,0.96918,81.82877,-2.919025,-1.143328,0.418376,,,,,,,,,,,,-8.34028,8.19886,-2.91617,50,5.58504,7.84229,-132.31856,0.82575,-14.51959,32.98449,-17.90063,LAN,STA_YAN,ClipperMagazine,Independent,ATL,20250831-ClipperMagazine-1,000aade0-869e-11f0-af34-87ea718ebaa4,90.09235,,,9.56425,,,,,,,5b61ec32-66d2-41eb-a7be-f179224c2041,2025-08-31,19:09:20.38,2025-08-31T15:09:20.3866112-04:00,2025-08-31T19:09:20.3866112Z,,v3,1889,586,,"Campagna, Joe",690523,Right,LAN,804f6a42-a87a-4bcf-af33-16cf03bc0964,54.3435,-133.39692,16.49225,5.54847,1.41097,-8.95032,-3.18032,8.31698,-7.25979,,,,,,,,,,,,,,,,,,,,,,,,,,,,,,,,,,,,,,,,,,,,,,,,,,,High,High,High,,,,,
126,2025-08-31,15:09:35.33,2,5,"Skirrow, Noah",659418,Right,LAN,"Contreras, Mark",676628,Left,STA_YAN,Undefined,4,Top,1,2,2,Undefined,Four-Seam,BallCalled,Undefined,Undefined,Undefined,0,0,,91.5066,0.072359,-4.308764,2368.516314,221.170677,1:15,5.47821,3.04376,6.27412,-18.01836,15.45284,12.45556,4.04357,0.10239,82.25521,-3.392424,-2.066766,0.416396,,,,,,,,,,,,-7.73981,8.31063,-2.73012,50,5.47463,9.43624,-132.45203,-0.33125,-13.55645,31.99662,-17.61773,LAN,STA_YAN,ClipperMagazine,Independent,ATL,20250831-ClipperMagazine-1,08d49670-869e-11f0-af34-87ea718ebaa4,90.52055,,,9.25139,,,,,,,5b61ec32-66d2-41eb-a7be-f179224c2041,2025-08-31,19:09:35.33,2025-08-31T15:09:35.3346048-04:00,2025-08-31T19:09:35.3346048Z,,v3,1889,586,,"Campagna, Joe",690523,Right,LAN,faecb708-65d2-449f-a382-fa8568cabf51,54.2197,-133.46749,15.99831,5.47627,0.22787,-8.80887,-3.03642,9.86648,-6.77823,,,,,,,,,,,,,,,,,,,,,,,,,,,,,,,,,,,,,,,,,,,,,,,,,,,High,High,High,,,,,
127,2025-08-31,15:09:54.09,2,6,"Skirrow, Noah",659418,Right,LAN,"Contreras, Mark",676628,Left,STA_YAN,Undefined,4,Top,1,3,2,Undefined,Four-Seam,BallCalled,Walk,Undefined,Undefined,0,0,,92.36615,-2.563034,-3.498688,2384.184414,223.197618,1:30,5.49742,3.17349,6.31271,-17.36792,15.48158,13.3928,1.68322,1.06281,83.1626,-5.899083,-1.080724,0.412511,,,,,,,,,,,,-8.0376,9.21493,-2.92285,50,5.30095,7.59983,-133.70855,-6.47903,-14.31643,33.16107,-15.76064,LAN,STA_YAN,ClipperMagazine,Independent,ATL,20250831-ClipperMagazine-1,1415e7a0-869e-11f0-af34-87ea718ebaa4,91.37311,,,9.20355,,,,,,,5b61ec32-66d2-41eb-a7be-f179224c2041,2025-08-31,19:09:54.09,2025-08-31T15:09:54.0904960-04:00,2025-08-31T19:09:54.0904960Z,,v3,1889,586,,"Campagna, Joe",690523,Right,LAN,ae66b392-f622-4a4b-8142-c7467829a260,54.18238,-134.74183,16.58053,5.49518,-5.98793,-7.88032,-3.16661,8.04592,-7.15822,,,,,,,,,,,,,,,,,,,,,,,,,,,,,,,,,,,,,,,,,,,,,,,,,,,High,High,High,,,,,
128,2025-08-31,15:10:28.69,3,1,"Skirrow, Noah",659418,Right,LAN,"Dearden, Tyler",676280,Left,STA_YAN,Undefined,4,Top,1,0,0,Undefined,Four-Seam,BallCalled,Undefined,Undefined,Undefined,0,0,,91.4142,-0.121838,-3.437152,2361.532601,219.370093,1:15,5.50656,3.27185,6.22819,-18.92261,14.73926,11.06662,3.81706,1.01913,81.9435,-3.755236,-1.443416,0.417581,,,,,,,,,,,,-6.80044,8.01146,-3.0198,50,5.48801,7.46942,-132.39542,-0.8229,-11.85019,33.07585,-18.21357,LAN,STA_YAN,ClipperMagazine,Independent,ATL,20250831-ClipperMagazine-1,28b39d60-869e-11f0-af34-87ea718ebaa4,90.26381,,,9.47069,,,,,,,5b61ec32-66d2-41eb-a7be-f179224c2041,2025-08-31,19:10:28.69,2025-08-31T15:10:28.6940160-04:00,2025-08-31T19:10:28.6940160Z,,v3,1889,586,,"Campagna, Joe",690523,Right,LAN,fa50ff9c-cb78-470b-ad74-ac6dd2400864,54.26543,-133.45678,16.53793,5.50504,-0.23845,-9.10679,-3.26559,7.84968,-5.9251,,,,,,,,,,,,,,,,,,,,,,,,,,,,,,,,,,,,,,,,,,,,,,,,,,,High,High,High,,,,,
129,2025-08-31,15:10:45.95,3,2,"Skirrow, Noah",659418,Right,LAN,"Dearden, Tyler",676280,Left,STA_YAN,Undefined,4,Top,1,1,0,Undefined,Slider,InPlay,Undefined,FlyBall,Out,1,0,,86.83085,-0.043821,-4.233626,2318.604479,158.067748,11:15,5.32509,3.27895,6.20177,-28.99068,8.0413,-2.74284,2.86865,-0.86466,78.98854,-5.463357,-4.726233,0.437986,78.56204,47.276759,13.456165,4015.279177,107.80152,98.43907,21.88217,240.04666,240.04666,8.147233,5.32137,0.14358,4.53654,-2.95895,50,5.30726,9.42005,-125.80831,-0.99906,0.22814,27.55291,-24.96517,LAN,STA_YAN,ClipperMagazine,Independent,ATL,20250831-ClipperMagazine-1,3300a380-869e-11f0-af34-87ea718ebaa4,86.05863,103.44879,,7.84231,,,,1.74887,2.91179,0.84618,5b61ec32-66d2-41eb-a7be-f179224c2041,2025-08-31,19:10:45.95,2025-08-31T15:10:45.9526144-04:00,2025-08-31T19:10:45.9526144Z,FlyBall,v3,1889,586,,"Campagna, Joe",690523,Right,LAN,b403b7b6-d806-4c93-90dd-c1f77afedf26,54.29601,-126.74568,13.77646,5.3268,-0.14973,-12.48258,-3.2793,9.41229,0.11407,175.166456,1.74956,76.00159,-18.12972,5.17141,-0.96309,0.08418,0.00624,-0.00193,0.00011,2.9103,84.6775,-20.46454,1.25887,0.00524,-0.08752,0.03463,-0.00592,0.00036,0.84685,18.17425,-5.65526,1.23972,-0.13419,-0.01669,0.00795,-0.00095,4E-05,,,,,,,,,,,,,,,,,,,,,,,High,High,High,High,Medium,,,
130,2025-08-31,15:11:27.66,4,1,"Skirrow, Noah",659418,Right,LAN,"Brown, Vaun",673901,Right,STA_YAN,Undefined,4,Top,2,0,0,Undefined,Four-Seam,StrikeCalled,Undefined,Undefined,Undefined,0,0,,91.90669,-1.657866,-4.460259,2362.36724,210.627006,1:00,5.51553,3.18203,6.18041,-16.13343,17.09111,9.42142,2.63506,-0.15996,83.03541,-4.760875,-2.768159,0.414859,,,,,,,,,,,,-6.19693,9.66414,-2.84895,50,5.38157,9.96266,-132.98076,-4.2995,-10.98102,31.29272,-15.04916,LAN,STA_YAN,ClipperMagazine,Independent,ATL,20250831-ClipperMagazine-1,4bda2e30-869e-11f0-af34-87ea718ebaa4,90.85594,,,8.87127,,,,,,,5b61ec32-66d2-41eb-a7be-f179224c2041,2025-08-31,19:11:27.66,2025-08-31T15:11:27.6609024-04:00,2025-08-31T19:11:27.6609024Z,,v3,1889,586,,"Campagna, Joe",690523,Right,LAN,a0be53e3-b74f-4187-998e-bb16e079b0eb,54.3144,-133.99217,15.64636,5.51268,-3.8131,-7.52458,-3.17669,10.31758,-5.49051,,,,,,,,,,,,,,,,,,,,,,,,,,,,,,,,,,,,,,,,,,,,,,,,,,,High,High,High,,,,,
131,2025-08-31,15:11:44.83,4,2,"Skirrow, Noah",659418,Right,LAN,"Brown, Vaun",673901,Right,STA_YAN,Undefined,4,Top,2,0,1,Undefined,Four-Seam,StrikeSwinging,Undefined,Undefined,Undefined,0,0,,91.45948,-0.804725,-3.333352,2425.947451,208.717666,1:00,5.51244,3.22348,6.14753,-16.44796,17.13025,8.72512,3.39689,0.86704,82.39128,-3.975308,-1.763814,0.417062,,,,,,,,,,,,-5.51268,9.42004,-2.97371,50,5.4425,7.33591,-132.50261,-2.31214,-9.6699,31.83387,-15.65012,LAN,STA_YAN,ClipperMagazine,Independent,ATL,20250831-ClipperMagazine-1,56150be0-869e-11f0-af34-87ea718ebaa4,90.3762,,,9.0682,,,,,,,5b61ec32-66d2-41eb-a7be-f179224c2041,2025-08-31,19:11:44.83,2025-08-31T15:11:44.8308224-04:00,2025-08-31T19:11:44.8308224Z,,v3,1889,586,,"Campagna, Joe",690523,Right,LAN,b9a9c292-86ec-4c5e-a4c4-e7f877dab35f,54.34666,-133.54281,15.91694,5.5097,-1.80076,-7.82506,-3.21859,7.65188,-4.83495,,,,,,,,,,,,,,,,,,,,,,,,,,,,,,,,,,,,,,,,,,,,,,,,,,,High,High,High,,,,,
132,2025-08-31,15:12:10.71,4,3,"Skirrow, Noah",659418,Right,LAN,"Brown, Vaun",673901,Right,STA_YAN,Undefined,4,Top,2,0,2,Undefined,Four-Seam,StrikeSwinging,Strikeout,Undefined,Undefined,0,0,,92.48979,-0.274729,-4.169143,2374.176523,212.500163,1:00,5.48608,3.15512,6.17108,-15.53221,17.37973,10.30894,3.93731,0.15677,83.08454,-3.282994,-2.316944,0.412903,,,,,,,,,,,,-6.60146,9.37438,-2.84384,50,5.45712,9.30036,-133.86268,-1.05494,-11.79967,32.91849,-15.41794,LAN,STA_YAN,ClipperMagazine,Independent,ATL,20250831-ClipperMagazine-1,6569e980-869e-11f0-af34-87ea718ebaa4,91.28638,,,9.40526,,,,,,,5b61ec32-66d2-41eb-a7be-f179224c2041,2025-08-31,19:12:10.71,2025-08-31T15:12:10.7160000-04:00,2025-08-31T19:12:10.7160000Z,,v3,1889,586,,"Campagna, Joe",690523,Right,LAN,1db596e6-0557-4335-8e06-9187f4739b28,54.32277,-134.92152,16.45925,5.48308,-0.55901,-7.70897,-3.14909,9.67991,-5.89984,,,,,,,,,,,,,,,,,,,,,,,,,,,,,61.43158,,,1.071973,,,,-3.91828,5.16428,5.03071,63.45198,2.77724,61.32706,-3.88051,69.35455,-6.1895,5.18295,12.36876,-13.67984,5.04354,55.25879,-2.59877,High,High,High,,,High,High,High
133,2025-08-31,15:15:18.57,1,1,"Helvey, Clay",663627,Right,STA_YAN,"Amaral, Daniel",663610,Right,LAN,Undefined,4,Bottom,0,0,0,Undefined,Four-Seam,FoulBallNotFieldable,Undefined,Undefined,Undefined,0,0,,91.76163,-0.843743,-2.712784,2690.017029,199.546216,12:45,5.79512,2.55251,5.51534,-21.56954,12.03745,3.90579,3.20779,0.33952,84.06575,-4.852303,-2.017764,0.41724,87.88487,50.525651,49.516413,5106.028973,55.24252,117.29437,95.12221,219.73548,112.31599,66.394069,5.629603,-2.71449,6.62304,-2.31876,50,5.70722,6.13324,-133.13786,-2.73009,-4.88562,27.84992,-20.25371,LAN,STA_YAN,ClipperMagazine,Independent,ATL,20250831-ClipperMagazine-1,d57a9260-869e-11f0-af34-87ea718ebaa4,90.3375,121.73585,,7.69588,,,,1.00402,2.69709,-0.93877,5b61ec32-66d2-41eb-a7be-f179224c2041,2025-08-31,19:15:18.57,2025-08-31T15:15:18.5793536-04:00,2025-08-31T19:15:18.5793536Z,FlyBall,v3,1889,586,,"Espinosa, Albert",1000115232,Right,STA_YAN,ea2dc2e5-688e-4ced-a6d3-5fb1674fc499,54.98323,-134.17621,13.92496,5.79493,-1.97495,-10.12685,-2.55083,6.31539,-2.44281,204.092615,1.00789,53.07861,-22.65048,6.58463,-0.92961,-0.10154,0.06636,-0.00999,0.00051,2.68346,99.74012,-25.83712,3.17496,-0.82614,0.19126,-0.02256,0.00057,5E-05,-0.94181,62.36758,-11.88318,2.76805,-0.50067,0.05601,-0.00117,-0.00038,3E-05,,,,,,,,,,,,,,,,,,,,,,,High,High,High,Medium,Low,,,
134,2025-08-31,15:15:38.89,1,2,"Helvey, Clay",663627,Right,STA_YAN,"Amaral, Daniel",663610,Right,LAN,Undefined,4,Bottom,0,0,1,Undefined,Four-Seam,BallCalled,Undefined,Undefined,Undefined,0,0,,92.94768,0.009077,-2.198314,2603.569167,190.795511,12:15,5.82912,2.42646,5.42618,-17.82843,14.8806,2.65386,4.35193,0.58766,85.3365,-3.324775,-1.726747,0.411628,,,,,,,,,,,,-1.89429,7.77575,-2.23333,50,5.81772,5.05543,-134.93706,-0.59927,-3.5189,27.29163,-17.7295,LAN,STA_YAN,ClipperMagazine,Independent,ATL,20250831-ClipperMagazine-1,e19ca6a0-869e-11f0-af34-87ea718ebaa4,91.56909,,,7.61118,,,,,,,5b61ec32-66d2-41eb-a7be-f179224c2041,2025-08-31,19:15:38.89,2025-08-31T15:15:38.8928512-04:00,2025-08-31T19:15:38.8928512Z,,v3,1889,586,,"Espinosa, Albert",1000115232,Right,STA_YAN,bea62ff0-feb5-4bf1-bc6f-4a45c089b2d1,55.07123,-135.95887,13.64581,5.82773,0.06453,-8.86475,-2.42507,5.18718,-1.75945,,,,,,,,,,,,,,,,,,,,,,,,,,,,,,,,,,,,,,,,,,,,,,,,,,,High,High,High,,,,,
135,2025-08-31,15:15:57.43,1,3,"Helvey, Clay",663627,Right,STA_YAN,"Amaral, Daniel",663610,Right,LAN,Undefined,4,Bottom,0,1,1,Undefined,Four-Seam,BallCalled,Undefined,Undefined,Undefined,0,0,,92.67918,-2.574904,-3.609702,2618.534814,192.001224,12:30,5.6976,2.47729,5.55499,-20.0693,12.80261,2.51295,1.61288,-0.69051,85.39897,-6.290239,-3.162816,0.412652,,,,,,,,,,,,-2.19795,7.44441,-2.16664,50,5.46133,8.35775,-134.28928,-6.76155,-4.04396,27.0227,-18.47711,LAN,STA_YAN,ClipperMagazine,Independent,ATL,20250831-ClipperMagazine-1,ecaeaa70-869e-11f0-af34-87ea718ebaa4,91.34196,,,7.28021,,,,,,,5b61ec32-66d2-41eb-a7be-f179224c2041,2025-08-31,19:15:57.43,2025-08-31T15:15:57.4327808-04:00,2025-08-31T19:15:57.4327808Z,,v3,1889,586,,"Espinosa, Albert",1000115232,Right,STA_YAN,1ff848eb-96d9-4bf8-9332-56c2f52d738c,54.94332,-135.28035,13.51135,5.69689,-6.08388,-9.23856,-2.47589,8.50606,-2.02198,,,,,,,,,,,,,,,,,,,,,,,,,,,,,,,,,,,,,,,,,,,,,,,,,,,High,High,High,,,,,
136,2025-08-31,15:16:15.93,1,4,"Helvey, Clay",663627,Right,STA_YAN,"Amaral, Daniel",663610,Right,LAN,Undefined,4,Bottom,0,2,1,Undefined,Four-Seam,BallCalled,Undefined,Undefined,Undefined,0,0,,91.90033,-1.580874,-1.531163,2586.170499,186.004928,12:15,5.64912,2.61085,5.53841,-21.10611,12.29721,1.1865,2.41182,1.27829,84.39213,-5.500321,-1.319621,0.415974,,,,,,,,,,,,-1.00437,6.94788,-2.47886,50,5.49806,3.51203,-133.40758,-4.43103,-1.81824,27.48988,-19.59628,LAN,STA_YAN,ClipperMagazine,Independent,ATL,20250831-ClipperMagazine-1,f7bba530-869e-11f0-af34-87ea718ebaa4,90.61248,,,7.5082,,,,,,,5b61ec32-66d2-41eb-a7be-f179224c2041,2025-08-31,19:16:15.93,2025-08-31T15:16:15.9397888-04:00,2025-08-31T19:16:15.9397888Z,,v3,1889,586,,"Espinosa, Albert",1000115232,Right,STA_YAN,6bd214cf-d7e6-4e44-98a4-871ab11de8a0,54.95912,-134.42557,13.74494,5.64871,-3.70535,-9.79814,-2.61016,3.57936,-0.90912,,,,,,,,,,,,,,,,,,,,,,,,,,,,,,,,,,,,,,,,,,,,,,,,,,,High,High,High,,,,,
137,2025-08-31,15:16:33.95,1,5,"Helvey, Clay",663627,Right,STA_YAN,"Amaral, Daniel",663610,Right,LAN,Undefined,4,Bottom,0,3,1,Undefined,Four-Seam,BallCalled,Walk,Undefined,Undefined,0,0,,93.50815,-0.528788,-3.861774,2635.3882,177.892099,12:00,5.72555,2.56445,5.47539,-20.651,11.70347,-0.39583,3.50868,-1.08764,85.99429,-4.353356,-3.931967,0.409391,,,,,,,,,,,,-0.7939,6.33244,-2.22459,50,5.66505,9.1691,-135.5611,-2.00773,-1.48821,27.58752,-20.30342,LAN,STA_YAN,ClipperMagazine,Independent,ATL,20250831-ClipperMagazine-1,026e23e0-869f-11f0-af34-87ea718ebaa4,92.06947,,,7.51386,,,,,,,5b61ec32-66d2-41eb-a7be-f179224c2041,2025-08-31,19:16:33.95,2025-08-31T15:16:33.9515904-04:00,2025-08-31T19:16:33.9515904Z,,v3,1889,586,,"Espinosa, Albert",1000115232,Right,STA_YAN,80fd7d8c-2206-4334-b7c2-975bfc495b50,55.02276,-136.57944,13.79376,5.72533,-1.25827,-10.15171,-2.56406,9.22403,-0.7441,,,,,,,,,,,,,,,,,,,,,,,,,,,,,,,,,,,,,,,,,,,,,,,,,,,High,High,High,,,,,
138,2025-08-31,15:17:42.59,2,1,"Helvey, Clay",663627,Right,STA_YAN,"Watson, Kevin",675982,Left,LAN,Undefined,4,Bottom,0,0,0,Undefined,Curveball,BallCalled,Undefined,Undefined,Undefined,1,0,,80.91295,1.067329,-0.757902,2343.4709,39.410221,7:15,5.40338,2.70958,5.41134,-51.59404,-8.45796,-7.9639,2.10402,1.33584,74.90702,-8.282593,-2.176919,0.472707,,,,,,,,,,,,3.81248,-4.15571,-2.63646,50,5.46197,1.87676,-117.61748,0.34278,5.37171,21.09137,-38.02936,LAN,STA_YAN,ClipperMagazine,Independent,ATL,20250831-ClipperMagazine-1,2b6d49b0-869f-11f0-af34-87ea718ebaa4,79.73746,,,6.00593,,,,,,,5b61ec32-66d2-41eb-a7be-f179224c2041,2025-08-31,19:17:42.59,2025-08-31T15:17:42.5921536-04:00,2025-08-31T19:17:42.5921536Z,,v3,1889,586,,"Espinosa, Albert",1000115232,Right,STA_YAN,b4ef9ce6-0459-46c9-b45a-db7c8ef484e6,55.0906,-118.52682,10.54569,5.41184,1.98239,-19.01468,-2.71238,1.64516,2.68585,,,,,,,,,,,,,,,,,,,,,,,,,,,,,,,,,,,,,,,,,,,,,,,,,,,High,High,High,,,,,
139,2025-08-31,15:17:59.39,2,2,"Helvey, Clay",663627,Right,STA_YAN,"Watson, Kevin",675982,Left,LAN,Undefined,4,Bottom,1,1,0,Undefined,Four-Seam,BallCalled,Undefined,Undefined,Undefined,0,0,,93.27337,-2.362874,-3.725067,2655.030531,181.271576,12:00,5.71457,2.4685,5.41816,-21.79623,10.64855,0.2163,1.67887,-1.00783,86.4584,-6.359303,-3.686714,0.409962,,,,,,,,,,,,-1.00626,6.21933,-2.1374,50,5.48901,8.79387,-135.22053,-6.40863,-1.88766,25.84164,-20.50704,LAN,STA_YAN,ClipperMagazine,Independent,ATL,20250831-ClipperMagazine-1,355859b0-869f-11f0-af34-87ea718ebaa4,91.94124,,,6.81496,,,,,,,5b61ec32-66d2-41eb-a7be-f179224c2041,2025-08-31,19:17:59.39,2025-08-31T15:17:59.3969152-04:00,2025-08-31T19:17:59.3969152Z,,v3,1889,586,,"Espinosa, Albert",1000115232,Right,STA_YAN,ebd50403-8e49-49b5-86e8-c2c512d48968,55.08145,-136.18816,12.92082,5.71461,-5.64074,-10.25352,-2.46801,8.86455,-0.94383,,,,,,,,,,,,,,,,,,,,,,,,,,,,,,,,,,,,,,,,,,,,,,,,,,,High,High,High,,,,,
140,2025-08-31,15:18:18.45,2,3,"Helvey, Clay",663627,Right,STA_YAN,"Watson, Kevin",675982,Left,LAN,Undefined,4,Bottom,1,2,0,Undefined,Cutter,BallCalled,Undefined,Undefined,Undefined,0,0,,91.51917,-0.77248,-1.395924,2587.35046,177.072617,12:00,5.79792,2.45134,5.54654,-19.9558,13.56863,-0.6439,3.4128,1.09294,84.25816,-4.488562,-1.510702,0.416727,,,,,,,,,,,,-0.02945,7.3591,-2.33005,50,5.71789,3.26893,-132.95126,-2.48592,-0.05315,26.23416,-18.89014,LAN,STA_YAN,ClipperMagazine,Independent,ATL,20250831-ClipperMagazine-1,40ba7950-869f-11f0-af34-87ea718ebaa4,90.44865,,,7.26101,,,,,,,5b61ec32-66d2-41eb-a7be-f179224c2041,2025-08-31,19:18:18.45,2025-08-31T15:18:18.4540672-04:00,2025-08-31T19:18:18.4540672Z,,v3,1889,586,,"Espinosa, Albert",1000115232,Right,STA_YAN,352b4c27-10d9-4e81-a482-e4d5dd65f48e,54.95123,-133.92468,13.11708,5.79712,-1.785,-9.44507,-2.45138,3.2709,-0.02657,,,,,,,,,,,,,,,,,,,,,,,,,,,,,,,,,,,,,,,,,,,,,,,,,,,High,High,High,,,,,
141,2025-08-31,15:18:37.64,2,4,"Helvey, Clay",663627,Right,STA_YAN,"Watson, Kevin",675982,Left,LAN,Undefined,4,Bottom,1,3,0,Undefined,Four-Seam,StrikeCalled,Undefined,Undefined,Undefined,0,0,,92.03746,-2.262124,-2.677221,2538.128958,183.062001,12:00,5.65822,2.5152,5.65101,-17.0382,16.22383,0.81268,2.12514,0.08412,84.42386,-5.461787,-2.532272,0.415093,,,,,,,,,,,,-1.12898,9.15378,-2.28869,50,5.45551,6.20445,-133.46595,-5.83064,-2.04372,27.76278,-15.60365,LAN,STA_YAN,ClipperMagazine,Independent,ATL,20250831-ClipperMagazine-1,4c34dbe0-869f-11f0-af34-87ea718ebaa4,90.80471,,,7.61359,,,,,,,5b61ec32-66d2-41eb-a7be-f179224c2041,2025-08-31,19:18:37.64,2025-08-31T15:18:37.6464896-04:00,2025-08-31T19:18:37.6464896Z,,v3,1889,586,,"Espinosa, Albert",1000115232,Right,STA_YAN,551a0139-c5e4-48bf-883b-d36908c01ae5,54.84647,-134.47031,13.88139,5.65622,-5.26616,-7.80183,-2.51448,6.27839,-1.02186,,,,,,,,,,,,,,,,,,,,,,,,,,,,,,,,,,,,,,,,,,,,,,,,,,,High,High,High,,,,,
142,2025-08-31,15:18:56.62,2,5,"Helvey, Clay",663627,Right,STA_YAN,"Watson, Kevin",675982,Left,LAN,Undefined,4,Bottom,1,3,1,Undefined,Four-Seam,FoulBallNotFieldable,Undefined,Undefined,Undefined,0,0,,91.88743,-1.070246,-2.732065,2563.972299,191.046207,12:15,5.54492,2.69767,5.73282,-17.97619,15.438,2.80209,3.04899,0.38501,83.73429,-4.463077,-2.231559,0.416042,80.94393,57.131395,-48.372719,5281.287079,51.99264,118.37549,-96.93668,215.29373,78.90421,-67.194986,5.397153,-2.21244,8.49485,-2.47166,50,5.44477,6.23642,-133.27501,-3.07238,-3.9683,29.3828,-16.93741,LAN,STA_YAN,ClipperMagazine,Independent,ATL,20250831-ClipperMagazine-1,57736df0-869f-11f0-af34-87ea718ebaa4,90.5977,119.31267,,8.15315,,,,1.0802,3.75664,-0.68836,5b61ec32-66d2-41eb-a7be-f179224c2041,2025-08-31,19:18:56.62,2025-08-31T15:18:56.6245376-04:00,2025-08-31T19:18:56.6245376Z,Popup,v3,1889,586,,"Espinosa, Albert",1000115232,Right,STA_YAN,c593b11d-7350-4174-acc0-5500749e15e7,54.76489,-134.32141,14.6914,5.54344,-2.4692,-8.46871,-2.69627,6.37774,-1.98415,,1.11274,42.08191,-12.89569,-0.63938,3.49243,-1.83473,0.45464,-0.0552,0.00263,3.74225,99.94458,-27.13031,3.78499,-0.93058,0.13898,0.00195,-0.00331,0.00028,-0.67659,-48.38271,3.92098,-1.38853,0.93662,-0.4013,0.09332,-0.011,0.00052,,,,,,,,,,,,,,,,,,,,,,,High,High,High,Medium,Low,,,
143,2025-08-31,15:19:27.98,2,6,"Helvey, Clay",663627,Right,STA_YAN,"Watson, Kevin",675982,Left,LAN,Undefined,4,Bottom,1,3,2,Undefined,Slider,InPlay,Undefined,GroundBall,Out,1,0,,86.27188,-0.462395,-2.471114,2728.402722,125.700313,10:15,5.476,2.80169,5.61779,-33.28474,4.5713,-4.76922,2.27033,0.09664,79.35399,-6.570512,-3.321841,0.442832,,,,,,,,,,,,1.7641,2.76591,-2.58752,50,5.41494,5.60166,-125.24525,-2.18142,2.80798,24.79714,-27.77144,LAN,STA_YAN,ClipperMagazine,Independent,ATL,20250831-ClipperMagazine-1,6a277c20-869f-11f0-af34-87ea718ebaa4,85.1168,,,6.91789,,,,,,,5b61ec32-66d2-41eb-a7be-f179224c2041,2025-08-31,19:19:27.98,2025-08-31T15:19:27.9878656-04:00,2025-08-31T19:19:27.9878656Z,,v3,1889,586,,"Espinosa, Albert",1000115232,Right,STA_YAN,90111114-9a4f-4146-9796-d37356163c39,54.88175,-126.20808,12.39857,5.4787,-1.1031,-13.88572,-2.80291,5.49263,1.40399,,,,,,,,,,,,,,,,,,,,,,,,,,,,,,,,,,,,,,,,,,,,,,,,,,,High,High,High,,,,,
144,2025-08-31,15:20:06.97,3,1,"Helvey, Clay",663627,Right,STA_YAN,"Coca, Yeison",665883,Left,LAN,Undefined,4,Bottom,2,0,0,Undefined,Cutter,StrikeSwinging,Undefined,Undefined,Undefined,0,0,,91.69381,-2.46581,-3.39069,2719.245499,163.06199,11:30,5.6324,2.56778,5.63329,-22.67611,10.8739,-3.00272,1.43669,-0.84961,84.42611,-6.649541,-3.925546,0.416886,,,,,,,,,,,,0.62579,6.48835,-2.27712,50,5.40773,8.00632,-132.88497,-6.53604,1.12407,27.25406,-20.51909,LAN,STA_YAN,ClipperMagazine,Independent,ATL,20250831-ClipperMagazine-1,816e0ac0-869f-11f0-af34-87ea718ebaa4,90.41417,,,7.2677,,,,,,,5b61ec32-66d2-41eb-a7be-f179224c2041,2025-08-31,19:20:06.97,2025-08-31T15:20:06.9732352-04:00,2025-08-31T19:20:06.9732352Z,,v3,1889,586,,"Espinosa, Albert",1000115232,Right,STA_YAN,ed7d35b6-bba5-4dce-9b86-0d2b12edc856,54.86489,-133.87901,13.62703,5.63247,-5.78764,-10.25955,-2.56839,7.96532,0.56203,,,,,,,,,,,,,,,,,,,,,,,,,,,,,,,,,,,,,,,,,,,,,,,,,,,High,High,High,,,,,
145,2025-08-31,15:20:24.63,3,2,"Helvey, Clay",663627,Right,STA_YAN,"Coca, Yeison",665883,Left,LAN,Undefined,4,Bottom,2,0,1,Undefined,Slider,BallCalled,Undefined,Undefined,Undefined,0,0,,86.91053,-1.637463,-2.820632,2800.619197,145.345946,10:45,5.37399,2.82681,5.66239,-32.74738,4.34902,-2.26811,1.11587,0.0055,80.47281,-7.622989,-3.225651,0.438367,,,,,,,,,,,,0.43567,2.95071,-2.58669,50,5.21449,6.30953,-126.159,-4.76882,0.70761,23.79708,-27.38153,LAN,STA_YAN,ClipperMagazine,Independent,ATL,20250831-ClipperMagazine-1,8bee55e0-869f-11f0-af34-87ea718ebaa4,85.98385,,,6.43772,,,,,,,5b61ec32-66d2-41eb-a7be-f179224c2041,2025-08-31,19:20:24.63,2025-08-31T15:20:24.6345728-04:00,2025-08-31T19:20:24.6345728Z,,v3,1889,586,,"Espinosa, Albert",1000115232,Right,STA_YAN,bbdff46e-5594-4762-a1d3-79592612be00,54.83727,-127.06817,11.89854,5.3767,-3.72271,-13.69076,-2.82723,6.28249,0.35381,,,,,,,,,,,,,,,,,,,,,,,,,,,,,,,,,,,,,,,,,,,,,,,,,,,High,High,High,,,,,
146,2025-08-31,15:20:44.07,3,3,"Helvey, Clay",663627,Right,STA_YAN,"Coca, Yeison",665883,Left,LAN,Undefined,4,Bottom,2,1,1,Undefined,Four-Seam,FoulBallNotFieldable,Undefined,Undefined,Undefined,0,0,,93.06029,-1.740507,-2.570806,2646.195389,179.653077,12:00,5.73832,2.49393,5.48539,-20.71997,12.15308,-0.06717,2.38115,0.08156,84.99699,-5.591565,-2.582755,0.412659,85.75216,19.405341,-36.754342,3900.262502,81.24035,27.59467,-74.162,227.97362,191.40339,-48.821133,2.718554,-0.69394,6.94272,-2.26846,50,5.57176,6.06057,-134.91293,-4.84862,-1.27674,29.82735,-19.40022,LAN,STA_YAN,ClipperMagazine,Independent,ATL,20250831-ClipperMagazine-1,977d51e0-869f-11f0-af34-87ea718ebaa4,91.34038,28.1501,,8.0633,,,,0.60096,2.28198,0.03743,5b61ec32-66d2-41eb-a7be-f179224c2041,2025-08-31,19:20:44.07,2025-08-31T15:20:44.0707584-04:00,2025-08-31T19:20:44.0707584Z,LineDrive,v3,1889,586,,"Espinosa, Albert",1000115232,Right,STA_YAN,011246e1-3a8b-4a51-ace2-6afa02a8620a,55.01225,-136.01655,14.91367,5.73788,-4.1308,-9.70011,-2.49358,6.10781,-0.63837,118.036652,0.60096,95.04301,-24.482,6.00261,-1.38193,0.27489,-0.04829,0.00615,-0.00038,2.28197,41.78693,-18.08073,1.01401,-0.02423,-0.02748,0.01011,-0.00139,8E-05,0.03744,-70.98377,1.81413,1.22406,-0.59297,0.17634,-0.03682,0.00485,-0.0003,,,,,,,,,,,,,,,,,,,,,,,High,High,High,High,Medium,,,
147,2025-08-31,15:21:10.61,3,4,"Helvey, Clay",663627,Right,STA_YAN,"Coca, Yeison",665883,Left,LAN,Undefined,4,Bottom,2,1,2,Undefined,Slider,InPlay,Undefined,GroundBall,Single,0,0,,88.30474,-0.941328,-2.951372,2858.055887,129.080782,10:15,5.28262,2.78844,5.76632,-32.6388,2.96024,-2.46,1.68542,-0.16574,82.07405,-6.912526,-3.391261,0.429428,97.88966,0.668316,29.335221,2923.260728,,,,40.96442,40.96442,28.570387,0.28486,0.55449,1.99953,-2.5425,50,5.18447,6.71493,-128.30714,-3.26608,0.93611,23.38594,-28.79844,LAN,STA_YAN,ClipperMagazine,Independent,ATL,20250831-ClipperMagazine-1,a764ab80-869f-11f0-af34-87ea718ebaa4,87.77358,1.81501,,6.23069,,,,2.33082,1.79132,0.07905,5b61ec32-66d2-41eb-a7be-f179224c2041,2025-08-31,19:21:10.61,2025-08-31T15:21:10.6153984-04:00,2025-08-31T19:21:10.6153984Z,GroundBall,v3,1889,586,,"Espinosa, Albert",1000115232,Right,STA_YAN,96963731-8280-49fa-8ef5-b64d8295d90c,54.73491,-129.16726,11.69297,5.28512,-2.20689,-14.39922,-2.78884,6.6805,0.46805,328.33657,2.33532,124.94163,-24.08478,,,,,,,1.79744,1.38763,-27.09447,,,,,,,0.07893,70.33919,-6.46913,,,,,,,,,,,,,,,,,,,,,,,,,,,,,High,High,High,High,High,,,
148,2025-08-31,15:21:46.77,4,1,"Helvey, Clay",663627,Right,STA_YAN,"Mercedes, Melvin",621034,Left,LAN,Undefined,4,Bottom,2,0,0,Undefined,Curveball,BallCalled,Undefined,Undefined,Undefined,0,0,,80.7901,0.57916,-2.170994,2423.936947,46.391232,7:30,5.53262,2.51558,5.34468,-52.85149,-9.17949,-11.00823,1.67201,-0.43919,74.5868,-8.972891,-4.127718,0.475634,,,,,,,,,,,,4.9376,-4.40359,-2.31173,50,5.54663,4.89108,-117.30697,-0.71449,6.87673,22.2952,-38.30704,LAN,STA_YAN,ClipperMagazine,Independent,ATL,20250831-ClipperMagazine-1,bcf10700-869f-11f0-af34-87ea718ebaa4,79.24672,,,6.2033,,,,,,,5b61ec32-66d2-41eb-a7be-f179224c2041,2025-08-31,19:21:46.77,2025-08-31T15:21:46.7716096-04:00,2025-08-31T19:21:46.7716096Z,,v3,1889,586,,"Espinosa, Albert",1000115232,Right,STA_YAN,9085f07d-2d92-4e28-8c71-f87c542a401b,55.1572,-118.28308,11.1476,5.54119,0.96264,-19.15352,-2.51927,4.59001,3.43837,,,,,,,,,,,,,,,,,,,,,,,,,,,,,,,,,,,,,,,,,,,,,,,,,,,High,High,High,,,,,
149,2025-08-31,15:22:03.88,4,2,"Helvey, Clay",663627,Right,STA_YAN,"Mercedes, Melvin",621034,Left,LAN,Undefined,4,Bottom,2,1,0,Undefined,Four-Seam,StrikeCalled,Undefined,Undefined,Undefined,0,0,,92.719,-1.994161,-2.005226,2644.978252,186.235086,12:15,5.60643,2.52799,5.58809,-21.21663,11.60804,1.1574,1.97439,0.75125,85.08687,-5.931218,-1.798756,0.412355,,,,,,,,,,,,-1.12551,6.72717,-2.35657,50,5.42136,4.65752,-134.52948,-5.44334,-2.06899,28.34662,-19.80785,LAN,STA_YAN,ClipperMagazine,Independent,ATL,20250831-ClipperMagazine-1,c7218470-869f-11f0-af34-87ea718ebaa4,91.40771,,,7.63213,,,,,,,5b61ec32-66d2-41eb-a7be-f179224c2041,2025-08-31,19:22:03.88,2025-08-31T15:22:03.8800000-04:00,2025-08-31T19:22:03.8800000Z,,v3,1889,586,,"Espinosa, Albert",1000115232,Right,STA_YAN,c5b895f7-151d-416d-a4f7-c97cf3d55dbe,54.9096,-135.56003,14.17331,5.60617,-4.72322,-9.90393,-2.52726,4.73274,-1.03449,,,,,,,,,,,,,,,,,,,,,,,,,,,,,70.0374,,0.831846,,-0.62641,1.75896,-0.68722,-1.0527,6.11524,0.54168,,,,-0.90869,100.45943,-8.68364,6.15537,11.63113,-12.47472,0.48057,-1.89931,2.66949,High,High,High,,,High,High,Medium
150,2025-08-31,15:22:49.14,4,3,"Helvey, Clay",663627,Right,STA_YAN,"Mercedes, Melvin",621034,Left,LAN,Undefined,4,Bottom,2,1,1,Undefined,Curveball,BallCalled,Undefined,Undefined,Undefined,0,0,,81.46799,2.551562,-0.853627,2455.149417,49.226862,7:45,5.47218,2.60671,5.32419,-51.96097,-8.67453,-11.6902,3.53829,0.83144,74.25144,-6.898421,-2.929588,0.47353,,,,,,,,,,,,5.56359,-4.61193,-2.52091,50,5.66579,2.25423,-118.14229,3.35193,7.81088,23.90989,-38.64882,LAN,STA_YAN,ClipperMagazine,Independent,ATL,20250831-ClipperMagazine-1,e21da100-869f-11f0-af34-87ea718ebaa4,79.59889,,,7.21655,,,,,,,5b61ec32-66d2-41eb-a7be-f179224c2041,2025-08-31,19:22:49.14,2025-08-31T15:22:49.1437056-04:00,2025-08-31T19:22:49.1437056Z,,v3,1889,586,,"Espinosa, Albert",1000115232,Right,STA_YAN,4392a0e2-78ee-4b65-9303-20bd53a03365,55.17557,-119.18513,11.95494,5.48283,5.03762,-19.32441,-2.6118,1.91356,3.90544,,,,,,,,,,,,,,,,,,,,,,,,,,,,,,,,,,,,,,,,,,,,,,,,,,,High,High,High,,,,,
151,2025-08-31,15:23:08.08,4,4,"Helvey, Clay",663627,Right,STA_YAN,"Mercedes, Melvin",621034,Left,LAN,Undefined,4,Bottom,2,2,1,Undefined,Four-Seam,FoulBallNotFieldable,Undefined,Undefined,Undefined,0,0,,93.2043,-1.488596,-2.412486,2718.057658,176.999366,12:00,5.65067,2.63869,5.49662,-20.20285,12.23229,-0.59154,2.57316,0.33149,85.8876,-5.231597,-2.517741,0.409901,,,,,,,,,,,,-0.31449,6.85059,-2.42722,50,5.50681,5.72706,-135.29337,-4.24966,-0.58778,27.22186,-19.37102,LAN,STA_YAN,ClipperMagazine,Independent,ATL,20250831-ClipperMagazine-1,ed669350-869f-11f0-af34-87ea718ebaa4,91.95495,,,7.3167,,,,,,,5b61ec32-66d2-41eb-a7be-f179224c2041,2025-08-31,19:23:08.08,2025-08-31T15:23:08.0806400-04:00,2025-08-31T19:23:08.0806400Z,,v3,1889,586,,"Espinosa, Albert",1000115232,Right,STA_YAN,ba649875-472a-4f50-a3be-1f844c5282ae,55.00202,-136.29609,13.61093,5.65021,-3.53612,-9.68551,-2.63858,5.74871,-0.29389,,,,,,,,,,,,,,,,,,,,,,,,,,,,,,,,,,,,,,,,,,,,,,,,,,,High,High,High,,,,,
152,2025-08-31,15:23:30.42,4,5,"Helvey, Clay",663627,Right,STA_YAN,"Mercedes, Melvin",621034,Left,LAN,Undefined,4,Bottom,2,2,2,Undefined,Curveball,InPlay,Undefined,GroundBall,Out,1,0,,82.58795,1.127759,-2.279351,2399.775639,38.815824,7:15,5.52368,2.6442,5.33759,-50.94326,-9.14654,-8.36713,2.33739,-0.19256,76.07655,-8.092951,-3.765415,0.46531,74.52915,-14.846757,-13.973091,,,,,8.69485,8.69485,-10.717574,0.074847,3.58744,-4.57733,-2.43218,50,5.58842,5.11623,-119.89148,0.48932,5.22249,23.14002,-38.83762,LAN,STA_YAN,ClipperMagazine,Independent,ATL,20250831-ClipperMagazine-1,fab1be40-869f-11f0-af34-87ea718ebaa4,81.00496,2.10172,,6.5114,,,,0.8493,2.10172,0.2975,5b61ec32-66d2-41eb-a7be-f179224c2041,2025-08-31,19:23:30.42,2025-08-31T15:23:30.4253440-04:00,2025-08-31T19:23:30.4253440Z,GroundBall,v3,1889,586,,"Espinosa, Albert",1000115232,Right,STA_YAN,f97685cf-a019-4806-a854-f74acd58e396,55.16419,-120.8841,11.57001,5.5317,2.15531,-19.41881,-2.64684,4.8922,2.61125,180,0.84615,102.79503,,,,,,,,2.10258,-28.0803,,,,,,,,0.29828,-25.57841,,,,,,,,,,,,,,,,,,,,,,,,,,,,,,High,High,High,High,High,,,
153,2025-08-31,15:25:55.95,1,1,"Skirrow, Noah",659418,Right,LAN,"Sandoval, Pablo",467055,Left,STA_YAN,Undefined,5,Top,0,0,0,Undefined,Sinker,StrikeCalled,Undefined,Undefined,Undefined,0,0,,90.96101,-1.004858,-3.547827,2345.173529,228.375259,1:30,5.58181,3.11956,6.21378,-19.36418,14.2028,14.72635,3.03891,1.06844,82.70125,-4.685881,-0.894711,0.416992,,,,,,,,,,,,-8.60926,7.97276,-2.86028,50,5.4966,7.55712,-131.915,-2.89105,-15.10485,29.19134,-18.18589,LAN,STA_YAN,ClipperMagazine,Independent,ATL,20250831-ClipperMagazine-1,51713b70-86a0-11f0-af34-87ea718ebaa4,90.39127,,,8.25976,,,,,,,5b61ec32-66d2-41eb-a7be-f179224c2041,2025-08-31,19:25:55.95,2025-08-31T15:25:55.9571456-04:00,2025-08-31T19:25:55.9571456Z,,v3,1889,586,,"Campagna, Joe",690523,Right,LAN,2a2ba22a-d3e9-4813-b07b-6018ccbb6eb0,54.28332,-132.85947,14.59567,5.58062,-2.30265,-9.09295,-3.11269,8.04583,-7.55242,,,,,,,,,,,,,,,,,,,,,,,,,,,,,,,,,,,,,,,,,,,,,,,,,,,High,High,High,,,,,
154,2025-08-31,15:26:08.99,1,2,"Skirrow, Noah",659418,Right,LAN,"Sandoval, Pablo",467055,Left,STA_YAN,Undefined,5,Top,0,0,1,Undefined,Sinker,BallCalled,Undefined,Undefined,Undefined,0,0,,90.51277,-0.104258,-2.383826,2384.675116,226.421712,1:30,5.63484,3.11133,6.19743,-19.20954,14.66835,14.23599,3.93772,2.09578,82.19708,-3.764779,0.183726,0.418919,,,,,,,,,,,,-7.9941,7.94182,-2.93846,50,5.61719,4.86342,-131.39197,-0.79984,-13.90252,29.1846,-18.36242,LAN,STA_YAN,ClipperMagazine,Independent,ATL,20250831-ClipperMagazine-1,5930dff0-86a0-11f0-af34-87ea718ebaa4,89.97557,,,8.31569,,,,,,,5b61ec32-66d2-41eb-a7be-f179224c2041,2025-08-31,19:26:08.99,2025-08-31T15:26:08.9920000-04:00,2025-08-31T19:26:08.9920000Z,,v3,1889,586,,"Campagna, Joe",690523,Right,LAN,6c6fbec8-a0df-4685-a974-eabbcca83f92,54.29876,-132.34336,14.5923,5.6335,-0.20124,-9.18121,-3.1044,5.31662,-6.95126,,,,,,,,,,,,,,,,,,,,,,,,,,,,,,,,,,,,,,,,,,,,,,,,,,,High,High,High,,,,,
155,2025-08-31,15:26:22.52,1,3,"Skirrow, Noah",659418,Right,LAN,"Sandoval, Pablo",467055,Left,STA_YAN,Undefined,5,Top,0,1,1,Undefined,Sinker,StrikeCalled,Undefined,Undefined,Undefined,0,0,,90.99412,-1.908298,-3.583433,2369.703283,226.503961,1:30,5.6036,3.12987,6.2839,-18.69997,14.78009,14.39607,2.28242,1.02262,82.80562,-5.46824,-0.986129,0.416451,,,,,,,,,,,,-8.47406,8.55741,-2.87187,50,5.45345,7.66077,-131.92114,-4.94299,-14.86834,29.20633,-17.15945,LAN,STA_YAN,ClipperMagazine,Independent,ATL,20250831-ClipperMagazine-1,613d9300-86a0-11f0-af34-87ea718ebaa4,90.50861,,,8.1885,,,,,,,5b61ec32-66d2-41eb-a7be-f179224c2041,2025-08-31,19:26:22.52,2025-08-31T15:26:22.5250304-04:00,2025-08-31T19:26:22.5250304Z,,v3,1889,586,,"Campagna, Joe",690523,Right,LAN,2414039d-41d9-49dc-a339-039bbc6eb634,54.21326,-132.85064,14.60316,5.60207,-4.39688,-8.57972,-3.12321,8.13396,-7.43417,,,,,,,,,,,,,,,,,,,,,,,,,,,,,,,,,,,,,,,,,,,,,,,,,,,High,High,High,,,,,
156,2025-08-31,15:26:39.31,1,4,"Skirrow, Noah",659418,Right,LAN,"Sandoval, Pablo",467055,Left,STA_YAN,Undefined,5,Top,0,1,2,Undefined,Sinker,InPlay,Undefined,FlyBall,Out,1,0,,90.65815,0.157305,-4.506357,2328.297135,226.958698,1:30,5.49442,3.15509,6.26522,-18.58284,15.25371,15.11517,4.09133,0.25143,82.14442,-3.394842,-1.786634,0.418663,89.4551,44.007316,-3.94471,4148.353318,109.16889,102.3158,-13.49561,279.08281,261.1845,-9.659027,5.787307,-9.24174,8.2167,-2.82826,50,5.497,9.74531,-131.36956,-0.17049,-16.04293,29.55875,-17.91049,LAN,STA_YAN,ClipperMagazine,Independent,ATL,20250831-ClipperMagazine-1,6b34b0f0-86a0-11f0-af34-87ea718ebaa4,90.0305,123.08791,,8.51373,,,,2.52693,4.76665,-0.99635,5b61ec32-66d2-41eb-a7be-f179224c2041,2025-08-31,19:26:39.31,2025-08-31T15:26:39.3132032-04:00,2025-08-31T19:26:39.3132032Z,FlyBall,v3,1889,586,,"Campagna, Joe",690523,Right,LAN,866a5da9-81ff-4317-99c9-83d7f6500762,54.23383,-132.31877,14.77938,5.49324,0.40466,-8.95524,-3.14948,10.26049,-8.02146,170.017679,2.53224,94.04944,-23.96464,6.19787,-1.04823,0.09017,0.00122,-0.00081,4E-05,4.76517,91.16034,-19.61049,0.66988,0.21171,-0.12662,0.03243,-0.00409,0.0002,-0.99637,-6.49079,-1.84412,0.82032,-0.21408,0.03482,-0.00286,4E-05,1E-05,,,,,,,,,,,,,,,,,,,,,,,High,High,High,Medium,Low,,,
157,2025-08-31,15:27:13.30,2,1,"Skirrow, Noah",659418,Right,LAN,"Maggi, Drew",543482,Right,STA_YAN,Undefined,5,Top,1,0,0,Undefined,Curveball,InPlay,Undefined,GroundBall,Out,1,0,,80.04191,1.105047,-3.492081,2658.276573,45.728383,7:30,5.4047,3.27452,5.57203,-51.79857,-7.49028,-9.07103,2.12238,-0.74724,73.66135,-8.308188,-5.10613,0.479086,68.15246,-10.292615,-17.350995,,,,,13.64664,13.64664,-11.602714,0.118121,3.6326,-3.79433,-2.96718,50,5.46555,7.432,-116.08356,0.47852,4.94299,22.29541,-37.33707,LAN,STA_YAN,ClipperMagazine,Independent,ATL,20250831-ClipperMagazine-1,7f84bbe0-86a0-11f0-af34-87ea718ebaa4,78.67567,2.33116,,6.38056,,,,2.43761,2.33116,0.69918,5b61ec32-66d2-41eb-a7be-f179224c2041,2025-08-31,19:27:13.30,2025-08-31T15:27:13.3088768-04:00,2025-08-31T19:27:13.3088768Z,GroundBall,v3,1889,586,,"Campagna, Joe",690523,Right,LAN,61d4352d-adce-4616-b435-7b92f7d137ee,54.92965,-117.02654,11.1477,5.41192,2.05767,-18.66853,-3.27709,7.22294,2.47149,44.512849,2.4377,93.8627,-11.26684,,,,,,,2.33126,-17.87068,-15.79957,,,,,,,0.69918,-29.32974,1.47801,,,,,,,,,,,,,,,,,,,,,,,,,,,,,High,High,High,High,High,,,
158,2025-08-31,15:27:48.16,3,1,"Skirrow, Noah",659418,Right,LAN,"Johnson, Kolby",815259,Right,STA_YAN,Undefined,5,Top,2,0,0,Undefined,Sinker,HitByPitch,Undefined,Undefined,Undefined,0,0,,90.91666,-1.125434,-2.747279,2337.993813,227.828764,1:30,5.58386,3.12271,6.12619,-19.18131,14.40154,14.69875,2.94376,1.80612,82.91177,-4.762001,-0.100269,0.41709,,,,,,,,,,,,-8.42209,8.09481,-2.92026,50,5.48773,5.73018,-131.99205,-3.17738,-14.82073,28.7494,-17.92928,LAN,STA_YAN,ClipperMagazine,Independent,ATL,20250831-ClipperMagazine-1,944255b0-86a0-11f0-af34-87ea718ebaa4,90.36994,,,8.00489,,,,,,,5b61ec32-66d2-41eb-a7be-f179224c2041,2025-08-31,19:27:48.16,2025-08-31T15:27:48.1615872-04:00,2025-08-31T19:27:48.1615872Z,,v3,1889,586,,"Campagna, Joe",690523,Right,LAN,e3e6eac4-ee80-4aea-9016-bb9e7a608ddc,54.37309,-132.94115,14.3747,5.58285,-2.58548,-8.96464,-3.1175,6.21946,-7.41037,,,,,,,,,,,,,,,,,,,,,,,,,,,,,,,,,,,,,,,,,,,,,,,,,,,High,High,High,,,,,
159,2025-08-31,15:28:32.77,4,1,"Skirrow, Noah",659418,Right,LAN,"Osuna, Alberto",700647,Right,STA_YAN,Undefined,5,Top,2,0,0,Undefined,Four-Seam,FoulBallNotFieldable,Undefined,Undefined,Undefined,0,0,,90.66158,-1.494809,-4.366677,2324.313877,220.986916,1:15,5.44573,3.23048,6.2019,-20.44777,13.0704,10.4841,2.35761,0.06561,83.38066,-5.340379,-2.481789,0.416688,75.77961,37.45514,126.734053,5708.980527,,,,,58.69532,,,-6.583,7.4741,-2.90703,50,5.32266,9.61677,-131.47976,-4.06887,-11.60223,26.09271,-19.00128,LAN,STA_YAN,ClipperMagazine,Independent,ATL,20250831-ClipperMagazine-1,aee359f0-86a0-11f0-af34-87ea718ebaa4,90.45712,39.14132,,7.28092,,,,0.84386,2.29147,-0.09724,5b61ec32-66d2-41eb-a7be-f179224c2041,2025-08-31,19:28:32.77,2025-08-31T15:28:32.7789568-04:00,2025-08-31T19:28:32.7789568Z,,v3,1889,586,,"Campagna, Joe",690523,Right,LAN,cda1de19-3e88-4641-83c3-fac1fbe3281d,54.29767,-132.32991,13.04636,5.44515,-3.44978,-9.50064,-3.22652,9.99479,-5.80112,303.268881,0.84386,-52.76952,-2.36581,1.67256,-1.94683,5.10176,-8.20502,6.70199,-2.19978,2.29147,67.59062,-24.71479,2.57986,-0.17695,-0.99565,1.79323,-1.49912,0.49762,-0.09724,70.70864,-14.60464,3.78043,-2.21687,4.9215,-7.7931,6.33128,-2.07153,,,,,,,,,,,,,,,,,,,,,,,High,High,High,High,Undefined,,,
160,2025-08-31,15:28:54.92,4,2,"Skirrow, Noah",659418,Right,LAN,"Osuna, Alberto",700647,Right,STA_YAN,Undefined,5,Top,2,0,1,Undefined,Slider,BallCalled,Undefined,Undefined,Undefined,0,0,,85.02958,-1.825319,-5.230424,2323.503621,143.191492,10:45,5.42942,3.09886,6.21387,-33.81242,4.70811,-2.61917,0.9196,-1.95977,78.17698,-8.062314,-5.700247,0.446702,,,,,,,,,,,,-0.13118,3.35642,-2.70471,50,5.27542,11.36298,-123.02246,-5.00473,-0.20066,24.80217,-27.03918,LAN,STA_YAN,ClipperMagazine,Independent,ATL,20250831-ClipperMagazine-1,bc218c90-86a0-11f0-af34-87ea718ebaa4,84.37943,,,6.8526,,,,,,,5b61ec32-66d2-41eb-a7be-f179224c2041,2025-08-31,19:28:54.92,2025-08-31T15:28:54.9218816-04:00,2025-08-31T19:28:54.9218816Z,,v3,1889,586,,"Campagna, Joe",690523,Right,LAN,0644bc9c-c276-4f59-a2c4-71ea5c265d68,54.28359,-123.88305,12.40108,5.43279,-4.06652,-13.51959,-3.09911,11.36994,-0.10033,,,,,,,,,,,,,,,,,,,,,,,,,,,,,,,,,,,,,,,,,,,,,,,,,,,High,High,High,,,,,
161,2025-08-31,15:29:11.82,4,3,"Skirrow, Noah",659418,Right,LAN,"Osuna, Alberto",700647,Right,STA_YAN,Undefined,5,Top,2,1,1,Undefined,Slider,BallCalled,Undefined,Undefined,Undefined,0,0,,84.33899,-1.140329,-4.339955,2445.179587,142.865657,10:45,5.46821,3.31013,6.06923,-33.55262,5.40146,-3.23355,1.61375,-0.98313,78.00198,-7.320363,-4.919604,0.449208,,,,,,,,,,,,0.53823,3.43732,-2.9717,50,5.3617,9.40481,-122.29507,-3.51268,0.82007,22.75499,-26.93697,LAN,STA_YAN,ClipperMagazine,Independent,ATL,20250831-ClipperMagazine-1,c6275080-86a0-11f0-af34-87ea718ebaa4,83.90859,,,6.33701,,,,,,,5b61ec32-66d2-41eb-a7be-f179224c2041,2025-08-31,19:29:11.82,2025-08-31T15:29:11.8215680-04:00,2025-08-31T19:29:11.8215680Z,,v3,1889,586,,"Campagna, Joe",690523,Right,LAN,073968de-f37b-4cfb-a6c3-d51fd5102b5d,54.42993,-123.11657,11.37749,5.47096,-2.5402,-13.46848,-3.3107,9.3752,0.41004,,,,,,,,,,,,,,,,,,,,,,,,,,,,,,,,,,,,,,,,,,,,,,,,,,,High,High,High,,,,,
162,2025-08-31,15:29:36.55,4,4,"Skirrow, Noah",659418,Right,LAN,"Osuna, Alberto",700647,Right,STA_YAN,Undefined,5,Top,2,2,1,Undefined,Curveball,InPlay,Undefined,FlyBall,Triple,0,1,,80.25214,2.342731,-2.400827,2583.411878,40.23164,7:15,5.44954,3.31266,5.66896,-50.58207,-6.4641,-6.68859,3.42179,0.51552,73.13167,-6.919299,-3.594404,0.478056,98.76608,24.533741,-16.658444,1105.713104,106.17674,43.2072,-28.74821,355.28835,310.67495,-14.170965,3.973244,2.69374,-3.63803,-3.10544,50,5.61534,5.13679,-116.3652,3.05971,3.66321,23.51043,-37.12136,LAN,STA_YAN,ClipperMagazine,Independent,ATL,20250831-ClipperMagazine-1,d4e7dd60-86a0-11f0-af34-87ea718ebaa4,78.84518,55.12456,,7.12047,,,,2.07728,3.48521,-0.55501,5b61ec32-66d2-41eb-a7be-f179224c2041,2025-08-31,19:29:36.55,2025-08-31T15:29:36.5597696-04:00,2025-08-31T19:29:36.5597696Z,FlyBall,v3,1889,586,,"Campagna, Joe",690523,Right,LAN,c34bcc07-250c-44a9-a4b7-6c8ba30717eb,54.83149,-117.3373,11.75521,5.4571,4.59459,-18.56068,-3.3147,4.98533,1.83161,231.625497,2.08694,125.98511,-16.16622,0.59321,2.37468,-1.61461,0.51669,-0.08321,0.00539,3.48396,60.18558,-20.22614,2.14948,-0.66548,0.28099,-0.08058,0.01317,-0.00096,-0.56526,-37.48821,9.27849,-0.71825,-2.47209,1.9011,-0.6648,0.11638,-0.0082,,,,,,,,,,,,,,,,,,,,,,,High,High,High,High,Medium,,,
163,2025-08-31,15:30:32.98,5,1,"Skirrow, Noah",659418,Right,LAN,"Espinosa, Albert",1000115232,Right,STA_YAN,Undefined,5,Top,2,0,0,Undefined,Four-Seam,BallCalled,Undefined,Undefined,Undefined,0,0,,90.19166,-1.340383,-2.858195,2330.203624,211.229881,1:00,5.51597,3.1566,6.18278,-17.46084,16.77568,9.46693,2.82143,1.30408,81.85506,-4.683002,-1.152432,0.42113,,,,,,,,,,,,-5.70343,9.40028,-2.94515,50,5.40566,6.12921,-130.80486,-3.54881,-9.81625,29.29348,-15.99513,LAN,STA_YAN,ClipperMagazine,Independent,ATL,20250831-ClipperMagazine-1,f6807b30-86a0-11f0-af34-87ea718ebaa4,89.50309,,,8.3366,,,,,,,5b61ec32-66d2-41eb-a7be-f179224c2041,2025-08-31,19:30:32.98,2025-08-31T15:30:32.9886720-04:00,2025-08-31T19:30:32.9886720Z,,v3,1889,586,,"Campagna, Joe",690523,Right,LAN,ea71a525-94af-4365-a189-4ced66c90627,54.31278,-131.76716,14.64674,5.51361,-3.02336,-7.99757,-3.1518,6.45168,-4.90812,,,,,,,,,,,,,,,,,,,,,,,,,,,,,,,,,,,,,,,,,,,,,,,,,,,High,High,High,,,,,
164,2025-08-31,15:30:53.94,5,2,"Skirrow, Noah",659418,Right,LAN,"Espinosa, Albert",1000115232,Right,STA_YAN,Undefined,5,Top,2,1,0,Undefined,Four-Seam,StrikeCalled,Undefined,Undefined,Undefined,0,0,,90.60848,-1.997637,-5.026268,2340.354076,217.683026,1:15,5.45677,3.09012,6.29527,-18.89025,15.01568,10.71205,2.03405,-0.66049,82.37843,-5.591211,-3.100202,0.419092,,,,,,,,,,,,-6.9963,8.71697,-2.72448,50,5.30008,11.08359,-131.08495,-5.12837,-12.11478,28.95673,-17.07975,LAN,STA_YAN,ClipperMagazine,Independent,ATL,20250831-ClipperMagazine-1,0303c240-86a1-11f0-af34-87ea718ebaa4,89.93837,,,8.23005,,,,,,,5b61ec32-66d2-41eb-a7be-f179224c2041,2025-08-31,19:30:53.94,2025-08-31T15:30:53.9483648-04:00,2025-08-31T19:30:53.9483648Z,,v3,1889,586,,"Campagna, Joe",690523,Right,LAN,dd7efe10-f96c-4656-956f-27ae234e630e,54.20118,-132.00973,14.47836,5.45515,-4.5829,-8.53988,-3.08463,11.47049,-6.05739,,,,,,,,,,,,,,,,,,,,,,,,,,,,,,,,,,,,,,,,,,,,,,,,,,,High,High,High,,,,,
165,2025-08-31,15:31:11.92,5,3,"Skirrow, Noah",659418,Right,LAN,"Espinosa, Albert",1000115232,Right,STA_YAN,Undefined,5,Top,2,1,1,Undefined,Four-Seam,StrikeCalled,Undefined,Undefined,Undefined,0,0,,91.02617,-2.393697,-5.063322,2368.138145,214.754446,1:15,5.45726,3.09452,6.40117,-17.30489,16.13418,10.4156,1.80408,-0.70582,82.86059,-5.702308,-3.187165,0.416197,,,,,,,,,,,,-6.86028,9.43067,-2.73508,50,5.2768,11.23981,-131.6856,-5.99455,-12.00244,28.91677,-15.6745,LAN,STA_YAN,ClipperMagazine,Independent,ATL,20250831-ClipperMagazine-1,0dcc8810-86a1-11f0-af34-87ea718ebaa4,90.56402,,,8.16558,,,,,,,5b61ec32-66d2-41eb-a7be-f179224c2041,2025-08-31,19:31:11.92,2025-08-31T15:31:11.9285248-04:00,2025-08-31T19:31:11.9285248Z,,v3,1889,586,,"Campagna, Joe",690523,Right,LAN,30d5640e-06bf-49bf-8845-b1dc8231afef,54.09551,-132.58188,14.45839,5.45507,-5.50871,-7.83725,-3.08923,11.61183,-6.00122,,,,,,,,,,,,,,,,,,,,,,,,,,,,,,,,,,,,,,,,,,,,,,,,,,,High,High,High,,,,,
166,2025-08-31,15:31:30.25,5,4,"Skirrow, Noah",659418,Right,LAN,"Espinosa, Albert",1000115232,Right,STA_YAN,Undefined,5,Top,2,1,2,Undefined,Four-Seam,BallCalled,Undefined,Undefined,Undefined,0,0,,90.84996,-3.082334,-5.969104,2330.804078,209.122395,1:00,5.41025,2.97382,6.29407,-17.15111,16.61899,8.63626,1.12253,-1.82674,82.93389,-6.344223,-4.421197,0.418252,,,,,,,,,,,,-6.13874,9.82733,-2.53721,50,5.17369,13.35631,-131.15854,-7.57362,-10.68321,27.98487,-15.07165,LAN,STA_YAN,ClipperMagazine,Independent,ATL,20250831-ClipperMagazine-1,18ab1fd0-86a1-11f0-af34-87ea718ebaa4,90.11906,,,7.91608,,,,,,,5b61ec32-66d2-41eb-a7be-f179224c2041,2025-08-31,19:31:30.25,2025-08-31T15:31:30.2504448-04:00,2025-08-31T19:31:30.2504448Z,,v3,1889,586,,"Campagna, Joe",690523,Right,LAN,fdbb709a-38fb-4ca5-b4cf-701f8d81e03f,54.20271,-132.05222,13.99243,5.40786,-7.09232,-7.53583,-2.96918,13.69747,-5.3416,,,,,,,,,,,,,,,,,,,,,,,,,,,,,,,,,,,,,,,,,,,,,,,,,,,High,High,High,,,,,
167,2025-08-31,15:31:51.36,5,5,"Skirrow, Noah",659418,Right,LAN,"Espinosa, Albert",1000115232,Right,STA_YAN,Undefined,5,Top,2,2,2,Undefined,Slider,BallCalled,Undefined,Undefined,Undefined,0,0,,82.49071,1.506003,-2.060503,2468.678442,150.566338,11:00,5.37452,3.36842,5.79558,-38.5451,3.25232,-1.00343,3.56448,1.36739,74.48967,-5.642273,-2.240074,0.465314,,,,,,,,,,,,-0.14965,1.61228,-3.19834,50,5.47561,4.34192,-119.56172,1.87257,-0.21349,26.17698,-29.87414,LAN,STA_YAN,ClipperMagazine,Independent,ATL,20250831-ClipperMagazine-1,253d5b00-86a1-11f0-af34-87ea718ebaa4,81.00432,,,8.00103,,,,,,,5b61ec32-66d2-41eb-a7be-f179224c2041,2025-08-31,19:31:51.36,2025-08-31T15:31:51.3618944-04:00,2025-08-31T19:31:51.3618944Z,,v3,1889,586,,"Campagna, Joe",690523,Right,LAN,3943cb9c-caef-44f8-8239-d0aff7c6c350,54.70069,-120.5865,13.08849,5.37941,3.04209,-14.93707,-3.36848,4.35028,-0.10675,,,,,,,,,,,,,,,,,,,,,,,,,,,,,,,,,,,,,,,,,,,,,,,,,,,High,High,High,,,,,
168,2025-08-31,15:32:27.88,5,6,"Skirrow, Noah",659418,Right,LAN,"Espinosa, Albert",1000115232,Right,STA_YAN,Undefined,5,Top,2,3,2,Undefined,,BallCalled,Walk,Undefined,Undefined,0,0,,,,,,,,,,,,,,,,,,,,,,,,,,,,,,,,,,,,,,,,,,LAN,STA_YAN,ClipperMagazine,Independent,ATL,20250831-ClipperMagazine-1,c32fce10-8732-11f0-b6b4-9d1b0ef1da40,,,,,,,,,,,5b61ec32-66d2-41eb-a7be-f179224c2041,2025-08-31,19:32:27.88,2025-08-31T15:32:27.8877184-04:00,2025-08-31T19:32:27.8877184Z,,v3,1889,586,,"Campagna, Joe",690523,Right,LAN,,,,,,,,,,,,,,,,,,,,,,,,,,,,,,,,,,,,,,,,,,,,,,,,,,,,,,,,,,,,,,,,,,,,
169,2025-08-31,15:33:03.88,6,1,"Skirrow, Noah",659418,Right,LAN,"Diaz, Eddy",677647,Right,STA_YAN,Undefined,5,Top,2,0,0,Undefined,Four-Seam,StrikeSwinging,Undefined,Undefined,Undefined,0,0,,91.11275,-2.786783,-5.349694,2309.41819,219.985356,1:15,5.49889,3.03502,6.38803,-20.57253,12.74839,9.78709,1.20794,-1.08446,83.35869,-6.665629,-3.587979,0.415461,,,,,,,,,,,,-6.57162,7.75374,-2.65351,50,5.28794,11.9406,-131.76242,-7.05054,-11.5542,27.96832,-18.54141,LAN,STA_YAN,ClipperMagazine,Independent,ATL,20250831-ClipperMagazine-1,5074bd90-86a1-11f0-af34-87ea718ebaa4,90.72444,,,7.75406,,,,,,,5b61ec32-66d2-41eb-a7be-f179224c2041,2025-08-31,19:33:03.88,2025-08-31T15:33:03.8877184-04:00,2025-08-31T19:33:03.8877184Z,,v3,1889,586,,"Campagna, Joe",690523,Right,LAN,82729af5-2bb7-4df2-a504-53e355945f9c,54.10957,-132.63185,13.98416,5.49816,-6.47415,-9.27071,-3.03029,12.29978,-5.7771,,,,,,,,,,,,,,,,,,,,,,,,,,,,,,,,,,,,,,,,,,,,,,,,,,,High,High,High,,,,,
170,2025-08-31,15:34:32.14,6,2,"Skirrow, Noah",659418,Right,LAN,"Diaz, Eddy",677647,Right,STA_YAN,Undefined,5,Top,2,0,1,Undefined,Curveball,FoulBallNotFieldable,Undefined,Undefined,Undefined,0,0,,79.6785,-0.310675,-3.756584,2578.555454,25.977323,6:45,5.40641,3.30443,5.54285,-53.04625,-8.528,-4.78032,0.69491,-0.60974,74.00037,-9.893238,-4.608072,0.48022,,,,,,,,,,,,1.42599,-3.9026,-2.97525,50,5.34375,7.77345,-115.60809,-2.44476,1.93639,20.87027,-37.47358,LAN,STA_YAN,ClipperMagazine,Independent,ATL,20250831-ClipperMagazine-1,85207980-86a1-11f0-af34-87ea718ebaa4,78.48989,,,5.67813,,,,,,,5b61ec32-66d2-41eb-a7be-f179224c2041,2025-08-31,19:34:32.14,2025-08-31T15:34:32.1414144-04:00,2025-08-31T19:34:32.1414144Z,,v3,1889,586,,"Campagna, Joe",690523,Right,LAN,e439fc54-505a-45ba-813c-949d5a765bdc,54.95938,-116.49994,10.43513,5.41401,-0.84339,-18.73679,-3.30567,7.69071,0.9682,,,,,,,,,,,,,,,,,,,,,,,,,,,,,,,,,,,,,,,,,,,,,,,,,,,High,High,High,,,,,
171,2025-08-31,15:34:49.23,6,3,"Skirrow, Noah",659418,Right,LAN,"Diaz, Eddy",677647,Right,STA_YAN,Undefined,5,Top,2,0,2,Undefined,Curveball,FoulBallNotFieldable,Undefined,Undefined,Undefined,0,0,,80.55527,0.080735,-3.772162,2653.941801,34.816259,7:15,5.44814,3.21982,5.46044,-51.7757,-8.50008,-6.6867,1.20923,-0.87328,75.41756,-9.244001,-4.96041,0.473471,49.5085,-54.636337,-58.697516,,,,,2.5858,2.5858,0.304205,0.022203,2.50551,-4.06146,-2.88232,50,5.41894,7.97003,-116.98987,-1.64095,3.51951,19.26585,-37.87925,LAN,STA_YAN,ClipperMagazine,Independent,ATL,20250831-ClipperMagazine-1,8f470be0-86a1-11f0-af34-87ea718ebaa4,79.60884,1.31994,,5.1377,,,,2.09906,1.31994,0.81414,5b61ec32-66d2-41eb-a7be-f179224c2041,2025-08-31,19:34:49.23,2025-08-31T15:34:49.2327936-04:00,2025-08-31T19:34:49.2327936Z,GroundBall,v3,1889,586,,"Campagna, Joe",690523,Right,LAN,fffadf8e-df5f-447b-bab0-d11864d8538c,55.04313,-117.81744,9.63292,5.45448,-0.01384,-18.93963,-3.22143,7.81885,1.75975,,2.09875,21.9204,,,,,,,,1.32077,-59.44779,,,,,,,,0.81465,-36.0492,,,,,,,,,,,,,,,,,,,,,,,,,,,,,,High,High,High,Estimated,Estimated,,,
172,2025-08-31,15:35:21.29,6,4,"Skirrow, Noah",659418,Right,LAN,"Diaz, Eddy",677647,Right,STA_YAN,Undefined,5,Top,2,0,2,Undefined,Curveball,InPlay,Undefined,GroundBall,Out,1,0,,80.26523,0.676307,-3.812349,2697.90888,40.028249,7:15,5.36324,3.26081,5.45914,-49.91105,-6.08504,-6.12685,1.83846,-0.82349,74.58887,-8.350666,-4.899954,0.476472,68.6721,1.730994,-23.006743,1330.161793,,,,40.86192,40.5881,-21.806131,0.404175,2.14673,-2.94591,-2.92009,50,5.38809,7.99848,-116.47435,-0.35193,2.97369,20.1634,-36.25477,LAN,STA_YAN,ClipperMagazine,Independent,ATL,20250831-ClipperMagazine-1,a26c2b60-86a1-11f0-af34-87ea718ebaa4,79.10738,2.22493,,5.67636,,,,2.13073,2.1154,0.65407,5b61ec32-66d2-41eb-a7be-f179224c2041,2025-08-31,19:35:21.29,2025-08-31T15:35:21.2937728-04:00,2025-08-31T19:35:21.2937728Z,GroundBall,v3,1889,586,,"Campagna, Joe",690523,Right,LAN,1d6f47c7-41b9-47e6-9dcd-6a65d23e6671,55.04315,-117.34415,10.0817,5.36954,1.21201,-18.12739,-3.26235,7.87021,1.48684,40.734263,2.13262,92.6024,-9.94077,,,,,,,2.12074,2.86657,-20.10633,,,,,,,0.65539,-39.3906,0.52132,,,,,,,,,,,,,,,,,,,,,,,,,,,,,High,High,High,High,High,,,
173,2025-08-31,15:38:05.39,1,1,"McKenna, Brian",691869,Right,STA_YAN,"Ward, Nick",682187,Left,LAN,Undefined,5,Bottom,0,0,0,Undefined,Four-Seam,StrikeCalled,Undefined,Undefined,Undefined,0,0,,91.27045,-1.989506,-3.655227,2373.937849,214.061389,1:15,6.20324,2.59104,5.15637,-16.31237,18.79009,11.82757,2.96657,0.13129,82.14441,-5.085489,-1.567193,0.426423,,,,,,,,,,,,-6.99055,10.32091,-2.2586,50,6.00521,7.84971,-131.88903,-5.11805,-12.15068,31.5039,-14.23468,LAN,STA_YAN,ClipperMagazine,Independent,ATL,20250831-ClipperMagazine-1,042f7b90-86a2-11f0-af34-87ea718ebaa4,88.39222,,,9.12604,,,,,,,5b61ec32-66d2-41eb-a7be-f179224c2041,2025-08-31,19:38:05.39,2025-08-31T15:38:05.3964288-04:00,2025-08-31T19:38:05.3964288Z,,v3,1889,586,,"Espinosa, Albert",1000115232,Right,STA_YAN,c830fe7f-8c78-4d27-92b4-7d4a94ad344a,55.33782,-133.15796,15.75195,6.19981,-4.5447,-7.11734,-2.58463,8.33912,-6.07534,,,,,,,,,,,,,,,,,,,,,,,,,,,,,,,,,,,,,,,,,,,,,,,,,,,High,High,High,,,,,
174,2025-08-31,15:38:19.78,1,2,"McKenna, Brian",691869,Right,STA_YAN,"Ward, Nick",682187,Left,LAN,Undefined,5,Bottom,0,0,1,Undefined,Slider,BallCalled,Undefined,Undefined,Undefined,0,0,,83.46868,0.417256,-1.411184,2244.691251,149.431506,11:00,5.93104,2.78152,4.97806,-38.01183,3.44441,-1.27429,3.15759,1.3423,76.54173,-6.486225,-1.636105,0.463411,,,,,,,,,,,,0.24228,1.99933,-2.64425,50,5.94042,3.03943,-121.08573,-0.55691,0.36025,23.30667,-29.2012,LAN,STA_YAN,ClipperMagazine,Independent,ATL,20250831-ClipperMagazine-1,0ccb7650-86a2-11f0-af34-87ea718ebaa4,81.33696,,,6.92695,,,,,,,5b61ec32-66d2-41eb-a7be-f179224c2041,2025-08-31,19:38:19.78,2025-08-31T15:38:19.7889024-04:00,2025-08-31T19:38:19.7889024Z,,v3,1889,586,,"Espinosa, Albert",1000115232,Right,STA_YAN,28fce14c-1127-4463-8c35-dd1de2492a8b,55.51935,-122.14348,11.65334,5.93562,0.76835,-14.6006,-2.78182,3.02308,0.18013,,,,,,,,,,,,,,,,,,,,,,,,,,,,,,,,,,,,,,,,,,,,,,,,,,,High,High,High,,,,,
175,2025-08-31,15:38:35.16,1,3,"McKenna, Brian",691869,Right,STA_YAN,"Ward, Nick",682187,Left,LAN,Undefined,5,Bottom,0,1,1,Undefined,Four-Seam,FoulBallNotFieldable,Undefined,Undefined,Undefined,0,0,,92.69423,-1.583052,-3.545229,2457.312018,211.016244,1:00,6.15429,2.57071,5.12401,-14.75473,19.26269,10.83686,3.43045,0.13034,83.4535,-4.397206,-1.633227,0.41978,83.9071,75.150393,75.603327,3086.689305,,,,,7.42959,,,-6.53563,10.44855,-2.24621,50,5.99471,7.78363,-134.03805,-4.19243,-11.7333,32.53571,-13.41595,LAN,STA_YAN,ClipperMagazine,Independent,ATL,20250831-ClipperMagazine-1,15e44230-86a2-11f0-af34-87ea718ebaa4,89.79083,29.96783,,9.24073,,,,2.68612,3.54849,-0.19189,5b61ec32-66d2-41eb-a7be-f179224c2041,2025-08-31,19:38:35.16,2025-08-31T15:38:35.1628800-04:00,2025-08-31T19:38:35.1628800Z,,v3,1889,586,,"Espinosa, Albert",1000115232,Right,STA_YAN,7786218e-f82a-4f00-8d1a-a3ead0c2fb73,55.37278,-135.33593,16.26785,6.15128,-3.65726,-6.70797,-2.56604,8.25168,-5.86665,190.573374,2.68827,7.71943,-9.49731,,,,,,,3.54989,118.87505,-25.943,,,,,,,-0.18946,30.41076,-12.02414,,,,,,,,,,,,,,,,,,,,,,,,,,,,,High,High,High,Medium,Undefined,,,
176,2025-08-31,15:39:08.27,1,4,"McKenna, Brian",691869,Right,STA_YAN,"Ward, Nick",682187,Left,LAN,Undefined,5,Bottom,0,1,2,Undefined,Four-Seam,BallCalled,Undefined,Undefined,Undefined,0,0,,92.47952,-3.186445,-3.014762,2414.928364,217.754409,1:15,6.09148,2.56017,5.16173,-16.73304,17.65855,12.64217,1.69067,0.77352,82.91555,-6.353482,-0.779499,0.422083,,,,,,,,,,,,-7.24441,10.20567,-2.28866,50,5.78147,6.40818,-133.51869,-8.00018,-12.82984,33.82651,-14.09977,LAN,STA_YAN,ClipperMagazine,Independent,ATL,20250831-ClipperMagazine-1,29aea260-86a2-11f0-af34-87ea718ebaa4,89.3011,,,9.56396,,,,,,,5b61ec32-66d2-41eb-a7be-f179224c2041,2025-08-31,19:39:08.27,2025-08-31T15:39:08.2704384-04:00,2025-08-31T19:39:08.2704384Z,,v3,1889,586,,"Espinosa, Albert",1000115232,Right,STA_YAN,a70f11a4-eb6e-4b2f-bfc0-d34249f5e627,55.33192,-134.86275,16.91326,6.08822,-7.43994,-7.04989,-2.55341,6.91796,-6.41492,,,,,,,,,,,,,,,,,,,,,,,,,,,,,,,,,,,,,,,,,,,,,,,,,,,High,High,High,,,,,
177,2025-08-31,15:39:28.05,1,5,"McKenna, Brian",691869,Right,STA_YAN,"Ward, Nick",682187,Left,LAN,Undefined,5,Bottom,0,2,2,Undefined,Four-Seam,FoulBallNotFieldable,Undefined,Undefined,Undefined,0,0,,92.48972,-2.785352,-3.979276,2423.913746,217.890958,1:15,6.08718,2.60686,5.18237,-16.2878,18.18509,13.09154,2.10084,-0.05214,82.66094,-5.885049,-1.667893,0.422581,72.78159,64.252255,-113.039354,4951.177001,,,,,25.37779,,,-7.88339,10.39197,-2.24701,50,5.81605,8.64983,-133.44447,-7.0425,-13.90571,34.54496,-13.84335,LAN,STA_YAN,ClipperMagazine,Independent,ATL,20250831-ClipperMagazine-1,35759e50-86a2-11f0-af34-87ea718ebaa4,89.19571,47.46857,,9.82879,,,,1.93886,2.25851,0.04027,5b61ec32-66d2-41eb-a7be-f179224c2041,2025-08-31,19:39:28.05,2025-08-31T15:39:28.0534016-04:00,2025-08-31T19:39:28.0534016Z,,v3,1889,586,,"Espinosa, Albert",1000115232,Right,STA_YAN,838897ff-dcc3-4e8c-93fb-5bc6b6c4a86f,55.3127,-134.81276,17.27248,6.08413,-6.49418,-6.92167,-2.60053,9.20062,-6.95285,20.233946,1.93886,-18.14824,-6.71946,2.82,-2.15888,7.75495,-17.39425,19.1123,-8.29642,2.25851,96.14787,-31.85226,4.47209,-1.60949,3.59459,-7.62278,8.21991,-3.53096,0.04027,-42.67285,3.13246,0.1858,-0.6359,2.70763,-6.19286,6.86513,-2.99557,,,,,,,,,,,,,,,,,,,,,,,High,High,High,High,Undefined,,,
178,2025-08-31,15:39:50.86,1,6,"McKenna, Brian",691869,Right,STA_YAN,"Ward, Nick",682187,Left,LAN,Undefined,5,Bottom,0,2,2,Undefined,Slider,FoulBallNotFieldable,Undefined,Undefined,Undefined,0,0,,84.01471,-0.833759,-2.764785,2235.228212,117.465664,10:00,6.00352,2.68286,5.25098,-36.66293,4.00575,-5.23792,2.16386,-0.35361,77.10393,-7.506696,-3.692678,0.458988,68.16271,23.053457,-170.340609,3708.007642,-108.75598,17.01264,-16.49654,161.48274,49.93641,-171.821356,2.008553,1.85595,2.59134,-2.42497,50,5.89971,6.10266,-121.81052,-3.10273,2.78308,24.36162,-28.2882,LAN,STA_YAN,ClipperMagazine,Independent,ATL,20250831-ClipperMagazine-1,430b66d0-86a2-11f0-af34-87ea718ebaa4,82.12076,19.89752,,6.91078,,,,3.30428,2.23036,0.25009,5b61ec32-66d2-41eb-a7be-f179224c2041,2025-08-31,19:39:50.86,2025-08-31T15:39:50.8624896-04:00,2025-08-31T19:39:50.8624896Z,LineDrive,v3,1889,586,,"Espinosa, Albert",1000115232,Right,STA_YAN,40b544e4-5b78-4800-90c8-eb518c5ecb7a,55.24811,-122.85564,12.18081,6.00678,-1.88916,-14.1441,-2.68422,5.98327,1.39154,20.67294,3.30423,-90.68044,7.01781,-1.411,-0.09264,0.38374,-0.25812,0.08028,-0.00968,2.23032,39.15153,-23.77112,2.84765,-0.94943,0.53523,-0.27349,0.07744,-0.00885,0.25005,-15.43153,2.89676,-0.51805,-0.22445,0.37588,-0.23798,0.07256,-0.00866,,,,,,,,,,,,,,,,,,,,,,,High,High,High,High,Low,,,
179,2025-08-31,15:40:17.89,1,7,"McKenna, Brian",691869,Right,STA_YAN,"Ward, Nick",682187,Left,LAN,Undefined,5,Bottom,0,2,2,Undefined,Slider,StrikeSwinging,Strikeout,Undefined,Undefined,0,0,,85.46414,-0.767783,-1.336136,2262.737818,169.475744,11:45,5.97275,2.68763,5.05239,-33.12171,5.85827,-0.88878,2.48825,1.3532,79.32522,-6.771499,-1.49328,0.449358,,,,,,,,,,,,0.12217,3.43181,-2.55969,50,5.87323,2.93511,-124.15959,-2.92253,0.19331,21.69774,-26.74431,LAN,STA_YAN,ClipperMagazine,Independent,ATL,20250831-ClipperMagazine-1,532f2d30-86a2-11f0-af34-87ea718ebaa4,83.88068,,,6.13891,,,,,,,5b61ec32-66d2-41eb-a7be-f179224c2041,2025-08-31,19:40:17.89,2025-08-31T15:40:17.8970000-04:00,2025-08-31T19:40:17.8970000Z,,v3,1889,586,,"Espinosa, Albert",1000115232,Right,STA_YAN,846d967e-dd42-4efb-9a17-d3f50aeb6c3b,55.44688,-125.10785,10.84887,5.97541,-1.75372,-13.37216,-2.68778,2.92666,0.09666,,,,,,,,,,,,,,,,,,,,,,,,,,,,,46.75755,2.886293,1.228237,1.658057,-1.70105,2.10754,-1.27167,-3.70057,4.69782,1.30207,69.44866,2.15324,-55.33626,-3.60349,49.53164,-3.31673,4.8822,24.06122,-15.54081,1.22835,-38.31168,2.54324,High,High,High,,,Medium,High,High
180,2025-08-31,15:40:45.46,2,1,"McKenna, Brian",691869,Right,STA_YAN,"Castro, Luis",620449,Right,LAN,Undefined,5,Bottom,1,0,0,Undefined,Four-Seam,StrikeCalled,Undefined,Undefined,Undefined,0,0,,92.91795,-1.690475,-4.435496,2412.44242,212.552879,1:00,6.05643,2.57889,5.14028,-15.13934,18.56682,11.10505,3.19784,-0.68048,84.12011,-4.558601,-2.479199,0.417855,,,,,,,,,,,,-6.81823,10.06382,-2.17159,50,5.88657,9.87409,-134.28361,-4.47545,-12.37136,30.78555,-13.91366,LAN,STA_YAN,ClipperMagazine,Independent,ATL,20250831-ClipperMagazine-1,6397ebd0-86a2-11f0-af34-87ea718ebaa4,90.2045,,,8.79784,,,,,,,5b61ec32-66d2-41eb-a7be-f179224c2041,2025-08-31,19:40:45.46,2025-08-31T15:40:45.4673920-04:00,2025-08-31T19:40:45.4673920Z,,v3,1889,586,,"Espinosa, Albert",1000115232,Right,STA_YAN,3ab063df-bc7a-4c2e-b71f-75a474425ec2,55.35587,-135.50592,15.39278,6.05329,-3.92302,-6.95683,-2.57338,10.36529,-6.18568,,,,,,,,,,,,,,,,,,,,,,,,,,,,,,,,,,,,,,,,,,,,,,,,,,,High,High,High,,,,,
181,2025-08-31,15:41:04.15,2,2,"McKenna, Brian",691869,Right,STA_YAN,"Castro, Luis",620449,Right,LAN,Undefined,5,Bottom,1,0,1,Undefined,Slider,StrikeCalled,Undefined,Undefined,Undefined,0,0,,84.71031,-0.735447,-3.04922,2337.116856,165.002743,11:30,5.9913,2.69526,5.25837,-34.0712,5.63744,-1.19713,2.46004,-0.27204,78.18578,-6.938128,-3.261213,0.453538,,,,,,,,,,,,-0.19035,3.37059,-2.41479,50,5.89865,6.59663,-122.87393,-2.82242,-0.29296,22.83117,-26.98675,LAN,STA_YAN,ClipperMagazine,Independent,ATL,20250831-ClipperMagazine-1,6ec62a30-86a2-11f0-af34-87ea718ebaa4,83.10752,,,6.52453,,,,,,,5b61ec32-66d2-41eb-a7be-f179224c2041,2025-08-31,19:41:04.15,2025-08-31T15:41:04.1563648-04:00,2025-08-31T19:41:04.1563648Z,,v3,1889,586,,"Espinosa, Albert",1000115232,Right,STA_YAN,28ef0444-d039-4f24-8612-ff95f4ce8ea0,55.24031,-123.84381,11.41558,5.9942,-1.67602,-13.49337,-2.69529,6.60908,-0.14648,,,,,,,,,,,,,,,,,,,,,,,,,,,,,,,,,,,,,,,,,,,,,,,,,,,High,High,High,,,,,
182,2025-08-31,15:41:22.35,2,3,"McKenna, Brian",691869,Right,STA_YAN,"Castro, Luis",620449,Right,LAN,Undefined,5,Bottom,1,0,2,Undefined,Four-Seam,InPlay,Undefined,LineDrive,Single,0,0,,92.38953,-2.296802,-4.55676,2477.705126,215.798779,1:15,6.10446,2.45067,5.26375,-16.19316,17.51804,11.8426,2.58933,-0.85228,84.33222,-5.338811,-2.46584,0.417887,80.09212,11.795351,27.911726,3975.736548,91.93735,11.71511,60.39396,167.66818,166.19824,36.269927,1.820026,-7.21256,9.7363,-2.04212,50,5.88209,10.09867,-133.61851,-5.9275,-13.0514,28.5458,-14.55586,LAN,STA_YAN,ClipperMagazine,Independent,ATL,20250831-ClipperMagazine-1,79946e40-86a2-11f0-af34-87ea718ebaa4,90.19777,12.60788,,8.05731,,,,1.10802,2.66142,0.81942,5b61ec32-66d2-41eb-a7be-f179224c2041,2025-08-31,19:41:22.35,2025-08-31T15:41:22.3520768-04:00,2025-08-31T19:41:22.3520768Z,LineDrive,v3,1889,586,,"Espinosa, Albert",1000115232,Right,STA_YAN,a239824a-8e7c-4a72-8439-32ebfda2cd34,55.2351,-134.73228,14.2729,6.10228,-5.35957,-7.27793,-2.44607,10.60789,-6.5257,243.221715,1.10805,101.6094,-21.33263,4.48676,-0.90861,0.24336,-0.10785,0.03642,-0.00518,2.66138,24.01546,-15.04814,0.79969,-0.16766,-0.0524,0.10282,-0.04641,0.00726,0.81939,53.82951,0.78662,-0.51922,0.12747,-0.10312,0.09658,-0.04036,0.00619,,,,,,,,,,,,,,,,,,,,,,,High,High,High,High,High,,,
183,2025-08-31,15:42:11.25,3,1,"McKenna, Brian",691869,Right,STA_YAN,"Martin, Mason",676733,Left,LAN,Undefined,5,Bottom,1,0,0,Undefined,Four-Seam,StrikeSwinging,Undefined,Undefined,Undefined,0,0,,91.3104,-2.473399,-2.964814,2373.282527,212.705439,1:00,6.12542,2.51434,5.23695,-16.75099,18.12985,10.82816,2.40018,0.62755,82.40976,-5.641776,-1.047953,0.425074,,,,,,,,,,,,-6.31658,10.18123,-2.24981,50,5.88567,6.32467,-132.0544,-6.26125,-11.02055,31.25964,-14.41087,LAN,STA_YAN,ClipperMagazine,Independent,ATL,20250831-ClipperMagazine-1,96b8c200-86a2-11f0-af34-87ea718ebaa4,88.67263,,,8.90064,,,,,,,5b61ec32-66d2-41eb-a7be-f179224c2041,2025-08-31,19:42:11.25,2025-08-31T15:42:11.2590848-04:00,2025-08-31T19:42:11.2590848Z,,v3,1889,586,,"Espinosa, Albert",1000115232,Right,STA_YAN,fad924f5-a270-4547-8ef5-128ae7a14f5e,55.25855,-133.29338,15.62982,6.12252,-5.69008,-7.20543,-2.50914,6.76147,-5.51028,,,,,,,,,,,,,,,,,,,,,,,,,,,,,,,,,,,,,,,,,,,,,,,,,,,High,High,High,,,,,
184,2025-08-31,15:42:33.32,3,2,"McKenna, Brian",691869,Right,STA_YAN,"Martin, Mason",676733,Left,LAN,Undefined,5,Bottom,1,0,1,Undefined,Four-Seam,InPlay,Undefined,FlyBall,Out,1,0,,92.50735,-1.884753,-3.125185,2418.422978,216.132591,1:15,6.11497,2.48589,5.17777,-16.00698,18.12237,12.30883,3.00434,0.56811,83.19727,-4.924827,-0.94924,0.42047,89.18763,51.347396,7.120835,4612.078108,109.85849,128.69776,5.57468,233.47764,142.69567,0.807502,5.99803,-7.17335,10.01182,-2.20494,50,5.92802,6.7185,-133.79366,-4.943,-12.8045,32.9709,-14.30279,LAN,STA_YAN,ClipperMagazine,Independent,ATL,20250831-ClipperMagazine-1,a3df9c10-86a2-11f0-af34-87ea718ebaa4,89.64355,139.15843,,9.31007,,,,2.44532,3.80803,-0.89019,5b61ec32-66d2-41eb-a7be-f179224c2041,2025-08-31,19:42:33.32,2025-08-31T15:42:33.3244928-04:00,2025-08-31T19:42:33.3244928Z,FlyBall,v3,1889,586,,"Espinosa, Albert",1000115232,Right,STA_YAN,ef74d23e-cbc5-4580-b08d-a98a444a728c,55.31905,-135.09808,16.48545,6.11239,-4.37714,-7.15139,-2.48077,7.22508,-6.40225,171.616818,2.45596,80.89066,-22.39289,5.82803,-0.87332,0.02939,0.01311,-0.00201,9E-05,3.8047,102.18632,-22.63975,1.3412,0.15288,-0.15194,0.04238,-0.00555,0.00028,-0.88862,10.09913,-6.08355,1.94822,-0.39429,0.04432,-0.00083,-0.00033,2E-05,,,,,,,,,,,,,,,,,,,,,,,High,High,High,Medium,Low,,,
185,2025-08-31,15:43:14.91,4,1,"McKenna, Brian",691869,Right,STA_YAN,"Campagna, Joe",690523,Right,LAN,Undefined,5,Bottom,2,0,0,Undefined,Slider,StrikeCalled,Undefined,Undefined,Undefined,0,0,,83.94586,0.206204,-2.877495,2296.521615,153.660084,11:00,5.97068,2.68012,5.1127,-35.45459,5.62878,-2.12067,3.21064,-0.20969,76.56162,-6.267193,-3.25192,0.461322,,,,,,,,,,,,0.21346,3.16465,-2.40732,50,5.96283,6.20595,-121.59768,-0.87069,0.31826,24.76621,-27.45545,LAN,STA_YAN,ClipperMagazine,Independent,ATL,20250831-ClipperMagazine-1,bcb83c60-86a2-11f0-af34-87ea718ebaa4,81.70525,,,7.38424,,,,,,,5b61ec32-66d2-41eb-a7be-f179224c2041,2025-08-31,19:43:14.91,2025-08-31T15:43:14.9147136-04:00,2025-08-31T19:43:14.9147136Z,,v3,1889,586,,"Espinosa, Albert",1000115232,Right,STA_YAN,daba1aea-b4ed-4b81-b07b-aec7aedbd7d0,55.38332,-122.68922,12.38311,5.97454,0.33937,-13.72773,-2.68053,6.19193,0.15913,,,,,,,,,,,,,,,,,,,,,,,,,,,,,,,,,,,,,,,,,,,,,,,,,,,High,High,High,,,,,
186,2025-08-31,15:43:31.78,4,2,"McKenna, Brian",691869,Right,STA_YAN,"Campagna, Joe",690523,Right,LAN,Undefined,5,Bottom,2,0,1,Undefined,Slider,StrikeSwinging,Undefined,Undefined,Undefined,0,0,,83.36423,-0.896989,-3.163202,2260.178622,144.453343,10:45,5.92437,2.68261,5.25011,-35.51073,6.07492,-3.3428,2.12092,-0.57136,76.02502,-7.385146,-3.75493,0.464134,,,,,,,,,,,,0.71866,3.73732,-2.3896,50,5.81595,6.81468,-120.70518,-3.16446,1.05257,25.08524,-26.70018,LAN,STA_YAN,ClipperMagazine,Independent,ATL,20250831-ClipperMagazine-1,c6ce5400-86a2-11f0-af34-87ea718ebaa4,81.21028,,,7.3392,,,,,,,5b61ec32-66d2-41eb-a7be-f179224c2041,2025-08-31,19:43:31.78,2025-08-31T15:43:31.7870592-04:00,2025-08-31T19:43:31.7870592Z,,v3,1889,586,,"Espinosa, Albert",1000115232,Right,STA_YAN,c043dd5e-b2bb-435c-acbb-b77cb23689a5,55.24599,-121.79053,12.54262,5.92788,-2.00923,-13.35009,-2.68346,6.76914,0.52628,,,,,,,,,,,,,,,,,,,,,,,,,,,,,,,,,,,,,,,,,,,,,,,,,,,High,High,High,,,,,
187,2025-08-31,15:43:54.72,4,3,"McKenna, Brian",691869,Right,STA_YAN,"Campagna, Joe",690523,Right,LAN,Undefined,5,Bottom,2,0,2,Undefined,Four-Seam,BallCalled,Undefined,Undefined,Undefined,0,0,,91.71927,-2.194741,-4.69065,2388.95949,205.381666,12:45,6.08289,2.47839,5.19843,-14.66343,19.75131,8.82371,2.78866,-1.2081,83.43751,-4.972891,-3.135932,0.422225,,,,,,,,,,,,-5.70843,10.79323,-2.04977,50,5.86826,10.45279,-132.53418,-5.56194,-10.13599,28.7781,-13.00935,LAN,STA_YAN,ClipperMagazine,Independent,ATL,20250831-ClipperMagazine-1,d4755a90-86a2-11f0-af34-87ea718ebaa4,89.27106,,,8.28176,,,,,,,5b61ec32-66d2-41eb-a7be-f179224c2041,2025-08-31,19:43:54.72,2025-08-31T15:43:54.7238912-04:00,2025-08-31T19:43:54.7238912Z,,v3,1889,586,,"Espinosa, Albert",1000115232,Right,STA_YAN,4b2739c2-b407-43f4-9c46-f5312abefdc5,55.29792,-133.6796,14.38905,6.07933,-5.04414,-6.50468,-2.47385,10.85622,-5.068,,,,,,,,,,,,,,,,,,,,,,,,,,,,,,,,,,,,,,,,,,,,,,,,,,,High,High,High,,,,,
188,2025-08-31,15:44:14.40,4,4,"McKenna, Brian",691869,Right,STA_YAN,"Campagna, Joe",690523,Right,LAN,Undefined,5,Bottom,2,1,2,Undefined,Slider,BallinDirt,Undefined,Undefined,Undefined,0,0,,83.6279,-2.094423,-4.024745,2254.869029,151.626706,11:00,5.92416,2.63597,5.19409,-35.65207,5.38973,-2.24669,0.97728,-1.34338,77.32909,-8.54094,-4.421601,0.461089,,,,,,,,,,,,0.06146,3.61662,-2.26043,50,5.70242,8.61408,-121.07885,-5.73404,0.09165,22.56492,-26.77916,LAN,STA_YAN,ClipperMagazine,Independent,ATL,20250831-ClipperMagazine-1,e02d8970-86a2-11f0-af34-87ea718ebaa4,81.74661,,,6.29882,,,,,,,5b61ec32-66d2-41eb-a7be-f179224c2041,2025-08-31,19:44:14.40,2025-08-31T15:44:14.4046080-04:00,2025-08-31T19:44:14.4046080Z,,v3,1889,586,,"Espinosa, Albert",1000115232,Right,STA_YAN,102384b1-126e-4ec5-8ed9-a00bdaf9e55b,55.30474,-122.06347,11.28246,5.92713,-4.56554,-13.38958,-2.63622,8.61008,0.04583,,,,,,,,,,,,,,,,,,,,,,,,,,,,,,,,,,,,,,,,,,,,,,,,,,,High,High,High,,,,,
189,2025-08-31,15:45:07.24,4,5,"McKenna, Brian",691869,Right,STA_YAN,"Campagna, Joe",690523,Right,LAN,Undefined,5,Bottom,2,2,2,Undefined,Slider,InPlay,Undefined,GroundBall,Single,0,1,,82.30251,-1.429784,-2.691655,2257.45849,106.157389,9:30,5.93146,2.61506,5.30146,-40.23605,2.63008,-3.80579,1.23444,-0.23082,74.75821,-8.764843,-3.367244,0.471225,93.57743,-0.239671,-30.816895,3341.154845,,,,65.66281,59.78722,-34.174176,0.48899,1.04284,2.20748,-2.36747,50,5.77232,5.75989,-119.14054,-4.40339,1.47573,26.19072,-29.0502,LAN,STA_YAN,ClipperMagazine,Independent,ATL,20250831-ClipperMagazine-1,ffac20e0-86a2-11f0-af34-87ea718ebaa4,79.98813,2.13077,,7.54429,,,,1.4373,2.13077,-0.41105,5b61ec32-66d2-41eb-a7be-f179224c2041,2025-08-31,19:45:07.24,2025-08-31T15:45:07.2455168-04:00,2025-08-31T19:45:07.2455168Z,GroundBall,v3,1889,586,,"Espinosa, Albert",1000115232,Right,STA_YAN,e755288f-3023-4322-a6d1-159b1d4c11f9,55.19549,-120.27724,13.09536,5.93607,-3.14259,-14.5251,-2.61607,5.69584,0.73786,,1.44671,117.61382,-19.41734,,,,,,,2.12819,-0.50353,-7.86038,,,,,,,-0.39753,-70.68022,-8.10056,,,,,,,,,,,,,,,,,,,,,,,,,,,,,High,High,High,High,High,,,
190,2025-08-31,15:45:49.90,5,1,"McKenna, Brian",691869,Right,STA_YAN,"Lucky, Nick",681879,Left,LAN,Undefined,5,Bottom,2,0,0,Undefined,Four-Seam,FoulBallNotFieldable,Undefined,Undefined,Undefined,0,0,,92.66681,-2.616246,-3.620366,2408.855306,199.778282,12:45,6.14827,2.46778,5.22596,-13.35202,20.64808,6.9726,2.56945,-0.3592,83.41029,-5.182957,-2.388395,0.419673,67.00798,52.14603,-102.381227,2214.737238,,,,,25.39363,,,-4.63914,11.50288,-2.13917,50,5.89736,8.1371,-133.88601,-6.53179,-8.30109,32.73753,-11.59119,LAN,STA_YAN,ClipperMagazine,Independent,ATL,20250831-ClipperMagazine-1,19103850-86a3-11f0-af34-87ea718ebaa4,89.81373,32.25783,,9.25651,,,,0.45645,2.4793,0.51211,5b61ec32-66d2-41eb-a7be-f179224c2041,2025-08-31,19:45:49.90,2025-08-31T15:45:49.9078144-04:00,2025-08-31T19:45:49.9078144Z,,v3,1889,586,,"Espinosa, Albert",1000115232,Right,STA_YAN,8fffdec5-f99b-455e-919f-e7dcc32b9f91,55.26977,-135.16843,16.36877,6.14433,-6.07774,-5.7956,-2.46429,8.46228,-4.15054,37.54372,0.47195,-13.39208,-6.0126,,,,,,,2.49765,77.05863,-26.39699,,,,,,,0.50146,-58.59355,9.03533,,,,,,,,,,,,,,,,,,,,,,,,,,,,,High,High,High,Medium,Undefined,,,
191,2025-08-31,15:46:07.80,5,2,"McKenna, Brian",691869,Right,STA_YAN,"Lucky, Nick",681879,Left,LAN,Undefined,5,Bottom,2,0,1,Undefined,Four-Seam,InPlay,Undefined,GroundBall,Out,1,0,,92.99504,-2.913166,-4.209017,2444.959851,220.547398,1:15,6.02446,2.65326,5.25618,-17.04028,16.37749,13.04229,1.85754,-0.22167,84.62495,-6.106191,-1.903981,0.416064,100.91462,0.302977,-6.703384,1539.112227,,,,39.41363,39.41363,-7.029934,0.274518,-7.74276,9.36225,-2.27704,50,5.74446,9.27531,-134.42461,-7.45156,-14.12332,29.99041,-15.09666,LAN,STA_YAN,ClipperMagazine,Independent,ATL,20250831-ClipperMagazine-1,23b2b170-86a3-11f0-af34-87ea718ebaa4,90.59288,1.73542,,8.37009,,,,0.49995,1.73029,0.22935,5b61ec32-66d2-41eb-a7be-f179224c2041,2025-08-31,19:46:07.80,2025-08-31T15:46:07.8055424-04:00,2025-08-31T19:46:07.8055424Z,GroundBall,v3,1889,586,,"Espinosa, Albert",1000115232,Right,STA_YAN,fc4780ae-7ec2-4b5f-bc23-f48dad9c417c,55.24179,-135.58902,14.9952,6.0224,-6.86541,-7.54833,-2.64781,9.82367,-7.06166,34.180826,0.50294,146.84931,-22.57525,,,,,,,1.73451,0.57779,-25.17559,,,,,,,0.2309,-17.35192,-3.88432,,,,,,,,,,,,,,,,,,,,,,,,,,,,,High,High,High,Medium,High,,,
192,2025-08-31,15:48:55.92,1,1,"McAvene, Michael",686449,Right,LAN,"Contreras, Mark",676628,Left,STA_YAN,Undefined,6,Top,0,0,0,Undefined,Four-Seam,BallCalled,Undefined,Undefined,Undefined,0,0,,94.08334,-1.088852,-2.26412,2290.723369,216.949902,1:15,5.63336,1.71863,5.89199,-13.06694,18.40887,13.1156,3.53257,0.70833,86.07985,-3.598552,0.087842,0.403794,,,,,,,,,,,,-7.27493,9.98611,-1.5435,50,5.53792,4.80698,-136.61818,-2.96557,-13.79771,29.10853,-13.23427,LAN,STA_YAN,ClipperMagazine,Independent,ATL,20250831-ClipperMagazine-1,87f818a0-86a3-11f0-af34-87ea718ebaa4,93.34572,,,8.00349,,,,,,,5b61ec32-66d2-41eb-a7be-f179224c2041,2025-08-31,19:48:55.92,2025-08-31T15:48:55.9236096-04:00,2025-08-31T19:48:55.9236096Z,,v3,1889,586,,"Campagna, Joe",690523,Right,LAN,0006ac4a-3107-47a5-8f16-ee65beefd59d,54.60563,-137.59598,14.55427,5.63007,-2.52102,-6.61713,-1.71276,5.27046,-6.89886,,,,,,,,,,,,,,,,,,,,,,,,,,,,,,,,,,,,,,,,,,,,,,,,,,,High,High,High,,,,,
193,2025-08-31,15:49:12.36,1,2,"McAvene, Michael",686449,Right,LAN,"Contreras, Mark",676628,Left,STA_YAN,Undefined,6,Top,0,1,0,Undefined,Slider,StrikeCalled,Undefined,Undefined,Undefined,0,0,,90.50344,-0.862237,-2.958298,2476.566725,229.752248,1:45,5.43665,1.94484,5.89433,-29.5595,4.1089,3.78666,2.1717,-0.48863,84.08269,-6.296418,-2.279432,0.417621,,,,,,,,,,,,-2.63776,2.6024,-1.70868,50,5.35003,6.63739,-131.52329,-3.03569,-4.68998,23.95988,-27.54693,LAN,STA_YAN,ClipperMagazine,Independent,ATL,20250831-ClipperMagazine-1,91b95980-86a3-11f0-af34-87ea718ebaa4,90.25504,,,6.42075,,,,,,,5b61ec32-66d2-41eb-a7be-f179224c2041,2025-08-31,19:49:12.36,2025-08-31T15:49:12.3687936-04:00,2025-08-31T19:49:12.3687936Z,,v3,1889,586,,"Campagna, Joe",690523,Right,LAN,a140dbfe-c585-4e47-85b5-6e0979c2cbf2,54.60562,-132.35965,11.97994,5.43921,-2.07412,-13.77346,-1.94322,6.8011,-2.34499,,,,,,,,,,,,,,,,,,,,,,,,,,,,,,,,,,,,,,,,,,,,,,,,,,,High,High,High,,,,,
194,2025-08-31,15:49:29.76,1,3,"McAvene, Michael",686449,Right,LAN,"Contreras, Mark",676628,Left,STA_YAN,Undefined,6,Top,0,1,1,Undefined,Four-Seam,FoulBallNotFieldable,Undefined,Undefined,Undefined,0,0,,94.38023,-1.856269,-2.96268,2259.514688,220.884569,1:15,5.58885,1.86596,5.94635,-15.90028,15.31906,12.4339,2.53919,0.15171,86.56275,-4.866716,-0.732075,0.402145,,,,,,,,,,,,-7.03055,8.59548,-1.6361,50,5.43161,6.5052,-136.92403,-4.93194,-13.42695,28.54125,-15.75847,LAN,STA_YAN,ClipperMagazine,Independent,ATL,20250831-ClipperMagazine-1,9c0d3d70-86a3-11f0-af34-87ea718ebaa4,93.72837,,,7.81749,,,,,,,5b61ec32-66d2-41eb-a7be-f179224c2041,2025-08-31,19:49:29.76,2025-08-31T15:49:29.7677824-04:00,2025-08-31T19:49:29.7677824Z,,v3,1889,586,,"Campagna, Joe",690523,Right,LAN,fac3174b-0b80-4701-9c9a-4f6fac6b0263,54.54924,-137.86904,14.27063,5.58627,-4.41017,-7.87924,-1.85885,6.94976,-6.71347,,,,,,,,,,,,,,,,,,,,,,,,,,,,,,,,,,,,,,,,,,,,,,,,,,,High,High,High,,,,,
195,2025-08-31,15:49:57.62,1,4,"McAvene, Michael",686449,Right,LAN,"Contreras, Mark",676628,Left,STA_YAN,Undefined,6,Top,0,1,2,Undefined,Slider,FoulBallNotFieldable,Undefined,Undefined,Undefined,0,0,,83.10642,0.366953,-0.156049,2834.477382,79.797867,8:45,5.25763,2.08187,5.54227,-42.6779,-1.26228,-14.92414,2.04409,0.69235,75.50714,-7.457471,-2.820674,0.463184,70.59178,47.980468,-112.638175,6662.443609,,,,,36.96,,,7.50937,-0.35346,-2.05811,50,5.26115,0.94252,-120.59529,-0.73042,10.9136,26.3244,-32.68776,LAN,STA_YAN,ClipperMagazine,Independent,ATL,20250831-ClipperMagazine-1,acb59d20-86a3-11f0-af34-87ea718ebaa4,81.37683,35.68875,,7.59928,,,,0.82888,1.96132,-0.67324,5b61ec32-66d2-41eb-a7be-f179224c2041,2025-08-31,19:49:57.62,2025-08-31T15:49:57.6233472-04:00,2025-08-31T19:49:57.6233472Z,,v3,1889,586,,"Campagna, Joe",690523,Right,LAN,b2b05037-2fad-43eb-ad16-77462808bdd3,54.95646,-121.67241,13.1622,5.26367,0.60707,-16.34388,-2.08754,0.49596,5.4568,,0.82888,-26.67594,-6.63714,4.00953,-1.32985,0.38407,-0.10182,0.02623,-0.00441,1.96132,76.91747,-33.00911,5.41902,-1.19587,0.23315,-0.04328,0.00668,-0.00024,-0.67324,-63.96467,10.98067,-1.26112,0.04731,0.06789,-0.03008,0.0117,-0.00278,,,,,,,,,,,,,,,,,,,,,,,High,High,High,High,Undefined,,,
196,2025-08-31,15:50:17.56,1,5,"McAvene, Michael",686449,Right,LAN,"Contreras, Mark",676628,Left,STA_YAN,Undefined,6,Top,0,1,2,Undefined,Sinker,StrikeCalled,Strikeout,Undefined,Undefined,0,0,,94.18299,-2.116348,-4.126347,2384.504618,230.812621,1:45,5.45186,1.72891,5.87126,-16.22678,15.55788,17.76926,2.12789,-0.62965,85.60234,-5.200741,-0.948069,0.40577,,,,,,,,,,,,-10.25701,8.87914,-1.40481,50,5.27078,9.03608,-136.37872,-5.5602,-19.24219,31.08642,-15.51676,LAN,STA_YAN,ClipperMagazine,Independent,ATL,20250831-ClipperMagazine-1,b89aa860-86a3-11f0-af34-87ea718ebaa4,92.8911,,,8.58066,,,,,,,5b61ec32-66d2-41eb-a7be-f179224c2041,2025-08-31,19:50:17.56,2025-08-31T15:50:17.5680000-04:00,2025-08-31T19:50:17.5680000Z,,v3,1889,586,,"Campagna, Joe",690523,Right,LAN,48421baa-85b1-4aa8-800b-f7b4f77eabbf,54.62691,-137.42934,15.54321,5.44983,-5.03578,-7.75838,-1.72119,9.6864,-9.6211,,,,,,,,,,,,,,,,,,,,,,,,,,,,,57.00604,,,1.278369,,,,-2.15359,5.4327,1.40821,72.68692,9.7055,-52.11345,-2.07066,63.19754,-3.67487,5.5432,21.95864,-14.60421,1.27698,-47.55478,4.50349,High,High,High,,,High,High,High
197,2025-08-31,15:50:51.67,2,1,"McAvene, Michael",686449,Right,LAN,"Dearden, Tyler",676280,Left,STA_YAN,Undefined,6,Top,1,0,0,Undefined,Four-Seam,BallCalled,Undefined,Undefined,Undefined,0,0,,94.39496,-2.261091,-4.121276,2401.830951,224.830151,1:30,5.43005,1.67561,5.99006,-14.52902,16.59525,15.57186,2.11729,-0.85277,86.82207,-5.02208,-1.330636,0.401533,,,,,,,,,,,,-9.03359,9.38501,-1.3587,50,5.24313,9.17763,-136.86459,-5.85527,-17.2886,27.67032,-14.21296,LAN,STA_YAN,ClipperMagazine,Independent,ATL,20250831-ClipperMagazine-1,ccf0a6c0-86a3-11f0-af34-87ea718ebaa4,93.87136,,,7.57288,,,,,,,5b61ec32-66d2-41eb-a7be-f179224c2041,2025-08-31,19:50:51.67,2025-08-31T15:50:51.6790784-04:00,2025-08-31T19:50:51.6790784Z,,v3,1889,586,,"Campagna, Joe",690523,Right,LAN,95be5e07-8aa1-4776-ab2f-b0e31d9c6f31,54.50954,-137.77329,13.83516,5.42775,-5.38851,-7.10648,-1.66941,9.74539,-8.6443,,,,,,,,,,,,,,,,,,,,,,,,,,,,,,,,,,,,,,,,,,,,,,,,,,,High,High,High,,,,,
198,2025-08-31,15:51:08.13,2,2,"McAvene, Michael",686449,Right,LAN,"Dearden, Tyler",676280,Left,STA_YAN,Undefined,6,Top,1,1,0,Undefined,Four-Seam,FoulBallNotFieldable,Undefined,Undefined,Undefined,0,0,,94.37225,-2.43287,-3.35728,2471.768222,226.997652,1:30,5.49051,1.73788,5.92235,-14.59308,16.68784,16.85843,2.01161,0.02382,86.56484,-5.20729,-0.335361,0.402542,,,,,,,,,,,,-9.49166,9.47843,-1.47839,50,5.28703,7.27488,-136.87204,-6.26647,-18.10284,28.6842,-14.09642,LAN,STA_YAN,ClipperMagazine,Independent,ATL,20250831-ClipperMagazine-1,d6c3e900-86a3-11f0-af34-87ea718ebaa4,93.63608,,,7.80741,,,,,,,5b61ec32-66d2-41eb-a7be-f179224c2041,2025-08-31,19:51:08.13,2025-08-31T15:51:08.1309184-04:00,2025-08-31T19:51:08.1309184Z,,v3,1889,586,,"Campagna, Joe",690523,Right,LAN,110d0537-ae42-46fb-b6ce-5a6b2a8f6e14,54.57666,-137.82783,14.3421,5.48801,-5.79677,-7.04821,-1.73085,7.87808,-9.05142,,,,,,,,,,,,,,,,,,,,,,,,,,,,,,,,,,,,,,,,,,,,,,,,,,,High,High,High,,,,,
199,2025-08-31,15:51:26.13,2,3,"McAvene, Michael",686449,Right,LAN,"Dearden, Tyler",676280,Left,STA_YAN,Undefined,6,Top,1,1,1,Undefined,Four-Seam,StrikeCalled,Undefined,Undefined,Undefined,0,0,,94.21483,-1.127464,-3.461955,2408.2088,225.341675,1:30,5.4909,1.70722,5.9619,-14.82304,16.66371,15.83241,3.20815,-0.18743,85.83093,-3.963032,-0.623006,0.403864,77.38725,21.465344,-163.631106,1704.146921,,,,,56.1137,,,-8.9167,9.10717,-1.44003,50,5.39264,7.51921,-136.59808,-3.11921,-16.85106,30.02741,-14.96308,LAN,STA_YAN,ClipperMagazine,Independent,ATL,20250831-ClipperMagazine-1,e1659ed0-86a3-11f0-af34-87ea718ebaa4,93.32947,18.65473,,8.3839,,,,2.61148,2.69455,0.49438,5b61ec32-66d2-41eb-a7be-f179224c2041,2025-08-31,19:51:26.13,2025-08-31T15:51:26.1395968-04:00,2025-08-31T19:51:26.1395968Z,,v3,1889,586,,"Campagna, Joe",690523,Right,LAN,c818c20d-c88e-4b95-8ede-0de3bd790fcd,54.53324,-137.59098,15.01371,5.48761,-2.62444,-7.48154,-1.69787,8.07641,-8.42553,21.962707,2.61148,-101.34714,7.72511,-0.51635,0.08901,0.00434,-0.00316,0.00261,-0.00112,2.69455,41.53441,-25.79839,2.8893,-0.60916,0.12779,-0.02361,0.00473,-0.00056,0.49438,-29.76831,4.90788,-0.95064,0.20403,-0.04042,0.0083,-0.00186,0.00028,,,,,,,,,,,,,,,,,,,,,,,High,High,High,Medium,Undefined,,,
200,2025-08-31,15:51:49.94,2,4,"McAvene, Michael",686449,Right,LAN,"Dearden, Tyler",676280,Left,STA_YAN,Undefined,6,Top,1,1,2,Undefined,Curveball,BallCalled,Undefined,Undefined,Undefined,0,0,,83.02246,-0.862827,-2.176771,2851.794808,71.17571,8:15,5.25982,2.07083,5.51807,-45.08396,-4.15225,-15.60552,0.69544,-1.26588,77.06442,-9.021278,-4.959319,0.46047,,,,,,,,,,,,7.36792,-1.56406,-1.87035,50,5.15405,5.20658,-120.61165,-3.41618,10.89171,22.68132,-34.48615,LAN,STA_YAN,ClipperMagazine,Independent,ATL,20250831-ClipperMagazine-1,efafc330-86a3-11f0-af34-87ea718ebaa4,81.85645,,,5.95805,,,,,,,5b61ec32-66d2-41eb-a7be-f179224c2041,2025-08-31,19:51:49.94,2025-08-31T15:51:49.9447808-04:00,2025-08-31T19:51:49.9447808Z,,v3,1889,586,,"Campagna, Joe",690523,Right,LAN,6b4517ec-d1c8-461b-aa85-81f95e857e22,54.98397,-121.54528,11.34066,5.26546,-1.99662,-17.24307,-2.07544,4.75825,5.44586,,,,,,,,,,,,,,,,,,,,,,,,,,,,,,,,,,,,,,,,,,,,,,,,,,,High,High,High,,,,,
201,2025-08-31,15:52:13.60,2,5,"McAvene, Michael",686449,Right,LAN,"Dearden, Tyler",676280,Left,STA_YAN,Undefined,6,Top,1,2,2,Undefined,Slider,BallCalled,Undefined,Undefined,Undefined,0,0,,82.48458,0.498602,-2.425297,2745.293695,75.312806,8:30,5.24428,2.0599,5.5718,-44.24691,-3.00496,-15.78524,2.02319,-1.52226,76.58831,-7.541446,-5.237669,0.462212,,,,,,,,,,,,7.36863,-1.27697,-1.84045,50,5.25817,5.71155,-119.85596,-0.51336,10.80228,21.47517,-34.04609,LAN,STA_YAN,ClipperMagazine,Independent,ATL,20250831-ClipperMagazine-1,fdd3e900-86a3-11f0-af34-87ea718ebaa4,81.54799,,,5.89627,,,,,,,5b61ec32-66d2-41eb-a7be-f179224c2041,2025-08-31,19:52:13.60,2025-08-31T15:52:13.6004608-04:00,2025-08-31T19:52:13.6004608Z,,v3,1889,586,,"Campagna, Joe",690523,Right,LAN,b66f3c96-6ed0-4fa9-a065-2862dd591868,54.92961,-120.73599,10.73759,5.25062,0.88181,-17.02304,-2.06543,5.26888,5.40114,,,,,,,,,,,,,,,,,,,,,,,,,,,,,,,,,,,,,,,,,,,,,,,,,,,High,High,High,,,,,
202,2025-08-31,15:52:36.32,2,6,"McAvene, Michael",686449,Right,LAN,"Dearden, Tyler",676280,Left,STA_YAN,Undefined,6,Top,1,3,2,Undefined,Four-Seam,BallCalled,Walk,Undefined,Undefined,0,0,,94.042,-1.054718,-2.020186,2311.079525,213.892367,1:15,5.51723,1.77086,5.88304,-13.84698,17.60068,11.18497,3.38316,0.82616,86.22283,-3.699408,-0.014385,0.403613,,,,,,,,,,,,-6.228,9.56201,-1.6141,50,5.42396,4.31511,-136.60415,-2.9233,-11.83176,28.57412,-14.00844,LAN,STA_YAN,ClipperMagazine,Independent,ATL,20250831-ClipperMagazine-1,0b4b05f0-86a4-11f0-af34-87ea718ebaa4,93.38748,,,7.81917,,,,,,,5b61ec32-66d2-41eb-a7be-f179224c2041,2025-08-31,19:52:36.32,2025-08-31T15:52:36.3228160-04:00,2025-08-31T19:52:36.3228160Z,,v3,1889,586,,"Campagna, Joe",690523,Right,LAN,284193b1-9ec5-4968-9764-d1b35d8c6d89,54.61489,-137.56608,14.28706,5.51444,-2.45171,-7.00422,-1.76608,4.71342,-5.91588,,,,,,,,,,,,,,,,,,,,,,,,,,,,,,,,,,,,,,,,,,,,,,,,,,,High,High,High,,,,,
203,2025-08-31,15:53:16.03,3,1,"McAvene, Michael",686449,Right,LAN,"Brown, Vaun",673901,Right,STA_YAN,Undefined,6,Top,1,0,0,Undefined,Four-Seam,BallCalled,Undefined,Undefined,Undefined,0,0,,92.43119,-3.743481,-4.704789,2247.384484,215.735395,1:15,5.46365,1.66911,6.03346,-16.28426,16.41895,11.06694,0.62347,-1.77511,84.79999,-6.821343,-2.722783,0.411591,,,,,,,,,,,,-6.91748,9.75441,-1.30676,50,5.16104,10.51972,-133.64754,-9.2586,-12.56533,27.64325,-14.45555,LAN,STA_YAN,ClipperMagazine,Independent,ATL,20250831-ClipperMagazine-1,230fec50-86a4-11f0-af34-87ea718ebaa4,91.5773,,,7.6312,,,,,,,5b61ec32-66d2-41eb-a7be-f179224c2041,2025-08-31,19:53:16.03,2025-08-31T15:53:16.0314368-04:00,2025-08-31T19:53:16.0314368Z,,v3,1889,586,,"Campagna, Joe",690523,Right,LAN,a892e19d-b9e1-47fb-bb4c-63b2562fe8a6,54.46433,-134.56776,13.82163,5.46124,-8.77739,-7.22778,-1.66392,10.93801,-6.28266,,,,,,,,,,,,,,,,,,,,,,,,,,,,,,,,,,,,,,,,,,,,,,,,,,,High,High,High,,,,,
204,2025-08-31,15:53:36.50,3,2,"McAvene, Michael",686449,Right,LAN,"Brown, Vaun",673901,Right,STA_YAN,Undefined,6,Top,1,1,0,Undefined,Slider,FoulBallNotFieldable,Undefined,Undefined,Undefined,0,0,,88.43668,0.123434,-2.006965,2416.76873,138.782959,10:45,5.53127,1.91526,5.74639,-32.77986,2.46315,-1.38213,2.9146,-0.06919,82.51787,-5.875858,-2.254268,0.427275,66.7552,55.694719,164.265891,5325.152823,-107.91168,67.27188,21.33212,185.62578,56.36156,169.126079,3.801865,0.26413,1.47307,-1.74758,50,5.52103,4.56563,-128.68325,-0.8939,0.45154,21.83592,-29.65598,LAN,STA_YAN,ClipperMagazine,Independent,ATL,20250831-ClipperMagazine-1,2f255660-86a4-11f0-af34-87ea718ebaa4,88.2158,69.15204,,5.91882,,,,1.63165,3.05318,0.05215,5b61ec32-66d2-41eb-a7be-f179224c2041,2025-08-31,19:53:36.50,2025-08-31T15:53:36.5076480-04:00,2025-08-31T19:53:36.5076480Z,Popup,v3,1889,586,,"Campagna, Joe",690523,Right,LAN,8996faf9-40b7-4580-aa0b-dd3fdde561d8,54.75536,-129.48766,10.91796,5.53384,0.19859,-14.82799,-1.91547,4.549,0.22577,343.595363,1.63163,-53.11744,-1.90473,1.83022,-0.33945,-0.09999,0.07881,-0.01752,0.00134,3.05444,80.83934,-29.50731,3.50566,-0.29275,-0.14288,0.05772,-0.00809,0.00038,0.05251,14.95272,-4.27799,1.37913,-0.21586,-0.02264,0.01929,-0.00354,0.00022,,,,,,,,,,,,,,,,,,,,,,,High,High,High,High,Low,,,
205,2025-08-31,15:53:58.13,3,3,"McAvene, Michael",686449,Right,LAN,"Brown, Vaun",673901,Right,STA_YAN,Undefined,6,Top,1,1,1,Undefined,Four-Seam,InPlay,Undefined,LineDrive,Double,1,0,,92.92868,-2.150278,-2.843373,2197.24428,217.079934,1:15,5.48095,1.90173,5.89102,-14.00804,18.30308,13.07068,2.31371,0.34875,85.12044,-4.826786,-0.500805,0.409117,98.96203,17.257736,-31.225702,1963.052612,90.50143,25.4295,-62.52582,270.66338,264.04503,-40.419958,2.56992,-7.49772,10.27926,-1.68026,50,5.29949,6.13381,-134.84823,-5.4807,-13.84996,28.44402,-13.18601,LAN,STA_YAN,ClipperMagazine,Independent,ATL,20250831-ClipperMagazine-1,3c06ea10-86a4-11f0-af34-87ea718ebaa4,92.1312,27.22291,,7.80823,,,,1.92479,2.22006,-0.19184,5b61ec32-66d2-41eb-a7be-f179224c2041,2025-08-31,19:53:58.13,2025-08-31T15:53:58.1364224-04:00,2025-08-31T19:53:58.1364224Z,LineDrive,v3,1889,586,,"Campagna, Joe",690523,Right,LAN,7a4e6bde-b176-40eb-9c9e-17d34c8d9257,54.60861,-135.81686,14.22201,5.47848,-5.03166,-6.59301,-1.89718,6.60546,-6.92498,107.672035,1.9248,118.52896,-24.08564,5.56078,-1.26828,0.26796,-0.05183,0.00724,-0.00049,2.22005,43.06016,-20.26884,1.7514,-0.29003,0.04461,-0.00495,0.00053,-3E-05,-0.19183,-71.85728,0.25507,1.0623,-0.42954,0.12288,-0.0274,0.00418,-0.00031,,,,,,,,,,,,,,,,,,,,,,,High,High,High,High,High,,,
206,2025-08-31,15:55:01.33,4,1,"McAvene, Michael",686449,Right,LAN,"Sandoval, Pablo",467055,Left,STA_YAN,Undefined,6,Top,2,0,0,Undefined,Sinker,FoulBallNotFieldable,Undefined,Undefined,Undefined,0,0,,92.38397,-1.086357,-3.098298,2279.426928,228.116225,1:30,5.51087,1.82897,6.1938,-15.47284,17.25206,17.95883,3.21695,0.46238,83.46591,-4.075074,0.138315,0.411728,79.82646,10.798442,-176.872355,1515.540752,-109.32211,8.05452,-12.19147,150.04247,54.47574,-172.658176,1.535123,-10.29776,9.61382,-1.60456,50,5.4212,6.4997,-133.99532,-2.97004,-18.51064,32.00994,-14.89276,LAN,STA_YAN,ClipperMagazine,Independent,ATL,20250831-ClipperMagazine-1,61bed420-86a4-11f0-af34-87ea718ebaa4,91.5469,10.56413,,8.91806,,,,3.07178,3.27895,-0.45714,5b61ec32-66d2-41eb-a7be-f179224c2041,2025-08-31,19:55:01.33,2025-08-31T15:55:01.3342208-04:00,2025-08-31T19:55:01.3342208Z,LineDrive,v3,1889,586,,"Campagna, Joe",690523,Right,LAN,c268f6a1-e381-4c1e-8702-15fca11dccb1,54.30467,-135.01974,16.00497,5.50862,-2.49342,-7.44638,-1.82205,7.0921,-9.25532,257.655602,3.07178,-114.83412,12.73978,-2.04486,0.40769,-0.07346,0.01343,-0.0022,0.0002,3.27895,21.93522,-17.30325,1.33172,-0.2445,0.05347,-0.00866,0.0013,-0.00013,-0.45714,-6.27476,-4.87468,0.87883,-0.17991,0.0335,-0.00603,0.00096,-9E-05,,,,,,,,,,,,,,,,,,,,,,,High,High,High,High,Low,,,
207,2025-08-31,15:55:21.50,4,2,"McAvene, Michael",686449,Right,LAN,"Sandoval, Pablo",467055,Left,STA_YAN,Undefined,6,Top,2,0,1,Undefined,Four-Seam,FoulBallNotFieldable,Undefined,Undefined,Undefined,0,0,,91.99542,-1.852629,-3.321784,2344.787411,220.912389,1:15,5.55689,1.70671,6.02419,-15.76981,17.08741,13.90985,2.52341,-0.2141,84.16385,-4.857625,-0.824052,0.41256,73.83955,49.41254,-147.727979,3533.146959,,,,,55.97122,,,-8.11575,9.63394,-1.45433,50,5.40313,7.16471,-133.47367,-4.78994,-14.66626,28.25694,-14.76418,LAN,STA_YAN,ClipperMagazine,Independent,ATL,20250831-ClipperMagazine-1,6dc59830-86a4-11f0-af34-87ea718ebaa4,91.36239,52.8932,,7.83156,,,,2.52792,2.81575,0.17394,5b61ec32-66d2-41eb-a7be-f179224c2041,2025-08-31,19:55:21.50,2025-08-31T15:55:21.5072768-04:00,2025-08-31T19:55:21.5072768Z,,v3,1889,586,,"Campagna, Joe",690523,Right,LAN,2fd0047c-5944-4d2b-97e2-fa709b79738f,54.47556,-134.41783,14.12847,5.55493,-4.29662,-7.38209,-1.70191,7.65476,-7.33313,6.819388,2.52793,-59.57507,0.36986,-0.16098,0.07346,-0.1036,0.14193,-0.10637,0.03168,2.81575,82.24315,-29.72386,3.912,-1.25417,1.34348,-1.78083,1.32132,-0.38912,0.17394,-37.62088,1.79637,0.96333,-0.59427,0.88183,-1.19856,0.90221,-0.27084,,,,,,,,,,,,,,,,,,,,,,,High,High,High,High,Undefined,,,
208,2025-08-31,15:55:49.36,4,3,"McAvene, Michael",686449,Right,LAN,"Sandoval, Pablo",467055,Left,STA_YAN,Undefined,6,Top,2,0,2,Undefined,Four-Seam,FoulBallNotFieldable,Undefined,Undefined,Undefined,0,0,,93.56418,-0.496474,-3.307616,2281.381937,217.444214,1:15,5.59415,1.6875,5.76383,-14.28646,17.86166,12.88753,3.94076,-0.32039,85.20839,-3.230662,-1.005461,0.408084,80.94052,12.067721,179.831427,1507.897818,-109.95943,8.28579,-2.98643,146.81861,54.99217,-177.786579,1.438003,-7.55914,9.57961,-1.42164,50,5.54459,7.27646,-135.72275,-1.61262,-14.08113,30.07371,-14.32917,LAN,STA_YAN,ClipperMagazine,Independent,ATL,20250831-ClipperMagazine-1,7e525990-86a4-11f0-af34-87ea718ebaa4,92.36447,11.58617,,8.35579,,,,2.77509,4.01546,0.28966,5b61ec32-66d2-41eb-a7be-f179224c2041,2025-08-31,19:55:49.36,2025-08-31T15:55:49.3645824-04:00,2025-08-31T19:55:49.3645824Z,LineDrive,v3,1889,586,,"Campagna, Joe",690523,Right,LAN,990b4b72-2974-4f03-871f-88edf1457fc2,54.73569,-136.76807,15.03685,5.59198,-1.11456,-7.16458,-1.68307,7.7659,-7.04057,310.348688,2.77509,-116.08865,9.76692,-1.24862,0.27765,-0.04512,0.00861,-0.00162,0.00014,4.01546,24.81896,-21.38234,1.91339,-0.3667,0.07739,-0.0123,0.00201,-0.00022,0.28966,0.34155,-3.80184,0.61141,-0.12085,0.02214,-0.00394,0.00072,-7E-05,,,,,,,,,,,,,,,,,,,,,,,High,High,High,High,Low,,,
209,2025-08-31,15:56:12.86,4,4,"McAvene, Michael",686449,Right,LAN,"Sandoval, Pablo",467055,Left,STA_YAN,Undefined,6,Top,2,0,2,Undefined,Slider,StrikeCalled,Strikeout,Undefined,Undefined,0,0,,82.57964,0.922567,-1.203269,2730.721843,61.524082,8:00,5.28657,1.92218,5.41885,-46.45109,-4.21386,-10.47642,2.28011,-0.07816,74.91092,-7.562558,-3.068361,0.467756,,,,,,,,,,,,4.85382,-1.92996,-1.80794,50,5.33652,2.95873,-119.73171,0.24238,6.94599,26.17835,-34.93589,LAN,STA_YAN,ClipperMagazine,Independent,ATL,20250831-ClipperMagazine-1,8c6652c0-86a4-11f0-af34-87ea718ebaa4,80.58145,,,7.66873,,,,,,,5b61ec32-66d2-41eb-a7be-f179224c2041,2025-08-31,19:56:12.86,2025-08-31T15:56:12.8691200-04:00,2025-08-31T19:56:12.8691200Z,,v3,1889,586,,"Campagna, Joe",690523,Right,LAN,7707cdb6-a192-42d1-8eb5-b2952405aead,55.0786,-120.837,13.08917,5.29514,1.71743,-17.46795,-1.92667,2.66546,3.473,,,,,,,,,,,,,,,,,,,,,,,,,,,,,,,,,,,,,,,,,,,,,,,,,,,High,High,High,,,,,
210,2025-08-31,15:58:31.37,1,1,"Meeker, James",703231,Right,STA_YAN,"Amaral, Daniel",663610,Right,LAN,Undefined,6,Bottom,0,0,0,Undefined,Sinker,InPlay,Undefined,Popup,Out,1,0,,92.04063,-1.71489,-1.843919,2381.91277,226.239793,1:30,6.00624,1.67888,5.62168,-16.67166,16.84808,16.41237,3.01532,1.32526,83.62046,-4.875267,1.086434,0.416698,49.78018,50.478974,-8.168535,4840.123561,,,,119.38848,116.26431,-7.388766,3.644173,-8.89638,9.38993,-1.5326,50,5.84952,3.56248,-133.50736,-4.53102,-15.95624,30.42636,-15.33258,LAN,STA_YAN,ClipperMagazine,Independent,ATL,20250831-ClipperMagazine-1,deeedd00-86a4-11f0-af34-87ea718ebaa4,90.45502,50.41236,,8.42016,,,,1.19947,3.04708,-1.32802,5b61ec32-66d2-41eb-a7be-f179224c2041,2025-08-31,19:58:31.37,2025-08-31T15:58:31.3797120-04:00,2025-08-31T19:58:31.3797120Z,Popup,v3,1889,586,,"Espinosa, Albert",1000115232,Right,STA_YAN,b8d7c028-69d8-4a7e-a22a-d8aaf07a298a,54.87677,-134.61419,15.21318,6.00421,-3.97326,-7.66629,-1.67274,4.14292,-7.97812,179.646442,1.20038,45.95915,-8.41219,1.96684,0.05302,-0.27621,0.10953,-0.01874,0.00122,3.04629,56.34261,-18.24234,1.2328,-0.32662,0.07353,0.00159,-0.00389,0.00045,-1.3282,-6.59576,1.14953,-0.07083,-0.08391,0.05175,-0.01436,0.00193,-0.0001,,,,,,,,,,,,,,,,,,,,,,,High,High,High,High,High,,,
211,2025-08-31,15:59:04.41,2,1,"Meeker, James",703231,Right,STA_YAN,"Watson, Kevin",675982,Left,LAN,Undefined,6,Bottom,1,0,0,Undefined,Four-Seam,StrikeCalled,Undefined,Undefined,Undefined,0,0,,91.33386,-2.204532,-3.227368,2365.231455,220.259447,1:15,6.00861,1.72907,5.68213,-16.63001,17.40422,13.75831,2.56358,-0.13593,82.98648,-5.361482,-0.772078,0.419884,,,,,,,,,,,,-7.89052,9.80812,-1.46567,50,5.81234,6.83736,-132.28944,-5.61186,-13.91455,29.50791,-14.87786,LAN,STA_YAN,ClipperMagazine,Independent,ATL,20250831-ClipperMagazine-1,f29fc1c0-86a4-11f0-af34-87ea718ebaa4,89.76871,,,8.34738,,,,,,,5b61ec32-66d2-41eb-a7be-f179224c2041,2025-08-31,19:59:04.41,2025-08-31T15:59:04.4125184-04:00,2025-08-31T19:59:04.4125184Z,,v3,1889,586,,"Espinosa, Albert",1000115232,Right,STA_YAN,8f20e47e-03db-4e45-bbaa-c6d425038ee3,54.81454,-133.35902,14.75396,6.00598,-5.07258,-7.43893,-1.72265,7.34172,-6.95728,,,,,,,,,,,,,,,,,,,,,,,,,,,,,,,,,,,,,,,,,,,,,,,,,,,High,High,High,,,,,
212,2025-08-31,15:59:18.44,2,2,"Meeker, James",703231,Right,STA_YAN,"Watson, Kevin",675982,Left,LAN,Undefined,6,Bottom,1,0,1,Undefined,Four-Seam,StrikeCalled,Undefined,Undefined,Undefined,0,0,,92.31833,-2.617079,-3.348703,2392.071847,217.403923,1:15,6.09993,1.57173,5.57514,-13.77603,19.77903,14.22611,2.50169,-0.37403,83.63167,-5.263405,-0.815885,0.416918,,,,,,,,,,,,-8.15504,11.10465,-1.2926,50,5.86542,7.1575,-133.60379,-6.51345,-14.63304,30.73851,-12.24836,LAN,STA_YAN,ClipperMagazine,Independent,ATL,20250831-ClipperMagazine-1,fafb3110-86a4-11f0-af34-87ea718ebaa4,90.40737,,,8.68665,,,,,,,5b61ec32-66d2-41eb-a7be-f179224c2041,2025-08-31,19:59:18.44,2025-08-31T15:59:18.4403456-04:00,2025-08-31T19:59:18.4403456Z,,v3,1889,586,,"Espinosa, Albert",1000115232,Right,STA_YAN,9ade882b-b55d-4a5e-9a69-0fc8ba69d181,54.92126,-134.73128,15.36926,6.09609,-6.06417,-6.12418,-1.56498,7.69424,-7.31652,,,,,,,,,,,,,,,,,,,,,,,,,,,,,,,,,,,,,,,,,,,,,,,,,,,High,High,High,,,,,
213,2025-08-31,15:59:40.34,2,3,"Meeker, James",703231,Right,STA_YAN,"Watson, Kevin",675982,Left,LAN,Undefined,6,Bottom,1,0,2,Undefined,Curveball,BallCalled,Undefined,Undefined,Undefined,0,0,,80.43551,-0.529148,-1.164196,2412.631321,23.17038,6:45,5.87477,1.76098,5.52824,-55.43948,-11.68827,-5.56855,0.76004,0.20847,74.43083,-10.553339,-2.160739,0.476065,,,,,,,,,,,,2.49815,-5.40607,-1.65598,50,5.79142,2.59307,-116.88458,-3.0231,3.44911,22.44171,-39.63797,LAN,STA_YAN,ClipperMagazine,Independent,ATL,20250831-ClipperMagazine-1,08122ca0-86a5-11f0-af34-87ea718ebaa4,79.17495,,,6.00468,,,,,,,5b61ec32-66d2-41eb-a7be-f179224c2041,2025-08-31,19:59:40.34,2025-08-31T15:59:40.3423744-04:00,2025-08-31T19:59:40.3423744Z,,v3,1889,586,,"Espinosa, Albert",1000115232,Right,STA_YAN,bb15dd7a-ce7f-4a71-bf76-93050ef5ccb1,54.97407,-117.83572,11.22086,5.88395,-1.34312,-19.81898,-1.76278,2.44689,1.72456,,,,,,,,,,,,,,,,,,,,,,,,,,,,,,,,,,,,,,,,,,,,,,,,,,,High,High,High,,,,,
214,2025-08-31,16:00:01.29,2,4,"Meeker, James",703231,Right,STA_YAN,"Watson, Kevin",675982,Left,LAN,Undefined,6,Bottom,1,1,2,Undefined,Four-Seam,BallCalled,Undefined,Undefined,Undefined,0,0,,91.77539,-0.260699,-1.792354,2396.099654,219.23665,1:15,6.01729,1.66495,5.74967,-17.93426,15.38032,11.7067,4.27995,0.97136,83.79873,-3.648667,0.302206,0.415421,,,,,,,,,,,,-6.39713,8.2002,-1.52304,50,5.98469,3.63817,-133.24841,-1.17865,-11.51541,28.304,-17.41299,LAN,STA_YAN,ClipperMagazine,Independent,ATL,20250831-ClipperMagazine-1,1495c1d0-86a5-11f0-af34-87ea718ebaa4,90.73308,,,7.97666,,,,,,,5b61ec32-66d2-41eb-a7be-f179224c2041,2025-08-31,20:00:01.29,2025-08-31T16:00:01.2990976-04:00,2025-08-31T20:00:01.2990976Z,,v3,1889,586,,"Espinosa, Albert",1000115232,Right,STA_YAN,dbe6e051-3d2f-4523-9d5f-5e538782c74f,54.7468,-134.25292,14.152,6.01555,-0.56067,-8.7065,-1.65941,4.04685,-5.75771,,,,,,,,,,,,,,,,,,,,,,,,,,,,,,,,,,,,,,,,,,,,,,,,,,,High,High,High,,,,,
215,2025-08-31,16:00:17.45,2,5,"Meeker, James",703231,Right,STA_YAN,"Watson, Kevin",675982,Left,LAN,Undefined,6,Bottom,1,2,2,Undefined,Four-Seam,InPlay,Undefined,FlyBall,Out,1,0,,90.95017,-2.595656,-2.773425,2196.352888,218.095801,1:15,5.98758,1.68406,5.57364,-18.8495,15.42658,11.2267,1.98786,0.02713,83.18501,-6.124222,-0.772406,0.421373,99.52806,38.076911,2.490559,3801.469754,109.99812,83.92481,0.55284,333.66747,325.1433,-0.11336,6.015743,-6.4804,8.86969,-1.45279,50,5.75158,5.89049,-131.82333,-6.61188,-11.40448,27.99191,-16.56481,LAN,STA_YAN,ClipperMagazine,Independent,ATL,20250831-ClipperMagazine-1,1e2a9b80-86a5-11f0-af34-87ea718ebaa4,89.45139,119.994,,7.76516,,,,1.99838,2.18277,-0.03179,5b61ec32-66d2-41eb-a7be-f179224c2041,2025-08-31,20:00:17.45,2025-08-31T16:00:17.4575616-04:00,2025-08-31T20:00:17.4575616Z,FlyBall,v3,1889,586,,"Espinosa, Albert",1000115232,Right,STA_YAN,d86e1f66-0b6c-4734-826e-1215a0995a4a,54.92512,-132.86503,13.99595,5.98617,-5.99543,-8.28241,-1.67989,6.3149,-5.70224,164.24615,2.0135,114.51624,-26.62281,5.5801,-0.35129,-0.21707,0.07025,-0.00841,0.00037,2.16811,90.26081,-20.12741,1.65196,-0.42438,0.10212,-0.01041,1E-05,4E-05,-0.02439,4.86515,-5.96447,2.48655,-0.52124,0.04829,0.00073,-0.00042,2E-05,,,,,,,,,,,,,,,,,,,,,,,High,High,High,High,Medium,,,
216,2025-08-31,16:00:52.18,3,1,"Meeker, James",703231,Right,STA_YAN,"Coca, Yeison",665883,Left,LAN,Undefined,6,Bottom,2,0,0,Undefined,Slider,StrikeSwinging,Undefined,Undefined,Undefined,0,0,,85.15541,-2.284176,-2.714956,2345.185441,157.087746,11:15,5.89371,1.72588,5.71412,-30.99856,7.73933,-2.77634,1.17909,-1.03657,78.60198,-7.971078,-3.211299,0.44796,,,,,,,,,,,,0.69476,4.90244,-1.49686,50,5.68308,5.96934,-123.52786,-5.97692,1.07741,23.7672,-24.57145,LAN,STA_YAN,ClipperMagazine,Independent,ATL,20250831-ClipperMagazine-1,32dbd940-86a5-11f0-af34-87ea718ebaa4,84.14236,,,6.55344,,,,,,,5b61ec32-66d2-41eb-a7be-f179224c2041,2025-08-31,20:00:52.18,2025-08-31T16:00:52.1894912-04:00,2025-08-31T20:00:52.1894912Z,,v3,1889,586,,"Espinosa, Albert",1000115232,Right,STA_YAN,f71fe7c4-8818-4113-a769-aaf131ba2de5,54.78497,-124.4451,11.8836,5.89544,-5.02864,-12.28573,-1.72643,5.92776,0.5387,,,,,,,,,,,,,,,,,,,,,,,,,,,,,,,,,,,,,,,,,,,,,,,,,,,High,High,High,,,,,
217,2025-08-31,16:01:06.62,3,2,"Meeker, James",703231,Right,STA_YAN,"Coca, Yeison",665883,Left,LAN,Undefined,6,Bottom,2,0,1,Undefined,Four-Seam,InPlay,Undefined,Bunt,Out,1,0,,91.12112,-1.21826,-3.365219,2373.480043,213.663015,1:00,5.93229,1.75898,5.72198,-17.11721,16.93942,10.53044,3.36899,-0.50159,82.88817,-4.465297,-1.485741,0.420022,36.71052,5.682799,-35.621218,1724.666556,,,,38.62788,38.09942,-34.483028,0.710418,-6.37158,9.32319,-1.48447,50,5.82007,7.31081,-132.08918,-3.3495,-11.21318,29.1569,-15.76634,LAN,STA_YAN,ClipperMagazine,Independent,ATL,20250831-ClipperMagazine-1,3b69ca40-86a5-11f0-af34-87ea718ebaa4,89.73916,4.02677,,8.23295,,,,2.92284,3.54799,0.43262,5b61ec32-66d2-41eb-a7be-f179224c2041,2025-08-31,20:01:06.62,2025-08-31T16:01:06.6250752-04:00,2025-08-31T20:01:06.6250752Z,GroundBall,v3,1889,586,,"Espinosa, Albert",1000115232,Right,STA_YAN,a3f208e0-27bd-4bc5-bd77-98126f75bd6e,54.77673,-133.13941,14.57845,5.93049,-2.7816,-7.88317,-1.75507,7.71471,-5.60659,116.807798,2.92284,43.55211,-4.39991,0.59424,0.24428,-1.33757,2.56603,-2.51317,0.99816,3.54799,5.33158,-14.89921,0.54814,-0.25293,0.82641,-1.51647,1.48149,-0.58797,0.43262,-31.20475,-0.2715,0.03213,-0.04524,0.04735,-0.08309,0.08087,-0.032,,,,,,,,,,,,,,,,,,,,,,,High,High,High,High,High,,,
218,2025-08-31,16:03:56.60,1,1,"Sullivan, Billy",676907,Right,LAN,"Maggi, Drew",543482,Right,STA_YAN,Undefined,7,Top,0,0,0,Undefined,Four-Seam,StrikeCalled,Undefined,Undefined,Undefined,0,0,,94.00825,-2.254941,-2.55604,2258.170818,217.761683,1:15,5.0576,1.88545,6.98485,-12.19977,18.33422,13.40268,1.98721,0.67634,85.38468,-4.663773,-0.102721,0.397707,,,,,,,,,,,,-7.86745,10.73784,-1.73164,50,4.91388,5.57237,-136.52943,-5.62063,-14.7453,32.03721,-12.04897,LAN,STA_YAN,ClipperMagazine,Independent,ATL,20250831-ClipperMagazine-1,a0c92cf0-86a5-11f0-af34-87ea718ebaa4,94.7744,,,8.62358,,,,,,,5b61ec32-66d2-41eb-a7be-f179224c2041,2025-08-31,20:03:56.60,2025-08-31T16:03:56.6048256-04:00,2025-08-31T20:03:56.6048256Z,,v3,1889,586,,"Campagna, Joe",690523,Right,LAN,083fe193-db52-4b78-871a-217da7a325ff,53.51242,-137.35116,16.0186,5.05408,-5.31159,-6.02449,-1.87942,5.95057,-7.37265,,,,,,,,,,,,,,,,,,,,,,,,,,,,,,,,,,,,,,,,,,,,,,,,,,,High,High,High,,,,,
219,2025-08-31,16:04:12.80,1,2,"Sullivan, Billy",676907,Right,LAN,"Maggi, Drew",543482,Right,STA_YAN,Undefined,7,Top,0,0,1,Undefined,Slider,BallCalled,Undefined,Undefined,Undefined,0,0,,80.19737,0.723393,-3.507687,2549.710156,68.30549,8:15,4.66558,2.17972,6.51775,-44.79581,-2.28272,-8.96532,1.59762,-1.78989,73.84016,-7.583973,-5.130939,0.469281,,,,,,,,,,,,3.69992,-0.97937,-1.93176,50,4.69724,7.45065,-116.45981,0.16443,5.07309,22.20482,-33.5169,LAN,STA_YAN,ClipperMagazine,Independent,ATL,20250831-ClipperMagazine-1,aa7d9c90-86a5-11f0-af34-87ea718ebaa4,80.3196,,,6.35721,,,,,,,5b61ec32-66d2-41eb-a7be-f179224c2041,2025-08-31,20:04:12.80,2025-08-31T16:04:12.8086528-04:00,2025-08-31T20:04:12.8086528Z,,v3,1889,586,,"Campagna, Joe",690523,Right,LAN,672b55f4-09be-4960-9253-9f1941fa0eeb,53.98191,-117.21657,11.10241,4.67217,1.3067,-16.75845,-2.18273,7.27775,2.53655,,,,,,,,,,,,,,,,,,,,,,,,,,,,,,,,,,,,,,,,,,,,,,,,,,,High,High,High,,,,,
220,2025-08-31,16:04:28.34,1,3,"Sullivan, Billy",676907,Right,LAN,"Maggi, Drew",543482,Right,STA_YAN,Undefined,7,Top,0,1,1,Undefined,Slider,FoulBallNotFieldable,Undefined,Undefined,Undefined,0,0,,80.98117,0.521345,-0.918447,2429.413852,65.996972,8:15,4.66759,2.17954,6.62847,-44.14428,-2.725,-8.99638,1.46633,0.58883,74.4031,-7.702429,-2.557703,0.463204,85.5424,21.960046,-45.554963,2963.893177,72.28095,33.92019,-82.9184,284.40984,184.23811,-56.040065,3.448502,4.51185,-1.2615,-2.11385,50,4.68493,2.19132,-117.83649,-0.18992,6.32028,23.16817,-33.94115,LAN,STA_YAN,ClipperMagazine,Independent,ATL,20250831-ClipperMagazine-1,b3b67390-86a5-11f0-af34-87ea718ebaa4,81.37325,38.01883,,6.57807,,,,2.87903,1.95625,-0.94264,5b61ec32-66d2-41eb-a7be-f179224c2041,2025-08-31,20:04:28.34,2025-08-31T16:04:28.3452416-04:00,2025-08-31T20:04:28.3452416Z,LineDrive,v3,1889,586,,"Campagna, Joe",690523,Right,LAN,defea04f-c9d4-4b28-9632-948228d71153,53.87243,-118.59541,11.58409,4.67294,0.9219,-16.97058,-2.18224,1.98428,3.16014,,2.8794,81.46777,-18.39827,4.30536,-0.98822,0.21478,-0.05646,0.01164,-0.00101,1.95619,46.91725,-16.765,1.01265,0.05698,-0.13271,0.06771,-0.01523,0.00126,-0.9428,-83.06806,4.95578,0.18458,-0.24581,0.05397,0.00351,-0.00364,0.00043,,,,,,,,,,,,,,,,,,,,,,,High,High,High,Medium,Medium,,,
221,2025-08-31,16:04:53.66,1,4,"Sullivan, Billy",676907,Right,LAN,"Maggi, Drew",543482,Right,STA_YAN,Undefined,7,Top,0,1,2,Undefined,Four-Seam,StrikeSwinging,Strikeout,Undefined,Undefined,0,0,,94.11813,-1.637111,-2.823141,2288.208998,210.647587,1:00,5.15127,1.68287,6.88459,-12.34902,18.66651,10.36095,2.62832,-0.0281,84.2519,-4.100183,-0.931308,0.400831,,,,,,,,,,,,-6.3865,10.75008,-1.50684,50,5.04234,6.30163,-136.47104,-4.13394,-11.78692,36.01894,-12.33377,LAN,STA_YAN,ClipperMagazine,Independent,ATL,20250831-ClipperMagazine-1,c2c87bd0-86a5-11f0-af34-87ea718ebaa4,94.03579,,,9.86622,,,,,,,5b61ec32-66d2-41eb-a7be-f179224c2041,2025-08-31,20:04:53.66,2025-08-31T16:04:53.6630000-04:00,2025-08-31T20:04:53.6630000Z,,v3,1889,586,,"Campagna, Joe",690523,Right,LAN,40bf134b-85cc-452b-a81f-ae54f7f294c3,53.60886,-137.42022,18.00947,5.14699,-3.80891,-6.16688,-1.677,6.61224,-5.89346,,,,,,,,,,,,,,,,,,,,,,,,,,,,,57.57188,,,1.261328,,,,-3.68657,5.62785,3.5469,81.15953,4.80849,43.62429,-3.57997,73.75546,-5.21283,5.68526,16.2496,-13.43401,3.59752,34.85233,-2.4733,High,High,High,,,High,High,High
222,2025-08-31,16:05:41.43,2,1,"Sullivan, Billy",676907,Right,LAN,"Rodriguez, Cristhian",682725,Left,STA_YAN,Undefined,7,Top,1,0,0,Undefined,Sinker,StrikeCalled,Undefined,Undefined,Undefined,0,0,,93.29418,-0.405982,-3.330208,2048.015001,227.854508,1:30,5.03414,1.89424,6.90737,-16.66796,14.533,14.86839,3.27476,0.09687,84.34265,-3.64356,-0.615366,0.402027,,,,,,,,,,,,-8.86028,8.1515,-1.68873,50,5.00226,7.28964,-135.4345,-1.36878,-16.28432,32.47259,-17.19237,LAN,STA_YAN,ClipperMagazine,Independent,ATL,20250831-ClipperMagazine-1,df49ffe0-86a5-11f0-af34-87ea718ebaa4,93.75597,,,8.95154,,,,,,,5b61ec32-66d2-41eb-a7be-f179224c2041,2025-08-31,20:05:41.43,2025-08-31T16:05:41.4305792-04:00,2025-08-31T20:05:41.4305792Z,,v3,1889,586,,"Campagna, Joe",690523,Right,LAN,01e0b250-b29f-4220-b111-8be5ca3c63ef,53.58906,-136.29231,16.23629,5.03242,-0.91462,-8.59618,-1.88698,7.71981,-8.14216,,,,,,,,,,,,,,,,,,,,,,,,,,,,,,,,,,,,,,,,,,,,,,,,,,,High,High,High,,,,,
223,2025-08-31,16:05:58.01,2,2,"Sullivan, Billy",676907,Right,LAN,"Rodriguez, Cristhian",682725,Left,STA_YAN,Undefined,7,Top,1,0,1,Undefined,Four-Seam,BallCalled,Undefined,Undefined,Undefined,0,0,,95.36373,-0.275778,-2.279728,2289.026072,221.109303,1:15,5.08681,1.84611,7.09331,-13.0415,16.59776,13.58765,3.74955,0.90846,86.09612,-2.85463,0.213088,0.391837,,,,,,,,,,,,-7.90729,9.23843,-1.713,50,5.06537,4.97528,-138.58032,-0.92964,-15.18903,34.50135,-14.42801,LAN,STA_YAN,ClipperMagazine,Independent,ATL,20250831-ClipperMagazine-1,e92fdfc0-86a5-11f0-af34-87ea718ebaa4,96.19429,,,9.2676,,,,,,,5b61ec32-66d2-41eb-a7be-f179224c2041,2025-08-31,20:05:58.01,2025-08-31T16:05:58.0127232-04:00,2025-08-31T20:05:58.0127232Z,,v3,1889,586,,"Campagna, Joe",690523,Right,LAN,3495a843-3f88-49ba-a51f-b97281b2f06e,53.40246,-139.42483,17.25067,5.0838,-0.57647,-7.21401,-1.83933,5.34707,-7.59451,,,,,,,,,,,,,,,,,,,,,,,,,,,,,,,,,,,,,,,,,,,,,,,,,,,High,High,High,,,,,
224,2025-08-31,16:06:18.18,2,3,"Sullivan, Billy",676907,Right,LAN,"Rodriguez, Cristhian",682725,Left,STA_YAN,Undefined,7,Top,1,1,1,Undefined,Changeup,FoulBallNotFieldable,Undefined,Undefined,Undefined,0,0,,82.92456,1.042929,-2.58865,2066.815472,278.51217,3:15,4.55348,2.03547,7.45385,-40.27006,-1.49744,19.10792,2.13861,1.29328,75.01916,-6.628261,0.944634,0.448161,65.79492,57.397681,-126.531511,4763.118723,,,,,42.49715,,,-11.26182,-0.78177,-1.90071,50,4.59991,4.86039,-120.60503,1.20699,-16.29962,27.25236,-33.30551,LAN,STA_YAN,ClipperMagazine,Independent,ATL,20250831-ClipperMagazine-1,f5334870-86a5-11f0-af34-87ea718ebaa4,84.10472,52.56345,,7.90539,,,,2.37939,2.19638,-1.17227,5b61ec32-66d2-41eb-a7be-f179224c2041,2025-08-31,20:06:18.18,2025-08-31T16:06:18.1897728-04:00,2025-08-31T20:06:18.1897728Z,,v3,1889,586,,"Campagna, Joe",690523,Right,LAN,88e7c390-2ffd-47b4-9f05-d0ea6b1e70c2,53.04622,-121.29141,13.62618,4.55895,2.04583,-16.65276,-2.02829,5.27091,-8.14981,23.281764,2.3794,-30.95107,-4.00316,1.65988,0.63188,-2.88359,4.17549,-2.91541,0.80007,2.19639,81.29332,-28.39381,3.38916,-0.10285,-1.49994,2.21952,-1.52498,0.41037,-1.17227,-41.7789,4.4173,-0.48253,0.11532,-0.22287,0.33792,-0.25008,0.07258,,,,,,,,,,,,,,,,,,,,,,,High,High,High,High,Undefined,,,
225,2025-08-31,16:06:40.83,2,4,"Sullivan, Billy",676907,Right,LAN,"Rodriguez, Cristhian",682725,Left,STA_YAN,Undefined,7,Top,1,1,2,Undefined,Sinker,BallCalled,Undefined,Undefined,Undefined,0,0,,95.14499,-0.946202,-1.868185,2345.952913,230.400308,1:45,5.02203,1.78759,7.01948,-15.50765,13.99879,15.81328,2.86929,1.40696,87.00094,-3.947307,1.030652,0.390958,,,,,,,,,,,,-8.90075,8.0102,-1.6776,50,4.95873,3.89535,-138.42652,-2.66679,-17.27067,30.89685,-16.63137,LAN,STA_YAN,ClipperMagazine,Independent,ATL,20250831-ClipperMagazine-1,02a1b2d0-86a6-11f0-af34-87ea718ebaa4,96.41052,,,8.14404,,,,,,,5b61ec32-66d2-41eb-a7be-f179224c2041,2025-08-31,20:06:40.83,2025-08-31T16:06:40.8313344-04:00,2025-08-31T20:06:40.8313344Z,,v3,1889,586,,"Campagna, Joe",690523,Right,LAN,0998fe03-87ef-46f6-b7d5-3430bb3c24c5,53.4787,-139.2008,15.44843,5.02034,-2.25001,-8.31569,-1.78064,4.32816,-8.63533,,,,,,,,,,,,,,,,,,,,,,,,,,,,,,,,,,,,,,,,,,,,,,,,,,,High,High,High,,,,,
226,2025-08-31,16:07:00.05,2,5,"Sullivan, Billy",676907,Right,LAN,"Rodriguez, Cristhian",682725,Left,STA_YAN,Undefined,7,Top,1,2,2,Undefined,Four-Seam,BallCalled,Undefined,Undefined,Undefined,0,0,,95.31047,0.500331,-3.411869,2350.859898,225.270613,1:30,5.10829,1.87485,6.76515,-13.81654,16.18489,15.3193,4.41466,0.03194,86.22062,-2.201108,-0.623129,0.394223,,,,,,,,,,,,-9.04544,8.67363,-1.65636,50,5.13515,7.61079,-138.34132,0.88709,-17.38999,33.15775,-15.49888,LAN,STA_YAN,ClipperMagazine,Independent,ATL,20250831-ClipperMagazine-1,0e1d9c00-86a6-11f0-af34-87ea718ebaa4,95.61191,,,9.08986,,,,,,,5b61ec32-66d2-41eb-a7be-f179224c2041,2025-08-31,20:07:00.05,2025-08-31T16:07:00.0592896-04:00,2025-08-31T20:07:00.0592896Z,,v3,1889,586,,"Campagna, Joe",690523,Right,LAN,bcf3651f-2215-4772-827a-1cdfca83433a,53.73141,-139.2328,16.57888,5.1057,1.30379,-7.74944,-1.86726,8.07833,-8.69499,,,,,,,,,,,,,,,,,,,,,,,,,,,,,,,,,,,,,,,,,,,,,,,,,,,High,High,High,,,,,
227,2025-08-31,16:07:21.52,2,6,"Sullivan, Billy",676907,Right,LAN,"Rodriguez, Cristhian",682725,Left,STA_YAN,Undefined,7,Top,1,3,2,Undefined,Four-Seam,BallCalled,Walk,Undefined,Undefined,0,0,,94.69624,-2.049712,-4.057738,2284.519177,228.161659,1:30,4.94389,1.81619,6.92123,-17.53036,12.66292,13.02131,1.61126,-0.79949,86.18304,-5.419883,-1.682002,0.395482,,,,,,,,,,,,-8.08532,7.6378,-1.56546,50,4.80883,9.23147,-137.35175,-5.38947,-15.36739,31.86068,-17.65722,LAN,STA_YAN,ClipperMagazine,Independent,ATL,20250831-ClipperMagazine-1,1afc7090-86a6-11f0-af34-87ea718ebaa4,95.3076,,,8.51321,,,,,,,5b61ec32-66d2-41eb-a7be-f179224c2041,2025-08-31,20:07:21.52,2025-08-31T16:07:21.5231488-04:00,2025-08-31T20:07:21.5231488Z,,v3,1889,586,,"Campagna, Joe",690523,Right,LAN,98946e09-4e5b-4549-8ae2-6be461c8ba6b,53.57651,-138.17888,15.93034,4.94279,-4.93107,-8.82861,-1.8103,9.63042,-7.68369,,,,,,,,,,,,,,,,,,,,,,,,,,,,,,,,,,,,,,,,,,,,,,,,,,,High,High,High,,,,,
228,2025-08-31,16:07:58.78,3,1,"Sullivan, Billy",676907,Right,LAN,"Osuna, Alberto",700647,Right,STA_YAN,Undefined,7,Top,1,0,0,Undefined,Changeup,StrikeCalled,Undefined,Undefined,Undefined,0,0,,82.45874,0.837825,-3.964968,2068.318002,272.40249,3:00,4.48252,2.13035,7.44873,-38.4188,0.48217,18.4391,2.03795,0.08759,75.28075,-6.463827,-0.562926,0.448902,,,,,,,,,,,,-11.10615,0.44472,-1.92094,50,4.51881,7.7243,-119.84271,0.81346,-16.07155,24.23782,-31.53047,LAN,STA_YAN,ClipperMagazine,Independent,ATL,20250831-ClipperMagazine-1,311f3fb0-86a6-11f0-af34-87ea718ebaa4,83.96585,,,7.17799,,,,,,,5b61ec32-66d2-41eb-a7be-f179224c2041,2025-08-31,20:07:58.78,2025-08-31T16:07:58.7803648-04:00,2025-08-31T20:07:58.7803648Z,,v3,1889,586,,"Campagna, Joe",690523,Right,LAN,967f1d47-e553-4f5d-a78e-ea1b1eabc256,53.0511,-120.45821,12.11891,4.48799,1.61414,-15.76524,-2.12227,8.13242,-8.03577,,,,,,,,,,,,,,,,,,,,,,,,,,,,,,,,,,,,,,,,,,,,,,,,,,,High,High,High,,,,,
229,2025-08-31,16:08:17.18,3,2,"Sullivan, Billy",676907,Right,LAN,"Osuna, Alberto",700647,Right,STA_YAN,Undefined,7,Top,1,0,1,Undefined,Sinker,BallCalled,Undefined,Undefined,Undefined,0,0,,93.75511,-2.349909,-3.125266,2052.885204,229.261412,1:45,5.01807,1.70299,6.92519,-18.20469,12.46048,13.3167,1.35717,-0.03548,85.65067,-5.837723,-0.690967,0.39856,,,,,,,,,,,,-7.96457,7.60579,-1.51125,50,4.86426,6.92137,-136.13909,-6.07722,-14.9121,30.54721,-17.93366,LAN,STA_YAN,ClipperMagazine,Independent,ATL,20250831-ClipperMagazine-1,3c107510-86a6-11f0-af34-87ea718ebaa4,94.57146,,,8.10444,,,,,,,5b61ec32-66d2-41eb-a7be-f179224c2041,2025-08-31,20:08:17.18,2025-08-31T16:08:17.1841536-04:00,2025-08-31T20:08:17.1841536Z,,v3,1889,586,,"Campagna, Joe",690523,Right,LAN,a3161e6f-7e7b-4c04-abc9-958867a23eb7,53.57328,-136.93852,15.27361,5.01716,-5.60789,-8.96683,-1.69749,7.31163,-7.45605,,,,,,,,,,,,,,,,,,,,,,,,,,,,,,,,,,,,,,,,,,,,,,,,,,,High,High,High,,,,,
230,2025-08-31,16:08:35.03,3,3,"Sullivan, Billy",676907,Right,LAN,"Osuna, Alberto",700647,Right,STA_YAN,Undefined,7,Top,1,1,1,Undefined,Changeup,StrikeCalled,Undefined,Undefined,Undefined,0,0,,83.22707,0.517662,-2.886061,2071.305809,261.496296,2:45,4.5635,1.95839,7.52849,-33.99939,3.82,17.78249,2.19668,0.84087,76.33115,-5.967721,0.404678,0.442618,,,,,,,,,,,,-10.43969,2.32717,-1.81043,50,4.58304,5.55478,-121.14434,0.29366,-15.50916,23.73981,-28.7168,LAN,STA_YAN,ClipperMagazine,Independent,ATL,20250831-ClipperMagazine-1,46c19430-86a6-11f0-af34-87ea718ebaa4,85.15801,,,6.89592,,,,,,,5b61ec32-66d2-41eb-a7be-f179224c2041,2025-08-31,20:08:35.03,2025-08-31T16:08:35.0363136-04:00,2025-08-31T20:08:35.0363136Z,,v3,1889,586,,"Campagna, Joe",690523,Right,LAN,8acfa7b5-abc8-4129-99bc-445bee5b939d,52.97131,-121.72522,11.86991,4.56726,0.99631,-14.3584,-1.95099,5.93426,-7.75458,,,,,,,,,,,,,,,,,,,,,,,,,,,,,,,,,,,,,,,,,,,,,,,,,,,High,High,High,,,,,
231,2025-08-31,16:09:16.08,3,4,"Sullivan, Billy",676907,Right,LAN,"Osuna, Alberto",700647,Right,STA_YAN,Undefined,7,Top,1,1,2,Undefined,Slider,FoulBallNotFieldable,Undefined,Undefined,Undefined,0,0,,81.16984,0.566477,-1.728342,2574.660123,64.202991,8:15,4.72175,2.09656,6.50656,-45.15321,-4.11689,-10.8554,1.47912,-0.39471,75.37107,-7.787525,-3.700017,0.461058,,,,,,,,,,,,5.30548,-2.03394,-1.9712,50,4.74149,3.93127,-118.17035,-0.15699,7.55474,21.03845,-35.07025,LAN,STA_YAN,ClipperMagazine,Independent,ATL,20250831-ClipperMagazine-1,5f386570-86a6-11f0-af34-87ea718ebaa4,81.75207,,,5.79877,,,,,,,5b61ec32-66d2-41eb-a7be-f179224c2041,2025-08-31,20:09:16.08,2025-08-31T16:09:16.0836096-04:00,2025-08-31T20:09:16.0836096Z,,v3,1889,586,,"Campagna, Joe",690523,Right,LAN,f5f1d8b8-23c7-41ba-9445-d00bcd9d12f2,53.99593,-118.87964,10.51923,4.72685,1.02536,-17.53513,-2.09944,3.67657,3.77737,,,,,,,,,,,,,,,,,,,,,,,,,,,,,,,,,,,,,,,,,,,,,,,,,,,High,High,High,,,,,
232,2025-08-31,16:09:38.11,3,5,"Sullivan, Billy",676907,Right,LAN,"Osuna, Alberto",700647,Right,STA_YAN,Undefined,7,Top,1,1,2,Undefined,Slider,InPlay,Undefined,FlyBall,Out,1,0,,81.60583,1.256492,-1.811242,2375.850681,99.173803,9:15,4.58858,2.01772,6.8488,-37.90234,2.47768,-7.80949,2.57644,-0.28506,74.93352,-5.866895,-3.237218,0.457356,89.55304,27.34132,-18.99845,1756.944933,104.02601,50.57483,-35.75553,321.7376,316.69133,-20.369674,4.394354,3.66874,1.30284,-1.89946,50,4.65513,4.00993,-118.71927,1.58496,5.23281,22.8565,-30.31579,LAN,STA_YAN,ClipperMagazine,Independent,ATL,20250831-ClipperMagazine-1,6c52e370-86a6-11f0-af34-87ea718ebaa4,82.4137,64.33996,,6.67231,,,,2.49273,2.66808,0.22555,5b61ec32-66d2-41eb-a7be-f179224c2041,2025-08-31,20:09:38.11,2025-08-31T16:09:38.1171200-04:00,2025-08-31T20:09:38.1171200Z,FlyBall,v3,1889,586,,"Campagna, Joe",690523,Right,LAN,23fc104a-4d84-4be6-8736-4a9fd665d6a2,53.65135,-119.42017,11.42825,4.59228,2.51462,-15.1579,-2.01997,3.84946,2.6164,174.554308,2.49194,110.33591,-20.67119,5.12255,-1.25243,0.31493,-0.06568,0.00844,-0.00046,2.66932,60.29439,-15.55598,0.16055,0.32698,-0.17839,0.04814,-0.00645,0.00034,0.22581,-37.988,6.00642,-1.46212,0.35747,-0.09172,0.01955,-0.00254,0.00014,,,,,,,,,,,,,,,,,,,,,,,High,High,High,High,High,,,
233,2025-08-31,16:10:15.45,4,1,"Sullivan, Billy",676907,Right,LAN,"Espinosa, Albert",1000115232,Right,STA_YAN,Undefined,7,Top,2,0,0,Undefined,Four-Seam,StrikeSwinging,Undefined,Undefined,Undefined,0,0,,94.03541,-1.193148,-2.891854,2243.647769,208.145042,1:00,5.10342,1.68145,6.80237,-12.6719,17.99088,9.08477,2.95703,-0.20279,85.49986,-3.680576,-1.235996,0.398545,,,,,,,,,,,,-5.62772,10.15985,-1.49709,50,5.02078,6.53562,-136.57402,-3.12133,-10.57918,31.40615,-13.07527,LAN,STA_YAN,ClipperMagazine,Independent,ATL,20250831-ClipperMagazine-1,8292b070-86a6-11f0-af34-87ea718ebaa4,94.57518,,,8.53555,,,,,,,5b61ec32-66d2-41eb-a7be-f179224c2041,2025-08-31,20:10:15.45,2025-08-31T16:10:15.4556416-04:00,2025-08-31T20:10:15.4556416Z,,v3,1889,586,,"Campagna, Joe",690523,Right,LAN,d31ecb8c-406c-4e55-84bc-5a77aaaf0eb3,53.69459,-137.42099,15.70307,5.10021,-2.76871,-6.53763,-1.67719,6.82093,-5.28959,,,,,,,,,,,,,,,,,,,,,,,,,,,,,,,,,,,,,,,,,,,,,,,,,,,High,High,High,,,,,
234,2025-08-31,16:10:33.01,4,2,"Sullivan, Billy",676907,Right,LAN,"Espinosa, Albert",1000115232,Right,STA_YAN,Undefined,7,Top,2,0,1,Undefined,Four-Seam,StrikeCalled,Undefined,Undefined,Undefined,0,0,,94.20521,-0.897397,-3.480047,2313.90218,212.21827,1:00,5.1037,1.85819,6.82008,-13.43702,17.05001,10.12627,3.1637,-0.47661,85.81497,-3.520644,-1.6354,0.397401,,,,,,,,,,,,-6.33343,9.5754,-1.63709,50,5.04029,7.91668,-136.79476,-2.45303,-11.97356,30.8198,-14.07141,LAN,STA_YAN,ClipperMagazine,Independent,ATL,20250831-ClipperMagazine-1,8d103c70-86a6-11f0-af34-87ea718ebaa4,94.84738,,,8.39024,,,,,,,5b61ec32-66d2-41eb-a7be-f179224c2041,2025-08-31,20:10:33.01,2025-08-31T16:10:33.0182656-04:00,2025-08-31T20:10:33.0182656Z,,v3,1889,586,,"Campagna, Joe",690523,Right,LAN,4f7b1399-74dd-452b-ac18-a0125fd10bb2,53.67748,-137.6208,15.4099,5.10098,-2.07589,-7.03571,-1.85358,8.2376,-5.98678,,,,,,,,,,,,,,,,,,,,,,,,,,,,,,,,,,,,,,,,,,,,,,,,,,,High,High,High,,,,,
235,2025-08-31,16:10:51.81,4,3,"Sullivan, Billy",676907,Right,LAN,"Espinosa, Albert",1000115232,Right,STA_YAN,Undefined,7,Top,2,0,2,Undefined,Four-Seam,StrikeSwinging,Strikeout,Undefined,Undefined,0,0,,94.34308,-0.911753,-2.396451,2222.166213,211.569002,1:00,5.06599,1.56101,6.94751,-13.00016,17.1821,9.9663,3.15211,0.20937,86.01234,-3.459498,-0.573529,0.39541,,,,,,,,,,,,-5.94449,9.67642,-1.41461,50,5.00404,5.34633,-137.14775,-2.46228,-11.30035,30.87845,-13.77936,LAN,STA_YAN,ClipperMagazine,Independent,ATL,20250831-ClipperMagazine-1,983f6530-86a6-11f0-af34-87ea718ebaa4,95.325,,,8.33074,,,,,,,5b61ec32-66d2-41eb-a7be-f179224c2041,2025-08-31,20:10:51.81,2025-08-31T16:10:51.8184960-04:00,2025-08-31T20:10:51.8184960Z,,v3,1889,586,,"Campagna, Joe",690523,Right,LAN,b14c4523-9201-402f-8641-cf9ac5373772,53.54949,-137.94459,15.43923,5.06299,-2.10669,-6.88968,-1.55634,5.63795,-5.65018,,,,,,,,,,,,,,,,,,,,,,,,,,,,,,,,,,,,,,,,,,,,,,,,,,,High,High,High,,,,,
236,2025-08-31,16:13:25.61,1,1,"Snead, Kirby",669912,Left,STA_YAN,"Mercedes, Melvin",621034,Right,LAN,Undefined,7,Bottom,0,0,0,Undefined,Sinker,StrikeCalled,Undefined,Undefined,Undefined,0,0,,90.79885,-0.811349,3.611731,2492.493293,117.812088,10:00,5.35711,-2.38477,5.19231,-23.57836,11.7819,-19.88918,2.62745,-0.6402,81.75885,-5.19747,0.094775,0.427985,,,,,,,,,,,,10.98756,6.49674,2.0649,50,5.26438,-7.33435,-131.33582,-2.7324,18.93492,31.28559,-20.97819,LAN,STA_YAN,ClipperMagazine,Independent,ATL,20250831-ClipperMagazine-1,f3f8fe40-86a6-11f0-af34-87ea718ebaa4,88.06944,,,9.04,,,,,,,5b61ec32-66d2-41eb-a7be-f179224c2041,2025-08-31,20:13:25.61,2025-08-31T16:13:25.6135680-04:00,2025-08-31T20:13:25.6135680Z,,v3,1889,586,,"Espinosa, Albert",1000115232,Right,STA_YAN,a84b220b-fc5d-4ddd-807a-bca2672dadc1,55.30373,-132.5932,15.6428,5.35725,-1.88927,-10.48909,2.37497,-8.09535,9.46746,,,,,,,,,,,,,,,,,,,,,,,,,,,,,,,,,,,,,,,,,,,,,,,,,,,High,High,High,,,,,
237,2025-08-31,16:13:42.83,1,2,"Snead, Kirby",669912,Left,STA_YAN,"Mercedes, Melvin",621034,Right,LAN,Undefined,7,Bottom,0,0,1,Undefined,Slider,StrikeCalled,Undefined,Undefined,Undefined,0,0,,83.29315,-0.118688,0.926591,2766.374424,255.894278,2:30,5.22172,-2.24829,5.31185,-37.7199,3.52445,8.77855,1.96698,-0.64698,76.24988,-7.010555,2.486355,0.462225,,,,,,,,,,,,-4.1339,2.19827,2.15769,50,5.18372,-2.32655,-120.88348,-1.60541,-6.09819,24.23805,-28.93123,LAN,STA_YAN,ClipperMagazine,Independent,ATL,20250831-ClipperMagazine-1,fe3bf240-86a6-11f0-af34-87ea718ebaa4,81.54562,,,7.04327,,,,,,,5b61ec32-66d2-41eb-a7be-f179224c2041,2025-08-31,20:13:42.83,2025-08-31T16:13:42.8300800-04:00,2025-08-31T20:13:42.8300800Z,,v3,1889,586,,"Espinosa, Albert",1000115232,Right,STA_YAN,509e62b5-80be-4805-9d90-e17d04e26549,55.18617,-121.91891,12.11902,5.22591,-0.36949,-14.46561,2.25152,-2.06604,-3.04909,,,,,,,,,,,,,,,,,,,,,,,,,,,,,,,,,,,,,,,,,,,,,,,,,,,High,High,High,,,,,
238,2025-08-31,16:14:01.76,1,3,"Snead, Kirby",669912,Left,STA_YAN,"Mercedes, Melvin",621034,Right,LAN,Undefined,7,Bottom,0,0,2,Undefined,Sinker,BallCalled,Undefined,Undefined,Undefined,0,0,,92.67353,-0.128334,3.209682,2537.625719,128.271828,10:15,5.54594,-2.35272,5.23944,-19.92918,13.83257,-16.0204,3.76436,-0.66794,83.57232,-3.863273,0.374348,0.4182,,,,,,,,,,,,8.94835,7.2815,2.06969,50,5.51979,-6.74596,-134.15514,-1.01735,16.13515,31.89233,-19.0445,LAN,STA_YAN,ClipperMagazine,Independent,ATL,20250831-ClipperMagazine-1,098336e0-86a7-11f0-af34-87ea718ebaa4,90.13026,,,9.10121,,,,,,,5b61ec32-66d2-41eb-a7be-f179224c2041,2025-08-31,20:14:01.76,2025-08-31T16:14:01.7643008-04:00,2025-08-31T20:14:01.7643008Z,,v3,1889,586,,"Espinosa, Albert",1000115232,Right,STA_YAN,deefddf7-0313-40b8-810b-c341225805da,55.25664,-135.39902,15.94617,5.54499,-0.27457,-9.52225,2.34508,-7.37528,8.06758,,,,,,,,,,,,,,,,,,,,,,,,,,,,,,,,,,,,,,,,,,,,,,,,,,,High,High,High,,,,,
239,2025-08-31,16:14:20.59,1,4,"Snead, Kirby",669912,Left,STA_YAN,"Mercedes, Melvin",621034,Right,LAN,Undefined,7,Bottom,0,1,2,Undefined,Sinker,StrikeSwinging,Strikeout,Undefined,Undefined,0,0,,92.93402,-1.080368,4.166022,2581.212978,127.475765,10:15,5.49853,-2.18909,5.21234,-19.77489,14.0093,-16.65635,2.8319,0.34725,83.59114,-4.787229,1.223879,0.418339,,,,,,,,,,,,9.57008,7.67217,1.81641,50,5.38413,-8.9663,-134.31313,-3.25106,17.24882,32.71275,-18.34596,LAN,STA_YAN,ClipperMagazine,Independent,ATL,20250831-ClipperMagazine-1,14b43460-86a7-11f0-af34-87ea718ebaa4,90.10027,,,9.34288,,,,,,,5b61ec32-66d2-41eb-a7be-f179224c2041,2025-08-31,20:14:20.59,2025-08-31T16:14:20.5920000-04:00,2025-08-31T20:14:20.5920000Z,,v3,1889,586,,"Espinosa, Albert",1000115232,Right,STA_YAN,963854e0-6c4f-4a65-be31-23bc942298dd,55.28314,-135.59376,16.35638,5.49734,-2.53285,-9.17298,2.18064,-9.64155,8.62441,,,,,,,,,,,,,,,,,,,,,,,,,,,,,48.85254,2.916529,1.439283,1.477246,-0.97486,2.6275,-0.39562,-3.04269,6.06818,-0.62777,67.4876,7.87601,-57.31131,-2.97356,51.74759,-2.74344,6.18104,23.61422,-15.21002,-0.68889,-41.78882,2.34324,High,High,High,,,High,High,High
240,2025-08-31,16:14:53.41,2,1,"Snead, Kirby",669912,Left,STA_YAN,"Ward, Nick",682187,Left,LAN,Undefined,7,Bottom,1,0,0,Undefined,Sinker,StrikeCalled,Undefined,Undefined,Undefined,0,0,,91.5401,-1.324114,5.436121,2527.016317,119.385545,10:00,5.25159,-2.99578,5.42683,-22.92088,11.52721,-18.32454,2.09554,0.58392,82.8564,-5.589469,2.194963,0.422429,,,,,,,,,,,,10.77264,6.54107,2.52535,50,5.11806,-11.72,-132.19677,-3.89331,18.93067,30.01517,-20.67948,LAN,STA_YAN,ClipperMagazine,Independent,ATL,20250831-ClipperMagazine-1,28402c00-86a7-11f0-af34-87ea718ebaa4,89.22785,,,8.6837,,,,,,,5b61ec32-66d2-41eb-a7be-f179224c2041,2025-08-31,20:14:53.41,2025-08-31T16:14:53.4156800-04:00,2025-08-31T20:14:53.4156800Z,,v3,1889,586,,"Espinosa, Albert",1000115232,Right,STA_YAN,9b01b875-0f93-46d2-bc21-a5d9d1a5bbcb,55.07008,-133.34296,15.00759,5.25165,-3.10363,-10.33974,2.98671,-12.4429,9.46533,,,,,,,,,,,,,,,,,,,,,,,,,,,,,,,,,,,,,,,,,,,,,,,,,,,High,High,High,,,,,
241,2025-08-31,16:15:10.41,2,2,"Snead, Kirby",669912,Left,STA_YAN,"Ward, Nick",682187,Left,LAN,Undefined,7,Bottom,1,0,1,Undefined,Slider,InPlay,Undefined,LineDrive,Single,0,0,,86.16824,-1.017619,3.333013,2698.863835,192.666161,12:30,5.16965,-2.8688,5.59145,-28.78033,9.56319,1.86516,1.81941,0.40223,78.6075,-6.337382,3.665024,0.445674,73.58693,14.564857,8.9108,1118.345527,109.44323,10.58581,11.0502,154.03186,153.57343,4.860515,1.711902,0.03126,5.50768,2.58131,50,5.06358,-7.34929,-124.86247,-3.20117,0.04904,26.48288,-23.52867,LAN,STA_YAN,ClipperMagazine,Independent,ATL,20250831-ClipperMagazine-1,32695670-86a7-11f0-af34-87ea718ebaa4,84.57398,12.569,,7.56074,,,,2.55816,1.95005,-0.31753,5b61ec32-66d2-41eb-a7be-f179224c2041,2025-08-31,20:15:10.41,2025-08-31T16:15:10.4139264-04:00,2025-08-31T20:15:10.4139264Z,LineDrive,v3,1889,586,,"Espinosa, Albert",1000115232,Right,STA_YAN,cdfa2545-5d8e-4a6d-acc7-a063355608c5,54.90664,-125.89886,13.24144,5.17084,-2.2804,-11.76434,2.86896,-7.35121,0.02452,99.124613,2.55816,103.19818,-11.38864,1.98568,-0.27324,-0.04294,0.04655,-0.01593,0.00218,1.95005,27.14097,-18.18233,1.24287,-0.30136,0.1739,-0.09164,0.02931,-0.0039,-0.31754,16.18064,-7.40912,2.02046,-0.17586,-0.30143,0.22677,-0.07601,0.01024,,,,,,,,,,,,,,,,,,,,,,,High,High,High,High,High,,,
242,2025-08-31,16:15:44.04,3,1,"Snead, Kirby",669912,Left,STA_YAN,"Castro, Luis",620449,Right,LAN,Undefined,7,Bottom,1,0,0,Undefined,Slider,StrikeCalled,Undefined,Undefined,Undefined,0,0,,85.38223,0.354873,1.537601,2679.869654,180.763003,12:00,5.1925,-2.35576,5.37962,-31.57797,7.81571,0.08626,2.89379,-0.90686,77.46624,-5.475838,1.552931,0.451736,,,,,,,,,,,,0.42118,4.22894,2.21809,50,5.20232,-3.32637,-123.77975,-0.35535,0.64807,26.60939,-25.66714,LAN,STA_YAN,ClipperMagazine,Independent,ATL,20250831-ClipperMagazine-1,46794b20-86a7-11f0-af34-87ea718ebaa4,83.4391,,,7.91599,,,,,,,5b61ec32-66d2-41eb-a7be-f179224c2041,2025-08-31,20:15:44.04,2025-08-31T16:15:44.0461824-04:00,2025-08-31T20:15:44.0461824Z,,v3,1889,586,,"Espinosa, Albert",1000115232,Right,STA_YAN,d73d943d-b194-475d-bde4-09ac502d45db,55.11561,-124.87463,13.3047,5.19521,0.70075,-12.83357,2.35551,-3.35304,0.32404,,,,,,,,,,,,,,,,,,,,,,,,,,,,,,,,,,,,,,,,,,,,,,,,,,,High,High,High,,,,,
243,2025-08-31,16:15:59.64,3,2,"Snead, Kirby",669912,Left,STA_YAN,"Castro, Luis",620449,Right,LAN,Undefined,7,Bottom,1,0,1,Undefined,Sinker,InPlay,Undefined,FlyBall,Out,1,0,,92.84033,-1.475753,4.921412,2563.014386,123.711177,10:00,5.38341,-2.31409,5.39577,-19.87576,13.74119,-18.76666,2.3387,0.74541,83.67409,-5.206029,1.599925,0.417302,85.21724,53.569763,-0.731124,4437.183543,109.09397,127.06722,14.08882,214.5985,214.01922,11.546795,5.773064,11.01134,7.71512,1.88799,50,5.23776,-10.67513,-134.135,-4.16829,19.82081,32.26348,-18.28653,LAN,STA_YAN,ClipperMagazine,Independent,ATL,20250831-ClipperMagazine-1,4fbb22d0-86a7-11f0-af34-87ea718ebaa4,90.32411,130.12716,,9.16625,,,,1.11108,3.39578,-0.71325,5b61ec32-66d2-41eb-a7be-f179224c2041,2025-08-31,20:15:59.64,2025-08-31T16:15:59.6423168-04:00,2025-08-31T20:15:59.6423168Z,FlyBall,v3,1889,586,,"Espinosa, Albert",1000115232,Right,STA_YAN,3ac6bb04-f9d1-4489-be92-b07180823365,55.10238,-135.35671,16.13174,5.38249,-3.47584,-9.14326,2.30643,-11.42568,9.91041,197.849915,1.11598,74.1104,-20.27699,5.3759,-0.82776,0.01607,0.01924,-0.00306,0.00015,3.38968,100.65769,-24.07627,2.15786,-0.24497,-0.02536,0.02031,-0.00369,0.00022,-0.71408,-0.9184,6.67957,-2.37331,0.46768,-0.02703,-0.00901,0.00189,-0.00011,,,,,,,,,,,,,,,,,,,,,,,High,High,High,Medium,Low,,,
244,2025-08-31,16:16:46.04,4,1,"Snead, Kirby",669912,Left,STA_YAN,"Martin, Mason",676733,Left,LAN,Undefined,7,Bottom,2,0,0,Undefined,Sinker,StrikeCalled,Undefined,Undefined,Undefined,0,0,,91.79955,-1.275498,5.282426,2606.624878,112.712823,9:45,5.23364,-2.99608,5.46116,-25.04938,9.34642,-19.30198,1.94704,0.35378,82.6502,-5.931269,1.863579,0.422109,,,,,,,,,,,,11.34583,5.47622,2.54317,50,5.10401,-11.34967,-132.53883,-3.8811,19.90937,31.89737,-22.56453,LAN,STA_YAN,ClipperMagazine,Independent,ATL,20250831-ClipperMagazine-1,6b79cc10-86a7-11f0-af34-87ea718ebaa4,89.29561,,,9.14935,,,,,,,5b61ec32-66d2-41eb-a7be-f179224c2041,2025-08-31,20:16:46.04,2025-08-31T16:16:46.0477952-04:00,2025-08-31T20:16:46.0477952Z,,v3,1889,586,,"Espinosa, Albert",1000115232,Right,STA_YAN,1793d95f-77bd-47ab-b1c0-0544ec80095a,55.03556,-133.74522,15.94869,5.23466,-3.02769,-11.28227,2.98666,-12.10266,9.95468,,,,,,,,,,,,,,,,,,,,,,,,,,,,,,,,,,,,,,,,,,,,,,,,,,,High,High,High,,,,,
245,2025-08-31,16:17:06.08,4,2,"Snead, Kirby",669912,Left,STA_YAN,"Martin, Mason",676733,Left,LAN,Undefined,7,Bottom,2,0,1,Undefined,Sinker,InPlay,Undefined,LineDrive,Out,1,0,,93.05416,-1.495841,4.40953,2593.74143,117.82173,10:00,5.37981,-2.86751,5.27219,-21.93135,11.54749,-19.6432,2.14267,-0.35442,84.16827,-5.573054,0.935662,0.416444,97.54236,20.141857,1.143112,2480.371224,109.92185,34.84722,-4.13373,335.33235,323.55886,-8.590349,3.671999,11.23953,6.56949,2.47931,50,5.22698,-9.45362,-134.56619,-4.34115,20.41901,31.7158,-20.23915,LAN,STA_YAN,ClipperMagazine,Independent,ATL,20250831-ClipperMagazine-1,774d2410-86a7-11f0-af34-87ea718ebaa4,90.51022,43.81387,,8.88589,,,,2.64737,2.26585,0.35063,5b61ec32-66d2-41eb-a7be-f179224c2041,2025-08-31,20:17:06.08,2025-08-31T16:17:06.0873728-04:00,2025-08-31T20:17:06.0873728Z,LineDrive,v3,1889,586,,"Espinosa, Albert",1000115232,Right,STA_YAN,883ed1f5-2366-4f3c-8338-588d89f59f45,55.22683,-135.7925,15.8579,5.3797,-3.55858,-10.11957,2.86011,-10.24314,10.2095,130.780314,2.64683,134.30227,-22.56503,5.19936,-1.23906,0.3227,-0.07719,0.01191,-0.00077,2.26636,49.24772,-15.03511,-0.1529,0.47228,-0.21294,0.05739,-0.00778,0.00039,0.35055,2.68157,-11.14001,3.97916,-1.15886,0.28279,-0.05485,0.00687,-0.00038,,,,,,,,,,,,,,,,,,,,,,,High,High,High,High,High,,,
246,2025-08-31,16:20:05.45,1,1,"Engler, Scott",670081,Right,LAN,"Diaz, Eddy",677647,Right,STA_YAN,Undefined,8,Top,0,0,0,Undefined,Four-Seam,StrikeCalled,Undefined,Undefined,Undefined,0,0,,94.36301,-3.134176,-3.12513,2237.426001,208.928702,1:00,6.27148,2.49882,5.77602,-11.42194,20.20875,10.60142,2.39605,0.47147,86.18499,-5.341926,-1.230519,0.404786,,,,,,,,,,,,-6.23422,11.44768,-2.2469,50,6.00518,6.97604,-136.68842,-7.79796,-11.8075,29.82118,-10.49234,LAN,STA_YAN,ClipperMagazine,Independent,ATL,20250831-ClipperMagazine-1,e2429480-86a7-11f0-af34-87ea718ebaa4,93.11687,,,8.17802,,,,,,,5b61ec32-66d2-41eb-a7be-f179224c2041,2025-08-31,20:20:05.45,2025-08-31T16:20:05.4562816-04:00,2025-08-31T20:20:05.4562816Z,,v3,1889,586,,"Campagna, Joe",690523,Right,LAN,8ddcfbc6-04b2-4b6d-abf3-35f35ee96255,54.72134,-137.71461,14.91059,6.26731,-7.4369,-5.24617,-2.49395,7.38235,-5.90375,,,,,,,,,,,,,,,,,,,,,,,,,,,,,,,,,,,,,,,,,,,,,,,,,,,High,High,High,,,,,
247,2025-08-31,16:20:23.25,1,2,"Engler, Scott",670081,Right,LAN,"Diaz, Eddy",677647,Right,STA_YAN,Undefined,8,Top,0,0,1,Undefined,Four-Seam,InPlay,Undefined,FlyBall,Out,1,0,,93.85186,-3.17399,-3.468046,2466.845089,195.739626,12:30,6.38479,2.27333,5.90187,-12.3243,19.55261,5.21811,2.40292,-0.51515,85.71866,-5.54582,-2.534194,0.406359,90.94066,40.923767,18.066766,4953.042858,100.72352,88.73245,44.21261,294.99586,281.04972,30.770217,5.676984,-3.64421,11.22036,-1.99731,50,6.12199,8.00677,-135.91642,-7.88734,-6.81478,29.87568,-11.19167,LAN,STA_YAN,ClipperMagazine,Independent,ATL,20250831-ClipperMagazine-1,ecdf8f60-86a7-11f0-af34-87ea718ebaa4,92.75657,110.84667,,8.1332,,,,0.99987,2.52202,0.56599,5b61ec32-66d2-41eb-a7be-f179224c2041,2025-08-31,20:20:23.25,2025-08-31T16:20:23.2541184-04:00,2025-08-31T20:20:23.2541184Z,FlyBall,v3,1889,586,,"Campagna, Joe",690523,Right,LAN,0e7f88ac-b83d-4c18-b407-7c28a32781ca,54.59612,-136.92296,14.93784,6.38137,-7.51028,-5.59583,-2.27094,8.23637,-3.40739,205.894963,1.01268,95.56863,-23.89466,5.05767,-0.22941,-0.25629,0.08028,-0.00976,0.00044,2.51323,87.50845,-20.51901,1.63717,-0.3322,0.05317,0.00179,-0.00154,0.00012,0.56378,31.28581,0.86387,-1.2091,0.38035,-0.07453,0.01071,-0.00107,5E-05,,,,,,,,,,,,,,,,,,,,,,,High,High,High,High,Medium,,,
248,2025-08-31,16:21:03.42,2,1,"Engler, Scott",670081,Right,LAN,"Contreras, Mark",676628,Left,STA_YAN,Undefined,8,Top,1,0,0,Undefined,Four-Seam,InPlay,Undefined,FlyBall,Out,1,0,,94.79707,-3.64319,-3.912854,2321.464315,204.006699,12:45,6.31741,2.43623,5.87257,-10.76276,20.66537,8.73012,2.0242,-0.47622,86.26884,-5.740177,-2.352423,0.403488,89.80552,55.177085,-9.575413,4310.237534,104.1742,140.39089,-35.32301,219.86215,218.28664,-21.575357,6.230096,-5.61717,11.96363,-2.12451,50,6.01566,8.99102,-137.12114,-9.02683,-10.65601,31.3428,-9.47855,LAN,STA_YAN,ClipperMagazine,Independent,ATL,20250831-ClipperMagazine-1,04cda8a0-86a8-11f0-af34-87ea718ebaa4,93.41651,145.64155,,8.52823,,,,1.61411,2.00327,0.46005,5b61ec32-66d2-41eb-a7be-f179224c2041,2025-08-31,20:21:03.42,2025-08-31T16:21:03.4273280-04:00,2025-08-31T20:21:03.4273280Z,FlyBall,v3,1889,586,,"Campagna, Joe",690523,Right,LAN,8bafef6c-fdda-4918-bdee-565779d3e8b7,54.62592,-138.17448,15.6714,6.31367,-8.70828,-4.73928,-2.43268,9.34914,-5.32801,162.75077,1.58918,74.53979,-25.03657,8.85873,-2.5402,0.51475,-0.06004,0.00321,-4E-05,1.96581,108.77617,-27.5416,5.50855,-2.46083,0.83375,-0.1603,0.01552,-0.00059,0.44146,-12.22617,-4.86602,3.40799,-1.41824,0.37925,-0.0596,0.00492,-0.00016,,,,,,,,,,,,,,,,,,,,,,,High,High,High,High,Medium,,,
249,2025-08-31,16:21:42.51,3,1,"Engler, Scott",670081,Right,LAN,"Dearden, Tyler",676280,Left,STA_YAN,Undefined,8,Top,2,0,0,Undefined,Four-Seam,StrikeCalled,Undefined,Undefined,Undefined,0,0,,94.70111,-2.182783,-2.706772,2531.137241,193.336796,12:30,6.32183,2.40449,6.20669,-11.33221,19.51363,4.39189,3.3596,0.27032,86.46517,-4.39039,-1.915323,0.399733,,,,,,,,,,,,-3.00543,10.97382,-2.20323,50,6.15166,6.30182,-137.39281,-5.5099,-5.74619,30.37211,-11.19291,LAN,STA_YAN,ClipperMagazine,Independent,ATL,20250831-ClipperMagazine-1,1c2d3d80-86a8-11f0-af34-87ea718ebaa4,94.29412,,,8.23594,,,,,,,5b61ec32-66d2-41eb-a7be-f179224c2041,2025-08-31,20:21:42.51,2025-08-31T16:21:42.5184768-04:00,2025-08-31T20:21:42.5184768Z,,v3,1889,586,,"Campagna, Joe",690523,Right,LAN,89fb836d-64b8-4cf2-98da-a9d055d237d8,54.28962,-138.33782,15.18605,6.31768,-5.16164,-5.59646,-2.40208,6.48061,-2.8731,,,,,,,,,,,,,,,,,,,,,,,,,,,,,,,,,,,,,,,,,,,,,,,,,,,High,High,High,,,,,
250,2025-08-31,16:21:58.88,3,2,"Engler, Scott",670081,Right,LAN,"Dearden, Tyler",676280,Left,STA_YAN,Undefined,8,Top,2,0,1,Undefined,Four-Seam,InPlay,Undefined,GroundBall,Out,1,0,,93.64488,-2.617849,-3.640485,2571.315052,197.169306,12:30,6.24675,2.38192,6.04529,-13.52001,18.07855,5.29181,2.6899,-0.55199,86.12493,-5.19767,-2.691136,0.404581,97.89447,1.058276,34.773249,3985.451032,,,,57.23015,56.45773,36.355243,0.415567,-3.68106,10.30465,-2.10098,50,6.03505,8.4152,-135.79381,-6.60861,-6.92082,27.81558,-12.80011,LAN,STA_YAN,ClipperMagazine,Independent,ATL,20250831-ClipperMagazine-1,25e1ad20-86a8-11f0-af34-87ea718ebaa4,93.16422,2.93894,,7.51995,,,,1.38905,2.86727,0.52893,5b61ec32-66d2-41eb-a7be-f179224c2041,2025-08-31,20:21:58.88,2025-08-31T16:21:58.8810752-04:00,2025-08-31T20:21:58.8810752Z,GroundBall,v3,1889,586,,"Campagna, Joe",690523,Right,LAN,942c428c-abb3-4a23-a360-aca0f8b17124,54.4541,-136.70313,13.90779,6.24425,-6.19016,-6.40005,-2.37978,8.64145,-3.46041,,1.40391,117.43801,-23.91855,,,,,,,2.87957,2.25416,-22.16589,,,,,,,0.52553,81.98444,-3.86224,,,,,,,,,,,,,,,,,,,,,,,,,,,,,High,High,High,High,High,,,
251,2025-08-31,16:24:32.51,1,1,"Baker, Robbie",682595,Right,STA_YAN,"Campagna, Joe",690523,Right,LAN,Undefined,8,Bottom,0,0,0,Undefined,Four-Seam,FoulBallNotFieldable,Undefined,Undefined,Undefined,0,0,,92.72763,-0.994419,-3.202701,2279.986324,216.953007,1:15,5.58447,2.24122,5.99713,-13.63544,18.80418,13.35969,3.52518,0.38369,84.48938,-3.623933,-0.805145,0.40993,68.84567,57.749256,158.98601,4757.231717,,,,,49.3033,,,-7.78308,10.26571,-1.99631,50,5.4986,6.95312,-134.54268,-2.71462,-14.25049,29.49258,-13.37795,LAN,STA_YAN,ClipperMagazine,Independent,ATL,20250831-ClipperMagazine-1,81703e90-86a8-11f0-af34-87ea718ebaa4,91.94856,60.2339,,8.23825,,,,0.66346,3.68106,-0.35607,5b61ec32-66d2-41eb-a7be-f179224c2041,2025-08-31,20:24:32.51,2025-08-31T16:24:32.5142528-04:00,2025-08-31T20:24:32.5142528Z,,v3,1889,586,,"Espinosa, Albert",1000115232,Right,STA_YAN,8f257728-f1e7-49b8-baa7-fd3c6b09e0e2,54.50155,-135.52585,14.74629,5.58166,-2.26865,-6.68898,-2.23602,7.42818,-7.12525,341.014589,0.66346,-50.2982,-1.75986,1.60902,-0.00547,-0.61836,0.34738,0.1023,-0.10436,3.68106,85.39555,-30.08269,3.92351,-0.68739,0.18652,-0.45527,0.51084,-0.18522,-0.35607,19.32203,-5.16675,1.43158,-0.11926,-0.17638,-0.02385,0.20161,-0.09668,,,,,,,,,,,,,,,,,,,,,,,High,High,High,High,Undefined,,,
252,2025-08-31,16:24:50.52,1,2,"Baker, Robbie",682595,Right,STA_YAN,"Campagna, Joe",690523,Right,LAN,Undefined,8,Bottom,0,0,1,Undefined,Four-Seam,BallCalled,Undefined,Undefined,Undefined,0,0,,93.33608,-1.763279,-5.675427,2346.64462,225.580134,1:30,5.56198,2.25477,5.9771,-16.26371,16.483,15.56517,2.56357,-1.72645,83.77006,-4.888075,-2.897733,0.411865,,,,,,,,,,,,-9.75658,9.35453,-1.81296,50,5.4129,12.68119,-134.70064,-4.63882,-17.64581,33.52139,-15.25538,LAN,STA_YAN,ClipperMagazine,Independent,ATL,20250831-ClipperMagazine-1,8c381a00-86a8-11f0-af34-87ea718ebaa4,91.51642,,,9.56602,,,,,,,5b61ec32-66d2-41eb-a7be-f179224c2041,2025-08-31,20:24:50.52,2025-08-31T16:24:50.5269248-04:00,2025-08-31T20:24:50.5269248Z,,v3,1889,586,,"Espinosa, Albert",1000115232,Right,STA_YAN,ec91e9e6-aa7f-4a05-b2ec-d83f88a6f2b8,54.51817,-135.82037,16.7607,5.55934,-4.12924,-7.62769,-2.24639,13.27062,-8.82291,,,,,,,,,,,,,,,,,,,,,,,,,,,,,,,,,,,,,,,,,,,,,,,,,,,High,High,High,,,,,
253,2025-08-31,16:25:06.46,1,3,"Baker, Robbie",682595,Right,STA_YAN,"Campagna, Joe",690523,Right,LAN,Undefined,8,Bottom,0,1,1,Undefined,Four-Seam,BallCalled,Undefined,Undefined,Undefined,0,0,,93.2757,-1.611174,-5.501806,2446.378925,228.171291,1:30,5.5793,2.18823,5.90233,-17.44954,15.79174,16.1193,2.62221,-1.59153,82.78585,-4.96927,-2.627466,0.414964,,,,,,,,,,,,-10.13603,9.00827,-1.75368,50,5.43945,12.20609,-134.47531,-4.31871,-18.05234,36.60165,-16.13027,LAN,STA_YAN,ClipperMagazine,Independent,ATL,20250831-ClipperMagazine-1,95b35130-86a8-11f0-af34-87ea718ebaa4,90.83306,,,10.48985,,,,,,,5b61ec32-66d2-41eb-a7be-f179224c2041,2025-08-31,20:25:06.46,2025-08-31T16:25:06.4606720-04:00,2025-08-31T20:25:06.4606720Z,,v3,1889,586,,"Espinosa, Albert",1000115232,Right,STA_YAN,887635d9-401e-4e59-8ec9-c27874212281,54.59092,-135.71913,18.30083,5.5769,-3.77056,-8.06513,-2.17889,12.81955,-9.02617,,,,,,,,,,,,,,,,,,,,,,,,,,,,,,,,,,,,,,,,,,,,,,,,,,,High,High,High,,,,,
254,2025-08-31,16:25:22.99,1,4,"Baker, Robbie",682595,Right,STA_YAN,"Campagna, Joe",690523,Right,LAN,Undefined,8,Bottom,0,2,1,Undefined,Four-Seam,StrikeCalled,Undefined,Undefined,Undefined,0,0,,93.2321,-1.122751,-4.053344,2400.292274,215.915667,1:15,5.52062,2.13083,5.76667,-15.45178,17.4319,11.75386,3.18532,-0.66827,83.81326,-4.091562,-1.956348,0.412726,,,,,,,,,,,,-7.2302,9.55189,-1.80197,50,5.41831,9.01094,-134.85979,-3.10468,-13.12436,33.25503,-14.83527,LAN,STA_YAN,ClipperMagazine,Independent,ATL,20250831-ClipperMagazine-1,9f87a4e0-86a8-11f0-af34-87ea718ebaa4,91.32565,,,9.41884,,,,,,,5b61ec32-66d2-41eb-a7be-f179224c2041,2025-08-31,20:25:22.99,2025-08-31T16:25:22.9976576-04:00,2025-08-31T20:25:22.9976576Z,,v3,1889,586,,"Espinosa, Albert",1000115232,Right,STA_YAN,2acfeb41-2c25-46f4-9fda-7341d8d97193,54.72803,-136.02068,16.62752,5.51765,-2.5868,-7.41764,-2.12452,9.46909,-6.56218,,,,,,,,,,,,,,,,,,,,,,,,,,,,,,,,,,,,,,,,,,,,,,,,,,,High,High,High,,,,,
255,2025-08-31,16:25:39.26,1,5,"Baker, Robbie",682595,Right,STA_YAN,"Campagna, Joe",690523,Right,LAN,Undefined,8,Bottom,0,2,2,Undefined,Four-Seam,BallCalled,Undefined,Undefined,Undefined,0,0,,94.21188,-0.196403,-4.466189,2314.93753,221.333046,1:30,5.58864,2.14329,6.06359,-16.02127,15.84808,12.9154,4.07121,-0.92217,84.58943,-3.280671,-2.151379,0.406311,,,,,,,,,,,,-8.00189,8.52142,-1.80266,50,5.56474,10.05447,-136.29095,-0.92948,-14.82838,34.08826,-16.38287,LAN,STA_YAN,ClipperMagazine,Independent,ATL,20250831-ClipperMagazine-1,a94b08a0-86a8-11f0-af34-87ea718ebaa4,92.76756,,,9.62244,,,,,,,5b61ec32-66d2-41eb-a7be-f179224c2041,2025-08-31,20:25:39.26,2025-08-31T16:25:39.2658432-04:00,2025-08-31T20:25:39.2658432Z,,v3,1889,586,,"Espinosa, Albert",1000115232,Right,STA_YAN,281ef83e-1374-4f92-b1cd-faa5acb803ad,54.43075,-137.39467,17.04413,5.58625,-0.39903,-8.19143,-2.13598,10.53459,-7.41419,,,,,,,,,,,,,,,,,,,,,,,,,,,,,,,,,,,,,,,,,,,,,,,,,,,High,High,High,,,,,
256,2025-08-31,16:25:57.24,1,6,"Baker, Robbie",682595,Right,STA_YAN,"Campagna, Joe",690523,Right,LAN,Undefined,8,Bottom,0,3,2,Undefined,Sinker,InPlay,Undefined,GroundBall,Single,0,0,,93.32993,-2.484964,-4.359686,2291.121525,229.573284,1:45,5.4948,2.10337,6.11331,-18.52261,13.65516,14.73269,1.64552,-0.7077,84.75706,-5.994575,-1.713797,0.408272,89.68547,1.505755,-10.605654,1610.36414,,,,54.48862,54.48862,-11.080928,0.430201,-8.90252,8.11371,-1.77605,50,5.29392,9.66492,-135.0872,-6.45433,-16.34223,31.24097,-17.27984,LAN,STA_YAN,ClipperMagazine,Independent,ATL,20250831-ClipperMagazine-1,b3f98fb0-86a8-11f0-af34-87ea718ebaa4,92.32195,1.90349,,8.57286,,,,1.11442,1.73866,0.70899,5b61ec32-66d2-41eb-a7be-f179224c2041,2025-08-31,20:25:57.24,2025-08-31T16:25:57.2481024-04:00,2025-08-31T20:25:57.2481024Z,GroundBall,v3,1889,586,,"Espinosa, Albert",1000115232,Right,STA_YAN,e5cc217a-65ef-4aa6-8e82-6025ac0e73dc,54.38475,-136.09746,15.62049,5.49361,-5.89554,-8.63992,-2.09714,10.19339,-8.17112,78.962976,1.12368,128.9589,-16.95537,,,,,,,1.74465,3.27049,-17.06036,,,,,,,0.71395,-24.35589,-3.85339,,,,,,,,,,,,,,,,,,,,,,,,,,,,,High,High,High,High,High,,,
257,2025-08-31,16:26:35.16,2,1,"Baker, Robbie",682595,Right,STA_YAN,"Lucky, Nick",681879,Left,LAN,Undefined,8,Bottom,0,0,0,Undefined,Slider,BallCalled,Undefined,Undefined,Undefined,0,0,,78.53514,1.84057,-0.10018,2617.193123,91.938063,9:00,5.46036,2.54794,5.66,-44.21498,2.01189,-12.18138,3.49275,1.43941,71.13454,-6.322288,-2.277358,0.489349,,,,,,,,,,,,6.07819,0.98622,-2.53195,50,5.5887,0.68403,-113.87629,2.21481,7.88357,23.30466,-30.8949,LAN,STA_YAN,ClipperMagazine,Independent,ATL,20250831-ClipperMagazine-1,ca794be0-86a8-11f0-af34-87ea718ebaa4,77.02569,,,7.40061,,,,,,,5b61ec32-66d2-41eb-a7be-f179224c2041,2025-08-31,20:26:35.16,2025-08-31T16:26:35.1686144-04:00,2025-08-31T20:26:35.1686144Z,,v3,1889,586,,"Espinosa, Albert",1000115232,Right,STA_YAN,b6f5a69f-6598-4bd6-a5f8-de139ec9a987,54.83577,-114.86166,11.65233,5.46744,3.52111,-15.44745,-2.55382,0.3507,3.94178,,,,,,,,,,,,,,,,,,,,,,,,,,,,,,,,,,,,,,,,,,,,,,,,,,,High,High,High,,,,,
258,2025-08-31,16:26:51.86,2,2,"Baker, Robbie",682595,Right,STA_YAN,"Lucky, Nick",681879,Left,LAN,Undefined,8,Bottom,0,1,0,Undefined,Four-Seam,StrikeCalled,Undefined,Undefined,Undefined,0,0,,93.25655,-0.883014,-2.859318,2294.563443,224.35573,1:30,5.52116,2.23015,5.9261,-17.71233,14.9065,13.40528,3.22472,0.69196,83.82117,-4.266783,-0.455109,0.41106,,,,,,,,,,,,-7.72815,8.24642,-2.00866,50,5.44054,6.13479,-135.09964,-2.6291,-14.05695,33.78085,-17.17439,LAN,STA_YAN,ClipperMagazine,Independent,ATL,20250831-ClipperMagazine-1,d4915f50-86a8-11f0-af34-87ea718ebaa4,91.69564,,,9.43538,,,,,,,5b61ec32-66d2-41eb-a7be-f179224c2041,2025-08-31,20:26:51.86,2025-08-31T16:26:51.8676480-04:00,2025-08-31T20:26:51.8676480Z,,v3,1889,586,,"Espinosa, Albert",1000115232,Right,STA_YAN,ac1da466-fe36-4266-a2ce-1ff32d47e252,54.56858,-136.2372,16.89042,5.51933,-2.05076,-8.5872,-2.22322,6.60816,-7.02847,,,,,,,,,,,,,,,,,,,,,,,,,,,,,,,,,,,,,,,,,,,,,,,,,,,High,High,High,,,,,
259,2025-08-31,16:27:11.67,2,3,"Baker, Robbie",682595,Right,STA_YAN,"Lucky, Nick",681879,Left,LAN,Undefined,8,Bottom,0,1,1,Undefined,Sinker,StrikeSwinging,Undefined,Undefined,Undefined,0,0,,87.74839,-0.992197,-4.383418,2148.985677,259.482111,2:45,5.41052,2.42669,5.98012,-31.83281,4.91296,19.3806,1.83529,-0.02934,79.36607,-6.912474,-0.907688,0.43629,,,,,,,,,,,,-11.26654,3.24205,-2.09012,50,5.31456,8.91858,-127.01513,-3.28276,-18.17227,29.08877,-26.94483,LAN,STA_YAN,ClipperMagazine,Independent,ATL,20250831-ClipperMagazine-1,e04aedc0-86a8-11f0-af34-87ea718ebaa4,86.39311,,,8.38232,,,,,,,5b61ec32-66d2-41eb-a7be-f179224c2041,2025-08-31,20:27:11.67,2025-08-31T16:27:11.6768768-04:00,2025-08-31T20:27:11.6768768Z,,v3,1889,586,,"Espinosa, Albert",1000115232,Right,STA_YAN,cd3c9f43-996c-49f0-847c-605c54a5a2e3,54.51729,-128.04549,14.54439,5.41394,-2.32834,-13.47242,-2.41743,9.56226,-9.08614,,,,,,,,,,,,,,,,,,,,,,,,,,,,,,,,,,,,,,,,,,,,,,,,,,,High,High,High,,,,,
260,2025-08-31,16:27:57.65,2,4,"Baker, Robbie",682595,Right,STA_YAN,"Lucky, Nick",681879,Left,LAN,Undefined,8,Bottom,0,1,2,Undefined,Four-Seam,InPlay,Undefined,LineDrive,Single,0,0,,94.05301,-1.150834,-3.171151,2335.370175,228.334299,1:30,5.5217,2.13394,6.12518,-17.76139,14.15824,14.56619,2.97597,0.41338,84.35896,-4.554509,-0.549455,0.406631,101.98611,13.012667,-17.526624,2407.984865,102.098,19.65648,-40.93887,244.65061,244.65061,-26.68178,2.251403,-8.54319,8.02469,-1.89848,50,5.42439,6.90172,-136.24202,-3.27653,-15.75371,35.21616,-17.37648,LAN,STA_YAN,ClipperMagazine,Independent,ATL,20250831-ClipperMagazine-1,fbc0f540-86a8-11f0-af34-87ea718ebaa4,92.6945,20.23402,,9.69405,,,,0.46834,2.89635,-0.40144,5b61ec32-66d2-41eb-a7be-f179224c2041,2025-08-31,20:27:57.65,2025-08-31T16:27:57.6557056-04:00,2025-08-31T20:27:57.6557056Z,LineDrive,v3,1889,586,,"Espinosa, Albert",1000115232,Right,STA_YAN,c9a374c2-90be-488e-9887-07d659c3ed13,54.37047,-137.36706,17.60808,5.5202,-2.72141,-8.68824,-2.12701,7.40499,-7.87686,111.290055,0.46834,138.97025,-28.4605,6.32544,-1.02074,-0.04083,0.09073,-0.02645,0.00281,2.89635,33.68175,-17.135,0.90073,-0.3094,0.25881,-0.12455,0.03115,-0.00316,-0.40143,-43.89172,-6.06238,2.89356,-0.44437,-0.23263,0.17237,-0.04682,0.00489,,,,,,,,,,,,,,,,,,,,,,,High,High,High,High,High,,,
261,2025-08-31,16:28:34.12,3,1,"Baker, Robbie",682595,Right,STA_YAN,"Amaral, Daniel",663610,Right,LAN,Undefined,8,Bottom,0,0,0,Undefined,Four-Seam,StrikeCalled,Undefined,Undefined,Undefined,0,0,,93.27584,-0.938331,-4.365884,2358.058294,226.931332,1:30,5.54092,2.2329,5.87622,-17.67434,15.16875,14.90182,3.19397,-0.58795,83.56713,-4.317566,-1.702733,0.412471,,,,,,,,,,,,-8.9865,8.39445,-1.88774,50,5.45479,9.60939,-134.86428,-2.75863,-16.25428,34.23473,-16.99061,LAN,STA_YAN,ClipperMagazine,Independent,ATL,20250831-ClipperMagazine-1,11710560-86a9-11f0-af34-87ea718ebaa4,91.38201,,,9.70871,,,,,,,5b61ec32-66d2-41eb-a7be-f179224c2041,2025-08-31,20:28:34.12,2025-08-31T16:28:34.1204480-04:00,2025-08-31T20:28:34.1204480Z,,v3,1889,586,,"Espinosa, Albert",1000115232,Right,STA_YAN,fb195ca8-1edf-4510-9fdc-bf0d98e22d7b,54.61832,-136.03157,17.11736,5.53897,-2.1793,-8.4953,-2.22484,10.16361,-8.12714,,,,,,,,,,,,,,,,,,,,,,,,,,,,,,,,,,,,,,,,,,,,,,,,,,,High,High,High,,,,,
262,2025-08-31,16:29:07.13,3,2,"Baker, Robbie",682595,Right,STA_YAN,"Amaral, Daniel",663610,Right,LAN,Undefined,8,Bottom,0,0,1,Undefined,Sinker,BallCalled,Undefined,Undefined,Undefined,0,0,,94.06667,-1.198805,-5.249736,2434.73108,231.198273,1:45,5.5284,2.23469,6.0253,-17.6343,14.41831,16.47036,2.94377,-1.26845,84.59486,-4.565832,-2.303777,0.407477,,,,,,,,,,,,-10.0313,8.10693,-1.83132,50,5.42467,11.73492,-135.92259,-3.39475,-18.51524,33.51348,-17.21076,LAN,STA_YAN,ClipperMagazine,Independent,ATL,20250831-ClipperMagazine-1,2534fcf0-86a9-11f0-af34-87ea718ebaa4,92.50198,,,9.47182,,,,,,,5b61ec32-66d2-41eb-a7be-f179224c2041,2025-08-31,20:29:07.13,2025-08-31T16:29:07.1383552-04:00,2025-08-31T20:29:07.1383552Z,,v3,1889,586,,"Espinosa, Albert",1000115232,Right,STA_YAN,6257e36a-1b41-426e-acce-d2b91f8142ab,54.46989,-137.02027,16.75674,5.52662,-2.83104,-8.60538,-2.22561,12.34135,-9.25762,,,,,,,,,,,,,,,,,,,,,,,,,,,,,,,,,,,,,,,,,,,,,,,,,,,High,High,High,,,,,
263,2025-08-31,16:29:25.43,3,3,"Baker, Robbie",682595,Right,STA_YAN,"Amaral, Daniel",663610,Right,LAN,Undefined,8,Bottom,0,1,1,Undefined,Slider,InPlay,Undefined,LineDrive,Triple,0,2,,79.9426,1.501029,-2.078688,2641.560899,99.597938,9:15,5.47262,2.5377,5.63537,-41.63754,2.9989,-8.76595,3.40446,-0.13296,72.55435,-6.176687,-3.642142,0.480857,96.44808,12.724839,-10.508674,683.372017,107.81628,13.71091,-21.80865,186.49559,186.49559,-12.220453,1.596502,3.81484,1.47028,-2.3551,50,5.57376,4.54789,-115.89721,1.67684,5.12855,24.0068,-30.19747,LAN,STA_YAN,ClipperMagazine,Independent,ATL,20250831-ClipperMagazine-1,30106060-86a9-11f0-af34-87ea718ebaa4,78.38593,14.16234,,7.38825,,,,1.58855,3.44866,0.11326,5b61ec32-66d2-41eb-a7be-f179224c2041,2025-08-31,20:29:25.43,2025-08-31T16:29:25.4387200-04:00,2025-08-31T20:29:25.4387200Z,LineDrive,v3,1889,586,,"Espinosa, Albert",1000115232,Right,STA_YAN,f88d7ce1-a3f1-48f2-b643-4d614d31fe33,54.86258,-116.9001,12.0034,5.47736,2.93835,-15.09873,-2.54061,4.33365,2.56428,40.924967,1.58855,135.6683,-17.21093,2.65234,-0.56421,0.10497,-0.02059,0.00344,-0.0003,3.44866,31.15859,-24.5205,3.0772,-0.684,0.156,-0.03053,0.00506,-0.00047,0.11326,-25.16588,-0.69054,0.83195,-0.23563,0.06466,-0.01399,0.00242,-0.00023,,,,,,,,,,,,,,,,,,,,,,,High,High,High,High,High,,,
264,2025-08-31,16:30:13.60,4,1,"Baker, Robbie",682595,Right,STA_YAN,"Watson, Kevin",675982,Left,LAN,Undefined,8,Bottom,0,0,0,Undefined,Changeup,StrikeCalled,Undefined,Undefined,Undefined,0,0,,88.04369,0.507695,-3.605268,2065.855452,267.803928,3:00,5.42171,2.54196,6.07907,-34.19029,2.01587,19.83859,3.04319,0.85514,79.7044,-5.852907,-0.037573,0.433075,,,,,,,,,,,,-11.25237,1.29024,-2.27295,50,5.44327,7.20836,-127.63601,-0.03353,-18.36498,28.87663,-30.06827,LAN,STA_YAN,ClipperMagazine,Independent,ATL,20250831-ClipperMagazine-1,4cc0bca0-86a9-11f0-af34-87ea718ebaa4,87.03453,,,8.3393,,,,,,,5b61ec32-66d2-41eb-a7be-f179224c2041,2025-08-31,20:30:13.60,2025-08-31T16:30:13.6091648-04:00,2025-08-31T20:30:13.6091648Z,,v3,1889,586,,"Espinosa, Albert",1000115232,Right,STA_YAN,eca5a83a-d29e-4208-b2ee-5bc63042a8ea,54.41892,-128.63187,14.43831,5.42655,1.00343,-15.03414,-2.53246,7.84171,-9.18249,,,,,,,,,,,,,,,,,,,,,,,,,,,,,,,,,,,,,,,,,,,,,,,,,,,High,High,High,,,,,
265,2025-08-31,16:30:28.03,4,2,"Baker, Robbie",682595,Right,STA_YAN,"Watson, Kevin",675982,Left,LAN,Undefined,8,Bottom,0,0,1,Undefined,Four-Seam,StrikeSwinging,Undefined,Undefined,Undefined,0,0,,94.36474,-1.981246,-3.37108,2348.229112,210.599839,1:00,5.51923,2.20615,6.39624,-11.33993,19.94855,11.12304,2.74826,0.0292,84.93978,-4.229937,-1.360669,0.402591,,,,,,,,,,,,-6.81536,11.31383,-1.96848,50,5.37109,7.56723,-136.70647,-4.97006,-12.71253,34.17141,-11.07068,LAN,STA_YAN,ClipperMagazine,Independent,ATL,20250831-ClipperMagazine-1,5552f360-86a9-11f0-af34-87ea718ebaa4,93.62473,,,9.42496,,,,,,,5b61ec32-66d2-41eb-a7be-f179224c2041,2025-08-31,20:30:28.03,2025-08-31T16:30:28.0389120-04:00,2025-08-31T20:30:28.0389120Z,,v3,1889,586,,"Espinosa, Albert",1000115232,Right,STA_YAN,b20e878f-f04d-4dd5-88c0-4389e898812f,54.0986,-137.72716,17.0857,5.51461,-4.63938,-5.53534,-2.20018,7.94695,-6.35626,,,,,,,,,,,,,,,,,,,,,,,,,,,,,,,,,,,,,,,,,,,,,,,,,,,High,High,High,,,,,
266,2025-08-31,16:30:51.34,4,3,"Baker, Robbie",682595,Right,STA_YAN,"Watson, Kevin",675982,Left,LAN,Undefined,8,Bottom,0,0,2,Undefined,Four-Seam,BallCalled,Undefined,Undefined,Undefined,0,0,,94.8605,-0.763491,-4.02238,2253.335689,210.234821,1:00,5.52147,2.00782,6.10933,-11.81095,19.39009,10.66434,3.82946,-0.82902,85.59903,-3.080612,-2.107938,0.402028,,,,,,,,,,,,-6.68091,10.50792,-1.70381,50,5.45629,9.17693,-137.37747,-2.1155,-12.64005,33.26984,-12.29344,LAN,STA_YAN,ClipperMagazine,Independent,ATL,20250831-ClipperMagazine-1,63372a00-86a9-11f0-af34-87ea718ebaa4,93.75583,,,9.26147,,,,,,,5b61ec32-66d2-41eb-a7be-f179224c2041,2025-08-31,20:30:51.34,2025-08-31T16:30:51.3491456-04:00,2025-08-31T20:30:51.3491456Z,,v3,1889,586,,"Espinosa, Albert",1000115232,Right,STA_YAN,d382f45d-4a2e-496e-8e30-7bed8cf79191,54.38593,-138.43557,16.63492,5.51735,-1.72453,-6.14672,-2.00206,9.57893,-6.32002,,,,,,,,,,,,,,,,,,,,,,,,,,,,,,,,,,,,,,,,,,,,,,,,,,,High,High,High,,,,,
267,2025-08-31,16:31:05.59,4,4,"Baker, Robbie",682595,Right,STA_YAN,"Watson, Kevin",675982,Left,LAN,Undefined,8,Bottom,0,1,2,Undefined,Sinker,BallCalled,Undefined,Undefined,Undefined,0,0,,87.99916,-2.354235,-4.733606,2164.477847,261.160248,2:45,5.27844,2.45522,6.01829,-31.95136,4.20059,19.48261,0.42648,-0.31582,80.65884,-8.252711,-1.236897,0.43275,,,,,,,,,,,,-11.42264,3.15457,-2.09443,50,5.07577,9.76904,-127.41668,-6.3306,-18.75288,26.51207,-26.99509,LAN,STA_YAN,ClipperMagazine,Independent,ATL,20250831-ClipperMagazine-1,6bba93b0-86a9-11f0-af34-87ea718ebaa4,87.0998,,,7.34032,,,,,,,5b61ec32-66d2-41eb-a7be-f179224c2041,2025-08-31,20:31:05.59,2025-08-31T16:31:05.5992320-04:00,2025-08-31T20:31:05.5992320Z,,v3,1889,586,,"Espinosa, Albert",1000115232,Right,STA_YAN,20997a5b-3621-48c6-83de-03fec86eed89,54.48243,-128.34597,13.25604,5.28108,-5.38438,-13.49755,-2.44837,10.42636,-9.37644,,,,,,,,,,,,,,,,,,,,,,,,,,,,,,,,,,,,,,,,,,,,,,,,,,,High,High,High,,,,,
268,2025-08-31,16:31:25.94,4,5,"Baker, Robbie",682595,Right,STA_YAN,"Watson, Kevin",675982,Left,LAN,Undefined,8,Bottom,0,2,2,Undefined,Sinker,StrikeSwinging,Strikeout,Undefined,Undefined,0,0,,88.10013,-1.166254,-4.791728,2153.555621,264.937108,2:45,5.3932,2.33671,5.99487,-33.05167,2.99205,20.68792,1.55422,-0.39005,80.63297,-7.273462,-1.082419,0.432102,,,,,,,,,,,,-11.9856,2.20917,-1.96994,50,5.28282,9.85142,-127.63348,-3.73768,-19.75764,26.43438,-28.53235,LAN,STA_YAN,ClipperMagazine,Independent,ATL,20250831-ClipperMagazine-1,77e840b0-86a9-11f0-af34-87ea718ebaa4,87.23047,,,7.46715,,,,,,,5b61ec32-66d2-41eb-a7be-f179224c2041,2025-08-31,20:31:25.94,2025-08-31T16:31:25.9454464-04:00,2025-08-31T20:31:25.9454464Z,,v3,1889,586,,"Espinosa, Albert",1000115232,Right,STA_YAN,9dd46610-344a-4f4c-90ec-b0e4e0c6c5b0,54.50562,-128.56326,13.21719,5.39664,-2.7341,-14.26617,-2.32867,10.54636,-9.87882,,,,,,,,,,,,,,,,,,,,,,,,,,,,,,,,,,,,,,,,,,,,,,,,,,,High,High,High,,,,,
269,2025-08-31,16:31:54.53,5,1,"Baker, Robbie",682595,Right,STA_YAN,"Coca, Yeison",665883,Right,LAN,Undefined,8,Bottom,1,0,0,Undefined,Four-Seam,FoulBallNotFieldable,Undefined,Undefined,Undefined,0,0,,94.20769,-1.487335,-3.955639,2220.057802,206.09413,12:45,5.49512,2.12029,6.17546,-12.77351,18.64292,8.61304,3.05347,-0.8209,85.4995,-3.969032,-2.407429,0.403413,77.24509,9.137619,-172.610025,5092.957572,,,,,31.61024,,,-5.50355,10.29882,-1.82442,50,5.37523,9.03816,-136.44588,-3.85886,-10.33284,31.17093,-12.83809,LAN,STA_YAN,ClipperMagazine,Independent,ATL,20250831-ClipperMagazine-1,88cd8250-86a9-11f0-af34-87ea718ebaa4,93.43385,7.87495,,8.70819,,,,0.30329,2.88955,1.05764,5b61ec32-66d2-41eb-a7be-f179224c2041,2025-08-31,20:31:54.53,2025-08-31T16:31:54.5375232-04:00,2025-08-31T20:31:54.5375232Z,,v3,1889,586,,"Espinosa, Albert",1000115232,Right,STA_YAN,9ad1e775-709c-4752-aeac-941b0d21caac,54.31779,-137.42874,15.58547,5.49052,-3.45406,-6.41905,-2.11453,9.36396,-5.16642,227.067948,0.30393,-110.95554,7.96641,,,,,,,2.88835,18.04596,-3.11508,,,,,,,1.05932,-14.46272,-14.1232,,,,,,,,,,,,,,,,,,,,,,,,,,,,,High,High,High,Low,Undefined,,,
270,2025-08-31,16:32:12.39,5,2,"Baker, Robbie",682595,Right,STA_YAN,"Coca, Yeison",665883,Right,LAN,Undefined,8,Bottom,1,0,1,Undefined,Sinker,InPlay,Undefined,GroundBall,Out,1,0,,87.70543,-1.332908,-4.272497,2050.672023,254.257178,2:30,5.42145,2.48006,6.00511,-29.67994,6.81886,19.81489,1.70952,0.16549,79.84756,-6.854173,-0.71654,0.434821,78.78396,-22.878003,22.18273,,,,,5.96612,5.96612,13.681198,0.039304,-11.50107,4.25063,-2.15484,50,5.30015,8.69037,-127.07093,-3.94361,-18.68748,27.55661,-25.26746,LAN,STA_YAN,ClipperMagazine,Independent,ATL,20250831-ClipperMagazine-1,938cd240-86a9-11f0-af34-87ea718ebaa4,86.68489,1.76912,,7.85787,,,,1.91457,1.76912,-0.17186,5b61ec32-66d2-41eb-a7be-f179224c2041,2025-08-31,20:32:12.39,2025-08-31T16:32:12.3917312-04:00,2025-08-31T20:32:12.3917312Z,GroundBall,v3,1889,586,,"Espinosa, Albert",1000115232,Right,STA_YAN,2c7d2652-30c0-4643-9ab6-01c305e6fac6,54.49462,-128.04192,13.7783,5.42342,-3.05327,-12.63373,-2.47266,9.34885,-9.34374,,1.91333,98.77593,,,,,,,,1.76969,-45.01145,,,,,,,,-0.17237,40.27498,,,,,,,,,,,,,,,,,,,,,,,,,,,,,,High,High,High,Estimated,Estimated,,,
271,2025-08-31,16:32:48.31,6,1,"Baker, Robbie",682595,Right,STA_YAN,"Mercedes, Melvin",621034,Right,LAN,Undefined,8,Bottom,2,0,0,Undefined,Sinker,BallCalled,Undefined,Undefined,Undefined,0,0,,87.44951,-2.634262,-5.182293,2070.454457,254.65467,2:30,5.3634,2.44779,5.8924,-30.32143,6.49579,19.31702,0.37903,-0.76719,80.17144,-8.228143,-1.727964,0.436714,,,,,,,,,,,,-11.36638,4.41177,-2.04066,50,5.13275,10.68237,-126.4815,-6.86608,-18.41309,25.79119,-25.02717,LAN,STA_YAN,ClipperMagazine,Independent,ATL,20250831-ClipperMagazine-1,a8f997d0-86a9-11f0-af34-87ea718ebaa4,86.30927,,,7.27807,,,,,,,5b61ec32-66d2-41eb-a7be-f179224c2041,2025-08-31,20:32:48.31,2025-08-31T16:32:48.3188224-04:00,2025-08-31T20:32:48.3188224Z,,v3,1889,586,,"Espinosa, Albert",1000115232,Right,STA_YAN,0b73c430-933f-4c8d-bf16-0fee07e90783,54.60776,-127.41762,12.89559,5.36548,-5.9577,-12.51359,-2.44052,11.35069,-9.20655,,,,,,,,,,,,,,,,,,,,,,,,,,,,,,,,,,,,,,,,,,,,,,,,,,,High,High,High,,,,,
272,2025-08-31,16:33:17.55,6,2,"Baker, Robbie",682595,Right,STA_YAN,"Mercedes, Melvin",621034,Right,LAN,Undefined,8,Bottom,2,1,0,Undefined,Four-Seam,InPlay,Undefined,GroundBall,Out,1,0,,93.97836,-2.222052,-4.353707,2259.965632,209.435919,1:00,5.43824,2.18896,5.96284,-13.21253,18.37655,9.81516,2.26983,-1.03781,86.09224,-4.753583,-2.597758,0.40452,59.34157,14.097873,26.005126,795.840961,,,,105.39118,104.51491,27.636054,1.389581,-6.21567,10.33918,-1.84863,50,5.25408,9.93952,-136.15171,-5.6756,-11.71708,28.70134,-12.68375,LAN,STA_YAN,ClipperMagazine,Independent,ATL,20250831-ClipperMagazine-1,ba6f0b80-86a9-11f0-af34-87ea718ebaa4,93.17822,8.88214,,7.88613,,,,1.31929,2.34156,1.07452,5b61ec32-66d2-41eb-a7be-f179224c2041,2025-08-31,20:33:17.55,2025-08-31T16:33:17.5506944-04:00,2025-08-31T20:33:17.5506944Z,GroundBall,v3,1889,586,,"Espinosa, Albert",1000115232,Right,STA_YAN,d61850e2-4c0e-44c2-84a1-2fba6d119c0d,54.53632,-137.10465,14.35067,5.43553,-5.25448,-6.34187,-2.1851,10.32855,-5.85854,257.091326,1.31929,75.86594,-8.29911,1.3396,-0.12442,-0.37269,0.42532,-0.23069,0.05028,2.34156,21.19989,-17.8626,1.22551,-0.27661,0.19256,-0.15828,0.08187,-0.01752,1.07452,37.01073,-1.64366,-0.3199,0.23057,-0.20661,0.175,-0.09016,0.01926,,,,,,,,,,,,,,,,,,,,,,,High,High,High,High,High,,,
273,2025-08-31,16:36:06.89,1,1,"Rees, Jackson",682448,Right,LAN,"Brown, Vaun",673901,Right,STA_YAN,Undefined,9,Top,0,0,0,Undefined,Sinker,BallCalled,Undefined,Undefined,Undefined,0,0,,95.23523,-2.102863,-4.504098,2325.294523,254.454564,2:30,6.15967,1.51663,5.76429,-25.68293,5.8313,16.87981,2.05535,-1.27735,86.04572,-6.869199,-1.490482,0.40404,,,,,,,,,,,,-9.92646,3.98768,-1.15304,50,5.96973,10.04438,-137.67552,-6.0346,-18.81418,34.13113,-24.61594,LAN,STA_YAN,ClipperMagazine,Independent,ATL,20250831-ClipperMagazine-1,1f630230-86aa-11f0-af34-87ea718ebaa4,93.28883,,,9.18951,,,,,,,5b61ec32-66d2-41eb-a7be-f179224c2041,2025-08-31,20:36:06.89,2025-08-31T16:36:06.8985856-04:00,2025-08-31T20:36:06.8985856Z,,v3,1889,586,,"Campagna, Joe",690523,Right,LAN,93ba0642-b85a-4e7b-b8cf-7e53757a60c2,54.73185,-138.84364,17.06556,6.16185,-5.19214,-12.30797,-1.50782,10.68828,-9.40709,,,,,,,,,,,,,,,,,,,,,,,,,,,,,,,,,,,,,,,,,,,,,,,,,,,High,High,High,,,,,
274,2025-08-31,16:36:21.61,1,2,"Rees, Jackson",682448,Right,LAN,"Brown, Vaun",673901,Right,STA_YAN,Undefined,9,Top,0,1,0,Undefined,Sinker,InPlay,Undefined,GroundBall,Out,1,0,,95.4241,-1.27937,-3.691723,2434.751668,248.018151,2:15,6.14703,1.39404,5.52798,-23.84068,7.47532,15.94371,2.96164,-0.73321,86.8437,-5.691423,-0.854855,0.402767,95.00558,-10.858789,-20.113901,,,,,16.68326,16.68326,-15.498056,0.111692,-9.16532,4.44477,-1.08399,50,6.0198,8.17459,-138.25049,-4.00571,-17.66411,32.03166,-23.60781,LAN,STA_YAN,ClipperMagazine,Independent,ATL,20250831-ClipperMagazine-1,281f5630-86aa-11f0-af34-87ea718ebaa4,93.58364,3.06436,,8.58039,,,,2.03478,3.06436,0.78045,5b61ec32-66d2-41eb-a7be-f179224c2041,2025-08-31,20:36:21.61,2025-08-31T16:36:21.6196608-04:00,2025-08-31T20:36:21.6196608Z,GroundBall,v3,1889,586,,"Campagna, Joe",690523,Right,LAN,d0dfdb29-4570-4c8f-a463-6a41e554d013,54.97125,-139.39754,16.01583,6.1481,-3.16032,-11.8039,-1.38804,8.80714,-8.83205,91.088697,2.03512,128.45944,-24.58742,,,,,,,3.0644,-26.25528,-10.59712,,,,,,,0.78048,-47.06313,1.46051,,,,,,,,,,,,,,,,,,,,,,,,,,,,,High,High,High,High,High,,,
275,2025-08-31,16:37:02.91,2,1,"Rees, Jackson",682448,Right,LAN,"Sandoval, Pablo",467055,Left,STA_YAN,Undefined,9,Top,1,0,0,Undefined,Slider,BallCalled,Undefined,Undefined,Undefined,0,0,,84.58701,-2.885126,-2.755764,2375.77217,232.719996,1:45,6.48859,1.56533,5.90325,-37.61565,1.87339,0.71138,0.6704,-0.93547,77.44074,-9.777316,-2.627924,0.452282,,,,,,,,,,,,-1.20843,2.22795,-1.34418,50,6.2349,5.87019,-122.53859,-7.44058,-1.81996,26.3635,-28.81863,LAN,STA_YAN,ClipperMagazine,Independent,ATL,20250831-ClipperMagazine-1,40b2fe40-86aa-11f0-af34-87ea718ebaa4,83.33829,,,7.14627,,,,,,,5b61ec32-66d2-41eb-a7be-f179224c2041,2025-08-31,20:37:02.91,2025-08-31T16:37:02.9149184-04:00,2025-08-31T20:37:02.9149184Z,,v3,1889,586,,"Campagna, Joe",690523,Right,LAN,f8d10219-4341-41ea-92d8-9cdc1a4db590,54.59485,-123.5232,13.18175,6.49268,-6.36428,-14.40931,-1.56469,5.93816,-0.90998,,,,,,,,,,,,,,,,,,,,,,,,,,,,,,,,,,,,,,,,,,,,,,,,,,,High,High,High,,,,,
276,2025-08-31,16:37:21.81,2,2,"Rees, Jackson",682448,Right,LAN,"Sandoval, Pablo",467055,Left,STA_YAN,Undefined,9,Top,1,1,0,Undefined,Slider,StrikeSwinging,Undefined,Undefined,Undefined,0,0,,84.45622,-1.588392,-2.776701,2584.351453,13.008632,6:30,6.25961,1.67011,5.85978,-43.49349,-4.31792,-1.26709,1.15737,-1.01715,78.15938,-9.512181,-3.004239,0.450484,,,,,,,,,,,,-0.10756,-1.43543,-1.44402,50,6.10517,5.99661,-122.61224,-4.90456,-0.16404,23.84706,-34.36308,LAN,STA_YAN,ClipperMagazine,Independent,ATL,20250831-ClipperMagazine-1,4c025930-86aa-11f0-af34-87ea718ebaa4,83.67102,,,6.29683,,,,,,,5b61ec32-66d2-41eb-a7be-f179224c2041,2025-08-31,20:37:21.81,2025-08-31T16:37:21.8107392-04:00,2025-08-31T20:37:21.8107392Z,,v3,1889,586,,"Campagna, Joe",690523,Right,LAN,1558ac6d-4e83-4380-aff5-b32746e8a5df,54.6407,-123.51152,11.92353,6.26569,-3.60872,-17.18154,-1.67027,6.00279,-0.08202,,,,,,,,,,,,,,,,,,,,,,,,,,,,,,,,,,,,,,,,,,,,,,,,,,,High,High,High,,,,,
277,2025-08-31,16:37:39.46,2,3,"Rees, Jackson",682448,Right,LAN,"Sandoval, Pablo",467055,Left,STA_YAN,Undefined,9,Top,1,1,1,Undefined,Slider,BallCalled,Undefined,Undefined,Undefined,0,0,,83.38125,-0.425159,-0.651118,2565.1583,31.023759,7:00,5.96492,2.14136,5.73507,-46.00136,-5.74008,-4.17347,1.73553,1.18722,77.03474,-8.812637,-1.400001,0.456683,,,,,,,,,,,,1.94299,-2.40165,-2.0846,50,5.90142,1.54567,-121.20608,-2.51889,2.89655,23.2205,-35.75431,LAN,STA_YAN,ClipperMagazine,Independent,ATL,20250831-ClipperMagazine-1,569038e0-86aa-11f0-af34-87ea718ebaa4,82.53517,,,6.34652,,,,,,,5b61ec32-66d2-41eb-a7be-f179224c2041,2025-08-31,20:37:39.46,2025-08-31T16:37:39.4698752-04:00,2025-08-31T20:37:39.4698752Z,,v3,1889,586,,"Campagna, Joe",690523,Right,LAN,359c5ccd-7c15-4d27-b040-eef5ae8753d1,54.76504,-122.11555,11.61025,5.97265,-1.11852,-17.87715,-2.14291,1.43222,1.44827,,,,,,,,,,,,,,,,,,,,,,,,,,,,,,,,,,,,,,,,,,,,,,,,,,,High,High,High,,,,,
278,2025-08-31,16:37:56.56,2,4,"Rees, Jackson",682448,Right,LAN,"Sandoval, Pablo",467055,Left,STA_YAN,Undefined,9,Top,1,2,1,Undefined,Sinker,BallCalled,Undefined,Undefined,Undefined,0,0,,96.43742,-2.80011,-1.888442,2511.922677,250.973694,2:15,6.26444,1.32581,5.61627,-23.56852,6.99327,17.33391,1.6836,1.00721,87.95978,-7.150258,1.209903,0.397888,,,,,,,,,,,,-9.2778,4.68134,-1.17567,50,6.01015,3.77432,-139.7802,-7.74798,-18.26387,32.98285,-22.95853,LAN,STA_YAN,ClipperMagazine,Independent,ATL,20250831-ClipperMagazine-1,60b25e70-86aa-11f0-af34-87ea718ebaa4,94.7313,,,8.47764,,,,,,,5b61ec32-66d2-41eb-a7be-f179224c2041,2025-08-31,20:37:56.56,2025-08-31T16:37:56.5666816-04:00,2025-08-31T20:37:56.5666816Z,,v3,1889,586,,"Campagna, Joe",690523,Right,LAN,07e71cff-b996-4b6a-9c25-9dfbb152b01d,54.8813,-140.92729,16.49143,6.26573,-6.94952,-11.47927,-1.31798,4.40951,-9.13194,,,,,,,,,,,,,,,,,,,,,,,,,,,,,,,,,,,,,,,,,,,,,,,,,,,High,High,High,,,,,
279,2025-08-31,16:38:13.72,2,5,"Rees, Jackson",682448,Right,LAN,"Sandoval, Pablo",467055,Left,STA_YAN,Undefined,9,Top,1,3,1,Undefined,Sinker,InPlay,Undefined,GroundBall,Out,1,0,,93.86461,-1.236373,-2.199996,2602.321319,236.43861,2:00,5.81813,1.71129,5.54122,-27.2399,5.08878,6.05359,2.3916,0.15865,85.48035,-6.256576,-1.120529,0.409228,79.2196,-30.505302,6.997555,,,,,6.31414,6.31394,3.06812,0.041775,-3.72201,3.24398,-1.52474,50,5.69287,4.95073,-136.12733,-3.98539,-6.94183,31.56817,-26.12379,LAN,STA_YAN,ClipperMagazine,Independent,ATL,20250831-ClipperMagazine-1,6ae41460-86aa-11f0-af34-87ea718ebaa4,92.10619,2.47074,,8.38427,,,,2.14273,2.47074,-0.17294,5b61ec32-66d2-41eb-a7be-f179224c2041,2025-08-31,20:38:13.72,2025-08-31T16:38:13.7254912-04:00,2025-08-31T20:38:13.7254912Z,GroundBall,v3,1889,586,,"Campagna, Joe",690523,Right,LAN,1b7a63c2-07a1-4c50-8fc0-eca825b6e66f,54.95692,-137.27204,15.78409,5.82021,-3.03811,-13.06189,-1.70882,5.20245,-3.47092,,2.14087,99.63708,,,,,,,,2.47184,-59.14369,,,,,,,,-0.17317,12.22958,,,,,,,,,,,,,,,,,,,,,,,,,,,,,,High,High,High,Estimated,Estimated,,,
280,2025-08-31,16:38:54.28,3,1,"Rees, Jackson",682448,Right,LAN,"Maggi, Drew",543482,Right,STA_YAN,Undefined,9,Top,2,0,0,Undefined,Sinker,BallCalled,Undefined,Undefined,Undefined,0,0,,96.71696,-2.835147,-2.94682,2372.751662,267.18625,3:00,6.1036,1.49892,5.48149,-28.76427,1.98382,18.55572,1.04823,0.28565,87.84478,-8.099461,0.361067,0.399099,,,,,,,,,,,,-10.25312,2.20173,-1.25318,50,5.83503,6.30579,-139.99349,-8.11622,-20.12691,34.80191,-27.85205,LAN,STA_YAN,ClipperMagazine,Independent,ATL,20250831-ClipperMagazine-1,832110f0-86aa-11f0-af34-87ea718ebaa4,94.44388,,,8.87218,,,,,,,5b61ec32-66d2-41eb-a7be-f179224c2041,2025-08-31,20:38:54.28,2025-08-31T16:38:54.2897152-04:00,2025-08-31T20:38:54.2897152Z,,v3,1889,586,,"Campagna, Joe",690523,Right,LAN,f71e597f-15bf-4346-a523-ee50d9f6d3d7,55.01681,-141.23514,17.40095,6.10687,-7.12252,-13.92602,-1.49096,7.02388,-10.06346,,,,,,,,,,,,,,,,,,,,,,,,,,,,,,,,,,,,,,,,,,,,,,,,,,,High,High,High,,,,,
281,2025-08-31,16:39:09.08,3,2,"Rees, Jackson",682448,Right,LAN,"Maggi, Drew",543482,Right,STA_YAN,Undefined,9,Top,2,1,0,Undefined,Sinker,StrikeCalled,Undefined,Undefined,Undefined,0,0,,96.75348,-0.588131,-2.746843,2406.502533,264.849031,2:45,5.76669,1.61209,5.47667,-28.14478,2.63575,16.9241,2.87032,0.45018,87.20715,-5.778734,0.266605,0.399309,,,,,,,,,,,,-9.34079,1.86705,-1.38239,50,5.69616,5.88235,-140.13876,-2.58964,-18.30134,36.02987,-28.51596,LAN,STA_YAN,ClipperMagazine,Independent,ATL,20250831-ClipperMagazine-1,8be1aab0-86aa-11f0-af34-87ea718ebaa4,94.39413,,,9.54632,,,,,,,5b61ec32-66d2-41eb-a7be-f179224c2041,2025-08-31,20:39:09.08,2025-08-31T16:39:09.0885632-04:00,2025-08-31T20:39:09.0885632Z,,v3,1889,586,,"Campagna, Joe",690523,Right,LAN,e869fe4e-c0bc-48f9-a9ea-8a9da5f7aff6,55.01967,-141.42343,18.01493,5.77037,-1.57288,-14.25798,-1.60376,6.5349,-9.15067,,,,,,,,,,,,,,,,,,,,,,,,,,,,,,,,,,,,,,,,,,,,,,,,,,,High,High,High,,,,,
282,2025-08-31,16:39:27.00,3,3,"Rees, Jackson",682448,Right,LAN,"Maggi, Drew",543482,Right,STA_YAN,Undefined,9,Top,2,1,1,Undefined,Sinker,StrikeCalled,Undefined,Undefined,Undefined,0,0,,96.47625,-1.688826,-3.228223,2376.990436,258.0499,2:30,6.21197,0.99564,5.67123,-26.24116,4.24988,15.28119,2.44771,-0.74386,87.84575,-6.531121,-0.498662,0.397427,,,,,,,,,,,,-8.63815,2.98106,-0.73241,50,6.05287,7.14993,-139.80322,-5.15719,-17.01096,32.98185,-26.30347,LAN,STA_YAN,ClipperMagazine,Independent,ATL,20250831-ClipperMagazine-1,96a6c700-86aa-11f0-af34-87ea718ebaa4,94.84115,,,8.63049,,,,,,,5b61ec32-66d2-41eb-a7be-f179224c2041,2025-08-31,20:39:27.00,2025-08-31T16:39:27.0088704-04:00,2025-08-31T20:39:27.0088704Z,,v3,1889,586,,"Campagna, Joe",690523,Right,LAN,77d6c864-bff5-4c5c-8fa6-2df4536757e3,54.82609,-140.93717,16.49093,6.21463,-4.25284,-13.15174,-0.98829,7.73478,-8.50548,,,,,,,,,,,,,,,,,,,,,,,,,,,,,,,,,,,,,,,,,,,,,,,,,,,High,High,High,,,,,
283,2025-08-31,16:39:47.79,3,4,"Rees, Jackson",682448,Right,LAN,"Maggi, Drew",543482,Right,STA_YAN,Undefined,9,Top,2,1,2,Undefined,Curveball,BallCalled,Undefined,Undefined,Undefined,0,0,,81.73432,-1.915985,-4.20918,3090.928311,61.990832,8:00,5.60155,2.13767,5.47633,-51.56507,-7.99469,-17.90186,-0.4939,-3.2999,74.64904,-11.194304,-7.389102,0.47508,,,,,,,,,,,,7.68308,-3.04543,-1.75471,50,5.39753,9.40392,-118.16238,-5.76987,10.6115,27.36726,-36.38023,LAN,STA_YAN,ClipperMagazine,Independent,ATL,20250831-ClipperMagazine-1,a2f71730-86aa-11f0-af34-87ea718ebaa4,79.33907,,,7.08528,,,,,,,5b61ec32-66d2-41eb-a7be-f179224c2041,2025-08-31,20:39:47.79,2025-08-31T16:39:47.7979648-04:00,2025-08-31T20:39:47.7979648Z,,v3,1889,586,,"Campagna, Joe",690523,Right,LAN,59a32287-3f36-4c64-ac80-a22b265b88a6,55.02419,-119.32034,13.68363,5.6091,-4.23055,-18.19012,-2.14311,8.95492,5.30575,,,,,,,,,,,,,,,,,,,,,,,,,,,,,,,,,,,,,,,,,,,,,,,,,,,High,High,High,,,,,
284,2025-08-31,16:40:15.18,3,5,"Rees, Jackson",682448,Right,LAN,"Maggi, Drew",543482,Right,STA_YAN,Undefined,9,Top,2,2,2,Undefined,Curveball,BallCalled,Undefined,Undefined,Undefined,0,0,,84.14981,-2.353593,-1.673767,2647.267853,9.013558,6:15,6.43338,1.17465,5.71822,-46.0814,-6.558,-1.21921,0.39871,-0.48652,78.34532,-10.688972,-1.892711,0.452479,,,,,,,,,,,,0.18555,-2.46496,-1.03396,50,6.20747,3.61954,-122.24317,-6.63915,0.28211,23.01988,-35.92177,LAN,STA_YAN,ClipperMagazine,Independent,ATL,20250831-ClipperMagazine-1,b356d520-86aa-11f0-af34-87ea718ebaa4,83.30203,,,5.80449,,,,,,,5b61ec32-66d2-41eb-a7be-f179224c2041,2025-08-31,20:40:15.18,2025-08-31T16:40:15.1828992-04:00,2025-08-31T20:40:15.1828992Z,,v3,1889,586,,"Campagna, Joe",690523,Right,LAN,12da4142-abce-4769-9662-a26ba171a659,54.78391,-123.14075,11.50994,6.43903,-5.23852,-17.96088,-1.17487,3.60854,0.14106,,,,,,,,,,,,,,,,,,,,,,,,,,,,,,,,,,,,,,,,,,,,,,,,,,,High,High,High,,,,,
285,2025-08-31,16:40:35.40,3,6,"Rees, Jackson",682448,Right,LAN,"Maggi, Drew",543482,Right,STA_YAN,Undefined,9,Top,2,3,2,Undefined,Sinker,InPlay,Undefined,FlyBall,Double,0,0,,97.16968,-2.072537,-2.352811,2455.574909,239.627668,2:00,5.91633,1.25316,5.60694,-21.24273,8.64378,13.16253,2.20903,0.15258,89.06901,-6.005155,-0.003003,0.393468,103.57361,22.107144,-13.9827,1830.042492,106.33992,41.48756,-28.13886,381.37344,381.37344,-18.228317,4.370268,-7.35969,5.22248,-1.06078,50,5.72517,5.17956,-140.99716,-5.91502,-14.84379,31.48658,-21.64075,LAN,STA_YAN,ClipperMagazine,Independent,ATL,20250831-ClipperMagazine-1,bf58b730-86aa-11f0-af34-87ea718ebaa4,95.79551,60.45168,,8.10067,,,,2.04342,2.31881,-0.1463,5b61ec32-66d2-41eb-a7be-f179224c2041,2025-08-31,20:40:35.40,2025-08-31T16:40:35.4006528-04:00,2025-08-31T20:40:35.4006528Z,LineDrive,v3,1889,586,,"Campagna, Joe",690523,Right,LAN,a6c2649a-0577-4c5f-b5b0-7d527fc5e27e,54.89293,-142.08562,15.74329,5.91672,-5.16692,-10.82038,-1.2487,5.69269,-7.4219,165.256125,2.04292,136.57991,-25.71534,6.14886,-1.4207,0.30779,-0.05258,0.00551,-0.00025,2.31953,57.15415,-15.00723,0.45585,0.04873,-0.02933,0.00307,0.00052,-9E-05,-0.14624,-34.00789,3.2992,-0.82272,0.19361,-0.04133,0.00678,-0.00068,3E-05,,,,,,,,,,,,,,,,,,,,,,,High,High,High,High,High,,,
286,2025-08-31,16:41:23.19,4,1,"Rees, Jackson",682448,Right,LAN,"Rodriguez, Cristhian",682725,Left,STA_YAN,Undefined,9,Top,2,0,0,Undefined,Sinker,BallCalled,Undefined,Undefined,Undefined,0,0,,97.56929,-1.4668,-1.676605,2461.961973,256.830037,2:30,6.27627,1.23432,5.61926,-24.88226,5.19374,17.58804,2.833,1.13489,88.07296,-6.078589,1.466641,0.394713,,,,,,,,,,,,-9.353,3.44189,-1.10238,50,6.13542,3.26665,-141.40832,-4.60518,-18.66108,36.64914,-25.30677,LAN,STA_YAN,ClipperMagazine,Independent,ATL,20250831-ClipperMagazine-1,dbde0bd0-86aa-11f0-af34-87ea718ebaa4,95.49328,,,9.49633,,,,,,,5b61ec32-66d2-41eb-a7be-f179224c2041,2025-08-31,20:41:23.19,2025-08-31T16:41:23.1931392-04:00,2025-08-31T20:41:23.1931392Z,,v3,1889,586,,"Campagna, Joe",690523,Right,LAN,0cb6c58f-a57f-4b43-b400-19de1e53bbf9,54.87651,-142.66658,18.32457,6.27861,-3.73634,-12.65339,-1.22553,3.90734,-9.33054,,,,,,,,,,,,,,,,,,,,,,,,,,,,,,,,,,,,,,,,,,,,,,,,,,,High,High,High,,,,,
287,2025-08-31,16:41:42.05,4,2,"Rees, Jackson",682448,Right,LAN,"Rodriguez, Cristhian",682725,Left,STA_YAN,Undefined,9,Top,2,1,0,Undefined,Sinker,FoulBallNotFieldable,Undefined,Undefined,Undefined,0,0,,97.07033,-4.305405,-2.274405,2499.125541,257.263283,2:30,6.29334,1.14014,5.48528,-25.34076,5.60288,19.50265,0.14282,0.63638,87.2894,-8.964445,1.205428,0.400366,,,,,,,,,,,,-10.63186,4.65347,-0.95443,50,5.89815,4.61846,-140.17604,-11.56323,-20.66729,38.4849,-23.12817,LAN,STA_YAN,ClipperMagazine,Independent,ATL,20250831-ClipperMagazine-1,e70a9c80-86aa-11f0-af34-87ea718ebaa4,94.14499,,,9.78093,,,,,,,5b61ec32-66d2-41eb-a7be-f179224c2041,2025-08-31,20:41:42.05,2025-08-31T16:41:42.0595712-04:00,2025-08-31T20:41:42.0595712Z,,v3,1889,586,,"Campagna, Joe",690523,Right,LAN,eeb982b2-bd6f-4e7d-b30e-a6afb4e79b09,55.0116,-141.54528,19.24245,6.29491,-10.74037,-11.56409,-1.13182,5.35377,-10.33365,,,,,,,,,,,,,,,,,,,,,,,,,,,,,,,,,,,,,,,,,,,,,,,,,,,High,High,High,,,,,
288,2025-08-31,16:42:10.47,4,3,"Rees, Jackson",682448,Right,LAN,"Rodriguez, Cristhian",682725,Left,STA_YAN,Undefined,9,Top,2,1,1,Undefined,Sinker,InPlay,Undefined,GroundBall,Out,1,0,,97.46032,-2.110435,-3.019134,2435.451451,275.740775,3:15,5.81349,1.58126,5.68196,-31.05592,-0.54417,17.43005,1.25466,0.21691,87.11255,-7.836537,0.099191,0.397562,56.0053,-33.120155,49.921525,,,,,4.17455,4.17455,20.096902,0.031245,-9.94351,0.82256,-1.338,50,5.6162,6.5945,-140.94589,-6.45331,-19.44124,40.40835,-30.56581,LAN,STA_YAN,ClipperMagazine,Independent,ATL,20250831-ClipperMagazine-1,f8020690-86aa-11f0-af34-87ea718ebaa4,94.80893,1.40685,,10.34776,,,,2.53198,1.40685,-0.21562,5b61ec32-66d2-41eb-a7be-f179224c2041,2025-08-31,20:42:10.47,2025-08-31T16:42:10.4771072-04:00,2025-08-31T20:42:10.4771072Z,GroundBall,v3,1889,586,,"Campagna, Joe",690523,Right,LAN,83e042e2-b47b-4f3a-9e8e-0ed21839a281,54.81457,-142.31951,20.20418,5.81791,-5.41427,-15.28291,-1.5734,7.25537,-9.72062,,2.53126,44.43597,,,,,,,,1.40758,-45.02655,,,,,,,,-0.21647,52.80966,,,,,,,,,,,,,,,,,,,,,,,,,,,,,,High,High,High,Estimated,Estimated,,,