PitchNo,Date,Time,PAofInning,PitchofPA,Pitcher,PitcherId,PitcherThrows,PitcherTeam,Batter,BatterId,BatterSide,BatterTeam,PitcherSet,Inning,Top/Bottom,Outs,Balls,Strikes,TaggedPitchType,AutoPitchType,PitchCall,KorBB,TaggedHitType,PlayResult,OutsOnPlay,RunsScored,Notes,RelSpeed,VertRelAngle,HorzRelAngle,SpinRate,SpinAxis,Tilt,RelHeight,RelSide,Extension,VertBreak,InducedVertBreak,HorzBreak,PlateLocHeight,PlateLocSide,ZoneSpeed,VertApprAngle,HorzApprAngle,ZoneTime,ExitSpeed,Angle,Direction,HitSpinRate,PositionAt110X,PositionAt110Y,PositionAt110Z,Distance,LastTrackedDistance,Bearing,HangTime,pfxx,pfxz,x0,y0,z0,vx0,vy0,vz0,ax0,ay0,az0,HomeTeam,AwayTeam,Stadium,Level,League,GameID,PitchUID,EffectiveVelo,MaxHeight,MeasuredDuration,SpeedDrop,PitchLastMeasuredX,PitchLastMeasuredY,PitchLastMeasuredZ,ContactPositionX,ContactPositionY,ContactPositionZ,GameUID,UTCDate,UTCTime,LocalDateTime,UTCDateTime,AutoHitType,System,HomeTeamForeignID,AwayTeamForeignID,GameForeignID,Catcher,CatcherId,CatcherThrows,CatcherTeam,PlayID,PitchTrajectoryXc0,PitchTrajectoryXc1,PitchTrajectoryXc2,PitchTrajectoryYc0,PitchTrajectoryYc1,PitchTrajectoryYc2,PitchTrajectoryZc0,PitchTrajectoryZc1,PitchTrajectoryZc2,HitSpinAxis,HitTrajectoryXc0,HitTrajectoryXc1,HitTrajectoryXc2,HitTrajectoryXc3,HitTrajectoryXc4,HitTrajectoryXc5,HitTrajectoryXc6,HitTrajectoryXc7,HitTrajectoryXc8,HitTrajectoryYc0,HitTrajectoryYc1,HitTrajectoryYc2,HitTrajectoryYc3,HitTrajectoryYc4,HitTrajectoryYc5,HitTrajectoryYc6,HitTrajectoryYc7,HitTrajectoryYc8,HitTrajectoryZc0,HitTrajectoryZc1,HitTrajectoryZc2,HitTrajectoryZc3,HitTrajectoryZc4,HitTrajectoryZc5,HitTrajectoryZc6,HitTrajectoryZc7,HitTrajectoryZc8,ThrowSpeed,PopTime,ExchangeTime,TimeToBase,CatchPositionX,CatchPositionY,CatchPositionZ,ThrowPositionX,ThrowPositionY,ThrowPositionZ,BasePositionX,BasePositionY,BasePositionZ,ThrowTrajectoryXc0,ThrowTrajectoryXc1,ThrowTrajectoryXc2,ThrowTrajectoryYc0,ThrowTrajectoryYc1,ThrowTrajectoryYc2,ThrowTrajectoryZc0,ThrowTrajectoryZc1,ThrowTrajectoryZc2,PitchReleaseConfidence,PitchLocationConfidence,PitchMovementConfidence,HitLaunchConfidence,HitLandingConfidence,CatcherThrowCatchConfidence,CatcherThrowReleaseConfidence,CatcherThrowLocationConfidence
1,2025-08-13,18:37:07.24,1,1,"Hillman, Juan",663535,Left,LI,"Miller, Jalen",663692,Right,YOR,Undefined,1,Top,0,0,0,Undefined,Four-Seam,StrikeCalled,Undefined,Undefined,Undefined,0,0,,90.18483,-2.86085,2.202295,2208.009228,143.261663,10:45,6.30426,-2.11026,6.80395,-15.83418,18.88536,-13.21524,2.31995,-1.16237,82.04926,-5.880076,-0.164493,0.42409,,,,,,,,,,,,7.34323,10.8006,1.93718,50,6.0597,-4.44394,-130.69222,-6.99001,12.63882,28.79575,-13.58456,LI,YOR,CenterIslip,Independent,ATL,20250813-CenterIslip-1,0b818330-7896-11f0-a98f-87b1e365742a,88.87831,,,8.13557,,,,,,,62d3ce5c-e40a-498f-9f47-c00d00055be0,2025-08-13,22:37:07.24,2025-08-13T18:37:07.2445952-04:00,2025-08-13T22:37:07.2445952Z,,v3,1896,5435,,"Antonini, Aaron",689577,Right,LI,d999f919-8b43-47d0-b7fc-cfa49498a1a7,54.69255,-131.72208,14.39787,6.30101,-6.50417,-6.79228,2.1042,-4.89596,6.31941,,,,,,,,,,,,,,,,,,,,,,,,,,,,,,,,,,,,,,,,,,,,,,,,,,,High,High,High,,,,,
2,2025-08-13,18:37:19.45,1,2,"Hillman, Juan",663535,Left,LI,"Miller, Jalen",663692,Right,YOR,Undefined,1,Top,0,0,1,Undefined,Changeup,InPlay,Undefined,FlyBall,Out,1,0,,80.34806,-0.949261,3.11272,1691.695683,117.976521,10:00,6.23213,-2.10049,6.93218,-34.42214,8.89662,-14.12351,2.48154,-0.38672,73.63488,-7.332188,0.577339,0.473707,73.5952,29.500638,-31.511485,3748.440065,92.66398,46.11941,-59.27372,256.07119,252.55333,-35.133229,3.710372,8.18622,5.22737,1.86002,50,6.13666,-5.81869,-116.59257,-2.98363,11.24802,22.29288,-24.99159,LI,YOR,CenterIslip,Independent,ATL,20250813-CenterIslip-1,12ca7110-7896-11f0-a98f-87b1e365742a,79.56916,48.64176,,6.71318,,,,2.71614,2.65273,0.39973,62d3ce5c-e40a-498f-9f47-c00d00055be0,2025-08-13,22:37:19.45,2025-08-13T18:37:19.4533888-04:00,2025-08-13T22:37:19.4533888Z,FlyBall,v3,1896,5435,,"Antonini, Aaron",689577,Right,LI,7c3283f0-24b9-4ac0-967b-f70c0e65020f,54.56744,-117.46263,11.14644,6.23407,-2.00823,-12.4958,2.09568,-6.25769,5.62401,158.672248,2.71627,80.08935,-13.77813,3.57951,-0.79459,0.18653,-0.04675,0.00831,-0.00063,2.65318,53.13695,-16.04767,0.14451,0.41066,-0.2735,0.09502,-0.01652,0.00112,0.39971,-49.10235,4.90782,-1.15311,0.24779,-0.06571,0.01922,-0.00363,0.00028,,,,,,,,,,,,,,,,,,,,,,,High,High,High,High,High,,,
3,2025-08-13,18:37:51.75,2,1,"Hillman, Juan",663535,Left,LI,"Arocho, Jeremy",671080,Right,YOR,Undefined,1,Top,1,0,0,Undefined,Four-Seam,BallCalled,Undefined,Undefined,Undefined,0,0,,89.83328,-1.7323,1.583101,2080.498788,144.17918,10:45,6.29429,-1.9614,6.7652,-16.99591,17.77544,-12.03257,3.26463,-1.49037,82.14809,-4.952251,-0.571156,0.424407,,,,,,,,,,,,6.53288,9.85363,1.83758,50,6.14057,-3.07642,-130.39746,-4.45666,11.25982,27.15277,-15.19067,LI,YOR,CenterIslip,Independent,ATL,20250813-CenterIslip-1,26071030-7896-11f0-a98f-87b1e365742a,88.81207,,,7.68519,,,,,,,62d3ce5c-e40a-498f-9f47-c00d00055be0,2025-08-13,22:37:51.75,2025-08-13T18:37:51.7540352-04:00,2025-08-13T22:37:51.7540352Z,,v3,1896,5435,,"Antonini, Aaron",689577,Right,LI,60dbde79-cf8f-4190-80be-f57f7f586001,54.73192,-131.3791,13.57638,6.29176,-3.90748,-7.59533,1.95615,-3.48349,5.62991,,,,,,,,,,,,,,,,,,,,,,,,,,,,,,,,,,,,,,,,,,,,,,,,,,,High,High,High,,,,,
4,2025-08-13,18:38:02.83,2,2,"Hillman, Juan",663535,Left,LI,"Arocho, Jeremy",671080,Right,YOR,Undefined,1,Top,1,1,0,Undefined,Sinker,InPlay,Undefined,FlyBall,Out,1,0,,90.92769,-2.39545,3.472195,2098.432262,142.648688,10:45,6.22474,-1.93869,6.82028,-16.2743,17.8758,-12.7628,2.63605,0.22988,82.70786,-5.494251,1.189769,0.420598,90.53868,37.729212,-1.846452,3294.120434,109.9685,75.64787,2.6273,340.41692,337.15776,5.112642,5.19049,7.5563,10.17922,1.66216,50,6.0189,-7.44252,-131.71721,-6.00654,13.2136,29.1856,-14.3738,LI,YOR,CenterIslip,Independent,ATL,20250813-CenterIslip-1,2c9f99d0-7896-11f0-a98f-87b1e365742a,89.61626,96.62071,,8.21983,,,,1.81307,2.68878,-0.22199,62d3ce5c-e40a-498f-9f47-c00d00055be0,2025-08-13,22:38:02.83,2025-08-13T18:38:02.8341248-04:00,2025-08-13T22:38:02.8341248Z,FlyBall,v3,1896,5435,,"Antonini, Aaron",689577,Right,LI,9085ef2a-38e0-45bb-b3b8-bd4dfa60ed65,54.6781,-132.74972,14.5928,6.2224,-5.49803,-7.1869,1.93373,-7.90999,6.6068,206.508919,1.81768,104.86909,-20.17391,4.81465,-0.58049,-0.07003,0.03984,-0.00574,0.00029,2.68387,81.34987,-20.02804,1.3681,-0.22184,0.03037,0.00322,-0.00153,0.00012,-0.22358,-3.34667,6.65949,-2.23826,0.4235,-0.01921,-0.00982,0.00193,-0.00011,,,,,,,,,,,,,,,,,,,,,,,High,High,High,High,High,,,
5,2025-08-13,18:38:35.70,3,1,"Hillman, Juan",663535,Left,LI,"Connell, Justin",676667,Right,YOR,Undefined,1,Top,2,0,0,Undefined,Sinker,BallCalled,Undefined,Undefined,Undefined,0,0,,91.4793,-4.009339,3.141873,2088.552524,143.494856,10:45,6.38288,-1.85531,6.81427,-13.82245,19.71753,-13.80788,1.4913,-0.08163,83.97639,-6.641124,0.671421,0.416824,,,,,,,,,,,,7.88859,11.45843,1.60609,50,6.04537,-6.67282,-132.46683,-9.69352,14.0833,27.04203,-11.71758,LI,YOR,CenterIslip,Independent,ATL,20250813-CenterIslip-1,4037ed80-7896-11f0-a98f-87b1e365742a,90.42767,,,7.50291,,,,,,,62d3ce5c-e40a-498f-9f47-c00d00055be0,2025-08-13,22:38:35.70,2025-08-13T18:38:35.7078016-04:00,2025-08-13T22:38:35.7078016Z,,v3,1896,5435,,"Antonini, Aaron",689577,Right,LI,6606d462-fbe7-4e0e-a451-af4a6b9c01b6,54.68483,-133.41977,13.52101,6.37969,-9.28061,-5.85879,1.84998,-7.16911,7.04165,,,,,,,,,,,,,,,,,,,,,,,,,,,,,,,,,,,,,,,,,,,,,,,,,,,High,High,High,,,,,
6,2025-08-13,18:38:48.17,3,2,"Hillman, Juan",663535,Left,LI,"Connell, Justin",676667,Right,YOR,Undefined,1,Top,2,1,0,Undefined,Sinker,StrikeSwinging,Undefined,Undefined,Undefined,0,0,,90.52257,-2.889435,3.251464,2070.426522,130.2923,10:15,6.24223,-1.94668,6.66249,-21.12816,13.48485,-14.55103,1.78059,-0.12409,82.64933,-6.831161,0.654076,0.423439,,,,,,,,,,,,8.30288,8.01115,1.68086,50,5.98415,-6.80392,-131.09387,-7.33782,14.41643,28.29349,-18.26416,LI,YOR,CenterIslip,Independent,ATL,20250813-CenterIslip-1,47a70100-7896-11f0-a98f-87b1e365742a,89.01501,,,7.87324,,,,,,,62d3ce5c-e40a-498f-9f47-c00d00055be0,2025-08-13,22:38:48.17,2025-08-13T18:38:48.1761792-04:00,2025-08-13T22:38:48.1761792Z,,v3,1896,5435,,"Antonini, Aaron",689577,Right,LI,9c8c234f-0409-4318-b2bd-86faad7f205e,54.83545,-132.13337,14.14675,6.24141,-6.66679,-9.13208,1.94056,-7.33358,7.20822,,,,,,,,,,,,,,,,,,,,,,,,,,,,,,,,,,,,,,,,,,,,,,,,,,,High,High,High,,,,,
7,2025-08-13,18:39:13.87,3,3,"Hillman, Juan",663535,Left,LI,"Connell, Justin",676667,Right,YOR,Undefined,1,Top,2,1,1,Undefined,Changeup,StrikeCalled,Undefined,Undefined,Undefined,0,0,,81.2383,-1.413327,4.135047,1733.541333,106.841377,9:30,6.12361,-2.06028,7.21266,-35.82384,6.22788,-16.0521,1.83029,0.42482,74.45355,-8.065806,1.241484,0.466727,,,,,,,,,,,,9.48941,4.05146,1.7576,50,5.9996,-7.9225,-117.7729,-3.98731,13.29685,22.85742,-26.49704,LI,YOR,CenterIslip,Independent,ATL,20250813-CenterIslip-1,5703a6d0-7896-11f0-a98f-87b1e365742a,80.75901,,,6.78476,,,,,,,62d3ce5c-e40a-498f-9f47-c00d00055be0,2025-08-13,22:39:13.87,2025-08-13T18:39:13.8791936-04:00,2025-08-13T22:39:13.8791936Z,,v3,1896,5435,,"Antonini, Aaron",689577,Right,LI,42422e54-3716-4e5e-a83a-57484e09f8c4,54.28627,-118.60186,11.42871,6.12678,-3.02635,-13.24852,2.05366,-8.40473,6.64842,,,,,,,,,,,,,,,,,,,,,,,,,,,,,,,,,,,,,,,,,,,,,,,,,,,High,High,High,,,,,
8,2025-08-13,18:39:35.01,3,4,"Hillman, Juan",663535,Left,LI,"Connell, Justin",676667,Right,YOR,Undefined,1,Top,2,1,2,Undefined,Sinker,BallCalled,Undefined,Undefined,Undefined,0,0,,90.98837,-0.74578,2.030495,2139.721174,140.663852,10:45,6.39005,-1.97497,6.65403,-14.01473,20.4782,-15.76942,4.52615,-1.39461,81.94297,-3.462578,-0.78543,0.422704,,,,,,,,,,,,8.52489,10.91359,1.81261,50,6.31806,-3.94116,-131.86311,-2.08996,14.81954,31.35667,-13.20204,LI,YOR,CenterIslip,Independent,ATL,20250813-CenterIslip-1,637f4cc0-7896-11f0-a98f-87b1e365742a,89.16982,,,9.0454,,,,,,,62d3ce5c-e40a-498f-9f47-c00d00055be0,2025-08-13,22:39:35.01,2025-08-13T18:39:35.0171136-04:00,2025-08-13T22:39:35.0171136Z,,v3,1896,5435,,"Antonini, Aaron",689577,Right,LI,2595bae3-d5f6-406c-abc2-50dd3b4e5162,54.8402,-133.00911,15.67833,6.38563,-1.60746,-6.60102,1.96655,-4.48278,7.40977,,,,,,,,,,,,,,,,,,,,,,,,,,,,,,,,,,,,,,,,,,,,,,,,,,,High,High,High,,,,,
9,2025-08-13,18:39:50.59,3,5,"Hillman, Juan",663535,Left,LI,"Connell, Justin",676667,Right,YOR,Undefined,1,Top,2,2,2,Undefined,Sinker,InPlay,Undefined,FlyBall,Single,0,0,,91.08809,-2.884472,2.728241,2217.303269,133.856581,10:30,6.23715,-1.96408,6.78035,-15.73765,18.7341,-18.14784,2.23659,-0.93607,81.92799,-5.908171,-0.519406,0.422574,72.3825,26.431043,-8.773826,2578.814005,109.0437,39.79316,-14.47301,254.95396,254.24444,-7.322666,3.538611,10.15721,10.86886,1.75006,50,5.98962,-5.48095,-131.82459,-7.10237,17.56452,32.54086,-13.37893,LI,YOR,CenterIslip,Independent,ATL,20250813-CenterIslip-1,6cd596d0-7896-11f0-a98f-87b1e365742a,89.19724,41.79685,,9.1601,,,,1.89664,2.32227,0.91891,62d3ce5c-e40a-498f-9f47-c00d00055be0,2025-08-13,22:39:50.59,2025-08-13T18:39:50.5937408-04:00,2025-08-13T22:39:50.5937408Z,FlyBall,v3,1896,5435,,"Antonini, Aaron",689577,Right,LI,63fa0f00-bc9a-4eee-b8ee-1e6a00a0c850,54.71667,-132.98381,16.27043,6.23414,-6.62576,-6.68946,1.95646,-6.10666,8.78226,186.889634,1.89685,93.94511,-12.41446,2.80403,-0.4973,0.09346,-0.02775,0.00643,-0.00058,2.32228,47.25405,-14.71274,0.32159,0.11378,-0.13808,0.06602,-0.01402,0.0011,0.91885,-14.49813,2.82893,-0.6658,0.1099,-0.0141,0.00337,-0.00091,9E-05,,,,,,,,,,,,,,,,,,,,,,,High,High,High,High,High,,,
10,2025-08-13,18:40:31.95,4,1,"Hillman, Juan",663535,Left,LI,"Wehler, Jeffrey",694292,Right,YOR,Undefined,1,Top,2,0,0,Undefined,Sinker,StrikeCalled,Undefined,Undefined,Undefined,0,0,,90.3009,-2.268229,2.936568,2100.154141,134.382954,10:30,6.21145,-1.88721,6.84958,-17.80914,17.31438,-16.29816,2.61582,-0.51431,80.85391,-5.681952,0.016909,0.42655,,,,,,,,,,,,9.22312,9.96812,1.65747,50,6.01652,-5.96646,-130.631,-5.69685,15.60188,32.91451,-15.31191,LI,YOR,CenterIslip,Independent,ATL,20250813-CenterIslip-1,8583cbc0-7896-11f0-a98f-87b1e365742a,88.36574,,,9.44699,,,,,,,62d3ce5c-e40a-498f-9f47-c00d00055be0,2025-08-13,22:40:31.95,2025-08-13T18:40:31.9555584-04:00,2025-08-13T22:40:31.9555584Z,,v3,1896,5435,,"Antonini, Aaron",689577,Right,LI,abea5784-0c72-4f5f-827d-753fe232bce1,54.64413,-131.79597,16.45725,6.20856,-5.15491,-7.65595,1.87842,-6.51867,7.80094,,,,,,,,,,,,,,,,,,,,,,,,,,,,,,,,,,,,,,,,,,,,,,,,,,,High,High,High,,,,,
11,2025-08-13,18:40:48.61,4,2,"Hillman, Juan",663535,Left,LI,"Wehler, Jeffrey",694292,Right,YOR,Undefined,1,Top,2,0,1,Undefined,Changeup,BallCalled,Undefined,Undefined,Undefined,0,0,,80.19835,-2.194612,4.48065,1734.819394,113.444221,9:45,6.13698,-1.98812,6.92036,-35.79904,7.94367,-14.98414,1.10993,0.92964,73.54126,-8.80012,1.795918,0.476019,,,,,,,,,,,,8.99752,5.1241,1.63743,50,5.94033,-8.53913,-116.10251,-5.56328,12.24574,22.32523,-25.20008,LI,YOR,CenterIslip,Independent,ATL,20250813-CenterIslip-1,8f7bfb20-7896-11f0-a98f-87b1e365742a,79.18267,,,6.65709,,,,,,,62d3ce5c-e40a-498f-9f47-c00d00055be0,2025-08-13,22:40:48.61,2025-08-13T18:40:48.6117888-04:00,2025-08-13T22:40:48.6117888Z,,v3,1896,5435,,"Antonini, Aaron",689577,Right,LI,d6b4a2dd-9587-4b6d-8d30-629a9c0051e4,54.57875,-116.97964,11.16262,6.13945,-4.5732,-12.60004,1.98237,-9.02025,6.12287,,,,,,,,,,,,,,,,,,,,,,,,,,,,,,,,,,,,,,,,,,,,,,,,,,,High,High,High,,,,,
12,2025-08-13,18:41:05.16,4,3,"Hillman, Juan",663535,Left,LI,"Wehler, Jeffrey",694292,Right,YOR,Undefined,1,Top,2,1,1,Undefined,Sinker,InPlay,Undefined,FlyBall,Out,1,0,,90.80248,-1.686655,3.243493,2119.799739,135.016844,10:30,6.29746,-2.0913,6.72444,-17.13887,16.9617,-15.87572,3.2953,-0.39007,83.07335,-4.926092,0.407971,0.420293,87.98364,33.374828,8.100225,3582.301682,107.97056,64.90744,21.03143,329.00737,323.0494,14.071115,4.851913,8.97859,9.41945,1.83038,50,6.14599,-6.77256,-131.69961,-4.42144,15.80702,27.34991,-15.59088,LI,YOR,CenterIslip,Independent,ATL,20250813-CenterIslip-1,994922e0-7896-11f0-a98f-87b1e365742a,89.68132,80.57022,,7.72913,,,,1.03034,3.27338,0.39033,62d3ce5c-e40a-498f-9f47-c00d00055be0,2025-08-13,22:41:05.16,2025-08-13T18:41:05.1617792-04:00,2025-08-13T22:41:05.1617792Z,FlyBall,v3,1896,5435,,"Antonini, Aaron",689577,Right,LI,73b702dd-b18a-44ba-8d5c-d12157ae9976,54.77477,-132.68748,13.67496,6.29552,-3.8583,-7.79544,2.08532,-7.3435,7.90351,203.262164,1.03389,106.60481,-21.23863,5.17156,-0.69906,-0.04454,0.03794,-0.00589,0.00031,3.2702,71.05167,-17.92883,0.81025,-0.04559,-0.01414,0.01266,-0.00289,0.0002,0.39001,15.19331,2.37484,-1.19602,0.31673,-0.04653,0.00187,0.00035,-3E-05,,,,,,,,,,,,,,,,,,,,,,,High,High,High,High,High,,,
13,2025-08-13,18:43:23.64,1,1,"Vallimont, Chris",681808,Right,YOR,"Roller, Chris",676896,Right,LI,Undefined,1,Bottom,0,0,0,Undefined,Four-Seam,BallCalled,Undefined,Undefined,Undefined,0,0,,90.52611,-1.961657,-3.213394,2230.65222,200.236294,12:45,6.68554,1.8272,7.28418,-10.75749,23.34442,8.15111,3.97761,-0.45819,81.58176,-4.115117,-1.743402,0.420301,,,,,,,,,,,,-5.21512,13.05099,-1.59375,50,6.53505,7.01991,-131.15176,-4.68845,-8.96321,31.16443,-9.74327,LI,YOR,CenterIslip,Independent,ATL,20250813-CenterIslip-1,ebdea570-7896-11f0-a98f-87b1e365742a,89.67958,,,8.94435,,,,,,,62d3ce5c-e40a-498f-9f47-c00d00055be0,2025-08-13,22:43:23.64,2025-08-13T18:43:23.6417024-04:00,2025-08-13T22:43:23.6417024Z,,v3,1896,5435,,"Williams, Chris",675910,Right,YOR,6465e0f6-2fbf-4dad-adc5-16a7f9f6fa93,54.21084,-132.14855,15.58222,6.68003,-4.37682,-4.87164,-1.82287,7.3066,-4.4816,,,,,,,,,,,,,,,,,,,,,,,,,,,,,,,,,,,,,,,,,,,,,,,,,,,High,High,High,,,,,
14,2025-08-13,18:43:39.55,1,2,"Vallimont, Chris",681808,Right,YOR,"Roller, Chris",676896,Right,LI,Undefined,1,Bottom,0,1,0,Undefined,Slider,FoulBallNotFieldable,Undefined,Undefined,Undefined,0,0,,86.79375,-1.270927,-2.253199,2551.110017,139.285074,10:45,6.35126,2.24406,7.18331,-28.60903,7.85689,-5.84898,2.79252,-0.325,80.17138,-6.582526,-3.307916,0.434625,,,,,,,,,,,,2.47386,4.71323,-2.07093,50,6.24059,5.18471,-126.15369,-3.70051,4.00864,24.3405,-24.53667,LI,YOR,CenterIslip,Independent,ATL,20250813-CenterIslip-1,f554ac80-7896-11f0-a98f-87b1e365742a,86.72396,,,6.62237,,,,,,,62d3ce5c-e40a-498f-9f47-c00d00055be0,2025-08-13,22:43:39.55,2025-08-13T18:43:39.5556864-04:00,2025-08-13T22:43:39.5556864Z,,v3,1896,5435,,"Williams, Chris",675910,Right,YOR,4f187042-bfc9-47c4-94de-71633677c77d,54.31713,-126.98391,12.17025,6.35253,-2.86359,-12.26834,-2.24544,5.04798,2.00432,,,,,,,,,,,,,,,,,,,,,,,,,,,,,,,,,,,,,,,,,,,,,,,,,,,High,High,High,,,,,
15,2025-08-13,18:44:00.61,1,3,"Vallimont, Chris",681808,Right,YOR,"Roller, Chris",676896,Right,LI,Undefined,1,Bottom,0,1,1,Undefined,Slider,BallCalled,Undefined,Undefined,Undefined,0,0,,86.32541,-4.126328,-3.272312,2432.50864,162.643282,11:30,6.3608,2.09538,7.50727,-27.17549,9.46886,-2.61984,0.29655,-1.12932,80.02746,-9.161057,-3.747435,0.435687,,,,,,,,,,,,0.52425,6.39414,-1.86565,50,6.05989,7.24787,-125.11396,-9.83285,0.83552,23.9505,-21.9834,LI,YOR,CenterIslip,Independent,ATL,20250813-CenterIslip-1,01e49dc0-7897-11f0-a98f-87b1e365742a,86.51262,,,6.29795,,,,,,,62d3ce5c-e40a-498f-9f47-c00d00055be0,2025-08-13,22:44:00.61,2025-08-13T18:44:00.6175744-04:00,2025-08-13T22:44:00.6175744Z,,v3,1896,5435,,"Williams, Chris",675910,Right,YOR,d67dbf9f-89f1-4ac4-b311-14de3c4b7506,53.99236,-125.8759,11.97525,6.36158,-9.13349,-10.9917,-2.0958,7.22129,0.41776,,,,,,,,,,,,,,,,,,,,,,,,,,,,,,,,,,,,,,,,,,,,,,,,,,,High,High,High,,,,,
16,2025-08-13,18:44:19.59,1,4,"Vallimont, Chris",681808,Right,YOR,"Roller, Chris",676896,Right,LI,Undefined,1,Bottom,0,2,1,Undefined,Slider,BallCalled,Undefined,Undefined,Undefined,0,0,,80.43865,2.737715,-0.989108,2844.223313,90.166148,9:00,6.06808,2.59218,6.87073,-42.29262,1.57791,-20.93533,5.08892,-0.07125,72.66552,-5.107074,-4.738851,0.476714,,,,,,,,,,,,10.31075,0.40634,-2.50031,50,6.2657,2.83641,-116.60359,4.21472,13.9747,25.10899,-31.62332,LI,YOR,CenterIslip,Independent,ATL,20250813-CenterIslip-1,0d3ef530-7897-11f0-a98f-87b1e365742a,79.06721,,,7.77312,,,,,,,62d3ce5c-e40a-498f-9f47-c00d00055be0,2025-08-13,22:44:19.59,2025-08-13T18:44:19.5984384-04:00,2025-08-13T22:44:19.5984384Z,,v3,1896,5435,,"Williams, Chris",675910,Right,YOR,ed3cb4c9-cdcb-4eb8-9d78-d4f19cd4008f,54.6269,-117.59571,12.5545,6.07448,5.46423,-15.81166,-2.60148,2.28424,6.98735,,,,,,,,,,,,,,,,,,,,,,,,,,,,,,,,,,,,,,,,,,,,,,,,,,,High,High,High,,,,,
17,2025-08-13,18:44:39.54,1,5,"Vallimont, Chris",681808,Right,YOR,"Roller, Chris",676896,Right,LI,Undefined,1,Bottom,0,3,1,Undefined,Slider,FoulBallNotFieldable,Undefined,Undefined,Undefined,0,0,,85.59072,-1.302029,-2.505292,2434.519205,146.051208,10:45,6.45552,2.30601,7.10461,-31.87596,5.80402,-3.15713,2.59376,-0.27536,79.0103,-7.196541,-3.073844,0.441801,,,,,,,,,,,,0.98327,3.64894,-2.1117,50,6.3384,5.55962,-124.35496,-3.84445,1.54569,24.0265,-26.43789,LI,YOR,CenterIslip,Independent,ATL,20250813-CenterIslip-1,19158180-7897-11f0-a98f-87b1e365742a,85.3154,,,6.58042,,,,,,,62d3ce5c-e40a-498f-9f47-c00d00055be0,2025-08-13,22:44:39.54,2025-08-13T18:44:39.5496448-04:00,2025-08-13T22:44:39.5496448Z,,v3,1896,5435,,"Williams, Chris",675910,Right,YOR,ac2b9b14-fd6b-4d68-8efb-d9aea49188c8,54.39596,-125.20142,12.01325,6.45743,-2.91304,-13.21894,-2.30661,5.50517,0.77284,,,,,,,,,,,,,,,,,,,,,,,,,,,,,,,,,,,,,,,,,,,,,,,,,,,High,High,High,,,,,
18,2025-08-13,18:45:02.80,1,6,"Vallimont, Chris",681808,Right,YOR,"Roller, Chris",676896,Right,LI,Undefined,1,Bottom,0,3,2,Undefined,Curveball,InPlay,Undefined,GroundBall,Out,1,0,,81.51623,-0.386971,-1.815527,2939.871257,70.249812,8:15,6.12883,2.38789,6.93123,-46.6551,-4.33473,-15.91792,1.8817,-0.62359,74.68277,-8.937748,-4.676845,0.468216,55.67422,-6.000487,8.694138,,,,,18.84187,18.39472,8.747717,0.188746,7.68496,-1.77878,-2.2336,50,6.07132,4.34753,-118.38153,-2.3198,10.78565,24.9193,-34.67055,LI,YOR,CenterIslip,Independent,ATL,20250813-CenterIslip-1,26fc5030-7897-11f0-a98f-87b1e365742a,80.50226,2.26615,,6.83345,,,,3.82797,2.26615,0.41127,62d3ce5c-e40a-498f-9f47-c00d00055be0,2025-08-13,22:45:02.80,2025-08-13T18:45:02.8080128-04:00,2025-08-13T22:45:02.8080128Z,GroundBall,v3,1896,5435,,"Williams, Chris",675910,Right,YOR,8e8c1756-7836-45c4-8867-e4894b90d06c,54.56974,-119.33958,12.45965,6.13489,-0.98685,-17.33527,-2.39277,3.93286,5.39282,303.725046,3.82813,80.26294,-9.96173,,,,,,,2.26668,-8.57303,-18.21971,,,,,,,0.411,12.29471,3.76832,,,,,,,,,,,,,,,,,,,,,,,,,,,,,High,High,High,High,High,,,
19,2025-08-13,18:45:38.03,2,1,"Vallimont, Chris",681808,Right,YOR,"Town, River",701817,Left,LI,Undefined,1,Bottom,1,0,0,Undefined,Four-Seam,StrikeCalled,Undefined,Undefined,Undefined,0,0,,91.7697,-2.693184,-3.327553,2239.044334,209.752614,1:00,6.51284,2.03543,7.37177,-13.4317,19.78202,10.59886,2.90952,-0.14646,82.53522,-5.328263,-1.412441,0.414792,,,,,,,,,,,,-6.5528,11.49985,-1.79938,50,6.31141,7.274,-132.85074,-6.56202,-11.51799,32.8371,-11.96051,LI,YOR,CenterIslip,Independent,ATL,20250813-CenterIslip-1,3bf5ba80-7897-11f0-a98f-87b1e365742a,90.87071,,,9.23448,,,,,,,62d3ce5c-e40a-498f-9f47-c00d00055be0,2025-08-13,22:45:38.03,2025-08-13T18:45:38.0340224-04:00,2025-08-13T22:45:38.0340224Z,,v3,1896,5435,,"Williams, Chris",675910,Right,YOR,6da03d2a-37dc-4602-8c62-ef246ae49afb,54.12279,-133.8659,16.41855,6.50856,-6.19226,-5.98026,-2.02976,7.63008,-5.759,,,,,,,,,,,,,,,,,,,,,,,,,,,,,,,,,,,,,,,,,,,,,,,,,,,High,High,High,,,,,
20,2025-08-13,18:45:53.17,2,2,"Vallimont, Chris",681808,Right,YOR,"Town, River",701817,Left,LI,Undefined,1,Bottom,1,0,1,Undefined,Curveball,BallCalled,Undefined,Undefined,Undefined,0,0,,76.89937,3.501192,-0.228956,2743.813305,41.898062,7:30,6.32133,2.09704,6.88882,-61.82125,-13.84674,-13.9232,4.42459,0.72418,69.63343,-7.856967,-2.728543,0.498513,,,,,,,,,,,,6.978,-7.59075,-2.07087,50,6.56914,0.97303,-111.49343,4.80688,8.64404,23.0158,-41.57713,LI,YOR,CenterIslip,Independent,ATL,20250813-CenterIslip-1,44ead1c0-7897-11f0-a98f-87b1e365742a,75.60968,,,7.26594,,,,,,,62d3ce5c-e40a-498f-9f47-c00d00055be0,2025-08-13,22:45:53.17,2025-08-13T18:45:53.1725824-04:00,2025-08-13T22:45:53.1725824Z,,v3,1896,5435,,"Williams, Chris",675910,Right,YOR,f76f7554-5be5-4dc6-861a-d52c7a2a5490,54.61213,-112.44149,11.5079,6.33587,6.51951,-20.78856,-2.10362,0.61697,4.32202,,,,,,,,,,,,,,,,,,,,,,,,,,,,,,,,,,,,,,,,,,,,,,,,,,,High,High,High,,,,,
21,2025-08-13,18:46:09.82,2,3,"Vallimont, Chris",681808,Right,YOR,"Town, River",701817,Left,LI,Undefined,1,Bottom,1,1,1,Undefined,Changeup,BallCalled,Undefined,Undefined,Undefined,0,0,,83.41819,-1.788348,-3.293925,2405.361693,247.039684,2:15,6.15613,2.44863,7.73919,-30.78982,8.86607,17.42288,1.95308,0.8876,75.22991,-7.623619,-0.117479,0.453237,,,,,,,,,,,,-10.22875,5.74032,-2.23717,50,6.02681,6.32211,-120.92679,-4.61553,-14.84959,27.88972,-23.84052,LI,YOR,CenterIslip,Independent,ATL,20250813-CenterIslip-1,4eebdac0-7897-11f0-a98f-87b1e365742a,83.1628,,,8.18828,,,,,,,62d3ce5c-e40a-498f-9f47-c00d00055be0,2025-08-13,22:46:09.82,2025-08-13T18:46:09.8207744-04:00,2025-08-13T22:46:09.8207744Z,,v3,1896,5435,,"Williams, Chris",675910,Right,YOR,3ec75943-d1a2-4877-915e-018249566be6,53.75652,-121.79009,13.94486,6.15826,-3.87757,-11.92026,-2.43998,6.78177,-7.4248,,,,,,,,,,,,,,,,,,,,,,,,,,,,,,,,,,,,,,,,,,,,,,,,,,,High,High,High,,,,,
22,2025-08-13,18:46:25.56,2,4,"Vallimont, Chris",681808,Right,YOR,"Town, River",701817,Left,LI,Undefined,1,Bottom,1,2,1,Undefined,Cutter,BallCalled,Undefined,Undefined,Undefined,0,0,,88.21087,-0.207314,-2.969379,2558.676448,160.525975,11:15,6.22398,2.47137,7.36143,-26.43462,8.90945,-2.75898,3.83005,-0.49365,80.69191,-5.168637,-3.467782,0.427887,,,,,,,,,,,,0.59299,5.05142,-2.25521,50,6.19669,6.75267,-128.06791,-1.27389,0.98351,26.77974,-23.79582,LI,YOR,CenterIslip,Independent,ATL,20250813-CenterIslip-1,584950c0-7897-11f0-a98f-87b1e365742a,88.08961,,,7.51895,,,,,,,62d3ce5c-e40a-498f-9f47-c00d00055be0,2025-08-13,22:46:25.56,2025-08-13T18:46:25.5633920-04:00,2025-08-13T22:46:25.5633920Z,,v3,1896,5435,,"Williams, Chris",675910,Right,YOR,4860cc5c-25b4-4888-ab0f-4902929b3c5c,54.13549,-128.92977,13.38987,6.22536,-0.50807,-11.89791,-2.47202,6.72101,0.49176,,,,,,,,,,,,,,,,,,,,,,,,,,,,,,,,,,,,,,,,,,,,,,,,,,,High,High,High,,,,,
23,2025-08-13,18:46:41.65,2,5,"Vallimont, Chris",681808,Right,YOR,"Town, River",701817,Left,LI,Undefined,1,Bottom,1,3,1,Undefined,Four-Seam,BallinDirt,Walk,Undefined,Undefined,0,0,,91.22254,-5.866774,-3.64315,2197.694232,214.114901,1:15,6.61465,1.81128,7.47149,-14.20241,19.34544,12.2815,0.01346,-0.51549,82.8202,-8.605647,-1.419839,0.416873,,,,,,,,,,,,-7.59182,12.32253,-1.55968,50,6.19281,7.89964,-131.63386,-13.89833,-13.18099,30.67427,-10.7796,LI,YOR,CenterIslip,Independent,ATL,20250813-CenterIslip-1,61d7e8e0-7897-11f0-a98f-87b1e365742a,90.4171,,,8.40233,,,,,,,62d3ce5c-e40a-498f-9f47-c00d00055be0,2025-08-13,22:46:41.65,2025-08-13T18:46:41.6548352-04:00,2025-08-13T22:46:41.6548352Z,,v3,1896,5435,,"Williams, Chris",675910,Right,YOR,d2f63f6f-1b4c-4165-8baa-d9ebcf032225,54.02701,-132.56894,15.33713,6.61148,-13.56972,-5.3898,-1.80661,8.30145,-6.59049,,,,,,,,,,,,,,,,,,,,,,,,,,,,,,,,,,,,,,,,,,,,,,,,,,,High,High,High,,,,,
24,2025-08-13,18:47:10.74,3,1,"Vallimont, Chris",681808,Right,YOR,"Castillo, Ivan",622668,Left,LI,Undefined,1,Bottom,1,0,0,Undefined,Four-Seam,BallCalled,Undefined,Undefined,Undefined,0,0,,90.84053,-3.538953,-2.379211,2285.453932,202.911626,12:45,6.54635,2.35932,7.19516,-12.55646,21.82332,8.6452,2.2259,0.88205,81.18765,-6.023276,-0.820448,0.42201,,,,,,,,,,,,-5.24587,12.84831,-2.18413,50,6.27289,5.08131,-131.35507,-8.38962,-8.94845,33.96216,-10.25725,LI,YOR,CenterIslip,Independent,ATL,20250813-CenterIslip-1,73395f60-7897-11f0-a98f-87b1e365742a,89.31641,,,9.65288,,,,,,,62d3ce5c-e40a-498f-9f47-c00d00055be0,2025-08-13,22:47:10.74,2025-08-13T18:47:10.7473920-04:00,2025-08-13T22:47:10.7473920Z,,v3,1896,5435,,"Williams, Chris",675910,Right,YOR,dd6db4ea-264a-4c63-9368-125e509ba62e,54.29759,-132.46156,16.98108,6.54078,-8.05544,-5.12863,-2.35443,5.37285,-4.47423,,,,,,,,,,,,,,,,,,,,,,,,,,,,,,,,,,,,,,,,,,,,,,,,,,,High,High,High,,,,,
25,2025-08-13,18:47:31.87,3,2,"Vallimont, Chris",681808,Right,YOR,"Castillo, Ivan",622668,Left,LI,Undefined,1,Bottom,1,1,0,Undefined,Four-Seam,InPlay,Undefined,FlyBall,Out,1,0,,91.01076,-3.175726,-3.835867,2264.21054,208.78687,1:00,6.44768,2.2702,7.3366,-12.73512,21.23044,10.94796,2.45293,-0.35448,81.64225,-5.691641,-1.86097,0.41946,75.8461,53.698071,38.633786,,84.44168,106.64746,70.49522,205.84918,203.84618,38.433408,5.302139,-6.98792,12.4878,-1.99557,50,6.2097,8.37361,-131.61318,-7.59479,-12.01406,33.09783,-10.7043,LI,YOR,CenterIslip,Independent,ATL,20250813-CenterIslip-1,7fccac00-7897-11f0-a98f-87b1e365742a,89.85936,106.84269,,9.36851,,,,2.33724,2.61748,0.34302,62d3ce5c-e40a-498f-9f47-c00d00055be0,2025-08-13,22:47:31.87,2025-08-13T18:47:31.8755840-04:00,2025-08-13T22:47:31.8755840Z,FlyBall,v3,1896,5435,,"Williams, Chris",675910,Right,YOR,9f151708-83c0-4f5b-8d07-9eaf97a349f4,54.1595,-132.65508,16.54891,6.44347,-7.25783,-5.35215,-2.26512,8.7518,-6.00703,189.918307,2.32985,51.56248,-14.25473,4.91078,-1.16432,0.12902,0.01338,-0.00491,0.00034,2.60783,89.85275,-23.75592,3.34227,-1.28683,0.42702,-0.0803,0.00714,-0.00022,0.34165,41.14151,-8.14421,1.96684,-0.35862,0.03244,0.00332,-0.001,6E-05,,,,,,,,,,,,,,,,,,,,,,,High,High,High,High,Medium,,,
26,2025-08-13,18:48:17.08,4,1,"Vallimont, Chris",681808,Right,YOR,"Beer, Seth",666179,Left,LI,Undefined,1,Bottom,2,0,0,Undefined,Curveball,BallCalled,Undefined,Undefined,Undefined,0,0,,78.40274,0.177136,-2.755755,2724.159209,39.619271,7:15,6.50803,2.21469,6.91682,-63.78618,-16.77879,-15.42776,1.35709,-1.63038,70.55401,-11.477574,-5.530823,0.493463,,,,,,,,,,,,6.77571,-8.01914,-1.9854,50,6.48736,6.05654,-113.53936,-1.76262,8.50969,28.11585,-42.24536,LI,YOR,CenterIslip,Independent,ATL,20250813-CenterIslip-1,9ac7de30-7897-11f0-a98f-87b1e365742a,76.38353,,,7.84873,,,,,,,62d3ce5c-e40a-498f-9f47-c00d00055be0,2025-08-13,22:48:17.08,2025-08-13T18:48:17.0874880-04:00,2025-08-13T22:48:17.0874880Z,,v3,1896,5435,,"Williams, Chris",675910,Right,YOR,397647f2-6dd5-44f4-9dc4-303d9acc2ffb,54.58218,-114.66844,14.05792,6.52408,-0.06613,-21.12268,-2.22175,5.71481,4.25485,,,,,,,,,,,,,,,,,,,,,,,,,,,,,,,,,,,,,,,,,,,,,,,,,,,High,High,High,,,,,
27,2025-08-13,18:48:36.86,4,2,"Vallimont, Chris",681808,Right,YOR,"Beer, Seth",666179,Left,LI,Undefined,1,Bottom,2,1,0,Undefined,Slider,StrikeSwinging,Undefined,Undefined,Undefined,0,0,,85.0792,-1.96554,-2.509244,2579.745306,150.015658,11:00,6.30789,2.67182,7.06485,-30.60529,7.87067,-3.83477,1.93597,0.02858,78.08401,-7.636615,-3.199389,0.446443,,,,,,,,,,,,1.2624,4.99776,-2.47519,50,6.13905,5.56006,-123.4448,-5.21112,1.94354,25.09233,-24.4796,LI,YOR,CenterIslip,Independent,ATL,20250813-CenterIslip-1,a68b57b0-7897-11f0-a98f-87b1e365742a,84.42831,,,6.99519,,,,,,,62d3ce5c-e40a-498f-9f47-c00d00055be0,2025-08-13,22:48:36.86,2025-08-13T18:48:36.8613376-04:00,2025-08-13T22:48:36.8613376Z,,v3,1896,5435,,"Williams, Chris",675910,Right,YOR,523e807c-ed37-4398-ad8e-911fc932fdbb,54.43277,-124.34257,12.54617,6.30983,-4.33527,-12.2398,-2.67288,5.49053,0.97177,,,,,,,,,,,,,,,,,,,,,,,,,,,,,,,,,,,,,,,,,,,,,,,,,,,High,High,High,,,,,
28,2025-08-13,18:48:59.56,4,3,"Vallimont, Chris",681808,Right,YOR,"Beer, Seth",666179,Left,LI,Undefined,1,Bottom,2,1,1,Undefined,Changeup,StrikeCalled,Undefined,Undefined,Undefined,1,0,,84.85492,-2.030692,-5.138181,2468.834888,243.810155,2:15,6.12641,2.46791,7.80793,-28.25072,9.67575,17.0454,1.91095,-0.81277,77.31403,-7.373306,-2.038971,0.443244,,,,,,,,,,,,-10.53965,6.12414,-2.14073,50,5.98429,10.44222,-122.87434,-5.13109,-16.0082,25.8321,-22.8724,LI,YOR,CenterIslip,Independent,ATL,20250813-CenterIslip-1,b4122c10-7897-11f0-a98f-87b1e365742a,85.0377,,,7.5409,,,,,,,62d3ce5c-e40a-498f-9f47-c00d00055be0,2025-08-13,22:48:59.56,2025-08-13T18:48:59.5610000-04:00,2025-08-13T22:48:59.5610000Z,,v3,1896,5435,,"Williams, Chris",675910,Right,YOR,af0e7a38-fcaf-46d3-89f2-58a4aa6639c0,53.69048,-123.64777,12.91605,6.12767,-4.44628,-11.4362,-2.46055,10.92152,-8.0041,,,,,,,,,,,,,,,,,,,,,,,,,,,,,81.24081,1.928221,0.702464,1.225757,-0.27176,1.68944,0.87139,-1.25377,6.10829,0.21325,127.27874,0.70188,3.26226,-1.13933,117.25119,-10.28755,6.13811,10.98368,-12.60868,0.15027,-2.10945,3.84729,High,High,High,,,High,Medium,Medium
29,2025-08-13,18:51:32.71,1,1,"Hillman, Juan",663535,Left,LI,"McNeely, Caleb",803001,Right,YOR,Undefined,2,Top,0,0,0,Undefined,Four-Seam,InPlay,Undefined,Popup,Out,1,0,,88.346,-1.643369,1.865897,2050.000293,148.294176,11:00,6.33796,-2.07084,6.80215,-18.7743,17.39603,-9.98603,3.24381,-1.16703,80.242,-5.2049,0.077145,0.43286,71.89515,74.150582,42.757705,,,,,,33.26456,,,5.67595,9.74193,1.92373,50,6.19193,-3.75541,-128.15459,-4.24376,9.37043,28.29324,-16.09115,LI,YOR,CenterIslip,Independent,ATL,20250813-CenterIslip-1,0f5bec50-7898-11f0-a98f-87b1e365742a,87.07763,113.73333,,8.10401,,,,1.78913,4.39703,-0.44181,62d3ce5c-e40a-498f-9f47-c00d00055be0,2025-08-13,22:51:32.71,2025-08-13T18:51:32.7149568-04:00,2025-08-13T22:51:32.7149568Z,,v3,1896,5435,,"Antonini, Aaron",689577,Right,LI,40af97db-9157-400f-8e81-6f9261ad7bb6,54.69554,-129.18709,14.14662,6.33608,-3.65656,-8.04558,2.06701,-4.09736,4.68522,,1.78906,21.15178,-10.8596,3.72035,-1.28299,0.72367,-0.34849,0.09119,-0.00945,4.39704,101.43597,-25.91019,2.83845,-0.43747,-0.01143,0.04458,-0.01616,0.00203,-0.44182,19.5519,-3.01886,0.74181,-0.18078,0.07983,-0.03487,0.00862,-0.00085,,,,,,,,,,,,,,,,,,,,,,,High,High,High,Low,Undefined,,,
30,2025-08-13,18:52:07.50,2,1,"Hillman, Juan",663535,Left,LI,"Fontana, Shayne",687833,Left,YOR,Undefined,2,Top,1,0,0,Undefined,Sinker,StrikeCalled,Undefined,Undefined,Undefined,0,0,,89.58693,-2.407066,2.914234,2098.079412,139.523971,10:45,6.1818,-2.17257,6.72847,-15.56335,19.94875,-15.93237,2.63887,-0.78382,80.93093,-5.396974,0.067181,0.428903,,,,,,,,,,,,8.94626,11.23359,1.93904,50,5.9713,-5.89314,-129.70529,-5.89181,15.07074,29.94888,-13.25012,LI,YOR,CenterIslip,Independent,ATL,20250813-CenterIslip-1,241874b0-7898-11f0-a98f-87b1e365742a,87.88093,,,8.65599,,,,,,,62d3ce5c-e40a-498f-9f47-c00d00055be0,2025-08-13,22:52:07.50,2025-08-13T18:52:07.5051520-04:00,2025-08-13T22:52:07.5051520Z,,v3,1896,5435,,"Antonini, Aaron",689577,Right,LI,fb662334-02c4-463d-a294-97bcac1d4a6c,54.7673,-130.80142,14.97444,6.17807,-5.40685,-6.62506,2.16482,-6.44473,7.53537,,,,,,,,,,,,,,,,,,,,,,,,,,,,,,,,,,,,,,,,,,,,,,,,,,,High,High,High,,,,,
31,2025-08-13,18:52:21.58,2,2,"Hillman, Juan",663535,Left,LI,"Fontana, Shayne",687833,Left,YOR,Undefined,2,Top,1,0,1,Undefined,Sinker,BallCalled,Undefined,Undefined,Undefined,0,0,,89.86047,-1.166348,4.482044,2107.778437,140.362174,10:45,6.20943,-2.14454,6.79046,-15.92682,19.37414,-14.9952,3.79373,0.78378,80.97568,-4.231745,1.807597,0.427627,,,,,,,,,,,,8.9702,10.56875,1.7837,50,6.10368,-9.51906,-129.96087,-3.09538,15.16678,30.13063,-14.30443,LI,YOR,CenterIslip,Independent,ATL,20250813-CenterIslip-1,2c7e1d30-7898-11f0-a98f-87b1e365742a,88.14333,,,8.88479,,,,,,,62d3ce5c-e40a-498f-9f47-c00d00055be0,2025-08-13,22:52:21.58,2025-08-13T18:52:21.5800832-04:00,2025-08-13T22:52:21.5800832Z,,v3,1896,5435,,"Antonini, Aaron",689577,Right,LI,4923f3ec-d166-4bb0-bb42-5dea3d97c582,54.70494,-131.04714,15.06532,6.20598,-2.57968,-7.15221,2.13674,-10.06585,7.58339,,,,,,,,,,,,,,,,,,,,,,,,,,,,,,,,,,,,,,,,,,,,,,,,,,,High,High,High,,,,,
32,2025-08-13,18:52:33.78,2,3,"Hillman, Juan",663535,Left,LI,"Fontana, Shayne",687833,Left,YOR,Undefined,2,Top,1,1,1,Undefined,Slider,FoulBallNotFieldable,Undefined,Undefined,Undefined,0,0,,79.02697,0.591136,1.724725,2352.171785,268.448235,3:00,6.18111,-2.53787,6.0636,-44.92939,1.81189,6.51831,2.99467,-0.36789,71.71824,-7.590414,2.876867,0.492064,,,,,,,,,,,,-2.69024,1.18713,2.36856,50,6.2019,-3.71785,-114.47692,-0.4098,-3.52315,23.71998,-30.6194,LI,YOR,CenterIslip,Independent,ATL,20250813-CenterIslip-1,33c86aa0-7898-11f0-a98f-87b1e365742a,76.60064,,,7.30873,,,,,,,62d3ce5c-e40a-498f-9f47-c00d00055be0,2025-08-13,22:52:33.78,2025-08-13T18:52:33.7806336-04:00,2025-08-13T22:52:33.7806336Z,,v3,1896,5435,,"Antonini, Aaron",689577,Right,LI,74daddc6-653a-4198-8b4b-3766cbf2eb34,55.43323,-115.59722,11.85999,6.1871,1.03636,-15.3097,2.54023,-3.55145,-1.76157,,,,,,,,,,,,,,,,,,,,,,,,,,,,,,,,,,,,,,,,,,,,,,,,,,,High,High,High,,,,,
33,2025-08-13,18:52:55.36,2,4,"Hillman, Juan",663535,Left,LI,"Fontana, Shayne",687833,Left,YOR,Undefined,2,Top,1,1,2,Undefined,Curveball,BallCalled,Undefined,Undefined,Undefined,0,0,,76.7077,-0.292664,0.589047,2282.461743,312.643974,4:30,6.28477,-1.98181,6.07165,-55.78003,-6.59319,8.88634,1.36051,-0.68592,70.58154,-10.336663,2.165407,0.504773,,,,,,,,,,,,-4.27055,-2.7854,1.91851,50,6.21249,-1.49421,-111.32235,-2.52263,-5.32299,21.24095,-35.64588,LI,YOR,CenterIslip,Independent,ATL,20250813-CenterIslip-1,40a6ca00-7898-11f0-a98f-87b1e365742a,74.67211,,,6.12616,,,,,,,62d3ce5c-e40a-498f-9f47-c00d00055be0,2025-08-13,22:52:55.36,2025-08-13T18:52:55.3653248-04:00,2025-08-13T22:52:55.3653248Z,,v3,1896,5435,,"Antonini, Aaron",689577,Right,LI,704468eb-0a5e-4bb7-9408-371c1663c8da,55.42917,-112.35349,10.62048,6.29295,-0.7922,-17.82294,1.98477,-1.23581,-2.6615,,,,,,,,,,,,,,,,,,,,,,,,,,,,,,,,,,,,,,,,,,,,,,,,,,,High,High,High,,,,,
34,2025-08-13,18:53:15.64,2,5,"Hillman, Juan",663535,Left,LI,"Fontana, Shayne",687833,Left,YOR,Undefined,2,Top,1,2,2,Undefined,Sinker,StrikeSwinging,Strikeout,Undefined,Undefined,0,0,,89.68063,-2.591081,2.93727,1984.655089,125.879068,10:15,6.16574,-2.20058,6.66322,-23.28635,12.15198,-15.09359,1.80428,-0.71708,81.4522,-6.932945,0.241158,0.428458,,,,,,,,,,,,8.52182,7.31579,1.9617,50,5.93178,-5.99456,-129.85821,-6.67328,14.42887,29.33489,-19.78717,LI,YOR,CenterIslip,Independent,ATL,20250813-CenterIslip-1,4cc55bd0-7898-11f0-a98f-87b1e365742a,87.97235,,,8.22843,,,,,,,62d3ce5c-e40a-498f-9f47-c00d00055be0,2025-08-13,22:53:15.64,2025-08-13T18:53:15.6410000-04:00,2025-08-13T22:53:15.6410000Z,,v3,1896,5435,,"Antonini, Aaron",689577,Right,LI,74d490fd-b4e6-4c0b-a1ee-cbf260ae5510,54.83366,-130.94558,14.66745,6.16555,-5.93983,-9.89359,2.19382,-6.52941,7.21443,,,,,,,,,,,,,,,,,,,,,,,,,,,,,70.85659,,,0.922705,,,,-2.15181,5.78507,6.65766,68.79492,8.79493,56.17993,-2.03585,85.36563,-9.2576,5.83067,16.07787,-13.91581,6.65153,54.93009,-1.36062,High,High,High,,,High,High,High
35,2025-08-13,18:53:45.41,3,1,"Hillman, Juan",663535,Left,LI,"Higgins, Ryan",696287,Right,YOR,Undefined,2,Top,2,0,0,Undefined,Sinker,StrikeCalled,Undefined,Undefined,Undefined,0,0,,90.74111,-3.223272,3.316047,2116.277798,142.03199,10:45,6.25663,-1.89312,6.75985,-14.84591,19.57702,-14.35694,2.01112,0.00043,82.51979,-6.062733,0.750606,0.422275,,,,,,,,,,,,8.23587,11.23662,1.62677,50,5.97996,-6.9715,-131.3354,-7.82841,14.32149,28.9639,-12.63447,LI,YOR,CenterIslip,Independent,ATL,20250813-CenterIslip-1,5e7d7dd0-7898-11f0-a98f-87b1e365742a,89.26041,,,8.22131,,,,,,,62d3ce5c-e40a-498f-9f47-c00d00055be0,2025-08-13,22:53:45.41,2025-08-13T18:53:45.4189056-04:00,2025-08-13T22:53:45.4189056Z,,v3,1896,5435,,"Antonini, Aaron",689577,Right,LI,4ac79781-da6a-4a84-a659-d9751813146e,54.73704,-132.37596,14.48195,6.25305,-7.37451,-6.31723,1.88647,-7.48601,7.16074,,,,,,,,,,,,,,,,,,,,,,,,,,,,,,,,,,,,,,,,,,,,,,,,,,,High,High,High,,,,,
36,2025-08-13,18:53:59.12,3,2,"Hillman, Juan",663535,Left,LI,"Higgins, Ryan",696287,Right,YOR,Undefined,2,Top,2,0,1,Undefined,Sinker,FoulBallNotFieldable,Undefined,Undefined,Undefined,0,0,,91.38204,-3.119029,3.445166,2099.630293,146.511077,11:00,6.29364,-1.83742,6.82845,-12.82383,20.8382,-13.0632,2.31748,0.2804,83.5142,-5.588914,1.109057,0.417582,78.33415,71.763089,75.25503,5333.911938,,,,,13.41362,,,7.66146,11.86005,1.5638,50,6.03091,-7.40978,-132.3794,-7.57579,13.6067,28.03928,-11.11072,LI,YOR,CenterIslip,Independent,ATL,20250813-CenterIslip-1,669ea340-7898-11f0-a98f-87b1e365742a,90.2636,57.63581,,7.86784,,,,2.12077,2.35368,-0.26839,62d3ce5c-e40a-498f-9f47-c00d00055be0,2025-08-13,22:53:59.12,2025-08-13T18:53:59.1295488-04:00,2025-08-13T22:53:59.1295488Z,,v3,1896,5435,,"Antonini, Aaron",689577,Right,LI,99b82df8-c2cc-472a-bd07-1daeed976f87,54.67088,-133.36507,14.01964,6.29036,-7.18521,-5.55536,1.83268,-7.8881,6.80335,187.743198,2.12077,9.15097,-10.51706,1.80437,-0.32806,0.3235,-0.59109,0.61833,-0.26812,2.35368,109.11886,-10.1471,-0.91472,0.03979,1.2581,-2.69454,2.85008,-1.23718,-0.26839,34.77051,-22.11286,5.26109,-0.90959,-0.63858,1.68661,-1.81078,0.78794,,,,,,,,,,,,,,,,,,,,,,,High,High,High,Low,Undefined,,,
37,2025-08-13,18:54:23.38,3,3,"Hillman, Juan",663535,Left,LI,"Higgins, Ryan",696287,Right,YOR,Undefined,2,Top,2,0,2,Undefined,Four-Seam,BallCalled,Undefined,Undefined,Undefined,0,0,,91.67449,0.151784,1.465583,1978.697171,148.733877,11:00,6.28109,-1.84277,6.49482,-13.74733,20.54411,-11.71178,5.27751,-1.44754,82.21105,-2.518479,-0.619962,0.421468,,,,,,,,,,,,6.2915,10.59532,1.7223,50,6.28538,-2.83575,-132.79611,-0.01977,11.05338,32.72183,-13.5594,LI,YOR,CenterIslip,Independent,ATL,20250813-CenterIslip-1,74faa1f0-7898-11f0-a98f-87b1e365742a,89.43137,,,9.46344,,,,,,,62d3ce5c-e40a-498f-9f47-c00d00055be0,2025-08-13,22:54:23.38,2025-08-13T18:54:23.3889792-04:00,2025-08-13T22:54:23.3889792Z,,v3,1896,5435,,"Antonini, Aaron",689577,Right,LI,37753752-6661-4458-9519-529f87bbb29d,54.99794,-134.02198,16.36092,6.27661,0.48821,-6.7797,1.8363,-3.24985,5.52669,,,,,,,,,,,,,,,,,,,,,,,,,,,,,,,,,,,,,,,,,,,,,,,,,,,High,High,High,,,,,
38,2025-08-13,18:54:38.49,3,4,"Hillman, Juan",663535,Left,LI,"Higgins, Ryan",696287,Right,YOR,Undefined,2,Top,2,1,2,Undefined,Sinker,BallCalled,Undefined,Undefined,Undefined,0,0,,90.67889,-0.680307,2.586754,1839.256616,127.807375,10:15,6.15923,-1.99287,6.60918,-22.82655,11.65229,-13.55946,3.62133,-0.70669,82.56249,-4.939822,0.167845,0.422618,,,,,,,,,,,,7.5739,6.43386,1.78043,50,6.08645,-5.32859,-131.51611,-2.35578,13.22473,28.68844,-20.93992,LI,YOR,CenterIslip,Independent,ATL,20250813-CenterIslip-1,7e1346c0-7898-11f0-a98f-87b1e365742a,89.18801,,,8.11639,,,,,,,62d3ce5c-e40a-498f-9f47-c00d00055be0,2025-08-13,22:54:38.49,2025-08-13T18:54:38.4951296-04:00,2025-08-13T22:54:38.4951296Z,,v3,1896,5435,,"Antonini, Aaron",689577,Right,LI,d7185f80-994f-4c0e-be35-da2be4494165,54.88786,-132.57804,14.34422,6.1593,-1.58067,-10.46996,1.98674,-5.81812,6.61237,,,,,,,,,,,,,,,,,,,,,,,,,,,,,,,,,,,,,,,,,,,,,,,,,,,High,High,High,,,,,
39,2025-08-13,18:54:55.08,3,5,"Hillman, Juan",663535,Left,LI,"Higgins, Ryan",696287,Right,YOR,Undefined,2,Top,2,2,2,Undefined,Sinker,StrikeCalled,Strikeout,Undefined,Undefined,0,0,,91.39086,-3.285913,3.915358,2022.779188,127.91992,10:15,6.18762,-1.99852,6.84753,-19.20796,14.82009,-17.46406,1.52302,0.19016,82.80083,-6.910709,0.790359,0.419846,,,,,,,,,,,,10.04331,8.91953,1.6896,50,5.90837,-8.26221,-132.14009,-8.21014,17.5902,30.63667,-16.55207,LI,YOR,CenterIslip,Independent,ATL,20250813-CenterIslip-1,87f99bd0-7898-11f0-a98f-87b1e365742a,89.77682,,,8.59003,,,,,,,62d3ce5c-e40a-498f-9f47-c00d00055be0,2025-08-13,22:54:55.08,2025-08-13T18:54:55.0863872-04:00,2025-08-13T22:54:55.0863872Z,,v3,1896,5435,,"Antonini, Aaron",689577,Right,LI,5f809d68-76e1-4f3f-910e-901de5de483d,54.64882,-133.21355,15.31833,6.18589,-7.63017,-8.27604,1.98989,-8.87855,8.7951,,,,,,,,,,,,,,,,,,,,,,,,,,,,,,,,,,,,,,,,,,,,,,,,,,,High,High,High,,,,,
40,2025-08-13,18:57:02.89,1,1,"Vallimont, Chris",681808,Right,YOR,"Beer, Seth",666179,Left,LI,Undefined,2,Bottom,0,0,0,Undefined,Curveball,StrikeCalled,Undefined,Undefined,Undefined,0,0,,77.73913,1.491271,-1.208107,2610.298003,36.959687,7:15,6.37205,2.31789,6.84156,-62.57389,-15.56497,-12.94292,2.5441,0.11639,70.76823,-9.948628,-3.534485,0.493471,,,,,,,,,,,,6.18626,-7.90256,-2.21203,50,6.45737,2.86863,-112.84283,0.8714,7.82869,24.08438,-42.17469,LI,YOR,CenterIslip,Independent,ATL,20250813-CenterIslip-1,d42e4690-7898-11f0-a98f-87b1e365742a,76.38229,,,6.9709,,,,,,,62d3ce5c-e40a-498f-9f47-c00d00055be0,2025-08-13,22:57:02.89,2025-08-13T18:57:02.8973568-04:00,2025-08-13T22:57:02.8973568Z,,v3,1896,5435,,"Williams, Chris",675910,Right,YOR,c4237be6-b8a4-4fe6-bf34-0fb6822ef4d8,54.66003,-113.83309,12.04219,6.3859,2.60546,-21.08735,-2.32336,2.54674,3.91434,,,,,,,,,,,,,,,,,,,,,,,,,,,,,,,,,,,,,,,,,,,,,,,,,,,High,High,High,,,,,
41,2025-08-13,18:57:17.78,1,2,"Vallimont, Chris",681808,Right,YOR,"Beer, Seth",666179,Left,LI,Undefined,2,Bottom,0,0,1,Undefined,Four-Seam,BallCalled,Undefined,Undefined,Undefined,0,0,,92.50677,-4.247329,-4.476163,2343.340695,207.101356,1:00,6.39486,2.2429,7.40644,-10.71087,21.73064,10.55016,1.57776,-1.00211,84.16311,-6.360909,-2.573505,0.409942,,,,,,,,,,,,-6.80819,12.91068,-1.92652,50,6.08424,10.03663,-133.71472,-10.17833,-12.272,30.01667,-8.90213,LI,YOR,CenterIslip,Independent,ATL,20250813-CenterIslip-1,dd059ca0-7898-11f0-a98f-87b1e365742a,91.94588,,,8.34367,,,,,,,62d3ce5c-e40a-498f-9f47-c00d00055be0,2025-08-13,22:57:17.78,2025-08-13T18:57:17.7832960-04:00,2025-08-13T22:57:17.7832960Z,,v3,1896,5435,,"Williams, Chris",675910,Right,YOR,1965d638-bc14-4189-8b01-2b1d69a25565,54.09159,-134.63008,15.00833,6.39049,-9.90686,-4.45107,-2.23829,10.41087,-6.136,,,,,,,,,,,,,,,,,,,,,,,,,,,,,,,,,,,,,,,,,,,,,,,,,,,High,High,High,,,,,
42,2025-08-13,18:57:34.28,1,3,"Vallimont, Chris",681808,Right,YOR,"Beer, Seth",666179,Left,LI,Undefined,2,Bottom,0,1,1,Undefined,Changeup,BallCalled,Undefined,Undefined,Undefined,0,0,,84.61707,-2.381742,-5.649378,2527.930722,235.482712,1:45,6.1774,2.40656,7.79966,-26.38446,11.84253,15.31761,1.79317,-1.48953,77.09163,-7.381903,-2.869901,0.444996,,,,,,,,,,,,-9.92217,7.36792,-2.04549,50,6.01244,11.59385,-122.42502,-5.80099,-14.94965,25.80354,-21.07289,LI,YOR,CenterIslip,Independent,ATL,20250813-CenterIslip-1,e6d9c940-7898-11f0-a98f-87b1e365742a,84.70279,,,7.52544,,,,,,,62d3ce5c-e40a-498f-9f47-c00d00055be0,2025-08-13,22:57:34.28,2025-08-13T18:57:34.2801920-04:00,2025-08-13T22:57:34.2801920Z,,v3,1896,5435,,"Williams, Chris",675910,Right,YOR,ee558cc2-cb50-4516-b089-052ad3e9c46c,53.70062,-123.20253,12.90177,6.17767,-5.16602,-10.53644,-2.40162,12.04431,-7.47482,,,,,,,,,,,,,,,,,,,,,,,,,,,,,,,,,,,,,,,,,,,,,,,,,,,High,High,High,,,,,
43,2025-08-13,18:57:52.12,1,4,"Vallimont, Chris",681808,Right,YOR,"Beer, Seth",666179,Left,LI,Undefined,2,Bottom,0,2,1,Undefined,Cutter,FoulBallNotFieldable,Undefined,Undefined,Undefined,0,0,,86.7965,-2.151351,-2.122652,2579.2916,184.93249,12:15,6.31747,2.30869,7.13696,-24.22509,12.17721,0.96173,2.30814,0.42619,80.41698,-6.662456,-1.949291,0.434246,,,,,,,,,,,,-1.02902,7.16248,-2.14726,50,6.14051,4.63851,-126.13765,-5.48649,-1.67518,23.14591,-20.51378,LI,YOR,CenterIslip,Independent,ATL,20250813-CenterIslip-1,f1820ec0-7898-11f0-a98f-87b1e365742a,86.79975,,,6.37952,,,,,,,62d3ce5c-e40a-498f-9f47-c00d00055be0,2025-08-13,22:57:52.12,2025-08-13T18:57:52.1266688-04:00,2025-08-13T22:57:52.1266688Z,,v3,1896,5435,,"Williams, Chris",675910,Right,YOR,9cdac84d-9515-4171-9d0c-c5981c6dfa05,54.3632,-126.93576,11.57296,6.3175,-4.77914,-10.25689,-2.3082,4.69627,-0.83759,,,,,,,,,,,,,,,,,,,,,,,,,,,,,,,,,,,,,,,,,,,,,,,,,,,High,High,High,,,,,
44,2025-08-13,18:58:14.46,1,5,"Vallimont, Chris",681808,Right,YOR,"Beer, Seth",666179,Left,LI,Undefined,2,Bottom,0,2,2,Undefined,Curveball,BallCalled,Undefined,Undefined,Undefined,0,0,,78.1905,2.640908,-0.296134,2711.403352,33.902323,7:15,6.40925,2.22684,6.71158,-64.07748,-17.46603,-12.81268,3.53156,0.88323,71.08157,-9.058264,-2.592098,0.49138,,,,,,,,,,,,6.36571,-9.13449,-2.19423,50,6.59132,1.08701,-113.45669,3.04021,8.16885,23.76089,-43.89593,LI,YOR,CenterIslip,Independent,ATL,20250813-CenterIslip-1,fede50b0-7898-11f0-a98f-87b1e365742a,76.70726,,,7.10892,,,,,,,62d3ce5c-e40a-498f-9f47-c00d00055be0,2025-08-13,22:58:14.46,2025-08-13T18:58:14.4614912-04:00,2025-08-13T22:58:14.4614912Z,,v3,1896,5435,,"Williams, Chris",675910,Right,YOR,7daf29b3-2eb9-4159-ad2c-db1a1b1f2434,54.79071,-114.4556,11.88045,6.42472,4.88559,-21.94797,-2.23271,0.74359,4.08442,,,,,,,,,,,,,,,,,,,,,,,,,,,,,,,,,,,,,,,,,,,,,,,,,,,High,High,High,,,,,
45,2025-08-13,18:58:40.19,1,6,"Vallimont, Chris",681808,Right,YOR,"Beer, Seth",666179,Left,LI,Undefined,2,Bottom,0,3,2,Undefined,Four-Seam,InPlay,Undefined,Popup,Out,1,0,,92.56698,-2.602351,-4.00539,2316.839049,204.034007,12:45,6.58796,2.07455,7.19856,-11.13276,21.31903,9.02815,3.25041,-0.8766,84.31392,-4.786606,-2.382107,0.410007,74.34653,70.83805,19.736443,,,,,99.58994,96.6187,8.087701,5.65015,-5.8265,12.11402,-1.7774,50,6.38597,9.01161,-134.09173,-6.36243,-10.58336,29.63497,-10.16989,LI,YOR,CenterIslip,Independent,ATL,20250813-CenterIslip-1,0e25c0d0-7899-11f0-a98f-87b1e365742a,91.93131,132.60192,,8.25305,,,,1.73827,3.41293,0.35769,62d3ce5c-e40a-498f-9f47-c00d00055be0,2025-08-13,22:58:40.19,2025-08-13T18:58:40.1906688-04:00,2025-08-13T22:58:40.1906688Z,Popup,v3,1896,5435,,"Williams, Chris",675910,Right,YOR,429a82eb-29f0-4d0c-863d-f4e0a988a119,54.29973,-135.03865,14.81748,6.58408,-6.03748,-5.08494,-2.07075,9.34978,-5.29168,,1.7373,33.683,-9.67542,2.57667,-0.35862,0.00689,0.00729,-0.00129,7E-05,3.40282,103.19009,-26.03084,3.89359,-1.33649,0.40787,-0.08322,0.00917,-0.00041,0.35478,12.12307,-6.41198,2.03154,-0.43789,0.07653,-0.01024,0.00081,-3E-05,,,,,,,,,,,,,,,,,,,,,,,High,High,High,Medium,Low,,,
46,2025-08-13,18:59:12.26,2,1,"Vallimont, Chris",681808,Right,YOR,"Antonini, Aaron",689577,Left,LI,Undefined,2,Bottom,1,0,0,Undefined,Four-Seam,BallCalled,Undefined,Undefined,Undefined,0,0,,91.44987,-1.99058,-3.411522,2244.297586,198.95646,12:45,6.62957,1.86435,7.28715,-11.7882,21.57493,7.00363,3.80875,-0.69971,82.59538,-4.319852,-2.148849,0.415724,,,,,,,,,,,,-4.65784,12.11489,-1.61586,50,6.4765,7.59828,-132.47841,-4.85279,-8.18663,31.21154,-10.88092,LI,YOR,CenterIslip,Independent,ATL,20250813-CenterIslip-1,213ef970-7899-11f0-a98f-87b1e365742a,90.66703,,,8.8545,,,,,,,62d3ce5c-e40a-498f-9f47-c00d00055be0,2025-08-13,22:59:12.26,2025-08-13T18:59:12.2644992-04:00,2025-08-13T22:59:12.2644992Z,,v3,1896,5435,,"Williams, Chris",675910,Right,YOR,628ce058-e09b-44d3-ab69-33250bf6c45c,54.20763,-133.46603,15.60577,6.6246,-4.50849,-5.44046,-1.86039,7.85733,-4.09332,,,,,,,,,,,,,,,,,,,,,,,,,,,,,,,,,,,,,,,,,,,,,,,,,,,High,High,High,,,,,
47,2025-08-13,18:59:27.30,2,2,"Vallimont, Chris",681808,Right,YOR,"Antonini, Aaron",689577,Left,LI,Undefined,2,Bottom,1,1,0,Undefined,Four-Seam,StrikeSwinging,Undefined,Undefined,Undefined,0,0,,90.91114,-2.899312,-1.657066,2223.145587,196.088749,12:30,6.4816,1.99168,7.3705,-10.29402,23.42608,6.39929,2.95265,0.99983,81.91438,-4.967106,-0.498929,0.417942,,,,,,,,,,,,-3.82484,13.42107,-1.8746,50,6.26659,3.5409,-131.75801,-6.83862,-6.62567,31.80382,-8.92517,LI,YOR,CenterIslip,Independent,ATL,20250813-CenterIslip-1,2a37e140-7899-11f0-a98f-87b1e365742a,90.18586,,,8.99676,,,,,,,62d3ce5c-e40a-498f-9f47-c00d00055be0,2025-08-13,22:59:27.30,2025-08-13T18:59:27.3015808-04:00,2025-08-13T22:59:27.3015808Z,,v3,1896,5435,,"Williams, Chris",675910,Right,YOR,8935201d-e659-4dbc-bbea-93f8cf6ec7db,54.12356,-132.74963,15.90191,6.47548,-6.56034,-4.46259,-1.98822,3.74748,-3.31283,,,,,,,,,,,,,,,,,,,,,,,,,,,,,,,,,,,,,,,,,,,,,,,,,,,High,High,High,,,,,
48,2025-08-13,18:59:43.21,2,3,"Vallimont, Chris",681808,Right,YOR,"Antonini, Aaron",689577,Left,LI,Undefined,2,Bottom,1,1,1,Undefined,Curveball,BallCalled,Undefined,Undefined,Undefined,0,0,,77.62503,2.982815,0.310448,2697.178168,37.255421,7:15,6.34374,2.22454,7.10694,-61.18779,-15.01556,-12.53162,4.00556,1.46732,71.07044,-8.267285,-1.950569,0.48906,,,,,,,,,,,,6.52079,-8.10146,-2.24213,50,6.54168,-0.15406,-112.77449,3.93376,8.34893,21.62237,-42.54677,LI,YOR,CenterIslip,Independent,ATL,20250813-CenterIslip-1,33c1e580-7899-11f0-a98f-87b1e365742a,77.07122,,,6.55459,,,,,,,62d3ce5c-e40a-498f-9f47-c00d00055be0,2025-08-13,22:59:43.21,2025-08-13T18:59:43.2190976-04:00,2025-08-13T22:59:43.2190976Z,,v3,1896,5435,,"Williams, Chris",675910,Right,YOR,a1614d64-9ce9-43f4-835b-70c18bbbc873,54.39617,-113.61425,10.81118,6.35681,5.58616,-21.27339,-2.22985,-0.47831,4.17446,,,,,,,,,,,,,,,,,,,,,,,,,,,,,,,,,,,,,,,,,,,,,,,,,,,High,High,High,,,,,
49,2025-08-13,19:00:03.15,2,4,"Vallimont, Chris",681808,Right,YOR,"Antonini, Aaron",689577,Left,LI,Undefined,2,Bottom,1,2,1,Undefined,Changeup,FoulBallNotFieldable,Undefined,Undefined,Undefined,0,0,,83.40348,-0.832956,-3.931236,2176.820231,233.655567,1:45,6.10321,2.30906,7.77887,-27.22513,11.58831,14.11662,3.07212,-0.10939,76.54446,-5.987438,-1.361436,0.448397,57.74912,28.333626,-146.169282,2290.688943,,,,133.46397,59.41163,-150.713928,2.107922,-8.60646,6.72701,-2.05794,50,6.03839,7.84797,-121.12764,-2.47337,-12.81067,23.24061,-22.16095,LI,YOR,CenterIslip,Independent,ATL,20250813-CenterIslip-1,3f98bff0-7899-11f0-a98f-87b1e365742a,84.06045,22.23994,,6.85903,,,,2.81895,3.16854,0.08141,62d3ce5c-e40a-498f-9f47-c00d00055be0,2025-08-13,23:00:03.15,2025-08-13T19:00:03.1501312-04:00,2025-08-13T23:00:03.1501312Z,LineDrive,v3,1896,5435,,"Williams, Chris",675910,Right,YOR,82ca10fa-cf30-40cf-84d0-065f3f243e54,53.7213,-121.83954,11.6203,6.10376,-1.79453,-11.08048,-2.30435,8.24038,-6.40533,41.539296,2.81901,-61.93348,1.82034,0.28412,0.30493,-0.44792,0.29981,-0.09531,0.01161,3.16854,40.1993,-22.85752,2.13721,-0.59124,0.2799,-0.13939,0.04389,-0.00571,0.08147,-41.51139,6.21729,-1.14429,0.7975,-0.73212,0.44639,-0.14021,0.01725,,,,,,,,,,,,,,,,,,,,,,,High,High,High,High,Medium,,,
50,2025-08-13,19:00:24.12,2,5,"Vallimont, Chris",681808,Right,YOR,"Antonini, Aaron",689577,Left,LI,Undefined,2,Bottom,1,2,2,Undefined,Four-Seam,BallCalled,Undefined,Undefined,Undefined,0,0,,92.53788,-5.702439,-3.795971,2311.454519,197.683332,12:30,6.50838,1.76362,7.57498,-8.09705,24.68226,7.45721,0.5782,-1.09925,83.03976,-7.372588,-2.445607,0.41207,,,,,,,,,,,,-5.19355,15.25209,-1.50563,50,6.11108,8.55042,-133.42475,-13.43495,-9.17223,34.13911,-5.23768,LI,YOR,CenterIslip,Independent,ATL,20250813-CenterIslip-1,4c11f4e0-7899-11f0-a98f-87b1e365742a,91.47093,,,9.49812,,,,,,,62d3ce5c-e40a-498f-9f47-c00d00055be0,2025-08-13,23:00:24.12,2025-08-13T19:00:24.1246208-04:00,2025-08-13T23:00:24.1246208Z,,v3,1896,5435,,"Williams, Chris",675910,Right,YOR,54269238-519e-4e8e-8edc-bdac5594141b,53.92107,-134.42428,17.06955,6.50218,-13.2816,-2.61884,-1.7599,8.81897,-4.58612,,,,,,,,,,,,,,,,,,,,,,,,,,,,,,,,,,,,,,,,,,,,,,,,,,,High,High,High,,,,,
51,2025-08-13,19:00:44.36,2,6,"Vallimont, Chris",681808,Right,YOR,"Antonini, Aaron",689577,Left,LI,Undefined,2,Bottom,1,3,2,Undefined,Curveball,StrikeSwinging,Strikeout,Undefined,Undefined,0,0,,81.23483,2.308452,-1.05715,2926.997705,65.186851,8:15,6.07407,2.66466,6.92209,-49.75479,-6.83851,-18.01438,4.07149,0.18237,73.53852,-6.864775,-4.290672,0.471501,,,,,,,,,,,,8.80973,-3.735,-2.57025,50,6.23137,2.88775,-117.83292,3.08149,12.18164,25.83808,-37.33864,LI,YOR,CenterIslip,Independent,ATL,20250813-CenterIslip-1,5817f5a0-7899-11f0-a98f-87b1e365742a,79.94141,,,7.69631,,,,,,,62d3ce5c-e40a-498f-9f47-c00d00055be0,2025-08-13,23:00:44.36,2025-08-13T19:00:44.3660000-04:00,2025-08-13T23:00:44.3660000Z,,v3,1896,5435,,"Williams, Chris",675910,Right,YOR,6b9ae6ec-af3e-449f-adf0-d510b3d534ff,54.57682,-118.83227,12.91904,6.08426,4.52566,-18.66932,-2.67282,2.41659,6.09082,,,,,,,,,,,,,,,,,,,,,,,,,,,,,57.83828,2.728364,1.512397,1.215967,-1.48839,3.70664,0.04012,-1.51302,4.67858,-0.0589,74.24507,9.0971,-50.74794,-1.46323,66.00873,-3.06993,4.75952,21.47533,-14.7054,-0.15566,-46.87396,4.30924,High,High,High,,,High,High,High
52,2025-08-13,19:01:15.81,3,1,"Vallimont, Chris",681808,Right,YOR,"Kohlwey, Taylor",670128,Left,LI,Undefined,2,Bottom,2,0,0,Undefined,Slider,FoulBallNotFieldable,Undefined,Undefined,Undefined,0,0,,87.20037,-1.309619,-2.587906,2468.707118,133.838064,10:30,6.2646,2.3406,7.16095,-28.91809,7.59737,-6.69886,2.64352,-0.60991,79.84449,-6.690768,-3.79474,0.43492,,,,,,,,,,,,2.74146,4.64933,-2.14075,50,6.15032,5.98165,-126.58576,-3.81319,4.4292,26.87575,-24.66245,LI,YOR,CenterIslip,Independent,ATL,20250813-CenterIslip-1,6ae976e0-7899-11f0-a98f-87b1e365742a,86.66515,,,7.35589,,,,,,,62d3ce5c-e40a-498f-9f47-c00d00055be0,2025-08-13,23:01:15.81,2025-08-13T19:01:15.8133248-04:00,2025-08-13T23:01:15.8133248Z,,v3,1896,5435,,"Williams, Chris",675910,Right,YOR,c1fdabf5-9ce5-4c28-8166-0ac8e11ec908,54.33804,-127.50345,13.43787,6.26615,-2.97107,-12.33123,-2.34242,5.83041,2.2146,,,,,,,,,,,,,,,,,,,,,,,,,,,,,,,,,,,,,,,,,,,,,,,,,,,High,High,High,,,,,
53,2025-08-13,19:01:37.83,3,2,"Vallimont, Chris",681808,Right,YOR,"Kohlwey, Taylor",670128,Left,LI,Undefined,2,Bottom,2,0,1,Undefined,Curveball,StrikeCalled,Undefined,Undefined,Undefined,0,0,,80.73285,0.625535,-1.538098,2992.583409,54.646918,7:45,6.07116,2.56886,6.85454,-51.20499,-7.5463,-12.83324,2.38551,0.06999,73.18611,-8.776373,-3.842544,0.475562,,,,,,,,,,,,6.01181,-3.55437,-2.43662,50,6.09266,3.64901,-117.1116,-0.44282,8.18393,26.19911,-37.01266,LI,YOR,CenterIslip,Independent,ATL,20250813-CenterIslip-1,78135e30-7899-11f0-a98f-87b1e365742a,79.2588,,,7.54674,,,,,,,62d3ce5c-e40a-498f-9f47-c00d00055be0,2025-08-13,23:01:37.83,2025-08-13T19:01:37.8363904-04:00,2025-08-13T23:01:37.8363904Z,,v3,1896,5435,,"Williams, Chris",675910,Right,YOR,27cbec55-371b-4d59-b50d-2fa9903d5d3a,54.64379,-118.1459,13.09955,6.08131,1.01838,-18.50633,-2.5743,3.32592,4.09197,,,,,,,,,,,,,,,,,,,,,,,,,,,,,,,,,,,,,,,,,,,,,,,,,,,High,High,High,,,,,
54,2025-08-13,19:01:55.68,3,3,"Vallimont, Chris",681808,Right,YOR,"Kohlwey, Taylor",670128,Left,LI,Undefined,2,Bottom,2,0,2,Undefined,Curveball,BallCalled,Undefined,Undefined,Undefined,0,0,,77.92253,0.056502,-0.54353,2678.670871,36.424535,7:15,6.38524,2.13982,6.63111,-63.60653,-16.56599,-13.40418,1.13742,0.51566,71.37721,-11.477967,-2.949639,0.493637,,,,,,,,,,,,6.64398,-7.99481,-2.08478,50,6.34923,1.58208,-113.16299,-2.03819,8.46871,23.9319,-42.36457,LI,YOR,CenterIslip,Independent,ATL,20250813-CenterIslip-1,82b40290-7899-11f0-a98f-87b1e365742a,76.35661,,,6.54532,,,,,,,62d3ce5c-e40a-498f-9f47-c00d00055be0,2025-08-13,23:01:55.68,2025-08-13T19:01:55.6809728-04:00,2025-08-13T23:01:55.6809728Z,,v3,1896,5435,,"Williams, Chris",675910,Right,YOR,07a7cab4-b54e-497a-8c45-568048f1de6a,54.87166,-114.18861,11.96595,6.39767,-0.22262,-21.18228,-2.14481,1.21915,4.23436,,,,,,,,,,,,,,,,,,,,,,,,,,,,,,,,,,,,,,,,,,,,,,,,,,,High,High,High,,,,,
55,2025-08-13,19:02:14.40,3,4,"Vallimont, Chris",681808,Right,YOR,"Kohlwey, Taylor",670128,Left,LI,Undefined,2,Bottom,2,1,2,Undefined,Changeup,BallCalled,Undefined,Undefined,Undefined,0,0,,82.93932,0.088987,-2.790701,2342.964452,232.019304,1:45,6.03355,2.41823,7.71789,-26.4306,13.15938,15.16564,3.91244,1.12916,75.40191,-4.950464,-0.02903,0.45286,,,,,,,,,,,,-8.76674,7.31843,-2.23836,50,6.02903,5.32389,-120.45914,-0.49074,-12.79857,24.80109,-21.48986,LI,YOR,CenterIslip,Independent,ATL,20250813-CenterIslip-1,8de01e10-7899-11f0-a98f-87b1e365742a,83.23197,,,7.53741,,,,,,,62d3ce5c-e40a-498f-9f47-c00d00055be0,2025-08-13,23:02:14.40,2025-08-13T19:02:14.4054784-04:00,2025-08-13T23:02:14.4054784Z,,v3,1896,5435,,"Williams, Chris",675910,Right,YOR,34f5a481-e021-47f4-8b5e-f3b0842ba730,53.77869,-121.23463,12.40055,6.03387,0.18122,-10.74493,-2.41109,5.72408,-6.39928,,,,,,,,,,,,,,,,,,,,,,,,,,,,,,,,,,,,,,,,,,,,,,,,,,,High,High,High,,,,,
56,2025-08-13,19:02:33.17,3,5,"Vallimont, Chris",681808,Right,YOR,"Kohlwey, Taylor",670128,Left,LI,Undefined,2,Bottom,2,2,2,Undefined,Four-Seam,FoulBallNotFieldable,Undefined,Undefined,Undefined,0,0,,91.16099,-2.488327,-3.304346,2165.756046,206.544931,1:00,6.45137,2.12169,7.34684,-12.92186,20.20596,9.56249,3.0787,-0.12658,83.3087,-4.998711,-1.577496,0.414255,80.86607,66.547796,-114.118658,4642.688789,,,,,61.63444,,,-5.91481,11.5539,-1.88591,50,6.26403,7.25145,-132.23582,-6.06686,-10.47465,28.16073,-11.71302,LI,YOR,CenterIslip,Independent,ATL,20250813-CenterIslip-1,9900a0d0-7899-11f0-a98f-87b1e365742a,90.98853,95.82994,,7.85228,,,,2.01252,2.72722,0.45819,62d3ce5c-e40a-498f-9f47-c00d00055be0,2025-08-13,23:02:33.17,2025-08-13T19:02:33.1785728-04:00,2025-08-13T23:02:33.1785728Z,,v3,1896,5435,,"Williams, Chris",675910,Right,YOR,34341168-5b15-4834-9aba-de91d8036035,54.15194,-133.11708,14.08036,6.44815,-5.70032,-5.85651,-2.11797,7.57925,-5.23732,18.897393,2.01252,-19.28815,-9.64228,4.79953,-1.53873,0.42774,-0.10545,0.02027,-0.00206,2.72722,108.80584,-35.67725,5.62607,-1.14017,0.20704,-0.04369,0.0107,-0.00171,0.45819,-43.08154,3.78893,0.07427,-0.22512,0.09259,-0.02286,0.00289,5E-05,,,,,,,,,,,,,,,,,,,,,,,High,High,High,Medium,Undefined,,,
57,2025-08-13,19:02:57.46,3,6,"Vallimont, Chris",681808,Right,YOR,"Kohlwey, Taylor",670128,Left,LI,Undefined,2,Bottom,2,2,2,Undefined,Curveball,BallCalled,Undefined,Undefined,Undefined,0,0,,78.64781,-0.983632,-2.1747,2661.280296,35.118254,7:15,6.25149,2.25613,6.90932,-63.10141,-16.87119,-13.04682,0.07931,-0.85056,71.65891,-12.453691,-4.527562,0.489367,,,,,,,,,,,,5.9563,-7.92445,-2.07401,50,6.13658,4.80981,-114.06512,-4.01153,7.62715,26.46568,-42.32143,LI,YOR,CenterIslip,Independent,ATL,20250813-CenterIslip-1,a7850f10-7899-11f0-a98f-87b1e365742a,77.0229,,,6.9889,,,,,,,62d3ce5c-e40a-498f-9f47-c00d00055be0,2025-08-13,23:02:57.46,2025-08-13T19:02:57.4617088-04:00,2025-08-13T23:02:57.4617088Z,,v3,1896,5435,,"Williams, Chris",675910,Right,YOR,b945cd9b-80ce-4a9c-873a-69cee0f1ce64,54.59247,-115.12575,13.23284,6.26336,-2.31548,-21.16072,-2.26064,4.50414,3.81357,,,,,,,,,,,,,,,,,,,,,,,,,,,,,,,,,,,,,,,,,,,,,,,,,,,High,High,High,,,,,
58,2025-08-13,19:03:21.28,3,7,"Vallimont, Chris",681808,Right,YOR,"Kohlwey, Taylor",670128,Left,LI,Undefined,2,Bottom,2,3,2,Undefined,Changeup,FoulBallNotFieldable,Undefined,Undefined,Undefined,0,0,,83.78603,-1.826889,-3.304934,2270.268644,232.079627,1:45,6.0723,2.44303,7.79992,-25.14348,14.34316,16.39576,2.3064,0.78982,74.92143,-6.666216,-0.314641,0.452269,65.90052,32.477522,-163.339953,2373.287563,-104.99642,27.91053,-32.79791,164.9086,81.32803,-163.911606,2.451269,-9.85591,8.69343,-2.2342,50,5.94448,6.42251,-121.3993,-4.49621,-14.30855,29.78702,-19.55317,LI,YOR,CenterIslip,Independent,ATL,20250813-CenterIslip-1,b5b2aac0-7899-11f0-a98f-87b1e365742a,83.3408,30.68878,,8.8646,,,,2.13746,2.38396,-0.79394,62d3ce5c-e40a-498f-9f47-c00d00055be0,2025-08-13,23:03:21.28,2025-08-13T19:03:21.2804608-04:00,2025-08-13T23:03:21.2804608Z,FlyBall,v3,1896,5435,,"Williams, Chris",675910,Right,YOR,62895072-8ab0-4004-805c-b017119532b7,53.69567,-122.30272,14.89351,6.07185,-3.90317,-9.77658,-2.43557,6.85648,-7.15428,349.530727,2.13758,-78.12278,5.92565,-0.7473,0.63709,-0.58439,0.32322,-0.08955,0.00962,2.38396,51.90178,-26.56749,3.17379,-0.89489,0.39448,-0.17132,0.04618,-0.00515,-0.79384,-23.38227,0.5915,0.78864,0.07701,-0.27089,0.17544,-0.04997,0.00533,,,,,,,,,,,,,,,,,,,,,,,High,High,High,High,Medium,,,
59,2025-08-13,19:03:46.09,3,8,"Vallimont, Chris",681808,Right,YOR,"Kohlwey, Taylor",670128,Left,LI,Undefined,2,Bottom,2,3,2,Undefined,Slider,StrikeSwinging,Strikeout,Undefined,Undefined,0,0,,86.46413,-2.549901,-2.711423,2576.107135,98.311412,9:15,6.28012,2.33136,7.20515,-35.14494,1.62228,-3.89835,0.99361,-0.49803,80.28266,-9.000603,-3.415491,0.436417,,,,,,,,,,,,1.33331,1.80012,-2.1257,50,6.07056,6.09309,-125.5613,-6.73755,2.14171,23.9478,-29.28246,LI,YOR,CenterIslip,Independent,ATL,20250813-CenterIslip-1,c4795220-7899-11f0-a98f-87b1e365742a,86.36791,,,6.18146,,,,,,,62d3ce5c-e40a-498f-9f47-c00d00055be0,2025-08-13,23:03:46.09,2025-08-13T19:03:46.0990000-04:00,2025-08-13T23:03:46.0990000Z,,v3,1896,5435,,"Williams, Chris",675910,Right,YOR,432c10eb-2db4-4690-99dc-0e0f44192177,54.29557,-126.37792,11.9739,6.28328,-5.73902,-14.64123,-2.33223,6.02006,1.07086,,,,,,,,,,,,,,,,,,,,,,,,,,,,,61.31506,,,1.091113,,,,-0.36399,5.91631,-2.74956,68.57872,11.17819,-56.39757,-0.32927,66.58836,-3.13687,5.98152,20.86757,-14.73707,-2.84302,-55.08955,5.47617,High,High,High,,,High,High,High
60,2025-08-13,19:05:59.07,1,1,"Hillman, Juan",663535,Left,LI,"Alleyne, Bubba",804588,Right,YOR,Undefined,3,Top,0,0,0,Undefined,Four-Seam,BallCalled,Undefined,Undefined,Undefined,0,0,,89.38437,-2.330895,1.818901,2139.924369,139.779847,10:45,6.40116,-1.88114,6.57012,-17.05946,18.51588,-14.65143,2.79998,-1.40251,81.40717,-5.559672,-0.794547,0.429285,,,,,,,,,,,,7.93292,10.39201,1.73425,50,6.18925,-3.46786,-129.60071,-5.80347,13.43961,28.07378,-14.56836,LI,YOR,CenterIslip,Independent,ATL,20250813-CenterIslip-1,13c723c0-789a-11f0-a98f-87b1e365742a,87.80283,,,7.97721,,,,,,,62d3ce5c-e40a-498f-9f47-c00d00055be0,2025-08-13,23:05:59.07,2025-08-13T19:05:59.0729728-04:00,2025-08-13T23:05:59.0729728Z,,v3,1896,5435,,"Antonini, Aaron",689577,Right,LI,e62a0e4c-6d22-43c7-84d2-cf500580a3e7,54.9275,-130.66373,14.03689,6.39856,-5.25184,-7.28418,1.87519,-3.97676,6.7198,,,,,,,,,,,,,,,,,,,,,,,,,,,,,,,,,,,,,,,,,,,,,,,,,,,High,High,High,,,,,
61,2025-08-13,19:06:11.49,1,2,"Hillman, Juan",663535,Left,LI,"Alleyne, Bubba",804588,Right,YOR,Undefined,3,Top,0,1,0,Undefined,Four-Seam,BallCalled,Undefined,Undefined,Undefined,0,0,,89.59262,-1.509371,1.73819,2055.271197,145.290883,10:45,6.36178,-1.71559,6.6915,-18.12434,16.97406,-10.97666,3.44376,-1.00988,81.82358,-4.931304,-0.2241,0.426398,,,,,,,,,,,,6.04083,9.37674,1.57636,50,6.22365,-3.46321,-130.0214,-3.99224,10.33825,27.32966,-16.12672,LI,YOR,CenterIslip,Independent,ATL,20250813-CenterIslip-1,1b274320-789a-11f0-a98f-87b1e365742a,88.39734,,,7.76904,,,,,,,62d3ce5c-e40a-498f-9f47-c00d00055be0,2025-08-13,23:06:11.49,2025-08-13T19:06:11.4907648-04:00,2025-08-13T23:06:11.4907648Z,,v3,1896,5435,,"Antonini, Aaron",689577,Right,LI,20e645ff-5105-4306-9c95-703529c4870a,54.80561,-131.02761,13.66483,6.3597,-3.3985,-8.06336,1.71087,-3.84384,5.16912,,,,,,,,,,,,,,,,,,,,,,,,,,,,,,,,,,,,,,,,,,,,,,,,,,,High,High,High,,,,,
62,2025-08-13,19:06:24.82,1,3,"Hillman, Juan",663535,Left,LI,"Alleyne, Bubba",804588,Right,YOR,Undefined,3,Top,0,2,0,Undefined,Sinker,StrikeCalled,Undefined,Undefined,Undefined,0,0,,87.84928,-2.10443,1.916002,2045.23381,139.040928,10:45,6.24814,-1.92781,6.77173,-20.58292,15.77686,-12.69304,2.5726,-1.20192,80.47687,-5.965417,-0.356978,0.433992,,,,,,,,,,,,7.00618,8.97485,1.77723,50,6.0617,-3.73234,-127.49409,-5.33371,11.54474,25.93898,-17.38535,LI,YOR,CenterIslip,Independent,ATL,20250813-CenterIslip-1,231a53b0-789a-11f0-a98f-87b1e365742a,86.85048,,,7.37241,,,,,,,62d3ce5c-e40a-498f-9f47-c00d00055be0,2025-08-13,23:06:24.82,2025-08-13T19:06:24.8273408-04:00,2025-08-13T23:06:24.8273408Z,,v3,1896,5435,,"Antonini, Aaron",689577,Right,LI,816013cb-abc4-430c-ae27-00583a4548fd,54.72664,-128.45214,12.96949,6.24684,-4.69158,-8.69268,1.92296,-4.15874,5.77237,,,,,,,,,,,,,,,,,,,,,,,,,,,,,,,,,,,,,,,,,,,,,,,,,,,High,High,High,,,,,
63,2025-08-13,19:06:47.90,1,4,"Hillman, Juan",663535,Left,LI,"Alleyne, Bubba",804588,Right,YOR,Undefined,3,Top,0,2,1,Undefined,Sinker,BallCalled,Undefined,Undefined,Undefined,0,0,,89.77695,-3.938965,2.83846,2098.772167,133.247268,10:30,6.23663,-2.05361,6.73406,-23.67619,10.99276,-10.62741,0.58524,-0.29381,83.31484,-8.29018,0.936806,0.423781,,,,,,,,,,,,6.17016,6.87933,1.82387,50,5.89297,-6.01241,-130.14272,-9.78682,10.7051,24.34118,-20.23852,LI,YOR,CenterIslip,Independent,ATL,20250813-CenterIslip-1,30d6de10-789a-11f0-a98f-87b1e365742a,88.94315,,,6.46211,,,,,,,62d3ce5c-e40a-498f-9f47-c00d00055be0,2025-08-13,23:06:47.90,2025-08-13T19:06:47.9098368-04:00,2025-08-13T23:06:47.9098368Z,,v3,1896,5435,,"Antonini, Aaron",689577,Right,LI,f8df4fb4-ecce-41d5-9884-d4be13bfedf5,54.7669,-131.03126,12.17059,6.23674,-9.04804,-10.11926,2.05048,-6.40318,5.35255,,,,,,,,,,,,,,,,,,,,,,,,,,,,,,,,,,,,,,,,,,,,,,,,,,,High,High,High,,,,,
64,2025-08-13,19:07:04.34,1,5,"Hillman, Juan",663535,Left,LI,"Alleyne, Bubba",804588,Right,YOR,Undefined,3,Top,0,3,1,Undefined,Sinker,BallCalled,Walk,Undefined,Undefined,0,0,,88.19127,-3.300334,4.017978,2055.091923,125.760225,10:15,6.24306,-2.11077,6.6069,-24.00501,12.43261,-15.65631,1.15095,0.34127,81.02028,-7.737838,1.228545,0.434457,,,,,,,,,,,,9.06508,7.54245,1.77721,50,5.94439,-8.30327,-127.64213,-8.1944,15.00073,25.52766,-19.69294,LI,YOR,CenterIslip,Independent,ATL,20250813-CenterIslip-1,3aabce00-789a-11f0-a98f-87b1e365742a,86.75766,,,7.17099,,,,,,,62d3ce5c-e40a-498f-9f47-c00d00055be0,2025-08-13,23:07:04.34,2025-08-13T19:07:04.3472896-04:00,2025-08-13T23:07:04.3472896Z,,v3,1896,5435,,"Antonini, Aaron",689577,Right,LI,4a396213-75a4-4441-96d8-0b15d970c715,54.89287,-128.61695,12.76383,6.24295,-7.44239,-9.84647,2.10523,-8.87611,7.50036,,,,,,,,,,,,,,,,,,,,,,,,,,,,,,,,,,,,,,,,,,,,,,,,,,,High,High,High,,,,,
65,2025-08-13,19:08:03.90,2,1,"Hillman, Juan",663535,Left,LI,"Williams, Chris",675910,Right,YOR,Undefined,3,Top,0,0,0,Undefined,Four-Seam,InPlay,Undefined,FlyBall,Out,1,0,,88.0211,-1.834816,3.182543,2131.59119,144.875969,10:45,6.53006,-1.89895,6.55251,-18.46532,18.1195,-11.92103,3.2736,0.08445,80.47774,-5.311502,1.060435,0.435333,96.84486,46.640461,-17.681222,4455.717329,105.1715,106.32533,-32.23277,347.38221,185.80921,-16.939367,6.174054,6.93095,10.03056,1.63174,50,6.35922,-6.58364,-127.59873,-4.67463,11.439,25.99248,-15.61942,LI,YOR,CenterIslip,Independent,ATL,20250813-CenterIslip-1,5e28e340-789a-11f0-a98f-87b1e365742a,86.58292,143.93994,,7.54337,,,,3.46205,4.64462,-0.30023,62d3ce5c-e40a-498f-9f47-c00d00055be0,2025-08-13,23:08:03.90,2025-08-13T19:08:03.9090688-04:00,2025-08-13T23:08:03.9090688Z,FlyBall,v3,1896,5435,,"Antonini, Aaron",689577,Right,LI,045e256d-4f35-439a-8862-f53cb56aa803,54.94619,-128.60234,12.99624,6.52807,-4.07153,-7.80971,1.89448,-7.02532,5.7195,181.768773,3.46958,92.78744,-17.80037,4.08687,-0.65796,0.07286,-0.00636,0.00055,-3E-05,4.64563,103.23782,-23.62747,2.26421,-0.17683,-0.07125,0.0262,-0.00343,0.00016,-0.30277,-29.57627,6.05339,-1.4143,0.23318,-0.02674,0.00233,-0.00019,1E-05,,,,,,,,,,,,,,,,,,,,,,,High,High,High,Medium,Low,,,
66,2025-08-13,19:09:26.54,3,1,"Hillman, Juan",663535,Left,LI,"Miller, Jalen",663692,Right,YOR,Undefined,3,Top,1,0,0,Undefined,Sinker,BallCalled,Undefined,Undefined,Undefined,0,0,,90.00194,-1.893308,3.94564,2033.71492,140.198355,10:45,6.39188,-1.74667,6.56374,-17.63056,17.42623,-13.5728,3.14909,0.81412,82.16908,-5.217222,1.53204,0.426145,,,,,,,,,,,,7.90654,9.65627,1.41474,50,6.21668,-8.37771,-130.33213,-4.87606,13.61455,27.11184,-15.54659,LI,YOR,CenterIslip,Independent,ATL,20250813-CenterIslip-1,8f51ba00-789a-11f0-a98f-87b1e365742a,88.44978,,,7.83286,,,,,,,62d3ce5c-e40a-498f-9f47-c00d00055be0,2025-08-13,23:09:26.54,2025-08-13T19:09:26.5420000-04:00,2025-08-13T23:09:26.5420000Z,,v3,1896,5435,,"Antonini, Aaron",689577,Right,LI,94519880-ee04-4532-83db-44fbefa9936c,54.93342,-131.35438,13.55592,6.38949,-4.28988,-7.7733,1.7403,-8.89104,6.80727,,,,,,,,,,,,,,,,,,,,,,,,,,,,,75.15397,1.529876,0.650701,0.879175,-2.1709,2.81312,-0.90501,-1.77037,5.61912,-2.42316,63.36252,5.00706,-61.59823,-1.74921,78.65026,-5.24951,5.63079,10.40346,-12.65701,-2.47263,-75.38432,9.31641,High,High,High,,,High,High,High
67,2025-08-13,19:10:20.18,3,2,"Hillman, Juan",663535,Left,LI,"Miller, Jalen",663692,Right,YOR,Undefined,3,Top,1,1,0,Undefined,Sinker,InPlay,Undefined,FlyBall,Sacrifice,1,1,,91.1305,-1.772992,2.690757,2013.301948,142.333272,10:45,6.30331,-1.9052,6.71476,-17.28107,16.87469,-12.12264,3.20921,-0.40696,82.67601,-5.053424,0.524633,0.420633,87.00184,31.742731,23.239897,3783.7814,99.23486,60.18737,47.45916,328.52851,319.96054,28.755393,4.59385,6.97957,9.45898,1.68771,50,6.14438,-5.67252,-132.08891,-4.63088,12.24114,30.05285,-15.58443,LI,YOR,CenterIslip,Independent,ATL,20250813-CenterIslip-1,af65b3a0-789a-11f0-a98f-87b1e365742a,89.60887,74.27718,,8.45448,,,,0.90917,3.19819,0.41602,62d3ce5c-e40a-498f-9f47-c00d00055be0,2025-08-13,23:10:20.18,2025-08-13T19:10:20.1897472-04:00,2025-08-13T23:10:20.1897472Z,FlyBall,v3,1896,5435,,"Antonini, Aaron",689577,Right,LI,b0b426ec-b329-4ff0-9621-364581c1aa74,54.78274,-133.17263,15.02642,6.30124,-4.0689,-7.79221,1.90022,-6.11394,6.12057,201.110286,0.91033,99.69049,-19.45794,4.95344,-0.9332,0.13051,-0.01579,0.00188,-0.00012,3.19887,67.10587,-16.7249,0.11229,0.38296,-0.20392,0.05788,-0.00834,0.00047,0.41629,42.81257,-3.59766,0.63236,-0.07707,0.00997,-0.00318,0.00068,-5E-05,,,,,,,,,,,,,,,,,,,,,,,High,High,High,High,High,,,
68,2025-08-13,19:10:59.73,4,1,"Hillman, Juan",663535,Left,LI,"Arocho, Jeremy",671080,Right,YOR,Undefined,3,Top,2,0,0,Undefined,Sinker,InPlay,Undefined,Bunt,Single,0,0,,89.90656,-1.840486,2.642636,2024.986684,139.181324,10:45,6.30634,-1.94381,6.69723,-16.46505,18.91147,-15.21249,3.21674,-0.74717,80.95478,-4.997641,-0.075039,0.428084,,,,,,,,,,,,8.63162,10.59544,1.73176,50,6.14183,-5.34966,-130.22662,-4.67356,14.5927,31.30891,-14.26128,LI,YOR,CenterIslip,Independent,ATL,20250813-CenterIslip-1,c6f64390-789a-11f0-a98f-87b1e365742a,88.0492,,,8.95177,,,,,,,62d3ce5c-e40a-498f-9f47-c00d00055be0,2025-08-13,23:10:59.73,2025-08-13T19:10:59.7376512-04:00,2025-08-13T23:10:59.7376512Z,,v3,1896,5435,,"Antonini, Aaron",689577,Right,LI,496a3be6-089c-490e-a754-710dd81a0c38,54.8003,-131.37563,15.65446,6.30375,-4.15018,-7.13064,1.93791,-5.8852,7.29635,,,,,,,,,,,,,,,,,,,,,,,,,,,,,,,,,,,,,,,,,,,,,,,,,,,High,High,High,,,,,
69,2025-08-13,19:11:48.20,5,1,"Hillman, Juan",663535,Left,LI,"Connell, Justin",676667,Right,YOR,Undefined,3,Top,2,0,0,Undefined,Four-Seam,InPlay,Undefined,FlyBall,Out,1,0,,88.54005,-2.528291,2.881096,2005.475152,146.900592,11:00,6.53751,-1.7965,6.64999,-18.32332,17.76678,-10.81481,2.64793,-0.00828,80.91568,-5.980018,0.951383,0.43238,104.11738,49.324619,-18.644915,3370.541947,105.43866,119.83122,-31.34769,353.31911,188.2165,-13.568448,6.635554,6.33134,10.09465,1.55929,50,6.31143,-5.99958,-128.33,-6.24492,10.5506,26.7365,-15.35228,LI,YOR,CenterIslip,Independent,ATL,20250813-CenterIslip-1,e3d1f590-789a-11f0-a98f-87b1e365742a,87.17436,168.11181,,7.62437,,,,1.92349,2.82967,-0.43097,62d3ce5c-e40a-498f-9f47-c00d00055be0,2025-08-13,23:11:48.20,2025-08-13T19:11:48.2073600-04:00,2025-08-13T23:11:48.2073600Z,FlyBall,v3,1896,5435,,"Antonini, Aaron",689577,Right,LI,d4957339-d5d0-42f9-878d-d8fd71278cef,54.8488,-129.33626,13.36825,6.53559,-5.66712,-7.67614,1.79256,-6.39666,5.2753,192.562151,1.93679,94.09613,-18.93639,4.27028,-0.62793,0.05128,-0.00154,2E-05,-1E-05,2.8269,115.83489,-26.21703,3.09469,-0.44459,0.00022,0.01326,-0.0021,0.0001,-0.43727,-31.71656,9.38263,-2.30578,0.37301,-0.03485,0.00095,9E-05,-1E-05,,,,,,,,,,,,,,,,,,,,,,,High,High,High,Medium,Low,,,
70,2025-08-13,19:14:04.83,1,1,"Vallimont, Chris",681808,Right,YOR,"Thomas, Cody",642137,Left,LI,Undefined,3,Bottom,0,0,0,Undefined,Four-Seam,StrikeCalled,Undefined,Undefined,Undefined,0,0,,91.00148,-2.678312,-2.422191,2327.05274,208.399937,1:00,6.64595,1.81858,7.04772,-11.41123,22.68308,11.58442,3.21153,0.54026,81.93771,-4.939454,-0.33939,0.420254,,,,,,,,,,,,-6.68839,12.84847,-1.63588,50,6.43089,5.06844,-131.79569,-6.40565,-11.59198,31.83742,-9.90567,LI,YOR,CenterIslip,Independent,ATL,20250813-CenterIslip-1,354ae490-789b-11f0-a98f-87b1e365742a,89.68958,,,9.06378,,,,,,,62d3ce5c-e40a-498f-9f47-c00d00055be0,2025-08-13,23:14:04.83,2025-08-13T19:14:04.8368128-04:00,2025-08-13T23:14:04.8368128Z,,v3,1896,5435,,"Williams, Chris",675910,Right,YOR,1fbe1595-c4ae-428a-87b1-6575a63b89a3,54.44724,-132.86565,15.91871,6.64057,-6.07275,-4.95284,-1.81276,5.45801,-5.79599,,,,,,,,,,,,,,,,,,,,,,,,,,,,,,,,,,,,,,,,,,,,,,,,,,,High,High,High,,,,,
71,2025-08-13,19:14:19.10,1,2,"Vallimont, Chris",681808,Right,YOR,"Thomas, Cody",642137,Left,LI,Undefined,3,Bottom,0,0,1,Undefined,Four-Seam,StrikeCalled,Undefined,Undefined,Undefined,0,0,,91.9026,-4.266649,-3.544228,2333.869057,209.866512,1:00,6.51642,2.04185,7.18619,-10.83579,22.34135,12.1569,1.65902,-0.22177,83.38502,-6.403519,-1.356281,0.414564,,,,,,,,,,,,-7.3302,13.16615,-1.78016,50,6.18781,7.71586,-132.89607,-10.15868,-13.01456,30.40191,-8.79785,LI,YOR,CenterIslip,Independent,ATL,20250813-CenterIslip-1,3dcdb200-789b-11f0-a98f-87b1e365742a,90.92078,,,8.51759,,,,,,,62d3ce5c-e40a-498f-9f47-c00d00055be0,2025-08-13,23:14:19.10,2025-08-13T19:14:19.1053312-04:00,2025-08-13T23:14:19.1053312Z,,v3,1896,5435,,"Williams, Chris",675910,Right,YOR,43312e1f-6e94-47f3-804c-e420f05e3951,54.31097,-133.87864,15.20096,6.51153,-9.87434,-4.39892,-2.03633,8.13648,-6.50728,,,,,,,,,,,,,,,,,,,,,,,,,,,,,,,,,,,,,,,,,,,,,,,,,,,High,High,High,,,,,
72,2025-08-13,19:14:36.81,1,3,"Vallimont, Chris",681808,Right,YOR,"Thomas, Cody",642137,Left,LI,Undefined,3,Bottom,0,0,2,Undefined,Curveball,StrikeSwinging,Strikeout,Undefined,Undefined,0,0,,80.02436,1.255825,-1.658706,2689.885149,30.299706,7:00,6.38672,2.27542,6.81561,-63.87106,-19.20292,-12.16792,2.23248,-0.28128,72.53199,-10.400848,-3.845302,0.481028,,,,,,,,,,,,5.60063,-9.68898,-2.13249,50,6.45243,3.83894,-116.09348,0.34209,7.45434,26.74669,-45.06989,LI,YOR,CenterIslip,Independent,ATL,20250813-CenterIslip-1,4862bda0-789b-11f0-a98f-87b1e365742a,78.35812,,,7.49238,,,,,,,62d3ce5c-e40a-498f-9f47-c00d00055be0,2025-08-13,23:14:36.81,2025-08-13T19:14:36.8170000-04:00,2025-08-13T23:14:36.8170000Z,,v3,1896,5435,,"Williams, Chris",675910,Right,YOR,979294f4-7dd7-4a84-bad1-8b72c5065c80,54.68597,-117.1681,13.37335,6.40231,2.1529,-22.53494,-2.28072,3.53945,3.72717,,,,,,,,,,,,,,,,,,,,,,,,,,,,,57.1443,2.695252,1.423718,1.271533,-0.33782,1.90317,0.40033,-2.01169,4.32409,1.34812,74.5288,8.79324,-50.46726,-1.98035,64.41497,-3.34819,4.40076,23.43054,-15.73774,1.27443,-46.59539,4.66716,High,High,High,,,High,High,High
73,2025-08-13,19:15:07.04,2,1,"Vallimont, Chris",681808,Right,YOR,"Viola, Troy",802112,Right,LI,Undefined,3,Bottom,1,0,0,Undefined,Four-Seam,BallCalled,Undefined,Undefined,Undefined,0,0,,95.47925,-4.24989,-1.441348,2415.119817,214.664062,1:15,6.33432,2.25091,7.38429,-11.38768,18.95111,12.39383,1.46754,1.95758,86.95777,-6.466591,0.803689,0.396434,,,,,,,,,,,,-6.8502,11.41434,-2.15238,50,6.02227,2.94845,-138.36517,-10.54988,-13.21337,32.31772,-10.15683,LI,YOR,CenterIslip,Independent,ATL,20250813-CenterIslip-1,5a5c7c80-789b-11f0-a98f-87b1e365742a,95.07878,,,8.52148,,,,,,,62d3ce5c-e40a-498f-9f47-c00d00055be0,2025-08-13,23:15:07.04,2025-08-13T19:15:07.0400000-04:00,2025-08-13T23:15:07.0400000Z,,v3,1896,5435,,"Williams, Chris",675910,Right,YOR,7aaabfa2-d562-4197-85c6-8ce8e568ff0f,54.11298,-139.32252,16.15886,6.33033,-10.249,-5.07842,-2.24552,3.33987,-6.60668,,,,,,,,,,,,,,,,,,,,,,,,,,,,,,,,,,,,,,,,,,,,,,,,,,,High,High,High,,,,,
74,2025-08-13,19:15:23.13,2,2,"Vallimont, Chris",681808,Right,YOR,"Viola, Troy",802112,Right,LI,Undefined,3,Bottom,1,1,0,Undefined,Slider,BallCalled,Undefined,Undefined,Undefined,0,0,,81.66625,1.648551,-0.299437,3051.908166,75.997479,8:30,5.94458,2.60531,6.63704,-47.41723,-4.55551,-24.21092,3.53156,0.30838,74.03627,-7.0533,-4.625441,0.471201,,,,,,,,,,,,12.06406,-2.32213,-2.56466,50,6.05503,1.61867,-118.48192,1.75233,16.87661,25.99127,-35.42252,LI,YOR,CenterIslip,Independent,ATL,20250813-CenterIslip-1,63f8a930-789b-11f0-a98f-87b1e365742a,79.99226,,,7.62999,,,,,,,62d3ce5c-e40a-498f-9f47-c00d00055be0,2025-08-13,23:15:23.13,2025-08-13T19:15:23.1377920-04:00,2025-08-13T23:15:23.1377920Z,,v3,1896,5435,,"Williams, Chris",675910,Right,YOR,228f0037-3e4f-44ec-8e0e-f938c6cc30b9,54.86227,-119.54379,12.99564,5.95387,3.19951,-17.71126,-2.61671,0.92918,8.43831,,,,,,,,,,,,,,,,,,,,,,,,,,,,,,,,,,,,,,,,,,,,,,,,,,,High,High,High,,,,,
75,2025-08-13,19:15:38.43,2,3,"Vallimont, Chris",681808,Right,YOR,"Viola, Troy",802112,Right,LI,Undefined,3,Bottom,1,2,0,Undefined,Four-Seam,BallCalled,Undefined,Undefined,Undefined,0,0,,95.52106,-2.763173,-1.849346,2449.779418,219.014387,1:15,6.28051,2.31785,7.39241,-12.68075,17.73454,13.49442,2.67908,1.74088,86.36737,-5.236063,0.594951,0.396933,,,,,,,,,,,,-7.57201,10.40682,-2.19061,50,6.07571,3.88703,-138.53144,-7.00056,-14.53999,34.37481,-12.19065,LI,YOR,CenterIslip,Independent,ATL,20250813-CenterIslip-1,6d0b81a0-789b-11f0-a98f-87b1e365742a,94.95913,,,9.15369,,,,,,,62d3ce5c-e40a-498f-9f47-c00d00055be0,2025-08-13,23:15:38.43,2025-08-13T19:15:38.4364032-04:00,2025-08-13T23:15:38.4364032Z,,v3,1896,5435,,"Williams, Chris",675910,Right,YOR,0424dcff-e433-43fb-8eb0-5a7c494180e8,54.10396,-139.54607,17.18741,6.27703,-6.64074,-6.09532,-2.31167,4.3162,-7.26999,,,,,,,,,,,,,,,,,,,,,,,,,,,,,,,,,,,,,,,,,,,,,,,,,,,High,High,High,,,,,
76,2025-08-13,19:15:56.21,2,4,"Vallimont, Chris",681808,Right,YOR,"Viola, Troy",802112,Right,LI,Undefined,3,Bottom,1,3,0,Undefined,Cutter,StrikeCalled,Undefined,Undefined,Undefined,0,0,,89.80064,-2.486919,-2.286016,2514.922737,151.379242,11:00,6.15964,2.39896,7.34358,-24.51773,9.45579,-4.60437,1.8238,-0.09033,82.80072,-7.059417,-3.119007,0.419509,,,,,,,,,,,,1.79095,5.91524,-2.23074,50,5.96711,5.38757,-130.40638,-6.4313,3.09611,26.41573,-21.94797,LI,YOR,CenterIslip,Independent,ATL,20250813-CenterIslip-1,77aff690-789b-11f0-a98f-87b1e365742a,89.84886,,,6.99993,,,,,,,62d3ce5c-e40a-498f-9f47-c00d00055be0,2025-08-13,23:15:56.21,2025-08-13T19:15:56.2162176-04:00,2025-08-13T23:15:56.2162176Z,,v3,1896,5435,,"Williams, Chris",675910,Right,YOR,4500a523-5189-40ca-82f9-4d300318b760,54.15497,-131.24533,13.20787,6.16029,-5.73424,-10.97398,-2.40029,5.28924,1.54805,,,,,,,,,,,,,,,,,,,,,,,,,,,,,,,,,,,,,,,,,,,,,,,,,,,High,High,High,,,,,
77,2025-08-13,19:16:15.20,2,5,"Vallimont, Chris",681808,Right,YOR,"Viola, Troy",802112,Right,LI,Undefined,3,Bottom,1,3,1,Undefined,Four-Seam,InPlay,Undefined,Popup,Out,1,0,,93.93791,-2.624487,-2.967879,2346.679048,211.995727,1:00,6.33951,2.26118,7.35036,-9.50193,22.20796,13.13225,3.12698,0.62124,84.35543,-4.546094,-0.59481,0.405293,80.37859,81.448825,-57.801104,4650.297619,,,,,4.63785,,,-7.81493,12.76642,-2.05158,50,6.1441,6.49736,-136.07633,-6.41001,-14.39257,34.81166,-8.66239,LI,YOR,CenterIslip,Independent,ATL,20250813-CenterIslip-1,82f9d340-789b-11f0-a98f-87b1e365742a,93.00053,26.57403,,9.58248,,,,1.48258,3.14571,-0.6242,62d3ce5c-e40a-498f-9f47-c00d00055be0,2025-08-13,23:16:15.20,2025-08-13T19:16:15.2048640-04:00,2025-08-13T23:16:15.2048640Z,,v3,1896,5435,,"Williams, Chris",675910,Right,YOR,38f62add-a43c-49c6-b0d1-71b6c29cbf1f,54.14634,-137.13296,17.40583,6.33467,-6.14708,-4.33119,-2.25542,6.93421,-7.19628,174.657,1.4843,9.23261,-9.58122,,,,,,,3.14736,116.47455,-28.37725,,,,,,,-0.62503,-14.78116,5.21956,,,,,,,,,,,,,,,,,,,,,,,,,,,,,High,High,High,Medium,Undefined,,,
78,2025-08-13,19:16:57.93,3,1,"Vallimont, Chris",681808,Right,YOR,"Kaler, Kole",689179,Left,LI,Undefined,3,Bottom,2,0,0,Undefined,Four-Seam,StrikeCalled,Undefined,Undefined,Undefined,0,0,,92.49002,-4.155458,-2.947942,2282.169553,214.037156,1:15,6.48758,2.00481,7.36628,-11.82918,20.86131,13.27355,1.6662,0.39587,83.45441,-6.485714,-0.548029,0.411512,,,,,,,,,,,,-7.823,12.52406,-1.79729,50,6.18058,6.33205,-133.79957,-9.98465,-13.98115,32.67436,-9.79115,LI,YOR,CenterIslip,Independent,ATL,20250813-CenterIslip-1,9c703a30-789b-11f0-a98f-87b1e365742a,91.59509,,,9.03561,,,,,,,62d3ce5c-e40a-498f-9f47-c00d00055be0,2025-08-13,23:16:57.93,2025-08-13T19:16:57.9348992-04:00,2025-08-13T23:16:57.9348992Z,,v3,1896,5435,,"Williams, Chris",675910,Right,YOR,7b5cf618-058b-49ea-900d-80c173b69845,54.13,-134.80436,16.33718,6.48299,-9.68355,-4.89557,-1.99863,6.76199,-6.99057,,,,,,,,,,,,,,,,,,,,,,,,,,,,,,,,,,,,,,,,,,,,,,,,,,,High,High,High,,,,,
79,2025-08-13,19:17:16.44,3,2,"Vallimont, Chris",681808,Right,YOR,"Kaler, Kole",689179,Left,LI,Undefined,3,Bottom,2,0,1,Undefined,Slider,StrikeCalled,Undefined,Undefined,Undefined,0,0,,83.08864,0.035793,-1.238031,3024.234998,76.563328,8:30,5.99107,2.55363,6.72908,-43.98995,-2.77028,-17.51745,2.35859,-0.05933,75.58027,-8.033404,-4.374878,0.462087,,,,,,,,,,,,8.4876,-0.97146,-2.43966,50,5.96734,3.31953,-120.56888,-1.44859,12.30777,26.69955,-33.58275,LI,YOR,CenterIslip,Independent,ATL,20250813-CenterIslip-1,a788a6a0-789b-11f0-a98f-87b1e365742a,81.57,,,7.50836,,,,,,,62d3ce5c-e40a-498f-9f47-c00d00055be0,2025-08-13,23:17:16.44,2025-08-13T19:17:16.4446720-04:00,2025-08-13T23:17:16.4446720Z,,v3,1896,5435,,"Williams, Chris",675910,Right,YOR,83ea0ecc-0f51-4e62-8264-daf4c7355451,54.76939,-121.62046,13.34978,5.99835,-0.12591,-16.79138,-2.56086,2.83478,6.15388,,,,,,,,,,,,,,,,,,,,,,,,,,,,,,,,,,,,,,,,,,,,,,,,,,,High,High,High,,,,,
80,2025-08-13,19:17:47.13,3,3,"Vallimont, Chris",681808,Right,YOR,"Kaler, Kole",689179,Left,LI,Undefined,3,Bottom,2,0,2,Undefined,Curveball,BallCalled,Undefined,Undefined,Undefined,0,0,,79.19414,0.489743,-0.85756,2621.956436,29.875923,7:00,6.31051,2.21424,6.61092,-66.50874,-20.32304,-12.68024,1.22529,0.35706,71.6127,-11.591153,-3.132918,0.489131,,,,,,,,,,,,6.1167,-9.99697,-2.1326,50,6.30958,2.21693,-114.85016,-1.33618,7.91828,27.37283,-45.11548,LI,YOR,CenterIslip,Independent,ATL,20250813-CenterIslip-1,b9cf4d00-789b-11f0-a98f-87b1e365742a,77.06001,,,7.58144,,,,,,,62d3ce5c-e40a-498f-9f47-c00d00055be0,2025-08-13,23:17:47.13,2025-08-13T19:17:47.1388672-04:00,2025-08-13T23:17:47.1388672Z,,v3,1896,5435,,"Williams, Chris",675910,Right,YOR,8da164c6-b5d9-49e0-8904-c5174f3fba4f,54.89074,-116.00994,13.68642,6.3257,0.57535,-22.55774,-2.21943,1.88143,3.95914,,,,,,,,,,,,,,,,,,,,,,,,,,,,,,,,,,,,,,,,,,,,,,,,,,,High,High,High,,,,,
81,2025-08-13,19:18:07.91,3,4,"Vallimont, Chris",681808,Right,YOR,"Kaler, Kole",689179,Left,LI,Undefined,3,Bottom,2,1,2,Undefined,Changeup,BallCalled,Undefined,Undefined,Undefined,0,0,,83.69054,-0.724681,-1.997523,2317.510108,237.246651,2:00,6.06378,2.36,7.74582,-28.40191,10.2004,13.96142,3.03447,1.69783,76.65638,-6.097501,0.54965,0.447176,,,,,,,,,,,,-7.91465,5.98174,-2.23336,50,6.00527,3.74823,-121.68855,-2.30117,-11.8526,24.16477,-23.21609,LI,YOR,CenterIslip,Independent,ATL,20250813-CenterIslip-1,c6306610-789b-11f0-a98f-87b1e365742a,84.29002,,,7.03415,,,,,,,62d3ce5c-e40a-498f-9f47-c00d00055be0,2025-08-13,23:18:07.91,2025-08-13T19:18:07.9163392-04:00,2025-08-13T23:18:07.9163392Z,,v3,1896,5435,,"Williams, Chris",675910,Right,YOR,6528eada-9ace-4e1a-b87b-378b22ccc5ca,53.75223,-122.43139,12.08239,6.06504,-1.58749,-11.60804,-2.35418,4.11259,-5.9263,,,,,,,,,,,,,,,,,,,,,,,,,,,,,,,,,,,,,,,,,,,,,,,,,,,High,High,High,,,,,
82,2025-08-13,19:18:28.54,3,5,"Vallimont, Chris",681808,Right,YOR,"Kaler, Kole",689179,Left,LI,Undefined,3,Bottom,2,2,2,Undefined,Changeup,BallinDirt,Undefined,Undefined,Undefined,0,0,,84.84147,-4.558086,-5.265808,2341.413102,238.690921,2:00,6.05254,2.27069,7.96842,-26.06159,11.81386,17.28127,-0.29205,-1.09297,77.59214,-9.481591,-2.112768,0.442945,,,,,,,,,,,,-10.87705,8.04721,-1.95002,50,5.76028,10.72675,-122.58756,-10.46835,-16.44344,25.71416,-20.00865,LI,YOR,CenterIslip,Independent,ATL,20250813-CenterIslip-1,d27607e0-789b-11f0-a98f-87b1e365742a,85.09501,,,7.24933,,,,,,,62d3ce5c-e40a-498f-9f47-c00d00055be0,2025-08-13,23:18:28.54,2025-08-13T19:18:28.5416448-04:00,2025-08-13T23:18:28.5416448Z,,v3,1896,5435,,"Williams, Chris",675910,Right,YOR,df432b1e-c8a4-4c56-af7c-4e995d6338f3,53.53177,-123.32616,12.85708,6.05272,-9.89363,-10.00433,-2.26491,11.19906,-8.22172,,,,,,,,,,,,,,,,,,,,,,,,,,,,,,,,,,,,,,,,,,,,,,,,,,,High,High,High,,,,,
83,2025-08-13,19:18:57.27,3,6,"Vallimont, Chris",681808,Right,YOR,"Kaler, Kole",689179,Left,LI,Undefined,3,Bottom,2,3,2,Undefined,Slider,BallCalled,Walk,Undefined,Undefined,0,0,,80.42675,2.684738,-0.637172,2860.232451,74.987549,8:30,5.97126,2.708,7.06871,-46.56156,-2.85445,-16.52379,4.57753,0.74136,72.39579,-5.964573,-3.610838,0.475825,,,,,,,,,,,,8.20044,-1.81862,-2.6505,50,6.15546,1.94084,-116.59258,3.97455,11.0664,25.93497,-34.62825,LI,YOR,CenterIslip,Independent,ATL,20250813-CenterIslip-1,e39dd0c0-789b-11f0-a98f-87b1e365742a,79.2149,,,8.03096,,,,,,,62d3ce5c-e40a-498f-9f47-c00d00055be0,2025-08-13,23:18:57.27,2025-08-13T19:18:57.2750848-04:00,2025-08-13T23:18:57.2750848Z,,v3,1896,5435,,"Williams, Chris",675910,Right,YOR,07636784-d266-44c1-a70e-e5a46ba30988,54.42806,-117.57344,12.96748,5.98038,5.28419,-17.31412,-2.71598,1.52231,5.5332,,,,,,,,,,,,,,,,,,,,,,,,,,,,,,,,,,,,,,,,,,,,,,,,,,,High,High,High,,,,,
84,2025-08-13,19:19:37.61,4,1,"Vallimont, Chris",681808,Right,YOR,"Roller, Chris",676896,Right,LI,Undefined,3,Bottom,2,0,0,Undefined,Four-Seam,InPlay,Undefined,FlyBall,Out,1,0,,90.99333,-2.899731,-2.653041,2233.214809,209.888908,1:00,6.43216,2.03192,7.51138,-13.6565,19.94741,10.73961,2.62802,0.49054,81.81896,-5.584171,-0.705276,0.417221,90.83146,61.421933,-27.95758,3069.905503,97.20681,166.58984,-51.4862,203.74736,82.59613,-28.285687,6.448554,-6.52256,11.78851,-1.85118,50,6.22347,5.68117,-131.8431,-6.99091,-11.26657,32.90942,-11.81148,LI,YOR,CenterIslip,Independent,ATL,20250813-CenterIslip-1,fb9d9d40-789b-11f0-a98f-87b1e365742a,90.34159,168.27386,,9.17436,,,,3.109,3.66006,-0.66147,62d3ce5c-e40a-498f-9f47-c00d00055be0,2025-08-13,23:19:37.61,2025-08-13T19:19:37.6148992-04:00,2025-08-13T23:19:37.6148992Z,Popup,v3,1896,5435,,"Williams, Chris",675910,Right,YOR,916dfe5f-d97c-4962-bdf1-5b82e97bc7e9,53.98535,-132.83415,16.45471,6.42865,-6.63521,-5.90574,-2.02738,6.02046,-5.63329,179.328106,3.1266,56.008,-14.4738,3.17678,-0.19048,-0.09495,0.02868,-0.0033,0.00014,3.64168,117.24078,-27.23612,3.86237,-0.96456,0.19234,-0.0257,0.00186,-5E-05,-0.67082,-29.72693,7.42951,-1.59948,0.08014,0.05414,-0.01565,0.00178,-8E-05,,,,,,,,,,,,,,,,,,,,,,,High,High,High,High,Low,,,
85,2025-08-13,19:21:53.43,1,1,"Hillman, Juan",663535,Left,LI,"Wehler, Jeffrey",694292,Right,YOR,Undefined,4,Top,0,0,0,Undefined,Sinker,FoulBallNotFieldable,Undefined,Undefined,Undefined,0,0,,89.79476,-2.077325,1.767419,2180.834272,144.267737,10:45,6.46382,-1.66494,6.66384,-15.7291,19.80375,-13.29942,3.21428,-1.12467,80.78985,-5.102412,-0.608743,0.429029,71.19914,24.722659,158.459323,1679.435033,-103.76475,21.65279,36.50814,166.32177,59.7213,162.777423,2.144695,7.28654,11.07969,1.52396,50,6.27849,-3.41639,-130.05638,-5.16396,12.27928,31.37528,-13.50261,LI,YOR,CenterIslip,Independent,ATL,20250813-CenterIslip-1,4c98f7d0-789c-11f0-a98f-87b1e365742a,87.85527,23.51293,,9.00491,,,,0.09797,3.00139,1.13294,62d3ce5c-e40a-498f-9f47-c00d00055be0,2025-08-13,23:21:53.43,2025-08-13T19:21:53.4396416-04:00,2025-08-13T23:21:53.4396416Z,LineDrive,v3,1896,5435,,"Antonini, Aaron",689577,Right,LI,2d00915d-f909-4fe7-82f7-819b33a0d62c,54.83126,-131.21672,15.68764,6.46024,-4.6646,-6.7513,1.6587,-3.87051,6.13964,330.442501,0.09797,-88.23088,6.3759,-0.07873,0.44181,-0.5841,0.4193,-0.14733,0.01967,3.00145,43.66921,-25.58285,2.7433,-0.27436,-0.1111,0.08988,-0.02315,0.00197,1.13295,34.82753,-6.15004,0.38213,-0.37513,0.44295,-0.31885,0.11332,-0.01528,,,,,,,,,,,,,,,,,,,,,,,High,High,High,High,Low,,,
86,2025-08-13,19:22:11.75,1,2,"Hillman, Juan",663535,Left,LI,"Wehler, Jeffrey",694292,Right,YOR,Undefined,4,Top,0,0,1,Undefined,Slider,BallCalled,Undefined,Undefined,Undefined,0,0,,83.76246,0.360282,0.911574,2048.919869,151.002034,11:00,6.2994,-2.10863,6.32737,-32.98191,8.26835,-3.75981,3.88901,-1.56652,75.55464,-5.739477,0.243603,0.462258,,,,,,,,,,,,2.15421,4.48677,2.02895,50,6.30877,-1.76502,-121.35051,-0.3943,3.16632,26.91689,-25.57931,LI,YOR,CenterIslip,Independent,ATL,20250813-CenterIslip-1,576ba8b0-789c-11f0-a98f-87b1e365742a,81.53976,,,8.20782,,,,,,,62d3ce5c-e40a-498f-9f47-c00d00055be0,2025-08-13,23:22:11.75,2025-08-13T19:22:11.7531648-04:00,2025-08-13T23:22:11.7531648Z,,v3,1896,5435,,"Antonini, Aaron",689577,Right,LI,bb71f2dc-9076-4760-8476-8caa811e291a,55.16608,-122.49104,13.45845,6.30251,0.68956,-12.78965,2.10658,-1.89919,1.58316,,,,,,,,,,,,,,,,,,,,,,,,,,,,,,,,,,,,,,,,,,,,,,,,,,,High,High,High,,,,,
87,2025-08-13,19:22:26.89,1,3,"Hillman, Juan",663535,Left,LI,"Wehler, Jeffrey",694292,Right,YOR,Undefined,4,Top,0,1,1,Undefined,Four-Seam,BallCalled,Undefined,Undefined,Undefined,0,0,,90.08587,-3.403779,3.273503,2166.425391,148.970963,11:00,6.34921,-1.66585,6.64557,-15.55765,19.72414,-11.10178,1.86886,0.46576,81.53727,-6.37525,1.29414,0.427511,,,,,,,,,,,,6.59697,11.39138,1.39491,50,6.04999,-6.9505,-130.25353,-8.207,11.22216,29.86786,-12.79606,LI,YOR,CenterIslip,Independent,ATL,20250813-CenterIslip-1,6088ba50-789c-11f0-a98f-87b1e365742a,88.16728,,,8.5486,,,,,,,62d3ce5c-e40a-498f-9f47-c00d00055be0,2025-08-13,23:22:26.89,2025-08-13T19:22:26.8951040-04:00,2025-08-13T23:22:26.8951040Z,,v3,1896,5435,,"Antonini, Aaron",689577,Right,LI,61dfacc3-1b1b-421e-a458-f20cb819cafa,54.84994,-131.36094,14.93393,6.34549,-7.73257,-6.39803,1.66033,-7.36658,5.61108,,,,,,,,,,,,,,,,,,,,,,,,,,,,,,,,,,,,,,,,,,,,,,,,,,,High,High,High,,,,,
88,2025-08-13,19:22:42.35,1,4,"Hillman, Juan",663535,Left,LI,"Wehler, Jeffrey",694292,Right,YOR,Undefined,4,Top,0,2,1,Undefined,Sinker,InPlay,Undefined,GroundBall,Out,1,0,,89.63659,-1.165107,2.276955,2012.41445,127.830479,10:15,6.22183,-2.02164,6.63809,-23.26367,12.01949,-13.96792,3.19525,-1.06033,81.59719,-5.507013,-0.217479,0.427519,66.58402,-53.058487,41.962959,,,,,3.03973,3.03973,58.725409,0.038816,7.74221,6.78296,1.83718,50,6.10807,-4.55478,-130.01742,-3.43969,13.19052,28.45618,-20.61784,LI,YOR,CenterIslip,Independent,ATL,20250813-CenterIslip-1,69c2f0e0-789c-11f0-a98f-87b1e365742a,88.16558,3.04474,,8.0394,,,,-0.12438,3.04474,1.06715,62d3ce5c-e40a-498f-9f47-c00d00055be0,2025-08-13,23:22:42.35,2025-08-13T19:22:42.3561216-04:00,2025-08-13T23:22:42.3561216Z,GroundBall,v3,1896,5435,,"Antonini, Aaron",689577,Right,LI,fa4ad93c-8e7d-4a8d-a068-ad5692875da6,54.85956,-131.07669,14.22809,6.22182,-2.6722,-10.30892,2.01587,-5.04579,6.59526,,-0.12573,43.85853,,,,,,,,3.04716,-78.43975,,,,,,,,1.06593,39.43909,,,,,,,,,,,,,,,,,,,,,,,,,,,,,,High,High,High,Estimated,Estimated,,,
89,2025-08-13,19:23:17.12,2,1,"Hillman, Juan",663535,Left,LI,"McNeely, Caleb",803001,Right,YOR,Undefined,4,Top,1,0,0,Undefined,Sinker,BallCalled,Undefined,Undefined,Undefined,0,0,,89.82525,-2.412753,1.566871,2099.797935,141.134051,10:45,6.36484,-1.7147,6.6511,-16.27418,19.02485,-14.33517,2.75616,-1.44755,81.39454,-5.515172,-0.994388,0.427615,,,,,,,,,,,,7.71115,10.73005,1.59103,50,6.1501,-2.92007,-130.17936,-5.96611,13.1108,29.6754,-13.93041,LI,YOR,CenterIslip,Independent,ATL,20250813-CenterIslip-1,7e74f1f0-789c-11f0-a98f-87b1e365742a,88.14578,,,8.43071,,,,,,,62d3ce5c-e40a-498f-9f47-c00d00055be0,2025-08-13,23:23:17.12,2025-08-13T19:23:17.1202048-04:00,2025-08-13T23:23:17.1202048Z,,v3,1896,5435,,"Antonini, Aaron",689577,Right,LI,e8af2120-bd9e-45ec-8ce7-a825a48454c7,54.84506,-131.27918,14.8377,6.36164,-5.44983,-6.9652,1.70825,-3.40598,6.5554,,,,,,,,,,,,,,,,,,,,,,,,,,,,,,,,,,,,,,,,,,,,,,,,,,,High,High,High,,,,,
90,2025-08-13,19:23:29.78,2,2,"Hillman, Juan",663535,Left,LI,"McNeely, Caleb",803001,Right,YOR,Undefined,4,Top,1,1,0,Undefined,Slider,BallCalled,Undefined,Undefined,Undefined,0,0,,78.89583,-2.259753,1.877344,2186.421804,289.936217,3:45,6.34999,-1.89279,6.0132,-48.69601,-2.06102,9.76441,0.15696,0.6934,72.90007,-10.980883,3.606378,0.491504,,,,,,,,,,,,-4.35607,-0.01508,1.70436,50,6.09345,-4.13881,-114.3536,-6.25397,-5.74083,22.01853,-32.19393,LI,YOR,CenterIslip,Independent,ATL,20250813-CenterIslip-1,860ac750-789c-11f0-a98f-87b1e365742a,76.6879,,,5.99576,,,,,,,62d3ce5c-e40a-498f-9f47-c00d00055be0,2025-08-13,23:23:29.78,2025-08-13T19:23:29.7844224-04:00,2025-08-13T23:23:29.7844224Z,,v3,1896,5435,,"Antonini, Aaron",689577,Right,LI,148ab292-e2b4-4d48-9d99-15ccf604d23c,55.48745,-115.40536,11.00927,6.35545,-4.71617,-16.09697,1.89551,-3.86458,-2.87042,,,,,,,,,,,,,,,,,,,,,,,,,,,,,,,,,,,,,,,,,,,,,,,,,,,High,High,High,,,,,
91,2025-08-13,19:23:51.99,2,3,"Hillman, Juan",663535,Left,LI,"McNeely, Caleb",803001,Right,YOR,Undefined,4,Top,1,2,0,Undefined,Sinker,FoulBallNotFieldable,Undefined,Undefined,Undefined,0,0,,89.29358,-1.592729,2.908694,1941.925144,120.588984,10:00,6.28857,-1.82388,6.57459,-24.70025,11.39107,-17.01088,2.74029,-0.52236,80.42343,-6.208324,-0.124528,0.432387,,,,,,,,,,,,9.57965,6.66115,1.58489,50,6.13542,-5.81731,-129.28018,-4.44765,15.94011,31.17811,-21.09019,LI,YOR,CenterIslip,Independent,ATL,20250813-CenterIslip-1,9343c9d0-789c-11f0-a98f-87b1e365742a,87.17289,,,8.87016,,,,,,,62d3ce5c-e40a-498f-9f47-c00d00055be0,2025-08-13,23:23:51.99,2025-08-13T19:23:51.9991808-04:00,2025-08-13T23:23:51.9991808Z,,v3,1896,5435,,"Antonini, Aaron",689577,Right,LI,8bc69bf8-579d-454a-aaa4-261f0928354d,54.92257,-130.46194,15.58906,6.28886,-3.64826,-10.5451,1.81684,-6.4215,7.97006,,,,,,,,,,,,,,,,,,,,,,,,,,,,,,,,,,,,,,,,,,,,,,,,,,,High,High,High,,,,,
92,2025-08-13,19:24:13.06,2,4,"Hillman, Juan",663535,Left,LI,"McNeely, Caleb",803001,Right,YOR,Undefined,4,Top,1,2,1,Undefined,Sinker,BallCalled,Undefined,Undefined,Undefined,0,0,,90.01173,-0.147078,1.796458,2068.227628,138.847378,10:45,6.29843,-1.81747,6.72027,-18.26521,17.32808,-13.91489,4.63927,-1.30315,80.09792,-3.659581,-0.691819,0.429394,,,,,,,,,,,,7.5917,9.20619,1.67556,50,6.27515,-3.44179,-130.29148,-0.87004,12.71605,33.90252,-16.75368,LI,YOR,CenterIslip,Independent,ATL,20250813-CenterIslip-1,9fb97c50-789c-11f0-a98f-87b1e365742a,87.78062,,,9.9138,,,,,,,62d3ce5c-e40a-498f-9f47-c00d00055be0,2025-08-13,23:24:13.06,2025-08-13T19:24:13.0696192-04:00,2025-08-13T23:24:13.0696192Z,,v3,1896,5435,,"Antonini, Aaron",689577,Right,LI,2dec1880-8c79-44af-98f4-791a86e36939,54.77122,-131.52712,16.95126,6.29574,-0.25942,-8.37684,1.80945,-3.90525,6.35803,,,,,,,,,,,,,,,,,,,,,,,,,,,,,,,,,,,,,,,,,,,,,,,,,,,High,High,High,,,,,
93,2025-08-13,19:24:29.60,2,5,"Hillman, Juan",663535,Left,LI,"McNeely, Caleb",803001,Right,YOR,Undefined,4,Top,1,3,1,Undefined,Sinker,StrikeCalled,Undefined,Undefined,Undefined,0,0,,88.25101,-1.959709,4.127349,1911.333082,123.534866,10:00,6.15052,-1.97241,6.62166,-23.39753,13.47957,-18.30359,2.36648,0.36057,79.64555,-6.345237,0.867189,0.437069,,,,,,,,,,,,10.52012,7.83213,1.63177,50,5.96823,-8.39802,-127.6119,-5.14965,17.12289,29.43729,-19.42622,LI,YOR,CenterIslip,Independent,ATL,20250813-CenterIslip-1,a9b30b40-789c-11f0-a98f-87b1e365742a,86.23913,,,8.60547,,,,,,,62d3ce5c-e40a-498f-9f47-c00d00055be0,2025-08-13,23:24:29.60,2025-08-13T19:24:29.6086016-04:00,2025-08-13T23:24:29.6086016Z,,v3,1896,5435,,"Antonini, Aaron",689577,Right,LI,d3f470ee-7609-467d-83ac-1f9b2d3b43af,54.87456,-128.73144,14.71865,6.15003,-4.41084,-9.71311,1.96355,-9.04922,8.56145,,,,,,,,,,,,,,,,,,,,,,,,,,,,,,,,,,,,,,,,,,,,,,,,,,,High,High,High,,,,,
94,2025-08-13,19:24:44.37,2,6,"Hillman, Juan",663535,Left,LI,"McNeely, Caleb",803001,Right,YOR,Undefined,4,Top,1,3,2,Undefined,Sinker,FoulBallNotFieldable,Undefined,Undefined,Undefined,0,0,,90.1578,-2.057952,3.083459,2078.164226,114.714305,9:45,6.23298,-1.95112,6.69932,-25.26127,9.90497,-18.75505,2.2066,-0.63798,81.47498,-6.767405,-0.269085,0.42681,,,,,,,,,,,,10.58729,6.0517,1.7044,50,6.04445,-6.22035,-130.56524,-5.56914,18.01074,31.21218,-21.8791,LI,YOR,CenterIslip,Independent,ATL,20250813-CenterIslip-1,b277eac0-789c-11f0-a98f-87b1e365742a,88.312,,,8.68282,,,,,,,62d3ce5c-e40a-498f-9f47-c00d00055be0,2025-08-13,23:24:44.37,2025-08-13T19:24:44.3791872-04:00,2025-08-13T23:24:44.3791872Z,,v3,1896,5435,,"Antonini, Aaron",689577,Right,LI,c7df1b84-74ba-4a4e-9d73-997090e8beb1,54.79924,-131.70753,15.60609,6.23361,-4.76843,-10.93955,1.94411,-6.8795,9.00537,,,,,,,,,,,,,,,,,,,,,,,,,,,,,,,,,,,,,,,,,,,,,,,,,,,High,High,High,,,,,
95,2025-08-13,19:25:05.98,2,7,"Hillman, Juan",663535,Left,LI,"McNeely, Caleb",803001,Right,YOR,Undefined,4,Top,1,3,2,Undefined,Four-Seam,InPlay,Undefined,Popup,Out,1,0,,89.80147,-1.850686,3.29989,2068.033628,143.956233,10:45,6.23938,-1.80795,6.74279,-16.36962,18.93277,-12.86257,3.14865,0.19602,81.14413,-4.985062,1.002586,0.427635,75.73432,62.960865,20.535805,,88.29233,107.28922,65.60836,153.9149,76.43303,38.145271,5.451643,7.57162,10.57375,1.54134,50,6.07548,-6.93648,-130.03884,-4.68408,12.82322,30.05503,-14.26647,LI,YOR,CenterIslip,Independent,ATL,20250813-CenterIslip-1,bf5bc860-789c-11f0-a98f-87b1e365742a,88.14158,121.64441,,8.65734,,,,1.35797,4.09706,0.29062,62d3ce5c-e40a-498f-9f47-c00d00055be0,2025-08-13,23:25:05.98,2025-08-13T19:25:05.9818496-04:00,2025-08-13T23:25:05.9818496Z,Popup,v3,1896,5435,,"Antonini, Aaron",689577,Right,LI,aa0ad2ed-cdcc-423f-bae1-77650911b6bd,54.75408,-131.13301,15.02752,6.23655,-4.1647,-7.13324,1.80237,-7.40332,6.41161,198.625635,1.3587,47.23805,-14.9304,4.00465,-0.32748,-0.19835,0.07906,-0.01153,0.00061,4.08012,99.24441,-26.42605,4.17221,-1.51263,0.45024,-0.08026,0.00717,-0.00024,0.29375,17.67263,2.03327,-1.20358,0.2742,0.0032,-0.01627,0.00318,-0.0002,,,,,,,,,,,,,,,,,,,,,,,High,High,High,Medium,Low,,,
96,2025-08-13,19:25:41.08,3,1,"Hillman, Juan",663535,Left,LI,"Fontana, Shayne",687833,Left,YOR,Undefined,4,Top,2,0,0,Undefined,Sinker,InPlay,Undefined,FlyBall,Single,0,0,,90.5442,-1.692445,2.09035,2074.475688,143.025868,10:45,6.25506,-2.04232,6.67317,-18.08139,16.79021,-11.68536,3.16891,-1.06642,81.60834,-5.130764,0.002567,0.425018,64.81767,30.621642,-11.758444,3111.927733,106.12932,39.08727,-28.92296,209.68242,209.30049,-18.788607,3.218394,6.59591,9.4276,1.87342,50,6.10111,-4.26645,-131.18193,-4.4403,11.32607,31.5291,-15.98562,LI,YOR,CenterIslip,Independent,ATL,20250813-CenterIslip-1,d442e330-789c-11f0-a98f-87b1e365742a,88.68433,39.08814,,8.93586,,,,0.83058,3.1299,1.06822,62d3ce5c-e40a-498f-9f47-c00d00055be0,2025-08-13,23:25:41.08,2025-08-13T19:25:41.0804736-04:00,2025-08-13T23:25:41.0804736Z,FlyBall,v3,1896,5435,,"Antonini, Aaron",689577,Right,LI,796f4c49-81d5-4740-aff1-1a5d9e9fe465,54.82285,-132.33601,15.76455,6.25294,-3.85517,-7.99281,2.03717,-4.68103,5.66303,137.128761,0.83031,80.10387,-10.58015,2.64204,-0.74882,0.28269,-0.09464,0.01851,-0.00147,3.13022,48.41,-17.44577,0.80163,0.11152,-0.17075,0.07137,-0.01356,0.00097,1.06812,-16.66794,-2.36928,0.50427,-0.16617,0.08341,-0.03152,0.0063,-0.0005,,,,,,,,,,,,,,,,,,,,,,,High,High,High,High,High,,,
97,2025-08-13,19:26:23.35,4,1,"Hillman, Juan",663535,Left,LI,"Higgins, Ryan",696287,Right,YOR,Undefined,4,Top,2,0,0,Undefined,Four-Seam,BallCalled,Undefined,Undefined,Undefined,0,0,,90.04839,-3.145077,4.889708,1936.785262,144.645052,10:45,6.21943,-2.112,6.63651,-19.65958,15.96332,-10.37867,1.63332,1.59598,81.13918,-6.851371,3.045494,0.429572,,,,,,,,,,,,6.78536,9.46977,1.70198,50,5.93863,-10.64092,-129.8904,-7.78689,11.42134,30.94904,-16.23424,LI,YOR,CenterIslip,Independent,ATL,20250813-CenterIslip-1,ed7b2fb0-789c-11f0-a98f-87b1e365742a,87.74416,,,8.90921,,,,,,,62d3ce5c-e40a-498f-9f47-c00d00055be0,2025-08-13,23:26:23.35,2025-08-13T19:26:23.3546752-04:00,2025-08-13T23:26:23.3546752Z,,v3,1896,5435,,"Antonini, Aaron",689577,Right,LI,0a5cd7d4-f6ab-4182-85fd-1da4c16c5332,54.8578,-131.04276,15.47452,6.21731,-7.18242,-8.11712,2.1061,-11.06618,5.71067,,,,,,,,,,,,,,,,,,,,,,,,,,,,,,,,,,,,,,,,,,,,,,,,,,,High,High,High,,,,,
98,2025-08-13,19:26:48.39,4,2,"Hillman, Juan",663535,Left,LI,"Higgins, Ryan",696287,Right,YOR,Undefined,4,Top,2,1,0,Undefined,Sinker,BallinDirt,Undefined,Undefined,Undefined,0,0,,89.72581,-4.84198,3.637615,1894.509707,130.025613,10:15,6.25823,-2.23384,6.75682,-22.91765,12.90855,-13.73993,-0.17852,0.01173,80.97406,-9.11377,1.180369,0.430796,,,,,,,,,,,,8.24544,8.58248,1.94056,50,5.84143,-7.63769,-129.41852,-11.73724,13.72531,31.67739,-17.88767,LI,YOR,CenterIslip,Independent,ATL,20250813-CenterIslip-1,fc625760-789c-11f0-a98f-87b1e365742a,87.49483,,,8.75175,,,,,,,62d3ce5c-e40a-498f-9f47-c00d00055be0,2025-08-13,23:26:48.39,2025-08-13T19:26:48.3926016-04:00,2025-08-13T23:26:48.3926016Z,,v3,1896,5435,,"Antonini, Aaron",689577,Right,LI,de1ef869-b7d6-4b68-b2dd-60e9ec4a04bb,54.74027,-130.57363,15.83869,6.25753,-11.08497,-8.94384,2.22819,-8.13818,6.86265,,,,,,,,,,,,,,,,,,,,,,,,,,,,,,,,,,,,,,,,,,,,,,,,,,,High,High,High,,,,,
99,2025-08-13,19:27:17.11,4,3,"Hillman, Juan",663535,Left,LI,"Higgins, Ryan",696287,Right,YOR,Undefined,4,Top,2,2,0,Undefined,Sinker,InPlay,Undefined,Popup,Out,1,0,,89.82391,-2.182552,3.445355,1994.014427,146.173516,10:45,6.19721,-2.00298,6.83106,-15.09639,20.22399,-12.67879,2.90576,0.1469,80.86798,-5.101401,1.177835,0.427744,90.47774,71.065076,-70.887165,,,,,,33.78794,,,7.62162,11.42544,1.72925,50,6.01017,-7.28528,-130.00833,-5.37626,12.8449,31.14798,-12.91844,LI,YOR,CenterIslip,Independent,ATL,20250813-CenterIslip-1,0d82a630-789d-11f0-a98f-87b1e365742a,88.11914,130.1674,,8.95593,,,,4.26915,4.38887,1.83939,62d3ce5c-e40a-498f-9f47-c00d00055be0,2025-08-13,23:27:17.11,2025-08-13T19:27:17.1138560-04:00,2025-08-13T23:27:17.1138560Z,,v3,1896,5435,,"Antonini, Aaron",689577,Right,LI,9c622157-d0fe-4e82-8378-660615b7f197,54.66623,-131.12152,15.57399,6.19406,-4.91458,-6.45922,1.99782,-7.74434,6.42245,,4.26915,14.10004,-7.09641,2.52514,-0.6734,0.12763,-0.00027,-0.00911,0.00198,4.38887,125.51899,-30.58627,3.56191,-0.46431,0.06068,-0.035,0.01668,-0.00303,1.8394,-40.68895,20.03527,-7.09957,1.88859,-0.35755,0.00085,0.02543,-0.00554,,,,,,,,,,,,,,,,,,,,,,,High,High,High,Low,Undefined,,,
100,2025-08-13,19:29:44.69,1,1,"Vallimont, Chris",681808,Right,YOR,"Town, River",701817,Left,LI,Undefined,4,Bottom,0,0,0,Undefined,Changeup,StrikeCalled,Undefined,Undefined,Undefined,0,0,,84.64045,-3.296175,-3.857931,2463.100521,241.697837,2:00,6.16657,2.56477,7.59393,-26.65742,11.87489,19.5204,0.91489,0.6514,76.9863,-8.327504,-0.311449,0.44677,,,,,,,,,,,,-11.4419,7.66926,-2.30825,50,5.92965,7.55063,-122.57309,-7.80265,-17.22177,26.63642,-20.63065,LI,YOR,CenterIslip,Independent,ATL,20250813-CenterIslip-1,658307d0-789d-11f0-a98f-87b1e365742a,84.36658,,,7.65415,,,,,,,62d3ce5c-e40a-498f-9f47-c00d00055be0,2025-08-13,23:29:44.69,2025-08-13T19:29:44.6902272-04:00,2025-08-13T23:29:44.6902272Z,,v3,1896,5435,,"Williams, Chris",675910,Right,YOR,07aa594e-3f4d-46b4-8b09-0ab340b26f69,53.90428,-123.41861,13.31821,6.16693,-7.14777,-10.31533,-2.55661,8.0973,-8.61088,,,,,,,,,,,,,,,,,,,,,,,,,,,,,,,,,,,,,,,,,,,,,,,,,,,High,High,High,,,,,
101,2025-08-13,19:30:00.52,1,2,"Vallimont, Chris",681808,Right,YOR,"Town, River",701817,Left,LI,Undefined,4,Bottom,0,0,1,Undefined,Slider,FoulBallNotFieldable,Undefined,Undefined,Undefined,0,0,,86.95434,-1.042451,-1.19295,2591.20432,141.022287,10:45,6.1669,2.3169,6.98659,-28.61478,8.01831,-5.6039,2.81585,0.74409,80.09291,-6.349125,-2.200954,0.43562,80.21334,39.166507,-99.428451,4796.518929,,,,,25.5321,,,2.56925,4.73827,-2.21969,50,6.06878,2.85675,-126.38238,-3.23792,4.17296,24.74025,-24.47813,LI,YOR,CenterIslip,Independent,ATL,20250813-CenterIslip-1,6ee64a30-789d-11f0-a98f-87b1e365742a,86.52587,21.06916,,6.86143,,,,0.10727,2.70487,-0.76883,62d3ce5c-e40a-498f-9f47-c00d00055be0,2025-08-13,23:30:00.52,2025-08-13T19:30:00.5230592-04:00,2025-08-13T23:30:00.5230592Z,,v3,1896,5435,,"Williams, Chris",675910,Right,YOR,722cb802-8266-4952-b972-b8ccbcdef859,54.51215,-127.2626,12.37013,6.16849,-2.36703,-12.23907,-2.31869,2.70828,2.08648,,0.11717,-15.4089,-14.55562,,,,,,,2.71292,73.92615,-34.04445,,,,,,,-0.77331,-89.77254,18.3221,,,,,,,,,,,,,,,,,,,,,,,,,,,,,High,High,High,Medium,Undefined,,,
102,2025-08-13,19:30:19.14,1,3,"Vallimont, Chris",681808,Right,YOR,"Town, River",701817,Left,LI,Undefined,4,Bottom,0,0,2,Undefined,Four-Seam,FoulBallNotFieldable,Undefined,Undefined,Undefined,0,0,,92.78546,-3.058799,-3.010267,2335.719117,210.707813,1:00,6.46472,1.97217,7.33174,-11.76453,20.46403,11.49505,2.66124,0.15569,84.22764,-5.36685,-0.933772,0.408594,74.76114,60.598056,-91.846,1470.110014,,,,,15.15389,,,-6.87524,11.88772,-1.75781,50,6.23553,6.59244,-134.46972,-7.46051,-12.50068,31.06066,-10.55962,LI,YOR,CenterIslip,Independent,ATL,20250813-CenterIslip-1,7a0175c0-789d-11f0-a98f-87b1e365742a,92.24914,27.32617,,8.55782,,,,1.1433,2.33018,-0.00924,62d3ce5c-e40a-498f-9f47-c00d00055be0,2025-08-13,23:30:19.14,2025-08-13T19:30:19.1447552-04:00,2025-08-13T23:30:19.1447552Z,,v3,1896,5435,,"Williams, Chris",675910,Right,YOR,6d5ae624-b947-45c6-91f6-ca74a17cbea9,54.16585,-135.42855,15.53033,6.46081,-7.13454,-5.27981,-1.96727,6.97834,-6.25034,28.933228,1.14514,-1.82136,-7.83377,,,,,,,2.3307,95.50196,-21.00502,,,,,,,-0.00831,-53.84693,-1.70873,,,,,,,,,,,,,,,,,,,,,,,,,,,,,High,High,High,High,Undefined,,,
103,2025-08-13,19:30:38.08,1,4,"Vallimont, Chris",681808,Right,YOR,"Town, River",701817,Left,LI,Undefined,4,Bottom,0,0,2,Undefined,Changeup,FoulBallNotFieldable,Undefined,Undefined,Undefined,0,0,,84.66225,-2.625556,-3.966897,2523.784319,259.704769,2:45,6.05279,2.40424,7.74474,-33.6349,4.77445,18.65977,0.84375,0.3293,76.84417,-8.939406,-0.564649,0.446057,53.46678,25.38742,-117.823045,2587.266154,,,,126.1844,38.0735,-121.686934,2.173318,-11.14481,3.78725,-2.14963,50,5.86731,7.83733,-122.66494,-6.59077,-16.71718,27.7772,-26.49319,LI,YOR,CenterIslip,Independent,ATL,20250813-CenterIslip-1,854b5270-789d-11f0-a98f-87b1e365742a,84.50146,18.38082,,7.81808,,,,1.41411,1.06309,-0.38303,62d3ce5c-e40a-498f-9f47-c00d00055be0,2025-08-13,23:30:38.08,2025-08-13T19:30:38.0879872-04:00,2025-08-13T23:30:38.0879872Z,LineDrive,v3,1896,5435,,"Williams, Chris",675910,Right,YOR,1a5849a2-91b7-43d0-943a-729edc3e4194,53.75366,-123.51203,13.8886,6.05598,-5.78284,-13.24659,-2.39641,8.34713,-8.35859,,1.41411,-33.06658,1.1845,-0.19358,0.05785,-0.03623,0.01632,-0.00381,0.00036,1.06308,33.62242,-17.08634,0.98005,-0.40417,0.26333,-0.12185,0.03198,-0.00347,-0.38304,-62.65332,9.92837,-2.3791,0.22948,0.14461,-0.0925,0.0247,-0.00269,,,,,,,,,,,,,,,,,,,,,,,High,High,High,High,Low,,,
104,2025-08-13,19:31:00.83,1,5,"Vallimont, Chris",681808,Right,YOR,"Town, River",701817,Left,LI,Undefined,4,Bottom,0,0,2,Undefined,Curveball,StrikeSwinging,Strikeout,Undefined,Undefined,0,0,,80.31119,-0.878206,-1.7195,2705.320718,43.41166,7:30,6.34779,2.24732,6.93648,-56.19755,-12.40016,-13.12477,0.84952,-0.44206,73.61618,-11.117792,-4.085486,0.476316,,,,,,,,,,,,6.22429,-5.73004,-2.10262,50,6.24596,3.98762,-116.60973,-3.63407,8.42922,25.297,-39.93393,LI,YOR,CenterIslip,Independent,ATL,20250813-CenterIslip-1,92e5fcf0-789d-11f0-a98f-87b1e365742a,79.1332,,,6.69501,,,,,,,62d3ce5c-e40a-498f-9f47-c00d00055be0,2025-08-13,23:31:00.83,2025-08-13T19:31:00.8350000-04:00,2025-08-13T23:31:00.8350000Z,,v3,1896,5435,,"Williams, Chris",675910,Right,YOR,82ff0c4d-8282-4058-9c8a-cedb19590bec,54.56528,-117.59594,12.6485,6.35728,-2.07723,-19.96696,-2.25167,3.65901,4.21461,,,,,,,,,,,,,,,,,,,,,,,,,,,,,57.34086,,,1.098901,,,,3.44546,5.78373,6.30085,64.8609,9.80278,60.10563,3.55294,62.34371,-5.92663,5.86951,20.23324,-15.12203,6.30849,50.97323,-1.83384,High,High,High,,,High,High,High
105,2025-08-13,19:31:30.50,2,1,"Vallimont, Chris",681808,Right,YOR,"Castillo, Ivan",622668,Left,LI,Undefined,4,Bottom,1,0,0,Undefined,Cutter,StrikeCalled,Undefined,Undefined,Undefined,0,0,,87.89872,-2.246639,-2.335963,2488.945659,176.572779,12:00,6.32101,2.11381,7.24822,-26.85234,8.74768,-0.45929,2.00855,-0.08002,80.99639,-7.243042,-2.418935,0.429434,,,,,,,,,,,,-0.38772,5.48516,-1.9399,50,6.14059,5.22459,-127.63376,-5.85406,-0.6418,25.41171,-23.09433,LI,YOR,CenterIslip,Independent,ATL,20250813-CenterIslip-1,a4884d00-789d-11f0-a98f-87b1e365742a,87.77232,,,6.90233,,,,,,,62d3ce5c-e40a-498f-9f47-c00d00055be0,2025-08-13,23:31:30.50,2025-08-13T19:31:30.5066496-04:00,2025-08-13T23:31:30.5066496Z,,v3,1896,5435,,"Williams, Chris",675910,Right,YOR,372e2f3f-83c5-4604-97d3-87e22e7bda37,54.25011,-128.47717,12.70586,6.32216,-5.08757,-11.54717,-2.11365,5.24589,-0.3209,,,,,,,,,,,,,,,,,,,,,,,,,,,,,,,,,,,,,,,,,,,,,,,,,,,High,High,High,,,,,
106,2025-08-13,19:31:47.82,2,2,"Vallimont, Chris",681808,Right,YOR,"Castillo, Ivan",622668,Left,LI,Undefined,4,Bottom,1,0,1,Undefined,Changeup,InPlay,Undefined,GroundBall,Single,0,0,,84.01508,-0.793363,-3.304827,2382.879425,231.998173,1:45,6.03692,2.49717,7.8029,-26.53588,12.16607,13.82867,3.10034,0.63031,76.06837,-5.858317,-0.78352,0.447752,94.72943,2.198194,0.411805,3901.560583,,,,89.66431,88.71009,-1.19146,0.704259,-8.34142,7.09744,-2.28763,50,5.97562,6.54742,-121.92437,-2.37234,-12.39941,26.76752,-21.62381,LI,YOR,CenterIslip,Independent,ATL,20250813-CenterIslip-1,aee3f920-789d-11f0-a98f-87b1e365742a,84.18142,3.67609,,7.9467,,,,0.59674,3.18613,-0.65485,62d3ce5c-e40a-498f-9f47-c00d00055be0,2025-08-13,23:31:47.82,2025-08-13T19:31:47.8251008-04:00,2025-08-13T23:31:47.8251008Z,GroundBall,v3,1896,5435,,"Williams, Chris",675910,Right,YOR,a662ec59-2753-4f34-894a-adf04f691937,53.69395,-122.73267,13.38376,6.0374,-1.71937,-10.81191,-2.49099,6.92185,-6.1997,116.005446,0.64385,137.92355,-16.48516,,,,,,,3.1995,5.074,-13.68115,,,,,,,-0.63949,0.70039,-3.49245,,,,,,,,,,,,,,,,,,,,,,,,,,,,,High,High,High,High,High,,,
107,2025-08-13,19:32:28.29,3,1,"Vallimont, Chris",681808,Right,YOR,"Beer, Seth",666179,Left,LI,Undefined,4,Bottom,1,0,0,Undefined,Four-Seam,StrikeCalled,Undefined,Undefined,Undefined,0,0,,90.85229,-3.902673,-2.889729,2203.1825,207.143514,1:00,6.39047,1.96175,7.39427,-14.21213,19.34399,9.32717,1.60668,0.07906,82.69437,-6.649105,-1.202304,0.416925,,,,,,,,,,,,-5.70426,11.57796,-1.75815,50,6.10277,6.26333,-131.57617,-9.33302,-9.94183,29.43005,-11.99509,LI,YOR,CenterIslip,Independent,ATL,20250813-CenterIslip-1,c6fddd50-789d-11f0-a98f-87b1e365742a,90.4059,,,8.15792,,,,,,,62d3ce5c-e40a-498f-9f47-c00d00055be0,2025-08-13,23:32:28.29,2025-08-13T19:32:28.2928128-04:00,2025-08-13T23:32:28.2928128Z,,v3,1896,5435,,"Williams, Chris",675910,Right,YOR,bfe61d64-1a1e-4f86-b613-6caf0905bb70,54.10283,-132.49068,14.71503,6.38699,-8.96028,-5.99754,-1.95757,6.57226,-4.97092,,,,,,,,,,,,,,,,,,,,,,,,,,,,,,,,,,,,,,,,,,,,,,,,,,,High,High,High,,,,,
108,2025-08-13,19:32:45.96,3,2,"Vallimont, Chris",681808,Right,YOR,"Beer, Seth",666179,Left,LI,Undefined,4,Bottom,1,0,1,Undefined,Four-Seam,HitByPitch,Undefined,Undefined,Undefined,0,0,,93.02666,-2.188934,-4.524482,2300.195193,207.643118,1:00,6.3722,2.34178,7.23653,-11.88489,20.51977,10.13788,3.35529,-0.99574,83.93124,-4.529147,-2.702277,0.409709,,,,,,,,,,,,-6.6767,11.663,-2.00878,50,6.20252,10.22072,-134.59112,-5.43183,-12.09911,32.50608,-11.03898,LI,YOR,CenterIslip,Independent,ATL,20250813-CenterIslip-1,d17e9da0-789d-11f0-a98f-87b1e365742a,91.99813,,,9.09542,,,,,,,62d3ce5c-e40a-498f-9f47-c00d00055be0,2025-08-13,23:32:45.96,2025-08-13T19:32:45.9685376-04:00,2025-08-13T23:32:45.9685376Z,,v3,1896,5435,,"Williams, Chris",675910,Right,YOR,54d8d35f-07f7-4033-86b3-4289e91298be,54.26049,-135.6162,16.25304,6.36832,-5.08371,-5.51949,-2.33711,10.60226,-6.04956,,,,,,,,,,,,,,,,,,,,,,,,,,,,,,,,,,,,,,,,,,,,,,,,,,,High,High,High,,,,,
109,2025-08-13,19:33:47.02,4,1,"Vallimont, Chris",681808,Right,YOR,"Antonini, Aaron",689577,Left,LI,Undefined,4,Bottom,1,0,0,Undefined,Four-Seam,BallCalled,Undefined,Undefined,Undefined,0,0,,91.43988,-2.949595,-4.661382,2266.796623,211.702867,1:00,6.38011,2.17766,7.4047,-13.17087,20.31568,11.77717,2.5589,-1.13664,82.28747,-5.538614,-2.537892,0.416492,,,,,,,,,,,,-7.60398,11.87674,-1.84806,50,6.16168,10.28481,-132.16697,-7.1211,-13.24465,32.18473,-11.48713,LI,YOR,CenterIslip,Independent,ATL,20250813-CenterIslip-1,f5e835c0-789d-11f0-a98f-87b1e365742a,90.4998,,,9.15241,,,,,,,62d3ce5c-e40a-498f-9f47-c00d00055be0,2025-08-13,23:33:47.02,2025-08-13T19:33:47.0210560-04:00,2025-08-13T23:33:47.0210560Z,,v3,1896,5435,,"Williams, Chris",675910,Right,YOR,81449ea2-cf07-4567-927d-e4707bc804a1,54.09072,-133.1594,16.09237,6.3758,-6.76689,-5.74356,-2.1715,10.69322,-6.62232,,,,,,,,,,,,,,,,,,,,,,,,,,,,,,,,,,,,,,,,,,,,,,,,,,,High,High,High,,,,,
110,2025-08-13,19:34:07.82,4,2,"Vallimont, Chris",681808,Right,YOR,"Antonini, Aaron",689577,Left,LI,Undefined,4,Bottom,1,1,0,Undefined,Changeup,StrikeSwinging,Undefined,Undefined,Undefined,0,0,,82.33428,-1.356995,-4.124993,2400.420886,237.986524,2:00,6.1296,2.31996,7.8135,-28.73254,12.1743,16.87635,2.49366,-0.04379,73.6446,-6.858706,-1.050214,0.46033,,,,,,,,,,,,-10.28816,7.40292,-2.05828,50,6.03148,7.98137,-119.19244,-3.55451,-14.41788,28.4274,-21.79956,LI,YOR,CenterIslip,Independent,ATL,20250813-CenterIslip-1,02592d50-789e-11f0-a98f-87b1e365742a,81.88132,,,8.68968,,,,,,,62d3ce5c-e40a-498f-9f47-c00d00055be0,2025-08-13,23:34:07.82,2025-08-13T19:34:07.8248960-04:00,2025-08-13T23:34:07.8248960Z,,v3,1896,5435,,"Williams, Chris",675910,Right,YOR,a16a071c-4eaf-46e2-9a5e-8a6755a09185,53.68025,-120.06697,14.2137,6.13051,-2.88388,-10.89978,-2.31064,8.42491,-7.20894,,,,,,,,,,,,,,,,,,,,,,,,,,,,,,,,,,,,,,,,,,,,,,,,,,,High,High,High,,,,,
111,2025-08-13,19:34:29.14,4,3,"Vallimont, Chris",681808,Right,YOR,"Antonini, Aaron",689577,Left,LI,Undefined,4,Bottom,1,1,1,Undefined,Slider,InPlay,Undefined,LineDrive,Triple,1,1,,87.1076,-1.684121,-2.11432,2665.831235,169.773755,11:45,6.18222,2.57101,7.23905,-28.16734,7.98697,-1.24827,2.27998,0.51583,80.40294,-6.921035,-2.339819,0.432764,98.73677,18.419319,-6.941052,2694.868631,108.33031,31.64154,-19.09258,333.95276,332.46553,-14.758977,3.523651,0.09535,4.91658,-2.41287,50,6.04266,4.72117,-126.58232,-4.60678,0.15555,24.55309,-24.15445,LI,YOR,CenterIslip,Independent,ATL,20250813-CenterIslip-1,0f0754f0-789e-11f0-a98f-87b1e365742a,87.0969,39.0605,,6.70466,,,,0.6379,2.19527,-0.49482,62d3ce5c-e40a-498f-9f47-c00d00055be0,2025-08-13,23:34:29.14,2025-08-13T19:34:29.1486720-04:00,2025-08-13T23:34:29.1486720Z,LineDrive,v3,1896,5435,,"Williams, Chris",675910,Right,YOR,d795b114-afa0-48a8-a4d6-819845de33fb,54.26027,-127.406,12.27654,6.18361,-3.79647,-12.07722,-2.57116,4.71595,0.07778,133.888069,0.63735,136.40588,-22.73402,5.22386,-1.32623,0.37877,-0.09825,0.01599,-0.00108,2.19579,45.73987,-14.76087,0.01069,0.44279,-0.23528,0.0734,-0.01161,0.00071,-0.49481,-16.60463,-6.40684,2.81527,-0.86958,0.20663,-0.03738,0.00428,-0.00022,,,,,,,,,,,,,,,,,,,,,,,High,High,High,High,High,,,
112,2025-08-13,19:35:27.00,5,1,"Vallimont, Chris",681808,Right,YOR,"Kohlwey, Taylor",670128,Left,LI,Undefined,4,Bottom,2,0,0,Undefined,Changeup,BallCalled,Undefined,Undefined,Undefined,0,0,,84.51556,-1.992628,-2.755148,2290.403253,249.737869,2:15,6.07928,2.46963,7.70479,-30.05084,8.40969,19.05655,1.75037,1.53674,76.62962,-7.669117,0.719887,0.446354,,,,,,,,,,,,-10.85465,5.50705,-2.29275,50,5.93539,5.19572,-122.6245,-5.10559,-16.28933,27.51017,-23.90976,LI,YOR,CenterIslip,Independent,ATL,20250813-CenterIslip-1,318d8710-789e-11f0-a98f-87b1e365742a,84.44525,,,7.88594,,,,,,,62d3ce5c-e40a-498f-9f47-c00d00055be0,2025-08-13,23:35:27.00,2025-08-13T19:35:27.0088704-04:00,2025-08-13T23:35:27.0088704Z,,v3,1896,5435,,"Williams, Chris",675910,Right,YOR,7bd03196-5135-4413-ab8f-f77be3b372ae,53.792,-123.47229,13.75509,6.08138,-4.36876,-11.95488,-2.4606,5.69771,-8.14467,,,,,,,,,,,,,,,,,,,,,,,,,,,,,,,,,,,,,,,,,,,,,,,,,,,High,High,High,,,,,
113,2025-08-13,19:35:46.89,5,2,"Vallimont, Chris",681808,Right,YOR,"Kohlwey, Taylor",670128,Left,LI,Undefined,4,Bottom,2,1,0,Undefined,Slider,InPlay,Undefined,FlyBall,HomeRun,0,2,,86.7873,-1.007348,-2.759631,2411.20276,146.181875,10:45,6.28523,2.50727,7.21027,-30.49214,6.41099,-3.48209,2.81335,-0.33179,79.2054,-6.689303,-3.387535,0.437223,99.31152,27.925411,16.204886,2119.336937,105.24338,54.13359,31.99641,400.77951,393.45652,16.820433,4.962964,0.98791,3.97666,-2.29847,50,6.19438,6.20629,-125.94784,-3.18012,1.57541,27.30195,-25.83246,LI,YOR,CenterIslip,Independent,ATL,20250813-CenterIslip-1,3d601bc0-789e-11f0-a98f-87b1e365742a,86.2087,78.86801,,7.58191,,,,1.63969,2.88674,0.32476,62d3ce5c-e40a-498f-9f47-c00d00055be0,2025-08-13,23:35:46.89,2025-08-13T19:35:46.8957184-04:00,2025-08-13T23:35:46.8957184Z,FlyBall,v3,1896,5435,,"Williams, Chris",675910,Right,YOR,a52bcbec-bcb2-4577-b5b5-77e308d2662d,54.28791,-126.87393,13.65097,6.28739,-2.30387,-12.91623,-2.50809,6.15285,0.78771,193.522345,1.64343,123.50706,-21.74157,4.86155,-0.62496,-0.03768,0.02758,-0.00354,0.00014,2.88548,68.22997,-16.59582,0.56202,0.04867,-0.0577,0.02428,-0.00427,0.00026,0.32658,35.87506,-3.42246,-0.27043,0.34868,-0.1317,0.02835,-0.0032,0.00014,,,,,,,,,,,,,,,,,,,,,,,High,High,High,High,Medium,,,
114,2025-08-13,19:36:36.18,6,1,"Vallimont, Chris",681808,Right,YOR,"Thomas, Cody",642137,Left,LI,Undefined,4,Bottom,2,0,0,Undefined,Curveball,BallCalled,Undefined,Undefined,Undefined,0,0,,76.99343,3.245116,0.299804,2543.819961,38.590634,7:15,6.30176,2.14062,7.02294,-60.40791,-13.13603,-11.72064,4.27661,1.44157,70.17294,-7.86695,-1.810344,0.494849,,,,,,,,,,,,6.06701,-7.16111,-2.15802,50,6.52399,-0.15122,-111.75432,4.41097,7.60389,21.82309,-41.14923,LI,YOR,CenterIslip,Independent,ATL,20250813-CenterIslip-1,5acb8aa0-789e-11f0-a98f-87b1e365742a,76.16957,,,6.82048,,,,,,,62d3ce5c-e40a-498f-9f47-c00d00055be0,2025-08-13,23:36:36.18,2025-08-13T19:36:36.1850880-04:00,2025-08-13T23:36:36.1850880Z,,v3,1896,5435,,"Williams, Chris",675910,Right,YOR,9b534037-c3f1-4f98-9f40-df9ab61e9055,54.4787,-112.62551,10.91154,6.31511,6.05367,-20.57462,-2.14593,-0.45477,3.80195,,,,,,,,,,,,,,,,,,,,,,,,,,,,,,,,,,,,,,,,,,,,,,,,,,,High,High,High,,,,,
115,2025-08-13,19:36:53.01,6,2,"Vallimont, Chris",681808,Right,YOR,"Thomas, Cody",642137,Left,LI,Undefined,4,Bottom,2,1,0,Undefined,Four-Seam,InPlay,Undefined,FlyBall,Out,1,0,,90.28552,-1.677579,-2.702845,2225.473763,204.846228,12:45,6.35812,1.96736,7.34039,-12.11548,21.95277,9.61134,3.80188,0.27809,81.61851,-4.073025,-0.966002,0.420094,97.01642,57.821057,31.971817,3018.148109,94.50162,167.18703,56.2978,228.76457,221.47404,31.12311,6.665374,-5.86429,12.32083,-1.77512,50,6.23015,5.79759,-130.97227,-4.09964,-10.07181,30.56265,-11.01327,LI,YOR,CenterIslip,Independent,ATL,20250813-CenterIslip-1,64c23360-789e-11f0-a98f-87b1e365742a,89.72385,178.71906,,8.66701,,,,2.23305,4.80809,-0.75261,62d3ce5c-e40a-498f-9f47-c00d00055be0,2025-08-13,23:36:53.01,2025-08-13T19:36:53.0114560-04:00,2025-08-13T23:36:53.0114560Z,FlyBall,v3,1896,5435,,"Williams, Chris",675910,Right,YOR,818c7fa4-787b-453c-b299-e6b4e883df38,54.15728,-131.93882,15.28133,6.3543,-3.75135,-5.50664,-1.9635,6.11611,-5.03591,179.524145,2.25765,63.88835,-17.16734,3.59685,-0.13459,-0.13317,0.03543,-0.0038,0.00015,4.78282,120.78295,-27.65288,4.09741,-1.079,0.22097,-0.0287,0.00194,-5E-05,-0.73721,39.87702,-10.91052,2.30834,-0.09723,-0.08124,0.02196,-0.00237,0.0001,,,,,,,,,,,,,,,,,,,,,,,High,High,High,Medium,Low,,,
116,2025-08-13,19:39:13.95,1,1,"Hillman, Juan",663535,Left,LI,"Alleyne, Bubba",804588,Right,YOR,Undefined,5,Top,0,0,0,Undefined,Sinker,BallCalled,Undefined,Undefined,Undefined,0,0,,88.67386,0.083543,1.07387,1921.119846,139.024896,10:45,6.34445,-1.81293,6.57144,-21.7097,14.70812,-11.64776,4.61336,-1.78039,79.91162,-4.011426,-1.004039,0.434338,,,,,,,,,,,,6.20221,7.77776,1.72815,50,6.33778,-1.88903,-128.56057,-0.52072,10.23785,30.06145,-19.33549,LI,YOR,CenterIslip,Independent,ATL,20250813-CenterIslip-1,b8c68830-789e-11f0-a98f-87b1e365742a,86.78129,,,8.76224,,,,,,,62d3ce5c-e40a-498f-9f47-c00d00055be0,2025-08-13,23:39:13.95,2025-08-13T19:39:13.9538432-04:00,2025-08-13T23:39:13.9538432Z,,v3,1896,5435,,"Antonini, Aaron",689577,Right,LI,1b09d9cc-45a8-481d-b908-c76e6659c171,54.92378,-129.70679,15.03073,6.34358,0.21653,-9.66774,1.80762,-2.27939,5.11892,,,,,,,,,,,,,,,,,,,,,,,,,,,,,,,,,,,,,,,,,,,,,,,,,,,High,High,High,,,,,
117,2025-08-13,19:39:26.65,1,2,"Hillman, Juan",663535,Left,LI,"Alleyne, Bubba",804588,Right,YOR,Undefined,5,Top,0,1,0,Undefined,Sinker,InPlay,Undefined,Popup,Out,1,0,,88.4789,-1.948362,3.08559,1991.192903,142.137946,10:45,6.2593,-1.94555,6.74612,-19.35253,16.96151,-12.1915,2.82929,-0.08599,80.12088,-5.61427,0.906875,0.433719,82.70209,73.432407,-18.088269,,,,,,35.16458,,,7.22272,9.63138,1.6968,50,6.08563,-6.39899,-128.17947,-4.96191,11.8893,29.11224,-16.31986,LI,YOR,CenterIslip,Independent,ATL,20250813-CenterIslip-1,c05a88d0-789e-11f0-a98f-87b1e365742a,86.90513,124.4446,,8.35802,,,,3.45766,3.6128,-1.38979,62d3ce5c-e40a-498f-9f47-c00d00055be0,2025-08-13,23:39:26.65,2025-08-13T19:39:26.6522624-04:00,2025-08-13T23:39:26.6522624Z,,v3,1896,5435,,"Antonini, Aaron",689577,Right,LI,298fd617-a3ff-41a5-8ea4-036306da1df1,54.75231,-129.25431,14.55612,6.25771,-4.35937,-8.15993,1.94116,-6.83795,5.94465,,3.45768,32.87572,-13.39909,3.94358,-0.2638,-0.98408,0.98126,-0.42581,0.07186,3.6128,116.26094,-27.92835,3.47141,-0.8216,0.40985,-0.27596,0.11223,-0.01878,-1.38979,-10.7382,3.46401,-0.98458,0.07364,0.22355,-0.22475,0.0976,-0.01647,,,,,,,,,,,,,,,,,,,,,,,High,High,High,Medium,Undefined,,,
118,2025-08-13,19:40:03.55,2,1,"Hillman, Juan",663535,Left,LI,"Williams, Chris",675910,Right,YOR,Undefined,5,Top,1,0,0,Undefined,Sinker,InPlay,Undefined,LineDrive,Single,0,0,,90.52215,-1.671568,2.285057,2067.789164,139.78035,10:45,6.35136,-1.56535,6.58565,-18.87442,15.76934,-12.36532,3.21586,-0.46083,82.43993,-5.22247,0.079583,0.423627,97.97148,7.120339,-23.35682,2195.41857,,,,136.61651,132.09496,-27.409838,1.090417,6.94138,8.81189,1.37739,50,6.19561,-4.69185,-131.28018,-4.45318,12.06912,28.7509,-16.85261,LI,YOR,CenterIslip,Independent,ATL,20250813-CenterIslip-1,d65647f0-789e-11f0-a98f-87b1e365742a,88.97544,7.18181,,8.08221,,,,1.45638,3.23707,0.44376,62d3ce5c-e40a-498f-9f47-c00d00055be0,2025-08-13,23:40:03.55,2025-08-13T19:40:03.5542528-04:00,2025-08-13T23:40:03.5542528Z,LineDrive,v3,1896,5435,,"Antonini, Aaron",689577,Right,LI,7afee02b-1fe5-4700-b79f-ac569bab5c06,54.91253,-132.35167,14.37545,6.34987,-3.82511,-8.4263,1.56062,-5.14164,6.03456,82.799812,1.45638,130.89885,-23.46485,4.75892,-0.93903,-0.00965,0.22056,-0.16229,0.04391,3.23707,17.81107,-20.98221,2.1261,-0.40446,0.0878,-0.02787,0.01193,-0.00282,0.44376,-56.52808,-3.31934,2.3934,-0.71831,-0.00385,0.2401,-0.18266,0.05006,,,,,,,,,,,,,,,,,,,,,,,High,High,High,High,High,,,
119,2025-08-13,19:40:53.33,3,1,"Hillman, Juan",663535,Left,LI,"Miller, Jalen",663692,Right,YOR,Undefined,5,Top,1,0,0,Undefined,Sinker,InPlay,Undefined,Popup,Out,1,0,,88.37667,-2.166872,4.070128,1914.060267,119.023457,10:00,6.33121,-1.95107,6.43256,-26.0486,10.8506,-17.21013,2.12514,0.43281,80.1551,-6.991743,1.014279,0.4372,76.02118,63.25472,-46.158016,,77.43934,124.45761,-78.12262,166.26679,165.63066,-45.291994,5.744976,9.94359,6.4952,1.60258,50,6.12099,-8.33856,-127.82522,-5.76657,16.29689,28.66647,-21.52886,LI,YOR,CenterIslip,Independent,ATL,20250813-CenterIslip-1,f4032ca0-789e-11f0-a98f-87b1e365742a,86.21336,131.61403,,8.22158,,,,2.22995,2.2243,-0.41809,62d3ce5c-e40a-498f-9f47-c00d00055be0,2025-08-13,23:40:53.33,2025-08-13T19:40:53.3398528-04:00,2025-08-13T23:40:53.3398528Z,Popup,v3,1896,5435,,"Antonini, Aaron",689577,Right,LI,a031f3f2-b40c-45a2-bc5e-973e01baf2be,55.06577,-128.95628,14.33323,6.33176,-4.91713,-10.76443,1.94427,-8.98157,8.14845,,2.22753,34.78219,-8.95876,2.58761,-0.38947,-0.00702,0.01538,-0.00259,0.00014,2.20539,99.9034,-24.11974,3.85554,-1.61747,0.53279,-0.10688,0.01123,-0.00047,-0.41637,-36.20205,9.25006,-2.55414,0.32455,0.03562,-0.02173,0.0033,-0.00017,,,,,,,,,,,,,,,,,,,,,,,High,High,High,Medium,Medium,,,
120,2025-08-13,19:41:38.48,4,1,"Hillman, Juan",663535,Left,LI,"Arocho, Jeremy",671080,Right,YOR,Undefined,5,Top,2,0,0,Undefined,Four-Seam,InPlay,Undefined,Popup,Out,1,0,,89.21622,-2.21144,4.45592,2008.916962,142.659174,10:45,6.27559,-2.15992,6.79468,-20.38513,15.75595,-10.95662,2.51255,1.08017,79.98161,-6.079871,2.501211,0.432685,,,,,,,,,,,,7.11,9.18008,1.79949,50,6.08123,-9.5703,-128.87221,-5.61893,11.70951,31.95331,-17.05526,LI,YOR,CenterIslip,Independent,ATL,20250813-CenterIslip-1,0eee8050-789f-11f0-a98f-87b1e365742a,87.11281,,,9.23462,,,,,,,62d3ce5c-e40a-498f-9f47-c00d00055be0,2025-08-13,23:41:38.48,2025-08-13T19:41:38.4886784-04:00,2025-08-13T23:41:38.4886784Z,,v3,1896,5435,,"Antonini, Aaron",689577,Right,LI,70716cb7-af82-4daf-b55a-cadc38f4f570,54.70117,-130.03262,15.97666,6.27404,-4.99955,-8.52763,2.15476,-9.99554,5.85475,,,,,,,,,,,,,,,,,,,,,,,,,,,,,,,,,,,,,,,,,,,,,,,,,,,High,High,High,,,,,
121,2025-08-13,19:44:02.38,1,1,"Vallimont, Chris",681808,Right,YOR,"Viola, Troy",802112,Right,LI,Undefined,5,Bottom,0,0,0,Undefined,Slider,StrikeCalled,Undefined,Undefined,Undefined,0,0,,81.18979,-0.054556,-0.677095,3005.874099,73.275825,8:30,6.04539,2.51997,6.60209,-47.04636,-3.54047,-16.92363,2.07393,0.47755,73.67751,-8.665742,-3.703573,0.474729,,,,,,,,,,,,8.31997,-1.2913,-2.45096,50,6.01061,2.07758,-117.76837,-1.73813,11.47255,26.15335,-33.95462,LI,YOR,CenterIslip,Independent,ATL,20250813-CenterIslip-1,64bc4a80-789f-11f0-a98f-87b1e365742a,79.39787,,,7.51228,,,,,,,62d3ce5c-e40a-498f-9f47-c00d00055be0,2025-08-13,23:44:02.38,2025-08-13T19:44:02.3855104-04:00,2025-08-13T23:44:02.3855104Z,,v3,1896,5435,,"Williams, Chris",675910,Right,YOR,ea14cdf5-ebf9-4d90-b72c-7c53f72fe1b3,54.89605,-118.85068,13.07668,6.05346,-0.33298,-16.97731,-2.52712,1.60281,5.73627,,,,,,,,,,,,,,,,,,,,,,,,,,,,,,,,,,,,,,,,,,,,,,,,,,,High,High,High,,,,,
122,2025-08-13,19:44:17.20,1,2,"Vallimont, Chris",681808,Right,YOR,"Viola, Troy",802112,Right,LI,Undefined,5,Bottom,0,0,1,Undefined,Slider,InPlay,Undefined,LineDrive,Double,0,0,,81.42745,0.026612,-1.198332,3092.72906,88.391278,9:00,5.95397,2.50575,6.77178,-41.89223,0.97681,-18.08312,2.48772,-0.11648,73.99886,-7.687687,-4.438034,0.471241,100.92487,19.188553,-29.449988,1636.335009,92.87436,30.31307,-58.94339,293.50944,293.50944,-38.173711,2.885485,8.88367,0.88823,-2.39546,50,5.93088,3.17372,-118.16635,-1.32219,12.36294,25.8275,-30.93794,LI,YOR,CenterIslip,Independent,ATL,20250813-CenterIslip-1,6d9f1240-789f-11f0-a98f-87b1e365742a,79.98544,34.05546,,7.42859,,,,1.71912,2.46005,0.17826,62d3ce5c-e40a-498f-9f47-c00d00055be0,2025-08-13,23:44:17.20,2025-08-13T19:44:17.2038144-04:00,2025-08-13T23:44:17.2038144Z,LineDrive,v3,1896,5435,,"Williams, Chris",675910,Right,YOR,df1f1e01-0ce5-4bc7-9dd3-724e1b2226c5,54.7273,-119.19512,12.91375,5.959,-0.08988,-15.46897,-2.51207,2.68128,6.18147,112.638104,1.71896,121.74197,-24.93861,6.15518,-1.59024,0.42469,-0.0978,0.01407,-0.00087,2.46013,48.64797,-20.61708,1.6548,-0.1516,-0.04007,0.02239,-0.00398,0.00027,0.17814,-68.72832,1.08872,1.02668,-0.57668,0.23069,-0.0633,0.00995,-0.00067,,,,,,,,,,,,,,,,,,,,,,,High,High,High,High,High,,,
123,2025-08-13,19:45:10.56,2,1,"Vallimont, Chris",681808,Right,YOR,"Kaler, Kole",689179,Left,LI,Undefined,5,Bottom,0,0,0,Undefined,Four-Seam,BallCalled,Undefined,Undefined,Undefined,0,0,,90.60598,-4.188364,-2.61414,2251.710292,210.957237,1:00,6.51725,2.14347,7.25845,-12.39973,21.4017,12.15926,1.61102,0.74463,82.71481,-6.597903,-0.419303,0.418446,,,,,,,,,,,,-7.03756,12.62812,-1.95518,50,6.1995,5.4922,-131.22995,-9.90452,-12.24845,28.27522,-10.19552,LI,YOR,CenterIslip,Independent,ATL,20250813-CenterIslip-1,8d549830-789f-11f0-a98f-87b1e365742a,90.07727,,,7.89117,,,,,,,62d3ce5c-e40a-498f-9f47-c00d00055be0,2025-08-13,23:45:10.56,2025-08-13T19:45:10.5648128-04:00,2025-08-13T23:45:10.5648128Z,,v3,1896,5435,,"Williams, Chris",675910,Right,YOR,f9165c49-c664-4350-ae3e-83ee435c52f9,54.2394,-132.14022,14.13761,6.51308,-9.57629,-5.09776,-2.13834,5.88652,-6.12423,,,,,,,,,,,,,,,,,,,,,,,,,,,,,,,,,,,,,,,,,,,,,,,,,,,High,High,High,,,,,
124,2025-08-13,19:45:53.51,2,2,"Vallimont, Chris",681808,Right,YOR,"Kaler, Kole",689179,Left,LI,Undefined,5,Bottom,0,1,0,Undefined,Changeup,FoulBallNotFieldable,Undefined,Undefined,Undefined,0,0,,82.7033,-0.657626,-3.745099,2387.74113,248.211121,2:15,6.1788,2.47186,7.69097,-31.88159,7.93851,16.60095,2.91928,0.42539,75.54444,-6.665058,-0.725148,0.454174,51.13045,27.210176,-164.126422,1734.51245,,,,112.97562,59.83999,-164.14513,1.913214,-9.83634,4.77642,-2.22793,50,6.1224,7.27568,-120.05835,-2.25342,-14.29886,24.12019,-25.2307,LI,YOR,CenterIslip,Independent,ATL,20250813-CenterIslip-1,a6fa4c80-789f-11f0-a98f-87b1e365742a,82.99115,17.7264,,7.15886,,,,1.00863,2.79027,-0.41617,62d3ce5c-e40a-498f-9f47-c00d00055be0,2025-08-13,23:45:53.51,2025-08-13T19:45:53.5124992-04:00,2025-08-13T23:45:53.5124992Z,GroundBall,v3,1896,5435,,"Williams, Chris",675910,Right,YOR,bb1e0aee-62e8-4f62-b746-d64849cac12c,53.8079,-120.82096,12.0601,6.18103,-1.45571,-12.61535,-2.46511,7.72776,-7.14943,9.518371,1.00857,-64.14383,3.29694,0.29098,-0.41947,0.41201,-0.17023,0.02415,0.00036,2.79029,34.28875,-20.75761,1.348,-0.02205,-0.25481,0.18969,-0.0595,0.007,-0.41619,-18.24008,1.42512,-0.10866,-0.09583,0.12997,-0.0644,0.0133,-0.00081,,,,,,,,,,,,,,,,,,,,,,,High,High,High,High,Medium,,,
125,2025-08-13,19:46:24.83,2,3,"Vallimont, Chris",681808,Right,YOR,"Kaler, Kole",689179,Left,LI,Undefined,5,Bottom,0,1,1,Undefined,Curveball,StrikeCalled,Undefined,Undefined,Undefined,0,0,,76.96927,1.645996,-0.164399,2781.100929,39.288029,7:15,6.31604,2.36476,6.8967,-65.68007,-17.69351,-15.88024,2.37126,0.88878,69.89166,-10.376172,-3.024652,0.498576,,,,,,,,,,,,8.02441,-9.01737,-2.3427,50,6.41175,0.91595,-111.74119,1.06305,9.91976,24.31413,-43.32127,LI,YOR,CenterIslip,Independent,ATL,20250813-CenterIslip-1,b9ad2230-789f-11f0-a98f-87b1e365742a,75.60021,,,7.0776,,,,,,,62d3ce5c-e40a-498f-9f47-c00d00055be0,2025-08-13,23:46:24.83,2025-08-13T19:46:24.8394752-04:00,2025-08-13T23:46:24.8394752Z,,v3,1896,5435,,"Williams, Chris",675910,Right,YOR,badc2b3b-3cfe-4713-b19a-fffbf8103333,54.60551,-112.73886,12.15706,6.33166,2.84064,-21.66063,-2.37193,0.50892,4.95988,,,,,,,,,,,,,,,,,,,,,,,,,,,,,,,,,,,,,,,,,,,,,,,,,,,High,High,High,,,,,
126,2025-08-13,19:46:48.60,2,4,"Vallimont, Chris",681808,Right,YOR,"Kaler, Kole",689179,Left,LI,Undefined,5,Bottom,0,1,2,Undefined,Four-Seam,StrikeCalled,Strikeout,Undefined,Undefined,0,0,,91.60304,-1.876446,-3.528401,2260.183301,211.645717,1:00,6.53453,2.2194,7.38085,-12.60855,20.83348,12.04615,3.7537,-0.02678,81.94923,-4.379546,-1.352275,0.416215,,,,,,,,,,,,-7.38666,11.78977,-1.96978,50,6.39277,7.65743,-132.59424,-4.60658,-12.87758,33.83385,-11.62026,LI,YOR,CenterIslip,Independent,ATL,20250813-CenterIslip-1,c7c27af0-789f-11f0-a98f-87b1e365742a,90.56001,,,9.65381,,,,,,,62d3ce5c-e40a-498f-9f47-c00d00055be0,2025-08-13,23:46:48.60,2025-08-13T19:46:48.6045696-04:00,2025-08-13T23:46:48.6045696Z,,v3,1896,5435,,"Williams, Chris",675910,Right,YOR,d27fe7e7-447a-4e61-ac9d-c3e9fac0e380,54.11252,-133.6395,16.91692,6.52954,-4.24759,-5.81013,-2.21249,8.05527,-6.43879,,,,,,,,,,,,,,,,,,,,,,,,,,,,,,,,,,,,,,,,,,,,,,,,,,,High,High,High,,,,,
127,2025-08-13,19:47:23.75,3,1,"Vallimont, Chris",681808,Right,YOR,"Roller, Chris",676896,Right,LI,Undefined,5,Bottom,1,0,0,Undefined,Cutter,FoulBallNotFieldable,Undefined,Undefined,Undefined,0,0,,88.3587,-2.171528,-2.206371,2569.7831,185.734487,12:15,6.24198,2.31741,7.32114,-21.86379,13.18906,1.2191,2.41761,0.38596,81.41793,-6.279847,-1.985923,0.426121,105.25771,18.244316,-37.1924,2834.563162,83.91678,28.63314,-71.11822,297.31677,268.18644,-47.590916,2.775052,-1.22429,7.77678,-2.15676,50,6.07262,4.89993,-128.37783,-5.51692,-2.05312,25.36377,-19.13243,LI,YOR,CenterIslip,Independent,ATL,20250813-CenterIslip-1,dcb41d10-789f-11f0-a98f-87b1e365742a,88.45474,32.41107,,6.94077,,,,3.00268,2.54834,-0.27592,62d3ce5c-e40a-498f-9f47-c00d00055be0,2025-08-13,23:47:23.75,2025-08-13T19:47:23.7527552-04:00,2025-08-13T23:47:23.7527552Z,LineDrive,v3,1896,5435,,"Williams, Chris",675910,Right,YOR,5dabfc2f-e5ed-46c8-b2fd-531cdd8d43bd,54.17882,-129.2008,12.68189,6.24156,-4.89613,-9.56621,-2.31682,4.96655,-1.02656,107.10368,3.0027,116.79598,-27.04532,6.46398,-1.53016,0.33103,-0.06544,0.00962,-0.00072,2.54834,48.331,-21.82284,2.21649,-0.41737,0.07732,-0.01214,0.00152,-0.0001,-0.27591,-88.62973,2.7872,0.84099,-0.42522,0.12631,-0.02732,0.0042,-0.00032,,,,,,,,,,,,,,,,,,,,,,,High,High,High,High,Medium,,,
128,2025-08-13,19:47:59.79,3,2,"Vallimont, Chris",681808,Right,YOR,"Roller, Chris",676896,Right,LI,Undefined,5,Bottom,1,0,1,Undefined,Slider,StrikeSwinging,Undefined,Undefined,Undefined,0,0,,80.9887,-0.314855,-1.940242,2971.390155,73.400751,8:30,6.02695,2.64192,6.74944,-46.63829,-3.27315,-15.93249,1.84714,-0.49277,73.8713,-8.850417,-4.793501,0.47396,,,,,,,,,,,,7.49532,-1.12406,-2.471,50,5.97257,4.60443,-117.49548,-2.21094,10.32388,25.31393,-33.72228,LI,YOR,CenterIslip,Independent,ATL,20250813-CenterIslip-1,f23a8520-789f-11f0-a98f-87b1e365742a,79.52663,,,7.1174,,,,,,,62d3ce5c-e40a-498f-9f47-c00d00055be0,2025-08-13,23:47:59.79,2025-08-13T19:47:59.7906432-04:00,2025-08-13T23:47:59.7906432Z,,v3,1896,5435,,"Williams, Chris",675910,Right,YOR,73fc0476-c534-4ca4-8c77-f9050801bc1c,54.74953,-118.51433,12.65697,6.03424,-0.85366,-16.86114,-2.64796,4.1889,5.16194,,,,,,,,,,,,,,,,,,,,,,,,,,,,,,,,,,,,,,,,,,,,,,,,,,,High,High,High,,,,,
129,2025-08-13,19:48:33.90,3,3,"Vallimont, Chris",681808,Right,YOR,"Roller, Chris",676896,Right,LI,Undefined,5,Bottom,1,0,2,Undefined,Slider,FoulBallNotFieldable,Undefined,Undefined,Undefined,0,0,,82.75783,-1.108247,-2.09616,2961.458481,82.183911,8:45,6.064,2.87591,6.87595,-42.40569,-0.91193,-17.23662,1.50009,-0.50816,75.2815,-8.892334,-5.189469,0.463621,,,,,,,,,,,,8.22134,0.25126,-2.6961,50,5.94974,5.05434,-120.02752,-3.71872,11.76649,27.33223,-31.81444,LI,YOR,CenterIslip,Independent,ATL,20250813-CenterIslip-1,068e60a0-78a0-11f0-a98f-87b1e365742a,81.30016,,,7.47633,,,,,,,62d3ce5c-e40a-498f-9f47-c00d00055be0,2025-08-13,23:48:33.90,2025-08-13T19:48:33.9099136-04:00,2025-08-13T23:48:33.9099136Z,,v3,1896,5435,,"Williams, Chris",675910,Right,YOR,d7575bd5-e2be-4e03-bea4-b8ec022afe31,54.6237,-121.07583,13.66612,6.06897,-2.49849,-15.90722,-2.8813,4.60305,5.88324,,,,,,,,,,,,,,,,,,,,,,,,,,,,,,,,,,,,,,,,,,,,,,,,,,,High,High,High,,,,,
130,2025-08-13,19:49:18.04,3,4,"Vallimont, Chris",681808,Right,YOR,"Roller, Chris",676896,Right,LI,Undefined,5,Bottom,1,0,2,Undefined,Changeup,StrikeSwinging,Strikeout,Undefined,Undefined,0,0,,83.84874,-1.248066,-3.690038,2408.387079,245.756998,2:15,6.10888,2.42356,7.61808,-29.17025,10.56938,19.95021,2.53249,0.70206,74.91492,-6.806512,-0.064833,0.453715,,,,,,,,,,,,-11.71894,6.46536,-2.17963,50,6.01232,7.07766,-121.42239,-3.44338,-17.0189,29.80828,-22.78471,LI,YOR,CenterIslip,Independent,ATL,20250813-CenterIslip-1,20dcff20-78a0-11f0-a98f-87b1e365742a,83.0751,,,8.93382,,,,,,,62d3ce5c-e40a-498f-9f47-c00d00055be0,2025-08-13,23:49:18.04,2025-08-13T19:49:18.0445184-04:00,2025-08-13T23:49:18.0445184Z,,v3,1896,5435,,"Williams, Chris",675910,Right,YOR,060158ff-e152-4b52-bd35-5bf2f36484c3,53.87678,-122.37041,14.90414,6.11031,-2.71874,-11.39236,-2.41334,7.61893,-8.50945,,,,,,,,,,,,,,,,,,,,,,,,,,,,,,,,,,,,,,,,,,,,,,,,,,,High,High,High,,,,,
131,2025-08-13,19:49:53.46,4,1,"Vallimont, Chris",681808,Right,YOR,"Town, River",701817,Left,LI,Undefined,5,Bottom,2,0,0,Undefined,Four-Seam,StrikeCalled,Undefined,Undefined,Undefined,0,0,,90.75821,-3.574551,-2.564332,2250.254156,210.212994,1:00,6.49047,2.10891,7.31122,-12.27658,21.87324,11.9704,2.16712,0.74272,81.43946,-6.005238,-0.401422,0.420597,,,,,,,,,,,,-7.00792,12.88335,-1.92607,50,6.22185,5.37026,-131.31066,-8.45509,-11.99782,32.84672,-10.11732,LI,YOR,CenterIslip,Independent,ATL,20250813-CenterIslip-1,35f82240-78a0-11f0-a98f-87b1e365742a,89.61661,,,9.31875,,,,,,,62d3ce5c-e40a-498f-9f47-c00d00055be0,2025-08-13,23:49:53.46,2025-08-13T19:49:53.4688768-04:00,2025-08-13T23:49:53.4688768Z,,v3,1896,5435,,"Williams, Chris",675910,Right,YOR,240704e7-5317-40ad-bb56-c5e6c1944e1c,54.18269,-132.35281,16.42336,6.48502,-8.13409,-5.05866,-2.10249,5.75092,-5.99891,,,,,,,,,,,,,,,,,,,,,,,,,,,,,,,,,,,,,,,,,,,,,,,,,,,High,High,High,,,,,
132,2025-08-13,19:50:15.20,4,2,"Vallimont, Chris",681808,Right,YOR,"Town, River",701817,Left,LI,Undefined,5,Bottom,2,0,1,Undefined,Four-Seam,BallinDirt,Undefined,Undefined,Undefined,0,0,,92.08115,-5.931009,-4.611511,2379.839564,220.823555,1:15,6.29307,2.2099,7.443,-14.1882,18.86131,15.25017,-0.37633,-0.76573,83.50819,-8.668928,-1.857172,0.413765,,,,,,,,,,,,-9.4852,12.09638,-1.88902,50,5.86318,10.10508,-132.70847,-14.1869,-16.73128,31.28693,-10.83682,LI,YOR,CenterIslip,Independent,ATL,20250813-CenterIslip-1,42ea09a0-78a0-11f0-a98f-87b1e365742a,91.09623,,,8.57296,,,,,,,62d3ce5c-e40a-498f-9f47-c00d00055be0,2025-08-13,23:50:15.20,2025-08-13T19:50:15.2026624-04:00,2025-08-13T23:50:15.2026624Z,,v3,1896,5435,,"Williams, Chris",675910,Right,YOR,1c395caa-8f3c-4474-beec-15207590c468,54.05641,-133.66138,15.64347,6.29024,-13.85685,-5.41841,-2.20455,10.61466,-8.36564,,,,,,,,,,,,,,,,,,,,,,,,,,,,,,,,,,,,,,,,,,,,,,,,,,,High,High,High,,,,,
133,2025-08-13,19:50:42.72,4,3,"Vallimont, Chris",681808,Right,YOR,"Town, River",701817,Left,LI,Undefined,5,Bottom,2,1,1,Undefined,Four-Seam,BallCalled,Undefined,Undefined,Undefined,0,0,,92.33033,-5.12692,-4.647993,2330.869062,213.129885,1:00,6.34312,2.29972,7.39008,-10.60725,22.42344,13.8106,0.71532,-0.83392,83.1278,-7.243711,-2.158315,0.413647,,,,,,,,,,,,-8.70989,13.72135,-1.97111,50,5.9675,10.25403,-133.13029,-12.18336,-15.38502,32.7889,-7.93689,LI,YOR,CenterIslip,Independent,ATL,20250813-CenterIslip-1,534d4a00-78a0-11f0-a98f-87b1e365742a,91.12214,,,9.20253,,,,,,,62d3ce5c-e40a-498f-9f47-c00d00055be0,2025-08-13,23:50:42.72,2025-08-13T19:50:42.7207168-04:00,2025-08-13T23:50:42.7207168Z,,v3,1896,5435,,"Williams, Chris",675910,Right,YOR,1ab2fca1-5f58-4722-b8a2-644bdad368ee,54.10704,-134.13801,16.39445,6.33819,-11.93944,-3.96845,-2.29352,10.72687,-7.69251,,,,,,,,,,,,,,,,,,,,,,,,,,,,,,,,,,,,,,,,,,,,,,,,,,,High,High,High,,,,,
134,2025-08-13,19:51:07.24,4,4,"Vallimont, Chris",681808,Right,YOR,"Town, River",701817,Left,LI,Undefined,5,Bottom,2,2,1,Undefined,Changeup,StrikeCalled,Undefined,Undefined,Undefined,0,0,,83.47825,-1.095652,-3.317529,2201.587093,241.959343,2:00,6.1144,2.45714,7.64514,-28.36954,11.18906,18.31855,2.74559,0.94366,75.42504,-6.485927,0.014031,0.452681,,,,,,,,,,,,-10.62709,6.67351,-2.23946,50,6.02909,6.33954,-121.07118,-3.08182,-15.53552,26.96921,-22.41819,LI,YOR,CenterIslip,Independent,ATL,20250813-CenterIslip-1,61f60920-78a0-11f0-a98f-87b1e365742a,83.26498,,,8.05321,,,,,,,62d3ce5c-e40a-498f-9f47-c00d00055be0,2025-08-13,23:51:07.24,2025-08-13T19:51:07.2462336-04:00,2025-08-13T23:51:07.2462336Z,,v3,1896,5435,,"Williams, Chris",675910,Right,YOR,873da915-b1bc-4bc8-872e-5785c61cb7a0,53.85101,-121.92599,13.48461,6.11551,-2.37125,-11.20909,-2.4482,6.83195,-7.76776,,,,,,,,,,,,,,,,,,,,,,,,,,,,,,,,,,,,,,,,,,,,,,,,,,,High,High,High,,,,,
135,2025-08-13,19:51:31.90,4,5,"Vallimont, Chris",681808,Right,YOR,"Town, River",701817,Left,LI,Undefined,5,Bottom,2,2,2,Undefined,Four-Seam,InPlay,Undefined,Popup,Out,1,0,,91.66493,-2.744618,-3.679617,2306.672654,211.050192,1:00,6.63154,2.02654,7.32487,-11.89556,21.34501,12.12501,3.10552,-0.35634,82.70623,-5.09556,-1.492158,0.414959,90.33455,68.851937,31.957011,,,,,102.68935,48.21311,14.486109,6.348169,-7.47465,12.32351,-1.76316,50,6.42487,8.03513,-132.72303,-6.63175,-13.15966,31.84998,-10.47758,LI,YOR,CenterIslip,Independent,ATL,20250813-CenterIslip-1,70a41f70-78a0-11f0-a98f-87b1e365742a,90.83404,170.04369,,8.9587,,,,1.7622,3.0607,-0.20648,62d3ce5c-e40a-498f-9f47-c00d00055be0,2025-08-13,23:51:31.90,2025-08-13T19:51:31.9022592-04:00,2025-08-13T23:51:31.9022592Z,Popup,v3,1896,5435,,"Williams, Chris",675910,Right,YOR,92d75314-ff33-4342-8693-722abddf7149,54.17232,-133.72053,15.92499,6.62742,-6.3036,-5.23879,-2.02127,8.44727,-6.57983,,1.75471,40.66978,-15.33132,5.11211,-1.28934,0.25223,-0.03395,0.00263,-9E-05,3.05103,123.74414,-30.20512,4.46463,-1.27138,0.35763,-0.06966,0.00727,-0.0003,-0.21554,25.44865,-14.39763,5.32457,-1.49391,0.32669,-0.0489,0.00419,-0.00015,,,,,,,,,,,,,,,,,,,,,,,High,High,High,Medium,Low,,,
136,2025-08-13,19:53:44.72,1,1,"Hillman, Juan",663535,Left,LI,"Connell, Justin",676667,Right,YOR,Undefined,6,Top,0,0,0,Undefined,Changeup,StrikeCalled,Undefined,Undefined,Undefined,0,0,,74.43739,0.400908,2.734829,1582.936256,104.644572,9:30,6.24684,-2.02279,6.76301,-45.25959,5.46933,-14.76245,2.84878,-0.70569,68.3524,-7.932914,0.091614,0.512624,,,,,,,,,,,,8.25437,3.19012,1.80512,50,6.25277,-4.62562,-108.02632,-0.60185,9.74898,18.90816,-28.40628,LI,YOR,CenterIslip,Independent,ATL,20250813-CenterIslip-1,bfdeb730-78a0-11f0-a98f-87b1e365742a,73.5284,,,6.08499,,,,,,,62d3ce5c-e40a-498f-9f47-c00d00055be0,2025-08-13,23:53:44.72,2025-08-13T19:53:44.7245824-04:00,2025-08-13T23:53:44.7245824Z,,v3,1896,5435,,"Antonini, Aaron",689577,Right,LI,16ad514a-d41d-4263-9fd3-ed1d7832e413,54.73523,-108.85198,9.45408,6.25197,0.63857,-14.20314,2.01641,-5.05133,4.87449,,,,,,,,,,,,,,,,,,,,,,,,,,,,,,,,,,,,,,,,,,,,,,,,,,,High,High,High,,,,,
137,2025-08-13,19:54:04.84,1,2,"Hillman, Juan",663535,Left,LI,"Connell, Justin",676667,Right,YOR,Undefined,6,Top,0,0,1,Undefined,Changeup,StrikeSwinging,Undefined,Undefined,Undefined,0,0,,78.20711,-0.793238,2.450466,1305.255682,88.344554,9:00,6.21332,-2.00358,6.9401,-44.60723,0.99811,-14.92052,1.7595,-0.97243,72.04588,-8.989627,-0.234276,0.486048,,,,,,,,,,,,8.33154,1.18807,1.81646,50,6.12505,-4.31176,-113.57956,-2.96342,10.87636,20.92835,-30.62307,LI,YOR,CenterIslip,Independent,ATL,20250813-CenterIslip-1,cbd8d110-78a0-11f0-a98f-87b1e365742a,77.5488,,,6.16123,,,,,,,62d3ce5c-e40a-498f-9f47-c00d00055be0,2025-08-13,23:54:04.84,2025-08-13T19:54:04.8486912-04:00,2025-08-13T23:54:04.8486912Z,,v3,1896,5435,,"Antonini, Aaron",689577,Right,LI,de7f6aae-5375-4712-b0d0-c6cc0ceb6fd6,54.55958,-114.41663,10.46418,6.21908,-1.73859,-15.31154,1.99762,-4.74678,5.43818,,,,,,,,,,,,,,,,,,,,,,,,,,,,,,,,,,,,,,,,,,,,,,,,,,,High,High,High,,,,,
138,2025-08-13,19:54:17.98,1,3,"Hillman, Juan",663535,Left,LI,"Connell, Justin",676667,Right,YOR,Undefined,6,Top,0,0,2,Undefined,Sinker,InPlay,Undefined,GroundBall,Out,1,0,,89.90707,-1.598316,2.099559,2208.773549,136.00374,10:30,6.42764,-1.76479,6.59841,-16.90103,18.43462,-16.59422,3.52566,-1.18662,81.28182,-4.819461,-0.861187,0.427837,63.76176,-76.777535,99.467198,,,,,2.78889,2.78889,46.020402,0.039084,9.09158,10.20469,1.5961,50,6.28009,-4.04729,-130.32698,-4.15501,15.46039,30.27424,-14.82082,LI,YOR,CenterIslip,Independent,ATL,20250813-CenterIslip-1,d39d7ea0-78a0-11f0-a98f-87b1e365742a,88.10007,3.58089,,8.62525,,,,2.075,3.58089,1.17694,62d3ce5c-e40a-498f-9f47-c00d00055be0,2025-08-13,23:54:17.98,2025-08-13T19:54:17.9841024-04:00,2025-08-13T23:54:17.9841024Z,GroundBall,v3,1896,5435,,"Antonini, Aaron",689577,Right,LI,64b5d156-4cf1-4fbd-bb35-1151e0cb8b27,54.89946,-131.46017,15.13712,6.42523,-3.60026,-7.41041,1.75843,-4.62599,7.7302,,2.07514,-3.54089,,,,,,,,3.58456,-91.62084,,,,,,,,1.17609,21.23417,,,,,,,,,,,,,,,,,,,,,,,,,,,,,,High,High,High,Estimated,Estimated,,,
139,2025-08-13,19:54:56.44,2,1,"Hillman, Juan",663535,Left,LI,"Wehler, Jeffrey",694292,Right,YOR,Undefined,6,Top,1,0,0,Undefined,Four-Seam,StrikeCalled,Undefined,Undefined,Undefined,0,0,,89.56282,-2.83142,3.445582,2198.590732,147.859475,11:00,6.41008,-1.65521,6.52169,-16.45316,19.37198,-11.3669,2.38484,0.62283,81.05629,-5.961412,1.424228,0.43079,,,,,,,,,,,,6.74599,10.98776,1.36274,50,6.15245,-7.28117,-129.5193,-6.90906,11.35331,29.38483,-13.68192,LI,YOR,CenterIslip,Independent,ATL,20250813-CenterIslip-1,ea9047f0-78a0-11f0-a98f-87b1e365742a,87.4961,,,8.50653,,,,,,,62d3ce5c-e40a-498f-9f47-c00d00055be0,2025-08-13,23:54:56.44,2025-08-13T19:54:56.4472320-04:00,2025-08-13T23:54:56.4472320Z,,v3,1896,5435,,"Antonini, Aaron",689577,Right,LI,fb40b316-abc2-4bfc-a372-eb6826f09917,54.97362,-130.64282,14.69242,6.40661,-6.38594,-6.84096,1.64944,-7.71527,5.67666,,,,,,,,,,,,,,,,,,,,,,,,,,,,,,,,,,,,,,,,,,,,,,,,,,,High,High,High,,,,,
140,2025-08-13,19:55:09.28,2,2,"Hillman, Juan",663535,Left,LI,"Wehler, Jeffrey",694292,Right,YOR,Undefined,6,Top,1,0,1,Undefined,Changeup,BallCalled,Undefined,Undefined,Undefined,0,0,,79.47799,-2.227656,4.662886,1654.91983,112.072859,9:45,6.17779,-1.86118,6.90626,-35.94577,8.91981,-18.09702,1.10663,0.96851,72.41038,-8.880697,1.421531,0.48209,,,,,,,,,,,,10.7163,5.70965,1.49647,50,5.97781,-8.69833,-114.95422,-5.57698,14.20368,23.1937,-24.60633,LI,YOR,CenterIslip,Independent,ATL,20250813-CenterIslip-1,f2439060-78a0-11f0-a98f-87b1e365742a,78.18551,,,7.06761,,,,,,,62d3ce5c-e40a-498f-9f47-c00d00055be0,2025-08-13,23:55:09.28,2025-08-13T19:55:09.2894720-04:00,2025-08-13T23:55:09.2894720Z,,v3,1896,5435,,"Antonini, Aaron",689577,Right,LI,ef2a7d98-f28e-48c0-8335-0c9d6da63f08,54.59209,-115.87703,11.59685,6.18023,-4.59795,-12.30317,1.8538,-9.26346,7.10184,,,,,,,,,,,,,,,,,,,,,,,,,,,,,,,,,,,,,,,,,,,,,,,,,,,High,High,High,,,,,
141,2025-08-13,19:55:22.11,2,3,"Hillman, Juan",663535,Left,LI,"Wehler, Jeffrey",694292,Right,YOR,Undefined,6,Top,1,1,1,Undefined,Changeup,BallCalled,Undefined,Undefined,Undefined,0,0,,76.99984,1.101097,1.826488,1751.404279,104.512171,9:30,6.08987,-2.20165,6.78253,-41.64939,5.8567,-16.63465,3.64418,-1.88796,70.28181,-6.603847,-1.15363,0.496073,,,,,,,,,,,,8.9628,3.15732,2.06091,50,6.15588,-2.93711,-111.75777,0.86632,11.28461,20.98408,-28.1988,LI,YOR,CenterIslip,Independent,ATL,20250813-CenterIslip-1,f9e7bda0-78a0-11f0-a98f-87b1e365742a,75.98157,,,6.71804,,,,,,,62d3ce5c-e40a-498f-9f47-c00d00055be0,2025-08-13,23:55:22.11,2025-08-13T19:55:22.1136896-04:00,2025-08-13T23:55:22.1136896Z,,v3,1896,5435,,"Antonini, Aaron",689577,Right,LI,25e16b2f-12fc-4def-b3bc-3b1596b3ae8c,54.7152,-112.63964,10.49204,6.09457,2.05139,-14.0994,2.19431,-3.41135,5.6423,,,,,,,,,,,,,,,,,,,,,,,,,,,,,,,,,,,,,,,,,,,,,,,,,,,High,High,High,,,,,
142,2025-08-13,19:55:35.46,2,4,"Hillman, Juan",663535,Left,LI,"Wehler, Jeffrey",694292,Right,YOR,Undefined,6,Top,1,2,1,Undefined,Sinker,InPlay,Undefined,FlyBall,Out,1,0,,89.05586,-2.611145,3.446375,2085.130469,135.878288,10:30,6.23441,-1.75421,6.77911,-19.66438,16.393,-14.59611,2.1601,0.23997,80.23731,-6.339968,0.836841,0.432184,78.75057,60.984744,19.601107,,88.98401,118.87628,64.66712,187.32213,181.12279,39.686425,5.335116,8.56626,9.58835,1.47852,50,6.00688,-7.12941,-128.82658,-6.48794,14.16719,30.73166,-16.31653,LI,YOR,CenterIslip,Independent,ATL,20250813-CenterIslip-1,01ce4b10-78a1-11f0-a98f-87b1e365742a,87.21388,119.3211,,8.81854,,,,1.82369,2.75283,0.30241,62d3ce5c-e40a-498f-9f47-c00d00055be0,2025-08-13,23:55:35.46,2025-08-13T19:55:35.4663936-04:00,2025-08-13T23:55:35.4663936Z,Popup,v3,1896,5435,,"Antonini, Aaron",689577,Right,LI,c37be7a5-8741-43b5-b37b-5b7731bf6ddc,54.71752,-129.94707,15.36583,6.23259,-5.89303,-8.15826,1.74788,-7.64595,7.0836,213.057643,1.83911,52.39831,-12.35492,0.67386,2.07228,-1.20454,0.31107,-0.03884,0.0019,2.76569,100.74888,-25.94315,1.38581,0.8065,-0.49998,0.12636,-0.01559,0.00076,0.30077,18.90369,4.76095,-0.78641,-1.05278,0.7508,-0.21634,0.02921,-0.00152,,,,,,,,,,,,,,,,,,,,,,,High,High,High,Medium,Low,,,
143,2025-08-13,19:56:11.58,3,1,"Hillman, Juan",663535,Left,LI,"McNeely, Caleb",803001,Right,YOR,Undefined,6,Top,2,0,0,Undefined,Sinker,InPlay,Undefined,GroundBall,Single,0,0,,90.19768,-2.885963,2.736182,2166.71089,137.042008,10:30,6.31028,-1.73004,6.68366,-17.2421,17.51895,-15.24788,2.17806,-0.44834,82.37157,-6.141156,0.0125,0.424344,94.17133,6.806353,-27.826793,2963.805778,,,,98.14752,94.53158,-28.723118,0.789359,8.57434,10.0778,1.50956,50,6.05633,-5.59148,-130.72492,-7.13683,14.81401,27.96174,-14.76246,LI,YOR,CenterIslip,Independent,ATL,20250813-CenterIslip-1,17543df0-78a1-11f0-a98f-87b1e365742a,88.82529,4.68045,,7.82611,,,,2.65991,2.10328,0.69035,62d3ce5c-e40a-498f-9f47-c00d00055be0,2025-08-13,23:56:11.58,2025-08-13T19:56:11.5877376-04:00,2025-08-13T23:56:11.5877376Z,GroundBall,v3,1896,5435,,"Antonini, Aaron",689577,Right,LI,9ce528b2-da61-425d-a9ff-a31026b7cf2f,54.81565,-131.75095,13.98087,6.30827,-6.59513,-7.38123,1.72471,-6.13506,7.407,43.182021,2.73016,120.06907,-18.45768,,,,,,,2.18553,14.94016,-22.55366,,,,,,,0.6944,-64.09526,4.38033,,,,,,,,,,,,,,,,,,,,,,,,,,,,,High,High,High,High,High,,,
144,2025-08-13,19:56:55.26,4,1,"Hillman, Juan",663535,Left,LI,"Fontana, Shayne",687833,Left,YOR,Undefined,6,Top,2,0,0,Undefined,Sinker,InPlay,Undefined,FlyBall,Out,1,0,,89.06197,-1.969914,3.353553,2088.221239,140.392096,10:45,6.23778,-2.0634,6.82932,-17.5567,18.08391,-13.94875,2.93969,-0.10488,80.81863,-5.313564,0.857973,0.429679,94.88136,28.243868,-12.762093,3878.691367,105.92018,54.23187,-29.67877,345.48899,340.82016,-22.021178,4.614958,8.14036,10.1893,1.79775,50,6.06647,-6.96869,-129.032,-4.9623,13.62701,28.61845,-15.11707,LI,YOR,CenterIslip,Independent,ATL,20250813-CenterIslip-1,315d6f00-78a1-11f0-a98f-87b1e365742a,87.72238,72.13869,,8.24334,,,,1.0864,2.92523,0.10192,62d3ce5c-e40a-498f-9f47-c00d00055be0,2025-08-13,23:56:55.26,2025-08-13T19:56:55.2678912-04:00,2025-08-13T23:56:55.2678912Z,FlyBall,v3,1896,5435,,"Antonini, Aaron",689577,Right,LI,3e992711-769e-427a-89f0-0da83478289a,54.66849,-130.06332,14.30923,6.23548,-4.41753,-7.55853,2.05773,-7.45977,6.8135,149.447377,1.08578,119.57924,-24.31044,6.08505,-1.48173,0.35887,-0.07156,0.00893,-0.00048,2.92735,65.80112,-16.8137,0.21115,0.47631,-0.26143,0.07019,-0.00934,0.00049,0.10201,-27.08242,-1.80389,0.94241,-0.29759,0.06888,-0.01092,0.00105,-5E-05,,,,,,,,,,,,,,,,,,,,,,,High,High,High,High,High,,,
145,2025-08-13,19:59:14.71,1,1,"Vallimont, Chris",681808,Right,YOR,"Castillo, Ivan",622668,Left,LI,Undefined,6,Bottom,0,0,0,Undefined,Four-Seam,FoulBallNotFieldable,Undefined,Undefined,Undefined,0,0,,89.95271,-2.997462,-3.72359,2356.023448,203.268724,12:45,6.5041,1.92441,7.35936,-12.46761,22.07399,8.94662,2.69817,-0.76174,81.10974,-5.45926,-2.109041,0.423002,99.47582,62.583692,53.501001,3333.76769,,,,,76.45041,,,-5.85276,12.82524,-1.65851,50,6.28048,8.11134,-130.18693,-7.09273,-9.90014,31.00023,-10.47969,LI,YOR,CenterIslip,Independent,ATL,20250813-CenterIslip-1,847d7e50-78a1-11f0-a98f-87b1e365742a,89.10697,155.61618,,8.84298,,,,1.69385,2.09949,0.13757,62d3ce5c-e40a-498f-9f47-c00d00055be0,2025-08-13,23:59:14.71,2025-08-13T19:59:14.7142144-04:00,2025-08-13T23:59:14.7142144Z,,v3,1896,5435,,"Williams, Chris",675910,Right,YOR,cdf7027a-0146-455d-b757-50924e6cb7e1,54.13721,-131.16839,15.50012,6.49978,-6.76094,-5.23985,-1.92027,8.42477,-4.95007,,1.69388,39.95481,-15.39584,4.60044,-0.72386,-0.36484,0.3839,-0.14071,0.01944,2.09947,129.5133,-29.23338,3.75878,-0.97879,0.52422,-0.29689,0.09655,-0.01292,0.1376,53.99963,-16.19061,4.61531,-0.74856,-0.29216,0.32828,-0.12125,0.01678,,,,,,,,,,,,,,,,,,,,,,,High,High,High,Medium,Undefined,,,
146,2025-08-13,19:59:53.59,1,2,"Vallimont, Chris",681808,Right,YOR,"Castillo, Ivan",622668,Left,LI,Undefined,6,Bottom,0,0,1,Undefined,Four-Seam,InPlay,Undefined,LineDrive,Single,0,0,,90.25251,-3.265106,-3.833418,2316.428248,209.177267,1:00,6.56295,1.98647,7.28613,-13.06446,21.28773,11.19245,2.45513,-0.61896,81.57092,-5.824394,-1.816255,0.421841,71.02992,22.794335,-9.638729,2425.215763,107.29198,29.11684,-24.25697,215.65825,214.06262,-15.869115,2.870352,-6.99689,12.42784,-1.70883,50,6.31515,8.28975,-130.58369,-7.76012,-11.94115,30.4814,-10.96431,LI,YOR,CenterIslip,Independent,ATL,20250813-CenterIslip-1,9bac6640-78a1-11f0-a98f-87b1e365742a,89.3523,29.1576,,8.6816,,,,0.64493,2.34944,0.65198,62d3ce5c-e40a-498f-9f47-c00d00055be0,2025-08-13,23:59:53.59,2025-08-13T19:59:53.5952896-04:00,2025-08-13T23:59:53.5952896Z,LineDrive,v3,1896,5435,,"Williams, Chris",675910,Right,YOR,3a295c9f-877c-4eb3-8801-895eb307e71e,54.21051,-131.56285,15.2407,6.55877,-7.40791,-5.48216,-1.98129,8.67334,-5.97057,135.118602,0.64475,94.69374,-12.87804,2.92722,-0.84707,0.34716,-0.12587,0.02636,-0.00221,2.34963,40.35203,-15.95734,0.46128,0.29078,-0.2674,0.11199,-0.02205,0.00163,0.65195,-16.07807,-3.34823,1.18327,-0.45095,0.19855,-0.07021,0.01412,-0.00116,,,,,,,,,,,,,,,,,,,,,,,High,High,High,High,High,,,
147,2025-08-13,20:00:35.58,2,1,"Vallimont, Chris",681808,Right,YOR,"Beer, Seth",666179,Left,LI,Undefined,6,Bottom,0,0,0,Undefined,Changeup,FoulBallNotFieldable,Undefined,Undefined,Undefined,0,0,,82.71419,-1.605942,-4.322292,2437.426656,252.80546,2:30,6.1204,2.4277,7.6888,-32.77124,7.00118,18.50631,1.91615,0.00936,75.87962,-7.75295,-0.957224,0.453903,83.48969,20.845911,46.170508,3412.528248,73.08179,25.73444,82.21329,215.62639,186.31885,52.507179,2.398467,-11.07571,4.50614,-2.14623,50,5.99997,8.44382,-120.01334,-4.27253,-16.12962,23.54821,-25.61169,LI,YOR,CenterIslip,Independent,ATL,20250813-CenterIslip-1,b4b08360-78a1-11f0-a98f-87b1e365742a,83.04082,25.76863,,6.83457,,,,3.07255,2.23206,-0.30306,62d3ce5c-e40a-498f-9f47-c00d00055be0,2025-08-14,00:00:35.58,2025-08-13T20:00:35.5840512-04:00,2025-08-14T00:00:35.5840512Z,LineDrive,v3,1896,5435,,"Williams, Chris",675910,Right,YOR,2a9ccc2a-ac94-4985-9430-4fa5a9885cf1,53.81208,-120.75901,11.7741,6.12242,-3.46153,-12.80585,-2.42169,8.95457,-8.06481,,3.07252,79.25224,-17.14245,4.06196,-0.85778,0.15416,-0.01885,0.00063,0.0001,2.23212,43.56889,-22.22348,2.31533,-0.52664,0.14743,-0.04365,0.00897,-0.00081,-0.3031,82.55926,-7.7925,2.06573,-0.44539,0.06328,0.00086,-0.00244,0.00033,,,,,,,,,,,,,,,,,,,,,,,High,High,High,High,Medium,,,
148,2025-08-13,20:01:06.62,2,2,"Vallimont, Chris",681808,Right,YOR,"Beer, Seth",666179,Left,LI,Undefined,6,Bottom,0,0,1,Undefined,Four-Seam,FoulBallNotFieldable,Undefined,Undefined,Undefined,0,0,,91.05535,-4.045701,-3.128027,2236.295141,217.896411,1:15,6.38705,2.10529,7.50217,-15.88135,18.02946,12.97619,1.33864,0.31281,81.4327,-7.135411,-0.775326,0.419122,71.34592,65.379661,-114.633603,4610.86955,,,,,24.02833,,,-7.91,11.26292,-1.89173,50,6.09641,6.67054,-131.63099,-9.71139,-13.51991,34.66213,-12.92326,LI,YOR,CenterIslip,Independent,ATL,20250813-CenterIslip-1,c731c1c0-78a1-11f0-a98f-87b1e365742a,89.93192,46.47596,,9.62265,,,,2.20169,1.45505,-0.31941,62d3ce5c-e40a-498f-9f47-c00d00055be0,2025-08-14,00:01:06.62,2025-08-13T20:01:06.6242048-04:00,2025-08-14T00:01:06.6242048Z,,v3,1896,5435,,"Williams, Chris",675910,Right,YOR,4c81fdac-547c-4654-82d6-b7c43e8805e0,53.99363,-132.67845,17.33107,6.38398,-9.32086,-6.46163,-2.09948,7.07911,-6.75996,18.349809,2.20169,-18.17021,-5.59905,2.36214,-1.66155,4.49382,-9.64097,10.80355,-4.77182,1.45504,95.12757,-29.07239,3.76345,-1.22302,2.008,-4.12855,4.578,-2.00014,-0.31941,-39.62616,1.81819,0.24427,-0.48395,1.48106,-3.19482,3.5924,-1.59396,,,,,,,,,,,,,,,,,,,,,,,High,High,High,High,Undefined,,,
149,2025-08-13,20:01:37.75,2,3,"Vallimont, Chris",681808,Right,YOR,"Beer, Seth",666179,Left,LI,Undefined,6,Bottom,0,0,2,Undefined,Four-Seam,BallCalled,Undefined,Undefined,Undefined,0,0,,91.7435,-1.888434,-1.113183,2314.529306,213.387378,1:00,6.56988,1.90549,7.33184,-12.33745,20.79123,12.90532,3.80195,1.95579,82.58742,-4.324996,1.222109,0.41426,,,,,,,,,,,,-7.02138,11.7415,-1.82987,50,6.42601,2.03801,-133.09671,-4.65099,-12.39233,32.85373,-11.45093,LI,YOR,CenterIslip,Independent,ATL,20250813-CenterIslip-1,d9c7e7b0-78a1-11f0-a98f-87b1e365742a,90.98732,,,9.15608,,,,,,,62d3ce5c-e40a-498f-9f47-c00d00055be0,2025-08-14,00:01:37.75,2025-08-13T20:01:37.7518080-04:00,2025-08-14T00:01:37.7518080Z,,v3,1896,5435,,"Williams, Chris",675910,Right,YOR,ac490c16-851d-41a9-87bc-184f2698f780,54.16333,-134.12045,16.42687,6.56538,-4.29417,-5.72546,-1.89939,2.42416,-6.19616,,,,,,,,,,,,,,,,,,,,,,,,,,,,,,,,,,,,,,,,,,,,,,,,,,,High,High,High,,,,,
150,2025-08-13,20:02:01.02,2,4,"Vallimont, Chris",681808,Right,YOR,"Beer, Seth",666179,Left,LI,Undefined,6,Bottom,0,1,2,Undefined,Slider,StrikeSwinging,Strikeout,Undefined,Undefined,0,0,,82.04255,0.642926,-1.793402,3004.45485,92.689594,9:00,5.99812,2.61552,6.77144,-40.29313,2.3452,-16.00418,3.23897,-0.3876,73.7753,-6.818115,-4.656681,0.469972,,,,,,,,,,,,7.46898,1.47386,-2.45779,50,6.02752,4.37439,-118.86145,-0.00438,10.42925,27.86904,-30.11601,LI,YOR,CenterIslip,Independent,ATL,20250813-CenterIslip-1,e7aabec0-78a1-11f0-a98f-87b1e365742a,80.20154,,,8.26726,,,,,,,62d3ce5c-e40a-498f-9f47-c00d00055be0,2025-08-14,00:02:01.02,2025-08-13T20:02:01.0280000-04:00,2025-08-14T00:02:01.0280000Z,,v3,1896,5435,,"Williams, Chris",675910,Right,YOR,da660b3b-787c-443e-926c-0b8ab64ef1b9,54.7238,-119.96391,13.93452,6.00412,1.18697,-15.05801,-2.62268,3.96182,5.21462,,,,,,,,,,,,,,,,,,,,,,,,,,,,,80.24879,,0.687872,,-0.48657,3.00563,0.54435,-0.29053,6.37014,-0.09214,,,,-0.23021,116.61578,-9.76298,6.3833,5.46547,-12.0486,-0.12064,-4.757,3.43102,High,High,High,,,High,Medium,Low
151,2025-08-13,20:02:41.17,3,1,"Vallimont, Chris",681808,Right,YOR,"Antonini, Aaron",689577,Left,LI,Undefined,6,Bottom,1,0,0,Undefined,Curveball,StrikeCalled,Undefined,Undefined,Undefined,0,0,,78.25917,1.596908,-0.254636,2668.316794,37.434674,7:15,6.32863,2.27806,7.0906,-63.64251,-17.03895,-14.4467,2.50263,0.83863,70.22538,-10.130658,-2.865764,0.491339,,,,,,,,,,,,7.27674,-8.7004,-2.25138,50,6.41986,1.0528,-113.50017,1.09255,9.17115,27.31544,-43.13947,LI,YOR,CenterIslip,Independent,ATL,20250813-CenterIslip-1,ff95cac0-78a1-11f0-a98f-87b1e365742a,76.71374,,,8.03379,,,,,,,62d3ce5c-e40a-498f-9f47-c00d00055be0,2025-08-14,00:02:41.17,2025-08-13T20:02:41.1742720-04:00,2025-08-14T00:02:41.1742720Z,,v3,1896,5435,,"Williams, Chris",675910,Right,YOR,64e47164-0bbf-4c5d-a6dd-7e0dea9526b7,54.40877,-114.55629,13.65772,6.34537,2.76049,-21.56973,-2.28523,0.6982,4.58558,,,,,,,,,,,,,,,,,,,,,,,,,,,,,,,,,,,,,,,,,,,,,,,,,,,High,High,High,,,,,
152,2025-08-13,20:03:01.80,3,2,"Vallimont, Chris",681808,Right,YOR,"Antonini, Aaron",689577,Left,LI,Undefined,6,Bottom,1,0,1,Undefined,Curveball,BallCalled,Undefined,Undefined,Undefined,0,0,,78.40774,-0.156067,-0.983983,2786.524589,38.110211,7:15,6.32837,2.14679,7.01743,-62.53755,-16.14587,-14.03765,0.97233,0.06545,70.98312,-11.604089,-3.521487,0.49022,,,,,,,,,,,,6.85193,-7.72182,-2.06225,50,6.28294,2.47561,-113.77178,-2.33384,8.70406,26.86937,-41.98312,LI,YOR,CenterIslip,Independent,ATL,20250813-CenterIslip-1,0be382e0-78a2-11f0-a98f-87b1e365742a,76.88875,,,7.42462,,,,,,,62d3ce5c-e40a-498f-9f47-c00d00055be0,2025-08-14,00:03:01.80,2025-08-13T20:03:01.8064896-04:00,2025-08-14T00:03:01.8064896Z,,v3,1896,5435,,"Williams, Chris",675910,Right,YOR,e27e4d93-a3bc-4d8b-8efe-1e0149caa483,54.48304,-114.82566,13.43468,6.34219,-0.68717,-20.99156,-2.15265,2.13422,4.35203,,,,,,,,,,,,,,,,,,,,,,,,,,,,,,,,,,,,,,,,,,,,,,,,,,,High,High,High,,,,,
153,2025-08-13,20:03:25.50,3,3,"Vallimont, Chris",681808,Right,YOR,"Antonini, Aaron",689577,Left,LI,Undefined,6,Bottom,1,1,1,Undefined,Changeup,StrikeSwinging,Undefined,Undefined,Undefined,0,0,,84.28961,-1.653422,-4.629282,2371.850307,241.90567,2:00,6.14484,2.52425,7.7012,-27.63501,11.52075,18.71473,2.32475,-0.1582,75.53838,-6.925971,-1.229674,0.45037,,,,,,,,,,,,-11.34977,7.09725,-2.2219,50,6.02399,9.16716,-121.94147,-4.26445,-16.69665,29.11678,-21.73329,LI,YOR,CenterIslip,Independent,ATL,20250813-CenterIslip-1,1a044d50-78a2-11f0-a98f-87b1e365742a,83.69218,,,8.75124,,,,,,,62d3ce5c-e40a-498f-9f47-c00d00055be0,2025-08-14,00:03:25.50,2025-08-13T20:03:25.5046144-04:00,2025-08-14T00:03:25.5046144Z,,v3,1896,5435,,"Williams, Chris",675910,Right,YOR,5c151074-91e7-440b-b1e8-8948e7384409,53.79338,-122.84391,14.55839,6.14572,-3.59086,-10.86664,-2.51404,9.68465,-8.34832,,,,,,,,,,,,,,,,,,,,,,,,,,,,,,,,,,,,,,,,,,,,,,,,,,,High,High,High,,,,,
154,2025-08-13,20:03:49.03,3,4,"Vallimont, Chris",681808,Right,YOR,"Antonini, Aaron",689577,Left,LI,Undefined,6,Bottom,1,1,2,Undefined,Four-Seam,BallCalled,Undefined,Undefined,Undefined,0,0,,91.493,-2.223883,-1.694549,2265.705923,213.328098,1:00,6.569,2.17143,7.31183,-13.29253,20.32017,12.49961,3.41085,1.65169,81.77924,-4.847999,0.565956,0.417276,,,,,,,,,,,,-6.99674,11.64276,-2.05253,50,6.39932,3.37911,-132.55091,-5.43711,-12.15823,34.48056,-11.94239,LI,YOR,CenterIslip,Independent,ATL,20250813-CenterIslip-1,28061e10-78a2-11f0-a98f-87b1e365742a,90.32982,,,9.71375,,,,,,,62d3ce5c-e40a-498f-9f47-c00d00055be0,2025-08-14,00:03:49.03,2025-08-13T20:03:49.0363904-04:00,2025-08-14T00:03:49.0363904Z,,v3,1896,5435,,"Williams, Chris",675910,Right,YOR,14d5b1d8-7115-4575-9ddb-25f0b2fa3ab0,54.18119,-133.63413,17.24028,6.56423,-5.06193,-5.97119,-2.16469,3.76107,-6.07912,,,,,,,,,,,,,,,,,,,,,,,,,,,,,,,,,,,,,,,,,,,,,,,,,,,High,High,High,,,,,
155,2025-08-13,20:04:12.38,3,5,"Vallimont, Chris",681808,Right,YOR,"Antonini, Aaron",689577,Left,LI,Undefined,6,Bottom,1,2,2,Undefined,Changeup,InPlay,Undefined,GroundBall,Out,1,0,,83.32114,-1.599779,-3.391215,2357.026236,259.614232,2:45,6.02155,2.41042,7.67907,-35.03703,5.03095,18.91643,1.63547,0.8811,74.80554,-8.209773,0.05516,0.455586,51.11694,-59.647525,-33.883727,,,,,1.48789,1.48789,-64.892748,0.02186,-11.1115,3.69666,-2.18992,50,5.90116,6.45888,-120.73215,-4.36944,-15.97485,29.19057,-26.85944,LI,YOR,CenterIslip,Independent,ATL,20250813-CenterIslip-1,35f3f1a0-78a2-11f0-a98f-87b1e365742a,82.734,1.41984,,8.51559,,,,-0.0589,1.41984,-0.88378,62d3ce5c-e40a-498f-9f47-c00d00055be0,2025-08-14,00:04:12.38,2025-08-13T20:04:12.3891200-04:00,2025-08-14T00:04:12.3891200Z,GroundBall,v3,1896,5435,,"Williams, Chris",675910,Right,YOR,3619e92a-7255-46b4-b2e7-b88e13caa82e,53.81696,-121.65151,14.59529,6.02546,-3.5235,-13.42972,-2.40127,6.96202,-7.98742,,-0.05934,31.57534,,,,,,,,1.42074,-64.95205,,,,,,,,-0.88348,-21.20473,,,,,,,,,,,,,,,,,,,,,,,,,,,,,,High,High,High,Estimated,Estimated,,,
156,2025-08-13,20:04:53.79,4,1,"Vallimont, Chris",681808,Right,YOR,"Kohlwey, Taylor",670128,Left,LI,Undefined,6,Bottom,2,0,0,Undefined,Four-Seam,BallCalled,Undefined,Undefined,Undefined,0,0,,90.68829,-1.629586,-2.622296,2008.207482,206.476347,1:00,6.5989,2.07857,7.2581,-12.36544,21.53855,10.12945,4.06386,0.50303,81.893,-4.067836,-0.794395,0.41908,,,,,,,,,,,,-6.03363,11.99536,-1.88857,50,6.47153,5.59584,-131.50395,-4.00928,-10.44511,30.85676,-11.40834,LI,YOR,CenterIslip,Independent,ATL,20250813-CenterIslip-1,4e9c5a30-78a2-11f0-a98f-87b1e365742a,89.94092,,,8.79529,,,,,,,62d3ce5c-e40a-498f-9f47-c00d00055be0,2025-08-14,00:04:53.79,2025-08-13T20:04:53.7934848-04:00,2025-08-14T00:04:53.7934848Z,,v3,1896,5435,,"Williams, Chris",675910,Right,YOR,48af26c3-be91-4c24-a67f-d84b9f277865,54.23746,-132.49452,15.42838,6.59435,-3.64305,-5.70417,-2.07359,5.93115,-5.22256,,,,,,,,,,,,,,,,,,,,,,,,,,,,,,,,,,,,,,,,,,,,,,,,,,,High,High,High,,,,,
157,2025-08-13,20:05:13.68,4,2,"Vallimont, Chris",681808,Right,YOR,"Kohlwey, Taylor",670128,Left,LI,Undefined,6,Bottom,2,1,0,Undefined,Changeup,InPlay,Undefined,GroundBall,Single,0,1,,84.29493,-1.60988,-3.847444,2220.157657,245.553484,2:15,6.06344,2.57617,7.72283,-29.19498,9.45796,17.77387,2.15543,0.53557,76.38004,-7.139489,-0.611866,0.447469,,,,,,,,,,,,-10.65091,5.90426,-2.32805,50,5.94554,7.59172,-122.23656,-4.23249,-15.89297,27.19206,-23.36387,LI,YOR,CenterIslip,Independent,ATL,20250813-CenterIslip-1,5a735bb0-78a2-11f0-a98f-87b1e365742a,84.23483,,,7.9149,,,,,,,62d3ce5c-e40a-498f-9f47-c00d00055be0,2025-08-14,00:05:13.68,2025-08-13T20:05:13.6843264-04:00,2025-08-14T00:05:13.6843264Z,,v3,1896,5435,,"Williams, Chris",675910,Right,YOR,a8005e02-563c-4602-8381-ff075241a99c,53.77578,-123.07363,13.59603,6.06477,-3.51326,-11.68194,-2.56928,8.08096,-7.94648,,,,,,,,,,,,,,,,,,,,,,,,,,,,,,,,,,,,,,,,,,,,,,,,,,,High,High,High,,,,,
158,2025-08-13,20:06:02.85,5,1,"Vallimont, Chris",681808,Right,YOR,"Thomas, Cody",642137,Left,LI,Undefined,6,Bottom,2,0,0,Undefined,Changeup,BallCalled,Undefined,Undefined,Undefined,0,0,,83.40219,-0.736363,-2.719483,2314.456781,245.91051,2:15,6.07419,2.54632,7.52435,-31.04899,8.75591,16.36182,2.81042,1.41299,75.34412,-6.602979,0.25192,0.454088,,,,,,,,,,,,-9.37812,5.27272,-2.36318,50,6.00992,5.13047,-120.99859,-2.43683,-13.68178,27.1179,-24.48166,LI,YOR,CenterIslip,Independent,ATL,20250813-CenterIslip-1,77cbded0-78a2-11f0-a98f-87b1e365742a,83.00697,,,8.05808,,,,,,,62d3ce5c-e40a-498f-9f47-c00d00055be0,2025-08-14,00:06:02.85,2025-08-13T20:06:02.8562432-04:00,2025-08-14T00:06:02.8562432Z,,v3,1896,5435,,"Williams, Chris",675910,Right,YOR,cc3033c2-9f23-4131-97b8-a24ca4d1871f,53.97143,-121.88541,13.55895,6.07653,-1.63623,-12.24083,-2.53827,5.57789,-6.84089,,,,,,,,,,,,,,,,,,,,,,,,,,,,,,,,,,,,,,,,,,,,,,,,,,,High,High,High,,,,,
159,2025-08-13,20:06:24.17,5,2,"Vallimont, Chris",681808,Right,YOR,"Thomas, Cody",642137,Left,LI,Undefined,6,Bottom,2,1,0,Undefined,Changeup,FoulBallNotFieldable,Undefined,Undefined,Undefined,0,0,,83.6835,-2.016129,-4.010174,2414.285937,246.638114,2:15,5.95588,2.64274,7.56757,-31.35415,8.3613,15.91607,1.48959,0.28702,75.51391,-7.928084,-1.121392,0.453577,,,,,,,,,,,,-9.73524,5.48544,-2.37292,50,5.80383,7.92129,-121.1968,-5.15521,-14.19714,28.0018,-24.17451,LI,YOR,CenterIslip,Independent,ATL,20250813-CenterIslip-1,84794320-78a2-11f0-a98f-87b1e365742a,83.1004,,,8.1696,,,,,,,62d3ce5c-e40a-498f-9f47-c00d00055be0,2025-08-14,00:06:24.17,2025-08-13T20:06:24.1711104-04:00,2025-08-14T00:06:24.1711104Z,,v3,1896,5435,,"Williams, Chris",675910,Right,YOR,9aec0221-6fec-47bb-8e76-8d1eaaf216c8,53.9301,-122.10144,14.0009,5.95776,-4.3742,-12.08726,-2.63624,8.37995,-7.09857,,,,,,,,,,,,,,,,,,,,,,,,,,,,,,,,,,,,,,,,,,,,,,,,,,,High,High,High,,,,,
160,2025-08-13,20:06:56.43,5,3,"Vallimont, Chris",681808,Right,YOR,"Thomas, Cody",642137,Left,LI,Undefined,6,Bottom,2,1,1,Undefined,Changeup,FoulBallNotFieldable,Undefined,Undefined,Undefined,0,0,,84.42254,-2.182289,-4.06707,2336.11627,244.7003,2:15,5.90415,2.49725,7.77096,-28.601,10.10441,18.31296,1.52202,0.30331,76.15485,-7.614101,-0.730829,0.447772,62.95922,14.41301,-57.681148,4664.031539,,,,105.01976,105.01976,-60.825839,1.311867,-11.0719,6.49095,-2.23783,50,5.75069,8.04526,-122.29972,-5.432,-16.44857,28.42051,-22.53098,LI,YOR,CenterIslip,Independent,ATL,20250813-CenterIslip-1,97b82c30-78a2-11f0-a98f-87b1e365742a,84.17767,8.63584,,8.26769,,,,2.52244,1.89978,-0.51131,62d3ce5c-e40a-498f-9f47-c00d00055be0,2025-08-14,00:06:56.43,2025-08-13T20:06:56.4383232-04:00,2025-08-14T00:06:56.4383232Z,GroundBall,v3,1896,5435,,"Williams, Chris",675910,Right,YOR,cd4253af-cf23-481d-b5b2-2035346ca434,53.72684,-123.16273,14.21025,5.90525,-4.74783,-11.26549,-2.48971,8.54473,-8.22429,,2.52244,47.81403,-9.53072,1.3845,-0.31229,0.04308,-0.00552,0.00135,-0.00016,1.89978,22.98434,-20.58428,1.84518,-0.34927,0.07294,-0.00963,0.00134,-0.00016,-0.51131,-75.57925,4.39831,0.2286,-0.08793,0.04483,-0.00819,0.00115,-0.00013,,,,,,,,,,,,,,,,,,,,,,,High,High,High,High,High,,,
161,2025-08-13,20:07:31.11,5,4,"Vallimont, Chris",681808,Right,YOR,"Thomas, Cody",642137,Left,LI,Undefined,6,Bottom,2,1,2,Undefined,Changeup,FoulBallNotFieldable,Undefined,Undefined,Undefined,0,0,,84.7183,-0.422193,-3.414022,2420.997013,238.39613,2:00,6.1226,2.59524,7.56767,-26.61702,11.73638,16.90808,3.5168,0.87097,76.74178,-5.478851,-0.345545,0.445732,69.94523,46.716177,-173.187379,2558.26125,-108.75945,59.16219,-16.47235,194.97555,64.50736,-171.939491,3.467582,-9.95103,6.68233,-2.3669,50,6.08227,6.71359,-122.93061,-1.63507,-15.05915,26.88342,-22.06149,LI,YOR,CenterIslip,Independent,ATL,20250813-CenterIslip-1,ac659960-78a2-11f0-a98f-87b1e365742a,84.56307,59.47529,,7.97652,,,,2.11798,3.60316,-0.87361,62d3ce5c-e40a-498f-9f47-c00d00055be0,2025-08-14,00:07:31.11,2025-08-13T20:07:31.1128576-04:00,2025-08-14T00:07:31.1128576Z,FlyBall,v3,1896,5435,,"Williams, Chris",675910,Right,YOR,eba58720-64e2-44ea-9023-8db4b9231a1c,53.93047,-123.78718,13.44171,6.12317,-0.93215,-11.03075,-2.58845,7.19341,-7.52958,350.488948,2.11722,-69.81615,2.80979,0.75951,-0.33935,0.08622,0.00556,-0.00635,0.00076,3.60365,74.65992,-29.11736,3.30517,-0.28332,-0.16666,0.08263,-0.01489,0.00098,-0.87377,-8.33976,-1.34329,0.78949,-0.14904,-0.00419,0.0162,-0.00451,0.0004,,,,,,,,,,,,,,,,,,,,,,,High,High,High,High,Low,,,
162,2025-08-13,20:08:00.74,5,5,"Vallimont, Chris",681808,Right,YOR,"Thomas, Cody",642137,Left,LI,Undefined,6,Bottom,2,1,2,Undefined,Four-Seam,StrikeSwinging,Strikeout,Undefined,Undefined,0,0,,91.72989,-3.247919,-1.971759,2298.30109,208.010589,1:00,6.56021,1.85573,7.1369,-10.87221,22.586,11.35564,2.64747,0.97902,82.62994,-5.408318,0.074267,0.416316,,,,,,,,,,,,-6.44855,13.01867,-1.71078,50,6.30623,4.07884,-132.84323,-7.75546,-11.35176,32.41236,-9.25646,LI,YOR,CenterIslip,Independent,ATL,20250813-CenterIslip-1,be0a5a70-78a2-11f0-a98f-87b1e365742a,90.53815,,,9.09994,,,,,,,62d3ce5c-e40a-498f-9f47-c00d00055be0,2025-08-14,00:08:00.74,2025-08-13T20:08:00.7470000-04:00,2025-08-14T00:08:00.7470000Z,,v3,1896,5435,,"Williams, Chris",675910,Right,YOR,7bbab7d1-5050-4c13-86d6-47e0cffd9392,54.35814,-133.90235,16.20618,6.55471,-7.453,-4.62823,-1.85012,4.44977,-5.67588,,,,,,,,,,,,,,,,,,,,,,,,,,,,,58.69692,2.924249,1.76983,1.154419,-0.78278,2.43698,-0.9835,-1.66629,5.88929,-2.56767,66.76549,8.30597,-58.2067,-1.62682,62.96771,-3.21798,5.96345,19.16942,-14.83031,-2.65411,-53.88568,4.97591,High,High,High,,,High,High,High
163,2025-08-13,20:10:21.07,1,1,"Hillman, Juan",663535,Left,LI,"Higgins, Ryan",696287,Right,YOR,Undefined,7,Top,0,0,0,Undefined,Changeup,FoulBallNotFieldable,Undefined,Undefined,Undefined,0,0,,76.25766,-0.366194,3.178251,1638.16125,134.179555,10:30,6.24114,-1.88399,6.79938,-36.66427,12.01831,-10.64162,2.84467,0.1883,69.40016,-7.18311,1.274164,0.502179,76.58542,83.814525,84.061638,4372.66791,,,,,3.61738,,,6.42729,6.72016,1.62922,50,6.1892,-5.75291,-110.53344,-1.77538,7.88088,21.3377,-23.93403,LI,YOR,CenterIslip,Independent,ATL,20250813-CenterIslip-1,11bfcbf0-78a3-11f0-a98f-87b1e365742a,75.05783,29.92954,,6.8575,,,,2.29148,2.96452,-0.1976,62d3ce5c-e40a-498f-9f47-c00d00055be0,2025-08-14,00:10:21.07,2025-08-13T20:10:21.0794496-04:00,2025-08-14T00:10:21.0794496Z,,v3,1896,5435,,"Antonini, Aaron",689577,Right,LI,25b6948c-073f-4014-b5e0-24f203fee0c8,54.69825,-111.43671,10.66885,6.24291,-0.7622,-11.96701,1.87981,-6.08653,3.94044,186.317361,2.29406,1.1191,-7.5562,,,,,,,2.96756,111.51544,-28.09733,,,,,,,-0.19803,12.06002,0.58058,,,,,,,,,,,,,,,,,,,,,,,,,,,,,High,High,High,High,Undefined,,,
164,2025-08-13,20:11:02.10,1,2,"Hillman, Juan",663535,Left,LI,"Higgins, Ryan",696287,Right,YOR,Undefined,7,Top,0,0,1,Undefined,Changeup,StrikeCalled,Undefined,Undefined,Undefined,0,0,,76.23005,0.252193,2.347894,1683.102756,106.966069,9:30,6.22932,-1.95294,6.90363,-42.48408,6.5613,-15.42359,2.92329,-1.05754,68.63008,-7.658448,-0.421929,0.504046,,,,,,,,,,,,8.60977,3.85709,1.77266,50,6.22596,-3.94766,-110.44075,-0.77868,10.41041,23.52189,-27.5103,LI,YOR,CenterIslip,Independent,ATL,20250813-CenterIslip-1,2a36c440-78a3-11f0-a98f-87b1e365742a,74.77972,,,7.59997,,,,,,,62d3ce5c-e40a-498f-9f47-c00d00055be0,2025-08-14,00:11:02.10,2025-08-13T20:11:02.1067776-04:00,2025-08-14T00:11:02.1067776Z,,v3,1896,5435,,"Antonini, Aaron",689577,Right,LI,42c8a664-3c53-4e9e-acd1-4f37e88b0a54,54.59083,-111.41422,11.76095,6.23463,0.35986,-13.75515,1.94495,-4.3785,5.20521,,,,,,,,,,,,,,,,,,,,,,,,,,,,,,,,,,,,,,,,,,,,,,,,,,,High,High,High,,,,,
165,2025-08-13,20:11:22.10,1,3,"Hillman, Juan",663535,Left,LI,"Higgins, Ryan",696287,Right,YOR,Undefined,7,Top,0,0,2,Undefined,Changeup,BallCalled,Undefined,Undefined,Undefined,0,0,,78.98692,-1.998223,2.953906,1874.942497,102.134119,9:30,6.09525,-1.91106,6.92523,-40.32286,5.73595,-18.04469,0.87765,-0.67145,70.87591,-9.484258,-0.291224,0.488459,,,,,,,,,,,,10.28792,4.20965,1.68474,50,5.91289,-5.20589,-114.26296,-5.2264,13.20805,26.7229,-26.76955,LI,YOR,CenterIslip,Independent,ATL,20250813-CenterIslip-1,3617fef0-78a3-11f0-a98f-87b1e365742a,77.16606,,,8.111,,,,,,,62d3ce5c-e40a-498f-9f47-c00d00055be0,2025-08-14,00:11:22.10,2025-08-13T20:11:22.1096448-04:00,2025-08-14T00:11:22.1096448Z,,v3,1896,5435,,"Antonini, Aaron",689577,Right,LI,4f2c8d30-d9d6-4f33-ae67-6cad2ef6ba2e,54.57003,-115.3268,13.36145,6.09974,-4.1607,-13.38477,1.90245,-5.73171,6.60403,,,,,,,,,,,,,,,,,,,,,,,,,,,,,,,,,,,,,,,,,,,,,,,,,,,High,High,High,,,,,
166,2025-08-13,20:11:39.16,1,4,"Hillman, Juan",663535,Left,LI,"Higgins, Ryan",696287,Right,YOR,Undefined,7,Top,0,1,2,Undefined,Curveball,StrikeCalled,Strikeout,Undefined,Undefined,0,0,,76.13088,0.567985,-0.033992,2252.786076,301.745148,4:00,6.26386,-1.85674,6.10474,-57.39373,-7.18233,14.4082,2.01623,-0.68809,69.47083,-9.810102,2.522025,0.510003,,,,,,,,,,,,-7.15272,-3.20252,1.84827,50,6.27268,-0.51217,-110.40615,-0.91517,-8.70811,22.16223,-36.07296,LI,YOR,CenterIslip,Independent,ATL,20250813-CenterIslip-1,404c7400-78a3-11f0-a98f-87b1e365742a,73.90633,,,6.66005,,,,,,,62d3ce5c-e40a-498f-9f47-c00d00055be0,2025-08-14,00:11:39.16,2025-08-13T20:11:39.1690000-04:00,2025-08-14T00:11:39.1690000Z,,v3,1896,5435,,"Antonini, Aaron",689577,Right,LI,8b049d00-ceb8-42f2-b4e4-3cc055a95399,55.39472,-111.48379,11.08112,6.27453,0.83888,-18.03648,1.86288,-0.08874,-4.35406,,,,,,,,,,,,,,,,,,,,,,,,,,,,,60.92821,,,1.10957,,,,-1.41037,5.80005,5.74384,79.21463,7.706,45.79053,-1.32725,78.75143,-5.52694,5.86087,17.80536,-14.52546,5.73466,36.34265,-0.22148,High,High,High,,,High,High,High
167,2025-08-13,20:12:08.35,2,1,"Hillman, Juan",663535,Left,LI,"Alleyne, Bubba",804588,Right,YOR,Undefined,7,Top,1,0,0,Undefined,Sinker,StrikeCalled,Undefined,Undefined,Undefined,0,0,,87.24115,-2.087861,3.608596,1961.14064,125.975226,10:15,6.32515,-1.56049,6.62501,-26.22478,11.12607,-13.61009,2.18677,0.67709,79.60036,-6.950598,1.181872,0.439867,,,,,,,,,,,,7.93811,6.61492,1.26159,50,6.13016,-7.38603,-126.34543,-5.50409,12.78514,26.60949,-21.52003,LI,YOR,CenterIslip,Independent,ATL,20250813-CenterIslip-1,51a3d860-78a3-11f0-a98f-87b1e365742a,85.69047,,,7.64079,,,,,,,62d3ce5c-e40a-498f-9f47-c00d00055be0,2025-08-14,00:12:08.35,2025-08-13T20:12:08.3556352-04:00,2025-08-14T00:12:08.3556352Z,,v3,1896,5435,,"Antonini, Aaron",689577,Right,LI,0a002292-fdab-4830-94d0-52161b3e2a34,54.8728,-127.36755,13.30475,6.32571,-4.67747,-10.76002,1.55473,-7.87713,6.39257,,,,,,,,,,,,,,,,,,,,,,,,,,,,,,,,,,,,,,,,,,,,,,,,,,,High,High,High,,,,,
168,2025-08-13,20:12:25.91,2,2,"Hillman, Juan",663535,Left,LI,"Alleyne, Bubba",804588,Right,YOR,Undefined,7,Top,1,0,1,Undefined,Sinker,BallCalled,Undefined,Undefined,Undefined,0,0,,88.61906,-1.060028,1.522295,2057.775739,134.1107,10:30,6.20654,-2.01263,6.43381,-21.49104,14.91265,-14.11863,3.42247,-1.76326,80.53177,-5.082059,-0.990404,0.434254,,,,,,,,,,,,7.52882,8.1741,1.88782,50,6.09813,-2.78063,-128.52501,-3.10191,12.51932,28.1008,-18.58174,LI,YOR,CenterIslip,Independent,ATL,20250813-CenterIslip-1,5c17ee80-78a3-11f0-a98f-87b1e365742a,86.79807,,,8.08728,,,,,,,62d3ce5c-e40a-498f-9f47-c00d00055be0,2025-08-14,00:12:25.91,2025-08-13T20:12:25.9131904-04:00,2025-08-14T00:12:25.9131904Z,,v3,1896,5435,,"Antonini, Aaron",689577,Right,LI,eac15364-f8ad-4cb6-b519-bb506851791d,55.06288,-129.62724,14.0504,6.2055,-2.37306,-9.29087,2.00652,-3.27169,6.25966,,,,,,,,,,,,,,,,,,,,,,,,,,,,,,,,,,,,,,,,,,,,,,,,,,,High,High,High,,,,,
169,2025-08-13,20:12:38.67,2,3,"Hillman, Juan",663535,Left,LI,"Alleyne, Bubba",804588,Right,YOR,Undefined,7,Top,1,1,1,Undefined,Changeup,BallCalled,Undefined,Undefined,Undefined,0,0,,78.51315,-2.707497,4.449412,1738.332358,106.698205,9:30,6.16488,-1.89293,6.9665,-39.23116,6.58638,-16.66899,0.37584,0.85167,71.83137,-9.93402,1.457061,0.487178,,,,,,,,,,,,9.98938,4.63461,1.54927,50,5.92761,-8.24057,-113.5944,-6.56383,12.93875,22.50035,-26.17107,LI,YOR,CenterIslip,Independent,ATL,20250813-CenterIslip-1,63bfc540-78a3-11f0-a98f-87b1e365742a,77.36896,,,6.68178,,,,,,,62d3ce5c-e40a-498f-9f47-c00d00055be0,2025-08-14,00:12:38.67,2025-08-13T20:12:38.6733056-04:00,2025-08-14T00:12:38.6733056Z,,v3,1896,5435,,"Antonini, Aaron",689577,Right,LI,74828194-f621-4ced-a768-05e85e3cee39,54.53308,-114.48878,11.25018,6.16784,-5.52354,-13.08553,1.88705,-8.75488,6.46937,,,,,,,,,,,,,,,,,,,,,,,,,,,,,,,,,,,,,,,,,,,,,,,,,,,High,High,High,,,,,
170,2025-08-13,20:12:54.01,2,4,"Hillman, Juan",663535,Left,LI,"Alleyne, Bubba",804588,Right,YOR,Undefined,7,Top,1,2,1,Undefined,Sinker,InPlay,Undefined,FlyBall,Out,1,0,,89.12141,-2.754761,3.288601,2134.324103,143.55316,10:45,6.25219,-1.82742,6.7541,-16.19032,19.71131,-13.59721,2.33243,0.10414,80.52654,-5.856988,0.85918,0.431249,82.36165,24.813618,-26.125312,2300.172146,98.32489,40.30708,-49.31666,289.7653,282.28434,-29.193005,3.712078,8.02504,11.31394,1.56308,50,6.01372,-6.83714,-128.99032,-6.68265,13.35136,29.96903,-13.35095,LI,YOR,CenterIslip,Independent,ATL,20250813-CenterIslip-1,6ccf9070-78a3-11f0-a98f-87b1e365742a,87.4029,45.95819,,8.59487,,,,3.98737,2.57181,-0.0659,62d3ce5c-e40a-498f-9f47-c00d00055be0,2025-08-14,00:12:54.01,2025-08-13T20:12:54.0145152-04:00,2025-08-14T00:12:54.0145152Z,LineDrive,v3,1896,5435,,"Antonini, Aaron",689577,Right,LI,8daae3ea-d350-4886-b967-64ddccb46446,54.7442,-130.08789,14.98451,6.24951,-6.19369,-6.67548,1.82243,-7.32611,6.67568,158.477928,3.98688,98.45831,-15.84818,3.75586,-0.99046,0.3021,-0.0801,0.013,-0.00088,2.57251,50.67288,-15.7246,0.39452,0.28198,-0.20906,0.0721,-0.01203,0.00077,-0.06562,-48.28919,4.48581,-0.7981,0.2211,-0.09491,0.03097,-0.00542,0.00038,,,,,,,,,,,,,,,,,,,,,,,High,High,High,High,High,,,
171,2025-08-13,20:13:27.55,3,1,"Hillman, Juan",663535,Left,LI,"Williams, Chris",675910,Right,YOR,Undefined,7,Top,2,0,0,Undefined,Changeup,BallCalled,Undefined,Undefined,Undefined,0,0,,73.87472,-0.033169,2.722439,1660.965482,96.820367,9:15,6.18562,-1.85198,6.82133,-47.93447,4.50843,-20.96702,2.16021,-1.06626,66.64106,-8.909344,-1.039584,0.521212,,,,,,,,,,,,11.53579,2.94717,1.64126,50,6.15524,-4.31886,-107.00727,-1.48164,13.08017,22.2676,-28.83233,LI,YOR,CenterIslip,Independent,ATL,20250813-CenterIslip-1,80e9e560-78a3-11f0-a98f-87b1e365742a,72.31684,,,7.23366,,,,,,,62d3ce5c-e40a-498f-9f47-c00d00055be0,2025-08-14,00:13:27.55,2025-08-13T20:13:27.5560448-04:00,2025-08-14T00:13:27.5560448Z,,v3,1896,5435,,"Antonini, Aaron",689577,Right,LI,dc8e7080-3568-467c-9536-5c44e368dc24,54.67457,-107.97564,11.1338,6.19241,-0.22779,-14.41617,1.84145,-4.88769,6.54009,,,,,,,,,,,,,,,,,,,,,,,,,,,,,,,,,,,,,,,,,,,,,,,,,,,High,High,High,,,,,
172,2025-08-13,20:13:40.42,3,2,"Hillman, Juan",663535,Left,LI,"Williams, Chris",675910,Right,YOR,Undefined,7,Top,2,1,0,Undefined,Sinker,FoulBallNotFieldable,Undefined,Undefined,Undefined,0,0,,88.40783,-1.546153,3.105882,2000.970483,141.4092,10:45,6.32475,-1.78939,6.71504,-18.49895,17.78729,-13.20461,3.34037,0.00638,80.24238,-5.055526,0.747749,0.433553,78.28006,63.291358,176.179253,4750.916417,,,,,52.47996,,,7.65197,9.87363,1.53782,50,6.18405,-6.38709,-128.1196,-4.0239,12.63437,28.11001,-15.87145,LI,YOR,CenterIslip,Independent,ATL,20250813-CenterIslip-1,88833d30-78a3-11f0-a98f-87b1e365742a,86.93847,75.29849,,8.16545,,,,1.65853,3.35696,-0.03382,62d3ce5c-e40a-498f-9f47-c00d00055be0,2025-08-14,00:13:40.42,2025-08-13T20:13:40.4228096-04:00,2025-08-14T00:13:40.4228096Z,,v3,1896,5435,,"Antonini, Aaron",689577,Right,LI,5a74e60b-53fc-443f-8432-0bcc353fe607,54.78259,-129.16466,14.05501,6.32267,-3.43384,-7.93573,1.78401,-6.8568,6.31719,7.021944,1.65853,-51.48735,-3.06726,3.39761,-1.25151,0.38241,-0.10227,0.0228,-0.00293,3.35696,102.5607,-37.09169,6.19333,-1.32723,0.26072,-0.05598,0.0122,-0.00146,-0.03382,3.43851,3.5444,-1.62514,0.50045,-0.1384,0.03588,-0.00796,0.001,,,,,,,,,,,,,,,,,,,,,,,High,High,High,High,Undefined,,,
173,2025-08-13,20:14:25.37,3,3,"Hillman, Juan",663535,Left,LI,"Williams, Chris",675910,Right,YOR,Undefined,7,Top,2,1,1,Undefined,Changeup,BallCalled,Undefined,Undefined,Undefined,0,0,,77.24986,-2.011272,4.139807,1720.166306,117.111907,10:00,6.19708,-1.98823,6.88481,-36.77943,10.8991,-17.87265,1.25882,0.37331,70.09536,-8.84039,0.936988,0.496973,,,,,,,,,,,,10.46119,6.73146,1.66406,50,6.01341,-7.42802,-111.75177,-5.01299,13.04191,22.7974,-23.78197,LI,YOR,CenterIslip,Independent,ATL,20250813-CenterIslip-1,a34dc270-78a3-11f0-a98f-87b1e365742a,75.84403,,,7.1545,,,,,,,62d3ce5c-e40a-498f-9f47-c00d00055be0,2025-08-14,00:14:25.37,2025-08-13T20:14:25.3712384-04:00,2025-08-14T00:14:25.3712384Z,,v3,1896,5435,,"Antonini, Aaron",689577,Right,LI,0a957cbc-fa67-4c68-a0b2-28fb3d39c45a,54.61213,-112.68872,11.3987,6.19935,-4.03558,-11.89098,1.98036,-7.96403,6.52095,,,,,,,,,,,,,,,,,,,,,,,,,,,,,,,,,,,,,,,,,,,,,,,,,,,High,High,High,,,,,
174,2025-08-13,20:14:38.65,3,4,"Hillman, Juan",663535,Left,LI,"Williams, Chris",675910,Right,YOR,Undefined,7,Top,2,2,1,Undefined,Sinker,InPlay,Undefined,LineDrive,Single,0,0,,86.33341,-1.892438,2.842694,1899.832252,131.99744,10:30,6.36662,-2.05218,6.64279,-23.07269,15.11765,-15.32615,2.67577,-0.67545,78.4231,-6.216106,0.106864,0.444783,107.54501,11.971813,-24.426102,2090.706723,97.98595,18.46469,-49.98729,271.00107,270.76293,-31.926971,2.298775,8.66434,8.62788,1.82085,50,6.1913,-5.5702,-125.10382,-4.87521,13.62298,27.09947,-18.60839,LI,YOR,CenterIslip,Independent,ATL,20250813-CenterIslip-1,ab344fe0-78a3-11f0-a98f-87b1e365742a,84.74343,19.5957,,7.91031,,,,1.64238,2.70218,0.72534,62d3ce5c-e40a-498f-9f47-c00d00055be0,2025-08-14,00:14:38.65,2025-08-13T20:14:38.6503168-04:00,2025-08-14T00:14:38.6503168Z,LineDrive,v3,1896,5435,,"Antonini, Aaron",689577,Right,LI,1c10d130-cd7e-4fd6-8d9f-f3c4e207e222,54.85529,-126.15117,13.54974,6.36581,-4.15602,-9.3042,2.0463,-6.09671,6.81149,109.901129,1.64238,140.49094,-26.54395,5.76852,-1.25424,0.23335,-0.03937,0.00506,-0.00034,2.70218,32.71852,-16.97348,1.19885,-0.12639,0.00868,0.00233,-0.00052,3E-05,0.72535,-63.80691,-2.57528,2.67528,-0.99703,0.28126,-0.0611,0.00897,-0.00063,,,,,,,,,,,,,,,,,,,,,,,High,High,High,High,High,,,
175,2025-08-13,20:15:28.96,4,1,"Hillman, Juan",663535,Left,LI,"Miller, Jalen",663692,Right,YOR,Undefined,7,Top,2,0,0,Undefined,Curveball,FoulBallNotFieldable,Undefined,Undefined,Undefined,0,0,,73.35124,-0.092993,1.463742,2078.796431,316.368096,4:30,6.4978,-1.99715,6.11654,-60.78826,-6.79811,8.21489,1.34449,0.06657,67.34237,-11.046415,2.921613,0.528845,,,,,,,,,,,,-3.66713,-2.92406,1.85264,50,6.44132,-3.02512,-106.38046,-2.18759,-4.15159,20.30505,-35.48441,LI,YOR,CenterIslip,Independent,ATL,20250813-CenterIslip-1,c93743d0-78a3-11f0-a98f-87b1e365742a,71.2731,,,6.00887,,,,,,,62d3ce5c-e40a-498f-9f47-c00d00055be0,2025-08-14,00:15:28.96,2025-08-13T20:15:28.9662464-04:00,2025-08-14T00:15:28.9662464Z,,v3,1896,5435,,"Antonini, Aaron",689577,Right,LI,b468c5f8-3c73-4d4a-8879-bb8014b3dc47,55.38416,-107.40323,10.15253,6.50649,-0.40023,-17.74221,1.99975,-2.816,-2.07579,,,,,,,,,,,,,,,,,,,,,,,,,,,,,,,,,,,,,,,,,,,,,,,,,,,High,High,High,,,,,
176,2025-08-13,20:16:00.78,4,2,"Hillman, Juan",663535,Left,LI,"Miller, Jalen",663692,Right,YOR,Undefined,7,Top,2,0,1,Undefined,Changeup,InPlay,Undefined,FlyBall,Out,1,0,,77.65366,-0.87626,2.349652,1373.634795,105.913331,9:30,6.34882,-1.97804,6.53019,-41.32408,6.53272,-16.63347,2.08528,-1.16651,70.16375,-8.495321,-0.618838,0.497901,70.82837,29.826861,0.361214,2585.861532,109.93312,44.06289,3.82974,251.48623,246.46259,2.638548,3.643906,9.20504,4.09366,1.78537,50,6.24542,-3.97142,-112.47233,-3.0383,11.56177,24.10017,-27.03229,LI,YOR,CenterIslip,Independent,ATL,20250813-CenterIslip-1,dc37eb60-78a3-11f0-a98f-87b1e365742a,75.70264,45.95739,,7.48991,,,,1.77141,2.12706,1.15859,62d3ce5c-e40a-498f-9f47-c00d00055be0,2025-08-14,00:16:00.78,2025-08-13T20:16:00.7892992-04:00,2025-08-14T00:16:00.7892992Z,FlyBall,v3,1896,5435,,"Antonini, Aaron",689577,Right,LI,c7769477-fecd-4d1d-b3d0-9abe41d6f86e,54.96672,-113.53159,12.05009,6.35285,-1.85016,-13.51614,1.9711,-4.47959,5.78088,193.647414,1.77179,90.10872,-11.04419,2.36826,-0.4144,0.0743,-0.02177,0.0052,-0.00048,2.12709,51.66525,-16.27894,0.66195,0.07307,-0.12984,0.05901,-0.01194,0.0009,1.15855,0.56923,1.41327,-0.3994,0.0821,-0.00945,-0.00039,0.00022,-2E-05,,,,,,,,,,,,,,,,,,,,,,,High,High,High,High,High,,,
177,2025-08-13,20:18:42.64,1,1,"Thurman, Grayson",806362,Right,YOR,"Viola, Troy",802112,Right,LI,Undefined,7,Bottom,0,0,0,Undefined,Four-Seam,BallCalled,Undefined,Undefined,Undefined,0,0,,89.68664,-4.427312,0.662864,2169.876527,194.397349,12:30,7.08533,-0.01821,7.1034,-9.95666,25.14222,6.11859,2.15286,1.1047,80.92947,-6.418039,1.764836,0.426401,,,,,,,,,,,,-2.91945,14.7182,-0.03575,50,6.73892,-1.76186,-129.7594,-10.20971,-4.90527,30.83261,-7.44448,LI,YOR,CenterIslip,Independent,ATL,20250813-CenterIslip-1,3ca325a0-78a4-11f0-a98f-87b1e365742a,88.39669,,,8.75716,,,,,,,62d3ce5c-e40a-498f-9f47-c00d00055be0,2025-08-14,00:18:42.64,2025-08-13T20:18:42.6413568-04:00,2025-08-14T00:18:42.6413568Z,,v3,1896,5435,,"Williams, Chris",675910,Right,YOR,5d14c304-46e5-402b-a494-5037af6a02cb,54.39135,-130.79869,15.41631,7.07883,-9.95878,-3.72224,0.02085,-1.59652,-2.45263,,,,,,,,,,,,,,,,,,,,,,,,,,,,,,,,,,,,,,,,,,,,,,,,,,,High,High,High,,,,,
178,2025-08-13,20:18:57.04,1,2,"Thurman, Grayson",806362,Right,YOR,"Viola, Troy",802112,Right,LI,Undefined,7,Bottom,0,1,0,Undefined,Four-Seam,BallCalled,Undefined,Undefined,Undefined,0,0,,89.26532,-1.512149,-0.125851,1834.356127,198.072632,12:30,7.08194,-0.04208,7.0693,-14.04796,21.47222,6.56516,4.51164,0.38856,79.94384,-4.27054,1.056385,0.428952,,,,,,,,,,,,-3.3852,11.90323,0.04859,50,6.95718,-0.00041,-129.38447,-3.73647,-5.61816,32.26837,-12.41921,LI,YOR,CenterIslip,Independent,ATL,20250813-CenterIslip-1,453c8850-78a4-11f0-a98f-87b1e365742a,87.87094,,,9.32148,,,,,,,62d3ce5c-e40a-498f-9f47-c00d00055be0,2025-08-14,00:18:57.04,2025-08-13T20:18:57.0447360-04:00,2025-08-14T00:18:57.0447360Z,,v3,1896,5435,,"Williams, Chris",675910,Right,YOR,555d6011-9709-4108-afc8-35163f96f1e9,54.42347,-130.48302,16.13418,7.07718,-3.31367,-6.2096,0.04535,0.19086,-2.80908,,,,,,,,,,,,,,,,,,,,,,,,,,,,,,,,,,,,,,,,,,,,,,,,,,,High,High,High,,,,,
179,2025-08-13,20:19:13.18,1,3,"Thurman, Grayson",806362,Right,YOR,"Viola, Troy",802112,Right,LI,Undefined,7,Bottom,0,2,0,Undefined,Four-Seam,StrikeSwinging,Undefined,Undefined,Undefined,0,0,,88.68135,-4.043511,-1.119006,2206.483261,196.31881,12:30,7.10029,0.16668,7.19922,-13.05331,22.43115,6.20492,2.27299,-0.34934,80.61798,-6.583176,0.000993,0.428737,,,,,,,,,,,,-3.53461,13.17414,-0.0855,50,6.78896,2.25562,-128.47359,-9.37555,-5.86465,28.42185,-10.31541,LI,YOR,CenterIslip,Independent,ATL,20250813-CenterIslip-1,4ed6b930-78a4-11f0-a98f-87b1e365742a,87.91515,,,8.06336,,,,,,,62d3ce5c-e40a-498f-9f47-c00d00055be0,2025-08-14,00:19:13.18,2025-08-13T20:19:13.1864064-04:00,2025-08-14T00:19:13.1864064Z,,v3,1896,5435,,"Williams, Chris",675910,Right,YOR,6a71c577-4b66-4976-9f32-bb43e1bce935,54.29703,-129.42072,14.21092,7.09566,-9.0318,-5.1577,-0.16393,2.45106,-2.93233,,,,,,,,,,,,,,,,,,,,,,,,,,,,,,,,,,,,,,,,,,,,,,,,,,,High,High,High,,,,,
180,2025-08-13,20:19:30.79,1,4,"Thurman, Grayson",806362,Right,YOR,"Viola, Troy",802112,Right,LI,Undefined,7,Bottom,0,2,1,Undefined,Four-Seam,BallCalled,Undefined,Undefined,Undefined,0,0,,89.65753,-5.142535,0.095858,2099.619142,186.226694,12:15,7.11796,-0.15062,7.18248,-12.3632,22.40367,2.31315,1.32627,0.13066,81.71847,-7.538644,0.513342,0.424379,,,,,,,,,,,,-1.16602,13.45568,0.14226,50,6.72237,-0.31219,-129.73597,-11.95374,-1.97672,28.49354,-9.36307,LI,YOR,CenterIslip,Independent,ATL,20250813-CenterIslip-1,59566810-78a4-11f0-a98f-87b1e365742a,88.81779,,,7.93907,,,,,,,62d3ce5c-e40a-498f-9f47-c00d00055be0,2025-08-14,00:19:30.79,2025-08-13T20:19:30.7950080-04:00,2025-08-14T00:19:30.7950080Z,,v3,1896,5435,,"Williams, Chris",675910,Right,YOR,2dc49c86-03ec-408e-9eb7-e4881776473d,54.3142,-130.68005,14.24677,7.11329,-11.64352,-4.68154,0.15152,-0.24669,-0.98836,,,,,,,,,,,,,,,,,,,,,,,,,,,,,,,,,,,,,,,,,,,,,,,,,,,High,High,High,,,,,
181,2025-08-13,20:19:46.48,1,5,"Thurman, Grayson",806362,Right,YOR,"Viola, Troy",802112,Right,LI,Undefined,7,Bottom,0,3,1,Undefined,Slider,BallCalled,Walk,Undefined,Undefined,0,0,,85.73081,-4.553876,0.726614,2067.568731,168.845489,11:45,7.03461,0.23081,7.59528,-27.38541,9.88182,-1.70933,0.57111,0.75412,78.84987,-9.65803,0.414981,0.439375,,,,,,,,,,,,1.11606,6.88406,-0.27973,50,6.71163,-1.51549,-124.29734,-10.67435,1.73938,25.79773,-21.44516,LI,YOR,CenterIslip,Independent,ATL,20250813-CenterIslip-1,62af9850-78a4-11f0-a98f-87b1e365742a,85.78657,,,6.88094,,,,,,,62d3ce5c-e40a-498f-9f47-c00d00055be0,2025-08-14,00:19:46.48,2025-08-13T20:19:46.4858112-04:00,2025-08-14T00:19:46.4858112Z,,v3,1896,5435,,"Williams, Chris",675910,Right,YOR,e084e252-63ce-41b6-8742-ac1a0a9308d6,53.90361,-125.1049,12.89887,7.03527,-10.00304,-10.72258,-0.23144,-1.56994,0.86969,,,,,,,,,,,,,,,,,,,,,,,,,,,,,,,,,,,,,,,,,,,,,,,,,,,High,High,High,,,,,
182,2025-08-13,20:20:34.60,2,1,"Thurman, Grayson",806362,Right,YOR,"Kaler, Kole",689179,Left,LI,Undefined,7,Bottom,0,0,0,Undefined,Changeup,StrikeCalled,Undefined,Undefined,Undefined,0,0,,81.34084,-1.671678,-0.655027,1731.054414,268.136695,3:00,6.97302,0.14136,6.92229,-41.11589,2.00563,11.13859,1.99493,0.46172,73.38863,-9.27219,1.351086,0.472627,,,,,,,,,,,,-5.90563,2.12429,-0.09508,50,6.81649,0.90839,-117.88153,-4.76813,-8.10973,27.43981,-29.25693,LI,YOR,CenterIslip,Independent,ATL,20250813-CenterIslip-1,7f688010-78a4-11f0-a98f-87b1e365742a,79.75097,,,7.95222,,,,,,,62d3ce5c-e40a-498f-9f47-c00d00055be0,2025-08-14,00:20:34.60,2025-08-13T20:20:34.6026496-04:00,2025-08-14T00:20:34.6026496Z,,v3,1896,5435,,"Williams, Chris",675910,Right,YOR,1d3c84b1-3841-4696-87f8-4397704cbd28,54.57294,-118.94123,13.71991,6.97882,-3.63825,-14.62847,-0.13621,1.22158,-4.05487,,,,,,,,,,,,,,,,,,,,,,,,,,,,,,,,,,,,,,,,,,,,,,,,,,,High,High,High,,,,,
183,2025-08-13,20:20:52.85,2,2,"Thurman, Grayson",806362,Right,YOR,"Kaler, Kole",689179,Left,LI,Undefined,7,Bottom,0,0,1,Undefined,Splitter,FoulBallNotFieldable,Undefined,Undefined,Undefined,0,0,,80.90309,-1.65193,-0.851281,794.589567,227.798942,1:30,7.03532,0.08199,6.87922,-41.52947,2.04768,0.45602,2.0398,-0.67064,73.1434,-9.317512,-0.76923,0.475117,,,,,,,,,,,,-0.52717,2.0626,-0.01351,50,6.87807,1.72499,-117.27047,-4.71221,-0.7176,26.82308,-29.36629,LI,YOR,CenterIslip,Independent,ATL,20250813-CenterIslip-1,8a420ec0-78a4-11f0-a98f-87b1e365742a,79.3329,,,7.75969,,,,,,,62d3ce5c-e40a-498f-9f47-c00d00055be0,2025-08-14,00:20:52.85,2025-08-13T20:20:52.8579072-04:00,2025-08-14T00:20:52.8579072Z,,v3,1896,5435,,"Williams, Chris",675910,Right,YOR,56cf7d2a-271f-4cec-b95c-2c2e999eb089,54.61746,-118.3219,13.41154,7.04022,-3.56109,-14.68315,-0.08168,1.75312,-0.3588,,,,,,,,,,,,,,,,,,,,,,,,,,,,,,,,,,,,,,,,,,,,,,,,,,,High,High,High,,,,,
184,2025-08-13,20:21:38.11,2,3,"Thurman, Grayson",806362,Right,YOR,"Kaler, Kole",689179,Left,LI,Undefined,7,Bottom,0,0,2,Undefined,Four-Seam,FoulBallNotFieldable,Undefined,Undefined,Undefined,0,0,,90.02294,-3.481122,0.259345,2190.935121,184.275085,12:15,7.10338,-0.05479,7.19088,-9.65075,25.17116,1.78122,3.08119,0.33309,80.73843,-5.439056,0.58076,0.424715,76.12465,15.404786,-158.923425,1091.81204,,,,,58.21894,,,-0.81181,14.39497,0.03454,50,6.8349,-0.66949,-130.28719,-8.0364,-1.36935,32.13678,-7.89261,LI,YOR,CenterIslip,Independent,ATL,20250813-CenterIslip-1,a51e4740-78a4-11f0-a98f-87b1e365742a,88.74757,15.06558,,9.28451,,,,0.71435,2.99377,-0.35923,62d3ce5c-e40a-498f-9f47-c00d00055be0,2025-08-14,00:21:38.11,2025-08-13T20:21:38.1165056-04:00,2025-08-14T00:21:38.1165056Z,,v3,1896,5435,,"Williams, Chris",675910,Right,YOR,f9de9959-16d4-48e6-9134-7e5a7fa58220,54.29909,-131.34333,16.06839,7.09474,-7.77702,-3.9463,0.0558,-0.62448,-0.68468,129.251919,0.71435,-100.43718,11.82952,-1.6692,0.3284,-0.059,0.00889,-0.00022,-0.00049,2.99377,29.65815,-16.21587,1.27262,-0.19948,0.04757,-0.00919,0.00237,-0.00061,-0.35923,-38.70831,8.6788,-0.94212,0.19282,-0.03364,0.0077,-0.003,0.00092,,,,,,,,,,,,,,,,,,,,,,,High,High,High,Medium,Undefined,,,
185,2025-08-13,20:22:09.40,2,4,"Thurman, Grayson",806362,Right,YOR,"Kaler, Kole",689179,Left,LI,Undefined,7,Bottom,0,0,2,Undefined,Splitter,BallCalled,Undefined,Undefined,Undefined,0,0,,81.93427,-3.449598,0.060186,766.212903,241.743051,2:00,7.06756,0.21342,6.72405,-33.80329,9.29359,14.10343,1.03376,1.44476,73.71188,-9.698877,2.589985,0.472492,,,,,,,,,,,,-7.09638,6.48115,-0.22695,50,6.75906,-0.70198,-118.46769,-8.22348,-9.8113,28.35493,-23.21337,LI,YOR,CenterIslip,Independent,ATL,20250813-CenterIslip-1,b7ec1f00-78a4-11f0-a98f-87b1e365742a,79.77373,,,8.22239,,,,,,,62d3ce5c-e40a-498f-9f47-c00d00055be0,2025-08-14,00:22:09.40,2025-08-13T20:22:09.4076928-04:00,2025-08-14T00:22:09.4076928Z,,v3,1896,5435,,"Williams, Chris",675910,Right,YOR,7432e3c8-5c67-4bd8-a0a7-7018838a2415,54.76927,-119.60376,14.17746,7.06991,-7.29342,-11.60669,-0.2067,-0.30888,-4.90565,,,,,,,,,,,,,,,,,,,,,,,,,,,,,,,,,,,,,,,,,,,,,,,,,,,High,High,High,,,,,
186,2025-08-13,20:22:28.95,2,5,"Thurman, Grayson",806362,Right,YOR,"Kaler, Kole",689179,Left,LI,Undefined,7,Bottom,0,1,2,Undefined,Four-Seam,BallCalled,Undefined,Undefined,Undefined,0,0,,88.88109,-5.255152,-0.570398,1958.135958,189.202374,12:15,7.10734,0.12014,7.30038,-15.72473,19.99422,3.01532,0.94128,-0.15414,80.05679,-8.284694,-0.024716,0.430151,,,,,,,,,,,,-1.76047,12.56934,-0.07965,50,6.7129,1.15747,-128.44247,-12.19969,-2.88157,31.61293,-11.60049,LI,YOR,CenterIslip,Independent,ATL,20250813-CenterIslip-1,c3894bd0-78a4-11f0-a98f-87b1e365742a,87.62606,,,8.8243,,,,,,,62d3ce5c-e40a-498f-9f47-c00d00055be0,2025-08-14,00:22:28.95,2025-08-13T20:22:28.9556992-04:00,2025-08-14T00:22:28.9556992Z,,v3,1896,5435,,"Williams, Chris",675910,Right,YOR,196a5299-ad64-4b4e-8c14-67486c98bf35,54.19513,-129.47088,15.80646,7.10363,-11.82231,-5.80024,-0.11883,1.25121,-1.44078,,,,,,,,,,,,,,,,,,,,,,,,,,,,,,,,,,,,,,,,,,,,,,,,,,,High,High,High,,,,,
187,2025-08-13,20:23:42.58,2,6,"Thurman, Grayson",806362,Right,YOR,"Kaler, Kole",689179,Left,LI,Undefined,7,Bottom,0,2,2,Undefined,Slider,BallCalled,Undefined,Undefined,Undefined,0,0,,75.45019,9.0833,2.493039,1403.371015,79.982073,8:45,7.09945,0.05296,6.59461,-52.15235,0.11315,-11.05595,11.31403,1.46075,66.09184,-0.507682,0.534516,0.52033,,,,,,,,,,,,6.23792,-2.30803,-0.2604,50,7.85354,-4.22882,-107.73871,15.56185,7.14978,23.05384,-34.81946,LI,YOR,CenterIslip,Independent,ATL,20250813-CenterIslip-1,ef5db1b0-78a4-11f0-a98f-87b1e365742a,72.43945,,,9.35834,,,,,,,62d3ce5c-e40a-498f-9f47-c00d00055be0,2025-08-14,00:23:42.58,2025-08-13T20:23:42.5869312-04:00,2025-08-14T00:23:42.5869312Z,,v3,1896,5435,,"Williams, Chris",675910,Right,YOR,0903b903-a01a-4077-9929-8bdc33ba5f57,54.8942,-108.78093,11.52692,7.11444,17.13596,-17.40973,-0.06192,-4.55204,3.57489,,,,,,,,,,,,,,,,,,,,,,,,,,,,,,,,,,,,,,,,,,,,,,,,,,,High,High,High,,,,,