PitchNo,Date,Time,PAofInning,PitchofPA,Pitcher,PitcherId,PitcherThrows,PitcherTeam,Batter,BatterId,BatterSide,BatterTeam,PitcherSet,Inning,Top/Bottom,Outs,Balls,Strikes,TaggedPitchType,AutoPitchType,PitchCall,KorBB,TaggedHitType,PlayResult,OutsOnPlay,RunsScored,Notes,RelSpeed,VertRelAngle,HorzRelAngle,SpinRate,SpinAxis,Tilt,RelHeight,RelSide,Extension,VertBreak,InducedVertBreak,HorzBreak,PlateLocHeight,PlateLocSide,ZoneSpeed,VertApprAngle,HorzApprAngle,ZoneTime,ExitSpeed,Angle,Direction,HitSpinRate,PositionAt110X,PositionAt110Y,PositionAt110Z,Distance,LastTrackedDistance,Bearing,HangTime,pfxx,pfxz,x0,y0,z0,vx0,vy0,vz0,ax0,ay0,az0,HomeTeam,AwayTeam,Stadium,Level,League,GameID,PitchUID,EffectiveVelo,MaxHeight,MeasuredDuration,SpeedDrop,PitchLastMeasuredX,PitchLastMeasuredY,PitchLastMeasuredZ,ContactPositionX,ContactPositionY,ContactPositionZ,GameUID,UTCDate,UTCTime,LocalDateTime,UTCDateTime,AutoHitType,System,HomeTeamForeignID,AwayTeamForeignID,GameForeignID,Catcher,CatcherId,CatcherThrows,CatcherTeam,PlayID,PitchTrajectoryXc0,PitchTrajectoryXc1,PitchTrajectoryXc2,PitchTrajectoryYc0,PitchTrajectoryYc1,PitchTrajectoryYc2,PitchTrajectoryZc0,PitchTrajectoryZc1,PitchTrajectoryZc2,HitSpinAxis,HitTrajectoryXc0,HitTrajectoryXc1,HitTrajectoryXc2,HitTrajectoryXc3,HitTrajectoryXc4,HitTrajectoryXc5,HitTrajectoryXc6,HitTrajectoryXc7,HitTrajectoryXc8,HitTrajectoryYc0,HitTrajectoryYc1,HitTrajectoryYc2,HitTrajectoryYc3,HitTrajectoryYc4,HitTrajectoryYc5,HitTrajectoryYc6,HitTrajectoryYc7,HitTrajectoryYc8,HitTrajectoryZc0,HitTrajectoryZc1,HitTrajectoryZc2,HitTrajectoryZc3,HitTrajectoryZc4,HitTrajectoryZc5,HitTrajectoryZc6,HitTrajectoryZc7,HitTrajectoryZc8,ThrowSpeed,PopTime,ExchangeTime,TimeToBase,CatchPositionX,CatchPositionY,CatchPositionZ,ThrowPositionX,ThrowPositionY,ThrowPositionZ,BasePositionX,BasePositionY,BasePositionZ,ThrowTrajectoryXc0,ThrowTrajectoryXc1,ThrowTrajectoryXc2,ThrowTrajectoryYc0,ThrowTrajectoryYc1,ThrowTrajectoryYc2,ThrowTrajectoryZc0,ThrowTrajectoryZc1,ThrowTrajectoryZc2,PitchReleaseConfidence,PitchLocationConfidence,PitchMovementConfidence,HitLaunchConfidence,HitLandingConfidence,CatcherThrowCatchConfidence,CatcherThrowReleaseConfidence,CatcherThrowLocationConfidence
1,2025-07-03,18:46:49.94,1,1,"Lebron, David",673933,Right,WES_POW,"Riddle, JT",595375,Left,LEX_LEG,Undefined,1,Top,0,0,0,Undefined,Four-Seam,FoulBallNotFieldable,Undefined,Undefined,Undefined,0,0,,87.70971,-1.505641,-1.439674,2120.910003,197.719345,12:30,6.14026,0.56139,5.15422,-16.17639,21.30804,6.40996,3.37411,-0.25998,79.81107,-4.570552,-0.305365,0.440653,,,,,,,,,,,,-3.63047,11.44406,-0.43211,50,5.98794,2.90922,-127.17068,-3.85277,-5.92364,26.96756,-13.50137,WES_POW,LEX_LEG,GoMart,Independent,ATL,20250703-GoMart-1,9bbb34c0-585f-11f0-b1d9-47d5dafa46c9,85.53766,,,7.89864,,,,,,,81cc797a-4601-4b1e-8094-3d1dc0b85384,2025-07-03,22:46:49.94,2025-07-03T18:46:49.9464704-04:00,2025-07-03T22:46:49.9464704Z,,v3,525,495,,"Lopez, B.J.",625439,Right,WES_POW,810baade-e190-4ed9-b312-db25f9666464,55.34417,-128.29895,13.48378,6.13731,-3.2879,-6.75069,-0.55901,3.15705,-2.96182,,,,,,,,,,,,,,,,,,,,,,,,,,,,,,,,,,,,,,,,,,,,,,,,,,,High,High,High,,,,,
2,2025-07-03,18:47:12.05,1,2,"Lebron, David",673933,Right,WES_POW,"Riddle, JT",595375,Left,LEX_LEG,Undefined,1,Top,0,0,1,Undefined,Four-Seam,BallCalled,Undefined,Undefined,Undefined,0,0,,88.34221,-1.760884,-2.390452,2222.87571,199.229865,12:45,6.14245,0.32479,4.92905,-17.743,19.87859,6.46178,2.99735,-1.3977,79.75672,-5.103874,-1.252646,0.441459,,,,,,,,,,,,-3.90819,10.72434,-0.09755,50,5.95702,5.02518,-127.79328,-4.51856,-6.39293,28.99892,-14.63142,WES_POW,LEX_LEG,GoMart,Independent,ATL,20250703-GoMart-1,a8d71250-585f-11f0-b1d9-47d5dafa46c9,85.38159,,,8.58549,,,,,,,81cc797a-4601-4b1e-8094-3d1dc0b85384,2025-07-03,22:47:12.05,2025-07-03T18:47:12.0595968-04:00,2025-07-03T22:47:12.0595968Z,,v3,525,495,,"Lopez, B.J.",625439,Right,WES_POW,9f4af5ce-54c8-4fc6-afbd-c38190d66566,55.56561,-129.05005,14.49946,6.13911,-3.88446,-7.31571,-0.32134,5.30224,-3.19646,,,,,,,,,,,,,,,,,,,,,,,,,,,,,,,,,,,,,,,,,,,,,,,,,,,High,High,High,,,,,
3,2025-07-03,18:47:47.63,1,3,"Lebron, David",673933,Right,WES_POW,"Riddle, JT",595375,Left,LEX_LEG,Undefined,1,Top,0,1,1,Undefined,,FoulBallNotFieldable,Undefined,Undefined,Undefined,0,0,,,,,,,,,,,,,,,,,,,,,,,,,,,,,,,,,,,,,,,,,,WES_POW,LEX_LEG,GoMart,Independent,ATL,20250703-GoMart-1,b6d623f0-585f-11f0-b1d9-47d5dafa46c9,,,,,,,,,,,81cc797a-4601-4b1e-8094-3d1dc0b85384,2025-07-03,22:47:47.63,2025-07-03T18:47:47.6300000-04:00,2025-07-03T22:47:47.6300000Z,,v3,525,495,,"Lopez, B.J.",625439,Right,WES_POW,,,,,,,,,,,,,,,,,,,,,,,,,,,,,,,,,,,,,,,,,,,,,,,,,,,,,,,,,,,,,,,,,,,,
4,2025-07-03,18:47:48.63,1,4,"Lebron, David",673933,Right,WES_POW,"Riddle, JT",595375,Left,LEX_LEG,Undefined,1,Top,0,1,2,Undefined,Four-Seam,FoulBallNotFieldable,Undefined,Undefined,Undefined,0,0,,89.62217,-2.806357,-1.239837,2240.642742,198.12264,12:30,6.10036,0.46222,5.11062,-13.74398,22.40194,6.91973,2.30837,-0.12939,81.29878,-5.432966,-0.016147,0.432714,70.10663,71.095967,-132.520611,4167.902772,,,,,13.03889,,,-3.82162,12.35871,-0.35114,50,5.82598,2.48728,-129.77536,-6.77651,-6.47077,28.97222,-11.24834,WES_POW,LEX_LEG,GoMart,Independent,ATL,20250703-GoMart-1,bebe8620-585f-11f0-b1d9-47d5dafa46c9,87.10703,37.69294,,8.3234,,,,1.41426,2.50621,0.12853,81cc797a-4601-4b1e-8094-3d1dc0b85384,2025-07-03,22:47:48.63,2025-07-03T18:47:48.6300000-04:00,2025-07-03T22:47:48.6300000Z,,v3,525,495,,"Lopez, B.J.",625439,Right,WES_POW,57064f26-3960-491b-9a5a-a04b32214a96,55.38683,-130.97245,14.48611,6.09638,-6.31175,-5.62417,-0.45944,2.75464,-3.23539,13.109563,1.42411,-22.83845,-5.43647,,,,,,,2.5182,96.8877,-27.68628,,,,,,,0.12731,-24.51365,2.40335,,,,,,,,,,,,,,,,,,,,,,,,,,,,,High,High,High,High,Undefined,,,
5,2025-07-03,18:48:07.51,1,5,"Lebron, David",673933,Right,WES_POW,"Riddle, JT",595375,Left,LEX_LEG,Undefined,1,Top,0,1,2,Undefined,Changeup,FoulBallNotFieldable,Undefined,Undefined,Undefined,0,0,,76.63415,-0.702907,-0.783813,1875.910365,232.637416,1:45,6.08475,0.29081,4.7192,-37.31427,13.25906,14.89198,2.30811,0.78796,69.17829,-7.531942,1.834112,0.511838,71.6328,28.651701,-40.477803,3511.275733,80.18866,40.15323,-75.2979,222.68148,186.79231,-46.23362,3.354117,-7.55898,7.26343,-0.22577,50,5.98148,0.89368,-110.89468,-2.6323,-9.24833,23.06791,-23.28733,WES_POW,LEX_LEG,GoMart,Independent,ATL,20250703-GoMart-1,ca05a3b0-585f-11f0-b1d9-47d5dafa46c9,73.6414,40.68428,,7.45586,,,,0.41357,2.27728,-0.81115,81cc797a-4601-4b1e-8094-3d1dc0b85384,2025-07-03,22:48:07.51,2025-07-03T18:48:07.5130000-04:00,2025-07-03T22:48:07.5130000Z,FlyBall,v3,525,495,,"Lopez, B.J.",625439,Right,WES_POW,2d728b3a-345c-4320-acf4-e3c7e7b3ab34,55.7764,-112.08982,11.53396,6.0866,-1.42579,-11.64367,-0.28448,1.37284,-4.62417,,0.41322,70.14236,-12.11703,2.58003,-0.69959,0.2437,-0.07213,0.01224,-0.00083,2.27765,50.36366,-18.27075,1.39116,-0.15498,-0.02602,0.01402,-0.00149,-2E-05,-0.81096,-59.85604,6.18158,-1.33902,0.34629,-0.10762,0.02786,-0.00425,0.00026,,,,,,,,,,,,,,,,,,,,,,,High,High,High,High,Medium,,,
6,2025-07-03,18:48:42.81,1,6,"Lebron, David",673933,Right,WES_POW,"Riddle, JT",595375,Left,LEX_LEG,Undefined,1,Top,0,1,2,Undefined,Changeup,FoulBallNotFieldable,Undefined,Undefined,Undefined,0,0,,76.63152,-0.888262,-1.202489,1850.539065,216.568182,1:15,5.99395,0.13968,5.06132,-36.00762,13.68639,8.83075,2.15545,-0.25852,69.50757,-7.510714,0.359474,0.507368,,,,,,,,,,,,-4.81091,7.56965,-0.0329,50,5.88153,1.98254,-111.01711,-2.88871,-5.92457,22.33042,-22.85211,WES_POW,LEX_LEG,GoMart,Independent,ATL,20250703-GoMart-1,df0fafd0-585f-11f0-b1d9-47d5dafa46c9,74.29009,,,7.12395,,,,,,,81cc797a-4601-4b1e-8094-3d1dc0b85384,2025-07-03,22:48:42.81,2025-07-03T18:48:42.8140000-04:00,2025-07-03T22:48:42.8140000Z,,v3,525,495,,"Lopez, B.J.",625439,Right,WES_POW,79856d1a-a8d5-4b45-b153-75403c0bfe76,55.43641,-112.10527,11.16521,5.99517,-1.77512,-11.42606,-0.13655,2.27125,-2.96229,,,,,,,,,,,,,,,,,,,,,,,,,,,,,,,,,,,,,,,,,,,,,,,,,,,High,High,High,,,,,
7,2025-07-03,18:49:04.51,1,7,"Lebron, David",673933,Right,WES_POW,"Riddle, JT",595375,Left,LEX_LEG,Undefined,1,Top,0,1,2,Undefined,Curveball,BallCalled,Undefined,Undefined,Undefined,0,0,,73.68465,1.354128,-0.065102,2686.514422,58.911784,8:00,6.11905,0.1814,4.64088,-62.5731,-7.49331,-15.84383,2.19171,-1.20079,66.61242,-9.900962,-2.850034,0.534155,,,,,,,,,,,,7.68689,-3.49406,-0.15938,50,6.20066,0.77144,-106.63255,0.28151,8.64934,22.22181,-36.1056,WES_POW,LEX_LEG,GoMart,Independent,ATL,20250703-GoMart-1,ebe9a260-585f-11f0-b1d9-47d5dafa46c9,70.56457,,,7.07222,,,,,,,81cc797a-4601-4b1e-8094-3d1dc0b85384,2025-07-03,22:49:04.51,2025-07-03T18:49:04.5190000-04:00,2025-07-03T22:49:04.5190000Z,,v3,525,495,,"Lopez, B.J.",625439,Right,WES_POW,b4908948-405f-47e5-b459-2e9badc655bf,55.85786,-107.84639,11.1109,6.13141,2.25374,-18.0528,-0.18862,0.29897,4.32467,,,,,,,,,,,,,,,,,,,,,,,,,,,,,,,,,,,,,,,,,,,,,,,,,,,High,High,High,,,,,
8,2025-07-03,18:49:22.01,1,8,"Lebron, David",673933,Right,WES_POW,"Riddle, JT",595375,Left,LEX_LEG,Undefined,1,Top,0,2,2,Undefined,Four-Seam,BallCalled,Undefined,Undefined,Undefined,0,0,,89.11303,-0.406491,-1.096888,2219.389224,183.120178,12:00,6.14838,0.30763,5.17863,-11.13516,25.55379,1.31996,4.83789,-0.61459,80.00185,-2.610588,-0.863238,0.435952,,,,,,,,,,,,-0.99925,13.14457,-0.20663,50,6.10276,2.40681,-129.02501,-1.15925,-1.65993,30.49293,-10.33849,WES_POW,LEX_LEG,GoMart,Independent,ATL,20250703-GoMart-1,f6474a50-585f-11f0-b1d9-47d5dafa46c9,86.45999,,,9.11118,,,,,,,81cc797a-4601-4b1e-8094-3d1dc0b85384,2025-07-03,22:49:22.01,2025-07-03T18:49:22.0170000-04:00,2025-07-03T22:49:22.0170000Z,,v3,525,495,,"Lopez, B.J.",625439,Right,WES_POW,193624dd-19a8-4cd6-ad01-e3ae105384fd,55.31385,-130.2748,15.24647,6.14159,-0.73552,-5.16925,-0.30667,2.47484,-0.82997,,,,,,,,,,,,,,,,,,,,,,,,,,,,,,,,,,,,,,,,,,,,,,,,,,,High,High,High,,,,,
9,2025-07-03,18:49:37.53,1,9,"Lebron, David",673933,Right,WES_POW,"Riddle, JT",595375,Left,LEX_LEG,Undefined,1,Top,0,3,2,Undefined,Four-Seam,FoulBallNotFieldable,Undefined,Undefined,Undefined,0,0,,89.67466,-1.160761,-1.508558,2206.466897,186.990849,12:15,6.0932,0.20662,5.163,-12.70646,23.60214,2.7289,3.94129,-0.98616,80.49111,-3.637701,-1.02575,0.433687,80.46837,-1.010527,177.139175,1734.146785,,,,98.97493,49.20957,179.647637,1.004275,-1.80567,12.35879,-0.0679,50,5.97549,3.28029,-129.73761,-2.94042,-3.03305,30.81,-11.41476,WES_POW,LEX_LEG,GoMart,Independent,ATL,20250703-GoMart-1,ff8a8190-585f-11f0-b1d9-47d5dafa46c9,86.91166,4.55564,,9.18355,,,,,,,81cc797a-4601-4b1e-8094-3d1dc0b85384,2025-07-03,22:49:37.53,2025-07-03T18:49:37.5370000-04:00,2025-07-03T22:49:37.5370000Z,GroundBall,v3,525,495,,"Lopez, B.J.",625439,Right,WES_POW,6159643d-9f64-466b-aaf7-295b14dc8d2c,55.32655,-130.99644,15.405,6.0861,-2.47404,-5.70738,-0.20445,3.40421,-1.51653,202.579519,5.92576,-116.58033,12.16463,,,,,,,4.47488,-0.96492,-3.4063,,,,,,,0.52337,5.09794,-5.04263,,,,,,,,,,,,,,,,,,,,,,,,,,,,,High,High,High,Low,Low,,,
10,2025-07-03,18:49:58.75,1,10,"Lebron, David",673933,Right,WES_POW,"Riddle, JT",595375,Left,LEX_LEG,Undefined,1,Top,0,3,2,Undefined,Slider,StrikeSwinging,Strikeout,Undefined,Undefined,0,0,,82.92239,-1.978291,-0.503078,2287.469228,84.766727,8:45,5.99578,-0.01976,5.30405,-40.72671,0.74284,-5.70185,0.74398,-0.96719,76.62186,-9.349868,-1.518181,0.463485,,,,,,,,,,,,2.75606,1.22535,0.06985,50,5.7861,1.28858,-120.3807,-5.61959,4.04882,23.12419,-30.37395,WES_POW,LEX_LEG,GoMart,Independent,ATL,20250703-GoMart-1,0c4bbc00-5860-11f0-b1d9-47d5dafa46c9,81.3239,,,6.30053,,,,,,,81cc797a-4601-4b1e-8094-3d1dc0b85384,2025-07-03,22:49:58.75,2025-07-03T18:49:58.7590000-04:00,2025-07-03T22:49:58.7590000Z,,v3,525,495,,"Lopez, B.J.",625439,Right,WES_POW,4d980f71-c96d-4077-bd11-f8cdf3fc0390,55.19709,-121.37491,11.56209,5.99963,-4.31368,-15.18698,0.01819,1.1145,2.02441,,,,,,,,,,,,,,,,,,,,,,,,,,,,,65.75475,,,1.060596,,,,0.92402,4.42693,-1.1284,80.59299,6.75162,-44.42256,0.96372,80.95712,-5.5461,4.49684,19.21102,-16.11656,-1.19265,-46.85568,5.75466,High,High,High,,,High,Medium,High
11,2025-07-03,18:50:26.99,2,1,"Lebron, David",673933,Right,WES_POW,"Rock, Dylan",676423,Right,LEX_LEG,Undefined,1,Top,1,0,0,Undefined,Four-Seam,StrikeCalled,Undefined,Undefined,Undefined,0,0,,90.21364,-2.740502,-1.131843,2146.050343,192.735478,12:30,6.10383,0.25611,5.10306,-14.52954,21.22918,4.51166,2.30832,-0.43454,81.67293,-5.506856,-0.334027,0.43039,,,,,,,,,,,,-2.58177,11.74288,-0.15303,50,5.83459,2.36607,-130.59043,-6.70102,-4.41802,29.82855,-12.07936,WES_POW,LEX_LEG,GoMart,Independent,ATL,20250703-GoMart-1,1d1bc7f0-5860-11f0-b1d9-47d5dafa46c9,87.57738,,,8.54071,,,,,,,81cc797a-4601-4b1e-8094-3d1dc0b85384,2025-07-03,22:50:26.99,2025-07-03T18:50:26.9900000-04:00,2025-07-03T22:50:26.9900000Z,,v3,525,495,,"Lopez, B.J.",625439,Right,WES_POW,eaec635a-1b9b-4084-8306-bcfaaf00e180,55.39301,-131.81651,14.91428,6.09983,-6.2045,-6.03968,-0.25402,2.54767,-2.20901,,,,,,,,,,,,,,,,,,,,,,,,,,,,,,,,,,,,,,,,,,,,,,,,,,,High,High,High,,,,,
12,2025-07-03,18:50:41.57,2,2,"Lebron, David",673933,Right,WES_POW,"Rock, Dylan",676423,Right,LEX_LEG,Undefined,1,Top,1,0,1,Undefined,Four-Seam,StrikeSwinging,Undefined,Undefined,Undefined,0,0,,88.76912,-2.440371,-0.10176,2213.902219,186.900472,12:15,6.10065,0.31586,5.22123,-14.71296,21.84005,2.49386,2.57877,0.428,80.77032,-5.240464,0.340288,0.435144,,,,,,,,,,,,-1.27228,11.96678,-0.30841,50,5.86502,0.11405,-128.6512,-5.92386,-2.12391,27.67504,-12.19729,WES_POW,LEX_LEG,GoMart,Independent,ATL,20250703-GoMart-1,25b06fb0-5860-11f0-b1d9-47d5dafa46c9,86.62062,,,7.99879,,,,,,,81cc797a-4601-4b1e-8094-3d1dc0b85384,2025-07-03,22:50:41.57,2025-07-03T18:50:41.5750000-04:00,2025-07-03T22:50:41.5750000Z,,v3,525,495,,"Lopez, B.J.",625439,Right,WES_POW,f435f479-7710-40f3-bde5-10ec38d62f50,55.27547,-129.78108,13.83752,6.09671,-5.42588,-6.09865,-0.31484,0.20076,-1.06195,,,,,,,,,,,,,,,,,,,,,,,,,,,,,,,,,,,,,,,,,,,,,,,,,,,High,High,High,,,,,
13,2025-07-03,18:50:58.69,2,3,"Lebron, David",673933,Right,WES_POW,"Rock, Dylan",676423,Right,LEX_LEG,Undefined,1,Top,1,0,2,Undefined,Four-Seam,FoulBallNotFieldable,Undefined,Undefined,Undefined,0,0,,89.00298,-2.149424,-1.317821,2261.248639,185.430729,12:15,6.12859,0.20625,5.06909,-13.47611,23.32545,2.09276,2.97753,-0.86208,80.42844,-4.741932,-0.948127,0.436621,75.22775,45.524241,131.460094,4712.865011,,,,,41.07354,,,-1.44732,12.62879,-0.08291,50,5.91484,2.86702,-128.869,-5.22933,-2.40827,29.41484,-11.16056,WES_POW,LEX_LEG,GoMart,Independent,ATL,20250703-GoMart-1,3004a1c0-5860-11f0-b1d9-47d5dafa46c9,86.32763,38.03634,,8.57454,,,,0.67291,3.14775,0.88236,81cc797a-4601-4b1e-8094-3d1dc0b85384,2025-07-03,22:50:58.69,2025-07-03T18:50:58.6990000-04:00,2025-07-03T22:50:58.6990000Z,,v3,525,495,,"Lopez, B.J.",625439,Right,WES_POW,d477956c-f546-47f0-883e-716f2d3f4e82,55.42744,-130.10194,14.70742,6.12423,-4.76153,-5.58028,-0.2052,2.96797,-1.20414,,0.67291,-51.18067,-1.35071,1.89066,-0.60823,0.17443,-0.04131,0.00977,-0.00154,3.14775,78.72839,-30.16671,4.31508,-0.94637,0.18652,-0.0339,0.00626,-0.00051,0.88236,57.93048,-8.56399,0.63402,0.00837,-0.05331,0.02007,-0.00874,0.00274,,,,,,,,,,,,,,,,,,,,,,,High,High,High,High,Undefined,,,
14,2025-07-03,18:51:17.22,2,4,"Lebron, David",673933,Right,WES_POW,"Rock, Dylan",676423,Right,LEX_LEG,Undefined,1,Top,1,0,2,Undefined,Slider,BallCalled,Undefined,Undefined,Undefined,0,0,,83.55535,-2.265022,-1.229045,2341.782098,123.731559,10:00,5.99937,-0.08629,5.31,-34.72211,6.36174,-7.53189,0.97823,-1.86775,76.68623,-8.590612,-2.568219,0.461325,,,,,,,,,,,,3.42374,4.24685,0.20343,50,5.76877,2.91737,-121.14078,-6.0272,5.07012,24.4273,-25.88495,WES_POW,LEX_LEG,GoMart,Independent,ATL,20250703-GoMart-1,3b182c30-5860-11f0-b1d9-47d5dafa46c9,81.70473,,,6.86912,,,,,,,81cc797a-4601-4b1e-8094-3d1dc0b85384,2025-07-03,22:51:17.22,2025-07-03T18:51:17.2250000-04:00,2025-07-03T22:51:17.2250000Z,,v3,525,495,,"Lopez, B.J.",625439,Right,WES_POW,7eddfa65-ce22-4d6a-8c08-ef7517b960ee,55.18808,-122.18245,12.21365,6.00226,-4.92337,-12.94248,0.08363,2.70116,2.53506,,,,,,,,,,,,,,,,,,,,,,,,,,,,,,,,,,,,,,,,,,,,,,,,,,,High,High,High,,,,,
15,2025-07-03,18:51:33.26,2,5,"Lebron, David",673933,Right,WES_POW,"Rock, Dylan",676423,Right,LEX_LEG,Undefined,1,Top,1,1,2,Undefined,Four-Seam,FoulBallNotFieldable,Undefined,Undefined,Undefined,0,0,,90.29398,-1.638355,-1.507689,2199.124863,188.49039,12:15,6.10221,0.48321,4.94199,-16.01599,20.17985,2.80791,3.21824,-0.70799,80.97326,-4.685749,-1.012807,0.433013,84.14211,41.10804,47.055431,5476.33499,,,,,105.19337,,,-1.88764,10.89764,-0.33921,50,5.9309,3.30207,-130.6123,-4.25958,-3.20092,32.22611,-13.69484,WES_POW,LEX_LEG,GoMart,Independent,ATL,20250703-GoMart-1,449f4a40-5860-11f0-b1d9-47d5dafa46c9,87.04697,82.50597,,9.32072,,,,0.84694,3.79279,0.40123,81cc797a-4601-4b1e-8094-3d1dc0b85384,2025-07-03,22:51:33.26,2025-07-03T18:51:33.2640000-04:00,2025-07-03T22:51:33.2640000Z,,v3,525,495,,"Lopez, B.J.",625439,Right,WES_POW,fe360658-df07-4759-a134-92ac94c5580f,55.55315,-131.97532,16.11305,6.09881,-3.68034,-6.84742,-0.48173,3.43745,-1.60046,,0.84692,63.35203,-17.05993,4.85243,-2.0727,1.84998,-1.34664,0.53206,-0.0853,3.7928,81.13636,-19.53342,1.02434,0.75364,-1.39811,1.12545,-0.45397,0.0732,0.40123,68.0661,-9.77477,2.13968,-0.47793,0.20129,-0.11507,0.04264,-0.00673,,,,,,,,,,,,,,,,,,,,,,,High,High,High,Medium,Undefined,,,
16,2025-07-03,18:51:56.43,2,6,"Lebron, David",673933,Right,WES_POW,"Rock, Dylan",676423,Right,LEX_LEG,Undefined,1,Top,1,1,2,Undefined,Changeup,FoulBallNotFieldable,Undefined,Undefined,Undefined,0,0,,76.37916,-0.045012,-0.270057,1917.585895,235.351385,1:45,6.06334,-0.09157,4.68423,-39.49809,12.01481,14.37438,2.72909,0.84985,68.21324,-7.294838,2.254565,0.51657,83.46244,4.279586,-80.32928,3096.76548,,,,132.94903,78.667,-81.86799,1.197026,-7.19827,6.44032,0.10496,50,6.0243,-0.07486,-110.41282,-1.43048,-8.62658,25.00475,-24.45582,WES_POW,LEX_LEG,GoMart,Independent,ATL,20250703-GoMart-1,5274b3d0-5860-11f0-b1d9-47d5dafa46c9,72.96673,5.39027,,8.16592,,,,4.056,3.46728,-0.90397,81cc797a-4601-4b1e-8094-3d1dc0b85384,2025-07-03,22:51:56.43,2025-07-03T18:51:56.4390000-04:00,2025-07-03T22:51:56.4390000Z,GroundBall,v3,525,495,,"Lopez, B.J.",625439,Right,WES_POW,a1d653a6-c5de-4a11-baef-6ed6ba98d3e3,55.81152,-111.72118,12.50238,6.06567,-0.15084,-12.22791,0.09707,0.37653,-4.31329,,4.05601,20.50377,-7.18537,0.055,0.85958,-1.38276,1.0968,-0.39028,0.04526,3.46727,9.13709,-11.35755,1.47005,-0.98528,1.34296,-0.98966,0.30624,-0.02339,-0.90398,-120.33234,10.64836,-1.08544,-0.88414,1.91432,-1.6438,0.64009,-0.08844,,,,,,,,,,,,,,,,,,,,,,,High,High,High,Medium,Medium,,,
17,2025-07-03,18:52:17.82,2,7,"Lebron, David",673933,Right,WES_POW,"Rock, Dylan",676423,Right,LEX_LEG,Undefined,1,Top,1,1,2,Undefined,Slider,StrikeSwinging,Strikeout,Undefined,Undefined,0,0,,82.61545,-2.640029,0.099513,2344.912925,132.558002,10:30,6.0807,0.09848,5.27635,-35.10195,6.45898,-5.73166,0.6742,-0.28569,76.77695,-8.998153,-0.919955,0.463996,,,,,,,,,,,,2.93162,4.23421,-0.10309,50,5.81352,0.02315,-119.9537,-6.76919,4.31024,21.22934,-25.94864,WES_POW,LEX_LEG,GoMart,Independent,ATL,20250703-GoMart-1,5f3244c0-5860-11f0-b1d9-47d5dafa46c9,81.23446,,,5.8385,,,,,,,81cc797a-4601-4b1e-8094-3d1dc0b85384,2025-07-03,22:52:17.82,2025-07-03T18:52:17.8260000-04:00,2025-07-03T22:52:17.8260000Z,,v3,525,495,,"Lopez, B.J.",625439,Right,WES_POW,e1fabd0f-c676-481f-9743-7c4286fcd1ea,55.22479,-120.87484,10.61467,6.08281,-5.64327,-12.97432,-0.10004,-0.16387,2.15512,,,,,,,,,,,,,,,,,,,,,,,,,,,,,62.87346,,,1.04707,,,,4.80407,4.42971,-0.90293,74.53167,6.10254,-50.46761,4.82507,71.24085,-4.45238,4.53891,19.4022,-17.06887,-0.97811,-53.67832,6.10329,High,High,High,,,High,Medium,High
18,2025-07-03,18:52:52.27,3,1,"Lebron, David",673933,Right,WES_POW,"Whalen, Brady",669714,Left,LEX_LEG,Undefined,1,Top,2,0,0,Undefined,Four-Seam,BallCalled,Undefined,Undefined,Undefined,0,0,,89.9415,-4.176521,-0.992473,2325.050147,186.311625,12:15,6.03688,0.55771,5.24542,-13.43981,22.4158,2.33791,0.98439,-0.18024,81.5784,-6.744332,-0.577945,0.430973,,,,,,,,,,,,-1.48008,12.88709,-0.46842,50,5.64354,2.14742,-130.07817,-9.89737,-2.51281,29.6078,-10.2951,WES_POW,LEX_LEG,GoMart,Independent,ATL,20250703-GoMart-1,73b71b50-5860-11f0-b1d9-47d5dafa46c9,87.45897,,,8.3631,,,,,,,81cc797a-4601-4b1e-8094-3d1dc0b85384,2025-07-03,22:52:52.27,2025-07-03T18:52:52.2750000-04:00,2025-07-03T22:52:52.2750000Z,,v3,525,495,,"Lopez, B.J.",625439,Right,WES_POW,fa180860-ab96-4b2b-9339-aaa39c16d6f5,55.25268,-131.26831,14.8039,6.03306,-9.48353,-5.14755,-0.55677,2.24844,-1.25641,,,,,,,,,,,,,,,,,,,,,,,,,,,,,,,,,,,,,,,,,,,,,,,,,,,High,High,High,,,,,
19,2025-07-03,18:53:05.77,3,2,"Lebron, David",673933,Right,WES_POW,"Whalen, Brady",669714,Left,LEX_LEG,Undefined,1,Top,2,1,0,Undefined,Four-Seam,StrikeCalled,Undefined,Undefined,Undefined,0,0,,90.20969,-3.547012,-0.642704,2337.418185,187.782431,12:15,6.088,0.28751,5.16285,-12.91339,22.7682,2.93937,1.66893,-0.07249,81.79546,-6.02316,-0.122308,0.429926,,,,,,,,,,,,-1.6552,12.76863,-0.22991,50,5.74766,1.32621,-130.53553,-8.46309,-2.83347,29.4966,-10.31607,WES_POW,LEX_LEG,GoMart,Independent,ATL,20250703-GoMart-1,7bc6dba0-5860-11f0-b1d9-47d5dafa46c9,87.672,,,8.41423,,,,,,,81cc797a-4601-4b1e-8094-3d1dc0b85384,2025-07-03,22:53:05.77,2025-07-03T18:53:05.7780000-04:00,2025-07-03T22:53:05.7780000Z,,v3,525,495,,"Lopez, B.J.",625439,Right,WES_POW,593229d7-154a-414c-a918-7519848194ee,55.33355,-131.73522,14.7483,6.08334,-8.04351,-5.15803,-0.2862,1.44146,-1.41674,,,,,,,,,,,,,,,,,,,,,,,,,,,,,,,,,,,,,,,,,,,,,,,,,,,High,High,High,,,,,
20,2025-07-03,18:53:24.49,3,3,"Lebron, David",673933,Right,WES_POW,"Whalen, Brady",669714,Left,LEX_LEG,Undefined,1,Top,2,1,1,Undefined,Changeup,InPlay,Undefined,LineDrive,Single,0,0,,76.00143,0.825202,-0.64113,1850.384826,248.065489,2:15,6.02191,0.08931,4.79939,-41.90262,9.46941,18.72903,3.31205,1.04253,68.38067,-6.846029,2.654297,0.515863,87.62426,16.90401,-9.549855,2093.705645,107.60139,26.75084,-22.84551,270.54564,269.27406,-14.263625,2.931448,-9.44213,4.90516,-0.04283,50,6.06853,0.46067,-109.99094,0.15844,-11.33233,23.2007,-26.28692,WES_POW,LEX_LEG,GoMart,Independent,ATL,20250703-GoMart-1,86fa2310-5860-11f0-b1d9-47d5dafa46c9,73.06669,28.64068,,7.62076,,,,1.47269,3.31062,-1.01872,81cc797a-4601-4b1e-8094-3d1dc0b85384,2025-07-03,22:53:24.49,2025-07-03T18:53:24.4970000-04:00,2025-07-03T22:53:24.4970000Z,LineDrive,v3,525,495,,"Lopez, B.J.",625439,Right,WES_POW,60b1c2a5-700a-4d10-8350-24173d843c50,55.69723,-111.18618,11.60035,6.02549,1.51267,-13.14346,-0.0816,1.04448,-5.66616,143.915892,1.47275,121.25608,-18.17452,3.9081,-0.69809,0.05255,0.01908,-0.00719,0.00082,3.31053,37.37233,-14.18268,0.24638,-0.01703,0.08184,-0.04843,0.01329,-0.0014,-1.01872,-20.4003,-2.43718,1.28822,-0.41747,0.10265,-0.02009,0.00262,-0.00016,,,,,,,,,,,,,,,,,,,,,,,High,High,High,High,High,,,
21,2025-07-03,18:54:03.39,4,1,"Lebron, David",673933,Right,WES_POW,"Terry, Curtis",663799,Right,LEX_LEG,Undefined,1,Top,2,0,0,Undefined,Four-Seam,BallCalled,Undefined,Undefined,Undefined,0,0,,89.48649,-3.372667,-0.173264,2326.706763,187.330299,12:15,6.10849,0.36608,5.06939,-17.25584,19.41607,2.32004,1.48694,0.39605,80.59644,-6.626197,0.23699,0.435851,,,,,,,,,,,,-1.20965,11.13571,-0.35157,50,5.77535,0.28223,-129.38115,-8.19177,-2.0166,31.14474,-13.60963,WES_POW,LEX_LEG,GoMart,Independent,ATL,20250703-GoMart-1,9e1d7240-5860-11f0-b1d9-47d5dafa46c9,86.48008,,,8.89005,,,,,,,81cc797a-4601-4b1e-8094-3d1dc0b85384,2025-07-03,22:54:03.39,2025-07-03T18:54:03.3970000-04:00,2025-07-03T22:54:03.3970000Z,,v3,525,495,,"Lopez, B.J.",625439,Right,WES_POW,abeff322-1e2d-4e62-ad08-d2b1f09ba18e,55.42627,-130.68084,15.57237,6.10535,-7.62383,-6.80481,-0.3651,0.36639,-1.0083,,,,,,,,,,,,,,,,,,,,,,,,,,,,,,,,,,,,,,,,,,,,,,,,,,,High,High,High,,,,,
22,2025-07-03,18:54:22.01,4,2,"Lebron, David",673933,Right,WES_POW,"Terry, Curtis",663799,Right,LEX_LEG,Undefined,1,Top,2,1,0,Undefined,Four-Seam,StrikeCalled,Undefined,Undefined,Undefined,0,0,,88.68385,-3.278758,-0.282213,2295.313251,186.592491,12:15,6.06799,0.30674,5.17147,-17.18119,19.93911,2.14528,1.54731,0.21992,80.01525,-6.525073,0.097825,0.438507,,,,,,,,,,,,-1.155,11.36497,-0.28216,50,5.75002,0.53193,-128.26665,-7.89247,-1.89677,30.06354,-13.51055,WES_POW,LEX_LEG,GoMart,Independent,ATL,20250703-GoMart-1,a9371730-5860-11f0-b1d9-47d5dafa46c9,85.95623,,,8.6686,,,,,,,81cc797a-4601-4b1e-8094-3d1dc0b85384,2025-07-03,22:54:22.01,2025-07-03T18:54:22.0100000-04:00,2025-07-03T22:54:22.0100000Z,,v3,525,495,,"Lopez, B.J.",625439,Right,WES_POW,820e7c8c-5b15-4e86-8fce-f44f776c420f,55.32347,-129.50837,15.03177,6.06448,-7.33444,-6.75528,-0.30574,0.61027,-0.94838,,,,,,,,,,,,,,,,,,,,,,,,,,,,,,,,,,,,,,,,,,,,,,,,,,,High,High,High,,,,,
23,2025-07-03,18:54:42.55,4,3,"Lebron, David",673933,Right,WES_POW,"Terry, Curtis",663799,Right,LEX_LEG,Undefined,1,Top,2,1,1,Undefined,Four-Seam,StrikeCalled,Undefined,Undefined,Undefined,0,0,,89.54292,-3.186684,0.102399,2329.605682,194.007685,12:30,6.15345,0.06469,5.14472,-14.2795,22.06556,5.17571,1.96006,0.59241,80.92074,-5.914426,1.018557,0.433904,,,,,,,,,,,,-2.54886,12.36973,-0.07848,50,5.84485,-0.4722,-129.57559,-7.64239,-4.28132,30.11484,-11.39663,WES_POW,LEX_LEG,GoMart,Independent,ATL,20250703-GoMart-1,b57a6f10-5860-11f0-b1d9-47d5dafa46c9,86.86806,,,8.62218,,,,,,,81cc797a-4601-4b1e-8094-3d1dc0b85384,2025-07-03,22:54:42.55,2025-07-03T18:54:42.5580000-04:00,2025-07-03T22:54:42.5580000Z,,v3,525,495,,"Lopez, B.J.",625439,Right,WES_POW,1e594420-c081-4453-87ad-59fbc0e60b52,55.35177,-130.81349,15.05742,6.14937,-7.17392,-5.69831,-0.06269,-0.29622,-2.14066,,,,,,,,,,,,,,,,,,,,,,,,,,,,,,,,,,,,,,,,,,,,,,,,,,,High,High,High,,,,,
24,2025-07-03,18:55:02.76,4,4,"Lebron, David",673933,Right,WES_POW,"Terry, Curtis",663799,Right,LEX_LEG,Undefined,1,Top,2,1,2,Undefined,Slider,BallCalled,Undefined,Undefined,Undefined,0,0,,83.5158,-4.32754,-1.124316,2351.493018,125.01527,10:15,6.12399,0.18136,5.27841,-34.65588,6.03977,-7.01004,-0.83692,-1.45889,78.12131,-10.547633,-2.371611,0.45914,,,,,,,,,,,,3.3198,4.35961,-0.0732,50,5.7024,2.65351,-121.08709,-10.39363,4.98736,21.01498,-25.62459,WES_POW,LEX_LEG,GoMart,Independent,ATL,20250703-GoMart-1,c17b8dd0-5860-11f0-b1d9-47d5dafa46c9,82.09352,,,5.39449,,,,,,,81cc797a-4601-4b1e-8094-3d1dc0b85384,2025-07-03,22:55:02.76,2025-07-03T18:55:02.7600000-04:00,2025-07-03T22:55:02.7600000Z,,v3,525,495,,"Lopez, B.J.",625439,Right,WES_POW,d2a06a4b-4225-4e38-8cdd-b120bf5a4551,55.22442,-121.99044,10.50749,6.12551,-9.29214,-12.8123,-0.18266,2.43912,2.49368,,,,,,,,,,,,,,,,,,,,,,,,,,,,,,,,,,,,,,,,,,,,,,,,,,,High,High,High,,,,,
25,2025-07-03,18:55:41.45,4,5,"Lebron, David",673933,Right,WES_POW,"Terry, Curtis",663799,Right,LEX_LEG,Undefined,1,Top,2,2,2,Undefined,Four-Seam,BallCalled,Undefined,Undefined,Undefined,0,0,,89.23689,0.076041,-0.001959,2237.898068,191.117779,12:15,6.11743,0.39177,5.2292,-11.55142,25.14982,4.66878,5.2263,0.779,79.68015,-2.216779,0.825506,0.436025,,,,,,,,,,,,-2.30114,12.83528,-0.39512,50,6.11659,-0.2191,-129.16938,-0.08545,-3.80841,32.02832,-10.93158,WES_POW,LEX_LEG,GoMart,Independent,ATL,20250703-GoMart-1,d8744a90-5860-11f0-b1d9-47d5dafa46c9,86.44553,,,9.55673,,,,,,,81cc797a-4601-4b1e-8094-3d1dc0b85384,2025-07-03,22:55:41.45,2025-07-03T18:55:41.4500000-04:00,2025-07-03T22:55:41.4500000Z,,v3,525,495,,"Lopez, B.J.",625439,Right,WES_POW,ad220f8e-7293-45fa-889c-e969b0c82c3b,55.26306,-130.46786,16.01416,6.11107,0.35774,-5.46579,-0.38937,-0.0647,-1.90421,,,,,,,,,,,,,,,,,,,,,,,,,,,,,,,,,,,,,,,,,,,,,,,,,,,High,High,High,,,,,
26,2025-07-03,18:56:02.91,4,6,"Lebron, David",673933,Right,WES_POW,"Terry, Curtis",663799,Right,LEX_LEG,Undefined,1,Top,2,3,2,Undefined,Slider,FoulBallNotFieldable,Undefined,Undefined,Undefined,0,0,,83.07573,-0.512019,0.173714,2385.4928,119.461049,10:00,6.07914,0.23154,5.21368,-35.70809,5.89563,-8.06272,2.62199,-0.277,76.02398,-7.038407,-1.25698,0.464235,67.70522,42.377769,177.96866,2535.847284,-109.94598,47.04894,3.44672,168.36378,70.88036,177.585293,3.178913,4.11646,3.45138,-0.24113,50,6.00499,-0.02931,-120.57413,-2.35209,6.03961,24.1802,-27.11026,WES_POW,LEX_LEG,GoMart,Independent,ATL,20250703-GoMart-1,e5603e80-5860-11f0-b1d9-47d5dafa46c9,81.19267,49.00949,,7.05175,,,,2.69025,2.95174,0.24134,81cc797a-4601-4b1e-8094-3d1dc0b85384,2025-07-03,22:56:02.91,2025-07-03T18:56:02.9140000-04:00,2025-07-03T22:56:02.9140000Z,Popup,v3,525,495,,"Lopez, B.J.",625439,Right,WES_POW,07348fdd-de2a-4a56-9552-96f3aa0cb581,55.28601,-121.62957,12.0901,6.08183,-1.16875,-13.55513,-0.23409,-0.29293,3.01981,352.377075,2.68916,-73.26799,5.35792,0.96105,-0.94654,0.57715,-0.18184,0.02775,-0.00164,2.95188,66.92277,-27.99989,3.12496,-0.25465,-0.2068,0.12012,-0.02613,0.00209,0.24124,2.60362,-1.13473,0.53667,-0.13075,0.02694,-0.00081,-0.00096,0.00013,,,,,,,,,,,,,,,,,,,,,,,High,High,High,High,Low,,,
27,2025-07-03,18:56:30.13,4,7,"Lebron, David",673933,Right,WES_POW,"Terry, Curtis",663799,Right,LEX_LEG,Undefined,1,Top,2,3,2,Undefined,Four-Seam,FoulBallNotFieldable,Undefined,Undefined,Undefined,0,0,,90.79816,-2.095351,-0.077313,2283.026342,185.688884,12:15,6.05008,0.17532,5.05878,-13.53973,22.23647,2.07539,2.94492,0.27536,81.10663,-4.717314,0.289439,0.430496,71.47764,55.39633,174.438271,3653.93125,,,,,49.69354,,,-1.05972,12.16123,-0.16972,50,5.84126,0.07798,-131.32855,-5.20281,-1.80821,33.77043,-11.42309,WES_POW,LEX_LEG,GoMart,Independent,ATL,20250703-GoMart-1,f5960640-5860-11f0-b1d9-47d5dafa46c9,87.55594,57.50499,,9.69153,,,,1.74428,3.18364,-0.25553,81cc797a-4601-4b1e-8094-3d1dc0b85384,2025-07-03,22:56:30.13,2025-07-03T18:56:30.1350000-04:00,2025-07-03T22:56:30.1350000Z,,v3,525,495,,"Lopez, B.J.",625439,Right,WES_POW,2df1ee62-acfc-42e1-a902-71e216022f0b,55.43649,-132.71915,16.88521,6.04582,-4.73242,-5.71154,-0.17447,0.15244,-0.9041,0.45096,1.74428,-59.25442,0.68434,0.40227,-0.16862,0.05231,-0.01076,0.00143,1E-05,3.18364,86.28861,-31.38796,4.83949,-1.02609,0.2326,-0.09216,0.04331,-0.01007,-0.25553,5.76999,0.0459,-2.23949,0.80563,-0.23873,0.05696,-0.0125,0.00156,,,,,,,,,,,,,,,,,,,,,,,High,High,High,High,Undefined,,,
28,2025-07-03,18:57:03.64,4,8,"Lebron, David",673933,Right,WES_POW,"Terry, Curtis",663799,Right,LEX_LEG,Undefined,1,Top,2,3,2,Undefined,Four-Seam,InPlay,Undefined,FlyBall,Out,1,0,,89.89429,-3.041756,-0.03352,2157.249619,188.731341,12:15,6.12106,0.22412,5.01029,-16.01887,19.89525,2.87103,1.91243,0.43174,81.96748,-6.047662,0.473516,0.431324,74.90717,38.707413,11.537379,4472.007194,105.68781,67.5948,30.49612,249.57171,246.0028,21.680022,4.463666,-1.44012,11.10501,-0.22338,50,5.81688,-0.05781,-130.21514,-7.45771,-2.46566,28.06638,-13.16115,WES_POW,LEX_LEG,GoMart,Independent,ATL,20250703-GoMart-1,0989c060-5861-11f0-b1d9-47d5dafa46c9,87.38773,71.99041,,7.9268,,,,1.3383,1.98489,-0.41456,81cc797a-4601-4b1e-8094-3d1dc0b85384,2025-07-03,22:57:03.64,2025-07-03T18:57:03.6420000-04:00,2025-07-03T22:57:03.6420000Z,FlyBall,v3,525,495,,"Lopez, B.J.",625439,Right,WES_POW,8cdaca33-eec4-4384-9f99-831610b3a9d8,55.48786,-131.39266,14.03319,6.11818,-6.90553,-6.58057,-0.22312,0.04564,-1.23283,208.092674,1.33875,83.99196,-16.14273,3.93188,-0.8425,0.18522,-0.03888,0.0055,-0.00033,1.98579,68.67772,-18.70633,0.95562,0.13283,-0.15376,0.04994,-0.00745,0.00042,-0.41471,17.15088,2.27025,-0.6914,0.1474,-0.0202,0.0011,5E-05,-1E-05,,,,,,,,,,,,,,,,,,,,,,,High,High,High,High,Medium,,,
29,2025-07-03,19:00:12.31,1,1,"Ferrer, Ben",829343,Right,LEX_LEG,"Nelson, James",663445,Right,WES_POW,Undefined,1,Bottom,0,0,0,Undefined,,BallCalled,Undefined,Undefined,Undefined,0,0,,,,,,,,,,,,,,,,,,,,,,,,,,,,,,,,,,,,,,,,,,WES_POW,LEX_LEG,GoMart,Independent,ATL,20250703-GoMart-1,78fd8d00-5861-11f0-b1d9-47d5dafa46c9,,,,,,,,,,,81cc797a-4601-4b1e-8094-3d1dc0b85384,2025-07-03,23:00:12.31,2025-07-03T19:00:12.3180000-04:00,2025-07-03T23:00:12.3180000Z,,v3,525,495,,"Quiroz, Isaias",657728,Right,LEX_LEG,,,,,,,,,,,,,,,,,,,,,,,,,,,,,,,,,,,,,,,,,,,,,,,,,,,,,,,,,,,,,,,,,,,,
30,2025-07-03,19:00:13.31,1,2,"Ferrer, Ben",829343,Right,LEX_LEG,"Nelson, James",663445,Right,WES_POW,Undefined,1,Bottom,0,1,0,Undefined,Four-Seam,InPlay,Undefined,FlyBall,Single,0,0,,90.0648,-1.403394,-2.879683,2318.805274,214.909041,1:15,5.69985,1.06484,5.07401,-19.97359,16.05769,10.29949,2.71038,-0.794,81.25276,-5.142002,-1.061747,0.432027,75.13716,34.216641,-6.748311,1481.304745,109.17443,53.43188,-13.44903,262.85491,254.8203,-7.341157,3.867486,-6.04158,8.7917,-0.80023,50,5.55157,6.07239,-130.32389,-3.90164,-10.26013,30.59636,-17.24346,WES_POW,LEX_LEG,GoMart,Independent,ATL,20250703-GoMart-1,7a993ba0-5861-11f0-b1d9-47d5dafa46c9,87.24551,56.55882,,8.81204,,,,2.32367,2.83453,0.77752,81cc797a-4601-4b1e-8094-3d1dc0b85384,2025-07-03,23:00:13.31,2025-07-03T19:00:13.3180000-04:00,2025-07-03T23:00:13.3180000Z,FlyBall,v3,525,495,,"Quiroz, Isaias",657728,Right,LEX_LEG,e896e8b8-a91b-47d4-b725-5ea791b73a96,55.42321,-131.59095,15.29818,5.69836,-3.18756,-8.62173,-1.0605,6.49728,-5.13007,157.786574,2.32401,90.48817,-12.00084,2.79339,-0.5523,0.13659,-0.05575,0.01387,-0.00122,2.83492,61.95567,-19.81934,1.29555,-0.02236,-0.11628,0.05292,-0.00938,0.00058,0.77631,-10.67407,-0.56344,1.0121,-0.55652,0.23473,-0.06524,0.00955,-0.00054,,,,,,,,,,,,,,,,,,,,,,,High,High,High,High,High,,,
31,2025-07-03,19:00:55.21,2,1,"Ferrer, Ben",829343,Right,LEX_LEG,"Blackwell, Benjamin",701295,Right,WES_POW,Undefined,1,Bottom,0,0,0,Undefined,Sinker,BallCalled,Undefined,Undefined,Undefined,0,0,,89.6999,-1.858269,-2.527188,1984.277495,237.301385,2:00,5.48472,1.24535,5.31453,-25.47844,10.34733,14.19438,1.61511,0.05476,81.47977,-6.566678,-0.00707,0.430794,,,,,,,,,,,,-7.85197,6.10768,-1.02679,50,5.29799,5.08081,-129.92502,-5.15251,-13.31723,29.19808,-21.81522,WES_POW,LEX_LEG,GoMart,Independent,ATL,20250703-GoMart-1,93978c60-5861-11f0-b1d9-47d5dafa46c9,87.49536,,,8.22013,,,,,,,81cc797a-4601-4b1e-8094-3d1dc0b85384,2025-07-03,23:00:55.21,2025-07-03T19:00:55.2170000-04:00,2025-07-03T23:00:55.2170000Z,,v3,525,495,,"Quiroz, Isaias",657728,Right,LEX_LEG,649407bc-99b8-45af-80a5-6f8f4ae29a82,55.18286,-131.08459,14.59904,5.48541,-4.28615,-10.90761,-1.23907,5.60969,-6.65862,,,,,,,,,,,,,,,,,,,,,,,,,,,,,,,,,,,,,,,,,,,,,,,,,,,High,High,High,,,,,
32,2025-07-03,19:01:13.68,2,2,"Ferrer, Ben",829343,Right,LEX_LEG,"Blackwell, Benjamin",701295,Right,WES_POW,Undefined,1,Bottom,0,1,0,Undefined,Sinker,InPlay,Undefined,GroundBall,Out,2,0,,89.11086,-1.592143,-2.156665,1997.320041,241.220225,2:00,5.45468,1.24799,5.38604,-27.17726,8.98048,14.10162,1.69614,0.4007,81.0212,-6.60897,0.351379,0.432785,96.96414,2.417699,-14.09729,1084.950891,,,,72.49542,67.77822,-16.055647,0.537829,-7.76126,5.34677,-1.06557,50,5.29332,4.23465,-129.16417,-4.5819,-13.00806,28.88706,-23.2127,WES_POW,LEX_LEG,GoMart,Independent,ATL,20250703-GoMart-1,9e94cfb0-5861-11f0-b1d9-47d5dafa46c9,87.09282,2.20909,,8.08965,,,,1.22287,1.69935,-0.39663,81cc797a-4601-4b1e-8094-3d1dc0b85384,2025-07-03,23:01:13.68,2025-07-03T19:01:13.6860000-04:00,2025-07-03T23:01:13.6860000Z,GroundBall,v3,525,495,,"Quiroz, Isaias",657728,Right,LEX_LEG,d5e63f9e-e9cf-485b-aaff-8275a74c2a65,55.11259,-130.30256,14.44353,5.45586,-3.66712,-11.60635,-1.24255,4.74728,-6.50403,84.500299,1.24445,137.26897,-18.75284,,,,,,,1.71042,5.72283,-16.59019,,,,,,,-0.38668,-34.85863,-3.19668,,,,,,,,,,,,,,,,,,,,,,,,,,,,,High,High,High,High,High,,,
33,2025-07-03,19:01:46.08,3,1,"Ferrer, Ben",829343,Right,LEX_LEG,"Sedio, Chad",670466,Left,WES_POW,Undefined,1,Bottom,2,0,0,Undefined,Sinker,StrikeCalled,Undefined,Undefined,Undefined,0,0,,91.25058,-1.062055,-1.756405,2067.294176,243.015762,2:00,5.57406,1.22612,4.86252,-26.19238,8.81355,15.04757,2.38559,0.81721,83.16834,-5.851641,0.89438,0.425836,,,,,,,,,,,,-7.90469,4.99079,-1.06649,50,5.44752,3.31816,-132.25947,-3.50891,-13.9591,29.00756,-23.36068,WES_POW,LEX_LEG,GoMart,Independent,ATL,20250703-GoMart-1,b1ca69f0-5861-11f0-b1d9-47d5dafa46c9,88.51402,,,8.08224,,,,,,,81cc797a-4601-4b1e-8094-3d1dc0b85384,2025-07-03,23:01:46.08,2025-07-03T19:01:46.0840000-04:00,2025-07-03T23:01:46.0840000Z,,v3,525,495,,"Quiroz, Isaias",657728,Right,LEX_LEG,11f7fdd6-2e08-4686-b6b2-f0136bba6d8c,55.63557,-133.48976,14.50378,5.57533,-2.51813,-11.68034,-1.21978,3.9102,-6.97955,,,,,,,,,,,,,,,,,,,,,,,,,,,,,,,,,,,,,,,,,,,,,,,,,,,High,High,High,,,,,
34,2025-07-03,19:02:01.84,3,2,"Ferrer, Ben",829343,Right,LEX_LEG,"Sedio, Chad",670466,Left,WES_POW,Undefined,1,Bottom,2,0,1,Undefined,Slider,InPlay,Undefined,LineDrive,Double,0,0,,85.29041,0.087038,-1.487933,2490.044923,171.924476,11:45,5.64491,1.05109,4.97511,-34.51809,4.79918,-0.52472,2.85064,-0.39828,78.93815,-6.168462,-1.580533,0.451298,96.87674,6.911563,40.738497,3774.244437,,,,129.53797,128.5584,43.294482,1.034474,-0.10346,2.65299,-0.90695,50,5.62486,3.24104,-123.89603,-1.12982,-0.16262,22.15752,-28.00414,WES_POW,LEX_LEG,GoMart,Independent,ATL,20250703-GoMart-1,bb5160f0-5861-11f0-b1d9-47d5dafa46c9,83.52012,6.73114,,6.35226,,,,2.69492,3.20322,0.23788,81cc797a-4601-4b1e-8094-3d1dc0b85384,2025-07-03,23:02:01.84,2025-07-03T19:02:01.8470000-04:00,2025-07-03T23:02:01.8470000Z,GroundBall,v3,525,495,,"Quiroz, Isaias",657728,Right,LEX_LEG,d6e0faad-5aed-4c77-8aff-0920ca67decc,55.526,-124.88039,11.07876,5.64742,0.11427,-14.00207,-1.05109,3.24827,-0.08131,,2.69492,106.8754,-21.05057,3.98068,-0.91616,0.20701,-0.04759,0.00942,-0.00107,3.20322,17.09819,-21.70137,2.5895,-0.58509,0.14148,-0.03154,0.00629,-0.00074,0.23788,92.05236,-6.96618,0.9234,-0.2135,0.04663,-0.01145,0.00233,-0.00027,,,,,,,,,,,,,,,,,,,,,,,High,High,High,High,High,,,
35,2025-07-03,19:02:48.55,4,1,"Ferrer, Ben",829343,Right,LEX_LEG,"Barnum, Keon",621572,Left,WES_POW,Undefined,1,Bottom,2,0,0,Undefined,Sinker,BallCalled,Undefined,Undefined,Undefined,0,0,,91.61048,-0.924446,-1.176028,2028.630267,257.684521,2:30,5.5524,1.4091,5.15324,-30.12423,4.33536,14.54414,2.17154,1.51387,83.32579,-6.433805,1.401574,0.4225,,,,,,,,,,,,-7.55162,2.8002,-1.31069,50,5.44315,2.02487,-132.82631,-3.35444,-13.39521,30.33863,-27.20701,WES_POW,LEX_LEG,GoMart,Independent,ATL,20250703-GoMart-1,d7042350-5861-11f0-b1d9-47d5dafa46c9,89.21291,,,8.28469,,,,,,,81cc797a-4601-4b1e-8094-3d1dc0b85384,2025-07-03,23:02:48.55,2025-07-03T19:02:48.5500000-04:00,2025-07-03T23:02:48.5500000Z,,v3,525,495,,"Quiroz, Isaias",657728,Right,LEX_LEG,5fac1052-ebdb-448d-a395-d9932a825911,55.34421,-134.04142,15.16931,5.55568,-2.26476,-13.6035,-1.40253,2.56136,-6.69761,,,,,,,,,,,,,,,,,,,,,,,,,,,,,,,,,,,,,,,,,,,,,,,,,,,High,High,High,,,,,
36,2025-07-03,19:03:09.95,4,2,"Ferrer, Ben",829343,Right,LEX_LEG,"Barnum, Keon",621572,Left,WES_POW,Undefined,1,Bottom,2,1,0,Undefined,Changeup,BallCalled,Undefined,Undefined,Undefined,0,0,,86.14993,-0.129842,-1.811652,2103.350354,267.022443,3:00,5.4179,1.33246,5.58068,-36.13813,2.17347,17.27308,2.28507,1.07939,78.48129,-6.774345,1.27324,0.445489,,,,,,,,,,,,-9.23567,1.54476,-1.18801,50,5.38333,3.20887,-125.01165,-1.58677,-14.51501,26.81696,-29.74629,WES_POW,LEX_LEG,GoMart,Independent,ATL,20250703-GoMart-1,e3cde940-5861-11f0-b1d9-47d5dafa46c9,84.60922,,,7.66864,,,,,,,81cc797a-4601-4b1e-8094-3d1dc0b85384,2025-07-03,23:03:09.95,2025-07-03T19:03:09.9520000-04:00,2025-07-03T23:03:09.9520000Z,,v3,525,495,,"Quiroz, Isaias",657728,Right,LEX_LEG,0c6d1cde-4d59-426b-9feb-f9b07359c009,54.91802,-126.06223,13.40848,5.42267,-0.42143,-14.87314,-1.32485,3.77751,-7.25751,,,,,,,,,,,,,,,,,,,,,,,,,,,,,,,,,,,,,,,,,,,,,,,,,,,High,High,High,,,,,
37,2025-07-03,19:03:33.95,4,3,"Ferrer, Ben",829343,Right,LEX_LEG,"Barnum, Keon",621572,Left,WES_POW,Undefined,1,Bottom,2,2,0,Undefined,Sinker,InPlay,Undefined,FlyBall,Out,1,0,,91.10718,-1.405143,-1.736696,1988.462918,247.349889,2:15,5.64672,1.36722,5.20088,-27.74143,7.17579,14.2745,2.01247,0.92283,82.58662,-6.505247,0.794367,0.425296,71.294,-33.29648,24.721009,,,,,4.04047,4.04047,4.905835,0.034662,-7.675,4.3641,-1.21768,50,5.49585,3.33313,-132.01605,-4.31226,-13.39793,30.9492,-24.55585,WES_POW,LEX_LEG,GoMart,Independent,ATL,20250703-GoMart-1,f2324c60-5861-11f0-b1d9-47d5dafa46c9,88.62637,1.99528,,8.52056,,,,1.26615,1.99528,-0.92493,81cc797a-4601-4b1e-8094-3d1dc0b85384,2025-07-03,23:03:33.95,2025-07-03T19:03:33.9580000-04:00,2025-07-03T23:03:33.9580000Z,GroundBall,v3,525,495,,"Quiroz, Isaias",657728,Right,LEX_LEG,58db1936-c6f9-4d72-809a-acf5430c75d2,55.29719,-133.25211,15.4746,5.64849,-3.33154,-12.27792,-1.36149,3.86822,-6.69896,,1.26491,79.61195,,,,,,,,1.99617,-57.56371,,,,,,,,-0.9255,36.65278,,,,,,,,,,,,,,,,,,,,,,,,,,,,,,High,High,High,Estimated,Estimated,,,
38,2025-07-03,19:06:04.44,1,1,"Lebron, David",673933,Right,WES_POW,"Gonzalez, Pedro",660639,Right,LEX_LEG,Undefined,2,Top,0,0,0,Undefined,Four-Seam,BallCalled,Undefined,Undefined,Undefined,0,0,,87.9516,-0.045976,-1.357633,2091.284963,197.343995,12:30,6.12541,0.21268,5.29149,-19.50277,17.68662,5.13095,4.457,-0.63474,79.70673,-3.720342,-0.447408,0.438916,,,,,,,,,,,,-2.94823,9.21134,-0.09289,50,6.10746,2.78577,-127.50258,-0.73614,-4.82275,27.75777,-17.10601,WES_POW,LEX_LEG,GoMart,Independent,ATL,20250703-GoMart-1,4bc89040-5862-11f0-b1d9-47d5dafa46c9,85.87629,,,8.24487,,,,,,,81cc797a-4601-4b1e-8094-3d1dc0b85384,2025-07-03,23:06:04.44,2025-07-03T19:06:04.4430000-04:00,2025-07-03T23:06:04.4430000Z,,v3,525,495,,"Lopez, B.J.",625439,Right,WES_POW,ecadb272-8560-414f-ad5f-d1fd5d05c2c0,55.20359,-128.63043,13.87888,6.12325,-0.04109,-8.55301,-0.21006,2.98173,-2.41137,,,,,,,,,,,,,,,,,,,,,,,,,,,,,,,,,,,,,,,,,,,,,,,,,,,High,High,High,,,,,
39,2025-07-03,19:06:16.34,1,2,"Lebron, David",673933,Right,WES_POW,"Gonzalez, Pedro",660639,Right,LEX_LEG,Undefined,2,Top,0,1,0,Undefined,Four-Seam,InPlay,Undefined,LineDrive,Single,0,0,,88.37618,-1.742227,-1.528153,2065.088694,203.240545,12:45,6.11435,0.10872,5.22388,-19.92497,16.96969,6.75347,2.81491,-0.76551,80.38883,-5.468311,-0.331151,0.437173,101.97444,-5.843881,-27.945419,,,,,31.89642,31.58705,-24.513395,0.201152,-3.8511,9.37099,0.02682,50,5.93929,3.11665,-128.11428,-4.57561,-6.365,27.84191,-16.68594,WES_POW,LEX_LEG,GoMart,Independent,ATL,20250703-GoMart-1,52f96240-5862-11f0-b1d9-47d5dafa46c9,86.21863,3.18669,,7.98736,,,,2.78534,3.18669,0.76291,81cc797a-4601-4b1e-8094-3d1dc0b85384,2025-07-03,23:06:16.34,2025-07-03T19:06:16.3460000-04:00,2025-07-03T23:06:16.3460000Z,GroundBall,v3,525,495,,"Lopez, B.J.",625439,Right,WES_POW,a231c011-a70a-4d1e-b4a1-83b3511a4098,55.27467,-129.25549,13.92096,6.11282,-3.89167,-8.34297,-0.10627,3.37755,-3.1825,171.016809,2.78549,131.42654,-4.9656,,,,,,,3.18653,-15.2178,-3.10167,,,,,,,0.76288,-69.72331,0.69475,,,,,,,,,,,,,,,,,,,,,,,,,,,,,High,High,High,Low,Medium,,,
40,2025-07-03,19:06:52.54,2,1,"Lebron, David",673933,Right,WES_POW,"Washington, Xane",1000026055,Right,LEX_LEG,Undefined,2,Top,0,0,0,Undefined,Slider,BallCalled,Undefined,Undefined,Undefined,0,0,,81.38038,0.909584,0.423138,2009.801858,109.389751,9:45,6.09426,0.44583,5.33845,-39.1016,4.1261,-7.72122,3.6892,0.19937,74.22713,-6.260872,-0.949322,0.473208,,,,,,,,,,,,3.99142,2.22752,-0.47826,50,6.14839,-0.55208,-118.084,0.51065,5.61048,23.42571,-29.04294,WES_POW,LEX_LEG,GoMart,Independent,ATL,20250703-GoMart-1,6896d4c0-5862-11f0-b1d9-47d5dafa46c9,79.65295,,,7.15325,,,,,,,81cc797a-4601-4b1e-8094-3d1dc0b85384,2025-07-03,23:06:52.54,2025-07-03T19:06:52.5440000-04:00,2025-07-03T23:06:52.5440000Z,,v3,525,495,,"Lopez, B.J.",625439,Right,WES_POW,21b93773-aa47-4465-9871-57cdc4f88e7c,55.15962,-119.10318,11.71285,6.09868,1.77422,-14.52147,-0.44893,-0.79617,2.80524,,,,,,,,,,,,,,,,,,,,,,,,,,,,,77.46838,1.984051,0.709734,1.274316,-0.5832,3.46458,-0.16533,1.01855,5.76008,0.10955,127.28089,2.85,0.43162,1.15862,111.17116,-9.67085,5.79505,13.7694,-12.64666,0.08233,-1.47333,1.39004,High,High,High,,,High,High,Medium
41,2025-07-03,19:07:24.70,2,2,"Lebron, David",673933,Right,WES_POW,"Washington, Xane",1000026055,Right,LEX_LEG,Undefined,2,Top,0,1,0,Undefined,Changeup,BallCalled,Undefined,Undefined,Undefined,0,0,,73.91325,1.870163,-1.23276,1719.603151,202.536351,12:45,6.00698,0.16973,5.02471,-38.56927,14.90178,5.40835,4.55863,-0.54301,66.81426,-5.251027,-0.278454,0.526297,,,,,,,,,,,,-3.03858,7.35122,-0.05628,50,6.15585,2.08706,-106.98678,2.2822,-3.48583,20.21969,-23.74078,WES_POW,LEX_LEG,GoMart,Independent,ATL,20250703-GoMart-1,7bb341b0-5862-11f0-b1d9-47d5dafa46c9,71.61821,,,7.09899,,,,,,,81cc797a-4601-4b1e-8094-3d1dc0b85384,2025-07-03,23:07:24.70,2025-07-03T19:07:24.7090000-04:00,2025-07-03T23:07:24.7090000Z,,v3,525,495,,"Lopez, B.J.",625439,Right,WES_POW,16abe682-9966-4ad8-99d2-054bebae9c47,55.46921,-108.01548,10.10985,6.00902,3.49003,-11.87039,-0.16698,2.26441,-1.74292,,,,,,,,,,,,,,,,,,,,,,,,,,,,,,,,,,,,,,,,,,,,,,,,,,,High,High,High,,,,,
42,2025-07-03,19:07:42.94,2,3,"Lebron, David",673933,Right,WES_POW,"Washington, Xane",1000026055,Right,LEX_LEG,Undefined,2,Top,0,2,0,Undefined,Four-Seam,StrikeCalled,Undefined,Undefined,Undefined,0,0,,88.61557,-1.909584,-0.531121,2007.077799,208.220775,1:00,6.07371,0.37751,5.11915,-19.84989,16.98178,8.44713,2.62004,0.58113,80.62949,-5.612766,0.963864,0.436799,,,,,,,,,,,,-4.34386,9.36449,-0.3344,50,5.87924,0.798,-128.43709,-4.96567,-7.22122,27.7911,-16.60652,WES_POW,LEX_LEG,GoMart,Independent,ATL,20250703-GoMart-1,86809b60-5862-11f0-b1d9-47d5dafa46c9,86.29232,,,7.98607,,,,,,,81cc797a-4601-4b1e-8094-3d1dc0b85384,2025-07-03,23:07:42.94,2025-07-03T19:07:42.9470000-04:00,2025-07-03T23:07:42.9470000Z,,v3,525,495,,"Lopez, B.J.",625439,Right,WES_POW,9e7c1cdf-75c9-4d47-abd0-f5286426481b,55.3774,-129.59542,13.89555,6.07178,-4.27351,-8.30326,-0.37393,1.09898,-3.61061,,,,,,,,,,,,,,,,,,,,,,,,,,,,,,,,,,,,,,,,,,,,,,,,,,,High,High,High,,,,,
43,2025-07-03,19:08:03.99,2,4,"Lebron, David",673933,Right,WES_POW,"Washington, Xane",1000026055,Right,LEX_LEG,Undefined,2,Top,0,2,1,Undefined,Slider,InPlay,Undefined,LineDrive,Double,0,1,,81.18847,-0.0142,-0.365073,2101.951353,102.142583,9:30,6.06735,0.21865,5.15907,-40.61404,3.36571,-8.6113,2.66948,-0.8426,73.81779,-7.429473,-1.891493,0.477307,101.3051,17.773952,30.996278,2053.193144,91.20262,28.76354,61.49737,325.7728,312.19984,39.288153,3.066735,4.20166,2.08992,-0.17758,50,6.03497,1.10873,-117.7261,-1.47387,5.83116,24.66666,-29.2736,WES_POW,LEX_LEG,GoMart,Independent,ATL,20250703-GoMart-1,9329e100-5862-11f0-b1d9-47d5dafa46c9,78.96895,33.57489,,7.37069,,,,2.10299,2.92888,0.91691,81cc797a-4601-4b1e-8094-3d1dc0b85384,2025-07-03,23:08:03.99,2025-07-03T19:08:03.9940000-04:00,2025-07-03T23:08:03.9940000Z,LineDrive,v3,525,495,,"Lopez, B.J.",625439,Right,WES_POW,0dc07157-a3aa-4d44-87b4-0a7d028b8217,55.33941,-118.83958,12.33333,6.07168,-0.15243,-14.6368,-0.22169,0.84551,2.91558,,2.10258,121.30065,-22.14188,5.61065,-1.68399,0.58855,-0.187,0.03594,-0.00286,2.92917,45.34472,-18.46613,1.22815,0.16916,-0.22602,0.09707,-0.01951,0.00149,0.91676,72.87052,-0.02811,-1.63977,0.56168,-0.0788,-0.00933,0.00516,-0.00054,,,,,,,,,,,,,,,,,,,,,,,High,High,High,High,Medium,,,
44,2025-07-03,19:08:55.87,3,1,"Lebron, David",673933,Right,WES_POW,"Fuentes, Brian",1000059283,Right,LEX_LEG,Undefined,2,Top,0,0,0,Undefined,Slider,InPlay,Undefined,FlyBall,Out,1,0,,80.39796,-0.260503,0.50836,2037.49357,94.175594,9:15,6.05302,0.30292,5.12523,-43.19888,2.17051,-6.32552,2.20775,0.25461,72.45121,-8.154295,-0.612977,0.484789,100.8274,24.052823,-7.752886,1610.645359,109.29228,43.70189,-12.45172,370.07463,361.57965,-3.431642,4.138424,3.3352,1.62173,-0.34546,50,5.99527,-0.76892,-116.43238,-2.06253,4.47945,26.26475,-29.99595,WES_POW,LEX_LEG,GoMart,Independent,ATL,20250703-GoMart-1,b2156030-5862-11f0-b1d9-47d5dafa46c9,77.75017,59.71819,,7.94675,,,,1.87622,2.33775,-0.26826,81cc797a-4601-4b1e-8094-3d1dc0b85384,2025-07-03,23:08:55.87,2025-07-03T19:08:55.8760000-04:00,2025-07-03T23:08:55.8760000Z,FlyBall,v3,525,495,,"Lopez, B.J.",625439,Right,WES_POW,becf2613-c0a3-49b9-a610-dba8257b6ff8,55.37181,-117.63791,13.13238,6.05834,-0.68574,-14.99797,-0.30545,-0.97452,2.23972,202.462693,1.87648,133.79605,-22.34172,5.25812,-1.09237,0.20865,-0.03311,0.00333,-0.00014,2.33696,60.29598,-17.58046,1.30319,-0.31448,0.07723,-0.01589,0.0024,-0.00017,-0.26845,-18.211,6.62136,-1.61095,0.33399,-0.06284,0.01006,-0.00107,5E-05,,,,,,,,,,,,,,,,,,,,,,,High,High,High,High,High,,,
45,2025-07-03,19:09:36.13,4,1,"Lebron, David",673933,Right,WES_POW,"Quiroz, Isaias",657728,Right,LEX_LEG,Undefined,2,Top,1,0,0,Undefined,Four-Seam,BallCalled,Undefined,Undefined,Undefined,0,0,,89.2387,-1.292249,-1.614236,2005.853142,192.610674,12:30,6.10358,0.35508,5.12574,-17.07627,19.6393,4.08902,3.46276,-0.82495,80.19338,-4.537467,-0.891157,0.43611,,,,,,,,,,,,-2.54705,10.55434,-0.20674,50,5.96976,3.44613,-129.15743,-3.45878,-4.23377,30.90709,-14.6304,WES_POW,LEX_LEG,GoMart,Independent,ATL,20250703-GoMart-1,c9f68120-5862-11f0-b1d9-47d5dafa46c9,86.42867,,,9.04532,,,,,,,81cc797a-4601-4b1e-8094-3d1dc0b85384,2025-07-03,23:09:36.13,2025-07-03T19:09:36.1390000-04:00,2025-07-03T23:09:36.1390000Z,,v3,525,495,,"Lopez, B.J.",625439,Right,WES_POW,ec6867d9-951a-41ed-90fb-7026c9af3815,55.36871,-130.43582,15.45354,6.10031,-2.85363,-7.3152,-0.3529,3.62125,-2.11689,,,,,,,,,,,,,,,,,,,,,,,,,,,,,,,,,,,,,,,,,,,,,,,,,,,High,High,High,,,,,
46,2025-07-03,19:09:49.01,4,2,"Lebron, David",673933,Right,WES_POW,"Quiroz, Isaias",657728,Right,LEX_LEG,Undefined,2,Top,1,1,0,Undefined,Slider,StrikeCalled,Undefined,Undefined,Undefined,0,0,,81.67825,-0.670269,-0.406819,2022.427398,118.696024,10:00,6.05971,0.07088,5.2298,-37.76384,5.58284,-7.46307,2.2826,-0.93347,74.28804,-7.581652,-1.731621,0.473859,,,,,,,,,,,,3.59925,3.43988,-0.02761,50,5.97007,1.15557,-118.41704,-2.71697,5.05651,24.85142,-27.34142,WES_POW,LEX_LEG,GoMart,Independent,ATL,20250703-GoMart-1,d1c19750-5862-11f0-b1d9-47d5dafa46c9,79.54353,,,7.39021,,,,,,,81cc797a-4601-4b1e-8094-3d1dc0b85384,2025-07-03,23:09:49.01,2025-07-03T19:09:49.0150000-04:00,2025-07-03T23:09:49.0150000Z,,v3,525,495,,"Lopez, B.J.",625439,Right,WES_POW,4015435e-8444-44e9-8036-3144f42684e1,55.26723,-119.51732,12.42571,6.06356,-1.50644,-13.67071,-0.07382,0.9317,2.52825,,,,,,,,,,,,,,,,,,,,,,,,,,,,,,,,,,,,,,,,,,,,,,,,,,,High,High,High,,,,,
47,2025-07-03,19:10:03.49,4,3,"Lebron, David",673933,Right,WES_POW,"Quiroz, Isaias",657728,Right,LEX_LEG,Undefined,2,Top,1,1,1,Undefined,Four-Seam,FoulBallNotFieldable,Undefined,Undefined,Undefined,0,0,,88.62903,-2.259542,-1.676463,2075.894473,202.369377,12:45,6.13918,0.18424,5.17908,-17.99351,19.26025,7.3441,2.51165,-0.78162,79.59503,-5.668925,-0.376118,0.439295,,,,,,,,,,,,-4.20118,10.73359,-0.03414,50,5.91603,3.40978,-128.19882,-5.63552,-6.86554,30.96113,-14.63332,WES_POW,LEX_LEG,GoMart,Independent,ATL,20250703-GoMart-1,da5eca90-5862-11f0-b1d9-47d5dafa46c9,85.80209,,,9.034,,,,,,,81cc797a-4601-4b1e-8094-3d1dc0b85384,2025-07-03,23:10:03.49,2025-07-03T19:10:03.4940000-04:00,2025-07-03T23:10:03.4940000Z,,v3,525,495,,"Lopez, B.J.",625439,Right,WES_POW,d34181b1-edf2-4567-95bd-75fcdc72048d,55.31563,-129.47622,15.48056,6.13608,-5.03178,-7.31666,-0.18066,3.69304,-3.43277,,,,,,,,,,,,,,,,,,,,,,,,,,,,,,,,,,,,,,,,,,,,,,,,,,,High,High,High,,,,,
48,2025-07-03,19:10:23.99,4,4,"Lebron, David",673933,Right,WES_POW,"Quiroz, Isaias",657728,Right,LEX_LEG,Undefined,2,Top,1,1,2,Undefined,Four-Seam,InPlay,Undefined,GroundBall,Single,0,0,,89.79571,-2.94475,-1.41435,2202.800292,208.79794,1:00,6.09978,0.21611,5.05842,-17.65977,18.91005,9.61402,1.84785,-0.31677,80.50669,-6.282215,0.284782,0.435244,87.40233,-5.236471,-9.8457,,,,,19.47933,18.28139,-8.795883,0.147037,-5.23985,10.77048,-0.08963,50,5.80639,2.74605,-129.78077,-7.26127,-8.75401,32.33874,-14.18021,WES_POW,LEX_LEG,GoMart,Independent,ATL,20250703-GoMart-1,e69996f0-5862-11f0-b1d9-47d5dafa46c9,86.60071,1.93224,,9.28902,,,,0.91444,1.93224,0.27789,81cc797a-4601-4b1e-8094-3d1dc0b85384,2025-07-03,23:10:23.99,2025-07-03T19:10:23.9920000-04:00,2025-07-03T23:10:23.9920000Z,GroundBall,v3,525,495,,"Lopez, B.J.",625439,Right,WES_POW,4e0a9b94-05b2-4c5a-a55c-4cc87c397505,55.4365,-131.12844,16.16937,6.09668,-6.67033,-7.09011,-0.21167,3.11086,-4.377,147.984781,0.91454,125.76531,-7.24189,,,,,,,1.93224,-11.6994,-9.80572,,,,,,,0.27792,-21.8311,-2.15751,,,,,,,,,,,,,,,,,,,,,,,,,,,,,High,High,High,High,High,,,
49,2025-07-03,19:11:02.41,5,1,"Lebron, David",673933,Right,WES_POW,"McCarthy, Ryan",804884,Left,LEX_LEG,Undefined,2,Top,1,0,0,Undefined,Changeup,BallCalled,Undefined,Undefined,Undefined,0,0,,74.73921,0.673098,-2.536904,1674.265036,227.278027,1:30,6.03372,0.23399,4.89594,-39.49916,13.37993,12.35524,3.37944,-1.13755,67.30262,-6.593763,-0.362116,0.523375,,,,,,,,,,,,-6.88504,6.94311,0.00369,50,6.06746,4.28566,-108.07637,-0.0149,-8.00953,21.72504,-24.09696,WES_POW,LEX_LEG,GoMart,Independent,ATL,20250703-GoMart-1,fd70e900-5862-11f0-b1d9-47d5dafa46c9,72.01797,,,7.43659,,,,,,,81cc797a-4601-4b1e-8094-3d1dc0b85384,2025-07-03,23:11:02.41,2025-07-03T19:11:02.4100000-04:00,2025-07-03T23:11:02.4100000Z,,v3,525,495,,"Lopez, B.J.",625439,Right,WES_POW,ae76cbc0-2c8e-4306-bf41-8be212a6d214,55.59835,-109.19593,10.86252,6.03624,1.2269,-12.04848,-0.2278,4.69841,-4.00477,,,,,,,,,,,,,,,,,,,,,,,,,,,,,,,,,,,,,,,,,,,,,,,,,,,High,High,High,,,,,
50,2025-07-03,19:11:19.85,5,2,"Lebron, David",673933,Right,WES_POW,"McCarthy, Ryan",804884,Left,LEX_LEG,Undefined,2,Top,1,1,0,Undefined,Four-Seam,StrikeSwinging,Undefined,Undefined,Undefined,0,0,,88.54721,-2.544922,-1.582672,2217.036748,200.80274,12:45,6.09114,0.3424,5.02689,-16.89347,20.84568,7.35063,2.27951,-0.53881,79.12194,-5.763895,-0.284807,0.442148,67.77267,30.165204,-165.987339,2443.496012,-107.65428,26.13843,-22.59284,170.47258,75.95454,-169.968786,2.321692,-4.19343,11.62969,-0.19725,50,5.83511,3.18984,-127.96053,-6.22171,-6.79039,32.1549,-13.3422,WES_POW,LEX_LEG,GoMart,Independent,ATL,20250703-GoMart-1,07e8a8a0-5863-11f0-b1d9-47d5dafa46c9,85.24847,28.42047,,9.42528,,,,1.52124,2.47666,0.50124,81cc797a-4601-4b1e-8094-3d1dc0b85384,2025-07-03,23:11:19.85,2025-07-03T19:11:19.8530000-04:00,2025-07-03T23:11:19.8530000Z,FlyBall,v3,525,495,,"Lopez, B.J.",625439,Right,WES_POW,033702d1-c2f3-41aa-823b-15eb23b08759,55.46784,-129.32723,16.07745,6.08751,-5.65461,-6.6711,-0.33897,3.47846,-3.3952,12.966301,1.52124,-83.38139,6.14246,-1.06108,0.15605,0.04835,-0.05142,0.01831,-0.00241,2.47662,49.95011,-26.69881,3.12134,-0.73265,0.16194,-0.02224,-0.00048,0.00051,0.50117,-20.80486,3.08591,0.29845,-0.32764,0.26436,-0.12423,0.0329,-0.00365,,,,,,,,,,,,,,,,,,,,,,,High,High,High,High,Medium,,,
51,2025-07-03,19:11:41.56,5,3,"Lebron, David",673933,Right,WES_POW,"McCarthy, Ryan",804884,Left,LEX_LEG,Undefined,2,Top,1,1,1,Undefined,Changeup,FoulBallNotFieldable,Undefined,Undefined,Undefined,0,0,,74.48865,0.329475,-1.942395,1729.195698,232.99437,1:45,5.94823,0.28382,5.05195,-40.25522,12.12501,13.70662,2.90455,-0.40662,67.79551,-7.054244,0.479549,0.520901,87.57204,17.739661,48.808718,2628.976474,69.80884,22.72796,85.01012,221.56422,160.22992,53.895321,2.277521,-7.45418,6.40796,-0.11055,50,5.94797,3.13595,-107.95265,-0.66662,-8.72435,20.23052,-24.67421,WES_POW,LEX_LEG,GoMart,Independent,ATL,20250703-GoMart-1,14e25830-5863-11f0-b1d9-47d5dafa46c9,72.3601,22.78246,,6.69314,,,,3.73258,3.38301,0.45684,81cc797a-4601-4b1e-8094-3d1dc0b85384,2025-07-03,23:11:41.56,2025-07-03T19:11:41.5630000-04:00,2025-07-03T23:11:41.5630000Z,LineDrive,v3,525,495,,"Lopez, B.J.",625439,Right,WES_POW,02f730f6-d0b3-4682-b271-38e394b8a743,55.44668,-108.96859,10.11526,5.95034,0.57247,-12.3371,-0.27904,3.57407,-4.36218,,3.73255,80.56599,-16.88415,4.3119,-1.11573,0.23838,-0.03894,0.00026,0.00102,3.38301,39.13428,-21.89254,2.54157,-0.49992,0.12051,-0.03833,0.01132,-0.0016,0.45682,92.05722,-5.92644,-0.41772,0.3866,-0.17049,0.06308,-0.01935,0.00271,,,,,,,,,,,,,,,,,,,,,,,High,High,High,High,Medium,,,
52,2025-07-03,19:12:10.76,5,4,"Lebron, David",673933,Right,WES_POW,"McCarthy, Ryan",804884,Left,LEX_LEG,Undefined,2,Top,1,1,2,Undefined,Curveball,BallCalled,Undefined,Undefined,Undefined,0,0,,72.07789,3.495954,0.750826,2725.035044,40.482889,7:15,6.09394,0.11787,4.46611,-69.59539,-11.94823,-11.93863,3.63169,-0.16116,65.32304,-8.969745,-1.337535,0.546463,,,,,,,,,,,,5.98386,-6.21882,-0.18477,50,6.39551,-0.87427,-104.22625,3.84852,6.48813,19.85535,-38.91694,WES_POW,LEX_LEG,GoMart,Independent,ATL,20250703-GoMart-1,2633a210-5863-11f0-b1d9-47d5dafa46c9,68.97534,,,6.75485,,,,,,,81cc797a-4601-4b1e-8094-3d1dc0b85384,2025-07-03,23:12:10.76,2025-07-03T19:12:10.7650000-04:00,2025-07-03T23:12:10.7650000Z,,v3,525,495,,"Lopez, B.J.",625439,Right,WES_POW,09fdcfa9-aff0-412c-8ecc-2740619b776d,56.03463,-105.36959,9.92767,6.10937,6.08949,-19.45847,-0.12367,-1.24787,3.24406,,,,,,,,,,,,,,,,,,,,,,,,,,,,,,,,,,,,,,,,,,,,,,,,,,,High,High,High,,,,,
53,2025-07-03,19:12:34.72,5,5,"Lebron, David",673933,Right,WES_POW,"McCarthy, Ryan",804884,Left,LEX_LEG,Undefined,2,Top,1,2,2,Undefined,Changeup,InPlay,Undefined,GroundBall,Single,0,0,,75.9577,0.25373,-0.280653,1833.702397,238.922703,2:00,5.99805,0.20181,4.86674,-40.33301,10.51075,14.49316,2.8771,1.14397,68.97811,-7.116021,2.273231,0.513204,81.93619,14.707872,-1.123686,1535.680828,109.84721,18.85018,-5.79522,218.7846,218.7846,-4.070657,2.284926,-7.27536,5.59177,-0.18736,50,5.98935,-0.04379,-110.06535,-0.87002,-8.82262,21.62185,-25.39307,WES_POW,LEX_LEG,GoMart,Independent,ATL,20250703-GoMart-1,348b0ce0-5863-11f0-b1d9-47d5dafa46c9,73.44531,18.87007,,6.9796,,,,2.15866,2.9537,-1.0902,81cc797a-4601-4b1e-8094-3d1dc0b85384,2025-07-03,23:12:34.72,2025-07-03T19:12:34.7210000-04:00,2025-07-03T23:12:34.7210000Z,LineDrive,v3,525,495,,"Lopez, B.J.",625439,Right,WES_POW,b64a2cf5-bd9c-498c-a0c9-6f87a94948c2,55.6311,-111.16605,10.81093,6.00074,0.42266,-12.69654,-0.19656,0.40534,-4.41131,143.965866,2.15866,116.2128,-13.41493,2.49917,-0.47518,0.0824,-0.01375,0.002,-0.00015,2.9537,30.51079,-15.35591,0.7906,-0.10906,0.01913,-0.00113,9E-05,-2E-05,-1.0902,-2.27947,-2.83201,0.7422,-0.18154,0.03791,-0.00687,0.00097,-7E-05,,,,,,,,,,,,,,,,,,,,,,,High,High,High,High,High,,,
54,2025-07-03,19:13:16.40,6,1,"Lebron, David",673933,Right,WES_POW,"Riddle, JT",595375,Left,LEX_LEG,Undefined,2,Top,1,0,0,Undefined,Four-Seam,StrikeCalled,Undefined,Undefined,Undefined,0,0,,89.55142,-1.607708,0.052416,2101.188045,182.598421,12:00,6.07605,0.44513,5.35278,-14.7456,20.83887,0.89347,3.339,0.56875,81.69579,-4.414245,0.211172,0.42934,,,,,,,,,,,,-0.43134,11.22725,-0.4505,50,5.92126,-0.15988,-129.91745,-4.08697,-0.73696,27.30994,-12.9922,WES_POW,LEX_LEG,GoMart,Independent,ATL,20250703-GoMart-1,4d43c920-5863-11f0-b1d9-47d5dafa46c9,87.7915,,,7.85563,,,,,,,81cc797a-4601-4b1e-8094-3d1dc0b85384,2025-07-03,23:13:16.40,2025-07-03T19:13:16.4030000-04:00,2025-07-03T23:13:16.4030000Z,,v3,525,495,,"Lopez, B.J.",625439,Right,WES_POW,41948b5e-00a4-44e7-ba6f-b6303f980b1f,55.14375,-130.99426,13.65497,6.07231,-3.5747,-6.4961,-0.44477,-0.13082,-0.36848,,,,,,,,,,,,,,,,,,,,,,,,,,,,,,,,,,,,,,,,,,,,,,,,,,,High,High,High,,,,,
55,2025-07-03,19:13:39.10,6,2,"Lebron, David",673933,Right,WES_POW,"Riddle, JT",595375,Left,LEX_LEG,Undefined,2,Top,1,0,1,Undefined,Curveball,BallCalled,Undefined,Undefined,Undefined,0,0,,72.98139,-0.342286,0.697896,2580.57523,52.616698,7:45,6.12417,0.01804,4.58383,-62.54275,-7.27717,-11.83898,0.58662,-0.30459,67.43489,-11.478606,-1.385444,0.535055,,,,,,,,,,,,6.0487,-3.06213,-0.07835,50,6.02983,-0.82732,-105.86605,-2.83739,6.82908,18.94643,-35.63125,WES_POW,LEX_LEG,GoMart,Independent,ATL,20250703-GoMart-1,5af0c320-5863-11f0-b1d9-47d5dafa46c9,70.44586,,,5.5465,,,,,,,81cc797a-4601-4b1e-8094-3d1dc0b85384,2025-07-03,23:13:39.10,2025-07-03T19:13:39.1020000-04:00,2025-07-03T23:13:39.1020000Z,,v3,525,495,,"Lopez, B.J.",625439,Right,WES_POW,ca174202-fa95-4f88-a0a8-4ad7fdb0ae02,55.91866,-106.92004,9.47322,6.13254,-0.85522,-17.81562,-0.02176,-1.20722,3.41454,,,,,,,,,,,,,,,,,,,,,,,,,,,,,,,,,,,,,,,,,,,,,,,,,,,High,High,High,,,,,
56,2025-07-03,19:14:13.65,6,3,"Lebron, David",673933,Right,WES_POW,"Riddle, JT",595375,Left,LEX_LEG,Undefined,2,Top,1,1,1,Undefined,Four-Seam,StrikeSwinging,Undefined,Undefined,Undefined,0,0,,89.4522,-1.336197,-0.271446,2193.4102,187.358961,12:15,6.03763,0.30911,5.15135,-15.59454,20.278,2.47158,3.47994,0.25953,81.71377,-4.282026,0.166078,0.431075,,,,,,,,,,,,-1.30374,10.80335,-0.28572,50,5.90132,0.50008,-129.78048,-3.52687,-2.22625,26.8544,-13.72649,WES_POW,LEX_LEG,GoMart,Independent,ATL,20250703-GoMart-1,6f608b10-5863-11f0-b1d9-47d5dafa46c9,87.43832,,,7.73843,,,,,,,81cc797a-4601-4b1e-8094-3d1dc0b85384,2025-07-03,23:14:13.65,2025-07-03T19:14:13.6550000-04:00,2025-07-03T23:14:13.6550000Z,,v3,525,495,,"Lopez, B.J.",625439,Right,WES_POW,341b8b66-625d-4c22-ade0-6ab8cc72d1c9,55.34598,-130.88201,13.4272,6.03444,-2.96383,-6.86324,-0.3081,0.59139,-1.11313,,,,,,,,,,,,,,,,,,,,,,,,,,,,,,,,,,,,,,,,,,,,,,,,,,,High,High,High,,,,,
57,2025-07-03,19:15:05.65,6,4,"Lebron, David",673933,Right,WES_POW,"Riddle, JT",595375,Left,LEX_LEG,Undefined,2,Top,1,1,2,Undefined,Four-Seam,BallCalled,Undefined,Undefined,Undefined,0,1,,88.47492,0.404115,0.154276,2189.072263,200.01141,12:45,6.07178,0.36705,5.21754,-17.12052,20.03694,6.80721,5.02505,1.07938,79.46331,-2.864765,1.360417,0.438727,,,,,,,,,,,,-3.30831,10.20816,-0.38647,50,6.09692,-0.66645,-128.14188,0.38103,-5.41806,30.19702,-15.45606,WES_POW,LEX_LEG,GoMart,Independent,ATL,20250703-GoMart-1,8e61b520-5863-11f0-b1d9-47d5dafa46c9,85.91316,,,9.01161,,,,,,,81cc797a-4601-4b1e-8094-3d1dc0b85384,2025-07-03,23:15:05.65,2025-07-03T19:15:05.6580000-04:00,2025-07-03T23:15:05.6580000Z,,v3,525,495,,"Lopez, B.J.",625439,Right,WES_POW,b4d38050-fee1-45b4-b247-6ef39e314806,55.27574,-129.37915,15.09851,6.06834,1.01431,-7.72803,-0.36371,-0.44446,-2.70903,,,,,,,,,,,,,,,,,,,,,,,,,,,,,,,,,,,,,,,,,,,,,,,,,,,High,High,High,,,,,
58,2025-07-03,19:15:29.69,6,5,"Lebron, David",673933,Right,WES_POW,"Riddle, JT",595375,Left,LEX_LEG,Undefined,2,Top,1,2,2,Undefined,Curveball,BallCalled,Undefined,Undefined,Undefined,0,0,,74.10213,1.468022,-0.629435,2678.720829,59.106921,8:00,6.13524,0.04731,4.61808,-62.45015,-7.82079,-16.54009,2.32713,-1.92947,66.86094,-9.76335,-3.534855,0.531967,,,,,,,,,,,,7.78229,-3.6304,0.03338,50,6.22909,1.86901,-107.18852,0.48115,8.83186,22.76502,-36.29408,WES_POW,LEX_LEG,GoMart,Independent,ATL,20250703-GoMart-1,9cc5ca20-5863-11f0-b1d9-47d5dafa46c9,70.85489,,,7.24119,,,,,,,81cc797a-4601-4b1e-8094-3d1dc0b85384,2025-07-03,23:15:29.69,2025-07-03T19:15:29.6920000-04:00,2025-07-03T23:15:29.6920000Z,,v3,525,495,,"Lopez, B.J.",625439,Right,WES_POW,91bf4e10-1bb8-493d-bbe0-4e67b2cdc7fc,55.87978,-108.4301,11.38251,6.14888,2.46058,-18.14704,-0.05542,1.38733,4.41593,,,,,,,,,,,,,,,,,,,,,,,,,,,,,,,,,,,,,,,,,,,,,,,,,,,High,High,High,,,,,
59,2025-07-03,19:15:54.11,6,6,"Lebron, David",673933,Right,WES_POW,"Riddle, JT",595375,Left,LEX_LEG,Undefined,2,Top,1,3,2,Undefined,Four-Seam,FoulBallNotFieldable,Undefined,Undefined,Undefined,0,0,,89.30892,-1.546946,-1.652743,2178.406141,192.139482,12:30,6.08329,0.20805,5.12785,-14.63587,21.74541,4.40492,3.40574,-0.98189,80.83714,-4.343646,-0.87387,0.434121,73.92796,23.110103,178.635669,1517.572006,,,,,49.73528,,,-2.70988,11.68894,-0.0565,50,5.92761,3.53159,-129.39505,-3.94706,-4.55328,29.25251,-12.5336,WES_POW,LEX_LEG,GoMart,Independent,ATL,20250703-GoMart-1,ab597aa0-5863-11f0-b1d9-47d5dafa46c9,86.8248,20.4473,,8.47179,,,,1.96134,3.5516,0.9704,81cc797a-4601-4b1e-8094-3d1dc0b85384,2025-07-03,23:15:54.11,2025-07-03T19:15:54.1100000-04:00,2025-07-03T23:15:54.1100000Z,,v3,525,495,,"Lopez, B.J.",625439,Right,WES_POW,31d4dea7-23d9-443e-be98-0e4677071fee,55.36997,-130.60341,14.62625,6.07995,-3.42933,-6.2668,-0.20626,3.71968,-2.27664,347.995963,1.96134,-99.69817,9.62863,-1.53779,0.3197,-0.05768,0.01833,-0.00954,0.00357,3.5516,42.55772,-22.19397,2.09321,-0.43622,0.08759,-0.01629,0.00351,-0.00052,0.9704,2.37447,-0.6535,0.21881,-0.04313,0.00951,-0.00184,0.00063,-0.00017,,,,,,,,,,,,,,,,,,,,,,,High,High,High,High,Undefined,,,
60,2025-07-03,19:16:20.79,6,7,"Lebron, David",673933,Right,WES_POW,"Riddle, JT",595375,Left,LEX_LEG,Undefined,2,Top,1,3,2,Undefined,Slider,StrikeSwinging,Strikeout,Undefined,Undefined,0,0,,82.34087,-1.987934,0.185135,2281.672301,121.873117,10:00,6.03996,0.1354,5.29373,-36.24254,5.75933,-7.21004,1.15248,-0.29161,76.05872,-8.576181,-1.097372,0.466451,,,,,,,,,,,,3.70083,3.77063,-0.14666,50,5.83242,-0.09376,-119.5408,-5.42224,5.37262,22.3392,-26.7001,WES_POW,LEX_LEG,GoMart,Independent,ATL,20250703-GoMart-1,bb431e30-5863-11f0-b1d9-47d5dafa46c9,80.80692,,,6.28215,,,,,,,81cc797a-4601-4b1e-8094-3d1dc0b85384,2025-07-03,23:16:20.79,2025-07-03T19:16:20.7960000-04:00,2025-07-03T23:16:20.7960000Z,,v3,525,495,,"Lopez, B.J.",625439,Right,WES_POW,307d6213-44a1-4bd1-8b82-ad6cb595bf75,55.20675,-120.50989,11.1696,6.04252,-4.26398,-13.35005,-0.13754,-0.32683,2.68631,,,,,,,,,,,,,,,,,,,,,,,,,,,,,,,,,,,,,,,,,,,,,,,,,,,High,High,High,,,,,
61,2025-07-03,19:16:56.66,7,1,"Lebron, David",673933,Right,WES_POW,"Rock, Dylan",676423,Right,LEX_LEG,Undefined,2,Top,2,0,0,Undefined,Four-Seam,StrikeSwinging,Undefined,Undefined,Undefined,0,0,,88.56973,-1.637862,0.660992,2137.249333,180.75182,12:00,6.11186,0.18059,5.08991,-16.02836,21.09521,0.25949,3.23199,0.82521,80.0117,-4.68581,0.70687,0.438527,,,,,,,,,,,,0.07598,11.33686,-0.24329,50,5.94517,-1.49212,-128.27102,-4.16363,0.12526,29.14774,-13.48534,WES_POW,LEX_LEG,GoMart,Independent,ATL,20250703-GoMart-1,d08c7d40-5863-11f0-b1d9-47d5dafa46c9,85.95242,,,8.55803,,,,,,,81cc797a-4601-4b1e-8094-3d1dc0b85384,2025-07-03,23:16:56.66,2025-07-03T19:16:56.6680000-04:00,2025-07-03T23:16:56.6680000Z,,v3,525,495,,"Lopez, B.J.",625439,Right,WES_POW,5e3c4096-7dca-4450-a7c9-9056ed0f28a3,55.40472,-129.49334,14.57387,6.10792,-3.59811,-6.74267,-0.18061,-1.49737,0.06263,,,,,,,,,,,,,,,,,,,,,,,,,,,,,,,,,,,,,,,,,,,,,,,,,,,High,High,High,,,,,
62,2025-07-03,19:17:21.42,7,2,"Lebron, David",673933,Right,WES_POW,"Rock, Dylan",676423,Right,LEX_LEG,Undefined,2,Top,2,0,1,Undefined,Four-Seam,StrikeSwinging,Undefined,Undefined,Undefined,0,0,,89.29147,-2.142054,-1.011294,2083.290458,187.262704,12:15,6.09211,0.25371,5.20488,-15.91068,20.34627,2.43311,2.75042,-0.49472,80.9945,-5.159113,-0.580212,0.433378,,,,,,,,,,,,-1.5091,11.13654,-0.16201,50,5.88241,2.1698,-129.35675,-5.33501,-2.53934,28.72608,-13.43468,WES_POW,LEX_LEG,GoMart,Independent,ATL,20250703-GoMart-1,df5128d0-5863-11f0-b1d9-47d5dafa46c9,86.97356,,,8.29697,,,,,,,81cc797a-4601-4b1e-8094-3d1dc0b85384,2025-07-03,23:17:21.42,2025-07-03T19:17:21.4230000-04:00,2025-07-03T23:17:21.4230000Z,,v3,525,495,,"Lopez, B.J.",625439,Right,WES_POW,a9474df8-ad28-4c2e-94e7-b54c9ea3f66e,55.29079,-130.52638,14.36304,6.08849,-4.78799,-6.71734,-0.25246,2.27319,-1.26967,,,,,,,,,,,,,,,,,,,,,,,,,,,,,,,,,,,,,,,,,,,,,,,,,,,High,High,High,,,,,
63,2025-07-03,19:17:47.02,7,3,"Lebron, David",673933,Right,WES_POW,"Rock, Dylan",676423,Right,LEX_LEG,Undefined,2,Top,2,0,2,Undefined,Four-Seam,BallCalled,Undefined,Undefined,Undefined,0,0,,89.16229,-3.118701,-1.794333,2077.919794,186.5743,12:15,6.03744,0.0965,5.25396,-17.00288,19.24655,2.07713,1.68581,-1.41694,81.25023,-6.313117,-1.426143,0.433333,,,,,,,,,,,,-1.56012,10.89662,0.06644,50,5.7391,3.95037,-129.10804,-7.58922,-2.62307,27.86334,-13.85347,WES_POW,LEX_LEG,GoMart,Independent,ATL,20250703-GoMart-1,eea87770-5863-11f0-b1d9-47d5dafa46c9,86.98256,,,7.91206,,,,,,,81cc797a-4601-4b1e-8094-3d1dc0b85384,2025-07-03,23:17:47.02,2025-07-03T19:17:47.0200000-04:00,2025-07-03T23:17:47.0200000Z,,v3,525,495,,"Lopez, B.J.",625439,Right,WES_POW,7d45ac0f-30bd-419c-8dab-d9b605af37fb,55.24359,-130.23476,13.93167,6.03467,-7.02902,-6.92674,-0.09545,4.05644,-1.31154,,,,,,,,,,,,,,,,,,,,,,,,,,,,,75.36894,1.604927,0.747725,0.857202,1.90539,1.73972,1.40476,-2.92082,5.49083,4.20149,65.39761,4.71205,59.56251,-2.90789,86.18798,-7.68984,5.50449,13.1956,-16.58556,4.20476,67.50762,-3.44167,High,High,High,,,High,Low,Low
64,2025-07-03,19:18:17.44,7,4,"Lebron, David",673933,Right,WES_POW,"Rock, Dylan",676423,Right,LEX_LEG,Undefined,2,Top,2,1,2,Undefined,Slider,InPlay,Undefined,GroundBall,Out,1,0,,82.24703,-1.732413,0.090959,2234.012978,108.689817,9:30,6.10431,0.18636,5.34842,-38.81002,3.42437,-6.13292,1.2447,-0.2394,75.59958,-8.795836,-1.001368,0.46774,55.68774,-49.772482,-65.797935,,,,,3.02201,3.02201,-16.459072,0.022341,3.12433,2.59067,-0.18995,50,5.92048,0.06097,-119.35612,-4.9755,4.49538,23.52516,-28.44652,WES_POW,LEX_LEG,GoMart,Independent,ATL,20250703-GoMart-1,00cf12b0-5864-11f0-b1d9-47d5dafa46c9,80.58416,1.3977,,6.64744,,,,2.41349,1.3977,0.22215,81cc797a-4601-4b1e-8094-3d1dc0b85384,2025-07-03,23:18:17.44,2025-07-03T19:18:17.4420000-04:00,2025-07-03T23:18:17.4420000Z,GroundBall,v3,525,495,,"Lopez, B.J.",625439,Right,WES_POW,2df91d7e-09b5-4f03-adde-6d057daa8a26,55.1511,-120.36713,11.76258,6.10803,-3.753,-14.22326,-0.18842,-0.13222,2.24769,,2.41323,21.6952,,,,,,,,1.39843,-62.56235,,,,,,,,0.22272,-48.26935,,,,,,,,,,,,,,,,,,,,,,,,,,,,,,High,High,High,Estimated,Estimated,,,
65,2025-07-03,19:20:54.64,1,1,"Ferrer, Ben",829343,Right,LEX_LEG,"Rosa, Joseph",660563,Left,WES_POW,Undefined,2,Bottom,0,0,0,Undefined,Sinker,InPlay,Undefined,LineDrive,Triple,0,0,,90.434,-2.667071,-3.423573,2113.58142,244.074426,2:15,5.64342,1.35991,4.93225,-26.1873,9.82725,17.52548,0.93382,-0.41955,81.80407,-7.468199,-0.336128,0.431927,95.26399,13.800412,37.668839,3014.910619,84.09398,18.16437,70.90978,231.83858,215.72732,43.990964,2.156996,-9.82882,6.05764,-1.04212,50,5.36202,6.9931,-130.70129,-7.11851,-16.78088,30.89196,-21.83176,WES_POW,LEX_LEG,GoMart,Independent,ATL,20250703-GoMart-1,5e7ab7c0-5864-11f0-b1d9-47d5dafa46c9,87.26574,18.47171,,8.62992,,,,2.96649,1.45932,0.31246,81cc797a-4601-4b1e-8094-3d1dc0b85384,2025-07-03,23:20:54.64,2025-07-03T19:20:54.6430000-04:00,2025-07-03T23:20:54.6430000Z,LineDrive,v3,525,495,,"Quiroz, Isaias",657728,Right,LEX_LEG,83a2fc7d-92ed-4d67-990c-ec2ddd0d35ba,55.56689,-132.01049,15.44598,5.6441,-6.19327,-10.91588,-1.35355,7.70428,-8.39044,,2.96643,107.4094,-23.39657,6.36352,-1.97194,0.89817,-0.37388,0.09216,-0.00955,1.45938,33.32286,-16.7311,0.05376,0.79787,-0.73013,0.36282,-0.09402,0.00997,0.31248,82.9163,-5.2076,0.65683,0.11763,-0.17629,0.09101,-0.0238,0.00253,,,,,,,,,,,,,,,,,,,,,,,High,High,High,Medium,Medium,,,
66,2025-07-03,19:22:02.38,2,1,"Ferrer, Ben",829343,Right,LEX_LEG,"Daniels, Zach",671113,Right,WES_POW,Undefined,2,Bottom,0,0,0,Undefined,Slider,StrikeCalled,Undefined,Undefined,Undefined,0,0,,82.10671,0.678199,-1.149949,2600.036609,66.374135,8:15,5.78441,0.93164,4.76711,-45.07432,-1.49878,-6.77898,2.67139,-0.7237,74.76631,-7.462034,-2.342474,0.475108,,,,,,,,,,,,2.97945,-0.50843,-0.81013,50,5.81284,2.68986,-118.98057,-0.33767,4.23479,24.63405,-32.89669,WES_POW,LEX_LEG,GoMart,Independent,ATL,20250703-GoMart-1,86c867e0-5864-11f0-b1d9-47d5dafa46c9,79.33439,,,7.34039,,,,,,,81cc797a-4601-4b1e-8094-3d1dc0b85384,2025-07-03,23:22:02.38,2025-07-03T19:22:02.3890000-04:00,2025-07-03T23:22:02.3890000Z,,v3,525,495,,"Quiroz, Isaias",657728,Right,LEX_LEG,83cd4431-2055-4034-a116-16a700dbcd8c,55.73123,-120.16132,12.31702,5.79124,1.23912,-16.44834,-0.9342,2.48687,2.1174,,,,,,,,,,,,,,,,,,,,,,,,,,,,,,,,,,,,,,,,,,,,,,,,,,,High,High,High,,,,,
67,2025-07-03,19:22:19.21,2,2,"Ferrer, Ben",829343,Right,LEX_LEG,"Daniels, Zach",671113,Right,WES_POW,Undefined,2,Bottom,0,0,1,Undefined,Slider,StrikeSwinging,Undefined,Undefined,Undefined,0,0,,81.05002,0.28476,-1.436825,2611.569759,76.453682,8:30,5.52785,0.95397,4.7285,-45.75684,-1.41091,-11.44024,1.98505,-1.36291,74.66862,-7.934454,-3.447636,0.47929,,,,,,,,,,,,5.25024,-0.40283,-0.79823,50,5.51565,3.44365,-117.59516,-1.16808,7.36245,22.00092,-32.73892,WES_POW,LEX_LEG,GoMart,Independent,ATL,20250703-GoMart-1,90eab480-5864-11f0-b1d9-47d5dafa46c9,78.64228,,,6.3814,,,,,,,81cc797a-4601-4b1e-8094-3d1dc0b85384,2025-07-03,23:22:19.21,2025-07-03T19:22:19.2120000-04:00,2025-07-03T23:22:19.2120000Z,,v3,525,495,,"Quiroz, Isaias",657728,Right,LEX_LEG,df52baeb-3a6a-41cc-9c0a-52ae2de1bf52,55.77226,-118.67018,11.00046,5.53364,0.43163,-16.36946,-0.9577,3.0839,3.68122,,,,,,,,,,,,,,,,,,,,,,,,,,,,,,,,,,,,,,,,,,,,,,,,,,,High,High,High,,,,,
68,2025-07-03,19:22:41.67,2,3,"Ferrer, Ben",829343,Right,LEX_LEG,"Daniels, Zach",671113,Right,WES_POW,Undefined,2,Bottom,0,0,2,Undefined,Curveball,BallCalled,Undefined,Undefined,Undefined,0,0,,80.43426,0.167878,-1.353194,2566.962044,44.094003,7:30,5.65335,0.86702,4.40559,-55.05842,-9.09847,-10.27292,1.22542,-1.28081,73.72915,-9.630853,-3.151064,0.487934,,,,,,,,,,,,4.60374,-4.08693,-0.71207,50,5.61642,3.20983,-116.56535,-1.8648,6.28452,23.51528,-37.75306,WES_POW,LEX_LEG,GoMart,Independent,ATL,20250703-GoMart-1,9e537990-5864-11f0-b1d9-47d5dafa46c9,77.24905,,,6.70511,,,,,,,81cc797a-4601-4b1e-8094-3d1dc0b85384,2025-07-03,23:22:41.67,2025-07-03T19:22:41.6770000-04:00,2025-07-03T23:22:41.6770000Z,,v3,525,495,,"Quiroz, Isaias",657728,Right,LEX_LEG,afc072a0-8cff-4827-bdd2-962ff340b6ea,56.09572,-117.78865,11.75764,5.66235,0.09917,-18.87653,-0.87054,2.8829,3.14226,,,,,,,,,,,,,,,,,,,,,,,,,,,,,,,,,,,,,,,,,,,,,,,,,,,High,High,High,,,,,
69,2025-07-03,19:23:00.98,2,4,"Ferrer, Ben",829343,Right,LEX_LEG,"Daniels, Zach",671113,Right,WES_POW,Undefined,2,Bottom,0,1,2,Undefined,Slider,BallCalled,Undefined,Undefined,Undefined,0,0,,81.80782,-0.091456,-1.989935,2638.310231,72.412135,8:30,5.66162,0.89511,4.37816,-47.24719,-2.37335,-12.50036,1.63698,-2.04755,74.25665,-8.546557,-4.172236,0.482134,,,,,,,,,,,,5.43307,-0.69532,-0.66886,50,5.60497,4.68315,-118.35334,-2.09043,7.58594,25.88051,-33.1449,WES_POW,LEX_LEG,GoMart,Independent,ATL,20250703-GoMart-1,a9d5f270-5864-11f0-b1d9-47d5dafa46c9,78.17831,,,7.55117,,,,,,,81cc797a-4601-4b1e-8094-3d1dc0b85384,2025-07-03,23:23:00.98,2025-07-03T19:23:00.9850000-04:00,2025-07-03T23:23:00.9850000Z,,v3,525,495,,"Quiroz, Isaias",657728,Right,LEX_LEG,a185cc86-d3bb-4daf-98c0-6b943bb5e9e5,56.12033,-119.6842,12.94026,5.66865,-0.38601,-16.57245,-0.89965,4.29306,3.79297,,,,,,,,,,,,,,,,,,,,,,,,,,,,,,,,,,,,,,,,,,,,,,,,,,,High,High,High,,,,,
70,2025-07-03,19:23:22.68,2,5,"Ferrer, Ben",829343,Right,LEX_LEG,"Daniels, Zach",671113,Right,WES_POW,Undefined,2,Bottom,0,2,2,Undefined,Sinker,InPlay,Undefined,LineDrive,Single,0,1,,89.67516,-1.866395,-2.372153,2294.61367,232.952571,1:45,5.5903,1.1775,5.02988,-24.34486,11.67379,13.90087,1.79844,0.09644,81.87789,-6.341609,0.082885,0.431952,110.56496,7.056904,-3.42973,2145.733163,109.83056,7.64647,-6.10237,186.5919,186.5919,-3.090763,1.350577,-7.58709,6.66693,-0.96243,50,5.39254,4.73384,-129.93969,-5.15912,-12.94812,27.69298,-20.79629,WES_POW,LEX_LEG,GoMart,Independent,ATL,20250703-GoMart-1,b6bf4e50-5864-11f0-b1d9-47d5dafa46c9,87.26077,7.90312,,7.79726,,,,0.86054,1.94662,0.09542,81cc797a-4601-4b1e-8094-3d1dc0b85384,2025-07-03,23:23:22.68,2025-07-03T19:23:22.6840000-04:00,2025-07-03T23:23:22.6840000Z,GroundBall,v3,525,495,,"Quiroz, Isaias",657728,Right,LEX_LEG,9fca49be-4779-403b-ad1b-7850fecc1a84,55.46895,-131.10006,13.84649,5.59046,-4.28773,-10.39815,-1.17215,5.27638,-6.47406,210.688861,1.14148,157.7522,-15.41752,,,,,,,2.06294,18.73693,-15.06154,,,,,,,0.06544,-9.31762,1.3618,,,,,,,,,,,,,,,,,,,,,,,,,,,,,High,High,High,High,High,,,
71,2025-07-03,19:23:59.39,3,1,"Ferrer, Ben",829343,Right,LEX_LEG,"Womack, Alsander",703920,Right,WES_POW,Undefined,2,Bottom,0,0,0,Undefined,Curveball,StrikeCalled,Undefined,Undefined,Undefined,0,0,,80.1363,0.279195,-0.954217,2500.611246,57.84832,8:00,5.654,1.1469,5.15142,-49.13794,-4.2213,-9.02158,1.82204,-0.50329,73.45169,-8.616839,-2.553991,0.482364,,,,,,,,,,,,4.22587,-1.77583,-1.05043,50,5.64213,2.30868,-116.28608,-1.2124,5.75328,22.97197,-34.59176,WES_POW,LEX_LEG,GoMart,Independent,ATL,20250703-GoMart-1,cca47830-5864-11f0-b1d9-47d5dafa46c9,78.14105,,,6.68462,,,,,,,81cc797a-4601-4b1e-8094-3d1dc0b85384,2025-07-03,23:23:59.39,2025-07-03T19:23:59.3980000-04:00,2025-07-03T23:23:59.3980000Z,,v3,525,495,,"Quiroz, Isaias",657728,Right,LEX_LEG,60264cb4-72d4-453b-972a-1fe4e638e3f1,55.34879,-117.33796,11.48598,5.66138,0.37155,-17.29588,-1.15011,2.04524,2.87664,,,,,,,,,,,,,,,,,,,,,,,,,,,,,,,,,,,,,,,,,,,,,,,,,,,High,High,High,,,,,
72,2025-07-03,19:24:18.34,3,2,"Ferrer, Ben",829343,Right,LEX_LEG,"Womack, Alsander",703920,Right,WES_POW,Undefined,2,Bottom,0,0,1,Undefined,Slider,BallCalled,Undefined,Undefined,Undefined,0,0,,86.17901,0.228877,-2.327072,2492.370524,160.966024,11:15,5.69493,0.7997,4.92467,-30.48092,8.15725,-2.43969,3.37141,-1.60474,79.6394,-5.310495,-2.756565,0.447383,,,,,,,,,,,,0.63732,4.31051,-0.57073,50,5.69198,5.19316,-125.08196,-0.66959,1.02132,22.50274,-25.26627,WES_POW,LEX_LEG,GoMart,Independent,ATL,20250703-GoMart-1,d7d52790-5864-11f0-b1d9-47d5dafa46c9,84.2509,,,6.5396,,,,,,,81cc797a-4601-4b1e-8094-3d1dc0b85384,2025-07-03,23:24:18.34,2025-07-03T19:24:18.3440000-04:00,2025-07-03T23:24:18.3440000Z,,v3,525,495,,"Quiroz, Isaias",657728,Right,LEX_LEG,ef2b68a7-7d92-4f07-af79-49753e09d918,55.57469,-126.08088,11.25137,5.69681,0.45201,-12.63313,-0.80025,5.14782,0.51066,,,,,,,,,,,,,,,,,,,,,,,,,,,,,78.46213,1.916392,0.677427,1.238965,-0.58496,3.18117,1.7014,-0.36303,6.33328,1.77822,127.27882,0.40302,3.44138,-0.26112,113.51934,-8.62968,6.34411,9.24654,-11.34647,1.77842,1.38327,-0.03334,High,High,High,,,High,Medium,Medium
73,2025-07-03,19:24:51.26,3,3,"Ferrer, Ben",829343,Right,LEX_LEG,"Womack, Alsander",703920,Right,WES_POW,Undefined,2,Bottom,0,1,1,Undefined,Slider,InPlay,Undefined,FlyBall,Out,1,0,,81.24226,-0.21166,-0.327896,2506.286236,66.780805,8:15,5.62847,0.91458,4.74285,-47.40463,-3.21595,-10.70914,1.47732,-0.28887,74.75772,-8.720339,-2.213806,0.478439,75.96776,55.860862,34.760439,,,,,,83.05724,,,5.20697,-1.17299,-0.87147,50,5.56484,1.13561,-117.89123,-2.25679,7.31861,22.68197,-33.82275,WES_POW,LEX_LEG,GoMart,Independent,ATL,20250703-GoMart-1,eb876be0-5864-11f0-b1d9-47d5dafa46c9,78.78205,100.72917,,6.48454,,,,2.28147,1.95962,0.19233,81cc797a-4601-4b1e-8094-3d1dc0b85384,2025-07-03,23:24:51.26,2025-07-03T19:24:51.2650000-04:00,2025-07-03T23:24:51.2650000Z,,v3,525,495,,"Quiroz, Isaias",657728,Right,LEX_LEG,32b98561-371e-442a-9c3f-4b3dca4c107e,55.75825,-118.99394,11.34098,5.63458,-0.61245,-16.91138,-0.91803,0.77981,3.6593,197.713544,2.28149,51.36736,-13.14772,3.44344,-0.30031,-0.5045,0.44098,-0.1627,0.02323,1.95961,92.22082,-22.82515,2.28252,-0.67683,0.45371,-0.28816,0.10004,-0.01406,0.19233,35.65085,-3.73727,0.75086,-0.14961,0.06322,-0.03451,0.0116,-0.00165,,,,,,,,,,,,,,,,,,,,,,,High,High,High,High,Undefined,,,
74,2025-07-03,19:25:43.30,4,1,"Ferrer, Ben",829343,Right,LEX_LEG,"Lopez, B.J.",625439,Right,WES_POW,Undefined,2,Bottom,1,0,0,Undefined,Sinker,StrikeCalled,Undefined,Undefined,Undefined,0,0,,91.00546,-0.859087,-1.730448,2025.830173,228.979188,1:45,5.75317,0.93209,5.14058,-22.23832,12.60036,13.16146,3.09064,0.399,82.82113,-4.980523,0.598905,0.424817,,,,,,,,,,,,-7.02201,6.85796,-0.78049,50,5.65594,3.35768,-131.94701,-2.80519,-12.3369,28.97493,-20.12535,WES_POW,LEX_LEG,GoMart,Independent,ATL,20250703-GoMart-1,0a6e3020-5865-11f0-b1d9-47d5dafa46c9,88.72623,,,8.18433,,,,,,,81cc797a-4601-4b1e-8094-3d1dc0b85384,2025-07-03,23:25:43.30,2025-07-03T19:25:43.3080000-04:00,2025-07-03T23:25:43.3080000Z,,v3,525,495,,"Quiroz, Isaias",657728,Right,LEX_LEG,5f5a5468-fe06-42bc-9635-384dc9d020a7,55.3567,-133.11812,14.48746,5.75288,-1.99177,-10.06267,-0.92628,3.85632,-6.16845,,,,,,,,,,,,,,,,,,,,,,,,,,,,,,,,,,,,,,,,,,,,,,,,,,,High,High,High,,,,,
75,2025-07-03,19:26:01.47,4,2,"Ferrer, Ben",829343,Right,LEX_LEG,"Lopez, B.J.",625439,Right,WES_POW,Undefined,2,Bottom,1,0,1,Undefined,Slider,StrikeSwinging,Undefined,Undefined,Undefined,0,0,,81.84649,-0.628986,-1.191799,2506.456323,70.666029,8:15,5.53498,1.03558,4.86784,-45.11294,-1.69563,-8.73937,1.18018,-0.82073,75.24609,-8.746814,-2.733568,0.474245,,,,,,,,,,,,3.99591,-0.28929,-0.9104,50,5.43456,2.84548,-118.72779,-3.0182,5.68908,23.27715,-32.58593,WES_POW,LEX_LEG,GoMart,Independent,ATL,20250703-GoMart-1,155fb3a0-5865-11f0-b1d9-47d5dafa46c9,79.47883,,,6.60039,,,,,,,81cc797a-4601-4b1e-8094-3d1dc0b85384,2025-07-03,23:26:01.47,2025-07-03T19:26:01.4710000-04:00,2025-07-03T23:26:01.4710000Z,,v3,525,495,,"Quiroz, Isaias",657728,Right,LEX_LEG,9c7e0a4a-efba-49da-bbcd-842d3c1e200e,55.63243,-119.82696,11.63857,5.54075,-1.47945,-16.29296,-1.03843,2.57683,2.84454,,,,,,,,,,,,,,,,,,,,,,,,,,,,,,,,,,,,,,,,,,,,,,,,,,,High,High,High,,,,,
76,2025-07-03,19:26:20.50,4,3,"Ferrer, Ben",829343,Right,LEX_LEG,"Lopez, B.J.",625439,Right,WES_POW,Undefined,2,Bottom,1,0,2,Undefined,Curveball,BallCalled,Undefined,Undefined,Undefined,0,0,,81.52213,-0.386306,-1.551162,2633.313537,55.952231,7:45,5.53428,0.89793,4.73913,-48.52806,-4.20953,-8.44445,1.12369,-1.27757,74.4527,-9.101988,-3.037206,0.479142,,,,,,,,,,,,3.6939,-1.57043,-0.73376,50,5.45213,3.56617,-118.12625,-2.67006,5.16422,24.72055,-34.36956,WES_POW,LEX_LEG,GoMart,Independent,ATL,20250703-GoMart-1,20b4b3e0-5865-11f0-b1d9-47d5dafa46c9,78.66653,,,7.06943,,,,,,,81cc797a-4601-4b1e-8094-3d1dc0b85384,2025-07-03,23:26:20.50,2025-07-03T19:26:20.5030000-04:00,2025-07-03T23:26:20.5030000Z,,v3,525,495,,"Quiroz, Isaias",657728,Right,LEX_LEG,1464e9df-d319-45d5-b76a-f15c8110ab80,55.76074,-119.32572,12.36028,5.54123,-1.0024,-17.18478,-0.90072,3.3156,2.58211,,,,,,,,,,,,,,,,,,,,,,,,,,,,,,,,,,,,,,,,,,,,,,,,,,,High,High,High,,,,,
77,2025-07-03,19:26:39.93,4,4,"Ferrer, Ben",829343,Right,LEX_LEG,"Lopez, B.J.",625439,Right,WES_POW,Undefined,2,Bottom,1,1,2,Undefined,Slider,BallCalled,Undefined,Undefined,Undefined,0,0,,81.95601,-0.099458,-1.944424,2614.66886,42.484089,7:30,5.54145,1.04713,4.53749,-48.10743,-4.6602,-5.40433,1.43775,-1.25527,76.00897,-8.671812,-2.891405,0.474409,,,,,,,,,,,,2.16232,-1.95654,-0.83901,50,5.48493,4.27528,-118.94422,-2.12273,3.12087,21.2206,-34.99788,WES_POW,LEX_LEG,GoMart,Independent,ATL,20250703-GoMart-1,2c4dc200-5865-11f0-b1d9-47d5dafa46c9,79.45143,,,5.94704,,,,,,,81cc797a-4601-4b1e-8094-3d1dc0b85384,2025-07-03,23:26:39.93,2025-07-03T19:26:39.9360000-04:00,2025-07-03T23:26:39.9360000Z,,v3,525,495,,"Quiroz, Isaias",657728,Right,LEX_LEG,c39ad01e-0a95-4160-b3b3-8ed8a36c1086,55.96471,-120.00366,10.6103,5.54729,-0.37547,-17.49894,-1.04856,4.11947,1.56044,,,,,,,,,,,,,,,,,,,,,,,,,,,,,,,,,,,,,,,,,,,,,,,,,,,High,High,High,,,,,
78,2025-07-03,19:27:01.31,4,5,"Ferrer, Ben",829343,Right,LEX_LEG,"Lopez, B.J.",625439,Right,WES_POW,Undefined,2,Bottom,1,2,2,Undefined,Curveball,StrikeCalled,Strikeout,Undefined,Undefined,0,0,,81.12084,1.260459,-0.65205,2581.244717,54.44236,7:45,5.5375,1.15001,4.70333,-49.95971,-5.62705,-9.77213,2.57093,-0.2833,74.56225,-7.708862,-2.36967,0.479218,,,,,,,,,,,,4.60296,-2.68154,-1.07473,50,5.62015,1.77048,-117.69433,0.63402,6.46207,22.1515,-35.93866,WES_POW,LEX_LEG,GoMart,Independent,ATL,20250703-GoMart-1,38f0c610-5865-11f0-b1d9-47d5dafa46c9,78.65403,,,6.5586,,,,,,,81cc797a-4601-4b1e-8094-3d1dc0b85384,2025-07-03,23:27:01.31,2025-07-03T19:27:01.3100000-04:00,2025-07-03T23:27:01.3100000Z,,v3,525,495,,"Quiroz, Isaias",657728,Right,LEX_LEG,bd169248-7ec7-4160-b22e-a203eda0e283,55.79734,-118.78045,11.07575,5.54586,2.39614,-17.96933,-1.15378,1.45364,3.23103,,,,,,,,,,,,,,,,,,,,,,,,,,,,,,,,,,,,,,,,,,,,,,,,,,,High,High,High,,,,,
79,2025-07-03,19:27:34.57,5,1,"Ferrer, Ben",829343,Right,LEX_LEG,"Moorer, Demetrius",693884,Right,WES_POW,Undefined,2,Bottom,2,0,0,Undefined,Slider,StrikeSwinging,Undefined,Undefined,Undefined,0,0,,81.56856,-0.631539,-1.93404,2518.593782,50.31475,7:45,5.56932,1.03576,4.6239,-49.00341,-4.58051,-7.3052,0.88499,-1.41222,74.64228,-9.400431,-3.216699,0.479706,,,,,,,,,,,,3.0104,-1.68575,-0.82992,50,5.45905,4.31063,-118.16366,-3.22196,4.21734,24.4402,-34.53567,WES_POW,LEX_LEG,GoMart,Independent,ATL,20250703-GoMart-1,4cde65b0-5865-11f0-b1d9-47d5dafa46c9,78.5741,,,6.92628,,,,,,,81cc797a-4601-4b1e-8094-3d1dc0b85384,2025-07-03,23:27:34.57,2025-07-03T19:27:34.5730000-04:00,2025-07-03T23:27:34.5730000Z,,v3,525,495,,"Quiroz, Isaias",657728,Right,LEX_LEG,4724b3ec-77b0-4fe9-afcc-05f153cd3421,55.87628,-119.37288,12.2201,5.57619,-1.51324,-17.26784,-1.03803,4.10197,2.10867,,,,,,,,,,,,,,,,,,,,,,,,,,,,,,,,,,,,,,,,,,,,,,,,,,,High,High,High,,,,,
80,2025-07-03,19:27:51.54,5,2,"Ferrer, Ben",829343,Right,LEX_LEG,"Moorer, Demetrius",693884,Right,WES_POW,Undefined,2,Bottom,2,0,1,Undefined,Slider,BallCalled,Undefined,Undefined,Undefined,0,0,,80.77045,-0.370989,-1.31025,2604.492413,63.79808,8:15,5.49886,1.07694,4.72131,-47.98877,-3.6015,-9.87808,1.14767,-0.98976,75.02413,-8.947832,-3.048277,0.479513,,,,,,,,,,,,4.55307,-1.35142,-0.93525,50,5.41808,3.10304,-117.29226,-2.60137,6.39128,20.59732,-34.07109,WES_POW,LEX_LEG,GoMart,Independent,ATL,20250703-GoMart-1,5701ead0-5865-11f0-b1d9-47d5dafa46c9,78.60563,,,5.74632,,,,,,,81cc797a-4601-4b1e-8094-3d1dc0b85384,2025-07-03,23:27:51.54,2025-07-03T19:27:51.5480000-04:00,2025-07-03T23:27:51.5480000Z,,v3,525,495,,"Quiroz, Isaias",657728,Right,LEX_LEG,8c11565c-2f1e-41c8-b787-dc9c01cdf6ae,55.78085,-118.30306,10.29866,5.50471,-0.92935,-17.03554,-1.07984,2.78939,3.19564,,,,,,,,,,,,,,,,,,,,,,,,,,,,,,,,,,,,,,,,,,,,,,,,,,,High,High,High,,,,,
81,2025-07-03,19:28:13.51,5,3,"Ferrer, Ben",829343,Right,LEX_LEG,"Moorer, Demetrius",693884,Right,WES_POW,Undefined,2,Bottom,2,1,1,Undefined,Curveball,BallCalled,Undefined,Undefined,Undefined,0,0,,80.91752,-0.371627,-0.85373,2549.260901,25.943314,6:45,5.55673,1.19518,4.5407,-54.90515,-9.99753,-5.54087,0.62745,-0.07943,74.66201,-10.140646,-1.827128,0.482316,,,,,,,,,,,,2.48547,-4.4676,-1.10067,50,5.46534,1.99061,-117.39733,-2.93875,3.46151,22.65374,-38.39607,WES_POW,LEX_LEG,GoMart,Independent,ATL,20250703-GoMart-1,641a6d00-5865-11f0-b1d9-47d5dafa46c9,78.14891,,,6.25551,,,,,,,81cc797a-4601-4b1e-8094-3d1dc0b85384,2025-07-03,23:28:13.51,2025-07-03T19:28:13.5130000-04:00,2025-07-03T23:28:13.5130000Z,,v3,525,495,,"Quiroz, Isaias",657728,Right,LEX_LEG,a1d83da5-483d-4bda-8286-cdee6102590f,55.96173,-118.54217,11.32687,5.56482,-0.99837,-19.19804,-1.19685,1.81568,1.73075,,,,,,,,,,,,,,,,,,,,,,,,,,,,,,,,,,,,,,,,,,,,,,,,,,,High,High,High,,,,,
82,2025-07-03,19:28:39.46,5,4,"Ferrer, Ben",829343,Right,LEX_LEG,"Moorer, Demetrius",693884,Right,WES_POW,Undefined,2,Bottom,2,2,1,Undefined,Sinker,InPlay,Undefined,LineDrive,Single,0,1,,91.05025,-0.526972,-2.141318,2141.416903,245.030501,2:15,5.58883,1.09699,5.10943,-27.87143,7.04485,12.61985,2.76937,0.13028,82.78076,-5.641981,0.090905,0.42529,91.4743,14.005735,-12.398348,5482.34018,107.62803,18.14512,-22.71876,224.6904,222.05086,-11.684307,2.121416,-6.95288,3.98366,-0.90568,50,5.51759,4.34545,-131.99343,-2.3063,-12.1915,29.69264,-25.1889,WES_POW,LEX_LEG,GoMart,Independent,ATL,20250703-GoMart-1,7386a330-5865-11f0-b1d9-47d5dafa46c9,88.62756,18.20368,,8.26949,,,,1.79041,2.84423,-0.10611,81cc797a-4601-4b1e-8094-3d1dc0b85384,2025-07-03,23:28:39.46,2025-07-03T19:28:39.4650000-04:00,2025-07-03T23:28:39.4650000Z,LineDrive,v3,525,495,,"Quiroz, Isaias",657728,Right,LEX_LEG,ad62e8ef-8769-4b14-a0e4-d3562fe749ca,55.38977,-133.20037,14.84632,5.59053,-1.28243,-12.59445,-1.09239,4.84101,-6.09575,216.820731,1.79041,127.13778,-14.66589,2.23314,-0.46674,0.08587,-0.01511,0.00218,-0.00016,2.84423,32.46976,-18.5105,1.64769,-0.31105,0.06768,-0.01074,0.00135,-0.0001,-0.10611,-27.94921,4.21512,-0.76881,0.15872,-0.03035,0.00518,-0.00073,6E-05,,,,,,,,,,,,,,,,,,,,,,,High,High,High,High,High,,,
83,2025-07-03,19:30:08.99,6,1,"Ferrer, Ben",829343,Right,LEX_LEG,"Nelson, James",663445,Right,WES_POW,Undefined,2,Bottom,2,0,0,Undefined,Slider,StrikeCalled,Undefined,Undefined,Undefined,0,0,,78.81353,1.169479,-0.493478,2468.684345,81.457141,8:45,5.68388,1.10655,5.20761,-45.82971,-0.14996,-9.50327,2.96474,-0.14948,73.02441,-7.140697,-2.178812,0.486445,,,,,,,,,,,,4.62717,0.02882,-1.05345,50,5.7573,1.36775,-114.53132,0.72969,6.20759,19.172,-32.1354,WES_POW,LEX_LEG,GoMart,Independent,ATL,20250703-GoMart-1,a8d555e0-5865-11f0-b1d9-47d5dafa46c9,77.48559,,,5.78912,,,,,,,81cc797a-4601-4b1e-8094-3d1dc0b85384,2025-07-03,23:30:08.99,2025-07-03T19:30:08.9930000-04:00,2025-07-03T23:30:08.9930000Z,,v3,525,495,,"Quiroz, Isaias",657728,Right,LEX_LEG,a3eb56d7-0c45-471d-bf51-a0cb12ec9840,55.29333,-115.41399,9.586,5.68964,2.20921,-16.0677,-1.10985,1.08196,3.1038,,,,,,,,,,,,,,,,,,,,,,,,,,,,,,,,,,,,,,,,,,,,,,,,,,,High,High,High,,,,,
84,2025-07-03,19:30:27.56,6,2,"Ferrer, Ben",829343,Right,LEX_LEG,"Nelson, James",663445,Right,WES_POW,Undefined,2,Bottom,2,0,1,Undefined,Four-Seam,InPlay,Undefined,LineDrive,Single,0,0,,88.95991,-0.746487,-2.685252,2310.642601,222.139105,1:30,5.69175,0.63031,5.01529,-22.59871,14.14607,11.6741,3.10319,-0.933,80.76164,-4.93703,-0.626282,0.436284,101.44653,16.494758,-4.14257,5044.291165,109.61098,24.74237,-9.2422,263.33229,263.33229,-5.799025,2.450488,-6.59933,7.59339,-0.38277,50,5.60249,5.50119,-128.86197,-2.50652,-11.03327,28.2041,-19.47883,WES_POW,LEX_LEG,GoMart,Independent,ATL,20250703-GoMart-1,b3ff0060-5865-11f0-b1d9-47d5dafa46c9,86.39429,26.09951,,8.19827,,,,1.83838,3.14754,0.93632,81cc797a-4601-4b1e-8094-3d1dc0b85384,2025-07-03,23:30:27.56,2025-07-03T19:30:27.5640000-04:00,2025-07-03T23:30:27.5640000Z,LineDrive,v3,525,495,,"Quiroz, Isaias",657728,Right,LEX_LEG,7f76cce2-5205-4ab2-a5cf-92ddbf4765ca,55.48284,-130.05646,14.10205,5.69118,-1.68155,-9.73942,-0.62565,5.96847,-5.51663,102.571936,1.83843,142.28794,-21.6975,4.23822,-0.62959,-0.0438,0.05222,-0.01304,0.00122,3.14754,42.24536,-21.42135,2.17152,-0.44042,0.10859,-0.02675,0.00504,-0.00045,0.93637,-10.31125,-3.41885,2.07721,-0.30499,-0.14517,0.09833,-0.02399,0.00227,,,,,,,,,,,,,,,,,,,,,,,High,High,High,High,High,,,
85,2025-07-03,19:31:48.78,7,1,"Ferrer, Ben",829343,Right,LEX_LEG,"Blackwell, Benjamin",701295,Right,WES_POW,Undefined,2,Bottom,2,0,0,Undefined,Slider,BallCalled,Undefined,Undefined,Undefined,0,0,,81.38976,-0.654182,-3.372104,2529.160183,111.21585,9:45,5.57289,1.12932,4.97259,-39.88912,3.33173,-5.57063,1.6298,-2.52362,75.80987,-7.828873,-4.352782,0.473171,,,,,,,,,,,,1.97106,2.14165,-0.79841,50,5.47664,7.18953,-118.08527,-2.81774,2.82042,19.66489,-29.10953,WES_POW,LEX_LEG,GoMart,Independent,ATL,20250703-GoMart-1,e46ac8b0-5865-11f0-b1d9-47d5dafa46c9,79.65926,,,5.5799,,,,,,,81cc797a-4601-4b1e-8094-3d1dc0b85384,2025-07-03,23:31:48.78,2025-07-03T19:31:48.7800000-04:00,2025-07-03T23:31:48.7800000Z,,v3,525,495,,"Quiroz, Isaias",657728,Right,LEX_LEG,47966c3a-734e-4b37-9d11-7590d1d9ecf2,55.52858,-119.00239,9.83244,5.57639,-1.46015,-14.55476,-1.13065,7.05799,1.41021,,,,,,,,,,,,,,,,,,,,,,,,,,,,,,,,,,,,,,,,,,,,,,,,,,,High,High,High,,,,,
86,2025-07-03,19:32:06.55,7,2,"Ferrer, Ben",829343,Right,LEX_LEG,"Blackwell, Benjamin",701295,Right,WES_POW,Undefined,2,Bottom,2,1,0,Undefined,Slider,BallCalled,Undefined,Undefined,Undefined,0,0,,79.70755,0.155057,-1.971908,2468.4395,78.629228,8:30,5.53246,1.14794,4.6485,-47.08432,-1.12827,-12.41725,1.75619,-1.76124,73.62041,-8.277104,-4.149744,0.487913,,,,,,,,,,,,5.55863,-0.19012,-0.93427,50,5.50521,4.51516,-115.61703,-1.48151,7.54645,20.95408,-32.43218,WES_POW,LEX_LEG,GoMart,Independent,ATL,20250703-GoMart-1,eee3c0d0-5865-11f0-b1d9-47d5dafa46c9,77.25231,,,6.08714,,,,,,,81cc797a-4601-4b1e-8094-3d1dc0b85384,2025-07-03,23:32:06.55,2025-07-03T19:32:06.5550000-04:00,2025-07-03T23:32:06.5550000Z,,v3,525,495,,"Quiroz, Isaias",657728,Right,LEX_LEG,b7144309-95ec-4914-a540-29cf8aa0ef8c,55.85208,-116.67283,10.47704,5.53869,0.15262,-16.21609,-1.15219,4.13493,3.77323,,,,,,,,,,,,,,,,,,,,,,,,,,,,,,,,,,,,,,,,,,,,,,,,,,,High,High,High,,,,,
87,2025-07-03,19:32:25.51,7,3,"Ferrer, Ben",829343,Right,LEX_LEG,"Blackwell, Benjamin",701295,Right,WES_POW,Undefined,2,Bottom,2,2,0,Undefined,Slider,StrikeCalled,Undefined,Undefined,Undefined,0,1,,79.4556,1.507799,-0.389963,2503.851245,72.199282,8:30,5.56769,1.18749,4.46821,-48.81192,-2.18701,-11.28005,2.93783,-0.12428,72.95354,-7.239959,-2.363101,0.491451,,,,,,,,,,,,5.37512,-1.05161,-1.13479,50,5.6793,1.28162,-115.21866,1.13015,7.23487,21.14969,-33.58953,WES_POW,LEX_LEG,GoMart,Independent,ATL,20250703-GoMart-1,fa323160-5865-11f0-b1d9-47d5dafa46c9,76.69621,,,6.50206,,,,,,,81cc797a-4601-4b1e-8094-3d1dc0b85384,2025-07-03,23:32:25.51,2025-07-03T19:32:25.5150000-04:00,2025-07-03T23:32:25.5150000Z,,v3,525,495,,"Quiroz, Isaias",657728,Right,LEX_LEG,90baf982-59d2-471f-a726-21dc18228e06,56.03197,-116.32063,10.57484,5.57482,2.88027,-16.79476,-1.19175,0.90466,3.61743,,,,,,,,,,,,,,,,,,,,,,,,,,,,,77.27159,,0.750694,,-0.83962,2.64312,0.21901,-0.86923,6.22708,1.34424,,,,-0.77071,111.86852,-9.57474,6.24043,7.61531,-11.51932,1.30249,-0.93891,3.00383,High,High,High,,,High,High,Medium
88,2025-07-03,19:33:25.84,7,4,"Ferrer, Ben",829343,Right,LEX_LEG,"Blackwell, Benjamin",701295,Right,WES_POW,Undefined,2,Bottom,2,2,1,Undefined,Curveball,BallCalled,Undefined,Undefined,Undefined,0,0,,80.75457,-0.594713,-1.729178,2608.449578,16.414751,6:30,5.52761,1.25622,4.79422,-50.31078,-5.45685,-2.03453,0.77119,-0.55246,74.16941,-9.615888,-2.087804,0.482027,,,,,,,,,,,,0.50291,-2.18429,-1.08187,50,5.42398,3.62094,-117.08937,-3.12718,0.69429,23.25779,-35.18957,WES_POW,LEX_LEG,GoMart,Independent,ATL,20250703-GoMart-1,1e42ad00-5866-11f0-b1d9-47d5dafa46c9,78.19563,,,6.58516,,,,,,,81cc797a-4601-4b1e-8094-3d1dc0b85384,2025-07-03,23:33:25.84,2025-07-03T19:33:25.8490000-04:00,2025-07-03T23:33:25.8490000Z,,v3,525,495,,"Quiroz, Isaias",657728,Right,LEX_LEG,8066197d-f1ae-4fbd-9221-30e6a76bf6be,55.70685,-118.21751,11.62889,5.53427,-1.42029,-17.59479,-1.25669,3.58727,0.34715,,,,,,,,,,,,,,,,,,,,,,,,,,,,,,,,,,,,,,,,,,,,,,,,,,,High,High,High,,,,,
89,2025-07-03,19:33:47.40,7,5,"Ferrer, Ben",829343,Right,LEX_LEG,"Blackwell, Benjamin",701295,Right,WES_POW,Undefined,2,Bottom,2,3,1,Undefined,Curveball,InPlay,Undefined,GroundBall,Error,0,0,,80.37718,0.136961,-0.981671,2619.161153,27.10657,7:00,5.49639,1.17437,4.61286,-51.69306,-6.13008,-3.89488,1.31888,-0.08367,73.69425,-9.11736,-1.666001,0.485822,56.89129,-30.987628,44.154797,,,,,3.88046,3.88046,25.651865,0.032182,1.62685,-2.66461,-1.06953,50,5.4623,2.16606,-116.54392,-1.73119,2.22523,23.02404,-35.81879,WES_POW,LEX_LEG,GoMart,Independent,ATL,20250703-GoMart-1,2b18a7f0-5866-11f0-b1d9-47d5dafa46c9,77.5848,1.38677,,6.68292,,,,1.84132,1.38677,0.07135,81cc797a-4601-4b1e-8094-3d1dc0b85384,2025-07-03,23:33:47.40,2025-07-03T19:33:47.4020000-04:00,2025-07-03T23:33:47.4020000Z,GroundBall,v3,525,495,,"Quiroz, Isaias",657728,Right,LEX_LEG,281af335-8b57-4f7f-a77a-01382ac4e33b,55.88781,-117.70135,11.51202,5.50407,0.06944,-17.9094,-1.17561,2.0542,1.11261,,1.8405,51.47912,,,,,,,,1.38745,-43.09179,,,,,,,,0.07055,49.9823,,,,,,,,,,,,,,,,,,,,,,,,,,,,,,High,High,High,Estimated,Estimated,,,
90,2025-07-03,19:34:36.29,8,1,"Ferrer, Ben",829343,Right,LEX_LEG,"Sedio, Chad",670466,Left,WES_POW,Undefined,2,Bottom,2,0,0,Undefined,Sinker,FoulBallNotFieldable,Undefined,Undefined,Undefined,0,0,,90.41813,-0.773955,-2.453605,2131.650333,243.371646,2:00,5.5613,1.36457,5.10327,-25.71072,10.12512,17.53458,2.68877,0.51247,81.25657,-5.536143,0.646821,0.430854,75.87841,27.981653,-159.039042,2198.824692,,,,,49.15121,,,-9.54182,5.65977,-1.14758,50,5.46867,4.77748,-130.86607,-2.74131,-16.2552,32.16247,-22.5322,WES_POW,LEX_LEG,GoMart,Independent,ATL,20250703-GoMart-1,4839ee70-5866-11f0-b1d9-47d5dafa46c9,87.48307,23.46951,,9.16157,,,,1.95858,2.90353,-0.4741,81cc797a-4601-4b1e-8094-3d1dc0b85384,2025-07-03,23:34:36.29,2025-07-03T19:34:36.2950000-04:00,2025-07-03T23:34:36.2950000Z,,v3,525,495,,"Quiroz, Isaias",657728,Right,LEX_LEG,eaba94e6-ed09-4c34-b081-ffd1994335d1,55.39401,-132.18509,16.08123,5.56215,-1.81723,-11.2661,-1.35718,5.44412,-8.1276,,1.95858,-91.77471,8.03501,0.13068,-0.0954,0.05347,-0.00769,-0.00755,0.00485,2.90353,52.21516,-28.84865,4.06909,-0.82871,0.12831,0.11505,-0.17724,0.09,-0.4741,-35.15728,7.91137,-0.43236,0.04396,0.02612,-0.03193,0.03171,-0.01511,,,,,,,,,,,,,,,,,,,,,,,High,High,High,High,Undefined,,,
91,2025-07-03,19:35:09.97,8,2,"Ferrer, Ben",829343,Right,LEX_LEG,"Sedio, Chad",670466,Left,WES_POW,Undefined,2,Bottom,2,0,1,Undefined,Changeup,BallCalled,Undefined,Undefined,Undefined,0,0,,84.77757,-0.982054,-4.217915,2068.503656,261.521445,2:45,5.40424,1.27241,5.61059,-36.00423,3.6826,15.68308,1.48467,-1.36476,77.24149,-7.598428,-1.423696,0.453414,,,,,,,,,,,,-9.20067,2.55327,-0.92172,50,5.2969,8.39891,-122.74317,-3.36543,-13.9438,25.79051,-28.30452,WES_POW,LEX_LEG,GoMart,Independent,ATL,20250703-GoMart-1,5c3c2780-5866-11f0-b1d9-47d5dafa46c9,83.13037,,,7.53608,,,,,,,81cc797a-4601-4b1e-8094-3d1dc0b85384,2025-07-03,23:35:09.97,2025-07-03T19:35:09.9740000-04:00,2025-07-03T23:35:09.9740000Z,,v3,525,495,,"Quiroz, Isaias",657728,Right,LEX_LEG,7330fefe-e8c2-472d-944c-171c7c141016,54.88854,-123.76608,12.89526,5.40811,-2.24281,-14.15226,-1.26581,8.95195,-6.9719,,,,,,,,,,,,,,,,,,,,,,,,,,,,,,,,,,,,,,,,,,,,,,,,,,,High,High,High,,,,,
92,2025-07-03,19:35:29.60,8,3,"Ferrer, Ben",829343,Right,LEX_LEG,"Sedio, Chad",670466,Left,WES_POW,Undefined,2,Bottom,2,1,1,Undefined,Sinker,InPlay,Undefined,LineDrive,Single,0,1,,85.8445,-0.746461,-2.911991,2094.12982,247.947495,2:15,5.32279,1.41397,5.54553,-31.12718,7.54685,15.42481,2.03033,-0.02431,78.15976,-6.495094,-0.162894,0.447591,105.11032,6.758041,15.660998,1888.364254,,,,136.18798,135.16158,18.851185,0.982328,-8.70819,4.39886,-1.17234,50,5.2375,5.68469,-124.46436,-2.70368,-13.57379,26.45764,-25.31737,WES_POW,LEX_LEG,GoMart,Independent,ATL,20250703-GoMart-1,6805e290-5866-11f0-b1d9-47d5dafa46c9,84.21182,5.88977,,7.68475,,,,2.299,2.15277,0.14137,81cc797a-4601-4b1e-8094-3d1dc0b85384,2025-07-03,23:35:29.60,2025-07-03T19:35:29.6040000-04:00,2025-07-03T23:35:29.6040000Z,GroundBall,v3,525,495,,"Quiroz, Isaias",657728,Right,LEX_LEG,b244b76a-57e2-4f50-be57-2f9237d87429,54.95399,-125.51302,13.22882,5.32477,-1.70022,-12.65868,-1.40832,6.22269,-6.7869,291.677229,2.40032,145.99946,-17.64707,,,,,,,2.24387,16.87323,-19.58791,,,,,,,0.08197,42.16262,2.64966,,,,,,,,,,,,,,,,,,,,,,,,,,,,,High,High,High,High,High,,,
93,2025-07-03,19:36:34.93,9,1,"Ferrer, Ben",829343,Right,LEX_LEG,"Barnum, Keon",621572,Left,WES_POW,Undefined,2,Bottom,2,0,0,Undefined,Changeup,InPlay,Undefined,LineDrive,Single,0,1,,87.50448,0.42431,-2.911114,2020.606532,260.260645,2:45,5.4264,1.4097,5.60465,-33.19246,3.68496,14.76761,3.05698,-0.07952,80.09133,-5.683629,-0.277116,0.437071,110.53328,1.169223,31.427874,3143.484015,,,,77.13275,74.0867,32.525639,0.498233,-8.32804,2.06843,-1.17043,50,5.44111,5.8338,-126.99208,-0.24948,-13.61084,25.80998,-28.79358,WES_POW,LEX_LEG,GoMart,Independent,ATL,20250703-GoMart-1,8eeeab80-5866-11f0-b1d9-47d5dafa46c9,86.23878,3.46577,,7.41316,,,,1.73773,3.33749,-0.00365,81cc797a-4601-4b1e-8094-3d1dc0b85384,2025-07-03,23:36:34.93,2025-07-03T19:36:34.9300000-04:00,2025-07-03T23:36:34.9300000Z,GroundBall,v3,525,495,,"Quiroz, Isaias",657728,Right,LEX_LEG,bfc0c2f2-2c40-4fad-985c-efd3ca0a3261,54.89599,-127.98328,12.90499,5.42946,0.85629,-14.39679,-1.4045,6.35651,-6.80542,,1.7574,137.77411,-21.6934,,,,,,,3.35068,2.95284,-19.47496,,,,,,,-0.00749,84.6182,-2.72344,,,,,,,,,,,,,,,,,,,,,,,,,,,,,High,High,High,High,High,,,
94,2025-07-03,19:37:41.43,10,1,"Ferrer, Ben",829343,Right,LEX_LEG,"Rosa, Joseph",660563,Left,WES_POW,Undefined,2,Bottom,2,0,0,Undefined,Changeup,FoulBallNotFieldable,Undefined,Undefined,Undefined,0,0,,86.58892,-0.396486,-2.620485,2091.83236,270.527987,3:00,5.37729,1.38629,5.51374,-36.78778,1.04618,16.24694,1.94051,0.28812,79.34579,-7.128443,0.276265,0.442703,,,,,,,,,,,,-9.05745,0.9165,-1.16943,50,5.31764,5.07833,-125.68341,-2.2027,-14.4663,25.82465,-30.71023,WES_POW,LEX_LEG,GoMart,Independent,ATL,20250703-GoMart-1,b68fef00-5866-11f0-b1d9-47d5dafa46c9,85.14166,,,7.24313,,,,,,,81cc797a-4601-4b1e-8094-3d1dc0b85384,2025-07-03,23:37:41.43,2025-07-03T19:37:41.4370000-04:00,2025-07-03T23:37:41.4370000Z,,v3,525,495,,"Quiroz, Isaias",657728,Right,LEX_LEG,3dd962ee-ad7d-49df-88a0-05209b728ba7,54.98809,-126.70419,12.91232,5.38072,-0.98881,-15.35511,-1.38147,5.65014,-7.23315,,,,,,,,,,,,,,,,,,,,,,,,,,,,,,,,,,,,,,,,,,,,,,,,,,,High,High,High,,,,,
95,2025-07-03,19:38:05.56,10,2,"Ferrer, Ben",829343,Right,LEX_LEG,"Rosa, Joseph",660563,Left,WES_POW,Undefined,2,Bottom,2,0,1,Undefined,Four-Seam,StrikeSwinging,Undefined,Undefined,Undefined,0,0,,87.0771,0.529902,-2.286038,2188.397503,275.731343,3:15,5.42785,1.26309,5.61492,-38.09793,-0.25421,16.23812,2.748,0.48154,78.47772,-6.493001,0.614173,0.44276,,,,,,,,,,,,-8.90607,0.14409,-1.07824,50,5.44898,4.32102,-126.18506,-0.23125,-14.1158,29.74334,-31.94565,WES_POW,LEX_LEG,GoMart,Independent,ATL,20250703-GoMart-1,c4dcf990-5866-11f0-b1d9-47d5dafa46c9,85.13066,,,8.59939,,,,,,,81cc797a-4601-4b1e-8094-3d1dc0b85384,2025-07-03,23:38:05.56,2025-07-03T19:38:05.5670000-04:00,2025-07-03T23:38:05.5670000Z,,v3,525,495,,"Quiroz, Isaias",657728,Right,LEX_LEG,15f74751-dbe8-414b-9d89-8b9ebe31718b,54.8822,-127.33066,14.87167,5.43419,0.99917,-15.97283,-1.25514,4.8647,-7.0579,,,,,,,,,,,,,,,,,,,,,,,,,,,,,,,,,,,,,,,,,,,,,,,,,,,High,High,High,,,,,
96,2025-07-03,19:38:28.19,10,3,"Ferrer, Ben",829343,Right,LEX_LEG,"Rosa, Joseph",660563,Left,WES_POW,Undefined,2,Bottom,2,0,2,Undefined,Sinker,BallCalled,Undefined,Undefined,Undefined,0,0,,90.92949,-0.364527,-0.24004,2038.748066,242.652876,2:00,5.50739,1.34931,5.11204,-26.49978,8.47343,14.13898,2.95565,2.30142,82.69607,-5.238386,2.26227,0.425637,,,,,,,,,,,,-7.06115,4.6741,-1.33807,50,5.45279,-0.12738,-131.87444,-1.86963,-12.36333,29.54715,-23.99015,WES_POW,LEX_LEG,GoMart,Independent,ATL,20250703-GoMart-1,d2543d90-5866-11f0-b1d9-47d5dafa46c9,88.55537,,,8.23343,,,,,,,81cc797a-4601-4b1e-8094-3d1dc0b85384,2025-07-03,23:38:28.19,2025-07-03T19:38:28.1980000-04:00,2025-07-03T23:38:28.1980000Z,,v3,525,495,,"Quiroz, Isaias",657728,Right,LEX_LEG,c688fb99-7ba2-4af7-969f-be0a4860cf53,55.38502,-133.07551,14.77358,5.50897,-0.89445,-11.99508,-1.34311,0.37518,-6.18166,,,,,,,,,,,,,,,,,,,,,,,,,,,,,,,,,,,,,,,,,,,,,,,,,,,High,High,High,,,,,
97,2025-07-03,19:38:48.41,10,4,"Ferrer, Ben",829343,Right,LEX_LEG,"Rosa, Joseph",660563,Left,WES_POW,Undefined,2,Bottom,2,1,2,Undefined,Curveball,InPlay,Undefined,LineDrive,Double,0,1,,81.78275,-0.474697,-0.693033,2568.294917,45.82197,7:30,5.51638,0.95569,4.76472,-48.80601,-5.05091,-6.65504,0.99909,-0.25604,75.03447,-9.231916,-1.865924,0.476086,98.98757,9.829907,38.040083,2800.175849,84.00708,10.52994,71.01231,189.88324,185.19972,42.962009,1.576056,3.10394,-2.03394,-0.87995,50,5.4254,1.72081,-118.62126,-2.86493,4.39691,23.92053,-35.05528,WES_POW,LEX_LEG,GoMart,Independent,ATL,20250703-GoMart-1,de7c1e30-5866-11f0-b1d9-47d5dafa46c9,79.17145,10.6712,,6.74828,,,,3.48173,1.74011,0.06576,81cc797a-4601-4b1e-8094-3d1dc0b85384,2025-07-03,23:38:48.41,2025-07-03T19:38:48.4150000-04:00,2025-07-03T23:38:48.4150000Z,LineDrive,v3,525,495,,"Quiroz, Isaias",657728,Right,LEX_LEG,7b10e416-0ebf-42f1-9077-899b278f38b7,55.73644,-119.77245,11.96026,5.52268,-1.17786,-17.52764,-0.95767,1.50921,2.19846,,3.48171,112.66698,-23.36804,5.81978,-2.00044,1.17694,-0.62948,0.19178,-0.02414,1.74012,24.78418,-17.9087,0.96428,0.27399,-0.47498,0.31159,-0.1012,0.01327,0.06578,88.14674,-3.55837,-0.7187,0.89427,-0.80375,0.47344,-0.15043,0.01961,,,,,,,,,,,,,,,,,,,,,,,High,High,High,Medium,High,,,
98,2025-07-03,19:41:35.99,11,1,"Acosta, Jose",1000210391,Left,LEX_LEG,"Daniels, Zach",671113,Right,WES_POW,Undefined,2,Bottom,2,0,0,Undefined,Changeup,StrikeSwinging,Undefined,Undefined,Undefined,0,0,,85.48356,-0.763802,3.826285,1675.007254,96.689285,9:15,5.57187,-2.11751,6.45622,-34.7877,2.95583,-14.42335,1.96963,0.20073,77.9122,-7.259519,1.213749,0.442173,,,,,,,,,,,,8.67032,2.16567,1.85251,50,5.50255,-7.74744,-124.0008,-2.72485,13.4013,26.48307,-28.8267,WES_POW,LEX_LEG,GoMart,Independent,ATL,20250703-GoMart-1,4263d500-5867-11f0-b1d9-47d5dafa46c9,85.24356,,,7.57136,,,,,,,81cc797a-4601-4b1e-8094-3d1dc0b85384,2025-07-03,23:41:35.99,2025-07-03T19:41:35.9930000-04:00,2025-07-03T23:41:35.9930000Z,,v3,525,495,,"Quiroz, Isaias",657728,Right,LEX_LEG,6ab2e758-71a0-43fd-8833-160aa0d0ff8f,54.04285,-124.86125,13.24154,5.57587,-1.78825,-14.41335,2.1113,-8.18285,6.70065,,,,,,,,,,,,,,,,,,,,,,,,,,,,,,,,,,,,,,,,,,,,,,,,,,,High,High,High,,,,,
99,2025-07-03,19:41:59.89,11,2,"Acosta, Jose",1000210391,Left,LEX_LEG,"Daniels, Zach",671113,Right,WES_POW,Undefined,2,Bottom,2,0,1,Undefined,Changeup,BallCalled,Undefined,Undefined,Undefined,0,0,,86.35054,0.945663,2.002586,1554.424421,96.425409,9:15,5.6167,-2.0964,6.75364,-33.89151,2.78713,-13.40099,3.65682,-1.38316,78.07433,-5.453893,-0.441939,0.435891,,,,,,,,,,,,7.65819,1.59354,1.96925,50,5.66639,-3.88033,-125.42591,1.07299,12.03134,28.63085,-29.67055,WES_POW,LEX_LEG,GoMart,Independent,ATL,20250703-GoMart-1,508bf270-5867-11f0-b1d9-47d5dafa46c9,86.47214,,,8.27621,,,,,,,81cc797a-4601-4b1e-8094-3d1dc0b85384,2025-07-03,23:41:59.89,2025-07-03T19:41:59.8960000-04:00,2025-07-03T23:41:59.8960000Z,,v3,525,495,,"Quiroz, Isaias",657728,Right,LEX_LEG,97173db7-f79c-405d-b543-c91260aca2e9,53.74359,-126.27756,14.31542,5.62135,1.95557,-14.83528,2.08999,-4.23821,6.01567,,,,,,,,,,,,,,,,,,,,,,,,,,,,,,,,,,,,,,,,,,,,,,,,,,,High,High,High,,,,,
100,2025-07-03,19:42:19.99,11,3,"Acosta, Jose",1000210391,Left,LEX_LEG,"Daniels, Zach",671113,Right,WES_POW,Undefined,2,Bottom,2,1,1,Undefined,Four-Seam,BallCalled,Undefined,Undefined,Undefined,0,0,,90.27386,0.521905,2.201755,2131.633952,141.894605,10:45,5.53727,-2.0782,6.30906,-21.86029,12.26922,-8.68898,4.19673,-0.77302,81.47265,-3.639878,0.631542,0.420471,,,,,,,,,,,,5.17414,6.55823,1.9206,50,5.56509,-4.6736,-130.99016,0.54381,8.88004,30.82519,-20.91857,WES_POW,LEX_LEG,GoMart,Independent,ATL,20250703-GoMart-1,5c817870-5867-11f0-b1d9-47d5dafa46c9,89.64329,,,8.80121,,,,,,,81cc797a-4601-4b1e-8094-3d1dc0b85384,2025-07-03,23:42:19.99,2025-07-03T19:42:19.9940000-04:00,2025-07-03T23:42:19.9940000Z,,v3,525,495,,"Quiroz, Isaias",657728,Right,LEX_LEG,d1dd0976-4e1f-424f-8d93-c8ba2bf4a0a9,54.18686,-131.97176,15.4126,5.53717,1.20994,-10.45929,2.07393,-4.95637,4.44002,,,,,,,,,,,,,,,,,,,,,,,,,,,,,,,,,,,,,,,,,,,,,,,,,,,High,High,High,,,,,
101,2025-07-03,19:42:40.39,11,4,"Acosta, Jose",1000210391,Left,LEX_LEG,"Daniels, Zach",671113,Right,WES_POW,Undefined,2,Bottom,2,2,1,Undefined,Changeup,BallCalled,Undefined,Undefined,Undefined,0,0,,86.39072,-2.110119,5.625297,1738.254351,84.680942,8:45,5.43298,-2.00753,6.70475,-37.22372,-0.28291,-16.83611,0.39152,1.74924,78.66359,-9.048301,2.569669,0.437446,,,,,,,,,,,,10.69575,0.85374,1.6392,50,5.27784,-11.7049,-124.97623,-5.73693,16.72164,27.893,-30.83931,WES_POW,LEX_LEG,GoMart,Independent,ATL,20250703-GoMart-1,68c23840-5867-11f0-b1d9-47d5dafa46c9,86.16473,,,7.72713,,,,,,,81cc797a-4601-4b1e-8094-3d1dc0b85384,2025-07-03,23:42:40.39,2025-07-03T19:42:40.3950000-04:00,2025-07-03T23:42:40.3950000Z,,v3,525,495,,"Quiroz, Isaias",657728,Right,LEX_LEG,1667acf8-da6c-446e-9a58-775b6e99f189,53.7959,-125.82058,13.9465,5.43737,-4.8034,-15.41966,2.00117,-12.21108,8.36082,,,,,,,,,,,,,,,,,,,,,,,,,,,,,,,,,,,,,,,,,,,,,,,,,,,High,High,High,,,,,
102,2025-07-03,19:43:05.54,11,5,"Acosta, Jose",1000210391,Left,LEX_LEG,"Daniels, Zach",671113,Right,WES_POW,Undefined,2,Bottom,2,3,1,Undefined,Sinker,StrikeSwinging,Undefined,Undefined,Undefined,0,0,,89.84145,-1.871277,2.791428,2252.397099,133.972484,10:30,5.54009,-2.1199,6.34114,-21.81123,12.44481,-11.71064,1.99705,-0.52384,81.80413,-5.997599,0.67344,0.42125,,,,,,,,,,,,6.91508,7.37615,1.922,50,5.3935,-5.88459,-130.35703,-4.91161,11.82852,28.91607,-19.55691,WES_POW,LEX_LEG,GoMart,Independent,ATL,20250703-GoMart-1,77c106a0-5867-11f0-b1d9-47d5dafa46c9,89.47756,,,8.03731,,,,,,,81cc797a-4601-4b1e-8094-3d1dc0b85384,2025-07-03,23:43:05.54,2025-07-03T19:43:05.5470000-04:00,2025-07-03T23:43:05.5470000Z,,v3,525,495,,"Quiroz, Isaias",657728,Right,LEX_LEG,fbcc0fe9-5362-47d0-8a50-08052fbc24e3,54.15701,-131.27591,14.45804,5.53971,-4.29014,-9.77846,2.11497,-6.26047,5.91426,,,,,,,,,,,,,,,,,,,,,,,,,,,,,,,,,,,,,,,,,,,,,,,,,,,High,High,High,,,,,
103,2025-07-03,19:43:27.33,11,6,"Acosta, Jose",1000210391,Left,LEX_LEG,"Daniels, Zach",671113,Right,WES_POW,Undefined,2,Bottom,2,3,2,Undefined,Four-Seam,FoulBallNotFieldable,Undefined,Undefined,Undefined,0,0,,90.89011,-1.435354,3.167937,2285.485379,144.790137,10:45,5.5756,-2.09962,6.2939,-19.44588,14.06501,-9.14079,2.63018,0.06077,82.72683,-5.131052,1.518026,0.416643,95.51719,53.086015,29.968852,5015.822905,84.76601,128.50347,70.10503,278.43606,119.90476,48.805548,6.121301,5.68929,8.06622,1.87073,50,5.46044,-6.92733,-131.86478,-3.87924,9.96655,29.36998,-18.04357,WES_POW,LEX_LEG,GoMart,Independent,ATL,20250703-GoMart-1,84bc15c0-5867-11f0-b1d9-47d5dafa46c9,90.46696,147.67279,,8.16328,,,,1.45343,2.65091,-0.39553,81cc797a-4601-4b1e-8094-3d1dc0b85384,2025-07-03,23:43:27.33,2025-07-03T19:43:27.3340000-04:00,2025-07-03T23:43:27.3340000Z,FlyBall,v3,525,495,,"Quiroz, Isaias",657728,Right,LEX_LEG,57c1ebfd-7dff-4514-9e6e-b80b4011d593,54.20461,-132.79796,14.68499,5.57459,-3.30593,-9.02179,2.09586,-7.244,4.98327,207.913037,1.47432,72.45905,-20.68495,3.49502,0.72989,-0.59332,0.14497,-0.01615,0.00069,2.62836,112.34432,-28.32895,4.34823,-1.18761,0.23209,-0.02143,0.00012,7E-05,-0.40943,42.27236,-1.48341,0.59281,-0.62493,0.27219,-0.05845,0.00619,-0.00026,,,,,,,,,,,,,,,,,,,,,,,High,High,High,Medium,Low,,,
104,2025-07-03,19:44:01.39,11,7,"Acosta, Jose",1000210391,Left,LEX_LEG,"Daniels, Zach",671113,Right,WES_POW,Undefined,2,Bottom,2,3,2,Undefined,Four-Seam,FoulBallNotFieldable,Undefined,Undefined,Undefined,0,0,,91.46117,-0.794851,2.760401,2200.786176,143.386346,10:45,5.62421,-1.95661,6.53016,-19.26347,13.57379,-9.2639,3.28888,-0.19441,83.00716,-4.479833,1.079906,0.412434,,,,,,,,,,,,5.62532,7.66996,1.76819,50,5.56048,-6.01789,-132.75228,-2.38032,9.96783,30.28842,-18.58319,WES_POW,LEX_LEG,GoMart,Independent,ATL,20250703-GoMart-1,98f627b0-5867-11f0-b1d9-47d5dafa46c9,91.39016,,,8.45401,,,,,,,81cc797a-4601-4b1e-8094-3d1dc0b85384,2025-07-03,23:44:01.39,2025-07-03T19:44:01.3990000-04:00,2025-07-03T23:44:01.3990000Z,,v3,525,495,,"Quiroz, Isaias",657728,Right,LEX_LEG,ae7fd923-c37e-4f7a-b084-216f38da9136,53.96579,-133.65404,15.14421,5.62311,-1.82705,-9.29159,1.95177,-6.31466,4.98392,,,,,,,,,,,,,,,,,,,,,,,,,,,,,,,,,,,,,,,,,,,,,,,,,,,High,High,High,,,,,
105,2025-07-03,19:44:27.40,11,8,"Acosta, Jose",1000210391,Left,LEX_LEG,"Daniels, Zach",671113,Right,WES_POW,Undefined,2,Bottom,2,3,2,Undefined,Changeup,StrikeSwinging,Strikeout,Undefined,Undefined,0,0,,85.68305,-1.642028,3.653774,1611.656981,95.199371,9:15,5.52041,-1.89823,6.84521,-34.29644,2.62366,-15.59371,1.16164,0.13849,78.43251,-8.074044,0.805485,0.437324,,,,,,,,,,,,9.40418,2.21268,1.66957,50,5.40288,-7.40414,-124.40834,-4.54438,14.65599,26.26684,-28.72566,WES_POW,LEX_LEG,GoMart,Independent,ATL,20250703-GoMart-1,a894df90-5867-11f0-b1d9-47d5dafa46c9,86.18892,,,7.25054,,,,,,,81cc797a-4601-4b1e-8094-3d1dc0b85384,2025-07-03,23:44:27.40,2025-07-03T19:44:27.4090000-04:00,2025-07-03T23:44:27.4090000Z,,v3,525,495,,"Quiroz, Isaias",657728,Right,LEX_LEG,b7142c3a-b974-4494-8bbd-ef9df16a88fd,53.65561,-125.17779,13.13342,5.52368,-3.70291,-14.36283,1.89275,-7.83346,7.328,,,,,,,,,,,,,,,,,,,,,,,,,,,,,43.2553,,,1.756592,,,,-3.32915,6.83176,-2.85243,55.48838,4.89273,-69.45696,-3.27477,36.62263,-1.81399,7.00852,25.67011,-15.34108,-2.97145,-42.87097,2.8811,High,High,High,,,High,Medium,High
106,2025-07-03,19:47:24.85,1,1,"Lebron, David",673933,Right,WES_POW,"Whalen, Brady",669714,Left,LEX_LEG,Undefined,3,Top,0,0,0,Undefined,,FoulBallNotFieldable,Undefined,Undefined,Undefined,0,0,,,,,,,,,,,,,,,,,,,,,,,,,,,,,,,,,,,,,,,,,,WES_POW,LEX_LEG,GoMart,Independent,ATL,20250703-GoMart-1,08069ea0-5868-11f0-b1d9-47d5dafa46c9,,,,,,,,,,,81cc797a-4601-4b1e-8094-3d1dc0b85384,2025-07-03,23:47:24.85,2025-07-03T19:47:24.8520000-04:00,2025-07-03T23:47:24.8520000Z,,v3,525,495,,"Lopez, B.J.",625439,Right,WES_POW,,,,,,,,,,,,,,,,,,,,,,,,,,,,,,,,,,,,,,,,,,,,,,,,,,,,,,,,,,,,,,,,,,,,
107,2025-07-03,19:47:25.85,1,2,"Lebron, David",673933,Right,WES_POW,"Whalen, Brady",669714,Left,LEX_LEG,Undefined,3,Top,0,0,1,Undefined,Four-Seam,InPlay,Undefined,FlyBall,Out,1,0,,87.66226,-2.985509,-1.183797,2215.085509,194.861876,12:30,6.11046,0.34582,5.11864,-15.14713,22.39608,5.61488,2.03276,-0.30155,80.06553,-5.850395,-0.190614,0.440998,84.72094,53.343535,-22.584053,3952.106363,95.1866,118.69753,-55.13175,251.67562,108.14175,-35.568122,5.723563,-3.14146,12.37422,-0.23911,50,5.81844,2.37269,-127.01552,-7.09527,-5.12836,26.18607,-11.97344,WES_POW,LEX_LEG,GoMart,Independent,ATL,20250703-GoMart-1,12ea6680-5868-11f0-b1d9-47d5dafa46c9,85.47072,127.23479,,7.59673,,,,1.7443,2.60942,-0.04691,81cc797a-4601-4b1e-8094-3d1dc0b85384,2025-07-03,23:47:25.85,2025-07-03T19:47:25.8520000-04:00,2025-07-03T23:47:25.8520000Z,FlyBall,v3,525,495,,"Lopez, B.J.",625439,Right,WES_POW,ce54ac23-f55b-4d63-9a39-8654a7758c38,55.37988,-128.11986,13.09304,6.10701,-6.59031,-5.98672,-0.34374,2.58897,-2.56418,155.770008,1.75305,68.30993,-16.10406,3.29743,-0.02623,-0.21416,0.06184,-0.00741,0.00033,2.60094,99.81823,-24.76789,3.00216,-0.65597,0.08377,0.00314,-0.00215,0.00016,-0.04257,-28.57368,0.01217,0.05185,0.19032,-0.11375,0.02879,-0.00346,0.00016,,,,,,,,,,,,,,,,,,,,,,,High,High,High,High,Low,,,
108,2025-07-03,19:48:00.58,2,1,"Lebron, David",673933,Right,WES_POW,"Terry, Curtis",663799,Right,LEX_LEG,Undefined,3,Top,1,0,0,Undefined,Slider,InPlay,Undefined,LineDrive,Double,0,0,,80.18728,-0.171098,-0.481037,2029.835875,137.194602,10:30,6.16922,0.21144,5.23451,-38.19939,6.32154,-4.55469,2.82511,-0.62028,73.56861,-7.14989,-1.289353,0.480235,107.18127,12.702572,-31.35613,2275.984858,93.0126,18.44362,-58.72398,248.52511,248.52511,-36.184307,2.111744,2.16858,3.57717,-0.16354,50,6.1249,1.15917,-116.41354,-1.65918,2.97269,22.07595,-27.27048,WES_POW,LEX_LEG,GoMart,Independent,ATL,20250703-GoMart-1,27a20ce0-5868-11f0-b1d9-47d5dafa46c9,78.48754,18.93821,,6.61867,,,,2.92053,3.03594,0.83483,81cc797a-4601-4b1e-8094-3d1dc0b85384,2025-07-03,23:48:00.58,2025-07-03T19:48:00.5840000-04:00,2025-07-03T23:48:00.5840000Z,LineDrive,v3,525,495,,"Lopez, B.J.",625439,Right,WES_POW,a751c16b-a6a4-44de-871a-6088a4e0df04,55.2655,-117.40781,11.03798,6.17197,-0.43095,-13.63524,-0.21273,1.02528,1.48635,,2.92054,130.9543,-24.48046,4.87069,-1.17001,0.26939,-0.05584,0.00849,-0.00064,3.03594,34.56643,-20.79954,2.60487,-0.60682,0.14721,-0.02947,0.00441,-0.00034,0.83483,-79.79732,6.1665,-1.06502,0.25964,-0.05931,0.01253,-0.00192,0.00014,,,,,,,,,,,,,,,,,,,,,,,High,High,High,Medium,Medium,,,
109,2025-07-03,19:48:58.64,3,1,"Lebron, David",673933,Right,WES_POW,"Gonzalez, Pedro",660639,Right,LEX_LEG,Undefined,3,Top,1,0,0,Undefined,Four-Seam,StrikeCalled,Undefined,Undefined,Undefined,0,0,,87.40483,-3.34111,-1.23349,2143.506636,194.067328,12:30,6.12038,0.20608,5.18898,-17.76115,20.03871,4.70067,1.49284,-0.56278,79.70791,-6.670354,-0.400711,0.442503,,,,,,,,,,,,-2.71713,11.36363,-0.09537,50,5.79711,2.51684,-126.57029,-7.96587,-4.39082,26.75887,-13.8107,WES_POW,LEX_LEG,GoMart,Independent,ATL,20250703-GoMart-1,4a3a8e80-5868-11f0-b1d9-47d5dafa46c9,85.17998,,,7.69692,,,,,,,81cc797a-4601-4b1e-8094-3d1dc0b85384,2025-07-03,23:48:58.64,2025-07-03T19:48:58.6490000-04:00,2025-07-03T23:48:58.6490000Z,,v3,525,495,,"Lopez, B.J.",625439,Right,WES_POW,1517c03b-b035-433c-8b50-d69be94c7854,55.3093,-127.68783,13.37943,6.11775,-7.38909,-6.90535,-0.20431,2.70021,-2.19541,,,,,,,,,,,,,,,,,,,,,,,,,,,,,,,,,,,,,,,,,,,,,,,,,,,High,High,High,,,,,
110,2025-07-03,19:49:21.30,3,2,"Lebron, David",673933,Right,WES_POW,"Gonzalez, Pedro",660639,Right,LEX_LEG,Undefined,3,Top,1,0,1,Undefined,Four-Seam,StrikeSwinging,Undefined,Undefined,Undefined,0,0,,87.87293,-2.259854,-0.572327,2151.042762,182.143488,12:00,6.09521,0.29611,5.16843,-17.44725,19.86639,0.69728,2.51329,-0.18442,80.12206,-5.539099,-0.448838,0.439648,,,,,,,,,,,,-0.50866,10.89753,-0.24334,50,5.8718,1.24033,-127.3659,-5.5878,-0.83383,26.6666,-14.31038,WES_POW,LEX_LEG,GoMart,Independent,ATL,20250703-GoMart-1,57a8f8e0-5868-11f0-b1d9-47d5dafa46c9,85.7332,,,7.75087,,,,,,,81cc797a-4601-4b1e-8094-3d1dc0b85384,2025-07-03,23:49:21.30,2025-07-03T19:49:21.3030000-04:00,2025-07-03T23:49:21.3030000Z,,v3,525,495,,"Lopez, B.J.",625439,Right,WES_POW,45f478c9-a80b-4a72-b64a-e563479fa77c,55.32794,-128.47657,13.3333,6.09212,-4.99177,-7.15519,-0.29572,1.27506,-0.41692,,,,,,,,,,,,,,,,,,,,,,,,,,,,,,,,,,,,,,,,,,,,,,,,,,,High,High,High,,,,,
111,2025-07-03,19:49:54.95,3,3,"Lebron, David",673933,Right,WES_POW,"Gonzalez, Pedro",660639,Right,LEX_LEG,Undefined,3,Top,1,0,2,Undefined,Four-Seam,StrikeSwinging,Strikeout,Undefined,Undefined,0,0,,87.98474,-1.585988,-0.827703,2107.780684,195.058323,12:30,6.20216,0.29948,5.11839,-16.62808,20.68623,5.22988,3.32198,-0.04443,80.03529,-4.727761,0.097478,0.439652,,,,,,,,,,,,-2.8254,11.09233,-0.22584,50,6.04068,1.59987,-127.53973,-4.05683,-4.63813,27.05844,-13.96516,WES_POW,LEX_LEG,GoMart,Independent,ATL,20250703-GoMart-1,6bb32130-5868-11f0-b1d9-47d5dafa46c9,85.73241,,,7.94945,,,,,,,81cc797a-4601-4b1e-8094-3d1dc0b85384,2025-07-03,23:49:54.95,2025-07-03T19:49:54.9590000-04:00,2025-07-03T23:49:54.9590000Z,,v3,525,495,,"Lopez, B.J.",625439,Right,WES_POW,7747c7f4-ac92-482a-9e02-7c88b53558b5,55.37761,-128.67557,13.52922,6.19867,-3.47061,-6.98258,-0.29708,1.79456,-2.31906,,,,,,,,,,,,,,,,,,,,,,,,,,,,,,,,,,,,,,,,,,,,,,,,,,,High,High,High,,,,,
112,2025-07-03,19:50:25.78,4,1,"Lebron, David",673933,Right,WES_POW,"Washington, Xane",1000026055,Right,LEX_LEG,Undefined,3,Top,2,0,0,Undefined,Changeup,BallCalled,Undefined,Undefined,Undefined,0,0,,76.9376,-3.895556,-1.744212,1867.309756,228.254437,1:30,6.01269,0.22719,5.07817,-37.81333,11.26001,10.76646,-0.81807,-0.52035,70.84009,-10.730625,0.164038,0.50419,,,,,,,,,,,,-5.99489,7.16138,-0.07112,50,5.61314,2.9832,-111.34339,-8.83,-7.48664,20.96111,-23.23062,WES_POW,LEX_LEG,GoMart,Independent,ATL,20250703-GoMart-1,7e2b5ee0-5868-11f0-b1d9-47d5dafa46c9,74.75842,,,6.09752,,,,,,,81cc797a-4601-4b1e-8094-3d1dc0b85384,2025-07-03,23:50:25.78,2025-07-03T19:50:25.7850000-04:00,2025-07-03T23:50:25.7850000Z,,v3,525,495,,"Lopez, B.J.",625439,Right,WES_POW,37882f2f-24af-4ec0-b4cf-5d47c99ffa60,55.42297,-112.35966,10.48055,6.01394,-7.7037,-11.61531,-0.22455,3.34618,-3.74332,,,,,,,,,,,,,,,,,,,,,,,,,,,,,,,,,,,,,,,,,,,,,,,,,,,High,High,High,,,,,
113,2025-07-03,19:50:50.61,4,2,"Lebron, David",673933,Right,WES_POW,"Washington, Xane",1000026055,Right,LEX_LEG,Undefined,3,Top,2,1,0,Undefined,Changeup,StrikeSwinging,Undefined,Undefined,Undefined,0,0,,75.48779,-1.351818,-1.431877,1891.196378,230.063097,1:45,6.07866,0.20765,4.89964,-37.45518,14.04583,14.5752,1.67821,0.0677,68.62254,-8.203628,1.139227,0.516511,,,,,,,,,,,,-7.67382,7.87705,-0.08054,50,5.9156,2.15042,-109.31073,-3.8085,-9.17567,21.3844,-22.75536,WES_POW,LEX_LEG,GoMart,Independent,ATL,20250703-GoMart-1,8d056730-5868-11f0-b1d9-47d5dafa46c9,72.97513,,,6.86524,,,,,,,81cc797a-4601-4b1e-8094-3d1dc0b85384,2025-07-03,23:50:50.61,2025-07-03T19:50:50.6180000-04:00,2025-07-03T23:50:50.6180000Z,,v3,525,495,,"Lopez, B.J.",625439,Right,WES_POW,6dd66718-19c1-4280-8854-e98542dbe45c,55.59753,-110.40034,10.6922,6.08012,-2.64904,-11.37768,-0.20202,2.61796,-4.58783,,,,,,,,,,,,,,,,,,,,,,,,,,,,,,,,,,,,,,,,,,,,,,,,,,,High,High,High,,,,,
114,2025-07-03,19:51:12.19,4,3,"Lebron, David",673933,Right,WES_POW,"Washington, Xane",1000026055,Right,LEX_LEG,Undefined,3,Top,2,1,1,Undefined,Four-Seam,InPlay,Undefined,FlyBall,Out,1,0,,88.69925,-1.99164,-1.332582,2196.114417,195.582791,12:30,6.06912,0.45671,5.26611,-14.11249,22.88411,5.99508,3.02087,-0.29575,79.67968,-4.721398,-0.269496,0.437776,84.81077,31.241035,-25.238937,4959.570679,95.64839,54.74002,-54.32651,275.62435,184.28625,-35.768179,4.085159,-3.43473,12.48717,-0.33944,50,5.87735,2.71212,-128.39373,-4.86002,-5.6359,30.80397,-11.6843,WES_POW,LEX_LEG,GoMart,Independent,ATL,20250703-GoMart-1,99d9b470-5868-11f0-b1d9-47d5dafa46c9,86.09979,61.3708,,9.01957,,,,0.76094,3.03253,0.2796,81cc797a-4601-4b1e-8094-3d1dc0b85384,2025-07-03,23:51:12.19,2025-07-03T19:51:12.1980000-04:00,2025-07-03T23:51:12.1980000Z,FlyBall,v3,525,495,,"Lopez, B.J.",625439,Right,WES_POW,037fd736-9201-4759-95d1-65c90883bdba,55.22955,-129.64232,15.40199,6.06474,-4.38641,-5.84215,-0.454,2.94056,-2.81795,137.057533,0.76025,96.22481,-21.31064,5.70094,-1.5595,0.44889,-0.11317,0.01754,-0.00112,3.03328,64.48851,-19.72678,0.98569,0.20905,-0.18308,0.05882,-0.0087,0.00048,0.27964,-45.34749,0.28836,1.0538,-0.36499,0.05111,0.00454,-0.00266,0.00026,,,,,,,,,,,,,,,,,,,,,,,High,High,High,High,Medium,,,
115,2025-07-03,19:53:24.49,1,1,"Acosta, Jose",1000210391,Left,LEX_LEG,"Womack, Alsander",703920,Right,WES_POW,Undefined,3,Bottom,0,0,0,Undefined,Sinker,StrikeCalled,Undefined,Undefined,Undefined,0,0,,91.54315,-1.149064,2.612253,2235.022562,132.466767,10:30,5.46586,-2.20287,6.18168,-21.64072,11.84505,-11.61422,2.60014,-0.75684,82.49224,-5.25395,0.518056,0.416487,,,,,,,,,,,,6.79717,6.84855,2.01097,50,5.36815,-5.55152,-132.70486,-3.33654,11.9356,32.45269,-20.14824,WES_POW,LEX_LEG,GoMart,Independent,ATL,20250703-GoMart-1,e899ec10-5868-11f0-b1d9-47d5dafa46c9,90.50086,,,9.05091,,,,,,,81cc797a-4601-4b1e-8094-3d1dc0b85384,2025-07-03,23:53:24.49,2025-07-03T19:53:24.4970000-04:00,2025-07-03T23:53:24.4970000Z,,v3,525,495,,"Quiroz, Isaias",657728,Right,LEX_LEG,ad3bf14d-adff-4b0f-a8e3-2ac5bf670983,54.31379,-133.75563,16.22635,5.46562,-2.68417,-10.07412,2.19698,-5.93797,5.9678,,,,,,,,,,,,,,,,,,,,,,,,,,,,,,,,,,,,,,,,,,,,,,,,,,,High,High,High,,,,,
116,2025-07-03,19:53:40.05,1,2,"Acosta, Jose",1000210391,Left,LEX_LEG,"Womack, Alsander",703920,Right,WES_POW,Undefined,3,Bottom,0,0,1,Undefined,Sinker,StrikeCalled,Undefined,Undefined,Undefined,0,0,,91.49129,-1.56408,4.12001,2430.948038,135.939772,10:30,5.55604,-1.75337,6.40999,-18.84891,14.3478,-12.7482,2.54314,0.97893,82.70481,-5.171206,1.817419,0.414686,,,,,,,,,,,,7.88107,8.3043,1.46345,50,5.43516,-9.01471,-132.51921,-4.15744,13.85963,31.24334,-17.57011,WES_POW,LEX_LEG,GoMart,Independent,ATL,20250703-GoMart-1,f1dab250-5868-11f0-b1d9-47d5dafa46c9,90.89403,,,8.78648,,,,,,,81cc797a-4601-4b1e-8094-3d1dc0b85384,2025-07-03,23:53:40.05,2025-07-03T19:53:40.0560000-04:00,2025-07-03T23:53:40.0560000Z,,v3,525,495,,"Quiroz, Isaias",657728,Right,LEX_LEG,838c6ed2-f63c-412f-b383-9d23814fb7dd,54.08655,-133.47919,15.62167,5.55461,-3.61758,-8.78506,1.74698,-9.44056,6.92982,,,,,,,,,,,,,,,,,,,,,,,,,,,,,,,,,,,,,,,,,,,,,,,,,,,High,High,High,,,,,
117,2025-07-03,19:54:04.31,1,3,"Acosta, Jose",1000210391,Left,LEX_LEG,"Womack, Alsander",703920,Right,WES_POW,Undefined,3,Bottom,0,0,2,Undefined,Changeup,InPlay,Undefined,LineDrive,Error,0,0,,88.31834,-1.539805,3.430043,1748.772422,115.283452,9:45,5.59866,-2.03277,6.57432,-27.12167,7.99351,-14.4678,1.92431,-0.09078,80.57998,-6.645551,0.802704,0.4265,104.24462,17.101251,-3.908473,1940.306865,109.91727,29.90788,-4.2643,353.25664,341.01995,0.851185,3.604989,8.64642,4.99177,1.80284,50,5.48133,-7.14056,-128.18627,-4.25234,14.30775,27.85369,-23.91386,WES_POW,LEX_LEG,GoMart,Independent,ATL,20250703-GoMart-1,006d7870-5869-11f0-b1d9-47d5dafa46c9,88.37623,39.55877,,7.73836,,,,2.00183,2.00247,0.09788,81cc797a-4601-4b1e-8094-3d1dc0b85384,2025-07-03,23:54:04.31,2025-07-03T19:54:04.3190000-04:00,2025-07-03T23:54:04.3190000Z,LineDrive,v3,525,495,,"Quiroz, Isaias",657728,Right,LEX_LEG,75b124be-49b8-4fe6-bdaa-b0e448a438d6,53.92552,-129.03643,13.92685,5.59999,-3.52243,-11.95693,2.02745,-7.57726,7.15387,212.189165,2.002,145.78622,-23.13998,4.67873,-0.85652,0.10109,0.00129,-0.00269,0.00031,2.00227,44.96668,-14.19315,0.49806,-0.1075,0.07725,-0.03105,0.0066,-0.00056,0.09785,-9.95933,7.29476,-2.39788,0.64283,-0.13862,0.02318,-0.00256,0.00013,,,,,,,,,,,,,,,,,,,,,,,High,High,High,High,High,,,
118,2025-07-03,19:54:51.47,2,1,"Acosta, Jose",1000210391,Left,LEX_LEG,"Lopez, B.J.",625439,Right,WES_POW,Undefined,3,Bottom,0,0,0,Undefined,Four-Seam,BallCalled,Undefined,Undefined,Undefined,0,0,,91.10074,-0.536744,2.562231,2268.491062,140.951092,10:45,5.52709,-2.08098,6.32138,-18.41875,15.08024,-11.27985,3.49735,-0.65961,82.27038,-4.07035,0.523637,0.416569,,,,,,,,,,,,6.60103,8.33272,1.89842,50,5.47892,-5.435,-132.15804,-1.75419,11.53957,31.20387,-17.60722,WES_POW,LEX_LEG,GoMart,Independent,ATL,20250703-GoMart-1,1c6bc2c0-5869-11f0-b1d9-47d5dafa46c9,90.48297,,,8.83036,,,,,,,81cc797a-4601-4b1e-8094-3d1dc0b85384,2025-07-03,23:54:51.47,2025-07-03T19:54:51.4700000-04:00,2025-07-03T23:54:51.4700000Z,,v3,525,495,,"Quiroz, Isaias",657728,Right,LEX_LEG,aaae3439-99bb-498b-93cf-42ff395f3609,54.17411,-133.13994,15.60193,5.5254,-1.20014,-8.80361,2.07516,-5.79812,5.76979,,,,,,,,,,,,,,,,,,,,,,,,,,,,,,,,,,,,,,,,,,,,,,,,,,,High,High,High,,,,,
119,2025-07-03,19:55:08.57,2,2,"Acosta, Jose",1000210391,Left,LEX_LEG,"Lopez, B.J.",625439,Right,WES_POW,Undefined,3,Bottom,0,1,0,Undefined,Sinker,InPlay,Undefined,FlyBall,Out,1,0,,91.6128,-1.120062,3.452496,2305.292516,134.559446,10:30,5.45505,-2.20895,6.46805,-19.54977,13.418,-12.45296,2.7952,-0.07198,82.84242,-4.858674,1.19788,0.413253,92.92823,48.512484,9.177013,4333.188511,106.32603,114.86013,28.19131,301.76704,293.08326,20.695537,6.080336,7.59138,7.70575,1.97045,50,5.36719,-7.51208,-132.85843,-3.15826,13.41165,31.54025,-18.56035,WES_POW,LEX_LEG,GoMart,Independent,ATL,20250703-GoMart-1,26b19cf0-5869-11f0-b1d9-47d5dafa46c9,91.20908,139.8067,,8.77037,,,,1.22505,2.79742,0.06405,81cc797a-4601-4b1e-8094-3d1dc0b85384,2025-07-03,23:55:08.57,2025-07-03T19:55:08.5720000-04:00,2025-07-03T23:55:08.5720000Z,FlyBall,v3,525,495,,"Quiroz, Isaias",657728,Right,LEX_LEG,d78aa13f-9861-4027-a391-16d8a5a5b330,54.02983,-133.81168,15.77013,5.45416,-2.59731,-9.28017,2.20362,-7.91742,6.70583,200.496074,1.22846,89.05619,-21.70504,5.41465,-0.77287,0.01277,0.01535,-0.00221,0.0001,2.79365,102.1505,-22.80164,1.96558,-0.27026,-0.00146,0.01255,-0.00241,0.00014,0.06474,14.39676,3.39807,-1.30137,0.24996,-0.01235,-0.00496,0.00096,-5E-05,,,,,,,,,,,,,,,,,,,,,,,High,High,High,High,Medium,,,
120,2025-07-03,19:55:53.88,3,1,"Acosta, Jose",1000210391,Left,LEX_LEG,"Moorer, Demetrius",693884,Right,WES_POW,Undefined,3,Bottom,1,0,0,Undefined,Sinker,FoulBallNotFieldable,Undefined,Undefined,Undefined,0,0,,91.61883,-1.626609,3.101457,2214.003423,133.988031,10:30,5.50002,-1.96886,6.33271,-20.05962,13.20513,-12.4265,2.32802,-0.14582,82.58201,-5.45358,0.855707,0.41511,80.41117,45.078458,91.58374,4938.216977,,,,,71.36192,,,7.45248,7.74536,1.7482,50,5.37183,-6.67722,-132.79258,-4.36537,13.0999,32.56981,-18.55934,WES_POW,LEX_LEG,GoMart,Independent,ATL,20250703-GoMart-1,41bc8690-5869-11f0-b1d9-47d5dafa46c9,90.80101,59.20069,,9.03682,,,,0.64333,2.25373,0.13449,81cc797a-4601-4b1e-8094-3d1dc0b85384,2025-07-03,23:55:53.88,2025-07-03T19:55:53.8840000-04:00,2025-07-03T23:55:53.8840000Z,,v3,525,495,,"Quiroz, Isaias",657728,Right,LEX_LEG,c68b5e6c-b4d1-478a-acae-ebedf1e77074,54.1641,-133.81,16.28491,5.49914,-3.7856,-9.27967,1.96318,-7.08644,6.54995,,0.64333,-2.30167,-9.45762,2.87917,-0.76256,0.19316,-0.04812,0.0101,-0.00125,2.25373,83.50759,-28.06255,3.71705,-0.81725,0.17485,-0.03888,0.0076,-0.00087,0.13449,83.24739,-11.91714,2.64117,-0.56722,0.12625,-0.02916,0.00569,-0.00068,,,,,,,,,,,,,,,,,,,,,,,High,High,High,Low,Undefined,,,
121,2025-07-03,19:56:14.51,3,2,"Acosta, Jose",1000210391,Left,LEX_LEG,"Moorer, Demetrius",693884,Right,WES_POW,Undefined,3,Bottom,1,0,1,Undefined,Four-Seam,FoulBallNotFieldable,Undefined,Undefined,Undefined,0,0,,91.45078,-1.270286,3.37338,2235.336211,144.599426,10:45,5.50626,-1.96731,6.47338,-19.06363,14.08139,-9.1689,2.74886,0.37009,82.5663,-4.924074,1.713372,0.414363,76.31255,10.576015,173.306439,1122.186395,,,,80.77185,49.84875,170.977369,0.773333,5.70796,8.06733,1.73231,50,5.40792,-7.40488,-132.49955,-3.46675,10.03157,31.32348,-17.99594,WES_POW,LEX_LEG,GoMart,Independent,ATL,20250703-GoMart-1,4deaa8c0-5869-11f0-b1d9-47d5dafa46c9,90.96489,5.80474,,8.88448,,,,1.0723,2.47539,-0.39686,81cc797a-4601-4b1e-8094-3d1dc0b85384,2025-07-03,23:56:14.51,2025-07-03T19:56:14.5120000-04:00,2025-07-03T23:56:14.5120000Z,GroundBall,v3,525,495,,"Quiroz, Isaias",657728,Right,LEX_LEG,8ca7f635-2f83-4493-9f79-9a71b3a8c626,54.01803,-133.44605,15.66174,5.50446,-2.92296,-8.99797,1.96064,-7.708,5.01579,23.178098,1.12065,-110.10999,7.0434,,,,,,,2.51916,19.78795,-29.87122,,,,,,,-0.41981,13.22087,4.82357,,,,,,,,,,,,,,,,,,,,,,,,,,,,,High,High,High,Medium,Medium,,,
122,2025-07-03,19:56:47.51,3,3,"Acosta, Jose",1000210391,Left,LEX_LEG,"Moorer, Demetrius",693884,Right,WES_POW,Undefined,3,Bottom,1,0,2,Undefined,Sinker,BallCalled,Undefined,Undefined,Undefined,0,0,,91.32748,-1.328799,4.489544,2307.897284,133.495438,10:30,5.5351,-1.83573,6.45913,-19.85021,13.24745,-12.78753,2.65632,1.23112,82.97967,-5.109048,2.179523,0.414066,,,,,,,,,,,,7.94666,7.64032,1.52289,50,5.43192,-9.86162,-132.31004,-3.64651,14.01218,29.62492,-18.70206,WES_POW,LEX_LEG,GoMart,Independent,ATL,20250703-GoMart-1,619b1850-5869-11f0-b1d9-47d5dafa46c9,91.02993,,,8.34781,,,,,,,81cc797a-4601-4b1e-8094-3d1dc0b85384,2025-07-03,23:56:47.51,2025-07-03T19:56:47.5180000-04:00,2025-07-03T23:56:47.5180000Z,,v3,525,495,,"Quiroz, Isaias",657728,Right,LEX_LEG,f20d7a23-0add-4d9c-9705-32e1f99ad28d,54.03799,-133.21109,14.81246,5.53418,-3.07767,-9.35103,1.82931,-10.28781,7.00609,,,,,,,,,,,,,,,,,,,,,,,,,,,,,,,,,,,,,,,,,,,,,,,,,,,High,High,High,,,,,
123,2025-07-03,19:57:06.47,3,4,"Acosta, Jose",1000210391,Left,LEX_LEG,"Moorer, Demetrius",693884,Right,WES_POW,Undefined,3,Bottom,1,1,2,Undefined,Slider,StrikeCalled,Strikeout,Undefined,Undefined,0,0,,82.54319,-0.191747,1.732876,2145.628054,253.57382,2:30,5.65687,-1.99775,5.72398,-39.58475,2.11421,2.30398,2.17947,-0.19123,75.03877,-7.485664,2.145348,0.464766,,,,,,,,,,,,-0.62496,1.60791,1.85166,50,5.61688,-3.71616,-119.71409,-1.74292,-0.89675,25.53019,-29.86678,WES_POW,LEX_LEG,GoMart,Independent,ATL,20250703-GoMart-1,6cea4c30-5869-11f0-b1d9-47d5dafa46c9,81.09987,,,7.50443,,,,,,,81cc797a-4601-4b1e-8094-3d1dc0b85384,2025-07-03,23:57:06.47,2025-07-03T19:57:06.4730000-04:00,2025-07-03T23:57:06.4730000Z,,v3,525,495,,"Quiroz, Isaias",657728,Right,LEX_LEG,3430f158-6e51-4491-9ee6-2f8295b20726,54.77238,-120.72755,12.76509,5.66253,-0.5573,-14.93339,1.99847,-3.68056,-0.44838,,,,,,,,,,,,,,,,,,,,,,,,,,,,,,,,,,,,,,,,,,,,,,,,,,,High,High,High,,,,,
124,2025-07-03,19:57:37.17,4,1,"Acosta, Jose",1000210391,Left,LEX_LEG,"Nelson, James",663445,Right,WES_POW,Undefined,3,Bottom,2,0,0,Undefined,Changeup,FoulBallNotFieldable,Undefined,Undefined,Undefined,0,0,,85.85764,-0.696767,2.947631,1685.470954,136.089552,10:30,5.6125,-1.83219,6.81537,-27.47624,9.48945,-7.91158,2.68624,0.2002,77.90195,-5.91836,1.504381,0.437593,81.5435,18.803788,-49.937017,3683.727675,67.54112,17.34066,-86.82272,172.0475,152.1806,-54.69821,1.832589,5.15044,5.61217,1.64484,50,5.55732,-6.14351,-124.68413,-2.25471,8.01193,27.83858,-23.44386,WES_POW,LEX_LEG,GoMart,Independent,ATL,20250703-GoMart-1,7f469d70-5869-11f0-b1d9-47d5dafa46c9,86.13575,18.43448,,7.95569,,,,3.30278,2.89865,-0.30346,81cc797a-4601-4b1e-8094-3d1dc0b85384,2025-07-03,23:57:37.17,2025-07-03T19:57:37.1730000-04:00,2025-07-03T23:57:37.1730000Z,LineDrive,v3,525,495,,"Quiroz, Isaias",657728,Right,LEX_LEG,445ac87e-0d73-49ef-aa54-f577ff59f703,53.6837,-125.5039,13.91929,5.61355,-1.56435,-11.72193,1.82922,-6.37945,4.00597,,3.30278,72.86771,-14.84882,2.88933,-0.65565,0.14036,-0.02939,0.00465,-0.00036,2.89865,38.54946,-26.21803,3.35178,-0.77279,0.17317,-0.03477,0.00564,-0.00047,-0.30346,-86.64675,6.8738,-1.03748,0.23712,-0.04851,0.01076,-0.00165,0.00012,,,,,,,,,,,,,,,,,,,,,,,High,High,High,Medium,Medium,,,
125,2025-07-03,19:57:59.41,4,2,"Acosta, Jose",1000210391,Left,LEX_LEG,"Nelson, James",663445,Right,WES_POW,Undefined,3,Bottom,2,0,1,Undefined,Sinker,StrikeSwinging,Undefined,Undefined,Undefined,0,0,,87.3205,0.13258,2.688609,1879.197848,103.720301,9:30,5.62537,-2.10849,6.64604,-31.37092,4.42811,-13.3019,3.13262,-0.75424,79.49831,-5.770936,0.268166,0.430633,,,,,,,,,,,,7.76122,2.6726,1.93177,50,5.62197,-5.45014,-126.84815,-0.64661,12.56361,27.51742,-27.84776,WES_POW,LEX_LEG,GoMart,Independent,ATL,20250703-GoMart-1,8c8da9b0-5869-11f0-b1d9-47d5dafa46c9,87.52804,,,7.82219,,,,,,,81cc797a-4601-4b1e-8094-3d1dc0b85384,2025-07-03,23:57:59.41,2025-07-03T19:57:59.4150000-04:00,2025-07-03T23:57:59.4150000Z,,v3,525,495,,"Quiroz, Isaias",657728,Right,LEX_LEG,02df85c1-23c3-407b-9506-548101848124,53.85226,-127.68109,13.75871,5.62878,0.19633,-13.92388,2.10251,-5.83043,6.28181,,,,,,,,,,,,,,,,,,,,,,,,,,,,,,,,,,,,,,,,,,,,,,,,,,,High,High,High,,,,,
126,2025-07-03,19:58:17.95,4,3,"Acosta, Jose",1000210391,Left,LEX_LEG,"Nelson, James",663445,Right,WES_POW,Undefined,3,Bottom,2,0,2,Undefined,Four-Seam,BallCalled,Undefined,Undefined,Undefined,0,0,,91.19286,0.571483,-0.182117,2210.150463,143.914569,10:45,5.59437,-2.08259,6.55005,-19.51123,13.2282,-8.89792,4.4925,-2.99109,83.22765,-3.153908,-1.798803,0.411819,,,,,,,,,,,,4.58366,7.08567,2.09841,50,5.62528,0.7806,-132.60782,0.77601,8.15172,28.6867,-19.57268,WES_POW,LEX_LEG,GoMart,Independent,ATL,20250703-GoMart-1,978b1410-5869-11f0-b1d9-47d5dafa46c9,91.52661,,,7.96521,,,,,,,81cc797a-4601-4b1e-8094-3d1dc0b85384,2025-07-03,23:58:17.95,2025-07-03T19:58:17.9510000-04:00,2025-07-03T23:58:17.9510000Z,,v3,525,495,,"Quiroz, Isaias",657728,Right,LEX_LEG,5713cb92-abf8-4279-a6bb-86f5e6f52036,53.94724,-133.45898,14.34335,5.59364,1.35676,-9.78634,2.07883,0.53873,4.07586,,,,,,,,,,,,,,,,,,,,,,,,,,,,,,,,,,,,,,,,,,,,,,,,,,,High,High,High,,,,,
127,2025-07-03,19:58:39.92,4,4,"Acosta, Jose",1000210391,Left,LEX_LEG,"Nelson, James",663445,Right,WES_POW,Undefined,3,Bottom,2,1,2,Undefined,Slider,InPlay,Undefined,FlyBall,HomeRun,0,1,,80.96294,0.978613,1.70892,2161.456646,311.970108,4:30,5.56925,-1.9382,5.67906,-43.98672,-0.28083,2.07713,2.81645,-0.17158,73.05772,-7.132969,2.08029,0.475819,97.22574,38.473341,-26.794549,2893.593327,97.534,81.92263,-50.86257,371.62408,195.84182,-30.935745,5.783899,-0.4911,-0.06331,1.79281,50,5.62411,-3.58298,-117.35998,0.54123,-0.67193,26.15014,-32.26067,WES_POW,LEX_LEG,GoMart,Independent,ATL,20250703-GoMart-1,a4b6a910-5869-11f0-b1d9-47d5dafa46c9,79.21597,118.24119,,7.90521,,,,3.25186,3.83183,-0.062,81cc797a-4601-4b1e-8094-3d1dc0b85384,2025-07-03,23:58:39.92,2025-07-03T19:58:39.9240000-04:00,2025-07-03T23:58:39.9240000Z,FlyBall,v3,525,495,,"Quiroz, Isaias",657728,Right,LEX_LEG,b1cb17cc-7005-4267-87e7-8e1515138d57,54.81919,-118.42892,13.07507,5.57504,1.85995,-16.13034,1.93871,-3.55551,-0.33596,167.321505,3.25614,99.57563,-20.52041,4.69503,-0.71945,0.05401,0.00139,-0.00048,2E-05,3.83188,88.70678,-20.15192,1.63579,-0.24922,0.00997,0.00656,-0.0013,7E-05,-0.06443,-50.28438,7.12256,-1.42552,0.18216,-0.00777,-0.00092,8E-05,0,,,,,,,,,,,,,,,,,,,,,,,High,High,High,Medium,Low,,,
128,2025-07-03,19:59:35.97,5,1,"Acosta, Jose",1000210391,Left,LEX_LEG,"Blackwell, Benjamin",701295,Right,WES_POW,Undefined,3,Bottom,2,0,0,Undefined,Sinker,InPlay,Undefined,GroundBall,Single,0,0,,90.25547,-2.709129,3.027356,2416.906389,128.722306,10:15,5.48277,-1.91679,6.37954,-22.4395,11.28363,-12.74394,1.11515,-0.19111,82.79814,-6.926215,0.720597,0.417961,95.01028,13.843552,23.280559,3360.048,98.01656,19.63112,49.92736,254.32973,253.13415,31.714479,2.50401,7.51894,6.96264,1.70428,50,5.27671,-6.42739,-130.96591,-6.88417,13.06683,27.50437,-20.07399,WES_POW,LEX_LEG,GoMart,Independent,ATL,20250703-GoMart-1,c6183150-5869-11f0-b1d9-47d5dafa46c9,90.1818,20.73126,,7.45733,,,,0.53161,1.00274,0.16707,81cc797a-4601-4b1e-8094-3d1dc0b85384,2025-07-03,23:59:35.97,2025-07-03T19:59:35.9760000-04:00,2025-07-03T23:59:35.9760000Z,LineDrive,v3,525,495,,"Quiroz, Isaias",657728,Right,LEX_LEG,3344dc09-3cf4-44cb-8bb0-387b0cdc8f2f,54.12051,-131.82843,13.75219,5.48272,-6.25467,-10.037,1.91226,-6.83715,6.53341,237.312821,0.53156,124.28749,-23.46517,5.0858,-1.00056,0.13754,-0.00712,-0.0016,0.00027,1.00279,33.33885,-14.53878,0.32921,0.04467,0.00979,-0.01188,0.00383,-0.00042,0.16713,53.47089,2.12484,-1.76388,0.55344,-0.09413,0.00144,0.00289,-0.0004,,,,,,,,,,,,,,,,,,,,,,,High,High,High,High,High,,,
129,2025-07-03,20:00:08.76,6,1,"Acosta, Jose",1000210391,Left,LEX_LEG,"Sedio, Chad",670466,Left,WES_POW,Undefined,3,Bottom,2,0,0,Undefined,Slider,HitByPitch,Undefined,Undefined,Undefined,0,0,,80.13131,0.737325,-0.955546,2285.606605,338.455958,5:15,5.38872,-2.19959,5.75657,-46.41735,-2.21512,1.47795,2.20708,-2.96597,72.79847,-7.804542,-0.690579,0.478513,,,,,,,,,,,,-1.07658,-1.12642,2.27784,50,5.42096,1.88586,-116.32442,-0.00054,-1.4538,24.76543,-33.69516,WES_POW,LEX_LEG,GoMart,Independent,ATL,20250703-GoMart-1,d98fdda0-5869-11f0-b1d9-47d5dafa46c9,78.76999,,,7.33284,,,,,,,81cc797a-4601-4b1e-8094-3d1dc0b85384,2025-07-04,00:00:08.76,2025-07-03T20:00:08.7640000-04:00,2025-07-04T00:00:08.7640000Z,,v3,525,495,,"Quiroz, Isaias",657728,Right,LEX_LEG,6230c44a-4f19-4a64-988d-aea23b5d6c4c,54.74489,-117.33026,12.38272,5.3932,1.36797,-16.84758,2.20005,1.9449,-0.7269,,,,,,,,,,,,,,,,,,,,,,,,,,,,,,,,,,,,,,,,,,,,,,,,,,,High,High,High,,,,,
130,2025-07-03,20:00:45.19,7,1,"Acosta, Jose",1000210391,Left,LEX_LEG,"Barnum, Keon",621572,Left,WES_POW,Undefined,3,Bottom,2,0,0,Undefined,Sinker,BallCalled,Undefined,Undefined,Undefined,0,0,,92.02537,-1.403456,4.583593,2341.780139,130.20436,10:15,5.4811,-1.88866,6.40484,-21.23989,11.54942,-12.31847,2.41619,1.30856,83.3664,-5.433164,2.360833,0.412133,,,,,,,,,,,,7.7763,6.78752,1.56485,50,5.37054,-10.16779,-133.24808,-3.9125,13.85503,31.03764,-20.08069,WES_POW,LEX_LEG,GoMart,Independent,ATL,20250703-GoMart-1,ef6501f0-5869-11f0-b1d9-47d5dafa46c9,91.45695,,,8.65897,,,,,,,81cc797a-4601-4b1e-8094-3d1dc0b85384,2025-07-04,00:00:45.19,2025-07-03T20:00:45.1980000-04:00,2025-07-04T00:00:45.1980000Z,,v3,525,495,,"Quiroz, Isaias",657728,Right,LEX_LEG,103d3f1b-79fa-4482-81a4-561d54919f75,54.09209,-134.19787,15.51882,5.48087,-3.29801,-10.04034,1.88248,-10.59177,6.92752,,,,,,,,,,,,,,,,,,,,,,,,,,,,,,,,,,,,,,,,,,,,,,,,,,,High,High,High,,,,,
131,2025-07-03,20:01:04.63,7,2,"Acosta, Jose",1000210391,Left,LEX_LEG,"Barnum, Keon",621572,Left,WES_POW,Undefined,3,Bottom,2,1,0,Undefined,Sinker,BallCalled,Undefined,Undefined,Undefined,0,0,,90.9585,-1.508897,1.505175,2284.631963,127.078303,10:15,5.49633,-1.95701,6.27985,-22.28056,11.14146,-13.28217,2.24804,-1.67621,82.87539,-5.711909,-0.897307,0.416091,,,,,,,,,,,,7.32075,6.56528,1.85198,50,5.37413,-2.92183,-132.10467,-4.17016,12.86518,29.6003,-20.6365,WES_POW,LEX_LEG,GoMart,Independent,ATL,20250703-GoMart-1,fafbc620-5869-11f0-b1d9-47d5dafa46c9,90.58711,,,8.08311,,,,,,,81cc797a-4601-4b1e-8094-3d1dc0b85384,2025-07-04,00:01:04.63,2025-07-03T20:01:04.6380000-04:00,2025-07-04T00:01:04.6380000Z,,v3,525,495,,"Quiroz, Isaias",657728,Right,LEX_LEG,9d9a2acd-7315-42ee-828d-9bb440e4156a,54.21819,-133.04647,14.80015,5.49637,-3.51357,-10.31825,1.95146,-3.33116,6.43259,,,,,,,,,,,,,,,,,,,,,,,,,,,,,,,,,,,,,,,,,,,,,,,,,,,High,High,High,,,,,
132,2025-07-03,20:01:26.01,7,3,"Acosta, Jose",1000210391,Left,LEX_LEG,"Barnum, Keon",621572,Left,WES_POW,Undefined,3,Bottom,2,2,0,Undefined,Four-Seam,BallCalled,Undefined,Undefined,Undefined,0,0,,90.94402,-1.46585,4.733429,2330.572647,148.406947,11:00,5.48512,-2.10829,6.39819,-18.09655,15.45717,-8.79985,2.6241,1.5214,82.47949,-4.928783,3.147485,0.416909,,,,,,,,,,,,5.97036,8.82579,1.77167,50,5.3711,-10.53674,-131.64932,-3.87617,10.40186,29.84382,-16.79726,WES_POW,LEX_LEG,GoMart,Independent,ATL,20250703-GoMart-1,07b53860-586a-11f0-b1d9-47d5dafa46c9,90.40917,,,8.46453,,,,,,,81cc797a-4601-4b1e-8094-3d1dc0b85384,2025-07-04,00:01:26.01,2025-07-03T20:01:26.0180000-04:00,2025-07-04T00:01:26.0180000Z,,v3,525,495,,"Quiroz, Isaias",657728,Right,LEX_LEG,5169f14c-79ba-438d-8623-dc954570df96,54.09818,-132.57509,14.92191,5.48326,-3.35511,-8.39863,2.10353,-10.85941,5.20093,,,,,,,,,,,,,,,,,,,,,,,,,,,,,,,,,,,,,,,,,,,,,,,,,,,High,High,High,,,,,
133,2025-07-03,20:01:49.04,7,4,"Acosta, Jose",1000210391,Left,LEX_LEG,"Barnum, Keon",621572,Left,WES_POW,Undefined,3,Bottom,2,3,0,Undefined,Sinker,BallCalled,Walk,Undefined,Undefined,0,0,,92.18272,-2.606443,4.516577,2410.042723,127.077378,10:15,5.51049,-1.99319,6.40234,-21.70442,10.94796,-13.00757,1.29585,1.0848,83.81245,-6.704555,2.168051,0.411272,,,,,,,,,,,,8.13382,6.82725,1.67455,50,5.31311,-10.00849,-133.43918,-6.75472,14.55966,30.65193,-19.95321,WES_POW,LEX_LEG,GoMart,Independent,ATL,20250703-GoMart-1,15676280-586a-11f0-b1d9-47d5dafa46c9,91.6485,,,8.37026,,,,,,,81cc797a-4601-4b1e-8094-3d1dc0b85384,2025-07-04,00:01:49.04,2025-07-03T20:01:49.0460000-04:00,2025-07-04T00:01:49.0460000Z,,v3,525,495,,"Quiroz, Isaias",657728,Right,LEX_LEG,a2f0b61f-b52f-4972-99af-8ffd291c60ba,54.09604,-134.37677,15.32597,5.51039,-6.14439,-9.97661,1.98751,-10.45385,7.27983,,,,,,,,,,,,,,,,,,,,,,,,,,,,,,,,,,,,,,,,,,,,,,,,,,,High,High,High,,,,,
134,2025-07-03,20:02:28.55,8,1,"Acosta, Jose",1000210391,Left,LEX_LEG,"Rosa, Joseph",660563,Right,WES_POW,Undefined,3,Bottom,2,0,0,Undefined,Sinker,FoulBallNotFieldable,Undefined,Undefined,Undefined,0,0,,91.56637,-2.402009,3.754051,2248.487361,133.166875,10:30,5.5177,-1.89409,6.3717,-20.62241,12.35631,-12.00135,1.58301,0.56488,83.45401,-6.303127,1.585485,0.413322,,,,,,,,,,,,7.39878,7.47882,1.62828,50,5.33423,-8.23118,-132.73396,-6.19702,13.13295,29.75308,-18.89905,WES_POW,LEX_LEG,GoMart,Independent,ATL,20250703-GoMart-1,2ceef1c0-586a-11f0-b1d9-47d5dafa46c9,91.19393,,,8.11236,,,,,,,81cc797a-4601-4b1e-8094-3d1dc0b85384,2025-07-04,00:02:28.55,2025-07-03T20:02:28.5540000-04:00,2025-07-04T00:02:28.5540000Z,,v3,525,495,,"Quiroz, Isaias",657728,Right,LEX_LEG,57088787-f2b1-40e6-b7e4-086eba00c5d9,54.12792,-133.65606,14.87654,5.51721,-5.61131,-9.44953,1.88969,-8.63819,6.56647,,,,,,,,,,,,,,,,,,,,,,,,,,,,,,,,,,,,,,,,,,,,,,,,,,,High,High,High,,,,,
135,2025-07-03,20:02:51.95,8,2,"Acosta, Jose",1000210391,Left,LEX_LEG,"Rosa, Joseph",660563,Right,WES_POW,Undefined,3,Bottom,2,0,1,Undefined,Changeup,StrikeCalled,Undefined,Undefined,Undefined,0,0,,86.3925,-0.576761,2.295975,1809.368009,124.798361,10:15,5.59592,-2.02855,6.7602,-25.11308,11.25627,-14.47328,2.97594,-1.13655,78.6897,-5.355658,-0.34397,0.434049,,,,,,,,,,,,8.28567,6.49016,1.88286,50,5.54853,-4.49803,-125.54819,-1.93988,13.14963,26.76704,-21.87393,WES_POW,LEX_LEG,GoMart,Independent,ATL,20250703-GoMart-1,3ad85880-586a-11f0-b1d9-47d5dafa46c9,86.83905,,,7.70281,,,,,,,81cc797a-4601-4b1e-8094-3d1dc0b85384,2025-07-04,00:02:51.95,2025-07-03T20:02:51.9560000-04:00,2025-07-04T00:02:51.9560000Z,,v3,525,495,,"Quiroz, Isaias",657728,Right,LEX_LEG,7bb2810f-d0c0-46bb-b4b7-d52ef4027dab,53.73765,-126.34254,13.38352,5.59646,-1.29073,-10.93697,2.02214,-4.88827,6.57482,,,,,,,,,,,,,,,,,,,,,,,,,,,,,,,,,,,,,,,,,,,,,,,,,,,High,High,High,,,,,
136,2025-07-03,20:03:16.24,8,3,"Acosta, Jose",1000210391,Left,LEX_LEG,"Rosa, Joseph",660563,Right,WES_POW,Undefined,3,Bottom,2,0,2,Undefined,Sinker,BallCalled,Undefined,Undefined,Undefined,0,0,,91.00995,-0.421058,2.676138,2402.687046,128.926198,10:15,5.57564,-1.94109,6.39466,-20.80785,12.17796,-13.83331,3.45397,-0.63081,83.40355,-4.359372,0.172317,0.413366,,,,,,,,,,,,7.90658,6.7754,1.75471,50,5.53566,-5.62019,-132.25288,-1.59325,14.0511,27.30906,-20.13325,WES_POW,LEX_LEG,GoMart,Independent,ATL,20250703-GoMart-1,494a5030-586a-11f0-b1d9-47d5dafa46c9,91.18414,,,7.60639,,,,,,,81cc797a-4601-4b1e-8094-3d1dc0b85384,2025-07-04,00:03:16.24,2025-07-03T20:03:16.2420000-04:00,2025-07-04T00:03:16.2420000Z,,v3,525,495,,"Quiroz, Isaias",657728,Right,LEX_LEG,872633b6-5e12-43b5-9e8d-8be8e538a965,54.10435,-133.09769,13.65453,5.57531,-0.97042,-10.06663,1.93529,-6.05486,7.02555,,,,,,,,,,,,,,,,,,,,,,,,,,,,,,,,,,,,,,,,,,,,,,,,,,,High,High,High,,,,,
137,2025-07-03,20:03:38.48,8,4,"Acosta, Jose",1000210391,Left,LEX_LEG,"Rosa, Joseph",660563,Right,WES_POW,Undefined,3,Bottom,2,1,2,Undefined,Four-Seam,FoulBallNotFieldable,Undefined,Undefined,Undefined,0,0,,90.84116,-1.163867,3.233644,2328.207424,141.431185,10:45,5.57311,-1.97989,6.36136,-18.0219,15.43501,-11.4219,2.99834,0.04734,82.60977,-4.611072,1.169529,0.416307,81.63138,-0.96019,174.671757,1627.528401,,,,67.67301,47.90552,175.825747,0.623927,6.74618,8.66339,1.74976,50,5.47991,-6.94682,-131.74489,-3.17342,11.81612,28.88454,-16.99992,WES_POW,LEX_LEG,GoMart,Independent,ATL,20250703-GoMart-1,5693a660-586a-11f0-b1d9-47d5dafa46c9,90.53991,4.23054,,8.23139,,,,1.61568,4.23054,-0.84784,81cc797a-4601-4b1e-8094-3d1dc0b85384,2025-07-04,00:03:38.48,2025-07-03T20:03:38.4860000-04:00,2025-07-04T00:03:38.4860000Z,GroundBall,v3,525,495,,"Quiroz, Isaias",657728,Right,LEX_LEG,41244f6b-66d9-4637-a6fa-53cbf2b03f51,54.13271,-132.64787,14.44227,5.57081,-2.64197,-8.49996,1.97271,-7.31621,5.90806,,1.58989,-118.6358,12.74401,,,,,,,4.22406,-1.86317,-7.84983,,,,,,,-0.84115,10.97133,-2.78586,,,,,,,,,,,,,,,,,,,,,,,,,,,,,High,High,High,Low,Medium,,,
138,2025-07-03,20:04:06.67,8,5,"Acosta, Jose",1000210391,Left,LEX_LEG,"Rosa, Joseph",660563,Right,WES_POW,Undefined,3,Bottom,2,1,2,Undefined,Changeup,FoulBallNotFieldable,Undefined,Undefined,Undefined,0,0,,86.66836,-0.538493,2.532961,1793.858184,98.224354,9:15,5.6965,-1.88832,6.29642,-33.24821,3.44465,-15.73095,2.42914,-0.86379,79.31076,-6.730058,-0.312902,0.435976,72.27773,46.373006,134.575663,3957.757276,,,,,42.31641,,,8.93032,2.28622,1.70945,50,5.64093,-4.965,-125.91587,-2.2418,14.29554,26.26261,-28.51427,WES_POW,LEX_LEG,GoMart,Independent,ATL,20250703-GoMart-1,6776ec30-586a-11f0-b1d9-47d5dafa46c9,86.4554,39.60028,,7.3576,,,,1.42226,2.49412,0.79654,81cc797a-4601-4b1e-8094-3d1dc0b85384,2025-07-04,00:04:06.67,2025-07-03T20:04:06.6770000-04:00,2025-07-04T00:04:06.6770000Z,,v3,525,495,,"Quiroz, Isaias",657728,Right,LEX_LEG,2c4b5999-807b-49da-b906-afb81f5768d0,54.20393,-126.78966,13.1313,5.69973,-1.2931,-14.25713,1.88256,-5.44063,7.14777,332.964658,1.42226,-51.33375,-0.4867,1.17084,0.14776,-1.48219,2.69806,-2.49618,0.95375,2.49412,76.73305,-26.77947,3.03844,-0.27191,-0.99911,1.89084,-1.75818,0.6742,0.79654,52.09996,-5.33282,0.71723,-0.03865,-0.20566,0.36269,-0.33729,0.13002,,,,,,,,,,,,,,,,,,,,,,,High,High,High,High,Undefined,,,
139,2025-07-03,20:04:34.69,8,6,"Acosta, Jose",1000210391,Left,LEX_LEG,"Rosa, Joseph",660563,Right,WES_POW,Undefined,3,Bottom,2,1,2,Undefined,Four-Seam,StrikeCalled,Strikeout,Undefined,Undefined,0,0,,90.83746,-0.798312,2.001641,2229.229076,140.456775,10:45,5.54788,-1.98024,6.53955,-20.67544,12.50859,-9.4226,3.09224,-0.92885,82.64083,-4.737674,0.290346,0.414606,,,,,,,,,,,,5.52614,7.12599,1.84525,50,5.48359,-4.23871,-131.97304,-2.42939,9.688,29.65115,-19.68139,WES_POW,LEX_LEG,GoMart,Independent,ATL,20250703-GoMart-1,78231c70-586a-11f0-b1d9-47d5dafa46c9,90.91142,,,8.19663,,,,,,,81cc797a-4601-4b1e-8094-3d1dc0b85384,2025-07-04,00:04:34.69,2025-07-03T20:04:34.6920000-04:00,2025-07-04T00:04:34.6920000Z,,v3,525,495,,"Quiroz, Isaias",657728,Right,LEX_LEG,cdd27c90-69bb-406b-8352-82f2f1402515,53.95841,-132.85942,14.82557,5.54742,-1.84104,-9.8407,1.97629,-4.52832,4.844,,,,,,,,,,,,,,,,,,,,,,,,,,,,,58.29373,,,1.191162,,,,-2.5274,6.34846,-2.16853,62.49306,11.32726,-62.47922,-2.45772,58.91527,-3.67281,6.41846,21.05678,-14.2044,-2.27119,-56.27832,4.79652,High,High,High,,,High,High,High
140,2025-07-03,20:07:00.35,1,1,"Lebron, David",673933,Right,WES_POW,"Fuentes, Brian",1000059283,Right,LEX_LEG,Undefined,4,Top,0,0,0,Undefined,Four-Seam,BallCalled,Undefined,Undefined,Undefined,0,0,,86.45897,-0.644738,-0.977484,2149.185992,195.828678,12:30,6.09134,0.35965,5.17028,-19.38836,19.40501,5.11548,3.86878,-0.13404,78.13633,-4.304166,-0.071763,0.448281,,,,,,,,,,,,-2.83559,10.24319,-0.27264,50,6.0172,1.90457,-125.27822,-2.02931,-4.46108,27.68845,-16.05908,WES_POW,LEX_LEG,GoMart,Independent,ATL,20250703-GoMart-1,cee04fb0-586a-11f0-b1d9-47d5dafa46c9,84.08217,,,8.32264,,,,,,,81cc797a-4601-4b1e-8094-3d1dc0b85384,2025-07-04,00:07:00.35,2025-07-03T20:07:00.3530000-04:00,2025-07-04T00:07:00.3530000Z,,v3,525,495,,"Lopez, B.J.",625439,Right,WES_POW,1b88842a-c288-4e44-81d7-6dcc0fc86064,55.3248,-126.44961,13.84423,6.08868,-1.34992,-8.02954,-0.35721,2.0933,-2.23054,,,,,,,,,,,,,,,,,,,,,,,,,,,,,,,,,,,,,,,,,,,,,,,,,,,High,High,High,,,,,
141,2025-07-03,20:07:12.28,1,2,"Lebron, David",673933,Right,WES_POW,"Fuentes, Brian",1000059283,Right,LEX_LEG,Undefined,4,Top,0,1,0,Undefined,Four-Seam,StrikeCalled,Undefined,Undefined,Undefined,0,0,,86.42171,-1.248141,-0.420854,2110.401999,182.393379,12:00,6.16747,0.46201,5.32523,-20.26229,18.04076,0.70161,3.30751,0.12555,78.79563,-5.046448,-0.296234,0.445439,,,,,,,,,,,,-0.46929,9.75918,-0.42447,50,6.04038,0.88961,-125.35934,-3.38532,-0.74526,25.81921,-16.67558,WES_POW,LEX_LEG,GoMart,Independent,ATL,20250703-GoMart-1,d6020680-586a-11f0-b1d9-47d5dafa46c9,84.61863,,,7.62609,,,,,,,81cc797a-4601-4b1e-8094-3d1dc0b85384,2025-07-04,00:07:12.28,2025-07-03T20:07:12.2870000-04:00,2025-07-04T00:07:12.2870000Z,,v3,525,495,,"Lopez, B.J.",625439,Right,WES_POW,0720fcfe-651c-4f59-9797-92d4467bf63b,55.17087,-126.41986,12.90961,6.16536,-2.70037,-8.33779,-0.46164,0.92022,-0.37263,,,,,,,,,,,,,,,,,,,,,,,,,,,,,,,,,,,,,,,,,,,,,,,,,,,High,High,High,,,,,
142,2025-07-03,20:07:26.30,1,3,"Lebron, David",673933,Right,WES_POW,"Fuentes, Brian",1000059283,Right,LEX_LEG,Undefined,4,Top,0,1,1,Undefined,Four-Seam,BallCalled,Undefined,Undefined,Undefined,0,0,,87.59111,-2.749946,-1.223534,2097.550102,190.943815,12:15,6.10988,0.25844,5.25881,-18.0284,19.53005,3.5289,2.02128,-0.5972,79.72087,-6.138577,-0.597583,0.441088,,,,,,,,,,,,-2.10764,10.92123,-0.14902,50,5.84492,2.54836,-126.86224,-6.66635,-3.41942,27.03916,-14.45566,WES_POW,LEX_LEG,GoMart,Independent,ATL,20250703-GoMart-1,de5c6460-586a-11f0-b1d9-47d5dafa46c9,85.45333,,,7.87024,,,,,,,81cc797a-4601-4b1e-8094-3d1dc0b85384,2025-07-04,00:07:26.30,2025-07-03T20:07:26.3050000-04:00,2025-07-04T00:07:26.3050000Z,,v3,525,495,,"Lopez, B.J.",625439,Right,WES_POW,98e4dad5-5321-410f-8954-cbb35cb84eb2,55.23668,-127.9735,13.51958,6.10669,-6.07224,-7.22783,-0.25664,2.68889,-1.70971,,,,,,,,,,,,,,,,,,,,,,,,,,,,,,,,,,,,,,,,,,,,,,,,,,,High,High,High,,,,,
143,2025-07-03,20:07:42.52,1,4,"Lebron, David",673933,Right,WES_POW,"Fuentes, Brian",1000059283,Right,LEX_LEG,Undefined,4,Top,0,2,1,Undefined,Four-Seam,FoulBallNotFieldable,Undefined,Undefined,Undefined,0,0,,87.52198,-1.834238,-0.362688,2148.80471,188.98317,12:15,6.16096,0.14254,5.22818,-16.66525,20.95226,3.11016,3.04726,0.06076,79.52517,-4.99155,0.188689,0.441435,67.46996,52.918103,147.727707,4544.178653,,,,,46.32061,,,-1.66831,11.40119,-0.11158,50,5.98022,0.66473,-126.88887,-4.58281,-2.70376,27.40834,-13.69661,WES_POW,LEX_LEG,GoMart,Independent,ATL,20250703-GoMart-1,e81d3010-586a-11f0-b1d9-47d5dafa46c9,85.38624,50.38912,,7.99681,,,,0.84121,3.26733,0.00081,81cc797a-4601-4b1e-8094-3d1dc0b85384,2025-07-04,00:07:42.52,2025-07-03T20:07:42.5280000-04:00,2025-07-04T00:07:42.5280000Z,,v3,525,495,,"Lopez, B.J.",625439,Right,WES_POW,e1cc5b20-eeaf-4ca8-b944-5b78d40a0365,55.26951,-128.02204,13.70417,6.15798,-4.01654,-6.84831,-0.14138,0.77652,-1.35188,335.671629,0.84121,-50.44931,-0.67262,1.3691,0.64957,-3.2505,5.26798,-4.09997,1.25031,3.26734,78.94388,-28.82356,3.48068,0.28242,-2.92078,4.68796,-3.58982,1.07936,0.00081,31.85809,-5.8117,0.89469,0.19439,-1.01795,1.58468,-1.2033,0.35968,,,,,,,,,,,,,,,,,,,,,,,High,High,High,High,Undefined,,,
144,2025-07-03,20:08:03.05,1,5,"Lebron, David",673933,Right,WES_POW,"Fuentes, Brian",1000059283,Right,LEX_LEG,Undefined,4,Top,0,2,2,Undefined,Four-Seam,FoulBallNotFieldable,Undefined,Undefined,Undefined,0,0,,88.66395,-2.113454,-1.299177,2214.652907,193.823329,12:30,6.14692,0.31227,5.10522,-16.23166,20.35308,4.72158,2.80155,-0.51858,81.12964,-5.164918,-0.464268,0.435333,71.45644,44.678011,60.5725,5141.74514,41.6903,75.90189,101.79344,226.98824,110.14051,72.726149,4.529596,-2.70543,11.05292,-0.19365,50,5.93551,2.69937,-128.5695,-5.27506,-4.53813,26.12256,-13.63361,WES_POW,LEX_LEG,GoMart,Independent,ATL,20250703-GoMart-1,f43afe90-586a-11f0-b1d9-47d5dafa46c9,86.58303,77.11858,,7.53431,,,,0.54867,2.90944,0.412,81cc797a-4601-4b1e-8094-3d1dc0b85384,2025-07-04,00:08:03.05,2025-07-03T20:08:03.0590000-04:00,2025-07-04T00:08:03.0590000Z,FlyBall,v3,525,495,,"Lopez, B.J.",625439,Right,WES_POW,23c7c25f-2a12-444d-9405-ef98b98ba3cf,55.39286,-129.66058,13.06128,6.14395,-4.70561,-6.81681,-0.31036,2.88891,-2.26907,,0.55434,36.47643,-11.47381,2.13432,0.38443,-0.39258,0.10771,-0.01294,0.00057,2.90942,73.6805,-20.75324,1.39292,0.09016,-0.21313,0.08556,-0.01471,0.00093,0.41552,64.8204,-7.03422,0.61423,0.53501,-0.35051,0.09798,-0.0132,0.0007,,,,,,,,,,,,,,,,,,,,,,,High,High,High,High,Low,,,
145,2025-07-03,20:08:20.29,1,6,"Lebron, David",673933,Right,WES_POW,"Fuentes, Brian",1000059283,Right,LEX_LEG,Undefined,4,Top,0,2,2,Undefined,Four-Seam,InPlay,Undefined,FlyBall,HomeRun,0,1,,88.72497,-2.640769,-0.185836,2235.29156,181.626442,12:00,6.15544,0.15538,5.29885,-14.6219,21.85611,0.58575,2.45594,0.02972,80.77925,-5.425861,-0.081855,0.434697,104.365,22.880579,-22.369634,1781.27602,100.7759,42.22276,-44.09209,377.0736,363.11623,-26.512767,4.178561,-0.34886,12.09973,-0.13894,50,5.9053,0.39099,-128.60874,-6.37006,-0.58185,27.70657,-11.99272,WES_POW,LEX_LEG,GoMart,Independent,ATL,20250703-GoMart-1,fe9bdad0-586a-11f0-b1d9-47d5dafa46c9,86.70962,58.92526,,7.94572,,,,1.76832,2.47917,0.01801,81cc797a-4601-4b1e-8094-3d1dc0b85384,2025-07-04,00:08:20.29,2025-07-03T20:08:20.2990000-04:00,2025-07-04T00:08:20.2990000Z,LineDrive,v3,525,495,,"Lopez, B.J.",625439,Right,WES_POW,dd3fa403-2fba-4b35-9d22-a87e33f12aa9,55.19925,-129.72399,13.85328,6.15199,-5.88732,-5.99636,-0.15514,0.41441,-0.29093,150.107762,1.76729,130.44329,-25.12064,6.44301,-1.67036,0.45018,-0.1027,0.0144,-0.00085,2.48053,59.47587,-16.75639,0.32427,0.36747,-0.22085,0.06489,-0.00918,0.0005,0.01838,-53.67834,4.25726,-0.14929,-0.04434,-0.00547,0.00725,-0.00167,0.00012,,,,,,,,,,,,,,,,,,,,,,,High,High,High,High,Medium,,,
146,2025-07-03,20:09:03.35,2,1,"Lebron, David",673933,Right,WES_POW,"Quiroz, Isaias",657728,Right,LEX_LEG,Undefined,4,Top,0,0,0,Undefined,Four-Seam,BallCalled,Undefined,Undefined,Undefined,0,0,,88.82353,-4.167702,-1.246687,2224.135892,192.325527,12:30,6.13444,0.29166,5.0718,-17.71784,19.60273,3.97225,0.72078,-0.55288,80.0242,-7.497548,-0.544381,0.439689,,,,,,,,,,,,-2.39429,11.52863,-0.17673,50,5.72531,2.60867,-128.28373,-9.93309,-3.92054,30.84162,-13.29662,WES_POW,LEX_LEG,GoMart,Independent,ATL,20250703-GoMart-1,18497e60-586b-11f0-b1d9-47d5dafa46c9,85.72521,,,8.79933,,,,,,,81cc797a-4601-4b1e-8094-3d1dc0b85384,2025-07-04,00:09:03.35,2025-07-03T20:09:03.3560000-04:00,2025-07-04T00:09:03.3560000Z,,v3,525,495,,"Lopez, B.J.",625439,Right,WES_POW,67cd46de-a841-4602-b041-960a58309793,55.42475,-129.58137,15.42081,6.13147,-9.37365,-6.64831,-0.28996,2.77363,-1.96027,,,,,,,,,,,,,,,,,,,,,,,,,,,,,,,,,,,,,,,,,,,,,,,,,,,High,High,High,,,,,
147,2025-07-03,20:09:14.83,2,2,"Lebron, David",673933,Right,WES_POW,"Quiroz, Isaias",657728,Right,LEX_LEG,Undefined,4,Top,0,1,0,Undefined,Slider,StrikeSwinging,Undefined,Undefined,Undefined,0,0,,80.85414,-1.87811,-0.044436,2152.083512,113.029707,9:45,6.11224,0.34026,5.28726,-39.59841,4.37929,-6.86693,1.04813,-0.27372,74.09921,-9.084277,-1.266221,0.477296,,,,,,,,,,,,3.45599,3.14425,-0.33089,50,5.9121,0.36778,-117.26721,-5.21807,4.7804,23.55334,-27.82482,WES_POW,LEX_LEG,GoMart,Independent,ATL,20250703-GoMart-1,1f274e60-586b-11f0-b1d9-47d5dafa46c9,78.97081,,,6.75493,,,,,,,81cc797a-4601-4b1e-8094-3d1dc0b85384,2025-07-04,00:09:14.83,2025-07-03T20:09:14.8320000-04:00,2025-07-04T00:09:14.8320000Z,,v3,525,495,,"Lopez, B.J.",625439,Right,WES_POW,47476394-6b68-4562-b0d5-5d88752e8a3c,55.21204,-118.30943,11.77667,6.11576,-3.98684,-13.91241,-0.34249,0.15625,2.3902,,,,,,,,,,,,,,,,,,,,,,,,,,,,,,,,,,,,,,,,,,,,,,,,,,,High,High,High,,,,,
148,2025-07-03,20:09:29.63,2,3,"Lebron, David",673933,Right,WES_POW,"Quiroz, Isaias",657728,Right,LEX_LEG,Undefined,4,Top,0,1,1,Undefined,Four-Seam,BallCalled,Undefined,Undefined,Undefined,0,0,,88.23635,-3.276655,-1.537701,2227.517894,187.52192,12:15,6.19566,0.29044,4.97677,-17.66481,20.14434,2.47394,1.62444,-0.95604,79.58274,-6.600386,-1.101265,0.442558,,,,,,,,,,,,-1.71551,11.41512,-0.14413,50,5.86553,3.30749,-127.53636,-7.88391,-2.78452,29.78155,-13.64557,WES_POW,LEX_LEG,GoMart,Independent,ATL,20250703-GoMart-1,27f136f0-586b-11f0-b1d9-47d5dafa46c9,85.16955,,,8.65362,,,,,,,81cc797a-4601-4b1e-8094-3d1dc0b85384,2025-07-04,00:09:29.63,2025-07-03T20:09:29.6370000-04:00,2025-07-04T00:09:29.6370000Z,,v3,525,495,,"Lopez, B.J.",625439,Right,WES_POW,8d460a05-127e-4050-b51c-40a7da27ab28,55.51861,-128.81859,14.89077,6.19232,-7.29641,-6.82278,-0.28911,3.42737,-1.39226,,,,,,,,,,,,,,,,,,,,,,,,,,,,,,,,,,,,,,,,,,,,,,,,,,,High,High,High,,,,,
149,2025-07-03,20:09:42.35,2,4,"Lebron, David",673933,Right,WES_POW,"Quiroz, Isaias",657728,Right,LEX_LEG,Undefined,4,Top,0,2,1,Undefined,Slider,InPlay,Undefined,GroundBall,Single,0,0,,79.86971,-0.234854,-0.502871,2166.785933,108.310864,9:30,6.13286,0.2875,5.24287,-40.96585,3.89327,-7.51378,2.49831,-0.81127,73.37639,-7.69807,-1.83705,0.482055,54.27912,-75.747948,-73.633411,,,,,2.56516,2.56516,3.14378,0.03382,3.65146,2.38469,-0.23536,50,6.08066,1.31754,-115.95989,-1.89097,4.96673,21.89466,-28.93039,WES_POW,LEX_LEG,GoMart,Independent,ATL,20250703-GoMart-1,2f892f30-586b-11f0-b1d9-47d5dafa46c9,78.19113,2.62646,,6.49331,,,,2.37332,2.62646,0.78078,81cc797a-4601-4b1e-8094-3d1dc0b85384,2025-07-04,00:09:42.35,2025-07-03T20:09:42.3500000-04:00,2025-07-04T00:09:42.3500000Z,GroundBall,v3,525,495,,"Lopez, B.J.",625439,Right,WES_POW,25af2fa0-17ea-4ab2-83d2-89ac92677b62,55.25724,-116.9483,10.94733,6.13655,-0.58493,-14.46519,-0.28978,1.09332,2.48337,,2.37312,5.5585,,,,,,,,2.62919,-77.66066,,,,,,,,0.78145,-18.92692,,,,,,,,,,,,,,,,,,,,,,,,,,,,,,High,High,High,Estimated,Estimated,,,
150,2025-07-03,20:10:25.49,3,1,"Lebron, David",673933,Right,WES_POW,"McCarthy, Ryan",804884,Left,LEX_LEG,Undefined,4,Top,0,0,0,Undefined,Four-Seam,BallCalled,Undefined,Undefined,Undefined,0,0,,87.58201,-0.711559,0.023389,2142.526629,198.075396,12:30,6.10988,0.44614,5.19093,-17.23217,20.5882,6.28138,4.00445,0.99159,79.03005,-3.988778,1.136019,0.442623,,,,,,,,,,,,-3.09717,10.83918,-0.45318,50,6.03149,-0.34359,-126.89814,-2.10437,-4.99283,28.7257,-14.70071,WES_POW,LEX_LEG,GoMart,Independent,ATL,20250703-GoMart-1,492d0ec0-586b-11f0-b1d9-47d5dafa46c9,85.15689,,,8.55196,,,,,,,81cc797a-4601-4b1e-8094-3d1dc0b85384,2025-07-04,00:10:25.49,2025-07-03T20:10:25.4940000-04:00,2025-07-04T00:10:25.4940000Z,,v3,525,495,,"Lopez, B.J.",625439,Right,WES_POW,c09d7a10-cdeb-4821-97c0-acf74e2c17af,55.30337,-128.09303,14.36285,6.10631,-1.49287,-7.35035,-0.4432,-0.1359,-2.49642,,,,,,,,,,,,,,,,,,,,,,,,,,,,,,,,,,,,,,,,,,,,,,,,,,,High,High,High,,,,,
151,2025-07-03,20:10:43.12,3,2,"Lebron, David",673933,Right,WES_POW,"McCarthy, Ryan",804884,Left,LEX_LEG,Undefined,4,Top,0,1,0,Undefined,Four-Seam,StrikeSwinging,Undefined,Undefined,Undefined,0,0,,87.88818,-2.170927,-0.580152,2167.943426,192.142386,12:30,6.113,0.50588,5.17059,-15.50958,21.91773,4.43918,2.77645,0.32982,79.79996,-5.11988,0.205938,0.440317,,,,,,,,,,,,-2.36969,11.91131,-0.45533,50,5.89954,1.08427,-127.33989,-5.29271,-3.86869,27.54637,-12.72783,WES_POW,LEX_LEG,GoMart,Independent,ATL,20250703-GoMart-1,53c045a0-586b-11f0-b1d9-47d5dafa46c9,85.60288,,,8.08822,,,,,,,81cc797a-4601-4b1e-8094-3d1dc0b85384,2025-07-04,00:10:43.12,2025-07-03T20:10:43.1200000-04:00,2025-07-04T00:10:43.1200000Z,,v3,525,495,,"Lopez, B.J.",625439,Right,WES_POW,0d68639a-9910-4e01-9025-c77a9dbf1a5d,55.32501,-128.48664,13.77318,6.10884,-4.76285,-6.36391,-0.50382,1.24532,-1.93435,,,,,,,,,,,,,,,,,,,,,,,,,,,,,,,,,,,,,,,,,,,,,,,,,,,High,High,High,,,,,
152,2025-07-03,20:11:06.56,3,3,"Lebron, David",673933,Right,WES_POW,"McCarthy, Ryan",804884,Left,LEX_LEG,Undefined,4,Top,0,1,1,Undefined,Four-Seam,StrikeSwinging,Undefined,Undefined,Undefined,0,0,,87.81437,-1.433895,-1.874016,2208.126747,196.287302,12:30,6.10871,0.39116,5.17666,-16.28698,21.27017,5.83339,3.40121,-0.88674,79.52064,-4.530688,-0.841715,0.44108,,,,,,,,,,,,-3.44658,11.37697,-0.22133,50,5.96348,3.8909,-127.19255,-3.67987,-5.60351,27.92581,-13.67707,WES_POW,LEX_LEG,GoMart,Independent,ATL,20250703-GoMart-1,61a2ce90-586b-11f0-b1d9-47d5dafa46c9,85.45479,,,8.29373,,,,,,,81cc797a-4601-4b1e-8094-3d1dc0b85384,2025-07-04,00:11:06.56,2025-07-03T20:11:06.5670000-04:00,2025-07-04T00:11:06.5670000Z,,v3,525,495,,"Lopez, B.J.",625439,Right,WES_POW,df4366c3-f343-469e-a264-52e38c574cfe,55.3184,-128.35492,13.96291,6.1048,-3.11058,-6.83854,-0.38813,4.12414,-2.80176,,,,,,,,,,,,,,,,,,,,,,,,,,,,,,,,,,,,,,,,,,,,,,,,,,,High,High,High,,,,,
153,2025-07-03,20:11:30.59,3,4,"Lebron, David",673933,Right,WES_POW,"McCarthy, Ryan",804884,Left,LEX_LEG,Undefined,4,Top,0,1,2,Undefined,Four-Seam,StrikeSwinging,Strikeout,Undefined,Undefined,0,0,,89.22001,-0.623283,-0.779528,2210.783294,200.202977,12:45,6.18693,0.44091,5.20741,-15.02804,21.2167,7.35473,4.34836,0.32067,80.83844,-3.494422,0.523528,0.433305,,,,,,,,,,,,-3.87481,11.09851,-0.37448,50,6.11857,1.41487,-129.34992,-1.85755,-6.5228,28.59253,-13.49093,WES_POW,LEX_LEG,GoMart,Independent,ATL,20250703-GoMart-1,6feea0a0-586b-11f0-b1d9-47d5dafa46c9,86.98819,,,8.38157,,,,,,,81cc797a-4601-4b1e-8094-3d1dc0b85384,2025-07-04,00:11:30.59,2025-07-03T20:11:30.5900000-04:00,2025-07-04T00:11:30.5900000Z,,v3,525,495,,"Lopez, B.J.",625439,Right,WES_POW,ed46b11e-b071-4325-9710-3a96d6a631b8,55.28813,-130.51361,14.29627,6.183,-1.30848,-6.74546,-0.43747,1.68034,-3.2614,,,,,,,,,,,,,,,,,,,,,,,,,,,,,,,,,,,,,,,,,,,,,,,,,,,High,High,High,,,,,
154,2025-07-03,20:12:05.33,4,1,"Lebron, David",673933,Right,WES_POW,"Riddle, JT",595375,Left,LEX_LEG,Undefined,4,Top,1,0,0,Undefined,Changeup,InPlay,Undefined,FlyBall,Out,2,0,,75.01636,-0.923174,-1.775584,1771.561764,222.905402,1:30,6.02494,0.23365,5.12576,-37.32632,14.00205,11.41875,2.04442,-0.48766,68.62678,-7.767297,0.245919,0.515644,68.48015,40.378067,37.453396,3797.525242,84.42236,65.22475,70.51854,232.24496,187.53345,42.574607,4.271859,-6.24697,7.72882,-0.0763,50,5.90964,2.93504,-108.76074,-2.93588,-7.44955,19.86166,-22.95737,WES_POW,LEX_LEG,GoMart,Independent,ATL,20250703-GoMart-1,84c7d8c0-586b-11f0-b1d9-47d5dafa46c9,73.09778,66.6876,,6.38958,,,,2.45867,2.15755,0.45659,81cc797a-4601-4b1e-8094-3d1dc0b85384,2025-07-04,00:12:05.33,2025-07-03T20:12:05.3360000-04:00,2025-07-04T00:12:05.3360000Z,FlyBall,v3,525,495,,"Lopez, B.J.",625439,Right,WES_POW,61e4c306-f510-402d-87ee-fb9c91521581,55.37272,-109.73751,9.93083,6.02626,-1.80687,-11.47868,-0.22965,3.3014,-3.72478,198.719263,2.45991,60.70509,-11.52513,2.63718,-0.20718,-0.09131,0.03334,-0.00429,0.00019,2.15735,65.06977,-17.89349,0.97109,-0.10328,-0.04062,0.02662,-0.00541,0.00037,0.45719,46.51218,-5.23998,1.17112,-0.08687,-0.04162,0.01466,-0.00183,8E-05,,,,,,,,,,,,,,,,,,,,,,,High,High,High,High,Medium,,,
155,2025-07-03,20:15:02.14,1,1,"Acosta, Jose",1000210391,Left,LEX_LEG,"Daniels, Zach",671113,Right,WES_POW,Undefined,4,Bottom,0,0,0,Undefined,Sinker,StrikeSwinging,Undefined,Undefined,Undefined,0,0,,90.73288,-1.719523,2.524266,2121.909536,129.652214,10:15,5.63143,-2.00718,6.02472,-22.343,11.46111,-12.52949,2.17493,-0.7119,83.01629,-5.905694,0.270858,0.418462,,,,,,,,,,,,7.11465,6.70414,1.81613,50,5.48461,-5.26923,-131.68263,-4.68194,12.49384,27.93468,-20.40113,WES_POW,LEX_LEG,GoMart,Independent,ATL,20250703-GoMart-1,ee0d2830-586b-11f0-b1d9-47d5dafa46c9,90.07372,,,7.71659,,,,,,,81cc797a-4601-4b1e-8094-3d1dc0b85384,2025-07-04,00:15:02.14,2025-07-03T20:15:02.1430000-04:00,2025-07-04T00:15:02.1430000Z,,v3,525,495,,"Quiroz, Isaias",657728,Right,LEX_LEG,b942d172-29c1-4f68-b527-17a5337177a7,54.47337,-132.6282,13.96734,5.6314,-3.99137,-10.20056,2.00164,-5.69214,6.24692,,,,,,,,,,,,,,,,,,,,,,,,,,,,,,,,,,,,,,,,,,,,,,,,,,,High,High,High,,,,,
156,2025-07-03,20:15:18.77,1,2,"Acosta, Jose",1000210391,Left,LEX_LEG,"Daniels, Zach",671113,Right,WES_POW,Undefined,4,Bottom,0,0,1,Undefined,Changeup,StrikeSwinging,Undefined,Undefined,Undefined,0,0,,84.34802,-1.277686,2.728121,1624.807248,88.130861,9:00,5.55995,-2.15984,6.6945,-37.24041,0.66457,-13.9256,1.28665,-0.82362,77.97548,-8.211388,0.188014,0.443118,,,,,,,,,,,,8.13087,1.00417,1.98338,50,5.46014,-5.36537,-122.67057,-3.822,12.43962,23.34948,-30.63774,WES_POW,LEX_LEG,GoMart,Independent,ATL,20250703-GoMart-1,f81276f0-586b-11f0-b1d9-47d5dafa46c9,85.06181,,,6.37254,,,,,,,81cc797a-4601-4b1e-8094-3d1dc0b85384,2025-07-04,00:15:18.77,2025-07-03T20:15:18.7770000-04:00,2025-07-04T00:15:18.7770000Z,,v3,525,495,,"Quiroz, Isaias",657728,Right,LEX_LEG,9d2ec0fb-9546-447e-95b0-8ff81d4b547a,53.8074,-123.39316,11.67474,5.56375,-2.87387,-15.31887,2.15537,-5.75033,6.21981,,,,,,,,,,,,,,,,,,,,,,,,,,,,,,,,,,,,,,,,,,,,,,,,,,,High,High,High,,,,,
157,2025-07-03,20:15:43.80,1,3,"Acosta, Jose",1000210391,Left,LEX_LEG,"Daniels, Zach",671113,Right,WES_POW,Undefined,4,Bottom,0,0,2,Undefined,Sinker,StrikeCalled,Strikeout,Undefined,Undefined,0,0,,90.85338,-1.618888,2.330195,2182.605783,129.429803,10:15,5.56183,-2.18048,6.34533,-21.89363,11.2993,-12.49757,2.24544,-1.07566,83.36967,-5.741375,0.068422,0.414662,,,,,,,,,,,,7.14244,6.64162,2.01674,50,5.43372,-4.8686,-132.00049,-4.40338,12.63311,27.44693,-20.42677,WES_POW,LEX_LEG,GoMart,Independent,ATL,20250703-GoMart-1,06f64340-586c-11f0-b1d9-47d5dafa46c9,90.89918,,,7.48371,,,,,,,81cc797a-4601-4b1e-8094-3d1dc0b85384,2025-07-04,00:15:43.80,2025-07-03T20:15:43.8000000-04:00,2025-07-04T00:15:43.8000000Z,,v3,525,495,,"Quiroz, Isaias",657728,Right,LEX_LEG,3417f0f7-cc9b-4ceb-9e9a-7ce459ff3768,54.1541,-132.86144,13.72347,5.56179,-3.76263,-10.21338,2.17567,-5.26487,6.31655,,,,,,,,,,,,,,,,,,,,,,,,,,,,,69.67441,,,0.995093,,,,0.51727,6.03084,3.38497,70.45955,7.78779,-54.53027,0.58471,75.8742,-5.66044,6.07591,15.2837,-13.61371,3.29576,-64.68562,6.57764,High,High,High,,,High,High,High
158,2025-07-03,20:16:15.60,2,1,"Acosta, Jose",1000210391,Left,LEX_LEG,"Womack, Alsander",703920,Right,WES_POW,Undefined,4,Bottom,1,0,0,Undefined,Sinker,StrikeSwinging,Undefined,Undefined,Undefined,0,0,,90.28946,-1.41666,2.563933,2139.411981,138.339938,10:30,5.57902,-1.82711,6.22617,-21.16387,12.70528,-10.34654,2.5067,-0.32213,82.56743,-5.410009,0.696679,0.418865,73.40864,23.278696,167.080375,2332.121037,-107.4544,20.07512,23.52609,168.19567,50.19432,168.662314,2.040348,6.10634,7.31504,1.64053,50,5.46246,-5.45402,-131.11101,-3.89111,10.62131,27.91043,-19.45033,WES_POW,LEX_LEG,GoMart,Independent,ATL,20250703-GoMart-1,19f00d00-586c-11f0-b1d9-47d5dafa46c9,89.98717,21.84787,,7.72203,,,,1.58825,2.59278,0.33179,81cc797a-4601-4b1e-8094-3d1dc0b85384,2025-07-04,00:16:15.60,2025-07-03T20:16:15.6020000-04:00,2025-07-04T00:16:15.6020000Z,LineDrive,v3,525,495,,"Quiroz, Isaias",657728,Right,LEX_LEG,96244242-e4ea-4957-8bb8-4f7dfdba755b,54.27321,-132.01754,13.95521,5.57858,-3.25936,-9.72516,1.82328,-5.799,5.31066,352.093696,1.58835,-96.40434,7.72481,-0.6404,0.69512,-0.68516,0.40789,-0.1223,0.0141,2.59278,42.55045,-25.75929,2.91011,-0.64276,0.20794,-0.078,0.02405,-0.00339,0.33175,22.11618,-2.66568,-0.05518,-0.26529,0.31981,-0.19713,0.05923,-0.00677,,,,,,,,,,,,,,,,,,,,,,,High,High,High,High,Low,,,
159,2025-07-03,20:16:38.89,2,2,"Acosta, Jose",1000210391,Left,LEX_LEG,"Womack, Alsander",703920,Right,WES_POW,Undefined,4,Bottom,1,0,1,Undefined,Sinker,StrikeSwinging,Undefined,Undefined,Undefined,0,0,,91.11742,-0.804972,2.717132,2383.594306,126.194671,10:15,5.62882,-2.06307,6.24368,-20.79749,12.3502,-15.47284,3.15235,-0.84447,83.42053,-4.731642,-0.075862,0.414379,76.88513,56.229475,90.668162,4871.529575,,,,,66.06521,,,8.8002,6.9439,1.86828,50,5.55849,-5.654,-132.37315,-2.5012,15.64032,27.82163,-19.83291,WES_POW,LEX_LEG,GoMart,Independent,ATL,20250703-GoMart-1,27cb6a00-586c-11f0-b1d9-47d5dafa46c9,90.96119,84.13582,,7.69689,,,,1.06215,4.36815,-0.31361,81cc797a-4601-4b1e-8094-3d1dc0b85384,2025-07-04,00:16:38.89,2025-07-03T20:16:38.8950000-04:00,2025-07-04T00:16:38.8950000Z,,v3,525,495,,"Quiroz, Isaias",657728,Right,LEX_LEG,2780fcff-b92b-4bd0-882f-59d058edfee0,54.25646,-133.26475,13.91081,5.62846,-1.86561,-9.91645,2.05751,-6.15523,7.82016,,1.06214,-0.72803,-9.12709,3.50029,-2.28515,2.73176,-2.2805,1.00228,-0.17738,4.36815,93.73778,-26.35632,2.99512,-0.47717,-0.0937,0.16776,-0.08648,0.01695,-0.31362,62.6787,-9.36813,2.09111,-0.71637,0.63592,-0.50149,0.21446,-0.03704,,,,,,,,,,,,,,,,,,,,,,,High,High,High,Low,Undefined,,,
160,2025-07-03,20:17:00.35,2,3,"Acosta, Jose",1000210391,Left,LEX_LEG,"Womack, Alsander",703920,Right,WES_POW,Undefined,4,Bottom,1,0,2,Undefined,Changeup,InPlay,Undefined,GroundBall,Single,0,0,,85.58019,-1.24222,2.49323,1711.440616,112.65479,9:45,5.6682,-2.04423,6.59813,-30.40065,7.09579,-13.908,1.99549,-0.9176,77.78087,-6.96761,-0.037311,0.440724,94.82466,-35.893624,-3.874184,,,,,4.22348,1.6878,10.055106,0.024389,8.10737,4.49323,1.87938,50,5.57085,-4.90133,-124.26907,-3.5734,12.53555,27.51223,-25.22668,WES_POW,LEX_LEG,GoMart,Independent,ATL,20250703-GoMart-1,349ad540-586c-11f0-b1d9-47d5dafa46c9,85.52395,1.9917,,7.79932,,,,1.41283,1.9917,0.92335,81cc797a-4601-4b1e-8094-3d1dc0b85384,2025-07-04,00:17:00.35,2025-07-03T20:17:00.3580000-04:00,2025-07-04T00:17:00.3580000Z,GroundBall,v3,525,495,,"Quiroz, Isaias",657728,Right,LEX_LEG,bcc5b213-de44-4c1d-9831-ce8b3c0c1a6f,53.90073,-125.12968,13.75612,5.67029,-2.78428,-12.61334,2.03884,-5.29345,6.26778,,1.41214,112.58495,,,,,,,,1.9922,-81.66544,,,,,,,,0.92339,-7.62431,,,,,,,,,,,,,,,,,,,,,,,,,,,,,,High,High,High,Estimated,Estimated,,,
161,2025-07-03,20:17:44.34,3,1,"Acosta, Jose",1000210391,Left,LEX_LEG,"Lopez, B.J.",625439,Right,WES_POW,Undefined,4,Bottom,1,0,0,Undefined,Sinker,InPlay,Undefined,GroundBall,Out,1,0,,90.5918,-1.089365,3.699228,2339.337949,137.983703,10:30,5.67642,-1.84653,6.31508,-20.03367,13.70477,-11.33453,3.00132,0.62102,82.37903,-4.896738,1.65421,0.418056,89.4511,22.656213,-32.561762,1536.936224,91.60705,37.55173,-60.89401,291.18966,263.53167,-35.254787,3.43015,7.00485,7.78705,1.58081,50,5.58692,-8.03902,-131.38727,-3.09085,12.17765,29.2583,-18.63653,WES_POW,LEX_LEG,GoMart,Independent,ATL,20250703-GoMart-1,4ed24240-586c-11f0-b1d9-47d5dafa46c9,90.1613,42.58002,,8.21278,,,,1.39461,2.997,-0.5396,81cc797a-4601-4b1e-8094-3d1dc0b85384,2025-07-04,00:17:44.34,2025-07-03T20:17:44.3490000-04:00,2025-07-04T00:17:44.3490000Z,LineDrive,v3,525,495,,"Quiroz, Isaias",657728,Right,LEX_LEG,38218fa0-82db-4281-980a-fc375acd2c30,54.18382,-132.31567,14.62915,5.67561,-2.49949,-9.31826,1.84203,-8.42543,6.08883,154.167224,1.39453,102.04426,-17.86654,4.18126,-0.80578,0.09818,0.00056,-0.00242,0.00028,2.99704,50.53316,-17.51883,1.14363,-0.29086,0.12553,-0.04334,0.00871,-0.00072,-0.53973,-65.15602,7.781,-1.367,0.18061,0.00114,-0.00964,0.00256,-0.00024,,,,,,,,,,,,,,,,,,,,,,,High,High,High,High,Medium,,,
162,2025-07-03,20:18:23.13,4,1,"Acosta, Jose",1000210391,Left,LEX_LEG,"Moorer, Demetrius",693884,Right,WES_POW,Undefined,4,Bottom,2,0,0,Undefined,Four-Seam,StrikeSwinging,Undefined,Undefined,Undefined,0,0,,90.97556,-0.63108,3.472694,2340.718769,137.391588,10:30,5.57005,-1.99452,6.32841,-18.97253,14.42702,-12.25398,3.40677,0.18611,82.7001,-4.249511,1.260544,0.41595,,,,,,,,,,,,7.34323,8.00894,1.74626,50,5.51478,-7.49944,-131.97442,-2.00025,12.89458,29.23049,-18.11045,WES_POW,LEX_LEG,GoMart,Independent,ATL,20250703-GoMart-1,65d6bed0-586c-11f0-b1d9-47d5dafa46c9,90.61761,,,8.27547,,,,,,,81cc797a-4601-4b1e-8094-3d1dc0b85384,2025-07-04,00:18:23.13,2025-07-03T20:18:23.1360000-04:00,2025-07-04T00:18:23.1360000Z,,v3,525,495,,"Quiroz, Isaias",657728,Right,LEX_LEG,0f02cd79-2429-4529-9459-32a801f5ae67,54.16894,-132.89457,14.61524,5.56877,-1.43014,-9.05523,1.98872,-7.90535,6.44729,,,,,,,,,,,,,,,,,,,,,,,,,,,,,,,,,,,,,,,,,,,,,,,,,,,High,High,High,,,,,
163,2025-07-03,20:18:54.18,4,2,"Acosta, Jose",1000210391,Left,LEX_LEG,"Moorer, Demetrius",693884,Right,WES_POW,Undefined,4,Bottom,2,0,1,Undefined,Four-Seam,StrikeSwinging,Undefined,Undefined,Undefined,0,0,,90.46427,-1.243288,3.690652,2289.295794,138.500959,10:30,5.55526,-2.0123,6.20929,-19.3021,14.64465,-11.96024,2.7967,0.40199,82.31724,-4.911129,1.536985,0.419344,,,,,,,,,,,,7.22028,8.27103,1.74068,50,5.45201,-7.9581,-131.15718,-3.41809,12.53012,28.70632,-17.82047,WES_POW,LEX_LEG,GoMart,Independent,ATL,20250703-GoMart-1,785a2010-586c-11f0-b1d9-47d5dafa46c9,89.88428,,,8.14702,,,,,,,81cc797a-4601-4b1e-8094-3d1dc0b85384,2025-07-04,00:18:54.18,2025-07-03T20:18:54.1890000-04:00,2025-07-04T00:18:54.1890000Z,,v3,525,495,,"Quiroz, Isaias",657728,Right,LEX_LEG,abb6df34-eb8a-4553-9803-f2f2f479af30,54.28799,-132.09235,14.35316,5.55391,-2.83755,-8.91023,2.00658,-8.3663,6.26506,,,,,,,,,,,,,,,,,,,,,,,,,,,,,,,,,,,,,,,,,,,,,,,,,,,High,High,High,,,,,
164,2025-07-03,20:19:12.90,4,3,"Acosta, Jose",1000210391,Left,LEX_LEG,"Moorer, Demetrius",693884,Right,WES_POW,Undefined,4,Bottom,2,0,2,Undefined,Four-Seam,BallCalled,Undefined,Undefined,Undefined,0,0,,90.5011,-2.132292,4.134852,2404.25467,140.914197,10:45,5.51547,-1.94311,6.5667,-18.87493,14.52186,-10.92245,1.98187,0.94372,82.72882,-5.729672,2.156283,0.415933,,,,,,,,,,,,6.88681,8.54977,1.66247,50,5.36018,-9.05954,-131.21644,-5.4139,12.00053,27.90341,-17.27575,WES_POW,LEX_LEG,GoMart,Independent,ATL,20250703-GoMart-1,839d6d10-586c-11f0-b1d9-47d5dafa46c9,90.62134,,,7.77228,,,,,,,81cc797a-4601-4b1e-8094-3d1dc0b85384,2025-07-04,00:19:12.90,2025-07-03T20:19:12.9000000-04:00,2025-07-04T00:19:12.9000000Z,,v3,525,495,,"Quiroz, Isaias",657728,Right,LEX_LEG,5b5236e8-766c-4c3f-85ae-b1c6de0ad251,53.93204,-132.04995,13.95171,5.51419,-4.89785,-8.63787,1.93844,-9.41802,6.00027,,,,,,,,,,,,,,,,,,,,,,,,,,,,,,,,,,,,,,,,,,,,,,,,,,,High,High,High,,,,,
165,2025-07-03,20:19:36.18,4,4,"Acosta, Jose",1000210391,Left,LEX_LEG,"Moorer, Demetrius",693884,Right,WES_POW,Undefined,4,Bottom,2,1,2,Undefined,Four-Seam,FoulBallNotFieldable,Undefined,Undefined,Undefined,0,0,,91.19142,-0.891782,3.227454,2359.80122,139.315203,10:45,5.69139,-1.86749,6.19309,-17.53513,15.96804,-12.74536,3.40544,0.05322,82.65015,-4.248938,0.931531,0.416595,73.1308,41.76583,78.000256,3437.639789,14.75315,67.96842,109.00613,229.91946,79.36992,90.953518,4.282707,7.56575,8.86886,1.6305,50,5.61524,-6.92544,-132.26144,-2.56239,13.29641,30.27798,-16.58749,WES_POW,LEX_LEG,GoMart,Independent,ATL,20250703-GoMart-1,9178a300-586c-11f0-b1d9-47d5dafa46c9,90.47732,70.31667,,8.54128,,,,0.77668,3.35761,-0.06347,81cc797a-4601-4b1e-8094-3d1dc0b85384,2025-07-04,00:19:36.18,2025-07-03T20:19:36.1890000-04:00,2025-07-04T00:19:36.1890000Z,FlyBall,v3,525,495,,"Quiroz, Isaias",657728,Right,LEX_LEG,114278cf-7a07-408d-b0b3-b5c1ad613758,54.30488,-133.24329,15.13899,5.68961,-2.02449,-8.29374,1.86206,-7.35662,6.64821,,0.77568,16.65321,-5.88771,0.83225,-0.1678,-0.01399,0.01926,-0.00406,0.00028,3.35736,71.45497,-21.97423,2.15793,-0.62064,0.23205,-0.05715,0.00741,-0.00039,-0.06501,78.28391,-7.54126,0.94442,-0.18157,-0.05035,0.03717,-0.00728,0.00049,,,,,,,,,,,,,,,,,,,,,,,High,High,High,Medium,Low,,,
166,2025-07-03,20:20:04.30,4,5,"Acosta, Jose",1000210391,Left,LEX_LEG,"Moorer, Demetrius",693884,Right,WES_POW,Undefined,4,Bottom,2,1,2,Undefined,Four-Seam,FoulBallNotFieldable,Undefined,Undefined,Undefined,0,0,,91.97569,-2.378407,3.174903,2413.904988,140.538766,10:45,5.65695,-1.69367,6.15745,-17.24666,15.67926,-11.99926,2.0178,0.24253,83.72791,-5.662577,1.014073,0.412991,70.6975,44.342324,117.356071,4191.909978,,,,,61.22683,,,7.14008,9.13426,1.45847,50,5.46714,-6.89322,-133.34387,-6.05251,12.79453,29.94427,-15.80611,WES_POW,LEX_LEG,GoMart,Independent,ATL,20250703-GoMart-1,a236d4a0-586c-11f0-b1d9-47d5dafa46c9,91.267,48.7064,,8.24778,,,,0.44951,2.25947,-0.34824,81cc797a-4601-4b1e-8094-3d1dc0b85384,2025-07-04,00:20:04.30,2025-07-03T20:20:04.3000000-04:00,2025-07-04T00:20:04.3000000Z,,v3,525,495,,"Quiroz, Isaias",657728,Right,LEX_LEG,54fd677b-b200-4a1d-95b5-d42096e787e8,54.34116,-134.3152,14.97214,5.65516,-5.5398,-7.90306,1.68881,-7.30825,6.39727,,0.44951,-34.07621,-3.97779,2.00618,-0.61418,0.15733,-0.03906,0.00919,-0.00154,2.25947,72.47312,-25.26305,2.63342,-0.41225,0.04565,-0.01271,0.00999,-0.00348,-0.34824,65.86327,-11.05072,3.35093,-0.79619,0.17831,-0.05106,0.01991,-0.00523,,,,,,,,,,,,,,,,,,,,,,,High,High,High,High,Undefined,,,
167,2025-07-03,20:20:27.35,4,6,"Acosta, Jose",1000210391,Left,LEX_LEG,"Moorer, Demetrius",693884,Right,WES_POW,Undefined,4,Bottom,2,1,2,Undefined,Sinker,BallCalled,Undefined,Undefined,Undefined,0,0,,91.04627,0.323996,2.27145,2455.777065,129.377847,10:15,5.72679,-1.82073,6.13041,-21.1167,12.20619,-13.62434,4.26678,-0.85545,83.26285,-3.658712,-0.182876,0.415473,,,,,,,,,,,,7.60382,6.52642,1.65377,50,5.74052,-4.6662,-132.26619,0.08545,13.50196,27.58499,-20.58524,WES_POW,LEX_LEG,GoMart,Independent,ATL,20250703-GoMart-1,afe41cc0-586c-11f0-b1d9-47d5dafa46c9,90.72178,,,7.78342,,,,,,,81cc797a-4601-4b1e-8094-3d1dc0b85384,2025-07-04,00:20:27.35,2025-07-03T20:20:27.3590000-04:00,2025-07-04T00:20:27.3590000Z,,v3,525,495,,"Quiroz, Isaias",657728,Right,LEX_LEG,859dd0e0-acbf-40bf-b7cd-2c22061c27ea,54.36776,-133.174,13.79249,5.72656,0.7629,-10.29262,1.81464,-5.11054,6.75098,,,,,,,,,,,,,,,,,,,,,,,,,,,,,79.79483,1.984578,0.713216,1.271362,-2.13105,4.03045,0.87186,-2.88083,6.26509,0.82371,127.28241,3.35013,1.75073,-2.75038,114.66832,-9.84204,6.29587,13.59856,-12.5444,0.75728,-3.6544,3.53725,High,High,High,,,High,High,High
168,2025-07-03,20:21:20.25,4,7,"Acosta, Jose",1000210391,Left,LEX_LEG,"Moorer, Demetrius",693884,Right,WES_POW,Undefined,4,Bottom,2,2,2,Undefined,Sinker,BallCalled,Undefined,Undefined,Undefined,0,0,,91.08486,0.858673,2.509261,2220.863955,128.029492,10:15,5.68081,-1.79699,6.50881,-22.92596,9.75906,-11.25871,4.55915,-0.43095,83.6493,-3.46883,0.467426,0.411477,,,,,,,,,,,,6.50197,5.19567,1.62601,50,5.73073,-5.34834,-132.41357,1.29314,11.62295,26.45906,-22.88627,WES_POW,LEX_LEG,GoMart,Independent,ATL,20250703-GoMart-1,cf6a7c60-586c-11f0-b1d9-47d5dafa46c9,91.60275,,,7.43556,,,,,,,81cc797a-4601-4b1e-8094-3d1dc0b85384,2025-07-04,00:21:20.25,2025-07-03T20:21:20.2570000-04:00,2025-07-04T00:21:20.2570000Z,,v3,525,495,,"Quiroz, Isaias",657728,Right,LEX_LEG,759d7acf-f6ce-4b97-8ae1-815d67b504a6,53.98981,-133.20843,13.22953,5.68156,1.98067,-11.44313,1.79193,-5.69751,5.81147,,,,,,,,,,,,,,,,,,,,,,,,,,,,,,,,,,,,,,,,,,,,,,,,,,,High,High,High,,,,,
169,2025-07-03,20:21:40.28,4,8,"Acosta, Jose",1000210391,Left,LEX_LEG,"Moorer, Demetrius",693884,Right,WES_POW,Undefined,4,Bottom,2,3,2,Undefined,Sinker,InPlay,Undefined,GroundBall,Single,0,2,,90.40571,-0.811394,2.235382,2120.101698,129.409208,10:15,5.65513,-1.86894,6.37019,-24.17619,9.16875,-9.96508,2.89324,-0.64147,83.23806,-5.346005,0.431233,0.41561,90.60272,-3.366285,-2.548262,1893.086951,,,,30.35385,30.35385,-0.730211,0.223214,5.81737,5.29296,1.71206,50,5.58511,-4.74379,-131.46131,-2.61534,10.24109,26.31101,-22.85613,WES_POW,LEX_LEG,GoMart,Independent,ATL,20250703-GoMart-1,db702f00-586c-11f0-b1d9-47d5dafa46c9,90.69177,2.91179,,7.16765,,,,1.58758,2.91179,0.66083,81cc797a-4601-4b1e-8094-3d1dc0b85384,2025-07-04,00:21:40.28,2025-07-03T20:21:40.2840000-04:00,2025-07-04T00:21:40.2840000Z,GroundBall,v3,525,495,,"Quiroz, Isaias",657728,Right,LEX_LEG,8cae8872-9dd7-4133-a3de-1da6c057a6a3,54.13051,-132.28542,13.15551,5.65581,-1.89945,-11.42806,1.86567,-5.06456,5.12054,331.684987,1.58824,132.48365,-16.25042,,,,,,,2.91337,-7.89613,-23.12896,,,,,,,0.66027,-5.86442,5.26778,,,,,,,,,,,,,,,,,,,,,,,,,,,,,High,High,High,High,High,,,
170,2025-07-03,20:22:33.47,5,1,"Acosta, Jose",1000210391,Left,LEX_LEG,"Nelson, James",663445,Right,WES_POW,Undefined,4,Bottom,2,0,0,Undefined,Changeup,BallCalled,Undefined,Undefined,Undefined,0,0,,84.08674,0.259942,1.743078,1577.292707,126.243594,10:15,5.67032,-1.98686,6.53114,-29.84088,8.88536,-10.38686,3.42214,-1.25297,76.57464,-5.371932,-0.143716,0.447893,,,,,,,,,,,,5.92591,4.97992,1.86977,50,5.6757,-3.33053,-122.18162,-0.29514,8.90569,25.38375,-24.69005,WES_POW,LEX_LEG,GoMart,Independent,ATL,20250703-GoMart-1,fb1476e0-586c-11f0-b1d9-47d5dafa46c9,84.15503,,,7.5121,,,,,,,81cc797a-4601-4b1e-8094-3d1dc0b85384,2025-07-04,00:22:33.47,2025-07-03T20:22:33.4740000-04:00,2025-07-04T00:22:33.4740000Z,,v3,525,495,,"Quiroz, Isaias",657728,Right,LEX_LEG,e023447b-c56b-478c-aacd-6c8ca54994f1,53.96613,-123.00284,12.69187,5.67233,0.50364,-12.34502,1.98218,-3.61865,4.45284,,,,,,,,,,,,,,,,,,,,,,,,,,,,,,,,,,,,,,,,,,,,,,,,,,,High,High,High,,,,,
171,2025-07-03,20:22:54.76,5,2,"Acosta, Jose",1000210391,Left,LEX_LEG,"Nelson, James",663445,Right,WES_POW,Undefined,4,Bottom,2,1,0,Undefined,Sinker,StrikeCalled,Undefined,Undefined,Undefined,0,0,,89.32009,-0.725762,3.364731,2086.907332,127.7382,10:15,5.561,-1.88528,6.50789,-23.20753,10.87583,-12.72772,2.9598,0.14555,82.05057,-5.104382,1.057918,0.420187,,,,,,,,,,,,7.52079,6.2126,1.65508,50,5.50004,-7.12901,-129.74638,-2.32894,12.88791,25.80291,-21.52789,WES_POW,LEX_LEG,GoMart,Independent,ATL,20250703-GoMart-1,07db0880-586d-11f0-b1d9-47d5dafa46c9,89.70399,,,7.26953,,,,,,,81cc797a-4601-4b1e-8094-3d1dc0b85384,2025-07-04,00:22:54.76,2025-07-03T20:22:54.7600000-04:00,2025-07-04T00:22:54.7600000Z,,v3,525,495,,"Quiroz, Isaias",657728,Right,LEX_LEG,340237ea-9c6e-411b-988b-575aba0bb867,53.99108,-130.53768,12.90145,5.56134,-1.66874,-10.76394,1.87977,-7.52424,6.44396,,,,,,,,,,,,,,,,,,,,,,,,,,,,,,,,,,,,,,,,,,,,,,,,,,,High,High,High,,,,,
172,2025-07-03,20:23:14.98,5,3,"Acosta, Jose",1000210391,Left,LEX_LEG,"Nelson, James",663445,Right,WES_POW,Undefined,4,Bottom,2,1,1,Undefined,Sinker,BallCalled,Undefined,Undefined,Undefined,0,0,,89.9528,-1.581706,4.608148,2052.985452,129.084222,10:15,5.5762,-1.90541,6.5335,-23.53139,10.14304,-11.23571,2.1593,1.3944,82.72958,-6.007219,2.575728,0.417659,,,,,,,,,,,,7.09764,6.05496,1.58958,50,5.4559,-10.07945,-130.4496,-4.3123,12.29956,25.98823,-21.68139,WES_POW,LEX_LEG,GoMart,Independent,ATL,20250703-GoMart-1,13d59790-586d-11f0-b1d9-47d5dafa46c9,90.247,,,7.22322,,,,,,,81cc797a-4601-4b1e-8094-3d1dc0b85384,2025-07-04,00:23:14.98,2025-07-03T20:23:14.9840000-04:00,2025-07-04T00:23:14.9840000Z,,v3,525,495,,"Quiroz, Isaias",657728,Right,LEX_LEG,8b7cfc93-c582-4051-abbd-2b9d99cb3679,53.96614,-131.23736,12.99412,5.57666,-3.6551,-10.8407,1.90076,-10.45228,6.14978,,,,,,,,,,,,,,,,,,,,,,,,,,,,,,,,,,,,,,,,,,,,,,,,,,,High,High,High,,,,,
173,2025-07-03,20:23:38.97,5,4,"Acosta, Jose",1000210391,Left,LEX_LEG,"Nelson, James",663445,Right,WES_POW,Undefined,4,Bottom,2,2,1,Undefined,Changeup,FoulBallNotFieldable,Undefined,Undefined,Undefined,0,0,,84.67633,-1.60818,3.439997,1524.302699,104.118137,9:30,5.58771,-1.80907,6.65271,-33.79246,3.94563,-11.21068,1.29681,0.4088,78.1949,-7.909321,1.399935,0.442142,104.60183,11.644898,-42.616359,3742.722587,80.15938,9.3147,-75.32864,164.51303,163.39777,-44.934287,1.319916,6.8837,2.8198,1.58179,50,5.46553,-7.00822,-123.02532,-4.43408,10.59346,23.46518,-27.83461,WES_POW,LEX_LEG,GoMart,Independent,ATL,20250703-GoMart-1,22373b90-586d-11f0-b1d9-47d5dafa46c9,85.24969,10.23281,,6.48143,,,,2.87185,1.26984,0.0267,81cc797a-4601-4b1e-8094-3d1dc0b85384,2025-07-04,00:23:38.97,2025-07-03T20:23:38.9750000-04:00,2025-07-04T00:23:38.9750000Z,LineDrive,v3,525,495,,"Quiroz, Isaias",657728,Right,LEX_LEG,900fa03a-371a-4b7c-890a-8145b1937689,53.84881,-123.75724,11.73259,5.5903,-3.56587,-13.9173,1.80554,-7.33865,5.29673,,2.87185,110.57548,-20.94654,2.21888,-0.36375,0.03401,-0.00039,8E-05,-0.0001,1.26984,30.96621,-29.43557,5.21589,-1.25968,0.30237,-0.05213,0.00484,-9E-05,0.0267,-101.7376,13.69794,-3.34511,0.81921,-0.18135,0.02624,-0.00062,-0.00031,,,,,,,,,,,,,,,,,,,,,,,High,High,High,Low,Medium,,,
174,2025-07-03,20:24:19.36,5,5,"Acosta, Jose",1000210391,Left,LEX_LEG,"Nelson, James",663445,Right,WES_POW,Undefined,4,Bottom,2,2,2,Undefined,Changeup,StrikeSwinging,Strikeout,Undefined,Undefined,0,0,,84.34263,-1.40428,2.61911,1603.458002,107.448499,9:30,5.6093,-1.88991,6.75551,-32.35336,5.91626,-14.74481,1.62891,-0.72466,76.95532,-7.493518,-0.072248,0.445244,,,,,,,,,,,,8.59315,3.94099,1.72326,50,5.50509,-5.08273,-122.51847,-3.9098,12.95432,26.06187,-26.23297,WES_POW,LEX_LEG,GoMart,Independent,ATL,20250703-GoMart-1,3a4dc460-586d-11f0-b1d9-47d5dafa46c9,84.6556,,,7.38731,,,,,,,81cc797a-4601-4b1e-8094-3d1dc0b85384,2025-07-04,00:24:19.36,2025-07-03T20:24:19.3600000-04:00,2025-07-04T00:24:19.3600000Z,,v3,525,495,,"Quiroz, Isaias",657728,Right,LEX_LEG,e9f8d921-5547-442f-bdf2-e7aad6ad7a21,53.74364,-123.31223,13.03094,5.612,-3.11082,-13.11648,1.88407,-5.47728,6.47716,,,,,,,,,,,,,,,,,,,,,,,,,,,,,69.79013,,,0.954297,,,,-0.32623,6.20234,-1.88353,63.34071,8.43781,-61.62912,-0.27334,71.71046,-5.2766,6.23574,15.01151,-13.30159,-1.97115,-69.66917,7.47202,High,High,High,,,High,High,High
175,2025-07-03,20:26:52.57,1,1,"Lebron, David",673933,Right,WES_POW,"Rock, Dylan",676423,Right,LEX_LEG,Undefined,5,Top,0,0,0,Undefined,Four-Seam,BallCalled,Undefined,Undefined,Undefined,0,0,,86.63598,-0.823208,-1.328201,2049.608569,185.068067,12:15,6.27014,0.26423,4.97844,-17.52525,21.32178,1.77181,4.03198,-0.84274,78.43282,-4.136972,-1.015727,0.448591,,,,,,,,,,,,-1.26815,11.15528,-0.13755,50,6.17725,2.82692,-125.49614,-2.35788,-2.00729,27.16798,-14.51669,WES_POW,LEX_LEG,GoMart,Independent,ATL,20250703-GoMart-1,957fb6e0-586d-11f0-b1d9-47d5dafa46c9,84.02411,,,8.20316,,,,,,,81cc797a-4601-4b1e-8094-3d1dc0b85384,2025-07-04,00:26:52.57,2025-07-03T20:26:52.5740000-04:00,2025-07-04T00:26:52.5740000Z,,v3,525,495,,"Lopez, B.J.",625439,Right,WES_POW,9389a86b-5a53-47bb-8dd1-66e011b1eacb,55.5163,-126.68471,13.58399,6.26651,-1.7228,-7.25834,-0.26315,2.91474,-1.00365,,,,,,,,,,,,,,,,,,,,,,,,,,,,,,,,,,,,,,,,,,,,,,,,,,,High,High,High,,,,,
176,2025-07-03,20:27:06.05,1,2,"Lebron, David",673933,Right,WES_POW,"Rock, Dylan",676423,Right,LEX_LEG,Undefined,5,Top,0,1,0,Undefined,Four-Seam,BallCalled,Undefined,Undefined,Undefined,0,0,,88.19452,-3.928089,-1.665265,2042.633742,192.25855,12:30,6.19127,0.398,5.19201,-14.3928,22.7895,4.6752,1.28936,-0.77936,80.36802,-6.660168,-0.837489,0.438874,,,,,,,,,,,,-2.82382,12.90115,-0.24723,50,5.81609,3.49973,-127.60499,-9.19656,-4.63885,27.16018,-10.98059,WES_POW,LEX_LEG,GoMart,Independent,ATL,20250703-GoMart-1,9da10360-586d-11f0-b1d9-47d5dafa46c9,85.88444,,,7.8265,,,,,,,81cc797a-4601-4b1e-8094-3d1dc0b85384,2025-07-04,00:27:06.05,2025-07-03T20:27:06.0520000-04:00,2025-07-04T00:27:06.0520000Z,,v3,525,495,,"Lopez, B.J.",625439,Right,WES_POW,a65d4345-5e97-41ae-b853-73a4d9d65c6b,55.30605,-128.7294,13.58009,6.18741,-8.74197,-5.4903,-0.39609,3.69178,-2.31942,,,,,,,,,,,,,,,,,,,,,,,,,,,,,,,,,,,,,,,,,,,,,,,,,,,High,High,High,,,,,
177,2025-07-03,20:27:24.65,1,3,"Lebron, David",673933,Right,WES_POW,"Rock, Dylan",676423,Right,LEX_LEG,Undefined,5,Top,0,2,0,Undefined,Four-Seam,StrikeCalled,Undefined,Undefined,Undefined,0,0,,87.08609,-2.696861,-2.038617,2052.83129,192.081517,12:30,6.07432,0.41834,5.35224,-17.23521,20.79832,4.16374,2.1052,-1.14751,78.93179,-5.963452,-1.299388,0.443869,,,,,,,,,,,,-2.70047,11.63162,-0.23792,50,5.81964,4.30125,-126.06042,-6.46006,-4.3069,27.74919,-13.62308,WES_POW,LEX_LEG,GoMart,Independent,ATL,20250703-GoMart-1,a89f5820-586d-11f0-b1d9-47d5dafa46c9,84.91793,,,8.1543,,,,,,,81cc797a-4601-4b1e-8094-3d1dc0b85384,2025-07-04,00:27:24.65,2025-07-03T20:27:24.6560000-04:00,2025-07-04T00:27:24.6560000Z,,v3,525,495,,"Lopez, B.J.",625439,Right,WES_POW,8ca47ad3-a3b3-4bf8-82c5-d90fca6b7193,55.14352,-127.18761,13.8746,6.07081,-5.90669,-6.81154,-0.41619,4.4762,-2.15345,,,,,,,,,,,,,,,,,,,,,,,,,,,,,,,,,,,,,,,,,,,,,,,,,,,High,High,High,,,,,
178,2025-07-03,20:27:40.31,1,4,"Lebron, David",673933,Right,WES_POW,"Rock, Dylan",676423,Right,LEX_LEG,Undefined,5,Top,0,2,1,Undefined,Four-Seam,BallCalled,Undefined,Undefined,Undefined,0,0,,88.41248,-4.110692,-1.485867,2170.097522,184.101362,12:15,6.12424,0.13358,5.23343,-13.89816,23.03962,1.56177,1.09417,-1.13326,80.6135,-6.753113,-1.209127,0.437428,,,,,,,,,,,,-1.20012,13.03209,0.002,50,5.73534,3.24565,-127.88837,-9.59244,-1.98253,27.00129,-10.64576,WES_POW,LEX_LEG,GoMart,Independent,ATL,20250703-GoMart-1,b1f701c0-586d-11f0-b1d9-47d5dafa46c9,86.16832,,,7.79898,,,,,,,81cc797a-4601-4b1e-8094-3d1dc0b85384,2025-07-04,00:27:40.31,2025-07-03T20:27:40.3130000-04:00,2025-07-04T00:27:40.3130000Z,,v3,525,495,,"Lopez, B.J.",625439,Right,WES_POW,3e277058-2f8e-48d9-9a74-839a4ae2b436,55.26283,-128.99474,13.50065,6.11945,-9.15623,-5.32288,-0.13265,3.32688,-0.99126,,,,,,,,,,,,,,,,,,,,,,,,,,,,,,,,,,,,,,,,,,,,,,,,,,,High,High,High,,,,,
179,2025-07-03,20:27:57.95,1,5,"Lebron, David",673933,Right,WES_POW,"Rock, Dylan",676423,Right,LEX_LEG,Undefined,5,Top,0,3,1,Undefined,Four-Seam,InPlay,Undefined,FlyBall,Out,1,0,,87.67095,-3.320168,-0.880531,2105.937653,189.458442,12:15,6.11466,0.12372,5.29013,-14.92997,22.45745,3.53177,1.74904,-0.40884,79.94838,-6.155762,-0.253741,0.440082,91.24689,48.23937,16.870014,4763.271913,100.7381,105.48455,44.17915,299.07599,270.58573,31.686075,5.78302,-2.02768,12.58757,-0.04626,50,5.80177,1.79566,-126.99819,-7.81123,-3.30194,26.71596,-11.67612,WES_POW,LEX_LEG,GoMart,Independent,ATL,20250703-GoMart-1,bc9709e0-586d-11f0-b1d9-47d5dafa46c9,85.6486,126.58876,,7.72257,,,,2.19715,1.9716,0.45704,81cc797a-4601-4b1e-8094-3d1dc0b85384,2025-07-04,00:27:57.95,2025-07-03T20:27:57.9510000-04:00,2025-07-04T00:27:57.9510000Z,FlyBall,v3,525,495,,"Lopez, B.J.",625439,Right,WES_POW,25472d08-a71c-4601-b7c5-4a76b6f2d004,55.20786,-128.08905,13.35798,6.11098,-7.33447,-5.83806,-0.12233,1.93049,-1.65097,210.813259,2.21493,84.95671,-18.79381,3.23964,0.34298,-0.37907,0.09627,-0.01092,0.00047,1.96221,99.9684,-24.87044,2.94545,-0.57706,0.04667,0.01217,-0.00313,0.0002,0.44764,26.03549,2.32886,-0.55174,-0.20483,0.14486,-0.03437,0.00372,-0.00015,,,,,,,,,,,,,,,,,,,,,,,High,High,High,High,Low,,,
180,2025-07-03,20:28:36.15,2,1,"Lebron, David",673933,Right,WES_POW,"Whalen, Brady",669714,Left,LEX_LEG,Undefined,5,Top,1,0,0,Undefined,Four-Seam,StrikeCalled,Undefined,Undefined,Undefined,0,0,,89.43514,-2.469695,-0.470331,2013.871759,197.330221,12:30,6.10099,0.39126,5.32621,-15.18095,20.61702,6.06437,2.51695,0.45528,81.55484,-5.34893,0.606797,0.430626,,,,,,,,,,,,-3.17197,11.38709,-0.35326,50,5.86712,0.78873,-129.66899,-6.05786,-5.38941,27.6384,-12.82662,WES_POW,LEX_LEG,GoMart,Independent,ATL,20250703-GoMart-1,d355cae0-586d-11f0-b1d9-47d5dafa46c9,87.52933,,,7.8803,,,,,,,81cc797a-4601-4b1e-8094-3d1dc0b85384,2025-07-04,00:28:36.15,2025-07-03T20:28:36.1540000-04:00,2025-07-04T00:28:36.1540000Z,,v3,525,495,,"Lopez, B.J.",625439,Right,WES_POW,63aa9134-4559-426f-8093-26c8ae51c6ef,55.1712,-130.76657,13.8192,6.09757,-5.54849,-6.41331,-0.38884,1.00276,-2.6947,,,,,,,,,,,,,,,,,,,,,,,,,,,,,,,,,,,,,,,,,,,,,,,,,,,High,High,High,,,,,
181,2025-07-03,20:28:52.73,2,2,"Lebron, David",673933,Right,WES_POW,"Whalen, Brady",669714,Left,LEX_LEG,Undefined,5,Top,1,0,1,Undefined,Slider,InPlay,Undefined,LineDrive,Single,0,0,,82.13597,0.413675,-0.486518,2210.704661,125.598306,10:15,6.06561,0.33105,5.30061,-36.81329,5.25988,-5.6137,3.38622,-0.59351,75.68159,-6.311883,-1.483622,0.466846,75.74862,11.706302,-16.68454,2850.898686,103.31751,7.32527,-37.75461,141.00485,140.76423,-21.295844,1.503349,2.7013,2.88488,-0.28254,50,6.07629,1.24343,-119.32268,-0.43326,3.91658,21.74299,-27.99129,WES_POW,LEX_LEG,GoMart,Independent,ATL,20250703-GoMart-1,dd39aef0-586d-11f0-b1d9-47d5dafa46c9,80.73841,10.68593,,6.45439,,,,1.1473,3.3559,0.61522,81cc797a-4601-4b1e-8094-3d1dc0b85384,2025-07-04,00:28:52.73,2025-07-03T20:28:52.7320000-04:00,2025-07-04T00:28:52.7320000Z,GroundBall,v3,525,495,,"Lopez, B.J.",625439,Right,WES_POW,8b9c2057-1ef7-4de6-a927-40167f7b7112,55.19935,-120.26638,10.8715,6.06872,0.78162,-13.99564,-0.33282,1.07344,1.95829,97.903108,1.1473,104.20709,-14.47672,2.43401,-0.48108,0.0781,-0.0136,0.00216,-0.00019,3.3559,22.54119,-18.14001,1.37476,-0.23764,0.04673,-0.00666,0.00105,-0.00012,0.61522,-31.23298,-3.44371,1.24275,-0.34717,0.07932,-0.01617,0.00263,-0.00023,,,,,,,,,,,,,,,,,,,,,,,High,High,High,High,High,,,
182,2025-07-03,20:29:30.32,3,1,"Lebron, David",673933,Right,WES_POW,"Terry, Curtis",663799,Right,LEX_LEG,Undefined,5,Top,1,0,0,Undefined,Slider,StrikeCalled,Undefined,Undefined,Undefined,0,0,,81.41945,-1.23565,-0.026671,2079.594022,130.472996,10:15,6.12688,0.26623,5.27179,-36.25096,6.49449,-6.17004,1.94513,-0.27299,75.47522,-7.828778,-1.123149,0.470562,,,,,,,,,,,,3.10079,3.92914,-0.25903,50,5.98717,0.3054,-118.29533,-3.81809,4.43362,20.6534,-26.556,WES_POW,LEX_LEG,GoMart,Independent,ATL,20250703-GoMart-1,f3a8c950-586d-11f0-b1d9-47d5dafa46c9,80.10098,,,5.94422,,,,,,,81cc797a-4601-4b1e-8094-3d1dc0b85384,2025-07-04,00:29:30.32,2025-07-03T20:29:30.3200000-04:00,2025-07-04T00:29:30.3200000Z,,v3,525,495,,"Lopez, B.J.",625439,Right,WES_POW,905f4de3-f48b-449e-9e68-60fc2faf4c21,55.22838,-119.20467,10.3267,6.12953,-2.64887,-13.278,-0.26818,0.1102,2.21681,,,,,,,,,,,,,,,,,,,,,,,,,,,,,,,,,,,,,,,,,,,,,,,,,,,High,High,High,,,,,
183,2025-07-03,20:29:49.11,3,2,"Lebron, David",673933,Right,WES_POW,"Terry, Curtis",663799,Right,LEX_LEG,Undefined,5,Top,1,0,1,Undefined,Four-Seam,StrikeCalled,Undefined,Undefined,Undefined,0,0,,89.04437,-1.655141,-0.342958,2076.33242,192.689536,12:30,6.13047,0.3176,5.02776,-15.93591,20.64068,4.37063,3.24028,0.35822,80.94003,-4.66699,0.428987,0.435284,69.43767,65.590063,-172.178667,3677.451667,,,,,27.93834,,,-2.28036,11.10162,-0.28855,50,5.96027,0.57073,-129.08595,-4.25085,-3.82896,28.09414,-13.5334,WES_POW,LEX_LEG,GoMart,Independent,ATL,20250703-GoMart-1,fed273d0-586d-11f0-b1d9-47d5dafa46c9,86.5927,54.45049,,8.10435,,,,1.65475,3.60698,-0.36151,81cc797a-4601-4b1e-8094-3d1dc0b85384,2025-07-04,00:29:49.11,2025-07-03T20:29:49.1140000-04:00,2025-07-04T00:29:49.1140000Z,,v3,525,495,,"Lopez, B.J.",625439,Right,WES_POW,681baf19-f4ea-47b3-880f-e1eb50b863d9,55.47024,-130.27104,14.04707,6.12754,-3.67997,-6.7667,-0.31603,0.73225,-1.91448,8.15401,1.65475,-41.69576,-2.44716,1.8889,0.83109,-3.71063,5.63825,-4.45137,1.45737,3.60698,92.73834,-30.23746,3.92627,0.03976,-2.03684,3.146,-2.48657,0.81519,-0.36151,-5.72742,2.47235,-0.14442,0.11072,-0.38884,0.59962,-0.47425,0.15509,,,,,,,,,,,,,,,,,,,,,,,High,High,High,High,Undefined,,,
184,2025-07-03,20:30:16.29,3,3,"Lebron, David",673933,Right,WES_POW,"Terry, Curtis",663799,Right,LEX_LEG,Undefined,5,Top,1,0,2,Undefined,Four-Seam,InPlay,Undefined,FlyBall,Out,1,0,,90.08447,-2.566584,-0.918699,2189.606226,196.557323,12:30,6.12915,0.37573,5.10716,-15.63611,20.07037,5.60453,2.40603,-0.02288,81.87448,-5.520272,0.072659,0.430076,99.84475,40.863541,-26.599292,2889.46131,100.45516,90.51157,-44.81913,368.24466,174.80579,-21.087361,6.090224,-3.0811,11.12638,-0.29382,50,5.87573,1.83454,-130.51687,-6.36379,-5.283,28.99963,-13.09621,WES_POW,LEX_LEG,GoMart,Independent,ATL,20250703-GoMart-1,0eff13d0-586e-11f0-b1d9-47d5dafa46c9,87.64139,132.33189,,8.20999,,,,2.43333,2.82208,0.2679,81cc797a-4601-4b1e-8094-3d1dc0b85384,2025-07-04,00:30:16.29,2025-07-03T20:30:16.2900000-04:00,2025-07-04T00:30:16.2900000Z,FlyBall,v3,525,495,,"Lopez, B.J.",625439,Right,WES_POW,69c44c1e-5ec0-4b2c-91ed-f3d921f3ce5e,55.39126,-131.70932,14.49982,6.12633,-5.82528,-6.54811,-0.37372,2.05177,-2.6415,195.575526,2.44011,98.91404,-19.17088,4.39208,-0.69706,0.0644,-0.00204,-8E-05,0,2.82026,95.82233,-20.95216,1.57553,-0.1343,-0.03097,0.0135,-0.00187,9E-05,0.26394,-49.5217,13.48104,-3.43311,0.62461,-0.0736,0.00448,-7E-05,-0,,,,,,,,,,,,,,,,,,,,,,,High,High,High,High,Low,,,
185,2025-07-03,20:31:01.04,4,1,"Lebron, David",673933,Right,WES_POW,"Gonzalez, Pedro",660639,Right,LEX_LEG,Undefined,5,Top,2,0,0,Undefined,Four-Seam,FoulBallNotFieldable,Undefined,Undefined,Undefined,0,0,,88.88689,-2.143726,-2.118123,2170.245583,199.636425,12:45,6.08447,0.49682,5.12244,-17.51808,19.26029,6.41241,2.6031,-0.9648,80.54085,-5.444191,-0.984497,0.436483,87.41072,57.044217,35.832794,,74.64228,136.92568,80.79903,221.09753,102.56182,52.933696,5.934458,-3.85095,10.62343,-0.30299,50,5.87,4.46654,-128.70249,-5.39947,-6.40241,28.90455,-14.51193,WES_POW,LEX_LEG,GoMart,Independent,ATL,20250703-GoMart-1,29ac9b30-586e-11f0-b1d9-47d5dafa46c9,86.35484,140.4371,,8.34603,,,,1.85434,2.86123,0.48452,81cc797a-4601-4b1e-8094-3d1dc0b85384,2025-07-04,00:31:01.04,2025-07-03T20:31:01.0440000-04:00,2025-07-04T00:31:01.0440000Z,FlyBall,v3,525,495,,"Lopez, B.J.",625439,Right,WES_POW,e3d20f21-0a76-4735-886d-799829ba5430,55.37517,-129.90406,14.45228,6.08192,-4.7962,-7.25596,-0.49419,4.73269,-3.2012,201.108775,1.85629,56.45594,-19.02006,4.74726,-0.33348,-0.2057,0.07146,-0.00918,0.00043,2.8444,107.84277,-26.91663,3.87989,-1.13829,0.26724,-0.0358,0.00206,-2E-05,0.48483,40.82922,-3.62475,0.48869,-0.09612,0.04055,-0.01138,0.00154,-8E-05,,,,,,,,,,,,,,,,,,,,,,,High,High,High,Medium,Low,,,
186,2025-07-03,20:31:43.57,4,2,"Lebron, David",673933,Right,WES_POW,"Gonzalez, Pedro",660639,Right,LEX_LEG,Undefined,5,Top,2,0,1,Undefined,Four-Seam,InPlay,Undefined,FlyBall,Out,1,0,,89.42808,-2.289688,-1.839417,2217.898264,193.533919,12:30,6.14774,0.48159,5.07012,-15.61666,20.53111,4.65587,2.68531,-0.86527,81.56733,-5.234319,-1.017033,0.432725,83.66079,51.824841,-8.793164,3293.263577,109.81274,117.81454,-6.41168,256.16346,247.71183,1.280311,5.851094,-2.85229,11.23012,-0.31093,50,5.91874,3.94876,-129.59475,-5.69732,-4.84291,27.48876,-13.10621,WES_POW,LEX_LEG,GoMart,Independent,ATL,20250703-GoMart-1,43087540-586e-11f0-b1d9-47d5dafa46c9,87.10479,129.31032,,7.86076,,,,2.73082,2.92564,0.83101,81cc797a-4601-4b1e-8094-3d1dc0b85384,2025-07-04,00:31:43.57,2025-07-03T20:31:43.5710000-04:00,2025-07-04T00:31:43.5710000Z,FlyBall,v3,525,495,,"Lopez, B.J.",625439,Right,WES_POW,6ef9a781-54ba-476f-a203-f05af4f206fd,55.42877,-130.74119,13.74438,6.14495,-5.15072,-6.55311,-0.47983,4.15073,-2.42146,195.509421,2.73639,74.84645,-15.30961,3.59721,-0.52257,0.03407,0.00104,-0.00016,-0,2.92608,96.43696,-21.81973,1.62226,0.0063,-0.12198,0.03789,-0.00503,0.00025,0.82891,-11.55502,6.25465,-1.5418,0.24316,-0.02031,0.00014,7E-05,0,,,,,,,,,,,,,,,,,,,,,,,High,High,High,High,Medium,,,
187,2025-07-03,20:34:28.22,1,1,"Ross, Dalton",1000066350,Right,LEX_LEG,"Blackwell, Benjamin",701295,Right,WES_POW,Undefined,5,Bottom,0,0,0,Undefined,Sinker,StrikeCalled,Undefined,Undefined,Undefined,0,0,,89.01418,2.194399,-5.34217,2205.185771,280.508846,3:15,4.06367,4.04255,5.86703,-37.67333,-2.28504,18.12395,2.97254,0.57602,81.4371,-4.723973,-2.111563,0.428155,,,,,,,,,,,,-10.61804,-1.38425,-3.61909,50,4.2204,11.26909,-128.82231,3.58405,-17.93818,25.42308,-34.51261,WES_POW,LEX_LEG,GoMart,Independent,ATL,20250703-GoMart-1,a51355c0-586e-11f0-b1d9-47d5dafa46c9,88.03456,,,7.57708,,,,,,,81cc797a-4601-4b1e-8094-3d1dc0b85384,2025-07-04,00:34:28.22,2025-07-03T20:34:28.2280000-04:00,2025-07-04T00:34:28.2280000Z,,v3,525,495,,"Quiroz, Isaias",657728,Right,LEX_LEG,73c6b807-9b7e-4a7b-8ebb-fdc09047e2a6,54.63426,-129.73366,12.71154,4.06974,4.82123,-17.2563,-4.03459,11.91212,-8.96909,,,,,,,,,,,,,,,,,,,,,,,,,,,,,,,,,,,,,,,,,,,,,,,,,,,High,High,High,,,,,
188,2025-07-03,20:34:43.26,1,2,"Ross, Dalton",1000066350,Right,LEX_LEG,"Blackwell, Benjamin",701295,Right,WES_POW,Undefined,5,Bottom,0,0,1,Undefined,Slider,StrikeSwinging,Undefined,Undefined,Undefined,0,0,,81.29448,1.157974,-5.215242,2479.970693,137.913029,10:30,4.14351,3.53781,5.74616,-38.07226,4.38303,-2.87933,2.05355,-1.57112,75.12498,-5.817304,-5.726353,0.468962,,,,,,,,,,,,0.15004,2.29921,-3.10148,50,4.21667,10.85414,-117.70641,1.14786,0.21234,20.49662,-28.91992,WES_POW,LEX_LEG,GoMart,Independent,ATL,20250703-GoMart-1,ae2ac210-586e-11f0-b1d9-47d5dafa46c9,80.37421,,,6.1695,,,,,,,81cc797a-4601-4b1e-8094-3d1dc0b85384,2025-07-04,00:34:43.26,2025-07-03T20:34:43.2630000-04:00,2025-07-04T00:34:43.2630000Z,,v3,525,495,,"Quiroz, Isaias",657728,Right,LEX_LEG,28d47926-7d9a-4926-838b-0e5ee620a104,54.75398,-118.53135,10.24831,4.14704,2.31181,-14.45996,-3.53816,10.8456,0.10617,,,,,,,,,,,,,,,,,,,,,,,,,,,,,,,,,,,,,,,,,,,,,,,,,,,High,High,High,,,,,
189,2025-07-03,20:35:07.12,1,3,"Ross, Dalton",1000066350,Right,LEX_LEG,"Blackwell, Benjamin",701295,Right,WES_POW,Undefined,5,Bottom,0,0,2,Undefined,Slider,InPlay,Undefined,FlyBall,Out,1,0,,80.88469,1.586751,-4.314913,2487.142445,146.588856,11:00,4.04781,3.81813,5.94471,-37.66998,4.5617,-2.27284,2.38502,-0.3812,75.07237,-5.342602,-4.720847,0.467725,95.84993,27.171953,6.310227,3007.263051,108.75952,52.05056,16.47174,367.31987,359.8608,13.183743,4.810083,0.15098,2.28606,-3.4726,50,4.15297,8.9376,-117.35136,2.07969,0.2136,19.21297,-28.94026,WES_POW,LEX_LEG,GoMart,Independent,ATL,20250703-GoMart-1,bc630c20-586e-11f0-b1d9-47d5dafa46c9,80.58677,73.17732,,5.81232,,,,1.3603,2.38203,0.39225,81cc797a-4601-4b1e-8094-3d1dc0b85384,2025-07-04,00:35:07.12,2025-07-03T20:35:07.1280000-04:00,2025-07-04T00:35:07.1280000Z,FlyBall,v3,525,495,,"Quiroz, Isaias",657728,Right,LEX_LEG,2fa5e660-cffb-4a90-9374-a679e293dbcd,54.55662,-118.09502,9.60648,4.0508,3.19985,-14.47013,-3.81838,8.92933,0.1068,203.967955,1.36086,124.29817,-22.90223,5.30514,-1.13108,0.22939,-0.04105,0.00505,-0.00028,2.3836,64.15868,-15.44341,0.09955,0.39477,-0.20979,0.05759,-0.00789,0.00042,0.39224,13.74717,2.92234,-1.16325,0.31903,-0.06233,0.00793,-0.00058,2E-05,,,,,,,,,,,,,,,,,,,,,,,High,High,High,High,Medium,,,
190,2025-07-03,20:35:40.53,2,1,"Ross, Dalton",1000066350,Right,LEX_LEG,"Sedio, Chad",670466,Left,WES_POW,Undefined,5,Bottom,1,0,0,Undefined,Sinker,BallCalled,Undefined,Undefined,Undefined,0,0,,89.60842,1.983848,-4.335865,2345.002447,269.600888,3:00,3.96,3.76484,5.78431,-33.72703,1.19331,19.64592,3.00115,1.36036,82.00988,-4.225851,-0.830365,0.425315,,,,,,,,,,,,-11.11386,0.4237,-3.41863,50,4.10372,8.99418,-129.86996,3.28033,-19.08402,25.81772,-31.4465,WES_POW,LEX_LEG,GoMart,Independent,ATL,20250703-GoMart-1,d026b590-586e-11f0-b1d9-47d5dafa46c9,88.62243,,,7.59854,,,,,,,81cc797a-4601-4b1e-8094-3d1dc0b85384,2025-07-04,00:35:40.53,2025-07-03T20:35:40.5340000-04:00,2025-07-04T00:35:40.5340000Z,,v3,525,495,,"Quiroz, Isaias",657728,Right,LEX_LEG,c8b618c4-6f96-4ae5-87c0-fea659755fb0,54.71678,-130.80428,12.90886,3.96442,4.41835,-15.72325,-3.75662,9.68481,-9.54201,,,,,,,,,,,,,,,,,,,,,,,,,,,,,,,,,,,,,,,,,,,,,,,,,,,High,High,High,,,,,
191,2025-07-03,20:35:54.53,2,2,"Ross, Dalton",1000066350,Right,LEX_LEG,"Sedio, Chad",670466,Left,WES_POW,Undefined,5,Bottom,1,1,0,Undefined,Sinker,StrikeSwinging,Undefined,Undefined,Undefined,0,0,,89.46864,1.683257,-4.728279,2282.642571,261.451454,2:45,3.91137,3.86051,6.03313,-30.84195,3.88504,18.84198,2.90571,1.04223,81.86673,-4.035222,-1.35368,0.424136,,,,,,,,,,,,-10.86485,1.90201,-3.50025,50,4.02669,9.92494,-129.64579,2.75852,-18.5931,25.71443,-28.91913,WES_POW,LEX_LEG,GoMart,Independent,ATL,20250703-GoMart-1,d8850b10-586e-11f0-b1d9-47d5dafa46c9,88.86882,,,7.60191,,,,,,,81cc797a-4601-4b1e-8094-3d1dc0b85384,2025-07-04,00:35:54.53,2025-07-03T20:35:54.5350000-04:00,2025-07-04T00:35:54.5350000Z,,v3,525,495,,"Quiroz, Isaias",657728,Right,LEX_LEG,2274efce-9469-4bcb-960d-761ead1e0ca4,54.46709,-130.5288,12.85721,3.91491,3.75158,-14.45956,-3.85202,10.56341,-9.29655,,,,,,,,,,,,,,,,,,,,,,,,,,,,,,,,,,,,,,,,,,,,,,,,,,,High,High,High,,,,,
192,2025-07-03,20:36:11.65,2,3,"Ross, Dalton",1000066350,Right,LEX_LEG,"Sedio, Chad",670466,Left,WES_POW,Undefined,5,Bottom,1,1,1,Undefined,Slider,FoulBallNotFieldable,Undefined,Undefined,Undefined,0,0,,80.44007,1.141678,-3.408881,2420.2174,114.942557,9:45,4.14043,3.44661,5.81843,-40.93357,2.14567,-1.96854,1.79281,0.10936,74.29918,-6.374333,-3.760643,0.472395,,,,,,,,,,,,0.13685,1.12161,-3.16612,50,4.20931,7.02841,-116.76883,1.01867,0.1903,20.52287,-30.61446,WES_POW,LEX_LEG,GoMart,Independent,ATL,20250703-GoMart-1,e2d76860-586e-11f0-b1d9-47d5dafa46c9,79.79004,,,6.14089,,,,,,,81cc797a-4601-4b1e-8094-3d1dc0b85384,2025-07-04,00:36:11.65,2025-07-03T20:36:11.6550000-04:00,2025-07-04T00:36:11.6550000Z,,v3,525,495,,"Quiroz, Isaias",657728,Right,LEX_LEG,475f7d82-adfb-48a3-9769-b0b6022c956f,54.68288,-117.58899,10.26143,4.14416,2.24213,-15.30723,-3.44685,7.0208,0.09515,,,,,,,,,,,,,,,,,,,,,,,,,,,,,,,,,,,,,,,,,,,,,,,,,,,High,High,High,,,,,
193,2025-07-03,20:36:31.00,2,4,"Ross, Dalton",1000066350,Right,LEX_LEG,"Sedio, Chad",670466,Left,WES_POW,Undefined,5,Bottom,1,1,2,Undefined,Slider,BallCalled,Undefined,Undefined,Undefined,0,0,,82.39204,2.334812,-3.114909,2451.096936,190.400421,12:15,4.14723,3.61684,5.81155,-36.13293,5.33095,0.73941,3.31168,0.7791,75.12893,-4.354926,-2.982847,0.463454,,,,,,,,,,,,-1.25087,2.47721,-3.36177,50,4.31761,6.46822,-119.40398,3.69494,-1.80402,23.20937,-28.60136,WES_POW,LEX_LEG,GoMart,Independent,ATL,20250703-GoMart-1,ee456ee0-586e-11f0-b1d9-47d5dafa46c9,81.32945,,,7.26311,,,,,,,81cc797a-4601-4b1e-8094-3d1dc0b85384,2025-07-04,00:36:31.00,2025-07-03T20:36:31.0050000-04:00,2025-07-04T00:36:31.0050000Z,,v3,525,495,,"Quiroz, Isaias",657728,Right,LEX_LEG,93ffa09b-5cb1-4978-abd4-978fb35ca731,54.6859,-120.31136,11.60469,4.1513,4.81312,-14.30068,-3.61603,6.53875,-0.90201,,,,,,,,,,,,,,,,,,,,,,,,,,,,,,,,,,,,,,,,,,,,,,,,,,,High,High,High,,,,,
194,2025-07-03,20:36:50.11,2,5,"Ross, Dalton",1000066350,Right,LEX_LEG,"Sedio, Chad",670466,Left,WES_POW,Undefined,5,Bottom,1,2,2,Undefined,Slider,StrikeSwinging,Strikeout,Undefined,Undefined,0,0,,81.39153,0.524121,-4.265408,2584.832197,191.820204,12:30,4.20835,3.47637,5.7957,-38.24211,4.2178,0.60882,1.51039,-0.44776,74.70081,-6.512855,-4.156839,0.468987,,,,,,,,,,,,-1.49236,2.37858,-3.12539,50,4.22851,8.77383,-117.95052,-0.15507,-2.10371,22.3031,-28.82108,WES_POW,LEX_LEG,GoMart,Independent,ATL,20250703-GoMart-1,f9c37af0-586e-11f0-b1d9-47d5dafa46c9,80.36989,,,6.69072,,,,,,,81cc797a-4601-4b1e-8094-3d1dc0b85384,2025-07-04,00:36:50.11,2025-07-03T20:36:50.1130000-04:00,2025-07-04T00:36:50.1130000Z,,v3,525,495,,"Quiroz, Isaias",657728,Right,LEX_LEG,901658c6-0550-4152-92be-b56c3aab3b68,54.70396,-118.83665,11.15155,4.21193,0.99003,-14.41054,-3.47565,8.85741,-1.05185,,,,,,,,,,,,,,,,,,,,,,,,,,,,,70.19795,,,1.017139,,,,-0.76248,5.83321,0.60991,83.7399,3.35486,-41.27938,-0.72092,89.15075,-6.02431,5.86523,11.37253,-13.6187,0.54114,-48.30727,7.09361,High,High,High,,,High,Medium,Medium
195,2025-07-03,20:37:19.32,3,1,"Ross, Dalton",1000066350,Right,LEX_LEG,"Barnum, Keon",621572,Left,WES_POW,Undefined,5,Bottom,2,0,0,Undefined,Slider,InPlay,Undefined,LineDrive,Double,0,0,,81.60295,0.67646,-3.930312,2249.097676,158.387903,11:15,4.26881,3.34184,5.82866,-38.059,4.12118,-1.11681,1.72757,-0.41053,74.85068,-6.335368,-4.12971,0.46744,109.19743,9.192327,37.040024,3285.63258,84.59074,10.67439,70.31622,195.18031,187.63993,42.524768,1.521955,-0.52142,2.28303,-3.01976,50,4.30154,8.17061,-118.30324,0.17273,-0.73888,22.59342,-28.9389,WES_POW,LEX_LEG,GoMart,Independent,ATL,20250703-GoMart-1,0b2f51b0-586f-11f0-b1d9-47d5dafa46c9,80.63592,10.77004,,6.75227,,,,1.79678,2.16845,0.36286,81cc797a-4601-4b1e-8094-3d1dc0b85384,2025-07-04,00:37:19.32,2025-07-03T20:37:19.3270000-04:00,2025-07-04T00:37:19.3270000Z,LineDrive,v3,525,495,,"Quiroz, Isaias",657728,Right,LEX_LEG,97769e8c-026b-4e8b-b31a-b3f2b166f3dc,54.67103,-119.19197,11.29671,4.27236,1.31106,-14.46945,-3.34173,8.19968,-0.36944,,1.79678,126.19711,-28.98926,6.73192,-1.69453,0.41947,-0.09847,0.01786,-0.00171,2.16845,25.58475,-20.39882,2.3294,-0.52918,0.12657,-0.02757,0.00493,-0.00047,0.36286,95.23465,-6.36205,0.33291,0.08565,-0.05217,0.01622,-0.00337,0.00035,,,,,,,,,,,,,,,,,,,,,,,High,High,High,Medium,Medium,,,
196,2025-07-03,20:38:07.23,4,1,"Ross, Dalton",1000066350,Right,LEX_LEG,"Rosa, Joseph",660563,Left,WES_POW,Undefined,5,Bottom,2,0,0,Undefined,Sinker,StrikeCalled,Undefined,Undefined,Undefined,0,0,,90.42233,1.690284,-5.782546,2214.099978,271.294693,3:00,4.03315,3.93529,5.77508,-33.90801,0.6911,18.38347,2.78883,0.06812,82.3412,-4.547703,-2.51503,0.423354,,,,,,,,,,,,-10.93906,0.22189,-3.46737,50,4.15297,12.43232,-130.71516,2.62788,-18.94172,27.34573,-31.78985,WES_POW,LEX_LEG,GoMart,Independent,ATL,20250703-GoMart-1,27997d30-586f-11f0-b1d9-47d5dafa46c9,89.0329,,,8.08113,,,,,,,81cc797a-4601-4b1e-8094-3d1dc0b85384,2025-07-04,00:38:07.23,2025-07-03T20:38:07.2350000-04:00,2025-07-04T00:38:07.2350000Z,,v3,525,495,,"Quiroz, Isaias",657728,Right,LEX_LEG,8716d1c1-9c52-4972-9690-1d85f402834b,54.72549,-131.70002,13.67286,4.03771,3.7728,-15.89493,-3.92741,13.11451,-9.47086,,,,,,,,,,,,,,,,,,,,,,,,,,,,,,,,,,,,,,,,,,,,,,,,,,,High,High,High,,,,,
197,2025-07-03,20:38:25.06,4,2,"Ross, Dalton",1000066350,Right,LEX_LEG,"Rosa, Joseph",660563,Left,WES_POW,Undefined,5,Bottom,2,0,1,Undefined,Slider,BallCalled,Undefined,Undefined,Undefined,0,0,,80.74058,-0.194194,-2.917783,2368.940039,141.289937,10:45,4.1932,3.5446,5.93828,-39.75498,2.95697,-1.3376,0.69991,0.72405,74.41256,-7.512325,-3.157799,0.470377,,,,,,,,,,,,-0.10252,1.90799,-3.31097,50,4.15497,6.02492,-117.24564,-1.64857,-0.14298,21.78486,-29.51325,WES_POW,LEX_LEG,GoMart,Independent,ATL,20250703-GoMart-1,3258a610-586f-11f0-b1d9-47d5dafa46c9,80.13238,,,6.32802,,,,,,,81cc797a-4601-4b1e-8094-3d1dc0b85384,2025-07-04,00:38:25.06,2025-07-03T20:38:25.0630000-04:00,2025-07-04T00:38:25.0630000Z,,v3,525,495,,"Quiroz, Isaias",657728,Right,LEX_LEG,0ddfc0ef-a311-4056-9360-b3f6f681d0e5,54.5625,-118.09033,10.89243,4.19671,-0.50421,-14.75663,-3.54469,6.03046,-0.07149,,,,,,,,,,,,,,,,,,,,,,,,,,,,,,,,,,,,,,,,,,,,,,,,,,,High,High,High,,,,,
198,2025-07-03,20:38:42.93,4,3,"Ross, Dalton",1000066350,Right,LEX_LEG,"Rosa, Joseph",660563,Left,WES_POW,Undefined,5,Bottom,2,1,1,Undefined,Sinker,FoulBallNotFieldable,Undefined,Undefined,Undefined,0,0,,89.17355,0.927675,-5.278519,2342.513734,264.755048,2:45,3.94461,3.52072,6.17597,-31.97332,2.97193,20.25726,2.14063,0.32014,81.34265,-5.014574,-1.64339,0.425467,70.37034,64.116523,-66.001922,5328.125824,,,,,56.1869,,,-12.01627,1.57784,-3.13107,50,3.99863,11.12428,-129.1591,1.03562,-20.30049,26.87261,-29.50844,WES_POW,LEX_LEG,GoMart,Independent,ATL,20250703-GoMart-1,3cfeefc0-586f-11f0-b1d9-47d5dafa46c9,88.59082,93.6299,,7.8309,,,,,,,81cc797a-4601-4b1e-8094-3d1dc0b85384,2025-07-04,00:38:42.93,2025-07-03T20:38:42.9360000-04:00,2025-07-04T00:38:42.9360000Z,,v3,525,495,,"Quiroz, Isaias",657728,Right,LEX_LEG,913d63b9-59ff-44e3-bdb1-720b3dbb783f,54.32577,-130.05599,13.4363,3.94762,2.02049,-14.75422,-3.51366,11.80182,-10.15024,,5.12906,18.3209,-9.73421,2.42483,1.27144,-3.02594,2.78317,-1.28366,0.23772,15.01587,92.8559,-26.29385,2.97776,-0.53321,0.0453,0.02363,-0.01205,0.00137,-6.04577,-41.16183,1.90283,-0.07873,0.53826,-1.01428,0.92331,-0.42726,0.07974,,,,,,,,,,,,,,,,,,,,,,,High,High,High,High,Undefined,,,
199,2025-07-03,20:39:11.48,4,4,"Ross, Dalton",1000066350,Right,LEX_LEG,"Rosa, Joseph",660563,Left,WES_POW,Undefined,5,Bottom,2,1,2,Undefined,Changeup,BallCalled,Undefined,Undefined,Undefined,0,0,,82.52311,0.594187,-3.290099,1460.479314,266.297695,3:00,4.08881,3.54395,6.09343,-38.27876,2.39606,17.65678,1.44944,1.96877,75.71909,-6.495259,-0.112314,0.459023,,,,,,,,,,,,-9.95772,1.48661,-3.29914,50,4.11467,6.20744,-119.81717,0.02365,-14.50478,22.71366,-30.0086,WES_POW,LEX_LEG,GoMart,Independent,ATL,20250703-GoMart-1,4dec47b0-586f-11f0-b1d9-47d5dafa46c9,82.11451,,,6.80401,,,,,,,81cc797a-4601-4b1e-8094-3d1dc0b85384,2025-07-04,00:39:11.48,2025-07-03T20:39:11.4870000-04:00,2025-07-04T00:39:11.4870000Z,,v3,525,495,,"Quiroz, Isaias",657728,Right,LEX_LEG,847b6cf4-cf39-436a-b16c-352d4bc4a609,54.40674,-120.64966,11.35683,4.09365,1.12352,-15.0043,-3.5364,6.73906,-7.25239,,,,,,,,,,,,,,,,,,,,,,,,,,,,,,,,,,,,,,,,,,,,,,,,,,,High,High,High,,,,,
200,2025-07-03,20:39:33.05,4,5,"Ross, Dalton",1000066350,Right,LEX_LEG,"Rosa, Joseph",660563,Left,WES_POW,Undefined,5,Bottom,2,2,2,Undefined,Slider,BallCalled,Undefined,Undefined,Undefined,0,0,,82.00925,0.871164,-5.254737,2547.94891,137.410769,10:30,4.28154,3.53989,5.93087,-35.98073,6.41622,-4.52429,2.09489,-1.72621,74.129,-5.807653,-6.06037,0.468638,,,,,,,,,,,,0.60724,3.46162,-3.11655,50,4.33141,11.07365,-118.46808,0.67676,0.84972,25.87945,-27.33022,WES_POW,LEX_LEG,GoMart,Independent,ATL,20250703-GoMart-1,5acf8910-586f-11f0-b1d9-47d5dafa46c9,80.42953,,,7.88025,,,,,,,81cc797a-4601-4b1e-8094-3d1dc0b85384,2025-07-04,00:39:33.05,2025-07-03T20:39:33.0540000-04:00,2025-07-04T00:39:33.0540000Z,,v3,525,495,,"Quiroz, Isaias",657728,Right,LEX_LEG,45e737a7-d4b7-408c-8069-5a9341416adf,54.56497,-119.46114,12.93972,4.28532,1.72549,-13.66511,-3.54084,11.04105,0.42486,,,,,,,,,,,,,,,,,,,,,,,,,,,,,,,,,,,,,,,,,,,,,,,,,,,High,High,High,,,,,
201,2025-07-03,20:39:56.94,4,6,"Ross, Dalton",1000066350,Right,LEX_LEG,"Rosa, Joseph",660563,Left,WES_POW,Undefined,5,Bottom,2,3,2,Undefined,Sinker,InPlay,Undefined,FlyBall,Double,0,1,,91.2257,0.278468,-5.743401,2406.4444,260.616969,2:45,4.02975,3.89082,5.97998,-29.35198,4.2511,19.36808,1.84318,0.16311,83.4151,-5.157003,-2.284775,0.417216,93.02605,34.951038,-24.067807,4382.941756,97.1604,68.44961,-51.57358,337.75567,266.26865,-34.921074,5.05816,-11.54052,2.4041,-3.44653,50,4.03544,12.46506,-132.02635,-0.38251,-20.43539,27.26048,-27.91696,WES_POW,LEX_LEG,GoMart,Independent,ATL,20250703-GoMart-1,6918c310-586f-11f0-b1d9-47d5dafa46c9,90.34271,89.86692,,7.8106,,,,2.34442,2.00369,-0.2062,81cc797a-4601-4b1e-8094-3d1dc0b85384,2025-07-04,00:39:56.94,2025-07-03T20:39:56.9430000-04:00,2025-07-04T00:39:56.9430000Z,FlyBall,v3,525,495,,"Quiroz, Isaias",657728,Right,LEX_LEG,15986eb7-0aa5-4022-9e9a-b1dbd4abe89a,54.52152,-132.95666,13.63024,4.03224,0.57021,-13.95848,-3.88382,13.16245,-10.2177,147.344571,2.34941,102.00714,-23.4826,5.50407,-0.70194,-0.04164,0.02955,-0.00369,0.00014,2.00447,78.13322,-19.29522,0.72306,0.26587,-0.18808,0.05716,-0.00825,0.00045,-0.20726,-45.58386,1.01944,0.70275,-0.33868,0.09316,-0.01697,0.00181,-9E-05,,,,,,,,,,,,,,,,,,,,,,,High,High,High,High,Medium,,,
202,2025-07-03,20:40:46.41,5,1,"Ross, Dalton",1000066350,Right,LEX_LEG,"Daniels, Zach",671113,Right,WES_POW,Undefined,5,Bottom,2,0,0,Undefined,Slider,BallCalled,Undefined,Undefined,Undefined,0,0,,82.40389,0.546143,-5.270999,2462.733826,162.456321,11:30,4.2298,3.66603,5.86528,-35.10526,6.77323,-1.69142,1.81387,-1.38526,74.82111,-5.954318,-5.571954,0.465765,,,,,,,,,,,,-0.76102,3.71835,-3.23685,50,4.25399,11.05441,-119.1011,0.02129,-1.08198,25.04628,-26.88736,WES_POW,LEX_LEG,GoMart,Independent,ATL,20250703-GoMart-1,869c4dd0-586f-11f0-b1d9-47d5dafa46c9,80.92588,,,7.58278,,,,,,,81cc797a-4601-4b1e-8094-3d1dc0b85384,2025-07-04,00:40:46.41,2025-07-03T20:40:46.4140000-04:00,2025-07-04T00:40:46.4140000Z,,v3,525,495,,"Quiroz, Isaias",657728,Right,LEX_LEG,da829bfc-cbb5-4420-8f95-db0fed3eaad2,54.63179,-120.07119,12.52314,4.233,1.06268,-13.44368,-3.66581,11.09632,-0.54099,,,,,,,,,,,,,,,,,,,,,,,,,,,,,,,,,,,,,,,,,,,,,,,,,,,High,High,High,,,,,
203,2025-07-03,20:41:03.73,5,2,"Ross, Dalton",1000066350,Right,LEX_LEG,"Daniels, Zach",671113,Right,WES_POW,Undefined,5,Bottom,2,1,0,Undefined,Slider,StrikeCalled,Undefined,Undefined,Undefined,0,0,,82.7247,1.074997,-4.423349,2562.388607,137.16645,10:30,4.11547,3.85389,5.75298,-37.20419,4.40327,-2.78551,2.01895,-0.50416,75.13756,-5.793574,-4.91908,0.464256,,,,,,,,,,,,0.06673,2.3089,-3.48442,50,4.18232,9.37027,-119.70371,1.02657,0.09588,25.19362,-28.85634,WES_POW,LEX_LEG,GoMart,Independent,ATL,20250703-GoMart-1,90ed4b90-586f-11f0-b1d9-47d5dafa46c9,81.18898,,,7.58714,,,,,,,81cc797a-4601-4b1e-8094-3d1dc0b85384,2025-07-04,00:41:03.73,2025-07-03T20:41:03.7350000-04:00,2025-07-04T00:41:03.7350000Z,,v3,525,495,,"Quiroz, Isaias",657728,Right,LEX_LEG,9ce83409-1c43-4e8d-96e1-ec43b9cdb399,54.74514,-120.69827,12.59681,4.11931,2.16573,-14.42817,-3.85426,9.36648,0.04794,,,,,,,,,,,,,,,,,,,,,,,,,,,,,,,,,,,,,,,,,,,,,,,,,,,High,High,High,,,,,
204,2025-07-03,20:41:29.21,5,3,"Ross, Dalton",1000066350,Right,LEX_LEG,"Daniels, Zach",671113,Right,WES_POW,Undefined,5,Bottom,2,1,1,Undefined,Sinker,FoulBallNotFieldable,Undefined,Undefined,Undefined,0,0,,89.7502,1.427021,-5.20051,2323.547551,273.738326,3:00,4.02525,4.2443,6.04542,-34.7962,-0.31764,20.71076,2.45244,1.14228,82.29118,-4.993614,-1.492467,0.422616,,,,,,,,,,,,-12.0504,-0.2435,-3.84955,50,4.1179,10.98474,-130.0426,2.03314,-20.76492,25.66731,-32.59367,WES_POW,LEX_LEG,GoMart,Independent,ATL,20250703-GoMart-1,a020e590-586f-11f0-b1d9-47d5dafa46c9,89.18839,,,7.45902,,,,,,,81cc797a-4601-4b1e-8094-3d1dc0b85384,2025-07-04,00:41:29.21,2025-07-03T20:41:29.2130000-04:00,2025-07-04T00:41:29.2130000Z,,v3,525,495,,"Quiroz, Isaias",657728,Right,LEX_LEG,d815ffe5-3f05-4581-9d28-afd7e03ac852,54.45708,-130.91936,12.83366,4.02944,3.1465,-16.29684,-4.23689,11.69405,-10.38246,,,,,,,,,,,,,,,,,,,,,,,,,,,,,,,,,,,,,,,,,,,,,,,,,,,High,High,High,,,,,
205,2025-07-03,20:41:56.59,5,4,"Ross, Dalton",1000066350,Right,LEX_LEG,"Daniels, Zach",671113,Right,WES_POW,Undefined,5,Bottom,2,1,2,Undefined,Slider,BallCalled,Undefined,Undefined,Undefined,0,0,,81.7229,-0.011978,-5.513219,2280.32831,145.382604,10:45,4.15965,3.71502,5.96023,-39.39797,2.65725,-0.93413,0.86533,-1.49101,75.06666,-7.252605,-5.679758,0.466747,,,,,,,,,,,,-1.07221,1.70917,-3.27565,50,4.13643,11.448,-118.24656,-1.27154,-1.51621,22.80577,-29.75706,WES_POW,LEX_LEG,GoMart,Independent,ATL,20250703-GoMart-1,b0672810-586f-11f0-b1d9-47d5dafa46c9,80.75567,,,6.65624,,,,,,,81cc797a-4601-4b1e-8094-3d1dc0b85384,2025-07-04,00:41:56.59,2025-07-03T20:41:56.5930000-04:00,2025-07-04T00:41:56.5930000Z,,v3,525,495,,"Quiroz, Isaias",657728,Right,LEX_LEG,54fc648b-324f-45e2-96e3-4ea1a114bf8c,54.5402,-119.11899,11.40289,4.1633,-0.13318,-14.87853,-3.7147,11.506,-0.75811,,,,,,,,,,,,,,,,,,,,,,,,,,,,,,,,,,,,,,,,,,,,,,,,,,,High,High,High,,,,,
206,2025-07-03,20:42:20.98,5,5,"Ross, Dalton",1000066350,Right,LEX_LEG,"Daniels, Zach",671113,Right,WES_POW,Undefined,5,Bottom,2,2,2,Undefined,Slider,InPlay,Undefined,GroundBall,Out,1,0,,80.73371,1.078779,-3.221251,2454.913409,101.689036,9:30,4.10642,3.51805,5.77952,-41.57585,2.12181,-2.88327,1.64721,0.27742,73.1225,-6.600253,-3.736278,0.475774,59.94484,-34.955046,30.355739,,,,,5.44425,5.44425,10.193195,0.039956,0.44819,1.13024,-3.25019,50,4.17047,6.69315,-116.95957,0.8627,0.61185,25.04386,-30.63115,WES_POW,LEX_LEG,GoMart,Independent,ATL,20250703-GoMart-1,befcd460-586f-11f0-b1d9-47d5dafa46c9,79.22342,2.02078,,7.61121,,,,2.86383,2.02078,-0.49746,81cc797a-4601-4b1e-8094-3d1dc0b85384,2025-07-04,00:42:20.98,2025-07-03T20:42:20.9890000-04:00,2025-07-04T00:42:20.9890000Z,GroundBall,v3,525,495,,"Quiroz, Isaias",657728,Right,LEX_LEG,8dbfc55f-098b-4eb5-afe9-61c1bf733fcd,54.71912,-117.96572,12.52193,4.11109,2.09332,-15.31558,-3.5186,6.66857,0.30593,,2.86221,62.43107,,,,,,,,2.02209,-50.57542,,,,,,,,-0.49841,36.5633,,,,,,,,,,,,,,,,,,,,,,,,,,,,,,High,High,High,Low,Low,,,
207,2025-07-03,20:44:52.34,1,1,"Lebron, David",673933,Right,WES_POW,"Washington, Xane",1000026055,Right,LEX_LEG,Undefined,6,Top,0,0,0,Undefined,Curveball,InPlay,Undefined,GroundBall,Single,0,0,,72.59482,-0.44126,0.553231,2583.790915,63.86567,8:15,6.19489,0.27066,4.86865,-56.09818,-0.69378,-5.16433,1.10243,0.36386,66.7478,-10.532654,-0.359251,0.535727,,,,,,,,,,,,2.74181,0.22602,-0.3204,50,6.10357,-0.82161,-105.28223,-2.68518,3.05467,19.10916,-31.92223,WES_POW,LEX_LEG,GoMart,Independent,ATL,20250703-GoMart-1,193bb450-5870-11f0-b1d9-47d5dafa46c9,70.35755,,,5.84701,,,,,,,81cc797a-4601-4b1e-8094-3d1dc0b85384,2025-07-04,00:44:52.34,2025-07-03T20:44:52.3470000-04:00,2025-07-04T00:44:52.3470000Z,,v3,525,495,,"Lopez, B.J.",625439,Right,WES_POW,8c2f1e53-192d-4a32-99d3-226688150222,55.63176,-106.29951,9.55458,6.20128,-0.98581,-15.96112,-0.27233,-0.98423,1.52733,,,,,,,,,,,,,,,,,,,,,,,,,,,,,,,,,,,,,,,,,,,,,,,,,,,High,High,High,,,,,
208,2025-07-03,20:45:32.98,2,1,"Lebron, David",673933,Right,WES_POW,"Fuentes, Brian",1000059283,Right,LEX_LEG,Undefined,6,Top,0,0,0,Undefined,Four-Seam,StrikeCalled,Undefined,Undefined,Undefined,0,0,,87.48295,-2.289373,-1.847501,2184.091576,199.721865,12:45,6.0435,0.59334,5.25658,-17.55796,20.09564,6.7437,2.42704,-0.58115,79.54097,-5.601719,-0.651982,0.441646,,,,,,,,,,,,-3.9102,11.09241,-0.42919,50,5.82112,3.78486,-126.73293,-5.62158,-6.32664,27.14625,-14.22665,WES_POW,LEX_LEG,GoMart,Independent,ATL,20250703-GoMart-1,3167c0f0-5870-11f0-b1d9-47d5dafa46c9,85.34528,,,7.94198,,,,,,,81cc797a-4601-4b1e-8094-3d1dc0b85384,2025-07-04,00:45:32.98,2025-07-03T20:45:32.9840000-04:00,2025-07-04T00:45:32.9840000Z,,v3,525,495,,"Lopez, B.J.",625439,Right,WES_POW,0fe51b5f-18dc-4137-99dd-da2481822540,55.2403,-127.85048,13.57313,6.04049,-5.0359,-7.11332,-0.59036,4.04531,-3.16332,,,,,,,,,,,,,,,,,,,,,,,,,,,,,,,,,,,,,,,,,,,,,,,,,,,High,High,High,,,,,
209,2025-07-03,20:45:47.22,2,2,"Lebron, David",673933,Right,WES_POW,"Fuentes, Brian",1000059283,Right,LEX_LEG,Undefined,6,Top,0,0,1,Undefined,Slider,InPlay,Undefined,Popup,Out,1,0,,80.31982,-0.819327,-1.308367,2108.201579,142.610841,10:45,6.11591,0.45272,5.25818,-36.15589,7.8328,-5.01465,2.33287,-1.19465,74.36891,-7.404967,-2.198433,0.477355,59.88153,49.984533,9.476843,4177.720935,106.46186,60.12824,27.6742,154.13105,152.7803,15.959551,4.193399,2.19599,4.50114,-0.32894,50,6.014,2.86492,-116.66904,-2.9086,3.05191,20.24206,-25.91844,WES_POW,LEX_LEG,GoMart,Independent,ATL,20250703-GoMart-1,39ecff60-5870-11f0-b1d9-47d5dafa46c9,78.96097,67.20436,,5.9509,,,,1.63064,2.40752,1.18506,81cc797a-4601-4b1e-8094-3d1dc0b85384,2025-07-04,00:45:47.22,2025-07-03T20:45:47.2250000-04:00,2025-07-04T00:45:47.2250000Z,Popup,v3,525,495,,"Lopez, B.J.",625439,Right,WES_POW,04c8f9e2-6ada-4ec4-abe2-792564869808,55.24194,-117.575,10.12103,6.11822,-1.74859,-12.95922,-0.4541,2.72833,1.52595,192.476022,1.63122,55.69146,-11.05803,2.68593,-0.48377,0.08491,-0.01984,0.00364,-0.00027,2.40817,67.24033,-19.41428,1.19151,0.02896,-0.13632,0.05103,-0.00829,0.00051,1.18505,9.29804,0.3425,-0.10003,0.01781,-0.00109,-0.00034,8E-05,-0,,,,,,,,,,,,,,,,,,,,,,,High,High,High,High,High,,,
210,2025-07-03,20:46:24.71,3,1,"Lebron, David",673933,Right,WES_POW,"Quiroz, Isaias",657728,Right,LEX_LEG,Undefined,6,Top,1,0,0,Undefined,Four-Seam,BallCalled,Undefined,Undefined,Undefined,0,0,,88.56248,-2.462532,-1.619365,2148.625209,214.562595,1:15,5.96688,0.58915,5.3265,-21.63107,14.57469,9.28878,1.85123,-0.15673,81.59796,-6.459918,0.030817,0.433072,,,,,,,,,,,,-5.07914,8.28296,-0.44964,50,5.72864,3.2191,-128.49575,-6.28478,-8.55358,24.81512,-18.22501,WES_POW,LEX_LEG,GoMart,Independent,ATL,20250703-GoMart-1,503c5cc0-5870-11f0-b1d9-47d5dafa46c9,87.03498,,,6.96452,,,,,,,81cc797a-4601-4b1e-8094-3d1dc0b85384,2025-07-04,00:46:24.71,2025-07-03T20:46:24.7100000-04:00,2025-07-04T00:46:24.7100000Z,,v3,525,495,,"Lopez, B.J.",625439,Right,WES_POW,33b6ec32-60c6-4ec3-8974-9757040c3b69,55.17245,-129.4908,12.40756,5.966,-5.55399,-9.1125,-0.5856,3.56209,-4.27679,,,,,,,,,,,,,,,,,,,,,,,,,,,,,71.55036,,0.76928,,0.75607,1.77611,0.15625,-1.38924,4.64778,1.60662,,,,-1.34465,103.93199,-9.42919,4.6638,6.02645,-13.05585,1.59828,-5.00697,1.40884,High,High,High,,,High,High,Low
211,2025-07-03,20:46:56.82,3,2,"Lebron, David",673933,Right,WES_POW,"Quiroz, Isaias",657728,Right,LEX_LEG,Undefined,6,Top,1,1,0,Undefined,Slider,StrikeSwinging,Undefined,Undefined,Undefined,0,0,,80.85715,-0.514701,-1.439808,2161.059015,130.897608,10:15,6.05248,0.34527,5.39261,-37.85951,5.19051,-4.61268,2.41498,-1.38879,75.09909,-7.408809,-2.260526,0.472235,,,,,,,,,,,,1.97295,3.11087,-0.21337,50,5.97977,3.13816,-117.50931,-2.35819,2.79108,19.81625,-27.77317,WES_POW,LEX_LEG,GoMart,Independent,ATL,20250703-GoMart-1,6345ddf0-5870-11f0-b1d9-47d5dafa46c9,79.81715,,,5.75806,,,,,,,81cc797a-4601-4b1e-8094-3d1dc0b85384,2025-07-04,00:46:56.82,2025-07-03T20:46:56.8210000-04:00,2025-07-04T00:46:56.8210000Z,,v3,525,495,,"Lopez, B.J.",625439,Right,WES_POW,ffb7289f-e9ec-4dbe-b288-e314e42ee554,55.10741,-118.36746,9.90812,6.05585,-1.15545,-13.88659,-0.34666,3.01729,1.39554,,,,,,,,,,,,,,,,,,,,,,,,,,,,,,,,,,,,,,,,,,,,,,,,,,,High,High,High,,,,,
212,2025-07-03,20:47:18.28,3,3,"Lebron, David",673933,Right,WES_POW,"Quiroz, Isaias",657728,Right,LEX_LEG,Undefined,6,Top,1,1,1,Undefined,Four-Seam,FoulBallNotFieldable,Undefined,Undefined,Undefined,0,0,,89.35259,-1.922958,-1.272616,2092.71726,210.814795,1:00,6.07798,0.42863,5.19894,-17.54438,18.27599,10.23583,2.80614,0.08443,81.91799,-5.204528,0.54095,0.430761,,,,,,,,,,,,-5.47516,9.98875,-0.31889,50,5.88699,2.41647,-129.64792,-4.94665,-9.35253,26.19203,-15.11159,WES_POW,LEX_LEG,GoMart,Independent,ATL,20250703-GoMart-1,7026d560-5870-11f0-b1d9-47d5dafa46c9,87.50196,,,7.4346,,,,,,,81cc797a-4601-4b1e-8094-3d1dc0b85384,2025-07-04,00:47:18.28,2025-07-03T20:47:18.2810000-04:00,2025-07-04T00:47:18.2810000Z,,v3,525,495,,"Lopez, B.J.",625439,Right,WES_POW,e1b2e632-fee6-41bd-b7b8-760c4e8625fc,55.3003,-130.71433,13.09601,6.07587,-4.33139,-7.5558,-0.42503,2.79726,-4.67626,,,,,,,,,,,,,,,,,,,,,,,,,,,,,,,,,,,,,,,,,,,,,,,,,,,High,High,High,,,,,
213,2025-07-03,20:47:54.42,3,4,"Lebron, David",673933,Right,WES_POW,"Quiroz, Isaias",657728,Right,LEX_LEG,Undefined,6,Top,1,1,2,Undefined,Four-Seam,StrikeSwinging,Strikeout,Undefined,Undefined,0,0,,88.84594,-1.555267,-1.845855,2295.509229,193.030144,12:30,6.07122,0.39879,5.14818,-14.70367,22.03568,4.80343,3.38057,-0.93933,80.42001,-4.366882,-0.996328,0.436252,,,,,,,,,,,,-2.93008,11.77709,-0.2299,50,5.91507,3.92116,-128.6766,-3.93026,-4.87434,28.64556,-12.58219,WES_POW,LEX_LEG,GoMart,Independent,ATL,20250703-GoMart-1,8598cb10-5870-11f0-b1d9-47d5dafa46c9,86.40067,,,8.42593,,,,,,,81cc797a-4601-4b1e-8094-3d1dc0b85384,2025-07-04,00:47:54.42,2025-07-03T20:47:54.4280000-04:00,2025-07-04T00:47:54.4280000Z,,v3,525,495,,"Lopez, B.J.",625439,Right,WES_POW,c11c430b-e496-431d-9d8c-29d4d98dce38,55.34707,-129.86149,14.32278,6.06688,-3.40981,-6.2911,-0.39627,4.12278,-2.43717,,,,,,,,,,,,,,,,,,,,,,,,,,,,,,,,,,,,,,,,,,,,,,,,,,,High,High,High,,,,,
214,2025-07-03,20:48:29.39,4,1,"Lebron, David",673933,Right,WES_POW,"McCarthy, Ryan",804884,Left,LEX_LEG,Undefined,6,Top,2,0,0,Undefined,Four-Seam,FoulBallNotFieldable,Undefined,Undefined,Undefined,0,0,,89.77945,-1.367953,-1.474005,2226.102238,193.422026,12:30,6.09185,0.38339,5.06784,-15.15119,20.80233,4.67504,3.53879,-0.61712,81.51778,-4.244115,-0.648109,0.431561,68.33044,48.537833,-161.427548,3730.297891,-105.21034,61.31242,-32.10553,249.60008,61.95615,-162.583437,3.63858,-2.76142,11.09816,-0.24736,50,5.95081,3.13021,-130.12494,-3.59384,-4.71014,28.62654,-13.24388,WES_POW,LEX_LEG,GoMart,Independent,ATL,20250703-GoMart-1,9a8a1f10-5870-11f0-b1d9-47d5dafa46c9,87.33979,61.32577,,8.26168,,,,1.21802,3.75448,0.58396,81cc797a-4601-4b1e-8094-3d1dc0b85384,2025-07-04,00:48:29.39,2025-07-03T20:48:29.3920000-04:00,2025-07-04T00:48:29.3920000Z,FlyBall,v3,525,495,,"Lopez, B.J.",625439,Right,WES_POW,da6d39ce-f521-4766-8a39-9e3a343d0e93,55.42976,-131.31401,14.31327,6.08866,-3.04372,-6.62194,-0.38144,3.32586,-2.35507,13.211345,1.21976,-62.95482,3.05869,-2.9685,1.43865,-0.54885,0.12648,-0.01456,0.00064,3.75526,75.07111,-29.31593,3.54605,0.0457,-0.47182,0.20601,-0.03919,0.00281,0.58492,-21.16363,3.4712,-2.29824,0.92197,-0.29911,0.05884,-0.00534,0.00013,,,,,,,,,,,,,,,,,,,,,,,High,High,High,High,Low,,,
215,2025-07-03,20:48:56.62,4,2,"Lebron, David",673933,Right,WES_POW,"McCarthy, Ryan",804884,Left,LEX_LEG,Undefined,6,Top,2,0,1,Undefined,Changeup,BallCalled,Undefined,Undefined,Undefined,0,0,,76.55942,-3.770981,-1.598255,1959.693191,240.74944,2:00,6.06903,0.20286,4.97228,-39.91164,10.02264,14.79556,-0.82529,-0.07417,70.27649,-10.970545,1.020297,0.508594,,,,,,,,,,,,-7.96315,6.54989,-0.06156,50,5.67162,2.52006,-110.7537,-8.63605,-9.80052,21.47014,-24.11286,WES_POW,LEX_LEG,GoMart,Independent,ATL,20250703-GoMart-1,aacc42e0-5870-11f0-b1d9-47d5dafa46c9,74.11112,,,6.28293,,,,,,,81cc797a-4601-4b1e-8094-3d1dc0b85384,2025-07-04,00:48:56.62,2025-07-03T20:48:56.6240000-04:00,2025-07-04T00:48:56.6240000Z,,v3,525,495,,"Lopez, B.J.",625439,Right,WES_POW,6b72ad68-3eee-4491-86e7-2fd6fbea5fbd,55.52827,-111.82024,10.73507,6.07088,-7.43823,-12.05643,-0.19884,3.00691,-4.90026,,,,,,,,,,,,,,,,,,,,,,,,,,,,,,,,,,,,,,,,,,,,,,,,,,,High,High,High,,,,,
216,2025-07-03,20:49:37.73,4,3,"Lebron, David",673933,Right,WES_POW,"McCarthy, Ryan",804884,Left,LEX_LEG,Undefined,6,Top,2,1,1,Undefined,Four-Seam,BallCalled,Undefined,Undefined,Undefined,0,0,,88.22563,-0.842355,-0.570379,2165.023591,189.136061,12:15,6.07363,0.45996,5.08058,-17.15182,20.03588,3.0215,3.85017,0.17407,80.10898,-4.081011,-0.036254,0.438906,,,,,,,,,,,,-1.66205,10.5504,-0.40842,50,5.98106,1.13267,-127.9074,-2.43523,-2.74021,27.5683,-14.77987,WES_POW,LEX_LEG,GoMart,Independent,ATL,20250703-GoMart-1,c331d610-5870-11f0-b1d9-47d5dafa46c9,85.87824,,,8.11665,,,,,,,81cc797a-4601-4b1e-8094-3d1dc0b85384,2025-07-04,00:49:37.73,2025-07-03T20:49:37.7370000-04:00,2025-07-04T00:49:37.7370000Z,,v3,525,495,,"Lopez, B.J.",625439,Right,WES_POW,6eb1aa5a-0a2d-4823-a667-ffb9f4a7888e,55.41552,-129.06935,13.78415,6.07057,-1.81228,-7.38993,-0.4586,1.24817,-1.37011,,,,,,,,,,,,,,,,,,,,,,,,,,,,,,,,,,,,,,,,,,,,,,,,,,,High,High,High,,,,,
217,2025-07-03,20:50:03.97,4,4,"Lebron, David",673933,Right,WES_POW,"McCarthy, Ryan",804884,Left,LEX_LEG,Undefined,6,Top,2,2,1,Undefined,Four-Seam,InPlay,Undefined,GroundBall,Out,1,0,,89.97093,-1.937125,-1.327713,2188.865174,184.053657,12:15,6.09924,0.26046,5.20169,-15.47611,20.15659,1.34327,2.98646,-0.87657,81.77049,-4.870606,-1.089787,0.429631,60.4314,-15.636192,21.375426,,,,,12.65616,12.43031,22.120195,0.124776,-1.06508,11.00788,-0.13859,50,5.90885,2.96119,-130.41066,-4.90751,-1.8242,28.82425,-13.32061,WES_POW,LEX_LEG,GoMart,Independent,ATL,20250703-GoMart-1,d2e59c90-5870-11f0-b1d9-47d5dafa46c9,87.73211,2.99762,,8.20043,,,,1.75119,2.99762,0.86208,81cc797a-4601-4b1e-8094-3d1dc0b85384,2025-07-04,00:50:03.97,2025-07-03T20:50:03.9720000-04:00,2025-07-04T00:50:03.9720000Z,GroundBall,v3,525,495,,"Lopez, B.J.",625439,Right,WES_POW,5ec5be89-defd-4f8c-883d-76f8b13032a7,55.2965,-131.57612,14.41213,6.09639,-4.36891,-6.66031,-0.25981,3.03495,-0.9121,180,1.74217,79.93065,,,,,,,,3.00033,-24.02403,,,,,,,,0.85855,31.28494,,,,,,,,,,,,,,,,,,,,,,,,,,,,,,High,High,High,Low,Low,,,
218,2025-07-03,20:54:22.48,1,1,"Edwards, Christian",701180,Right,LEX_LEG,"Womack, Alsander",703920,Right,WES_POW,Undefined,6,Bottom,0,0,0,Undefined,Four-Seam,InPlay,Undefined,LineDrive,Double,0,0,,94.41578,-2.168059,-1.77886,2296.986509,206.556279,1:00,6.25292,1.29949,5.8672,-13.75135,17.63556,8.31382,3.0911,0.33937,86.27138,-4.796295,-0.288048,0.403223,100.18434,20.047799,18.338482,3166.509335,102.76875,37.53326,39.22458,338.95711,329.44825,27.729163,3.946901,-4.76465,9.94162,-1.16034,50,6.0693,3.88778,-137.04143,-5.60102,-9.06109,30.27874,-13.26768,WES_POW,LEX_LEG,GoMart,Independent,ATL,20250703-GoMart-1,6cf80e30-5871-11f0-b1d9-47d5dafa46c9,93.4778,49.24642,,8.1444,,,,1.25273,3.111,-0.31084,81cc797a-4601-4b1e-8094-3d1dc0b85384,2025-07-04,00:54:22.48,2025-07-03T20:54:22.4840000-04:00,2025-07-04T00:54:22.4840000Z,LineDrive,v3,525,495,,"Quiroz, Isaias",657728,Right,LEX_LEG,6384ae2e-aff2-46ab-b828-984e1570fad1,54.63195,-138.06105,15.13937,6.25039,-5.15425,-6.63384,-1.2964,4.1929,-4.53055,216.525084,1.2529,131.01756,-27.22201,6.32384,-1.34324,0.23814,-0.03049,0.00216,-4E-05,3.11079,50.37728,-14.31392,0.2337,0.03984,0.01052,-0.01092,0.00293,-0.00027,-0.31085,43.42978,0.06896,-0.81017,0.33813,-0.09669,0.02009,-0.00263,0.00016,,,,,,,,,,,,,,,,,,,,,,,High,High,High,High,High,,,
219,2025-07-03,20:55:15.98,2,1,"Edwards, Christian",701180,Right,LEX_LEG,"Lopez, B.J.",625439,Right,WES_POW,Undefined,6,Bottom,0,0,0,Undefined,Slider,StrikeSwinging,Undefined,Undefined,Undefined,0,0,,84.09087,-1.35873,-1.847142,2325.484822,32.935322,7:00,5.99322,1.48148,6.00305,-41.45301,-2.37575,-2.26225,1.27899,-0.41909,78.05173,-8.943266,-2.254786,0.449918,,,,,,,,,,,,0.6926,-0.57791,-1.33497,50,5.86329,4.02807,-122.25267,-4.27643,1.05447,22.74793,-33.0539,WES_POW,LEX_LEG,GoMart,Independent,ATL,20250703-GoMart-1,8ce286d0-5871-11f0-b1d9-47d5dafa46c9,83.77622,,,6.03914,,,,,,,81cc797a-4601-4b1e-8094-3d1dc0b85384,2025-07-04,00:55:15.98,2025-07-03T20:55:15.9830000-04:00,2025-07-04T00:55:15.9830000Z,,v3,525,495,,"Quiroz, Isaias",657728,Right,LEX_LEG,2f9ac90e-4052-4ab9-b079-ef85dd6f67e7,54.49874,-123.08692,11.37397,5.99789,-3.06422,-16.52695,-1.48198,3.9894,0.52723,,,,,,,,,,,,,,,,,,,,,,,,,,,,,,,,,,,,,,,,,,,,,,,,,,,High,High,High,,,,,
220,2025-07-03,20:55:36.52,2,2,"Edwards, Christian",701180,Right,LEX_LEG,"Lopez, B.J.",625439,Right,WES_POW,Undefined,6,Bottom,0,0,1,Undefined,Slider,StrikeCalled,Undefined,Undefined,Undefined,0,0,,84.55018,0.357145,-0.994543,2315.137129,42.19908,7:30,6.14481,1.39508,6.12004,-41.19423,-2.41685,-3.29618,3.04219,0.20085,77.49041,-7.252762,-1.589387,0.448188,,,,,,,,,,,,1.41398,-0.96244,-1.31727,50,6.15096,2.26194,-122.88905,-0.59929,2.15549,25.06256,-33.64125,WES_POW,LEX_LEG,GoMart,Independent,ATL,20250703-GoMart-1,990adca0-5871-11f0-b1d9-47d5dafa46c9,84.09953,,,7.05977,,,,,,,81cc797a-4601-4b1e-8094-3d1dc0b85384,2025-07-04,00:55:36.52,2025-07-03T20:55:36.5220000-04:00,2025-07-04T00:55:36.5220000Z,,v3,525,495,,"Quiroz, Isaias",657728,Right,LEX_LEG,828bc5bc-83d6-44bf-adca-47e6b74ab6f1,54.37944,-123.77899,12.53128,6.15103,0.59527,-16.82063,-1.39623,2.1854,1.07775,,,,,,,,,,,,,,,,,,,,,,,,,,,,,,,,,,,,,,,,,,,,,,,,,,,High,High,High,,,,,
221,2025-07-03,20:55:58.09,2,3,"Edwards, Christian",701180,Right,LEX_LEG,"Lopez, B.J.",625439,Right,WES_POW,Undefined,6,Bottom,0,0,2,Undefined,Four-Seam,FoulBallNotFieldable,Undefined,Undefined,Undefined,0,0,,96.34259,-3.496495,-1.515557,2371.719673,207.861528,1:00,6.3372,1.23817,6.19049,-12.7456,17.32194,8.60678,2.04172,0.5558,87.44681,-5.95773,0.037736,0.394657,,,,,,,,,,,,-4.90296,10.32469,-1.12814,50,6.06682,3.31326,-139.64458,-8.87913,-9.60143,33.87754,-11.95533,WES_POW,LEX_LEG,GoMart,Independent,ATL,20250703-GoMart-1,a5fd1220-5871-11f0-b1d9-47d5dafa46c9,95.50678,,,8.89578,,,,,,,81cc797a-4601-4b1e-8094-3d1dc0b85384,2025-07-04,00:55:58.09,2025-07-03T20:55:58.0900000-04:00,2025-07-04T00:55:58.0900000Z,,v3,525,495,,"Quiroz, Isaias",657728,Right,LEX_LEG,ef072c89-8564-4d13-ab6f-d316bbab86a4,54.30695,-140.68556,16.93877,6.33402,-8.51177,-5.97767,-1.23448,3.60829,-4.80072,,,,,,,,,,,,,,,,,,,,,,,,,,,,,,,,,,,,,,,,,,,,,,,,,,,High,High,High,,,,,
222,2025-07-03,20:56:59.23,2,4,"Edwards, Christian",701180,Right,LEX_LEG,"Lopez, B.J.",625439,Right,WES_POW,Undefined,6,Bottom,0,0,2,Undefined,Slider,FoulBallNotFieldable,Undefined,Undefined,Undefined,0,0,,84.4808,-0.856765,-1.222962,2269.865714,41.023704,7:15,6.12024,1.20523,6.1868,-41.03286,-2.6561,-3.25449,1.90951,-0.19536,78.3903,-8.400779,-1.811516,0.445867,70.70431,46.080836,128.953979,5140.687034,,,,,40.95662,,,1.38193,-0.85953,-1.11136,50,6.03469,2.74503,-122.91762,-3.16952,2.12865,22.80832,-33.49803,WES_POW,LEX_LEG,GoMart,Independent,ATL,20250703-GoMart-1,ca6daf20-5871-11f0-b1d9-47d5dafa46c9,84.53738,36.88606,,6.09051,,,,0.65093,2.03416,0.24444,81cc797a-4601-4b1e-8094-3d1dc0b85384,2025-07-04,00:56:59.23,2025-07-03T20:56:59.2300000-04:00,2025-07-04T00:56:59.2300000Z,,v3,525,495,,"Quiroz, Isaias",657728,Right,LEX_LEG,af82785f-f7b4-4920-a834-517359fbad4f,54.31498,-123.71571,11.40416,6.12509,-1.99739,-16.74902,-1.20611,2.67055,1.06432,,0.65093,-45.22235,-3.4556,2.11146,-0.62971,0.16793,-0.03704,0.00749,-0.00056,2.03416,74.69673,-29.33064,4.26007,-0.92828,0.17199,-0.00819,-0.0232,0.01404,0.24444,55.93676,-8.10665,0.19528,0.14888,-0.10564,0.05271,-0.03937,0.01729,,,,,,,,,,,,,,,,,,,,,,,High,High,High,High,Undefined,,,
223,2025-07-03,20:57:25.15,2,5,"Edwards, Christian",701180,Right,LEX_LEG,"Lopez, B.J.",625439,Right,WES_POW,Undefined,6,Bottom,0,0,2,Undefined,Four-Seam,BallCalled,Undefined,Undefined,Undefined,0,0,,95.84151,-3.644599,-0.60112,2187.34735,213.608896,1:00,6.38367,1.1922,6.02341,-13.96268,16.55135,10.3126,1.83979,1.49482,87.22513,-6.310084,1.25511,0.397577,,,,,,,,,,,,-5.48693,9.90851,-1.15072,50,6.09051,0.99755,-138.93494,-9.26166,-10.65648,32.98189,-12.93021,WES_POW,LEX_LEG,GoMart,Independent,ATL,20250703-GoMart-1,d9d8d3e0-5871-11f0-b1d9-47d5dafa46c9,94.80534,,,8.61638,,,,,,,81cc797a-4601-4b1e-8094-3d1dc0b85384,2025-07-04,00:57:25.15,2025-07-03T20:57:25.1560000-04:00,2025-07-04T00:57:25.1560000Z,,v3,525,495,,"Quiroz, Isaias",657728,Right,LEX_LEG,5d65357e-52b5-4471-a57a-3359d023aab3,54.47474,-139.99317,16.49095,6.38102,-8.84679,-6.46511,-1.18822,1.33947,-5.32824,,,,,,,,,,,,,,,,,,,,,,,,,,,,,,,,,,,,,,,,,,,,,,,,,,,High,High,High,,,,,
224,2025-07-03,20:57:48.84,2,6,"Edwards, Christian",701180,Right,LEX_LEG,"Lopez, B.J.",625439,Right,WES_POW,Undefined,6,Bottom,0,1,2,Undefined,Four-Seam,BallCalled,Undefined,Undefined,Undefined,0,0,,96.04975,-1.891467,-1.943724,2254.831945,223.171425,1:30,6.47177,1.01044,6.27847,-16.0608,14.03686,12.20044,3.3883,0.23485,87.08599,-4.964418,0.261534,0.394855,,,,,,,,,,,,-6.88217,8.1565,-0.87236,50,6.32412,4.18938,-139.38109,-5.08158,-13.4207,33.87379,-16.26831,WES_POW,LEX_LEG,GoMart,Independent,ATL,20250703-GoMart-1,e7df5f90-5871-11f0-b1d9-47d5dafa46c9,95.4589,,,8.96375,,,,,,,81cc797a-4601-4b1e-8094-3d1dc0b85384,2025-07-04,00:57:48.84,2025-07-03T20:57:48.8430000-04:00,2025-07-04T00:57:48.8430000Z,,v3,525,495,,"Quiroz, Isaias",657728,Right,LEX_LEG,0ff77a43-66de-4e7f-a65e-a1e18dfc46bf,54.21846,-140.40256,16.9369,6.46996,-4.59101,-8.13416,-1.00479,4.59408,-6.71035,,,,,,,,,,,,,,,,,,,,,,,,,,,,,,,,,,,,,,,,,,,,,,,,,,,High,High,High,,,,,
225,2025-07-03,20:58:12.10,2,7,"Edwards, Christian",701180,Right,LEX_LEG,"Lopez, B.J.",625439,Right,WES_POW,Undefined,6,Bottom,0,2,2,Undefined,Four-Seam,BallCalled,Undefined,Undefined,Undefined,0,0,,95.22326,-1.327627,-0.53087,2119.745974,224.001789,1:30,6.34745,1.20384,6.25546,-17.88324,12.74383,11.29835,3.63266,1.65582,86.33133,-4.732167,1.511713,0.398313,,,,,,,,,,,,-5.96071,7.31587,-1.16937,50,6.24007,0.77671,-138.26043,-3.75327,-11.43134,33.48853,-18.14383,WES_POW,LEX_LEG,GoMart,Independent,ATL,20250703-GoMart-1,f5c87830-5871-11f0-b1d9-47d5dafa46c9,94.63029,,,8.89193,,,,,,,81cc797a-4601-4b1e-8094-3d1dc0b85384,2025-07-04,00:58:12.10,2025-07-03T20:58:12.1080000-04:00,2025-07-04T00:58:12.1080000Z,,v3,525,495,,"Quiroz, Isaias",657728,Right,LEX_LEG,cecfc915-8bcf-4325-acbf-8aa1deb7ad04,54.24046,-139.28373,16.74427,6.34629,-3.19885,-9.07192,-1.19844,1.12602,-5.71567,,,,,,,,,,,,,,,,,,,,,,,,,,,,,,,,,,,,,,,,,,,,,,,,,,,High,High,High,,,,,
226,2025-07-03,20:58:39.92,2,8,"Edwards, Christian",701180,Right,LEX_LEG,"Lopez, B.J.",625439,Right,WES_POW,Undefined,6,Bottom,0,3,2,Undefined,Slider,FoulBallNotFieldable,Undefined,Undefined,Undefined,0,0,,85.22244,-1.266862,-0.457417,2325.227224,43.067376,7:30,6.12283,1.19818,5.87212,-40.24892,-1.96394,-2.88732,1.59183,0.53269,78.84524,-8.629293,-0.97682,0.445334,,,,,,,,,,,,1.3665,-0.36276,-1.15946,50,5.99673,1.1027,-123.90457,-4.12427,2.13242,23.87701,-32.74015,WES_POW,LEX_LEG,GoMart,Independent,ATL,20250703-GoMart-1,066fed80-5872-11f0-b1d9-47d5dafa46c9,84.63864,,,6.3772,,,,,,,81cc797a-4601-4b1e-8094-3d1dc0b85384,2025-07-04,00:58:39.92,2025-07-03T20:58:39.9200000-04:00,2025-07-04T00:58:39.9200000Z,,v3,525,495,,"Quiroz, Isaias",657728,Right,LEX_LEG,b287c975-86cf-4547-8e95-568ed65fa0c1,54.62909,-124.79343,11.93851,6.12758,-2.90546,-16.37008,-1.19903,1.02332,1.06621,,,,,,,,,,,,,,,,,,,,,,,,,,,,,,,,,,,,,,,,,,,,,,,,,,,High,High,High,,,,,
227,2025-07-03,20:59:11.91,2,9,"Edwards, Christian",701180,Right,LEX_LEG,"Lopez, B.J.",625439,Right,WES_POW,Undefined,6,Bottom,0,3,2,Undefined,Four-Seam,StrikeSwinging,Strikeout,Undefined,Undefined,0,0,,96.09699,-3.625593,-2.11169,2294.328341,209.971945,1:00,6.27997,1.12514,6.10712,-13.2369,17.0806,9.24843,1.81745,-0.05778,87.29737,-6.170423,-0.445921,0.396295,,,,,,,,,,,,-5.39366,10.20233,-0.96762,50,5.994,4.72062,-139.21876,-9.19823,-10.50967,33.35175,-12.29469,WES_POW,LEX_LEG,GoMart,Independent,ATL,20250703-GoMart-1,19826f60-5872-11f0-b1d9-47d5dafa46c9,95.11217,,,8.79963,,,,,,,81cc797a-4601-4b1e-8094-3d1dc0b85384,2025-07-04,00:59:11.91,2025-07-03T20:59:11.9170000-04:00,2025-07-04T00:59:11.9170000Z,,v3,525,495,,"Quiroz, Isaias",657728,Right,LEX_LEG,fc415fb5-5631-40ab-bea6-8e37f213fb04,54.39047,-140.26661,16.67588,6.27692,-8.81195,-6.14735,-1.12112,5.05082,-5.25484,,,,,,,,,,,,,,,,,,,,,,,,,,,,,,,,,,,,,,,,,,,,,,,,,,,High,High,High,,,,,
228,2025-07-03,20:59:45.81,3,1,"Edwards, Christian",701180,Right,LEX_LEG,"Moorer, Demetrius",693884,Right,WES_POW,Undefined,6,Bottom,1,0,0,Undefined,Slider,StrikeCalled,Undefined,Undefined,Undefined,0,0,,85.36598,-1.976646,-2.352182,2288.367631,63.180245,8:00,6.16083,1.36828,6.21577,-38.47435,-0.60709,-3.46886,1.12826,-1.09267,78.84165,-9.051498,-2.97928,0.442898,,,,,,,,,,,,1.15858,0.54732,-1.1903,50,5.99333,5.22312,-123.99033,-5.5254,1.80364,24.78762,-31.32203,WES_POW,LEX_LEG,GoMart,Independent,ATL,20250703-GoMart-1,2db925f0-5872-11f0-b1d9-47d5dafa46c9,85.10419,,,6.52432,,,,,,,81cc797a-4601-4b1e-8094-3d1dc0b85384,2025-07-04,00:59:45.81,2025-07-03T20:59:45.8100000-04:00,2025-07-04T00:59:45.8100000Z,,v3,525,495,,"Quiroz, Isaias",657728,Right,LEX_LEG,da898cf3-524c-4295-b490-955aa2621388,54.28505,-124.84404,12.39381,6.16505,-4.44664,-15.66101,-1.36912,5.16101,0.90182,,,,,,,,,,,,,,,,,,,,,,,,,,,,,,,,,,,,,,,,,,,,,,,,,,,High,High,High,,,,,
229,2025-07-03,21:00:06.31,3,2,"Edwards, Christian",701180,Right,LEX_LEG,"Moorer, Demetrius",693884,Right,WES_POW,Undefined,6,Bottom,1,0,1,Undefined,Slider,BallCalled,Undefined,Undefined,Undefined,0,0,,85.34677,-1.315613,-1.474135,2296.622562,49.847714,7:45,6.11592,1.1191,5.87966,-38.99809,-0.92063,-2.37835,1.64365,-0.44842,79.16044,-8.446908,-1.901697,0.444125,,,,,,,,,,,,0.84433,0.18276,-0.99863,50,5.98686,3.28671,-124.07459,-4.19024,1.32551,23.18085,-31.88713,WES_POW,LEX_LEG,GoMart,Independent,ATL,20250703-GoMart-1,39f3a430-5872-11f0-b1d9-47d5dafa46c9,84.86895,,,6.18633,,,,,,,81cc797a-4601-4b1e-8094-3d1dc0b85384,2025-07-04,01:00:06.31,2025-07-03T21:00:06.3110000-04:00,2025-07-04T01:00:06.3110000Z,,v3,525,495,,"Quiroz, Isaias",657728,Right,LEX_LEG,ef7b56a9-91f8-467f-85cd-3549d75b8c27,54.62142,-124.93503,11.59043,6.12043,-3.00664,-15.94356,-1.11971,3.23751,0.66276,,,,,,,,,,,,,,,,,,,,,,,,,,,,,,,,,,,,,,,,,,,,,,,,,,,High,High,High,,,,,
230,2025-07-03,21:00:45.33,3,3,"Edwards, Christian",701180,Right,LEX_LEG,"Moorer, Demetrius",693884,Right,WES_POW,Undefined,6,Bottom,1,1,1,Undefined,Four-Seam,BallCalled,Undefined,Undefined,Undefined,0,0,,95.66892,-4.003466,-2.371428,2264.739602,227.658596,1:30,6.20627,1.11892,6.18862,-17.9558,12.4717,12.57579,1.00434,-0.02389,87.35425,-7.383882,-0.101604,0.397013,,,,,,,,,,,,-7.20323,7.92626,-0.94629,50,5.89468,5.19428,-138.59718,-10.28054,-13.95501,32.13588,-16.81822,WES_POW,LEX_LEG,GoMart,Independent,ATL,20250703-GoMart-1,512bb3e0-5872-11f0-b1d9-47d5dafa46c9,94.94011,,,8.31467,,,,,,,81cc797a-4601-4b1e-8094-3d1dc0b85384,2025-07-04,01:00:45.33,2025-07-03T21:00:45.3360000-04:00,2025-07-04T01:00:45.3360000Z,,v3,525,495,,"Quiroz, Isaias",657728,Right,LEX_LEG,8e4942b1-39e3-4170-88d1-367789e05618,54.31023,-139.593,16.06794,6.20517,-9.75938,-8.40911,-1.11395,5.62671,-6.97751,,,,,,,,,,,,,,,,,,,,,,,,,,,,,,,,,,,,,,,,,,,,,,,,,,,High,High,High,,,,,
231,2025-07-03,21:01:03.74,3,4,"Edwards, Christian",701180,Right,LEX_LEG,"Moorer, Demetrius",693884,Right,WES_POW,Undefined,6,Bottom,1,2,1,Undefined,Sinker,StrikeCalled,Undefined,Undefined,Undefined,0,0,,95.56882,-2.337176,-2.97809,2221.260517,227.49468,1:30,6.28333,1.16876,6.2136,-18.17548,12.22729,12.2428,2.60769,-0.56187,87.06622,-5.776411,-0.769912,0.396852,,,,,,,,,,,,-7.17804,7.31181,-0.95117,50,6.09872,6.67197,-138.59241,-6.23991,-13.90585,32.12217,-18.00907,WES_POW,LEX_LEG,GoMart,Independent,ATL,20250703-GoMart-1,5c11c5b0-5872-11f0-b1d9-47d5dafa46c9,94.97868,,,8.5026,,,,,,,81cc797a-4601-4b1e-8094-3d1dc0b85384,2025-07-04,01:01:03.74,2025-07-03T21:01:03.7440000-04:00,2025-07-04T01:01:03.7440000Z,,v3,525,495,,"Quiroz, Isaias",657728,Right,LEX_LEG,4ac7e50e-599f-4fc4-92ea-bf5866bd1d7a,54.28436,-139.58188,16.06109,6.28239,-5.68517,-9.00454,-1.16329,7.10032,-6.95293,,,,,,,,,,,,,,,,,,,,,,,,,,,,,,,,,,,,,,,,,,,,,,,,,,,High,High,High,,,,,
232,2025-07-03,21:01:23.77,3,5,"Edwards, Christian",701180,Right,LEX_LEG,"Moorer, Demetrius",693884,Right,WES_POW,Undefined,6,Bottom,1,2,2,Undefined,Slider,BallCalled,Undefined,Undefined,Undefined,0,0,,86.97064,-3.594538,-2.849293,2485.960003,60.436428,8:00,6.26652,1.09859,6.04347,-37.53628,-0.97055,-3.49992,-0.19795,-1.83323,81.16574,-10.413688,-3.480068,0.43522,,,,,,,,,,,,1.10732,0.64421,-0.87448,50,5.96508,6.41225,-126.17944,-9.19731,1.7999,23.69586,-31.12692,WES_POW,LEX_LEG,GoMart,Independent,ATL,20250703-GoMart-1,6816b500-5872-11f0-b1d9-47d5dafa46c9,86.60555,,,5.8049,,,,,,,81cc797a-4601-4b1e-8094-3d1dc0b85384,2025-07-04,01:01:23.77,2025-07-03T21:01:23.7720000-04:00,2025-07-04T01:01:23.7720000Z,,v3,525,495,,"Quiroz, Isaias",657728,Right,LEX_LEG,0956e5dc-297f-4fe4-a3e3-020456f77974,54.45909,-127.01408,11.84793,6.26973,-8.10093,-15.56346,-1.09922,6.34885,0.89995,,,,,,,,,,,,,,,,,,,,,,,,,,,,,,,,,,,,,,,,,,,,,,,,,,,High,High,High,,,,,
233,2025-07-03,21:02:01.01,3,6,"Edwards, Christian",701180,Right,LEX_LEG,"Moorer, Demetrius",693884,Right,WES_POW,Undefined,6,Bottom,1,3,2,Undefined,Four-Seam,BallCalled,Walk,Undefined,Undefined,0,0,,94.73179,-1.212038,-1.176772,2223.403096,213.450381,1:00,6.20048,1.24916,6.18438,-16.77391,13.87725,8.55335,3.68309,0.87518,86.87914,-4.392866,0.366992,0.398469,,,,,,,,,,,,-4.71855,7.78748,-1.16443,50,6.10033,2.45519,-137.69425,-3.42937,-9.09444,29.45414,-17.16464,WES_POW,LEX_LEG,GoMart,Independent,ATL,20250703-GoMart-1,7e323120-5872-11f0-b1d9-47d5dafa46c9,94.59307,,,7.85265,,,,,,,81cc797a-4601-4b1e-8094-3d1dc0b85384,2025-07-04,01:02:01.01,2025-07-03T21:02:01.0190000-04:00,2025-07-04T01:02:01.0190000Z,,v3,525,495,,"Quiroz, Isaias",657728,Right,LEX_LEG,dff2ed16-f1aa-4aa0-a023-fb9f4337ebbd,54.31379,-138.61394,14.72707,6.19905,-2.89341,-8.58232,-1.24552,2.73916,-4.54722,,,,,,,,,,,,,,,,,,,,,,,,,,,,,,,,,,,,,,,,,,,,,,,,,,,High,High,High,,,,,
234,2025-07-03,21:02:41.56,4,1,"Edwards, Christian",701180,Right,LEX_LEG,"Nelson, James",663445,Right,WES_POW,Undefined,6,Bottom,1,0,0,Undefined,Slider,BallCalled,Undefined,Undefined,Undefined,0,0,,85.7546,-1.631164,-3.210299,2208.482623,47.397392,7:30,6.12551,1.29628,6.0519,-39.83384,-2.34181,-3.67036,1.29329,-1.98444,79.83025,-8.906801,-3.870765,0.440698,,,,,,,,,,,,1.09134,-0.48752,-1.04445,50,5.97694,7.12791,-124.55901,-4.89607,1.7302,22.88272,-32.94696,WES_POW,LEX_LEG,GoMart,Independent,ATL,20250703-GoMart-1,967c7420-5872-11f0-b1d9-47d5dafa46c9,85.529,,,5.92435,,,,,,,81cc797a-4601-4b1e-8094-3d1dc0b85384,2025-07-04,01:02:41.56,2025-07-03T21:02:41.5620000-04:00,2025-07-04T01:02:41.5620000Z,,v3,525,495,,"Quiroz, Isaias",657728,Right,LEX_LEG,38951046-03f3-4185-b119-e9ec319c9e59,54.44964,-125.37379,11.44136,6.13039,-3.72294,-16.47348,-1.29715,7.06631,0.8651,,,,,,,,,,,,,,,,,,,,,,,,,,,,,,,,,,,,,,,,,,,,,,,,,,,High,High,High,,,,,
235,2025-07-03,21:03:08.55,4,2,"Edwards, Christian",701180,Right,LEX_LEG,"Nelson, James",663445,Right,WES_POW,Undefined,6,Bottom,1,1,0,Undefined,Four-Seam,BallCalled,Undefined,Undefined,Undefined,0,0,,95.16491,-1.546253,-1.402727,2074.512136,212.914066,1:00,6.30457,1.33407,6.06699,-14.09871,16.57509,10.09162,3.69795,0.87666,86.81122,-4.248667,0.414261,0.398616,,,,,,,,,,,,-5.56429,9.25642,-1.23048,50,6.177,2.93189,-138.20081,-4.13823,-10.7484,31.14742,-14.29365,WES_POW,LEX_LEG,GoMart,Independent,ATL,20250703-GoMart-1,a6744880-5872-11f0-b1d9-47d5dafa46c9,94.55816,,,8.35369,,,,,,,81cc797a-4601-4b1e-8094-3d1dc0b85384,2025-07-04,01:03:08.55,2025-07-03T21:03:08.5530000-04:00,2025-07-04T01:03:08.5530000Z,,v3,525,495,,"Quiroz, Isaias",657728,Right,LEX_LEG,e398ba5a-c14a-408b-a3d9-6494bbdeb187,54.43056,-139.19579,15.57371,6.3019,-3.68163,-7.14682,-1.32962,3.27523,-5.3742,,,,,,,,,,,,,,,,,,,,,,,,,,,,,,,,,,,,,,,,,,,,,,,,,,,High,High,High,,,,,
236,2025-07-03,21:03:27.76,4,3,"Edwards, Christian",701180,Right,LEX_LEG,"Nelson, James",663445,Right,WES_POW,Undefined,6,Bottom,1,2,0,Undefined,Four-Seam,FoulBallNotFieldable,Undefined,Undefined,Undefined,0,0,,96.11069,-2.47351,-0.995887,2115.860436,221.941965,1:30,6.28848,1.2049,6.11468,-17.09934,12.81938,10.69115,2.57478,1.17495,88.19517,-5.696042,0.932008,0.39368,53.15211,30.571056,108.176892,4418.20866,,,,,20.41948,,,-5.80614,7.57957,-1.13409,50,6.08972,1.96072,-139.61277,-6.58525,-11.4887,30.68924,-17.17623,WES_POW,LEX_LEG,GoMart,Independent,ATL,20250703-GoMart-1,b1f9cea0-5872-11f0-b1d9-47d5dafa46c9,95.74395,13.91171,,7.91552,,,,0.45707,2.54988,-1.1951,81cc797a-4601-4b1e-8094-3d1dc0b85384,2025-07-04,01:03:27.76,2025-07-03T21:03:27.7650000-04:00,2025-07-04T01:03:27.7650000Z,,v3,525,495,,"Quiroz, Isaias",657728,Right,LEX_LEG,256d36fa-84ec-41cf-b5dc-0e34281acd7b,54.38493,-140.57335,15.34462,6.28742,-6.04763,-8.58811,-1.20109,2.32032,-5.74435,291.733149,0.45909,-21.01902,-2.70964,,,,,,,2.55142,39.58807,-17.11983,,,,,,,-1.19166,63.63426,-8.44477,,,,,,,,,,,,,,,,,,,,,,,,,,,,,High,High,High,High,Undefined,,,
237,2025-07-03,21:03:49.76,4,4,"Edwards, Christian",701180,Right,LEX_LEG,"Nelson, James",663445,Right,WES_POW,Undefined,6,Bottom,1,2,1,Undefined,Four-Seam,StrikeSwinging,Undefined,Undefined,Undefined,0,0,,96.33776,-1.627153,-1.84205,2165.669431,214.539674,1:15,6.29816,1.1282,6.12345,-12.42217,17.69068,11.45922,3.7576,0.37968,87.16959,-4.042923,0.222628,0.394955,,,,,,,,,,,,-6.42713,9.90304,-0.99278,50,6.16691,3.9716,-139.76935,-4.29766,-12.5953,34.24797,-12.76698,WES_POW,LEX_LEG,GoMart,Independent,ATL,20250703-GoMart-1,bf1c8a00-5872-11f0-b1d9-47d5dafa46c9,95.43488,,,9.16817,,,,,,,81cc797a-4601-4b1e-8094-3d1dc0b85384,2025-07-04,01:03:49.76,2025-07-03T21:03:49.7650000-04:00,2025-07-04T01:03:49.7650000Z,,v3,525,495,,"Quiroz, Isaias",657728,Right,LEX_LEG,c7ff547e-ae75-46fa-94a0-29811b5c69fa,54.37289,-140.83677,17.12399,6.29466,-3.89975,-6.38349,-1.12268,4.36416,-6.29765,,,,,,,,,,,,,,,,,,,,,,,,,,,,,,,,,,,,,,,,,,,,,,,,,,,High,High,High,,,,,
238,2025-07-03,21:04:11.07,4,5,"Edwards, Christian",701180,Right,LEX_LEG,"Nelson, James",663445,Right,WES_POW,Undefined,6,Bottom,1,2,2,Undefined,Four-Seam,BallCalled,Undefined,Undefined,Undefined,0,0,,97.1814,-1.420227,-2.028422,2148.911609,215.64113,1:15,6.38691,1.00115,6.28024,-15.48938,13.83418,9.21619,3.78601,-0.10122,88.25506,-4.384974,-0.362987,0.389744,,,,,,,,,,,,-5.36603,7.8904,-0.85561,50,6.27441,4.58673,-141.07957,-3.96391,-10.74539,34.02048,-16.37361,WES_POW,LEX_LEG,GoMart,Independent,ATL,20250703-GoMart-1,cbd36430-5872-11f0-b1d9-47d5dafa46c9,96.71069,,,8.92634,,,,,,,81cc797a-4601-4b1e-8094-3d1dc0b85384,2025-07-04,01:04:11.07,2025-07-03T21:04:11.0740000-04:00,2025-07-04T01:04:11.0740000Z,,v3,525,495,,"Quiroz, Isaias",657728,Right,LEX_LEG,d1ee5aea-5a3f-4d35-9ef4-21e5f1649158,54.21709,-142.09286,17.01024,6.38521,-3.47623,-8.18681,-0.99699,4.90678,-5.3727,,,,,,,,,,,,,,,,,,,,,,,,,,,,,,,,,,,,,,,,,,,,,,,,,,,High,High,High,,,,,
239,2025-07-03,21:04:33.19,4,6,"Edwards, Christian",701180,Right,LEX_LEG,"Nelson, James",663445,Right,WES_POW,Undefined,6,Bottom,1,3,2,Undefined,Four-Seam,BallCalled,Walk,Undefined,Undefined,0,0,,96.15461,-1.600184,-2.955835,2044.200748,211.136122,1:00,6.36324,1.15905,6.26902,-14.22005,15.79552,8.93087,3.70069,-0.82412,87.26737,-4.339538,-1.344366,0.394316,,,,,,,,,,,,-5.47611,8.95315,-0.94421,50,6.23754,6.80403,-139.46439,-4.29787,-10.71814,33.19292,-14.65042,WES_POW,LEX_LEG,GoMart,Independent,ATL,20250703-GoMart-1,d8e90030-5872-11f0-b1d9-47d5dafa46c9,95.58942,,,8.88723,,,,,,,81cc797a-4601-4b1e-8094-3d1dc0b85384,2025-07-04,01:04:33.19,2025-07-03T21:04:33.1980000-04:00,2025-07-04T01:04:33.1980000Z,,v3,525,495,,"Quiroz, Isaias",657728,Right,LEX_LEG,110ce3b1-8cb3-455c-8dec-95a2aff39707,54.2277,-140.46699,16.59646,6.36068,-3.85535,-7.32521,-1.15461,7.12777,-5.35907,,,,,,,,,,,,,,,,,,,,,,,,,,,,,,,,,,,,,,,,,,,,,,,,,,,High,High,High,,,,,
240,2025-07-03,21:05:13.60,5,1,"Edwards, Christian",701180,Right,LEX_LEG,"Blackwell, Benjamin",701295,Right,WES_POW,Undefined,6,Bottom,1,0,0,Undefined,Slider,BallCalled,Undefined,Undefined,Undefined,0,0,,86.15203,-1.951326,-2.570361,2223.716479,82.319108,8:45,6.15248,1.02403,6.40337,-36.52896,0.83154,-3.2565,1.31155,-1.61252,78.59757,-8.72763,-3.160805,0.439924,,,,,,,,,,,,0.90264,1.38929,-0.83837,50,5.99596,5.73309,-125.00403,-5.40509,1.41005,28.18996,-30.00375,WES_POW,LEX_LEG,GoMart,Independent,ATL,20250703-GoMart-1,f115a910-5872-11f0-b1d9-47d5dafa46c9,85.67943,,,7.55446,,,,,,,81cc797a-4601-4b1e-8094-3d1dc0b85384,2025-07-04,01:05:13.60,2025-07-03T21:05:13.6000000-04:00,2025-07-04T01:05:13.6000000Z,,v3,525,495,,"Quiroz, Isaias",657728,Right,LEX_LEG,b5f3309a-56f4-4f92-8d70-f88e339494f5,54.09593,-125.92432,14.09498,6.15643,-4.42558,-15.00187,-1.02479,5.68706,0.70502,,,,,,,,,,,,,,,,,,,,,,,,,,,,,,,,,,,,,,,,,,,,,,,,,,,High,High,High,,,,,
241,2025-07-03,21:05:33.04,5,2,"Edwards, Christian",701180,Right,LEX_LEG,"Blackwell, Benjamin",701295,Right,WES_POW,Undefined,6,Bottom,1,1,0,Undefined,Four-Seam,FoulBallNotFieldable,Undefined,Undefined,Undefined,0,0,,95.90322,-2.327647,-2.533568,2164.719425,204.804552,12:45,6.22667,1.38377,6.21645,-10.24493,19.95702,8.7543,3.22164,-0.22626,87.12258,-4.34691,-0.954959,0.395539,95.68269,49.400271,109.679954,,,,,,47.64506,,,-5.28016,11.3267,-1.19817,50,6.04683,5.77354,-139.11734,-5.89267,-10.29137,32.79883,-10.09756,WES_POW,LEX_LEG,GoMart,Independent,ATL,20250703-GoMart-1,fcaf5370-5872-11f0-b1d9-47d5dafa46c9,95.29392,59.38357,,8.78064,,,,0.64988,3.1631,0.23888,81cc797a-4601-4b1e-8094-3d1dc0b85384,2025-07-04,01:05:33.04,2025-07-03T21:05:33.0440000-04:00,2025-07-04T01:05:33.0440000Z,,v3,525,495,,"Quiroz, Isaias",657728,Right,LEX_LEG,053b2ca6-47e4-46ee-8c52-e6b2492c2db6,54.28177,-140.12319,16.39941,6.2228,-5.58301,-5.04878,-1.38006,6.08915,-5.14568,,0.64986,-30.75187,8.64704,-0.39676,-3.07893,4.17534,4.1755,-11.55379,6.13938,3.16309,106.55345,-44.9144,10.46579,-4.23082,1.61039,2.94557,-5.57571,2.69099,0.23888,85.99299,-40.39767,11.75374,-5.28219,2.34045,4.73365,-9.11559,4.44229,,,,,,,,,,,,,,,,,,,,,,,High,High,High,Low,Undefined,,,
242,2025-07-03,21:05:55.46,5,3,"Edwards, Christian",701180,Right,LEX_LEG,"Blackwell, Benjamin",701295,Right,WES_POW,Undefined,6,Bottom,1,1,1,Undefined,Four-Seam,InPlay,Undefined,GroundBall,Single,1,0,,95.40727,-2.956119,-1.644279,2341.561356,213.415438,1:00,6.27161,1.1697,6.07982,-14.01713,16.81434,10.3776,2.36495,0.51279,86.3898,-5.651952,0.224665,0.399639,95.15622,-1.684354,-12.466061,,,,,35.44783,34.84825,-13.091781,0.257067,-5.85894,9.90154,-1.04804,50,6.0355,3.50993,-138.30563,-7.545,-11.22635,33.94788,-13.20165,WES_POW,LEX_LEG,GoMart,Independent,ATL,20250703-GoMart-1,0a04dea0-5873-11f0-b1d9-47d5dafa46c9,94.31611,2.32248,,9.01748,,,,0.99101,2.32248,-0.46295,81cc797a-4601-4b1e-8094-3d1dc0b85384,2025-07-04,01:05:55.46,2025-07-03T21:05:55.4620000-04:00,2025-07-04T01:05:55.4620000Z,GroundBall,v3,525,495,,"Quiroz, Isaias",657728,Right,LEX_LEG,6708177d-736e-46f5-99a1-f683970ed177,54.41778,-139.38578,16.97394,6.26888,-7.12495,-6.60083,-1.16541,3.86713,-5.61318,28.66736,0.99429,136.04301,-21.83915,,,,,,,2.32463,-4.21344,-18.81807,,,,,,,-0.46312,-30.10401,2.61355,,,,,,,,,,,,,,,,,,,,,,,,,,,,,High,High,High,High,High,,,
243,2025-07-03,21:06:54.38,6,1,"Edwards, Christian",701180,Right,LEX_LEG,"Sedio, Chad",670466,Left,WES_POW,Undefined,6,Bottom,2,0,0,Undefined,Sinker,StrikeCalled,Undefined,Undefined,Undefined,0,0,,96.50057,-2.198721,-2.964911,2056.408466,232.759448,1:45,6.22619,1.65217,6.16601,-19.94859,9.86985,11.71052,2.52913,-0.11308,88.08773,-5.946549,-0.854277,0.393019,,,,,,,,,,,,-6.88697,6.02618,-1.43308,50,6.04911,6.73056,-139.97753,-6.05263,-13.63215,32.28841,-20.24577,WES_POW,LEX_LEG,GoMart,Independent,ATL,20250703-GoMart-1,2d2506d0-5873-11f0-b1d9-47d5dafa46c9,95.90477,,,8.41284,,,,,,,81cc797a-4601-4b1e-8094-3d1dc0b85384,2025-07-04,01:06:54.38,2025-07-03T21:06:54.3800000-04:00,2025-07-04T01:06:54.3800000Z,,v3,525,495,,"Quiroz, Isaias",657728,Right,LEX_LEG,f843d75c-1013-4a87-a299-5cbafa132ca2,54.33249,-140.97336,16.14421,6.22616,-5.42822,-10.12288,-1.64715,7.151,-6.81607,,,,,,,,,,,,,,,,,,,,,,,,,,,,,,,,,,,,,,,,,,,,,,,,,,,High,High,High,,,,,
244,2025-07-03,21:07:15.38,6,2,"Edwards, Christian",701180,Right,LEX_LEG,"Sedio, Chad",670466,Left,WES_POW,Undefined,6,Bottom,2,0,1,Undefined,Four-Seam,BallCalled,Undefined,Undefined,Undefined,0,0,,95.90902,-1.791629,-0.565579,2143.216689,194.494098,12:30,6.50618,0.92719,6.29031,-13.61792,16.39355,3.98358,3.7197,0.73794,87.31885,-4.417315,0.15489,0.39429,,,,,,,,,,,,-2.21984,9.31378,-0.88732,50,6.36743,1.19979,-139.30059,-4.72817,-4.3444,32.45798,-13.94626,WES_POW,LEX_LEG,GoMart,Independent,ATL,20250703-GoMart-1,39940290-5873-11f0-b1d9-47d5dafa46c9,95.59583,,,8.59017,,,,,,,81cc797a-4601-4b1e-8094-3d1dc0b85384,2025-07-04,01:07:15.38,2025-07-03T21:07:15.3820000-04:00,2025-07-04T01:07:15.3820000Z,,v3,525,495,,"Quiroz, Isaias",657728,Right,LEX_LEG,53cfbf12-4071-42cd-b272-2492df668cd7,54.2065,-140.27731,16.22899,6.5034,-4.3085,-6.97313,-0.92539,1.33052,-2.1722,,,,,,,,,,,,,,,,,,,,,,,,,,,,,,,,,,,,,,,,,,,,,,,,,,,High,High,High,,,,,
245,2025-07-03,21:07:36.26,6,3,"Edwards, Christian",701180,Right,LEX_LEG,"Sedio, Chad",670466,Left,WES_POW,Undefined,6,Bottom,2,1,1,Undefined,Four-Seam,BallCalled,Undefined,Undefined,Undefined,0,0,,95.28329,-0.848754,-0.627325,2058.22416,214.366258,1:15,6.18911,1.52253,6.21212,-15.84765,14.63442,9.32859,4.08506,1.72093,86.70652,-3.879227,1.057329,0.397369,,,,,,,,,,,,-4.97733,8.11056,-1.47978,50,6.11738,1.10181,-138.42731,-2.51932,-9.61759,32.1017,-16.50216,WES_POW,LEX_LEG,GoMart,Independent,ATL,20250703-GoMart-1,4602fe50-5873-11f0-b1d9-47d5dafa46c9,94.85509,,,8.57677,,,,,,,81cc797a-4601-4b1e-8094-3d1dc0b85384,2025-07-04,01:07:36.26,2025-07-03T21:07:36.2630000-04:00,2025-07-04T01:07:36.2630000Z,,v3,525,495,,"Quiroz, Isaias",657728,Right,LEX_LEG,0c431501-f2e2-4890-b9f2-f961d64166a0,54.28475,-139.41742,16.05085,6.18723,-2.01035,-8.25108,-1.51834,1.39845,-4.8088,,,,,,,,,,,,,,,,,,,,,,,,,,,,,,,,,,,,,,,,,,,,,,,,,,,High,High,High,,,,,
246,2025-07-03,21:07:59.81,6,4,"Edwards, Christian",701180,Right,LEX_LEG,"Sedio, Chad",670466,Left,WES_POW,Undefined,6,Bottom,2,2,1,Undefined,Four-Seam,StrikeCalled,Undefined,Undefined,Undefined,0,0,,94.81996,-2.381798,-1.658655,2065.432538,207.624112,1:00,6.21598,1.28356,6.12465,-15.99379,14.94324,7.28685,2.67919,0.35707,86.40936,-5.4259,-0.345173,0.400323,,,,,,,,,,,,-4.21634,8.69733,-1.16022,50,6.02519,3.66045,-137.58812,-6.20616,-8.05383,31.53147,-15.56078,WES_POW,LEX_LEG,GoMart,Independent,ATL,20250703-GoMart-1,540ff2a0-5873-11f0-b1d9-47d5dafa46c9,94.15507,,,8.4106,,,,,,,81cc797a-4601-4b1e-8094-3d1dc0b85384,2025-07-04,01:07:59.81,2025-07-03T21:07:59.8190000-04:00,2025-07-04T01:07:59.8190000Z,,v3,525,495,,"Quiroz, Isaias",657728,Right,LEX_LEG,30d72a62-3205-46b0-8dd5-af30a38b5d83,54.3723,-138.58651,15.76574,6.2139,-5.71345,-7.78039,-1.28016,3.91546,-4.02692,,,,,,,,,,,,,,,,,,,,,,,,,,,,,,,,,,,,,,,,,,,,,,,,,,,High,High,High,,,,,
247,2025-07-03,21:08:24.53,6,5,"Edwards, Christian",701180,Right,LEX_LEG,"Sedio, Chad",670466,Left,WES_POW,Undefined,6,Bottom,2,2,2,Undefined,Sinker,InPlay,Undefined,FlyBall,Out,1,0,,96.63335,-2.321311,-2.89455,2185.689627,227.353228,1:30,6.12106,1.27045,6.01491,-18.14399,11.7815,11.72753,2.45482,-0.43586,88.12501,-5.737694,-0.787043,0.393724,94.62946,36.113994,16.918544,2719.673007,104.92596,74.61564,33.02324,343.23511,337.66644,17.433655,5.527453,-6.89481,7.02552,-1.04984,50,5.92885,6.56536,-140.14442,-6.29777,-13.66871,32.61434,-18.24625,WES_POW,LEX_LEG,GoMart,Independent,ATL,20250703-GoMart-1,62e1bd90-5873-11f0-b1d9-47d5dafa46c9,95.73312,103.73647,,8.50834,,,,2.19235,2.51289,0.43066,81cc797a-4601-4b1e-8094-3d1dc0b85384,2025-07-04,01:08:24.53,2025-07-03T21:08:24.5300000-04:00,2025-07-04T01:08:24.5300000Z,FlyBall,v3,525,495,,"Quiroz, Isaias",657728,Right,LEX_LEG,1b744a34-2b80-4a18-8ff0-1efd79270a08,54.48457,-141.18421,16.30717,6.12036,-5.71606,-9.12312,-1.2661,7.00114,-6.83436,186.807458,2.19752,107.17048,-22.16541,5.14468,-0.84554,0.07475,0.00016,-0.0005,2E-05,2.51137,81.82099,-18.83778,1.12722,-0.03846,-0.05386,0.0201,-0.00294,0.00015,0.43231,32.59922,-5.02398,0.68011,0.00023,-0.02638,0.00562,-0.00048,1E-05,,,,,,,,,,,,,,,,,,,,,,,High,High,High,High,Medium,,,
248,2025-07-03,21:11:22.66,1,1,"Medoro, Brendan",815136,Right,WES_POW,"Riddle, JT",595375,Left,LEX_LEG,Undefined,7,Top,0,0,0,Undefined,,StrikeCalled,Undefined,Undefined,Undefined,0,0,,,,,,,,,,,,,,,,,,,,,,,,,,,,,,,,,,,,,,,,,,WES_POW,LEX_LEG,GoMart,Independent,ATL,20250703-GoMart-1,c9a9d800-5873-11f0-b1d9-47d5dafa46c9,,,,,,,,,,,81cc797a-4601-4b1e-8094-3d1dc0b85384,2025-07-04,01:11:22.66,2025-07-03T21:11:22.6630000-04:00,2025-07-04T01:11:22.6630000Z,,v3,525,495,,"Lopez, B.J.",625439,Right,WES_POW,,,,,,,,,,,,,,,,,,,,,,,,,,,,,,,,,,,,,,,,,,,,,,,,,,,,,,,,,,,,,,,,,,,,
249,2025-07-03,21:11:23.66,1,2,"Medoro, Brendan",815136,Right,WES_POW,"Riddle, JT",595375,Left,LEX_LEG,Undefined,7,Top,0,0,1,Undefined,Changeup,BallCalled,Undefined,Undefined,Undefined,0,0,,88.76379,0.24282,-2.858939,1831.228574,232.28971,1:45,5.75439,2.15466,5.5201,-22.48316,13.42225,15.92178,4.10811,0.80623,81.15907,-3.950646,-0.025067,0.431272,,,,,,,,,,,,-8.78445,7.04347,-1.9165,50,5.76066,5.7261,-128.79071,-0.21906,-14.79935,25.98625,-20.30777,WES_POW,LEX_LEG,GoMart,Independent,ATL,20250703-GoMart-1,cd947fb0-5873-11f0-b1d9-47d5dafa46c9,87.39828,,,7.60472,,,,,,,81cc797a-4601-4b1e-8094-3d1dc0b85384,2025-07-04,01:11:23.66,2025-07-03T21:11:23.6630000-04:00,2025-07-04T01:11:23.6630000Z,,v3,525,495,,"Lopez, B.J.",625439,Right,WES_POW,893fa782-cc88-497b-a6d1-5bfeead0222d,54.9787,-129.79138,12.99313,5.75404,0.56295,-10.15388,-2.14797,6.29599,-7.39968,,,,,,,,,,,,,,,,,,,,,,,,,,,,,,,,,,,,,,,,,,,,,,,,,,,High,High,High,,,,,
250,2025-07-03,21:11:35.98,1,3,"Medoro, Brendan",815136,Right,WES_POW,"Riddle, JT",595375,Left,LEX_LEG,Undefined,7,Top,0,1,1,Undefined,Changeup,StrikeSwinging,Undefined,Undefined,Undefined,0,0,,79.00462,-0.219318,-3.683918,1270.02161,310.031783,4:15,5.53735,2.18335,5.43376,-52.19164,-7.03851,9.86386,0.98224,-0.44933,73.62433,-9.641719,-1.928446,0.483632,,,,,,,,,,,,-5.93292,-3.20693,-1.86395,50,5.48092,7.01015,-114.70811,-2.23075,-7.98921,19.09878,-36.49249,WES_POW,LEX_LEG,GoMart,Independent,ATL,20250703-GoMart-1,d506c780-5873-11f0-b1d9-47d5dafa46c9,77.93614,,,5.38029,,,,,,,81cc797a-4601-4b1e-8094-3d1dc0b85384,2025-07-04,01:11:35.98,2025-07-03T21:11:35.9820000-04:00,2025-07-04T01:11:35.9820000Z,,v3,525,495,,"Lopez, B.J.",625439,Right,WES_POW,9f420ba6-9356-41b2-b77f-c942bcb272c0,55.06997,-115.54918,9.54939,5.54377,-0.62372,-18.24625,-2.1804,7.36198,-3.99461,,,,,,,,,,,,,,,,,,,,,,,,,,,,,,,,,,,,,,,,,,,,,,,,,,,High,High,High,,,,,
251,2025-07-03,21:11:56.90,1,4,"Medoro, Brendan",815136,Right,WES_POW,"Riddle, JT",595375,Left,LEX_LEG,Undefined,7,Top,0,1,2,Undefined,Changeup,BallCalled,Undefined,Undefined,Undefined,0,0,,88.19931,1.101647,-2.284862,1740.811616,263.583051,2:45,5.74362,2.21486,5.35887,-33.70722,3.0215,16.40824,3.96874,1.43836,80.4095,-5.082071,0.629545,0.436189,,,,,,,,,,,,-8.8402,1.57488,-2.02143,50,5.81882,4.36239,-127.93566,1.18351,-14.62618,26.82172,-29.56839,WES_POW,LEX_LEG,GoMart,Independent,ATL,20250703-GoMart-1,e1621430-5873-11f0-b1d9-47d5dafa46c9,86.41316,,,7.78981,,,,,,,81cc797a-4601-4b1e-8094-3d1dc0b85384,2025-07-04,01:11:56.90,2025-07-03T21:11:56.9060000-04:00,2025-07-04T01:11:56.9060000Z,,v3,525,495,,"Lopez, B.J.",625439,Right,WES_POW,dbb19298-013f-4ce8-b32a-3a0dc8753d4d,55.14011,-129.00879,13.41086,5.7478,2.36653,-14.7842,-2.20767,4.94758,-7.31309,,,,,,,,,,,,,,,,,,,,,,,,,,,,,,,,,,,,,,,,,,,,,,,,,,,High,High,High,,,,,
252,2025-07-03,21:12:11.34,1,5,"Medoro, Brendan",815136,Right,WES_POW,"Riddle, JT",595375,Left,LEX_LEG,Undefined,7,Top,0,2,2,Undefined,Changeup,InPlay,Undefined,GroundBall,Single,0,0,,87.69933,-0.939226,-3.277175,1832.135278,270.575356,3:00,5.67832,1.98083,5.65508,-35.76128,1.00032,17.58647,1.82076,0.38668,80.31767,-7.495937,-0.13491,0.436384,49.22669,-88.246119,-128.065353,,,,,1.98014,1.98014,-12.653907,0.026081,-9.9026,1.09866,-1.71462,50,5.5758,6.54277,-127.21401,-3.38309,-16.19546,26.58159,-30.37723,WES_POW,LEX_LEG,GoMart,Independent,ATL,20250703-GoMart-1,ea1ba910-5873-11f0-b1d9-47d5dafa46c9,86.37455,1.89292,,7.38166,,,,1.96778,1.89292,-0.38814,81cc797a-4601-4b1e-8094-3d1dc0b85384,2025-07-04,01:12:11.34,2025-07-03T21:12:11.3460000-04:00,2025-07-04T01:12:11.3460000Z,GroundBall,v3,525,495,,"Lopez, B.J.",625439,Right,WES_POW,458ee133-c462-4750-9f71-d715c706bed6,54.84592,-128.22258,13.2908,5.68229,-2.23052,-15.18862,-1.97452,7.15726,-8.09773,,1.96782,-1.37022,,,,,,,,1.89465,-72.57757,,,,,,,,-0.3881,-1.74969,,,,,,,,,,,,,,,,,,,,,,,,,,,,,,High,High,High,Estimated,Estimated,,,
253,2025-07-03,21:12:50.28,2,1,"Medoro, Brendan",815136,Right,WES_POW,"Rock, Dylan",676423,Right,LEX_LEG,Undefined,7,Top,0,0,0,Undefined,Sinker,StrikeCalled,Undefined,Undefined,Undefined,0,0,,88.41863,-1.0277,-4.858225,1902.818873,242.274605,2:00,5.70697,2.21303,5.87012,-26.4186,9.5852,16.00206,2.54728,-0.97694,80.6824,-5.945185,-2.000126,0.431863,,,,,,,,,,,,-9.49855,5.55004,-1.82804,50,5.60824,10.19626,-127.99406,-3.18686,-15.74518,26.60384,-22.97406,WES_POW,LEX_LEG,GoMart,Independent,ATL,20250703-GoMart-1,014a42e0-5874-11f0-b1d9-47d5dafa46c9,87.27879,,,7.73623,,,,,,,81cc797a-4601-4b1e-8094-3d1dc0b85384,2025-07-04,01:12:50.28,2025-07-03T21:12:50.2810000-04:00,2025-07-04T01:12:50.2810000Z,,v3,525,495,,"Lopez, B.J.",625439,Right,WES_POW,1321d4eb-d219-4d6f-b241-cb162bc3d0f6,54.62828,-128.95246,13.30192,5.70813,-2.35921,-11.48703,-2.20558,10.76348,-7.87259,,,,,,,,,,,,,,,,,,,,,,,,,,,,,,,,,,,,,,,,,,,,,,,,,,,High,High,High,,,,,
254,2025-07-03,21:13:05.20,2,2,"Medoro, Brendan",815136,Right,WES_POW,"Rock, Dylan",676423,Right,LEX_LEG,Undefined,7,Top,0,0,1,Undefined,Sinker,InPlay,Undefined,FlyBall,Single,0,0,,88.24037,-0.008323,-3.788923,2093.848938,267.191146,3:00,5.72059,2.20291,5.75242,-33.97549,2.03276,19.04666,2.88154,0.25781,81.01775,-6.256807,-0.384738,0.431889,84.32026,19.55725,-0.510092,1901.96658,109.95256,27.66583,3.23007,242.57212,242.57212,4.425884,2.720457,-10.75961,1.34728,-1.90007,50,5.69897,7.68243,-128.03901,-1.23268,-17.92944,25.49668,-29.92896,WES_POW,LEX_LEG,GoMart,Independent,ATL,20250703-GoMart-1,0a315060-5874-11f0-b1d9-47d5dafa46c9,87.27341,28.41171,,7.22262,,,,1.38657,2.86501,-0.24949,81cc797a-4601-4b1e-8094-3d1dc0b85384,2025-07-04,01:13:05.20,2025-07-03T21:13:05.2020000-04:00,2025-07-04T01:13:05.2020000Z,LineDrive,v3,525,495,,"Lopez, B.J.",625439,Right,WES_POW,0ec40f94-e171-4e70-91f8-a2a83b67c96f,54.74925,-128.98127,12.74834,5.72409,-0.12662,-14.96448,-2.19622,8.34503,-8.96472,236.881045,1.38661,116.5286,-15.4837,2.89949,-0.45888,-0.00687,0.03415,-0.0103,0.00111,2.86499,41.39808,-18.13664,1.34878,-0.30717,0.1184,-0.04265,0.00999,-0.00099,-0.24945,-1.04128,5.46744,-1.62884,0.38063,-0.0522,-0.00022,0.00161,-0.00021,,,,,,,,,,,,,,,,,,,,,,,High,High,High,High,Medium,,,
255,2025-07-03,21:13:43.28,3,1,"Medoro, Brendan",815136,Right,WES_POW,"Whalen, Brady",669714,Left,LEX_LEG,Undefined,7,Top,0,0,0,Undefined,Changeup,StrikeCalled,Undefined,Undefined,Undefined,0,0,,88.86706,-0.84296,-4.900514,1735.000567,246.442752,2:15,5.52756,2.38996,5.70198,-28.54277,7.228,13.9869,2.36059,-1.02192,81.35532,-6.113526,-2.410608,0.430463,,,,,,,,,,,,-8.43063,4.24937,-1.98682,50,5.43887,10.42691,-128.65484,-2.90548,-14.16118,26.14564,-25.03624,WES_POW,LEX_LEG,GoMart,Independent,ATL,20250703-GoMart-1,20cc5cc0-5874-11f0-b1d9-47d5dafa46c9,87.56259,,,7.51174,,,,,,,81cc797a-4601-4b1e-8094-3d1dc0b85384,2025-07-04,01:13:43.28,2025-07-03T21:13:43.2860000-04:00,2025-07-04T01:13:43.2860000Z,,v3,525,495,,"Lopez, B.J.",625439,Right,WES_POW,e3cca59c-c266-4ef7-a98f-5869f43afe2a,54.79726,-129.62609,13.07282,5.52953,-1.97545,-12.51812,-2.38393,10.95296,-7.08059,,,,,,,,,,,,,,,,,,,,,,,,,,,,,,,,,,,,,,,,,,,,,,,,,,,High,High,High,,,,,
256,2025-07-03,21:14:00.55,3,2,"Medoro, Brendan",815136,Right,WES_POW,"Whalen, Brady",669714,Left,LEX_LEG,Undefined,7,Top,0,0,1,Undefined,Changeup,StrikeCalled,Undefined,Undefined,Undefined,0,0,,79.08712,1.920549,-2.710119,1292.746858,304.598937,4:15,5.45275,2.33439,5.5185,-51.14168,-6.3167,10.93642,2.98934,0.70991,73.35942,-7.372983,-0.76195,0.481872,,,,,,,,,,,,-6.18465,-3.27591,-2.10581,50,5.58553,5.01348,-114.88645,2.10192,-8.36748,18.83521,-36.60617,WES_POW,LEX_LEG,GoMart,Independent,ATL,20250703-GoMart-1,2b2067c0-5874-11f0-b1d9-47d5dafa46c9,78.22086,,,5.72771,,,,,,,81cc797a-4601-4b1e-8094-3d1dc0b85384,2025-07-04,01:14:00.55,2025-07-03T21:14:00.5580000-04:00,2025-07-04T01:14:00.5580000Z,,v3,525,495,,"Lopez, B.J.",625439,Right,WES_POW,ec49da44-0485-4ea5-9a05-a29eac6163ae,54.98447,-115.70075,9.4176,5.46045,3.68451,-18.30308,-2.33038,5.37523,-4.18374,,,,,,,,,,,,,,,,,,,,,,,,,,,,,,,,,,,,,,,,,,,,,,,,,,,High,High,High,,,,,
257,2025-07-03,21:14:19.86,3,3,"Medoro, Brendan",815136,Right,WES_POW,"Whalen, Brady",669714,Left,LEX_LEG,Undefined,7,Top,0,0,2,Undefined,Changeup,InPlay,Undefined,LineDrive,Double,0,1,,81.00948,0.156267,-4.573039,1214.233125,290.394488,3:45,5.54717,2.33157,5.43894,-46.4679,-3.43516,12.49859,1.82165,-0.91814,75.16942,-8.262089,-2.354958,0.47214,102.73317,14.713014,33.073,1759.93455,90.10258,25.74457,63.09927,324.53124,311.77344,39.370936,3.160339,-7.49241,-1.48476,-1.9354,50,5.5282,8.90798,-117.47316,-1.29849,-10.58432,19.97342,-34.27156,WES_POW,LEX_LEG,GoMart,Independent,ATL,20250703-GoMart-1,36b668a0-5874-11f0-b1d9-47d5dafa46c9,79.83315,31.83516,,5.84006,,,,2.44559,2.29032,0.89949,81cc797a-4601-4b1e-8094-3d1dc0b85384,2025-07-04,01:14:19.86,2025-07-03T21:14:19.8660000-04:00,2025-07-04T01:14:19.8660000Z,LineDrive,v3,525,495,,"Lopez, B.J.",625439,Right,WES_POW,9d34fa9b-5940-4dd9-ac59-b0966fecb1fd,55.06419,-118.33106,9.98671,5.55236,0.17356,-17.13578,-2.32779,9.3626,-5.29216,,2.44583,122.11408,-25.18942,6.14732,-1.34498,0.30299,-0.06788,0.01085,-0.00078,2.28998,38.27974,-11.87931,-0.71094,0.40463,-0.17012,0.05647,-0.01062,0.00083,0.8994,79.53123,-7.12099,1.09079,-0.10446,-0.01166,0.00916,-0.00204,0.00017,,,,,,,,,,,,,,,,,,,,,,,High,High,High,Medium,Medium,,,
258,2025-07-03,21:15:08.97,4,1,"Medoro, Brendan",815136,Right,WES_POW,"Terry, Curtis",663799,Right,LEX_LEG,Undefined,7,Top,0,0,0,Undefined,Changeup,BallCalled,Undefined,Undefined,Undefined,0,0,,87.36684,-1.921932,-2.58484,1811.176876,255.10456,2:30,5.74405,2.14742,5.77861,-31.02132,5.51422,16.69993,1.36817,1.13236,80.76991,-7.620422,0.408241,0.43504,,,,,,,,,,,,-9.24626,3.61862,-1.94443,50,5.56631,5.0477,-126.88191,-5.33585,-15.18379,24.17759,-26.23174,WES_POW,LEX_LEG,GoMart,Independent,ATL,20250703-GoMart-1,53f82f70-5874-11f0-b1d9-47d5dafa46c9,86.64131,,,6.59693,,,,,,,81cc797a-4601-4b1e-8094-3d1dc0b85384,2025-07-04,01:15:08.97,2025-07-03T21:15:08.9710000-04:00,2025-07-04T01:15:08.9710000Z,,v3,525,495,,"Lopez, B.J.",625439,Right,WES_POW,8cd2676d-a803-4992-8d3b-45d8befd13a8,54.72301,-127.77872,12.0888,5.74618,-4.36284,-13.11587,-2.1421,5.61091,-7.59189,,,,,,,,,,,,,,,,,,,,,,,,,,,,,,,,,,,,,,,,,,,,,,,,,,,High,High,High,,,,,
259,2025-07-03,21:15:23.91,4,2,"Medoro, Brendan",815136,Right,WES_POW,"Terry, Curtis",663799,Right,LEX_LEG,Undefined,7,Top,0,1,0,Undefined,Changeup,BallCalled,Undefined,Undefined,Undefined,0,0,,87.97177,-2.859438,-2.980085,1804.680381,249.225615,2:15,5.63098,2.20621,5.81021,-28.92568,7.17737,16.068,0.55568,0.77151,81.27796,-8.176817,-0.099516,0.432458,,,,,,,,,,,,-9.10382,4.71299,-1.97185,50,5.37861,6.00011,-127.62975,-7.371,-15.10446,24.82675,-24.35456,WES_POW,LEX_LEG,GoMart,Independent,ATL,20250703-GoMart-1,5ce04e60-5874-11f0-b1d9-47d5dafa46c9,87.15871,,,6.69381,,,,,,,81cc797a-4601-4b1e-8094-3d1dc0b85384,2025-07-04,01:15:23.91,2025-07-03T21:15:23.9130000-04:00,2025-07-04T01:15:23.9130000Z,,v3,525,495,,"Lopez, B.J.",625439,Right,WES_POW,4ef4f799-b9ba-4558-84ec-881b1595521e,54.69189,-128.53919,12.41337,5.63228,-6.47887,-12.17728,-2.20178,6.55341,-7.55223,,,,,,,,,,,,,,,,,,,,,,,,,,,,,,,,,,,,,,,,,,,,,,,,,,,High,High,High,,,,,
260,2025-07-03,21:15:42.24,4,3,"Medoro, Brendan",815136,Right,WES_POW,"Terry, Curtis",663799,Right,LEX_LEG,Undefined,7,Top,0,2,0,Undefined,Changeup,StrikeSwinging,Undefined,Undefined,Undefined,0,0,,87.99923,-0.415207,-3.031905,1821.980435,252.049202,2:30,5.63504,2.21887,5.72257,-30.5623,5.80996,14.35859,2.70089,0.58875,80.4671,-6.06263,-0.465194,0.434067,,,,,,,,,,,,-8.13122,3.43059,-1.97437,50,5.58153,6.14631,-127.66968,-2.00231,-13.41352,26.41232,-26.51484,WES_POW,LEX_LEG,GoMart,Independent,ATL,20250703-GoMart-1,67cf60e0-5874-11f0-b1d9-47d5dafa46c9,86.83559,,,7.53213,,,,,,,81cc797a-4601-4b1e-8094-3d1dc0b85384,2025-07-04,01:15:42.24,2025-07-03T21:15:42.2470000-04:00,2025-07-04T01:15:42.2470000Z,,v3,525,495,,"Lopez, B.J.",625439,Right,WES_POW,7cc23035-28b6-42be-812c-de838bb35b81,54.77638,-128.65402,13.20616,5.63774,-1.01414,-13.25742,-2.21275,6.64621,-6.70676,,,,,,,,,,,,,,,,,,,,,,,,,,,,,,,,,,,,,,,,,,,,,,,,,,,High,High,High,,,,,
261,2025-07-03,21:15:59.84,4,4,"Medoro, Brendan",815136,Right,WES_POW,"Terry, Curtis",663799,Right,LEX_LEG,Undefined,7,Top,0,2,1,Undefined,Changeup,StrikeCalled,Undefined,Undefined,Undefined,0,0,,88.4866,-0.247253,-2.997988,1695.743509,256.685413,2:30,5.68703,2.21943,5.57427,-31.79762,4.36221,13.5917,2.80597,0.54932,80.94175,-6.097338,-0.574832,0.432797,,,,,,,,,,,,-7.76426,2.59236,-1.97046,50,5.64476,6.14193,-128.38149,-1.70835,-12.95014,26.73116,-27.85019,WES_POW,LEX_LEG,GoMart,Independent,ATL,20250703-GoMart-1,724a7be0-5874-11f0-b1d9-47d5dafa46c9,87.09029,,,7.54485,,,,,,,81cc797a-4601-4b1e-8094-3d1dc0b85384,2025-07-04,01:15:59.84,2025-07-03T21:15:59.8420000-04:00,2025-07-04T01:15:59.8420000Z,,v3,525,495,,"Lopez, B.J.",625439,Right,WES_POW,ff331ea4-6ee3-4f6c-9a7f-9eef671e7d23,54.92613,-129.40312,13.36558,5.68971,-0.64394,-13.92509,-2.21466,6.63687,-6.47507,,,,,,,,,,,,,,,,,,,,,,,,,,,,,,,,,,,,,,,,,,,,,,,,,,,High,High,High,,,,,
262,2025-07-03,21:16:19.33,4,5,"Medoro, Brendan",815136,Right,WES_POW,"Terry, Curtis",663799,Right,LEX_LEG,Undefined,7,Top,0,2,2,Undefined,Sinker,FoulBallNotFieldable,Undefined,Undefined,Undefined,0,0,,88.4614,-0.447442,-3.56629,1910.219609,250.515374,2:15,5.63799,2.11216,5.77681,-29.16675,6.67292,15.71832,2.79027,0.09932,81.08157,-5.84282,-0.755964,0.430877,,,,,,,,,,,,-9.01095,3.84965,-1.82713,50,5.58329,7.33945,-128.34259,-2.01686,-15.06685,25.94813,-25.73723,WES_POW,LEX_LEG,GoMart,Independent,ATL,20250703-GoMart-1,7de537b0-5874-11f0-b1d9-47d5dafa46c9,87.47844,,,7.37983,,,,,,,81cc797a-4601-4b1e-8094-3d1dc0b85384,2025-07-04,01:16:19.33,2025-07-03T21:16:19.3350000-04:00,2025-07-04T01:16:19.3350000Z,,v3,525,495,,"Lopez, B.J.",625439,Right,WES_POW,555f3a18-cae8-4203-807d-6883e5b1b778,54.72359,-129.29407,12.97407,5.63994,-1.07312,-12.86861,-2.10639,7.89193,-7.53343,,,,,,,,,,,,,,,,,,,,,,,,,,,,,,,,,,,,,,,,,,,,,,,,,,,High,High,High,,,,,
263,2025-07-03,21:16:49.12,4,6,"Medoro, Brendan",815136,Right,WES_POW,"Terry, Curtis",663799,Right,LEX_LEG,Undefined,7,Top,0,2,2,Undefined,Changeup,BallCalled,Undefined,Undefined,Undefined,0,0,,88.80114,-1.562837,-3.838326,1869.148085,240.058819,2:00,5.65754,2.09147,5.79754,-26.2897,9.3293,14.24528,2.00946,-0.29691,81.37934,-6.438715,-1.291454,0.429548,94.37309,10.543303,40.947067,4508.597537,78.74479,15.78482,76.80614,231.51956,218.19063,48.801692,2.31697,-8.35205,5.52288,-1.7843,50,5.513,8.04008,-128.73439,-4.41378,-14.03738,26.34187,-22.89169,WES_POW,LEX_LEG,GoMart,Independent,ATL,20250703-GoMart-1,8fa85630-5874-11f0-b1d9-47d5dafa46c9,87.74898,16.13201,,7.4218,,,,0.45121,2.13172,0.15866,81cc797a-4601-4b1e-8094-3d1dc0b85384,2025-07-04,01:16:49.12,2025-07-03T21:16:49.1270000-04:00,2025-07-04T01:16:49.1270000Z,LineDrive,v3,525,495,,"Lopez, B.J.",625439,Right,WES_POW,c8828cf6-0a46-4c94-b745-b9f8889a686f,54.70246,-129.69305,13.17094,5.65847,-3.58068,-11.44585,-2.0862,8.55094,-7.01869,,0.45121,102.78115,-24.38772,5.50211,-1.2463,0.27456,-0.05352,0.00748,-0.00052,2.13172,25.3256,-11.42195,-0.13335,0.1378,-0.04481,0.01047,-0.00141,9E-05,0.15866,89.17922,-8.83125,1.75204,-0.35469,0.07165,-0.01352,0.00188,-0.00013,,,,,,,,,,,,,,,,,,,,,,,High,High,High,High,Medium,,,
264,2025-07-03,21:17:11.43,4,7,"Medoro, Brendan",815136,Right,WES_POW,"Terry, Curtis",663799,Right,LEX_LEG,Undefined,7,Top,0,3,2,Undefined,Changeup,FoulBallNotFieldable,Undefined,Undefined,Undefined,0,0,,88.36873,-2.244193,-2.642819,1843.553069,255.702409,2:30,5.68049,2.09281,5.76087,-30.63659,5.54055,17.04595,1.03532,1.05171,80.78184,-7.890944,0.411595,0.432901,,,,,,,,,,,,-9.55138,3.80614,-1.88461,50,5.47559,5.20909,-128.15166,-6.09472,-15.79771,27.82394,-25.87878,WES_POW,LEX_LEG,GoMart,Independent,ATL,20250703-GoMart-1,9cf30bf0-5874-11f0-b1d9-47d5dafa46c9,87.06944,,,7.5869,,,,,,,81cc797a-4601-4b1e-8094-3d1dc0b85384,2025-07-04,01:17:11.43,2025-07-03T21:17:11.4350000-04:00,2025-07-04T01:17:11.4350000Z,,v3,525,495,,"Lopez, B.J.",625439,Right,WES_POW,910ddf08-17c1-463d-97cc-842c83c70222,54.73981,-129.17666,13.91197,5.68256,-5.14138,-12.93939,-2.08722,5.79106,-7.89886,,,,,,,,,,,,,,,,,,,,,,,,,,,,,,,,,,,,,,,,,,,,,,,,,,,High,High,High,,,,,
265,2025-07-03,21:17:28.57,4,8,"Medoro, Brendan",815136,Right,WES_POW,"Terry, Curtis",663799,Right,LEX_LEG,Undefined,7,Top,0,3,2,Undefined,Changeup,InPlay,Undefined,FlyBall,Sacrifice,1,1,,82.02166,-1.030582,-3.656061,1550.403558,251.200947,2:15,5.50896,2.44797,5.87887,-39.82364,2.43543,2.73295,1.23116,-0.72432,74.43705,-8.375702,-3.166433,0.467877,87.78181,34.012728,-6.448283,3702.97783,109.74323,66.18083,-7.50567,302.47465,300.0004,0.563293,5.004735,-2.5937,1.97913,-2.15389,50,5.40254,7.48459,-118.77948,-3.42761,-3.64722,26.08792,-29.39103,WES_POW,LEX_LEG,GoMart,Independent,ATL,20250703-GoMart-1,a72c3bf0-5874-11f0-b1d9-47d5dafa46c9,80.56064,84.25373,,7.58461,,,,2.21526,1.42874,0.66697,81cc797a-4601-4b1e-8094-3d1dc0b85384,2025-07-04,01:17:28.57,2025-07-03T21:17:28.5780000-04:00,2025-07-04T01:17:28.5780000Z,FlyBall,v3,525,495,,"Lopez, B.J.",625439,Right,WES_POW,e17e91a3-2c3d-4545-b6ec-1ffc3d53d0dc,54.61957,-119.78979,13.04396,5.51324,-2.28938,-14.69552,-2.44649,7.62583,-1.82361,193.889219,2.21511,106.05028,-21.46252,5.14354,-1.07847,0.21246,-0.0368,0.00428,-0.00022,1.43132,71.96005,-17.20507,0.71635,0.09498,-0.09944,0.03006,-0.00412,0.00021,0.66698,-11.98646,5.6943,-1.33972,0.28321,-0.05823,0.0106,-0.00127,7E-05,,,,,,,,,,,,,,,,,,,,,,,High,High,High,High,High,,,
266,2025-07-03,21:18:13.42,5,1,"Medoro, Brendan",815136,Right,WES_POW,"Gonzalez, Pedro",660639,Right,LEX_LEG,Undefined,7,Top,1,0,0,Undefined,Changeup,StrikeCalled,Undefined,Undefined,Undefined,0,0,,88.25121,-0.107645,-4.004826,1865.45503,254.219681,2:30,5.84121,2.14429,5.65373,-30.15202,6.43,18.30647,3.22791,-0.07133,80.01187,-5.694052,-0.741703,0.435317,,,,,,,,,,,,-10.5504,3.64075,-1.81668,50,5.81297,8.16741,-127.82754,-1.30137,-17.3101,28.41266,-26.20064,WES_POW,LEX_LEG,GoMart,Independent,ATL,20250703-GoMart-1,c1e9c8e0-5874-11f0-b1d9-47d5dafa46c9,86.58625,,,8.23934,,,,,,,81cc797a-4601-4b1e-8094-3d1dc0b85384,2025-07-04,01:18:13.42,2025-07-03T21:18:13.4250000-04:00,2025-07-04T01:18:13.4250000Z,,v3,525,495,,"Lopez, B.J.",625439,Right,WES_POW,681fbee7-6645-46a0-aa01-60e0eac3ce8a,54.84602,-128.90018,14.20633,5.84342,-0.31224,-13.10032,-2.13736,8.8209,-8.65505,,,,,,,,,,,,,,,,,,,,,,,,,,,,,,,,,,,,,,,,,,,,,,,,,,,High,High,High,,,,,
267,2025-07-03,21:18:37.04,5,2,"Medoro, Brendan",815136,Right,WES_POW,"Gonzalez, Pedro",660639,Right,LEX_LEG,Undefined,7,Top,1,0,1,Undefined,Changeup,StrikeCalled,Undefined,Undefined,Undefined,0,0,,88.1741,-0.224801,-4.10181,1779.341365,243.08743,2:00,5.68985,1.98868,5.9002,-27.47313,8.63906,14.70442,3.19119,-0.60033,80.37453,-5.342386,-1.47032,0.432512,,,,,,,,,,,,-8.66863,4.84335,-1.66668,50,5.65604,8.54444,-127.78788,-1.42017,-14.30605,26.81304,-24.18095,WES_POW,LEX_LEG,GoMart,Independent,ATL,20250703-GoMart-1,d0042ab0-5874-11f0-b1d9-47d5dafa46c9,87.1477,,,7.79957,,,,,,,81cc797a-4601-4b1e-8094-3d1dc0b85384,2025-07-04,01:18:37.04,2025-07-03T21:18:37.0450000-04:00,2025-07-04T01:18:37.0450000Z,,v3,525,495,,"Lopez, B.J.",625439,Right,WES_POW,cc200cd1-4677-4f04-a8f9-aac747af17e1,54.59837,-128.74911,13.40652,5.69142,-0.55329,-12.09048,-1.98219,9.0573,-7.15303,,,,,,,,,,,,,,,,,,,,,,,,,,,,,,,,,,,,,,,,,,,,,,,,,,,High,High,High,,,,,
268,2025-07-03,21:18:56.48,5,3,"Medoro, Brendan",815136,Right,WES_POW,"Gonzalez, Pedro",660639,Right,LEX_LEG,Undefined,7,Top,1,0,2,Undefined,Changeup,BallCalled,Undefined,Undefined,Undefined,0,0,,89.4167,0.76305,-4.419038,1764.851792,250.919387,2:15,5.75479,2.06917,5.69835,-28.52675,6.80166,16.41969,4.09078,-0.68864,81.55821,-4.518697,-1.494272,0.427793,,,,,,,,,,,,-9.52347,3.59036,-1.70786,50,5.80131,9.2887,-129.52764,0.71613,-16.19472,26.8133,-26.06866,WES_POW,LEX_LEG,GoMart,Independent,ATL,20250703-GoMart-1,db790f00-5874-11f0-b1d9-47d5dafa46c9,88.10911,,,7.85849,,,,,,,81cc797a-4601-4b1e-8094-3d1dc0b85384,2025-07-04,01:18:56.48,2025-07-03T21:18:56.4840000-04:00,2025-07-04T01:18:56.4840000Z,,v3,525,495,,"Lopez, B.J.",625439,Right,WES_POW,0150baea-ee4e-44c4-bc5e-4cebb9c8ea15,54.80073,-130.51765,13.40665,5.7571,1.67865,-13.03433,-2.06186,9.88665,-8.09736,,,,,,,,,,,,,,,,,,,,,,,,,,,,,,,,,,,,,,,,,,,,,,,,,,,High,High,High,,,,,
269,2025-07-03,21:19:16.17,5,4,"Medoro, Brendan",815136,Right,WES_POW,"Gonzalez, Pedro",660639,Right,LEX_LEG,Undefined,7,Top,1,1,2,Undefined,Slider,StrikeSwinging,Strikeout,Undefined,Undefined,0,0,,79.78572,0.105621,-2.605521,1440.374052,99.538392,9:15,5.40152,2.37704,5.67783,-42.96577,2.27665,-3.41406,1.9196,-0.33806,71.84684,-7.823999,-3.215428,0.48411,,,,,,,,,,,,0.83169,1.61866,-2.15512,50,5.38382,5.39175,-115.52034,-1.19086,1.09836,26.07883,-30.03643,WES_POW,LEX_LEG,GoMart,Independent,ATL,20250703-GoMart-1,e75603f0-5874-11f0-b1d9-47d5dafa46c9,77.85919,,,7.93888,,,,,,,81cc797a-4601-4b1e-8094-3d1dc0b85384,2025-07-04,01:19:16.17,2025-07-03T21:19:16.1780000-04:00,2025-07-04T01:19:16.1780000Z,,v3,525,495,,"Lopez, B.J.",625439,Right,WES_POW,fcba483b-7b95-4d58-bf03-9b6ec4aa4dfc,54.81811,-116.60296,13.03941,5.40738,0.05605,-15.01822,-2.37801,5.34615,0.54918,,,,,,,,,,,,,,,,,,,,,,,,,,,,,,,,,,,,,,,,,,,,,,,,,,,High,High,High,,,,,
270,2025-07-03,21:19:45.82,6,1,"Medoro, Brendan",815136,Right,WES_POW,"Washington, Xane",1000026055,Right,LEX_LEG,Undefined,7,Top,2,0,0,Undefined,Changeup,StrikeCalled,Undefined,Undefined,Undefined,0,0,,77.07843,2.262624,-3.006895,1153.199483,306.541335,4:15,5.53198,2.2317,5.49936,-54.07688,-6.68445,10.82863,3.14591,0.31905,71.31305,-7.565002,-1.079639,0.49548,,,,,,,,,,,,-6.22004,-3.52902,-1.97622,50,5.69319,5.46511,-111.88486,2.61396,-7.95929,18.39366,-36.68985,WES_POW,LEX_LEG,GoMart,Independent,ATL,20250703-GoMart-1,f8f0d9f0-5874-11f0-b1d9-47d5dafa46c9,76.07263,,,5.76538,,,,,,,81cc797a-4601-4b1e-8094-3d1dc0b85384,2025-07-04,01:19:45.82,2025-07-03T21:19:45.8230000-04:00,2025-07-04T01:19:45.8230000Z,,v3,525,495,,"Lopez, B.J.",625439,Right,WES_POW,d180099a-6184-44cb-82f0-015ad3a412a6,55.00348,-112.70442,9.19683,5.5403,4.24874,-18.34492,-2.22762,5.81975,-3.97964,,,,,,,,,,,,,,,,,,,,,,,,,,,,,,,,,,,,,,,,,,,,,,,,,,,High,High,High,,,,,
271,2025-07-03,21:20:04.27,6,2,"Medoro, Brendan",815136,Right,WES_POW,"Washington, Xane",1000026055,Right,LEX_LEG,Undefined,7,Top,2,0,1,Undefined,Changeup,BallCalled,Undefined,Undefined,Undefined,0,0,,87.45398,1.314828,-2.78676,2045.051816,264.781287,2:45,5.65325,2.20389,5.52065,-34.13703,2.89075,19.07277,4.03949,1.18572,79.96177,-4.958441,0.609413,0.437961,,,,,,,,,,,,-10.35564,1.46047,-1.97419,50,5.74502,5.34164,-126.89223,1.6609,-16.91262,25.55869,-29.78882,WES_POW,LEX_LEG,GoMart,Independent,ATL,20250703-GoMart-1,03de65d0-5875-11f0-b1d9-47d5dafa46c9,86.06347,,,7.49221,,,,,,,81cc797a-4601-4b1e-8094-3d1dc0b85384,2025-07-04,01:20:04.27,2025-07-03T21:20:04.2790000-04:00,2025-07-04T01:20:04.2790000Z,,v3,525,495,,"Lopez, B.J.",625439,Right,WES_POW,85926611-3117-4ae7-8c7d-48a7c5db6f8a,54.97951,-127.89128,12.77934,5.65734,2.82529,-14.89441,-2.19591,6.00272,-8.45631,,,,,,,,,,,,,,,,,,,,,,,,,,,,,,,,,,,,,,,,,,,,,,,,,,,High,High,High,,,,,
272,2025-07-03,21:20:19.61,6,3,"Medoro, Brendan",815136,Right,WES_POW,"Washington, Xane",1000026055,Right,LEX_LEG,Undefined,7,Top,2,1,1,Undefined,Changeup,BallCalled,Undefined,Undefined,Undefined,0,0,,87.39879,1.051308,-3.157944,1841.505443,250.731352,2:15,5.74262,2.15397,5.60393,-29.51045,7.40209,17.94225,4.26643,0.6982,79.98522,-4.40386,0.039549,0.437279,,,,,,,,,,,,-9.90134,3.81504,-1.89526,50,5.81367,6.22049,-126.80281,1.29067,-16.18072,25.02896,-25.93951,WES_POW,LEX_LEG,GoMart,Independent,ATL,20250703-GoMart-1,0d071030-5875-11f0-b1d9-47d5dafa46c9,86.19773,,,7.41357,,,,,,,81cc797a-4601-4b1e-8094-3d1dc0b85384,2025-07-04,01:20:19.61,2025-07-03T21:20:19.6130000-04:00,2025-07-04T01:20:19.6130000Z,,v3,525,495,,"Lopez, B.J.",625439,Right,WES_POW,e0acc5f9-deff-4de7-ba3c-b0617300420f,54.89575,-127.7655,12.51448,5.74484,2.28838,-12.96975,-2.14649,6.84285,-8.09036,,,,,,,,,,,,,,,,,,,,,,,,,,,,,,,,,,,,,,,,,,,,,,,,,,,High,High,High,,,,,
273,2025-07-03,21:20:37.88,6,4,"Medoro, Brendan",815136,Right,WES_POW,"Washington, Xane",1000026055,Right,LEX_LEG,Undefined,7,Top,2,2,1,Undefined,Changeup,StrikeSwinging,Undefined,Undefined,Undefined,0,0,,79.47342,-0.040913,-4.756725,1225.343434,292.483236,3:45,5.45766,2.21849,5.49779,-47.81711,-3.17949,10.7117,1.4345,-1.34837,73.84259,-8.703917,-2.854388,0.480864,,,,,,,,,,,,-6.63941,-1.29374,-1.80935,50,5.42106,9.18061,-115.22106,-1.70245,-9.02299,19.21877,-33.93224,WES_POW,LEX_LEG,GoMart,Independent,ATL,20250703-GoMart-1,180a9510-5875-11f0-b1d9-47d5dafa46c9,78.38487,,,5.63082,,,,,,,81cc797a-4601-4b1e-8094-3d1dc0b85384,2025-07-04,01:20:37.88,2025-07-03T21:20:37.8890000-04:00,2025-07-04T01:20:37.8890000Z,,v3,525,495,,"Lopez, B.J.",625439,Right,WES_POW,ac5b313c-1a60-4c78-8ef4-1d52aba1c594,55.00518,-116.05292,9.60939,5.46296,-0.23375,-16.96612,-2.21518,9.57116,-4.5115,,,,,,,,,,,,,,,,,,,,,,,,,,,,,,,,,,,,,,,,,,,,,,,,,,,High,High,High,,,,,
274,2025-07-03,21:21:12.48,6,5,"Medoro, Brendan",815136,Right,WES_POW,"Washington, Xane",1000026055,Right,LEX_LEG,Undefined,7,Top,2,2,2,Undefined,Splitter,InPlay,Undefined,GroundBall,Out,1,0,,78.79704,1.201511,-2.417839,1087.233456,294.568586,3:45,5.43238,2.31844,5.60286,-48.68841,-3.19567,10.07745,2.49782,0.89977,72.36168,-7.69771,-0.618521,0.485448,89.92516,-6.763737,-5.596139,,,,,19.40121,18.72511,-8.238622,0.143788,-5.795,-1.55874,-2.11815,50,5.5035,4.44386,-114.38558,0.77906,-7.67682,21.12414,-34.23898,WES_POW,LEX_LEG,GoMart,Independent,ATL,20250703-GoMart-1,2cab7f20-5875-11f0-b1d9-47d5dafa46c9,77.6447,2.46293,,6.43535,,,,0.76883,2.46293,-0.92031,81cc797a-4601-4b1e-8094-3d1dc0b85384,2025-07-04,01:21:12.48,2025-07-03T21:21:12.4850000-04:00,2025-07-04T01:21:12.4850000Z,GroundBall,v3,525,495,,"Lopez, B.J.",625439,Right,WES_POW,6dcab48c-5cf5-48e2-ac3c-58561c8a3c87,54.89822,-115.28661,10.56207,5.43912,2.23949,-17.11949,-2.31468,4.77131,-3.83841,139.193247,0.76914,130.31939,-14.84278,,,,,,,2.46297,-15.5371,-11.07413,,,,,,,-0.92026,-12.77583,-1.10667,,,,,,,,,,,,,,,,,,,,,,,,,,,,,High,High,High,High,High,,,
275,2025-07-03,21:23:53.80,1,1,"Higgins, Connor",676337,Left,LEX_LEG,"Barnum, Keon",621572,Left,WES_POW,Undefined,7,Bottom,0,0,0,Undefined,Curveball,BallCalled,Undefined,Undefined,Undefined,0,0,,78.81035,-3.951091,4.346101,3261.828397,18.687904,6:30,6.41828,-1.14725,4.83758,-48.67168,-1.59973,-1.01764,-1.39566,2.8911,73.53384,-12.553519,4.166949,0.493802,,,,,,,,,,,,1.69327,0.49256,0.71735,50,5.98311,-8.61336,-113.85853,-9.637,2.2285,20.40079,-31.52578,WES_POW,LEX_LEG,GoMart,Independent,ATL,20250703-GoMart-1,8cc9aad0-5875-11f0-b1d9-47d5dafa46c9,76.33114,,,5.27651,,,,,,,81cc797a-4601-4b1e-8094-3d1dc0b85384,2025-07-04,01:23:53.80,2025-07-03T21:23:53.8000000-04:00,2025-07-04T01:23:53.8000000Z,,v3,525,495,,"Quiroz, Isaias",657728,Right,LEX_LEG,c4e7a96a-1f4e-4c24-92e6-fab50c93b409,55.66551,-114.86917,10.20039,6.42183,-8.07524,-15.76289,1.14678,-8.72376,1.11425,,,,,,,,,,,,,,,,,,,,,,,,,,,,,,,,,,,,,,,,,,,,,,,,,,,High,High,High,,,,,
276,2025-07-03,21:24:17.75,1,2,"Higgins, Connor",676337,Left,LEX_LEG,"Barnum, Keon",621572,Left,WES_POW,Undefined,7,Bottom,0,1,0,Undefined,Four-Seam,StrikeCalled,Undefined,Undefined,Undefined,0,0,,91.39409,-2.709021,2.244819,2175.314764,170.920856,11:45,6.54129,-0.8936,5.81991,-18.90048,14.4715,-2.15425,2.44375,1.01504,84.27769,-6.238257,1.858973,0.415779,,,,,,,,,,,,1.67165,8.39477,0.71115,50,6.3081,-5.10532,-132.62563,-6.89683,3.00138,26.23043,-17.10175,WES_POW,LEX_LEG,GoMart,Independent,ATL,20250703-GoMart-1,9af8a610-5875-11f0-b1d9-47d5dafa46c9,90.65498,,,7.11641,,,,,,,81cc797a-4601-4b1e-8094-3d1dc0b85384,2025-07-04,01:24:17.75,2025-07-03T21:24:17.7560000-04:00,2025-07-04T01:24:17.7560000Z,,v3,525,495,,"Quiroz, Isaias",657728,Right,LEX_LEG,36b49b4a-5033-4d1d-b1d5-3b23eca2c02d,54.67872,-133.54777,13.11522,6.54,-6.29561,-8.55087,0.89249,-5.21083,1.50069,,,,,,,,,,,,,,,,,,,,,,,,,,,,,,,,,,,,,,,,,,,,,,,,,,,High,High,High,,,,,
277,2025-07-03,21:24:30.71,1,3,"Higgins, Connor",676337,Left,LEX_LEG,"Barnum, Keon",621572,Left,WES_POW,Undefined,7,Bottom,0,1,1,Undefined,Four-Seam,BallCalled,Undefined,Undefined,Undefined,0,0,,92.41444,-4.007335,2.048713,2203.459765,174.437753,11:45,6.52087,-0.70914,5.74447,-15.01414,17.82741,-1.63862,1.53015,1.06259,85.13283,-6.831086,1.755637,0.412462,,,,,,,,,,,,1.36496,10.43505,0.53981,50,6.1779,-4.71873,-133.92631,-9.85336,2.49628,27.04799,-13.09035,WES_POW,LEX_LEG,GoMart,Independent,ATL,20250703-GoMart-1,a2c85020-5875-11f0-b1d9-47d5dafa46c9,91.38412,,,7.28161,,,,,,,81cc797a-4601-4b1e-8094-3d1dc0b85384,2025-07-04,01:24:30.71,2025-07-03T21:24:30.7180000-04:00,2025-07-04T01:24:30.7180000Z,,v3,525,495,,"Quiroz, Isaias",657728,Right,LEX_LEG,9ec60b1c-a945-4911-9aee-6f9f8bbad642,54.75455,-134.88313,13.52399,6.51827,-9.39029,-6.54517,0.70829,-4.80704,1.24814,,,,,,,,,,,,,,,,,,,,,,,,,,,,,,,,,,,,,,,,,,,,,,,,,,,High,High,High,,,,,
278,2025-07-03,21:24:45.51,1,4,"Higgins, Connor",676337,Left,LEX_LEG,"Barnum, Keon",621572,Left,WES_POW,Undefined,7,Bottom,0,2,1,Undefined,Four-Seam,StrikeSwinging,Undefined,Undefined,Undefined,0,0,,92.46904,-3.092592,1.709712,2284.218059,161.975723,11:30,6.4859,-0.95419,5.73659,-17.03981,15.68855,-4.78414,2.18203,0.23968,85.17368,-6.283761,0.853651,0.41175,,,,,,,,,,,,2.87571,9.09347,0.81477,50,6.21763,-3.79266,-134.16334,-7.80676,5.27933,27.06099,-15.47988,WES_POW,LEX_LEG,GoMart,Independent,ATL,20250703-GoMart-1,ab9ff450-5875-11f0-b1d9-47d5dafa46c9,91.54204,,,7.29536,,,,,,,81cc797a-4601-4b1e-8094-3d1dc0b85384,2025-07-04,01:24:45.51,2025-07-03T21:24:45.5170000-04:00,2025-07-04T01:24:45.5170000Z,,v3,525,495,,"Quiroz, Isaias",657728,Right,LEX_LEG,1cd20f39-1a13-49d6-85c6-e0a45c243ef3,54.76225,-135.12048,13.5305,6.48407,-7.25924,-7.73994,0.95222,-3.97939,2.63967,,,,,,,,,,,,,,,,,,,,,,,,,,,,,,,,,,,,,,,,,,,,,,,,,,,High,High,High,,,,,
279,2025-07-03,21:25:01.91,1,5,"Higgins, Connor",676337,Left,LEX_LEG,"Barnum, Keon",621572,Left,WES_POW,Undefined,7,Bottom,0,2,2,Undefined,Four-Seam,BallCalled,Undefined,Undefined,Undefined,0,0,,92.81802,-2.957587,2.504073,2263.005852,183.615774,12:00,6.45581,-0.68708,5.78741,-15.09154,17.50938,1.04158,2.44164,1.73076,85.07499,-5.811936,2.690345,0.410947,,,,,,,,,,,,0.15024,10.04197,0.48007,50,6.2027,-5.93071,-134.55054,-7.41783,0.27601,28.5708,-13.72316,WES_POW,LEX_LEG,GoMart,Independent,ATL,20250703-GoMart-1,b547b9c0-5875-11f0-b1d9-47d5dafa46c9,91.72081,,,7.74303,,,,,,,81cc797a-4601-4b1e-8094-3d1dc0b85384,2025-07-04,01:25:01.91,2025-07-03T21:25:01.9190000-04:00,2025-07-04T01:25:01.9190000Z,,v3,525,495,,"Quiroz, Isaias",657728,Right,LEX_LEG,137daa7f-d35f-4f06-ae6e-461924ceb770,54.71035,-135.54706,14.2854,6.45308,-6.93918,-6.86158,0.68709,-5.94033,0.13801,,,,,,,,,,,,,,,,,,,,,,,,,,,,,,,,,,,,,,,,,,,,,,,,,,,High,High,High,,,,,
280,2025-07-03,21:25:19.07,1,6,"Higgins, Connor",676337,Left,LEX_LEG,"Barnum, Keon",621572,Left,WES_POW,Undefined,7,Bottom,0,3,2,Undefined,Four-Seam,BallCalled,Walk,Undefined,Undefined,0,0,,90.03065,-3.644463,2.882665,2152.64689,181.581997,12:00,6.48566,-0.89937,5.94175,-17.96851,16.37521,0.42374,1.59878,1.81219,83.06923,-7.007292,2.958648,0.421789,,,,,,,,,,,,0.52319,9.66441,0.66927,50,6.1843,-6.58791,-130.47662,-8.86999,0.90867,25.53264,-15.38937,WES_POW,LEX_LEG,GoMart,Independent,ATL,20250703-GoMart-1,bf815ef0-5875-11f0-b1d9-47d5dafa46c9,89.36331,,,6.96143,,,,,,,81cc797a-4601-4b1e-8094-3d1dc0b85384,2025-07-04,01:25:19.07,2025-07-03T21:25:19.0770000-04:00,2025-07-04T01:25:19.0770000Z,,v3,525,495,,"Quiroz, Isaias",657728,Right,LEX_LEG,25c51ccd-cd82-48b3-91d7-de3916b1c925,54.5567,-131.36528,12.76632,6.4837,-8.33436,-7.69468,0.89911,-6.61954,0.45433,,,,,,,,,,,,,,,,,,,,,,,,,,,,,,,,,,,,,,,,,,,,,,,,,,,High,High,High,,,,,
281,2025-07-03,21:25:49.97,2,1,"Higgins, Connor",676337,Left,LEX_LEG,"Rosa, Joseph",660563,Right,WES_POW,Undefined,7,Bottom,0,0,0,Undefined,Four-Seam,BallCalled,Undefined,Undefined,Undefined,0,0,,92.33857,-3.046784,0.225161,2183.958208,173.80792,11:45,6.4734,-0.93083,5.75966,-16.12954,16.6719,-1.70059,2.29066,-0.86296,84.95233,-6.0805,-0.079449,0.412209,,,,,,,,,,,,0.92374,9.59752,0.91321,50,6.21093,-0.45119,-134.018,-7.64257,1.69017,27.32438,-14.61331,WES_POW,LEX_LEG,GoMart,Independent,ATL,20250703-GoMart-1,d1ed8eb0-5875-11f0-b1d9-47d5dafa46c9,91.44005,,,7.38624,,,,,,,81cc797a-4601-4b1e-8094-3d1dc0b85384,2025-07-04,01:25:49.97,2025-07-03T21:25:49.9780000-04:00,2025-07-04T01:25:49.9780000Z,,v3,525,495,,"Quiroz, Isaias",657728,Right,LEX_LEG,4ca772df-5f6c-4f0f-8fe0-144eb51c61b5,54.73864,-134.98069,13.66219,6.47112,-7.12772,-7.30666,0.93015,-0.51074,0.84509,,,,,,,,,,,,,,,,,,,,,,,,,,,,,,,,,,,,,,,,,,,,,,,,,,,High,High,High,,,,,
282,2025-07-03,21:26:04.22,2,2,"Higgins, Connor",676337,Left,LEX_LEG,"Rosa, Joseph",660563,Right,WES_POW,Undefined,7,Bottom,0,1,0,Undefined,Four-Seam,BallCalled,Undefined,Undefined,Undefined,0,0,,92.67565,-4.644276,3.560968,2298.805833,168.607722,11:30,6.49556,-0.86513,5.63493,-14.08824,18.92615,-3.60276,0.97067,2.16119,85.13519,-7.298816,2.919456,0.413545,,,,,,,,,,,,2.78032,11.17068,0.56433,50,6.09022,-8.17633,-133.96823,-11.3364,5.07438,27.78733,-11.78628,WES_POW,LEX_LEG,GoMart,Independent,ATL,20250703-GoMart-1,da72a610-5875-11f0-b1d9-47d5dafa46c9,91.14467,,,7.54046,,,,,,,81cc797a-4601-4b1e-8094-3d1dc0b85384,2025-07-04,01:26:04.22,2025-07-03T21:26:04.2270000-04:00,2025-07-04T01:26:04.2270000Z,,v3,525,495,,"Quiroz, Isaias",657728,Right,LEX_LEG,a95f001e-2b32-48dc-9829-2f2371123550,54.8641,-134.97336,13.89366,6.49258,-10.91007,-5.89314,0.86341,-8.35988,2.53719,,,,,,,,,,,,,,,,,,,,,,,,,,,,,,,,,,,,,,,,,,,,,,,,,,,High,High,High,,,,,
283,2025-07-03,21:26:24.39,2,3,"Higgins, Connor",676337,Left,LEX_LEG,"Rosa, Joseph",660563,Right,WES_POW,Undefined,7,Bottom,0,2,0,Undefined,Four-Seam,FoulBallNotFieldable,Undefined,Undefined,Undefined,0,0,,92.74712,-2.636782,1.992408,2287.985548,181.851541,12:00,6.45676,-0.85835,5.69004,-13.59654,19.08111,0.58409,2.86299,1.04801,85.07495,-5.222997,2.09673,0.411431,70.35419,65.031064,-69.381228,3089.265303,,,,,51.51838,,,0.23579,10.75599,0.6904,50,6.22657,-4.7069,-134.5679,-6.61291,0.43373,28.31647,-12.38725,WES_POW,LEX_LEG,GoMart,Independent,ATL,20250703-GoMart-1,e68502e0-5875-11f0-b1d9-47d5dafa46c9,91.61305,95.07801,,7.67216,,,,,,,81cc797a-4601-4b1e-8094-3d1dc0b85384,2025-07-04,01:26:24.39,2025-07-03T21:26:24.3910000-04:00,2025-07-04T01:26:24.3910000Z,,v3,525,495,,"Quiroz, Isaias",657728,Right,LEX_LEG,90848d4e-f513-47bd-a318-c1ca6db5d1a0,54.80988,-135.57624,14.15824,6.4542,-6.17181,-6.19362,0.85828,-4.72235,0.21686,,4.64308,15.33718,-7.13107,1.73623,0.64761,-1.46445,1.22768,-0.53838,0.09867,16.40665,93.54228,-24.0459,2.64451,-0.80025,0.51679,-0.36399,0.15506,-0.02836,-8.07959,-40.76708,5.44989,-1.185,-0.02734,0.32323,-0.28408,0.12512,-0.02285,,,,,,,,,,,,,,,,,,,,,,,High,High,High,Medium,Undefined,,,
284,2025-07-03,21:26:45.63,2,4,"Higgins, Connor",676337,Left,LEX_LEG,"Rosa, Joseph",660563,Right,WES_POW,Undefined,7,Bottom,0,2,1,Undefined,Four-Seam,StrikeCalled,Undefined,Undefined,Undefined,0,0,,92.78882,-3.19573,1.948731,2174.690141,176.976482,12:00,6.47666,-0.93096,5.71997,-14.87863,17.81969,-0.88654,2.25519,0.81108,85.02868,-6.010016,1.790249,0.411561,,,,,,,,,,,,0.98138,10.25414,0.76865,50,6.20016,-4.53744,-134.5216,-7.97289,1.802,28.62096,-13.34573,WES_POW,LEX_LEG,GoMart,Independent,ATL,20250703-GoMart-1,f33b8ef0-5875-11f0-b1d9-47d5dafa46c9,91.58412,,,7.76014,,,,,,,81cc797a-4601-4b1e-8094-3d1dc0b85384,2025-07-04,01:26:45.63,2025-07-03T21:26:45.6380000-04:00,2025-07-04T01:26:45.6380000Z,,v3,525,495,,"Quiroz, Isaias",657728,Right,LEX_LEG,9837c61c-569f-42c4-a221-38bded89c17f,54.77823,-135.5344,14.31048,6.47394,-7.50063,-6.67286,0.93034,-4.60121,0.901,,,,,,,,,,,,,,,,,,,,,,,,,,,,,,,,,,,,,,,,,,,,,,,,,,,High,High,High,,,,,
285,2025-07-03,21:27:11.54,2,5,"Higgins, Connor",676337,Left,LEX_LEG,"Rosa, Joseph",660563,Right,WES_POW,Undefined,7,Bottom,0,2,2,Undefined,Four-Seam,InPlay,Undefined,FlyBall,HomeRun,0,2,,92.45458,-2.626663,1.133669,2095.813082,169.537253,11:45,6.42408,-0.81899,5.97484,-13.66788,18.82796,-3.29114,2.8479,-0.04216,84.821,-5.240212,0.542131,0.410285,101.29811,26.521483,-25.672673,1952.324951,97.28061,48.45676,-51.34669,377.3804,339.03623,-32.854683,4.392759,2.01154,10.72552,0.7312,50,6.20864,-2.51865,-134.26045,-6.55137,3.68317,28.2154,-12.53534,WES_POW,LEX_LEG,GoMart,Independent,ATL,20250703-GoMart-1,029eeb80-5876-11f0-b1d9-47d5dafa46c9,91.86899,66.00689,,7.63358,,,,2.14385,2.8034,0.12926,81cc797a-4601-4b1e-8094-3d1dc0b85384,2025-07-04,01:27:11.54,2025-07-03T21:27:11.5400000-04:00,2025-07-04T01:27:11.5400000Z,FlyBall,v3,525,495,,"Quiroz, Isaias",657728,Right,LEX_LEG,3f222874-9f60-4b03-b4e5-4a63cf44cce5,54.52522,-135.2081,14.1077,6.4216,-6.13035,-6.26767,0.81787,-2.64236,1.84158,134.167858,2.14571,119.7683,-23.17398,5.69177,-1.0865,0.11974,-0.00555,-0.00011,4E-05,2.80191,66.37415,-19.83906,1.56405,-0.23836,0.03593,0.00107,-0.00109,9E-05,0.12956,-57.60162,1.68988,1.08534,-0.42538,0.06438,0.00407,-0.00284,0.00027,,,,,,,,,,,,,,,,,,,,,,,High,High,High,High,Medium,,,
286,2025-07-03,21:28:02.98,3,1,"Higgins, Connor",676337,Left,LEX_LEG,"Daniels, Zach",671113,Right,WES_POW,Undefined,7,Bottom,0,0,0,Undefined,Slider,BallCalled,Undefined,Undefined,Undefined,0,0,,83.67256,-0.867304,2.649208,1706.074993,262.884308,2:45,6.40484,-1.22097,4.62361,-40.41077,1.71268,2.64484,2.21185,1.51962,76.55581,-8.130791,3.112747,0.467125,,,,,,,,,,,,-0.51996,1.50685,0.94618,50,6.27869,-5.72645,-121.14141,-3.44365,-0.76917,24.66398,-29.94498,WES_POW,LEX_LEG,GoMart,Independent,ATL,20250703-GoMart-1,213f30e0-5876-11f0-b1d9-47d5dafa46c9,80.69025,,,7.11675,,,,,,,81cc797a-4601-4b1e-8094-3d1dc0b85384,2025-07-04,01:28:02.98,2025-07-03T21:28:02.9850000-04:00,2025-07-04T01:28:02.9850000Z,,v3,525,495,,"Quiroz, Isaias",657728,Right,LEX_LEG,89053886-a3ec-468a-89a2-9ce02da32c98,55.87425,-122.33155,12.33199,6.41,-1.99869,-14.97249,1.22161,-5.68933,-0.38458,,,,,,,,,,,,,,,,,,,,,,,,,,,,,,,,,,,,,,,,,,,,,,,,,,,High,High,High,,,,,
287,2025-07-03,21:28:14.73,3,2,"Higgins, Connor",676337,Left,LEX_LEG,"Daniels, Zach",671113,Right,WES_POW,Undefined,7,Bottom,0,1,0,Undefined,Four-Seam,StrikeSwinging,Undefined,Undefined,Undefined,0,0,,94.012,-1.859236,1.044012,2278.753834,166.752634,11:30,6.56007,-0.92138,5.58587,-16.28241,15.3082,-3.39599,3.46611,-0.22935,86.96019,-4.902379,0.437928,0.404529,,,,,,,,,,,,1.96835,8.47843,0.83396,50,6.3897,-2.3338,-136.61596,-4.9909,3.77008,26.30106,-15.9348,WES_POW,LEX_LEG,GoMart,Independent,ATL,20250703-GoMart-1,283591f0-5876-11f0-b1d9-47d5dafa46c9,93.176,,,7.05181,,,,,,,81cc797a-4601-4b1e-8094-3d1dc0b85384,2025-07-04,01:28:14.73,2025-07-03T21:28:14.7330000-04:00,2025-07-04T01:28:14.7330000Z,,v3,525,495,,"Quiroz, Isaias",657728,Right,LEX_LEG,0b874550-987b-4509-96a0-395a28fd646e,54.91336,-137.55862,13.15053,6.55835,-4.41977,-7.9674,0.92003,-2.46892,1.88504,,,,,,,,,,,,,,,,,,,,,,,,,,,,,,,,,,,,,,,,,,,,,,,,,,,High,High,High,,,,,
288,2025-07-03,21:28:28.43,3,3,"Higgins, Connor",676337,Left,LEX_LEG,"Daniels, Zach",671113,Right,WES_POW,Undefined,7,Bottom,0,1,1,Undefined,Four-Seam,FoulBallNotFieldable,Undefined,Undefined,Undefined,0,0,,93.39974,-2.132774,0.818433,2087.545363,174.084208,11:45,6.44197,-0.74126,5.64361,-16.20918,15.85623,-1.54587,3.1006,-0.10658,86.10037,-5.17307,0.542221,0.407558,,,,,,,,,,,,0.99488,8.8913,0.67281,50,6.25062,-1.86917,-135.68153,-5.59336,1.87114,27.2104,-15.4517,WES_POW,LEX_LEG,GoMart,Independent,ATL,20250703-GoMart-1,3076c280-5876-11f0-b1d9-47d5dafa46c9,92.48352,,,7.29937,,,,,,,81cc797a-4601-4b1e-8094-3d1dc0b85384,2025-07-04,01:28:28.43,2025-07-03T21:28:28.4390000-04:00,2025-07-04T01:28:28.4390000Z,,v3,525,495,,"Quiroz, Isaias",657728,Right,LEX_LEG,363cd97e-65f5-4730-9aa0-fa3b79e66046,54.8561,-136.65194,13.6052,6.44027,-5.04231,-7.72585,0.74066,-1.9359,0.93557,,,,,,,,,,,,,,,,,,,,,,,,,,,,,,,,,,,,,,,,,,,,,,,,,,,High,High,High,,,,,
289,2025-07-03,21:28:47.68,3,4,"Higgins, Connor",676337,Left,LEX_LEG,"Daniels, Zach",671113,Right,WES_POW,Undefined,7,Bottom,0,1,2,Undefined,Four-Seam,BallCalled,Undefined,Undefined,Undefined,0,0,,94.08841,-4.00982,2.0641,2293.947121,162.062708,11:30,6.45165,-0.72502,5.56093,-17.70147,14.18977,-4.28177,1.22176,0.8474,86.76596,-7.292464,1.300479,0.40645,,,,,,,,,,,,2.71473,8.52682,0.54972,50,6.09321,-4.72086,-136.34078,-10.18521,5.14638,27.97553,-16.00956,WES_POW,LEX_LEG,GoMart,Independent,ATL,20250703-GoMart-1,3bf14c20-5876-11f0-b1d9-47d5dafa46c9,92.73574,,,7.32244,,,,,,,81cc797a-4601-4b1e-8094-3d1dc0b85384,2025-07-04,01:28:47.68,2025-07-03T21:28:47.6880000-04:00,2025-07-04T01:28:47.6880000Z,,v3,525,495,,"Quiroz, Isaias",657728,Right,LEX_LEG,67dda8ae-aa9f-4226-9dac-f6d2c3d1491c,54.93916,-137.3505,13.98777,6.45039,-9.60738,-8.00478,0.72347,-4.9066,2.57319,,,,,,,,,,,,,,,,,,,,,,,,,,,,,,,,,,,,,,,,,,,,,,,,,,,High,High,High,,,,,
290,2025-07-03,21:29:02.11,3,5,"Higgins, Connor",676337,Left,LEX_LEG,"Daniels, Zach",671113,Right,WES_POW,Undefined,7,Bottom,0,2,2,Undefined,Slider,BallCalled,Undefined,Undefined,Undefined,0,0,,79.3358,-1.4948,2.747821,1620.997729,315.484015,4:30,6.2948,-1.18056,4.96158,-47.84617,-1.92788,3.24815,0.89351,1.68803,73.55138,-10.067951,3.32145,0.487713,,,,,,,,,,,,-0.88035,-0.20118,0.91159,50,6.11019,-5.6531,-115.03608,-4.74261,-1.18287,20.80327,-32.44433,WES_POW,LEX_LEG,GoMart,Independent,ATL,20250703-GoMart-1,449a6640-5876-11f0-b1d9-47d5dafa46c9,77.28407,,,5.78442,,,,,,,81cc797a-4601-4b1e-8094-3d1dc0b85384,2025-07-04,01:29:02.11,2025-07-03T21:29:02.1150000-04:00,2025-07-04T01:29:02.1150000Z,,v3,525,495,,"Quiroz, Isaias",657728,Right,LEX_LEG,cdbaff06-be52-4dd9-9fcf-831133803e39,55.53964,-116.03355,10.40163,6.30029,-3.18697,-16.22217,1.18128,-5.59639,-0.59144,,,,,,,,,,,,,,,,,,,,,,,,,,,,,,,,,,,,,,,,,,,,,,,,,,,High,High,High,,,,,
291,2025-07-03,21:29:19.81,3,6,"Higgins, Connor",676337,Left,LEX_LEG,"Daniels, Zach",671113,Right,WES_POW,Undefined,7,Bottom,0,3,2,Undefined,Four-Seam,BallCalled,Walk,Undefined,Undefined,0,0,,94.52712,-5.083697,2.178847,2250.206776,157.001593,11:15,6.41119,-0.77168,5.88977,-14.41402,16.89497,-6.76193,0.47386,0.6889,87.11554,-7.793258,0.965838,0.402722,,,,,,,,,,,,4.06315,10.30772,0.60008,50,5.99194,-4.91439,-136.83243,-12.6319,7.75186,28.41227,-12.5085,WES_POW,LEX_LEG,GoMart,Independent,ATL,20250703-GoMart-1,4f1a1520-5876-11f0-b1d9-47d5dafa46c9,93.5941,,,7.41158,,,,,,,81cc797a-4601-4b1e-8094-3d1dc0b85384,2025-07-04,01:29:19.81,2025-07-03T21:29:19.8180000-04:00,2025-07-04T01:29:19.8180000Z,,v3,525,495,,"Quiroz, Isaias",657728,Right,LEX_LEG,29a9198a-fe53-4871-aead-0b5aaf54a9cc,54.61082,-137.7865,14.20614,6.40907,-12.21187,-6.25425,0.76948,-5.17469,3.87593,,,,,,,,,,,,,,,,,,,,,,,,,,,,,,,,,,,,,,,,,,,,,,,,,,,High,High,High,,,,,
292,2025-07-03,21:29:51.11,4,1,"Higgins, Connor",676337,Left,LEX_LEG,"Womack, Alsander",703920,Right,WES_POW,Undefined,7,Bottom,0,0,0,Undefined,Four-Seam,FoulBallNotFieldable,Undefined,Undefined,Undefined,0,0,,94.30605,-2.814004,2.428448,2270.202342,169.131156,11:45,6.47343,-0.79877,5.72675,-14.90505,16.77284,-3.02634,2.60601,1.21216,86.27689,-5.634212,1.887626,0.405088,,,,,,,,,,,,2.19917,9.60193,0.59791,50,6.22912,-5.658,-136.7001,-7.1926,4.16653,29.78611,-13.98243,WES_POW,LEX_LEG,GoMart,Independent,ATL,20250703-GoMart-1,61a601e0-5876-11f0-b1d9-47d5dafa46c9,93.04754,,,8.02917,,,,,,,81cc797a-4601-4b1e-8094-3d1dc0b85384,2025-07-04,01:29:51.11,2025-07-03T21:29:51.1100000-04:00,2025-07-04T01:29:51.1100000Z,,v3,525,495,,"Quiroz, Isaias",657728,Right,LEX_LEG,033ab21f-fa88-4e32-a35c-4891ce4d67de,54.77058,-137.73565,14.89305,6.47074,-6.70648,-6.99121,0.79714,-5.80285,2.08326,,,,,,,,,,,,,,,,,,,,,,,,,,,,,,,,,,,,,,,,,,,,,,,,,,,High,High,High,,,,,
293,2025-07-03,21:30:06.75,4,2,"Higgins, Connor",676337,Left,LEX_LEG,"Womack, Alsander",703920,Right,WES_POW,Undefined,7,Bottom,0,0,1,Undefined,Four-Seam,FoulBallNotFieldable,Undefined,Undefined,Undefined,0,0,,94.17442,-2.262466,0.833219,2281.451619,167.350087,11:30,6.48876,-0.81994,5.51508,-15.85328,16.05095,-3.37835,3.05079,-0.32231,86.25712,-5.243181,0.231007,0.406533,,,,,,,,,,,,1.9378,9.03205,0.7497,50,6.28115,-1.83163,-136.67321,-5.93541,3.67356,29.49164,-15.05171,WES_POW,LEX_LEG,GoMart,Independent,ATL,20250703-GoMart-1,6b15a050-5876-11f0-b1d9-47d5dafa46c9,92.71681,,,7.91731,,,,,,,81cc797a-4601-4b1e-8094-3d1dc0b85384,2025-07-04,01:30:06.75,2025-07-03T21:30:06.7560000-04:00,2025-07-04T01:30:06.7560000Z,,v3,525,495,,"Quiroz, Isaias",657728,Right,LEX_LEG,bd22e337-09b7-4ee9-ac77-f6458db9438c,54.98372,-137.74441,14.74582,6.48681,-5.3887,-7.52585,0.81865,-1.96507,1.83678,,,,,,,,,,,,,,,,,,,,,,,,,,,,,,,,,,,,,,,,,,,,,,,,,,,High,High,High,,,,,
294,2025-07-03,21:30:31.52,4,3,"Higgins, Connor",676337,Left,LEX_LEG,"Womack, Alsander",703920,Right,WES_POW,Undefined,7,Bottom,0,0,2,Undefined,Four-Seam,BallCalled,Undefined,Undefined,Undefined,0,0,,93.90424,0.460512,0.517689,2336.210872,168.886337,11:45,6.53496,-0.81722,5.7129,-15.7104,16.01115,-2.95961,5.6548,-0.58156,86.01354,-2.515063,-0.011645,0.405367,,,,,,,,,,,,1.61433,8.268,0.7756,50,6.56357,-1.09161,-136.40433,0.60183,3.05984,28.31386,-16.50285,WES_POW,LEX_LEG,GoMart,Independent,ATL,20250703-GoMart-1,79bb7940-5876-11f0-b1d9-47d5dafa46c9,92.98344,,,7.8907,,,,,,,81cc797a-4601-4b1e-8094-3d1dc0b85384,2025-07-04,01:30:31.52,2025-07-03T21:30:31.5280000-04:00,2025-07-04T01:30:31.5280000Z,,v3,525,495,,"Quiroz, Isaias",657728,Right,LEX_LEG,22ca19f1-3307-4181-b26f-903e212f905e,54.78236,-137.39343,14.15693,6.53247,1.17834,-8.25143,0.81561,-1.1985,1.52992,,,,,,,,,,,,,,,,,,,,,,,,,,,,,,,,,,,,,,,,,,,,,,,,,,,High,High,High,,,,,
295,2025-07-03,21:31:01.63,4,4,"Higgins, Connor",676337,Left,LEX_LEG,"Womack, Alsander",703920,Right,WES_POW,Undefined,7,Bottom,0,1,2,Undefined,Slider,FoulBallNotFieldable,Undefined,Undefined,Undefined,0,0,,78.51168,0.261366,2.788496,1525.767114,314.791424,4:30,6.24988,-1.28626,5.25229,-46.74266,-0.59335,1.93339,2.60054,1.49713,72.75141,-8.199297,3.131186,0.488938,,,,,,,,,,,,-0.2574,-0.02264,1.02881,50,6.23875,-5.6264,-113.97057,-1.09065,-0.34098,19.54802,-32.20406,WES_POW,LEX_LEG,GoMart,Independent,ATL,20250703-GoMart-1,8bd60690-5876-11f0-b1d9-47d5dafa46c9,77.09039,,,5.76027,,,,,,,81cc797a-4601-4b1e-8094-3d1dc0b85384,2025-07-04,01:31:01.63,2025-07-03T21:31:01.6330000-04:00,2025-07-04T01:31:01.6330000Z,,v3,525,495,,"Quiroz, Isaias",657728,Right,LEX_LEG,85a7897a-7e2f-4254-b77e-63c588b8fe52,55.24918,-114.86738,9.77401,6.2549,0.38677,-16.10203,1.28657,-5.61076,-0.17049,,,,,,,,,,,,,,,,,,,,,,,,,,,,,,,,,,,,,,,,,,,,,,,,,,,High,High,High,,,,,
296,2025-07-03,21:31:21.10,4,5,"Higgins, Connor",676337,Left,LEX_LEG,"Womack, Alsander",703920,Right,WES_POW,Undefined,7,Bottom,0,1,2,Undefined,Four-Seam,FoulBallNotFieldable,Undefined,Undefined,Undefined,0,0,,92.24903,-3.040951,0.15176,2259.240581,171.30213,11:45,6.49507,-0.96146,5.81559,-17.82674,14.56847,-2.09764,2.17932,-0.99516,85.94914,-6.353308,-0.224428,0.409649,75.65265,-50.791037,63.815412,,,,,2.55081,2.55081,75.757525,0.023314,1.11189,8.42256,0.95031,50,6.23515,-0.26573,-134.0881,-7.71682,2.06225,23.90133,-16.55245,WES_POW,LEX_LEG,GoMart,Independent,ATL,20250703-GoMart-1,9762b8a0-5876-11f0-b1d9-47d5dafa46c9,92.01159,2.00949,,6.29989,,,,-0.09586,2.00949,1.00122,81cc797a-4601-4b1e-8094-3d1dc0b85384,2025-07-04,01:31:21.10,2025-07-03T21:31:21.1010000-04:00,2025-07-04T01:31:21.1010000Z,GroundBall,v3,525,495,,"Quiroz, Isaias",657728,Right,LEX_LEG,0b808f41-ca5a-4f1c-a8c8-3be054953793,54.68521,-134.92066,11.95066,6.49391,-7.14025,-8.27622,0.96082,-0.33756,1.03113,,-0.09615,31.02943,,,,,,,,2.01032,-86.19251,,,,,,,,1.00062,63.10298,,,,,,,,,,,,,,,,,,,,,,,,,,,,,,High,High,High,Estimated,Estimated,,,
297,2025-07-03,21:31:45.42,4,6,"Higgins, Connor",676337,Left,LEX_LEG,"Womack, Alsander",703920,Right,WES_POW,Undefined,7,Bottom,0,1,2,Undefined,Four-Seam,InPlay,Undefined,GroundBall,Single,0,0,,91.60064,-1.636966,1.912899,2279.947979,166.464938,11:30,6.40563,-0.81588,5.7059,-20.68348,12.4969,-2.78299,3.15553,0.73517,84.7171,-5.477807,1.415341,0.414584,93.51753,3.834142,-0.203017,1204.136435,,,,104.56688,104.56688,0.818883,0.835428,1.89709,7.06229,0.65735,50,6.25547,-4.32608,-133.10438,-4.51959,3.4425,25.49629,-19.35877,WES_POW,LEX_LEG,GoMart,Independent,ATL,20250703-GoMart-1,a5e419a0-5876-11f0-b1d9-47d5dafa46c9,90.91638,4.47294,,6.88353,,,,1.49292,3.17341,-0.76956,81cc797a-4601-4b1e-8094-3d1dc0b85384,2025-07-04,01:31:45.42,2025-07-03T21:31:45.4200000-04:00,2025-07-04T01:31:45.4200000Z,GroundBall,v3,525,495,,"Quiroz, Isaias",657728,Right,LEX_LEG,613c430d-14a4-4536-96b1-17404237c473,54.7947,-134.01966,12.74815,6.40524,-3.82464,-9.67938,0.81487,-4.44966,1.72125,260.976485,1.55813,135.78762,-15.04759,,,,,,,3.20288,8.69418,-15.03524,,,,,,,-0.79364,-0.08974,3.41683,,,,,,,,,,,,,,,,,,,,,,,,,,,,,High,High,High,High,High,,,
298,2025-07-03,21:35:04.89,5,1,"Loper, Jimmy",803182,Right,LEX_LEG,"Lopez, B.J.",625439,Right,WES_POW,Undefined,7,Bottom,0,0,0,Undefined,Four-Seam,FoulBallNotFieldable,Undefined,Undefined,Undefined,0,0,,92.1446,-3.097724,-1.773244,2277.548751,199.951255,12:45,6.01723,1.81372,5.46802,-14.15272,19.46718,6.65941,1.93452,0.70859,83.97936,-5.788786,-0.587989,0.41732,70.83933,26.702915,154.181962,4019.241363,,,,,49.96462,,,-3.87063,11.03973,-1.66245,50,5.73517,3.82838,-133.50376,-7.6632,-6.96564,29.51403,-12.30671,WES_POW,LEX_LEG,GoMart,Independent,ATL,20250703-GoMart-1,1cce73d0-5877-11f0-b1d9-47d5dafa46c9,90.32013,21.18579,,8.16524,,,,0.93842,1.82777,-0.7702,81cc797a-4601-4b1e-8094-3d1dc0b85384,2025-07-04,01:35:04.89,2025-07-03T21:35:04.8950000-04:00,2025-07-04T01:35:04.8950000Z,,v3,525,495,,"Quiroz, Isaias",657728,Right,LEX_LEG,da81f5e8-0a17-46aa-a801-afbddc2883a6,55.03007,-134.61118,14.75701,6.01405,-7.20143,-6.15335,-1.811,4.08975,-3.48282,306.405418,0.93842,-83.55189,4.13507,0.49832,-0.14061,0.0587,-0.01698,0.00579,-0.00181,1.82777,46.68785,-24.55989,3.02896,-0.58999,0.13516,-0.02287,0.00506,-0.00121,-0.7702,40.42302,-10.3546,0.65286,-0.10623,-0.01054,0.00779,-0.00182,0.00045,,,,,,,,,,,,,,,,,,,,,,,High,High,High,High,Undefined,,,
299,2025-07-03,21:35:25.23,5,2,"Loper, Jimmy",803182,Right,LEX_LEG,"Lopez, B.J.",625439,Right,WES_POW,Undefined,7,Bottom,0,0,1,Undefined,Curveball,BallCalled,Undefined,Undefined,Undefined,0,0,,81.94917,-0.561928,-3.228053,2407.826091,16.750801,6:30,5.78975,1.88677,5.02597,-48.92274,-5.03398,-1.9989,1.18177,-1.32901,74.21039,-9.40082,-3.581035,0.476813,,,,,,,,,,,,-0.09154,-1.90213,-1.57595,50,5.69647,6.77022,-118.52629,-2.99703,-0.12758,26.90227,-34.8255,WES_POW,LEX_LEG,GoMart,Independent,ATL,20250703-GoMart-1,28f14b60-5877-11f0-b1d9-47d5dafa46c9,79.05079,,,7.73878,,,,,,,81cc797a-4601-4b1e-8094-3d1dc0b85384,2025-07-04,01:35:25.23,2025-07-03T21:35:25.2370000-04:00,2025-07-04T01:35:25.2370000Z,,v3,525,495,,"Quiroz, Isaias",657728,Right,LEX_LEG,ea9d9274-4350-433c-8d9b-a87f4c580d7b,55.4726,-119.76198,13.45114,5.79739,-1.3974,-17.41275,-1.88706,6.77608,-0.06379,,,,,,,,,,,,,,,,,,,,,,,,,,,,,,,,,,,,,,,,,,,,,,,,,,,High,High,High,,,,,
300,2025-07-03,21:35:45.10,5,3,"Loper, Jimmy",803182,Right,LEX_LEG,"Lopez, B.J.",625439,Right,WES_POW,Undefined,7,Bottom,0,1,1,Undefined,Curveball,BallCalled,Undefined,Undefined,Undefined,0,0,,77.2937,0.35028,-3.65488,2595.982039,23.490639,6:45,5.88075,1.75158,4.98866,-62.56551,-13.33139,-6.53304,0.99839,-2.24863,70.61165,-10.868216,-4.807473,0.505015,,,,,,,,,,,,2.02685,-6.12823,-1.39363,50,5.8638,7.41379,-111.83757,-1.6039,2.52537,23.22464,-39.80963,WES_POW,LEX_LEG,GoMart,Independent,ATL,20250703-GoMart-1,34b58830-5877-11f0-b1d9-47d5dafa46c9,74.63624,,,6.68205,,,,,,,81cc797a-4601-4b1e-8094-3d1dc0b85384,2025-07-04,01:35:45.10,2025-07-03T21:35:45.1060000-04:00,2025-07-04T01:35:45.1060000Z,,v3,525,495,,"Quiroz, Isaias",657728,Right,LEX_LEG,eeb4531f-af6e-40da-9ac7-efa38f6394a4,55.51186,-112.97638,11.61232,5.89458,0.34816,-19.90481,-1.75412,7.28996,1.26269,,,,,,,,,,,,,,,,,,,,,,,,,,,,,,,,,,,,,,,,,,,,,,,,,,,High,High,High,,,,,
301,2025-07-03,21:36:05.75,5,4,"Loper, Jimmy",803182,Right,LEX_LEG,"Lopez, B.J.",625439,Right,WES_POW,Undefined,7,Bottom,0,2,1,Undefined,Four-Seam,StrikeCalled,Undefined,Undefined,Undefined,0,0,,92.58488,-2.98027,-2.137346,2287.943296,187.340611,12:15,5.95228,1.6889,5.52701,-16.24619,17.29371,2.07236,1.80786,-0.13743,83.69792,-6.059116,-1.768236,0.416824,77.67563,10.081318,165.838452,2193.659485,,,,97.87702,51.01265,170.080224,0.939447,-1.68425,9.94414,-1.50435,50,5.68212,4.89713,-133.92654,-7.48193,-3.02644,31.79589,-14.30527,WES_POW,LEX_LEG,GoMart,Independent,ATL,20250703-GoMart-1,40f42520-5877-11f0-b1d9-47d5dafa46c9,90.42778,5.78675,,8.88696,,,,1.03265,1.63325,-0.1687,81cc797a-4601-4b1e-8094-3d1dc0b85384,2025-07-04,01:36:05.75,2025-07-03T21:36:05.7570000-04:00,2025-07-04T01:36:05.7570000Z,GroundBall,v3,525,495,,"Quiroz, Isaias",657728,Right,LEX_LEG,c0b88590-81e4-47ef-aa22-64fc4e458257,54.96491,-135.10013,15.89794,5.94854,-6.95392,-7.15263,-1.68717,5.00883,-1.51322,308.082107,1.06636,-109.24154,5.79548,,,,,,,1.69252,19.092,-22.30351,,,,,,,-0.12612,26.82818,-9.35437,,,,,,,,,,,,,,,,,,,,,,,,,,,,,High,High,High,Medium,Medium,,,
302,2025-07-03,21:36:28.58,5,5,"Loper, Jimmy",803182,Right,LEX_LEG,"Lopez, B.J.",625439,Right,WES_POW,Undefined,7,Bottom,0,2,2,Undefined,Four-Seam,BallCalled,Undefined,Undefined,Undefined,0,0,,93.22572,-1.885863,-3.682826,2470.150135,192.592663,12:30,6.03581,1.6008,5.69388,-13.12922,19.44607,4.10607,3.17993,-1.49392,84.93193,-4.40478,-2.951295,0.410786,,,,,,,,,,,,-3.11134,10.70323,-1.29356,50,5.86888,8.50106,-135.0148,-4.82579,-5.73522,29.77264,-12.44438,WES_POW,LEX_LEG,GoMart,Independent,ATL,20250703-GoMart-1,4e8f6be0-5877-11f0-b1d9-47d5dafa46c9,91.75689,,,8.29379,,,,,,,81cc797a-4601-4b1e-8094-3d1dc0b85384,2025-07-04,01:36:28.58,2025-07-03T21:36:28.5820000-04:00,2025-07-04T01:36:28.5820000Z,,v3,525,495,,"Quiroz, Isaias",657728,Right,LEX_LEG,eecee2cd-e12c-4d06-a634-a3a55cd9de2f,54.80274,-136.06975,14.88632,6.03206,-4.38484,-6.22219,-1.59838,8.70428,-2.86761,,,,,,,,,,,,,,,,,,,,,,,,,,,,,,,,,,,,,,,,,,,,,,,,,,,High,High,High,,,,,
303,2025-07-03,21:36:47.85,5,6,"Loper, Jimmy",803182,Right,LEX_LEG,"Lopez, B.J.",625439,Right,WES_POW,Undefined,7,Bottom,0,3,2,Undefined,Four-Seam,FoulBallNotFieldable,Undefined,Undefined,Undefined,0,0,,92.65434,-2.830829,-2.973655,2298.325461,199.63054,12:45,5.94958,1.63665,5.56135,-15.36906,17.55147,5.8976,2.0184,-0.65252,85.07361,-5.724376,-1.923694,0.412957,85.0166,48.898933,83.855968,5271.463276,,,,,59.70169,,,-3.78134,9.95146,-1.3838,50,5.69483,6.71142,-134.29541,-7.14692,-6.94059,27.70931,-13.90834,WES_POW,LEX_LEG,GoMart,Independent,ATL,20250703-GoMart-1,5a282be0-5877-11f0-b1d9-47d5dafa46c9,91.27448,72.21295,,7.58073,,,,1.11218,2.46561,-0.89306,81cc797a-4601-4b1e-8094-3d1dc0b85384,2025-07-04,01:36:47.85,2025-07-03T21:36:47.8570000-04:00,2025-07-04T01:36:47.8570000Z,,v3,525,495,,"Quiroz, Isaias",657728,Right,LEX_LEG,c5d77990-498f-404b-a55d-5b2d80898c19,54.93806,-135.31045,13.85466,5.9473,-6.63744,-6.95417,-1.63431,6.96567,-3.4703,,1.11218,8.77314,-8.61391,3.29513,-0.98378,0.2689,-0.0689,0.01471,-0.00184,2.46561,93.9609,-22.51351,1.24549,0.19835,-0.16801,0.0623,-0.01589,0.0022,-0.89306,81.49956,-23.94215,7.18393,-1.80623,0.4289,-0.09828,0.01926,-0.00229,,,,,,,,,,,,,,,,,,,,,,,High,High,High,Medium,Undefined,,,
304,2025-07-03,21:37:09.87,5,7,"Loper, Jimmy",803182,Right,LEX_LEG,"Lopez, B.J.",625439,Right,WES_POW,Undefined,7,Bottom,0,3,2,Undefined,Four-Seam,FoulBallNotFieldable,Undefined,Undefined,Undefined,0,0,,93.43729,-4.400253,-2.241132,2492.664206,191.504332,12:30,6.00782,1.56393,5.47605,-14.28682,18.61363,3.55681,0.68849,-0.23785,85.00848,-7.103675,-1.608266,0.412831,64.71232,22.564859,105.995036,3732.02082,,,,,20.79085,,,-2.46374,11.03855,-1.36959,50,5.61115,5.1231,-135.09877,-10.85444,-4.52535,31.12605,-11.8986,WES_POW,LEX_LEG,GoMart,Independent,ATL,20250703-GoMart-1,6749d5d0-5877-11f0-b1d9-47d5dafa46c9,91.30232,9.3053,,8.42881,,,,0.81976,1.1516,0.25819,81cc797a-4601-4b1e-8094-3d1dc0b85384,2025-07-04,01:37:09.87,2025-07-03T21:37:09.8720000-04:00,2025-07-04T01:37:09.8720000Z,,v3,525,495,,"Quiroz, Isaias",657728,Right,LEX_LEG,a7cc34b5-d5e2-4395-8fbf-1699035f5a74,55.02198,-136.25089,15.56303,6.00477,-10.41402,-5.9493,-1.56232,5.2906,-2.26268,,0.82066,-24.19952,-2.73751,,,,,,,1.15156,36.42251,-13.49423,,,,,,,0.2607,84.11724,-14.55193,,,,,,,,,,,,,,,,,,,,,,,,,,,,,High,High,High,Medium,Undefined,,,
305,2025-07-03,21:37:37.13,5,8,"Loper, Jimmy",803182,Right,LEX_LEG,"Lopez, B.J.",625439,Right,WES_POW,Undefined,7,Bottom,0,3,2,Undefined,Four-Seam,BallCalled,Walk,Undefined,Undefined,0,0,,93.37312,-1.179591,-2.620951,2420.923599,190.421042,12:15,6.0339,1.7339,5.56937,-13.54914,19.36257,3.34347,3.80163,-0.43745,84.10338,-3.795458,-2.025583,0.412902,,,,,,,,,,,,-2.49756,10.45473,-1.51005,50,5.92348,6.02894,-135.1995,-3.16995,-4.56366,32.99725,-13.07078,WES_POW,LEX_LEG,GoMart,Independent,ATL,20250703-GoMart-1,7771bae0-5877-11f0-b1d9-47d5dafa46c9,91.28673,,,9.26974,,,,,,,81cc797a-4601-4b1e-8094-3d1dc0b85384,2025-07-04,01:37:37.13,2025-07-03T21:37:37.1370000-04:00,2025-07-04T01:37:37.1370000Z,,v3,525,495,,"Quiroz, Isaias",657728,Right,LEX_LEG,3e3787f4-b9aa-44e0-907a-45c71df46fd9,54.9247,-136.39614,16.49863,6.02984,-2.69594,-6.53539,-1.73169,6.19444,-2.28183,,,,,,,,,,,,,,,,,,,,,,,,,,,,,,,,,,,,,,,,,,,,,,,,,,,High,High,High,,,,,
306,2025-07-03,21:38:12.14,6,1,"Loper, Jimmy",803182,Right,LEX_LEG,"Moorer, Demetrius",693884,Right,WES_POW,Undefined,7,Bottom,0,0,0,Undefined,Slider,BallCalled,Undefined,Undefined,Undefined,0,0,,83.67053,-1.024056,-1.215312,2560.626178,60.841409,8:00,5.83877,1.93555,5.17095,-43.38455,-2.36882,-6.52666,1.25937,0.24781,77.05735,-8.863499,-2.373581,0.460942,,,,,,,,,,,,2.93642,-0.55949,-1.8171,50,5.70995,2.85225,-121.44204,-3.79379,4.3799,24.05494,-33.00856,WES_POW,LEX_LEG,GoMart,Independent,ATL,20250703-GoMart-1,8c702e40-5877-11f0-b1d9-47d5dafa46c9,81.77256,,,6.61317,,,,,,,81cc797a-4601-4b1e-8094-3d1dc0b85384,2025-07-04,01:38:12.14,2025-07-03T21:38:12.1490000-04:00,2025-07-04T01:38:12.1490000Z,,v3,525,495,,"Quiroz, Isaias",657728,Right,LEX_LEG,e6495263-4e50-4ede-8823-1951196d7245,55.3297,-122.49318,12.02747,5.84422,-2.35139,-16.50428,-1.93756,2.66085,2.18995,,,,,,,,,,,,,,,,,,,,,,,,,,,,,,,,,,,,,,,,,,,,,,,,,,,High,High,High,,,,,
307,2025-07-03,21:38:29.47,6,2,"Loper, Jimmy",803182,Right,LEX_LEG,"Moorer, Demetrius",693884,Right,WES_POW,Undefined,7,Bottom,0,1,0,Undefined,Four-Seam,FoulBallNotFieldable,Undefined,Undefined,Undefined,0,0,,93.65427,-2.360243,-1.049868,2450.02781,199.617053,12:45,5.91496,1.60236,5.47772,-11.33075,21.47493,7.22993,2.7606,1.22237,84.41302,-4.573249,0.237478,0.412236,73.89849,39.061989,167.263821,3064.171081,,,,,60.59972,,,-3.99221,11.93536,-1.51535,50,5.7006,2.14893,-135.67522,-5.89794,-7.33864,33.50968,-10.23406,WES_POW,LEX_LEG,GoMart,Independent,ATL,20250703-GoMart-1,96b78f10-5877-11f0-b1d9-47d5dafa46c9,91.43413,41.11809,,9.24125,,,,1.63889,2.89118,-1.19302,81cc797a-4601-4b1e-8094-3d1dc0b85384,2025-07-04,01:38:29.47,2025-07-03T21:38:29.4790000-04:00,2025-07-04T01:38:29.4790000Z,,v3,525,495,,"Quiroz, Isaias",657728,Right,LEX_LEG,3a024182-cec1-4601-993f-0b1455b16acc,55.01954,-136.90935,16.75484,5.91088,-5.52103,-5.11703,-1.59947,2.4192,-3.66932,322.377371,1.63889,-82.08578,4.60753,0.26338,-0.18666,-0.09071,0.64446,-0.78619,0.31514,2.89118,68.29969,-27.03236,3.17912,-0.61751,-0.43585,1.44427,-1.50883,0.56098,-1.19302,18.55353,-6.52112,1.64851,-0.34689,-0.4206,1.38581,-1.48772,0.5621,,,,,,,,,,,,,,,,,,,,,,,High,High,High,High,Undefined,,,
308,2025-07-03,21:38:54.51,6,3,"Loper, Jimmy",803182,Right,LEX_LEG,"Moorer, Demetrius",693884,Right,WES_POW,Undefined,7,Bottom,0,1,1,Undefined,Slider,StrikeCalled,Undefined,Undefined,Undefined,0,0,,84.0761,-1.306634,-2.384315,2471.188626,150.690665,11:00,5.86637,1.74658,5.16574,-34.44848,5.42036,-2.48083,1.76464,-0.70546,78.75719,-7.52693,-2.823492,0.454452,,,,,,,,,,,,0.72681,3.29473,-1.52219,50,5.71777,5.19129,-122.18442,-4.05845,1.12196,19.30281,-27.08807,WES_POW,LEX_LEG,GoMart,Independent,ATL,20250703-GoMart-1,a5aa2870-5877-11f0-b1d9-47d5dafa46c9,82.9404,,,5.31892,,,,,,,81cc797a-4601-4b1e-8094-3d1dc0b85384,2025-07-04,01:38:54.51,2025-07-03T21:38:54.5160000-04:00,2025-07-04T01:38:54.5160000Z,,v3,525,495,,"Quiroz, Isaias",657728,Right,LEX_LEG,29c32a9c-78cd-461f-aa91-557b0d5640b0,55.33579,-123.02449,9.65141,5.86874,-2.87957,-13.54404,-1.74706,5.14246,0.56098,,,,,,,,,,,,,,,,,,,,,,,,,,,,,,,,,,,,,,,,,,,,,,,,,,,High,High,High,,,,,
309,2025-07-03,21:39:25.85,6,4,"Loper, Jimmy",803182,Right,LEX_LEG,"Moorer, Demetrius",693884,Right,WES_POW,Undefined,7,Bottom,0,1,2,Undefined,Four-Seam,StrikeCalled,Strikeout,Undefined,Undefined,0,0,,94.51157,-2.57439,-2.544376,2591.824531,207.321907,1:00,5.92496,1.55141,5.60309,-14.6556,16.81859,8.20111,2.29642,-0.14196,86.94801,-5.335742,-1.082069,0.403784,,,,,,,,,,,,-4.81323,9.47788,-1.33898,50,5.69491,5.71668,-137.1089,-6.65035,-9.23379,28.10209,-13.99157,WES_POW,LEX_LEG,GoMart,Independent,ATL,20250703-GoMart-1,b85228b0-5877-11f0-b1d9-47d5dafa46c9,93.34811,,,7.56356,,,,,,,81cc797a-4601-4b1e-8094-3d1dc0b85384,2025-07-04,01:39:25.85,2025-07-03T21:39:25.8520000-04:00,2025-07-04T01:39:25.8520000Z,,v3,525,495,,"Quiroz, Isaias",657728,Right,LEX_LEG,0a7c99d6-1dd9-467b-80e2-e7c440edb3b8,54.89637,-138.10883,14.05105,5.92268,-6.1525,-6.99578,-1.54823,6.04523,-4.61689,,,,,,,,,,,,,,,,,,,,,,,,,,,,,,,,,,,,,,,,,,,,,,,,,,,High,High,High,,,,,
310,2025-07-03,21:39:58.71,7,1,"Loper, Jimmy",803182,Right,LEX_LEG,"Nelson, James",663445,Right,WES_POW,Undefined,7,Bottom,1,0,0,Undefined,Four-Seam,BallCalled,Undefined,Undefined,Undefined,0,0,,93.80336,-4.235406,-1.746556,2453.632271,209.120021,1:00,5.93509,1.54122,5.56633,-15.47013,16.58859,8.70103,0.68028,0.63423,86.50565,-7.124858,-0.194358,0.407516,,,,,,,,,,,,-4.90075,9.81367,-1.39664,50,5.55911,3.75812,-135.94129,-10.59279,-9.24099,27.66301,-13.66911,WES_POW,LEX_LEG,GoMart,Independent,ATL,20250703-GoMart-1,cbe32960-5877-11f0-b1d9-47d5dafa46c9,92.49319,,,7.29771,,,,,,,81cc797a-4601-4b1e-8094-3d1dc0b85384,2025-07-04,01:39:58.71,2025-07-03T21:39:58.7120000-04:00,2025-07-04T01:39:58.7120000Z,,v3,525,495,,"Quiroz, Isaias",657728,Right,LEX_LEG,efb871b9-ce28-496a-81a8-88da9e307f3a,54.93457,-136.94176,13.8315,5.93327,-10.09843,-6.83456,-1.5386,4.09233,-4.6205,,,,,,,,,,,,,,,,,,,,,,,,,,,,,,,,,,,,,,,,,,,,,,,,,,,High,High,High,,,,,
311,2025-07-03,21:40:18.03,7,2,"Loper, Jimmy",803182,Right,LEX_LEG,"Nelson, James",663445,Right,WES_POW,Undefined,7,Bottom,1,1,0,Undefined,Slider,FoulBallNotFieldable,Undefined,Undefined,Undefined,0,0,,85.33847,-1.088966,-1.621241,2623.811089,127.623127,10:15,5.81973,1.80539,5.32078,-33.17836,5.30335,-5.61252,2.0324,-0.18418,79.79266,-7.107215,-2.618301,0.446477,75.25321,39.279881,124.03617,4831.83674,,,,,40.38088,,,2.48347,3.19012,-1.65432,50,5.69679,3.74521,-124.1005,-3.56985,3.94793,20.32781,-27.10276,WES_POW,LEX_LEG,GoMart,Independent,ATL,20250703-GoMart-1,d774e480-5877-11f0-b1d9-47d5dafa46c9,84.422,31.71107,,5.54581,,,,1.48655,2.30545,0.10803,81cc797a-4601-4b1e-8094-3d1dc0b85384,2025-07-04,01:40:18.03,2025-07-03T21:40:18.0320000-04:00,2025-07-04T01:40:18.0320000Z,,v3,525,495,,"Quiroz, Isaias",657728,Right,LEX_LEG,4200145d-a17f-4a11-8896-924c1674bdda,55.18113,-124.9463,10.1639,5.82186,-2.44216,-13.55138,-1.80674,3.58095,1.97396,,1.48655,-47.81891,-3.09211,2.32195,-0.82331,0.23896,-0.06818,0.02119,-0.00531,2.30545,69.87701,-26.12088,2.87957,-0.46818,0.04976,0.00293,-0.00688,0.0031,0.10803,70.798,-16.50727,4.43731,-1.04428,0.22052,-0.04712,0.00826,-0.00078,,,,,,,,,,,,,,,,,,,,,,,High,High,High,High,Undefined,,,
312,2025-07-03,21:40:41.01,7,3,"Loper, Jimmy",803182,Right,LEX_LEG,"Nelson, James",663445,Right,WES_POW,Undefined,7,Bottom,1,1,1,Undefined,Slider,InPlay,Undefined,GroundBall,FieldersChoice,1,1,,84.99538,-1.400514,-1.744839,2546.510169,147.271958,11:00,5.86673,1.58511,5.32739,-34.18545,4.70059,-2.36543,1.70292,-0.24976,79.34077,-7.599223,-2.165235,0.448816,83.36095,-31.05527,-24.126764,,,,,4.58779,4.58779,-12.056972,0.027809,0.79823,2.97158,-1.42553,50,5.71505,3.86132,-123.5501,-4.26438,1.25464,20.72519,-27.50342,WES_POW,LEX_LEG,GoMart,Independent,ATL,20250703-GoMart-1,e522a1d0-5877-11f0-b1d9-47d5dafa46c9,83.98197,1.75707,,5.6546,,,,1.8236,1.75707,0.23439,81cc797a-4601-4b1e-8094-3d1dc0b85384,2025-07-04,01:40:41.01,2025-07-03T21:40:41.0100000-04:00,2025-07-04T01:40:41.0100000Z,GroundBall,v3,525,495,,"Quiroz, Isaias",657728,Right,LEX_LEG,502924bd-7792-4fe6-919c-3b0aabe86938,55.17434,-124.41505,10.3626,5.86907,-3.11655,-13.75171,-1.58558,3.80895,0.62732,,1.82283,95.75988,,,,,,,,1.75758,-63.18365,,,,,,,,0.23473,-42.88915,,,,,,,,,,,,,,,,,,,,,,,,,,,,,,High,High,High,Estimated,Estimated,,,
313,2025-07-03,21:41:32.32,8,1,"Loper, Jimmy",803182,Right,LEX_LEG,"Blackwell, Benjamin",701295,Right,WES_POW,Undefined,7,Bottom,2,0,0,Undefined,Curveball,StrikeCalled,Undefined,Undefined,Undefined,0,0,,79.58473,1.19453,-1.434136,2422.487268,6.112252,6:15,5.97983,1.87249,4.9543,-56.40909,-10.6139,-1.2911,2.40824,0.40957,73.08517,-8.952893,-1.662266,0.487059,,,,,,,,,,,,0.22646,-5.15827,-1.73236,50,6.04873,2.94511,-115.46639,0.28916,0.30472,22.14801,-39.11552,WES_POW,LEX_LEG,GoMart,Independent,ATL,20250703-GoMart-1,03ae26b0-5878-11f0-b1d9-47d5dafa46c9,77.38787,,,6.49955,,,,,,,81cc797a-4601-4b1e-8094-3d1dc0b85384,2025-07-04,01:41:32.32,2025-07-03T21:41:32.3260000-04:00,2025-07-04T01:41:32.3260000Z,,v3,525,495,,"Quiroz, Isaias",657728,Right,LEX_LEG,1d206426-8253-482e-8357-db839d6042f1,55.54725,-116.52557,11.07401,5.99017,2.15977,-19.55776,-1.87285,2.93054,0.15236,,,,,,,,,,,,,,,,,,,,,,,,,,,,,,,,,,,,,,,,,,,,,,,,,,,High,High,High,,,,,
314,2025-07-03,21:41:49.05,8,2,"Loper, Jimmy",803182,Right,LEX_LEG,"Blackwell, Benjamin",701295,Right,WES_POW,Undefined,7,Bottom,2,0,1,Undefined,Curveball,StrikeSwinging,Undefined,Undefined,Undefined,0,0,,79.62754,1.774666,-1.200143,2545.385476,5.726946,6:15,6.02568,1.76062,5.14688,-56.58881,-11.09804,-1.2589,2.98167,0.52563,72.91794,-8.453739,-1.423292,0.485437,69.14687,52.216009,56.948185,4844.120944,43.3772,84.69859,101.08612,174.09684,75.34094,69.15596,4.759616,0.27791,-5.65548,-1.64732,50,6.14764,2.47198,-115.53303,1.51093,0.37376,22.53088,-39.77986,WES_POW,LEX_LEG,GoMart,Independent,ATL,20250703-GoMart-1,0db79420-5878-11f0-b1d9-47d5dafa46c9,77.64636,86.99248,,6.70959,,,,0.55492,2.96885,-0.76216,81cc797a-4601-4b1e-8094-3d1dc0b85384,2025-07-04,01:41:49.05,2025-07-03T21:41:49.0510000-04:00,2025-07-04T01:41:49.0510000Z,Popup,v3,525,495,,"Quiroz, Isaias",657728,Right,LEX_LEG,18361610-e234-42e9-9c59-7bacd7cc595c,55.35499,-116.57266,11.26544,6.03557,3.34648,-19.88993,-1.76098,2.45474,0.18688,204.924357,0.55844,33.79003,-12.83548,3.23617,0.01596,-0.35772,0.12667,-0.01878,0.00104,2.96247,80.28631,-22.69486,2.65875,-0.85218,0.24443,-0.03768,0.00214,1E-05,-0.76149,52.05754,-8.51671,1.72657,-0.05713,-0.11802,0.04284,-0.00633,0.00035,,,,,,,,,,,,,,,,,,,,,,,High,High,High,High,Low,,,
315,2025-07-03,21:42:09.65,8,3,"Loper, Jimmy",803182,Right,LEX_LEG,"Blackwell, Benjamin",701295,Right,WES_POW,Undefined,7,Bottom,2,0,2,Undefined,Four-Seam,StrikeSwinging,Strikeout,Undefined,Undefined,0,0,,93.82231,-0.954394,-2.012138,2346.773049,207.086623,1:00,6.00636,1.79172,5.64127,-15.9006,15.90595,7.65674,3.79036,0.55198,86.26368,-3.949232,-0.645346,0.40591,,,,,,,,,,,,-4.38197,8.59339,-1.62569,50,5.91514,4.43532,-136.27189,-2.79429,-8.30889,27.59719,-15.87963,WES_POW,LEX_LEG,GoMart,Independent,ATL,20250703-GoMart-1,19da6bb0-5878-11f0-b1d9-47d5dafa46c9,92.85914,,,7.55863,,,,,,,81cc797a-4601-4b1e-8094-3d1dc0b85384,2025-07-04,01:42:09.65,2025-07-03T21:42:09.6550000-04:00,2025-07-04T01:42:09.6550000Z,,v3,525,495,,"Quiroz, Isaias",657728,Right,LEX_LEG,4cac7a0a-22ed-4d75-af48-a913374578a6,54.85727,-137.25204,13.7986,6.00437,-2.23031,-7.93981,-1.78845,4.73042,-4.15445,,,,,,,,,,,,,,,,,,,,,,,,,,,,,64.45841,2.932089,1.872128,1.059961,-1.87086,3.55719,-0.51736,-3.00018,6.17049,-1.4976,64.67598,10.44546,-60.30263,-2.95441,67.91876,-3.86484,6.2438,19.94623,-15.04896,-1.57837,-61.05288,5.30162,High,High,High,,,High,High,High
316,2025-07-03,21:45:11.12,1,1,"Reyes, Samuel",672795,Right,WES_POW,"Fuentes, Brian",1000059283,Right,LEX_LEG,Undefined,8,Top,0,0,0,Undefined,,StrikeCalled,Undefined,Undefined,Undefined,0,0,,,,,,,,,,,,,,,,,,,,,,,,,,,,,,,,,,,,,,,,,,WES_POW,LEX_LEG,GoMart,Independent,ATL,20250703-GoMart-1,81cb0090-5878-11f0-b1d9-47d5dafa46c9,,,,,,,,,,,81cc797a-4601-4b1e-8094-3d1dc0b85384,2025-07-04,01:45:11.12,2025-07-03T21:45:11.1220000-04:00,2025-07-04T01:45:11.1220000Z,,v3,525,495,,"Lopez, B.J.",625439,Right,WES_POW,,,,,,,,,,,,,,,,,,,,,,,,,,,,,,,,,,,,,,,,,,,,,,,,,,,,,,,,,,,,,,,,,,,,
317,2025-07-03,21:45:12.12,1,2,"Reyes, Samuel",672795,Right,WES_POW,"Fuentes, Brian",1000059283,Right,LEX_LEG,Undefined,8,Top,0,0,1,Undefined,Slider,StrikeCalled,Undefined,Undefined,Undefined,0,0,,82.79294,1.211935,0.520527,2884.011723,74.64251,8:30,5.76862,1.37466,4.91203,-45.19105,-3.00673,-15.62958,3.1489,0.56441,76.05034,-6.948693,-2.236974,0.467463,,,,,,,,,,,,7.84453,-1.40996,-1.4118,50,5.84906,-0.40219,-120.17499,0.79248,11.49165,22.91313,-34.23951,WES_POW,LEX_LEG,GoMart,Independent,ATL,20250703-GoMart-1,86a649d0-5878-11f0-b1d9-47d5dafa46c9,80.63198,,,6.7426,,,,,,,81cc797a-4601-4b1e-8094-3d1dc0b85384,2025-07-04,01:45:12.12,2025-07-03T21:45:12.1220000-04:00,2025-07-04T01:45:12.1220000Z,,v3,525,495,,"Lopez, B.J.",625439,Right,WES_POW,cc64c81c-fa92-4262-84f9-0f46b47086e3,55.58871,-121.23588,11.45657,5.77567,2.37779,-17.11975,-1.38087,-0.93426,5.74583,,,,,,,,,,,,,,,,,,,,,,,,,,,,,,,,,,,,,,,,,,,,,,,,,,,High,High,High,,,,,
318,2025-07-03,21:45:33.52,1,3,"Reyes, Samuel",672795,Right,WES_POW,"Fuentes, Brian",1000059283,Right,LEX_LEG,Undefined,8,Top,0,0,2,Undefined,Sinker,BallCalled,Undefined,Undefined,Undefined,0,0,,94.61576,0.607053,-2.203227,2031.80197,231.588897,1:45,5.8764,1.00101,5.53744,-19.96084,11.53438,13.35217,4.78083,0.05339,86.62651,-3.114665,0.175322,0.403918,,,,,,,,,,,,-7.29685,5.95347,-0.8188,50,5.91592,4.65389,-137.36947,0.73079,-14.01333,28.99275,-20.74064,WES_POW,LEX_LEG,GoMart,Independent,ATL,20250703-GoMart-1,9359a190-5878-11f0-b1d9-47d5dafa46c9,93.31697,,,7.98925,,,,,,,81cc797a-4601-4b1e-8094-3d1dc0b85384,2025-07-04,01:45:33.52,2025-07-03T21:45:33.5220000-04:00,2025-07-04T01:45:33.5220000Z,,v3,525,495,,"Lopez, B.J.",625439,Right,WES_POW,45c49bcd-5d2c-4c5c-8f47-9cc40907a087,54.96127,-138.41262,14.49638,5.8762,1.47703,-10.37032,-0.99532,5.15809,-7.00667,,,,,,,,,,,,,,,,,,,,,,,,,,,,,,,,,,,,,,,,,,,,,,,,,,,High,High,High,,,,,
319,2025-07-03,21:45:49.52,1,4,"Reyes, Samuel",672795,Right,WES_POW,"Fuentes, Brian",1000059283,Right,LEX_LEG,Undefined,8,Top,0,1,2,Undefined,Sinker,BallCalled,Undefined,Undefined,Undefined,0,0,,94.62614,-0.358813,-1.393773,2031.00159,223.51565,1:30,5.90064,0.77719,5.55185,-17.79863,13.7515,12.12272,4.08204,0.48479,86.44774,-3.699496,0.767966,0.40427,,,,,,,,,,,,-6.47477,7.33847,-0.66468,50,5.85798,2.76793,-137.39264,-1.48091,-12.39533,30.0017,-18.12528,WES_POW,LEX_LEG,GoMart,Independent,ATL,20250703-GoMart-1,9ce52c70-5878-11f0-b1d9-47d5dafa46c9,93.2357,,,8.1784,,,,,,,81cc797a-4601-4b1e-8094-3d1dc0b85384,2025-07-04,01:45:49.52,2025-07-03T21:45:49.5220000-04:00,2025-07-04T01:45:49.5220000Z,,v3,525,495,,"Lopez, B.J.",625439,Right,WES_POW,49b99a68-5978-414f-8a10-6768ae7498b6,54.94598,-138.46846,15.00085,5.89943,-0.83096,-9.06264,-0.7719,3.2124,-6.19767,,,,,,,,,,,,,,,,,,,,,,,,,,,,,,,,,,,,,,,,,,,,,,,,,,,High,High,High,,,,,
320,2025-07-03,21:46:05.95,1,5,"Reyes, Samuel",672795,Right,WES_POW,"Fuentes, Brian",1000059283,Right,LEX_LEG,Undefined,8,Top,0,2,2,Undefined,Sinker,StrikeCalled,Strikeout,Undefined,Undefined,0,0,,94.90156,-2.056491,-3.208699,2130.853525,227.571522,1:30,5.82345,0.96135,5.54803,-19.12021,12.21288,12.32229,2.30449,-1.01342,87.20363,-5.61115,-1.014688,0.402877,,,,,,,,,,,,-7.06288,7.00083,-0.69173,50,5.63254,7.14079,-137.62363,-5.64203,-13.6334,28.69572,-18.66047,WES_POW,LEX_LEG,GoMart,Independent,ATL,20250703-GoMart-1,a6d21130-5878-11f0-b1d9-47d5dafa46c9,93.55809,,,7.69793,,,,,,,81cc797a-4601-4b1e-8094-3d1dc0b85384,2025-07-04,01:46:05.95,2025-07-03T21:46:05.9570000-04:00,2025-07-04T01:46:05.9570000Z,,v3,525,495,,"Lopez, B.J.",625439,Right,WES_POW,acf02de3-b824-4545-bd3b-7e9791a173d9,54.95146,-138.65221,14.34786,5.82279,-4.97316,-9.33024,-0.95644,7.62947,-6.8167,,,,,,,,,,,,,,,,,,,,,,,,,,,,,59.27261,,,1.207373,,,,-1.73809,5.49301,3.2534,69.0364,10.90716,-55.95327,-1.67903,62.30029,-3.07268,5.59106,22.20955,-14.71558,3.13905,-54.43879,4.51848,High,High,High,,,Medium,High,High
321,2025-07-03,21:46:37.25,2,1,"Reyes, Samuel",672795,Right,WES_POW,"Quiroz, Isaias",657728,Right,LEX_LEG,Undefined,8,Top,1,0,0,Undefined,Four-Seam,FoulBallNotFieldable,Undefined,Undefined,Undefined,0,0,,94.10703,-1.74542,-2.375464,2123.823383,225.730053,1:30,5.82785,1.08702,5.44584,-18.17851,13.76343,13.12674,2.67689,-0.04443,86.4351,-5.132873,-0.040369,0.406773,83.98488,-43.243294,-82.737099,,,,,3.45667,3.45667,-54.164226,0.031893,-7.26847,7.69225,-0.88657,50,5.66117,5.05931,-136.58066,-4.81759,-13.81013,28.43174,-17.55871,WES_POW,LEX_LEG,GoMart,Independent,ATL,20250703-GoMart-1,b9797530-5878-11f0-b1d9-47d5dafa46c9,92.66211,2.6988,,7.67193,,,,1.66098,2.6988,0.04424,81cc797a-4601-4b1e-8094-3d1dc0b85384,2025-07-04,01:46:37.25,2025-07-03T21:46:37.2580000-04:00,2025-07-04T01:46:37.2580000Z,GroundBall,v3,525,495,,"Lopez, B.J.",625439,Right,WES_POW,a15ccd16-37e1-4e22-9ee4-e3d0c8ca1375,55.05438,-137.62879,14.21587,5.82684,-4.17029,-8.77936,-1.08246,5.56843,-6.90507,,1.66082,11.3748,,,,,,,,2.69998,-84.61981,,,,,,,,0.04549,-89.25269,,,,,,,,,,,,,,,,,,,,,,,,,,,,,,High,High,High,Estimated,Estimated,,,
322,2025-07-03,21:47:01.67,2,2,"Reyes, Samuel",672795,Right,WES_POW,"Quiroz, Isaias",657728,Right,LEX_LEG,Undefined,8,Top,1,0,1,Undefined,Four-Seam,FoulBallNotFieldable,Undefined,Undefined,Undefined,0,0,,94.64966,-1.787847,-1.100991,2047.337153,212.394235,1:00,5.92833,0.90008,5.38708,-15.57776,16.31497,9.68524,2.9536,0.67511,86.1802,-4.726781,0.621124,0.406459,100.31785,39.636729,-33.771897,3361.043128,86.26129,84.24044,-68.2566,,143.39115,,,-5.2204,9.04489,-0.80891,50,5.75798,2.18436,-137.30543,-4.82053,-9.92933,31.4443,-14.97043,WES_POW,LEX_LEG,GoMart,Independent,ATL,20250703-GoMart-1,c800c9a0-5878-11f0-b1d9-47d5dafa46c9,92.73359,102.36344,,8.46946,,,,1.69161,3.22841,-0.85416,81cc797a-4601-4b1e-8094-3d1dc0b85384,2025-07-04,01:47:01.67,2025-07-03T21:47:01.6720000-04:00,2025-07-04T01:47:01.6720000Z,,v3,525,495,,"Lopez, B.J.",625439,Right,WES_POW,54d33641-0b0d-4f1f-816e-ca60817a77e3,55.11203,-138.47119,15.72215,5.92641,-4.26553,-7.48521,-0.89671,2.55248,-4.96467,,1.69161,94.18745,-24.17928,6.47802,-1.56447,0.32176,-0.03635,-0.0045,0.00159,3.22841,93.85864,-22.75927,2.09951,-0.33849,0.07713,-0.03541,0.01276,-0.00189,-0.85416,-62.98635,4.7187,-0.42989,-0.03228,0.01039,0.00935,-0.00574,0.00099,,,,,,,,,,,,,,,,,,,,,,,High,High,High,High,Undefined,,,
323,2025-07-03,21:47:39.84,2,3,"Reyes, Samuel",672795,Right,WES_POW,"Quiroz, Isaias",657728,Right,LEX_LEG,Undefined,8,Top,1,0,2,Undefined,Slider,BallCalled,Undefined,Undefined,Undefined,0,0,,84.02275,0.58917,-2.271481,2934.698977,77.863954,8:30,5.65971,1.11871,5.18133,-43.29494,-2.15835,-16.50135,2.6066,-2.39472,76.44869,-7.276131,-5.19047,0.461621,,,,,,,,,,,,7.48307,-0.81661,-0.89457,50,5.68185,5.55355,-121.74727,-0.38162,11.09363,26.64101,-33.38467,WES_POW,LEX_LEG,GoMart,Independent,ATL,20250703-GoMart-1,deaec1c0-5878-11f0-b1d9-47d5dafa46c9,81.65235,,,7.57405,,,,,,,81cc797a-4601-4b1e-8094-3d1dc0b85384,2025-07-04,01:47:39.84,2025-07-03T21:47:39.8400000-04:00,2025-07-04T01:47:39.8400000Z,,v3,525,495,,"Lopez, B.J.",625439,Right,WES_POW,6a24807c-d0dd-4556-8037-a6f9d422c046,55.31722,-122.90529,13.32051,5.6669,1.06952,-16.69234,-1.12548,5.07134,5.54681,,,,,,,,,,,,,,,,,,,,,,,,,,,,,,,,,,,,,,,,,,,,,,,,,,,High,High,High,,,,,
324,2025-07-03,21:47:54.96,2,4,"Reyes, Samuel",672795,Right,WES_POW,"Quiroz, Isaias",657728,Right,LEX_LEG,Undefined,8,Top,1,1,2,Undefined,Slider,BallCalled,Undefined,Undefined,Undefined,0,0,,84.9946,-0.472904,-1.962213,2836.89013,75.725913,8:30,5.67532,1.09102,5.19979,-42.39455,-2.1002,-13.80245,1.69738,-1.90549,77.17278,-8.172584,-4.408195,0.456871,,,,,,,,,,,,6.23079,-0.4548,-0.89845,50,5.59974,4.82977,-123.13088,-2.63033,9.41495,28.04296,-32.8613,WES_POW,LEX_LEG,GoMart,Independent,ATL,20250703-GoMart-1,e7b56530-5878-11f0-b1d9-47d5dafa46c9,82.50128,,,7.82182,,,,,,,81cc797a-4601-4b1e-8094-3d1dc0b85384,2025-07-04,01:47:54.96,2025-07-03T21:47:54.9640000-04:00,2025-07-04T01:47:54.9640000Z,,v3,525,495,,"Lopez, B.J.",625439,Right,WES_POW,c6d0d817-6d77-4162-bccf-76740c481641,55.29804,-124.33164,14.02148,5.68224,-1.22324,-16.43065,-1.09663,4.42663,4.70748,,,,,,,,,,,,,,,,,,,,,,,,,,,,,,,,,,,,,,,,,,,,,,,,,,,High,High,High,,,,,
325,2025-07-03,21:48:12.01,2,5,"Reyes, Samuel",672795,Right,WES_POW,"Quiroz, Isaias",657728,Right,LEX_LEG,Undefined,8,Top,1,2,2,Undefined,Slider,StrikeSwinging,Strikeout,Undefined,Undefined,0,0,,84.05778,0.482326,-0.650831,3052.773073,75.274579,8:30,5.69009,1.06951,4.95958,-44.92621,-3.63154,-19.07107,2.40196,-1.13464,76.61105,-7.64107,-4.018409,0.462507,,,,,,,,,,,,9.20575,-1.51051,-0.99015,50,5.69993,2.24023,-121.89273,-0.72987,13.7101,26.22158,-34.42364,WES_POW,LEX_LEG,GoMart,Independent,ATL,20250703-GoMart-1,f1e01640-5878-11f0-b1d9-47d5dafa46c9,81.49591,,,7.44672,,,,,,,81cc797a-4601-4b1e-8094-3d1dc0b85384,2025-07-04,01:48:12.01,2025-07-03T21:48:12.0110000-04:00,2025-07-04T01:48:12.0110000Z,,v3,525,495,,"Lopez, B.J.",625439,Right,WES_POW,85c2aa07-4334-49d1-9cea-8c1d7732a7e2,55.5401,-123.07874,13.11079,5.69773,0.82713,-17.21182,-1.07745,1.62012,6.85505,,,,,,,,,,,,,,,,,,,,,,,,,,,,,,,,,,,,,,,,,,,,,,,,,,,High,High,High,,,,,
326,2025-07-03,21:48:45.54,3,1,"Reyes, Samuel",672795,Right,WES_POW,"McCarthy, Ryan",804884,Left,LEX_LEG,Undefined,8,Top,2,0,0,Undefined,Four-Seam,InPlay,Undefined,GroundBall,Out,1,0,,95.29983,-2.197374,-2.239264,2191.304578,220.357455,1:15,5.83412,0.9634,5.53681,-16.84702,14.40938,11.38505,2.37378,-0.18191,86.99032,-5.35976,-0.21036,0.402384,92.31894,-25.151209,21.462859,,,,,7.25965,7.25965,16.65126,0.042307,-6.41059,8.21122,-0.77698,50,5.63232,4.87385,-138.20246,-5.8941,-12.38413,31.13282,-16.31143,WES_POW,LEX_LEG,GoMart,Independent,ATL,20250703-GoMart-1,05eadad0-5879-11f0-b1d9-47d5dafa46c9,93.6728,2.43946,,8.30951,,,,2.11992,2.43946,0.17916,81cc797a-4601-4b1e-8094-3d1dc0b85384,2025-07-04,01:48:45.54,2025-07-03T21:48:45.5470000-04:00,2025-07-04T01:48:45.5470000Z,GroundBall,v3,525,495,,"Lopez, B.J.",625439,Right,WES_POW,e99a7d04-05e4-49f4-a0d1-c30c4392300d,54.96245,-139.31587,15.56641,5.83268,-5.31076,-8.15572,-0.9592,5.31675,-6.19206,,2.11838,114.29054,,,,,,,,2.44024,-57.6607,,,,,,,,0.17856,44.93468,,,,,,,,,,,,,,,,,,,,,,,,,,,,,,High,High,High,Estimated,Estimated,,,
327,2025-07-03,21:51:09.91,1,1,"Haab, Jonathan",805248,Right,LEX_LEG,"Sedio, Chad",670466,Left,WES_POW,Undefined,8,Bottom,0,0,0,Undefined,Four-Seam,FoulBallNotFieldable,Undefined,Undefined,Undefined,0,0,,93.27405,-2.545202,-3.162449,2306.613236,205.639481,12:45,6.37205,1.45854,4.98146,-15.66465,17.4141,7.88433,2.6578,-0.874,85.87773,-5.457456,-1.774086,0.413948,59.41079,45.456211,-103.212238,4301.107859,,,,,14.30579,,,-4.72953,9.58867,-1.16013,50,6.11387,7.08918,-135.15301,-6.58894,-8.82925,26.89349,-14.27354,WES_POW,LEX_LEG,GoMart,Independent,ATL,20250703-GoMart-1,5bfa1ad0-5879-11f0-b1d9-47d5dafa46c9,91.0559,17.2818,,7.39632,,,,0.75526,2.6339,0.95827,81cc797a-4601-4b1e-8094-3d1dc0b85384,2025-07-04,01:51:09.91,2025-07-03T21:51:09.9190000-04:00,2025-07-04T01:51:09.9190000Z,,v3,525,495,,"Quiroz, Isaias",657728,Right,LEX_LEG,7dcb9522-33b6-435d-8663-de061c6002ce,55.5187,-136.24672,13.44675,6.37002,-6.00846,-7.13677,-1.45573,7.44825,-4.41462,45.763039,0.75671,-14.0453,-6.11986,,,,,,,2.63443,62.07584,-18.89478,,,,,,,0.95769,-59.47409,4.9828,,,,,,,,,,,,,,,,,,,,,,,,,,,,,High,High,High,Medium,Undefined,,,
328,2025-07-03,21:51:25.40,1,2,"Haab, Jonathan",805248,Right,LEX_LEG,"Sedio, Chad",670466,Left,WES_POW,Undefined,8,Bottom,0,0,1,Undefined,Four-Seam,BallCalled,Undefined,Undefined,Undefined,0,0,,91.90642,-2.579538,-3.763273,2330.508566,212.304978,1:00,6.28404,1.32995,5.05563,-16.4754,17.8108,10.5567,2.47148,-1.3445,83.95225,-5.659919,-1.903446,0.421435,,,,,,,,,,,,-6.25638,9.87008,-0.98017,50,6.0254,8.23608,-132.95759,-6.57699,-11.21706,28.08211,-14.47802,WES_POW,LEX_LEG,GoMart,Independent,ATL,20250703-GoMart-1,651d1fe0-5879-11f0-b1d9-47d5dafa46c9,89.43826,,,7.95417,,,,,,,81cc797a-4601-4b1e-8094-3d1dc0b85384,2025-07-04,01:51:25.40,2025-07-03T21:51:25.4070000-04:00,2025-07-04T01:51:25.4070000Z,,v3,525,495,,"Quiroz, Isaias",657728,Right,LEX_LEG,4e9167c6-1d19-4272-b51c-7a7f7c6d00aa,55.44221,-134.10212,14.04106,6.28143,-5.98692,-7.23901,-1.32516,8.69325,-5.60853,,,,,,,,,,,,,,,,,,,,,,,,,,,,,,,,,,,,,,,,,,,,,,,,,,,High,High,High,,,,,
329,2025-07-03,21:51:36.62,1,3,"Haab, Jonathan",805248,Right,LEX_LEG,"Sedio, Chad",670466,Left,WES_POW,Undefined,8,Bottom,0,1,1,Undefined,Slider,BallCalled,Undefined,Undefined,Undefined,0,0,,81.50043,1.582535,-0.749253,2779.886288,96.46689,9:15,6.21028,1.77659,4.94421,-40.32656,3.34217,-17.4004,4.34577,-0.38155,74.52275,-5.747425,-3.815959,0.475616,,,,,,,,,,,,8.32678,1.65406,-1.68899,50,6.33095,2.30983,-118.19338,1.76652,11.75921,22.87729,-29.83814,WES_POW,LEX_LEG,GoMart,Independent,ATL,20250703-GoMart-1,6bdbf630-5879-11f0-b1d9-47d5dafa46c9,79.24968,,,6.97768,,,,,,,81cc797a-4601-4b1e-8094-3d1dc0b85384,2025-07-04,01:51:36.62,2025-07-03T21:51:36.6200000-04:00,2025-07-04T01:51:36.6200000Z,,v3,525,495,,"Quiroz, Isaias",657728,Right,LEX_LEG,ca1ed3bf-fd83-4d76-ba72-257a4c0ddd70,55.55421,-119.2636,11.43865,6.21566,3.16237,-14.91907,-1.78417,1.75972,5.87961,,,,,,,,,,,,,,,,,,,,,,,,,,,,,,,,,,,,,,,,,,,,,,,,,,,High,High,High,,,,,
330,2025-07-03,21:51:51.04,1,4,"Haab, Jonathan",805248,Right,LEX_LEG,"Sedio, Chad",670466,Left,WES_POW,Undefined,8,Bottom,0,2,1,Undefined,Slider,InPlay,Undefined,GroundBall,Out,1,0,,81.66651,0.084829,-0.951718,2706.259975,85.434657,8:45,6.01784,1.95074,4.81451,-43.92719,-0.02323,-18.36178,2.43761,-0.48104,74.63974,-7.842467,-4.184335,0.476895,74.71198,-14.754296,61.004221,,,,,9.78555,8.31961,52.65828,0.084191,8.81575,0.33689,-1.83924,50,5.98824,2.75985,-118.42044,-1.48753,12.41678,24.32917,-31.69955,WES_POW,LEX_LEG,GoMart,Independent,ATL,20250703-GoMart-1,748c1530-5879-11f0-b1d9-47d5dafa46c9,79.03713,2.35618,,7.02676,,,,1.59874,2.35618,-0.04542,81cc797a-4601-4b1e-8094-3d1dc0b85384,2025-07-04,01:51:51.04,2025-07-03T21:51:51.0470000-04:00,2025-07-04T01:51:51.0470000Z,GroundBall,v3,525,495,,"Quiroz, Isaias",657728,Right,LEX_LEG,ed191ec9-a463-408d-9dcf-3a82144888e0,55.68594,-119.5829,12.16458,6.02313,0.02709,-15.84978,-1.95694,2.16657,6.20839,180,1.59677,51.51177,,,,,,,,2.35725,-27.98593,,,,,,,,-0.04899,92.94584,,,,,,,,,,,,,,,,,,,,,,,,,,,,,,High,High,High,Low,Low,,,
331,2025-07-03,21:52:17.97,2,1,"Haab, Jonathan",805248,Right,LEX_LEG,"Barnum, Keon",621572,Left,WES_POW,Undefined,8,Bottom,1,0,0,Undefined,Slider,StrikeCalled,Undefined,Undefined,Undefined,0,0,,83.8641,-0.37832,-0.719209,2653.941588,91.218041,9:00,6.04184,1.81461,4.92412,-39.78392,1.80929,-18.56198,2.36882,-0.41218,76.35895,-7.58955,-3.994437,0.464176,107.46287,-21.853907,74.860729,,,,,7.64274,3.82199,57.50667,0.043521,9.01497,1.38217,-1.72805,50,5.97191,2.34098,-121.58054,-2.31682,13.33863,26.39446,-30.12898,WES_POW,LEX_LEG,GoMart,Independent,ATL,20250703-GoMart-1,8490bad0-5879-11f0-b1d9-47d5dafa46c9,81.2029,2.5572,,7.50515,,,,2.44048,2.5572,0.29153,81cc797a-4601-4b1e-8094-3d1dc0b85384,2025-07-04,01:52:17.97,2025-07-03T21:52:17.9740000-04:00,2025-07-04T01:52:17.9740000Z,GroundBall,v3,525,495,,"Quiroz, Isaias",657728,Right,LEX_LEG,0c68fd05-be19-4f91-b12b-1c2737cf7ea2,55.57567,-122.78502,13.19723,6.04626,-0.94193,-15.06449,-1.82099,1.73229,6.66931,,2.44008,38.26196,,,,,,,,2.55782,-58.75747,,,,,,,,0.29005,141.41966,,,,,,,,,,,,,,,,,,,,,,,,,,,,,,High,High,High,Low,Low,,,
332,2025-07-03,21:52:32.29,2,2,"Haab, Jonathan",805248,Right,LEX_LEG,"Barnum, Keon",621572,Left,WES_POW,Undefined,8,Bottom,1,0,1,Undefined,Four-Seam,StrikeCalled,Undefined,Undefined,Undefined,0,0,,93.19511,-2.041281,-1.866988,2380.470964,202.282715,12:45,6.31105,1.59993,5.01745,-13.3443,20.12855,7.78142,3.27074,0.4858,84.57934,-4.581509,-0.493846,0.416407,,,,,,,,,,,,-4.37319,10.87178,-1.4275,50,6.10527,4.01106,-134.96674,-5.23929,-8.02885,30.6593,-12.21431,WES_POW,LEX_LEG,GoMart,Independent,ATL,20250703-GoMart-1,8cfddd60-5879-11f0-b1d9-47d5dafa46c9,90.51837,,,8.61577,,,,,,,81cc797a-4601-4b1e-8094-3d1dc0b85384,2025-07-04,01:52:32.29,2025-07-03T21:52:32.2990000-04:00,2025-07-04T01:52:32.2990000Z,,v3,525,495,,"Quiroz, Isaias",657728,Right,LEX_LEG,af256c1a-5e01-4efb-b3f1-13d695accf49,55.47853,-136.20557,15.32965,6.30699,-4.74576,-6.10716,-1.59613,4.33548,-4.01443,,,,,,,,,,,,,,,,,,,,,,,,,,,,,,,,,,,,,,,,,,,,,,,,,,,High,High,High,,,,,
333,2025-07-03,21:52:46.17,2,3,"Haab, Jonathan",805248,Right,LEX_LEG,"Barnum, Keon",621572,Left,WES_POW,Undefined,8,Bottom,1,0,2,Undefined,Four-Seam,StrikeSwinging,Strikeout,Undefined,Undefined,0,0,,94.27026,-2.052752,-1.838732,2327.1953,203.581465,12:45,6.36973,1.46665,4.90713,-12.33162,20.50521,8.46402,3.39904,0.43256,85.556,-4.406666,-0.34817,0.412431,,,,,,,,,,,,-4.67807,11.00445,-1.29425,50,6.15941,3.94929,-136.50759,-5.2875,-8.79036,31.21872,-11.49607,WES_POW,LEX_LEG,GoMart,Independent,ATL,20250703-GoMart-1,95426950-5879-11f0-b1d9-47d5dafa46c9,91.39079,,,8.71425,,,,,,,81cc797a-4601-4b1e-8094-3d1dc0b85384,2025-07-04,01:52:46.17,2025-07-03T21:52:46.1770000-04:00,2025-07-04T01:52:46.1770000Z,,v3,525,495,,"Quiroz, Isaias",657728,Right,LEX_LEG,5f6facc7-1c34-49ec-91fe-11bf52470b0e,55.58883,-137.7798,15.60936,6.36534,-4.81902,-5.74803,-1.46249,4.30751,-4.39518,,,,,,,,,,,,,,,,,,,,,,,,,,,,,75.00562,2.830846,1.886413,0.944434,-2.30968,3.10524,-0.41324,-2.29652,6.13637,-2.82845,81.23746,11.64851,-43.78893,-2.19666,95.44776,-7.47094,6.16986,18.11428,-13.01858,-2.9094,-48.41533,5.39078,High,High,High,,,High,Medium,High
334,2025-07-03,21:53:14.49,3,1,"Haab, Jonathan",805248,Right,LEX_LEG,"Rosa, Joseph",660563,Left,WES_POW,Undefined,8,Bottom,2,0,0,Undefined,Four-Seam,BallCalled,Undefined,Undefined,Undefined,0,0,,92.83591,-1.034029,-1.603704,2127.157852,203.847722,12:45,6.38629,1.30852,4.98429,-13.08639,20.61741,8.61571,4.31881,0.51168,84.26237,-3.532255,-0.084078,0.417841,,,,,,,,,,,,-4.69839,10.80087,-1.16119,50,6.27667,3.33688,-134.53665,-2.84176,-8.57892,30.21413,-12.45251,WES_POW,LEX_LEG,GoMart,Independent,ATL,20250703-GoMart-1,a622a1e0-5879-11f0-b1d9-47d5dafa46c9,90.20766,,,8.57354,,,,,,,81cc797a-4601-4b1e-8094-3d1dc0b85384,2025-07-04,01:53:14.49,2025-07-03T21:53:14.4920000-04:00,2025-07-04T01:53:14.4920000Z,,v3,525,495,,"Quiroz, Isaias",657728,Right,LEX_LEG,ebd30375-20eb-4dac-b10c-21bf39df2bd2,55.51186,-135.76886,15.10707,6.38221,-2.33392,-6.22626,-1.30441,3.68675,-4.28946,,,,,,,,,,,,,,,,,,,,,,,,,,,,,,,,,,,,,,,,,,,,,,,,,,,High,High,High,,,,,
335,2025-07-03,21:53:27.14,3,2,"Haab, Jonathan",805248,Right,LEX_LEG,"Rosa, Joseph",660563,Left,WES_POW,Undefined,8,Bottom,2,1,0,Undefined,Slider,BallCalled,Undefined,Undefined,Undefined,0,0,,82.90309,1.660826,-0.477303,2453.680266,88.998102,9:00,6.07344,1.68915,4.67685,-41.33046,1.11386,-10.06461,4.207,0.39713,76.0272,-5.797641,-2.24351,0.468901,,,,,,,,,,,,4.77776,0.51213,-1.63103,50,6.2052,1.45963,-120.23665,1.85627,7.01629,22.62409,-31.42198,WES_POW,LEX_LEG,GoMart,Independent,ATL,20250703-GoMart-1,adb34720-5879-11f0-b1d9-47d5dafa46c9,80.38462,,,6.8759,,,,,,,81cc797a-4601-4b1e-8094-3d1dc0b85384,2025-07-04,01:53:27.14,2025-07-03T21:53:27.1460000-04:00,2025-07-04T01:53:27.1460000Z,,v3,525,495,,"Quiroz, Isaias",657728,Right,LEX_LEG,b70acd8f-7d15-477e-90db-bd283602d785,55.82202,-121.3272,11.31205,6.07922,3.37089,-15.71099,-1.69323,1.12142,3.50814,,,,,,,,,,,,,,,,,,,,,,,,,,,,,,,,,,,,,,,,,,,,,,,,,,,High,High,High,,,,,
336,2025-07-03,21:53:46.17,3,3,"Haab, Jonathan",805248,Right,LEX_LEG,"Rosa, Joseph",660563,Left,WES_POW,Undefined,8,Bottom,2,2,0,Undefined,Slider,StrikeCalled,Undefined,Undefined,Undefined,0,0,,82.49066,0.395547,-0.928766,2487.089205,107.292084,9:30,6.0783,1.84499,5.07017,-37.36581,5.52603,-12.90158,3.33747,-0.10588,74.67506,-6.443411,-3.209459,0.471366,,,,,,,,,,,,6.05457,3.09571,-1.74638,50,6.08685,2.50864,-119.50229,-0.53905,8.63943,25.87509,-27.75666,WES_POW,LEX_LEG,GoMart,Independent,ATL,20250703-GoMart-1,b90d9e90-5879-11f0-b1d9-47d5dafa46c9,79.96421,,,7.8156,,,,,,,81cc797a-4601-4b1e-8094-3d1dc0b85384,2025-07-04,01:53:46.17,2025-07-03T21:53:46.1730000-04:00,2025-07-04T01:53:46.1730000Z,,v3,525,495,,"Quiroz, Isaias",657728,Right,LEX_LEG,688d3aba-0d17-4d3d-a9f2-590c77286d01,55.42536,-120.67129,12.93754,6.08287,0.71496,-13.87833,-1.8509,2.11832,4.31971,,,,,,,,,,,,,,,,,,,,,,,,,,,,,,,,,,,,,,,,,,,,,,,,,,,High,High,High,,,,,
337,2025-07-03,21:53:57.57,3,4,"Haab, Jonathan",805248,Right,LEX_LEG,"Rosa, Joseph",660563,Left,WES_POW,Undefined,8,Bottom,2,2,1,Undefined,Slider,StrikeCalled,Undefined,Undefined,Undefined,0,0,,81.82517,0.458159,-1.612872,2582.989899,79.131601,8:45,6.10422,1.65283,4.93377,-44.41676,-1.07421,-12.67009,2.83607,-0.92791,75.0813,-7.563735,-3.846893,0.473836,,,,,,,,,,,,5.79111,-0.2339,-1.48494,50,6.112,3.89289,-118.68149,-0.73252,8.24159,23.18027,-32.50695,WES_POW,LEX_LEG,GoMart,Independent,ATL,20250703-GoMart-1,bfd7e690-5879-11f0-b1d9-47d5dafa46c9,79.54737,,,6.74387,,,,,,,81cc797a-4601-4b1e-8094-3d1dc0b85384,2025-07-04,01:53:57.57,2025-07-03T21:53:57.5770000-04:00,2025-07-04T01:53:57.5770000Z,,v3,525,495,,"Quiroz, Isaias",657728,Right,LEX_LEG,44de350d-675d-400e-81bd-269d77b07dc7,55.56564,-119.76361,11.59013,6.11077,0.78499,-16.25347,-1.65769,3.50815,4.12079,,,,,,,,,,,,,,,,,,,,,,,,,,,,,,,,,,,,,,,,,,,,,,,,,,,High,High,High,,,,,
338,2025-07-03,21:54:18.56,3,5,"Haab, Jonathan",805248,Right,LEX_LEG,"Rosa, Joseph",660563,Left,WES_POW,Undefined,8,Bottom,2,2,2,Undefined,Four-Seam,BallCalled,Undefined,Undefined,Undefined,0,0,,93.30719,-2.983799,-1.288541,2139.31181,215.674524,1:15,6.26733,1.50205,4.96573,-17.90635,15.49505,10.32587,1.95323,1.14512,85.08922,-6.30522,0.533771,0.415962,,,,,,,,,,,,-5.46492,8.84162,-1.38629,50,5.96435,2.52801,-135.11843,-7.71119,-10.07891,30.09849,-15.86758,WES_POW,LEX_LEG,GoMart,Independent,ATL,20250703-GoMart-1,cc6bf680-5879-11f0-b1d9-47d5dafa46c9,90.61509,,,8.21797,,,,,,,81cc797a-4601-4b1e-8094-3d1dc0b85384,2025-07-04,01:54:18.56,2025-07-03T21:54:18.5610000-04:00,2025-07-04T01:54:18.5610000Z,,v3,525,495,,"Quiroz, Isaias",657728,Right,LEX_LEG,754f4e4c-e92e-4f93-948b-038f85965594,55.53168,-136.34508,15.04925,6.26544,-7.06452,-7.93379,-1.49769,2.93877,-5.03946,,,,,,,,,,,,,,,,,,,,,,,,,,,,,,,,,,,,,,,,,,,,,,,,,,,High,High,High,,,,,
339,2025-07-03,21:54:33.18,3,6,"Haab, Jonathan",805248,Right,LEX_LEG,"Rosa, Joseph",660563,Left,WES_POW,Undefined,8,Bottom,2,3,2,Undefined,Slider,StrikeSwinging,Strikeout,Undefined,Undefined,0,0,,83.13757,-2.903178,-2.016946,2753.57474,126.372808,10:15,6.10444,1.83895,4.75913,-33.38376,8.74126,-10.14071,0.56545,-0.91948,76.93315,-8.89937,-3.799783,0.467134,,,,,,,,,,,,4.52587,5.41961,-1.62695,50,5.78352,4.67746,-120.46052,-7.36684,6.67718,22.50979,-24.17833,WES_POW,LEX_LEG,GoMart,Independent,ATL,20250703-GoMart-1,d5273910-5879-11f0-b1d9-47d5dafa46c9,80.68871,,,6.20441,,,,,,,81cc797a-4601-4b1e-8094-3d1dc0b85384,2025-07-04,01:54:33.18,2025-07-03T21:54:33.1880000-04:00,2025-07-04T01:54:33.1880000Z,,v3,525,495,,"Quiroz, Isaias",657728,Right,LEX_LEG,7018bcaa-de59-4768-8d8f-8de3b164a966,55.74184,-121.52873,11.2549,6.10589,-6.21945,-12.08917,-1.8414,4.36059,3.33859,,,,,,,,,,,,,,,,,,,,,,,,,,,,,,,,,,,,,,,,,,,,,,,,,,,High,High,High,,,,,
340,2025-07-03,21:57:35.60,1,1,"Moscatiello, Frank",703590,Right,WES_POW,"Riddle, JT",595375,Left,LEX_LEG,Undefined,9,Top,0,0,0,Undefined,Four-Seam,FoulBallNotFieldable,Undefined,Undefined,Undefined,0,0,,92.77,-1.612694,-2.698599,2384.901997,203.232377,12:45,5.6516,1.09401,5.28406,-13.27532,19.81946,8.07457,3.02878,-0.76921,85.07325,-4.13226,-1.268122,0.414048,75.82461,74.50331,113.223801,4347.075334,,,,,6.50816,,,-4.78225,10.68575,-0.85413,50,5.49524,5.97012,-134.57151,-4.22026,-8.81935,27.65031,-12.46751,WES_POW,LEX_LEG,GoMart,Independent,ATL,20250703-GoMart-1,41e02b70-587a-11f0-b1d9-47d5dafa46c9,91.03392,27.26192,,7.69675,,,,2.45832,2.92247,0.63997,81cc797a-4601-4b1e-8094-3d1dc0b85384,2025-07-04,01:57:35.60,2025-07-03T21:57:35.6000000-04:00,2025-07-04T01:57:35.6000000Z,,v3,525,495,,"Lopez, B.J.",625439,Right,WES_POW,2d667c97-32a6-4c36-afe1-3439090ca731,55.21597,-135.639,13.82515,5.64887,-3.73893,-6.23376,-1.09119,6.3106,-4.40968,338.850921,2.46095,-11.86097,-6.4123,,,,,,,2.92588,106.98175,-30.76285,,,,,,,0.64407,27.08153,-13.66151,,,,,,,,,,,,,,,,,,,,,,,,,,,,,High,High,High,Medium,Undefined,,,
341,2025-07-03,21:57:59.31,1,2,"Moscatiello, Frank",703590,Right,WES_POW,"Riddle, JT",595375,Left,LEX_LEG,Undefined,9,Top,0,0,1,Undefined,Curveball,StrikeCalled,Undefined,Undefined,Undefined,0,0,,81.47324,1.190904,-1.536111,2411.974342,341.91048,5:30,5.52883,1.26739,4.58526,-46.78357,-3.10079,1.40516,2.76366,-0.07715,75.57536,-7.178981,-1.28981,0.475693,,,,,,,,,,,,-1.05736,-1.43677,-1.10998,50,5.60796,3.10999,-118.29334,0.60575,-1.51763,19.83297,-34.23621,WES_POW,LEX_LEG,GoMart,Independent,ATL,20250703-GoMart-1,4fed1fc0-587a-11f0-b1d9-47d5dafa46c9,79.23694,,,5.89788,,,,,,,81cc797a-4601-4b1e-8094-3d1dc0b85384,2025-07-04,01:57:59.31,2025-07-03T21:57:59.3130000-04:00,2025-07-04T01:57:59.3130000Z,,v3,525,495,,"Lopez, B.J.",625439,Right,WES_POW,557a7edf-0709-43cf-b9e0-0c0e8c858090,55.91605,-119.2811,9.91649,5.53533,2.31084,-17.1181,-1.26675,3.18557,-0.75882,,,,,,,,,,,,,,,,,,,,,,,,,,,,,,,,,,,,,,,,,,,,,,,,,,,High,High,High,,,,,
342,2025-07-03,21:58:20.12,1,3,"Moscatiello, Frank",703590,Right,WES_POW,"Riddle, JT",595375,Left,LEX_LEG,Undefined,9,Top,0,0,2,Undefined,Four-Seam,StrikeSwinging,Strikeout,Undefined,Undefined,0,0,,93.28276,-0.921781,-1.878637,2431.48987,202.989555,12:45,5.59906,1.12417,5.61116,-12.46135,20.01592,8.0504,3.6997,0.04092,85.00795,-3.323353,-0.442434,0.410167,,,,,,,,,,,,-4.5852,10.68906,-0.96883,50,5.51238,4.06726,-135.37111,-2.52984,-8.50455,29.67695,-12.34818,WES_POW,LEX_LEG,GoMart,Independent,ATL,20250703-GoMart-1,5c4f2330-587a-11f0-b1d9-47d5dafa46c9,91.89525,,,8.27481,,,,,,,81cc797a-4601-4b1e-8094-3d1dc0b85384,2025-07-04,01:58:20.12,2025-07-03T21:58:20.1270000-04:00,2025-07-04T01:58:20.1270000Z,,v3,525,495,,"Lopez, B.J.",625439,Right,WES_POW,af4a1f66-5977-4224-a6f0-8b37965b2c89,54.88625,-136.4381,14.83847,5.59535,-2.08588,-6.17409,-1.12056,4.37303,-4.25228,,,,,,,,,,,,,,,,,,,,,,,,,,,,,48.50017,2.976136,1.362074,1.614062,-1.09449,3.55082,-0.02301,-3.74996,4.99651,0.0379,76.66613,9.13071,-48.34785,-3.6531,55.03521,-3.26115,5.22847,28.47587,-16.12028,0.0258,-32.15796,1.35587,High,High,High,,,High,Medium,High
343,2025-07-03,21:58:56.72,2,1,"Moscatiello, Frank",703590,Right,WES_POW,"Rock, Dylan",676423,Right,LEX_LEG,Undefined,9,Top,1,0,0,Undefined,Slider,StrikeCalled,Undefined,Undefined,Undefined,0,0,,83.96496,0.161888,-1.40692,2321.286717,350.561903,5:45,5.62798,1.1857,4.59967,-44.20455,-3.04823,0.69807,2.09828,-0.09443,77.87406,-7.741537,-1.284434,0.461732,,,,,,,,,,,,-0.69075,-1.2211,-1.04131,50,5.60318,2.96313,-121.92741,-1.44945,-1.05114,21.53694,-34.03223,WES_POW,LEX_LEG,GoMart,Independent,ATL,20250703-GoMart-1,72269170-587a-11f0-b1d9-47d5dafa46c9,81.63277,,,6.0909,,,,,,,81cc797a-4601-4b1e-8094-3d1dc0b85384,2025-07-04,01:58:56.72,2025-07-03T21:58:56.7230000-04:00,2025-07-04T01:58:56.7230000Z,,v3,525,495,,"Lopez, B.J.",625439,Right,WES_POW,06a9f103-99fb-46e7-bc16-4fde8b3dcf55,55.90193,-122.96549,10.76847,5.63351,0.19091,-17.01612,-1.18535,3.01379,-0.52557,,,,,,,,,,,,,,,,,,,,,,,,,,,,,,,,,,,,,,,,,,,,,,,,,,,High,High,High,,,,,
344,2025-07-03,21:59:16.58,2,2,"Moscatiello, Frank",703590,Right,WES_POW,"Rock, Dylan",676423,Right,LEX_LEG,Undefined,9,Top,1,0,1,Undefined,Four-Seam,FoulBallNotFieldable,Undefined,Undefined,Undefined,0,0,,94.32644,-2.49512,-1.719836,2357.369643,190.448568,12:15,5.64052,0.87953,5.53125,-12.10623,19.70355,3.4487,2.29676,-0.44123,86.32409,-4.812059,-1.105456,0.405931,,,,,,,,,,,,-2.16973,10.84642,-0.7323,50,5.41537,3.9378,-136.76776,-6.30136,-4.12563,29.06909,-11.55003,WES_POW,LEX_LEG,GoMart,Independent,ATL,20250703-GoMart-1,7df3cef0-587a-11f0-b1d9-47d5dafa46c9,92.85441,,,8.00235,,,,,,,81cc797a-4601-4b1e-8094-3d1dc0b85384,2025-07-04,01:59:16.58,2025-07-03T21:59:16.5870000-04:00,2025-07-04T01:59:16.5870000Z,,v3,525,495,,"Lopez, B.J.",625439,Right,WES_POW,0d51f238-0264-47e6-a1a8-fad1078dd67b,54.96362,-137.81871,14.53454,5.63564,-5.88379,-5.77501,-0.87737,4.08696,-2.06282,,,,,,,,,,,,,,,,,,,,,,,,,,,,,,,,,,,,,,,,,,,,,,,,,,,High,High,High,,,,,
345,2025-07-03,21:59:44.78,2,3,"Moscatiello, Frank",703590,Right,WES_POW,"Rock, Dylan",676423,Right,LEX_LEG,Undefined,9,Top,1,0,2,Undefined,Four-Seam,BallCalled,Undefined,Undefined,Undefined,0,0,,92.61582,-0.464171,-0.780136,2395.823875,202.839364,12:45,5.65031,0.90592,5.68709,-14.85615,18.00741,7.13882,3.97961,0.77365,84.33164,-3.301466,0.496124,0.412599,,,,,,,,,,,,-3.81906,9.5691,-0.84469,50,5.60202,1.50217,-134.45747,-1.53394,-6.9792,29.62943,-14.68688,WES_POW,LEX_LEG,GoMart,Independent,ATL,20250703-GoMart-1,8ec0a690-587a-11f0-b1d9-47d5dafa46c9,91.35357,,,8.28417,,,,,,,81cc797a-4601-4b1e-8094-3d1dc0b85384,2025-07-04,01:59:44.78,2025-07-03T21:59:44.7870000-04:00,2025-07-04T01:59:44.7870000Z,,v3,525,495,,"Lopez, B.J.",625439,Right,WES_POW,768348ad-1c21-49f1-93e8-4ab0bcec0c1b,54.80938,-135.51314,14.81472,5.64735,-1.01066,-7.34344,-0.90264,1.75083,-3.4896,,,,,,,,,,,,,,,,,,,,,,,,,,,,,,,,,,,,,,,,,,,,,,,,,,,High,High,High,,,,,
346,2025-07-03,22:00:07.36,2,4,"Moscatiello, Frank",703590,Right,WES_POW,"Rock, Dylan",676423,Right,LEX_LEG,Undefined,9,Top,1,1,2,Undefined,Four-Seam,BallCalled,Undefined,Undefined,Undefined,0,0,,93.25743,-1.893356,-3.826403,2437.231845,201.171104,12:45,5.62002,0.69262,5.78624,-12.42465,19.94686,7.32241,2.81862,-2.26228,85.1047,-4.288139,-2.519655,0.409499,,,,,,,,,,,,-4.77268,10.98607,-0.38128,50,5.45617,8.70485,-135.10425,-4.81361,-8.82857,29.21179,-11.85186,WES_POW,LEX_LEG,GoMart,Independent,ATL,20250703-GoMart-1,9c368b00-587a-11f0-b1d9-47d5dafa46c9,92.04524,,,8.15272,,,,,,,81cc797a-4601-4b1e-8094-3d1dc0b85384,2025-07-04,02:00:07.36,2025-07-03T22:00:07.3650000-04:00,2025-07-04T02:00:07.3650000Z,,v3,525,495,,"Lopez, B.J.",625439,Right,WES_POW,80940aab-07ee-4c86-b3bb-816f9cb5eb68,54.71139,-136.11912,14.6059,5.61625,-4.40185,-5.92593,-0.68903,9.01157,-4.41428,,,,,,,,,,,,,,,,,,,,,,,,,,,,,,,,,,,,,,,,,,,,,,,,,,,High,High,High,,,,,
347,2025-07-03,22:00:28.67,2,5,"Moscatiello, Frank",703590,Right,WES_POW,"Rock, Dylan",676423,Right,LEX_LEG,Undefined,9,Top,1,2,2,Undefined,Four-Seam,FoulBallNotFieldable,Undefined,Undefined,Undefined,0,0,,93.71495,-2.54067,-1.904053,2428.909506,221.285847,1:30,5.63496,0.9267,5.60573,-16.89973,15.25131,12.50032,1.85212,0.19035,85.82805,-5.712671,0.327275,0.408102,92.17496,-39.106171,-60.985501,,,,,3.98211,3.98211,-34.506326,0.022521,-6.88819,8.74115,-0.7722,50,5.40663,3.95458,-135.95723,-6.60653,-12.91419,29.34617,-15.78591,WES_POW,LEX_LEG,GoMart,Independent,ATL,20250703-GoMart-1,a900ed30-587a-11f0-b1d9-47d5dafa46c9,92.36029,1.92355,,7.8869,,,,2.13373,1.92355,-0.18644,81cc797a-4601-4b1e-8094-3d1dc0b85384,2025-07-04,02:00:28.67,2025-07-03T22:00:28.6790000-04:00,2025-07-04T02:00:28.6790000Z,GroundBall,v3,525,495,,"Lopez, B.J.",625439,Right,WES_POW,3c773755-dcce-45fa-8982-1008790f035c,54.89402,-137.00952,14.67308,5.63338,-6.04048,-7.89295,-0.92231,4.41765,-6.4571,,2.13344,50.96371,,,,,,,,1.92404,-85.4094,,,,,,,,-0.18591,-91.88613,,,,,,,,,,,,,,,,,,,,,,,,,,,,,,High,High,High,Estimated,Estimated,,,
348,2025-07-03,22:01:01.11,2,6,"Moscatiello, Frank",703590,Right,WES_POW,"Rock, Dylan",676423,Right,LEX_LEG,Undefined,9,Top,1,2,2,Undefined,Slider,StrikeSwinging,Strikeout,Undefined,Undefined,0,0,,85.55283,-2.24275,-1.820037,2406.346944,353.833491,5:45,5.5501,1.08505,4.82324,-40.81581,-1.23276,0.25917,0.02244,-0.61775,79.29887,-9.542982,-1.774331,0.452821,,,,,,,,,,,,-0.60988,0.22539,-0.90469,50,5.29171,3.93184,-124.09165,-6.47788,-0.95573,23.67408,-31.82087,WES_POW,LEX_LEG,GoMart,Independent,ATL,20250703-GoMart-1,bc622b50-587a-11f0-b1d9-47d5dafa46c9,83.23922,,,6.25396,,,,,,,81cc797a-4601-4b1e-8094-3d1dc0b85384,2025-07-04,02:01:01.11,2025-07-03T22:01:01.1160000-04:00,2025-07-04T02:01:01.1160000Z,,v3,525,495,,"Lopez, B.J.",625439,Right,WES_POW,ee4ebb32-f702-433d-a02c-4090110024e5,55.67879,-125.17036,11.83704,5.55384,-5.02797,-15.91044,-1.08484,3.97538,-0.47786,,,,,,,,,,,,,,,,,,,,,,,,,,,,,,,,,,,,,,,,,,,,,,,,,,,High,High,High,,,,,
349,2025-07-03,22:01:39.01,3,1,"Moscatiello, Frank",703590,Right,WES_POW,"Whalen, Brady",669714,Left,LEX_LEG,Undefined,9,Top,2,0,0,Undefined,Slider,StrikeSwinging,Undefined,Undefined,Undefined,0,0,,84.59548,1.280847,-0.894785,2334.621585,343.941619,5:30,5.52689,1.16924,4.59245,-43.06865,-2.53256,1.05386,3.15649,0.40591,78.2729,-6.437737,-0.710032,0.458239,,,,,,,,,,,,-0.73268,-1.19622,-1.0779,50,5.6188,1.86967,-122.82801,0.97491,-1.13262,21.61483,-34.02325,WES_POW,LEX_LEG,GoMart,Independent,ATL,20250703-GoMart-1,d2e2f8f0-587a-11f0-b1d9-47d5dafa46c9,82.25494,,,6.32257,,,,,,,81cc797a-4601-4b1e-8094-3d1dc0b85384,2025-07-04,02:01:39.01,2025-07-03T22:01:39.0150000-04:00,2025-07-04T02:01:39.0150000Z,,v3,525,495,,"Lopez, B.J.",625439,Right,WES_POW,9a76aa02-1a92-4c66-8c43-7fbd6b11c65c,55.90829,-123.86336,10.80742,5.53307,2.60464,-17.01162,-1.16876,1.92392,-0.56631,,,,,,,,,,,,,,,,,,,,,,,,,,,,,,,,,,,,,,,,,,,,,,,,,,,High,High,High,,,,,
350,2025-07-03,22:01:57.89,3,2,"Moscatiello, Frank",703590,Right,WES_POW,"Whalen, Brady",669714,Left,LEX_LEG,Undefined,9,Top,2,0,1,Undefined,Curveball,BallCalled,Undefined,Undefined,Undefined,0,0,,83.60191,2.326846,-1.019883,2504.621794,9.620836,6:15,5.57709,1.21318,4.65491,-48.9268,-7.73134,-1.49055,3.7121,0.1199,77.77564,-6.417588,-1.281368,0.461951,,,,,,,,,,,,0.4998,-4.00622,-1.10756,50,5.76952,2.22895,-121.44719,2.94242,0.75984,19.78671,-38.26477,WES_POW,LEX_LEG,GoMart,Independent,ATL,20250703-GoMart-1,de227560-587a-11f0-b1d9-47d5dafa46c9,81.594,,,5.82628,,,,,,,81cc797a-4601-4b1e-8094-3d1dc0b85384,2025-07-04,02:01:57.89,2025-07-03T22:01:57.8900000-04:00,2025-07-04T02:01:57.8900000Z,,v3,525,495,,"Lopez, B.J.",625439,Right,WES_POW,9415f471-2f34-4472-86ca-88a8fd87d89d,55.84821,-122.3963,9.89335,5.58436,4.77786,-19.13239,-1.2136,2.1925,0.37992,,,,,,,,,,,,,,,,,,,,,,,,,,,,,,,,,,,,,,,,,,,,,,,,,,,High,High,High,,,,,
351,2025-07-03,22:02:16.69,3,3,"Moscatiello, Frank",703590,Right,WES_POW,"Whalen, Brady",669714,Left,LEX_LEG,Undefined,9,Top,2,1,1,Undefined,Four-Seam,FoulBallNotFieldable,Undefined,Undefined,Undefined,0,0,,93.08724,-1.035886,-2.381887,2273.686404,210.593638,1:00,5.57189,1.07209,5.70943,-17.05351,15.3919,8.49804,3.18472,-0.44014,85.08206,-4.254122,-0.863432,0.409966,69.55488,75.189618,146.339489,4662.539491,,,,,10.6644,,,-5.01512,8.43953,-0.87807,50,5.47467,5.24613,-135.12451,-3.00568,-9.27988,29.21754,-16.55761,WES_POW,LEX_LEG,GoMart,Independent,ATL,20250703-GoMart-1,e96685b0-587a-11f0-b1d9-47d5dafa46c9,91.94037,40.35349,,8.00519,,,,1.78616,2.78319,0.33881,81cc797a-4601-4b1e-8094-3d1dc0b85384,2025-07-04,02:02:16.69,2025-07-03T22:02:16.6910000-04:00,2025-07-04T02:02:16.6910000Z,,v3,525,495,,"Lopez, B.J.",625439,Right,WES_POW,5bd2d50e-90b1-4b5d-bd64-1bf9205fa524,54.79036,-136.15638,14.60877,5.5705,-2.42093,-8.27881,-1.06913,5.57386,-4.63994,346.472244,1.80212,-22.19802,-6.49944,,,,,,,2.79973,98.12161,-28.88624,,,,,,,0.34855,14.15445,-6.06072,,,,,,,,,,,,,,,,,,,,,,,,,,,,,High,High,High,High,Undefined,,,
352,2025-07-03,22:02:44.91,3,4,"Moscatiello, Frank",703590,Right,WES_POW,"Whalen, Brady",669714,Left,LEX_LEG,Undefined,9,Top,2,1,2,Undefined,Slider,InPlay,Undefined,LineDrive,Double,0,0,,86.12553,-0.117596,-0.44789,2442.840526,351.697667,5:45,5.49418,1.25864,4.60987,-40.88231,-1.59075,0.40236,1.9755,0.86628,79.4149,-7.4487,-0.377249,0.45115,79.98128,25.679491,-33.478047,4467.436548,85.68364,38.60458,-68.98051,254.08612,193.29704,-44.713464,3.325932,-0.31547,-0.43457,-1.21294,50,5.44397,0.95861,-125.01186,-1.94854,-0.50189,23.949,-32.86541,WES_POW,LEX_LEG,GoMart,Independent,ATL,20250703-GoMart-1,fa3cac20-587a-11f0-b1d9-47d5dafa46c9,83.54746,40.67522,,6.71063,,,,0.95127,1.96179,-0.81795,81cc797a-4601-4b1e-8094-3d1dc0b85384,2025-07-04,02:02:44.91,2025-07-03T22:02:44.9100000-04:00,2025-07-04T02:02:44.9100000Z,LineDrive,v3,525,495,,"Lopez, B.J.",625439,Right,WES_POW,c153f4bf-4e2e-4394-a772-8c7d06b94f30,55.89078,-126.13534,11.9745,5.49921,-0.40679,-16.43271,-1.25846,0.98215,-0.25094,128.406636,0.95101,88.1892,-19.46195,5.06182,-1.26528,0.32429,-0.07669,0.01188,-0.00077,1.96193,50.82873,-17.83285,0.71063,0.08296,-0.05772,0.01101,0.00053,-0.00026,-0.81787,-58.31928,0.96679,0.59842,-0.26562,0.05985,-0.0074,0.00026,2E-05,,,,,,,,,,,,,,,,,,,,,,,High,High,High,Medium,Medium,,,
353,2025-07-03,22:03:55.04,4,1,"Moscatiello, Frank",703590,Right,WES_POW,"Terry, Curtis",663799,Right,LEX_LEG,Undefined,9,Top,2,0,0,Undefined,Four-Seam,InPlay,Undefined,Popup,Out,1,0,,93.73787,-1.344458,-0.677265,2191.069755,192.930071,12:30,5.62604,1.00233,5.37933,-15.56532,17.03426,3.6587,3.06827,0.67231,85.08867,-4.292525,-0.026827,0.410939,57.62332,-24.387802,-4.060159,,,,,7.78754,7.64585,-8.185469,0.085882,-2.04118,9.28087,-0.94442,50,5.49516,1.43426,-135.95633,-3.70922,-3.79692,31.52631,-14.91003,WES_POW,LEX_LEG,GoMart,Independent,ATL,20250703-GoMart-1,24064de0-587b-11f0-b1d9-47d5dafa46c9,91.72268,3.0163,,8.6492,,,,1.07175,3.0163,-0.6377,81cc797a-4601-4b1e-8094-3d1dc0b85384,2025-07-04,02:03:55.04,2025-07-03T22:03:55.0420000-04:00,2025-07-04T02:03:55.0420000Z,GroundBall,v3,525,495,,"Lopez, B.J.",625439,Right,WES_POW,d4b9d0fc-7f0f-4b60-b321-cf0791b99ebd,55.11815,-137.13802,15.76315,5.62372,-3.15035,-7.45502,-1.00085,1.57658,-1.89846,180,1.06491,77.27419,,,,,,,,3.0194,-35.12144,,,,,,,,-0.63722,-5.48508,,,,,,,,,,,,,,,,,,,,,,,,,,,,,,High,High,High,High,High,,,