PitchNo,Date,Time,PAofInning,PitchofPA,Pitcher,PitcherId,PitcherThrows,PitcherTeam,Batter,BatterId,BatterSide,BatterTeam,PitcherSet,Inning,Top/Bottom,Outs,Balls,Strikes,TaggedPitchType,AutoPitchType,PitchCall,KorBB,TaggedHitType,PlayResult,OutsOnPlay,RunsScored,Notes,RelSpeed,VertRelAngle,HorzRelAngle,SpinRate,SpinAxis,Tilt,RelHeight,RelSide,Extension,VertBreak,InducedVertBreak,HorzBreak,PlateLocHeight,PlateLocSide,ZoneSpeed,VertApprAngle,HorzApprAngle,ZoneTime,ExitSpeed,Angle,Direction,HitSpinRate,PositionAt110X,PositionAt110Y,PositionAt110Z,Distance,LastTrackedDistance,Bearing,HangTime,pfxx,pfxz,x0,y0,z0,vx0,vy0,vz0,ax0,ay0,az0,HomeTeam,AwayTeam,Stadium,Level,League,GameID,PitchUID,EffectiveVelo,MaxHeight,MeasuredDuration,SpeedDrop,PitchLastMeasuredX,PitchLastMeasuredY,PitchLastMeasuredZ,ContactPositionX,ContactPositionY,ContactPositionZ,GameUID,UTCDate,UTCTime,LocalDateTime,UTCDateTime,AutoHitType,System,HomeTeamForeignID,AwayTeamForeignID,GameForeignID,Catcher,CatcherId,CatcherThrows,CatcherTeam,PlayID,PitchTrajectoryXc0,PitchTrajectoryXc1,PitchTrajectoryXc2,PitchTrajectoryYc0,PitchTrajectoryYc1,PitchTrajectoryYc2,PitchTrajectoryZc0,PitchTrajectoryZc1,PitchTrajectoryZc2,HitSpinAxis,HitTrajectoryXc0,HitTrajectoryXc1,HitTrajectoryXc2,HitTrajectoryXc3,HitTrajectoryXc4,HitTrajectoryXc5,HitTrajectoryXc6,HitTrajectoryXc7,HitTrajectoryXc8,HitTrajectoryYc0,HitTrajectoryYc1,HitTrajectoryYc2,HitTrajectoryYc3,HitTrajectoryYc4,HitTrajectoryYc5,HitTrajectoryYc6,HitTrajectoryYc7,HitTrajectoryYc8,HitTrajectoryZc0,HitTrajectoryZc1,HitTrajectoryZc2,HitTrajectoryZc3,HitTrajectoryZc4,HitTrajectoryZc5,HitTrajectoryZc6,HitTrajectoryZc7,HitTrajectoryZc8,ThrowSpeed,PopTime,ExchangeTime,TimeToBase,CatchPositionX,CatchPositionY,CatchPositionZ,ThrowPositionX,ThrowPositionY,ThrowPositionZ,BasePositionX,BasePositionY,BasePositionZ,ThrowTrajectoryXc0,ThrowTrajectoryXc1,ThrowTrajectoryXc2,ThrowTrajectoryYc0,ThrowTrajectoryYc1,ThrowTrajectoryYc2,ThrowTrajectoryZc0,ThrowTrajectoryZc1,ThrowTrajectoryZc2,PitchReleaseConfidence,PitchLocationConfidence,PitchMovementConfidence,HitLaunchConfidence,HitLandingConfidence,CatcherThrowCatchConfidence,CatcherThrowReleaseConfidence,CatcherThrowLocationConfidence
1,2025-08-21,18:37:26.57,1,1,"Virbitsky, Kyle",680223,Right,SMD,"Scantlin, Nate",676715,Left,GAS,Undefined,1,Top,0,0,0,Fastball,Four-Seam,StrikeCalled,Undefined,Undefined,Undefined,0,0,,92.19752,-2.136888,-1.390603,2367.740856,191.070798,12:15,6.49544,1.51936,5.92829,-13.45922,19.98757,3.6641,3.38966,0.5342,82.73398,-4.762489,-0.732758,0.416245,,,,,,,,,,,,-2.31665,11.25945,-1.4102,50,6.31693,3.07509,-133.54421,-5.32084,-4.10632,33.71509,-12.21649,SMD,GAS,RegencyFurnitureStadium,Independent,ATL,20250821-RegencyFurnitureStadium-1,6a6a8d20-7edf-11f0-9a44-91d46b4c5819,90.55358,,,9.46353,,,,,,,a1610a2b-efcb-4247-9bb7-6790101691be,2025-08-21,22:37:26.57,2025-08-21T18:37:26.5776128-04:00,2025-08-21T22:37:26.5776128Z,,v3,5433,5508,,"McCarthy, Ryan",811735,Right,SMD,ab61e983-9520-40ed-a513-c8451de01db3,54.56428,-134.6916,16.85755,6.49094,-4.90509,-6.10824,-1.51722,3.21483,-2.05316,,,,,,,,,,,,,,,,,,,,,,,,,,,,,,,,,,,,,,,,,,,,,,,,,,,High,High,High,,,,,
2,2025-08-21,18:37:40.54,1,2,"Virbitsky, Kyle",680223,Right,SMD,"Scantlin, Nate",676715,Left,GAS,Undefined,1,Top,0,0,1,Cutter,Cutter,BallCalled,Undefined,Undefined,Undefined,0,0,,89.42573,-3.806239,-2.000866,2548.793931,145.804627,10:45,6.42499,1.63799,5.80292,-25.19553,9.95335,-6.01941,0.77811,-0.72523,82.37837,-8.441296,-3.079734,0.426704,,,,,,,,,,,,2.53669,6.46748,-1.47004,50,6.09689,4.78004,-129.58875,-9.48476,4.31922,26.75062,-21.16189,SMD,GAS,RegencyFurnitureStadium,Independent,ATL,20250821-RegencyFurnitureStadium-1,72c1b6b0-7edf-11f0-9a44-91d46b4c5819,88.33385,,,7.04736,,,,,,,a1610a2b-efcb-4247-9bb7-6790101691be,2025-08-21,22:37:40.54,2025-08-21T18:37:40.5497344-04:00,2025-08-21T22:37:40.5497344Z,,v3,5433,5508,,"McCarthy, Ryan",811735,Right,SMD,916e2995-e5a3-4182-ad1b-b81195179e08,54.69527,-130.55439,13.37531,6.42548,-8.72087,-10.58095,-1.63977,4.62412,2.15961,,,,,,,,,,,,,,,,,,,,,,,,,,,,,,,,,,,,,,,,,,,,,,,,,,,High,High,High,,,,,
3,2025-08-21,18:38:00.59,1,3,"Virbitsky, Kyle",680223,Right,SMD,"Scantlin, Nate",676715,Left,GAS,Undefined,1,Top,0,1,1,Cutter,Cutter,FoulBallNotFieldable,Undefined,Undefined,Undefined,0,0,,88.125,-1.547388,-2.593468,2551.554013,160.672873,11:15,6.37813,1.92376,5.72134,-27.92805,8.38414,-2.53559,2.60766,-0.70487,80.72791,-6.707091,-3.046651,0.433708,85.95088,-24.185917,76.340181,,,,,6.97453,3.34036,63.626173,0.050733,0.56205,5.04677,-1.70542,50,6.23152,5.89641,-127.8332,-4.41757,0.9282,26.82978,-23.83924,SMD,GAS,RegencyFurnitureStadium,Independent,ATL,20250821-RegencyFurnitureStadium-1,7ec0b290-7edf-11f0-9a44-91d46b4c5819,86.90737,2.62668,,7.3971,,,,1.71711,2.62668,0.56554,a1610a2b-efcb-4247-9bb7-6790101691be,2025-08-21,22:38:00.59,2025-08-21T18:38:00.5943808-04:00,2025-08-21T22:38:00.5943808Z,GroundBall,v3,5433,5508,,"McCarthy, Ryan",811735,Right,SMD,1050a2ce-1f82-4afd-b0c5-db6a1206f839,54.77677,-128.83186,13.41489,6.37944,-3.53023,-11.91962,-1.92426,5.86186,0.4641,,1.71657,27.22403,,,,,,,,2.62772,-51.77461,,,,,,,,0.56328,112.01883,,,,,,,,,,,,,,,,,,,,,,,,,,,,,,High,High,High,Low,Low,,,
4,2025-08-21,18:38:24.61,1,4,"Virbitsky, Kyle",680223,Right,SMD,"Scantlin, Nate",676715,Left,GAS,Undefined,1,Top,0,1,2,ChangeUp,Changeup,FoulBallNotFieldable,Undefined,Undefined,Undefined,0,0,,87.83914,-2.24954,-1.894173,1386.710056,192.743864,12:30,6.39707,1.69043,6.1482,-18.55473,17.78855,3.72858,2.77008,0.2503,79.42437,-5.800274,-1.222061,0.433894,64.5535,50.677259,-95.073089,4508.466911,,,,,38.90262,,,-2.52583,10.28575,-1.54818,50,6.21628,4.06015,-127.34832,-5.5126,-4.09278,29.40118,-15.50738,SMD,GAS,RegencyFurnitureStadium,Independent,ATL,20250821-RegencyFurnitureStadium-1,8d000180-7edf-11f0-9a44-91d46b4c5819,86.87021,49.30179,,8.41477,,,,0.12738,2.22107,0.0391,a1610a2b-efcb-4247-9bb7-6790101691be,2025-08-21,22:38:24.61,2025-08-21T18:38:24.6167040-04:00,2025-08-21T22:38:24.6167040Z,,v3,5433,5508,,"McCarthy, Ryan",811735,Right,SMD,6c2ed546-3cc6-486f-ad1c-bd898a42754d,54.34733,-128.34808,14.70059,6.39476,-4.98529,-7.75369,-1.68861,4.19932,-2.04639,46.777289,0.12738,-5.30583,-3.80266,0.19001,0.50489,-0.53681,0.01993,0.38171,-0.21112,2.22107,73.24296,-14.04257,1.56717,-0.7358,0.18788,0.87547,-1.26702,0.53621,0.03909,-59.75922,10.81019,0.28419,-2.03823,1.80431,0.4661,-1.96475,0.98722,,,,,,,,,,,,,,,,,,,,,,,High,High,High,High,Undefined,,,
5,2025-08-21,18:38:43.95,1,5,"Virbitsky, Kyle",680223,Right,SMD,"Scantlin, Nate",676715,Left,GAS,Undefined,1,Top,0,1,2,Fastball,Four-Seam,InPlay,Undefined,GroundBall,Out,1,0,,93.25114,-2.768524,-2.214814,2400.453444,197.234298,12:30,6.46419,1.31866,5.91665,-13.21694,19.26907,5.62189,2.78957,-0.2693,84.40083,-5.324314,-1.206338,0.410223,66.47344,-11.437037,-1.132007,,,,,11.24056,10.66443,0.493449,0.120137,-3.55725,11.05343,-1.14436,50,6.23468,4.97499,-135.10321,-6.89456,-6.50751,32.24907,-11.95337,SMD,GAS,RegencyFurnitureStadium,Independent,ATL,20250821-RegencyFurnitureStadium-1,9887aa80-7edf-11f0-9a44-91d46b4c5819,91.8829,2.67104,,8.85031,,,,-0.04586,2.67104,0.309,a1610a2b-efcb-4247-9bb7-6790101691be,2025-08-21,22:38:43.95,2025-08-21T18:38:43.9594496-04:00,2025-08-21T22:38:43.9594496Z,GroundBall,v3,5433,5508,,"McCarthy, Ryan",811735,Right,SMD,42da4270-61c1-4155-8d18-7723bab153a0,54.57928,-136.19189,16.12454,6.46062,-6.49103,-5.97669,-1.31601,5.19468,-3.25375,356.069616,-0.04587,95.54024,-13.29362,,,,,,,2.67129,-19.36001,-23.95247,,,,,,,0.30898,-1.88668,1.00403,,,,,,,,,,,,,,,,,,,,,,,,,,,,,High,High,High,High,High,,,
6,2025-08-21,18:39:24.67,2,1,"Virbitsky, Kyle",680223,Right,SMD,"Wylie, Justin",687045,Right,GAS,Undefined,1,Top,1,0,0,Slider,Slider,StrikeCalled,Undefined,Undefined,Undefined,0,0,,87.44298,-0.607843,-1.249729,2476.720855,158.857129,11:15,6.43374,1.77812,5.70381,-29.13037,7.46189,-2.46504,3.4397,0.40808,80.49969,-5.984035,-1.690753,0.435378,,,,,,,,,,,,0.92307,4.29996,-1.67183,50,6.3647,2.87597,-127.04588,-2.36118,1.51675,24.72485,-25.10856,SMD,GAS,RegencyFurnitureStadium,Independent,ATL,20250821-RegencyFurnitureStadium-1,b0d7b9e0-7edf-11f0-9a44-91d46b4c5819,86.57414,,,6.94329,,,,,,,a1610a2b-efcb-4247-9bb7-6790101691be,2025-08-21,22:39:24.67,2025-08-21T18:39:24.6726656-04:00,2025-08-21T22:39:24.6726656Z,,v3,5433,5508,,"McCarthy, Ryan",811735,Right,SMD,f9dfa440-31a1-4fbb-85b8-80b8b70babf7,54.79383,-127.97542,12.36242,6.43572,-1.41721,-12.55428,-1.77888,2.81895,0.75837,,,,,,,,,,,,,,,,,,,,,,,,,,,,,,,,,,,,,,,,,,,,,,,,,,,High,High,High,,,,,
7,2025-08-21,18:39:39.72,2,2,"Virbitsky, Kyle",680223,Right,SMD,"Wylie, Justin",687045,Right,GAS,Undefined,1,Top,1,0,1,Slider,Curveball,FoulBallNotFieldable,Undefined,Undefined,Undefined,0,0,,79.77299,0.897016,-0.307666,2478.142018,51.61449,7:45,6.52595,1.63363,5.15243,-54.37487,-9.15453,-13.34753,2.83923,0.23171,73.3023,-8.922663,-2.675785,0.483992,77.24571,44.659886,-40.171322,,81.74511,88.82285,-73.60472,258.4278,116.85573,-44.379655,5.121246,6.62473,-4.51032,-1.59396,50,6.56728,1.16051,-115.83565,-0.15363,8.96184,22.51711,-38.27554,SMD,GAS,RegencyFurnitureStadium,Independent,ATL,20250821-RegencyFurnitureStadium-1,b9cb2370-7edf-11f0-9a44-91d46b4c5819,77.8782,96.58561,,6.47069,,,,2.6466,4.20172,-0.76811,a1610a2b-efcb-4247-9bb7-6790101691be,2025-08-21,22:39:39.72,2025-08-21T18:39:39.7296640-04:00,2025-08-21T22:39:39.7296640Z,FlyBall,v3,5433,5508,,"McCarthy, Ryan",811735,Right,SMD,aad171d0-fff5-430e-a666-c1ca6fad4884,55.3494,-116.87089,11.25856,6.53389,1.60611,-19.13777,-1.63785,0.74849,4.48092,166.548463,2.65048,61.49364,-12.99506,2.87227,-0.26847,-0.05409,0.02159,-0.00269,0.00012,4.19915,79.67894,-19.70871,1.55614,-0.24439,-0.00604,0.01503,-0.00293,0.00018,-0.77055,-51.93203,7.75326,-1.5245,0.08352,0.05173,-0.01559,0.00177,-7E-05,,,,,,,,,,,,,,,,,,,,,,,High,High,High,Medium,Low,,,
8,2025-08-21,18:40:34.16,2,3,"Virbitsky, Kyle",680223,Right,SMD,"Wylie, Justin",687045,Right,GAS,Undefined,1,Top,1,0,2,Fastball,Four-Seam,BallCalled,Undefined,Undefined,Undefined,0,0,,93.04719,-0.746854,-1.413335,2419.893037,200.027539,12:45,6.52397,1.35976,5.91767,-14.58115,17.84958,6.10894,4.61553,0.55697,84.37438,-3.551818,-0.31676,0.409873,,,,,,,,,,,,-3.52677,9.66406,-1.24991,50,6.45581,3.05646,-135.0373,-2.17354,-6.46904,31.22482,-14.44765,SMD,GAS,RegencyFurnitureStadium,Independent,ATL,20250821-RegencyFurnitureStadium-1,da39e740-7edf-11f0-9a44-91d46b4c5819,91.96119,,,8.67281,,,,,,,a1610a2b-efcb-4247-9bb7-6790101691be,2025-08-21,22:40:34.16,2025-08-21T18:40:34.1603328-04:00,2025-08-21T22:40:34.1603328Z,,v3,5433,5508,,"McCarthy, Ryan",811735,Right,SMD,e4fafefd-763f-43cd-b326-fc39e63c983e,54.57753,-136.09165,15.61241,6.52097,-1.6857,-7.22383,-1.3568,3.2749,-3.23452,,,,,,,,,,,,,,,,,,,,,,,,,,,,,,,,,,,,,,,,,,,,,,,,,,,High,High,High,,,,,
9,2025-08-21,18:40:49.94,2,4,"Virbitsky, Kyle",680223,Right,SMD,"Wylie, Justin",687045,Right,GAS,Undefined,1,Top,1,1,2,Fastball,Four-Seam,FoulBallNotFieldable,Undefined,Undefined,Undefined,0,0,,92.80778,-2.037714,-1.349337,2452.32402,197.501666,12:30,6.53386,1.28142,5.86283,-13.59788,19.19529,5.69166,3.5064,0.50199,83.99436,-4.664811,-0.32861,0.412157,79.95934,9.02152,177.403545,1431.061829,,,,76.54112,28.42428,173.417427,0.685748,-3.33162,10.78575,-1.17542,50,6.36091,2.91892,-134.59587,-5.16715,-6.04891,32.01393,-12.59141,SMD,GAS,RegencyFurnitureStadium,Independent,ATL,20250821-RegencyFurnitureStadium-1,e39a9190-7edf-11f0-9a44-91d46b4c5819,91.45162,5.83542,,8.81342,,,,1.27086,3.39504,-0.46515,a1610a2b-efcb-4247-9bb7-6790101691be,2025-08-21,22:40:49.94,2025-08-21T18:40:49.9410432-04:00,2025-08-21T22:40:49.9410432Z,GroundBall,v3,5433,5508,,"McCarthy, Ryan",811735,Right,SMD,35ab8891-9300-4a33-bbbb-5f9677a84df7,54.63371,-135.69354,16.00697,6.53067,-4.73543,-6.29571,-1.27906,3.12632,-3.02445,34.859822,1.33012,-116.8503,5.75283,,,,,,,3.41528,18.00271,-33.55868,,,,,,,-0.48516,5.63061,11.52193,,,,,,,,,,,,,,,,,,,,,,,,,,,,,High,High,High,Medium,Low,,,
10,2025-08-21,18:41:21.03,2,5,"Virbitsky, Kyle",680223,Right,SMD,"Wylie, Justin",687045,Right,GAS,Undefined,1,Top,1,1,2,ChangeUp,Changeup,InPlay,Undefined,FlyBall,HomeRun,0,1,,86.8171,-2.058851,-2.307548,1672.599336,238.983016,2:00,6.52698,1.38755,6.13324,-28.60643,8.38977,11.8854,2.23784,0.24408,79.19158,-7.393744,-0.163517,0.437774,98.86073,31.273947,-13.38288,2620.328875,106.63922,62.75004,-26.98196,381.72164,372.62235,-13.640733,5.318785,-6.85367,5.31603,-1.21747,50,6.35488,4.60674,-125.96413,-5.43597,-10.93261,27.3043,-23.69423,SMD,GAS,RegencyFurnitureStadium,Independent,ATL,20250821-RegencyFurnitureStadium-1,f6256ce0-7edf-11f0-9a44-91d46b4c5819,86.10021,91.84859,,7.62552,,,,1.78336,2.32313,-0.26587,a1610a2b-efcb-4247-9bb7-6790101691be,2025-08-21,22:41:21.03,2025-08-21T18:41:21.0363392-04:00,2025-08-21T22:41:21.0363392Z,FlyBall,v3,5433,5508,,"McCarthy, Ryan",811735,Right,SMD,7fb5fed5-b9cb-4dbb-a519-09547b07d193,54.36475,-126.90672,13.65215,6.52842,-4.61801,-11.84711,-1.38302,4.98415,-5.4663,168.160841,1.79016,120.43155,-24.05143,5.49509,-0.67213,-0.06316,0.0371,-0.00493,0.00022,2.31962,75.32452,-17.31867,0.61941,0.0334,-0.04626,0.01936,-0.00333,0.0002,-0.26717,-28.65361,2.71346,0.48514,-0.3922,0.13239,-0.02658,0.00289,-0.00013,,,,,,,,,,,,,,,,,,,,,,,High,High,High,High,Medium,,,
11,2025-08-21,18:42:02.52,3,1,"Virbitsky, Kyle",680223,Right,SMD,"Roederer, Cole",680711,Left,GAS,Undefined,1,Top,1,0,0,Cutter,Slider,BallCalled,Undefined,Undefined,Undefined,0,0,,87.80799,-3.133968,-1.153776,2417.246044,144.391504,10:45,6.41652,1.77341,5.96939,-28.67131,7.13343,-4.39083,1.11821,0.33768,81.65951,-8.398028,-1.944219,0.430667,,,,,,,,,,,,1.98563,4.75366,-1.67957,50,6.15196,2.74354,-127.54746,-7.94423,3.30735,23.50507,-24.25615,SMD,GAS,RegencyFurnitureStadium,Independent,ATL,20250821-RegencyFurnitureStadium-1,0ee88960-7ee0-11f0-9a44-91d46b4c5819,87.52105,,,6.14848,,,,,,,a1610a2b-efcb-4247-9bb7-6790101691be,2025-08-21,22:42:02.52,2025-08-21T18:42:02.5235456-04:00,2025-08-21T22:42:02.5235456Z,,v3,5433,5508,,"McCarthy, Ryan",811735,Right,SMD,d59ebc67-8ad3-4285-ab6b-7652eda2d364,54.53027,-128.3796,11.75253,6.41801,-7.0855,-12.12808,-1.77463,2.62646,1.65368,,,,,,,,,,,,,,,,,,,,,,,,,,,,,,,,,,,,,,,,,,,,,,,,,,,High,High,High,,,,,
12,2025-08-21,18:42:14.49,3,2,"Virbitsky, Kyle",680223,Right,SMD,"Roederer, Cole",680711,Left,GAS,Undefined,1,Top,1,1,0,Fastball,Four-Seam,StrikeCalled,Undefined,Undefined,Undefined,0,0,,92.13719,-3.516102,-1.354672,2426.056963,204.608677,12:45,6.39273,1.39038,6.03021,-14.57737,18.52651,7.95473,1.91684,0.79854,83.6125,-6.313949,0.076822,0.414105,,,,,,,,,,,,-4.46799,10.91044,-1.28861,50,6.10962,2.80596,-133.48258,-8.59856,-7.99291,31.00713,-12.65619,SMD,GAS,RegencyFurnitureStadium,Independent,ATL,20250821-RegencyFurnitureStadium-1,160cd840-7ee0-11f0-9a44-91d46b4c5819,91.02141,,,8.52469,,,,,,,a1610a2b-efcb-4247-9bb7-6790101691be,2025-08-21,22:42:14.49,2025-08-21T18:42:14.4956928-04:00,2025-08-21T22:42:14.4956928Z,,v3,5433,5508,,"McCarthy, Ryan",811735,Right,SMD,dbd45871-3ffc-4413-8c31-7be7bb7a1fb6,54.46476,-134.51571,15.50357,6.38909,-8.17686,-6.32809,-1.38653,3.07228,-3.99645,,,,,,,,,,,,,,,,,,,,,,,,,,,,,,,,,,,,,,,,,,,,,,,,,,,High,High,High,,,,,
13,2025-08-21,18:42:30.76,3,3,"Virbitsky, Kyle",680223,Right,SMD,"Roederer, Cole",680711,Left,GAS,Undefined,1,Top,1,1,1,Fastball,Four-Seam,FoulBallNotFieldable,Undefined,Undefined,Undefined,0,0,,93.03002,-3.226298,-2.356672,2454.605441,199.275669,12:45,6.42185,1.51891,5.94088,-13.96217,18.34969,6.05311,2.25989,-0.16398,85.09368,-5.892145,-1.270375,0.409122,91.5445,0.288648,-46.041787,3586.591893,,,,30.89637,28.57034,-45.056356,0.244717,-3.76406,10.63142,-1.33447,50,6.15647,5.28782,-134.8709,-8.00982,-6.93543,29.24343,-12.58525,SMD,GAS,RegencyFurnitureStadium,Independent,ATL,20250821-RegencyFurnitureStadium-1,1fc4f160-7ee0-11f0-9a44-91d46b4c5819,92.13015,2.2257,,7.93635,,,,-0.03872,2.22309,-0.07222,a1610a2b-efcb-4247-9bb7-6790101691be,2025-08-21,22:42:30.76,2025-08-21T18:42:30.7616256-04:00,2025-08-21T22:42:30.7616256Z,GroundBall,v3,5433,5508,,"McCarthy, Ryan",811735,Right,SMD,f01e72f7-a64f-4c16-9626-d29b44079b09,54.5569,-135.85536,14.62171,6.41899,-7.58615,-6.29262,-1.51641,5.5213,-3.46771,,-0.03876,93.20101,-15.75747,,,,,,,2.23241,0.16581,-38.10274,,,,,,,-0.07685,-96.39698,30.10425,,,,,,,,,,,,,,,,,,,,,,,,,,,,,High,High,High,Medium,High,,,
14,2025-08-21,18:42:58.08,3,4,"Virbitsky, Kyle",680223,Right,SMD,"Roederer, Cole",680711,Left,GAS,Undefined,1,Top,1,1,2,Fastball,Four-Seam,BallCalled,Undefined,Undefined,Undefined,0,0,,92.47528,-1.878998,-2.641275,2516.833067,180.918186,12:00,6.46409,1.35698,5.9431,-17.72351,15.5969,0.22972,3.24174,-1.07559,82.94722,-5.265577,-2.600076,0.415457,,,,,,,,,,,,-1.00406,8.9576,-1.14661,50,6.30434,6.1634,-133.8335,-4.92379,-1.78498,34.22369,-16.2496,SMD,GAS,RegencyFurnitureStadium,Independent,ATL,20250821-RegencyFurnitureStadium-1,30016fe0-7ee0-11f0-9a44-91d46b4c5819,90.72516,,,9.52806,,,,,,,a1610a2b-efcb-4247-9bb7-6790101691be,2025-08-21,22:42:58.08,2025-08-21T18:42:58.0813824-04:00,2025-08-21T22:42:58.0813824Z,,v3,5433,5508,,"McCarthy, Ryan",811735,Right,SMD,311d4546-8777-4ede-8b4b-40d357ef8487,54.54848,-134.99161,17.11184,6.46166,-4.3739,-8.1248,-1.3562,6.2238,-0.89249,,,,,,,,,,,,,,,,,,,,,,,,,,,,,,,,,,,,,,,,,,,,,,,,,,,High,High,High,,,,,
15,2025-08-21,18:43:15.56,3,5,"Virbitsky, Kyle",680223,Right,SMD,"Roederer, Cole",680711,Left,GAS,Undefined,1,Top,1,2,2,Fastball,Four-Seam,BallCalled,Undefined,Undefined,Undefined,0,0,,92.92847,-2.997001,-2.979826,2499.548258,184.27002,12:15,6.35943,1.51657,6.06605,-17.44036,15.33918,1.05492,2.12626,-1.15562,83.77095,-6.318716,-2.790245,0.412072,,,,,,,,,,,,-1.53547,9.27008,-1.28605,50,6.11756,6.9576,-134.51276,-7.57712,-2.76275,34.06425,-15.49463,SMD,GAS,RegencyFurnitureStadium,Independent,ATL,20250821-RegencyFurnitureStadium-1,3a6b73e0-7ee0-11f0-9a44-91d46b4c5819,91.47058,,,9.15752,,,,,,,a1610a2b-efcb-4247-9bb7-6790101691be,2025-08-21,22:43:15.56,2025-08-21T18:43:15.5679744-04:00,2025-08-21T22:43:15.5679744Z,,v3,5433,5508,,"McCarthy, Ryan",811735,Right,SMD,d6eea030-ae24-4d0d-98f9-028a71a15318,54.4313,-135.63031,17.03212,6.3578,-7.06878,-7.74732,-1.51579,7.04823,-1.38138,,,,,,,,,,,,,,,,,,,,,,,,,,,,,,,,,,,,,,,,,,,,,,,,,,,High,High,High,,,,,
16,2025-08-21,18:43:45.28,3,6,"Virbitsky, Kyle",680223,Right,SMD,"Roederer, Cole",680711,Left,GAS,Undefined,1,Top,1,3,2,Fastball,Four-Seam,FoulBallNotFieldable,Undefined,Undefined,Undefined,0,0,,93.40267,-3.337148,-2.252287,2348.505786,189.413647,12:15,6.42124,1.43361,5.89738,-13.66268,18.83257,2.92894,2.17866,-0.41435,84.46567,-5.968526,-1.727125,0.410281,94.71501,-4.487029,69.189322,,,,,20.37867,16.27285,65.204255,0.163231,-2.21721,11.05599,-1.25408,50,6.14473,5.19066,-135.23938,-8.27578,-4.05475,32.94981,-11.95518,SMD,GAS,RegencyFurnitureStadium,Independent,ATL,20250821-RegencyFurnitureStadium-1,4c2395e0-7ee0-11f0-9a44-91d46b4c5819,91.86979,2.61192,,8.937,,,,,,,a1610a2b-efcb-4247-9bb7-6790101691be,2025-08-21,22:43:45.28,2025-08-21T18:43:45.2884992-04:00,2025-08-21T22:43:45.2884992Z,GroundBall,v3,5433,5508,,"McCarthy, Ryan",811735,Right,SMD,72739305-a82a-4d61-bc1f-b15ee2208a4c,54.59955,-136.35541,16.4749,6.41818,-7.87085,-5.97759,-1.43222,5.328,-2.02738,,1.26,49.2077,-27.98523,,,,,,,2.6123,-10.89825,-31.29198,,,,,,,-2.70241,129.54695,2.15677,,,,,,,,,,,,,,,,,,,,,,,,,,,,,High,High,High,Low,Low,,,
17,2025-08-21,18:44:11.27,3,7,"Virbitsky, Kyle",680223,Right,SMD,"Roederer, Cole",680711,Left,GAS,Undefined,1,Top,1,3,2,Fastball,Four-Seam,FoulBallNotFieldable,Undefined,Undefined,Undefined,0,0,,92.90848,-2.961012,-1.769876,2400.653139,198.162027,12:30,6.44416,1.42712,5.89952,-13.40875,18.94253,5.87894,2.57419,0.27347,85.11014,-5.525288,-0.715092,0.409371,79.54028,51.616213,-46.948341,4885.812345,55.99843,96.91235,-94.67914,219.65658,90.83202,-65.673952,4.833036,-3.50355,10.83532,-1.28822,50,6.19816,3.91044,-134.79775,-7.35847,-6.45994,28.72283,-12.19556,SMD,GAS,RegencyFurnitureStadium,Independent,ATL,20250821-RegencyFurnitureStadium-1,5b99de30-7ee0-11f0-9a44-91d46b4c5819,92.07402,98.86933,,7.79834,,,,-0.0157,3.17249,-1.12135,a1610a2b-efcb-4247-9bb7-6790101691be,2025-08-21,22:44:11.27,2025-08-21T18:44:11.2735232-04:00,2025-08-21T22:44:11.2735232Z,FlyBall,v3,5433,5508,,"McCarthy, Ryan",811735,Right,SMD,97c5d76a-b9f7-43b0-a226-6dc9bdb525cc,54.59872,-135.77412,14.36141,6.44124,-6.94391,-6.09778,-1.42488,4.13003,-3.22997,142.229414,0.03785,48.32863,-12.62902,-2.55791,5.07312,-2.49779,0.59874,-0.07033,0.00323,3.16779,91.59457,-27.26575,4.63906,-2.22261,0.99656,-0.276,0.03974,-0.00228,-1.10147,-53.39189,3.84429,-3.03044,3.05845,-1.56936,0.42386,-0.05738,0.00307,,,,,,,,,,,,,,,,,,,,,,,High,High,High,Medium,Low,,,
18,2025-08-21,18:44:40.69,3,8,"Virbitsky, Kyle",680223,Right,SMD,"Roederer, Cole",680711,Left,GAS,Undefined,1,Top,1,3,2,Curveball,Curveball,BallCalled,Walk,Undefined,Undefined,0,0,,79.07903,1.978188,-0.909029,2467.95415,26.708243,7:00,6.46477,1.64975,5.48396,-58.49507,-13.11213,-7.29784,3.44192,0.19105,72.72014,-8.641064,-2.210935,0.484862,,,,,,,,,,,,3.40819,-6.69311,-1.56505,50,6.59855,2.11261,-114.85283,1.90815,4.54386,21.64712,-41.09741,SMD,GAS,RegencyFurnitureStadium,Independent,ATL,20250821-RegencyFurnitureStadium-1,6d3d8dd0-7ee0-11f0-9a44-91d46b4c5819,77.73856,,,6.3589,,,,,,,a1610a2b-efcb-4247-9bb7-6790101691be,2025-08-21,22:44:40.69,2025-08-21T18:44:40.6953472-04:00,2025-08-21T22:44:40.6953472Z,,v3,5433,5508,,"McCarthy, Ryan",811735,Right,SMD,0783d229-d7c8-4c20-92a9-587405e82be6,55.01786,-115.79472,10.82356,6.47662,3.69634,-20.5487,-1.65267,1.9149,2.27193,,,,,,,,,,,,,,,,,,,,,,,,,,,,,,,,,,,,,,,,,,,,,,,,,,,High,High,High,,,,,
19,2025-08-21,18:45:13.89,4,1,"Virbitsky, Kyle",680223,Right,SMD,"Aldrete, Carter",666177,Right,GAS,Undefined,1,Top,1,0,0,Fastball,Four-Seam,BallCalled,Undefined,Undefined,Undefined,0,0,,91.11849,-5.128671,-3.571223,2443.718946,208.686236,1:00,6.36048,1.60044,6.13758,-14.91572,18.82619,9.67678,0.35574,-0.89789,83.25854,-7.970278,-1.83061,0.418077,,,,,,,,,,,,-6.03851,11.5543,-1.33281,50,5.95991,7.81834,-131.65563,-12.2459,-10.57156,28.61717,-11.9461,SMD,GAS,RegencyFurnitureStadium,Independent,ATL,20250821-RegencyFurnitureStadium-1,80ef35e0-7ee0-11f0-9a44-91d46b4c5819,90.15669,,,7.85995,,,,,,,a1610a2b-efcb-4247-9bb7-6790101691be,2025-08-21,22:45:13.89,2025-08-21T18:45:13.8921472-04:00,2025-08-21T22:45:13.8921472Z,,v3,5433,5508,,"McCarthy, Ryan",811735,Right,SMD,999a18be-1d13-4e4b-bf92-ca2a8471a595,54.36051,-132.60006,14.30858,6.35755,-11.85165,-5.97305,-1.59659,8.16722,-5.28578,,,,,,,,,,,,,,,,,,,,,,,,,,,,,,,,,,,,,,,,,,,,,,,,,,,High,High,High,,,,,
20,2025-08-21,18:45:44.63,4,2,"Virbitsky, Kyle",680223,Right,SMD,"Aldrete, Carter",666177,Right,GAS,Undefined,1,Top,1,1,0,Fastball,Four-Seam,InPlay,Undefined,FlyBall,Out,1,0,,91.23006,-2.171201,-1.58722,2372.800374,190.661436,12:15,6.47945,1.76092,6.08485,-13.80662,19.951,3.52819,3.31859,0.58622,82.37167,-4.856032,-0.952004,0.418174,101.25364,37.861181,-4.630211,3488.96878,109.84409,83.55104,-5.85273,386.48857,385.94312,2.223907,5.999101,-2.32819,11.34001,-1.64028,50,6.30456,3.51694,-132.29386,-5.3701,-4.07023,31.78689,-12.34893,SMD,GAS,RegencyFurnitureStadium,Independent,ATL,20250821-RegencyFurnitureStadium-1,9348c800-7ee0-11f0-9a44-91d46b4c5819,90.13574,126.17039,,8.85839,,,,1.04308,3.23988,-0.56791,a1610a2b-efcb-4247-9bb7-6790101691be,2025-08-21,22:45:44.63,2025-08-21T18:45:44.6346240-04:00,2025-08-21T22:45:44.6346240Z,FlyBall,v3,5433,5508,,"McCarthy, Ryan",811735,Right,SMD,b3c831aa-beae-4755-b585-87908d9352c6,54.41146,-133.34961,15.89345,6.47611,-4.95995,-6.17447,-1.75933,3.65213,-2.03511,192.369285,1.0508,116.73095,-24.23072,5.80892,-1.02296,0.1287,-0.01161,0.00079,-3E-05,3.23848,91.15539,-19.39292,1.04409,0.06093,-0.08719,0.02354,-0.00282,0.00013,-0.56973,-9.43373,5.38971,-1.24112,0.20625,-0.02363,0.00194,-0.00013,1E-05,,,,,,,,,,,,,,,,,,,,,,,High,High,High,High,Medium,,,
21,2025-08-21,18:46:28.59,5,1,"Virbitsky, Kyle",680223,Right,SMD,"Guthrie, Dalton",656495,Right,GAS,Undefined,1,Top,2,0,0,Fastball,Four-Seam,FoulBallNotFieldable,Undefined,Undefined,Undefined,0,0,,90.98714,-1.794679,-1.695544,2323.843754,197.393833,12:30,6.3938,1.59512,6.21347,-15.62269,17.79867,5.23496,3.43441,0.46617,82.97603,-4.792506,-0.750678,0.416086,72.33663,33.553996,152.37144,3662.24396,,,,,53.24935,,,-3.20685,10.07662,-1.47064,50,6.25135,3.69677,-132.12626,-4.5684,-5.65186,28.94146,-14.41477,SMD,GAS,RegencyFurnitureStadium,Independent,ATL,20250821-RegencyFurnitureStadium-1,ad7d27c0-7ee0-11f0-9a44-91d46b4c5819,90.588,31.47375,,8.01112,,,,0.90686,3.37974,-0.4989,a1610a2b-efcb-4247-9bb7-6790101691be,2025-08-21,22:46:28.59,2025-08-21T18:46:28.5982720-04:00,2025-08-21T22:46:28.5982720Z,,v3,5433,5508,,"McCarthy, Ryan",811735,Right,SMD,c367f401-5043-4ff6-b854-778a97238769,54.28413,-133.06136,14.47073,6.39143,-4.10266,-7.20739,-1.59303,3.87938,-2.82593,308.035879,0.90686,-78.33298,3.6685,0.22688,-0.15057,0.05769,-0.01374,0.00373,-0.00066,3.37974,58.6403,-25.26229,2.83663,-0.60717,0.11802,-0.02236,0.00417,-0.00041,-0.4989,41.00123,-10.13592,2.09269,-0.46327,0.08719,-0.01832,0.00338,-0.00033,,,,,,,,,,,,,,,,,,,,,,,High,High,High,High,Undefined,,,
22,2025-08-21,18:47:07.52,5,2,"Virbitsky, Kyle",680223,Right,SMD,"Guthrie, Dalton",656495,Right,GAS,Undefined,1,Top,2,0,1,Cutter,Cutter,FoulBallNotFieldable,Undefined,Undefined,Undefined,0,0,,87.14942,-1.224902,-2.102938,2547.782327,158.421634,11:15,6.42248,1.91476,5.83577,-25.93568,10.65359,-3.79563,3.12176,-0.35698,80.49795,-6.029166,-2.782968,0.43536,85.19647,40.018128,57.356644,4887.256081,52.2373,82.4011,96.80486,294.71933,117.44877,67.579914,5.236898,1.41539,6.0889,-1.74098,50,6.3072,4.803,-126.6194,-3.56474,2.31621,23.91853,-22.20998,SMD,GAS,RegencyFurnitureStadium,Independent,ATL,20250821-RegencyFurnitureStadium-1,c4b29f60-7ee0-11f0-9a44-91d46b4c5819,86.57768,97.65764,,6.65148,,,,0.89436,3.59882,0.00106,a1610a2b-efcb-4247-9bb7-6790101691be,2025-08-21,22:47:07.52,2025-08-21T18:47:07.5282944-04:00,2025-08-21T22:47:07.5282944Z,FlyBall,v3,5433,5508,,"McCarthy, Ryan",811735,Right,SMD,c9acb7d6-5050-493f-a38f-df0b7e9bf78a,54.66326,-127.49725,11.95927,6.42307,-2.7496,-11.10499,-1.9157,4.71799,1.1581,,0.89923,51.51767,-15.41954,3.53191,-0.30224,-0.09967,0.03684,-0.00466,0.00021,3.59551,80.40565,-19.66554,1.53304,-0.29709,0.02954,0.00757,-0.00224,0.00015,0.00461,80.50729,-12.41064,2.32343,-0.12094,-0.08625,0.02703,-0.00325,0.00014,,,,,,,,,,,,,,,,,,,,,,,High,High,High,High,Low,,,
23,2025-08-21,18:47:37.14,5,3,"Virbitsky, Kyle",680223,Right,SMD,"Guthrie, Dalton",656495,Right,GAS,Undefined,1,Top,2,0,2,Fastball,Four-Seam,InPlay,Undefined,LineDrive,Out,1,0,,92.33417,-2.525503,-1.133879,2406.223353,195.525886,12:30,6.48576,1.65617,5.99875,-14.02339,18.80903,4.91827,2.97503,1.01523,83.98033,-5.22326,-0.249416,0.412404,72.17614,15.004557,12.318906,2562.114619,105.73038,12.50847,30.34755,159.69219,145.88773,18.272556,1.863486,-2.86697,10.74965,-1.56967,50,6.27927,2.43991,-133.96341,-6.29624,-5.17981,30.50518,-12.75243,SMD,GAS,RegencyFurnitureStadium,Independent,ATL,20250821-RegencyFurnitureStadium-1,d655b2c0-7ee0-11f0-9a44-91d46b4c5819,91.39689,14.3498,,8.35384,,,,0.59319,2.93442,-1.01641,a1610a2b-efcb-4247-9bb7-6790101691be,2025-08-21,22:47:37.14,2025-08-21T18:47:37.1496448-04:00,2025-08-21T22:47:37.1496448Z,LineDrive,v3,5433,5508,,"McCarthy, Ryan",811735,Right,SMD,5a9012fc-24ce-4635-9527-7159d38899fd,54.49829,-134.98384,15.25259,6.48275,-5.86966,-6.37621,-1.65418,2.61319,-2.58991,252.697956,0.59319,99.89469,-12.73466,1.95227,-0.37724,0.05986,-0.00991,0.00155,-0.00013,2.93442,27.40623,-17.35877,1.24279,-0.21205,0.04399,-0.0059,0.00074,-7E-05,-1.01641,21.8151,4.35804,-1.08261,0.26519,-0.05377,0.00984,-0.00144,0.00011,,,,,,,,,,,,,,,,,,,,,,,High,High,High,High,High,,,
24,2025-08-21,18:50:00.35,1,1,"Wells, Nick",657101,Left,GAS,"Loftin, Jackson",699816,Right,SMD,Undefined,1,Bottom,0,0,0,Fastball,Four-Seam,StrikeCalled,Undefined,Undefined,Undefined,0,0,,90.42016,-1.726293,2.17093,2067.554212,165.414128,11:30,6.10974,-2.47429,5.59115,-21.75178,12.9419,-3.07299,2.68358,-0.70237,82.51615,-5.781641,1.622797,0.423932,,,,,,,,,,,,2.16791,7.38315,2.29,50,5.94754,-4.83215,-131.11274,-4.69914,3.76481,28.33278,-19.35242,SMD,GAS,RegencyFurnitureStadium,Independent,ATL,20250821-RegencyFurnitureStadium-1,2bd2c4e0-7ee1-11f0-9a44-91d46b4c5819,88.91149,,,7.90401,,,,,,,a1610a2b-efcb-4247-9bb7-6790101691be,2025-08-21,22:50:00.35,2025-08-21T18:50:00.3563008-04:00,2025-08-21T22:50:00.3563008Z,,v3,5433,5508,,"Olmeda, Alexis",663406,Right,GAS,19191374-3b4e-43fa-87fc-cb62a2783dc3,54.90485,-132.1684,14.16639,6.1092,-3.97808,-9.67621,2.47265,-4.97242,1.8824,,,,,,,,,,,,,,,,,,,,,,,,,,,,,,,,,,,,,,,,,,,,,,,,,,,High,High,High,,,,,
25,2025-08-21,18:50:10.55,1,2,"Wells, Nick",657101,Left,GAS,"Loftin, Jackson",699816,Right,SMD,Undefined,1,Bottom,0,0,1,Fastball,Four-Seam,BallCalled,Undefined,Undefined,Undefined,0,0,,90.27954,-2.043419,5.026309,2172.405563,153.485331,11:00,6.01956,-2.32836,5.5636,-19.573,15.62501,-7.19087,2.47134,1.78004,81.95344,-5.715988,3.751579,0.427003,,,,,,,,,,,,5.19902,8.8952,1.89876,50,5.83005,-11.16471,-130.46774,-5.31916,8.89306,29.3988,-16.95855,SMD,GAS,RegencyFurnitureStadium,Independent,ATL,20250821-RegencyFurnitureStadium-1,31c01a60-7ee1-11f0-9a44-91d46b4c5819,88.27212,,,8.3261,,,,,,,a1610a2b-efcb-4247-9bb7-6790101691be,2025-08-21,22:50:10.55,2025-08-21T18:50:10.5580032-04:00,2025-08-21T22:50:10.5580032Z,,v3,5433,5508,,"Olmeda, Alexis",663406,Right,GAS,1927092d-b1db-4309-ae29-5a3589f66792,54.93504,-131.57508,14.6994,6.01837,-4.6804,-8.47927,2.32559,-11.49968,4.44653,,,,,,,,,,,,,,,,,,,,,,,,,,,,,,,,,,,,,,,,,,,,,,,,,,,High,High,High,,,,,
26,2025-08-21,18:50:22.20,1,3,"Wells, Nick",657101,Left,GAS,"Loftin, Jackson",699816,Right,SMD,Undefined,1,Bottom,0,1,1,Cutter,Slider,FoulBallNotFieldable,Undefined,Undefined,Undefined,0,0,,86.43157,-2.18178,2.940898,2645.895559,204.226034,12:45,6.27386,-2.08555,5.20231,-28.50053,9.69741,3.86315,1.84314,1.00473,79.9812,-7.368736,3.624359,0.444827,86.91158,27.845948,-42.188177,2725.479938,76.55391,45.31076,-78.99026,289.38044,238.75254,-51.238881,3.678046,-1.19575,5.73693,1.81002,50,6.05009,-6.60507,-125.32283,-5.82244,-1.91753,23.35591,-22.97432,SMD,GAS,RegencyFurnitureStadium,Independent,ATL,20250821-RegencyFurnitureStadium-1,38bdf580-7ee1-11f0-9a44-91d46b4c5819,84.735,51.30576,,6.45037,,,,1.31478,2.28053,-1.30722,a1610a2b-efcb-4247-9bb7-6790101691be,2025-08-21,22:50:22.20,2025-08-21T18:50:22.2007296-04:00,2025-08-21T22:50:22.2007296Z,LineDrive,v3,5433,5508,,"Olmeda, Alexis",663406,Right,GAS,9082579c-c342-4263-8e82-6629042e5cb5,55.29678,-126.30611,11.67795,6.27485,-4.85522,-11.48716,2.08639,-6.52435,-0.95876,,1.31418,83.52674,-18.11988,4.57498,-1.16727,0.32187,-0.08104,0.01253,-0.00079,2.28106,59.52618,-20.16018,1.46919,-0.08334,-0.07129,0.03131,-0.00491,0.00026,-1.30681,-75.70704,5.80068,-0.80645,0.28388,-0.15794,0.05605,-0.01017,0.00072,,,,,,,,,,,,,,,,,,,,,,,High,High,High,Medium,Medium,,,
27,2025-08-21,18:50:46.63,1,4,"Wells, Nick",657101,Left,GAS,"Loftin, Jackson",699816,Right,SMD,Undefined,1,Bottom,0,1,2,Fastball,Four-Seam,InPlay,Undefined,GroundBall,Double,0,0,,90.86113,-2.104604,3.350293,2206.958219,147.080165,11:00,6.13344,-2.2404,5.6424,-18.47611,15.818,-9.5204,2.6263,0.09503,82.97632,-5.576855,1.653167,0.421484,87.37891,-11.705904,-47.768901,,,,,13.8837,13.20823,-43.841223,0.102207,5.79638,8.95945,1.96202,50,5.94285,-7.29193,-131.66915,-5.44975,10.16753,28.16573,-16.45807,SMD,GAS,RegencyFurnitureStadium,Independent,ATL,20250821-RegencyFurnitureStadium-1,474c9cf0-7ee1-11f0-9a44-91d46b4c5819,89.4279,2.66345,,7.8848,,,,1.37388,2.66345,-0.09861,a1610a2b-efcb-4247-9bb7-6790101691be,2025-08-21,22:50:46.63,2025-08-21T18:50:46.6343936-04:00,2025-08-21T22:50:46.6343936Z,GroundBall,v3,5433,5508,,"Olmeda, Alexis",663406,Right,GAS,30a37894-9f88-4957-8f96-ef19d887824e,54.85586,-132.70381,14.08286,6.13194,-4.84516,-8.22904,2.23675,-7.66543,5.08377,180,1.37078,84.53319,,,,,,,,2.66441,-26.05933,,,,,,,,-0.0952,-93.12549,,,,,,,,,,,,,,,,,,,,,,,,,,,,,,High,High,High,Medium,High,,,
28,2025-08-21,18:51:34.06,2,1,"Wells, Nick",657101,Left,GAS,"Racusin, Zach",685931,Right,SMD,Undefined,1,Bottom,0,0,0,Fastball,Four-Seam,FoulBallNotFieldable,Undefined,Undefined,Undefined,0,0,,91.51363,-1.829971,3.378521,2167.861492,152.818428,11:00,6.07261,-2.41041,5.56347,-17.0704,17.14233,-8.18351,2.93696,0.06751,82.77335,-5.067949,1.922381,0.420984,68.90322,23.04438,171.402912,1539.360478,-108.76912,14.93046,16.4092,148.05846,56.53888,171.549957,1.873615,5.20788,9.59949,2.12429,50,5.90364,-7.45534,-132.48448,-4.78535,9.15907,31.07532,-15.29148,SMD,GAS,RegencyFurnitureStadium,Independent,ATL,20250821-RegencyFurnitureStadium-1,63911800-7ee1-11f0-9a44-91d46b4c5819,89.53421,19.39646,,8.74027,,,,2.55139,2.98574,-0.03435,a1610a2b-efcb-4247-9bb7-6790101691be,2025-08-21,22:51:34.06,2025-08-21T18:51:34.0614656-04:00,2025-08-21T22:51:34.0614656Z,LineDrive,v3,5433,5508,,"Olmeda, Alexis",663406,Right,GAS,eda8f34f-aa33-446b-8d44-53f118b6d223,54.93372,-133.63671,15.53766,6.07056,-4.21836,-7.64574,2.40703,-7.79494,4.57954,358.036481,2.55137,-91.94656,6.72464,0.01396,-0.328,0.44827,-0.30781,0.11322,-0.0171,2.98574,39.55855,-25.9033,2.87532,-0.591,0.12441,-0.02115,0.00375,-0.0004,-0.03435,13.90077,-1.25277,0.01539,0.05427,-0.07863,0.05443,-0.02006,0.00303,,,,,,,,,,,,,,,,,,,,,,,High,High,High,High,Low,,,
29,2025-08-21,18:51:58.51,2,2,"Wells, Nick",657101,Left,GAS,"Racusin, Zach",685931,Right,SMD,Undefined,1,Bottom,0,0,1,Fastball,Four-Seam,StrikeCalled,Undefined,Undefined,Undefined,0,0,,90.74361,-2.112184,2.976574,2220.277265,157.017591,11:15,6.0058,-2.54648,5.67088,-19.01804,15.54422,-6.08764,2.44817,-0.27615,82.36473,-5.695443,1.890352,0.423129,,,,,,,,,,,,3.96772,8.86662,2.29892,50,5.81547,-6.56028,-131.41967,-5.46508,6.88791,29.76785,-16.78169,SMD,GAS,RegencyFurnitureStadium,Independent,ATL,20250821-RegencyFurnitureStadium-1,7227fcd0-7ee1-11f0-9a44-91d46b4c5819,89.08033,,,8.37889,,,,,,,a1610a2b-efcb-4247-9bb7-6790101691be,2025-08-21,22:51:58.51,2025-08-21T18:51:58.5136640-04:00,2025-08-21T22:51:58.5136640Z,,v3,5433,5508,,"Olmeda, Alexis",663406,Right,GAS,24e4929b-ab3f-49b3-b440-f9c0b450a20e,54.82455,-132.50797,14.88392,6.00406,-4.85155,-8.39084,2.54336,-6.8121,3.44395,,,,,,,,,,,,,,,,,,,,,,,,,,,,,,,,,,,,,,,,,,,,,,,,,,,High,High,High,,,,,
30,2025-08-21,18:52:17.44,2,3,"Wells, Nick",657101,Left,GAS,"Racusin, Zach",685931,Right,SMD,Undefined,1,Bottom,0,0,2,Slider,Slider,BallCalled,Undefined,Undefined,Undefined,0,0,,82.47187,-2.263157,3.24672,2691.392733,240.433148,2:00,6.3444,-1.97406,5.08702,-38.26093,3.82382,4.65335,1.01839,1.47708,76.78991,-9.139424,4.068713,0.466911,,,,,,,,,,,,-1.51874,2.82512,1.66284,50,6.09967,-6.9769,-119.55633,-6.13654,-2.22103,20.80737,-28.04254,SMD,GAS,RegencyFurnitureStadium,Independent,ATL,20250821-RegencyFurnitureStadium-1,7d764650-7ee1-11f0-9a44-91d46b4c5819,80.72731,,,5.68196,,,,,,,a1610a2b-efcb-4247-9bb7-6790101691be,2025-08-21,22:52:17.44,2025-08-21T18:52:17.4441472-04:00,2025-08-21T22:52:17.4441472Z,,v3,5433,5508,,"Olmeda, Alexis",663406,Right,GAS,e6f39de9-4a53-4cbc-877a-ad591f15d956,55.41243,-120.49461,10.40369,6.34788,-4.87199,-14.02127,1.9752,-6.87674,-1.11052,,,,,,,,,,,,,,,,,,,,,,,,,,,,,,,,,,,,,,,,,,,,,,,,,,,High,High,High,,,,,
31,2025-08-21,18:52:36.27,2,4,"Wells, Nick",657101,Left,GAS,"Racusin, Zach",685931,Right,SMD,Undefined,1,Bottom,0,1,2,Fastball,Slider,InPlay,Undefined,GroundBall,Out,1,0,,87.93639,-1.199035,3.598965,2657.108933,181.48665,12:00,6.11973,-2.35325,5.37414,-23.76084,13.22111,0.31256,3.01318,1.05128,80.43344,-5.597147,3.654332,0.43769,78.6015,-25.767647,-53.228311,,,,,8.51273,3.52609,-50.994667,0.059942,0.84976,7.3339,2.03026,50,5.99556,-8.02603,-127.39035,-3.49779,1.39556,26.31319,-20.12948,SMD,GAS,RegencyFurnitureStadium,Independent,ATL,20250821-RegencyFurnitureStadium-1,88a93fa0-7ee1-11f0-9a44-91d46b4c5819,86.11684,3.0143,,7.50295,,,,1.61979,3.0143,-1.61322,a1610a2b-efcb-4247-9bb7-6790101691be,2025-08-21,22:52:36.27,2025-08-21T18:52:36.2703360-04:00,2025-08-21T22:52:36.2703360Z,GroundBall,v3,5433,5508,,"Olmeda, Alexis",663406,Right,GAS,4e1a7e21-35b6-413e-adb9-58e7cca3157b,55.12366,-128.44431,13.15659,6.11952,-2.69152,-10.06474,2.35285,-8.08193,0.69778,,1.61774,62.36141,,,,,,,,3.01595,-50.28708,,,,,,,,-1.61048,-83.44614,,,,,,,,,,,,,,,,,,,,,,,,,,,,,,High,High,High,Low,Low,,,
32,2025-08-21,18:53:15.18,3,1,"Wells, Nick",657101,Left,GAS,"Wilson, Ethan",681159,Left,SMD,Undefined,1,Bottom,1,0,0,Fastball,Four-Seam,StrikeSwinging,Undefined,Undefined,Undefined,0,0,,90.89956,-1.975824,2.920269,2287.633473,173.838498,11:45,6.02443,-2.44958,5.71276,-15.75465,18.59316,-1.88099,2.86776,0.11653,82.54309,-4.97888,2.584556,0.421814,,,,,,,,,,,,1.81248,10.35701,2.20622,50,5.84921,-6.63194,-131.67029,-5.00974,3.16253,29.54846,-14.10253,SMD,GAS,RegencyFurnitureStadium,Independent,ATL,20250821-RegencyFurnitureStadium-1,9fd408e0-7ee1-11f0-9a44-91d46b4c5819,89.35797,,,8.35647,,,,,,,a1610a2b-efcb-4247-9bb7-6790101691be,2025-08-21,22:53:15.18,2025-08-21T18:53:15.1853568-04:00,2025-08-21T22:53:15.1853568Z,,v3,5433,5508,,"Olmeda, Alexis",663406,Right,GAS,c111080f-1080-4dcf-9aa3-373ccad1b4ec,54.78194,-132.73908,14.77423,6.02119,-4.49964,-7.05127,2.44817,-6.74633,1.58126,,,,,,,,,,,,,,,,,,,,,,,,,,,,,,,,,,,,,,,,,,,,,,,,,,,High,High,High,,,,,
33,2025-08-21,18:53:34.82,3,2,"Wells, Nick",657101,Left,GAS,"Wilson, Ethan",681159,Left,SMD,Undefined,1,Bottom,1,0,1,Fastball,Four-Seam,BallCalled,Undefined,Undefined,Undefined,0,0,,91.2408,-1.814632,3.829148,2230.759319,164.601359,11:30,6.07181,-2.22795,5.5835,-15.48772,19.05493,-4.90315,3.08221,0.94464,82.24541,-4.779498,2.957547,0.423009,,,,,,,,,,,,3.66626,10.53981,1.90167,50,5.90571,-8.60316,-131.93043,-4.64279,6.37926,31.41398,-13.83491,SMD,GAS,RegencyFurnitureStadium,Independent,ATL,20250821-RegencyFurnitureStadium-1,ab886730-7ee1-11f0-9a44-91d46b4c5819,89.10563,,,8.99539,,,,,,,a1610a2b-efcb-4247-9bb7-6790101691be,2025-08-21,22:53:34.82,2025-08-21T18:53:34.8293120-04:00,2025-08-21T22:53:34.8293120Z,,v3,5433,5508,,"Olmeda, Alexis",663406,Right,GAS,4e4d7fe1-0273-45a7-bebc-1ac9c0e20b49,54.91021,-133.09447,15.70699,6.06824,-4.13014,-6.91745,2.22484,-8.83954,3.18963,,,,,,,,,,,,,,,,,,,,,,,,,,,,,,,,,,,,,,,,,,,,,,,,,,,High,High,High,,,,,
34,2025-08-21,18:54:10.68,3,3,"Wells, Nick",657101,Left,GAS,"Wilson, Ethan",681159,Left,SMD,Undefined,1,Bottom,1,1,1,Slider,Slider,StrikeSwinging,Undefined,Undefined,Undefined,0,0,,81.83512,-1.788394,2.447747,2847.674867,307.276246,4:15,6.27648,-1.93676,5.15598,-46.48443,-2.92051,5.83973,0.71725,0.85538,74.65655,-10.179339,3.483326,0.475045,,,,,,,,,,,,-2.13339,-0.45882,1.70337,50,6.07364,-5.30968,-118.47213,-5.40764,-2.98653,25.80745,-32.81633,SMD,GAS,RegencyFurnitureStadium,Independent,ATL,20250821-RegencyFurnitureStadium-1,c0f1aa50-7ee1-11f0-9a44-91d46b4c5819,79.34495,,,7.17857,,,,,,,a1610a2b-efcb-4247-9bb7-6790101691be,2025-08-21,22:54:10.68,2025-08-21T18:54:10.6877440-04:00,2025-08-21T22:54:10.6877440Z,,v3,5433,5508,,"Olmeda, Alexis",663406,Right,GAS,7a819ad3-de5a-4dd6-a9b5-b6cb4a2d268b,55.34175,-119.63009,12.90372,6.28324,-3.9352,-16.40817,1.93861,-5.17567,-1.49326,,,,,,,,,,,,,,,,,,,,,,,,,,,,,,,,,,,,,,,,,,,,,,,,,,,High,High,High,,,,,
35,2025-08-21,18:54:38.44,3,4,"Wells, Nick",657101,Left,GAS,"Wilson, Ethan",681159,Left,SMD,Undefined,1,Bottom,1,1,2,Slider,Slider,BallCalled,Undefined,Undefined,Undefined,0,0,,82.85571,-1.183918,2.894968,2796.006969,271.60927,3:00,6.33022,-1.78491,5.03899,-40.86132,1.14347,4.56268,1.80668,1.32862,76.48686,-8.550889,3.700596,0.466467,,,,,,,,,,,,-1.48559,1.27173,1.50464,50,6.18436,-6.26987,-120.1153,-4.01578,-2.17597,22.70267,-30.3113,SMD,GAS,RegencyFurnitureStadium,Independent,ATL,20250821-RegencyFurnitureStadium-1,d17fa430-7ee1-11f0-9a44-91d46b4c5819,80.80413,,,6.36886,,,,,,,a1610a2b-efcb-4247-9bb7-6790101691be,2025-08-21,22:54:38.44,2025-08-21T18:54:38.4419328-04:00,2025-08-21T22:54:38.4419328Z,,v3,5433,5508,,"Olmeda, Alexis",663406,Right,GAS,93c946bf-9d3d-4a28-b3ff-9b9a5bfce3ff,55.45966,-121.14282,11.35134,6.33507,-2.6439,-15.15565,1.78618,-6.17138,-1.08799,,,,,,,,,,,,,,,,,,,,,,,,,,,,,,,,,,,,,,,,,,,,,,,,,,,High,High,High,,,,,
36,2025-08-21,18:54:59.43,3,5,"Wells, Nick",657101,Left,GAS,"Wilson, Ethan",681159,Left,SMD,Undefined,1,Bottom,1,2,2,Slider,Slider,StrikeSwinging,Strikeout,Undefined,Undefined,0,0,,82.19257,-1.742796,1.578942,2777.715054,265.069497,2:45,6.37761,-1.91503,5.08119,-41.13073,1.65063,3.23973,1.30613,-0.15634,75.56844,-9.174758,2.152811,0.470759,,,,,,,,,,,,-1.15941,1.73843,1.76284,50,6.18017,-3.42298,-119.16222,-5.14586,-1.66256,23.47374,-29.68119,SMD,GAS,RegencyFurnitureStadium,Independent,ATL,20250821-RegencyFurnitureStadium-1,de061f90-7ee1-11f0-9a44-91d46b4c5819,80.06737,,,6.62413,,,,,,,a1610a2b-efcb-4247-9bb7-6790101691be,2025-08-21,22:54:59.43,2025-08-21T18:54:59.4379776-04:00,2025-08-21T22:54:59.4379776Z,,v3,5433,5508,,"Olmeda, Alexis",663406,Right,GAS,a4098e85-4c2d-4a87-86f7-2a6028eba7d9,55.41644,-120.22447,11.73687,6.38264,-3.80271,-14.84059,1.91604,-3.34774,-0.83128,,,,,,,,,,,,,,,,,,,,,,,,,,,,,,,,,,,,,,,,,,,,,,,,,,,High,High,High,,,,,
37,2025-08-21,18:55:35.34,4,1,"Wells, Nick",657101,Left,GAS,"Hubbard, Dondrei",678538,Right,SMD,Undefined,1,Bottom,2,0,0,Fastball,Four-Seam,FoulBallNotFieldable,Undefined,Undefined,Undefined,0,0,,91.11186,-2.211059,3.626922,2314.645554,151.361716,11:00,6.06945,-2.21015,5.68304,-18.77966,15.51009,-7.82622,2.43836,0.52288,82.72694,-5.749484,2.231621,0.421457,85.99735,45.780962,-43.047921,3888.976317,77.5275,103.76087,-78.03517,258.14936,126.01089,-47.738285,5.650707,5.09032,8.9006,1.90958,50,5.87137,-8.01926,-131.90661,-5.71134,8.90135,30.01728,-16.60968,SMD,GAS,RegencyFurnitureStadium,Independent,ATL,20250821-RegencyFurnitureStadium-1,f35e24a0-7ee1-11f0-9a44-91d46b4c5819,89.4336,117.79493,,8.38492,,,,2.15766,2.77596,-0.7342,a1610a2b-efcb-4247-9bb7-6790101691be,2025-08-21,22:55:35.34,2025-08-21T18:55:35.3421824-04:00,2025-08-21T22:55:35.3421824Z,FlyBall,v3,5433,5508,,"Olmeda, Alexis",663406,Right,GAS,5e245890-39cb-49e0-8699-7af1fa093206,54.81459,-132.99772,15.00864,6.068,-5.10758,-8.30484,2.20696,-8.34283,4.45067,169.535441,2.16174,64.20627,-18.18301,4.9119,-0.86096,0.07761,0.00084,-0.00072,4E-05,2.77478,90.40195,-19.9602,0.76782,0.21957,-0.14409,0.03825,-0.00494,0.00025,-0.73747,-59.98396,12.94813,-3.14643,0.47581,-0.02672,-0.00345,0.00057,-2E-05,,,,,,,,,,,,,,,,,,,,,,,High,High,High,High,Low,,,
38,2025-08-21,18:56:28.90,4,2,"Wells, Nick",657101,Left,GAS,"Hubbard, Dondrei",678538,Right,SMD,Undefined,1,Bottom,2,0,1,Fastball,Four-Seam,BallCalled,Undefined,Undefined,Undefined,0,0,,90.84097,-3.430765,4.091867,2261.475548,149.811268,11:00,6.01511,-2.31933,5.77781,-17.8271,16.79639,-9.04355,1.32535,0.74084,82.19768,-6.806259,2.477807,0.423503,,,,,,,,,,,,5.86402,9.98335,1.98655,50,5.72039,-8.98816,-131.24088,-8.43293,10.11305,30.67933,-14.95687,SMD,GAS,RegencyFurnitureStadium,Independent,ATL,20250821-RegencyFurnitureStadium-1,134dcd60-7ee2-11f0-9a44-91d46b4c5819,89.00154,,,8.64328,,,,,,,a1610a2b-efcb-4247-9bb7-6790101691be,2025-08-21,22:56:28.90,2025-08-21T18:56:28.9070080-04:00,2025-08-21T22:56:28.9070080Z,,v3,5433,5508,,"Olmeda, Alexis",663406,Right,GAS,525596e5-5de1-477c-9542-10b1cf74cb30,54.71763,-132.33909,15.33967,6.01267,-7.89752,-7.47844,2.31477,-9.35017,5.05653,,,,,,,,,,,,,,,,,,,,,,,,,,,,,,,,,,,,,,,,,,,,,,,,,,,High,High,High,,,,,
39,2025-08-21,18:56:45.53,4,3,"Wells, Nick",657101,Left,GAS,"Hubbard, Dondrei",678538,Right,SMD,Undefined,1,Bottom,2,1,1,Fastball,Slider,InPlay,Undefined,Popup,Out,1,0,,87.9781,-0.700356,2.07251,2705.976493,193.79802,12:30,6.1954,-2.28731,5.37811,-27.30879,9.29347,2.01634,3.26267,-0.17559,81.00655,-5.718674,2.430711,0.435437,89.69965,55.635658,1.385038,4961.817844,108.90613,141.87978,15.47436,228.66156,111.25745,12.183741,6.147091,-0.48055,5.17496,2.10025,50,6.1134,-4.70954,-127.73899,-2.54935,-0.79861,24.87995,-23.57377,SMD,GAS,RegencyFurnitureStadium,Independent,ATL,20250821-RegencyFurnitureStadium-1,1d3b9c80-7ee2-11f0-9a44-91d46b4c5819,86.56229,149.26799,,6.97155,,,,1.80949,3.25338,-0.47637,a1610a2b-efcb-4247-9bb7-6790101691be,2025-08-21,22:56:45.53,2025-08-21T18:56:45.5325696-04:00,2025-08-21T22:56:45.5325696Z,FlyBall,v3,5433,5508,,"Olmeda, Alexis",663406,Right,GAS,4574ced4-4c8b-48a8-af66-96ba3b915e28,55.12104,-128.73256,12.43997,6.1964,-1.60794,-11.78689,2.28768,-4.67765,-0.3993,194.239196,1.82146,74.01924,-19.23745,4.26489,-0.23605,-0.15187,0.04536,-0.00519,0.00022,3.24303,108.74884,-25.35517,3.05987,-0.69901,0.11781,-0.00879,-0.00032,6E-05,-0.47553,1.79504,4.67703,-1.50561,0.24032,-0.00039,-0.00744,0.0012,-6E-05,,,,,,,,,,,,,,,,,,,,,,,High,High,High,Medium,Low,,,
40,2025-08-21,18:59:09.78,1,1,"Virbitsky, Kyle",680223,Right,SMD,"Crook, Narciso",643271,Right,GAS,Undefined,2,Top,0,0,0,Curveball,Slider,StrikeSwinging,Undefined,Undefined,Undefined,0,0,,83.43795,-0.662973,-1.353439,2404.994973,144.912447,10:45,6.41555,2.02316,5.55228,-32.68427,8.29788,-4.84985,3.07219,0.35412,75.90473,-6.701769,-2.218636,0.460754,,,,,,,,,,,,2.02744,4.82638,-1.90291,50,6.33695,3.06254,-121.00249,-2.5062,2.98,25.51253,-25.08009,SMD,GAS,RegencyFurnitureStadium,Independent,ATL,20250821-RegencyFurnitureStadium-1,73361c00-7ee2-11f0-9a44-91d46b4c5819,81.80607,,,7.53322,,,,,,,a1610a2b-efcb-4247-9bb7-6790101691be,2025-08-21,22:59:09.78,2025-08-21T18:59:09.7831936-04:00,2025-08-21T22:59:09.7831936Z,,v3,5433,5508,,"McCarthy, Ryan",811735,Right,SMD,430ad916-e8e4-4a8b-a5bc-ef45c959b301,54.94284,-122.0402,12.75626,6.41814,-1.48607,-12.54005,-2.02501,2.94133,1.49,,,,,,,,,,,,,,,,,,,,,,,,,,,,,,,,,,,,,,,,,,,,,,,,,,,High,High,High,,,,,
41,2025-08-21,18:59:24.68,1,2,"Virbitsky, Kyle",680223,Right,SMD,"Crook, Narciso",643271,Right,GAS,Undefined,2,Top,0,0,1,Curveball,Slider,InPlay,Undefined,Popup,Out,1,0,,83.54197,-1.498042,-1.810196,2401.756028,126.350471,10:15,6.45826,1.76709,5.52358,-34.44403,6.49063,-6.94666,2.1864,-0.50471,76.24418,-7.822781,-3.048961,0.460487,,,,,,,,,,,,2.9863,4.11701,-1.60476,50,6.30495,4.11101,-121.13975,-4.3453,4.39785,25.64245,-26.111,SMD,GAS,RegencyFurnitureStadium,Independent,ATL,20250821-RegencyFurnitureStadium-1,7c14ec20-7ee2-11f0-9a44-91d46b4c5819,81.85351,,,7.29779,,,,,,,a1610a2b-efcb-4247-9bb7-6790101691be,2025-08-21,22:59:24.68,2025-08-21T18:59:24.6835712-04:00,2025-08-21T22:59:24.6835712Z,,v3,5433,5508,,"McCarthy, Ryan",811735,Right,SMD,049cf820-1614-4637-b322-36827a885b48,54.97427,-122.18815,12.82123,6.46078,-3.27774,-13.0555,-1.76916,3.9312,2.19893,,,,,,,,,,,,,,,,,,,,,,,,,,,,,,,,,,,,,,,,,,,,,,,,,,,High,High,High,,,,,
42,2025-08-21,19:00:04.57,2,1,"Virbitsky, Kyle",680223,Right,SMD,"De La Rosa, Eric",680763,Right,GAS,Undefined,2,Top,1,0,0,Fastball,Four-Seam,InPlay,Undefined,GroundBall,Error,0,0,,92.07797,-3.069245,-1.475866,2454.557273,208.664512,1:00,6.46418,1.45964,6.02256,-14.38087,18.58501,9.5589,2.41942,0.88899,83.92198,-5.825778,0.243892,0.413241,95.94611,-20.340937,-51.197814,,,,,7.94201,2.81183,-47.822085,0.049739,-5.36032,10.79312,-1.34935,50,6.21593,3.03414,-133.55142,-7.56392,-9.6413,29.86774,-12.76109,SMD,GAS,RegencyFurnitureStadium,Independent,ATL,20250821-RegencyFurnitureStadium-1,93d872f0-7ee2-11f0-9a44-91d46b4c5819,91.21166,2.43738,,8.15599,,,,1.21264,2.43738,-0.76181,a1610a2b-efcb-4247-9bb7-6790101691be,2025-08-21,23:00:04.57,2025-08-21T19:00:04.5709824-04:00,2025-08-21T23:00:04.5709824Z,GroundBall,v3,5433,5508,,"McCarthy, Ryan",811735,Right,SMD,37ed7a58-9c03-4f57-9e98-0a35a5188415,54.47516,-134.54853,14.93387,6.46133,-7.1379,-6.38055,-1.45601,3.356,-4.82065,,1.21145,82.83007,,,,,,,,2.43809,-49.00323,,,,,,,,-0.76033,-103.01178,,,,,,,,,,,,,,,,,,,,,,,,,,,,,,High,High,High,Low,Low,,,
43,2025-08-21,19:00:50.99,3,1,"Virbitsky, Kyle",680223,Right,SMD,"Skender, Ethan",663690,Right,GAS,Undefined,2,Top,1,0,0,Fastball,Four-Seam,StrikeCalled,Undefined,Undefined,Undefined,0,0,,91.24674,-4.056449,-2.302226,2466.044102,192.548908,12:30,6.44896,1.50537,6.09075,-13.00331,20.73915,4.35158,1.60383,-0.26269,82.81494,-6.575304,-1.519191,0.41808,,,,,,,,,,,,-2.92906,12.2528,-1.33007,50,6.1286,5.12286,-132.06297,-9.68956,-5.12933,30.3352,-10.71723,SMD,GAS,RegencyFurnitureStadium,Independent,ATL,20250821-RegencyFurnitureStadium-1,af873db0-7ee2-11f0-9a44-91d46b4c5819,90.15594,,,8.4318,,,,,,,a1610a2b-efcb-4247-9bb7-6790101691be,2025-08-21,23:00:50.99,2025-08-21T19:00:50.9923328-04:00,2025-08-21T23:00:50.9923328Z,,v3,5433,5508,,"McCarthy, Ryan",811735,Right,SMD,a99853fe-5146-4df3-98f4-9f1ed4149cbf,54.40475,-133.0709,15.1676,6.44463,-9.33347,-5.35862,-1.50311,5.29329,-2.56467,,,,,,,,,,,,,,,,,,,,,,,,,,,,,,,,,,,,,,,,,,,,,,,,,,,High,High,High,,,,,
44,2025-08-21,19:01:08.61,3,2,"Virbitsky, Kyle",680223,Right,SMD,"Skender, Ethan",663690,Right,GAS,Undefined,2,Top,1,0,1,Cutter,Cutter,BallCalled,Undefined,Undefined,Undefined,0,0,,88.11751,-1.437142,-2.375137,2602.668768,123.723486,10:00,6.39491,1.68472,5.88824,-28.72911,7.40701,-9.36914,2.66496,-1.30269,80.68654,-6.752899,-4.054829,0.432656,,,,,,,,,,,,4.1063,4.56681,-1.48785,50,6.26252,5.69435,-127.85319,-4.18172,6.77189,27.26671,-24.6427,SMD,GAS,RegencyFurnitureStadium,Independent,ATL,20250821-RegencyFurnitureStadium-1,ba027fc0-7ee2-11f0-9a44-91d46b4c5819,87.11882,,,7.43097,,,,,,,a1610a2b-efcb-4247-9bb7-6790101691be,2025-08-21,23:01:08.61,2025-08-21T19:01:08.6115328-04:00,2025-08-21T23:01:08.6115328Z,,v3,5433,5508,,"McCarthy, Ryan",811735,Right,SMD,9c37b8cf-0d95-4877-b784-bc3f25dd9bf3,54.60896,-128.83237,13.63335,6.3968,-3.29677,-12.32135,-1.68798,5.45116,3.38594,,,,,,,,,,,,,,,,,,,,,,,,,,,,,,,,,,,,,,,,,,,,,,,,,,,High,High,High,,,,,
45,2025-08-21,19:01:27.21,3,3,"Virbitsky, Kyle",680223,Right,SMD,"Skender, Ethan",663690,Right,GAS,Undefined,2,Top,1,1,1,Cutter,Cutter,StrikeCalled,Undefined,Undefined,Undefined,1,0,,88.05059,-3.204573,-2.87105,2569.440054,152.386155,11:00,6.44193,1.79999,5.87463,-23.696,12.10949,-5.80902,1.48411,-1.35287,81.8046,-7.570376,-3.911591,0.430671,,,,,,,,,,,,2.28118,7.31481,-1.56435,50,6.16847,6.64261,-127.72757,-7.93631,3.81338,23.373,-19.94612,SMD,GAS,RegencyFurnitureStadium,Independent,ATL,20250821-RegencyFurnitureStadium-1,c5201c50-7ee2-11f0-9a44-91d46b4c5819,87.52017,,,6.246,,,,,,,a1610a2b-efcb-4247-9bb7-6790101691be,2025-08-21,23:01:27.21,2025-08-21T19:01:27.2140000-04:00,2025-08-21T23:01:27.2140000Z,,v3,5433,5508,,"McCarthy, Ryan",811735,Right,SMD,3094cc2d-d38e-48f4-bbab-82cf45cd6bd5,54.62421,-128.57097,11.6865,6.44187,-7.21656,-9.97306,-1.80156,6.50501,1.90669,,,,,,,,,,,,,,,,,,,,,,,,,,,,,83.35808,2.01307,0.838656,1.174414,-0.51514,1.22374,1.4856,0.97019,5.59132,2.18751,127.27837,0.53044,3.49328,1.09298,120.48337,-11.23182,5.58625,7.73572,-10.25091,2.14081,-2.51178,3.16755,High,High,High,,,High,High,High
46,2025-08-21,19:01:57.94,3,4,"Virbitsky, Kyle",680223,Right,SMD,"Skender, Ethan",663690,Right,GAS,Undefined,2,Top,2,1,2,Fastball,Four-Seam,InPlay,Undefined,FlyBall,Single,1,0,,93.0246,-2.994234,-2.177509,2479.651633,194.024886,12:30,6.49004,1.24412,5.89944,-12.96642,19.52651,4.60485,2.62531,-0.39457,84.67942,-5.491934,-1.351765,0.410266,100.05091,12.399477,14.447971,2479.506536,104.72817,19.83063,33.64502,263.79273,260.39708,22.763025,2.467401,-3.01354,11.23473,-1.07171,50,6.24171,4.92878,-134.85216,-7.41918,-5.52181,30.67692,-11.58818,SMD,GAS,RegencyFurnitureStadium,Independent,ATL,20250821-RegencyFurnitureStadium-1,d763dc80-7ee2-11f0-9a44-91d46b4c5819,91.87311,21.1979,,8.34519,,,,2.09672,2.69854,0.37686,a1610a2b-efcb-4247-9bb7-6790101691be,2025-08-21,23:01:57.94,2025-08-21T19:01:57.9448832-04:00,2025-08-21T23:01:57.9448832Z,LineDrive,v3,5433,5508,,"McCarthy, Ryan",811735,Right,SMD,5026ab40-a7fe-4ee5-a336-7f2f07690f70,54.59872,-135.89428,15.33846,6.48705,-7.02552,-5.79409,-1.24233,5.11636,-2.76091,233.376178,2.09677,138.78118,-26.5364,5.95301,-0.94008,-0.04492,0.09444,-0.02794,0.00295,2.69846,31.51702,-13.47061,0.17656,-0.45448,0.51198,-0.25727,0.06414,-0.00636,0.3768,35.76349,4.85468,-1.65237,0.08353,0.26788,-0.16116,0.04178,-0.00421,,,,,,,,,,,,,,,,,,,,,,,High,High,High,High,High,,,
47,2025-08-21,19:04:33.25,1,1,"Wells, Nick",657101,Left,GAS,"Barrera, Brett",686941,Right,SMD,Undefined,2,Bottom,0,0,0,Fastball,Four-Seam,StrikeCalled,Undefined,Undefined,Undefined,0,0,,90.56831,-2.205194,1.96489,2277.221149,156.140563,11:15,6.00408,-2.27553,5.6467,-18.40218,16.52631,-6.74367,2.41145,-1.00405,81.64771,-5.694586,0.76052,0.425365,,,,,,,,,,,,4.01945,9.43646,2.11307,50,5.80544,-4.1911,-131.13835,-5.62795,6.89796,31.48555,-15.97971,SMD,GAS,RegencyFurnitureStadium,Independent,ATL,20250821-RegencyFurnitureStadium-1,340368c0-7ee3-11f0-9a44-91d46b4c5819,88.61209,,,8.9206,,,,,,,a1610a2b-efcb-4247-9bb7-6790101691be,2025-08-21,23:04:33.25,2025-08-21T19:04:33.2524544-04:00,2025-08-21T23:04:33.2524544Z,,v3,5433,5508,,"Olmeda, Alexis",663406,Right,GAS,cbd4f6c4-ebb9-4677-b1f4-5f8c5a272ed6,54.84697,-132.29696,15.74278,6.00172,-5.03993,-7.98986,2.27197,-4.44493,3.44898,,,,,,,,,,,,,,,,,,,,,,,,,,,,,,,,,,,,,,,,,,,,,,,,,,,High,High,High,,,,,
48,2025-08-21,19:04:45.75,1,2,"Wells, Nick",657101,Left,GAS,"Barrera, Brett",686941,Right,SMD,Undefined,2,Bottom,0,0,1,ChangeUp,Changeup,BallCalled,Undefined,Undefined,Undefined,0,0,,85.52219,-3.862091,4.5178,1916.4191,122.795819,10:00,5.92294,-2.28168,5.37093,-28.04395,11.73607,-15.95237,-0.05179,0.63346,77.59019,-9.024465,1.689285,0.453946,,,,,,,,,,,,9.48138,7.5239,1.8879,50,5.55568,-9.06847,-123.37712,-9.31831,14.43323,27.38614,-20.72059,SMD,GAS,RegencyFurnitureStadium,Independent,ATL,20250821-RegencyFurnitureStadium-1,3b76e910-7ee3-11f0-9a44-91d46b4c5819,83.03291,,,7.932,,,,,,,a1610a2b-efcb-4247-9bb7-6790101691be,2025-08-21,23:04:45.75,2025-08-21T19:04:45.7538048-04:00,2025-08-21T23:04:45.7538048Z,,v3,5433,5508,,"Olmeda, Alexis",663406,Right,GAS,01765042-4205-4f37-8fa0-499b497a60db,55.12665,-124.50989,13.69307,5.92338,-8.46125,-10.3603,2.27534,-9.66547,7.21661,,,,,,,,,,,,,,,,,,,,,,,,,,,,,,,,,,,,,,,,,,,,,,,,,,,High,High,High,,,,,
49,2025-08-21,19:05:05.13,1,3,"Wells, Nick",657101,Left,GAS,"Barrera, Brett",686941,Right,SMD,Undefined,2,Bottom,0,1,1,Fastball,Cutter,BallCalled,Undefined,Undefined,Undefined,0,0,,88.11569,-0.404587,2.780899,2560.80972,163.011721,11:30,6.23286,-2.20633,5.26584,-26.81001,10.3215,-2.77158,3.61818,0.17712,80.05999,-5.357461,2.290034,0.438574,,,,,,,,,,,,2.19748,5.65689,1.95389,50,6.17644,-6.07266,-127.63912,-1.87807,3.60381,27.71795,-22.89685,SMD,GAS,RegencyFurnitureStadium,Independent,ATL,20250821-RegencyFurnitureStadium-1,4708f250-7ee3-11f0-9a44-91d46b4c5819,85.94322,,,8.0557,,,,,,,a1610a2b-efcb-4247-9bb7-6790101691be,2025-08-21,23:05:05.13,2025-08-21T19:05:05.1357184-04:00,2025-08-21T23:05:05.1357184Z,,v3,5433,5508,,"Olmeda, Alexis",663406,Right,GAS,7c3c4b9e-2678-4973-8f93-ab0d451bc3d7,55.22907,-128.76966,13.85898,6.234,-0.94417,-11.44843,2.20457,-6.21965,1.80191,,,,,,,,,,,,,,,,,,,,,,,,,,,,,,,,,,,,,,,,,,,,,,,,,,,High,High,High,,,,,
50,2025-08-21,19:05:18.08,1,4,"Wells, Nick",657101,Left,GAS,"Barrera, Brett",686941,Right,SMD,Undefined,2,Bottom,0,2,1,Fastball,Slider,StrikeCalled,Undefined,Undefined,Undefined,0,0,,86.67184,-0.589791,3.10354,2658.05439,189.312691,12:15,6.25867,-2.02544,5.40386,-32.47281,5.36237,0.69118,2.99915,0.94297,79.70024,-6.528507,3.226238,0.44271,,,,,,,,,,,,0.48417,3.22122,1.74832,50,6.18345,-6.84526,-125.69287,-2.48457,0.7774,24.6008,-27.00189,SMD,GAS,RegencyFurnitureStadium,Independent,ATL,20250821-RegencyFurnitureStadium-1,4ec0cea0-7ee3-11f0-9a44-91d46b4c5819,85.14028,,,6.97159,,,,,,,a1610a2b-efcb-4247-9bb7-6790101691be,2025-08-21,23:05:18.08,2025-08-21T19:05:18.0804096-04:00,2025-08-21T23:05:18.0804096Z,,v3,5433,5508,,"Olmeda, Alexis",663406,Right,GAS,2bfdde2a-8b6c-4bed-81d0-0bc1ebfd1ed0,55.09349,-126.68585,12.3004,6.26174,-1.39468,-13.50095,2.02526,-6.87664,0.3887,,,,,,,,,,,,,,,,,,,,,,,,,,,,,,,,,,,,,,,,,,,,,,,,,,,High,High,High,,,,,
51,2025-08-21,19:05:31.75,1,5,"Wells, Nick",657101,Left,GAS,"Barrera, Brett",686941,Right,SMD,Undefined,2,Bottom,0,2,2,Slider,Slider,InPlay,Undefined,FlyBall,Double,0,0,,83.16034,0.076879,1.639263,2754.953318,268.096713,3:00,6.32861,-1.8658,5.1119,-40.19486,1.4963,5.11008,3.05149,0.10478,76.17118,-7.225922,2.5435,0.464722,101.16812,20.979837,-16.402368,1750.226563,105.13568,37.48901,-32.34941,352.1972,350.26849,-18.404403,3.798698,-2.08969,1.08059,1.70721,50,6.3044,-3.67001,-120.64228,-1.32442,-3.07124,24.07766,-30.58589,SMD,GAS,RegencyFurnitureStadium,Independent,ATL,20250821-RegencyFurnitureStadium-1,56e353a0-7ee3-11f0-9a44-91d46b4c5819,81.10747,48.64415,,6.98916,,,,2.05814,3.14638,-0.08235,a1610a2b-efcb-4247-9bb7-6790101691be,2025-08-21,23:05:31.75,2025-08-21T19:05:31.7580288-04:00,2025-08-21T23:05:31.7580288Z,LineDrive,v3,5433,5508,,"Olmeda, Alexis",663406,Right,GAS,2575c4ee-c703-4dd7-97c3-f256485e7615,55.38683,-121.71263,12.03883,6.33305,0.03525,-15.29294,1.86732,-3.53348,-1.53562,155.603821,2.05752,132.92421,-22.26004,5.31834,-1.44208,0.4261,-0.10543,0.01565,-0.00096,3.14697,53.10763,-16.8061,0.69314,0.19403,-0.16655,0.05563,-0.00854,0.00049,-0.08197,-39.13192,2.92655,0.14198,-0.12412,0.02365,-0.00058,-0.00051,5E-05,,,,,,,,,,,,,,,,,,,,,,,High,High,High,High,High,,,
52,2025-08-21,19:06:23.11,2,1,"Wells, Nick",657101,Left,GAS,"De Aza, Alejandro",457477,Left,SMD,Undefined,2,Bottom,0,0,0,Fastball,Four-Seam,InPlay,Undefined,Bunt,Sacrifice,1,0,,90.54111,-1.696615,3.766843,2282.482509,139.291573,10:45,6.01727,-2.22,5.79196,-18.91052,15.64682,-12.44123,2.8593,0.25225,82.14592,-5.273506,1.544249,0.423099,,,,,,,,,,,,7.53422,8.85371,1.91747,50,5.86623,-8.1043,-131.14273,-4.48961,13.02169,29.69389,-16.87185,SMD,GAS,RegencyFurnitureStadium,Independent,ATL,20250821-RegencyFurnitureStadium-1,7579fc10-7ee3-11f0-9a44-91d46b4c5819,89.08665,,,8.39519,,,,,,,a1610a2b-efcb-4247-9bb7-6790101691be,2025-08-21,23:06:23.11,2025-08-21T19:06:23.1195648-04:00,2025-08-21T23:06:23.1195648Z,,v3,5433,5508,,"Olmeda, Alexis",663406,Right,GAS,cbf14707-e28d-476a-aaee-7e5a2b8ba40a,54.70645,-132.20409,14.84695,6.01593,-3.88655,-8.43593,2.21546,-8.56974,6.51085,,,,,,,,,,,,,,,,,,,,,,,,,,,,,,,,,,,,,,,,,,,,,,,,,,,High,High,High,,,,,
53,2025-08-21,19:07:01.54,3,1,"Wells, Nick",657101,Left,GAS,"DiGiacomo, Giovanni",681029,Left,SMD,Undefined,2,Bottom,1,0,0,Fastball,Four-Seam,BallCalled,Undefined,Undefined,Undefined,0,0,,91.33361,-2.298109,4.611026,2373.270681,139.558751,10:45,6.02759,-2.07585,5.77589,-18.5067,15.38213,-12.16032,2.3389,1.2106,83.31908,-5.782363,2.443055,0.418986,,,,,,,,,,,,7.45059,8.80595,1.70161,50,5.82603,-10.115,-132.13506,-5.90927,13.16556,28.29225,-16.61354,SMD,GAS,RegencyFurnitureStadium,Independent,ATL,20250821-RegencyFurnitureStadium-1,8c6a5460-7ee3-11f0-9a44-91d46b4c5819,89.96105,,,8.01453,,,,,,,a1610a2b-efcb-4247-9bb7-6790101691be,2025-08-21,23:07:01.54,2025-08-21T19:07:01.5405056-04:00,2025-08-21T23:07:01.5405056Z,,v3,5433,5508,,"Olmeda, Alexis",663406,Right,GAS,59eb7259-e3f0-473c-8851-f706d2da1a7c,54.72078,-133.14202,14.14613,6.02583,-5.31797,-8.30677,2.06996,-10.58358,6.58278,,,,,,,,,,,,,,,,,,,,,,,,,,,,,,,,,,,,,,,,,,,,,,,,,,,High,High,High,,,,,
54,2025-08-21,19:07:15.00,3,2,"Wells, Nick",657101,Left,GAS,"DiGiacomo, Giovanni",681029,Left,SMD,Undefined,2,Bottom,1,1,0,Cutter,Slider,StrikeSwinging,Undefined,Undefined,Undefined,0,0,,87.4731,-0.955742,2.835732,2668.97979,182.771771,12:00,6.12717,-2.11308,5.36441,-25.35391,11.6356,0.51158,3.11699,0.59072,80.73631,-5.619793,2.926484,0.437734,,,,,,,,,,,,0.45465,6.42063,1.85803,50,6.02339,-6.30986,-126.93315,-3.02097,0.74885,23.65704,-21.59865,SMD,GAS,RegencyFurnitureStadium,Independent,ATL,20250821-RegencyFurnitureStadium-1,946e06c0-7ee3-11f0-9a44-91d46b4c5819,86.10801,,,6.73679,,,,,,,a1610a2b-efcb-4247-9bb7-6790101691be,2025-08-21,23:07:15.00,2025-08-21T19:07:15.0039552-04:00,2025-08-21T23:07:15.0039552Z,,v3,5433,5508,,"Olmeda, Alexis",663406,Right,GAS,bd8398b2-19d2-4b67-91ef-9596569ccec0,55.13332,-127.88629,11.82852,6.12757,-2.15076,-10.79932,2.11286,-6.34003,0.37443,,,,,,,,,,,,,,,,,,,,,,,,,,,,,,,,,,,,,,,,,,,,,,,,,,,High,High,High,,,,,
55,2025-08-21,19:07:30.90,3,3,"Wells, Nick",657101,Left,GAS,"DiGiacomo, Giovanni",681029,Left,SMD,Undefined,2,Bottom,1,1,1,Slider,Slider,BallCalled,Undefined,Undefined,Undefined,0,0,,82.90955,-2.81216,4.321701,2789.112941,236.295914,2:00,6.29937,-1.78873,5.42186,-37.00376,4.19902,4.58772,0.57202,2.64929,77.37428,-9.480807,5.135217,0.461992,,,,,,,,,,,,-1.26158,3.15669,1.40122,50,6.02301,-9.25784,-120.06429,-7.21188,-1.86256,20.75919,-27.51354,SMD,GAS,RegencyFurnitureStadium,Independent,ATL,20250821-RegencyFurnitureStadium-1,9dedaac0-7ee3-11f0-9a44-91d46b4c5819,81.58673,,,5.53528,,,,,,,a1610a2b-efcb-4247-9bb7-6790101691be,2025-08-21,23:07:30.90,2025-08-21T19:07:30.9031424-04:00,2025-08-21T23:07:30.9031424Z,,v3,5433,5508,,"Olmeda, Alexis",663406,Right,GAS,64b297c1-0fcd-4abd-aaeb-d07239df19df,55.07789,-120.93907,10.37959,6.30248,-6.05247,-13.75677,1.78969,-9.17936,-0.93128,,,,,,,,,,,,,,,,,,,,,,,,,,,,,,,,,,,,,,,,,,,,,,,,,,,High,High,High,,,,,
56,2025-08-21,19:07:51.57,3,4,"Wells, Nick",657101,Left,GAS,"DiGiacomo, Giovanni",681029,Left,SMD,Undefined,2,Bottom,1,2,1,Fastball,Slider,BallCalled,Undefined,Undefined,Undefined,0,0,,87.53288,0.404857,2.14029,2681.518981,187.063464,12:15,6.17128,-2.13143,5.44105,-26.98226,9.56213,1.06472,4.30211,-0.03774,81.1949,-4.552019,2.32955,0.435093,,,,,,,,,,,,-0.04098,5.03563,1.94139,50,6.18842,-4.80023,-127.21147,-0.06718,-0.06824,22.08946,-23.78714,SMD,GAS,RegencyFurnitureStadium,Independent,ATL,20250821-RegencyFurnitureStadium-1,aa3f5a80-7ee3-11f0-9a44-91d46b4c5819,86.63081,,,6.33797,,,,,,,a1610a2b-efcb-4247-9bb7-6790101691be,2025-08-21,23:07:51.57,2025-08-21T19:07:51.5732992-04:00,2025-08-21T23:07:51.5732992Z,,v3,5433,5508,,"Olmeda, Alexis",663406,Right,GAS,089115a2-cc6a-4d90-8e8a-42f01196ab81,55.05775,-128.0867,11.04473,6.17241,0.87532,-11.89357,2.13154,-4.79753,-0.03412,,,,,,,,,,,,,,,,,,,,,,,,,,,,,,,,,,,,,,,,,,,,,,,,,,,High,High,High,,,,,
57,2025-08-21,19:08:08.81,3,5,"Wells, Nick",657101,Left,GAS,"DiGiacomo, Giovanni",681029,Left,SMD,Undefined,2,Bottom,1,3,1,Fastball,Four-Seam,FoulBallNotFieldable,Undefined,Undefined,Undefined,0,0,,91.02325,-1.421909,2.766198,2201.451707,150.909275,11:00,6.0512,-2.20137,5.73538,-17.97682,15.97954,-8.28926,3.22723,-0.31426,83.17289,-4.812589,1.284976,0.419403,73.66307,29.605635,-165.369405,2807.013888,,,,,56.74774,,,5.00276,8.86296,1.97613,50,5.92176,-6.01998,-132.05005,-3.85538,8.83598,28.04002,-16.52011,SMD,GAS,RegencyFurnitureStadium,Independent,ATL,20250821-RegencyFurnitureStadium-1,b47ad470-7ee3-11f0-9a44-91d46b4c5819,89.8716,28.25883,,7.85035,,,,1.30874,3.28612,0.32007,a1610a2b-efcb-4247-9bb7-6790101691be,2025-08-21,23:08:08.81,2025-08-21T19:08:08.8185856-04:00,2025-08-21T23:08:08.8185856Z,,v3,5433,5508,,"Olmeda, Alexis",663406,Right,GAS,0e1536bb-beaa-4bd3-be2b-427f9a1f2444,54.76265,-133.05752,14.02001,6.04962,-3.26181,-8.26006,2.19813,-6.33746,4.41799,52.411855,1.30874,-90.88827,5.71341,-0.16214,0.10176,-0.14529,0.19469,-0.09802,0.00177,3.28612,53.37411,-24.62426,2.60558,-0.30938,-0.29015,0.21236,0.34076,-0.34123,0.32007,-23.72643,8.22548,-0.6306,0.13252,-0.02832,0.11465,-0.20303,0.11166,,,,,,,,,,,,,,,,,,,,,,,High,High,High,High,Undefined,,,
58,2025-08-21,19:08:34.67,3,6,"Wells, Nick",657101,Left,GAS,"DiGiacomo, Giovanni",681029,Left,SMD,Undefined,2,Bottom,1,3,2,Fastball,Four-Seam,FoulBallNotFieldable,Undefined,Undefined,Undefined,0,0,,91.54137,-1.782669,2.769107,2329.540764,168.626807,11:30,6.00493,-2.24358,5.85409,-16.63627,17.18993,-3.21689,2.95978,0.0632,82.74628,-4.959151,2.193206,0.418599,,,,,,,,,,,,2.47402,9.64241,2.02033,50,5.85023,-6.26515,-132.57598,-4.61641,4.35656,31.14616,-15.19432,SMD,GAS,RegencyFurnitureStadium,Independent,ATL,20250821-RegencyFurnitureStadium-1,c3d30d70-7ee3-11f0-9a44-91d46b4c5819,90.04428,,,8.79509,,,,,,,a1610a2b-efcb-4247-9bb7-6790101691be,2025-08-21,23:08:34.67,2025-08-21T19:08:34.6785280-04:00,2025-08-21T23:08:34.6785280Z,,v3,5433,5508,,"Olmeda, Alexis",663406,Right,GAS,8f0d67f8-2dd3-4697-81a8-cb063f3fd419,54.63861,-133.66129,15.57308,6.00187,-4.08695,-7.59716,2.24129,-6.41696,2.17828,,,,,,,,,,,,,,,,,,,,,,,,,,,,,,,,,,,,,,,,,,,,,,,,,,,High,High,High,,,,,
59,2025-08-21,19:09:14.09,3,7,"Wells, Nick",657101,Left,GAS,"DiGiacomo, Giovanni",681029,Left,SMD,Undefined,2,Bottom,1,3,2,Slider,Slider,FoulBallNotFieldable,Undefined,Undefined,Undefined,0,0,,84.17558,-0.933439,2.229921,2701.113871,224.980786,1:30,6.34152,-1.89846,5.26283,-35.22687,5.03512,3.81878,2.52829,0.51572,77.58094,-7.346345,2.907169,0.456687,72.08891,56.90684,-136.775602,5049.497719,,,,,40.39349,,,-1.32772,3.11229,1.69133,50,6.22993,-4.91681,-122.15546,-3.26554,-2.01311,23.28793,-27.45521,SMD,GAS,RegencyFurnitureStadium,Independent,ATL,20250821-RegencyFurnitureStadium-1,db657220-7ee3-11f0-9a44-91d46b4c5819,82.53445,52.83893,,6.59464,,,,1.79723,2.49432,-0.40513,a1610a2b-efcb-4247-9bb7-6790101691be,2025-08-21,23:09:14.09,2025-08-21T19:09:14.0961280-04:00,2025-08-21T23:09:14.0961280Z,,v3,5433,5508,,"Olmeda, Alexis",663406,Right,GAS,a8260dba-d5e8-4640-9e2d-e5e18ba1bdbe,55.23627,-123.14966,11.64397,6.34432,-2.09343,-13.72761,1.8994,-4.83087,-1.00656,25.232168,1.79723,-42.06657,-3.25246,1.87896,0.33155,-1.05837,0.47183,0.27203,-0.23028,2.49432,88.57872,-30.79889,4.04194,-0.52255,-0.14922,-0.11576,0.34217,-0.16705,-0.40513,-39.53591,7.10419,-1.30458,0.0925,0.09744,0.05392,-0.16131,0.07829,,,,,,,,,,,,,,,,,,,,,,,High,High,High,High,Undefined,,,
60,2025-08-21,19:09:35.23,3,8,"Wells, Nick",657101,Left,GAS,"DiGiacomo, Giovanni",681029,Left,SMD,Undefined,2,Bottom,1,3,2,Fastball,Four-Seam,BallCalled,Walk,Undefined,Undefined,0,0,,90.95567,-3.216664,2.877416,2206.949164,146.051119,10:45,6.06405,-2.04961,5.73224,-18.90414,15.38769,-9.57323,1.48624,-0.16552,82.82654,-6.76864,1.166187,0.42147,,,,,,,,,,,,5.7,9.1163,1.81558,50,5.78396,-6.19415,-131.68054,-8.01659,9.95724,29.29255,-16.24892,SMD,GAS,RegencyFurnitureStadium,Independent,ATL,20250821-RegencyFurnitureStadium-1,e7ffeab0-7ee3-11f0-9a44-91d46b4c5819,89.4309,,,8.12913,,,,,,,a1610a2b-efcb-4247-9bb7-6790101691be,2025-08-21,23:09:35.23,2025-08-21T19:09:35.2347648-04:00,2025-08-21T23:09:35.2347648Z,,v3,5433,5508,,"Olmeda, Alexis",663406,Right,GAS,18e112f9-7720-4ef6-8a68-9c418d32f05c,54.76412,-132.7361,14.64627,6.06229,-7.43107,-8.12446,2.04525,-6.55296,4.97862,,,,,,,,,,,,,,,,,,,,,,,,,,,,,,,,,,,,,,,,,,,,,,,,,,,High,High,High,,,,,
61,2025-08-21,19:10:15.59,4,1,"Wells, Nick",657101,Left,GAS,"Dexter, Sam",670448,Right,SMD,Undefined,2,Bottom,1,0,0,Fastball,Four-Seam,InPlay,Undefined,FlyBall,Out,1,0,,90.61519,-2.14782,2.252372,2298.750237,151.544642,11:00,6.08395,-2.21605,5.66384,-18.17426,16.07875,-8.13796,2.56422,-0.79291,83.1277,-5.558937,0.798925,0.421231,75.34241,53.096621,32.405158,,81.02729,97.46878,74.3945,223.30681,107.42392,47.537273,4.962284,4.74733,9.07103,2.03091,50,5.89087,-4.81653,-131.48276,-5.52414,8.34093,26.92096,-16.23644,SMD,GAS,RegencyFurnitureStadium,Independent,ATL,20250821-RegencyFurnitureStadium-1,000d72d0-7ee4-11f0-9a44-91d46b4c5819,89.48156,98.55108,,7.48749,,,,0.35378,2.53692,0.79143,a1610a2b-efcb-4247-9bb7-6790101691be,2025-08-21,23:10:15.59,2025-08-21T19:10:15.5923968-04:00,2025-08-21T23:10:15.5923968Z,Popup,v3,5433,5508,,"Olmeda, Alexis",663406,Right,GAS,87d16da9-23e9-4b90-8efb-e34fb6cc9989,54.83435,-132.46889,13.46048,6.08233,-4.92939,-8.11822,2.21293,-5.12206,4.17046,216.548789,0.39189,55.20941,-9.62634,-2.47906,4.12833,-2.00155,0.48582,-0.05874,0.00281,2.53771,88.30442,-23.85294,1.52256,0.64211,-0.56024,0.17911,-0.02665,0.00152,0.7746,35.89143,-0.39129,1.22113,-1.30763,0.56647,-0.12204,0.01267,-0.0005,,,,,,,,,,,,,,,,,,,,,,,High,High,High,High,Medium,,,
62,2025-08-21,19:11:03.25,5,1,"Wells, Nick",657101,Left,GAS,"McCarthy, Ryan",811735,Right,SMD,Undefined,2,Bottom,2,0,0,Fastball,Four-Seam,StrikeCalled,Undefined,Undefined,Undefined,0,0,,91.32446,-3.119044,3.316365,2187.254531,159.447866,11:15,6.01157,-2.15521,5.68809,-16.20851,18.02237,-6.30359,1.74608,0.41388,82.76631,-6.198877,2.191977,0.421095,,,,,,,,,,,,4.18784,10.43654,1.87995,50,5.73865,-7.36809,-132.08801,-7.69675,7.33328,30.45767,-13.89865,SMD,GAS,RegencyFurnitureStadium,Independent,ATL,20250821-RegencyFurnitureStadium-1,1c794c00-7ee4-11f0-9a44-91d46b4c5819,89.51044,,,8.55815,,,,,,,a1610a2b-efcb-4247-9bb7-6790101691be,2025-08-21,23:11:03.25,2025-08-21T19:11:03.2577024-04:00,2025-08-21T23:11:03.2577024Z,,v3,5433,5508,,"Olmeda, Alexis",663406,Right,GAS,a62a246f-7af4-49fc-8159-cdf959fe64e8,54.80677,-133.19177,15.22884,6.00844,-7.19307,-6.94933,2.15178,-7.63385,3.66664,,,,,,,,,,,,,,,,,,,,,,,,,,,,,,,,,,,,,,,,,,,,,,,,,,,High,High,High,,,,,
63,2025-08-21,19:11:19.69,5,2,"Wells, Nick",657101,Left,GAS,"McCarthy, Ryan",811735,Right,SMD,Undefined,2,Bottom,2,0,1,Fastball,Slider,BallCalled,Undefined,Undefined,Undefined,0,0,,87.49383,0.076614,2.44862,2700.980222,207.601552,1:00,6.26001,-2.12235,5.3824,-26.42596,10.89355,5.07268,4.12973,0.59701,79.85156,-4.811442,3.348734,0.439683,,,,,,,,,,,,-1.84146,5.81366,1.89962,50,6.2485,-5.65155,-126.86214,-0.7655,-2.99552,26.39259,-22.71679,SMD,GAS,RegencyFurnitureStadium,Independent,ATL,20250821-RegencyFurnitureStadium-1,262e57e0-7ee4-11f0-9a44-91d46b4c5819,85.72644,,,7.64226,,,,,,,a1610a2b-efcb-4247-9bb7-6790101691be,2025-08-21,23:11:19.69,2025-08-21T19:11:19.6924416-04:00,2025-08-21T23:11:19.6924416Z,,v3,5433,5508,,"Olmeda, Alexis",663406,Right,GAS,ee8cf033-d128-4a39-b851-4c57a748bb82,55.11339,-127.92151,13.1963,6.26093,0.14633,-11.35839,2.12406,-5.53131,-1.49776,,,,,,,,,,,,,,,,,,,,,,,,,,,,,,,,,,,,,,,,,,,,,,,,,,,High,High,High,,,,,
64,2025-08-21,19:11:35.26,5,3,"Wells, Nick",657101,Left,GAS,"McCarthy, Ryan",811735,Right,SMD,Undefined,2,Bottom,2,1,1,Fastball,Four-Seam,InPlay,Undefined,LineDrive,Single,0,1,,90.77424,-2.084336,2.380215,2270.198281,166.21812,11:30,5.9905,-2.21721,5.81188,-18.90529,15.45052,-3.49835,2.47438,-0.29419,82.34554,-5.657205,1.753893,0.421863,94.47989,12.910487,-1.051255,1630.042814,109.9979,15.40554,-0.67099,205.22708,202.61671,0.056257,1.884471,2.51457,8.8752,2.02422,50,5.80846,-5.31687,-131.56353,-5.38677,4.36697,30.29658,-16.76072,SMD,GAS,RegencyFurnitureStadium,Independent,ATL,20250821-RegencyFurnitureStadium-1,2f8d2d70-7ee4-11f0-9a44-91d46b4c5819,89.34758,15.4226,,8.4287,,,,0.99924,2.43047,0.29498,a1610a2b-efcb-4247-9bb7-6790101691be,2025-08-21,23:11:35.26,2025-08-21T19:11:35.2621568-04:00,2025-08-21T23:11:35.2621568Z,LineDrive,v3,5433,5508,,"Olmeda, Alexis",663406,Right,GAS,d52733d8-a7e8-46d9-b8b6-8a7c148e3df5,54.6846,-132.63792,15.14829,5.98895,-4.7924,-8.38036,2.21552,-5.47173,2.18348,255.974634,0.99924,135.04452,-18.58274,3.35064,-0.73777,0.15303,-0.03042,0.00472,-0.00038,2.43047,30.96054,-19.95566,2.08616,-0.44591,0.1008,-0.01885,0.00286,-0.00024,0.29498,-2.47805,1.91608,-0.47585,0.10717,-0.02285,0.00436,-0.00066,5E-05,,,,,,,,,,,,,,,,,,,,,,,High,High,High,High,High,,,
65,2025-08-21,19:12:16.30,6,1,"Wells, Nick",657101,Left,GAS,"Loftin, Jackson",699816,Right,SMD,Undefined,2,Bottom,2,0,0,Slider,Slider,InPlay,Undefined,GroundBall,Out,1,0,,83.63494,-1.60277,1.498151,2720.504369,216.088449,1:15,6.33633,-1.88605,5.38599,-34.84203,5.71386,3.27575,1.92965,-0.20854,77.2131,-7.954125,2.081171,0.458351,49.26905,-77.226649,-28.585332,,,,,0.31245,0.31245,-5.766119,0.024346,-1.25433,3.66744,1.74975,50,6.16845,-3.31117,-121.40874,-4.62989,-1.88035,22.80286,-26.67628,SMD,GAS,RegencyFurnitureStadium,Independent,ATL,20250821-RegencyFurnitureStadium-1,4809a400-7ee4-11f0-9a44-91d46b4c5819,82.23483,1.72463,,6.42183,,,,-0.03246,1.72463,0.15568,a1610a2b-efcb-4247-9bb7-6790101691be,2025-08-21,23:12:16.30,2025-08-21T19:12:16.3010560-04:00,2025-08-21T23:12:16.3010560Z,GroundBall,v3,5433,5508,,"Olmeda, Alexis",663406,Right,GAS,baada260-13a9-4e1c-a427-653c640254a9,55.11243,-122.36518,11.40143,6.33918,-3.51097,-13.33814,1.88698,-3.2323,-0.94018,,-0.03274,14.10204,,,,,,,,1.72606,-70.83916,,,,,,,,0.15584,-7.684,,,,,,,,,,,,,,,,,,,,,,,,,,,,,,High,High,High,Estimated,Estimated,,,
66,2025-08-21,19:14:54.19,1,1,"Virbitsky, Kyle",680223,Right,SMD,"Olmeda, Alexis",663406,Right,GAS,Undefined,3,Top,0,0,0,Fastball,Cutter,BallCalled,Undefined,Undefined,Undefined,0,0,,88.27601,-1.169849,-1.42696,2470.92514,170.851452,11:45,6.4121,1.95369,5.97111,-22.17678,13.41863,-1.98728,3.479,0.4649,81.09955,-5.324746,-1.784099,0.429406,,,,,,,,,,,,0.63689,7.53693,-1.83967,50,6.30708,3.27749,-128.24548,-3.31593,1.06524,25.45835,-19.56812,SMD,GAS,RegencyFurnitureStadium,Independent,ATL,20250821-RegencyFurnitureStadium-1,a625e530-7ee4-11f0-9a44-91d46b4c5819,87.77803,,,7.17646,,,,,,,a1610a2b-efcb-4247-9bb7-6790101691be,2025-08-21,23:14:54.19,2025-08-21T19:14:54.1958144-04:00,2025-08-21T23:14:54.1958144Z,,v3,5433,5508,,"McCarthy, Ryan",811735,Right,SMD,f8cc2041-0e1f-493d-9306-763f1671cae0,54.52559,-129.14074,12.72917,6.41159,-2.6278,-9.78406,-1.95426,3.24003,0.53262,,,,,,,,,,,,,,,,,,,,,,,,,,,,,,,,,,,,,,,,,,,,,,,,,,,High,High,High,,,,,
67,2025-08-21,19:15:05.33,1,2,"Virbitsky, Kyle",680223,Right,SMD,"Olmeda, Alexis",663406,Right,GAS,Undefined,3,Top,0,1,0,Fastball,Four-Seam,StrikeCalled,Undefined,Undefined,Undefined,0,0,,92.13031,-2.944116,-2.459094,2357.370775,192.742796,12:30,6.44853,1.58092,6.13167,-11.85749,20.98663,4.49626,2.7343,-0.31869,83.84268,-5.256785,-1.649679,0.412477,,,,,,,,,,,,-3.02646,12.00489,-1.39529,50,6.21699,5.54264,-133.55086,-7.15117,-5.44244,29.91687,-10.58568,SMD,GAS,RegencyFurnitureStadium,Independent,ATL,20250821-RegencyFurnitureStadium-1,acc21850-7ee4-11f0-9a44-91d46b4c5819,91.38065,,,8.28763,,,,,,,a1610a2b-efcb-4247-9bb7-6790101691be,2025-08-21,23:15:05.33,2025-08-21T19:15:05.3398528-04:00,2025-08-21T23:15:05.3398528Z,,v3,5433,5508,,"McCarthy, Ryan",811735,Right,SMD,52081b8b-6cc4-4792-a8a8-346e5ac9e9f2,54.36451,-134.52501,14.95844,6.44423,-6.80648,-5.29284,-1.57865,5.71986,-2.72122,,,,,,,,,,,,,,,,,,,,,,,,,,,,,,,,,,,,,,,,,,,,,,,,,,,High,High,High,,,,,
68,2025-08-21,19:15:16.86,1,3,"Virbitsky, Kyle",680223,Right,SMD,"Olmeda, Alexis",663406,Right,GAS,Undefined,3,Top,0,1,1,ChangeUp,Slider,StrikeSwinging,Undefined,Undefined,Undefined,0,0,,82.36537,-1.735602,-0.776112,2326.094202,71.330266,8:30,6.39597,1.8367,5.47398,-43.94329,-1.49724,-8.86804,1.10927,0.3714,74.99999,-9.738442,-2.360236,0.468911,,,,,,,,,,,,4.22603,0.24299,-1.76232,50,6.21371,1.98175,-119.39089,-5.16927,6.00271,26.39799,-31.8289,SMD,GAS,RegencyFurnitureStadium,Independent,ATL,20250821-RegencyFurnitureStadium-1,b3abcf30-7ee4-11f0-9a44-91d46b4c5819,80.38298,,,7.36537,,,,,,,a1610a2b-efcb-4247-9bb7-6790101691be,2025-08-21,23:15:16.86,2025-08-21T19:15:16.8637952-04:00,2025-08-21T23:15:16.8637952Z,,v3,5433,5508,,"McCarthy, Ryan",811735,Right,SMD,09d1aeea-6e8a-43bf-b315-716ee4dd161c,55.02333,-120.49646,13.19899,6.40229,-3.83625,-15.91445,-1.84005,1.73035,3.00136,,,,,,,,,,,,,,,,,,,,,,,,,,,,,,,,,,,,,,,,,,,,,,,,,,,High,High,High,,,,,
69,2025-08-21,19:15:31.31,1,4,"Virbitsky, Kyle",680223,Right,SMD,"Olmeda, Alexis",663406,Right,GAS,Undefined,3,Top,0,1,2,Fastball,Four-Seam,BallCalled,Undefined,Undefined,Undefined,0,0,,92.8098,-2.361392,-3.268255,2477.474188,192.341727,12:30,6.50214,1.32581,6.05948,-10.32619,22.16104,4.60922,3.45125,-1.31827,84.32705,-4.399875,-2.440822,0.41023,,,,,,,,,,,,-3.30772,12.38461,-1.07424,50,6.31266,7.47574,-134.47282,-5.76754,-6.02907,30.40232,-9.60023,SMD,GAS,RegencyFurnitureStadium,Independent,ATL,20250821-RegencyFurnitureStadium-1,bc438430-7ee4-11f0-9a44-91d46b4c5819,91.88117,,,8.48275,,,,,,,a1610a2b-efcb-4247-9bb7-6790101691be,2025-08-21,23:15:31.31,2025-08-21T19:15:31.3183232-04:00,2025-08-21T23:15:31.3183232Z,,v3,5433,5508,,"McCarthy, Ryan",811735,Right,SMD,e5be49b4-e9de-4235-bb0b-1a3f9805a43b,54.43605,-135.47203,15.20116,6.49703,-5.45201,-4.80012,-1.3232,7.67389,-3.01454,,,,,,,,,,,,,,,,,,,,,,,,,,,,,,,,,,,,,,,,,,,,,,,,,,,High,High,High,,,,,
70,2025-08-21,19:15:47.66,1,5,"Virbitsky, Kyle",680223,Right,SMD,"Olmeda, Alexis",663406,Right,GAS,Undefined,3,Top,0,2,2,Slider,Slider,StrikeSwinging,Strikeout,Undefined,Undefined,0,0,,83.58943,-1.260884,-2.067736,2331.966135,68.576128,8:15,6.31866,1.89606,5.43345,-43.16825,-2.31618,-9.20123,1.53957,-0.80792,76.86491,-9.091843,-3.707041,0.460022,,,,,,,,,,,,4.03398,-0.40012,-1.70641,50,6.17712,4.7617,-121.2632,-4.2356,5.98052,24.67536,-32.76723,SMD,GAS,RegencyFurnitureStadium,Independent,ATL,20250821-RegencyFurnitureStadium-1,c606e7f0-7ee4-11f0-9a44-91d46b4c5819,81.93618,,,6.72451,,,,,,,a1610a2b-efcb-4247-9bb7-6790101691be,2025-08-21,23:15:47.66,2025-08-21T19:15:47.6650000-04:00,2025-08-21T23:15:47.6650000Z,,v3,5433,5508,,"McCarthy, Ryan",811735,Right,SMD,49f7b29a-4864-455a-9e1e-534dc9fe3d8f,55.06524,-122.28956,12.33768,6.32495,-2.87266,-16.38362,-1.89929,4.51295,2.99026,,,,,,,,,,,,,,,,,,,,,,,,,,,,,61.83978,3.002106,1.899469,1.102637,-1.04155,1.13679,0.96883,-1.58777,6.30115,-2.17349,69.33985,10.00497,-55.44117,-1.50123,68.94297,-4.22873,6.33745,17.19989,-12.56684,-2.29108,-54.01598,5.23165,High,High,High,,,High,High,High
71,2025-08-21,19:16:17.82,2,1,"Virbitsky, Kyle",680223,Right,SMD,"Scantlin, Nate",676715,Left,GAS,Undefined,3,Top,1,0,0,Cutter,Cutter,BallCalled,Undefined,Undefined,Undefined,0,0,,88.89185,-2.952056,-2.731048,2438.366208,169.37857,11:45,6.30218,1.83043,5.96569,-24.39029,11.06197,-1.85965,1.52703,-0.85864,81.45566,-7.483903,-3.064934,0.428542,,,,,,,,,,,,0.17638,6.87595,-1.61284,50,6.05425,6.22285,-128.82306,-7.4436,0.2958,27.28677,-20.64365,SMD,GAS,RegencyFurnitureStadium,Independent,ATL,20250821-RegencyFurnitureStadium-1,d7fbc4d0-7ee4-11f0-9a44-91d46b4c5819,87.95505,,,7.43619,,,,,,,a1610a2b-efcb-4247-9bb7-6790101691be,2025-08-21,23:16:17.82,2025-08-21T19:16:17.8281472-04:00,2025-08-21T23:16:17.8281472Z,,v3,5433,5508,,"McCarthy, Ryan",811735,Right,SMD,fa21335c-1a59-4134-81b9-2e51ade03d51,54.53085,-129.77922,13.64339,6.30241,-6.72023,-10.32183,-1.83072,6.21248,0.1479,,,,,,,,,,,,,,,,,,,,,,,,,,,,,,,,,,,,,,,,,,,,,,,,,,,High,High,High,,,,,
72,2025-08-21,19:16:33.20,2,2,"Virbitsky, Kyle",680223,Right,SMD,"Scantlin, Nate",676715,Left,GAS,Undefined,3,Top,1,1,0,Slider,Curveball,BallCalled,Undefined,Undefined,Undefined,0,0,,78.92052,1.860084,-0.433374,2461.207069,47.234532,7:30,6.50484,1.76191,5.52467,-55.55664,-9.67969,-12.12343,3.61473,0.34646,71.93671,-8.272576,-2.597442,0.487493,,,,,,,,,,,,5.92583,-4.87949,-1.71622,50,6.6301,1.35585,-114.51461,1.77857,7.78669,23.2075,-38.58581,SMD,GAS,RegencyFurnitureStadium,Independent,ATL,20250821-RegencyFurnitureStadium-1,e114ded0-7ee4-11f0-9a44-91d46b4c5819,77.31888,,,6.98381,,,,,,,a1610a2b-efcb-4247-9bb7-6790101691be,2025-08-21,23:16:33.20,2025-08-21T19:16:33.2001792-04:00,2025-08-21T23:16:33.2001792Z,,v3,5433,5508,,"McCarthy, Ryan",811735,Right,SMD,f2b1f27f-c7ca-42a3-b040-b5717a10a5d6,54.97454,-115.51835,11.60375,6.51709,3.44743,-19.2929,-1.76758,1.01907,3.89335,,,,,,,,,,,,,,,,,,,,,,,,,,,,,,,,,,,,,,,,,,,,,,,,,,,High,High,High,,,,,
73,2025-08-21,19:16:47.47,2,3,"Virbitsky, Kyle",680223,Right,SMD,"Scantlin, Nate",676715,Left,GAS,Undefined,3,Top,1,2,0,Fastball,Four-Seam,FoulBallNotFieldable,Undefined,Undefined,Undefined,0,0,,91.84811,-2.37091,-2.638197,2417.95449,193.872383,12:30,6.42518,1.46917,6.24633,-12.75217,20.16993,4.70642,3.17228,-0.57351,83.46797,-4.855141,-1.789286,0.412967,70.88193,38.421676,-167.534068,3857.881597,-108.34871,43.35377,-18.98767,195.70819,57.62705,-173.385633,2.907644,-3.22961,11.50989,-1.27517,50,6.24224,5.94367,-133.21199,-5.83033,-5.76662,30.30607,-11.62259,SMD,GAS,RegencyFurnitureStadium,Independent,ATL,20250821-RegencyFurnitureStadium-1,e9a6ee80-7ee4-11f0-9a44-91d46b4c5819,91.27232,43.73157,,8.38014,,,,0.84087,3.21727,0.58833,a1610a2b-efcb-4247-9bb7-6790101691be,2025-08-21,23:16:47.47,2025-08-21T19:16:47.4783232-04:00,2025-08-21T23:16:47.4783232Z,FlyBall,v3,5433,5508,,"McCarthy, Ryan",811735,Right,SMD,bd369002-b36e-425a-811a-55469436d2fc,54.25091,-134.1756,15.15304,6.42175,-5.46078,-5.8113,-1.46707,6.12703,-2.88331,8.206271,0.84084,-79.52968,3.61035,0.32649,0.07827,-0.20071,0.1268,-0.03452,0.00344,3.21765,64.58817,-29.61462,3.56515,-0.38212,-0.11413,0.06446,-0.01078,0.00054,0.58833,-17.58388,2.37588,0.47689,0.04819,-0.18135,0.11345,-0.03043,0.003,,,,,,,,,,,,,,,,,,,,,,,High,High,High,High,Low,,,
74,2025-08-21,19:17:11.45,2,4,"Virbitsky, Kyle",680223,Right,SMD,"Scantlin, Nate",676715,Left,GAS,Undefined,3,Top,1,2,1,Fastball,Four-Seam,StrikeCalled,Undefined,Undefined,Undefined,0,0,,92.47523,-3.631852,-2.977033,2305.577124,201.407702,12:45,6.3735,1.43397,6.16926,-12.65079,19.90926,7.38,1.95575,-0.70318,84.3456,-6.079344,-1.648151,0.41069,,,,,,,,,,,,-4.64236,11.63532,-1.21198,50,6.09115,6.64904,-133.93667,-8.82445,-8.41439,29.52049,-11.08472,SMD,GAS,RegencyFurnitureStadium,Independent,ATL,20250821-RegencyFurnitureStadium-1,f7f0ebd0-7ee4-11f0-9a44-91d46b4c5819,91.77832,,,8.12963,,,,,,,a1610a2b-efcb-4247-9bb7-6790101691be,2025-08-21,23:17:11.45,2025-08-21T19:17:11.4566656-04:00,2025-08-21T23:17:11.4566656Z,,v3,5433,5508,,"McCarthy, Ryan",811735,Right,SMD,98730bc6-f102-4303-8f5f-ca4068676c17,54.32713,-134.88703,14.76024,6.36949,-8.4676,-5.54236,-1.43039,6.91993,-4.20719,,,,,,,,,,,,,,,,,,,,,,,,,,,,,,,,,,,,,,,,,,,,,,,,,,,High,High,High,,,,,
75,2025-08-21,19:17:29.27,2,5,"Virbitsky, Kyle",680223,Right,SMD,"Scantlin, Nate",676715,Left,GAS,Undefined,3,Top,1,2,2,Cutter,Cutter,StrikeSwinging,Strikeout,Undefined,Undefined,0,0,,88.7284,-0.575079,-1.367842,2393.448159,178.181915,12:00,6.37658,1.89439,5.93899,-23.51627,11.45296,-0.33299,3.88326,0.59753,82.14082,-4.952335,-1.427649,0.425612,,,,,,,,,,,,-0.1587,6.32737,-1.78516,50,6.31735,3.09501,-129.04009,-2.06464,-0.27107,23.55628,-21.36558,SMD,GAS,RegencyFurnitureStadium,Independent,ATL,20250821-RegencyFurnitureStadium-1,027889f0-7ee5-11f0-9a44-91d46b4c5819,88.56048,,,6.58758,,,,,,,a1610a2b-efcb-4247-9bb7-6790101691be,2025-08-21,23:17:29.27,2025-08-21T19:17:29.2790000-04:00,2025-08-21T23:17:29.2790000Z,,v3,5433,5508,,"McCarthy, Ryan",811735,Right,SMD,e789d084-4a2b-4e1b-aa94-7d24a7504ebe,54.55923,-129.86971,11.77814,6.37681,-1.31217,-10.68279,-1.89433,3.10455,-0.13553,,,,,,,,,,,,,,,,,,,,,,,,,,,,,61.76474,3.006311,1.867981,1.13833,-3.08501,3.47668,-0.48513,-1.53028,5.63201,-1.07431,77.49063,6.21073,-47.28824,-1.48748,74.0851,-4.14094,5.66877,15.73264,-13.40973,-1.16759,-47.78634,6.40451,High,High,High,,,High,High,High
76,2025-08-21,19:18:08.67,3,1,"Virbitsky, Kyle",680223,Right,SMD,"Wylie, Justin",687045,Right,GAS,Undefined,3,Top,2,0,0,Curveball,Curveball,StrikeCalled,Undefined,Undefined,Undefined,0,0,,78.74749,0.386193,-1.650683,2445.274695,39.81409,7:15,6.56772,1.7178,5.39469,-56.54204,-9.82489,-9.58611,2.21796,-0.6284,71.51038,-9.883845,-3.358988,0.491937,,,,,,,,,,,,4.22733,-4.47748,-1.56374,50,6.56305,3.67938,-114.13544,-1.22669,5.46671,24.85643,-37.9643,SMD,GAS,RegencyFurnitureStadium,Independent,ATL,20250821-RegencyFurnitureStadium-1,1a191f70-7ee5-11f0-9a44-91d46b4c5819,76.62044,,,7.23711,,,,,,,a1610a2b-efcb-4247-9bb7-6790101691be,2025-08-21,23:18:08.67,2025-08-21T19:18:08.6777344-04:00,2025-08-21T23:18:08.6777344Z,,v3,5433,5508,,"McCarthy, Ryan",811735,Right,SMD,19cbbf6f-3ed7-42e8-b898-dafd17b4bb62,55.10317,-115.24145,12.42822,6.58006,0.46256,-18.98215,-1.72204,3.43613,2.73336,,,,,,,,,,,,,,,,,,,,,,,,,,,,,,,,,,,,,,,,,,,,,,,,,,,High,High,High,,,,,
77,2025-08-21,19:18:24.33,3,2,"Virbitsky, Kyle",680223,Right,SMD,"Wylie, Justin",687045,Right,GAS,Undefined,3,Top,2,0,1,Fastball,Four-Seam,InPlay,Undefined,GroundBall,Out,1,0,,92.18423,-3.40742,-1.878817,2503.9432,182.75338,12:00,6.39085,1.49296,6.06651,-15.14324,18.02607,0.80933,1.9702,-0.17891,83.35477,-6.314459,-1.733167,0.414514,67.34367,-19.466555,-25.036016,,,,,7.28591,5.95403,-19.074558,0.063067,-1.01555,10.73335,-1.34777,50,6.11842,4.34517,-133.51214,-8.37428,-1.80804,32.40814,-13.06472,SMD,GAS,RegencyFurnitureStadium,Independent,ATL,20250821-RegencyFurnitureStadium-1,2359bea0-7ee5-11f0-9a44-91d46b4c5819,90.93158,2.08254,,8.82947,,,,1.54761,2.08254,0.11234,a1610a2b-efcb-4247-9bb7-6790101691be,2025-08-21,23:18:24.33,2025-08-21T19:18:24.3362816-04:00,2025-08-21T23:18:24.3362816Z,GroundBall,v3,5433,5508,,"McCarthy, Ryan",811735,Right,SMD,feb8bf94-0bbb-416b-ade8-e4eee27aa65e,54.42984,-134.58312,16.20407,6.38803,-7.94253,-6.53236,-1.49235,4.40492,-0.90402,180,1.54487,84.64427,,,,,,,,2.08361,-33.02112,,,,,,,,0.11362,-39.53507,,,,,,,,,,,,,,,,,,,,,,,,,,,,,,High,High,High,High,High,,,
78,2025-08-21,19:20:41.70,1,1,"Wells, Nick",657101,Left,GAS,"Racusin, Zach",685931,Right,SMD,Undefined,3,Bottom,0,0,0,Fastball,Four-Seam,InPlay,Undefined,FlyBall,Out,1,0,,90.32894,-1.798126,2.696735,2184.298605,162.430326,11:30,6.00713,-2.37101,5.68172,-18.51395,16.50336,-4.82713,2.7858,-0.25769,81.55436,-5.308231,1.83506,0.425905,97.77,21.166559,3.283113,1824.326599,109.47923,38.13758,10.69072,352.8879,343.54751,10.698593,3.898761,3.30918,9.31768,2.1469,50,5.84424,-5.94881,-130.81947,-4.69135,5.65852,31.01464,-16.24126,SMD,GAS,RegencyFurnitureStadium,Independent,ATL,20250821-RegencyFurnitureStadium-1,754370d0-7ee5-11f0-9a44-91d46b4c5819,88.49965,49.55501,,8.77459,,,,0.8923,2.7451,0.23262,a1610a2b-efcb-4247-9bb7-6790101691be,2025-08-21,23:20:41.70,2025-08-21T19:20:41.7016320-04:00,2025-08-21T23:20:41.7016320Z,LineDrive,v3,5433,5508,,"Olmeda, Alexis",663406,Right,GAS,bc754b23-c785-40b9-9150-8c60b28a0bfb,54.81406,-131.95585,15.50732,6.00522,-4.09627,-8.12063,2.36866,-6.15614,2.82926,212.961952,0.8924,133.49848,-22.01751,4.96593,-1.00857,0.17012,-0.01907,0.00071,5E-05,2.74486,51.78588,-15.4209,0.80849,-0.22128,0.10581,-0.0371,0.00701,-0.00052,0.2326,7.65939,4.73955,-1.174,0.25316,-0.04316,0.00451,-0.00013,-1E-05,,,,,,,,,,,,,,,,,,,,,,,High,High,High,High,High,,,
79,2025-08-21,19:21:25.54,2,1,"Wells, Nick",657101,Left,GAS,"Wilson, Ethan",681159,Left,SMD,Undefined,3,Bottom,1,0,0,Fastball,Four-Seam,StrikeCalled,Undefined,Undefined,Undefined,0,0,,91.13546,-1.981711,3.595934,2277.611935,158.49307,11:15,6.02221,-2.17277,5.80519,-16.85446,17.14198,-6.30851,2.77035,0.65007,82.95805,-5.17961,2.468959,0.419651,,,,,,,,,,,,4.22792,9.63323,1.88103,50,5.84921,-8.01324,-131.98994,-5.0839,7.43428,28.94346,-15.23518,SMD,GAS,RegencyFurnitureStadium,Independent,ATL,20250821-RegencyFurnitureStadium-1,8f6496b0-7ee5-11f0-9a44-91d46b4c5819,89.81858,,,8.17741,,,,,,,a1610a2b-efcb-4247-9bb7-6790101691be,2025-08-21,23:21:25.54,2025-08-21T19:21:25.5495168-04:00,2025-08-21T23:21:25.5495168Z,,v3,5433,5508,,"Olmeda, Alexis",663406,Right,GAS,ce91bc11-413f-4158-b9ce-a5a368b52d07,54.69022,-133.01446,14.47173,6.01963,-4.54462,-7.61759,2.16933,-8.27639,3.71714,,,,,,,,,,,,,,,,,,,,,,,,,,,,,,,,,,,,,,,,,,,,,,,,,,,High,High,High,,,,,
80,2025-08-21,19:21:35.83,2,2,"Wells, Nick",657101,Left,GAS,"Wilson, Ethan",681159,Left,SMD,Undefined,3,Bottom,1,0,1,Slider,Slider,BallCalled,Undefined,Undefined,Undefined,0,0,,86.82783,-0.983576,3.523034,2802.869179,222.675773,1:30,6.07986,-2.08462,5.14398,-32.59565,5.60591,4.07878,2.43565,1.57647,79.7546,-6.910261,4.242917,0.444848,,,,,,,,,,,,-1.0589,3.43918,1.75128,50,5.96272,-7.92729,-125.77056,-3.40132,-1.69861,25.15851,-26.65723,SMD,GAS,RegencyFurnitureStadium,Independent,ATL,20250821-RegencyFurnitureStadium-1,958ece20-7ee5-11f0-9a44-91d46b4c5819,84.73097,,,7.07323,,,,,,,a1610a2b-efcb-4247-9bb7-6790101691be,2025-08-21,23:21:35.83,2025-08-21T19:21:35.8310400-04:00,2025-08-21T23:21:35.8310400Z,,v3,5433,5508,,"Olmeda, Alexis",663406,Right,GAS,869de5cb-868d-499b-8950-144f1742be86,55.35288,-126.83681,12.57926,6.08293,-2.27156,-13.32862,2.08573,-7.8553,-0.8493,,,,,,,,,,,,,,,,,,,,,,,,,,,,,,,,,,,,,,,,,,,,,,,,,,,High,High,High,,,,,
81,2025-08-21,19:21:47.43,2,3,"Wells, Nick",657101,Left,GAS,"Wilson, Ethan",681159,Left,SMD,Undefined,3,Bottom,1,1,1,Slider,Slider,InPlay,Undefined,Popup,Out,1,0,,83.33612,-0.400115,1.68163,2800.82703,200.513375,12:45,6.36362,-1.75345,5.02971,-34.25002,7.39563,2.2663,3.13177,0.0225,76.23968,-6.64785,2.081933,0.464468,93.11728,69.941903,32.657487,,,,,,40.74281,,,-0.65346,4.15733,1.59075,50,6.29804,-3.64556,-120.85806,-2.09507,-0.96427,24.06421,-26.03929,SMD,GAS,RegencyFurnitureStadium,Independent,ATL,20250821-RegencyFurnitureStadium-1,9c73a300-7ee5-11f0-9a44-91d46b4c5819,81.15177,132.08746,,7.09644,,,,2.46243,1.91291,-1.25762,a1610a2b-efcb-4247-9bb7-6790101691be,2025-08-21,23:21:47.43,2025-08-21T19:21:47.4395136-04:00,2025-08-21T23:21:47.4395136Z,,v3,5433,5508,,"Olmeda, Alexis",663406,Right,GAS,d21c75ae-da92-41ce-9cee-e0cdde5e5f7c,55.46828,-121.942,12.0321,6.36599,-0.92217,-13.01964,1.75398,-3.60213,-0.48213,,2.46242,39.4346,-18.26826,5.41041,0.27296,-2.50661,2.42404,-1.09819,0.19553,1.91291,128.28807,-30.41268,3.97834,-1.23408,1.02252,-0.81005,0.35298,-0.06225,-1.25762,25.27542,-9.26303,2.64219,0.08503,-1.115,1.08369,-0.49135,0.0875,,,,,,,,,,,,,,,,,,,,,,,High,High,High,Medium,Undefined,,,
82,2025-08-21,19:22:25.92,3,1,"Wells, Nick",657101,Left,GAS,"Hubbard, Dondrei",678538,Right,SMD,Undefined,3,Bottom,2,0,0,Fastball,Four-Seam,StrikeCalled,Undefined,Undefined,Undefined,0,0,,90.83884,-2.831891,2.930888,2267.858004,155.853813,11:15,5.96114,-2.17388,5.75503,-17.8641,16.55914,-6.88678,1.83078,-0.01716,82.45936,-6.210063,1.699925,0.422277,,,,,,,,,,,,4.37508,9.62945,1.93483,50,5.71512,-6.42739,-131.50957,-7.06709,7.60198,29.92912,-15.44234,SMD,GAS,RegencyFurnitureStadium,Independent,ATL,20250821-RegencyFurnitureStadium-1,b36581f0-7ee5-11f0-9a44-91d46b4c5819,89.26002,,,8.37948,,,,,,,a1610a2b-efcb-4247-9bb7-6790101691be,2025-08-21,23:22:25.92,2025-08-21T19:22:25.9235840-04:00,2025-08-21T23:22:25.9235840Z,,v3,5433,5508,,"Olmeda, Alexis",663406,Right,GAS,72e887d3-0fb6-4628-8102-00c06600f6eb,54.74059,-132.58405,14.96456,5.95888,-6.5127,-7.72117,2.17048,-6.70031,3.80099,,,,,,,,,,,,,,,,,,,,,,,,,,,,,,,,,,,,,,,,,,,,,,,,,,,High,High,High,,,,,
83,2025-08-21,19:22:36.91,3,2,"Wells, Nick",657101,Left,GAS,"Hubbard, Dondrei",678538,Right,SMD,Undefined,3,Bottom,2,0,1,ChangeUp,Changeup,StrikeSwinging,Undefined,Undefined,Undefined,0,0,,86.25683,-1.868051,3.456548,1969.951253,117.445209,10:00,6.12584,-2.07826,5.37002,-28.54631,10.07544,-16.87599,1.99173,-0.23988,78.58378,-7.130213,0.45993,0.447288,,,,,,,,,,,,9.44347,6.00087,1.78028,50,5.93808,-6.79816,-124.88335,-5.0897,14.83877,26.32669,-22.74475,SMD,GAS,RegencyFurnitureStadium,Independent,ATL,20250821-RegencyFurnitureStadium-1,b9f55900-7ee5-11f0-9a44-91d46b4c5819,84.26881,,,7.67305,,,,,,,a1610a2b-efcb-4247-9bb7-6790101691be,2025-08-21,23:22:36.91,2025-08-21T19:22:36.9119232-04:00,2025-08-21T23:22:36.9119232Z,,v3,5433,5508,,"Olmeda, Alexis",663406,Right,GAS,f6105313-81b6-409d-9bbf-27f34fbb8777,55.12684,-125.95951,13.16334,6.12713,-4.15996,-11.37238,2.07056,-7.40472,7.41938,,,,,,,,,,,,,,,,,,,,,,,,,,,,,,,,,,,,,,,,,,,,,,,,,,,High,High,High,,,,,
84,2025-08-21,19:22:51.64,3,3,"Wells, Nick",657101,Left,GAS,"Hubbard, Dondrei",678538,Right,SMD,Undefined,3,Bottom,2,0,2,Fastball,Four-Seam,BallCalled,Undefined,Undefined,Undefined,0,0,,91.4971,-1.839363,1.344569,2244.149838,156.217456,11:15,6.01213,-2.13444,5.66387,-17.20595,16.61843,-6.82626,2.86213,-1.44932,83.2539,-5.094721,0.124626,0.418588,,,,,,,,,,,,3.83528,9.29119,2.02509,50,5.84588,-2.80509,-132.71191,-4.80567,6.81053,29.54548,-15.67522,SMD,GAS,RegencyFurnitureStadium,Independent,ATL,20250821-RegencyFurnitureStadium-1,c2b46c20-7ee5-11f0-9a44-91d46b4c5819,90.04669,,,8.2432,,,,,,,a1610a2b-efcb-4247-9bb7-6790101691be,2025-08-21,23:22:51.64,2025-08-21T19:22:51.6442112-04:00,2025-08-21T23:22:51.6442112Z,,v3,5433,5508,,"Olmeda, Alexis",663406,Right,GAS,8c60623f-7f58-4022-96c3-824b9f5c63f9,54.83173,-133.78327,14.77274,6.00984,-4.23727,-7.83761,2.13128,-3.05205,3.40527,,,,,,,,,,,,,,,,,,,,,,,,,,,,,,,,,,,,,,,,,,,,,,,,,,,High,High,High,,,,,
85,2025-08-21,19:23:05.49,3,4,"Wells, Nick",657101,Left,GAS,"Hubbard, Dondrei",678538,Right,SMD,Undefined,3,Bottom,2,1,2,Fastball,Four-Seam,InPlay,Undefined,GroundBall,Out,1,0,,90.75732,-1.972259,3.784216,2212.835901,163.358195,11:30,6.06028,-2.01861,5.84069,-17.43552,16.83765,-4.69004,2.76965,1.11258,82.58657,-5.276565,2.946244,0.421356,68.19294,-12.4352,-44.826691,,,,,12.31436,11.90261,-43.972946,0.11343,3.51311,9.53233,1.71287,50,5.88919,-8.49317,-131.44365,-5.06798,6.11609,29.13917,-15.57897,SMD,GAS,RegencyFurnitureStadium,Independent,ATL,20250821-RegencyFurnitureStadium-1,caf7bf90-7ee5-11f0-9a44-91d46b4c5819,89.45519,2.76592,,8.17075,,,,1.12875,2.76592,-1.00903,a1610a2b-efcb-4247-9bb7-6790101691be,2025-08-21,23:23:05.49,2025-08-21T19:23:05.4941184-04:00,2025-08-21T23:23:05.4941184Z,GroundBall,v3,5433,5508,,"Olmeda, Alexis",663406,Right,GAS,24430e42-3836-42d4-ad80-a1fe8fe7f36f,54.65665,-132.47194,14.56958,6.05833,-4.51821,-7.78949,2.01639,-8.709,3.05804,317.240873,1.12872,69.27431,-9.6575,,,,,,,2.76633,-21.58378,-24.75168,,,,,,,-1.00925,-68.82816,20.71858,,,,,,,,,,,,,,,,,,,,,,,,,,,,,High,High,High,Medium,High,,,
86,2025-08-21,19:25:39.69,1,1,"Virbitsky, Kyle",680223,Right,SMD,"Roederer, Cole",680711,Left,GAS,Undefined,4,Top,0,0,0,Curveball,Curveball,BallCalled,Undefined,Undefined,Undefined,0,0,,78.7439,-1.294626,-1.326158,2356.943299,51.304922,7:45,6.44884,1.85486,5.37654,-53.99668,-7.36579,-11.22465,0.73492,-0.32397,71.97813,-11.058686,-3.328913,0.491483,,,,,,,,,,,,5.2341,-2.84902,-1.72786,50,6.29462,3.0843,-114.16435,-4.44914,6.78909,24.38818,-35.8695,SMD,GAS,RegencyFurnitureStadium,Independent,ATL,20250821-RegencyFurnitureStadium-1,26e9f4d0-7ee6-11f0-9a44-91d46b4c5819,76.69126,,,6.76577,,,,,,,a1610a2b-efcb-4247-9bb7-6790101691be,2025-08-21,23:25:39.69,2025-08-21T19:25:39.6934656-04:00,2025-08-21T23:25:39.6934656Z,,v3,5433,5508,,"McCarthy, Ryan",811735,Right,SMD,69807aa9-0f65-4149-82b1-b2d0f2cd67f8,55.12282,-115.2535,12.19409,6.45755,-2.84724,-17.93475,-1.85883,2.78111,3.39454,,,,,,,,,,,,,,,,,,,,,,,,,,,,,,,,,,,,,,,,,,,,,,,,,,,High,High,High,,,,,
87,2025-08-21,19:25:57.01,1,2,"Virbitsky, Kyle",680223,Right,SMD,"Roederer, Cole",680711,Left,GAS,Undefined,4,Top,0,1,0,Cutter,Slider,BallCalled,Undefined,Undefined,Undefined,0,0,,86.31805,0.564817,-1.923928,2449.663874,140.411629,10:45,6.38567,1.79408,5.82791,-30.96183,6.92367,-4.67614,4.33088,-0.38472,78.38821,-5.192929,-2.761376,0.443004,,,,,,,,,,,,1.78784,3.76717,-1.63427,50,6.41382,4.40411,-125.21039,0.19179,2.81531,27.19044,-26.24192,SMD,GAS,RegencyFurnitureStadium,Independent,ATL,20250821-RegencyFurnitureStadium-1,313aa470-7ee6-11f0-9a44-91d46b4c5819,85.08373,,,7.92984,,,,,,,a1610a2b-efcb-4247-9bb7-6790101691be,2025-08-21,23:25:57.01,2025-08-21T19:25:57.0146304-04:00,2025-08-21T23:25:57.0146304Z,,v3,5433,5508,,"McCarthy, Ryan",811735,Right,SMD,ffce2e13-0a85-4580-9dc2-b7f1a1eead99,54.66716,-126.21984,13.59522,6.38861,1.16602,-13.12096,-1.79583,4.29959,1.40765,,,,,,,,,,,,,,,,,,,,,,,,,,,,,,,,,,,,,,,,,,,,,,,,,,,High,High,High,,,,,
88,2025-08-21,19:26:10.96,1,3,"Virbitsky, Kyle",680223,Right,SMD,"Roederer, Cole",680711,Left,GAS,Undefined,4,Top,0,2,0,Fastball,Four-Seam,InPlay,Undefined,FlyBall,Out,1,0,,90.87392,-3.151453,-1.449713,2322.94326,202.468646,12:45,6.40134,1.53738,6.00792,-15.73776,18.46556,7.12189,2.16634,0.78751,82.08049,-6.173577,-0.168657,0.420926,93.6048,20.388585,0.158642,1520.283219,109.99955,35.12522,-0.30621,301.97149,295.0039,-0.206057,3.540279,-4.13028,10.86819,-1.42744,50,6.14513,3.02846,-131.65107,-7.687,-7.14512,31.67955,-13.3727,SMD,GAS,RegencyFurnitureStadium,Independent,ATL,20250821-RegencyFurnitureStadium-1,39828bc0-7ee6-11f0-9a44-91d46b4c5819,89.5465,41.98079,,8.79344,,,,1.25304,2.16152,-0.78891,a1610a2b-efcb-4247-9bb7-6790101691be,2025-08-21,23:26:10.96,2025-08-21T19:26:10.9673984-04:00,2025-08-21T23:26:10.9673984Z,LineDrive,v3,5433,5508,,"McCarthy, Ryan",811735,Right,SMD,1a75d901-b74f-49d7-821b-7d04efe5f7fb,54.48812,-132.72666,15.83977,6.39842,-7.23296,-6.68635,-1.53439,3.27105,-3.57256,182.780399,1.2532,128.68058,-23.17465,5.40259,-1.09541,0.17915,-0.01899,0.00062,6E-05,2.16136,47.83318,-14.99024,0.36092,-0.00219,0.01947,-0.0132,0.00329,-0.00029,-0.7889,0.35575,0.41768,-0.40091,0.14963,-0.0415,0.00857,-0.00117,8E-05,,,,,,,,,,,,,,,,,,,,,,,High,High,High,High,High,,,
89,2025-08-21,19:26:40.52,2,1,"Virbitsky, Kyle",680223,Right,SMD,"Aldrete, Carter",666177,Right,GAS,Undefined,4,Top,1,0,0,Slider,Slider,StrikeCalled,Undefined,Undefined,Undefined,0,0,,82.0257,0.606084,-0.523428,2396.030371,98.183314,9:15,6.3112,1.93611,5.42066,-39.63317,3.41319,-12.68469,3.5762,0.38874,73.86056,-6.696286,-2.781455,0.472215,,,,,,,,,,,,6.13721,2.02583,-1.88082,50,6.33806,1.62767,-118.83552,-0.12831,8.60413,26.93496,-29.33391,SMD,GAS,RegencyFurnitureStadium,Independent,ATL,20250821-RegencyFurnitureStadium-1,4b2d6750-7ee6-11f0-9a44-91d46b4c5819,79.82054,,,8.16514,,,,,,,a1610a2b-efcb-4247-9bb7-6790101691be,2025-08-21,23:26:40.52,2025-08-21T19:26:40.5237760-04:00,2025-08-21T23:26:40.5237760Z,,v3,5433,5508,,"McCarthy, Ryan",811735,Right,SMD,480acb5a-58a0-4af7-aea6-cf271e359825,55.07341,-119.97993,13.46748,6.31703,1.11803,-14.66696,-1.94221,1.2621,4.30206,,,,,,,,,,,,,,,,,,,,,,,,,,,,,,,,,,,,,,,,,,,,,,,,,,,High,High,High,,,,,
90,2025-08-21,19:26:51.83,2,2,"Virbitsky, Kyle",680223,Right,SMD,"Aldrete, Carter",666177,Right,GAS,Undefined,4,Top,1,0,1,Cutter,Cutter,FoulBallNotFieldable,Undefined,Undefined,Undefined,0,0,,88.80205,-0.947055,-0.736945,2525.656303,155.479232,11:15,6.52534,1.68562,5.74814,-25.30395,10.64379,-4.29004,3.53484,0.642,80.52134,-5.673612,-1.505236,0.431526,76.24361,45.866829,120.755506,5517.717749,,,,,39.59798,,,1.95288,6.07874,-1.62179,50,6.43145,1.84294,-128.83046,-2.98169,3.24786,29.36808,-22.06427,SMD,GAS,RegencyFurnitureStadium,Independent,ATL,20250821-RegencyFurnitureStadium-1,51e62320-7ee6-11f0-9a44-91d46b4c5819,87.34677,39.46914,,8.28071,,,,-0.38929,3.53656,-0.63871,a1610a2b-efcb-4247-9bb7-6790101691be,2025-08-21,23:26:51.83,2025-08-21T19:26:51.8397440-04:00,2025-08-21T23:26:51.8397440Z,,v3,5433,5508,,"McCarthy, Ryan",811735,Right,SMD,1e734a7b-878f-4312-bbb2-a4e9bf3a09d2,54.7475,-129.90819,14.68404,6.52601,-2.17199,-11.03214,-1.68724,1.72375,1.62393,,-0.38929,-39.8188,-2.80851,1.30147,-0.40769,0.11288,-0.0285,0.00487,0,3.53656,80.25852,-29.06686,3.75895,-0.73527,0.13758,-0.02978,0.00795,-0.00195,-0.63871,66.9148,-15.17638,4.52838,-1.1457,0.28944,-0.07603,0.02051,-0.00425,,,,,,,,,,,,,,,,,,,,,,,High,High,High,High,Undefined,,,
91,2025-08-21,19:27:18.26,2,3,"Virbitsky, Kyle",680223,Right,SMD,"Aldrete, Carter",666177,Right,GAS,Undefined,4,Top,1,0,2,Slider,Slider,FoulBallNotFieldable,Undefined,Undefined,Undefined,0,0,,82.56998,-0.302412,-1.415439,2439.941013,96.020737,9:15,6.29748,1.8723,5.55258,-39.40022,1.97559,-6.90197,2.73147,-0.02571,76.08404,-7.503867,-2.64725,0.462961,,,,,,,,,,,,3.12902,1.42831,-1.74515,50,6.24509,3.23898,-119.94558,-1.99135,4.56767,22.7609,-30.08906,SMD,GAS,RegencyFurnitureStadium,Independent,ATL,20250821-RegencyFurnitureStadium-1,61a1d8e0-7ee6-11f0-9a44-91d46b4c5819,81.41599,,,6.48593,,,,,,,a1610a2b-efcb-4247-9bb7-6790101691be,2025-08-21,23:27:18.26,2025-08-21T19:27:18.2682112-04:00,2025-08-21T23:27:18.2682112Z,,v3,5433,5508,,"McCarthy, Ryan",811735,Right,SMD,7044d548-526c-4351-a56c-bfe6d1603083,54.9469,-120.88066,11.38045,6.30151,-0.7552,-15.04453,-1.87436,3.05133,2.28384,,,,,,,,,,,,,,,,,,,,,,,,,,,,,,,,,,,,,,,,,,,,,,,,,,,High,High,High,,,,,
92,2025-08-21,19:27:48.90,2,4,"Virbitsky, Kyle",680223,Right,SMD,"Aldrete, Carter",666177,Right,GAS,Undefined,4,Top,1,0,2,Slider,Curveball,BallCalled,Undefined,Undefined,Undefined,0,0,,79.51856,-1.798862,-2.093349,2512.06272,52.211595,7:45,6.434,1.83981,5.49896,-54.49897,-8.72878,-13.36615,0.20823,-1.23287,72.56686,-11.64848,-4.482637,0.486926,,,,,,,,,,,,6.05126,-3.33551,-1.64755,50,6.24004,4.73663,-115.19331,-5.50163,7.95269,25.77267,-36.55763,SMD,GAS,RegencyFurnitureStadium,Independent,ATL,20250821-RegencyFurnitureStadium-1,73ebb390-7ee6-11f0-9a44-91d46b4c5819,77.40899,,,6.95169,,,,,,,a1610a2b-efcb-4247-9bb7-6790101691be,2025-08-21,23:27:48.90,2025-08-21T19:27:48.9045504-04:00,2025-08-21T23:27:48.9045504Z,,v3,5433,5508,,"McCarthy, Ryan",811735,Right,SMD,801886e0-fc67-41ee-ae20-c8384cbb1159,55.00007,-116.30662,12.88634,6.44359,-3.92244,-18.27882,-1.84474,4.3931,3.97635,,,,,,,,,,,,,,,,,,,,,,,,,,,,,,,,,,,,,,,,,,,,,,,,,,,High,High,High,,,,,
93,2025-08-21,19:28:09.47,2,5,"Virbitsky, Kyle",680223,Right,SMD,"Aldrete, Carter",666177,Right,GAS,Undefined,4,Top,1,1,2,Cutter,Cutter,BallCalled,Undefined,Undefined,Undefined,0,0,,88.65285,-1.431298,-2.586275,2566.977363,163.977754,11:30,6.48478,1.7285,5.78184,-24.87462,10.8104,-2.78768,3.0786,-0.91168,81.36924,-6.048036,-3.084877,0.429947,,,,,,,,,,,,0.71221,6.24811,-1.51346,50,6.35171,5.92947,-128.62996,-4.0542,1.19562,26.17837,-21.68479,SMD,GAS,RegencyFurnitureStadium,Independent,ATL,20250821-RegencyFurnitureStadium-1,802372b0-7ee6-11f0-9a44-91d46b4c5819,87.66773,,,7.28361,,,,,,,a1610a2b-efcb-4247-9bb7-6790101691be,2025-08-21,23:28:09.47,2025-08-21T19:28:09.4773760-04:00,2025-08-21T23:28:09.4773760Z,,v3,5433,5508,,"McCarthy, Ryan",811735,Right,SMD,e13088b3-ed38-4085-a361-d45d01cd5674,54.71487,-129.58597,13.08918,6.48531,-3.2623,-10.8424,-1.7292,5.88581,0.59781,,,,,,,,,,,,,,,,,,,,,,,,,,,,,,,,,,,,,,,,,,,,,,,,,,,High,High,High,,,,,
94,2025-08-21,19:28:29.23,2,6,"Virbitsky, Kyle",680223,Right,SMD,"Aldrete, Carter",666177,Right,GAS,Undefined,4,Top,1,2,2,Fastball,Four-Seam,InPlay,Undefined,LineDrive,Single,0,0,,91.68555,-1.799824,-1.199635,2446.782873,197.668626,12:30,6.40729,1.45031,6.23405,-14.91946,18.1221,5.41382,3.50277,0.79464,83.19319,-4.680458,-0.221786,0.413715,99.93602,8.786399,-6.255215,850.437539,109.31145,5.50769,-12.28816,140.4883,138.2812,-6.272038,1.108267,-3.17339,10.27993,-1.36346,50,6.26556,2.56234,-133.10359,-4.579,-5.64545,30.79808,-13.886,SMD,GAS,RegencyFurnitureStadium,Independent,ATL,20250821-RegencyFurnitureStadium-1,8bef50a0-7ee6-11f0-9a44-91d46b4c5819,91.10722,8.45219,,8.49237,,,,0.74939,3.44452,-0.82901,a1610a2b-efcb-4247-9bb7-6790101691be,2025-08-21,23:28:29.23,2025-08-21T19:28:29.2349440-04:00,2025-08-21T23:28:29.2349440Z,LineDrive,v3,5433,5508,,"McCarthy, Ryan",811735,Right,SMD,374e754e-6dc3-4145-802e-eef4cb0adc8e,54.26272,-134.08629,15.39904,6.4046,-4.13592,-6.943,-1.44809,2.74248,-2.82273,353.899895,0.74939,143.99013,-18.35578,1.66349,-0.307,0.04052,-0.00291,0.00025,-2E-05,3.44452,22.38914,-26.72989,4.10489,-0.86322,0.21366,-0.04508,0.00794,-0.00087,-0.82901,-15.78275,2.84416,-0.47202,0.09985,-0.02123,0.0041,-0.00072,8E-05,,,,,,,,,,,,,,,,,,,,,,,High,High,High,High,High,,,
95,2025-08-21,19:29:07.60,3,1,"Virbitsky, Kyle",680223,Right,SMD,"Guthrie, Dalton",656495,Right,GAS,Undefined,4,Top,1,0,0,Fastball,Four-Seam,BallCalled,Undefined,Undefined,Undefined,0,0,,91.00042,-4.066138,-2.198143,2341.139168,189.559221,12:15,6.4032,1.53062,6.18816,-11.86001,22.01391,3.50189,1.65153,-0.20809,82.38353,-6.39091,-1.566874,0.418894,,,,,,,,,,,,-2.47925,12.97296,-1.36654,50,6.08975,4.90595,-131.69771,-9.62204,-4.30715,30.79705,-9.63653,SMD,GAS,RegencyFurnitureStadium,Independent,ATL,20250821-RegencyFurnitureStadium-1,a2cff180-7ee6-11f0-9a44-91d46b4c5819,89.98083,,,8.61689,,,,,,,a1610a2b-efcb-4247-9bb7-6790101691be,2025-08-21,23:29:07.60,2025-08-21T19:29:07.6017664-04:00,2025-08-21T23:29:07.6017664Z,,v3,5433,5508,,"McCarthy, Ryan",811735,Right,SMD,20e7ef99-c292-4a0e-8cd9-17563fbdccaf,54.30664,-132.70098,15.39852,6.39809,-9.30811,-4.81826,-1.52864,5.04626,-2.15357,,,,,,,,,,,,,,,,,,,,,,,,,,,,,,,,,,,,,,,,,,,,,,,,,,,High,High,High,,,,,
96,2025-08-21,19:29:25.73,3,2,"Virbitsky, Kyle",680223,Right,SMD,"Guthrie, Dalton",656495,Right,GAS,Undefined,4,Top,1,1,0,Cutter,Slider,StrikeCalled,Undefined,Undefined,Undefined,0,0,,87.12471,-2.258752,-2.782863,2462.784396,171.160122,11:45,6.42884,1.86259,5.84166,-29.09352,7.79469,-1.03563,1.90166,-0.81198,80.21171,-7.620366,-2.968419,0.437135,,,,,,,,,,,,-0.22685,4.95555,-1.63527,50,6.22759,6.18522,-126.36812,-5.97179,-0.36761,25.21612,-24.14303,SMD,GAS,RegencyFurnitureStadium,Independent,ATL,20250821-RegencyFurnitureStadium-1,ad9a16e0-7ee6-11f0-9a44-91d46b4c5819,86.22617,,,6.913,,,,,,,a1610a2b-efcb-4247-9bb7-6790101691be,2025-08-21,23:29:25.73,2025-08-21T19:29:25.7304064-04:00,2025-08-21T23:29:25.7304064Z,,v3,5433,5508,,"McCarthy, Ryan",811735,Right,SMD,7cbb554a-f8ca-4a53-9eb2-f4bf4e5401df,54.65598,-127.2938,12.60806,6.43055,-5.0855,-12.07152,-1.86258,6.19872,-0.18381,,,,,,,,,,,,,,,,,,,,,,,,,,,,,,,,,,,,,,,,,,,,,,,,,,,High,High,High,,,,,
97,2025-08-21,19:29:46.09,3,3,"Virbitsky, Kyle",680223,Right,SMD,"Guthrie, Dalton",656495,Right,GAS,Undefined,4,Top,1,1,1,Cutter,Slider,FoulBallNotFieldable,Undefined,Undefined,Undefined,0,0,,84.08859,-0.148252,-0.232723,2336.42545,95.49979,9:15,6.33454,1.925,5.50517,-38.12545,2.54343,-11.28241,3.01878,0.76716,76.0525,-7.163794,-2.245564,0.458989,,,,,,,,,,,,5.63626,1.7341,-1.89679,50,6.29609,0.96713,-121.93898,-1.65624,8.34355,27.73851,-29.607,SMD,GAS,RegencyFurnitureStadium,Independent,ATL,20250821-RegencyFurnitureStadium-1,b9c070e0-7ee6-11f0-9a44-91d46b4c5819,82.12053,,,8.03609,,,,,,,a1610a2b-efcb-4247-9bb7-6790101691be,2025-08-21,23:29:46.09,2025-08-21T19:29:46.0900864-04:00,2025-08-21T23:29:46.0900864Z,,v3,5433,5508,,"McCarthy, Ryan",811735,Right,SMD,7fa49859-1c10-4a42-bf6c-e2864113243d,54.99185,-123.06928,13.86926,6.339,-0.4498,-14.8035,-1.92927,0.62715,4.17178,,,,,,,,,,,,,,,,,,,,,,,,,,,,,,,,,,,,,,,,,,,,,,,,,,,High,High,High,,,,,
98,2025-08-21,19:30:34.29,3,4,"Virbitsky, Kyle",680223,Right,SMD,"Guthrie, Dalton",656495,Right,GAS,Undefined,4,Top,1,1,2,Cutter,Cutter,FoulBallNotFieldable,Undefined,Undefined,Undefined,0,0,,88.20986,-1.155044,-1.99745,2478.775394,148.078321,11:00,6.42053,1.70716,5.88877,-25.61946,10.15217,-5.65721,3.2123,-0.6197,81.1776,-5.911886,-3.012002,0.430468,,,,,,,,,,,,2.3828,5.83662,-1.54279,50,6.31257,4.6994,-128.13729,-3.43186,3.97653,25.54777,-22.43366,SMD,GAS,RegencyFurnitureStadium,Independent,ATL,20250821-RegencyFurnitureStadium-1,d6797fb0-7ee6-11f0-9a44-91d46b4c5819,87.56156,,,7.03226,,,,,,,a1610a2b-efcb-4247-9bb7-6790101691be,2025-08-21,23:30:34.29,2025-08-21T19:30:34.2960640-04:00,2025-08-21T23:30:34.2960640Z,,v3,5433,5508,,"McCarthy, Ryan",811735,Right,SMD,880088ff-e8fb-47d3-9083-836a4c7b5ac8,54.6101,-129.05317,12.77389,6.42118,-2.62762,-11.21683,-1.7087,4.55684,1.98827,,,,,,,,,,,,,,,,,,,,,,,,,,,,,,,,,,,,,,,,,,,,,,,,,,,High,High,High,,,,,
99,2025-08-21,19:31:23.92,3,5,"Virbitsky, Kyle",680223,Right,SMD,"Guthrie, Dalton",656495,Right,GAS,Undefined,4,Top,1,1,2,Fastball,Four-Seam,StrikeCalled,Strikeout,Undefined,Undefined,0,0,,91.54794,-3.652519,-1.798937,2437.049434,189.599103,12:15,6.38673,1.46701,6.04707,-15.90784,17.7541,2.79689,1.67346,0.03415,82.8297,-6.695308,-1.295644,0.417581,,,,,,,,,,,,-1.99366,10.62186,-1.32839,50,6.09335,4.04009,-132.52684,-8.9059,-3.50165,31.60421,-13.51788,SMD,GAS,RegencyFurnitureStadium,Independent,ATL,20250821-RegencyFurnitureStadium-1,f413edd0-7ee6-11f0-9a44-91d46b4c5819,90.26368,,,8.71824,,,,,,,a1610a2b-efcb-4247-9bb7-6790101691be,2025-08-21,23:31:23.92,2025-08-21T19:31:23.9248384-04:00,2025-08-21T23:31:23.9248384Z,,v3,5433,5508,,"McCarthy, Ryan",811735,Right,SMD,d182bef6-d0aa-492c-8391-489220ee02ad,54.44722,-133.58318,15.8021,6.38347,-8.45408,-6.75894,-1.46538,4.15713,-1.75083,,,,,,,,,,,,,,,,,,,,,,,,,,,,,,,,,,,,,,,,,,,,,,,,,,,High,High,High,,,,,
100,2025-08-21,19:32:06.59,4,1,"Virbitsky, Kyle",680223,Right,SMD,"Crook, Narciso",643271,Right,GAS,Undefined,4,Top,2,0,0,Cutter,Slider,InPlay,Undefined,GroundBall,Single,0,0,,87.49737,-2.026296,-1.865109,2438.717022,146.004865,10:45,6.42665,1.83651,5.777,-29.16891,7.58158,-4.32288,2.10871,-0.25977,80.23913,-7.407623,-2.639519,0.436318,99.10084,-4.10569,-4.332712,,,,,23.8073,22.91817,-3.356763,0.159161,1.68476,4.79067,-1.67985,50,6.24166,4.31303,-126.9611,-5.48943,2.74354,26.55368,-24.37261,SMD,GAS,RegencyFurnitureStadium,Independent,ATL,20250821-RegencyFurnitureStadium-1,0d7f7f50-7ee7-11f0-9a44-91d46b4c5819,86.38756,2.09927,,7.25824,,,,1.3004,2.09927,0.2908,a1610a2b-efcb-4247-9bb7-6790101691be,2025-08-21,23:32:06.59,2025-08-21T19:32:06.5969152-04:00,2025-08-21T23:32:06.5969152Z,GroundBall,v3,5433,5508,,"McCarthy, Ryan",811735,Right,SMD,722e2f61-a157-4012-8eac-636e2f53fbf1,54.72108,-127.9447,13.27684,6.42827,-4.58662,-12.18631,-1.83773,4.2114,1.37177,347.941083,1.30109,144.50335,-21.10629,,,,,,,2.09966,-10.43887,-17.31492,,,,,,,0.29072,-10.94533,2.26791,,,,,,,,,,,,,,,,,,,,,,,,,,,,,High,High,High,High,High,,,
101,2025-08-21,19:32:53.17,5,1,"Virbitsky, Kyle",680223,Right,SMD,"De La Rosa, Eric",680763,Right,GAS,Undefined,4,Top,2,0,0,Fastball,Four-Seam,StrikeCalled,Undefined,Undefined,Undefined,0,0,,91.26615,-3.039023,-2.423246,2376.403887,183.041846,12:00,6.42147,1.60807,6.15981,-14.03013,19.70029,0.98201,2.43971,-0.55,82.4446,-5.75939,-2.24637,0.418006,,,,,,,,,,,,-1.27075,11.47146,-1.42462,50,6.18315,5.55079,-132.16435,-7.36943,-2.21792,31.64052,-12.15189,SMD,GAS,RegencyFurnitureStadium,Independent,ATL,20250821-RegencyFurnitureStadium-1,29426e50-7ee7-11f0-9a44-91d46b4c5819,90.17203,,,8.82155,,,,,,,a1610a2b-efcb-4247-9bb7-6790101691be,2025-08-21,23:32:53.17,2025-08-21T19:32:53.1734528-04:00,2025-08-21T23:32:53.1734528Z,,v3,5433,5508,,"McCarthy, Ryan",811735,Right,SMD,ff655123-4774-4563-9a66-d108ca3d453d,54.33439,-133.19797,15.82026,6.41741,-6.97245,-6.07595,-1.60714,5.62324,-1.10896,,,,,,,,,,,,,,,,,,,,,,,,,,,,,,,,,,,,,,,,,,,,,,,,,,,High,High,High,,,,,
102,2025-08-21,19:33:14.74,5,2,"Virbitsky, Kyle",680223,Right,SMD,"De La Rosa, Eric",680763,Right,GAS,Undefined,4,Top,2,0,1,Cutter,Slider,FoulBallNotFieldable,Undefined,Undefined,Undefined,0,0,,86.4453,-1.374495,-2.373897,2453.120931,146.596451,11:00,6.41158,1.85603,5.86044,-29.74281,7.63032,-4.28185,2.65475,-0.70744,79.55041,-6.86745,-3.141416,0.439999,77.52512,37.870486,110.030869,2774.139594,,,,,33.28438,,,1.55106,4.62717,-1.66093,50,6.28267,5.37638,-125.49835,-4.00645,2.47933,24.85355,-24.77759,SMD,GAS,RegencyFurnitureStadium,Independent,ATL,20250821-RegencyFurnitureStadium-1,361ab330-7ee7-11f0-9a44-91d46b4c5819,85.66492,24.89792,,6.89488,,,,-0.31293,2.4555,0.84148,a1610a2b-efcb-4247-9bb7-6790101691be,2025-08-21,23:33:14.74,2025-08-21T19:33:14.7426304-04:00,2025-08-21T23:33:14.7426304Z,,v3,5433,5508,,"McCarthy, Ryan",811735,Right,SMD,2ef76fc8-4bc2-45e1-b775-1a728afbc699,54.63767,-126.41345,12.42678,6.41339,-3.09415,-12.3888,-1.85721,5.28509,1.23966,,-0.30594,-30.99503,-5.54959,,,,,,,2.46342,69.51824,-25.89809,,,,,,,0.84672,84.14187,-11.65576,,,,,,,,,,,,,,,,,,,,,,,,,,,,,High,High,High,High,Undefined,,,
103,2025-08-21,19:33:45.69,5,3,"Virbitsky, Kyle",680223,Right,SMD,"De La Rosa, Eric",680763,Right,GAS,Undefined,4,Top,2,0,2,Slider,Curveball,InPlay,Undefined,GroundBall,FieldersChoice,1,0,,79.33128,-0.1986,-1.410946,2490.540965,42.123428,7:30,6.45101,1.73271,5.44185,-55.99121,-10.75823,-10.99221,1.59907,-0.50467,73.24976,-10.317572,-3.373308,0.48406,96.60246,0.662351,-13.489422,1858.37137,,,,40.69591,38.76059,-13.209187,0.289891,5.16571,-5.01705,-1.60007,50,6.39436,3.26534,-115.23476,-2.34783,6.91515,22.30242,-38.89022,SMD,GAS,RegencyFurnitureStadium,Independent,ATL,20250821-RegencyFurnitureStadium-1,4897f9f0-7ee7-11f0-9a44-91d46b4c5819,77.86733,1.60765,,6.08152,,,,1.39551,1.58145,0.48419,a1610a2b-efcb-4247-9bb7-6790101691be,2025-08-21,23:33:45.69,2025-08-21T19:33:45.6931840-04:00,2025-08-21T23:33:45.6931840Z,GroundBall,v3,5433,5508,,"McCarthy, Ryan",811735,Right,SMD,adfb35a2-b7c4-44d8-ad82-57236b4eb8e0,55.06012,-116.20996,11.15121,6.45984,-0.6473,-19.44511,-1.73624,2.96296,3.45758,40.475003,1.39829,137.63775,-20.01287,,,,,,,1.58551,1.4513,-23.92078,,,,,,,0.48568,-33.11635,-2.21642,,,,,,,,,,,,,,,,,,,,,,,,,,,,,High,High,High,High,High,,,
104,2025-08-21,19:36:02.48,1,1,"Wells, Nick",657101,Left,GAS,"Barrera, Brett",686941,Right,SMD,Undefined,4,Bottom,0,0,0,Slider,Slider,BallCalled,Undefined,Undefined,Undefined,0,0,,86.35538,-0.159393,1.442422,2667.770251,219.457774,1:15,6.20121,-2.17497,5.44792,-30.23632,7.62174,5.35792,3.53225,-0.37778,79.54151,-5.712792,2.395988,0.442844,,,,,,,,,,,,-2.3226,4.23024,2.04384,50,6.16638,-3.3888,-125.43019,-1.42956,-3.72368,23.86044,-25.39203,SMD,GAS,RegencyFurnitureStadium,Independent,ATL,20250821-RegencyFurnitureStadium-1,9a1ea490-7ee7-11f0-9a44-91d46b4c5819,85.11454,,,6.81387,,,,,,,a1610a2b-efcb-4247-9bb7-6790101691be,2025-08-21,23:36:02.48,2025-08-21T19:36:02.4849408-04:00,2025-08-21T23:36:02.4849408Z,,v3,5433,5508,,"Olmeda, Alexis",663406,Right,GAS,05981c8f-5559-43ad-9aa4-2a523b21edb0,55.04997,-126.38719,11.93022,6.20329,-0.41113,-12.69602,2.17676,-3.23945,-1.86184,,,,,,,,,,,,,,,,,,,,,,,,,,,,,,,,,,,,,,,,,,,,,,,,,,,High,High,High,,,,,
105,2025-08-21,19:36:13.66,1,2,"Wells, Nick",657101,Left,GAS,"Barrera, Brett",686941,Right,SMD,Undefined,4,Bottom,0,1,0,Fastball,Slider,StrikeCalled,Undefined,Undefined,Undefined,0,0,,86.91901,-0.756202,2.307037,2725.050907,209.841312,1:00,6.17131,-2.06895,5.42718,-29.39198,7.94827,3.94697,3.01312,0.42185,80.33115,-6.140407,3.008678,0.439805,,,,,,,,,,,,-1.40457,4.53445,1.86155,50,6.08387,-5.2555,-126.20585,-2.72689,-2.28653,23.43722,-24.79221,SMD,GAS,RegencyFurnitureStadium,Independent,ATL,20250821-RegencyFurnitureStadium-1,a0c474a0-7ee7-11f0-9a44-91d46b4c5819,85.70263,,,6.58786,,,,,,,a1610a2b-efcb-4247-9bb7-6790101691be,2025-08-21,23:36:13.66,2025-08-21T19:36:13.6602624-04:00,2025-08-21T23:36:13.6602624Z,,v3,5433,5508,,"Olmeda, Alexis",663406,Right,GAS,ab9f691f-c22b-4625-bb02-ceb72915cb12,55.07079,-127.14404,11.71861,6.17317,-1.73446,-12.39611,2.0701,-5.16397,-1.14326,,,,,,,,,,,,,,,,,,,,,,,,,,,,,,,,,,,,,,,,,,,,,,,,,,,High,High,High,,,,,
106,2025-08-21,19:36:26.33,1,3,"Wells, Nick",657101,Left,GAS,"Barrera, Brett",686941,Right,SMD,Undefined,4,Bottom,0,1,1,ChangeUp,Changeup,BallCalled,Undefined,Undefined,Undefined,0,0,,84.95551,-2.784882,3.444372,1832.036103,122.499836,10:00,6.174,-2.03864,5.45462,-28.37045,11.0691,-15.40895,1.19609,-0.09455,78.09592,-7.996758,0.703338,0.451999,,,,,,,,,,,,8.70827,6.713,1.74556,50,5.90848,-6.75775,-123.04693,-6.96914,13.38507,23.83125,-21.85582,SMD,GAS,RegencyFurnitureStadium,Independent,ATL,20250821-RegencyFurnitureStadium-1,a8578ae0-7ee7-11f0-9a44-91d46b4c5819,83.39056,,,6.85959,,,,,,,a1610a2b-efcb-4247-9bb7-6790101691be,2025-08-21,23:36:26.33,2025-08-21T19:36:26.3343104-04:00,2025-08-21T23:36:26.3343104Z,,v3,5433,5508,,"Olmeda, Alexis",663406,Right,GAS,a61b12f6-c8f4-4737-8f17-cc9dee3b4f32,55.0439,-124.01996,11.91563,6.17482,-6.07676,-10.92791,2.03264,-7.30426,6.69253,,,,,,,,,,,,,,,,,,,,,,,,,,,,,,,,,,,,,,,,,,,,,,,,,,,High,High,High,,,,,
107,2025-08-21,19:36:39.75,1,4,"Wells, Nick",657101,Left,GAS,"Barrera, Brett",686941,Right,SMD,Undefined,4,Bottom,0,2,1,Fastball,Four-Seam,BallCalled,Undefined,Undefined,Undefined,0,0,,90.6746,-3.129583,3.725365,2273.817083,155.392635,11:15,6.05685,-2.1384,5.74237,-17.60899,16.65044,-7.1313,1.66647,0.74083,83.19415,-6.435715,2.452768,0.421271,,,,,,,,,,,,4.62284,9.64489,1.83263,50,5.78512,-8.23691,-131.28775,-7.74779,8.09838,26.83463,-15.27797,SMD,GAS,RegencyFurnitureStadium,Independent,ATL,20250821-RegencyFurnitureStadium-1,b0539c20-7ee7-11f0-9a44-91d46b4c5819,89.47316,,,7.48045,,,,,,,a1610a2b-efcb-4247-9bb7-6790101691be,2025-08-21,23:36:39.75,2025-08-21T19:36:39.7503488-04:00,2025-08-21T23:36:39.7503488Z,,v3,5433,5508,,"Olmeda, Alexis",663406,Right,GAS,1f1a63e2-d1c8-402c-bee7-741eb7096e1b,54.75502,-132.25608,13.41732,6.05476,-7.19648,-7.63899,2.13514,-8.52914,4.04919,,,,,,,,,,,,,,,,,,,,,,,,,,,,,,,,,,,,,,,,,,,,,,,,,,,High,High,High,,,,,
108,2025-08-21,19:36:55.88,1,5,"Wells, Nick",657101,Left,GAS,"Barrera, Brett",686941,Right,SMD,Undefined,4,Bottom,0,3,1,Fastball,Four-Seam,StrikeCalled,Undefined,Undefined,Undefined,0,0,,90.30303,-2.824422,2.337061,2255.185208,161.727526,11:30,6.08727,-2.16773,5.79606,-19.3708,15.10895,-4.62256,1.84161,-0.37795,82.66889,-6.45561,1.509429,0.422623,,,,,,,,,,,,3.00272,8.82922,1.97828,50,5.84319,-5.14231,-130.91411,-7.08314,5.21178,27.59936,-16.8492,SMD,GAS,RegencyFurnitureStadium,Independent,ATL,20250821-RegencyFurnitureStadium-1,b9e827b0-7ee7-11f0-9a44-91d46b4c5819,89.18683,,,7.63414,,,,,,,a1610a2b-efcb-4247-9bb7-6790101691be,2025-08-21,23:36:55.88,2025-08-21T19:36:55.8816768-04:00,2025-08-21T23:36:55.8816768Z,,v3,5433,5508,,"Olmeda, Alexis",663406,Right,GAS,b29a04b5-bf70-42b4-955f-9bde519e739f,54.70073,-131.90139,13.79968,6.08578,-6.48041,-8.4246,2.16557,-5.32875,2.60589,,,,,,,,,,,,,,,,,,,,,,,,,,,,,,,,,,,,,,,,,,,,,,,,,,,High,High,High,,,,,
109,2025-08-21,19:37:19.06,1,6,"Wells, Nick",657101,Left,GAS,"Barrera, Brett",686941,Right,SMD,Undefined,4,Bottom,0,3,2,Fastball,Slider,InPlay,Undefined,GroundBall,Out,1,0,,86.02318,-0.819453,1.868989,2776.730656,247.51992,2:15,6.24346,-1.82652,5.30188,-34.62777,3.6513,6.19772,2.58808,0.44512,79.66026,-7.113664,2.969354,0.445299,95.60639,-12.969081,-41.341568,,,,,13.43825,13.2094,-37.490795,0.086245,-2.66,2.34264,1.65195,50,6.14357,-4.3403,-124.9541,-3.06892,-4.24202,23.13222,-28.4381,SMD,GAS,RegencyFurnitureStadium,Independent,ATL,20250821-RegencyFurnitureStadium-1,c7bf8d10-7ee7-11f0-9a44-91d46b4c5819,84.64515,2.71927,,6.36292,,,,1.79768,2.71927,-0.37956,a1610a2b-efcb-4247-9bb7-6790101691be,2025-08-21,23:37:19.06,2025-08-21T19:37:19.0675456-04:00,2025-08-21T23:37:19.0675456Z,GroundBall,v3,5433,5508,,"Olmeda, Alexis",663406,Right,GAS,aae00591-5c62-4491-8546-267d9b2dfe38,55.19815,-125.91273,11.56611,6.24633,-1.89041,-14.21905,1.82817,-4.1645,-2.12101,180,1.79497,102.78735,,,,,,,,2.7201,-31.52954,,,,,,,,-0.37717,-90.4331,,,,,,,,,,,,,,,,,,,,,,,,,,,,,,High,High,High,Low,Low,,,
110,2025-08-21,19:37:56.89,2,1,"Wells, Nick",657101,Left,GAS,"De Aza, Alejandro",457477,Left,SMD,Undefined,4,Bottom,1,0,0,Cutter,Slider,StrikeCalled,Undefined,Undefined,Undefined,0,0,,83.58852,-1.428156,2.133338,2703.43742,248.213617,2:15,6.28281,-1.85,5.23345,-38.48085,2.46024,3.02894,1.73246,0.40859,77.09218,-8.404,2.670744,0.460523,,,,,,,,,,,,-0.93843,1.99185,1.65125,50,6.12252,-4.6453,-121.26344,-4.43412,-1.40036,23.22934,-29.20168,SMD,GAS,RegencyFurnitureStadium,Independent,ATL,20250821-RegencyFurnitureStadium-1,de4b5730-7ee7-11f0-9a44-91d46b4c5819,81.84706,,,6.49635,,,,,,,a1610a2b-efcb-4247-9bb7-6790101691be,2025-08-21,23:37:56.89,2025-08-21T19:37:56.8942592-04:00,2025-08-21T23:37:56.8942592Z,,v3,5433,5508,,"Olmeda, Alexis",663406,Right,GAS,61fb4300-1198-4c89-9e2b-2acea4d22fea,55.26507,-122.26785,11.61467,6.28695,-3.17145,-14.60084,1.8508,-4.58475,-0.70018,,,,,,,,,,,,,,,,,,,,,,,,,,,,,,,,,,,,,,,,,,,,,,,,,,,High,High,High,,,,,
111,2025-08-21,19:38:12.44,2,2,"Wells, Nick",657101,Left,GAS,"De Aza, Alejandro",457477,Left,SMD,Undefined,4,Bottom,1,0,1,Fastball,Four-Seam,BallCalled,Undefined,Undefined,Undefined,0,0,,90.48605,-2.780714,3.138538,2301.636082,165.678056,11:30,6.05557,-1.91113,5.73191,-15.4941,18.93556,-4.5526,2.1689,0.63521,82.80084,-5.719454,2.325778,0.422316,,,,,,,,,,,,3.16693,10.72075,1.65216,50,5.81388,-6.98762,-131.09243,-6.83346,5.51957,27.30992,-13.48905,SMD,GAS,RegencyFurnitureStadium,Independent,ATL,20250821-RegencyFurnitureStadium-1,e78d2ee0-7ee7-11f0-9a44-91d46b4c5819,89.25169,,,7.68521,,,,,,,a1610a2b-efcb-4247-9bb7-6790101691be,2025-08-21,23:38:12.44,2025-08-21T19:38:12.4469248-04:00,2025-08-21T23:38:12.4469248Z,,v3,5433,5508,,"Olmeda, Alexis",663406,Right,GAS,494d0ccf-e85c-456a-94eb-1412ec067956,54.76462,-132.08129,13.65496,6.05247,-6.34503,-6.74452,1.90879,-7.18747,2.75979,,,,,,,,,,,,,,,,,,,,,,,,,,,,,,,,,,,,,,,,,,,,,,,,,,,High,High,High,,,,,
112,2025-08-21,19:38:31.13,2,3,"Wells, Nick",657101,Left,GAS,"De Aza, Alejandro",457477,Left,SMD,Undefined,4,Bottom,1,1,1,Fastball,Four-Seam,FoulBallNotFieldable,Undefined,Undefined,Undefined,0,0,,91.04952,-2.433921,3.634099,2301.606889,159.821174,11:15,6.06864,-2.0071,5.82561,-14.2193,19.74911,-6.84957,2.61514,0.80498,83.05935,-5.157355,2.410169,0.419478,77.14121,40.194335,-121.867209,5895.800153,,,,,44.84082,,,4.52681,11.11115,1.71397,50,5.86102,-8.08016,-131.88765,-6.01682,7.96387,28.36087,-12.62661,SMD,GAS,RegencyFurnitureStadium,Independent,ATL,20250821-RegencyFurnitureStadium-1,f2b293a0-7ee7-11f0-9a44-91d46b4c5819,89.85564,35.12913,,7.99017,,,,0.9581,2.71434,-0.99556,a1610a2b-efcb-4247-9bb7-6790101691be,2025-08-21,23:38:31.13,2025-08-21T19:38:31.1390720-04:00,2025-08-21T23:38:31.1390720Z,,v3,5433,5508,,"Olmeda, Alexis",663406,Right,GAS,f3f83439-ed22-4bbc-911f-153972560408,54.67183,-132.88847,14.18043,6.06549,-5.57124,-6.31331,2.00407,-8.3612,3.98194,,0.9581,-45.62738,-4.34182,2.58028,-0.79115,0.21649,-0.04995,0.01051,-0.00123,2.71434,73.0187,-27.63791,3.98123,-0.89323,0.19112,-0.03871,0.0096,-0.00194,-0.99556,-73.39706,14.96801,-1.83256,0.25637,0.00785,-0.00869,0.0018,0,,,,,,,,,,,,,,,,,,,,,,,High,High,High,High,Undefined,,,
113,2025-08-21,19:38:51.44,2,4,"Wells, Nick",657101,Left,GAS,"De Aza, Alejandro",457477,Left,SMD,Undefined,4,Bottom,1,1,2,Slider,Slider,StrikeSwinging,Strikeout,Undefined,Undefined,0,0,,84.22552,-2.422828,3.074023,2619.509782,231.529034,1:45,6.34422,-1.73388,5.22366,-36.00585,4.50044,4.08055,1.06132,1.49892,77.66602,-8.938325,3.796849,0.458071,,,,,,,,,,,,-1.19799,3.29292,1.44702,50,6.09346,-6.72515,-121.99982,-6.48487,-1.80674,23.85123,-27.20783,SMD,GAS,RegencyFurnitureStadium,Independent,ATL,20250821-RegencyFurnitureStadium-1,feccdfb0-7ee7-11f0-9a44-91d46b4c5819,82.28522,,,6.5595,,,,,,,a1610a2b-efcb-4247-9bb7-6790101691be,2025-08-21,23:38:51.44,2025-08-21T19:38:51.4420000-04:00,2025-08-21T23:38:51.4420000Z,,v3,5433,5508,,"Olmeda, Alexis",663406,Right,GAS,1f9dd3b2-7e01-49f8-b814-20be38f1ab7f,55.27458,-123.02669,11.92562,6.34744,-5.31349,-13.60392,1.73489,-6.64737,-0.90337,,,,,,,,,,,,,,,,,,,,,,,,,,,,,54.47621,,,1.373047,,,,-3.44654,3.88239,1.42095,75.30387,8.68106,-49.47933,-3.36233,62.16746,-3.55275,3.96938,23.34234,-14.50296,1.32111,-41.95864,3.61588,High,High,High,,,High,High,High
114,2025-08-21,19:39:21.64,3,1,"Wells, Nick",657101,Left,GAS,"DiGiacomo, Giovanni",681029,Left,SMD,Undefined,4,Bottom,2,0,0,Cutter,Slider,FoulBallNotFieldable,Undefined,Undefined,Undefined,0,0,,86.72376,-0.880587,1.926994,2722.448391,227.479195,1:30,6.20009,-1.97187,5.39095,-31.73616,5.90394,5.2341,2.72959,0.27099,80.02848,-6.679564,2.857498,0.441567,73.78077,9.153838,-165.647539,,,,,,28.37781,,,-2.09882,3.59528,1.79622,50,6.09948,-4.47115,-125.8819,-3.11004,-3.39258,23.78957,-26.36255,SMD,GAS,RegencyFurnitureStadium,Independent,ATL,20250821-RegencyFurnitureStadium-1,10b894d0-7ee8-11f0-9a44-91d46b4c5819,85.36058,6.56583,,6.69528,,,,0.80831,2.2294,-0.15112,a1610a2b-efcb-4247-9bb7-6790101691be,2025-08-21,23:39:21.64,2025-08-21T19:39:21.6403456-04:00,2025-08-21T23:39:21.6403456Z,,v3,5433,5508,,"Olmeda, Alexis",663406,Right,GAS,9c799a80-d802-4b46-ba70-002815194cf3,55.10466,-126.84293,11.89479,6.2036,-2.04508,-13.18128,1.97407,-4.3341,-1.69629,232.319647,0.80865,-103.5156,8.83722,,,,,,,2.22863,17.25191,-5.55186,,,,,,,-0.14969,-26.55042,-13.08806,,,,,,,,,,,,,,,,,,,,,,,,,,,,,High,High,High,Low,Undefined,,,
115,2025-08-21,19:39:35.26,3,2,"Wells, Nick",657101,Left,GAS,"DiGiacomo, Giovanni",681029,Left,SMD,Undefined,4,Bottom,2,0,1,Fastball,Four-Seam,InPlay,Undefined,FlyBall,Out,1,0,,91.00765,-3.346815,2.465302,2303.197643,154.580578,11:15,6.14606,-1.97897,5.79031,-14.3967,20.00513,-8.91296,1.82656,-0.42698,82.21848,-6.118515,0.870256,0.422146,95.53582,28.502932,9.399227,2094.849295,108.30414,53.86801,19.24019,353.44641,348.8573,11.33634,4.685761,5.33835,11.63402,1.78144,50,5.86173,-5.28206,-131.71379,-8.10911,9.25638,31.36201,-12.00137,SMD,GAS,RegencyFurnitureStadium,Independent,ATL,20250821-RegencyFurnitureStadium-1,18e92390-7ee8-11f0-9a44-91d46b4c5819,89.28777,74.15215,,8.78917,,,,1.88626,1.96242,0.44036,a1610a2b-efcb-4247-9bb7-6790101691be,2025-08-21,23:39:35.26,2025-08-21T19:39:35.2608768-04:00,2025-08-21T23:39:35.2608768Z,FlyBall,v3,5433,5508,,"Olmeda, Alexis",663406,Right,GAS,09542996-dcc6-4c29-9bdf-8d6712af0cd6,54.70622,-132.82965,15.681,6.14266,-7.6821,-6.00069,1.97524,-5.6114,4.62819,187.142945,1.88504,121.508,-22.86048,5.57449,-1.26434,0.28304,-0.05387,0.00651,-0.00034,1.96474,66.81688,-16.90605,0.73586,0.04322,-0.07443,0.02393,-0.00334,0.00017,0.4402,20.1136,-2.34429,0.52839,-0.135,0.03845,-0.00865,0.00112,-6E-05,,,,,,,,,,,,,,,,,,,,,,,High,High,High,High,High,,,
116,2025-08-21,19:42:51.35,1,1,"Thompson, Cody",670814,Right,SMD,"Skender, Ethan",663690,Right,GAS,Undefined,5,Top,0,0,0,Fastball,Sinker,BallCalled,Undefined,Undefined,Undefined,0,0,,89.44756,-2.709805,-1.928072,2223.123053,235.018856,1:45,6.01267,1.57729,5.29282,-22.3906,13.758,17.83568,1.59915,1.2526,81.12075,-6.869358,1.239095,0.43273,,,,,,,,,,,,-9.48434,8.09048,-1.41519,50,5.74992,3.53505,-129.50306,-6.92096,-15.94472,29.58426,-18.57264,SMD,GAS,RegencyFurnitureStadium,Independent,ATL,20250821-RegencyFurnitureStadium-1,8dcf7060-7ee8-11f0-9a44-91d46b4c5819,87.10381,,,8.32681,,,,,,,a1610a2b-efcb-4247-9bb7-6790101691be,2025-08-21,23:42:51.35,2025-08-21T19:42:51.3510400-04:00,2025-08-21T23:42:51.3510400Z,,v3,5433,5508,,"McCarthy, Ryan",811735,Right,SMD,06477572-c95a-4616-9f45-af2e3049daf1,55.20343,-130.68635,14.79213,6.01189,-6.17811,-9.28632,-1.56934,4.17279,-7.97236,,,,,,,,,,,,,,,,,,,,,,,,,,,,,,,,,,,,,,,,,,,,,,,,,,,High,High,High,,,,,
117,2025-08-21,19:43:07.99,1,2,"Thompson, Cody",670814,Right,SMD,"Skender, Ethan",663690,Right,GAS,Undefined,5,Top,0,1,0,Fastball,Sinker,BallCalled,Undefined,Undefined,Undefined,0,0,,90.3709,-3.880058,-3.645986,2318.441481,240.292583,2:00,5.86807,1.44302,5.58688,-24.13619,11.11442,17.24111,0.22065,-0.52941,81.92023,-8.354809,-0.571943,0.427321,,,,,,,,,,,,-9.88111,7.21496,-1.14118,50,5.5183,7.55228,-130.55965,-9.7145,-16.84774,30.61246,-19.87218,SMD,GAS,RegencyFurnitureStadium,Independent,ATL,20250821-RegencyFurnitureStadium-1,97bb6ac0-7ee8-11f0-9a44-91d46b4c5819,88.20632,,,8.45066,,,,,,,a1610a2b-efcb-4247-9bb7-6790101691be,2025-08-21,23:43:07.99,2025-08-21T19:43:07.9994880-04:00,2025-08-21T23:43:07.9994880Z,,v3,5433,5508,,"McCarthy, Ryan",811735,Right,SMD,05db82dc-e51b-4b7e-adba-b9fb2ec2d8d1,54.91037,-131.70596,15.30623,5.86814,-8.97037,-9.93609,-1.43579,8.18315,-8.42387,,,,,,,,,,,,,,,,,,,,,,,,,,,,,,,,,,,,,,,,,,,,,,,,,,,High,High,High,,,,,
118,2025-08-21,19:43:32.42,1,3,"Thompson, Cody",670814,Right,SMD,"Skender, Ethan",663690,Right,GAS,Undefined,5,Top,0,2,0,Fastball,Sinker,StrikeCalled,Undefined,Undefined,Undefined,0,0,,89.62808,-0.648936,-3.301648,2261.852642,249.058136,2:15,5.77703,1.59377,5.66912,-27.37494,8.61402,18.80308,2.88972,0.07897,80.00419,-5.772574,0.055355,0.431773,,,,,,,,,,,,-10.61146,5.00906,-1.32652,50,5.70535,6.62401,-129.64438,-2.42644,-17.61409,33.34333,-23.85946,SMD,GAS,RegencyFurnitureStadium,Independent,ATL,20250821-RegencyFurnitureStadium-1,a6441ec0-7ee8-11f0-9a44-91d46b4c5819,87.29679,,,9.62389,,,,,,,a1610a2b-efcb-4247-9bb7-6790101691be,2025-08-21,23:43:32.42,2025-08-21T19:43:32.4269568-04:00,2025-08-21T23:43:32.4269568Z,,v3,5433,5508,,"McCarthy, Ryan",811735,Right,SMD,74a193d8-d300-49ce-8d4b-93b17a4f24f8,54.82499,-130.87944,16.67167,5.77887,-1.54267,-11.92973,-1.58396,7.27645,-8.80705,,,,,,,,,,,,,,,,,,,,,,,,,,,,,,,,,,,,,,,,,,,,,,,,,,,High,High,High,,,,,
119,2025-08-21,19:43:51.97,1,4,"Thompson, Cody",670814,Right,SMD,"Skender, Ethan",663690,Right,GAS,Undefined,5,Top,0,2,1,Fastball,Sinker,BallCalled,Undefined,Undefined,Undefined,0,0,,91.29657,-3.048222,-2.955944,2400.094557,241.293501,2:00,5.75383,1.5433,5.67169,-24.00029,10.48595,16.79761,0.90544,0.1848,82.32964,-7.521904,0.046156,0.422663,,,,,,,,,,,,-9.49087,6.69492,-1.30447,50,5.48123,6.06345,-132.04884,-7.87589,-16.46995,32.62534,-20.55603,SMD,GAS,RegencyFurnitureStadium,Independent,ATL,20250821-RegencyFurnitureStadium-1,b1f3c220-7ee8-11f0-9a44-91d46b4c5819,89.17844,,,8.96693,,,,,,,a1610a2b-efcb-4247-9bb7-6790101691be,2025-08-21,23:43:51.97,2025-08-21T19:43:51.9746560-04:00,2025-08-21T23:43:51.9746560Z,,v3,5433,5508,,"McCarthy, Ryan",811735,Right,SMD,d2be5764-9637-487a-954b-892fa2a1380c,54.82459,-133.23552,16.31267,5.7541,-7.12821,-10.27802,-1.53591,6.6625,-8.23497,,,,,,,,,,,,,,,,,,,,,,,,,,,,,,,,,,,,,,,,,,,,,,,,,,,High,High,High,,,,,
120,2025-08-21,19:44:13.30,1,5,"Thompson, Cody",670814,Right,SMD,"Skender, Ethan",663690,Right,GAS,Undefined,5,Top,0,3,1,Fastball,Sinker,StrikeSwinging,Undefined,Undefined,Undefined,0,0,,90.18834,-2.184911,-3.244577,2335.888688,248.733578,2:15,5.78741,1.56041,5.6959,-26.66557,8.55292,18.65588,1.52493,0.08824,81.41815,-7.144106,0.090078,0.427127,,,,,,,,,,,,-10.47564,5.43327,-1.29937,50,5.58726,6.56391,-130.52776,-5.92459,-17.79569,31.40511,-22.94418,SMD,GAS,RegencyFurnitureStadium,Independent,ATL,20250821-RegencyFurnitureStadium-1,beab1180-7ee8-11f0-9a44-91d46b4c5819,88.24648,,,8.77019,,,,,,,a1610a2b-efcb-4247-9bb7-6790101691be,2025-08-21,23:44:13.30,2025-08-21T19:44:13.3015040-04:00,2025-08-21T23:44:13.3015040Z,,v3,5433,5508,,"McCarthy, Ryan",811735,Right,SMD,5cc38020-865f-4289-a8a7-5539aeaeffe7,54.80027,-131.67764,15.70255,5.78881,-5.0845,-11.47209,-1.55164,7.21549,-8.89785,,,,,,,,,,,,,,,,,,,,,,,,,,,,,,,,,,,,,,,,,,,,,,,,,,,High,High,High,,,,,
121,2025-08-21,19:44:43.66,1,6,"Thompson, Cody",670814,Right,SMD,"Skender, Ethan",663690,Right,GAS,Undefined,5,Top,0,3,2,Fastball,Sinker,StrikeSwinging,Strikeout,Undefined,Undefined,0,0,,91.80123,-2.7312,-2.859738,2389.586692,249.298679,2:15,5.87309,1.47602,5.69716,-24.94029,9.25993,21.01056,1.24452,0.55979,82.41976,-7.383901,0.898746,0.420907,,,,,,,,,,,,-11.60993,6.01973,-1.24898,50,5.6282,5.67449,-132.78074,-7.22062,-20.2741,34.22411,-21.66192,SMD,GAS,RegencyFurnitureStadium,Independent,ATL,20250821-RegencyFurnitureStadium-1,d0c3f120-7ee8-11f0-9a44-91d46b4c5819,89.55059,,,9.38147,,,,,,,a1610a2b-efcb-4247-9bb7-6790101691be,2025-08-21,23:44:43.66,2025-08-21T19:44:43.6650000-04:00,2025-08-21T23:44:43.6650000Z,,v3,5433,5508,,"McCarthy, Ryan",811735,Right,SMD,2be95438-4977-4da9-9ebd-fb11eaaa106f,54.79869,-134.01188,17.11205,5.87394,-6.44137,-10.83096,-1.46623,6.40381,-10.13705,,,,,,,,,,,,,,,,,,,,,,,,,,,,,61.26356,2.896793,1.811661,1.085132,0.12865,1.07611,-0.58102,-0.35189,6.22211,-2.30167,67.36117,8.35294,-57.41793,-0.28823,66.69945,-4.00576,6.23338,14.58117,-11.63395,-2.3919,-56.5899,5.40596,High,High,High,,,Medium,High,High
122,2025-08-21,19:45:18.07,2,1,"Thompson, Cody",670814,Right,SMD,"Olmeda, Alexis",663406,Right,GAS,Undefined,5,Top,1,0,0,Cutter,Slider,InPlay,Undefined,GroundBall,Out,1,0,,86.97185,-1.163987,-1.134127,2558.193533,130.257963,10:15,5.87418,1.46799,5.36329,-32.76699,4.85126,-4.35733,2.05177,0.04127,79.9324,-7.150797,-1.909256,0.441439,75.39575,-4.669096,-18.44986,,,,,19.58817,19.32635,-17.18528,0.165204,1.89122,3.08634,-1.36292,50,5.74632,2.6871,-126.26251,-3.77187,3.05615,25.46271,-27.18664,SMD,GAS,RegencyFurnitureStadium,Independent,ATL,20250821-RegencyFurnitureStadium-1,e5454540-7ee8-11f0-9a44-91d46b4c5819,85.38541,2.07219,,7.03944,,,,1.80569,2.07219,-0.02795,a1610a2b-efcb-4247-9bb7-6790101691be,2025-08-21,23:45:18.07,2025-08-21T19:45:18.0769792-04:00,2025-08-21T23:45:18.0769792Z,GroundBall,v3,5433,5508,,"McCarthy, Ryan",811735,Right,SMD,71ac5193-adc7-47c7-8b4c-95823f2920a3,55.13551,-127.29394,12.73136,5.8768,-2.6706,-13.59332,-1.46927,2.5633,1.52807,32.980465,1.80589,104.53272,-13.24942,,,,,,,2.07267,-9.04025,-21.23945,,,,,,,-0.02784,-34.88854,0.1416,,,,,,,,,,,,,,,,,,,,,,,,,,,,,High,High,High,High,High,,,
123,2025-08-21,19:46:01.39,3,1,"Thompson, Cody",670814,Right,SMD,"Scantlin, Nate",676715,Left,GAS,Undefined,5,Top,2,0,0,Cutter,Slider,BallCalled,Undefined,Undefined,Undefined,0,0,,86.4018,-0.53766,1.058706,2493.509119,145.769521,10:45,5.824,1.67714,5.20202,-33.39195,4.88878,-2.53047,2.53557,2.4621,79.40282,-6.628579,0.609903,0.445309,,,,,,,,,,,,1.54008,2.96571,-1.7732,50,5.74921,-2.20412,-125.4174,-2.4391,2.46165,24.5297,-27.43374,SMD,GAS,RegencyFurnitureStadium,Independent,ATL,20250821-RegencyFurnitureStadium-1,fefdbe40-7ee8-11f0-9a44-91d46b4c5819,84.64334,,,6.99898,,,,,,,a1610a2b-efcb-4247-9bb7-6790101691be,2025-08-21,23:46:01.39,2025-08-21T19:46:01.3946368-04:00,2025-08-21T23:46:01.3946368Z,,v3,5433,5508,,"McCarthy, Ryan",811735,Right,SMD,3efd8087-3a4f-4d0f-b670-2a8015d22972,55.29489,-126.44876,12.26485,5.82751,-1.28564,-13.71687,-1.67835,-2.30762,1.23082,,,,,,,,,,,,,,,,,,,,,,,,,,,,,,,,,,,,,,,,,,,,,,,,,,,High,High,High,,,,,
124,2025-08-21,19:46:19.05,3,2,"Thompson, Cody",670814,Right,SMD,"Scantlin, Nate",676715,Left,GAS,Undefined,5,Top,2,1,0,Fastball,Sinker,StrikeSwinging,Undefined,Undefined,Undefined,0,0,,90.46946,-0.84163,-3.307929,2301.627264,254.85379,2:30,5.8638,1.42605,5.68816,-28.60923,6.7589,19.74966,2.69391,-0.01464,80.65023,-6.184016,0.220227,0.428033,,,,,,,,,,,,-11.06233,4.16154,-1.15956,50,5.77557,6.64427,-130.82693,-2.95067,-18.66506,34.4083,-25.15245,SMD,GAS,RegencyFurnitureStadium,Independent,ATL,20250821-RegencyFurnitureStadium-1,09a1e510-7ee9-11f0-9a44-91d46b4c5819,88.05962,,,9.81923,,,,,,,a1610a2b-efcb-4247-9bb7-6790101691be,2025-08-21,23:46:19.05,2025-08-21T19:46:19.0515712-04:00,2025-08-21T23:46:19.0515712Z,,v3,5433,5508,,"McCarthy, Ryan",811735,Right,SMD,15ed10ba-dd59-4451-93de-5782d26fdd57,54.80509,-132.08466,17.20415,5.86662,-2.03128,-12.57623,-1.4149,7.32653,-9.33253,,,,,,,,,,,,,,,,,,,,,,,,,,,,,,,,,,,,,,,,,,,,,,,,,,,High,High,High,,,,,
125,2025-08-21,19:46:38.27,3,3,"Thompson, Cody",670814,Right,SMD,"Scantlin, Nate",676715,Left,GAS,Undefined,5,Top,2,1,1,Fastball,Sinker,InPlay,Undefined,GroundBall,Out,1,0,,91.2997,-0.318432,-1.832234,2386.076238,248.706635,2:15,5.86853,1.32747,5.55121,-27.11816,7.76461,16.34107,3.31098,0.97657,81.26405,-5.387297,1.082703,0.425086,,,,,,,,,,,,-8.87252,4.43461,-1.17994,50,5.82355,3.465,-132.13978,-1.71959,-15.24191,35.60776,-24.55594,SMD,GAS,RegencyFurnitureStadium,Independent,ATL,20250821-RegencyFurnitureStadium-1,150bf3f0-7ee9-11f0-9a44-91d46b4c5819,88.67011,,,10.03566,,,,,,,a1610a2b-efcb-4247-9bb7-6790101691be,2025-08-21,23:46:38.27,2025-08-21T19:46:38.2723072-04:00,2025-08-21T23:46:38.2723072Z,,v3,5433,5508,,"McCarthy, Ryan",811735,Right,SMD,7a973ecb-c040-4f8d-b84d-0670ef1664a3,54.94261,-133.46503,17.80388,5.87054,-0.80568,-12.27797,-1.31946,4.03227,-7.62096,,,,,,,,,,,,,,,,,,,,,,,,,,,,,,,,,,,,,,,,,,,,,,,,,,,High,High,High,,,,,
126,2025-08-21,19:49:08.44,1,1,"Wells, Nick",657101,Left,GAS,"Dexter, Sam",670448,Right,SMD,Undefined,5,Bottom,0,0,0,ChangeUp,Changeup,StrikeCalled,Undefined,Undefined,Undefined,0,0,,85.5475,-1.256112,3.459227,1868.63154,126.714153,10:15,6.03198,-2.28075,5.63336,-26.45623,12.30863,-14.78296,2.65304,-0.28135,78.01503,-6.177177,0.823156,0.448116,,,,,,,,,,,,8.43548,6.98512,1.99566,50,5.90821,-6.86329,-123.95914,-3.59514,13.09069,25.38677,-21.33411,SMD,GAS,RegencyFurnitureStadium,Independent,ATL,20250821-RegencyFurnitureStadium-1,6e9c4460-7ee9-11f0-9a44-91d46b4c5819,84.1131,,,7.53247,,,,,,,a1610a2b-efcb-4247-9bb7-6790101691be,2025-08-21,23:49:08.44,2025-08-21T19:49:08.4458496-04:00,2025-08-21T23:49:08.4458496Z,,v3,5433,5508,,"Olmeda, Alexis",663406,Right,GAS,a7c7ec8f-a642-40f1-be4a-266a6298e1d2,54.86315,-124.95114,12.69339,6.03241,-2.7615,-10.66706,2.27384,-7.37482,6.54534,,,,,,,,,,,,,,,,,,,,,,,,,,,,,,,,,,,,,,,,,,,,,,,,,,,High,High,High,,,,,
127,2025-08-21,19:49:19.75,1,2,"Wells, Nick",657101,Left,GAS,"Dexter, Sam",670448,Right,SMD,Undefined,5,Bottom,0,0,1,ChangeUp,Changeup,BallCalled,Undefined,Undefined,Undefined,0,0,,85.03826,-3.521074,5.189485,1911.685593,113.936595,9:45,5.95426,-2.07957,5.597,-29.98978,9.40898,-18.3169,0.1501,1.25229,78.15102,-9.020362,1.932025,0.451765,,,,,,,,,,,,10.7376,6.11012,1.6461,50,5.6315,-10.40498,-122.83908,-8.6056,16.43371,23.95691,-22.82261,SMD,GAS,RegencyFurnitureStadium,Independent,ATL,20250821-RegencyFurnitureStadium-1,75559c70-7ee9-11f0-9a44-91d46b4c5819,83.43373,,,6.88724,,,,,,,a1610a2b-efcb-4247-9bb7-6790101691be,2025-08-21,23:49:19.75,2025-08-21T19:49:19.7581312-04:00,2025-08-21T23:49:19.7581312Z,,v3,5433,5508,,"Olmeda, Alexis",663406,Right,GAS,d923355a-b0f8-4d92-bbcb-6a80470e7cff,54.9025,-123.7915,11.97846,5.95558,-7.69827,-11.4113,2.07275,-11.05831,8.21686,,,,,,,,,,,,,,,,,,,,,,,,,,,,,,,,,,,,,,,,,,,,,,,,,,,High,High,High,,,,,
128,2025-08-21,19:49:52.01,1,3,"Wells, Nick",657101,Left,GAS,"Dexter, Sam",670448,Right,SMD,Undefined,5,Bottom,0,1,1,Fastball,Four-Seam,InPlay,Undefined,FlyBall,Out,1,0,,89.97954,-1.911603,2.782959,2210.695117,147.874054,11:00,5.99841,-2.27047,5.75123,-17.48741,17.31426,-10.16052,2.75881,-0.52442,82.10861,-5.221373,0.966575,0.424591,86.62464,60.483763,-16.841234,,108.30247,150.92041,-19.25018,186.21442,175.32713,-8.222811,6.128188,5.97866,9.70717,2.04573,50,5.82904,-5.90632,-130.4844,-4.89855,10.29279,27.82658,-15.46232,SMD,GAS,RegencyFurnitureStadium,Independent,ATL,20250821-RegencyFurnitureStadium-1,888e1ce0-7ee9-11f0-9a44-91d46b4c5819,88.77343,150.97951,,7.87093,,,,0.7595,2.02699,0.01049,a1610a2b-efcb-4247-9bb7-6790101691be,2025-08-21,23:49:52.01,2025-08-21T19:49:52.0152576-04:00,2025-08-21T23:49:52.0152576Z,Popup,v3,5433,5508,,"Olmeda, Alexis",663406,Right,GAS,4bcf3312-b5c0-454d-a326-f6b87db2e4e6,54.74666,-131.49276,13.91329,5.99639,-4.33824,-7.73116,2.26651,-6.2793,5.14639,189.823959,0.77401,59.64275,-15.07074,2.97877,0.12481,-0.23494,0.05921,-0.00662,0.00029,2.00985,110.82498,-26.42366,3.82781,-1.12005,0.26444,-0.03928,0.003,-9E-05,0.0071,-18.05867,8.03237,-2.01234,0.15552,0.0599,-0.02061,0.00258,-0.00012,,,,,,,,,,,,,,,,,,,,,,,High,High,High,Medium,Low,,,
129,2025-08-21,19:50:29.41,2,1,"Wells, Nick",657101,Left,GAS,"McCarthy, Ryan",811735,Right,SMD,Undefined,5,Bottom,1,0,0,Fastball,Four-Seam,BallCalled,Undefined,Undefined,Undefined,0,0,,90.71259,-0.769172,1.867572,2243.723365,144.792207,10:45,5.96605,-2.28732,5.80554,-15.86985,18.34844,-12.14461,3.92783,-1.56197,82.40034,-3.80565,-0.307468,0.421018,,,,,,,,,,,,6.7013,9.90107,2.14117,50,5.8935,-3.75329,-131.63376,-2.22711,11.70244,29.17481,-14.88388,SMD,GAS,RegencyFurnitureStadium,Independent,ATL,20250821-RegencyFurnitureStadium-1,a3434560-7ee9-11f0-9a44-91d46b4c5819,89.52694,,,8.31225,,,,,,,a1610a2b-efcb-4247-9bb7-6790101691be,2025-08-21,23:50:29.41,2025-08-21T19:50:29.4115328-04:00,2025-08-21T23:50:29.4115328Z,,v3,5433,5508,,"Olmeda, Alexis",663406,Right,GAS,95dc05ee-bc5d-43e2-8b78-19eb5049c36a,54.69044,-132.66926,14.58741,5.96317,-1.69884,-7.44194,2.28176,-4.16864,5.85122,,,,,,,,,,,,,,,,,,,,,,,,,,,,,,,,,,,,,,,,,,,,,,,,,,,High,High,High,,,,,
130,2025-08-21,19:50:41.83,2,2,"Wells, Nick",657101,Left,GAS,"McCarthy, Ryan",811735,Right,SMD,Undefined,5,Bottom,1,1,0,Cutter,Slider,BallCalled,Undefined,Undefined,Undefined,0,0,,86.04409,0.318667,2.818088,2666.454274,190.405364,12:15,6.22086,-2.05063,5.44806,-27.19096,10.71229,1.77933,4.25365,0.73811,79.73067,-4.680849,3.134071,0.443108,,,,,,,,,,,,-0.23189,5.65126,1.80041,50,6.2303,-6.2269,-124.9615,-0.25384,-0.37215,21.66203,-23.10488,SMD,GAS,RegencyFurnitureStadium,Independent,ATL,20250821-RegencyFurnitureStadium-1,a624e180-7ee9-11f0-9a44-91d46b4c5819,85.06377,,,6.31342,,,,,,,a1610a2b-efcb-4247-9bb7-6790101691be,2025-08-21,23:50:41.83,2025-08-21T19:50:41.8342400-04:00,2025-08-21T23:50:41.8342400Z,,v3,5433,5508,,"Olmeda, Alexis",663406,Right,GAS,ad64dab9-d38e-4cff-be28-1549e2fbe59e,55.05033,-125.83393,10.83102,6.22178,0.6767,-11.55244,2.0509,-6.21191,-0.18608,,,,,,,,,,,,,,,,,,,,,,,,,,,,,,,,,,,,,,,,,,,,,,,,,,,High,High,High,,,,,
131,2025-08-21,19:50:57.99,2,3,"Wells, Nick",657101,Left,GAS,"McCarthy, Ryan",811735,Right,SMD,Undefined,5,Bottom,1,2,0,Cutter,Slider,FoulBallNotFieldable,Undefined,Undefined,Undefined,0,0,,86.5846,-0.991297,3.081254,2640.167218,164.932612,11:30,6.13572,-1.99026,5.49918,-30.88805,6.82248,-1.53287,2.6331,0.76674,79.75876,-6.653418,2.808569,0.44198,74.46117,66.692282,154.751052,5314.348429,,,,,33.44199,,,1.5937,4.03276,1.72184,50,6.02803,-6.69794,-125.6212,-3.27395,2.55911,24.28213,-25.69834,SMD,GAS,RegencyFurnitureStadium,Independent,ATL,20250821-RegencyFurnitureStadium-1,afdf6ba0-7ee9-11f0-9a44-91d46b4c5819,85.28084,62.46124,,6.82584,,,,1.42489,2.79926,-0.73281,a1610a2b-efcb-4247-9bb7-6790101691be,2025-08-21,23:50:57.99,2025-08-21T19:50:57.9915264-04:00,2025-08-21T23:50:57.9915264Z,,v3,5433,5508,,"Olmeda, Alexis",663406,Right,GAS,a958116c-f34d-4813-a92b-f5b88705ee0f,54.99994,-126.58398,12.14106,6.13764,-2.25502,-12.84917,1.98943,-6.79941,1.27956,358.792065,1.42489,-39.08299,-3.58659,1.98561,-0.18886,-0.73424,0.7506,-0.05706,-0.16328,2.79926,100.29704,-33.1274,4.73192,-0.79119,-0.23569,0.15433,0.30254,-0.23806,-0.73281,18.43151,1.14686,0.52108,-0.02891,-0.37244,0.40959,-0.09034,-0.05109,,,,,,,,,,,,,,,,,,,,,,,High,High,High,High,Undefined,,,
132,2025-08-21,19:51:18.12,2,4,"Wells, Nick",657101,Left,GAS,"McCarthy, Ryan",811735,Right,SMD,Undefined,5,Bottom,1,2,1,Cutter,Slider,StrikeSwinging,Undefined,Undefined,Undefined,0,0,,86.28179,-1.02182,2.301427,2738.894541,186.251443,12:15,6.1441,-1.9389,5.44802,-31.02506,7.32197,0.6648,2.60116,0.27229,78.80983,-6.726872,2.419713,0.445694,,,,,,,,,,,,0.33173,4.37406,1.73517,50,6.03271,-5.05652,-125.09622,-3.34097,0.52367,26.12319,-25.26889,SMD,GAS,RegencyFurnitureStadium,Independent,ATL,20250821-RegencyFurnitureStadium-1,bbe6f300-7ee9-11f0-9a44-91d46b4c5819,84.57014,,,7.47196,,,,,,,a1610a2b-efcb-4247-9bb7-6790101691be,2025-08-21,23:51:18.12,2025-08-21T19:51:18.1286400-04:00,2025-08-21T23:51:18.1286400Z,,v3,5433,5508,,"Olmeda, Alexis",663406,Right,GAS,11b78aea-0621-417f-8a09-dc0949e1e41e,55.04794,-126.14595,13.06159,6.14657,-2.32556,-12.63445,1.93878,-5.07757,0.26183,,,,,,,,,,,,,,,,,,,,,,,,,,,,,,,,,,,,,,,,,,,,,,,,,,,High,High,High,,,,,
133,2025-08-21,19:51:46.21,2,5,"Wells, Nick",657101,Left,GAS,"McCarthy, Ryan",811735,Right,SMD,Undefined,5,Bottom,1,2,2,Slider,Slider,InPlay,Undefined,FlyBall,Single,0,0,,83.16547,-0.441707,2.2322,2805.856506,274.863213,3:15,6.33338,-1.85598,5.24412,-41.0888,1.03681,5.77099,2.49388,0.72376,75.22334,-7.942553,3.255668,0.467137,76.09903,25.318056,-34.10748,2162.746668,87.67453,36.63652,-66.43172,242.73903,232.19904,-40.975386,3.270248,-2.15532,1.08201,1.64638,50,6.26241,-4.93967,-120.42559,-2.42087,-3.10764,27.34672,-30.61395,SMD,GAS,RegencyFurnitureStadium,Independent,ATL,20250821-RegencyFurnitureStadium-1,cc9f7f50-7ee9-11f0-9a44-91d46b4c5819,80.68814,37.92254,,7.94213,,,,1.66451,2.48743,-0.59461,a1610a2b-efcb-4247-9bb7-6790101691be,2025-08-21,23:51:46.21,2025-08-21T19:51:46.2156800-04:00,2025-08-21T23:51:46.2156800Z,LineDrive,v3,5433,5508,,"Olmeda, Alexis",663406,Right,GAS,844b5169-7408-4fd2-8e23-62f82ae8dfd6,55.25245,-121.61248,13.67336,6.33865,-1.09217,-15.30698,1.85784,-4.80479,-1.55382,134.97308,1.66425,83.54961,-14.69172,3.48961,-0.97371,0.33709,-0.11507,0.02386,-0.00199,2.48777,47.71547,-17.27158,0.74806,0.21705,-0.23314,0.10203,-0.02099,0.00165,-0.59462,-56.57387,2.82601,0.03471,-0.01075,-0.06508,0.03871,-0.00945,0.00084,,,,,,,,,,,,,,,,,,,,,,,High,High,High,High,High,,,
134,2025-08-21,19:52:26.61,3,1,"Wells, Nick",657101,Left,GAS,"Loftin, Jackson",699816,Right,SMD,Undefined,5,Bottom,1,0,0,Fastball,Four-Seam,BallCalled,Undefined,Undefined,Undefined,0,0,,91.15747,-1.677237,1.650789,2253.856893,153.967181,11:15,5.93751,-2.36305,5.78266,-17.30513,17.03316,-7.69745,2.93387,-1.46823,81.95534,-4.985832,0.272416,0.421756,,,,,,,,,,,,4.42906,9.5715,2.23145,50,5.78894,-3.45694,-132.05955,-4.38503,7.68947,32.55246,-15.55664,SMD,GAS,RegencyFurnitureStadium,Independent,ATL,20250821-RegencyFurnitureStadium-1,e4b0ff10-7ee9-11f0-9a44-91d46b4c5819,89.37035,,,9.20213,,,,,,,a1610a2b-efcb-4247-9bb7-6790101691be,2025-08-21,23:52:26.61,2025-08-21T19:52:26.6122240-04:00,2025-08-21T23:52:26.6122240Z,,v3,5433,5508,,"Olmeda, Alexis",663406,Right,GAS,a8469798-1926-4b0e-970e-ff126b4d0800,54.71088,-133.21572,16.27623,5.93487,-3.8325,-7.77832,2.35908,-3.73005,3.84473,,,,,,,,,,,,,,,,,,,,,,,,,,,,,,,,,,,,,,,,,,,,,,,,,,,High,High,High,,,,,
135,2025-08-21,19:52:40.71,3,2,"Wells, Nick",657101,Left,GAS,"Loftin, Jackson",699816,Right,SMD,Undefined,5,Bottom,1,1,0,Fastball,Four-Seam,FoulBallNotFieldable,Undefined,Undefined,Undefined,0,0,,90.88903,-1.999728,2.604317,2275.255683,159.995266,11:15,6.00324,-2.21018,5.89789,-17.41973,16.6845,-5.65051,2.69245,-0.26164,82.53231,-5.310997,1.591366,0.420316,86.66179,57.57727,32.340897,5052.511141,77.69318,131.635,77.87018,231.91965,110.51727,51.398923,5.788973,3.68075,9.49292,2.00387,50,5.83232,-5.75078,-131.7601,-5.12991,6.42248,29.93923,-15.61001,SMD,GAS,RegencyFurnitureStadium,Independent,ATL,20250821-RegencyFurnitureStadium-1,ed108d10-7ee9-11f0-9a44-91d46b4c5819,89.67651,135.52714,,8.35672,,,,0.65106,2.792,-0.27289,a1610a2b-efcb-4247-9bb7-6790101691be,2025-08-21,23:52:40.71,2025-08-21T19:52:40.7115264-04:00,2025-08-21T23:52:40.7115264Z,FlyBall,v3,5433,5508,,"Olmeda, Alexis",663406,Right,GAS,efc94586-f88b-4dc6-ba85-c7cb8304c022,54.59897,-132.801,14.96962,6.00124,-4.5872,-7.80501,2.20769,-5.97407,3.21124,207.815937,0.66765,57.18498,-15.79304,1.85837,1.44241,-0.88175,0.21696,-0.02533,0.00115,2.76847,107.66455,-28.36206,4.69376,-1.45907,0.3325,-0.0405,0.00179,2E-05,-0.28722,36.73341,-0.78554,0.91571,-1.04969,0.47779,-0.10909,0.01237,-0.00055,,,,,,,,,,,,,,,,,,,,,,,High,High,High,Medium,Low,,,
136,2025-08-21,19:53:14.52,3,3,"Wells, Nick",657101,Left,GAS,"Loftin, Jackson",699816,Right,SMD,Undefined,5,Bottom,1,1,1,Fastball,Four-Seam,StrikeSwinging,Undefined,Undefined,Undefined,0,0,,90.87958,-1.838192,2.215635,2230.352566,165.981331,11:30,6.13319,-2.12579,5.76168,-13.75072,20.88352,-4.88965,3.27455,-0.47005,81.57488,-4.515633,1.341213,0.423569,,,,,,,,,,,,3.19673,11.56725,1.94514,50,5.97264,-4.86866,-131.57893,-4.578,5.50556,32.50473,-12.25233,SMD,GAS,RegencyFurnitureStadium,Independent,ATL,20250821-RegencyFurnitureStadium-1,01417740-7eea-11f0-9a44-91d46b4c5819,88.98773,,,9.3047,,,,,,,a1610a2b-efcb-4247-9bb7-6790101691be,2025-08-21,23:53:14.52,2025-08-21T19:53:14.5241088-04:00,2025-08-21T23:53:14.5241088Z,,v3,5433,5508,,"Olmeda, Alexis",663406,Right,GAS,1b1f4390-4e4b-4a4b-b57a-edaf3d12d025,54.73145,-132.74262,16.25236,6.12869,-4.13936,-6.12616,2.12297,-5.06576,2.75278,,,,,,,,,,,,,,,,,,,,,,,,,,,,,,,,,,,,,,,,,,,,,,,,,,,High,High,High,,,,,
137,2025-08-21,19:53:42.61,3,4,"Wells, Nick",657101,Left,GAS,"Loftin, Jackson",699816,Right,SMD,Undefined,5,Bottom,1,1,2,Cutter,Slider,FoulBallNotFieldable,Undefined,Undefined,Undefined,0,0,,82.44626,-1.512459,2.166082,2721.79894,242.266476,2:00,6.36753,-1.77585,5.34139,-37.26285,4.53717,6.27658,1.84215,0.78011,76.27313,-8.280617,3.281465,0.465328,59.52803,19.584051,164.100017,4572.077931,,,,100.5265,49.33205,165.646486,1.335189,-2.61327,3.01138,1.57574,50,6.20413,-4.77863,-119.66934,-4.46797,-3.80681,22.10948,-27.78728,SMD,GAS,RegencyFurnitureStadium,Independent,ATL,20250821-RegencyFurnitureStadium-1,11ff0ca0-7eea-11f0-9a44-91d46b4c5819,81.00179,10.66279,,6.17313,,,,2.71499,1.96533,-0.73676,a1610a2b-efcb-4247-9bb7-6790101691be,2025-08-21,23:53:42.61,2025-08-21T19:53:42.6186752-04:00,2025-08-21T23:53:42.6186752Z,LineDrive,v3,5433,5508,,"Olmeda, Alexis",663406,Right,GAS,76564bee-9ab9-45cf-a4d1-69af99ddbf6c,55.15855,-120.61865,11.05474,6.37036,-3.27488,-13.89364,1.77741,-4.61518,-1.90341,337.342279,2.71499,-79.10992,4.24244,-1.09874,0.22604,-0.04552,0.01187,-0.00284,0.00043,1.96533,29.26458,-26.2543,3.04192,-0.55449,0.08832,-0.02143,0.00551,-0.00083,-0.73676,22.53502,-4.79672,2.45187,-0.71596,0.17321,-0.03944,0.00713,-0.00057,,,,,,,,,,,,,,,,,,,,,,,High,High,High,Medium,Low,,,
138,2025-08-21,19:54:05.66,3,5,"Wells, Nick",657101,Left,GAS,"Loftin, Jackson",699816,Right,SMD,Undefined,5,Bottom,1,1,2,Slider,Slider,InPlay,Undefined,FlyBall,Out,1,0,,82.33656,0.282669,1.361653,2742.76574,265.164677,2:45,6.33663,-1.70724,5.31083,-40.62124,2.02386,6.26744,3.21692,0.09334,74.64701,-7.155573,2.47493,0.470009,97.76434,22.150021,-24.093684,1416.227355,97.78189,38.78194,-50.38521,314.49405,302.20004,-32.322378,3.678731,-2.7148,1.34272,1.57901,50,6.33296,-3.09947,-119.34974,-0.85529,-3.8622,25.90306,-30.2638,SMD,GAS,RegencyFurnitureStadium,Independent,ATL,20250821-RegencyFurnitureStadium-1,1fbe7d30-7eea-11f0-9a44-91d46b4c5819,80.19518,46.62465,,7.68955,,,,0.90685,3.07981,-0.0316,a1610a2b-efcb-4247-9bb7-6790101691be,2025-08-21,23:54:05.66,2025-08-21T19:54:05.6690176-04:00,2025-08-21T23:54:05.6690176Z,LineDrive,v3,5433,5508,,"Olmeda, Alexis",663406,Right,GAS,7a96a244-37cb-4a76-9071-1cfcb23099db,55.18605,-120.47004,12.95153,6.34164,0.45361,-15.1319,1.70945,-2.93243,-1.9311,129.240993,0.90648,121.24877,-26.18974,7.00777,-1.89545,0.51843,-0.1272,0.01995,-0.00133,3.0804,54.04256,-18.42106,0.8156,0.37362,-0.27799,0.09676,-0.01665,0.00112,-0.03133,-54.22456,0.48479,1.73126,-0.6564,0.12532,-0.00739,-0.00158,0.00021,,,,,,,,,,,,,,,,,,,,,,,High,High,High,High,Medium,,,
139,2025-08-21,19:54:45.29,4,1,"Wells, Nick",657101,Left,GAS,"Racusin, Zach",685931,Right,SMD,Undefined,5,Bottom,2,0,0,Fastball,Four-Seam,StrikeCalled,Undefined,Undefined,Undefined,0,0,,90.08376,-1.674573,2.110043,2335.029527,160.806976,11:15,6.09125,-2.06877,5.94579,-17.00694,17.30158,-5.64969,3.11929,-0.58157,82.50134,-4.901298,1.095805,0.421573,,,,,,,,,,,,3.44981,9.63997,1.90381,50,5.94816,-4.57486,-130.76631,-4.32416,5.9896,26.87781,-15.43707,SMD,GAS,RegencyFurnitureStadium,Independent,ATL,20250821-RegencyFurnitureStadium-1,37401900-7eea-11f0-9a44-91d46b4c5819,89.40913,,,7.58242,,,,,,,a1610a2b-efcb-4247-9bb7-6790101691be,2025-08-21,23:54:45.29,2025-08-21T19:54:45.2951552-04:00,2025-08-21T23:54:45.2951552Z,,v3,5433,5508,,"Olmeda, Alexis",663406,Right,GAS,e6d2097d-0ca6-45e4-88f3-9f10aa2228f2,54.5505,-131.6983,13.43891,6.08882,-3.78888,-7.71853,2.06604,-4.78255,2.9948,,,,,,,,,,,,,,,,,,,,,,,,,,,,,,,,,,,,,,,,,,,,,,,,,,,High,High,High,,,,,
140,2025-08-21,19:55:00.13,4,2,"Wells, Nick",657101,Left,GAS,"Racusin, Zach",685931,Right,SMD,Undefined,5,Bottom,2,0,1,Cutter,Slider,StrikeSwinging,Undefined,Undefined,Undefined,0,0,,87.11411,-0.520258,1.681254,2680.101342,207.988281,1:00,6.29696,-2.00245,5.55553,-27.08564,9.87001,4.68437,3.5535,-0.04078,80.446,-5.512545,2.516366,0.437534,,,,,,,,,,,,-1.94327,5.46075,1.85403,50,6.23414,-3.91561,-126.56298,-2.09493,-3.1819,23.53684,-23.23266,SMD,GAS,RegencyFurnitureStadium,Independent,ATL,20250821-RegencyFurnitureStadium-1,401c2a00-7eea-11f0-9a44-91d46b4c5819,86.14747,,,6.6681,,,,,,,a1610a2b-efcb-4247-9bb7-6790101691be,2025-08-21,23:55:00.13,2025-08-21T19:55:00.1347072-04:00,2025-08-21T23:55:00.1347072Z,,v3,5433,5508,,"Olmeda, Alexis",663406,Right,GAS,8a02c651-8aa4-4947-9d0b-2ed33a7609f3,54.94227,-127.47878,11.76842,6.29806,-1.19097,-11.61633,2.00397,-3.7918,-1.59095,,,,,,,,,,,,,,,,,,,,,,,,,,,,,,,,,,,,,,,,,,,,,,,,,,,High,High,High,,,,,
141,2025-08-21,19:55:20.45,4,3,"Wells, Nick",657101,Left,GAS,"Racusin, Zach",685931,Right,SMD,Undefined,5,Bottom,2,0,2,Fastball,Four-Seam,BallCalled,Undefined,Undefined,Undefined,0,0,,90.82967,-1.120144,1.221521,2183.15977,150.970837,11:00,6.08564,-2.14289,5.76973,-17.15367,17.23544,-8.89256,3.6134,-1.74702,82.05638,-4.39436,-0.37077,0.422068,,,,,,,,,,,,4.85736,9.44926,2.04708,50,5.98274,-2.4044,-131.70674,-3.08689,8.43752,30.86684,-15.76012,SMD,GAS,RegencyFurnitureStadium,Independent,ATL,20250821-RegencyFurnitureStadium-1,4c54d380-7eea-11f0-9a44-91d46b4c5819,89.30427,,,8.77329,,,,,,,a1610a2b-efcb-4247-9bb7-6790101691be,2025-08-21,23:55:20.45,2025-08-21T19:55:20.4556288-04:00,2025-08-21T23:55:20.4556288Z,,v3,5433,5508,,"Olmeda, Alexis",663406,Right,GAS,8da34fa7-72dd-439b-b39b-b9af16914386,54.72405,-132.80926,15.43342,6.08294,-2.52397,-7.88006,2.13835,-2.70578,4.21876,,,,,,,,,,,,,,,,,,,,,,,,,,,,,,,,,,,,,,,,,,,,,,,,,,,High,High,High,,,,,
142,2025-08-21,19:55:38.68,4,4,"Wells, Nick",657101,Left,GAS,"Racusin, Zach",685931,Right,SMD,Undefined,5,Bottom,2,1,2,Fastball,Four-Seam,BallCalled,Undefined,Undefined,Undefined,0,0,,91.12618,-1.300915,1.797251,2221.319902,154.448027,11:15,6.07017,-2.02983,5.70011,-16.71682,17.38828,-7.76229,3.46408,-1.00143,82.71871,-4.480604,0.409704,0.420321,,,,,,,,,,,,4.445,9.53918,1.8838,50,5.9507,-3.79517,-132.15946,-3.51178,7.81501,29.72257,-15.40271,SMD,GAS,RegencyFurnitureStadium,Independent,ATL,20250821-RegencyFurnitureStadium-1,57334430-7eea-11f0-9a44-91d46b4c5819,89.6753,,,8.40747,,,,,,,a1610a2b-efcb-4247-9bb7-6790101691be,2025-08-21,23:55:38.68,2025-08-21T19:55:38.6871808-04:00,2025-08-21T23:55:38.6871808Z,,v3,5433,5508,,"Olmeda, Alexis",663406,Right,GAS,6b48ab47-2a9b-408c-943e-8a2a69c1f319,54.795,-133.23349,14.86129,6.06754,-2.95521,-7.70136,2.02604,-4.07757,3.9075,,,,,,,,,,,,,,,,,,,,,,,,,,,,,,,,,,,,,,,,,,,,,,,,,,,High,High,High,,,,,
143,2025-08-21,19:55:59.74,4,5,"Wells, Nick",657101,Left,GAS,"Racusin, Zach",685931,Right,SMD,Undefined,5,Bottom,2,2,2,Slider,Slider,FoulBallNotFieldable,Undefined,Undefined,Undefined,0,0,,84.11295,-1.810655,2.161124,2692.724296,247.568465,2:15,6.31612,-1.83715,5.35271,-36.52144,4.1689,6.77701,1.57272,0.75543,76.83386,-8.470079,3.365858,0.45911,,,,,,,,,,,,-2.76571,3.02414,1.63761,50,6.1271,-4.88334,-121.88637,-5.15912,-4.12228,26.01621,-27.66654,SMD,GAS,RegencyFurnitureStadium,Independent,ATL,20250821-RegencyFurnitureStadium-1,63bb6d40-7eea-11f0-9a44-91d46b4c5819,82.09887,,,7.27909,,,,,,,a1610a2b-efcb-4247-9bb7-6790101691be,2025-08-21,23:55:59.74,2025-08-21T19:55:59.7462016-04:00,2025-08-21T23:55:59.7462016Z,,v3,5433,5508,,"Olmeda, Alexis",663406,Right,GAS,7354f7af-992c-4610-837b-9428b7c84ae6,55.14509,-122.97966,13.0081,6.31948,-3.99647,-13.83327,1.83919,-4.71011,-2.06114,,,,,,,,,,,,,,,,,,,,,,,,,,,,,,,,,,,,,,,,,,,,,,,,,,,High,High,High,,,,,
144,2025-08-21,19:56:25.95,4,6,"Wells, Nick",657101,Left,GAS,"Racusin, Zach",685931,Right,SMD,Undefined,5,Bottom,2,2,2,Fastball,Four-Seam,FoulBallNotFieldable,Undefined,Undefined,Undefined,0,0,,90.72746,-1.398736,2.682176,2394.294757,160.076813,11:15,6.1036,-2.175,5.8242,-18.01009,16.44765,-5.51996,3.30074,-0.13969,81.98747,-4.825765,1.694209,0.422488,,,,,,,,,,,,3.56677,9.12063,1.95851,50,5.97838,-5.89623,-131.39043,-3.74707,6.17416,30.37813,-16.38601,SMD,GAS,RegencyFurnitureStadium,Independent,ATL,20250821-RegencyFurnitureStadium-1,7341e230-7eea-11f0-9a44-91d46b4c5819,89.21533,,,8.73999,,,,,,,a1610a2b-efcb-4247-9bb7-6790101691be,2025-08-21,23:56:25.95,2025-08-21T19:56:25.9524096-04:00,2025-08-21T23:56:25.9524096Z,,v3,5433,5508,,"Olmeda, Alexis",663406,Right,GAS,af406519-66d0-4323-a79a-bfe87d6a6fd3,54.66614,-132.46487,15.18907,6.10066,-3.16751,-8.193,2.17092,-6.11461,3.08708,,,,,,,,,,,,,,,,,,,,,,,,,,,,,,,,,,,,,,,,,,,,,,,,,,,High,High,High,,,,,
145,2025-08-21,19:56:51.75,4,7,"Wells, Nick",657101,Left,GAS,"Racusin, Zach",685931,Right,SMD,Undefined,5,Bottom,2,2,2,Fastball,Four-Seam,InPlay,Undefined,FlyBall,Out,1,0,,90.94684,-3.007532,3.050191,2231.104422,155.835387,11:15,5.97075,-2.09104,5.83039,-18.17218,16.3293,-6.75465,1.65425,0.18403,82.01912,-6.457342,1.841258,0.422756,93.83549,34.041662,7.004744,4294.946998,108.05965,68.75154,20.56909,324.08198,322.08195,19.151441,5.161767,4.44425,9.68579,1.84595,50,5.7143,-6.71629,-131.56757,-7.47792,7.6674,32.01146,-15.46375,SMD,GAS,RegencyFurnitureStadium,Independent,ATL,20250821-RegencyFurnitureStadium-1,82bb85e0-7eea-11f0-9a44-91d46b4c5819,89.15875,91.79927,,8.92773,,,,1.20145,1.70782,-0.18176,a1610a2b-efcb-4247-9bb7-6790101691be,2025-08-21,23:56:51.75,2025-08-21T19:56:51.7554176-04:00,2025-08-21T23:56:51.7554176Z,FlyBall,v3,5433,5508,,"Olmeda, Alexis",663406,Right,GAS,97542fbf-c387-4b23-bc31-70ef2c442c7e,54.66542,-132.69784,16.00573,5.96869,-6.93192,-7.73187,2.08788,-6.98702,3.8337,206.20672,1.20225,113.17519,-25.58419,6.43273,-1.43836,0.29326,-0.04868,0.00523,-0.00025,1.71025,76.98964,-18.163,0.51995,0.33007,-0.18667,0.04672,-0.00572,0.00027,-0.18206,13.91473,4.2702,-1.41965,0.35185,-0.06435,0.00786,-0.00058,2E-05,,,,,,,,,,,,,,,,,,,,,,,High,High,High,High,Medium,,,
146,2025-08-21,19:59:43.58,1,1,"Thompson, Cody",670814,Right,SMD,"Wylie, Justin",687045,Right,GAS,Undefined,6,Top,0,0,0,Fastball,Sinker,BallCalled,Undefined,Undefined,Undefined,0,0,,90.11312,-2.901436,-3.283033,2404.718145,237.983401,2:00,5.96324,1.3703,5.64642,-24.24584,11.09327,15.67938,1.22967,-0.3887,81.47685,-7.417392,-0.483795,0.427858,,,,,,,,,,,,-8.96701,6.92579,-1.10162,50,5.7014,6.77494,-130.33698,-7.45156,-15.21321,30.90318,-20.42391,SMD,GAS,RegencyFurnitureStadium,Independent,ATL,20250821-RegencyFurnitureStadium-1,e929e790-7eea-11f0-9a44-91d46b4c5819,88.09575,,,8.63628,,,,,,,a1610a2b-efcb-4247-9bb7-6790101691be,2025-08-21,23:59:43.58,2025-08-21T19:59:43.5849216-04:00,2025-08-21T23:59:43.5849216Z,,v3,5433,5508,,"McCarthy, Ryan",811735,Right,SMD,e3ff0875-2808-49fc-881b-c6a5ca3c756c,54.84955,-131.48178,15.45159,5.96344,-6.69496,-10.21196,-1.36304,7.33851,-7.6066,,,,,,,,,,,,,,,,,,,,,,,,,,,,,,,,,,,,,,,,,,,,,,,,,,,High,High,High,,,,,
147,2025-08-21,20:00:00.50,1,2,"Thompson, Cody",670814,Right,SMD,"Wylie, Justin",687045,Right,GAS,Undefined,6,Top,0,1,0,Fastball,Sinker,InPlay,Undefined,FlyBall,Out,1,0,,90.86013,-1.425249,-1.866082,2382.173155,236.011463,1:45,5.93016,1.48162,5.85692,-22.58399,11.87138,15.72292,2.72302,1.05752,81.78648,-5.680479,0.954664,0.422474,90.4639,43.535424,-36.494315,4230.729832,83.14205,99.39002,-72.02341,290.60929,132.37767,-45.297888,5.770613,-8.64859,6.90221,-1.33938,50,5.80148,3.60204,-131.70073,-4.02069,-14.92041,32.60298,-20.26643,SMD,GAS,RegencyFurnitureStadium,Independent,ATL,20250821-RegencyFurnitureStadium-1,f3394870-7eea-11f0-9a44-91d46b4c5819,89.21839,121.45842,,9.07364,,,,0.56817,3.57638,-1.22599,a1610a2b-efcb-4247-9bb7-6790101691be,2025-08-22,00:00:00.50,2025-08-21T20:00:00.5006848-04:00,2025-08-22T00:00:00.5006848Z,FlyBall,v3,5433,5508,,"McCarthy, Ryan",811735,Right,SMD,17ae5407-15b3-4353-957c-8a9da61a355d,54.63919,-132.84422,16.30149,5.93003,-3.30988,-10.13321,-1.4749,4.12534,-7.4602,162.801931,0.57214,77.24384,-21.67894,5.54102,-0.83975,0.02665,0.01457,-0.00234,0.00011,3.57389,91.42617,-20.23147,1.21052,-0.09626,-0.02188,0.01218,-0.00202,0.00011,-1.22861,-57.15756,9.30394,-1.86792,0.18926,0.01629,-0.00766,0.00085,-3E-05,,,,,,,,,,,,,,,,,,,,,,,High,High,High,Medium,Low,,,
148,2025-08-21,20:00:47.79,2,1,"Thompson, Cody",670814,Right,SMD,"Roederer, Cole",680711,Left,GAS,Undefined,6,Top,1,0,0,Slider,Changeup,BallCalled,Undefined,Undefined,Undefined,0,0,,84.12528,-1.356351,-3.598403,3496.217243,306.111491,4:15,5.78463,1.50083,5.51896,-46.5418,-5.69315,9.84339,0.63526,-1.04774,76.27689,-9.829529,-1.842713,0.460003,,,,,,,,,,,,-6.1691,-1.99228,-1.19399,50,5.63528,7.24222,-121.73296,-4.58055,-9.08488,28.04764,-35.10797,SMD,GAS,RegencyFurnitureStadium,Independent,ATL,20250821-RegencyFurnitureStadium-1,0f6ad7c0-7eeb-11f0-9a44-91d46b4c5819,81.93963,,,7.84839,,,,,,,a1610a2b-efcb-4247-9bb7-6790101691be,2025-08-22,00:00:47.79,2025-08-21T20:00:47.7969920-04:00,2025-08-22T00:00:47.7969920Z,,v3,5433,5508,,"McCarthy, Ryan",811735,Right,SMD,ad2db0e4-34a7-4679-9d31-f68030c1affb,54.97882,-122.87474,14.02382,5.79266,-3.15135,-17.55398,-1.49634,7.61206,-4.54244,,,,,,,,,,,,,,,,,,,,,,,,,,,,,,,,,,,,,,,,,,,,,,,,,,,High,High,High,,,,,
149,2025-08-21,20:01:10.15,2,2,"Thompson, Cody",670814,Right,SMD,"Roederer, Cole",680711,Left,GAS,Undefined,6,Top,1,1,0,Fastball,Sinker,InPlay,Undefined,GroundBall,Out,1,0,,90.44418,-1.274219,-2.666638,2426.240857,238.002397,2:00,5.94156,1.38127,5.70078,-22.47052,12.59012,18.0432,2.88021,0.39829,81.2221,-5.506719,0.558528,0.426169,43.71814,-42.762395,-50.770027,,,,,5.46867,5.31353,-32.314883,0.069414,-10.09918,7.19733,-1.16912,50,5.8209,5.30681,-130.99668,-3.66519,-17.20912,32.66707,-19.90974,SMD,GAS,RegencyFurnitureStadium,Independent,ATL,20250821-RegencyFurnitureStadium-1,1cbf9fa0-7eeb-11f0-9a44-91d46b4c5819,88.44491,3.05691,,9.22208,,,,2.53118,3.05691,-0.3629,a1610a2b-efcb-4247-9bb7-6790101691be,2025-08-22,00:01:10.15,2025-08-21T20:01:10.1510144-04:00,2025-08-22T00:01:10.1510144Z,GroundBall,v3,5433,5508,,"McCarthy, Ryan",811735,Right,SMD,938659d9-0c7e-4b79-b842-623b25ddcdb4,54.79609,-132.18728,16.33353,5.94126,-2.93955,-9.95487,-1.37397,5.93403,-8.60456,180,2.52733,30.11651,,,,,,,,3.06253,-44.03855,,,,,,,,-0.35819,-36.88708,,,,,,,,,,,,,,,,,,,,,,,,,,,,,,High,High,High,High,High,,,
150,2025-08-21,20:01:51.21,3,1,"Thompson, Cody",670814,Right,SMD,"Aldrete, Carter",666177,Right,GAS,Undefined,6,Top,2,0,0,Slider,Slider,StrikeCalled,Undefined,Undefined,Undefined,0,0,,85.03142,0.129547,-1.325682,2522.423815,104.358259,9:30,5.94866,1.54054,5.2396,-37.37325,2.24134,-3.89488,2.95601,-0.0302,77.9053,-6.684848,-2.016655,0.453001,,,,,,,,,,,,1.57047,1.47618,-1.41568,50,5.93286,3.02616,-123.39489,-1.11697,2.41977,24.70632,-29.89957,SMD,GAS,RegencyFurnitureStadium,Independent,ATL,20250821-RegencyFurnitureStadium-1,353eae40-7eeb-11f0-9a44-91d46b4c5819,83.20611,,,7.12611,,,,,,,a1610a2b-efcb-4247-9bb7-6790101691be,2025-08-22,00:01:51.21,2025-08-21T20:01:51.2107008-04:00,2025-08-22T00:01:51.2107008Z,,v3,5433,5508,,"McCarthy, Ryan",811735,Right,SMD,bbcd2eea-5e68-4504-a641-f89e9fe70af3,55.25777,-124.44316,12.35316,5.95334,0.15164,-14.94978,-1.5419,2.92349,1.20989,,,,,,,,,,,,,,,,,,,,,,,,,,,,,,,,,,,,,,,,,,,,,,,,,,,High,High,High,,,,,
151,2025-08-21,20:02:10.17,3,2,"Thompson, Cody",670814,Right,SMD,"Aldrete, Carter",666177,Right,GAS,Undefined,6,Top,2,0,1,Slider,Slider,StrikeCalled,Undefined,Undefined,Undefined,0,0,,84.94796,0.024395,-1.358355,2568.015561,94.515685,9:15,5.86764,1.42288,5.28228,-37.94931,1.81,-6.64674,2.72812,-0.40689,77.63573,-6.901339,-2.538416,0.453828,,,,,,,,,,,,2.91843,1.31205,-1.29404,50,5.84227,3.21349,-123.23574,-1.35892,4.46958,25.43256,-30.16464,SMD,GAS,RegencyFurnitureStadium,Independent,ATL,20250821-RegencyFurnitureStadium-1,408d9400-7eeb-11f0-9a44-91d46b4c5819,83.05454,,,7.31223,,,,,,,a1610a2b-efcb-4247-9bb7-6790101691be,2025-08-22,00:02:10.17,2025-08-21T20:02:10.1728256-04:00,2025-08-22T00:02:10.1728256Z,,v3,5433,5508,,"McCarthy, Ryan",811735,Right,SMD,41f5d009-a9d3-4e03-b9b3-059014c0227b,55.21459,-124.30723,12.71628,5.87275,-0.08806,-15.08232,-1.42546,3.02518,2.23479,,,,,,,,,,,,,,,,,,,,,,,,,,,,,,,,,,,,,,,,,,,,,,,,,,,High,High,High,,,,,
152,2025-08-21,20:02:30.73,3,3,"Thompson, Cody",670814,Right,SMD,"Aldrete, Carter",666177,Right,GAS,Undefined,6,Top,2,0,2,Slider,Slider,BallCalled,Undefined,Undefined,Undefined,0,0,,84.03783,-0.297721,-2.436178,2574.72622,80.387945,8:45,5.8567,1.32144,5.30853,-40.62262,0.01622,-7.60493,2.19177,-1.6004,76.96587,-7.686788,-3.785628,0.45882,,,,,,,,,,,,3.08788,0.5176,-1.09469,50,5.80038,5.51184,-121.85354,-2.13283,4.62221,24.93354,-31.39926,SMD,GAS,RegencyFurnitureStadium,Independent,ATL,20250821-RegencyFurnitureStadium-1,4cd49560-7eeb-11f0-9a44-91d46b4c5819,82.15089,,,7.07195,,,,,,,a1610a2b-efcb-4247-9bb7-6790101691be,2025-08-22,00:02:30.73,2025-08-21T20:02:30.7399680-04:00,2025-08-22T00:02:30.7399680Z,,v3,5433,5508,,"McCarthy, Ryan",811735,Right,SMD,7e95eec3-03dc-46c6-9815-0be31a6244be,55.18885,-122.9107,12.46677,5.86259,-0.80154,-15.69963,-1.32423,5.31587,2.31111,,,,,,,,,,,,,,,,,,,,,,,,,,,,,,,,,,,,,,,,,,,,,,,,,,,High,High,High,,,,,
153,2025-08-21,20:02:50.68,3,4,"Thompson, Cody",670814,Right,SMD,"Aldrete, Carter",666177,Right,GAS,Undefined,6,Top,2,1,2,ChangeUp,Splitter,BallCalled,Undefined,Undefined,Undefined,0,0,,83.6028,-2.556845,-4.319807,743.531608,311.877662,4:30,5.73993,1.47868,5.40225,-49.84995,-7.92382,10.62083,-0.81845,-1.69165,75.6707,-11.566961,-2.428827,0.46603,,,,,,,,,,,,-6.97339,-2.82433,-1.10116,50,5.47591,8.68868,-120.72865,-7.2054,-10.02476,29.19325,-36.23423,SMD,GAS,RegencyFurnitureStadium,Independent,ATL,20250821-RegencyFurnitureStadium-1,58a925e0-7eeb-11f0-9a44-91d46b4c5819,80.87985,,,7.9321,,,,,,,a1610a2b-efcb-4247-9bb7-6790101691be,2025-08-22,00:02:50.68,2025-08-21T20:02:50.6871296-04:00,2025-08-22T00:02:50.6871296Z,,v3,5433,5508,,"McCarthy, Ryan",811735,Right,SMD,c4ef892f-4365-4e94-a58c-38eec507a404,55.09752,-121.95505,14.59662,5.74663,-5.68321,-18.11711,-1.47501,9.10981,-5.01238,,,,,,,,,,,,,,,,,,,,,,,,,,,,,,,,,,,,,,,,,,,,,,,,,,,High,High,High,,,,,
154,2025-08-21,20:03:21.01,3,5,"Thompson, Cody",670814,Right,SMD,"Aldrete, Carter",666177,Right,GAS,Undefined,6,Top,2,2,2,Slider,Slider,InPlay,Undefined,GroundBall,Out,1,0,,82.19616,-0.72779,-1.572428,2600.123166,119.169468,10:00,5.89903,1.55313,5.13999,-38.08187,5.01898,-6.26339,2.03997,-0.44977,74.58097,-7.683874,-2.681624,0.472514,79.02729,0.043558,4.094158,1198.472583,,,,38.79527,37.24604,5.643375,0.344511,2.62047,3.17197,-1.40078,50,5.80179,3.53653,-119.07065,-2.88125,3.711,25.75925,-27.68201,SMD,GAS,RegencyFurnitureStadium,Independent,ATL,20250821-RegencyFurnitureStadium-1,6acd9e40-7eeb-11f0-9a44-91d46b4c5819,79.77005,1.92634,,7.61519,,,,0.28198,1.92634,0.50547,a1610a2b-efcb-4247-9bb7-6790101691be,2025-08-22,00:03:21.01,2025-08-21T20:03:21.0126848-04:00,2025-08-22T00:03:21.0126848Z,GroundBall,v3,5433,5508,,"McCarthy, Ryan",811735,Right,SMD,d65da26a-1aaa-404d-b280-6c8a5d4903c2,55.35595,-120.22375,12.87963,5.90303,-1.64208,-13.84101,-1.55537,3.37041,1.8555,279.404911,0.28485,115.49973,-12.39632,,,,,,,1.92864,-0.00052,-16.26735,,,,,,,0.50384,8.33841,3.70753,,,,,,,,,,,,,,,,,,,,,,,,,,,,,High,High,High,High,High,,,
155,2025-08-21,20:05:42.92,1,1,"Wells, Nick",657101,Left,GAS,"Wilson, Ethan",681159,Left,SMD,Undefined,6,Bottom,0,0,0,Slider,Slider,BallCalled,Undefined,Undefined,Undefined,0,0,,83.17683,-2.072146,3.426488,2702.793636,213.390362,1:00,6.22522,-1.90903,5.22574,-34.99939,6.36713,3.38288,1.35626,1.59794,76.93115,-8.413013,4.025125,0.462909,,,,,,,,,,,,-0.79083,4.12051,1.59028,50,6.00776,-7.35846,-120.50721,-5.62646,-1.16931,22.2057,-26.08136,SMD,GAS,RegencyFurnitureStadium,Independent,ATL,20250821-RegencyFurnitureStadium-1,bf5ccdf0-7eeb-11f0-9a44-91d46b4c5819,81.42511,,,6.24569,,,,,,,a1610a2b-efcb-4247-9bb7-6790101691be,2025-08-22,00:05:42.92,2025-08-21T20:05:42.9278720-04:00,2025-08-22T00:05:42.9278720Z,,v3,5433,5508,,"Olmeda, Alexis",663406,Right,GAS,fce02f70-25c6-41bf-b367-ea3ca8a76055,55.27197,-121.47478,11.10285,6.22816,-4.49001,-13.04068,1.9098,-7.30751,-0.58466,,,,,,,,,,,,,,,,,,,,,,,,,,,,,,,,,,,,,,,,,,,,,,,,,,,High,High,High,,,,,
156,2025-08-21,20:05:54.17,1,2,"Wells, Nick",657101,Left,GAS,"Wilson, Ethan",681159,Left,SMD,Undefined,6,Bottom,0,1,0,Slider,Slider,FoulBallNotFieldable,Undefined,Undefined,Undefined,0,0,,82.98408,0.286664,1.213383,2705.06922,232.166473,1:45,6.21544,-2.0297,5.19983,-36.69892,4.90949,4.65355,3.42688,-0.50049,76.08205,-6.413686,2.038156,0.464261,67.01778,67.744625,-167.336341,4211.44058,,,,,38.14409,,,-2.00484,2.72307,1.91358,50,6.21421,-2.7457,-120.45068,-0.71592,-2.94514,23.41197,-28.17386,SMD,GAS,RegencyFurnitureStadium,Independent,ATL,20250821-RegencyFurnitureStadium-1,c60b5090-7eeb-11f0-9a44-91d46b4c5819,81.18807,69.0914,,6.90203,,,,1.72328,3.33135,0.56865,a1610a2b-efcb-4247-9bb7-6790101691be,2025-08-22,00:05:54.17,2025-08-21T20:05:54.1758464-04:00,2025-08-22T00:05:54.1758464Z,,v3,5433,5508,,"Olmeda, Alexis",663406,Right,GAS,b6e14ca1-51af-43f1-ab6d-c2f977795d83,55.29903,-121.47628,11.70598,6.21854,0.51829,-14.08693,2.03103,-2.61668,-1.47257,12.761221,1.72328,-36.32129,-3.4745,2.61136,-0.85901,0.23161,-0.054,0.00939,-0.00063,3.33135,90.97026,-30.50706,4.20726,-0.80171,0.09376,0.02572,-0.02445,0.00596,0.56865,-8.16115,4.45565,-1.54114,0.39466,-0.08165,0.00749,0.00381,-0.00133,,,,,,,,,,,,,,,,,,,,,,,High,High,High,High,Undefined,,,
157,2025-08-21,20:06:14.57,1,3,"Wells, Nick",657101,Left,GAS,"Wilson, Ethan",681159,Left,SMD,Undefined,6,Bottom,0,1,1,Fastball,Four-Seam,BallCalled,Undefined,Undefined,Undefined,0,0,,90.51577,-2.823259,3.990075,2348.137907,154.313843,11:15,6.0845,-2.0289,5.82344,-18.0984,16.44627,-7.34697,1.94312,1.07428,82.39707,-6.240693,2.677755,0.423021,,,,,,,,,,,,4.90158,9.56229,1.70662,50,5.84241,-8.81384,-130.95749,-7.02975,8.47322,28.83528,-15.64399,SMD,GAS,RegencyFurnitureStadium,Independent,ATL,20250821-RegencyFurnitureStadium-1,d2352d00-7eeb-11f0-9a44-91d46b4c5819,89.10304,,,8.1187,,,,,,,a1610a2b-efcb-4247-9bb7-6790101691be,2025-08-22,00:06:14.57,2025-08-21T20:06:14.5746432-04:00,2025-08-22T00:06:14.5746432Z,,v3,5433,5508,,"Olmeda, Alexis",663406,Right,GAS,c68ab0b5-15ca-43be-ad9b-8cf1690619cd,54.67273,-131.98236,14.41764,6.08238,-6.47372,-7.82199,2.02523,-9.11499,4.23661,,,,,,,,,,,,,,,,,,,,,,,,,,,,,,,,,,,,,,,,,,,,,,,,,,,High,High,High,,,,,
158,2025-08-21,20:06:27.86,1,4,"Wells, Nick",657101,Left,GAS,"Wilson, Ethan",681159,Left,SMD,Undefined,6,Bottom,0,2,1,Slider,Slider,InPlay,Undefined,FlyBall,Out,1,0,,86.59041,-0.725008,2.088192,2641.878543,190.791571,12:15,6.13244,-1.8926,5.42424,-25.65911,12.0482,2.08398,3.31464,0.2378,79.73098,-5.460655,2.458645,0.441961,97.81599,31.770599,17.058805,2751.730199,104.48513,65.625,34.3927,379.63936,374.80311,21.323073,5.4003,-0.51409,6.59622,1.70579,50,6.05037,-4.67246,-125.72657,-2.48171,-0.82808,23.98166,-21.54913,SMD,GAS,RegencyFurnitureStadium,Independent,ATL,20250821-RegencyFurnitureStadium-1,da20ea90-7eeb-11f0-9a44-91d46b4c5819,85.28448,96.59033,,6.85943,,,,1.74607,3.39154,-0.21122,a1610a2b-efcb-4247-9bb7-6790101691be,2025-08-22,00:06:27.86,2025-08-21T20:06:27.8629376-04:00,2025-08-22T00:06:27.8629376Z,FlyBall,v3,5433,5508,,"Olmeda, Alexis",663406,Right,GAS,fee0ed33-09e1-4e41-9c29-3bb8dedf8067,55.07455,-126.69082,11.99083,6.13274,-1.61528,-10.77456,1.89299,-4.63916,-0.41404,194.187953,1.75085,116.50949,-23.76219,5.49736,-0.93568,0.11079,-0.00951,0.00077,-4E-05,3.39004,75.55696,-16.72655,0.54073,0.13942,-0.10885,0.03208,-0.00437,0.00022,-0.21064,35.77008,-3.57022,0.4807,-0.01795,-0.00854,0.00138,-1E-05,-1E-05,,,,,,,,,,,,,,,,,,,,,,,High,High,High,High,High,,,
159,2025-08-21,20:07:06.41,2,1,"Wells, Nick",657101,Left,GAS,"Hubbard, Dondrei",678538,Right,SMD,Undefined,6,Bottom,1,0,0,Fastball,Four-Seam,BallCalled,Undefined,Undefined,Undefined,0,0,,90.77382,-2.57107,1.454793,2253.212682,141.86545,10:45,5.95239,-2.17007,5.86557,-20.0617,14.10178,-10.168,1.88987,-1.66572,82.67421,-6.342342,-0.370115,0.420681,,,,,,,,,,,,5.58638,8.30308,2.05793,50,5.73236,-2.89393,-131.6274,-6.5532,9.74899,29.32013,-17.68412,SMD,GAS,RegencyFurnitureStadium,Independent,ATL,20250821-RegencyFurnitureStadium-1,f11a4390-7eeb-11f0-9a44-91d46b4c5819,89.59867,,,8.09961,,,,,,,a1610a2b-efcb-4247-9bb7-6790101691be,2025-08-22,00:07:06.41,2025-08-21T20:07:06.4107008-04:00,2025-08-22T00:07:06.4107008Z,,v3,5433,5508,,"Olmeda, Alexis",663406,Right,GAS,ab8885d2-a582-4c95-b821-fac4a39e58ac,54.62997,-132.65472,14.66007,5.95111,-5.93358,-8.84206,2.16531,-3.23552,4.87449,,,,,,,,,,,,,,,,,,,,,,,,,,,,,,,,,,,,,,,,,,,,,,,,,,,High,High,High,,,,,
160,2025-08-21,20:07:18.18,2,2,"Wells, Nick",657101,Left,GAS,"Hubbard, Dondrei",678538,Right,SMD,Undefined,6,Bottom,1,1,0,Fastball,Four-Seam,FoulBallNotFieldable,Undefined,Undefined,Undefined,0,0,,91.39638,-2.378008,2.386884,2296.977994,159.903016,11:15,5.94591,-2.22,5.83841,-16.64717,17.21379,-5.868,2.34533,-0.48934,82.88003,-5.547339,1.335809,0.418814,68.70604,56.534843,161.911622,5308.597343,-105.59998,65.52896,30.79995,169.9684,63.32719,167.203493,3.846246,3.73839,9.87717,2.02899,50,5.74234,-5.26717,-132.45632,-6.00736,6.58075,30.70946,-14.78703,SMD,GAS,RegencyFurnitureStadium,Independent,ATL,20250821-RegencyFurnitureStadium-1,f8186cd0-7eeb-11f0-9a44-91d46b4c5819,89.99804,68.74547,,8.51635,,,,1.87054,2.54958,0.52185,a1610a2b-efcb-4247-9bb7-6790101691be,2025-08-22,00:07:18.18,2025-08-21T20:07:18.1849088-04:00,2025-08-22T00:07:18.1849088Z,Popup,v3,5433,5508,,"Olmeda, Alexis",663406,Right,GAS,323e6cd0-4be2-4b34-812a-4d45fc4c103b,54.65861,-133.53203,15.35473,5.94369,-5.48939,-7.39352,2.21753,-5.49768,3.29037,359.207036,1.86873,-52.76442,-1.49687,3.07986,-1.62156,0.67075,-0.17012,0.02266,-0.00123,2.54947,84.06,-33.0951,5.09127,-0.75142,-0.08952,0.08743,-0.01895,0.00139,0.52315,17.21188,0.35821,-1.97042,1.11452,-0.47904,0.12425,-0.01683,0.00093,,,,,,,,,,,,,,,,,,,,,,,High,High,High,High,Medium,,,
161,2025-08-21,20:07:35.98,2,3,"Wells, Nick",657101,Left,GAS,"Hubbard, Dondrei",678538,Right,SMD,Undefined,6,Bottom,1,1,1,ChangeUp,Changeup,StrikeSwinging,Undefined,Undefined,Undefined,0,0,,85.87062,-2.004122,2.78649,1841.681969,128.521419,10:15,6.04574,-2.25995,5.6474,-25.11415,13.65375,-15.40536,2.08061,-0.94262,77.73486,-6.700074,0.035338,0.448134,,,,,,,,,,,,8.61512,7.95347,2.03317,50,5.85987,-5.38677,-124.34089,-5.16704,13.33095,27.63156,-19.86691,SMD,GAS,RegencyFurnitureStadium,Independent,ATL,20250821-RegencyFurnitureStadium-1,02bedd90-7eec-11f0-9a44-91d46b4c5819,84.10984,,,8.13575,,,,,,,a1610a2b-efcb-4247-9bb7-6790101691be,2025-08-22,00:07:35.98,2025-08-21T20:07:35.9845888-04:00,2025-08-22T00:07:35.9845888Z,,v3,5433,5508,,"Olmeda, Alexis",663406,Right,GAS,d126384e-96f9-493f-ace5-156932828745,54.84755,-125.41351,13.81578,6.04548,-4.39583,-9.93346,2.25232,-5.90425,6.66548,,,,,,,,,,,,,,,,,,,,,,,,,,,,,,,,,,,,,,,,,,,,,,,,,,,High,High,High,,,,,
162,2025-08-21,20:08:11.76,2,4,"Wells, Nick",657101,Left,GAS,"Hubbard, Dondrei",678538,Right,SMD,Undefined,6,Bottom,1,1,2,Fastball,Four-Seam,BallCalled,Undefined,Undefined,Undefined,0,0,,91.03829,-0.817626,3.419744,2249.488008,159.947605,11:15,6.02391,-2.09808,5.86973,-15.40217,18.68092,-6.39193,3.97953,0.54948,82.41623,-3.776956,2.276404,0.420185,,,,,,,,,,,,4.26894,10.11052,1.82463,50,5.94868,-7.59699,-131.89148,-2.31526,7.46142,30.0777,-14.50254,SMD,GAS,RegencyFurnitureStadium,Independent,ATL,20250821-RegencyFurnitureStadium-1,180d93d0-7eec-11f0-9a44-91d46b4c5819,89.7043,,,8.62206,,,,,,,a1610a2b-efcb-4247-9bb7-6790101691be,2025-08-22,00:08:11.76,2025-08-21T20:08:11.7624320-04:00,2025-08-22T00:08:11.7624320Z,,v3,5433,5508,,"Olmeda, Alexis",663406,Right,GAS,4f2d95e7-f3d6-430c-b76e-2ae206bb530a,54.62501,-132.94202,15.03885,6.02071,-1.80872,-7.25127,2.09453,-7.8576,3.73071,,,,,,,,,,,,,,,,,,,,,,,,,,,,,,,,,,,,,,,,,,,,,,,,,,,High,High,High,,,,,
163,2025-08-21,20:08:25.14,2,5,"Wells, Nick",657101,Left,GAS,"Hubbard, Dondrei",678538,Right,SMD,Undefined,6,Bottom,1,2,2,Slider,Slider,StrikeSwinging,Strikeout,Undefined,Undefined,0,0,,82.76739,-2.057073,2.920133,2782.70704,253.243854,2:30,6.26363,-1.91517,5.42449,-38.58719,2.80366,5.28666,1.118,1.26282,76.75322,-9.046587,3.860544,0.463045,,,,,,,,,,,,-1.91268,2.30445,1.65215,50,6.0539,-6.33698,-120.04782,-5.67333,-2.80633,22.05858,-28.79288,SMD,GAS,RegencyFurnitureStadium,Independent,ATL,20250821-RegencyFurnitureStadium-1,200ed530-7eec-11f0-9a44-91d46b4c5819,81.4012,,,6.01417,,,,,,,a1610a2b-efcb-4247-9bb7-6790101691be,2025-08-22,00:08:25.14,2025-08-21T20:08:25.1450000-04:00,2025-08-22T00:08:25.1450000Z,,v3,5433,5508,,"Olmeda, Alexis",663406,Right,GAS,7fcd16f2-94b0-40ee-8673-11acd9e1b5e1,55.07501,-120.97675,11.02929,6.26729,-4.4608,-14.39644,1.91652,-6.2188,-1.40317,,,,,,,,,,,,,,,,,,,,,,,,,,,,,50.08955,2.977833,1.542042,1.435791,0.25307,0.93055,-1.34157,-5.11232,5.56318,3.19615,72.46211,6.43497,52.31764,-5.04055,58.87496,-3.41067,5.66681,22.74333,-15.46682,3.20858,35.90612,-1.18615,High,High,High,,,Medium,High,High
164,2025-08-21,20:08:59.92,3,1,"Wells, Nick",657101,Left,GAS,"Barrera, Brett",686941,Right,SMD,Undefined,6,Bottom,2,0,0,Cutter,Slider,BallCalled,Undefined,Undefined,Undefined,0,0,,86.85548,-0.773719,0.619693,2651.657175,215.229702,1:15,6.17783,-2.05004,5.46927,-30.72073,6.68441,3.935,2.89361,-1.14217,80.01638,-6.409791,1.321016,0.440187,,,,,,,,,,,,-1.81449,3.93193,1.99285,50,6.08894,-1.53587,-126.16718,-2.81385,-2.94174,24.27442,-25.79947,SMD,GAS,RegencyFurnitureStadium,Independent,ATL,20250821-RegencyFurnitureStadium-1,34c6a2a0-7eec-11f0-9a44-91d46b4c5819,85.62829,,,6.83911,,,,,,,a1610a2b-efcb-4247-9bb7-6790101691be,2025-08-22,00:08:59.92,2025-08-21T20:08:59.9238656-04:00,2025-08-22T00:08:59.9238656Z,,v3,5433,5508,,"Olmeda, Alexis",663406,Right,GAS,dd3b3ac6-69f7-4b25-9bd2-b2505d8d3d89,55.02809,-127.1309,12.13721,6.18032,-1.78958,-12.89973,2.05151,-1.41908,-1.47087,,,,,,,,,,,,,,,,,,,,,,,,,,,,,,,,,,,,,,,,,,,,,,,,,,,High,High,High,,,,,
165,2025-08-21,20:09:11.03,3,2,"Wells, Nick",657101,Left,GAS,"Barrera, Brett",686941,Right,SMD,Undefined,6,Bottom,2,1,0,Cutter,Slider,FoulBallNotFieldable,Undefined,Undefined,Undefined,0,0,,86.48314,-1.011627,1.469156,2752.435315,236.262656,2:00,6.22579,-1.93325,5.36616,-32.06266,6.16272,7.38205,2.60495,0.05976,79.1157,-6.887096,2.781604,0.444987,69.27877,42.077882,154.575653,5278.444585,-101.53253,46.61385,42.32096,190.05024,57.23014,157.451017,3.021996,-3.30748,3.7363,1.79592,50,6.11229,-3.53498,-125.47824,-3.3786,-5.2524,26.32528,-26.24065,SMD,GAS,RegencyFurnitureStadium,Independent,ATL,20250821-RegencyFurnitureStadium-1,3b612810-7eec-11f0-9a44-91d46b4c5819,84.70461,47.45994,,7.36745,,,,1.54203,2.58872,-0.13171,a1610a2b-efcb-4247-9bb7-6790101691be,2025-08-22,00:09:11.03,2025-08-21T20:09:11.0324736-04:00,2025-08-22T00:09:11.0324736Z,FlyBall,v3,5433,5508,,"Olmeda, Alexis",663406,Right,GAS,663e2743-6eb5-47af-9f42-a544a01fa068,55.13209,-126.55037,13.16264,6.22813,-2.30991,-13.12033,1.93553,-3.32107,-2.6262,336.752172,1.54236,-68.12636,2.19083,0.43753,0.1522,-0.22835,0.09945,-0.01859,0.00124,2.58845,68.10389,-30.06487,4.15692,-1.14904,0.42696,-0.14832,0.03067,-0.00258,-0.13184,32.38408,-6.10344,1.98936,-0.5552,0.19482,-0.0669,0.01429,-0.00126,,,,,,,,,,,,,,,,,,,,,,,High,High,High,High,Low,,,
166,2025-08-21,20:09:29.26,3,3,"Wells, Nick",657101,Left,GAS,"Barrera, Brett",686941,Right,SMD,Undefined,6,Bottom,2,1,1,ChangeUp,Sinker,BallCalled,Undefined,Undefined,Undefined,0,0,,86.20486,-2.476,5.029993,1900.32526,131.562855,10:30,5.96992,-2.09809,5.81821,-23.75344,15.54036,-15.60788,1.67806,1.28996,76.27769,-6.993753,2.246068,0.451163,,,,,,,,,,,,9.72308,9.30918,1.69422,50,5.75283,-10.2404,-124.16642,-6.09803,14.67039,32.62092,-18.12813,SMD,GAS,RegencyFurnitureStadium,Independent,ATL,20250821-RegencyFurnitureStadium-1,464ba6b0-7eec-11f0-9a44-91d46b4c5819,83.54507,,,9.92717,,,,,,,a1610a2b-efcb-4247-9bb7-6790101691be,2025-08-22,00:09:29.26,2025-08-21T20:09:29.2638208-04:00,2025-08-22T00:09:29.2638208Z,,v3,5433,5508,,"Olmeda, Alexis",663406,Right,GAS,00012155-d7e3-4f5f-bdc3-a1fb15343580,54.67176,-125.38778,16.31046,5.96845,-5.41929,-9.06407,2.08791,-10.78967,7.3352,,,,,,,,,,,,,,,,,,,,,,,,,,,,,,,,,,,,,,,,,,,,,,,,,,,High,High,High,,,,,
167,2025-08-21,20:09:44.85,3,4,"Wells, Nick",657101,Left,GAS,"Barrera, Brett",686941,Right,SMD,Undefined,6,Bottom,2,2,1,Fastball,Four-Seam,StrikeSwinging,Undefined,Undefined,Undefined,0,0,,91.63414,-2.110614,1.878987,2157.43198,158.38505,11:15,5.98823,-2.19033,5.84476,-15.58284,18.29796,-6.75595,2.72634,-1.00658,82.48757,-5.107777,0.668101,0.418937,,,,,,,,,,,,4.01402,10.34524,2.04119,50,5.80726,-4.04578,-132.72175,-5.3311,7.05075,32.44476,-14.00239,SMD,GAS,RegencyFurnitureStadium,Independent,ATL,20250821-RegencyFurnitureStadium-1,4f8e1aa0-7eec-11f0-9a44-91d46b4c5819,89.97168,,,9.14657,,,,,,,a1610a2b-efcb-4247-9bb7-6790101691be,2025-08-22,00:09:44.85,2025-08-21T20:09:44.8584192-04:00,2025-08-22T00:09:44.8584192Z,,v3,5433,5508,,"Olmeda, Alexis",663406,Right,GAS,d15c7c38-eb35-4492-87c0-b7341498b169,54.64819,-133.85321,16.22238,5.98466,-4.84279,-7.0012,2.18657,-4.29167,3.52537,,,,,,,,,,,,,,,,,,,,,,,,,,,,,,,,,,,,,,,,,,,,,,,,,,,High,High,High,,,,,
168,2025-08-21,20:10:01.47,3,5,"Wells, Nick",657101,Left,GAS,"Barrera, Brett",686941,Right,SMD,Undefined,6,Bottom,2,2,2,Fastball,Four-Seam,FoulBallNotFieldable,Undefined,Undefined,Undefined,0,0,,90.14965,-2.393408,3.632134,2278.787398,170.208025,11:45,6.08278,-2.03229,5.92206,-17.47891,17.3432,-2.78209,2.39949,1.11079,81.67549,-5.71902,3.134184,0.424716,72.64464,-0.086993,-55.506512,5092.248332,,,,43.87982,42.81352,-56.983872,0.414069,2.55709,10.00205,1.74294,50,5.88106,-8.16628,-130.49584,-5.9799,4.36214,30.20982,-15.11169,SMD,GAS,RegencyFurnitureStadium,Independent,ATL,20250821-RegencyFurnitureStadium-1,59735e40-7eec-11f0-9a44-91d46b4c5819,88.74733,3.0237,,8.47416,,,,1.45443,3.0237,-1.5515,a1610a2b-efcb-4247-9bb7-6790101691be,2025-08-22,00:10:01.47,2025-08-21T20:10:01.4782976-04:00,2025-08-22T00:10:01.4782976Z,GroundBall,v3,5433,5508,,"Olmeda, Alexis",663406,Right,GAS,c0a8b732-26ae-468d-944c-eb34f28b1c8c,54.57477,-131.55063,15.10491,6.08065,-5.45227,-7.55584,2.03073,-8.31859,2.18107,,1.46285,60.06562,-14.19129,,,,,,,3.02914,-0.33715,-16.88382,,,,,,,-1.55185,-87.80261,6.5008,,,,,,,,,,,,,,,,,,,,,,,,,,,,,High,High,High,High,High,,,
169,2025-08-21,20:10:24.34,3,6,"Wells, Nick",657101,Left,GAS,"Barrera, Brett",686941,Right,SMD,Undefined,6,Bottom,2,2,2,Fastball,Four-Seam,FoulBallNotFieldable,Undefined,Undefined,Undefined,0,0,,91.51324,-1.262717,2.839933,2299.382179,172.145419,11:45,6.03578,-2.07118,5.86987,-16.81851,17.1304,-2.1928,3.45972,0.38612,82.37414,-4.48395,2.447332,0.419357,,,,,,,,,,,,1.9939,9.44115,1.84229,50,5.92349,-6.46712,-132.46249,-3.40202,3.494,31.9217,-15.62991,SMD,GAS,RegencyFurnitureStadium,Independent,ATL,20250821-RegencyFurnitureStadium-1,66fddc20-7eec-11f0-9a44-91d46b4c5819,89.88141,,,9.13911,,,,,,,a1610a2b-efcb-4247-9bb7-6790101691be,2025-08-22,00:10:24.34,2025-08-21T20:10:24.3454464-04:00,2025-08-22T00:10:24.3454464Z,,v3,5433,5508,,"Olmeda, Alexis",663406,Right,GAS,cec11eb7-86be-4bfb-b37c-6d57f4247336,54.61935,-133.57105,15.96085,6.03221,-2.85923,-7.81496,2.06899,-6.58845,1.747,,,,,,,,,,,,,,,,,,,,,,,,,,,,,,,,,,,,,,,,,,,,,,,,,,,High,High,High,,,,,
170,2025-08-21,20:11:07.86,3,7,"Wells, Nick",657101,Left,GAS,"Barrera, Brett",686941,Right,SMD,Undefined,6,Bottom,2,2,2,Cutter,Slider,FoulBallNotFieldable,Undefined,Undefined,Undefined,0,0,,88.29205,-1.008664,1.983421,2685.057732,225.453834,1:30,6.12155,-1.87953,5.56518,-27.43746,9.12245,8.02705,2.89217,0.64298,80.38023,-6.086252,3.414256,0.435185,67.00316,17.526275,162.08471,3166.631417,,,,107.59837,45.48789,164.131981,1.255144,-3.47421,5.27823,1.70299,50,6.01666,-4.78218,-128.0394,-3.21755,-5.72216,28.37771,-23.48062,SMD,GAS,RegencyFurnitureStadium,Independent,ATL,20250821-RegencyFurnitureStadium-1,810622d0-7eec-11f0-9a44-91d46b4c5819,86.61246,10.77594,,7.91182,,,,0.56264,2.70554,-0.69296,a1610a2b-efcb-4247-9bb7-6790101691be,2025-08-22,00:11:07.86,2025-08-21T20:11:07.8640128-04:00,2025-08-22T00:11:07.8640128Z,LineDrive,v3,5433,5508,,"Olmeda, Alexis",663406,Right,GAS,bde26bee-8f5f-4336-9e9e-aebe54c8627a,54.93178,-129.12782,14.18886,6.1228,-2.31696,-11.74031,1.88219,-4.56271,-2.86108,346.727625,0.56264,-89.16532,4.53128,0.53981,-0.40902,0.55318,-0.49664,0.23684,-0.04546,2.70553,29.59446,-28.95703,3.8082,-1.39842,1.33843,-1.12672,0.51715,-0.0964,-0.69296,28.82603,-4.14374,0.28776,-0.06033,0.03204,-0.02351,0.00793,-0.001,,,,,,,,,,,,,,,,,,,,,,,High,High,High,High,Low,,,
171,2025-08-21,20:11:35.81,3,8,"Wells, Nick",657101,Left,GAS,"Barrera, Brett",686941,Right,SMD,Undefined,6,Bottom,2,2,2,ChangeUp,Changeup,BallCalled,Undefined,Undefined,Undefined,0,0,,85.02066,-2.246441,4.355835,1879.553959,116.931578,10:00,6.0943,-1.92644,5.69906,-29.16206,10.27595,-17.52277,1.56368,0.68008,77.33083,-7.652412,1.229683,0.45199,,,,,,,,,,,,10.1493,6.31248,1.57114,50,5.88726,-8.62874,-122.97005,-5.80233,15.42702,26.05269,-22.57903,SMD,GAS,RegencyFurnitureStadium,Independent,ATL,20250821-RegencyFurnitureStadium-1,91b427d0-7eec-11f0-9a44-91d46b4c5819,83.39216,,,7.68982,,,,,,,a1610a2b-efcb-4247-9bb7-6790101691be,2025-08-22,00:11:35.81,2025-08-21T20:11:35.8159872-04:00,2025-08-22T00:11:35.8159872Z,,v3,5433,5508,,"Olmeda, Alexis",663406,Right,GAS,f9da90d9-0490-4c91-8b28-2bdcab917e04,54.79747,-123.98228,13.02635,6.09566,-4.92506,-11.28952,1.91803,-9.22813,7.71351,,,,,,,,,,,,,,,,,,,,,,,,,,,,,,,,,,,,,,,,,,,,,,,,,,,High,High,High,,,,,
172,2025-08-21,20:11:50.16,3,9,"Wells, Nick",657101,Left,GAS,"Barrera, Brett",686941,Right,SMD,Undefined,6,Bottom,2,3,2,Slider,Slider,FoulBallNotFieldable,Undefined,Undefined,Undefined,0,0,,81.92994,-0.567101,1.161446,2773.269947,286.46805,3:30,6.25664,-1.81457,5.2946,-43.26557,-0.63913,6.71138,2.11861,-0.16467,75.2839,-8.424341,2.354647,0.469906,,,,,,,,,,,,-3.06488,0.17169,1.70372,50,6.17317,-2.68355,-118.93489,-2.72075,-4.37703,23.44458,-31.92887,SMD,GAS,RegencyFurnitureStadium,Independent,ATL,20250821-RegencyFurnitureStadium-1,9a3dd310-7eec-11f0-9a44-91d46b4c5819,80.21272,,,6.64604,,,,,,,a1610a2b-efcb-4247-9bb7-6790101691be,2025-08-22,00:11:50.16,2025-08-21T20:11:50.1689856-04:00,2025-08-22T00:11:50.1689856Z,,v3,5433,5508,,"Olmeda, Alexis",663406,Right,GAS,ec944a3f-f902-41a5-a0c1-8036be50b234,55.20522,-119.95656,11.72229,6.26141,-1.32936,-15.96443,1.81651,-2.49281,-2.18851,,,,,,,,,,,,,,,,,,,,,,,,,,,,,,,,,,,,,,,,,,,,,,,,,,,High,High,High,,,,,
173,2025-08-21,20:12:19.39,3,10,"Wells, Nick",657101,Left,GAS,"Barrera, Brett",686941,Right,SMD,Undefined,6,Bottom,2,3,2,Fastball,Four-Seam,StrikeSwinging,Strikeout,Undefined,Undefined,0,0,,91.18166,-1.287918,2.103232,2199.215353,155.750712,11:15,6.06389,-2.05188,5.98514,-19.20863,14.27268,-5.95331,3.26847,-0.59775,83.38077,-4.911865,1.033517,0.416459,,,,,,,,,,,,3.61705,8.00115,1.889,50,5.95151,-4.60268,-132.37079,-3.57776,6.42304,28.03407,-17.96585,SMD,GAS,RegencyFurnitureStadium,Independent,ATL,20250821-RegencyFurnitureStadium-1,aba982c0-7eec-11f0-9a44-91d46b4c5819,90.50686,,,7.80089,,,,,,,a1610a2b-efcb-4247-9bb7-6790101691be,2025-08-22,00:12:19.39,2025-08-21T20:12:19.3932800-04:00,2025-08-22T00:12:19.3932800Z,,v3,5433,5508,,"Olmeda, Alexis",663406,Right,GAS,61fd6240-fdb8-40b3-87a1-b99f8f61142b,54.51101,-133.32273,14.01703,6.06264,-2.96771,-8.98293,2.04899,-4.82079,3.21152,,,,,,,,,,,,,,,,,,,,,,,,,,,,,,,,,,,,,,,,,,,,,,,,,,,High,High,High,,,,,
174,2025-08-21,20:15:08.29,1,1,"McCabe, Brandon",671110,Right,SMD,"Guthrie, Dalton",656495,Right,GAS,Undefined,7,Top,0,0,0,Curveball,Curveball,BallCalled,Undefined,Undefined,Undefined,0,0,,73.26186,3.392074,1.580441,2662.466559,15.533035,6:30,6.42761,-0.75449,5.93906,-70.72803,-17.71253,-5.45933,3.68512,0.25702,66.24,-9.597279,0.598509,0.52405,,,,,,,,,,,,3.30158,-9.47083,0.63141,50,6.65991,-2.73199,-106.17629,4.09594,3.68973,21.7406,-42.7583,SMD,GAS,RegencyFurnitureStadium,Independent,ATL,20250821-RegencyFurnitureStadium-1,10621e20-7eed-11f0-9a44-91d46b4c5819,71.92525,,,7.02186,,,,,,,a1610a2b-efcb-4247-9bb7-6790101691be,2025-08-22,00:15:08.29,2025-08-21T20:15:08.2925568-04:00,2025-08-22T00:15:08.2925568Z,,v3,5433,5508,,"McCarthy, Ryan",811735,Right,SMD,e913c62d-e771-4d74-af70-f2c599ac687d,54.56199,-107.10632,10.8703,6.44557,5.92509,-21.37915,0.75166,-2.88983,1.84487,,,,,,,,,,,,,,,,,,,,,,,,,,,,,,,,,,,,,,,,,,,,,,,,,,,High,High,High,,,,,
175,2025-08-21,20:15:25.39,1,2,"McCabe, Brandon",671110,Right,SMD,"Guthrie, Dalton",656495,Right,GAS,Undefined,7,Top,0,1,0,Curveball,Curveball,StrikeCalled,Undefined,Undefined,Undefined,0,0,,73.94481,2.772906,1.164536,2671.199366,9.117986,6:15,6.47095,-0.91263,5.88728,-68.46362,-16.28528,-2.92181,3.34297,-0.07464,66.81948,-9.795181,0.639169,0.519896,,,,,,,,,,,,1.87791,-8.52981,0.82034,50,6.65666,-2.07148,-107.19535,3.03106,2.13524,22.46986,-41.87269,SMD,GAS,RegencyFurnitureStadium,Independent,ATL,20250821-RegencyFurnitureStadium-1,1a90ede0-7eed-11f0-9a44-91d46b4c5819,72.49995,,,7.12533,,,,,,,a1610a2b-efcb-4247-9bb7-6790101691be,2025-08-22,00:15:25.39,2025-08-21T20:15:25.3962240-04:00,2025-08-22T00:15:25.3962240Z,,v3,5433,5508,,"McCarthy, Ryan",811735,Right,SMD,fae9ca9d-00ce-47d6-922e-c6f558fdfc66,54.61256,-108.15789,11.23493,6.4884,4.82477,-20.93635,0.91104,-2.16294,1.06762,,,,,,,,,,,,,,,,,,,,,,,,,,,,,,,,,,,,,,,,,,,,,,,,,,,High,High,High,,,,,
176,2025-08-21,20:15:41.58,1,3,"McCabe, Brandon",671110,Right,SMD,"Guthrie, Dalton",656495,Right,GAS,Undefined,7,Top,0,1,1,Fastball,Four-Seam,FoulBallNotFieldable,Undefined,Undefined,Undefined,0,0,,88.77285,-1.588282,0.897286,2318.405344,185.419126,12:15,6.42298,-0.74505,6.55653,-18.37698,16.72414,1.46476,3.43477,0.19977,79.96974,-5.139547,1.16352,0.426414,73.96951,24.922338,174.858467,1921.978137,-109.84913,25.37528,5.75639,184.55876,56.39367,177.998906,2.246027,-0.4763,9.69489,0.6826,50,6.30558,-2.07426,-128.87625,-4.04243,-0.78631,31.38791,-16.16928,SMD,GAS,RegencyFurnitureStadium,Independent,ATL,20250821-RegencyFurnitureStadium-1,24274e30-7eed-11f0-9a44-91d46b4c5819,88.3939,26.27911,,8.80311,,,,1.90289,3.52315,-0.17799,a1610a2b-efcb-4247-9bb7-6790101691be,2025-08-22,00:15:41.58,2025-08-21T20:15:41.5883264-04:00,2025-08-22T00:15:41.5883264Z,LineDrive,v3,5433,5508,,"McCarthy, Ryan",811735,Right,SMD,f404c56a-38d3-4fb4-9f04-e30b64e9830e,53.94006,-129.8323,15.69395,6.42121,-3.54992,-8.08464,0.74542,-2.05031,-0.39315,323.116023,1.90289,-97.99007,8.97443,-1.48837,0.2728,-0.04204,0.00777,-0.00076,2E-05,3.52315,45.71583,-25.34764,2.88261,-0.62166,0.11864,-0.02113,0.00315,-0.00023,-0.17799,8.81693,-4.61302,1.42749,-0.36028,0.07759,-0.01435,0.00193,-0.0001,,,,,,,,,,,,,,,,,,,,,,,High,High,High,High,Low,,,
177,2025-08-21,20:16:04.96,1,4,"McCabe, Brandon",671110,Right,SMD,"Guthrie, Dalton",656495,Right,GAS,Undefined,7,Top,0,1,2,Curveball,Curveball,BallCalled,Undefined,Undefined,Undefined,0,0,,74.60683,-1.193552,2.019062,2679.382814,357.72899,6:00,6.49012,-0.89334,6.12052,-64.09381,-13.92709,0.61658,0.04472,1.02539,69.02553,-12.866123,2.130844,0.509776,,,,,,,,,,,,0.30787,-6.46158,0.73842,50,6.36529,-3.84193,-108.39776,-4.1528,0.36205,20.99701,-39.77309,SMD,GAS,RegencyFurnitureStadium,Independent,ATL,20250821-RegencyFurnitureStadium-1,32248b10-7eed-11f0-9a44-91d46b4c5819,73.93926,,,5.58129,,,,,,,a1610a2b-efcb-4247-9bb7-6790101691be,2025-08-22,00:16:04.96,2025-08-21T20:16:04.9689088-04:00,2025-08-22T00:16:04.9689088Z,,v3,5433,5508,,"McCarthy, Ryan",811735,Right,SMD,4dc86e00-3e97-403f-9cfe-98a7edab08d2,54.38202,-109.24327,10.4985,6.50027,-2.5512,-19.88654,0.89342,-3.85651,0.18103,,,,,,,,,,,,,,,,,,,,,,,,,,,,,,,,,,,,,,,,,,,,,,,,,,,High,High,High,,,,,
178,2025-08-21,20:16:27.50,1,5,"McCabe, Brandon",671110,Right,SMD,"Guthrie, Dalton",656495,Right,GAS,Undefined,7,Top,0,2,2,Curveball,Curveball,StrikeSwinging,Strikeout,Undefined,Undefined,0,0,,74.92301,0.126821,2.137284,2568.305685,1.468934,6:00,6.45284,-1.09683,6.42606,-66.80819,-17.40469,-0.48929,1.00214,0.82778,68.76422,-12.156556,2.048166,0.505883,,,,,,,,,,,,0.96098,-8.66229,0.94478,50,6.4327,-4.04776,-108.89245,-1.68169,1.13347,22.27468,-42.39106,SMD,GAS,RegencyFurnitureStadium,Independent,ATL,20250821-RegencyFurnitureStadium-1,3f93b8c0-7eed-11f0-9a44-91d46b4c5819,74.5082,,,6.15879,,,,,,,a1610a2b-efcb-4247-9bb7-6790101691be,2025-08-22,00:16:27.50,2025-08-21T20:16:27.5010000-04:00,2025-08-22T00:16:27.5010000Z,,v3,5433,5508,,"McCarthy, Ryan",811735,Right,SMD,d276a469-f223-4ac0-9718-621a9ca50125,54.07645,-109.72315,11.13734,6.46594,-0.10078,-21.19553,1.09653,-4.09003,0.56674,,,,,,,,,,,,,,,,,,,,,,,,,,,,,59.63759,,,1.119385,,,,0.02961,6.07944,-1.10459,68.00055,5.61788,-56.77894,0.07797,64.28184,-3.21076,6.10972,13.56711,-12.50572,-1.20357,-56.05069,5.70326,High,High,High,,,Medium,High,High
179,2025-08-21,20:16:58.66,2,1,"McCabe, Brandon",671110,Right,SMD,"Crook, Narciso",643271,Right,GAS,Undefined,7,Top,1,0,0,Fastball,Four-Seam,StrikeCalled,Undefined,Undefined,Undefined,0,0,,89.98685,-3.393949,1.439324,2187.964271,183.632503,12:00,6.43156,-0.93536,6.51794,-9.82989,24.38608,1.46886,2.49369,0.50796,81.2186,-5.378865,1.705862,0.421004,,,,,,,,,,,,-0.30331,14.15954,0.83463,50,6.18991,-3.33672,-130.41686,-7.86998,-0.51511,30.99219,-8.12681,SMD,GAS,RegencyFurnitureStadium,Independent,ATL,20250821-RegencyFurnitureStadium-1,521a2740-7eed-11f0-9a44-91d46b4c5819,89.52996,,,8.76825,,,,,,,a1610a2b-efcb-4247-9bb7-6790101691be,2025-08-22,00:16:58.66,2025-08-21T20:16:58.6629632-04:00,2025-08-22T00:16:58.6629632Z,,v3,5433,5508,,"McCarthy, Ryan",811735,Right,SMD,a055f811-e6c0-4ba5-95d4-2c0f457a3224,53.97613,-131.35835,15.4961,6.42524,-7.6231,-4.06341,0.93575,-3.32107,-0.25756,,,,,,,,,,,,,,,,,,,,,,,,,,,,,,,,,,,,,,,,,,,,,,,,,,,High,High,High,,,,,
180,2025-08-21,20:17:25.34,2,2,"McCabe, Brandon",671110,Right,SMD,"Crook, Narciso",643271,Right,GAS,Undefined,7,Top,1,0,1,Curveball,Curveball,BallCalled,Undefined,Undefined,Undefined,0,0,,76.01057,0.158994,2.743909,2809.329095,3.764829,6:15,6.4789,-1.10965,5.98901,-65.36464,-16.25658,-1.18539,1.17937,1.33649,69.3047,-11.783162,2.530017,0.504368,,,,,,,,,,,,1.54433,-7.76969,0.89379,50,6.45667,-5.24089,-110.2546,-1.76816,1.85945,23.59495,-41.52906,SMD,GAS,RegencyFurnitureStadium,Independent,ATL,20250821-RegencyFurnitureStadium-1,62168f80-7eed-11f0-9a44-91d46b4c5819,74.73198,,,6.70588,,,,,,,a1610a2b-efcb-4247-9bb7-6790101691be,2025-08-22,00:17:25.34,2025-08-21T20:17:25.3495296-04:00,2025-08-22T00:17:25.3495296Z,,v3,5433,5508,,"McCarthy, Ryan",811735,Right,SMD,6ea3c88b-6326-4d2c-a5cf-6a86d5c9680c,54.51134,-111.21585,11.79747,6.49425,-0.07627,-20.76453,1.10885,-5.31665,0.92972,,,,,,,,,,,,,,,,,,,,,,,,,,,,,,,,,,,,,,,,,,,,,,,,,,,High,High,High,,,,,
181,2025-08-21,20:17:42.43,2,3,"McCabe, Brandon",671110,Right,SMD,"Crook, Narciso",643271,Right,GAS,Undefined,7,Top,1,1,1,Curveball,Curveball,BallCalled,Undefined,Undefined,Undefined,0,0,,74.3402,0.408808,1.934413,2759.981205,353.656777,5:45,6.50099,-1.10093,6.07093,-68.37161,-17.42355,2.13236,1.18187,0.86744,68.0993,-12.090028,2.320195,0.51373,,,,,,,,,,,,-0.45291,-8.5628,0.95005,50,6.49713,-3.72059,-107.9673,-1.30867,-0.52449,22.11525,-42.09019,SMD,GAS,RegencyFurnitureStadium,Independent,ATL,20250821-RegencyFurnitureStadium-1,6c3f6bd0-7eed-11f0-9a44-91d46b4c5819,73.37008,,,6.2409,,,,,,,a1610a2b-efcb-4247-9bb7-6790101691be,2025-08-22,00:17:42.43,2025-08-21T20:17:42.4304640-04:00,2025-08-22T00:17:42.4304640Z,,v3,5433,5508,,"McCarthy, Ryan",811735,Right,SMD,d5537d4e-96b9-49f4-ba11-7119b8c15340,54.43111,-108.87116,11.05763,6.51547,0.41156,-21.0451,1.10167,-3.69915,-0.26225,,,,,,,,,,,,,,,,,,,,,,,,,,,,,,,,,,,,,,,,,,,,,,,,,,,High,High,High,,,,,
182,2025-08-21,20:17:59.76,2,4,"McCabe, Brandon",671110,Right,SMD,"Crook, Narciso",643271,Right,GAS,Undefined,7,Top,1,2,1,Fastball,Four-Seam,BallCalled,Undefined,Undefined,Undefined,0,0,,89.26216,-1.199364,0.39907,2304.106845,165.080604,11:30,6.44165,-0.88777,6.58307,-16.35371,18.20013,-4.52213,3.97955,-0.89889,80.57886,-4.381239,-0.423331,0.423077,,,,,,,,,,,,2.47618,10.26615,0.86199,50,6.35219,-0.72105,-129.61281,-3.0975,4.1547,30.54747,-14.94887,SMD,GAS,RegencyFurnitureStadium,Independent,ATL,20250821-RegencyFurnitureStadium-1,768aeb50-7eed-11f0-9a44-91d46b4c5819,89.09116,,,8.6833,,,,,,,a1610a2b-efcb-4247-9bb7-6790101691be,2025-08-22,00:17:59.76,2025-08-21T20:17:59.7646336-04:00,2025-08-22T00:17:59.7646336Z,,v3,5433,5508,,"McCarthy, Ryan",811735,Right,SMD,f05f5f3f-f101-4b91-a44c-3089e43fc2a9,53.91071,-130.53124,15.27374,6.43856,-2.64805,-7.47444,0.88555,-0.84596,2.07735,,,,,,,,,,,,,,,,,,,,,,,,,,,,,,,,,,,,,,,,,,,,,,,,,,,High,High,High,,,,,
183,2025-08-21,20:18:17.71,2,5,"McCabe, Brandon",671110,Right,SMD,"Crook, Narciso",643271,Right,GAS,Undefined,7,Top,1,3,1,Fastball,Four-Seam,BallCalled,Walk,Undefined,Undefined,0,0,,88.0536,-2.17206,2.256498,2190.281954,185.438987,12:15,6.42721,-0.87884,6.52499,-13.63398,22.21336,1.9876,3.29586,1.35801,79.15461,-4.867422,2.616932,0.430923,,,,,,,,,,,,-0.27921,12.68217,0.72129,50,6.26952,-5.10878,-127.61647,-5.10378,-0.452,30.75589,-11.64323,SMD,GAS,RegencyFurnitureStadium,Independent,ATL,20250821-RegencyFurnitureStadium-1,812b68a0-7eed-11f0-9a44-91d46b4c5819,87.46903,,,8.89899,,,,,,,a1610a2b-efcb-4247-9bb7-6790101691be,2025-08-22,00:18:17.71,2025-08-21T20:18:17.7128960-04:00,2025-08-22T00:18:17.7128960Z,,v3,5433,5508,,"McCarthy, Ryan",811735,Right,SMD,479180aa-4a1e-4c0e-94ff-c4b0ba556008,53.96752,-128.5691,15.37795,6.42202,-4.74315,-5.82161,0.87931,-5.09478,-0.226,,,,,,,,,,,,,,,,,,,,,,,,,,,,,,,,,,,,,,,,,,,,,,,,,,,High,High,High,,,,,
184,2025-08-21,20:18:56.21,3,1,"McCabe, Brandon",671110,Right,SMD,"De La Rosa, Eric",680763,Right,GAS,Undefined,7,Top,1,0,0,Fastball,Four-Seam,StrikeSwinging,Undefined,Undefined,Undefined,0,0,,87.42156,-3.671024,1.295087,2192.353393,174.398527,11:45,6.35393,-0.65629,6.63045,-16.51438,19.78052,-1.80476,1.61115,0.37927,78.70595,-6.882854,0.966593,0.433605,,,,,,,,,,,,1.37465,12.00705,0.56928,50,6.09801,-2.79257,-126.6304,-8.49176,2.18893,30.51969,-13.05461,SMD,GAS,RegencyFurnitureStadium,Independent,ATL,20250821-RegencyFurnitureStadium-1,9832cb60-7eed-11f0-9a44-91d46b4c5819,86.92807,,,8.71561,,,,,,,a1610a2b-efcb-4247-9bb7-6790101691be,2025-08-22,00:18:56.21,2025-08-21T20:18:56.2108416-04:00,2025-08-22T00:18:56.2108416Z,,v3,5433,5508,,"McCarthy, Ryan",811735,Right,SMD,490af817-37fe-4c0e-b003-2cace5e9bf24,53.86297,-127.55804,15.25984,6.35008,-8.09497,-6.5273,0.65517,-2.8591,1.09447,,,,,,,,,,,,,,,,,,,,,,,,,,,,,,,,,,,,,,,,,,,,,,,,,,,High,High,High,,,,,
185,2025-08-21,20:19:21.83,3,2,"McCabe, Brandon",671110,Right,SMD,"De La Rosa, Eric",680763,Right,GAS,Undefined,7,Top,1,0,1,Curveball,Curveball,BallCalled,Undefined,Undefined,Undefined,0,0,,74.948,-0.815752,2.175346,2746.043825,349.97241,5:45,6.4479,-1.12669,6.09505,-66.16799,-15.8458,3.1189,0.1788,1.14621,68.59065,-12.890714,2.740368,0.510565,,,,,,,,,,,,-0.86331,-7.44508,0.95752,50,6.35063,-4.23866,-108.77637,-3.54244,-1.01006,23.26077,-40.88466,SMD,GAS,RegencyFurnitureStadium,Independent,ATL,20250821-RegencyFurnitureStadium-1,a7849bc0-7eed-11f0-9a44-91d46b4c5819,73.82491,,,6.35735,,,,,,,a1610a2b-efcb-4247-9bb7-6790101691be,2025-08-22,00:19:21.83,2025-08-21T20:19:21.8353152-04:00,2025-08-22T00:19:21.8353152Z,,v3,5433,5508,,"McCarthy, Ryan",811735,Right,SMD,e50d643c-0e48-4a93-95f8-730b8b366474,54.40631,-109.71458,11.63038,6.46026,-1.8934,-20.44233,1.12766,-4.19792,-0.50503,,,,,,,,,,,,,,,,,,,,,,,,,,,,,,,,,,,,,,,,,,,,,,,,,,,High,High,High,,,,,
186,2025-08-21,20:19:51.17,3,3,"McCabe, Brandon",671110,Right,SMD,"De La Rosa, Eric",680763,Right,GAS,Undefined,7,Top,1,1,1,Curveball,Curveball,BallCalled,Undefined,Undefined,Undefined,0,0,,76.04121,-4.542583,0.603774,2774.57705,4.549845,6:15,6.40651,-1.0332,6.41955,-67.10893,-18.57225,-1.61091,-3.37071,-0.6124,70.49084,-16.647516,0.307971,0.501425,,,,,,,,,,,,1.09354,-8.38886,0.99093,50,6.05005,-1.114,-110.21887,-10.58463,1.31003,24.36262,-42.22366,SMD,GAS,RegencyFurnitureStadium,Independent,ATL,20250821-RegencyFurnitureStadium-1,b8e88340-7eed-11f0-9a44-91d46b4c5819,75.17057,,,5.55036,,,,,,,a1610a2b-efcb-4247-9bb7-6790101691be,2025-08-22,00:19:51.17,2025-08-21T20:19:51.1736320-04:00,2025-08-22T00:19:51.1736320Z,,v3,5433,5508,,"McCarthy, Ryan",811735,Right,SMD,7fc05dad-9349-4a2b-bfb9-921a84cc17a8,54.08478,-111.11809,12.18131,6.41197,-9.02616,-21.11183,1.03294,-1.16235,0.65502,,,,,,,,,,,,,,,,,,,,,,,,,,,,,,,,,,,,,,,,,,,,,,,,,,,High,High,High,,,,,
187,2025-08-21,20:20:34.29,3,4,"McCabe, Brandon",671110,Right,SMD,"De La Rosa, Eric",680763,Right,GAS,Undefined,7,Top,1,2,1,Fastball,Four-Seam,InPlay,Undefined,FlyBall,Double,0,1,,90.36631,-3.275901,1.116142,2302.743829,178.354078,12:00,6.47551,-0.8495,6.61187,-12.49623,21.01379,-0.57134,2.42991,0.12529,82.28165,-5.72531,1.012221,0.416638,92.82782,41.889116,-28.841975,2821.713334,92.54687,90.23188,-59.45652,331.58967,285.43624,-39.31483,5.71492,0.63311,12.39528,0.77386,50,6.24711,-2.53373,-131.16695,-7.77528,1.09594,29.39845,-10.71735,SMD,GAS,RegencyFurnitureStadium,Independent,ATL,20250821-RegencyFurnitureStadium-1,d29bcc20-7eed-11f0-9a44-91d46b4c5819,90.4681,117.88599,,8.08466,,,,2.16278,3.65511,-0.61313,a1610a2b-efcb-4247-9bb7-6790101691be,2025-08-22,00:20:34.29,2025-08-21T20:20:34.2908416-04:00,2025-08-22T00:20:34.2908416Z,FlyBall,v3,5433,5508,,"McCarthy, Ryan",811735,Right,SMD,7f146ab5-31a9-4199-a1e1-cf0152c60bbc,53.88597,-132.03504,14.69923,6.47203,-7.45882,-5.35867,0.84915,-2.56609,0.54797,155.509087,2.17183,88.6118,-20.69703,4.63497,-0.5483,-0.03669,0.0237,-0.00308,0.00013,3.64992,90.98329,-21.56604,1.97337,-0.32132,0.01476,0.00955,-0.00203,0.00012,-0.61436,-48.87027,4.104,-0.46194,-0.04625,0.03633,-0.00764,0.00075,-3E-05,,,,,,,,,,,,,,,,,,,,,,,High,High,High,Medium,Low,,,
188,2025-08-21,20:21:33.97,4,1,"McCabe, Brandon",671110,Right,SMD,"Skender, Ethan",663690,Right,GAS,Undefined,7,Top,1,0,0,Curveball,Curveball,BallCalled,Undefined,Undefined,Undefined,0,0,,76.2052,0.071714,2.415714,2776.974794,1.619008,6:00,6.46749,-1.02431,6.34937,-68.30925,-19.62907,-0.60807,0.84113,1.14996,68.91866,-12.496445,2.305083,0.502166,,,,,,,,,,,,1.23327,-9.68394,0.84922,50,6.44223,-4.64299,-110.55617,-1.91492,1.47421,25.97908,-43.75008,SMD,GAS,RegencyFurnitureStadium,Independent,ATL,20250821-RegencyFurnitureStadium-1,f640dbc0-7eed-11f0-9a44-91d46b4c5819,75.05969,,,7.28655,,,,,,,a1610a2b-efcb-4247-9bb7-6790101691be,2025-08-22,00:21:33.97,2025-08-21T20:21:33.9796992-04:00,2025-08-22T00:21:33.9796992Z,,v3,5433,5508,,"McCarthy, Ryan",811735,Right,SMD,b2a49b06-e826-423f-b08b-247821037228,54.15116,-111.52737,12.98954,6.48324,-0.27938,-21.87504,1.02383,-4.6981,0.7371,,,,,,,,,,,,,,,,,,,,,,,,,,,,,,,,,,,,,,,,,,,,,,,,,,,High,High,High,,,,,
189,2025-08-21,20:21:59.98,4,2,"McCabe, Brandon",671110,Right,SMD,"Skender, Ethan",663690,Right,GAS,Undefined,7,Top,1,1,0,Curveball,Curveball,BallCalled,Undefined,Undefined,Undefined,0,0,,75.10837,-0.114352,1.827993,2805.059062,0.844593,6:00,6.50568,-1.06852,6.02907,-69.80327,-19.47005,-0.31406,0.5828,0.59874,68.49085,-12.85455,1.771133,0.510621,,,,,,,,,,,,0.81366,-9.51678,0.92581,50,6.45935,-3.46862,-109.02512,-2.36706,0.95333,23.91004,-43.3246,SMD,GAS,RegencyFurnitureStadium,Independent,ATL,20250821-RegencyFurnitureStadium-1,05c099f0-7eee-11f0-9a44-91d46b4c5819,73.81687,,,6.61752,,,,,,,a1610a2b-efcb-4247-9bb7-6790101691be,2025-08-22,00:21:59.98,2025-08-21T20:21:59.9888384-04:00,2025-08-22T00:21:59.9888384Z,,v3,5433,5508,,"McCarthy, Ryan",811735,Right,SMD,f9024b89-4214-473a-9d9c-8a460e6131db,54.47296,-110.0017,11.95502,6.51989,-0.59752,-21.6623,1.06827,-3.50756,0.47666,,,,,,,,,,,,,,,,,,,,,,,,,,,,,,,,,,,,,,,,,,,,,,,,,,,High,High,High,,,,,
190,2025-08-21,20:22:31.22,4,3,"McCabe, Brandon",671110,Right,SMD,"Skender, Ethan",663690,Right,GAS,Undefined,7,Top,1,2,0,Fastball,Four-Seam,InPlay,Undefined,FlyBall,Out,1,0,,89.99606,-2.837966,1.118413,2280.087601,171.709686,11:45,6.43717,-0.90055,6.61481,-16.03044,17.95824,-2.4402,2.49952,-0.07948,81.44877,-5.944135,0.674378,0.419603,90.40254,20.764,-23.474446,2437.962927,99.05317,33.20928,-47.83784,276.98811,268.72514,-30.494834,3.186342,1.65429,10.74552,0.82557,50,6.23751,-2.45795,-130.61293,-6.86909,2.81726,31.14503,-13.87425,SMD,GAS,RegencyFurnitureStadium,Independent,ATL,20250821-RegencyFurnitureStadium-1,185168b0-7eee-11f0-9a44-91d46b4c5819,89.82882,36.92416,,8.54729,,,,3.38678,2.66645,0.17676,a1610a2b-efcb-4247-9bb7-6790101691be,2025-08-22,00:22:31.22,2025-08-21T20:22:31.2299008-04:00,2025-08-22T00:22:31.2299008Z,LineDrive,v3,5433,5508,,"McCarthy, Ryan",811735,Right,SMD,0d379524-cb59-4dd7-9877-214f18df1e65,53.88298,-131.53558,15.57252,6.43492,-6.45808,-6.93712,0.89962,-2.5414,1.40863,132.211644,3.38672,113.71965,-22.35054,5.2474,-0.94154,0.05365,0.02864,-0.00894,0.00088,2.66646,47.00541,-17.18613,0.84968,-0.20376,0.14057,-0.05999,0.01348,-0.0012,0.17659,-49.37887,0.68692,0.91347,-0.34421,0.06822,-0.00761,0.00036,-1E-05,,,,,,,,,,,,,,,,,,,,,,,High,High,High,High,High,,,
191,2025-08-21,20:23:13.46,5,1,"McCabe, Brandon",671110,Right,SMD,"Olmeda, Alexis",663406,Right,GAS,Undefined,7,Top,2,0,0,Curveball,Curveball,BallCalled,Undefined,Undefined,Undefined,0,0,,74.55677,-0.588274,1.802974,2850.13974,358.829942,6:00,6.50714,-0.78845,6.35217,-66.85736,-16.7067,0.37661,0.39394,0.903,68.43342,-12.846813,1.87157,0.509694,,,,,,,,,,,,0.41169,-8.06654,0.65754,50,6.4339,-3.42251,-108.33346,-3.03822,0.4793,22.52229,-41.565,SMD,GAS,RegencyFurnitureStadium,Independent,ATL,20250821-RegencyFurnitureStadium-1,3189b530-7eee-11f0-9a44-91d46b4c5819,73.95108,,,6.12335,,,,,,,a1610a2b-efcb-4247-9bb7-6790101691be,2025-08-22,00:23:13.46,2025-08-21T20:23:13.4602240-04:00,2025-08-22T00:23:13.4602240Z,,v3,5433,5508,,"McCarthy, Ryan",811735,Right,SMD,cab1df74-d6a7-46ec-bb3f-c2664d267d0e,54.15001,-109.19283,11.26115,6.51957,-1.45225,-20.7825,0.78847,-3.4408,0.23965,,,,,,,,,,,,,,,,,,,,,,,,,,,,,,,,,,,,,,,,,,,,,,,,,,,High,High,High,,,,,
192,2025-08-21,20:23:41.86,5,2,"McCabe, Brandon",671110,Right,SMD,"Olmeda, Alexis",663406,Right,GAS,Undefined,7,Top,2,1,0,Curveball,Curveball,StrikeCalled,Undefined,Undefined,Undefined,0,0,,75.04824,1.336453,1.38654,2669.904601,1.971189,6:00,6.51102,-1.15235,6.03759,-67.24618,-17.49406,-0.65858,2.14522,0.07685,68.85172,-10.970866,1.267569,0.507665,,,,,,,,,,,,0.77398,-8.87764,1.04454,50,6.57972,-2.61636,-109.05497,0.46156,0.92043,21.41787,-42.73155,SMD,GAS,RegencyFurnitureStadium,Independent,ATL,20250821-RegencyFurnitureStadium-1,427f7190-7eee-11f0-9a44-91d46b4c5819,74.24669,,,6.19652,,,,,,,a1610a2b-efcb-4247-9bb7-6790101691be,2025-08-22,00:23:41.86,2025-08-21T20:23:41.8693120-04:00,2025-08-22T00:23:41.8693120Z,,v3,5433,5508,,"McCarthy, Ryan",811735,Right,SMD,0e003503-51db-440c-98f8-88731161360c,54.46508,-109.92839,10.70893,6.52537,2.20416,-21.36577,1.152,-2.65389,0.46022,,,,,,,,,,,,,,,,,,,,,,,,,,,,,,,,,,,,,,,,,,,,,,,,,,,High,High,High,,,,,
193,2025-08-21,20:24:01.60,5,3,"McCabe, Brandon",671110,Right,SMD,"Olmeda, Alexis",663406,Right,GAS,Undefined,7,Top,2,1,1,Curveball,Curveball,InPlay,Undefined,FlyBall,Out,1,0,,75.18562,1.946863,1.932882,2809.640211,9.6279,6:15,6.48133,-1.00622,5.98718,-67.80165,-18.32867,-3.37547,2.63727,0.50457,69.15711,-10.446471,1.32436,0.506239,88.47486,43.810112,22.391282,5383.086083,98.15056,92.59738,49.66353,305.60201,258.07605,34.234864,5.534414,2.3198,-9.59308,0.8556,50,6.59746,-3.5693,-109.24911,1.61569,2.78293,20.5773,-43.6822,SMD,GAS,RegencyFurnitureStadium,Independent,ATL,20250821-RegencyFurnitureStadium-1,4e418b80-7eee-11f0-9a44-91d46b4c5819,74.45585,112.70856,,6.02851,,,,3.07637,3.77912,-0.45361,a1610a2b-efcb-4247-9bb7-6790101691be,2025-08-22,00:24:01.60,2025-08-21T20:24:01.6036352-04:00,2025-08-22T00:24:01.6036352Z,FlyBall,v3,5433,5508,,"McCarthy, Ryan",811735,Right,SMD,05fc1e46-2ba2-491c-acba-bc94c1a16bf6,54.51679,-110.09657,10.28865,6.49388,3.4147,-21.8411,1.00496,-3.68391,1.39147,207.830093,3.08697,86.37181,-19.24691,3.8601,-0.12572,-0.1951,0.05793,-0.00689,0.00031,3.77326,89.92689,-22.21011,2.24708,-0.43997,0.04171,0.00798,-0.00233,0.00015,-0.4551,35.69985,-0.45388,-0.29988,0.07988,-0.00695,-0.00036,8E-05,0,,,,,,,,,,,,,,,,,,,,,,,High,High,High,Medium,Medium,,,
194,2025-08-21,20:26:56.17,1,1,"Hasler, Kent",694642,Right,GAS,"De Aza, Alejandro",457477,Left,SMD,Undefined,7,Bottom,0,0,0,Fastball,Four-Seam,StrikeCalled,Undefined,Undefined,Undefined,0,0,,88.7446,-2.856775,-2.086503,2526.956142,209.354549,1:00,5.97585,2.20233,5.97752,-16.93206,19.07922,9.97394,1.91274,1.09851,79.9205,-6.110093,-0.294249,0.431907,,,,,,,,,,,,-5.7591,11.08733,-2.04264,50,5.74039,4.25249,-128.48676,-6.87291,-9.46914,30.70561,-13.94419,SMD,GAS,RegencyFurnitureStadium,Independent,ATL,20250821-RegencyFurnitureStadium-1,b6413b90-7eee-11f0-9a44-91d46b4c5819,87.26971,,,8.8241,,,,,,,a1610a2b-efcb-4247-9bb7-6790101691be,2025-08-22,00:26:56.17,2025-08-21T20:26:56.1728512-04:00,2025-08-22T00:26:56.1728512Z,,v3,5433,5508,,"Olmeda, Alexis",663406,Right,GAS,8f18ae1f-2012-461c-b54b-530ad44314ac,54.51643,-129.56159,15.3528,5.97243,-6.3848,-6.97209,-2.1973,4.58395,-4.73457,,,,,,,,,,,,,,,,,,,,,,,,,,,,,,,,,,,,,,,,,,,,,,,,,,,High,High,High,,,,,
195,2025-08-21,20:27:13.85,1,2,"Hasler, Kent",694642,Right,GAS,"De Aza, Alejandro",457477,Left,SMD,Undefined,7,Bottom,0,0,1,Curveball,Curveball,BallCalled,Undefined,Undefined,Undefined,0,0,,71.05185,0.628544,-0.879098,2502.505489,30.387856,7:00,6.12903,1.91911,5.499,-72.87504,-15.88032,-10.47367,0.6441,0.224,65.17504,-12.557704,-2.755105,0.543361,,,,,,,,,,,,5.01429,-7.70682,-1.83497,50,6.13462,1.9505,-103.13168,-1.13805,5.29697,20.21791,-40.31532,SMD,GAS,RegencyFurnitureStadium,Independent,ATL,20250821-RegencyFurnitureStadium-1,c0e3dbc0-7eee-11f0-9a44-91d46b4c5819,69.36903,,,5.87681,,,,,,,a1610a2b-efcb-4247-9bb7-6790101691be,2025-08-22,00:27:13.85,2025-08-21T20:27:13.8546688-04:00,2025-08-22T00:27:13.8546688Z,,v3,5433,5508,,"Olmeda, Alexis",663406,Right,GAS,4cb860f7-1d35-4765-b15c-d0bcba2aaf8d,55.00349,-104.10794,10.10896,6.14258,0.80865,-20.15766,-1.92298,1.69473,2.64848,,,,,,,,,,,,,,,,,,,,,,,,,,,,,,,,,,,,,,,,,,,,,,,,,,,High,High,High,,,,,
196,2025-08-21,20:27:34.77,1,3,"Hasler, Kent",694642,Right,GAS,"De Aza, Alejandro",457477,Left,SMD,Undefined,7,Bottom,0,1,1,Curveball,Curveball,StrikeCalled,Undefined,Undefined,Undefined,0,0,,79.18511,0.906735,-1.614366,2439.192748,40.603913,7:15,6.05034,2.12177,5.7655,-49.57302,-4.60044,-5.18634,2.76354,0.18673,72.50688,-8.178188,-2.543828,0.482664,,,,,,,,,,,,2.15858,-2.14429,-1.98503,50,6.09556,3.43953,-114.96596,0.18191,2.8716,22.51178,-35.02667,SMD,GAS,RegencyFurnitureStadium,Independent,ATL,20250821-RegencyFurnitureStadium-1,cd4b3660-7eee-11f0-9a44-91d46b4c5819,78.09243,,,6.67823,,,,,,,a1610a2b-efcb-4247-9bb7-6790101691be,2025-08-22,00:27:34.77,2025-08-21T20:27:34.7777536-04:00,2025-08-22T00:27:34.7777536Z,,v3,5433,5508,,"Olmeda, Alexis",663406,Right,GAS,f1de82fc-3204-42b6-9220-409566575b36,54.73321,-115.88908,11.25589,6.05866,1.61821,-17.51333,-2.12366,3.32178,1.4358,,,,,,,,,,,,,,,,,,,,,,,,,,,,,,,,,,,,,,,,,,,,,,,,,,,High,High,High,,,,,
197,2025-08-21,20:27:54.71,1,4,"Hasler, Kent",694642,Right,GAS,"De Aza, Alejandro",457477,Left,SMD,Undefined,7,Bottom,0,1,2,Curveball,Slider,InPlay,Undefined,GroundBall,Single,0,0,,79.86487,-0.839668,-1.695777,2405.411547,82.885988,8:45,6.03537,2.211,5.73027,-43.50187,0.59268,-6.23693,1.62785,0.11154,73.57893,-8.795456,-2.813272,0.477929,89.60129,2.055012,30.088153,3473.614347,,,,56.04877,51.1348,30.56066,0.438805,2.71772,0.91358,-2.06565,50,5.9384,3.66903,-115.98764,-3.11848,3.69545,22.0666,-30.93178,SMD,GAS,RegencyFurnitureStadium,Independent,ATL,20250821-RegencyFurnitureStadium-1,d92aea70-7eee-11f0-9a44-91d46b4c5819,78.86612,2.12978,,6.28594,,,,1.72286,1.86898,-0.11244,a1610a2b-efcb-4247-9bb7-6790101691be,2025-08-22,00:27:54.71,2025-08-21T20:27:54.7103744-04:00,2025-08-22T00:27:54.7103744Z,GroundBall,v3,5433,5508,,"Olmeda, Alexis",663406,Right,GAS,764dd286-c64e-4924-9c40-a24ccae2ff69,54.76918,-116.89146,11.0333,6.04018,-1.85157,-15.46589,-2.21283,3.51766,1.84773,,1.7318,113.36189,-16.72831,,,,,,,1.87769,4.44711,-19.92959,,,,,,,-0.11504,65.91981,-1.61255,,,,,,,,,,,,,,,,,,,,,,,,,,,,,High,High,High,High,High,,,
198,2025-08-21,20:28:34.79,2,1,"Hasler, Kent",694642,Right,GAS,"DiGiacomo, Giovanni",681029,Left,SMD,Undefined,7,Bottom,0,0,0,Fastball,Four-Seam,FoulBallNotFieldable,Undefined,Undefined,Undefined,0,0,,88.35169,-2.095223,-2.42176,2525.909257,200.396753,12:45,5.95332,2.21271,5.92932,-14.14249,22.42052,7.80831,2.8282,0.61512,79.0426,-4.870061,-1.021168,0.435203,51.54041,41.470279,-170.668985,1911.63234,,,,127.82059,57.27776,-169.72826,2.652302,-4.83859,12.61473,-2.02361,50,5.77805,5.07965,-127.90425,-5.02171,-7.83537,31.90641,-11.74635,SMD,GAS,RegencyFurnitureStadium,Independent,ATL,20250821-RegencyFurnitureStadium-1,f10e5550-7eee-11f0-9a44-91d46b4c5819,86.60878,33.12567,,9.30909,,,,2.02508,2.95742,-0.63676,a1610a2b-efcb-4247-9bb7-6790101691be,2025-08-22,00:28:34.79,2025-08-21T20:28:34.7970048-04:00,2025-08-22T00:28:34.7970048Z,Popup,v3,5433,5508,,"Olmeda, Alexis",663406,Right,GAS,48839323-482d-4a14-b449-00b51a8dd89d,54.5655,-129.03811,15.95321,5.94909,-4.60428,-5.87318,-2.20908,5.3581,-3.91769,344.852281,2.02482,-55.87983,2.56972,0.36834,-0.41173,0.27395,-0.08048,0.0086,-1E-05,2.9576,50.04957,-22.58186,1.63505,0.11426,-0.35578,0.17856,-0.03987,0.00341,-0.63681,-9.18202,-0.70684,0.56727,-0.10261,-0.00887,0.02523,-0.00935,0.0011,,,,,,,,,,,,,,,,,,,,,,,High,High,High,High,Medium,,,
199,2025-08-21,20:29:00.85,2,2,"Hasler, Kent",694642,Right,GAS,"DiGiacomo, Giovanni",681029,Left,SMD,Undefined,7,Bottom,0,0,1,Fastball,Four-Seam,BallCalled,Undefined,Undefined,Undefined,1,0,,90.2636,-0.504506,-2.711623,2572.998727,200.892926,12:45,5.90757,2.22722,6.07511,-16.27859,18.33942,6.51819,4.08368,0.25955,81.11544,-3.653359,-1.539769,0.42347,,,,,,,,,,,,-4.2026,9.93894,-2.02059,50,5.85978,5.91086,-130.79596,-1.58479,-7.16399,31.69775,-15.23159,SMD,GAS,RegencyFurnitureStadium,Independent,ATL,20250821-RegencyFurnitureStadium-1,00a4cfd0-7eef-11f0-9a44-91d46b4c5819,89.00856,,,9.14816,,,,,,,a1610a2b-efcb-4247-9bb7-6790101691be,2025-08-22,00:29:00.85,2025-08-21T20:29:00.8570000-04:00,2025-08-22T00:29:00.8570000Z,,v3,5433,5508,,"Olmeda, Alexis",663406,Right,GAS,e5d9fb41-cf1c-4bac-8768-ffaff105a491,54.41819,-131.86234,15.84888,5.90447,-1.07237,-7.6158,-2.2235,6.15187,-3.58199,,,,,,,,,,,,,,,,,,,,,,,,,,,,,79.73698,2.083846,0.822835,1.261011,-2.49404,3.82414,-0.15738,-2.07904,5.41874,0.47286,127.27757,1.4588,-2.89596,-1.9471,114.69637,-9.7908,5.42017,10.47449,-10.80215,0.40097,-7.6495,4.04638,High,High,High,,,High,Medium,High
200,2025-08-21,20:29:55.41,2,3,"Hasler, Kent",694642,Right,GAS,"DiGiacomo, Giovanni",681029,Left,SMD,Undefined,7,Bottom,1,1,1,Curveball,Slider,FoulBallNotFieldable,Undefined,Undefined,Undefined,0,0,,80.54506,-0.66593,-1.825024,2482.2509,55.639698,7:45,5.97732,2.1877,5.78844,-46.83062,-3.16181,-6.78213,1.45493,-0.07582,73.60115,-9.24083,-3.041959,0.475617,65.76581,-46.199893,80.592779,,,,,2.15511,2.15511,42.196945,0.020739,2.90807,-1.01252,-2.03321,50,5.89429,3.9831,-116.88277,-2.9039,3.97423,24.52027,-33.5578,SMD,GAS,RegencyFurnitureStadium,Independent,ATL,20250821-RegencyFurnitureStadium-1,211f0550-7eef-11f0-9a44-91d46b4c5819,79.24964,1.44728,,6.94391,,,,1.36974,1.44728,0.07831,a1610a2b-efcb-4247-9bb7-6790101691be,2025-08-22,00:29:55.41,2025-08-21T20:29:55.4182144-04:00,2025-08-22T00:29:55.4182144Z,GroundBall,v3,5433,5508,,"Olmeda, Alexis",663406,Right,GAS,693581e4-637a-45f6-985c-ca2e943528dc,54.71043,-117.8668,12.26013,5.9838,-1.55718,-16.7789,-2.18986,3.82361,1.98711,,1.36965,10.93865,,,,,,,,1.44784,-69.78683,,,,,,,,0.07778,66.0234,,,,,,,,,,,,,,,,,,,,,,,,,,,,,,High,High,High,Estimated,Estimated,,,
201,2025-08-21,20:30:36.62,2,4,"Hasler, Kent",694642,Right,GAS,"DiGiacomo, Giovanni",681029,Left,SMD,Undefined,7,Bottom,1,1,2,Curveball,Curveball,StrikeSwinging,Strikeout,Undefined,Undefined,0,0,"drop third strike
",81.51974,-2.503871,-2.529268,2561.882787,17.105527,6:30,5.9264,2.14398,5.6963,-47.57699,-4.92614,-1.93461,-0.37542,-0.37575,75.23076,-11.122314,-2.876202,0.47004,,,,,,,,,,,,0.2463,-1.46374,-1.93026,50,5.68578,5.29514,-118.20853,-6.77957,0.34625,23.87961,-34.23192,SMD,GAS,RegencyFurnitureStadium,Independent,ATL,20250821-RegencyFurnitureStadium-1,39aba880-7eef-11f0-9a44-91d46b4c5819,80.1898,,,6.28898,,,,,,,a1610a2b-efcb-4247-9bb7-6790101691be,2025-08-22,00:30:36.62,2025-08-21T20:30:36.6250000-04:00,2025-08-22T00:30:36.6250000Z,,v3,5433,5508,,"Olmeda, Alexis",663406,Right,GAS,d8449237-ca59-44fa-8cf8-f9dcf6ee211a,54.80425,-119.1751,11.93981,5.93215,-5.39398,-17.11596,-2.14431,5.28113,0.17313,,,,,,,,,,,,,,,,,,,,,,,,,,,,,,,,,,,,,,,,,,,,,,,,,,,High,High,High,,,,,
202,2025-08-21,20:31:31.20,3,1,"Hasler, Kent",694642,Right,GAS,"Dexter, Sam",670448,Right,SMD,Undefined,7,Bottom,1,0,0,Fastball,Four-Seam,BallCalled,Undefined,Undefined,Undefined,0,0,,87.54944,-1.423185,-3.680655,2431.316153,192.813705,12:30,5.98006,2.05527,6.08741,-16.07032,21.11056,4.46792,3.32135,-0.98191,78.10215,-4.561668,-2.878703,0.438865,,,,,,,,,,,,-3.57229,11.74906,-1.77324,50,5.86155,7.95497,-126.59874,-3.53494,-5.65429,31.79635,-13.57732,SMD,GAS,RegencyFurnitureStadium,Independent,ATL,20250821-RegencyFurnitureStadium-1,5a3b13b0-7eef-11f0-9a44-91d46b4c5819,85.88611,,,9.44729,,,,,,,a1610a2b-efcb-4247-9bb7-6790101691be,2025-08-22,00:31:31.20,2025-08-21T20:31:31.2060000-04:00,2025-08-22T00:31:31.2060000Z,,v3,5433,5508,,"Olmeda, Alexis",663406,Right,GAS,057e8646-b44a-4b73-a5ae-e65df0c1dadf,54.40469,-127.70022,15.89817,5.97586,-3.0646,-6.78866,-2.05221,8.15084,-2.82714,,,,,,,,,,,,,,,,,,,,,,,,,,,,,81.04708,1.959008,0.726733,1.232275,-1.49023,3.08361,1.12697,-1.3653,5.3395,1.80568,127.27874,0.45202,7.72537,-1.24608,116.6304,-10.06452,5.4103,13.989,-14.65312,1.74758,1.29818,2.91082,High,High,High,,,High,High,High
203,2025-08-21,20:32:20.53,3,2,"Hasler, Kent",694642,Right,GAS,"Dexter, Sam",670448,Right,SMD,Undefined,7,Bottom,1,1,0,Curveball,Curveball,InPlay,Undefined,FlyBall,Sacrifice,1,1,,79.40127,-0.396667,-2.268349,2470.856463,53.669273,7:45,6.07333,2.05932,5.56373,-47.87944,-2.94567,-5.90111,1.71252,-0.55262,73.17591,-9.107065,-3.321963,0.482456,75.87422,32.795637,-3.702767,2729.248702,109.89396,57.69756,-4.81867,273.39372,267.22893,-1.25685,4.45716,2.36173,-1.01181,-1.85952,50,6.0073,4.79158,-115.26539,-2.40643,3.16998,21.88858,-33.53214,SMD,GAS,RegencyFurnitureStadium,Independent,ATL,20250821-RegencyFurnitureStadium-1,77a60d60-7eef-11f0-9a44-91d46b4c5819,78.12617,64.84497,,6.22536,,,,1.40355,1.76017,0.54923,a1610a2b-efcb-4247-9bb7-6790101691be,2025-08-22,00:32:20.53,2025-08-21T20:32:20.5370000-04:00,2025-08-22T00:32:20.5370000Z,FlyBall,v3,5433,5508,,"Olmeda, Alexis",663406,Right,GAS,dc039b7f-28b1-44bf-9c85-4151b6379e3f,54.93629,-116.199,10.94429,6.07944,-0.97619,-16.76607,-2.06101,4.65637,1.58499,185.4139,1.40497,93.31567,-15.71025,3.38703,-0.44543,0.00667,0.00696,-0.0006,-1E-05,1.75988,60.27799,-15.29552,0.46378,0.0558,-0.08589,0.03518,-0.00619,0.0004,0.54898,-6.03559,2.04845,-0.38337,0.0356,0.00479,-0.00169,0.00012,0,,,,,,,,,,,,,,,,,,,,,,,High,High,High,High,High,,,
204,2025-08-21,20:33:18.82,4,1,"Hasler, Kent",694642,Right,GAS,"McCarthy, Ryan",811735,Right,SMD,Undefined,7,Bottom,2,0,0,Curveball,Curveball,StrikeCalled,Undefined,Undefined,Undefined,0,0,,76.99396,1.341518,-2.211876,2439.082947,51.600976,7:45,5.97384,1.99842,5.35835,-51.75849,-2.3278,-5.37737,2.91985,-0.52497,68.9851,-8.146199,-3.167139,0.506023,,,,,,,,,,,,1.87311,-1.00154,-1.79575,50,6.05846,4.51911,-111.34956,0.85436,2.28717,25.10563,-33.39699,SMD,GAS,RegencyFurnitureStadium,Independent,ATL,20250821-RegencyFurnitureStadium-1,9a66fe90-7eef-11f0-9a44-91d46b4c5819,74.48767,,,8.00886,,,,,,,a1610a2b-efcb-4247-9bb7-6790101691be,2025-08-22,00:33:18.82,2025-08-21T20:33:18.8290000-04:00,2025-08-22T00:33:18.8290000Z,,v3,5433,5508,,"Olmeda, Alexis",663406,Right,GAS,38158f0c-8a2a-45c0-9f3e-dd8f367aed92,55.13522,-112.50142,12.55282,5.98411,2.38663,-16.69849,-2.00069,4.41418,1.14358,,,,,,,,,,,,,,,,,,,,,,,,,,,,,,,,,,,,,,,,,,,,,,,,,,,High,High,High,,,,,
205,2025-08-21,20:33:34.92,4,2,"Hasler, Kent",694642,Right,GAS,"McCarthy, Ryan",811735,Right,SMD,Undefined,7,Bottom,2,0,1,Fastball,Four-Seam,StrikeCalled,Undefined,Undefined,Undefined,0,0,,89.41184,-1.877465,-2.497324,2643.008538,196.584858,12:30,5.93383,2.10715,5.9176,-14.49257,21.40694,5.94473,2.98151,0.28351,79.5829,-4.721228,-1.431404,0.431237,,,,,,,,,,,,-3.89898,11.97934,-1.91024,50,5.77513,5.37648,-129.33054,-4.58832,-6.42734,33.6881,-12.42656,SMD,GAS,RegencyFurnitureStadium,Independent,ATL,20250821-RegencyFurnitureStadium-1,a3f3e900-7eef-11f0-9a44-91d46b4c5819,87.40549,,,9.82894,,,,,,,a1610a2b-efcb-4247-9bb7-6790101691be,2025-08-22,00:33:34.92,2025-08-21T20:33:34.9260000-04:00,2025-08-22T00:33:34.9260000Z,,v3,5433,5508,,"Olmeda, Alexis",663406,Right,GAS,e69320f7-afba-40cc-8a8d-6fae776b6d90,54.57377,-130.51648,16.84405,5.92896,-4.15085,-6.21328,-2.1035,5.60274,-3.21367,,,,,,,,,,,,,,,,,,,,,,,,,,,,,,,,,,,,,,,,,,,,,,,,,,,High,High,High,,,,,
206,2025-08-21,20:34:08.98,4,3,"Hasler, Kent",694642,Right,GAS,"McCarthy, Ryan",811735,Right,SMD,Undefined,7,Bottom,2,0,2,Cutter,Slider,InPlay,Undefined,GroundBall,Out,1,0,,80.94353,-0.698425,-2.388637,2378.166993,40.087698,7:15,5.92948,2.1604,5.90206,-45.14959,-1.57378,-2.69941,1.51808,-0.28318,73.08126,-9.022447,-2.873655,0.47511,92.66396,-8.077309,-14.968409,,,,,12.47882,11.47121,-11.793474,0.082223,0.5552,-0.11228,-1.9668,50,5.84774,4.99626,-117.28413,-2.8957,0.755,27.0865,-32.32671,SMD,GAS,RegencyFurnitureStadium,Independent,ATL,20250821-RegencyFurnitureStadium-1,b8477660-7eef-11f0-9a44-91d46b4c5819,79.33413,1.57183,,7.86226,,,,1.51551,1.57183,0.31023,a1610a2b-efcb-4247-9bb7-6790101691be,2025-08-22,00:34:08.98,2025-08-21T20:34:08.9800000-04:00,2025-08-22T00:34:08.9800000Z,GroundBall,v3,5433,5508,,"Olmeda, Alexis",663406,Right,GAS,6c8b30c0-bfb5-4928-b3ce-fde0518c73b0,54.59449,-118.34046,13.54325,5.93609,-1.63501,-16.16336,-2.16108,4.96681,0.3775,180,1.51367,130.13208,,,,,,,,1.5721,-19.11662,,,,,,,,0.31072,-34.79189,,,,,,,,,,,,,,,,,,,,,,,,,,,,,,High,High,High,High,High,,,
207,2025-08-21,20:37:13.56,1,1,"Carr, Jordan",703103,Left,SMD,"Scantlin, Nate",676715,Left,GAS,Undefined,8,Top,0,0,0,Fastball,Changeup,BallCalled,Undefined,Undefined,Undefined,0,0,,86.02253,1.299107,5.364569,2235.026656,102.981485,9:30,4.90984,-3.01491,5.72906,-33.09132,4.99248,-16.59217,3.36763,0.61314,78.73879,-4.799379,2.41461,0.444162,,,,,,,,,,,,9.8204,2.56213,2.57662,50,4.99827,-10.99446,-124.48244,1.69083,15.49113,23.74733,-28.13246,SMD,GAS,RegencyFurnitureStadium,Independent,ATL,20250821-RegencyFurnitureStadium-1,264767b0-7ef0-11f0-9a44-91d46b4c5819,84.86186,,,7.28374,,,,,,,a1610a2b-efcb-4247-9bb7-6790101691be,2025-08-22,00:37:13.56,2025-08-21T20:37:13.5641600-04:00,2025-08-22T00:37:13.5641600Z,,v3,5433,5508,,"McCarthy, Ryan",811735,Right,SMD,e933b3a7-7ca2-40de-b547-47966f30adf6,54.77,-125.38911,11.87367,4.91321,2.76492,-14.06623,3.00768,-11.5859,7.74556,,,,,,,,,,,,,,,,,,,,,,,,,,,,,,,,,,,,,,,,,,,,,,,,,,,High,High,High,,,,,
208,2025-08-21,20:37:30.98,1,2,"Carr, Jordan",703103,Left,SMD,"Scantlin, Nate",676715,Left,GAS,Undefined,8,Top,0,1,0,Fastball,Changeup,InPlay,Undefined,FlyBall,Single,0,0,,85.63137,0.666593,4.497665,2130.383583,83.64322,8:45,4.71537,-3.05922,5.54201,-39.4614,-0.7826,-17.84351,2.05186,-0.33413,78.46636,-6.546553,1.325785,0.447618,105.46579,14.940085,9.623621,1479.806509,108.70595,22.7878,16.81889,286.96433,286.96433,7.864444,2.567902,10.2626,-0.23453,2.68109,50,4.74688,-9.01084,-124.07585,0.01613,16.03462,24.29915,-32.5405,SMD,GAS,RegencyFurnitureStadium,Independent,ATL,20250821-RegencyFurnitureStadium-1,30a5d2f0-7ef0-11f0-9a44-91d46b4c5819,84.20667,25.15454,,7.16502,,,,0.73376,1.97495,0.31697,a1610a2b-efcb-4247-9bb7-6790101691be,2025-08-22,00:37:30.98,2025-08-21T20:37:30.9892096-04:00,2025-08-22T00:37:30.9892096Z,LineDrive,v3,5433,5508,,"McCarthy, Ryan",811735,Right,SMD,50ad45ba-d2cb-4fb1-acbb-899cebca44a0,54.95857,-125.04317,12.14957,4.72045,1.31153,-16.27025,3.0525,-9.64916,8.01731,127.321103,0.73376,147.35066,-20.82395,3.89992,-0.79784,0.14632,-0.02519,0.00326,-0.00021,1.97495,39.87857,-18.73421,1.6191,-0.29351,0.05533,-0.0079,0.00099,-7E-05,0.31697,24.98483,-7.45163,2.51299,-0.70177,0.16455,-0.03162,0.0042,-0.00027,,,,,,,,,,,,,,,,,,,,,,,High,High,High,High,High,,,
209,2025-08-21,20:38:16.80,2,1,"Carr, Jordan",703103,Left,SMD,"Wylie, Justin",687045,Right,GAS,Undefined,8,Top,0,0,0,ChangeUp,Splitter,BallCalled,Undefined,Undefined,Undefined,0,0,,78.20785,2.250288,2.38607,854.114705,49.460354,7:45,4.76773,-3.01525,5.36749,-57.10094,-9.70221,-13.34579,2.12216,-1.88888,70.66215,-8.158185,0.013012,0.495513,,,,,,,,,,,,7.42244,-5.01382,2.81079,50,4.92963,-4.17497,-113.25099,2.44311,9.47629,23.9568,-38.5752,SMD,GAS,RegencyFurnitureStadium,Independent,ATL,20250821-RegencyFurnitureStadium-1,4c074100-7ef0-11f0-9a44-91d46b4c5819,76.06757,,,7.5457,,,,,,,a1610a2b-efcb-4247-9bb7-6790101691be,2025-08-22,00:38:16.80,2025-08-21T20:38:16.8019456-04:00,2025-08-22T00:38:16.8019456Z,,v3,5433,5508,,"McCarthy, Ryan",811735,Right,SMD,fb3990b5-5c1d-48f0-939b-13366f00f92c,55.1311,-114.33126,11.9784,4.78025,4.18256,-19.2876,3.00868,-4.60228,4.73814,,,,,,,,,,,,,,,,,,,,,,,,,,,,,,,,,,,,,,,,,,,,,,,,,,,High,High,High,,,,,
210,2025-08-21,20:38:37.63,2,2,"Carr, Jordan",703103,Left,SMD,"Wylie, Justin",687045,Right,GAS,Undefined,8,Top,0,1,0,ChangeUp,Splitter,BallCalled,Undefined,Undefined,Undefined,0,0,,77.86384,1.888268,3.217265,814.276688,81.19565,8:45,4.89439,-2.95851,5.40029,-48.34652,-0.74701,-15.61599,2.63835,-1.24194,70.48331,-6.96883,0.443801,0.496561,,,,,,,,,,,,8.77784,-0.41158,2.68262,50,5.02949,-5.70475,-112.71265,2.08065,11.16112,22.70339,-32.6974,SMD,GAS,RegencyFurnitureStadium,Independent,ATL,20250821-RegencyFurnitureStadium-1,586b8e60-7ef0-11f0-9a44-91d46b4c5819,75.90699,,,7.38054,,,,,,,a1610a2b-efcb-4247-9bb7-6790101691be,2025-08-22,00:38:37.63,2025-08-21T20:38:37.6305152-04:00,2025-08-22T00:38:37.6305152Z,,v3,5433,5508,,"McCarthy, Ryan",811735,Right,SMD,649f0d99-09e6-4b9e-baa0-dbd397271d17,55.09671,-113.73463,11.3517,4.9027,3.55251,-16.3487,2.95072,-6.20716,5.58056,,,,,,,,,,,,,,,,,,,,,,,,,,,,,,,,,,,,,,,,,,,,,,,,,,,High,High,High,,,,,
211,2025-08-21,20:38:55.24,2,3,"Carr, Jordan",703103,Left,SMD,"Wylie, Justin",687045,Right,GAS,Undefined,8,Top,0,2,0,Fastball,Changeup,StrikeCalled,Undefined,Undefined,Undefined,0,0,,86.44198,-0.01032,4.789774,2248.138285,104.98763,9:30,4.82296,-2.90084,5.51037,-31.50683,6.94414,-20.90808,2.18771,-0.15367,78.23224,-5.834282,1.078261,0.446298,,,,,,,,,,,,11.89308,3.92288,2.49632,50,4.80122,-9.54877,-125.00876,-1.1408,18.66267,27.16457,-26.01826,SMD,GAS,RegencyFurnitureStadium,Independent,ATL,20250821-RegencyFurnitureStadium-1,62cc4390-7ef0-11f0-9a44-91d46b4c5819,84.45574,,,8.20974,,,,,,,a1610a2b-efcb-4247-9bb7-6790101691be,2025-08-22,00:38:55.24,2025-08-21T20:38:55.2402944-04:00,2025-08-22T00:38:55.2402944Z,,v3,5433,5508,,"McCarthy, Ryan",811735,Right,SMD,617c7cb7-ba47-45b6-acf6-b2fb7369bb4f,54.98645,-126.08767,13.58229,4.82601,-0.10742,-13.00913,2.8903,-10.29,9.33133,,,,,,,,,,,,,,,,,,,,,,,,,,,,,,,,,,,,,,,,,,,,,,,,,,,High,High,High,,,,,
212,2025-08-21,20:39:14.85,2,4,"Carr, Jordan",703103,Left,SMD,"Wylie, Justin",687045,Right,GAS,Undefined,8,Top,0,2,1,Fastball,Changeup,BallCalled,Undefined,Undefined,Undefined,1,0,,87.41753,0.190466,3.771408,2255.100421,113.977722,9:45,4.95071,-2.88634,5.51919,-27.60883,9.81087,-19.19115,2.82844,-0.95434,79.24494,-4.938342,0.358808,0.440272,,,,,,,,,,,,10.72052,5.27681,2.57052,50,4.94912,-7.49011,-126.60167,-0.54188,17.28944,27.37194,-23.66391,SMD,GAS,RegencyFurnitureStadium,Independent,ATL,20250821-RegencyFurnitureStadium-1,6e91dff0-7ef0-11f0-9a44-91d46b4c5819,85.61162,,,8.1726,,,,,,,a1610a2b-efcb-4247-9bb7-6790101691be,2025-08-22,00:39:14.85,2025-08-21T20:39:14.8540000-04:00,2025-08-22T00:39:14.8540000Z,,v3,5433,5508,,"McCarthy, Ryan",811735,Right,SMD,6eaf69dc-af8f-4fb0-949e-ec8504503644,54.97743,-127.67328,13.68597,4.9522,0.38457,-11.83196,2.87701,-8.16699,8.64472,,,,,,,,,,,,,,,,,,,,,,,,,,,,,83.0407,1.936089,0.740557,1.195532,-1.7335,2.54678,0.94013,-0.25122,5.65991,1.19958,127.27801,4.752,1.76155,-0.1076,119.69663,-11.121,5.63334,10.18374,-9.11537,1.1827,-0.71931,1.021,High,High,High,,,High,High,High
213,2025-08-21,20:39:45.49,2,5,"Carr, Jordan",703103,Left,SMD,"Wylie, Justin",687045,Right,GAS,Undefined,8,Top,1,3,1,Fastball,Changeup,StrikeSwinging,Undefined,Undefined,Undefined,0,0,,87.69223,0.009929,5.057156,2216.824818,98.224156,9:15,4.75559,-3.03944,5.54593,-32.79758,4.51831,-22.25926,2.03178,-0.15613,79.40165,-6.038172,1.104679,0.439661,,,,,,,,,,,,12.67599,2.68658,2.61535,50,4.73499,-10.22918,-126.80129,-1.17053,20.47248,27.87065,-27.83507,SMD,GAS,RegencyFurnitureStadium,Independent,ATL,20250821-RegencyFurnitureStadium-1,80d503e0-7ef0-11f0-9a44-91d46b4c5819,85.73063,,,8.29059,,,,,,,a1610a2b-efcb-4247-9bb7-6790101691be,2025-08-22,00:39:45.49,2025-08-21T20:39:45.4961664-04:00,2025-08-22T00:39:45.4961664Z,,v3,5433,5508,,"McCarthy, Ryan",811735,Right,SMD,18d6c2f4-f026-410e-a9ef-1f3ba6967783,54.95186,-127.88507,13.93532,4.75946,-0.08814,-13.91754,3.0286,-11.02527,10.23624,,,,,,,,,,,,,,,,,,,,,,,,,,,,,,,,,,,,,,,,,,,,,,,,,,,High,High,High,,,,,
214,2025-08-21,20:40:18.13,2,6,"Carr, Jordan",703103,Left,SMD,"Wylie, Justin",687045,Right,GAS,Undefined,8,Top,1,3,2,Cutter,Sinker,StrikeSwinging,Strikeout,Undefined,Undefined,0,0,,88.66789,0.479366,3.908109,2437.18142,115.784482,9:45,4.96432,-2.89639,5.81767,-26.41084,9.1791,-16.74776,3.21016,-0.65278,81.19222,-4.431821,0.914938,0.429373,,,,,,,,,,,,9.54272,4.89559,2.58594,50,4.98798,-8.06751,-128.59805,0.18156,16.05387,25.51602,-23.93808,SMD,GAS,RegencyFurnitureStadium,Independent,ATL,20250821-RegencyFurnitureStadium-1,94470ae0-7ef0-11f0-9a44-91d46b4c5819,87.7848,,,7.47567,,,,,,,a1610a2b-efcb-4247-9bb7-6790101691be,2025-08-22,00:40:18.13,2025-08-21T20:40:18.1360000-04:00,2025-08-22T00:40:18.1360000Z,,v3,5433,5508,,"McCarthy, Ryan",811735,Right,SMD,304ef186-bbb6-4256-b704-cc651e6c8279,54.68073,-129.52345,12.75801,4.96565,1.04973,-11.96904,2.88909,-8.64974,8.02694,,,,,,,,,,,,,,,,,,,,,,,,,,,,,64.8056,,,0.995923,,,,0.56205,6.34488,-4.31501,69.89013,6.01664,-54.8904,0.61107,73.66333,-4.10056,6.35653,11.14247,-11.52496,-4.40612,-57.25792,6.56325,High,High,High,,,High,High,High
215,2025-08-21,20:40:51.14,3,1,"Carr, Jordan",703103,Left,SMD,"Roederer, Cole",680711,Left,GAS,Undefined,8,Top,2,0,0,Fastball,Changeup,InPlay,Undefined,LineDrive,Out,1,0,,88.12808,0.58971,4.614341,2213.579096,109.046629,9:45,4.89658,-3.04262,5.54834,-28.90403,7.89256,-19.26599,3.04078,-0.32684,79.92835,-4.764319,1.192631,0.436591,106.55076,6.098373,31.38036,2547.347683,,,,131.15809,114.32539,35.778059,0.938232,11.13355,4.16181,2.65589,50,4.92872,-9.4606,-127.55097,0.29517,18.24237,27.5629,-25.35489,SMD,GAS,RegencyFurnitureStadium,Independent,ATL,20250821-RegencyFurnitureStadium-1,a7f70540-7ef0-11f0-9a44-91d46b4c5819,86.33344,6.1492,,8.19973,,,,1.70695,3.11438,0.34066,a1610a2b-efcb-4247-9bb7-6790101691be,2025-08-22,00:40:51.14,2025-08-21T20:40:51.1441920-04:00,2025-08-22T00:40:51.1441920Z,GroundBall,v3,5433,5508,,"McCarthy, Ryan",811735,Right,SMD,823ffdca-0e5a-4a17-be68-5be9c4bd6af8,54.95063,-128.61632,13.78145,4.89837,1.27517,-12.67744,3.03518,-10.16569,9.12118,,1.82734,130.91136,-20.85181,,,,,,,3.20265,15.31594,-20.05364,,,,,,,0.2814,81.79356,-0.32945,,,,,,,,,,,,,,,,,,,,,,,,,,,,,High,High,High,High,High,,,
216,2025-08-21,20:43:11.60,1,1,"Hasler, Kent",694642,Right,GAS,"Loftin, Jackson",699816,Right,SMD,Undefined,8,Bottom,0,0,0,Curveball,Curveball,StrikeCalled,Undefined,Undefined,Undefined,0,0,,79.618,0.347114,-2.430454,2376.204145,20.463359,6:45,5.93377,1.96684,5.76028,-49.53196,-4.17603,-2.20067,2.12949,-0.48008,71.6938,-8.765337,-2.824632,0.484717,,,,,,,,,,,,0.25929,-1.6826,-1.76411,50,5.93318,4.98137,-115.30575,-0.95032,0.34041,26.39354,-34.38319,SMD,GAS,RegencyFurnitureStadium,Independent,ATL,20250821-RegencyFurnitureStadium-1,fbb85da0-7ef0-11f0-9a44-91d46b4c5819,77.76172,,,7.9242,,,,,,,a1610a2b-efcb-4247-9bb7-6790101691be,2025-08-22,00:43:11.60,2025-08-21T20:43:11.6091392-04:00,2025-08-22T00:43:11.6091392Z,,v3,5433,5508,,"Olmeda, Alexis",663406,Right,GAS,046f88dd-cc69-4849-97d9-02825115284c,54.73495,-116.38453,13.19677,5.9433,0.45503,-17.1916,-1.96743,4.96746,0.1702,,,,,,,,,,,,,,,,,,,,,,,,,,,,,,,,,,,,,,,,,,,,,,,,,,,High,High,High,,,,,
217,2025-08-21,20:43:25.79,1,2,"Hasler, Kent",694642,Right,GAS,"Loftin, Jackson",699816,Right,SMD,Undefined,8,Bottom,0,0,1,Curveball,Curveball,InPlay,Undefined,FlyBall,Out,1,0,,80.62087,0.441089,-2.248914,2386.046352,11.362659,6:30,5.93957,2.10659,5.59686,-48.16814,-4.0865,-1.1326,2.33769,-0.08849,73.18328,-8.377388,-2.451216,0.47786,75.62205,32.454751,4.448516,3220.367133,108.79623,54.00135,16.22662,257.38557,250.92117,14.829066,4.094882,-0.15177,-1.76484,-1.91306,50,5.94622,4.63483,-116.8723,-0.74952,-0.2067,25.16772,-34.57776,SMD,GAS,RegencyFurnitureStadium,Independent,ATL,20250821-RegencyFurnitureStadium-1,042495d0-7ef1-11f0-9a44-91d46b4c5819,78.87765,57.91094,,7.4376,,,,0.6277,2.32576,0.12111,a1610a2b-efcb-4247-9bb7-6790101691be,2025-08-22,00:43:25.79,2025-08-21T20:43:25.7911296-04:00,2025-08-22T00:43:25.7911296Z,FlyBall,v3,5433,5508,,"Olmeda, Alexis",663406,Right,GAS,1f6ff0e8-2c3f-423b-8ec9-3f6e3d76e134,54.9008,-117.92294,12.58386,5.94738,0.69394,-17.28888,-2.10672,4.64346,-0.10335,208.171785,0.62764,93.31126,-16.05772,3.81479,-0.9019,0.23123,-0.05533,0.00865,-0.00057,2.32653,59.49592,-17.33992,0.69982,0.216,-0.19363,0.06704,-0.01094,0.00068,0.12123,7.25468,3.51534,-0.53823,0.11863,-0.05097,0.01755,-0.00313,0.00022,,,,,,,,,,,,,,,,,,,,,,,High,High,High,High,High,,,
218,2025-08-21,20:44:02.29,2,1,"Hasler, Kent",694642,Right,GAS,"Racusin, Zach",685931,Right,SMD,Undefined,8,Bottom,1,0,0,Fastball,Four-Seam,BallCalled,Undefined,Undefined,Undefined,0,0,,88.17886,-0.709211,-3.105986,2567.234593,197.12128,12:30,5.94515,2.00242,5.95111,-17.25769,19.27729,5.52048,3.84827,-0.42096,79.14432,-4.039095,-2.116488,0.435037,,,,,,,,,,,,-3.81563,10.4613,-1.75817,50,5.87901,6.68747,-127.66429,-2.04122,-6.18847,30.51404,-15.20718,SMD,GAS,RegencyFurnitureStadium,Independent,ATL,20250821-RegencyFurnitureStadium-1,19ce6460-7ef1-11f0-9a44-91d46b4c5819,86.64197,,,9.03454,,,,,,,a1610a2b-efcb-4247-9bb7-6790101691be,2025-08-22,00:44:02.29,2025-08-21T20:44:02.2901248-04:00,2025-08-22T00:44:02.2901248Z,,v3,5433,5508,,"Olmeda, Alexis",663406,Right,GAS,88f4f546-0510-47db-a736-fde80d8ed454,54.54128,-128.74516,15.25702,5.94178,-1.50255,-7.60359,-1.99894,6.90668,-3.09424,,,,,,,,,,,,,,,,,,,,,,,,,,,,,,,,,,,,,,,,,,,,,,,,,,,High,High,High,,,,,
219,2025-08-21,20:44:16.23,2,2,"Hasler, Kent",694642,Right,GAS,"Racusin, Zach",685931,Right,SMD,Undefined,8,Bottom,1,1,0,Curveball,Slider,FoulBallNotFieldable,Undefined,Undefined,Undefined,0,0,,80.79494,-0.822759,-2.677763,2485.3925,292.274578,3:45,5.99934,2.09496,5.86523,-43.20967,0.18445,3.23855,1.63336,-0.12444,73.55037,-8.774886,-2.096426,0.474118,,,,,,,,,,,,-2.51272,0.7739,-1.87984,50,5.90757,5.35529,-117.14638,-3.08221,-3.44485,24.90323,-31.11308,SMD,GAS,RegencyFurnitureStadium,Independent,ATL,20250821-RegencyFurnitureStadium-1,223cbf70-7ef1-11f0-9a44-91d46b4c5819,79.50005,,,7.24457,,,,,,,a1610a2b-efcb-4247-9bb7-6790101691be,2025-08-22,00:44:16.23,2025-08-21T20:44:16.2367488-04:00,2025-08-22T00:44:16.2367488Z,,v3,5433,5508,,"Olmeda, Alexis",663406,Right,GAS,800d10fd-e3b1-4404-9841-5a6a5792d1cf,54.6325,-118.12706,12.45162,6.00482,-1.85699,-15.55654,-2.0934,5.49095,-1.72242,,,,,,,,,,,,,,,,,,,,,,,,,,,,,,,,,,,,,,,,,,,,,,,,,,,High,High,High,,,,,
220,2025-08-21,20:44:43.87,2,3,"Hasler, Kent",694642,Right,GAS,"Racusin, Zach",685931,Right,SMD,Undefined,8,Bottom,1,1,1,Fastball,Four-Seam,InPlay,Undefined,FlyBall,Out,1,0,,88.85676,-1.763695,-2.166032,2516.627485,193.946493,12:30,6.01804,2.02625,5.96073,-13.29745,22.88222,5.32764,3.27282,0.46078,79.26152,-4.393936,-1.209712,0.432916,81.13431,53.845309,18.757245,,98.92963,120.21754,48.09273,197.28345,186.29585,29.027561,5.564284,-3.49095,12.74969,-1.8573,50,5.87081,4.638,-128.64219,-4.26207,-5.7028,32.94157,-11.34625,SMD,GAS,RegencyFurnitureStadium,Independent,ATL,20250821-RegencyFurnitureStadium-1,32ade280-7ef1-11f0-9a44-91d46b4c5819,87.06637,120.51174,,9.59524,,,,0.76457,2.95908,-1.18105,a1610a2b-efcb-4247-9bb7-6790101691be,2025-08-22,00:44:43.87,2025-08-21T20:44:43.8791168-04:00,2025-08-22T00:44:43.8791168Z,FlyBall,v3,5433,5508,,"Olmeda, Alexis",663406,Right,GAS,c44696cf-6ea8-485b-8d48-5d36bad03ece,54.5331,-129.7978,16.47078,6.01334,-3.86404,-5.67312,-2.02351,4.83805,-2.8514,194.367369,0.76901,66.37745,-19.99333,5.50745,-0.8747,0.0192,0.02111,-0.0035,0.00017,2.95573,96.13258,-23.3351,1.85244,-0.08173,-0.08914,0.03541,-0.00563,0.00032,-1.18003,22.56008,-1.15338,-0.17767,0.12172,-0.02277,5E-05,0.00048,-4E-05,,,,,,,,,,,,,,,,,,,,,,,High,High,High,Medium,Low,,,
221,2025-08-21,20:45:22.44,3,1,"Hasler, Kent",694642,Right,GAS,"Wilson, Ethan",681159,Left,SMD,Undefined,8,Bottom,2,0,0,Curveball,Curveball,StrikeCalled,Undefined,Undefined,Undefined,0,0,,71.58502,2.322581,-0.781179,2524.923979,35.587065,7:15,6.08837,1.85843,5.20242,-69.22937,-12.39591,-10.30355,2.50505,0.26505,65.1406,-10.217168,-2.610547,0.542592,,,,,,,,,,,,4.84315,-6.24426,-1.77815,50,6.25163,1.80469,-103.73675,1.92638,5.18712,20.12706,-38.8618,SMD,GAS,RegencyFurnitureStadium,Independent,ATL,20250821-RegencyFurnitureStadium-1,49c23d90-7ef1-11f0-9a44-91d46b4c5819,69.46735,,,6.44441,,,,,,,a1610a2b-efcb-4247-9bb7-6790101691be,2025-08-22,00:45:22.44,2025-08-21T20:45:22.4496640-04:00,2025-08-22T00:45:22.4496640Z,,v3,5433,5508,,"Olmeda, Alexis",663406,Right,GAS,bee1628b-3608-4a2d-b9d4-df6805249e16,55.29761,-104.75955,10.06353,6.10356,3.90123,-19.4309,-1.86316,1.5411,2.59356,,,,,,,,,,,,,,,,,,,,,,,,,,,,,,,,,,,,,,,,,,,,,,,,,,,High,High,High,,,,,
222,2025-08-21,20:45:38.28,3,2,"Hasler, Kent",694642,Right,GAS,"Wilson, Ethan",681159,Left,SMD,Undefined,8,Bottom,2,0,1,Fastball,Four-Seam,FoulBallNotFieldable,Undefined,Undefined,Undefined,0,0,,89.42865,-2.019138,-2.188321,2653.980958,199.61836,12:45,5.88662,2.04153,6.00897,-15.49233,19.84411,6.61138,2.72288,0.56418,80.55031,-5.017415,-1.000196,0.427841,72.60473,46.25891,-104.652248,4764.300773,,,,,25.16373,,,-4.0978,11.21745,-1.87324,50,5.71958,4.67094,-129.58473,-4.97679,-6.85948,31.00711,-13.39667,SMD,GAS,RegencyFurnitureStadium,Independent,ATL,20250821-RegencyFurnitureStadium-1,531ec930-7ef1-11f0-9a44-91d46b4c5819,88.09911,26.30158,,8.87834,,,,0.09087,2.77922,-0.7048,a1610a2b-efcb-4247-9bb7-6790101691be,2025-08-22,00:45:38.28,2025-08-21T20:45:38.2873600-04:00,2025-08-22T00:45:38.2873600Z,,v3,5433,5508,,"Olmeda, Alexis",663406,Right,GAS,dde564cc-d7da-4fa9-a3bb-84ec5ca3e56b,54.48605,-130.65374,15.50356,5.8832,-4.51493,-6.69834,-2.03836,4.90742,-3.42974,,0.09547,-18.80267,-5.35862,,,,,,,2.7845,76.72936,-24.56484,,,,,,,-0.70809,-71.10344,8.70233,,,,,,,,,,,,,,,,,,,,,,,,,,,,,High,High,High,High,Undefined,,,
223,2025-08-21,20:46:15.71,3,3,"Hasler, Kent",694642,Right,GAS,"Wilson, Ethan",681159,Left,SMD,Undefined,8,Bottom,2,0,2,Fastball,Four-Seam,BallCalled,Undefined,Undefined,Undefined,0,0,,89.54493,1.278653,-2.227667,2654.333528,192.915585,12:30,5.93984,2.20911,6.10209,-14.488,20.50517,4.42437,5.91609,0.51663,80.65676,-1.54973,-1.431652,0.425758,,,,,,,,,,,,-2.94059,10.45922,-2.03988,50,6.03022,4.85709,-129.81263,2.55833,-4.96007,30.09074,-14.53195,SMD,GAS,RegencyFurnitureStadium,Independent,ATL,20250821-RegencyFurnitureStadium-1,69503e50-7ef1-11f0-9a44-91d46b4c5819,88.53017,,,8.88818,,,,,,,a1610a2b-efcb-4247-9bb7-6790101691be,2025-08-22,00:46:15.71,2025-08-21T20:46:15.7133824-04:00,2025-08-22T00:46:15.7133824Z,,v3,5433,5508,,"Olmeda, Alexis",663406,Right,GAS,ccf0d496-92ed-4b69-a6d4-1f2d7ca42e6e,54.39058,-130.82641,15.04537,5.93578,3.04792,-7.26597,-2.20634,5.0242,-2.48003,,,,,,,,,,,,,,,,,,,,,,,,,,,,,,,,,,,,,,,,,,,,,,,,,,,High,High,High,,,,,
224,2025-08-21,20:46:36.72,3,4,"Hasler, Kent",694642,Right,GAS,"Wilson, Ethan",681159,Left,SMD,Undefined,8,Bottom,2,1,2,Curveball,Curveball,InPlay,Undefined,GroundBall,Out,1,0,,81.30504,0.266533,-1.451468,2457.371944,21.251647,6:45,5.96199,2.08646,5.73691,-48.00444,-4.77103,-2.46453,2.20989,0.52923,73.57492,-8.550524,-1.893267,0.47324,92.8319,-29.213413,28.403373,,,,,4.79792,1.30882,16.013301,0.032576,0.7687,-2.0652,-1.96409,50,5.95495,3.08524,-117.90399,-1.08106,1.06111,26.47114,-35.02476,SMD,GAS,RegencyFurnitureStadium,Independent,ATL,20250821-RegencyFurnitureStadium-1,76505680-7ef1-11f0-9a44-91d46b4c5819,79.64769,2.16851,,7.73012,,,,1.20061,2.16851,-0.5211,a1610a2b-efcb-4247-9bb7-6790101691be,2025-08-22,00:46:36.72,2025-08-21T20:46:36.7299584-04:00,2025-08-22T00:46:36.7299584Z,GroundBall,v3,5433,5508,,"Olmeda, Alexis",663406,Right,GAS,4b9f59e9-cdf6-4708-a0d9-daf30691cd28,54.76038,-118.96797,13.23557,5.97011,0.32672,-17.51238,-2.08724,3.04259,0.53055,,1.19965,104.71432,,,,,,,,2.16912,-66.56851,,,,,,,,-0.52162,56.62679,,,,,,,,,,,,,,,,,,,,,,,,,,,,,,High,High,High,Estimated,Estimated,,,
225,2025-08-21,20:49:36.21,1,1,"Briceno, Endrys",553968,Right,SMD,"Aldrete, Carter",666177,Right,GAS,Undefined,9,Top,0,0,0,Slider,Slider,BallCalled,Undefined,Undefined,Undefined,0,0,,82.25578,-0.46847,-3.687879,2130.555758,65.593096,8:15,5.87183,2.4961,5.43375,-42.83396,-0.86626,-4.63551,1.86271,-1.34853,76.04089,-8.237193,-4.51078,0.466261,,,,,,,,,,,,1.34717,0.09433,-2.16592,50,5.80065,7.87751,-119.26691,-2.50129,1.94835,22.06329,-32.03761,SMD,GAS,RegencyFurnitureStadium,Independent,ATL,20250821-RegencyFurnitureStadium-1,e0f5f940-7ef1-11f0-9a44-91d46b4c5819,80.8398,,,6.21489,,,,,,,a1610a2b-efcb-4247-9bb7-6790101691be,2025-08-22,00:49:36.21,2025-08-21T20:49:36.2106368-04:00,2025-08-22T00:49:36.2106368Z,,v3,5433,5508,,"McCarthy, Ryan",811735,Right,SMD,5d92cccb-5676-4d80-a785-54cd08d01475,55.06508,-120.20025,11.03164,5.8778,-1.14601,-16.0188,-2.49742,7.79509,0.97417,,,,,,,,,,,,,,,,,,,,,,,,,,,,,,,,,,,,,,,,,,,,,,,,,,,High,High,High,,,,,
226,2025-08-21,20:49:51.15,1,2,"Briceno, Endrys",553968,Right,SMD,"Aldrete, Carter",666177,Right,GAS,Undefined,9,Top,0,1,0,Fastball,Sinker,FoulBallNotFieldable,Undefined,Undefined,Undefined,0,0,,93.65403,-0.950629,-4.288468,2279.409311,233.248168,1:45,5.74184,2.48993,5.83231,-18.25363,14.07891,17.33717,3.33452,-0.05892,84.64009,-4.411406,-1.19128,0.409252,,,,,,,,,,,,-10.06737,7.78859,-2.14939,50,5.6534,9.36417,-135.55738,-2.84407,-18.57056,32.02853,-17.80704,SMD,GAS,RegencyFurnitureStadium,Independent,ATL,20250821-RegencyFurnitureStadium-1,e9d7af90-7ef1-11f0-9a44-91d46b4c5819,92.10072,,,9.01393,,,,,,,a1610a2b-efcb-4247-9bb7-6790101691be,2025-08-22,00:49:51.15,2025-08-21T20:49:51.1548928-04:00,2025-08-22T00:49:51.1548928Z,,v3,5433,5508,,"McCarthy, Ryan",811735,Right,SMD,5df7a52c-0877-4ccf-a206-20e400aec09a,54.66364,-136.65483,16.01427,5.7404,-2.23392,-8.90352,-2.48115,10.00048,-9.28528,,,,,,,,,,,,,,,,,,,,,,,,,,,,,,,,,,,,,,,,,,,,,,,,,,,High,High,High,,,,,
227,2025-08-21,20:50:08.71,1,3,"Briceno, Endrys",553968,Right,SMD,"Aldrete, Carter",666177,Right,GAS,Undefined,9,Top,0,1,1,Slider,Slider,InPlay,Undefined,FlyBall,Out,1,0,,82.62684,0.013587,-2.069544,2123.380512,73.46418,8:30,5.86713,2.47401,5.47108,-42.43774,-0.89638,-7.2815,2.34338,-0.07033,76.0569,-7.717077,-3.366288,0.463886,92.87438,34.829994,26.648659,,94.01571,71.18431,57.10483,329.40106,230.68,39.745073,5.227314,3.11402,-0.09717,-2.28691,50,5.83919,4.63037,-119.95984,-1.47076,4.53905,23.1392,-32.31568,SMD,GAS,RegencyFurnitureStadium,Independent,ATL,20250821-RegencyFurnitureStadium-1,f4538de0-7ef1-11f0-9a44-91d46b4c5819,81.25358,93.24485,,6.56994,,,,0.34477,2.33595,-0.51284,a1610a2b-efcb-4247-9bb7-6790101691be,2025-08-22,00:50:08.71,2025-08-21T20:50:08.7140352-04:00,2025-08-22T00:50:08.7140352Z,FlyBall,v3,5433,5508,,"McCarthy, Ryan",811735,Right,SMD,3e9a691b-ba8c-4f2a-95d3-5edcd966281b,55.02837,-120.92588,11.5696,5.87243,-0.12161,-16.15784,-2.47627,4.44087,2.26952,211.121025,0.35087,99.8073,-24.57277,5.59326,-0.69304,-0.03879,0.02757,-0.00345,0.00014,2.33509,77.81049,-18.44827,0.79131,0.08522,-0.09871,0.03418,-0.0052,0.00029,-0.51209,50.139,-2.17977,-0.30512,0.20918,-0.05808,0.01007,-0.00099,4E-05,,,,,,,,,,,,,,,,,,,,,,,High,High,High,High,Medium,,,
228,2025-08-21,20:50:50.94,2,1,"Briceno, Endrys",553968,Right,SMD,"Guthrie, Dalton",656495,Right,GAS,Undefined,9,Top,1,0,0,Fastball,Sinker,FoulBallNotFieldable,Undefined,Undefined,Undefined,0,0,,94.76214,-2.124284,-3.5381,2226.204156,226.18748,1:30,5.65571,2.35535,5.927,-15.37454,16.00091,15.55454,2.3988,0.36454,85.93785,-5.061185,-0.750629,0.40315,78.75718,18.051946,166.444641,3404.139328,,,,130.53391,52.78503,168.94213,1.448481,-8.85276,9.09,-2.08008,50,5.47661,7.74582,-137.22593,-5.55612,-16.7856,31.96408,-14.93862,SMD,GAS,RegencyFurnitureStadium,Independent,ATL,20250821-RegencyFurnitureStadium-1,0d5f4c20-7ef2-11f0-9a44-91d46b4c5819,93.49483,13.40713,,8.82429,,,,2.26717,2.17664,-0.43654,a1610a2b-efcb-4247-9bb7-6790101691be,2025-08-22,00:50:50.94,2025-08-21T20:50:50.9469184-04:00,2025-08-22T00:50:50.9469184Z,LineDrive,v3,5433,5508,,"McCarthy, Ryan",811735,Right,SMD,bbbcf04c-bef6-486c-b1fc-e7fa74e5a9a6,54.56709,-138.28565,15.98204,5.65261,-5.06085,-7.46931,-2.3461,8.30232,-8.3928,341.352646,2.26717,-106.76511,11.77062,-0.09689,0.00886,-0.13509,0.13936,-0.05813,0.00934,2.17664,35.79387,-31.33776,4.80664,-0.43958,-0.58168,0.53021,-0.20627,0.03226,-0.43654,25.74107,-6.65374,0.85658,-0.03607,-0.13344,0.10304,-0.03825,0.00589,,,,,,,,,,,,,,,,,,,,,,,High,High,High,Medium,Low,,,
229,2025-08-21,20:51:18.19,2,2,"Briceno, Endrys",553968,Right,SMD,"Guthrie, Dalton",656495,Right,GAS,Undefined,9,Top,1,0,1,Fastball,Sinker,BallCalled,Undefined,Undefined,Undefined,0,0,,95.22348,-2.479244,-4.475496,2264.12969,239.882481,2:00,5.65308,2.18724,5.94226,-19.6695,11.43646,17.87879,1.70576,-0.48274,86.49542,-6.176846,-1.274203,0.401415,,,,,,,,,,,,-10.45347,6.90922,-1.83994,50,5.44387,9.97258,-137.78101,-6.64907,-19.97829,32.26665,-18.96939,SMD,GAS,RegencyFurnitureStadium,Independent,ATL,20250821-RegencyFurnitureStadium-1,1db14e70-7ef2-11f0-9a44-91d46b4c5819,93.899,,,8.72806,,,,,,,a1610a2b-efcb-4247-9bb7-6790101691be,2025-08-22,00:51:18.19,2025-08-21T20:51:18.1974528-04:00,2025-08-22T00:51:18.1974528Z,,v3,5433,5508,,"McCarthy, Ryan",811735,Right,SMD,adb4c48b-567d-4b92-9a5c-db65fdc7ff86,54.55538,-138.84373,16.13333,5.65257,-6.02431,-9.4847,-2.17923,10.63057,-9.98915,,,,,,,,,,,,,,,,,,,,,,,,,,,,,,,,,,,,,,,,,,,,,,,,,,,High,High,High,,,,,
230,2025-08-21,20:51:38.67,2,3,"Briceno, Endrys",553968,Right,SMD,"Guthrie, Dalton",656495,Right,GAS,Undefined,9,Top,1,1,1,Slider,Slider,StrikeCalled,Undefined,Undefined,Undefined,0,0,,82.18315,-0.036365,-3.246207,2133.590254,39.613133,7:15,5.90648,2.28536,5.19221,-45.6216,-2.53933,-3.33882,2.07042,-1.04979,74.72945,-8.317033,-3.83704,0.472412,,,,,,,,,,,,0.6348,-0.7765,-1.98138,50,5.86882,6.89033,-118.95786,-1.76092,0.89808,25.52807,-33.27259,SMD,GAS,RegencyFurnitureStadium,Independent,ATL,20250821-RegencyFurnitureStadium-1,29f45830-7ef2-11f0-9a44-91d46b4c5819,79.78727,,,7.4537,,,,,,,a1610a2b-efcb-4247-9bb7-6790101691be,2025-08-22,00:51:38.67,2025-08-21T20:51:38.6795520-04:00,2025-08-22T00:51:38.6795520Z,,v3,5433,5508,,"McCarthy, Ryan",811735,Right,SMD,8255b68c-db34-4623-9187-4bda164bc1da,55.30431,-120.09076,12.76404,5.9142,-0.28433,-16.63629,-2.28628,6.85047,0.44904,,,,,,,,,,,,,,,,,,,,,,,,,,,,,,,,,,,,,,,,,,,,,,,,,,,High,High,High,,,,,
231,2025-08-21,20:52:08.30,2,4,"Briceno, Endrys",553968,Right,SMD,"Guthrie, Dalton",656495,Right,GAS,Undefined,9,Top,1,1,2,Fastball,Sinker,BallCalled,Undefined,Undefined,Undefined,0,0,,95.73693,-2.855047,-4.835029,2257.834463,231.263127,1:45,5.6983,2.3527,5.85887,-18.26438,12.77111,14.54772,1.51213,-0.93764,86.65489,-6.298824,-2.23753,0.40096,,,,,,,,,,,,-8.87914,7.71658,-1.96802,50,5.45519,11.02696,-138.32268,-7.53482,-17.04319,33.525,-17.36237,SMD,GAS,RegencyFurnitureStadium,Independent,ATL,20250821-RegencyFurnitureStadium-1,3b8fca70-7ef2-11f0-9a44-91d46b4c5819,94.00555,,,9.08204,,,,,,,a1610a2b-efcb-4247-9bb7-6790101691be,2025-08-22,00:52:08.30,2025-08-21T20:52:08.3064320-04:00,2025-08-22T00:52:08.3064320Z,,v3,5433,5508,,"McCarthy, Ryan",811735,Right,SMD,93d1c281-6405-4ea3-8b35-d36beb9f13d0,54.63763,-139.44217,16.7625,5.69712,-6.95505,-8.68118,-2.34574,11.59607,-8.52159,,,,,,,,,,,,,,,,,,,,,,,,,,,,,,,,,,,,,,,,,,,,,,,,,,,High,High,High,,,,,
232,2025-08-21,20:52:27.70,2,5,"Briceno, Endrys",553968,Right,SMD,"Guthrie, Dalton",656495,Right,GAS,Undefined,9,Top,1,2,2,Fastball,Sinker,FoulBallNotFieldable,Undefined,Undefined,Undefined,0,0,,96.06601,-2.438024,-4.712469,2294.853648,241.432338,2:00,5.64152,2.2985,6.03552,-20.11828,10.44103,17.2067,1.69846,-0.64104,87.01703,-6.223829,-1.627804,0.397872,,,,,,,,,,,,-10.32697,6.43103,-1.93939,50,5.43972,10.69013,-138.95675,-6.61777,-20.00212,33.86664,-19.7179,SMD,GAS,RegencyFurnitureStadium,Independent,ATL,20250821-RegencyFurnitureStadium-1,47218590-7ef2-11f0-9a44-91d46b4c5819,94.73514,,,9.04898,,,,,,,a1610a2b-efcb-4247-9bb7-6790101691be,2025-08-22,00:52:27.70,2025-08-21T20:52:27.7063168-04:00,2025-08-22T00:52:27.7063168Z,,v3,5433,5508,,"McCarthy, Ryan",811735,Right,SMD,ea49ecb4-bfae-4541-9cbc-ab857eac61fb,54.46285,-140.04021,16.93332,5.64135,-5.98695,-9.85895,-2.29163,11.33004,-10.00106,,,,,,,,,,,,,,,,,,,,,,,,,,,,,,,,,,,,,,,,,,,,,,,,,,,High,High,High,,,,,
233,2025-08-21,20:52:53.49,2,6,"Briceno, Endrys",553968,Right,SMD,"Guthrie, Dalton",656495,Right,GAS,Undefined,9,Top,1,2,2,Slider,Slider,BallCalled,Undefined,Undefined,Undefined,0,0,,82.98189,-1.880106,-3.715453,2136.422451,20.982817,6:45,5.8744,2.23458,5.7869,-41.86116,-1.16457,-0.90476,0.6326,-1.30216,76.94951,-9.493614,-3.877367,0.459145,,,,,,,,,,,,-0.52528,0.23799,-1.92758,50,5.69376,7.84991,-120.34584,-5.37238,-0.77354,22.45711,-31.82355,SMD,GAS,RegencyFurnitureStadium,Independent,ATL,20250821-RegencyFurnitureStadium-1,56868fd0-7ef2-11f0-9a44-91d46b4c5819,82.09259,,,6.03239,,,,,,,a1610a2b-efcb-4247-9bb7-6790101691be,2025-08-22,00:52:53.49,2025-08-21T20:52:53.4915072-04:00,2025-08-22T00:52:53.4915072Z,,v3,5433,5508,,"McCarthy, Ryan",811735,Right,SMD,e8bf112a-1006-42be-9420-1e800543aed9,54.71327,-121.22217,11.22856,5.87917,-4.13055,-15.91178,-2.23449,7.8801,-0.38677,,,,,,,,,,,,,,,,,,,,,,,,,,,,,,,,,,,,,,,,,,,,,,,,,,,High,High,High,,,,,
234,2025-08-21,20:53:16.53,2,7,"Briceno, Endrys",553968,Right,SMD,"Guthrie, Dalton",656495,Right,GAS,Undefined,9,Top,1,3,2,Slider,Slider,BallCalled,Walk,Undefined,Undefined,0,0,,82.96682,-1.593272,-4.137577,2207.423075,49.865455,7:45,5.87513,2.22077,5.40307,-42.92668,-1.50457,-3.25173,0.80073,-1.93386,76.78541,-9.345816,-4.714516,0.46322,,,,,,,,,,,,0.51917,0.04634,-1.84929,50,5.70263,8.82712,-120.1812,-4.89343,0.76126,22.73515,-32.10611,SMD,GAS,RegencyFurnitureStadium,Independent,ATL,20250821-RegencyFurnitureStadium-1,6444eef0-7ef2-11f0-9a44-91d46b4c5819,81.37043,,,6.18141,,,,,,,a1610a2b-efcb-4247-9bb7-6790101691be,2025-08-22,00:53:16.53,2025-08-21T20:53:16.5304832-04:00,2025-08-22T00:53:16.5304832Z,,v3,5433,5508,,"McCarthy, Ryan",811735,Right,SMD,569386d7-b9ff-4162-8cab-b77586d041fc,55.09632,-121.14145,11.36758,5.88068,-3.53738,-16.05305,-2.22144,8.79497,0.38063,,,,,,,,,,,,,,,,,,,,,,,,,,,,,,,,,,,,,,,,,,,,,,,,,,,High,High,High,,,,,
235,2025-08-21,20:53:54.34,3,1,"Briceno, Endrys",553968,Right,SMD,"Crook, Narciso",643271,Right,GAS,Undefined,9,Top,1,0,0,Fastball,Sinker,BallCalled,Undefined,Undefined,Undefined,0,0,,94.9738,-3.43739,-4.275977,2383.333568,234.20311,1:45,5.77496,2.28445,5.88077,-16.75603,14.9858,19.10025,1.1737,-0.10219,85.3121,-6.632128,-0.858555,0.405497,,,,,,,,,,,,-11.10646,9.1276,-1.94943,50,5.48686,9.36734,-137.15078,-8.78431,-20.78464,35.28606,-15.09262,SMD,GAS,RegencyFurnitureStadium,Independent,ATL,20250821-RegencyFurnitureStadium-1,7ac917f0-7ef2-11f0-9a44-91d46b4c5819,92.95371,,,9.66171,,,,,,,a1610a2b-efcb-4247-9bb7-6790101691be,2025-08-22,00:53:54.34,2025-08-21T20:53:54.3422976-04:00,2025-08-22T00:53:54.3422976Z,,v3,5433,5508,,"McCarthy, Ryan",811735,Right,SMD,ee51aec4-8991-4c04-ab54-89d2eda13981,54.6148,-138.33297,17.64303,5.77269,-8.27866,-7.54631,-2.27493,10.06369,-10.39232,,,,,,,,,,,,,,,,,,,,,,,,,,,,,,,,,,,,,,,,,,,,,,,,,,,High,High,High,,,,,
236,2025-08-21,20:54:15.82,3,2,"Briceno, Endrys",553968,Right,SMD,"Crook, Narciso",643271,Right,GAS,Undefined,9,Top,1,1,0,Fastball,Sinker,BallCalled,Undefined,Undefined,Undefined,0,0,,94.94613,-3.30512,-4.823056,2352.950588,235.932735,1:45,5.66417,2.29215,5.91219,-17.94686,13.67497,18.50009,1.08676,-0.65313,85.64203,-6.7056,-1.515013,0.40473,,,,,,,,,,,,-10.94339,8.37622,-1.91488,50,5.38784,10.71853,-137.09926,-8.52457,-20.55778,33.99021,-16.43886,SMD,GAS,RegencyFurnitureStadium,Independent,ATL,20250821-RegencyFurnitureStadium-1,8792dde0-7ef2-11f0-9a44-91d46b4c5819,93.12994,,,9.3041,,,,,,,a1610a2b-efcb-4247-9bb7-6790101691be,2025-08-22,00:54:15.82,2025-08-21T20:54:15.8288896-04:00,2025-08-22T00:54:15.8288896Z,,v3,5433,5508,,"McCarthy, Ryan",811735,Right,SMD,10aab691-bfc7-4258-a9b7-3fb1ee46da6b,54.5842,-138.23112,16.9951,5.66259,-7.97716,-8.21943,-2.2832,11.4031,-10.27889,,,,,,,,,,,,,,,,,,,,,,,,,,,,,,,,,,,,,,,,,,,,,,,,,,,High,High,High,,,,,
237,2025-08-21,20:54:35.79,3,3,"Briceno, Endrys",553968,Right,SMD,"Crook, Narciso",643271,Right,GAS,Undefined,9,Top,1,2,0,Slider,Curveball,StrikeSwinging,Undefined,Undefined,Undefined,0,0,,82.75519,0.149967,-2.646994,2124.045265,10.785347,6:15,5.87838,2.39212,5.49899,-45.4655,-3.60752,-0.95847,2.23001,-0.16531,75.35977,-8.149134,-2.817762,0.465651,,,,,,,,,,,,-0.33807,-1.42236,-2.15999,50,5.86099,5.58541,-119.95209,-1.31197,-0.48715,25.57393,-34.22374,SMD,GAS,RegencyFurnitureStadium,Independent,ATL,20250821-RegencyFurnitureStadium-1,9382e5a0-7ef2-11f0-9a44-91d46b4c5819,80.94567,,,7.39542,,,,,,,a1610a2b-efcb-4247-9bb7-6790101691be,2025-08-22,00:54:35.79,2025-08-21T20:54:35.7920256-04:00,2025-08-22T00:54:35.7920256Z,,v3,5433,5508,,"McCarthy, Ryan",811735,Right,SMD,dc0ba4af-de59-4414-b7d1-d8aba7af6e89,54.99849,-121.01308,12.78697,5.88597,0.10788,-17.11187,-2.39213,5.60562,-0.24358,,,,,,,,,,,,,,,,,,,,,,,,,,,,,,,,,,,,,,,,,,,,,,,,,,,High,High,High,,,,,
238,2025-08-21,20:54:57.16,3,4,"Briceno, Endrys",553968,Right,SMD,"Crook, Narciso",643271,Right,GAS,Undefined,9,Top,1,2,1,Fastball,Sinker,StrikeSwinging,Undefined,Undefined,Undefined,0,0,,95.01858,-1.878836,-3.116472,2370.945768,233.398441,1:45,5.78989,2.34347,5.93924,-16.9756,14.40513,17.85694,2.62916,0.93773,85.60096,-5.11619,0.087321,0.403183,,,,,,,,,,,,-10.07091,8.29717,-2.10451,50,5.63037,6.6667,-137.61919,-5.05294,-19.04071,34.5697,-16.4869,SMD,GAS,RegencyFurnitureStadium,Independent,ATL,20250821-RegencyFurnitureStadium-1,a03ad140-7ef2-11f0-9a44-91d46b4c5819,93.48706,,,9.41762,,,,,,,a1610a2b-efcb-4247-9bb7-6790101691be,2025-08-22,00:54:57.16,2025-08-21T20:54:57.1675136-04:00,2025-08-22T00:54:57.1675136Z,,v3,5433,5508,,"McCarthy, Ryan",811735,Right,SMD,328f3c3a-dac8-4aa7-9f62-86b2f5711300,54.55636,-138.75902,17.28485,5.78802,-4.50934,-8.24345,-2.33467,7.29451,-9.52035,,,,,,,,,,,,,,,,,,,,,,,,,,,,,,,,,,,,,,,,,,,,,,,,,,,High,High,High,,,,,
239,2025-08-21,20:55:33.97,3,5,"Briceno, Endrys",553968,Right,SMD,"Crook, Narciso",643271,Right,GAS,Undefined,9,Top,1,2,2,Slider,Slider,StrikeSwinging,Strikeout,Undefined,Undefined,0,0,,83.7005,0.731342,-2.775534,2189.965379,28.840061,7:00,5.8657,2.30755,5.46275,-44.41534,-3.5941,-2.71406,2.84976,-0.51844,76.40589,-7.370139,-3.258267,0.459848,,,,,,,,,,,,0.53661,-1.58343,-2.06118,50,5.89996,5.99777,-121.34129,-0.07035,0.79488,25.17152,-34.51962,SMD,GAS,RegencyFurnitureStadium,Independent,ATL,20250821-RegencyFurnitureStadium-1,b6370590-7ef2-11f0-9a44-91d46b4c5819,81.96716,,,7.29462,,,,,,,a1610a2b-efcb-4247-9bb7-6790101691be,2025-08-22,00:55:33.97,2025-08-21T20:55:33.9767296-04:00,2025-08-22T00:55:33.9767296Z,,v3,5433,5508,,"McCarthy, Ryan",811735,Right,SMD,45313d59-4116-44b2-87c6-aeea837b5ab1,55.03485,-122.38128,12.58576,5.87341,1.35587,-17.25981,-2.30831,5.96492,0.39744,,,,,,,,,,,,,,,,,,,,,,,,,,,,,,,,,,,,,,,,,,,,,,,,,,,High,High,High,,,,,
240,2025-08-21,20:56:18.65,4,1,"Briceno, Endrys",553968,Right,SMD,"De La Rosa, Eric",680763,Right,GAS,Undefined,9,Top,2,0,0,Slider,Slider,StrikeSwinging,Undefined,Undefined,Undefined,0,0,,83.7077,-2.295443,-3.480285,2170.120505,25.90438,6:45,5.89113,2.40882,5.57475,-43.04817,-1.78394,-1.5978,0.15472,-0.97893,75.9875,-10.13317,-3.765362,0.462337,,,,,,,,,,,,-0.36047,0.28028,-2.10784,50,5.66502,7.42772,-121.05501,-6.37663,-0.52423,28.03823,-31.76645,SMD,GAS,RegencyFurnitureStadium,Independent,ATL,20250821-RegencyFurnitureStadium-1,d0cfcc70-7ef2-11f0-9a44-91d46b4c5819,81.52597,,,7.72019,,,,,,,a1610a2b-efcb-4247-9bb7-6790101691be,2025-08-22,00:56:18.65,2025-08-21T20:56:18.6578432-04:00,2025-08-22T00:56:18.6578432Z,,v3,5433,5508,,"McCarthy, Ryan",811735,Right,SMD,e7e5de2a-e009-47c3-a7b5-af63792a6504,54.92229,-122.18977,14.01912,5.89708,-5.09098,-15.88323,-2.40889,7.44894,-0.26211,,,,,,,,,,,,,,,,,,,,,,,,,,,,,,,,,,,,,,,,,,,,,,,,,,,High,High,High,,,,,
241,2025-08-21,20:56:57.14,4,2,"Briceno, Endrys",553968,Right,SMD,"De La Rosa, Eric",680763,Right,GAS,Undefined,9,Top,2,0,1,Fastball,Four-Seam,StrikeSwinging,Undefined,Undefined,Undefined,0,0,,95.02712,-1.998861,-3.153302,2414.950557,222.196197,1:30,5.7422,2.50015,5.92427,-13.17792,18.23442,15.48812,2.78573,0.86192,85.50895,-4.558577,-0.376678,0.403387,,,,,,,,,,,,-8.8541,10.26784,-2.2561,50,5.57454,6.85662,-137.58977,-5.16366,-16.73203,34.57046,-12.7704,SMD,GAS,RegencyFurnitureStadium,Independent,ATL,20250821-RegencyFurnitureStadium-1,e7c38020-7ef2-11f0-9a44-91d46b4c5819,93.43995,,,9.51817,,,,,,,a1610a2b-efcb-4247-9bb7-6790101691be,2025-08-22,00:56:57.14,2025-08-21T20:56:57.1414528-04:00,2025-08-22T00:56:57.1414528Z,,v3,5433,5508,,"McCarthy, Ryan",811735,Right,SMD,76229df2-e7cb-4b3f-8291-45964060a3d0,54.57043,-138.73337,17.28523,5.73837,-4.74121,-6.3852,-2.49207,7.41012,-8.36601,,,,,,,,,,,,,,,,,,,,,,,,,,,,,,,,,,,,,,,,,,,,,,,,,,,High,High,High,,,,,
242,2025-08-21,20:57:21.00,4,3,"Briceno, Endrys",553968,Right,SMD,"De La Rosa, Eric",680763,Right,GAS,Undefined,9,Top,2,0,2,Fastball,Four-Seam,BallCalled,Undefined,Undefined,Undefined,0,0,,95.09434,-0.889334,-3.585509,2384.18793,224.112404,1:30,5.73694,2.22195,5.89597,-14.06705,17.22694,15.62765,3.73735,0.19113,85.75954,-3.604272,-0.787482,0.402626,,,,,,,,,,,,-9.01792,9.37319,-1.94165,50,5.65714,7.8991,-137.73521,-2.54331,-17.13892,33.63531,-14.35995,SMD,GAS,RegencyFurnitureStadium,Independent,ATL,20250821-RegencyFurnitureStadium-1,f5fb2df0-7ef2-11f0-9a44-91d46b4c5819,93.61645,,,9.3348,,,,,,,a1610a2b-efcb-4247-9bb7-6790101691be,2025-08-22,00:57:21.00,2025-08-21T20:57:21.0078208-04:00,2025-08-22T00:57:21.0078208Z,,v3,5433,5508,,"McCarthy, Ryan",811735,Right,SMD,b7ae1922-d93b-4fb2-95be-ad3802f1869b,54.5992,-138.8538,16.81765,5.73378,-2.06574,-7.17997,-2.21382,8.46908,-8.56946,,,,,,,,,,,,,,,,,,,,,,,,,,,,,,,,,,,,,,,,,,,,,,,,,,,High,High,High,,,,,
243,2025-08-21,20:57:45.31,4,4,"Briceno, Endrys",553968,Right,SMD,"De La Rosa, Eric",680763,Right,GAS,Undefined,9,Top,2,1,2,Fastball,Sinker,FoulBallNotFieldable,Undefined,Undefined,Undefined,0,0,,95.32518,-2.139532,-4.194178,2426.736156,231.421894,1:45,5.68572,2.23112,6.01738,-16.02434,15.02095,17.44788,2.36231,-0.20681,86.13509,-5.202688,-1.065217,0.401023,,,,,,,,,,,,-10.21493,8.69,-1.91119,50,5.50887,9.32482,-137.95987,-5.6564,-19.48585,33.62083,-15.59717,SMD,GAS,RegencyFurnitureStadium,Independent,ATL,20250821-RegencyFurnitureStadium-1,04714450-7ef3-11f0-9a44-91d46b4c5819,93.99072,,,9.19009,,,,,,,a1610a2b-efcb-4247-9bb7-6790101691be,2025-08-22,00:57:45.31,2025-08-21T20:57:45.3119488-04:00,2025-08-22T00:57:45.3119488Z,,v3,5433,5508,,"McCarthy, Ryan",811735,Right,SMD,20d50d87-2b04-437b-a9c8-f1103cbeff76,54.47933,-139.0472,16.81042,5.68364,-5.15198,-7.79858,-2.22295,9.95501,-9.74293,,,,,,,,,,,,,,,,,,,,,,,,,,,,,,,,,,,,,,,,,,,,,,,,,,,High,High,High,,,,,
244,2025-08-21,20:58:29.41,4,5,"Briceno, Endrys",553968,Right,SMD,"De La Rosa, Eric",680763,Right,GAS,Undefined,9,Top,2,1,2,Slider,Slider,BallCalled,Undefined,Undefined,Undefined,0,0,,84.81754,-1.53029,-3.212155,2258.442439,346.190596,5:30,5.91432,2.1054,5.53847,-42.10971,-2.84555,0.98295,0.97232,-0.81803,78.55171,-9.162296,-3.036878,0.450993,,,,,,,,,,,,-1.35071,-0.69311,-1.8273,50,5.75322,6.86539,-123.05163,-4.81752,-2.08035,23.38046,-33.24157,SMD,GAS,RegencyFurnitureStadium,Independent,ATL,20250821-RegencyFurnitureStadium-1,1ec36540-7ef3-11f0-9a44-91d46b4c5819,83.5766,,,6.26583,,,,,,,a1610a2b-efcb-4247-9bb7-6790101691be,2025-08-22,00:58:29.41,2025-08-21T20:58:29.4197760-04:00,2025-08-22T00:58:29.4197760Z,,v3,5433,5508,,"McCarthy, Ryan",811735,Right,SMD,6c8467d9-744b-40c7-81a6-d8a4e9973a4d,54.96148,-123.99076,11.69023,5.91991,-3.4823,-16.62078,-2.10474,6.94895,-1.04017,,,,,,,,,,,,,,,,,,,,,,,,,,,,,,,,,,,,,,,,,,,,,,,,,,,High,High,High,,,,,
245,2025-08-21,20:58:51.12,4,6,"Briceno, Endrys",553968,Right,SMD,"De La Rosa, Eric",680763,Right,GAS,Undefined,9,Top,2,2,2,Slider,Slider,StrikeSwinging,Strikeout,Undefined,Undefined,0,0,,83.85813,-1.796184,-3.167629,2177.999586,329.390368,5:00,5.95714,2.23566,5.6976,-42.53203,-2.60193,2.23421,0.7359,-0.53294,77.73005,-9.522266,-2.76781,0.454801,,,,,,,,,,,,-1.9841,-0.51138,-1.971,50,5.77937,6.64546,-121.68116,-5.30492,-2.98773,22.90197,-32.9441,SMD,GAS,RegencyFurnitureStadium,Independent,ATL,20250821-RegencyFurnitureStadium-1,2bacc120-7ef3-11f0-9a44-91d46b4c5819,82.87672,,,6.12808,,,,,,,a1610a2b-efcb-4247-9bb7-6790101691be,2025-08-22,00:58:51.12,2025-08-21T20:58:51.1208960-04:00,2025-08-22T00:58:51.1208960Z,,v3,5433,5508,,"McCarthy, Ryan",811735,Right,SMD,ff157c59-873e-4ed0-b1f5-44c228380622,54.8026,-122.58174,11.45098,5.96251,-4.00945,-16.47205,-2.23463,6.76295,-1.49386,,,,,,,,,,,,,,,,,,,,,,,,,,,,,,,,,,,,,,,,,,,,,,,,,,,High,High,High,,,,,
246,2025-08-21,21:02:03.93,1,1,"Thompson, Cory",642140,Right,GAS,"Howard, Pearce",1000025678,Left,SMD,Undefined,9,Bottom,0,0,0,Fastball,Four-Seam,FoulBallNotFieldable,Undefined,Undefined,Undefined,0,0,,95.61221,-2.077579,-3.915192,2417.648714,195.06844,12:30,6.07144,2.4997,5.85169,-13.33327,17.49796,4.4376,3.02454,-0.77405,87.04885,-4.630941,-3.122534,0.399638,,,,,,,,,,,,-3.37299,9.82056,-2.18371,50,5.89439,9.26994,-138.44668,-5.42363,-6.53006,31.64046,-13.16161,SMD,GAS,RegencyFurnitureStadium,Independent,ATL,20250821-RegencyFurnitureStadium-1,9e9b3590-7ef3-11f0-9a44-91d46b4c5819,94.31643,,,8.56336,,,,,,,a1610a2b-efcb-4247-9bb7-6790101691be,2025-08-22,01:02:03.93,2025-08-21T21:02:03.9346688-04:00,2025-08-22T01:02:03.9346688Z,,v3,5433,5508,,"Olmeda, Alexis",663406,Right,GAS,8e1e5545-33f1-4653-9039-05f16aa84047,54.64431,-139.50405,15.82023,6.06828,-4.98379,-6.5808,-2.49715,9.48816,-3.26503,,,,,,,,,,,,,,,,,,,,,,,,,,,,,,,,,,,,,,,,,,,,,,,,,,,High,High,High,,,,,
247,2025-08-21,21:02:19.12,1,2,"Thompson, Cory",642140,Right,GAS,"Howard, Pearce",1000025678,Left,SMD,Undefined,9,Bottom,0,0,1,Fastball,Four-Seam,BallCalled,Undefined,Undefined,Undefined,0,0,,96.41753,-0.946106,-3.127028,2392.757085,201.964211,12:45,6.13703,2.59068,5.73224,-13.98202,16.48001,6.23437,4.08941,0.19526,87.45504,-3.620079,-2.014078,0.397238,,,,,,,,,,,,-4.06103,8.93587,-2.33364,50,6.04955,7.33475,-139.72701,-2.74161,-7.98607,33.03696,-14.60144,SMD,GAS,RegencyFurnitureStadium,Independent,ATL,20250821-RegencyFurnitureStadium-1,a78bb8f0-7ef3-11f0-9a44-91d46b4c5819,94.88629,,,8.96249,,,,,,,a1610a2b-efcb-4247-9bb7-6790101691be,2025-08-22,01:02:19.12,2025-08-21T21:02:19.1299584-04:00,2025-08-22T01:02:19.1299584Z,,v3,5433,5508,,"Olmeda, Alexis",663406,Right,GAS,07f855d0-52b0-47e7-be55-3792293d9fca,54.76286,-140.84864,16.51848,6.13421,-2.24589,-7.30072,-2.58726,7.60588,-3.99304,,,,,,,,,,,,,,,,,,,,,,,,,,,,,,,,,,,,,,,,,,,,,,,,,,,High,High,High,,,,,
248,2025-08-21,21:02:34.63,1,3,"Thompson, Cory",642140,Right,GAS,"Howard, Pearce",1000025678,Left,SMD,Undefined,9,Bottom,0,1,1,Slider,Curveball,StrikeSwinging,Undefined,Undefined,Undefined,0,0,,84.82434,-0.072199,-2.141868,2424.188947,6.006425,6:15,6.05987,2.66953,4.95816,-50.75318,-10.56749,-1.24016,1.76218,0.54168,78.22946,-9.174286,-2.361034,0.456254,,,,,,,,,,,,0.02079,-4.84488,-2.46098,50,6.01068,4.65878,-123.09022,-2.18932,0.03193,24.35629,-39.60964,SMD,GAS,RegencyFurnitureStadium,Independent,ATL,20250821-RegencyFurnitureStadium-1,b0e9a420-7ef3-11f0-9a44-91d46b4c5819,82.61277,,,6.59488,,,,,,,a1610a2b-efcb-4247-9bb7-6790101691be,2025-08-22,01:02:34.63,2025-08-21T21:02:34.6373120-04:00,2025-08-22T01:02:34.6373120Z,,v3,5433,5508,,"Olmeda, Alexis",663406,Right,GAS,e5639cab-3643-4070-8790-946fc9d84dc2,55.54268,-124.18213,12.17814,6.06902,-0.4136,-19.80482,-2.6698,4.65735,0.01596,,,,,,,,,,,,,,,,,,,,,,,,,,,,,,,,,,,,,,,,,,,,,,,,,,,High,High,High,,,,,
249,2025-08-21,21:02:51.16,1,4,"Thompson, Cory",642140,Right,GAS,"Howard, Pearce",1000025678,Left,SMD,Undefined,9,Bottom,0,1,2,Fastball,Four-Seam,StrikeSwinging,Strikeout,Undefined,Undefined,0,0,,95.76867,-1.815705,-3.525005,2402.147865,194.049795,12:30,6.04221,2.52512,5.86671,-13.46989,17.2745,4.06524,3.22934,-0.41465,87.00097,-4.399349,-2.798082,0.399075,,,,,,,,,,,,-3.09701,9.65036,-2.24166,50,5.88704,8.35719,-138.72665,-4.79975,-6.00581,32.45063,-13.45969,SMD,GAS,RegencyFurnitureStadium,Independent,ATL,20250821-RegencyFurnitureStadium-1,bac1ef70-7ef3-11f0-9a44-91d46b4c5819,94.44953,,,8.7677,,,,,,,a1610a2b-efcb-4247-9bb7-6790101691be,2025-08-22,01:02:51.16,2025-08-21T21:02:51.1680000-04:00,2025-08-22T01:02:51.1680000Z,,v3,5433,5508,,"Olmeda, Alexis",663406,Right,GAS,19c13a2c-5235-4e28-b84b-31b7bddd40d8,54.62898,-139.80526,16.22532,6.03914,-4.35238,-6.72984,-2.52276,8.55681,-3.00291,,,,,,,,,,,,,,,,,,,,,,,,,,,,,45.02694,2.890404,0.935424,1.95498,-1.57174,2.99453,0.55964,-4.90042,4.52233,1.37182,75.72947,11.57346,-49.05291,-4.62228,46.36046,-2.68437,4.83844,32.85361,-15.02824,1.26618,-28.23871,1.27679,High,High,High,,,High,High,High
250,2025-08-21,21:03:27.43,2,1,"Thompson, Cory",642140,Right,GAS,"Barrera, Brett",686941,Right,SMD,Undefined,9,Bottom,1,0,0,Slider,Slider,BallCalled,Undefined,Undefined,Undefined,0,0,,84.74531,-0.641905,-2.891209,2367.432697,26.272101,7:00,5.99877,2.8756,4.94765,-45.63758,-5.21886,-3.19709,1.58827,-0.12519,77.97408,-8.840289,-3.455097,0.457575,,,,,,,,,,,,0.76906,-2.04335,-2.59211,50,5.89845,6.34542,-122.83645,-3.17812,1.17323,24.68527,-35.29119,SMD,GAS,RegencyFurnitureStadium,Independent,ATL,20250821-RegencyFurnitureStadium-1,d06925f0-7ef3-11f0-9a44-91d46b4c5819,82.37427,,,6.77123,,,,,,,a1610a2b-efcb-4247-9bb7-6790101691be,2025-08-22,01:03:27.43,2025-08-21T21:03:27.4392576-04:00,2025-08-22T01:03:27.4392576Z,,v3,5433,5508,,"Olmeda, Alexis",663406,Right,GAS,25a0424f-bf0d-4c0e-beb1-0ec4b762b6d6,55.55186,-123.94714,12.34264,6.00572,-1.59023,-17.64559,-2.87643,6.29263,0.58661,,,,,,,,,,,,,,,,,,,,,,,,,,,,,,,,,,,,,,,,,,,,,,,,,,,High,High,High,,,,,
251,2025-08-21,21:03:43.66,2,2,"Thompson, Cory",642140,Right,GAS,"Barrera, Brett",686941,Right,SMD,Undefined,9,Bottom,1,1,0,Slider,Slider,BallCalled,Undefined,Undefined,Undefined,0,0,,85.72609,-1.277343,-2.471169,2414.481851,5.518105,6:15,6.03733,2.74979,4.876,-45.3151,-5.81544,-0.67795,1.05113,0.35363,79.12585,-9.391057,-2.59076,0.452343,,,,,,,,,,,,-0.34488,-2.1941,-2.50622,50,5.87292,5.39498,-124.30394,-4.59923,-0.54007,24.71596,-35.6099,SMD,GAS,RegencyFurnitureStadium,Independent,ATL,20250821-RegencyFurnitureStadium-1,da10c450-7ef3-11f0-9a44-91d46b4c5819,83.32708,,,6.60023,,,,,,,a1610a2b-efcb-4247-9bb7-6790101691be,2025-08-22,01:03:43.66,2025-08-21T21:03:43.6669952-04:00,2025-08-22T01:03:43.6669952Z,,v3,5433,5508,,"Olmeda, Alexis",663406,Right,GAS,e5a56f8b-0591-45a9-8676-6a0ab88f416e,55.62411,-125.41723,12.35798,6.04396,-2.99525,-17.80495,-2.74978,5.4193,-0.27003,,,,,,,,,,,,,,,,,,,,,,,,,,,,,,,,,,,,,,,,,,,,,,,,,,,High,High,High,,,,,
252,2025-08-21,21:03:59.27,2,3,"Thompson, Cory",642140,Right,GAS,"Barrera, Brett",686941,Right,SMD,Undefined,9,Bottom,1,2,0,Fastball,Four-Seam,FoulBallNotFieldable,Undefined,Undefined,Undefined,0,0,,95.46492,-2.702806,-3.308022,2404.18881,198.350843,12:30,5.94208,2.64544,5.84465,-15.33654,15.42654,4.79658,2.14628,-0.03239,87.4542,-5.599104,-2.450021,0.399196,79.18683,32.432772,127.887005,5490.187066,,,,,50.84036,,,-3.35492,8.92063,-2.37887,50,5.71271,7.78134,-138.35912,-7.03527,-6.5187,30.1889,-14.84112,SMD,GAS,RegencyFurnitureStadium,Independent,ATL,20250821-RegencyFurnitureStadium-1,e355f760-7ef3-11f0-9a44-91d46b4c5819,94.42081,28.38792,,8.01073,,,,0.38757,2.04367,0.12754,a1610a2b-efcb-4247-9bb7-6790101691be,2025-08-22,01:03:59.27,2025-08-21T21:03:59.2727552-04:00,2025-08-22T01:03:59.2727552Z,,v3,5433,5508,,"Olmeda, Alexis",663406,Right,GAS,867211e2-81c8-4940-8b24-ad6339065a03,54.65336,-139.37075,15.09445,5.94013,-6.53794,-7.42056,-2.64329,7.99978,-3.25935,,0.38757,-60.19779,-1.20495,2.55004,-0.97406,0.30294,-0.08476,0.02437,-0.00505,2.04367,62.28727,-28.86831,4.0466,-0.84835,0.15613,-0.02688,0.00337,0.00015,0.12754,77.36366,-16.78901,3.88135,-0.8745,0.16282,-0.02909,0.00188,0.00104,,,,,,,,,,,,,,,,,,,,,,,High,High,High,High,Undefined,,,
253,2025-08-21,21:04:22.21,2,4,"Thompson, Cory",642140,Right,GAS,"Barrera, Brett",686941,Right,SMD,Undefined,9,Bottom,1,2,1,Fastball,Four-Seam,StrikeCalled,Undefined,Undefined,Undefined,0,0,,95.14774,-2.306057,-3.449583,2388.232724,199.509921,12:45,5.99859,2.55561,5.95228,-13.78591,17.33954,5.76485,2.70606,-0.16704,86.28177,-4.954705,-2.416683,0.40154,,,,,,,,,,,,-3.97902,9.88839,-2.28429,50,5.80716,8.04435,-137.7923,-5.95446,-7.59339,32.73609,-13.30347,SMD,GAS,RegencyFurnitureStadium,Independent,ATL,20250821-RegencyFurnitureStadium-1,f1033f80-7ef3-11f0-9a44-91d46b4c5819,93.86961,,,8.86597,,,,,,,a1610a2b-efcb-4247-9bb7-6790101691be,2025-08-22,01:04:22.21,2025-08-21T21:04:22.2159360-04:00,2025-08-22T01:04:22.2159360Z,,v3,5433,5508,,"Olmeda, Alexis",663406,Right,GAS,b832234d-b3fb-4a95-bdda-30c65796b2c5,54.5436,-138.86755,16.36805,5.99557,-5.51749,-6.65174,-2.55261,8.29376,-3.79669,,,,,,,,,,,,,,,,,,,,,,,,,,,,,,,,,,,,,,,,,,,,,,,,,,,High,High,High,,,,,
254,2025-08-21,21:04:38.87,2,5,"Thompson, Cory",642140,Right,GAS,"Barrera, Brett",686941,Right,SMD,Undefined,9,Bottom,1,2,2,Cutter,Slider,FoulBallNotFieldable,Undefined,Undefined,Undefined,0,0,,85.96656,0.740634,-1.67901,2357.936673,6.096668,6:15,6.01918,2.66004,4.91319,-45.69321,-6.60142,-0.83032,2.91206,1.00281,79.13109,-7.482242,-1.825476,0.450002,97.56084,-29.319368,-75.261593,,,,,7.263,2.8792,-57.970159,0.04393,-0.03969,-3.19925,-2.49537,50,6.05262,3.69462,-124.78157,-0.21954,-0.06276,24.47525,-37.23179,SMD,GAS,RegencyFurnitureStadium,Independent,ATL,20250821-RegencyFurnitureStadium-1,faf6b3f0-7ef3-11f0-9a44-91d46b4c5819,83.76062,3.08501,,6.83547,,,,2.45454,3.08501,-0.84504,a1610a2b-efcb-4247-9bb7-6790101691be,2025-08-22,01:04:38.87,2025-08-21T21:04:38.8738048-04:00,2025-08-22T01:04:38.8738048Z,GroundBall,v3,5433,5508,,"Olmeda, Alexis",663406,Right,GAS,4cbffcf8-1c80-4d8a-8b53-09891c94e00d,55.5878,-125.87282,12.23762,6.02541,1.44046,-18.6159,-2.66016,3.69742,-0.03138,,2.45404,31.81142,,,,,,,,3.08613,-70.22577,,,,,,,,-0.84311,-120.92759,,,,,,,,,,,,,,,,,,,,,,,,,,,,,,High,High,High,Low,Low,,,
255,2025-08-21,21:05:01.33,2,6,"Thompson, Cory",642140,Right,GAS,"Barrera, Brett",686941,Right,SMD,Undefined,9,Bottom,1,2,2,Fastball,Four-Seam,FoulBallNotFieldable,Undefined,Undefined,Undefined,0,0,,96.37195,-2.314172,-3.316388,2517.86949,188.548309,12:15,5.97403,2.59997,5.81288,-14.76418,15.77587,2.21244,2.58707,-0.30284,87.32561,-5.126294,-2.921007,0.397747,85.25735,47.486553,62.388659,6587.165082,,,,,81.71976,,,-2.14276,9.07339,-2.32937,50,5.77547,7.98411,-139.54398,-6.11425,-4.18607,34.11015,-14.44845,SMD,GAS,RegencyFurnitureStadium,Independent,ATL,20250821-RegencyFurnitureStadium-1,084ed730-7ef4-11f0-9a44-91d46b4c5819,94.76497,83.55913,,9.04634,,,,0.69719,3.06702,-0.21207,a1610a2b-efcb-4247-9bb7-6790101691be,2025-08-22,01:05:01.33,2025-08-21T21:05:01.3324800-04:00,2025-08-22T01:05:01.3324800Z,,v3,5433,5508,,"Olmeda, Alexis",663406,Right,GAS,0eac24fe-996d-405a-80b5-7629ec3b0a49,54.68367,-140.6842,17.05508,5.97178,-5.63127,-7.22423,-2.5986,8.12404,-2.09303,,0.69719,39.16336,-18.72089,6.23891,-1.70619,0.42375,-0.0959,0.01622,-0.00136,3.06702,92.17221,-23.72762,1.88463,-0.08724,-0.06618,0.0312,-0.00828,0.00117,-0.21207,74.87651,-12.98316,2.88018,-0.52853,0.07863,-0.00627,-0.00191,0.00065,,,,,,,,,,,,,,,,,,,,,,,High,High,High,Medium,Undefined,,,
256,2025-08-21,21:05:26.39,2,7,"Thompson, Cory",642140,Right,GAS,"Barrera, Brett",686941,Right,SMD,Undefined,9,Bottom,1,2,2,Fastball,Four-Seam,StrikeSwinging,Strikeout,Undefined,Undefined,0,0,,94.58481,-1.431375,-2.680185,2523.680723,205.571337,12:45,6.09063,2.69835,5.74074,-16.2043,15.31335,6.83681,3.40577,0.77073,86.18044,-4.49881,-1.458386,0.404062,,,,,,,,,,,,-4.2139,8.49134,-2.4794,50,5.96157,6.10237,-137.16058,-3.95415,-8.01405,30.81268,-16.02505,SMD,GAS,RegencyFurnitureStadium,Independent,ATL,20250821-RegencyFurnitureStadium-1,174bd0d0-7ef4-11f0-9a44-91d46b4c5819,93.28372,,,8.40437,,,,,,,a1610a2b-efcb-4247-9bb7-6790101691be,2025-08-22,01:05:26.39,2025-08-21T21:05:26.3930000-04:00,2025-08-22T01:05:26.3930000Z,,v3,5433,5508,,"Olmeda, Alexis",663406,Right,GAS,e97666bd-c8ea-4202-b699-842ed2d13b70,54.75516,-138.22468,15.40634,6.08856,-3.40073,-8.01252,-2.69492,6.37913,-4.00702,,,,,,,,,,,,,,,,,,,,,,,,,,,,,44.33476,3.289931,1.560781,1.72915,-2.41529,3.09542,-0.6761,-5.31332,5.8938,3.49967,73.47374,6.71949,51.30688,-5.20656,50.07291,-2.65501,6.03535,26.89742,-15.34445,3.51684,29.11964,-0.85865,High,High,High,,,High,High,High
257,2025-08-21,21:06:03.96,3,1,"Thompson, Cory",642140,Right,GAS,"De Aza, Alejandro",457477,Left,SMD,Undefined,9,Bottom,2,0,0,Fastball,Four-Seam,BallCalled,Undefined,Undefined,Undefined,0,0,,94.95538,-0.700339,-1.94423,2480.9592,206.933653,1:00,6.02716,1.87042,5.84072,-14.90658,16.28713,7.74957,4.13366,0.70864,86.22357,-3.549724,-0.555674,0.401981,,,,,,,,,,,,-4.49709,8.8106,-1.71649,50,5.96135,4.3179,-137.78359,-2.13921,-8.60381,31.97799,-15.31775,SMD,GAS,RegencyFurnitureStadium,Independent,ATL,20250821-RegencyFurnitureStadium-1,2daba8f0-7ef4-11f0-9a44-91d46b4c5819,93.76681,,,8.73181,,,,,,,a1610a2b-efcb-4247-9bb7-6790101691be,2025-08-22,01:06:03.96,2025-08-21T21:06:03.9633408-04:00,2025-08-22T01:06:03.9633408Z,,v3,5433,5508,,"Olmeda, Alexis",663406,Right,GAS,b261885e-b506-4f77-927a-f426dc467c91,54.65488,-138.85973,15.98899,6.02466,-1.62373,-7.65887,-1.86667,4.60744,-4.3019,,,,,,,,,,,,,,,,,,,,,,,,,,,,,,,,,,,,,,,,,,,,,,,,,,,High,High,High,,,,,
258,2025-08-21,21:06:22.67,3,2,"Thompson, Cory",642140,Right,GAS,"De Aza, Alejandro",457477,Left,SMD,Undefined,9,Bottom,2,1,0,Fastball,Four-Seam,BallCalled,Undefined,Undefined,Undefined,0,0,,94.76979,-1.0982,-1.346312,2564.681749,208.690351,1:00,6.0204,2.06219,5.81383,-15.53552,15.92954,8.12434,3.70423,1.48715,85.76939,-4.065303,0.109493,0.403725,,,,,,,,,,,,-4.51181,8.75339,-1.95657,50,5.92124,2.84938,-137.46619,-3.11415,-8.5571,32.98857,-15.57241,SMD,GAS,RegencyFurnitureStadium,Independent,ATL,20250821-RegencyFurnitureStadium-1,38b4ac10-7ef4-11f0-9a44-91d46b4c5819,93.36167,,,9.0004,,,,,,,a1610a2b-efcb-4247-9bb7-6790101691be,2025-08-22,01:06:22.67,2025-08-21T21:06:22.6711040-04:00,2025-08-22T01:06:22.6711040Z,,v3,5433,5508,,"Olmeda, Alexis",663406,Right,GAS,6a49642e-b452-4bda-bde2-7a200396cc9b,54.68065,-138.58488,16.49429,6.01789,-2.58606,-7.7862,-2.05811,3.13957,-4.27855,,,,,,,,,,,,,,,,,,,,,,,,,,,,,,,,,,,,,,,,,,,,,,,,,,,High,High,High,,,,,
259,2025-08-21,21:06:41.11,3,3,"Thompson, Cory",642140,Right,GAS,"De Aza, Alejandro",457477,Left,SMD,Undefined,9,Bottom,2,2,0,Fastball,Four-Seam,InPlay,Undefined,FlyBall,Out,1,0,,94.67815,-1.918511,-2.850785,2501.865893,195.179591,12:30,5.94563,2.67154,5.78539,-12.76922,18.77013,4.80319,3.09381,0.41746,85.94456,-4.380373,-1.992179,0.404201,97.96419,33.537079,2.094887,2689.273087,109.97696,70.86448,2.25069,364.62841,350.23909,-2.025625,5.613933,-3.29992,10.46445,-2.43944,50,5.77986,6.61593,-137.22617,-4.96798,-6.25331,32.1278,-12.34399,SMD,GAS,RegencyFurnitureStadium,Independent,ATL,20250821-RegencyFurnitureStadium-1,43cb43c0-7ef4-11f0-9a44-91d46b4c5819,93.25165,104.07569,,8.73359,,,,1.03862,3.04946,-0.43642,a1610a2b-efcb-4247-9bb7-6790101691be,2025-08-22,01:06:41.11,2025-08-21T21:06:41.1138560-04:00,2025-08-22T01:06:41.1138560Z,FlyBall,v3,5433,5508,,"Olmeda, Alexis",663406,Right,GAS,d6060de2-0c26-41b8-b470-b0084f21f9e4,54.71173,-138.32489,16.0639,5.94254,-4.54583,-6.17199,-2.66935,6.82978,-3.12665,176.196042,1.0434,119.59533,-24.6673,5.77854,-1.05435,0.14312,-0.01458,0.00116,-5E-05,3.04823,79.39481,-17.30216,0.69433,0.07689,-0.07531,0.02179,-0.00287,0.00014,-0.43589,4.37019,-1.91722,0.11495,0.03845,-0.01164,0.0008,8E-05,-1E-05,,,,,,,,,,,,,,,,,,,,,,,High,High,High,High,Medium,,,
260,2025-08-21,21:09:26.08,1,1,"Briceno, Endrys",553968,Right,SMD,"Skender, Ethan",663690,Right,GAS,Undefined,10,Top,0,0,0,Slider,Curveball,StrikeCalled,Undefined,Undefined,Undefined,0,0,,79.25822,1.465963,-2.07172,2009.067901,343.029122,5:30,5.95846,2.52267,4.98701,-49.89101,-3.69705,1.58126,3.18633,0.69735,72.49809,-7.559,-1.792638,0.489175,,,,,,,,,,,,-1.37429,-1.77335,-2.32437,50,6.05913,4.08925,-114.88808,1.10748,-1.83115,21.89988,-34.53693,SMD,GAS,RegencyFurnitureStadium,Independent,ATL,20250821-RegencyFurnitureStadium-1,a6318ab0-7ef4-11f0-9a44-91d46b4c5819,77.05311,,,6.76013,,,,,,,a1610a2b-efcb-4247-9bb7-6790101691be,2025-08-22,01:09:26.08,2025-08-21T21:09:26.0810240-04:00,2025-08-22T01:09:26.0810240Z,,v3,5433,5508,,"McCarthy, Ryan",811735,Right,SMD,a9709454-6c1c-4462-9244-66c02a1bd461,55.51118,-115.93386,10.94994,5.96687,2.75672,-17.26847,-2.52174,4.17669,-0.91557,,,,,,,,,,,,,,,,,,,,,,,,,,,,,,,,,,,,,,,,,,,,,,,,,,,High,High,High,,,,,
261,2025-08-21,21:09:46.36,1,2,"Briceno, Endrys",553968,Right,SMD,"Skender, Ethan",663690,Right,GAS,Undefined,10,Top,0,0,1,Slider,Curveball,FoulBallNotFieldable,Undefined,Undefined,Undefined,0,0,,81.37685,-0.018782,-3.346031,2092.495545,331.18065,5:00,5.93646,2.45738,5.34273,-47.36936,-4.07658,3.00504,1.97136,-0.43453,74.65237,-8.612662,-2.812561,0.473564,,,,,,,,,,,,-2.49433,-1.71854,-2.1578,50,5.90034,6.77653,-117.96922,-1.72082,-3.50043,23.31274,-34.58578,SMD,GAS,RegencyFurnitureStadium,Independent,ATL,20250821-RegencyFurnitureStadium-1,b241ebb0-7ef4-11f0-9a44-91d46b4c5819,79.59307,,,6.72447,,,,,,,a1610a2b-efcb-4247-9bb7-6790101691be,2025-08-22,01:09:46.36,2025-08-21T21:09:46.3680000-04:00,2025-08-22T01:09:46.3680000Z,,v3,5433,5508,,"McCarthy, Ryan",811735,Right,SMD,dc049568-480f-49f0-96f2-9bdff59714c6,55.15745,-118.98406,11.65637,5.94248,-0.21526,-17.29289,-2.45611,6.92891,-1.75021,,,,,,,,,,,,,,,,,,,,,,,,,,,,,,,,,,,,,,,,,,,,,,,,,,,High,High,High,,,,,
262,2025-08-21,21:10:28.10,1,3,"Briceno, Endrys",553968,Right,SMD,"Skender, Ethan",663690,Right,GAS,Undefined,10,Top,0,0,2,Slider,Slider,StrikeSwinging,Strikeout,Undefined,Undefined,0,0,,83.66255,-1.267255,-3.655016,2181.883982,62.720049,8:00,6.02095,2.25114,5.59678,-41.37998,-1.16299,-4.4817,1.38688,-1.53936,77.65471,-8.773177,-4.453649,0.456432,,,,,,,,,,,,1.33307,0.08028,-1.93457,50,5.88506,7.93233,-121.36439,-4.14569,2.00143,22.28074,-32.05352,SMD,GAS,RegencyFurnitureStadium,Independent,ATL,20250821-RegencyFurnitureStadium-1,cb23dad0-7ef4-11f0-9a44-91d46b4c5819,82.58064,,,6.00784,,,,,,,a1610a2b-efcb-4247-9bb7-6790101691be,2025-08-22,01:10:28.10,2025-08-21T21:10:28.1064960-04:00,2025-08-22T01:10:28.1064960Z,,v3,5433,5508,,"McCarthy, Ryan",811735,Right,SMD,244af1c9-7e66-4ff8-afce-23f9c985619b,54.90325,-122.26124,11.14037,6.02596,-2.85546,-16.02676,-2.25224,7.85177,1.00072,,,,,,,,,,,,,,,,,,,,,,,,,,,,,,,,,,,,,,,,,,,,,,,,,,,High,High,High,,,,,
263,2025-08-21,21:11:05.03,2,1,"Briceno, Endrys",553968,Right,SMD,"Olmeda, Alexis",663406,Right,GAS,Undefined,10,Top,1,0,0,Slider,Slider,BallCalled,Undefined,Undefined,Undefined,0,0,,83.08439,-1.146454,-3.366701,2148.303801,62.21421,8:00,5.93656,2.38835,5.49744,-42.29116,-1.38343,-4.84315,1.33796,-1.16793,77.11515,-8.806143,-4.228553,0.460335,,,,,,,,,,,,1.5802,-0.04728,-2.09036,50,5.80741,7.28771,-120.54936,-3.91886,2.34074,21.97792,-32.24408,SMD,GAS,RegencyFurnitureStadium,Independent,ATL,20250821-RegencyFurnitureStadium-1,e12edc30-7ef4-11f0-9a44-91d46b4c5819,81.88044,,,5.96924,,,,,,,a1610a2b-efcb-4247-9bb7-6790101691be,2025-08-22,01:11:05.03,2025-08-21T21:11:05.0339840-04:00,2025-08-22T01:11:05.0339840Z,,v3,5433,5508,,"McCarthy, Ryan",811735,Right,SMD,5dc930fc-7ae4-4426-8710-8661256b62ad,55.00248,-121.45796,10.98896,5.94187,-2.58584,-16.12204,-2.38964,7.19094,1.17037,,,,,,,,,,,,,,,,,,,,,,,,,,,,,,,,,,,,,,,,,,,,,,,,,,,High,High,High,,,,,
264,2025-08-21,21:11:22.36,2,2,"Briceno, Endrys",553968,Right,SMD,"Olmeda, Alexis",663406,Right,GAS,Undefined,10,Top,1,1,0,Slider,Slider,StrikeSwinging,Undefined,Undefined,Undefined,0,0,,81.67273,-1.435662,-3.231027,2064.261579,57.366703,8:00,6.01493,2.28416,5.5131,-45.01286,-2.68622,-6.08351,0.91899,-1.24727,75.93259,-9.571535,-4.314972,0.468251,,,,,,,,,,,,2.24232,-0.62177,-1.99812,50,5.85918,6.93086,-118.51085,-4.54758,3.2079,21.39204,-33.06358,SMD,GAS,RegencyFurnitureStadium,Independent,ATL,20250821-RegencyFurnitureStadium-1,eb7e2c40-7ef4-11f0-9a44-91d46b4c5819,80.49631,,,5.74014,,,,,,,a1610a2b-efcb-4247-9bb7-6790101691be,2025-08-22,01:11:22.36,2025-08-21T21:11:22.3665152-04:00,2025-08-22T01:11:22.3665152Z,,v3,5433,5508,,"McCarthy, Ryan",811735,Right,SMD,fe6512f0-d719-4853-8f77-4dbbfd934edd,54.98723,-119.40769,10.69602,6.02078,-3.16143,-16.53179,-2.28587,6.79637,1.60395,,,,,,,,,,,,,,,,,,,,,,,,,,,,,,,,,,,,,,,,,,,,,,,,,,,High,High,High,,,,,
265,2025-08-21,21:11:43.90,2,3,"Briceno, Endrys",553968,Right,SMD,"Olmeda, Alexis",663406,Right,GAS,Undefined,10,Top,1,1,1,Fastball,Sinker,StrikeCalled,Undefined,Undefined,Undefined,0,0,,93.84978,-2.926152,-3.802146,2393.582035,227.369829,1:30,5.83608,2.35466,5.76649,-15.36178,17.46084,17.53147,1.8243,0.27192,83.65976,-5.890512,-0.670562,0.412342,,,,,,,,,,,,-10.1554,10.248,-2.05003,50,5.58424,8.17583,-135.51346,-7.38773,-18.42016,36.39729,-13.58595,SMD,GAS,RegencyFurnitureStadium,Independent,ATL,20250821-RegencyFurnitureStadium-1,f8500880-7ef4-11f0-9a44-91d46b4c5819,91.41053,,,10.19002,,,,,,,a1610a2b-efcb-4247-9bb7-6790101691be,2025-08-22,01:11:43.90,2025-08-21T21:11:43.9037952-04:00,2025-08-22T01:11:43.9037952Z,,v3,5433,5508,,"McCarthy, Ryan",811735,Right,SMD,94f14436-58c4-41fa-ac99-9b485f79bcd5,54.72676,-136.77712,18.19864,5.83254,-6.91605,-6.79297,-2.34498,8.81535,-9.21008,,,,,,,,,,,,,,,,,,,,,,,,,,,,,,,,,,,,,,,,,,,,,,,,,,,High,High,High,,,,,
266,2025-08-21,21:12:05.71,2,4,"Briceno, Endrys",553968,Right,SMD,"Olmeda, Alexis",663406,Right,GAS,Undefined,10,Top,1,1,2,Fastball,Sinker,StrikeCalled,Strikeout,Undefined,Undefined,0,0,,94.59911,-1.887076,-4.499927,2397.227729,236.422913,2:00,5.66644,2.39587,5.93418,-18.35847,13.6706,18.69473,2.37982,-0.22955,84.45646,-5.391869,-1.154063,0.407327,,,,,,,,,,,,-11.01985,7.9904,-2.04615,50,5.50517,9.88231,-136.66603,-5.09731,-20.37301,36.43548,-17.40174,SMD,GAS,RegencyFurnitureStadium,Independent,ATL,20250821-RegencyFurnitureStadium-1,054a2d40-7ef5-11f0-9a44-91d46b4c5819,92.53596,,,10.14265,,,,,,,a1610a2b-efcb-4247-9bb7-6790101691be,2025-08-22,01:12:05.71,2025-08-21T21:12:05.7198080-04:00,2025-08-22T01:12:05.7198080Z,,v3,5433,5508,,"McCarthy, Ryan",811735,Right,SMD,bddfda67-c039-4d36-a891-75b7e0fe7a19,54.55989,-137.87635,18.21774,5.66489,-4.51925,-8.70087,-2.38566,10.55907,-10.1865,,,,,,,,,,,,,,,,,,,,,,,,,,,,,,,,,,,,,,,,,,,,,,,,,,,High,High,High,,,,,
267,2025-08-21,21:12:39.31,3,1,"Briceno, Endrys",553968,Right,SMD,"Scantlin, Nate",676715,Left,GAS,Undefined,10,Top,2,0,0,Fastball,Sinker,FoulBallNotFieldable,Undefined,Undefined,Undefined,0,0,,95.47901,-2.29826,-4.176956,2450.830753,232.660674,1:45,5.70239,2.50318,5.78049,-16.41895,15.27146,18.3504,2.18897,0.13919,85.05469,-5.448323,-0.900267,0.405168,74.54556,49.657476,-114.929654,5375.117909,,,,,33.87638,,,-10.78146,8.93268,-2.16919,50,5.50268,9.20478,-137.90408,-6.06461,-20.23911,37.86938,-15.40546,SMD,GAS,RegencyFurnitureStadium,Independent,ATL,20250821-RegencyFurnitureStadium-1,19565160-7ef5-11f0-9a44-91d46b4c5819,93.02914,36.48194,,10.42432,,,,0.25996,2.28342,-0.31534,a1610a2b-efcb-4247-9bb7-6790101691be,2025-08-22,01:12:39.31,2025-08-21T21:12:39.3160192-04:00,2025-08-22T01:12:39.3160192Z,,v3,5433,5508,,"McCarthy, Ryan",811735,Right,SMD,aa2ff5c9-4866-478b-b1a7-37f610fd7928,54.71434,-139.19265,18.93469,5.70012,-5.54041,-7.70273,-2.49411,9.89345,-10.11956,,0.25996,-29.8331,-6.27707,3.51732,-1.12825,0.3164,-0.08331,0.02275,-0.00464,2.28342,83.33255,-32.20518,4.90604,-1.06947,0.20255,-0.03013,-0.00415,0.00484,-0.31534,-64.18291,10.64931,-1.29037,0.09004,0.0426,-0.02107,0.00926,-0.00262,,,,,,,,,,,,,,,,,,,,,,,High,High,High,High,Undefined,,,
268,2025-08-21,21:13:05.22,3,2,"Briceno, Endrys",553968,Right,SMD,"Scantlin, Nate",676715,Left,GAS,Undefined,10,Top,2,0,1,ChangeUp,Changeup,BallCalled,Undefined,Undefined,Undefined,0,0,,86.5687,-2.551745,-5.273412,2030.119987,249.489783,2:15,5.69309,2.37183,6.20873,-29.55486,7.69607,17.24158,0.86352,-1.07219,79.104,-8.050921,-2.173778,0.439278,,,,,,,,,,,,-10.43355,5.10658,-1.98347,50,5.48607,10.87455,-125.19383,-6.53124,-16.5016,26.09448,-24.09751,SMD,GAS,RegencyFurnitureStadium,Independent,ATL,20250821-RegencyFurnitureStadium-1,28c98c70-7ef5-11f0-9a44-91d46b4c5819,85.80536,,,7.4647,,,,,,,a1610a2b-efcb-4247-9bb7-6790101691be,2025-08-22,01:13:05.22,2025-08-21T21:13:05.2264448-04:00,2025-08-22T01:13:05.2264448Z,,v3,5433,5508,,"McCarthy, Ryan",811735,Right,SMD,b1167f91-f789-47d9-b45c-3f84681313e3,54.28959,-126.08475,13.04724,5.69501,-5.7085,-12.04876,-2.36437,11.43795,-8.2508,,,,,,,,,,,,,,,,,,,,,,,,,,,,,,,,,,,,,,,,,,,,,,,,,,,High,High,High,,,,,
269,2025-08-21,21:13:31.07,3,3,"Briceno, Endrys",553968,Right,SMD,"Scantlin, Nate",676715,Left,GAS,Undefined,10,Top,2,1,1,Slider,Slider,StrikeSwinging,Undefined,Undefined,Undefined,0,0,,82.65407,0.692034,-2.233469,2163.762195,338.399299,5:15,5.94588,2.46506,5.49443,-43.82081,-2.42067,1.45169,2.942,0.49578,76.07734,-7.296751,-1.974846,0.463098,,,,,,,,,,,,-1.33161,-0.99528,-2.27061,50,5.97687,4.62008,-119.99794,-0.11559,-1.94753,22.56024,-33.62965,SMD,GAS,RegencyFurnitureStadium,Independent,ATL,20250821-RegencyFurnitureStadium-1,383b8f00-7ef5-11f0-9a44-91d46b4c5819,81.39201,,,6.57673,,,,,,,a1610a2b-efcb-4247-9bb7-6790101691be,2025-08-22,01:13:31.07,2025-08-21T21:13:31.0702592-04:00,2025-08-22T01:13:31.0702592Z,,v3,5433,5508,,"McCarthy, Ryan",811735,Right,SMD,c373f09c-d714-4b26-86d4-afc728c1c0ea,55.00438,-120.93513,11.28012,5.95265,1.28144,-16.81483,-2.46421,4.70098,-0.97376,,,,,,,,,,,,,,,,,,,,,,,,,,,,,,,,,,,,,,,,,,,,,,,,,,,High,High,High,,,,,
270,2025-08-21,21:13:55.88,3,4,"Briceno, Endrys",553968,Right,SMD,"Scantlin, Nate",676715,Left,GAS,Undefined,10,Top,2,1,2,Fastball,Sinker,BallCalled,Undefined,Undefined,Undefined,0,0,,94.66996,-1.225675,-2.620429,2309.573485,231.470528,1:45,5.6825,2.39366,5.91757,-16.11162,15.47095,17.99914,3.20105,1.46009,85.27944,-4.311345,0.608936,0.404478,,,,,,,,,,,,-9.92961,8.60953,-2.19328,50,5.57508,5.43646,-137.20106,-3.42632,-18.67207,34.17439,-15.98431,SMD,GAS,RegencyFurnitureStadium,Independent,ATL,20250821-RegencyFurnitureStadium-1,46f6ebc0-7ef5-11f0-9a44-91d46b4c5819,93.18778,,,9.39053,,,,,,,a1610a2b-efcb-4247-9bb7-6790101691be,2025-08-22,01:13:55.88,2025-08-21T21:13:55.8861312-04:00,2025-08-22T01:13:55.8861312Z,,v3,5433,5508,,"McCarthy, Ryan",811735,Right,SMD,c81864d7-78b3-4826-88d4-5d2c2c8be8e0,54.5772,-138.33647,17.0872,5.68009,-2.89526,-7.99216,-2.38421,6.05681,-9.33603,,,,,,,,,,,,,,,,,,,,,,,,,,,,,,,,,,,,,,,,,,,,,,,,,,,High,High,High,,,,,
271,2025-08-21,21:14:24.41,3,5,"Briceno, Endrys",553968,Right,SMD,"Scantlin, Nate",676715,Left,GAS,Undefined,10,Top,2,2,2,Slider,Slider,BallCalled,Undefined,Undefined,Undefined,0,0,,84.46203,-0.668608,-4.067206,2233.252818,358.00397,6:00,5.83545,2.35956,5.70133,-44.68719,-4.92957,0.21618,1.48692,-1.4186,77.48487,-8.809921,-4.028626,0.453818,,,,,,,,,,,,-1.31402,-2.05512,-2.01807,50,5.75089,8.69471,-122.39854,-2.99118,-1.98154,25.50279,-35.27314,SMD,GAS,RegencyFurnitureStadium,Independent,ATL,20250821-RegencyFurnitureStadium-1,58025300-7ef5-11f0-9a44-91d46b4c5819,83.05633,,,6.97716,,,,,,,a1610a2b-efcb-4247-9bb7-6790101691be,2025-08-22,01:14:24.41,2025-08-21T21:14:24.4180480-04:00,2025-08-22T01:14:24.4180480Z,,v3,5433,5508,,"McCarthy, Ryan",811735,Right,SMD,5bc1dcad-1bf0-4848-a8e2-60091149b382,54.79932,-123.39447,12.75139,5.8408,-1.61371,-17.63657,-2.35913,8.77209,-0.99077,,,,,,,,,,,,,,,,,,,,,,,,,,,,,,,,,,,,,,,,,,,,,,,,,,,High,High,High,,,,,
272,2025-08-21,21:14:56.64,3,6,"Briceno, Endrys",553968,Right,SMD,"Scantlin, Nate",676715,Left,GAS,Undefined,10,Top,2,3,2,Fastball,Sinker,BallCalled,Walk,Undefined,Undefined,0,0,,96.04322,-0.892913,-2.253077,2339.826449,231.976095,1:45,5.64171,2.29153,5.89965,-14.72143,15.98375,19.02379,3.58529,1.78416,86.43282,-3.726158,1.159984,0.39882,,,,,,,,,,,,-10.31634,8.74394,-2.12048,50,5.56139,4.56823,-139.23143,-2.60775,-19.96325,35.40154,-15.2536,SMD,GAS,RegencyFurnitureStadium,Independent,ATL,20250821-RegencyFurnitureStadium-1,6b1019f0-7ef5-11f0-9a44-91d46b4c5819,94.50986,,,9.61041,,,,,,,a1610a2b-efcb-4247-9bb7-6790101691be,2025-08-22,01:14:56.64,2025-08-21T21:14:56.6403072-04:00,2025-08-22T01:14:56.6403072Z,,v3,5433,5508,,"McCarthy, Ryan",811735,Right,SMD,e977abec-144a-48a3-be7c-cb2594218a62,54.59499,-140.39491,17.70077,5.63886,-2.10643,-7.6268,-2.28139,5.22432,-9.98162,,,,,,,,,,,,,,,,,,,,,,,,,,,,,,,,,,,,,,,,,,,,,,,,,,,High,High,High,,,,,
273,2025-08-21,21:15:36.56,4,1,"Briceno, Endrys",553968,Right,SMD,"Wylie, Justin",687045,Right,GAS,Undefined,10,Top,2,0,0,Fastball,Sinker,StrikeCalled,Undefined,Undefined,Undefined,0,0,,95.37091,-1.838225,-4.953924,2309.644465,228.295392,1:30,5.68653,2.29675,6.0756,-14.33796,16.73103,17.50603,2.78389,-0.83954,85.87234,-4.610063,-1.817235,0.401176,,,,,,,,,,,,-10.48674,9.48993,-1.92148,50,5.53609,11.14953,-137.87454,-4.84167,-19.93762,34.17361,-14.13158,SMD,GAS,RegencyFurnitureStadium,Independent,ATL,20250821-RegencyFurnitureStadium-1,82f72e50-7ef5-11f0-9a44-91d46b4c5819,93.95488,,,9.49857,,,,,,,a1610a2b-efcb-4247-9bb7-6790101691be,2025-08-22,01:15:36.56,2025-08-21T21:15:36.5678080-04:00,2025-08-22T01:15:36.5678080Z,,v3,5433,5508,,"McCarthy, Ryan",811735,Right,SMD,8cd9383a-1f62-4a4f-8b32-716c9a3a0b5c,54.4201,-138.96579,17.08681,5.68349,-4.39042,-7.06579,-2.28768,11.78619,-9.96881,,,,,,,,,,,,,,,,,,,,,,,,,,,,,,,,,,,,,,,,,,,,,,,,,,,High,High,High,,,,,
274,2025-08-21,21:15:59.25,4,2,"Briceno, Endrys",553968,Right,SMD,"Wylie, Justin",687045,Right,GAS,Undefined,10,Top,2,0,1,Fastball,Sinker,StrikeSwinging,Undefined,Undefined,Undefined,0,0,,94.37063,-0.951717,-3.759592,2286.287319,234.606853,1:45,5.65007,2.24861,5.9546,-17.9193,13.83276,17.86997,3.27221,0.24622,85.06529,-4.363146,-0.556381,0.405562,,,,,,,,,,,,-10.23867,7.70185,-1.959,50,5.56431,8.1551,-136.66556,-2.84105,-19.13188,33.49241,-17.78242,SMD,GAS,RegencyFurnitureStadium,Independent,ATL,20250821-RegencyFurnitureStadium-1,907e02b0-7ef5-11f0-9a44-91d46b4c5819,92.93873,,,9.30534,,,,,,,a1610a2b-efcb-4247-9bb7-6790101691be,2025-08-22,01:15:59.25,2025-08-21T21:15:59.2595456-04:00,2025-08-22T01:15:59.2595456Z,,v3,5433,5508,,"McCarthy, Ryan",811735,Right,SMD,b4b0eb72-38c0-4d6f-9b1a-bb0c3b9c802e,54.54079,-137.77387,16.74621,5.64859,-2.25261,-8.89121,-2.23934,8.7882,-9.56594,,,,,,,,,,,,,,,,,,,,,,,,,,,,,,,,,,,,,,,,,,,,,,,,,,,High,High,High,,,,,
275,2025-08-21,21:16:36.09,4,3,"Briceno, Endrys",553968,Right,SMD,"Wylie, Justin",687045,Right,GAS,Undefined,10,Top,2,0,2,Slider,Slider,BallCalled,Undefined,Undefined,Undefined,0,0,,84.02192,-2.132891,-3.732423,2189.975192,342.834421,5:30,5.92609,2.31967,5.71636,-43.87809,-3.65437,1.53272,0.27759,-1.0344,77.20811,-10.108266,-3.458252,0.45647,,,,,,,,,,,,-1.89638,-0.86764,-2.0082,50,5.72008,7.87791,-121.6988,-6.07183,-2.82477,25.39417,-33.46646,SMD,GAS,RegencyFurnitureStadium,Independent,ATL,20250821-RegencyFurnitureStadium-1,a678b060-7ef5-11f0-9a44-91d46b4c5819,82.57372,,,6.81381,,,,,,,a1610a2b-efcb-4247-9bb7-6790101691be,2025-08-22,01:16:36.09,2025-08-21T21:16:36.0998400-04:00,2025-08-22T01:16:36.0998400Z,,v3,5433,5508,,"McCarthy, Ryan",811735,Right,SMD,af97fe75-4353-4850-b480-856380f98ac4,54.78287,-122.69275,12.69708,5.93211,-4.76192,-16.73323,-2.31872,7.98847,-1.41239,,,,,,,,,,,,,,,,,,,,,,,,,,,,,,,,,,,,,,,,,,,,,,,,,,,High,High,High,,,,,
276,2025-08-21,21:17:08.99,4,4,"Briceno, Endrys",553968,Right,SMD,"Wylie, Justin",687045,Right,GAS,Undefined,10,Top,2,1,2,Slider,Slider,BallCalled,Undefined,Undefined,Undefined,0,0,,84.53756,-2.489215,-4.318836,2289.511407,35.305708,7:15,5.80867,2.36264,5.73588,-41.3175,-1.64508,-2.05091,0.03955,-1.83756,77.92128,-9.989132,-4.685071,0.453331,,,,,,,,,,,,-0.19776,0.21244,-2.00111,50,5.57516,9.32215,-122.36252,-6.76413,-0.29865,25.01711,-31.8532,SMD,GAS,RegencyFurnitureStadium,Independent,ATL,20250821-RegencyFurnitureStadium-1,ba0d3380-7ef5-11f0-9a44-91d46b4c5819,83.14544,,,6.61628,,,,,,,a1610a2b-efcb-4247-9bb7-6790101691be,2025-08-22,01:17:08.99,2025-08-21T21:17:08.9933312-04:00,2025-08-22T01:17:08.9933312Z,,v3,5433,5508,,"McCarthy, Ryan",811735,Right,SMD,3d77148a-8e0e-4a6b-b832-ddc2c29f315f,54.76368,-123.33261,12.50855,5.81351,-5.52895,-15.9266,-2.36282,9.33373,-0.14933,,,,,,,,,,,,,,,,,,,,,,,,,,,,,,,,,,,,,,,,,,,,,,,,,,,High,High,High,,,,,
277,2025-08-21,21:17:44.70,4,5,"Briceno, Endrys",553968,Right,SMD,"Wylie, Justin",687045,Right,GAS,Undefined,10,Top,2,2,2,Slider,Slider,StrikeCalled,Strikeout,Undefined,Undefined,0,0,,85.03563,0.046679,-2.648729,2178.159277,41.106181,7:15,5.86685,2.28978,5.69088,-41.75868,-2.39288,-3.2565,2.43051,-0.4519,77.36236,-7.611409,-3.230785,0.451576,,,,,,,,,,,,0.82161,-0.7761,-2.06503,50,5.8451,5.84053,-123.27677,-1.3942,1.25038,27.03682,-33.35519,SMD,GAS,RegencyFurnitureStadium,Independent,ATL,20250821-RegencyFurnitureStadium-1,cf6315b0-7ef5-11f0-9a44-91d46b4c5819,83.46862,,,7.67327,,,,,,,a1610a2b-efcb-4247-9bb7-6790101691be,2025-08-22,01:17:44.70,2025-08-21T21:17:44.7086080-04:00,2025-08-22T01:17:44.7086080Z,,v3,5433,5508,,"McCarthy, Ryan",811735,Right,SMD,8838bede-7c67-46ee-afc5-ecb5ddcd627d,54.80562,-124.32626,13.51841,5.87409,-0.09944,-16.6776,-2.2908,5.79199,0.62519,,,,,,,,,,,,,,,,,,,,,,,,,,,,,,,,,,,,,,,,,,,,,,,,,,,High,High,High,,,,,
278,2025-08-21,21:20:23.26,1,1,"Blanton, Bryan",676802,Right,GAS,"DiGiacomo, Giovanni",681029,Left,SMD,Undefined,10,Bottom,0,0,0,Fastball,Sinker,BallCalled,Undefined,Undefined,Undefined,0,0,,93.15263,1.027109,-2.448934,2591.127671,236.318882,2:00,5.32491,2.05947,4.7185,-21.82989,12.56012,16.87804,4.48142,1.14065,83.10852,-3.033567,0.511705,0.422073,,,,,,,,,,,,-9.00591,6.16083,-1.82777,50,5.41028,4.87438,-134.61794,1.55388,-16.19462,34.69084,-21.09554,SMD,GAS,RegencyFurnitureStadium,Independent,ATL,20250821-RegencyFurnitureStadium-1,2dcba220-7ef6-11f0-9a44-91d46b4c5819,89.30314,,,10.04411,,,,,,,a1610a2b-efcb-4247-9bb7-6790101691be,2025-08-22,01:20:23.26,2025-08-21T21:20:23.2646656-04:00,2025-08-22T01:20:23.2646656Z,,v3,5433,5508,,"Olmeda, Alexis",663406,Right,GAS,eb3e9cfc-1c4c-4899-a6b7-de782b19923b,55.77466,-136.09793,17.34542,5.32479,2.45386,-10.54777,-2.05046,5.56528,-8.09731,,,,,,,,,,,,,,,,,,,,,,,,,,,,,,,,,,,,,,,,,,,,,,,,,,,High,High,High,,,,,
279,2025-08-21,21:20:43.33,1,2,"Blanton, Bryan",676802,Right,GAS,"DiGiacomo, Giovanni",681029,Left,SMD,Undefined,10,Bottom,0,1,0,Fastball,Sinker,FoulBallNotFieldable,Undefined,Undefined,Undefined,0,0,,92.53583,-0.106457,-4.665633,2649.741323,236.325015,2:00,5.27826,2.08542,4.62312,-22.75793,12.10209,16.24965,3.28023,-1.00548,83.15923,-4.302669,-1.830111,0.424947,25.3228,24.01366,-53.337986,2086.547869,,,,36.94111,36.25054,-50.406322,1.102496,-9.4289,6.29591,-1.62143,50,5.24722,10.07549,-133.56577,-1.1674,-16.81276,32.23975,-20.94776,SMD,GAS,RegencyFurnitureStadium,Independent,ATL,20250821-RegencyFurnitureStadium-1,39d48910-7ef6-11f0-9a44-91d46b4c5819,88.69908,6.66305,,9.3766,,,,1.94727,3.20557,1.01131,a1610a2b-efcb-4247-9bb7-6790101691be,2025-08-22,01:20:43.33,2025-08-21T21:20:43.3373184-04:00,2025-08-22T01:20:43.3373184Z,GroundBall,v3,5433,5508,,"Olmeda, Alexis",663406,Right,GAS,5ada9c8c-f580-4142-a27e-4e62a58f4a21,55.87344,-134.97604,16.11988,5.27824,-0.25107,-10.47388,-2.07825,10.81094,-8.40638,77.763816,1.94727,20.25708,-0.63513,0.13788,-0.305,0.34671,-0.21792,0.07781,-0.01186,3.20557,15.11449,-16.67333,0.42222,-0.30559,0.39922,-0.33748,0.15263,-0.02909,1.01131,-27.21441,0.33098,0.03319,0.19201,-0.25459,0.18089,-0.06925,0.0103,,,,,,,,,,,,,,,,,,,,,,,High,High,High,High,High,,,
280,2025-08-21,21:21:14.91,1,3,"Blanton, Bryan",676802,Right,GAS,"DiGiacomo, Giovanni",681029,Left,SMD,Undefined,10,Bottom,0,1,1,Fastball,Four-Seam,InPlay,Undefined,Bunt,Sacrifice,1,0,,93.26745,-0.181248,-2.887598,2660.736138,221.550107,1:30,5.28692,2.10408,4.6226,-17.73662,16.93591,13.7643,3.63635,0.50377,82.70471,-3.530268,-0.478604,0.423803,18.75887,11.326714,-3.90621,762.900584,,,,20.24605,20.06917,-5.105308,0.683852,-7.77937,8.7193,-1.82102,50,5.25345,6.08238,-134.64791,-1.0843,-13.88816,36.74422,-16.60794,SMD,GAS,RegencyFurnitureStadium,Independent,ATL,20250821-RegencyFurnitureStadium-1,4ca2fd10-7ef6-11f0-9a44-91d46b4c5819,88.93856,4.12151,,10.56274,,,,2.21656,3.66222,-0.53052,a1610a2b-efcb-4247-9bb7-6790101691be,2025-08-22,01:21:14.91,2025-08-21T21:21:14.9192704-04:00,2025-08-22T01:21:14.9192704Z,GroundBall,v3,5433,5508,,"Olmeda, Alexis",663406,Right,GAS,814dbdae-bfac-46b7-98e6-eb2423817008,55.87159,-136.2408,18.37211,5.28485,-0.36433,-8.30397,-2.09774,6.68444,-6.94408,170.125282,2.21656,26.9144,-1.02316,0.07197,-0.04243,0.15538,-0.23075,0.1897,-0.06466,3.66222,5.40364,-15.93212,0.32253,-0.0176,-0.06496,0.04933,-0.03239,0.01051,-0.53052,-1.83777,0.00692,-0.02581,-0.05301,-0.00061,0.03671,-0.02658,0.00755,,,,,,,,,,,,,,,,,,,,,,,High,High,High,High,High,,,
281,2025-08-21,21:21:56.15,2,1,"Blanton, Bryan",676802,Right,GAS,"Dexter, Sam",670448,Right,SMD,Undefined,10,Bottom,1,0,0,Slider,Curveball,BallCalled,Undefined,Undefined,Undefined,0,0,,83.15526,0.140337,-1.728566,3138.677442,74.148365,8:30,5.4098,2.1256,4.67538,-46.38412,-2.97579,-16.36942,1.6778,-0.88063,74.66751,-8.232955,-4.601648,0.474196,,,,,,,,,,,,7.34591,-0.98343,-1.93407,50,5.38263,4.38633,-120.21242,-1.55351,10.46283,29.09131,-33.57477,SMD,GAS,RegencyFurnitureStadium,Independent,ATL,20250821-RegencyFurnitureStadium-1,65491bb0-7ef6-11f0-9a44-91d46b4c5819,79.48704,,,8.48775,,,,,,,a1610a2b-efcb-4247-9bb7-6790101691be,2025-08-22,01:21:56.15,2025-08-21T21:21:56.1593344-04:00,2025-08-22T01:21:56.1593344Z,,v3,5433,5508,,"Olmeda, Alexis",663406,Right,GAS,405acd2c-6859-41fb-9915-27846b4381dc,55.81966,-121.61262,14.54565,5.41851,0.06249,-16.78739,-2.13307,3.88275,5.23141,,,,,,,,,,,,,,,,,,,,,,,,,,,,,,,,,,,,,,,,,,,,,,,,,,,High,High,High,,,,,
282,2025-08-21,21:22:11.34,2,2,"Blanton, Bryan",676802,Right,GAS,"Dexter, Sam",670448,Right,SMD,Undefined,10,Bottom,1,1,0,Slider,Slider,BallCalled,Undefined,Undefined,Undefined,0,0,,83.18289,1.633701,-1.735534,3184.91521,117.573175,10:00,5.36634,2.10645,4.72627,-35.38974,7.55583,-11.49276,3.9684,-0.49847,74.8126,-4.838899,-3.750761,0.471662,,,,,,,,,,,,5.02193,3.63599,-1.92061,50,5.50057,4.17615,-120.28509,2.0925,7.23671,26.90718,-26.93454,SMD,GAS,RegencyFurnitureStadium,Independent,ATL,20250821-RegencyFurnitureStadium-1,6e3420d0-7ef6-11f0-9a44-91d46b4c5819,79.91414,,,8.37028,,,,,,,a1610a2b-efcb-4247-9bb7-6790101691be,2025-08-22,01:22:11.34,2025-08-21T21:22:11.3416704-04:00,2025-08-22T01:22:11.3416704Z,,v3,5433,5508,,"Olmeda, Alexis",663406,Right,GAS,10ee5f15-e58a-4721-94d2-1a9bca800170,55.76735,-121.56837,13.45359,5.37014,3.37709,-13.46727,-2.11156,3.83101,3.61836,,,,,,,,,,,,,,,,,,,,,,,,,,,,,,,,,,,,,,,,,,,,,,,,,,,High,High,High,,,,,
283,2025-08-21,21:22:27.14,2,3,"Blanton, Bryan",676802,Right,GAS,"Dexter, Sam",670448,Right,SMD,Undefined,10,Bottom,1,2,0,Slider,Slider,BallCalled,Undefined,Undefined,Undefined,0,0,,82.89867,-0.436875,-2.47929,3225.991043,108.354241,9:30,5.4528,1.99525,4.68276,-37.73758,5.40248,-11.74221,1.89276,-1.339,75.24902,-7.268939,-4.537281,0.472729,,,,,,,,,,,,4.94225,3.24414,-1.732,50,5.37491,5.7296,-119.93151,-2.36779,7.10843,25.89822,-27.50802,SMD,GAS,RegencyFurnitureStadium,Independent,ATL,20250821-RegencyFurnitureStadium-1,77c15960-7ef6-11f0-9a44-91d46b4c5819,79.73377,,,7.64966,,,,,,,a1610a2b-efcb-4247-9bb7-6790101691be,2025-08-22,01:22:27.14,2025-08-21T21:22:27.1485440-04:00,2025-08-22T01:22:27.1485440Z,,v3,5433,5508,,"Olmeda, Alexis",663406,Right,GAS,442f28eb-f2fa-440e-931b-dd2351dd623a,55.81235,-121.18014,12.94911,5.4571,-1.04155,-13.75401,-1.99998,5.38688,3.55421,,,,,,,,,,,,,,,,,,,,,,,,,,,,,,,,,,,,,,,,,,,,,,,,,,,High,High,High,,,,,
284,2025-08-21,21:23:11.91,2,4,"Blanton, Bryan",676802,Right,GAS,"Dexter, Sam",670448,Right,SMD,Undefined,10,Bottom,1,3,0,Other,,BallCalled,Walk,Undefined,Undefined,0,0,,,,,,,,,,,,,,,,,,,,,,,,,,,,,,,,,,,,,,,,,,SMD,GAS,RegencyFurnitureStadium,Independent,ATL,20250821-RegencyFurnitureStadium-1,7fc1d770-7ef6-11f0-9a44-91d46b4c5819,,,,,,,,,,,a1610a2b-efcb-4247-9bb7-6790101691be,2025-08-22,01:23:11.91,2025-08-21T21:23:11.9103872-04:00,2025-08-22T01:23:11.9103872Z,,v3,5433,5508,,"Olmeda, Alexis",663406,Right,GAS,,,,,,,,,,,,,,,,,,,,,,,,,,,,,,,,,,,,,,,,,,,,,,,,,,,,,,,,,,,,,,,,,,,,
285,2025-08-21,21:23:12.91,3,1,"Blanton, Bryan",676802,Right,GAS,"McCarthy, Ryan",811735,Right,SMD,Undefined,10,Bottom,1,0,0,Fastball,Four-Seam,StrikeCalled,Undefined,Undefined,Undefined,0,0,,91.16794,-1.844663,-3.236389,2653.52625,214.201717,1:15,5.52175,2.19096,4.83172,-20.21044,15.49973,9.61662,2.08731,-0.07569,81.84836,-5.612939,-1.547292,0.430098,,,,,,,,,,,,-5.76315,8.5991,-1.8788,50,5.32232,6.96598,-131.68181,-4.99393,-9.94898,32.35316,-17.32932,SMD,GAS,RegencyFurnitureStadium,Independent,ATL,20250821-RegencyFurnitureStadium-1,92fa09c0-7ef6-11f0-9a44-91d46b4c5819,87.63691,,,9.31958,,,,,,,a1610a2b-efcb-4247-9bb7-6790101691be,2025-08-22,01:23:12.91,2025-08-21T21:23:12.9103872-04:00,2025-08-22T01:23:12.9103872Z,,v3,5433,5508,,"Olmeda, Alexis",663406,Right,GAS,c05584e4-57c4-46bb-923f-03be8772a68b,55.66189,-133.06562,16.17658,5.52007,-4.25272,-8.66466,-2.18585,7.39152,-4.97449,,,,,,,,,,,,,,,,,,,,,,,,,,,,,,,,,,,,,,,,,,,,,,,,,,,High,High,High,,,,,
286,2025-08-21,21:23:29.01,3,2,"Blanton, Bryan",676802,Right,GAS,"McCarthy, Ryan",811735,Right,SMD,Undefined,10,Bottom,1,0,1,Slider,Slider,BallCalled,Undefined,Undefined,Undefined,0,0,,83.50709,0.348785,-2.52317,3250.077301,77.213937,8:30,5.45629,2.08727,4.83287,-43.6442,-1.17343,-11.91379,2.14988,-1.2964,75.48994,-7.548749,-4.617191,0.469047,,,,,,,,,,,,4.99713,-0.2076,-1.82661,50,5.45379,5.8664,-120.79783,-0.96979,7.25232,27.43821,-32.47533,SMD,GAS,RegencyFurnitureStadium,Independent,ATL,20250821-RegencyFurnitureStadium-1,9ca44030-7ef6-11f0-9a44-91d46b4c5819,80.3596,,,8.01715,,,,,,,a1610a2b-efcb-4247-9bb7-6790101691be,2025-08-22,01:23:29.01,2025-08-21T21:23:29.0177024-04:00,2025-08-22T01:23:29.0177024Z,,v3,5433,5508,,"Olmeda, Alexis",663406,Right,GAS,4c639a94-cc0a-476c-9d88-99c683bce8d0,55.66268,-122.07728,13.71911,5.46371,0.54455,-16.23766,-2.09228,5.52823,3.62616,,,,,,,,,,,,,,,,,,,,,,,,,,,,,,,,,,,,,,,,,,,,,,,,,,,High,High,High,,,,,
287,2025-08-21,21:23:46.18,3,3,"Blanton, Bryan",676802,Right,GAS,"McCarthy, Ryan",811735,Right,SMD,Undefined,10,Bottom,1,1,1,Slider,Slider,BallCalled,Undefined,Undefined,Undefined,0,0,,82.95326,1.02904,-3.332358,3209.692486,110.15585,9:45,5.54107,2.12221,4.70057,-37.54368,5.6687,-11.29229,3.39102,-1.98566,74.96476,-5.792501,-5.306761,0.473125,,,,,,,,,,,,4.43142,2.91114,-1.77357,50,5.61251,7.49763,-119.87368,0.71973,6.35582,26.26577,-27.99869,SMD,GAS,RegencyFurnitureStadium,Independent,ATL,20250821-RegencyFurnitureStadium-1,a6df1de0-7ef6-11f0-9a44-91d46b4c5819,79.66706,,,7.98851,,,,,,,a1610a2b-efcb-4247-9bb7-6790101691be,2025-08-22,01:23:46.18,2025-08-21T21:23:46.1830656-04:00,2025-08-22T01:23:46.1830656Z,,v3,5433,5508,,"Olmeda, Alexis",663406,Right,GAS,8a0c5d1d-aab9-40a4-8254-b0fb852cde36,55.79396,-121.13656,13.13288,5.54554,2.06593,-13.99934,-2.12671,7.19204,3.17791,,,,,,,,,,,,,,,,,,,,,,,,,,,,,,,,,,,,,,,,,,,,,,,,,,,High,High,High,,,,,
288,2025-08-21,21:24:03.10,3,4,"Blanton, Bryan",676802,Right,GAS,"McCarthy, Ryan",811735,Right,SMD,Undefined,10,Bottom,1,2,1,Fastball,Sinker,StrikeSwinging,Undefined,Undefined,Undefined,0,0,,92.98696,-0.309909,-3.541884,2774.774819,232.177907,1:45,5.49723,2.06031,4.87653,-21.02084,13.13997,15.30753,3.45171,-0.01963,83.51226,-4.220883,-0.852233,0.420664,,,,,,,,,,,,-8.60599,6.91835,-1.7254,50,5.44972,7.53718,-134.40012,-1.53654,-15.51881,32.97023,-19.69852,SMD,GAS,RegencyFurnitureStadium,Independent,ATL,20250821-RegencyFurnitureStadium-1,b0caa310-7ef6-11f0-9a44-91d46b4c5819,89.60226,,,9.4747,,,,,,,a1610a2b-efcb-4247-9bb7-6790101691be,2025-08-22,01:24:03.10,2025-08-21T21:24:03.1040512-04:00,2025-08-22T01:24:03.1040512Z,,v3,5433,5508,,"Olmeda, Alexis",663406,Right,GAS,ff2310d5-2554-4dfc-8368-dbafa97a2106,55.61771,-135.77122,16.48511,5.49659,-0.71735,-9.84926,-2.05226,8.18255,-7.75941,,,,,,,,,,,,,,,,,,,,,,,,,,,,,,,,,,,,,,,,,,,,,,,,,,,High,High,High,,,,,
289,2025-08-21,21:24:32.46,3,5,"Blanton, Bryan",676802,Right,GAS,"McCarthy, Ryan",811735,Right,SMD,Undefined,10,Bottom,1,2,2,Fastball,Four-Seam,BallCalled,Undefined,Undefined,Undefined,0,0,,93.84316,-0.340752,-4.033462,2792.107024,216.606093,1:15,5.44534,2.02891,4.71803,-16.18654,18.02564,12.35379,3.7723,-0.77552,83.15037,-3.419636,-1.872132,0.42098,,,,,,,,,,,,-7.40996,9.28493,-1.63236,50,5.39772,8.88389,-135.28513,-1.37176,-13.37018,36.77336,-15.42079,SMD,GAS,RegencyFurnitureStadium,Independent,ATL,20250821-RegencyFurnitureStadium-1,c24bfda0-7ef6-11f0-9a44-91d46b4c5819,89.53491,,,10.69279,,,,,,,a1610a2b-efcb-4247-9bb7-6790101691be,2025-08-22,01:24:32.46,2025-08-21T21:24:32.4619264-04:00,2025-08-22T01:24:32.4619264Z,,v3,5433,5508,,"Olmeda, Alexis",663406,Right,GAS,1eeee1ac-41d5-45b9-b737-54441f2e600f,55.77289,-136.84533,18.38668,5.44204,-0.7175,-7.71039,-2.02132,9.45116,-6.68509,,,,,,,,,,,,,,,,,,,,,,,,,,,,,,,,,,,,,,,,,,,,,,,,,,,High,High,High,,,,,
290,2025-08-21,21:24:49.77,3,6,"Blanton, Bryan",676802,Right,GAS,"McCarthy, Ryan",811735,Right,SMD,Undefined,10,Bottom,1,3,2,Fastball,Four-Seam,InPlay,Undefined,FlyBall,Single,0,1,,92.52411,-0.943908,-3.585993,2730.713783,221.375731,1:30,5.40189,2.13067,4.62428,-20.81855,14.03583,11.22894,2.7679,-0.34685,83.14692,-4.801167,-1.62255,0.424913,99.47903,21.934087,11.301548,2055.863675,106.65956,39.46556,26.89974,336.72308,335.37587,18.355907,3.81099,-6.65638,7.52079,-1.7732,50,5.28668,7.80776,-133.66618,-3.02702,-11.8634,32.81154,-18.77002,SMD,GAS,RegencyFurnitureStadium,Independent,ATL,20250821-RegencyFurnitureStadium-1,ccb3dec0-7ef6-11f0-9a44-91d46b4c5819,88.70625,49.752,,9.37719,,,,1.04361,2.71872,0.36065,a1610a2b-efcb-4247-9bb7-6790101691be,2025-08-22,01:24:49.77,2025-08-21T21:24:49.7745920-04:00,2025-08-22T01:24:49.7745920Z,LineDrive,v3,5433,5508,,"Olmeda, Alexis",663406,Right,GAS,6988956a-f7b0-4cac-8ef9-0ffce3c6636d,55.87155,-135.0998,16.40577,5.40102,-2.20691,-9.38501,-2.12566,8.3261,-5.9317,220.777644,1.04292,132.73741,-26.3601,6.98283,-1.82462,0.48884,-0.11448,0.01718,-0.0011,2.71947,54.4792,-16.47506,-0.07573,0.56632,-0.26823,0.07231,-0.00981,0.0005,0.36055,26.52668,3.59622,-2.29154,0.77772,-0.18888,0.03266,-0.00342,0.00015,,,,,,,,,,,,,,,,,,,,,,,High,High,High,High,High,,,