PitchNo,Date,Time,PAofInning,PitchofPA,Pitcher,PitcherId,PitcherThrows,PitcherTeam,Batter,BatterId,BatterSide,BatterTeam,PitcherSet,Inning,Top/Bottom,Outs,Balls,Strikes,TaggedPitchType,AutoPitchType,PitchCall,KorBB,TaggedHitType,PlayResult,OutsOnPlay,RunsScored,Notes,RelSpeed,VertRelAngle,HorzRelAngle,SpinRate,SpinAxis,Tilt,RelHeight,RelSide,Extension,VertBreak,InducedVertBreak,HorzBreak,PlateLocHeight,PlateLocSide,ZoneSpeed,VertApprAngle,HorzApprAngle,ZoneTime,ExitSpeed,Angle,Direction,HitSpinRate,PositionAt110X,PositionAt110Y,PositionAt110Z,Distance,LastTrackedDistance,Bearing,HangTime,pfxx,pfxz,x0,y0,z0,vx0,vy0,vz0,ax0,ay0,az0,HomeTeam,AwayTeam,Stadium,Level,League,GameID,PitchUID,EffectiveVelo,MaxHeight,MeasuredDuration,SpeedDrop,PitchLastMeasuredX,PitchLastMeasuredY,PitchLastMeasuredZ,ContactPositionX,ContactPositionY,ContactPositionZ,GameUID,UTCDate,UTCTime,LocalDateTime,UTCDateTime,AutoHitType,System,HomeTeamForeignID,AwayTeamForeignID,GameForeignID,Catcher,CatcherId,CatcherThrows,CatcherTeam,PlayID,PitchTrajectoryXc0,PitchTrajectoryXc1,PitchTrajectoryXc2,PitchTrajectoryYc0,PitchTrajectoryYc1,PitchTrajectoryYc2,PitchTrajectoryZc0,PitchTrajectoryZc1,PitchTrajectoryZc2,HitSpinAxis,HitTrajectoryXc0,HitTrajectoryXc1,HitTrajectoryXc2,HitTrajectoryXc3,HitTrajectoryXc4,HitTrajectoryXc5,HitTrajectoryXc6,HitTrajectoryXc7,HitTrajectoryXc8,HitTrajectoryYc0,HitTrajectoryYc1,HitTrajectoryYc2,HitTrajectoryYc3,HitTrajectoryYc4,HitTrajectoryYc5,HitTrajectoryYc6,HitTrajectoryYc7,HitTrajectoryYc8,HitTrajectoryZc0,HitTrajectoryZc1,HitTrajectoryZc2,HitTrajectoryZc3,HitTrajectoryZc4,HitTrajectoryZc5,HitTrajectoryZc6,HitTrajectoryZc7,HitTrajectoryZc8,ThrowSpeed,PopTime,ExchangeTime,TimeToBase,CatchPositionX,CatchPositionY,CatchPositionZ,ThrowPositionX,ThrowPositionY,ThrowPositionZ,BasePositionX,BasePositionY,BasePositionZ,ThrowTrajectoryXc0,ThrowTrajectoryXc1,ThrowTrajectoryXc2,ThrowTrajectoryYc0,ThrowTrajectoryYc1,ThrowTrajectoryYc2,ThrowTrajectoryZc0,ThrowTrajectoryZc1,ThrowTrajectoryZc2,PitchReleaseConfidence,PitchLocationConfidence,PitchMovementConfidence,HitLaunchConfidence,HitLandingConfidence,CatcherThrowCatchConfidence,CatcherThrowReleaseConfidence,CatcherThrowLocationConfidence
1,2025-08-22,18:34:58.57,1,1,"Barker, Alex",1000106691,Left,HP,"Washington, Xane",1000026055,Right,LEX_LEG,Undefined,1,Top,0,0,0,Fastball,Four-Seam,FoulBallNotFieldable,Undefined,Undefined,Undefined,0,0,,89.12109,-1.099743,3.978991,2267.537918,164.367317,11:30,5.72315,-2.97913,5.54491,-22.76619,12.60509,-3.24823,2.7956,0.47472,82.40926,-5.305785,3.402088,0.428052,77.53091,62.023897,54.843281,4845.672916,32.81762,112.96054,104.99049,172.21054,75.58558,75.50581,5.244879,2.6226,6.95926,2.63622,50,5.61258,-8.85196,-129.25907,-3.27707,4.49105,23.87047,-20.25668,HP,LEX_LEG,HighPoint,Independent,ATL,20250822-HighPoint-1,3c28b760-7fa8-11f0-93aa-f3dbcec3603d,88.05571,116.45108,,6.71182,,,,1.84501,2.65965,-0.81358,a31a5625-cd95-4fb6-9b78-3ca3a078fd38,2025-08-22,22:34:58.57,2025-08-22T18:34:58.5747456-04:00,2025-08-22T22:34:58.5747456Z,Popup,v3,5431,495,,"Napleton, Luke",813847,Right,HP,e2ef9997-62ae-4d33-924e-0682b9461c3f,54.9557,-130.17103,11.93524,5.72299,-2.50317,-10.12834,2.97768,-9.02354,2.24552,205.460962,1.85334,30.43351,-13.43121,1.90801,1.7358,-1.23711,0.35083,-0.04682,0.00241,2.68136,99.99255,-25.58408,0.28011,1.73342,-0.88895,0.21398,-0.02573,0.00123,-0.80153,43.39722,-2.52971,-0.97064,0.80706,-0.25726,0.03805,-0.0021,-0,,,,,,,,,,,,,,,,,,,,,,,High,High,High,Medium,Low,,,
2,2025-08-22,18:35:16.20,1,2,"Barker, Alex",1000106691,Left,HP,"Washington, Xane",1000026055,Right,LEX_LEG,Undefined,1,Top,0,0,1,Fastball,Four-Seam,FoulBallNotFieldable,Undefined,Undefined,Undefined,0,0,,88.70437,-0.743315,4.199478,2249.837917,143.668096,10:45,5.69544,-3.07394,5.65227,-22.66564,12.62509,-8.61241,3.11147,0.13212,82.54722,-4.930185,2.666899,0.427564,78.99982,5.770098,174.614418,,,,,123.9214,42.12198,-179.808498,1.214151,5.32752,6.87512,2.72318,50,5.61775,-9.09496,-128.76382,-2.44874,9.12826,21.58807,-20.39413,HP,LEX_LEG,HighPoint,Independent,ATL,20250822-HighPoint-1,46b0a3a0-7fa8-11f0-93aa-f3dbcec3603d,88.15615,6.09353,,6.15715,,,,1.17226,3.23867,-0.52431,a31a5625-cd95-4fb6-9b78-3ca3a078fd38,2025-08-22,22:35:16.20,2025-08-22T18:35:16.2054144-04:00,2025-08-22T22:35:16.2054144Z,GroundBall,v3,5431,495,,"Napleton, Luke",813847,Right,HP,11d2dac9-a483-4993-919f-474850171a3a,54.84944,-129.57431,10.79404,5.69531,-1.68308,-10.19706,3.07107,-9.43767,4.56413,,1.09185,-113.87224,9.03533,,,,,,,3.24946,11.54054,-11.71799,,,,,,,-0.39988,9.40731,-7.83284,,,,,,,,,,,,,,,,,,,,,,,,,,,,,High,High,High,Medium,Low,,,
3,2025-08-22,18:35:37.36,1,3,"Barker, Alex",1000106691,Left,HP,"Washington, Xane",1000026055,Right,LEX_LEG,Undefined,1,Top,0,0,2,Slider,Slider,FoulBallNotFieldable,Undefined,Undefined,Undefined,0,0,,85.65139,-0.987069,3.442888,2367.114972,193.960581,12:30,5.86351,-2.8837,5.45546,-35.87592,2.57693,0.37091,1.94809,0.374,79.4105,-7.509937,3.508797,0.446309,84.77086,-19.714192,-62.700257,,,,,7.65512,2.63729,-46.072259,0.050022,0.6752,1.84413,2.57952,50,5.75136,-7.49297,-124.29157,-3.44164,1.06635,22.67826,-29.26161,HP,LEX_LEG,HighPoint,Independent,ATL,20250822-HighPoint-1,534799c0-7fa8-11f0-93aa-f3dbcec3603d,84.45368,2.10212,,6.24089,,,,2.62013,2.10212,-0.30032,a31a5625-cd95-4fb6-9b78-3ca3a078fd38,2025-08-22,22:35:37.36,2025-08-22T18:35:37.3679104-04:00,2025-08-22T22:35:37.3679104Z,GroundBall,v3,5431,495,,"Napleton, Luke",813847,Right,HP,0fd03001-e6bf-48c1-943b-b00ef10573cf,55.04609,-125.2089,11.33913,5.86663,-2.25802,-14.63081,2.88348,-7.5361,0.53318,,2.61927,53.78877,,,,,,,,2.1028,-42.02417,,,,,,,,-0.29864,-104.21498,,,,,,,,,,,,,,,,,,,,,,,,,,,,,,High,High,High,Estimated,Estimated,,,
4,2025-08-22,18:35:59.97,1,4,"Barker, Alex",1000106691,Left,HP,"Washington, Xane",1000026055,Right,LEX_LEG,Undefined,1,Top,0,0,2,Fastball,Sinker,BallCalled,Undefined,Undefined,Undefined,0,0,,88.8565,-0.51818,2.708194,2190.629835,143.475564,10:45,5.73049,-2.92426,5.47452,-25.39198,10.30839,-6.863,3.12904,-0.96003,81.85501,-5.20279,1.487516,0.430039,,,,,,,,,,,,4.14032,5.65453,2.69099,50,5.66767,-5.79831,-128.9877,-2.07595,7.03717,24.60537,-22.56323,HP,LEX_LEG,HighPoint,Independent,ATL,20250822-HighPoint-1,60c93e00-7fa8-11f0-93aa-f3dbcec3603d,87.64887,,,7.00148,,,,,,,a31a5625-cd95-4fb6-9b78-3ca3a078fd38,2025-08-22,22:35:59.97,2025-08-22T18:35:59.9719936-04:00,2025-08-22T22:35:59.9719936Z,,v3,5431,495,,"Napleton, Luke",813847,Right,HP,acda6e93-55a7-4e61-ae7c-df6cfc0f9ea3,55.02474,-129.94267,12.30268,5.73125,-1.20024,-11.28161,2.92133,-6.07144,3.51858,,,,,,,,,,,,,,,,,,,,,,,,,,,,,,,,,,,,,,,,,,,,,,,,,,,High,High,High,,,,,
5,2025-08-22,18:36:15.54,1,5,"Barker, Alex",1000106691,Left,HP,"Washington, Xane",1000026055,Right,LEX_LEG,Undefined,1,Top,0,1,2,Slider,Slider,FoulBallNotFieldable,Undefined,Undefined,Undefined,0,0,,83.49288,0.622688,3.339808,2488.302574,244.428337,2:15,5.84601,-2.8776,5.22466,-39.09112,1.92362,1.47146,3.17485,0.38845,76.86022,-6.482213,3.599998,0.460937,71.59233,50.594517,83.054806,5056.876185,-5.96196,80.91257,109.83815,200.67246,69.85402,98.172101,4.328505,0.14701,1.14213,2.56817,50,5.87406,-7.1271,-121.06791,-0.11179,0.21917,22.63014,-30.47116,HP,LEX_LEG,HighPoint,Independent,ATL,20250822-HighPoint-1,6a113030-7fa8-11f0-93aa-f3dbcec3603d,81.77356,80.93237,,6.63265,,,,1.08851,3.09317,-0.57811,a31a5625-cd95-4fb6-9b78-3ca3a078fd38,2025-08-22,22:36:15.54,2025-08-22T18:36:15.5484672-04:00,2025-08-22T22:36:15.5484672Z,FlyBall,v3,5431,495,,"Napleton, Luke",813847,Right,HP,f2d877e8-1e56-403b-8b33-96ab327e2ed3,55.27579,-122.05008,11.31507,5.85021,1.21069,-15.23558,2.8777,-7.13661,0.10958,218.985903,1.10255,7.74465,-8.64994,0.7943,1.32783,-0.75035,0.16104,-0.01241,2E-05,3.08366,81.38075,-26.20939,5.22184,-3.06548,1.47116,-0.42328,0.06342,-0.0038,-0.58333,66.31332,-8.58318,3.02871,-2.01529,1.07853,-0.3378,0.05387,-0.00338,,,,,,,,,,,,,,,,,,,,,,,High,High,High,High,Low,,,
6,2025-08-22,18:36:34.87,1,6,"Barker, Alex",1000106691,Left,HP,"Washington, Xane",1000026055,Right,LEX_LEG,Undefined,1,Top,0,1,2,Slider,Slider,InPlay,Undefined,FlyBall,Out,1,0,,83.2898,0.043058,2.660006,2345.689376,247.496262,2:15,5.83787,-2.85622,5.38811,-37.99049,2.42425,3.3291,2.7124,-0.08383,77.68492,-6.853409,3.251245,0.457553,95.41434,36.921898,1.640542,3709.774748,109.61092,78.92445,9.24371,316.24193,297.54979,11.634859,5.658301,-1.08055,1.49402,2.61592,50,5.81448,-5.75789,-121.05271,-1.26048,-1.63073,19.85213,-29.91933,HP,LEX_LEG,HighPoint,Independent,ATL,20250822-HighPoint-1,7596dd60-7fa8-11f0-93aa-f3dbcec3603d,82.37833,108.46198,,5.60489,,,,1.74801,2.81054,0.14983,a31a5625-cd95-4fb6-9b78-3ca3a078fd38,2025-08-22,22:36:34.87,2025-08-22T18:36:34.8747776-04:00,2025-08-22T22:36:34.8747776Z,FlyBall,v3,5431,495,,"Napleton, Luke",813847,Right,HP,cdf22f28-6eec-4cc7-be73-c04b05d14d71,55.1143,-121.88855,9.92607,5.84102,-0.00078,-14.95967,2.8569,-5.68923,-0.81536,199.767419,1.7527,111.74094,-24.98521,5.59439,-0.93336,0.10298,-0.00734,0.00048,-3E-05,2.81081,84.06025,-19.47985,1.54382,-0.22929,0.00354,0.00901,-0.0017,0.0001,0.14944,3.21739,4.80771,-1.39363,0.24372,-0.0172,-0.002,0.00046,-2E-05,,,,,,,,,,,,,,,,,,,,,,,High,High,High,High,Medium,,,
7,2025-08-22,18:37:07.46,2,1,"Barker, Alex",1000106691,Left,HP,"Whalen, Brady",669714,Left,LEX_LEG,Undefined,1,Top,1,0,0,Fastball,Cutter,StrikeSwinging,Undefined,Undefined,Undefined,0,0,,90.03756,-0.523521,3.524636,2193.448753,169.773506,11:45,5.81842,-2.83073,5.5664,-23.39702,11.14875,-1.83937,3.37867,0.31276,83.317,-4.842436,3.19756,0.423028,,,,,,,,,,,,1.7774,6.07138,2.52765,50,5.75778,-7.96897,-130.6828,-2.024,3.11531,24.04571,-21.53248,HP,LEX_LEG,HighPoint,Independent,ATL,20250822-HighPoint-1,89062540-7fa8-11f0-93aa-f3dbcec3603d,89.10157,,,6.72056,,,,,,,a31a5625-cd95-4fb6-9b78-3ca3a078fd38,2025-08-22,22:37:07.46,2025-08-22T18:37:07.4637312-04:00,2025-08-22T22:37:07.4637312Z,,v3,5431,495,,"Napleton, Luke",813847,Right,HP,5105aa64-8262-4260-98ed-9be408d45e78,54.93364,-131.58746,12.02285,5.81868,-1.21389,-10.76624,2.82967,-8.08618,1.55765,,,,,,,,,,,,,,,,,,,,,,,,,,,,,,,,,,,,,,,,,,,,,,,,,,,High,High,High,,,,,
8,2025-08-22,18:37:21.49,2,2,"Barker, Alex",1000106691,Left,HP,"Whalen, Brady",669714,Left,LEX_LEG,Undefined,1,Top,1,0,1,Fastball,Cutter,BallCalled,Undefined,Undefined,Undefined,0,0,,89.33799,-0.262672,2.954942,2168.765027,165.609368,11:30,5.82272,-2.99716,5.41553,-23.92698,11.12225,-2.62165,3.5824,-0.44497,83.10259,-4.658622,2.489568,0.426099,,,,,,,,,,,,1.9761,5.9524,2.73622,50,5.78261,-6.58418,-129.7942,-1.46239,3.43799,22.10411,-21.81812,HP,LEX_LEG,HighPoint,Independent,ATL,20250822-HighPoint-1,915d75e0-7fa8-11f0-93aa-f3dbcec3603d,88.45932,,,6.2354,,,,,,,a31a5625-cd95-4fb6-9b78-3ca3a078fd38,2025-08-22,22:37:21.49,2025-08-22T18:37:21.4938624-04:00,2025-08-22T22:37:21.4938624Z,,v3,5431,495,,"Napleton, Luke",813847,Right,HP,bf6c80e7-8ac8-4e0b-98f4-e9dda84b6b40,55.08485,-130.65729,11.05206,5.82307,-0.61047,-10.90906,2.99593,-6.71842,1.71899,,,,,,,,,,,,,,,,,,,,,,,,,,,,,,,,,,,,,,,,,,,,,,,,,,,High,High,High,,,,,
9,2025-08-22,18:37:36.78,2,3,"Barker, Alex",1000106691,Left,HP,"Whalen, Brady",669714,Left,LEX_LEG,Undefined,1,Top,1,1,1,Slider,Slider,InPlay,Undefined,GroundBall,Single,0,0,,84.13288,0.210212,2.245093,2355.299293,137.949933,10:30,5.8619,-2.80364,5.21379,-38.45289,1.48898,-0.37795,2.85531,-0.72294,78.21377,-6.756883,2.17813,0.454868,100.68663,1.905743,-29.369045,2833.270358,,,,61.38827,61.264,-28.908363,0.429166,0.72299,0.96539,2.59643,50,5.85191,-4.77746,-122.26027,-0.96985,1.11018,20.83318,-30.69165,HP,LEX_LEG,HighPoint,Independent,ATL,20250822-HighPoint-1,9a7c8350-7fa8-11f0-93aa-f3dbcec3603d,82.86453,3.25781,,5.91912,,,,2.80022,3.05715,0.79235,a31a5625-cd95-4fb6-9b78-3ca3a078fd38,2025-08-22,22:37:36.78,2025-08-22T18:37:36.7808512-04:00,2025-08-22T22:37:36.7808512Z,GroundBall,v3,5431,495,,"Napleton, Luke",813847,Right,HP,3b859ab4-0cee-4879-9e22-af7a675e821d,55.28863,-123.15816,10.41659,5.86521,0.35293,-15.34583,2.80336,-4.82531,0.55509,39.803043,2.81164,128.26751,-22.43219,,,,,,,3.075,4.35237,-26.92858,,,,,,,0.7962,-72.50606,3.48372,,,,,,,,,,,,,,,,,,,,,,,,,,,,,High,High,High,High,High,,,
10,2025-08-22,18:38:17.00,3,1,"Barker, Alex",1000106691,Left,HP,"Terry, Curtis",663799,Right,LEX_LEG,Undefined,1,Top,1,0,0,Slider,Slider,InPlay,Undefined,GroundBall,Out,2,0,1-4-3 dp,82.82966,-0.96487,3.430015,2383.453307,247.095047,2:15,5.86472,-3.19648,5.33288,-38.27026,3.45252,5.09811,1.76854,0.45041,76.1827,-7.923198,4.333588,0.464898,62.28576,-40.231612,1.504199,,,,,6.30461,6.30461,-1.85271,0.035406,-1.62406,2.33295,2.88245,50,5.74968,-7.40201,-120.05416,-3.37462,-2.36733,23.50962,-28.77337,HP,LEX_LEG,HighPoint,Independent,ATL,20250822-HighPoint-1,b277bbf0-7fa8-11f0-93aa-f3dbcec3603d,81.07671,2.09718,,6.64696,,,,3.82327,2.09718,-0.2689,a31a5625-cd95-4fb6-9b78-3ca3a078fd38,2025-08-22,22:38:17.00,2025-08-22T18:38:17.0019328-04:00,2025-08-22T22:38:17.0019328Z,GroundBall,v3,5431,495,,"Napleton, Luke",813847,Right,HP,25d23d42-8615-4c06-9277-57123bf51bda,55.16803,-121.06196,11.75481,5.8679,-2.14118,-14.38668,3.19758,-7.30054,-1.18366,,3.82172,69.98978,,,,,,,,2.09849,-59.23258,,,,,,,,-0.26894,1.83788,,,,,,,,,,,,,,,,,,,,,,,,,,,,,,High,High,High,Estimated,Estimated,,,
11,2025-08-22,18:41:25.62,1,1,"Ferrer, Ben",829343,Right,LEX_LEG,"Gonzalez, Luis",8894175,Left,HP,Undefined,1,Bottom,0,0,0,ChangeUp,Changeup,BallCalled,Undefined,Undefined,Undefined,0,0,,84.27752,-1.933321,-3.567318,2088.194511,262.677201,2:45,5.64936,1.04992,5.52089,-36.53388,3.67689,18.15686,0.79309,-0.77664,77.07653,-8.616816,-0.330856,0.456397,,,,,,,,,,,,-10.39749,2.73264,-0.75219,50,5.45596,6.8868,-122.10581,-5.3966,-15.60057,25.4352,-28.07394,HP,LEX_LEG,HighPoint,Independent,ATL,20250822-HighPoint-1,22e2e0e0-7fa9-11f0-93aa-f3dbcec3603d,82.58695,,,7.20099,,,,,,,a31a5625-cd95-4fb6-9b78-3ca3a078fd38,2025-08-22,22:41:25.62,2025-08-22T18:41:25.6255488-04:00,2025-08-22T22:41:25.6255488Z,,v3,5431,495,,"Huntzinger, Jerry",694255,Right,LEX_LEG,a9198474-3046-46c0-b930-7fcbfd63b67a,54.98132,-123.13908,12.7176,5.65203,-4.25614,-14.03697,-1.04482,7.52054,-7.80029,,,,,,,,,,,,,,,,,,,,,,,,,,,,,,,,,,,,,,,,,,,,,,,,,,,High,High,High,,,,,
12,2025-08-22,18:41:45.40,1,2,"Ferrer, Ben",829343,Right,LEX_LEG,"Gonzalez, Luis",8894175,Left,HP,Undefined,1,Bottom,0,1,0,Fastball,Sinker,FoulBallNotFieldable,Undefined,Undefined,Undefined,0,0,,89.26411,-1.248898,-2.279799,2112.29985,233.825266,1:45,5.73312,0.9408,5.23065,-25.23368,10.52693,12.92835,2.45519,-0.12605,82.12817,-5.884711,0.01182,0.430402,,,,,,,,,,,,-7.16233,5.90189,-0.74115,50,5.59924,4.59172,-129.57536,-3.76194,-12.24679,25.62105,-22.08247,HP,LEX_LEG,HighPoint,Independent,ATL,20250822-HighPoint-1,2ea91980-7fa9-11f0-93aa-f3dbcec3603d,87.57504,,,7.13594,,,,,,,a31a5625-cd95-4fb6-9b78-3ca3a078fd38,2025-08-22,22:41:45.40,2025-08-22T18:41:45.4007296-04:00,2025-08-22T22:41:45.4007296Z,,v3,5431,495,,"Huntzinger, Jerry",694255,Right,LEX_LEG,e17989b1-f226-41a3-b245-cc5909680f15,55.27128,-130.6135,12.81053,5.73354,-2.86718,-11.04123,-0.93726,5.08795,-6.12339,,,,,,,,,,,,,,,,,,,,,,,,,,,,,,,,,,,,,,,,,,,,,,,,,,,High,High,High,,,,,
13,2025-08-22,18:42:14.60,1,3,"Ferrer, Ben",829343,Right,LEX_LEG,"Gonzalez, Luis",8894175,Left,HP,Undefined,1,Bottom,0,1,1,Cutter,Slider,BallCalled,Undefined,Undefined,Undefined,0,0,,83.76424,1.659578,-0.135158,2491.780531,116.100971,9:45,5.90987,0.8567,5.136,-38.0414,2.21429,-2.40374,4.30299,0.52911,77.87666,-5.239726,-0.560603,0.456652,,,,,,,,,,,,1.16835,1.05563,-0.84209,50,6.03579,0.39015,-121.7758,2.105,1.78705,19.74086,-30.55939,HP,LEX_LEG,HighPoint,Independent,ATL,20250822-HighPoint-1,4020b010-7fa9-11f0-93aa-f3dbcec3603d,82.5409,,,5.88758,,,,,,,a31a5625-cd95-4fb6-9b78-3ca3a078fd38,2025-08-22,22:42:14.60,2025-08-22T18:42:14.6084352-04:00,2025-08-22T22:42:14.6084352Z,,v3,5431,495,,"Huntzinger, Jerry",694255,Right,LEX_LEG,3d94e780-d2f8-4e1d-832b-fd81ad2d557d,55.3653,-122.64247,9.87043,5.91392,3.44664,-15.2797,-0.8575,0.3117,0.89352,,,,,,,,,,,,,,,,,,,,,,,,,,,,,,,,,,,,,,,,,,,,,,,,,,,High,High,High,,,,,
14,2025-08-22,18:42:33.22,1,4,"Ferrer, Ben",829343,Right,LEX_LEG,"Gonzalez, Luis",8894175,Left,HP,Undefined,1,Bottom,0,2,1,TwoSeamFastBall,Sinker,BallCalled,Undefined,Undefined,Undefined,0,0,,90.2513,-1.091816,-1.140216,2110.736816,253.493618,2:30,5.71645,0.93495,5.11995,-28.79439,5.96902,17.01225,2.28814,1.27846,83.9208,-6.31862,1.87258,0.424358,,,,,,,,,,,,-8.75288,3.51996,-0.84153,50,5.59129,1.82737,-131.20271,-3.64173,-15.50282,23.57187,-25.93961,HP,LEX_LEG,HighPoint,Independent,ATL,20250822-HighPoint-1,4b2bfd20-7fa9-11f0-93aa-f3dbcec3603d,88.82223,,,6.3305,,,,,,,a31a5625-cd95-4fb6-9b78-3ca3a078fd38,2025-08-22,22:42:33.22,2025-08-22T18:42:33.2225024-04:00,2025-08-22T22:42:33.2225024Z,,v3,5431,495,,"Huntzinger, Jerry",694255,Right,LEX_LEG,00e5715b-27ea-4cc4-87a1-a4a50348725d,55.38202,-132.1661,11.78594,5.71846,-2.58157,-12.96981,-0.92917,2.46097,-7.75141,,,,,,,,,,,,,,,,,,,,,,,,,,,,,,,,,,,,,,,,,,,,,,,,,,,High,High,High,,,,,
15,2025-08-22,18:42:51.75,1,5,"Ferrer, Ben",829343,Right,LEX_LEG,"Gonzalez, Luis",8894175,Left,HP,Undefined,1,Bottom,0,3,1,TwoSeamFastBall,Sinker,StrikeSwinging,Undefined,Undefined,Undefined,0,0,,88.71478,-1.323193,-2.011048,2097.109208,240.972572,2:00,5.63852,0.91001,5.26099,-26.14316,9.70906,15.72914,2.2158,0.33061,82.33963,-6.103565,0.779899,0.430953,,,,,,,,,,,,-8.36189,5.48016,-0.73791,50,5.49795,3.82537,-128.90322,-3.95385,-14.28503,22.94481,-22.81203,HP,LEX_LEG,HighPoint,Independent,ATL,20250822-HighPoint-1,563ca160-7fa9-11f0-93aa-f3dbcec3603d,87.46306,,,6.37515,,,,,,,a31a5625-cd95-4fb6-9b78-3ca3a078fd38,2025-08-22,22:42:51.75,2025-08-22T18:42:51.7556224-04:00,2025-08-22T22:42:51.7556224Z,,v3,5431,495,,"Huntzinger, Jerry",694255,Right,LEX_LEG,e134b88c-e4c2-4e8f-b6ab-189a9d94e410,55.24042,-129.83266,11.47241,5.63939,-3.02978,-11.40602,-0.90458,4.40403,-7.14252,,,,,,,,,,,,,,,,,,,,,,,,,,,,,,,,,,,,,,,,,,,,,,,,,,,High,High,High,,,,,
16,2025-08-22,18:43:20.91,1,6,"Ferrer, Ben",829343,Right,LEX_LEG,"Gonzalez, Luis",8894175,Left,HP,Undefined,1,Bottom,0,3,2,TwoSeamFastBall,Sinker,FoulBallNotFieldable,Undefined,Undefined,Undefined,0,0,,89.58556,-0.460325,-2.198281,2066.933398,251.971357,2:30,5.58544,0.90887,5.12923,-28.78281,6.68048,17.42737,2.75302,0.2898,82.76001,-5.708087,0.885747,0.428609,70.52719,34.018996,-162.286288,3026.035309,,,,,39.41871,,,-9.29414,3.73118,-0.71681,50,5.51981,4.20719,-130.12716,-2.16485,-16.1074,24.55844,-25.70762,HP,LEX_LEG,HighPoint,Independent,ATL,20250822-HighPoint-1,67893050-7fa9-11f0-93aa-f3dbcec3603d,87.94141,29.00249,,6.82555,,,,2.43016,2.66715,-0.22529,a31a5625-cd95-4fb6-9b78-3ca3a078fd38,2025-08-22,22:43:20.91,2025-08-22T18:43:20.9198592-04:00,2025-08-22T22:43:20.9198592Z,,v3,5431,495,,"Huntzinger, Jerry",694255,Right,LEX_LEG,5ba15df6-2431-485b-ae76-e3e1c5d8a468,55.37295,-131.13725,12.27922,5.58711,-1.10748,-12.85381,-0.90348,4.86969,-8.0537,,2.43016,-81.67136,11.85975,-2.17352,0.33757,-0.0404,0.00196,0.00071,-0.00036,2.66715,57.87118,-11.02002,-0.36513,0.25661,-0.07147,0.01898,-0.00309,0,-0.22529,-26.0862,-12.12849,3.00288,-0.67935,0.13873,-0.02778,0.00573,-0.00091,,,,,,,,,,,,,,,,,,,,,,,High,High,High,Medium,Undefined,,,
17,2025-08-22,18:43:51.64,1,7,"Ferrer, Ben",829343,Right,LEX_LEG,"Gonzalez, Luis",8894175,Left,HP,Undefined,1,Bottom,0,3,2,TwoSeamFastBall,Sinker,InPlay,Undefined,GroundBall,Single,0,0,,88.50135,-1.610511,-2.118858,2055.379964,257.499027,2:30,5.58725,0.99684,5.19082,-31.23112,4.93504,17.77635,1.46818,0.48403,82.22962,-7.275462,1.033332,0.432835,88.88577,8.105577,2.760015,4011.006548,,,,113.12748,113.12748,1.403706,0.982249,-9.46008,3.13232,-0.81444,50,5.41376,3.97347,-128.57422,-4.81976,-16.05449,23.21043,-26.85824,HP,LEX_LEG,HighPoint,Independent,ATL,20250822-HighPoint-1,79eb26e0-7fa9-11f0-93aa-f3dbcec3603d,87.08268,5.45013,,6.27173,,,,1.66691,1.55647,-0.39794,a31a5625-cd95-4fb6-9b78-3ca3a078fd38,2025-08-22,22:43:51.64,2025-08-22T18:43:51.6462080-04:00,2025-08-22T22:43:51.6462080Z,GroundBall,v3,5431,495,,"Huntzinger, Jerry",694255,Right,LEX_LEG,54ee956a-cc85-4433-9f81-271b56bc9405,55.31199,-129.5296,11.60521,5.5894,-3.71423,-13.42912,-0.9916,4.6343,-8.02724,34.844599,1.76111,127.5929,-14.5929,,,,,,,1.65467,17.00594,-19.11961,,,,,,,-0.36758,5.78612,-2.66501,,,,,,,,,,,,,,,,,,,,,,,,,,,,,High,High,High,High,High,,,
18,2025-08-22,18:44:33.74,2,1,"Ferrer, Ben",829343,Right,LEX_LEG,"Mendoza, Drew",666141,Left,HP,Undefined,1,Bottom,0,0,0,Cutter,Slider,InPlay,Undefined,GroundBall,Single,0,0,,83.52938,-0.173322,-0.780631,2419.459149,127.683621,10:15,5.82575,0.63731,5.50281,-37.37207,2.66847,-2.06276,2.54929,-0.26474,77.69271,-6.986087,-1.148583,0.45543,104.8158,3.623506,30.097078,2484.456347,,,,100.74325,100.35058,31.518099,0.708572,0.87465,1.63063,-0.56763,50,5.78481,1.73628,-121.51678,-1.66798,1.32544,20.80157,-29.70295,HP,LEX_LEG,HighPoint,Independent,ATL,20250822-HighPoint-1,930ae250-7fa9-11f0-93aa-f3dbcec3603d,82.76236,3.98895,,5.83668,,,,2.86294,2.83973,0.09558,a31a5625-cd95-4fb6-9b78-3ca3a078fd38,2025-08-22,22:44:33.74,2025-08-22T18:44:33.7403392-04:00,2025-08-22T22:44:33.7403392Z,GroundBall,v3,5431,495,,"Huntzinger, Jerry",694255,Right,LEX_LEG,d2a11995-09eb-4a2f-9d29-8e50fe582153,55.00031,-122.36975,10.40079,5.82823,-0.45,-14.85148,-0.63771,1.68193,0.66272,286.904849,2.92503,131.54674,-20.53753,,,,,,,2.87666,9.00762,-18.50998,,,,,,,0.09202,77.00914,-3.96445,,,,,,,,,,,,,,,,,,,,,,,,,,,,,High,High,High,High,High,,,
19,2025-08-22,18:45:21.54,3,1,"Ferrer, Ben",829343,Right,LEX_LEG,"Aklinski, Ben",679701,Right,HP,Undefined,1,Bottom,0,0,0,Slider,Curveball,FoulBallNotFieldable,Undefined,Undefined,Undefined,0,0,,80.80556,0.053496,-0.690714,2571.283876,0.173564,6:00,5.78454,0.68127,5.16421,-48.95546,-5.21579,-0.01972,1.75527,0.0295,74.72376,-8.784636,-0.694213,0.476002,,,,,,,,,,,,-0.17504,-2.35945,-0.61684,50,5.75126,1.41623,-117.40716,-1.66065,-0.24516,21.49448,-35.47904,HP,LEX_LEG,HighPoint,Independent,ATL,20250822-HighPoint-1,af84ec50-7fa9-11f0-93aa-f3dbcec3603d,79.18539,,,6.0818,,,,,,,a31a5625-cd95-4fb6-9b78-3ca3a078fd38,2025-08-22,22:45:21.54,2025-08-22T18:45:21.5463424-04:00,2025-08-22T22:45:21.5463424Z,,v3,5431,495,,"Huntzinger, Jerry",694255,Right,LEX_LEG,9ecab430-ad58-43d2-8cb8-3c2767d2b286,55.33867,-118.38051,10.74724,5.79009,-0.05403,-17.73952,-0.68122,1.42733,-0.12258,,,,,,,,,,,,,,,,,,,,,,,,,,,,,,,,,,,,,,,,,,,,,,,,,,,High,High,High,,,,,
20,2025-08-22,18:45:45.80,3,2,"Ferrer, Ben",829343,Right,LEX_LEG,"Aklinski, Ben",679701,Right,HP,Undefined,1,Bottom,0,0,1,TwoSeamFastBall,Sinker,BallCalled,Undefined,Undefined,Undefined,0,0,,89.27941,-1.634094,-2.62411,2125.089969,246.410493,2:15,5.81351,0.57046,5.24934,-29.02655,6.80599,13.06788,1.85703,-0.80816,82.08793,-6.937354,-0.306403,0.430834,,,,,,,,,,,,-7.23248,4.1752,-0.33956,50,5.6419,5.34042,-129.4884,-4.80483,-12.33189,25.9627,-25.05506,HP,LEX_LEG,HighPoint,Independent,ATL,20250822-HighPoint-1,bdf95500-7fa9-11f0-93aa-f3dbcec3603d,87.48708,,,7.19148,,,,,,,a31a5625-cd95-4fb6-9b78-3ca3a078fd38,2025-08-22,22:45:45.80,2025-08-22T18:45:45.8016768-04:00,2025-08-22T22:45:45.8016768Z,,v3,5431,495,,"Huntzinger, Jerry",694255,Right,LEX_LEG,963b7e0f-25f7-4587-aad9-0adb2714a54d,55.25048,-130.53689,12.98135,5.81551,-3.793,-12.52753,-0.56529,5.83844,-6.16595,,,,,,,,,,,,,,,,,,,,,,,,,,,,,,,,,,,,,,,,,,,,,,,,,,,High,High,High,,,,,
21,2025-08-22,18:46:03.80,3,3,"Ferrer, Ben",829343,Right,LEX_LEG,"Aklinski, Ben",679701,Right,HP,Undefined,1,Bottom,0,1,1,TwoSeamFastBall,Sinker,FoulBallNotFieldable,Undefined,Undefined,Undefined,0,0,,89.96745,-2.065394,-1.044464,2089.763681,242.820809,2:00,5.84203,0.49675,5.31702,-26.31864,8.86741,15.16107,1.70923,0.77981,82.71796,-6.889977,1.65078,0.42693,63.05179,38.770809,84.891158,5216.736948,-7.77499,48.37242,109.72486,174.4966,73.32275,101.032716,3.661873,-7.94493,5.32386,-0.41373,50,5.63586,1.70478,-130.58831,-5.69231,-13.75532,26.82708,-22.95663,HP,LEX_LEG,HighPoint,Independent,ATL,20250822-HighPoint-1,c8b2b180-7fa9-11f0-93aa-f3dbcec3603d,88.28717,48.84507,,7.24949,,,,1.80153,1.62841,-0.86442,a31a5625-cd95-4fb6-9b78-3ca3a078fd38,2025-08-22,22:46:03.80,2025-08-22T18:46:03.8000128-04:00,2025-08-22T22:46:03.8000128Z,Popup,v3,5431,495,,"Huntzinger, Jerry",694255,Right,LEX_LEG,82c95132-0984-4222-9470-824f08f7d610,55.18389,-131.64895,13.41354,5.84297,-4.7847,-11.47831,-0.49188,2.24861,-6.87766,230.005062,1.79703,6.56133,-10.30016,4.95111,-3.12687,1.641,-0.55718,0.1024,-0.00752,1.62742,57.93905,-20.56356,2.37356,-0.72188,0.24922,-0.04572,0.00061,0.00049,-0.86572,71.84071,-9.33108,1.21052,0.04974,-0.26674,0.13963,-0.0332,0.00303,,,,,,,,,,,,,,,,,,,,,,,High,High,High,High,Low,,,
22,2025-08-22,18:46:32.97,3,4,"Ferrer, Ben",829343,Right,LEX_LEG,"Aklinski, Ben",679701,Right,HP,Undefined,1,Bottom,0,1,2,Cutter,Slider,FoulBallNotFieldable,Undefined,Undefined,Undefined,0,0,,83.73361,0.281218,-0.801339,2438.22292,168.914065,11:45,5.92967,0.46733,5.2547,-34.57238,5.80268,-0.91409,3.3129,-0.36184,77.44169,-6.025504,-0.963544,0.457328,70.98481,43.344909,167.559309,4039.513881,,,,,44.40473,,,0.26299,3.14729,-0.39315,50,5.92962,1.73999,-121.69646,-0.64453,0.39844,21.58201,-27.40562,HP,LEX_LEG,HighPoint,Independent,ATL,20250822-HighPoint-1,da205d00-7fa9-11f0-93aa-f3dbcec3603d,82.41878,37.81111,,6.29192,,,,2.4696,3.44259,0.37211,a31a5625-cd95-4fb6-9b78-3ca3a078fd38,2025-08-22,22:46:32.97,2025-08-22T18:46:32.9760256-04:00,2025-08-22T22:46:32.9760256Z,,v3,5431,495,,"Huntzinger, Jerry",694255,Right,LEX_LEG,1fe2f6d5-4e9e-4b7f-bb44-13de54545913,55.24666,-122.62339,10.791,5.93202,0.53252,-13.70281,-0.46751,1.72288,0.19922,337.063193,2.4696,-73.93519,2.22841,0.94684,-0.61977,1.18038,-2.05462,1.93073,-0.70851,3.44259,71.46065,-29.60461,3.87966,-1.21699,1.51025,-2.52704,2.32605,-0.82861,0.37211,16.31083,-5.29877,1.02169,-0.35149,0.54513,-0.95031,0.87746,-0.31252,,,,,,,,,,,,,,,,,,,,,,,High,High,High,High,Undefined,,,
23,2025-08-22,18:46:57.42,3,5,"Ferrer, Ben",829343,Right,LEX_LEG,"Aklinski, Ben",679701,Right,HP,Undefined,1,Bottom,0,1,2,Cutter,Slider,InPlay,Undefined,GroundBall,FieldersChoice,1,1,,82.21815,-0.476648,-0.890177,2536.323605,103.035104,9:30,5.81969,0.5446,5.18659,-40.22486,1.5789,-2.00284,2.01912,-0.45985,76.62925,-7.74964,-1.245506,0.465349,69.90039,-7.153646,-17.998761,,,,,19.78104,18.92085,-13.336512,0.161721,0.80433,1.16772,-0.46031,50,5.74429,1.93844,-119.55683,-2.44844,1.18123,19.89071,-30.45918,HP,LEX_LEG,HighPoint,Independent,ATL,20250822-HighPoint-1,e8ada4e0-7fa9-11f0-93aa-f3dbcec3603d,80.99815,2.40366,,5.5889,,,,3.88681,2.40366,0.42301,a31a5625-cd95-4fb6-9b78-3ca3a078fd38,2025-08-22,22:46:57.42,2025-08-22T18:46:57.4241792-04:00,2025-08-22T22:46:57.4241792Z,GroundBall,v3,5431,495,,"Huntzinger, Jerry",694255,Right,LEX_LEG,975b64b4-9068-4014-b310-c1670daacd45,55.31621,-120.43804,9.94535,5.82288,-1.09902,-15.22959,-0.54503,1.88611,0.59062,187.003858,3.88712,96.71914,-10.75766,,,,,,,2.4038,-12.77766,-12.90502,,,,,,,0.42291,-31.42307,3.67374,,,,,,,,,,,,,,,,,,,,,,,,,,,,,High,High,High,High,High,,,
24,2025-08-22,18:47:38.62,4,1,"Ferrer, Ben",829343,Right,LEX_LEG,"Dickerson, Alex",543105,Left,HP,Undefined,1,Bottom,1,0,0,ChangeUp,Changeup,BallCalled,Undefined,Undefined,Undefined,0,0,,84.50552,-1.627639,-0.393042,2140.288853,256.079855,2:30,5.67673,1.05644,5.49224,-33.67494,5.97323,19.17698,1.34744,2.28684,77.8222,-7.785898,3.028927,0.453193,,,,,,,,,,,,-9.79201,3.84024,-1.03533,50,5.5115,0.04074,-122.72429,-4.66972,-14.94722,24.08343,-26.31201,HP,LEX_LEG,HighPoint,Independent,ATL,20250822-HighPoint-1,0143e500-7faa-11f0-93aa-f3dbcec3603d,83.17086,,,6.68332,,,,,,,a31a5625-cd95-4fb6-9b78-3ca3a078fd38,2025-08-22,22:47:38.62,2025-08-22T18:47:38.6294784-04:00,2025-08-22T22:47:38.6294784Z,,v3,5431,495,,"Huntzinger, Jerry",694255,Right,LEX_LEG,4abd3022-1cb9-43f1-a6fb-36c783214126,55.0083,-123.70321,12.04171,5.67957,-3.60021,-13.15601,-1.04934,0.6483,-7.47361,,,,,,,,,,,,,,,,,,,,,,,,,,,,,,,,,,,,,,,,,,,,,,,,,,,High,High,High,,,,,
25,2025-08-22,18:47:56.97,4,2,"Ferrer, Ben",829343,Right,LEX_LEG,"Dickerson, Alex",543105,Left,HP,Undefined,1,Bottom,1,1,0,ChangeUp,Changeup,BallCalled,Undefined,Undefined,Undefined,0,0,,83.79734,0.291108,-1.450187,2207.243402,256.112332,2:30,5.62663,0.96512,5.6147,-34.17431,5.61914,18.17135,3.05056,1.12561,77.4644,-5.985815,1.795997,0.454022,,,,,,,,,,,,-9.58587,3.12555,-0.85327,50,5.62933,2.34613,-121.83571,-0.5528,-14.54785,21.77021,-27.43062,HP,LEX_LEG,HighPoint,Independent,ATL,20250822-HighPoint-1,0c36c810-7faa-11f0-93aa-f3dbcec3603d,83.01891,,,6.33293,,,,,,,a31a5625-cd95-4fb6-9b78-3ca3a078fd38,2025-08-22,22:47:56.97,2025-08-22T18:47:56.9780736-04:00,2025-08-22T22:47:56.9780736Z,,v3,5431,495,,"Huntzinger, Jerry",694255,Right,LEX_LEG,77a8f5d3-d049-48e4-8f13-f5b05122576b,54.88686,-122.7058,10.8851,5.62952,0.54353,-13.71531,-0.95866,2.92757,-7.27392,,,,,,,,,,,,,,,,,,,,,,,,,,,,,,,,,,,,,,,,,,,,,,,,,,,High,High,High,,,,,
26,2025-08-22,18:48:29.47,4,3,"Ferrer, Ben",829343,Right,LEX_LEG,"Dickerson, Alex",543105,Left,HP,Undefined,1,Bottom,1,2,0,ChangeUp,Changeup,BallCalled,Undefined,Undefined,Undefined,0,0,,84.28749,0.714931,-0.098309,2332.046218,254.803283,2:30,5.57136,1.188,5.3469,-33.83915,6.12701,18.15572,3.42207,2.60876,77.4496,-5.488017,3.127989,0.455007,,,,,,,,,,,,-9.11733,3.25819,-1.19248,50,5.61163,-0.56637,-122.43819,0.31705,-13.88737,23.40235,-27.2112,HP,LEX_LEG,HighPoint,Independent,ATL,20250822-HighPoint-1,1f959530-7faa-11f0-93aa-f3dbcec3603d,82.83934,,,6.83789,,,,,,,a31a5625-cd95-4fb6-9b78-3ca3a078fd38,2025-08-22,22:48:29.47,2025-08-22T18:48:29.4754816-04:00,2025-08-22T22:48:29.4754816Z,,v3,5431,495,,"Huntzinger, Jerry",694255,Right,LEX_LEG,89aafecc-2eb0-4e58-872a-b844ccae315d,55.15324,-123.41923,11.70117,5.57444,1.45776,-13.6056,-1.18094,0.01579,-6.94368,,,,,,,,,,,,,,,,,,,,,,,,,,,,,,,,,,,,,,,,,,,,,,,,,,,High,High,High,,,,,
27,2025-08-22,18:49:01.93,4,4,"Ferrer, Ben",829343,Right,LEX_LEG,"Dickerson, Alex",543105,Left,HP,Undefined,1,Bottom,1,3,0,TwoSeamFastBall,Sinker,FoulBallNotFieldable,Undefined,Undefined,Undefined,0,0,,87.92819,-0.776503,-1.683338,2197.292,239.274294,2:00,5.67581,1.21567,5.18987,-27.48183,9.51406,14.08804,2.65481,0.80563,80.67023,-5.820754,0.813168,0.437772,,,,,,,,,,,,-7.52993,5.29126,-1.07073,50,5.58303,3.12428,-127.63093,-2.74983,-12.45574,25.57197,-23.42139,HP,LEX_LEG,HighPoint,Independent,ATL,20250822-HighPoint-1,32e917b0-7faa-11f0-93aa-f3dbcec3603d,86.10056,,,7.25796,,,,,,,a31a5625-cd95-4fb6-9b78-3ca3a078fd38,2025-08-22,22:49:01.93,2025-08-22T18:49:01.9351040-04:00,2025-08-22T22:49:01.9351040Z,,v3,5431,495,,"Huntzinger, Jerry",694255,Right,LEX_LEG,0d76ca5b-5f65-428a-a2f6-fa6614fedc75,55.3106,-128.69056,12.78598,5.67686,-1.77932,-11.7107,-1.21089,3.64041,-6.22787,,,,,,,,,,,,,,,,,,,,,,,,,,,,,,,,,,,,,,,,,,,,,,,,,,,High,High,High,,,,,
28,2025-08-22,18:49:24.12,4,5,"Ferrer, Ben",829343,Right,LEX_LEG,"Dickerson, Alex",543105,Left,HP,Undefined,1,Bottom,1,3,1,ChangeUp,Changeup,InPlay,Undefined,FlyBall,Out,1,0,,84.78507,0.109452,-2.103979,2249.380152,257.25243,2:30,5.53163,1.10503,5.66747,-34.14435,5.05528,16.88072,2.7884,0.54911,77.60926,-6.186817,0.91382,0.450622,97.53293,43.184028,-16.015401,4221.611991,102.79055,98.91639,-39.16722,328.6719,150.4879,-28.260636,6.037464,-9.21867,2.88047,-0.93836,50,5.51921,3.83785,-123.11946,-0.93305,-14.13567,24.67775,-27.75722,HP,LEX_LEG,HighPoint,Independent,ATL,20250822-HighPoint-1,40212fd0-7faa-11f0-93aa-f3dbcec3603d,83.64538,133.10371,,7.1758,,,,2.08004,3.56716,-0.55398,a31a5625-cd95-4fb6-9b78-3ca3a078fd38,2025-08-22,22:49:24.12,2025-08-22T18:49:24.1251328-04:00,2025-08-22T22:49:24.1251328Z,FlyBall,v3,5431,495,,"Huntzinger, Jerry",694255,Right,LEX_LEG,51463498-e6d5-4f89-b7b8-8d77d0b6f4bb,54.83355,-124.0845,12.33887,5.53448,0.15242,-13.87861,-1.09925,4.39063,-7.06783,157.135842,2.09003,100.06335,-24.97012,5.65039,-0.61124,-0.06691,0.03217,-0.00397,0.00017,3.56006,98.00555,-22.23255,2.14966,-0.45526,0.06973,-0.00218,-0.00074,6E-05,-0.55251,-28.80861,-0.6342,0.58986,-0.09141,-0.01184,0.00649,-0.00089,4E-05,,,,,,,,,,,,,,,,,,,,,,,High,High,High,Medium,Low,,,
29,2025-08-22,18:50:06.49,5,1,"Ferrer, Ben",829343,Right,LEX_LEG,"Edwards, Evan",657212,Left,HP,Undefined,1,Bottom,2,0,0,ChangeUp,Changeup,BallCalled,Undefined,Undefined,Undefined,0,0,,85.31933,-0.776785,-1.341688,2197.232241,270.97569,3:00,5.49523,1.20414,5.55051,-37.86471,0.85843,18.06525,1.61373,1.45561,78.64165,-7.690955,1.885694,0.447875,,,,,,,,,,,,-9.50052,1.00516,-1.10027,50,5.40291,2.14618,-123.96639,-3.04586,-14.82571,24.12812,-30.60549,HP,LEX_LEG,HighPoint,Independent,ATL,20250822-HighPoint-1,596981e0-7faa-11f0-93aa-f3dbcec3603d,84.15843,,,6.67769,,,,,,,a31a5625-cd95-4fb6-9b78-3ca3a078fd38,2025-08-22,22:50:06.49,2025-08-22T18:50:06.4940032-04:00,2025-08-22T22:50:06.4940032Z,,v3,5431,495,,"Huntzinger, Jerry",694255,Right,LEX_LEG,2a8d5c66-1739-42da-9d9d-d05e8c1c6bc3,54.95088,-124.92628,12.06406,5.49986,-1.82827,-15.30275,-1.19738,2.73599,-7.41285,,,,,,,,,,,,,,,,,,,,,,,,,,,,,,,,,,,,,,,,,,,,,,,,,,,High,High,High,,,,,
30,2025-08-22,18:50:24.89,5,2,"Ferrer, Ben",829343,Right,LEX_LEG,"Edwards, Evan",657212,Left,HP,Undefined,1,Bottom,2,1,0,TwoSeamFastBall,Sinker,BallCalled,Undefined,Undefined,Undefined,1,0,Aklinski thrown out trying to steal 2nd,89.69718,0.11737,-1.431241,2080.896277,260.583907,2:45,5.66157,1.09064,5.153,-31.97364,3.26654,13.86324,3.10763,0.89828,83.07015,-5.692957,1.024302,0.427258,,,,,,,,,,,,-7.27453,1.89272,-0.96804,50,5.6478,2.62442,-130.37055,-1.0004,-12.68526,24.01893,-28.87353,HP,LEX_LEG,HighPoint,Independent,ATL,20250822-HighPoint-1,64623150-7faa-11f0-93aa-f3dbcec3603d,88.21933,,,6.62704,,,,,,,a31a5625-cd95-4fb6-9b78-3ca3a078fd38,2025-08-22,22:50:24.89,2025-08-22T18:50:24.8960000-04:00,2025-08-22T22:50:24.8960000Z,,v3,5431,495,,"Huntzinger, Jerry",694255,Right,LEX_LEG,4200e64b-00c0-452d-aa1c-de9e6c34c8fc,55.3487,-131.35227,12.00947,5.66457,0.17975,-14.43677,-1.0859,3.1429,-6.34263,,,,,,,,,,,,,,,,,,,,,,,,,,,,,81.32742,1.990071,0.756429,1.233643,-1.11129,2.84899,-0.94602,-0.18106,6.12898,0.40328,127.28288,2.23539,0.56045,-0.03122,116.94893,-11.28591,6.14647,11.23648,-11.69904,0.36695,-2.2799,2.00902,High,High,High,,,High,High,Medium
31,2025-08-22,18:53:30.75,1,1,"Barker, Alex",1000106691,Left,HP,"Gonzalez, Pedro",660639,Right,LEX_LEG,Undefined,2,Top,0,0,0,Fastball,,InPlay,Undefined,LineDrive,Single,0,0,,,,,,,,,,,,,,,,,,,,,,,,,,,,,,,,,,,,,,,,,,HP,LEX_LEG,HighPoint,Independent,ATL,20250822-HighPoint-1,c37d6bf0-7faa-11f0-93aa-f3dbcec3603d,,,,,,,,,,,a31a5625-cd95-4fb6-9b78-3ca3a078fd38,2025-08-22,22:53:30.75,2025-08-22T18:53:30.7594624-04:00,2025-08-22T22:53:30.7594624Z,,v3,5431,495,,"Napleton, Luke",813847,Right,HP,,,,,,,,,,,,,,,,,,,,,,,,,,,,,,,,,,,,,,,,,,,,,,,,,,,,,,,,,,,,,,,,,,,,
32,2025-08-22,18:53:31.75,2,1,"Barker, Alex",1000106691,Left,HP,"Cumbo, E.J.",821574,Left,LEX_LEG,Undefined,2,Top,0,0,0,Slider,Slider,FoulBallNotFieldable,Undefined,Undefined,Undefined,0,0,,81.33889,-0.398664,3.590096,2363.573631,225.267504,1:30,5.79136,-3.13055,5.43277,-39.09915,3.78114,2.53547,2.15901,0.44728,75.1091,-7.520057,4.040093,0.471303,,,,,,,,,,,,-0.34035,2.32268,2.8103,50,5.72853,-7.50052,-117.97376,-2.15499,-0.48168,21.56197,-28.88691,HP,LEX_LEG,HighPoint,Independent,ATL,20250822-HighPoint-1,d3c6e2c0-7faa-11f0-93aa-f3dbcec3603d,79.97491,,,6.22979,,,,,,,a31a5625-cd95-4fb6-9b78-3ca3a078fd38,2025-08-22,22:53:31.75,2025-08-22T18:53:31.7594624-04:00,2025-08-22T22:53:31.7594624Z,,v3,5431,495,,"Napleton, Luke",813847,Right,HP,7903c1a3-d2f3-475d-bd8b-d0073d3256a2,55.06892,-118.89659,10.78099,5.7943,-0.91865,-14.44346,3.13088,-7.4799,-0.24084,,,,,,,,,,,,,,,,,,,,,,,,,,,,,,,,,,,,,,,,,,,,,,,,,,,High,High,High,,,,,
33,2025-08-22,18:54:07.86,2,2,"Barker, Alex",1000106691,Left,HP,"Cumbo, E.J.",821574,Left,LEX_LEG,Undefined,2,Top,0,0,1,Slider,Slider,FoulBallNotFieldable,Undefined,Undefined,Undefined,0,0,,82.24539,-0.961022,3.319049,2196.499137,206.097727,12:45,5.68334,-3.07366,5.39537,-35.64982,5.98122,2.37728,1.8103,0.23839,76.5645,-7.439781,3.740912,0.464387,70.30555,17.967877,-164.455311,2537.271316,,,,92.0082,27.37229,-168.958333,1.184696,-0.4174,3.54591,2.77544,50,5.57203,-7.01806,-119.40251,-3.2367,-0.61075,20.07257,-26.98559,HP,LEX_LEG,HighPoint,Independent,ATL,20250822-HighPoint-1,e9473050-7faa-11f0-93aa-f3dbcec3603d,81.16602,9.93133,,5.68088,,,,4.89092,2.03314,-0.36913,a31a5625-cd95-4fb6-9b78-3ca3a078fd38,2025-08-22,22:54:07.86,2025-08-22T18:54:07.8642688-04:00,2025-08-22T22:54:07.8642688Z,LineDrive,v3,5431,495,,"Napleton, Luke",813847,Right,HP,f3f2255f-9ba9-4b93-9c10-2bfac5fcd840,55.10676,-120.25793,10.03628,5.68546,-2.08667,-13.49279,3.07397,-6.99204,-0.30537,,4.88368,-94.45746,11.91675,,,,,,,2.40274,27.39566,-25.05948,,,,,,,-0.54999,-24.11619,8.3,,,,,,,,,,,,,,,,,,,,,,,,,,,,,High,High,High,Medium,Low,,,
34,2025-08-22,18:54:33.88,2,3,"Barker, Alex",1000106691,Left,HP,"Cumbo, E.J.",821574,Left,LEX_LEG,Undefined,2,Top,0,0,2,Fastball,Four-Seam,BallCalled,Undefined,Undefined,Undefined,0,0,,87.20287,-0.755698,4.585472,2211.9475,167.242635,11:30,5.70756,-2.98617,5.59656,-23.201,13.58772,-2.85169,3.06629,1.06655,80.90643,-5.040675,4.079362,0.436545,,,,,,,,,,,,2.5124,7.38185,2.59424,50,5.62746,-10.02099,-126.43452,-2.4519,4.13355,21.81792,-20.02907,HP,LEX_LEG,HighPoint,Independent,ATL,20250822-HighPoint-1,f8c6a060-7faa-11f0-93aa-f3dbcec3603d,86.34266,,,6.29644,,,,,,,a31a5625-cd95-4fb6-9b78-3ca3a078fd38,2025-08-22,22:54:33.88,2025-08-22T18:54:33.8819072-04:00,2025-08-22T22:54:33.8819072Z,,v3,5431,495,,"Napleton, Luke",813847,Right,HP,1f3fb233-7e7a-4342-9523-c5cec4be73d9,54.90373,-127.27791,10.90896,5.70727,-1.67766,-10.01453,2.9847,-10.18077,2.06678,,,,,,,,,,,,,,,,,,,,,,,,,,,,,,,,,,,,,,,,,,,,,,,,,,,High,High,High,,,,,
35,2025-08-22,18:54:55.35,2,4,"Barker, Alex",1000106691,Left,HP,"Cumbo, E.J.",821574,Left,LEX_LEG,Undefined,2,Top,0,1,2,Fastball,Four-Seam,StrikeSwinging,Strikeout,Undefined,Undefined,0,0,,86.22892,-0.477651,4.180813,2245.008421,168.984802,11:45,5.7449,-3.13204,5.54766,-23.64454,13.89442,-2.51484,3.32695,0.57229,80.22574,-4.837814,3.734474,0.440973,,,,,,,,,,,,2.21,7.45611,2.77124,50,5.6877,-9.04266,-125.12941,-1.83969,3.57244,20.61891,-20.12139,HP,LEX_LEG,HighPoint,Independent,ATL,20250822-HighPoint-1,0596cef0-7fab-11f0-93aa-f3dbcec3603d,85.47552,,,6.00319,,,,,,,a31a5625-cd95-4fb6-9b78-3ca3a078fd38,2025-08-22,22:54:55.35,2025-08-22T18:54:55.3554432-04:00,2025-08-22T22:54:55.3554432Z,,v3,5431,495,,"Napleton, Luke",813847,Right,HP,3dd7594d-ed04-4349-b533-43dd8ed1ed2f,54.95309,-125.94294,10.30946,5.74463,-1.04579,-10.0607,3.1308,-9.18361,1.78622,,,,,,,,,,,,,,,,,,,,,,,,,,,,,,,,,,,,,,,,,,,,,,,,,,,High,High,High,,,,,
36,2025-08-22,18:55:34.11,3,1,"Barker, Alex",1000106691,Left,HP,"Dixon, Brenden",686981,Right,LEX_LEG,Undefined,2,Top,1,0,0,Fastball,Four-Seam,BallCalled,Undefined,Undefined,Undefined,0,0,,88.09861,-1.189154,2.449908,2243.646149,165.898764,11:30,5.77556,-3.07141,5.60829,-20.95308,14.78017,-3.4813,2.9183,-1.07329,82.06752,-5.069171,1.829174,0.430237,,,,,,,,,,,,2.3041,8.06048,2.86411,50,5.66014,-5.33137,-128.05964,-3.3615,3.90552,21.30115,-18.51116,HP,LEX_LEG,HighPoint,Independent,ATL,20250822-HighPoint-1,1cb451c0-7fab-11f0-93aa-f3dbcec3603d,87.60854,,,6.03109,,,,,,,a31a5625-cd95-4fb6-9b78-3ca3a078fd38,2025-08-22,22:55:34.11,2025-08-22T18:55:34.1128192-04:00,2025-08-22T22:55:34.1128192Z,,v3,5431,495,,"Napleton, Luke",813847,Right,HP,825ffb6d-2159-4dae-bc75-1067302d067b,54.89208,-128.87081,10.65057,5.77473,-2.65657,-9.25558,3.06997,-5.4801,1.95276,,,,,,,,,,,,,,,,,,,,,,,,,,,,,,,,,,,,,,,,,,,,,,,,,,,High,High,High,,,,,
37,2025-08-22,18:55:54.60,3,2,"Barker, Alex",1000106691,Left,HP,"Dixon, Brenden",686981,Right,LEX_LEG,Undefined,2,Top,1,1,0,Slider,Slider,StrikeCalled,Undefined,Undefined,Undefined,0,0,,83.05879,-0.557746,2.610878,2324.262643,249.246675,2:15,5.73431,-3.21851,5.32044,-37.27896,3.74201,6.85587,2.10375,-0.19527,77.07647,-7.325996,3.827001,0.460972,,,,,,,,,,,,-2.79264,2.38083,2.97689,50,5.65675,-5.78457,-120.59705,-2.51296,-4.15558,21.16173,-28.63124,HP,LEX_LEG,HighPoint,Independent,ATL,20250822-HighPoint-1,28eef710-7fab-11f0-93aa-f3dbcec3603d,81.76734,,,5.98232,,,,,,,a31a5625-cd95-4fb6-9b78-3ca3a078fd38,2025-08-22,22:55:54.60,2025-08-22T18:55:54.6036224-04:00,2025-08-22T22:55:54.6036224Z,,v3,5431,495,,"Napleton, Luke",813847,Right,HP,7d81be6c-dcee-465e-a349-c2e6de980cea,55.17989,-121.50259,10.58087,5.73807,-1.28779,-14.31562,3.22062,-5.60675,-2.07779,,,,,,,,,,,,,,,,,,,,,,,,,,,,,,,,,,,,,,,,,,,,,,,,,,,High,High,High,,,,,
38,2025-08-22,18:56:17.31,3,3,"Barker, Alex",1000106691,Left,HP,"Dixon, Brenden",686981,Right,LEX_LEG,Undefined,2,Top,1,1,1,Slider,Slider,StrikeCalled,Undefined,Undefined,Undefined,0,0,,83.74958,-0.907226,2.328853,2294.316158,253.704596,2:30,5.79665,-3.10177,5.45044,-36.86419,3.1476,7.08776,1.87452,-0.32966,78.00161,-7.602818,3.590039,0.455266,,,,,,,,,,,,-3.0202,2.15146,2.89113,50,5.69101,-5.24026,-121.68401,-3.24161,-4.58996,20.83366,-28.90435,HP,LEX_LEG,HighPoint,Independent,ATL,20250822-HighPoint-1,3678d8b0-7fab-11f0-93aa-f3dbcec3603d,82.79206,,,5.74798,,,,,,,a31a5625-cd95-4fb6-9b78-3ca3a078fd38,2025-08-22,22:56:17.31,2025-08-22T18:56:17.3109760-04:00,2025-08-22T22:56:17.3109760Z,,v3,5431,495,,"Napleton, Luke",813847,Right,HP,c1033c15-8c62-4c61-a51b-fb00d591efbe,55.05048,-122.54566,10.41683,5.80035,-2.04617,-14.45218,3.10393,-5.05042,-2.29498,,,,,,,,,,,,,,,,,,,,,,,,,,,,,,,,,,,,,,,,,,,,,,,,,,,High,High,High,,,,,
39,2025-08-22,18:56:41.76,3,4,"Barker, Alex",1000106691,Left,HP,"Dixon, Brenden",686981,Right,LEX_LEG,Undefined,2,Top,1,1,2,Fastball,Four-Seam,InPlay,Undefined,GroundBall,Out,2,0,6-4-3 dp,88.61728,-0.399597,3.086144,2143.400563,163.465505,11:30,5.76341,-3.10711,5.57111,-22.40867,13.07324,-3.60252,3.52222,-0.5218,82.27806,-4.543622,2.444955,0.428721,96.38475,-8.306142,-22.442349,,,,,21.19009,20.20428,-20.44669,0.147917,2.54374,7.01713,2.84347,50,5.71417,-6.78958,-128.74684,-1.66926,4.34419,22.35365,-20.19033,HP,LEX_LEG,HighPoint,Independent,ATL,20250822-HighPoint-1,45050f20-7fab-11f0-93aa-f3dbcec3603d,87.91835,3.51705,,6.33922,,,,1.23858,3.51705,0.51076,a31a5625-cd95-4fb6-9b78-3ca3a078fd38,2025-08-22,22:56:41.76,2025-08-22T18:56:41.7697792-04:00,2025-08-22T22:56:41.7697792Z,GroundBall,v3,5431,495,,"Napleton, Luke",813847,Right,HP,97a13532-ba71-43e4-906c-7153a4c96e75,54.93018,-129.60001,11.17682,5.76318,-0.89866,-10.09517,3.10577,-6.95538,2.1721,44.286156,1.23901,129.24868,-22.96575,,,,,,,3.51759,-20.46986,-22.40799,,,,,,,0.51096,-53.41845,-0.55333,,,,,,,,,,,,,,,,,,,,,,,,,,,,,High,High,High,High,High,,,
40,2025-08-22,18:59:23.97,1,1,"Ferrer, Ben",829343,Right,LEX_LEG,"Edwards, Evan",657212,Left,HP,Undefined,2,Bottom,0,0,0,TwoSeamFastBall,Sinker,InPlay,Undefined,FlyBall,Out,1,0,,89.16412,-1.307197,-2.595076,2079.844279,240.646488,2:00,5.74066,1.07175,5.1818,-25.06541,11.30611,17.9004,2.42048,0.12011,81.01625,-5.938764,0.574445,0.434062,93.95683,30.062828,23.452707,2551.053895,99.372,58.19429,47.17173,326.81091,320.37088,30.19511,4.769485,-9.76142,6.38319,-0.84489,50,5.60033,5.04288,-129.20243,-3.87316,-16.38613,28.65947,-21.45883,HP,LEX_LEG,HighPoint,Independent,ATL,20250822-HighPoint-1,a5b17110-7fab-11f0-93aa-f3dbcec3603d,86.83648,77.12185,,8.14786,,,,2.42103,2.59906,-0.07002,a31a5625-cd95-4fb6-9b78-3ca3a078fd38,2025-08-22,22:59:23.97,2025-08-22T18:59:23.9706624-04:00,2025-08-22T22:59:23.9706624Z,FlyBall,v3,5431,495,,"Huntzinger, Jerry",694255,Right,LEX_LEG,6bad3138-57e9-4569-b27f-c47ef79e4063,55.31802,-130.37672,14.32973,5.74102,-2.9939,-10.72941,-1.06527,5.71429,-8.19306,203.584395,2.42193,109.39468,-24.5301,6.11828,-1.3774,0.29696,-0.05563,0.00692,-0.00038,2.60064,68.9945,-17.3847,0.41514,0.38252,-0.23285,0.06539,-0.0089,0.00047,-0.07037,47.47612,-4.59031,0.5814,-0.06975,0.01973,-0.00653,0.00112,-7E-05,,,,,,,,,,,,,,,,,,,,,,,High,High,High,High,Medium,,,
41,2025-08-22,19:00:00.62,2,1,"Ferrer, Ben",829343,Right,LEX_LEG,"Napleton, Luke",813847,Right,HP,Undefined,2,Bottom,1,0,0,Fastball,Sinker,BallCalled,Undefined,Undefined,Undefined,0,0,,90.13059,-2.081359,-2.588564,2171.364835,225.513157,1:30,5.96479,0.61931,5.34282,-21.93363,13.32316,12.38548,2.18166,-0.77849,82.26916,-6.151861,-0.389459,0.427359,,,,,,,,,,,,-6.92363,7.61532,-0.39495,50,5.7615,5.33466,-130.60428,-5.53,-11.93985,27.91378,-19.04139,HP,LEX_LEG,HighPoint,Independent,ATL,20250822-HighPoint-1,bb8c3ab0-7fab-11f0-93aa-f3dbcec3603d,88.19858,,,7.86143,,,,,,,a31a5625-cd95-4fb6-9b78-3ca3a078fd38,2025-08-22,23:00:00.62,2025-08-22T19:00:00.6274048-04:00,2025-08-22T23:00:00.6274048Z,,v3,5431,495,,"Huntzinger, Jerry",694255,Right,LEX_LEG,e1dfce4a-b073-4631-8852-b23864623356,55.15524,-131.70149,13.95689,5.96416,-4.78154,-9.5207,-0.61386,5.80398,-5.96992,,,,,,,,,,,,,,,,,,,,,,,,,,,,,,,,,,,,,,,,,,,,,,,,,,,High,High,High,,,,,
42,2025-08-22,19:00:16.81,2,2,"Ferrer, Ben",829343,Right,LEX_LEG,"Napleton, Luke",813847,Right,HP,Undefined,2,Bottom,1,1,0,Cutter,Slider,StrikeSwinging,Undefined,Undefined,Undefined,0,0,,83.5914,-0.961728,-2.517487,2470.854302,206.027071,12:45,5.77092,0.76664,5.35881,-36.37305,3.94705,1.38862,1.83698,-1.48004,77.74187,-7.567785,-2.27076,0.457017,,,,,,,,,,,,-1.3024,2.55587,-0.54132,50,5.6583,5.28074,-121.41456,-3.3449,-1.9706,20.74301,-28.30696,HP,LEX_LEG,HighPoint,Independent,ATL,20250822-HighPoint-1,c5408340-7fab-11f0-93aa-f3dbcec3603d,82.47493,,,5.84953,,,,,,,a31a5625-cd95-4fb6-9b78-3ca3a078fd38,2025-08-22,23:00:16.81,2025-08-22T19:00:16.8158720-04:00,2025-08-22T23:00:16.8158720Z,,v3,5431,495,,"Huntzinger, Jerry",694255,Right,LEX_LEG,8370fc60-ea98-4211-a1dc-980f2c7ba041,55.14202,-122.28989,10.37151,5.77425,-2.15039,-14.15348,-0.76591,5.3639,-0.9853,,,,,,,,,,,,,,,,,,,,,,,,,,,,,,,,,,,,,,,,,,,,,,,,,,,High,High,High,,,,,
43,2025-08-22,19:00:33.69,2,3,"Ferrer, Ben",829343,Right,LEX_LEG,"Napleton, Luke",813847,Right,HP,Undefined,2,Bottom,1,1,1,Cutter,Slider,BallCalled,Undefined,Undefined,Undefined,0,0,,84.91614,-1.669166,-2.564667,2477.14125,215.327701,1:15,5.8375,0.80185,5.41794,-36.39951,2.77634,1.17221,1.23859,-1.50455,78.75383,-8.278638,-2.35607,0.450485,,,,,,,,,,,,-1.23756,2.17567,-0.57474,50,5.66361,5.47137,-123.25205,-4.91718,-1.92091,22.42259,-28.79708,HP,LEX_LEG,HighPoint,Independent,ATL,20250822-HighPoint-1,cf4bc570-7fab-11f0-93aa-f3dbcec3603d,83.67073,,,6.16231,,,,,,,a31a5625-cd95-4fb6-9b78-3ca3a078fd38,2025-08-22,23:00:33.69,2025-08-22T19:00:33.6946176-04:00,2025-08-22T23:00:33.6946176Z,,v3,5431,495,,"Huntzinger, Jerry",694255,Right,LEX_LEG,932edcca-1197-4785-8f90-c6f73aba7cb0,55.08228,-124.1732,11.21129,5.84132,-3.73416,-14.39854,-0.80113,5.55028,-0.96045,,,,,,,,,,,,,,,,,,,,,,,,,,,,,,,,,,,,,,,,,,,,,,,,,,,High,High,High,,,,,
44,2025-08-22,19:00:50.32,2,4,"Ferrer, Ben",829343,Right,LEX_LEG,"Napleton, Luke",813847,Right,HP,Undefined,2,Bottom,1,2,1,Cutter,Slider,StrikeSwinging,Undefined,Undefined,Undefined,0,0,,84.88583,-1.88061,-2.26255,2417.852589,167.651842,11:30,5.73876,0.76456,5.50257,-35.97148,3.36465,-0.47189,0.98023,-1.39199,78.24515,-8.436859,-2.3467,0.451406,,,,,,,,,,,,-0.37925,2.58756,-0.56651,50,5.55008,4.88508,-123.14347,-5.33007,-0.58341,24.04866,-28.19372,HP,LEX_LEG,HighPoint,Independent,ATL,20250822-HighPoint-1,d91fcb00-7fab-11f0-93aa-f3dbcec3603d,83.50011,,,6.64068,,,,,,,a31a5625-cd95-4fb6-9b78-3ca3a078fd38,2025-08-22,23:00:50.32,2025-08-22T19:00:50.3255040-04:00,2025-08-22T23:00:50.3255040Z,,v3,5431,495,,"Huntzinger, Jerry",694255,Right,LEX_LEG,7514cc0b-9b79-41b8-b710-0a8b8c3dc228,54.99678,-124.11546,12.02433,5.74248,-4.19055,-14.09686,-0.76443,4.90866,-0.29171,,,,,,,,,,,,,,,,,,,,,,,,,,,,,,,,,,,,,,,,,,,,,,,,,,,High,High,High,,,,,
45,2025-08-22,19:01:16.05,2,5,"Ferrer, Ben",829343,Right,LEX_LEG,"Napleton, Luke",813847,Right,HP,Undefined,2,Bottom,1,2,2,Cutter,Slider,InPlay,Undefined,FlyBall,Double,0,0,,83.46855,-0.925586,-0.976211,2552.773108,123.150479,10:00,5.80982,0.6405,5.19163,-38.1238,2.6887,-2.32567,1.76192,-0.47173,77.33987,-7.834078,-1.388843,0.459799,104.17844,25.285978,-11.721619,1697.070382,107.26235,47.32843,-24.38537,374.62343,374.38578,-16.260586,4.584693,0.92622,1.88126,-0.54805,50,5.69469,2.16276,-121.26996,-3.35321,1.39071,21.87908,-29.34938,HP,LEX_LEG,HighPoint,Independent,ATL,20250822-HighPoint-1,e88104b0-7fab-11f0-93aa-f3dbcec3603d,81.9759,69.00357,,6.12868,,,,2.24317,1.94774,0.47906,a31a5625-cd95-4fb6-9b78-3ca3a078fd38,2025-08-22,23:01:16.05,2025-08-22T19:01:16.0559616-04:00,2025-08-22T23:01:16.0559616Z,FlyBall,v3,5431,495,,"Huntzinger, Jerry",694255,Right,LEX_LEG,39d95962-a984-471d-92ea-5b342435c878,55.31004,-122.22423,10.93954,5.81303,-2.07313,-14.67469,-0.64105,2.10211,0.69535,154.726487,2.24207,135.30159,-26.33576,6.48275,-1.65216,0.41088,-0.08291,0.01038,-0.00055,1.94953,65.22057,-17.45299,0.63428,0.26469,-0.17772,0.05069,-0.00687,0.00036,0.47961,-28.07955,0.26022,0.71386,-0.22228,0.02614,0.00222,-0.00096,8E-05,,,,,,,,,,,,,,,,,,,,,,,High,High,High,High,Medium,,,
46,2025-08-22,19:02:12.94,3,1,"Ferrer, Ben",829343,Right,LEX_LEG,"Longhi, Nick",641802,Right,HP,Undefined,2,Bottom,1,0,0,Cutter,Slider,FoulBallNotFieldable,Undefined,Undefined,Undefined,0,0,,85.55714,-0.947841,-1.719235,2310.265194,178.16618,12:00,5.81808,0.85051,5.52365,-30.64525,7.62993,-0.21004,2.37768,-0.77481,79.30144,-6.563125,-1.756683,0.445277,,,,,,,,,,,,-0.31461,4.41126,-0.70079,50,5.71495,3.74066,-124.33676,-3.13053,-0.49815,22.23569,-25.18877,HP,LEX_LEG,HighPoint,Independent,ATL,20250822-HighPoint-1,0a68ace0-7fac-11f0-93aa-f3dbcec3603d,84.6495,,,6.2557,,,,,,,a31a5625-cd95-4fb6-9b78-3ca3a078fd38,2025-08-22,23:02:12.94,2025-08-22T19:02:12.9420800-04:00,2025-08-22T23:02:12.9420800Z,,v3,5431,495,,"Huntzinger, Jerry",694255,Right,LEX_LEG,b84e0538-fc2a-4a17-8e31-efed847816d7,54.97719,-125.22369,11.11784,5.81978,-2.12581,-12.59439,-0.85039,3.76053,-0.24908,,,,,,,,,,,,,,,,,,,,,,,,,,,,,,,,,,,,,,,,,,,,,,,,,,,High,High,High,,,,,
47,2025-08-22,19:02:33.86,3,2,"Ferrer, Ben",829343,Right,LEX_LEG,"Longhi, Nick",641802,Right,HP,Undefined,2,Bottom,1,0,1,Cutter,Slider,BallCalled,Undefined,Undefined,Undefined,0,0,,83.48192,-1.35342,-1.909906,2510.592179,208.233441,1:00,5.73733,0.66101,5.55838,-37.88726,2.07965,0.55528,1.31461,-1.07782,78.01941,-8.235222,-1.810749,0.455011,,,,,,,,,,,,-0.72276,1.6841,-0.49637,50,5.59502,4.02525,-121.37472,-4.1962,-1.09626,20.02438,-29.61969,HP,LEX_LEG,HighPoint,Independent,ATL,20250822-HighPoint-1,16ee64f0-7fac-11f0-93aa-f3dbcec3603d,82.83857,,,5.46251,,,,,,,a31a5625-cd95-4fb6-9b78-3ca3a078fd38,2025-08-22,23:02:33.86,2025-08-22T19:02:33.8676736-04:00,2025-08-22T23:02:33.8676736Z,,v3,5431,495,,"Huntzinger, Jerry",694255,Right,LEX_LEG,1d2134ee-49f2-4e68-a7a2-712371c8d480,54.9434,-122.18756,10.01219,5.74095,-2.99386,-14.80985,-0.66067,4.06975,-0.54813,,,,,,,,,,,,,,,,,,,,,,,,,,,,,,,,,,,,,,,,,,,,,,,,,,,High,High,High,,,,,
48,2025-08-22,19:02:55.92,3,3,"Ferrer, Ben",829343,Right,LEX_LEG,"Longhi, Nick",641802,Right,HP,Undefined,2,Bottom,1,1,1,Slider,Curveball,BallCalled,Undefined,Undefined,Undefined,0,0,,80.27595,0.026216,-0.10385,2492.690577,45.210394,7:30,5.71443,0.85383,5.14474,-48.7868,-4.11784,-5.58067,1.67354,0.291,73.7202,-8.800846,-1.094145,0.481032,,,,,,,,,,,,2.75221,-1.63492,-0.83963,50,5.67914,0.44254,-116.52292,-1.72303,3.77108,22.58969,-34.4142,HP,LEX_LEG,HighPoint,Independent,ATL,20250822-HighPoint-1,2418c170-7fac-11f0-93aa-f3dbcec3603d,78.35738,,,6.55575,,,,,,,a31a5625-cd95-4fb6-9b78-3ca3a078fd38,2025-08-22,23:02:55.92,2025-08-22T19:02:55.9262208-04:00,2025-08-22T23:02:55.9262208Z,,v3,5431,495,,"Huntzinger, Jerry",694255,Right,LEX_LEG,4794c21b-e478-4f87-ab07-f17353130487,55.35563,-117.55661,11.29485,5.72195,-0.14826,-17.2071,-0.85593,0.26998,1.88554,,,,,,,,,,,,,,,,,,,,,,,,,,,,,,,,,,,,,,,,,,,,,,,,,,,High,High,High,,,,,
49,2025-08-22,19:03:18.17,3,4,"Ferrer, Ben",829343,Right,LEX_LEG,"Longhi, Nick",641802,Right,HP,Undefined,2,Bottom,1,2,1,TwoSeamFastBall,Sinker,FoulBallNotFieldable,Undefined,Undefined,Undefined,0,0,,90.25016,-0.789749,-2.324535,2067.443443,238.761115,2:00,5.91214,0.69704,5.23379,-24.02647,10.92886,16.29757,3.16693,-0.13104,82.98047,-5.213774,0.563951,0.425528,,,,,,,,,,,,-8.79111,5.98217,-0.49583,50,5.82161,4.57773,-131.01619,-2.70388,-15.38317,25.93664,-21.7061,HP,LEX_LEG,HighPoint,Independent,ATL,20250822-HighPoint-1,314bd080-7fac-11f0-93aa-f3dbcec3603d,88.57804,,,7.26968,,,,,,,a31a5625-cd95-4fb6-9b78-3ca3a078fd38,2025-08-22,23:03:18.17,2025-08-22T19:03:18.1746176-04:00,2025-08-22T23:03:18.1746176Z,,v3,5431,495,,"Huntzinger, Jerry",694255,Right,LEX_LEG,fbe2e5db-3a96-433e-9f2b-af1982fef951,55.2672,-132.0548,12.96832,5.91248,-1.83469,-10.85305,-0.69147,5.19373,-7.69158,,,,,,,,,,,,,,,,,,,,,,,,,,,,,,,,,,,,,,,,,,,,,,,,,,,High,High,High,,,,,
50,2025-08-22,19:04:27.12,3,5,"Ferrer, Ben",829343,Right,LEX_LEG,"Longhi, Nick",641802,Right,HP,Undefined,2,Bottom,1,2,2,Cutter,Slider,BallCalled,Undefined,Undefined,Undefined,0,0,,83.71586,-2.044247,-1.416562,2377.067162,175.093027,11:45,5.80878,0.65334,5.56893,-36.95388,2.68362,-0.14394,0.81831,-0.68217,78.5148,-8.743334,-1.442289,0.453132,,,,,,,,,,,,-0.24181,2.15154,-0.53113,50,5.60797,3.01593,-121.72595,-5.6458,-0.36997,19.47786,-28.88228,HP,LEX_LEG,HighPoint,Independent,ATL,20250822-HighPoint-1,5a6e5cd0-7fac-11f0-93aa-f3dbcec3603d,83.18208,,,5.20106,,,,,,,a31a5625-cd95-4fb6-9b78-3ca3a078fd38,2025-08-22,23:04:27.12,2025-08-22T19:04:27.1279616-04:00,2025-08-22T23:04:27.1279616Z,,v3,5431,495,,"Huntzinger, Jerry",694255,Right,LEX_LEG,26c84537-da46-4757-b168-11d7b61d9661,54.93248,-122.51267,9.73893,5.81245,-4.47923,-14.44114,-0.65325,3.03087,-0.18498,,,,,,,,,,,,,,,,,,,,,,,,,,,,,,,,,,,,,,,,,,,,,,,,,,,High,High,High,,,,,
51,2025-08-22,19:04:53.68,3,6,"Ferrer, Ben",829343,Right,LEX_LEG,"Longhi, Nick",641802,Right,HP,Undefined,2,Bottom,1,3,2,Cutter,Slider,StrikeSwinging,Strikeout,Undefined,Undefined,0,0,,82.49787,-0.687083,-1.448157,2540.205632,262.168439,2:45,5.71617,0.73682,5.26566,-40.23089,1.17724,0.54185,1.7179,-0.57874,76.93239,-7.965271,-1.351901,0.463142,,,,,,,,,,,,-0.61181,1.08571,-0.60473,50,5.62329,3.00967,-119.93296,-2.8978,-0.9048,19.85616,-30.56841,HP,LEX_LEG,HighPoint,Independent,ATL,20250822-HighPoint-1,6a42f1c0-7fac-11f0-93aa-f3dbcec3603d,81.3842,,,5.56547,,,,,,,a31a5625-cd95-4fb6-9b78-3ca3a078fd38,2025-08-22,23:04:53.68,2025-08-22T19:04:53.6844800-04:00,2025-08-22T23:04:53.6844800Z,,v3,5431,495,,"Huntzinger, Jerry",694255,Right,LEX_LEG,70225689-378b-4398-bcab-c195ea128bc4,55.23591,-120.79671,9.92808,5.72043,-1.56806,-15.28421,-0.73651,3.04903,-0.4524,,,,,,,,,,,,,,,,,,,,,,,,,,,,,,,,,,,,,,,,,,,,,,,,,,,High,High,High,,,,,
52,2025-08-22,19:05:31.85,4,1,"Ferrer, Ben",829343,Right,LEX_LEG,"Brewer, Aidan",1000132240,Right,HP,Undefined,2,Bottom,2,0,0,TwoSeamFastBall,Sinker,StrikeCalled,Undefined,Undefined,Undefined,0,0,,89.29964,-0.862385,-2.399018,2157.904629,253.750441,2:30,5.69752,0.92209,5.13396,-29.43714,6.42296,18.35399,2.43153,0.19107,82.18697,-6.232366,0.849573,0.431,,,,,,,,,,,,-9.75634,3.75292,-0.71177,50,5.59387,4.58272,-129.60583,-3.09799,-16.70096,25.46757,-25.74982,HP,LEX_LEG,HighPoint,Independent,ATL,20250822-HighPoint-1,80f97560-7fac-11f0-93aa-f3dbcec3603d,87.4535,,,7.11267,,,,,,,a31a5625-cd95-4fb6-9b78-3ca3a078fd38,2025-08-22,23:05:31.85,2025-08-22T19:05:31.8570496-04:00,2025-08-22T23:05:31.8570496Z,,v3,5431,495,,"Huntzinger, Jerry",694255,Right,LEX_LEG,3d39b3d0-da52-4711-b190-9cc9e390d250,55.36678,-130.65615,12.73378,5.69973,-2.03604,-12.87491,-0.91498,5.27149,-8.35048,,,,,,,,,,,,,,,,,,,,,,,,,,,,,,,,,,,,,,,,,,,,,,,,,,,High,High,High,,,,,
53,2025-08-22,19:05:55.91,4,2,"Ferrer, Ben",829343,Right,LEX_LEG,"Brewer, Aidan",1000132240,Right,HP,Undefined,2,Bottom,2,0,1,Cutter,Slider,StrikeSwinging,Undefined,Undefined,Undefined,0,0,,84.0999,-1.750821,-1.446202,2552.97733,62.799008,8:00,5.74392,0.66607,5.26205,-38.71703,0.92476,-0.10591,0.8716,-0.70173,79.02044,-8.721798,-1.465024,0.453156,,,,,,,,,,,,-0.25917,1.16264,-0.53357,50,5.55463,3.09188,-122.29273,-5.17795,-0.40114,19.14865,-30.37469,HP,LEX_LEG,HighPoint,Independent,ATL,20250822-HighPoint-1,8f6308a0-7fac-11f0-93aa-f3dbcec3603d,83.17757,,,5.07946,,,,,,,a31a5625-cd95-4fb6-9b78-3ca3a078fd38,2025-08-22,23:05:55.91,2025-08-22T19:05:55.9198720-04:00,2025-08-22T23:05:55.9198720Z,,v3,5431,495,,"Huntzinger, Jerry",694255,Right,LEX_LEG,f7e3569a-6a16-4c88-b028-3ab019d7e932,55.23995,-123.11047,9.57432,5.74805,-3.88081,-15.18734,-0.66597,3.10901,-0.20057,,,,,,,,,,,,,,,,,,,,,,,,,,,,,,,,,,,,,,,,,,,,,,,,,,,High,High,High,,,,,
54,2025-08-22,19:06:26.99,4,3,"Ferrer, Ben",829343,Right,LEX_LEG,"Brewer, Aidan",1000132240,Right,HP,Undefined,2,Bottom,2,0,2,Fastball,Four-Seam,StrikeSwinging,Strikeout,Undefined,Undefined,0,0,,88.62931,-0.087707,-1.709602,2277.807858,213.233537,1:00,5.98415,0.68213,5.04825,-19.68962,16.86839,10.32351,4.26059,-0.07058,81.18194,-3.751952,0.113415,0.435174,,,,,,,,,,,,-5.56583,8.7263,-0.5278,50,5.9606,3.35915,-128.61117,-0.88908,-9.37009,25.3957,-17.48334,HP,LEX_LEG,HighPoint,Independent,ATL,20250822-HighPoint-1,a1dc30b0-7fac-11f0-93aa-f3dbcec3603d,86.61471,,,7.44737,,,,,,,a31a5625-cd95-4fb6-9b78-3ca3a078fd38,2025-08-22,23:06:26.99,2025-08-22T19:06:26.9980000-04:00,2025-08-22T23:06:26.9980000Z,,v3,5431,495,,"Huntzinger, Jerry",694255,Right,LEX_LEG,9e12d801-d2c3-465d-a396-879a4b000a80,55.45031,-129.68293,12.69785,5.98255,-0.15124,-8.74167,-0.67791,3.75459,-4.68505,,,,,,,,,,,,,,,,,,,,,,,,,,,,,64.79943,,,1.145337,,,,-2.13787,5.60636,-3.3693,83.54805,0.9099,41.46769,-2.07369,84.04325,-8.26411,5.62484,10.4118,-12.73763,-3.36004,41.187,-1.81117,High,High,High,,,High,High,High
55,2025-08-22,19:09:01.05,1,1,"Barker, Alex",1000106691,Left,HP,"Fuentes, Brian",1000059283,Right,LEX_LEG,Undefined,3,Top,0,0,0,Slider,Cutter,BallCalled,Undefined,Undefined,Undefined,0,0,,87.45331,0.375927,3.322236,2179.588063,158.133433,11:15,5.72208,-3.105,5.52032,-27.06946,9.71103,-3.4763,3.81837,-0.285,80.62721,-4.61447,2.704386,0.436496,,,,,,,,,,,,2.58146,5.14004,2.8179,50,5.73674,-7.21707,-126.9067,-0.11822,4.25331,23.46425,-23.70513,HP,LEX_LEG,HighPoint,Independent,ATL,20250822-HighPoint-1,fdb64a10-7fac-11f0-93aa-f3dbcec3603d,86.35229,,,6.82611,,,,,,,a31a5625-cd95-4fb6-9b78-3ca3a078fd38,2025-08-22,23:09:01.05,2025-08-22T19:09:01.0556928-04:00,2025-08-22T23:09:01.0556928Z,,v3,5431,495,,"Napleton, Luke",813847,Right,HP,b812e132-7f76-4ea4-971c-3eeaa4ed657f,54.9791,-127.82399,11.73213,5.72325,0.80849,-11.85256,3.10329,-7.38335,2.12666,,,,,,,,,,,,,,,,,,,,,,,,,,,,,,,,,,,,,,,,,,,,,,,,,,,High,High,High,,,,,
56,2025-08-22,19:09:13.82,1,2,"Barker, Alex",1000106691,Left,HP,"Fuentes, Brian",1000059283,Right,LEX_LEG,Undefined,3,Top,0,1,0,Fastball,Four-Seam,BallCalled,Undefined,Undefined,Undefined,0,0,,87.55455,-2.61887,3.865075,2120.29472,153.034334,11:00,5.79047,-3.03307,5.54072,-23.98426,12.74237,-5.94422,1.33685,0.08944,81.07496,-7.03273,2.808265,0.436176,,,,,,,,,,,,3.95378,7.42024,2.70159,50,5.54687,-8.31863,-126.87716,-6.63916,6.52181,23.05892,-19.93427,HP,LEX_LEG,HighPoint,Independent,ATL,20250822-HighPoint-1,05528810-7fad-11f0-93aa-f3dbcec3603d,86.41562,,,6.47958,,,,,,,a31a5625-cd95-4fb6-9b78-3ca3a078fd38,2025-08-22,23:09:13.82,2025-08-22T19:09:13.8224128-04:00,2025-08-22T23:09:13.8224128Z,,v3,5431,495,,"Napleton, Luke",813847,Right,HP,8d19e071-0e6c-4541-8a45-70a223762888,54.95911,-127.77526,11.52946,5.79033,-5.86276,-9.96713,3.03053,-8.57264,3.26091,,,,,,,,,,,,,,,,,,,,,,,,,,,,,,,,,,,,,,,,,,,,,,,,,,,High,High,High,,,,,
57,2025-08-22,19:09:28.99,1,3,"Barker, Alex",1000106691,Left,HP,"Fuentes, Brian",1000059283,Right,LEX_LEG,Undefined,3,Top,0,2,0,Slider,Slider,StrikeCalled,Undefined,Undefined,Undefined,0,0,,83.81345,-0.863539,3.35465,2240.707319,238.776445,2:00,5.7283,-3.05917,5.40285,-35.97329,4.25823,5.16402,1.91992,0.51815,77.76104,-7.401219,4.270911,0.456515,,,,,,,,,,,,-1.76642,2.71106,2.75624,50,5.62592,-7.34224,-121.61213,-3.11746,-2.6719,21.61095,-28.07331,HP,LEX_LEG,HighPoint,Independent,ATL,20250822-HighPoint-1,0e62c870-7fad-11f0-93aa-f3dbcec3603d,82.5657,,,6.05241,,,,,,,a31a5625-cd95-4fb6-9b78-3ca3a078fd38,2025-08-22,23:09:28.99,2025-08-22T19:09:28.9992192-04:00,2025-08-22T23:09:28.9992192Z,,v3,5431,495,,"Napleton, Luke",813847,Right,HP,baaf6bc0-584f-4611-a016-ce10d5776a99,55.09754,-122.51463,10.80548,5.73163,-1.94508,-14.03665,3.06053,-7.23065,-1.33595,,,,,,,,,,,,,,,,,,,,,,,,,,,,,,,,,,,,,,,,,,,,,,,,,,,High,High,High,,,,,
58,2025-08-22,19:09:44.44,1,4,"Barker, Alex",1000106691,Left,HP,"Fuentes, Brian",1000059283,Right,LEX_LEG,Undefined,3,Top,0,2,1,Slider,Slider,FoulBallNotFieldable,Undefined,Undefined,Undefined,0,0,,83.52745,0.329581,2.813813,2328.869709,234.551782,1:45,5.76824,-2.95588,5.55978,-34.91203,5.02091,5.60985,3.16721,0.14263,77.84168,-6.043988,3.812303,0.454817,68.18583,47.809992,158.576109,4727.73845,,,,,50.59357,,,-2.21264,2.77815,2.70887,50,5.77341,-6.19028,-121.39391,-0.50573,-3.35906,19.8959,-27.95642,HP,LEX_LEG,HighPoint,Independent,ATL,20250822-HighPoint-1,1790f110-7fad-11f0-93aa-f3dbcec3603d,82.8738,45.94175,,5.68577,,,,1.57951,3.19274,-0.12192,a31a5625-cd95-4fb6-9b78-3ca3a078fd38,2025-08-22,23:09:44.44,2025-08-22T19:09:44.4413952-04:00,2025-08-22T23:09:44.4413952Z,,v3,5431,495,,"Napleton, Luke",813847,Right,HP,68066f3e-7c99-419c-b7cc-cabc358a0684,54.94188,-122.20118,9.94795,5.77092,0.62858,-13.97821,2.95728,-6.05399,-1.67953,347.977374,1.57951,-62.52226,0.05038,0.90878,-0.28721,0.07938,-0.01933,0.00535,-0.00084,3.19274,74.09641,-27.43219,3.27347,-0.69046,0.13019,-0.02802,0.00594,-0.00033,-0.12192,24.53228,-2.42282,0.25163,-0.02059,-0.00317,0.00077,-0.00054,0.00021,,,,,,,,,,,,,,,,,,,,,,,High,High,High,High,Undefined,,,
59,2025-08-22,19:10:10.30,1,5,"Barker, Alex",1000106691,Left,HP,"Fuentes, Brian",1000059283,Right,LEX_LEG,Undefined,3,Top,0,2,2,Slider,Slider,BallCalled,Undefined,Undefined,Undefined,0,0,,83.09133,1.150853,2.692884,2303.253683,279.369318,3:15,5.76377,-3.14269,5.44204,-39.9625,0.9726,1.27921,3.51249,-0.51278,76.61597,-6.140652,2.920181,0.460489,,,,,,,,,,,,0.04992,0.57642,2.90356,50,5.83801,-5.72553,-120.60051,0.99881,0.07408,21.84945,-31.31892,HP,LEX_LEG,HighPoint,Independent,ATL,20250822-HighPoint-1,26ffe660-7fad-11f0-93aa-f3dbcec3603d,81.85305,,,6.47535,,,,,,,a31a5625-cd95-4fb6-9b78-3ca3a078fd38,2025-08-22,23:10:10.30,2025-08-22T19:10:10.3096320-04:00,2025-08-22T23:10:10.3096320Z,,v3,5431,495,,"Napleton, Luke",813847,Right,HP,8f830da9-9cf7-4322-b6e5-e6d452acb1f2,55.05791,-121.51341,10.92473,5.76894,2.30735,-15.65946,3.14284,-5.72863,0.03704,,,,,,,,,,,,,,,,,,,,,,,,,,,,,,,,,,,,,,,,,,,,,,,,,,,High,High,High,,,,,
60,2025-08-22,19:10:27.52,1,6,"Barker, Alex",1000106691,Left,HP,"Fuentes, Brian",1000059283,Right,LEX_LEG,Undefined,3,Top,0,3,2,Fastball,Four-Seam,BallCalled,Walk,Undefined,Undefined,0,0,,88.50183,-0.264672,1.201805,2145.813626,154.617307,11:15,5.67895,-3.05512,5.65027,-23.28446,12.48339,-5.41878,3.49166,-2.38559,81.32514,-4.598992,0.233626,0.430445,,,,,,,,,,,,3.04839,6.73252,2.95666,50,5.64176,-2.46125,-128.57609,-1.38066,5.13599,25.04873,-20.83095,HP,LEX_LEG,HighPoint,Independent,ATL,20250822-HighPoint-1,313ff430-7fad-11f0-93aa-f3dbcec3603d,87.56621,,,7.17669,,,,,,,a31a5625-cd95-4fb6-9b78-3ca3a078fd38,2025-08-22,23:10:27.52,2025-08-22T19:10:27.5276800-04:00,2025-08-22T23:10:27.5276800Z,,v3,5431,495,,"Napleton, Luke",813847,Right,HP,07cc82e6-b52d-48f2-85fd-465e3aa72555,54.84792,-129.5171,12.52437,5.67893,-0.5981,-10.41548,3.05275,-2.6542,2.568,,,,,,,,,,,,,,,,,,,,,,,,,,,,,,,,,,,,,,,,,,,,,,,,,,,High,High,High,,,,,
61,2025-08-22,19:11:04.64,2,1,"Barker, Alex",1000106691,Left,HP,"Huntzinger, Jerry",694255,Right,LEX_LEG,Undefined,3,Top,0,0,0,Slider,Slider,InPlay,Undefined,FlyBall,Out,1,0,,82.64373,-0.496547,2.643624,2289.51819,243.981702,2:15,5.69502,-3.19451,5.57707,-36.31447,5.35654,8.18808,2.20454,-0.04131,75.54794,-7.165681,4.102589,0.46461,91.65506,31.751807,16.978314,,102.03613,61.25558,41.09289,313.54062,289.416,31.011581,4.747383,-3.38154,3.24563,2.96131,50,5.62851,-5.86228,-119.84481,-2.26617,-4.88633,24.5559,-27.48411,HP,LEX_LEG,HighPoint,Independent,ATL,20250822-HighPoint-1,47607960-7fad-11f0-93aa-f3dbcec3603d,81.12705,77.63178,,7.0958,,,,1.55067,2.26094,0.06614,a31a5625-cd95-4fb6-9b78-3ca3a078fd38,2025-08-22,23:11:04.64,2025-08-22T19:11:04.6480384-04:00,2025-08-22T23:11:04.6480384Z,FlyBall,v3,5431,495,,"Napleton, Luke",813847,Right,HP,df591d04-a1a4-456d-af4e-dd4ee049bda1,54.92214,-120.84913,12.27795,5.69821,-1.14208,-13.74205,3.19699,-5.66243,-2.44316,216.581246,1.55157,109.30492,-25.77368,6.293,-1.24518,0.21185,-0.03615,0.00503,-0.00032,2.26345,70.68451,-17.88048,0.26767,0.45294,-0.25054,0.07053,-0.0098,0.00052,0.06653,33.37547,3.00142,-1.70104,0.47617,-0.0895,0.01215,-0.00111,5E-05,,,,,,,,,,,,,,,,,,,,,,,High,High,High,High,Medium,,,
62,2025-08-22,19:11:40.86,3,1,"Barker, Alex",1000106691,Left,HP,"Atwood, Andy",664762,Right,LEX_LEG,Undefined,3,Top,1,0,0,Slider,Slider,StrikeCalled,Undefined,Undefined,Undefined,0,0,,83.016,1.083075,2.199011,2301.174192,257.597394,2:30,5.74294,-3.20493,5.56491,-37.44947,3.3465,9.91225,3.63482,-0.32359,76.59683,-5.776117,3.964351,0.459706,,,,,,,,,,,,-4.44717,1.7798,3.0085,50,5.81175,-5.03217,-120.56177,0.98605,-6.59012,21.94334,-29.53665,HP,LEX_LEG,HighPoint,Independent,ATL,20250822-HighPoint-1,5cfd0180-7fad-11f0-93aa-f3dbcec3603d,81.9925,,,6.41917,,,,,,,a31a5625-cd95-4fb6-9b78-3ca3a078fd38,2025-08-22,23:11:40.86,2025-08-22T19:11:40.8661504-04:00,2025-08-22T23:11:40.8661504Z,,v3,5431,495,,"Napleton, Luke",813847,Right,HP,fcc28272-4f6b-4ea5-ad22-199600f5a229,54.93536,-121.45673,10.97167,5.74697,2.1907,-14.76832,3.20826,-4.7634,-3.29506,,,,,,,,,,,,,,,,,,,,,,,,,,,,,,,,,,,,,,,,,,,,,,,,,,,High,High,High,,,,,
63,2025-08-22,19:12:02.79,3,2,"Barker, Alex",1000106691,Left,HP,"Atwood, Andy",664762,Right,LEX_LEG,Undefined,3,Top,1,0,1,Fastball,Four-Seam,BallCalled,Undefined,Undefined,Undefined,0,0,,88.68796,0.374599,2.257955,2196.007372,153.483719,11:00,5.6575,-3.20776,5.64716,-22.82336,12.94942,-5.91359,4.10524,-1.59334,81.14619,-3.887223,1.202688,0.430475,,,,,,,,,,,,3.59618,6.8002,3.01992,50,5.67486,-4.81754,-128.73306,0.07776,6.0534,25.95208,-20.7274,HP,LEX_LEG,HighPoint,Independent,ATL,20250822-HighPoint-1,6a041e90-7fad-11f0-93aa-f3dbcec3603d,87.56016,,,7.54176,,,,,,,a31a5625-cd95-4fb6-9b78-3ca3a078fd38,2025-08-22,23:12:02.79,2025-08-22T19:12:02.7970000-04:00,2025-08-22T23:12:02.7970000Z,,v3,5431,495,,"Napleton, Luke",813847,Right,HP,de30540f-b993-4db3-a19c-f3297d669c84,54.85087,-129.70729,12.97604,5.65734,0.85586,-10.3637,3.20504,-5.04478,3.0267,,,,,,,,,,,,,,,,,,,,,,,,,,,,,76.28031,1.515018,0.630374,0.884644,-2.02151,3.86215,1.5232,-3.79587,4.7947,3.25695,62.86983,2.86537,62.09283,-3.73982,84.56873,-10.57545,4.81284,9.61377,-13.38785,3.27822,71.18239,-5.34687,High,High,High,,,High,High,High
64,2025-08-22,19:12:33.92,3,3,"Barker, Alex",1000106691,Left,HP,"Atwood, Andy",664762,Right,LEX_LEG,Undefined,3,Top,1,1,1,Slider,Slider,FoulBallNotFieldable,Undefined,Undefined,Undefined,0,0,,82.89204,-0.267436,2.768717,2277.844937,236.027553,1:45,5.85279,-3.08357,5.51637,-36.35124,4.99764,5.48792,2.57316,-0.03536,76.01505,-6.930024,3.745342,0.462811,65.18976,42.705955,161.950249,4649.945569,-105.58977,44.4863,30.83488,180.97725,50.33831,165.69106,3.040081,-2.01071,2.95221,2.83834,50,5.80497,-6.03488,-120.24538,-1.80459,-2.93753,23.78812,-27.86101,HP,LEX_LEG,HighPoint,Independent,ATL,20250822-HighPoint-1,7c978560-7fad-11f0-93aa-f3dbcec3603d,81.44246,46.1358,,6.87699,,,,1.9269,2.62287,0.06247,a31a5625-cd95-4fb6-9b78-3ca3a078fd38,2025-08-22,23:12:33.92,2025-08-22T19:12:33.9265024-04:00,2025-08-22T23:12:33.9265024Z,FlyBall,v3,5431,495,,"Napleton, Luke",813847,Right,HP,e08a8f7c-0ec8-4cb6-a7f8-7ab6782022b4,54.98386,-121.22733,11.89406,5.85573,-0.65452,-13.93051,3.08495,-5.91362,-1.46876,351.062314,1.9271,-66.81151,2.18891,0.17748,0.21905,-0.26541,0.13351,-0.03104,0.00273,2.62297,64.84366,-27.66565,3.27243,-0.64886,0.10099,-0.01624,0.00406,-0.00051,0.06233,21.77618,-2.24528,0.06814,-0.20176,0.20012,-0.09792,0.02269,-0.002,,,,,,,,,,,,,,,,,,,,,,,High,High,High,High,Low,,,
65,2025-08-22,19:13:05.90,3,4,"Barker, Alex",1000106691,Left,HP,"Atwood, Andy",664762,Right,LEX_LEG,Undefined,3,Top,1,1,2,Fastball,Cutter,FoulBallNotFieldable,Undefined,Undefined,Undefined,0,0,,88.01622,-0.462955,3.91636,2138.042866,160.098964,11:15,5.65042,-3.03899,5.73176,-24.35245,11.62394,-3.84484,3.18888,0.29354,81.39239,-4.972612,3.231006,0.431698,83.6518,37.749876,46.862461,4180.753544,65.72361,73.15723,88.20655,270.21963,124.31057,61.912316,4.810502,2.92181,6.34788,2.71453,50,5.59666,-8.58537,-127.72505,-1.85224,4.88668,23.24074,-21.55733,HP,LEX_LEG,HighPoint,Independent,ATL,20250822-HighPoint-1,8fa91ce0-7fad-11f0-93aa-f3dbcec3603d,87.31201,82.20859,,6.62383,,,,1.12224,3.38094,-0.41794,a31a5625-cd95-4fb6-9b78-3ca3a078fd38,2025-08-22,23:13:05.90,2025-08-22T19:13:05.9023872-04:00,2025-08-22T23:13:05.9023872Z,FlyBall,v3,5431,495,,"Napleton, Luke",813847,Right,HP,9997384a-29e3-49d5-8c98-323d9321b1c0,54.769,-128.58989,11.62037,5.65066,-1.05005,-10.77867,3.03739,-8.76721,2.44334,216.431767,1.12859,66.1937,-21.0401,5.30973,-0.72803,-0.03698,0.02825,-0.00307,8E-05,3.38145,75.08972,-19.98351,0.73546,0.45913,-0.31009,0.09537,-0.01413,0.0008,-0.4147,70.71739,-7.67244,0.50795,0.44781,-0.25281,0.06388,-0.00788,0.00038,,,,,,,,,,,,,,,,,,,,,,,High,High,High,High,Low,,,
66,2025-08-22,19:13:35.20,3,5,"Barker, Alex",1000106691,Left,HP,"Atwood, Andy",664762,Right,LEX_LEG,Undefined,3,Top,1,1,2,Fastball,Four-Seam,FoulBallNotFieldable,Undefined,Undefined,Undefined,0,0,,88.83898,-0.21261,4.50553,2309.887644,148.83985,11:00,5.81932,-3.06273,5.73546,-22.60375,12.94946,-7.18894,3.73707,0.5425,81.5865,-4.423867,3.225619,0.429152,,,,,,,,,,,,4.84614,6.97512,2.6913,50,5.78768,-9.8429,-128.75099,-1.22813,8.18844,25.07557,-20.38828,HP,LEX_LEG,HighPoint,Independent,ATL,20250822-HighPoint-1,a1208c60-7fad-11f0-93aa-f3dbcec3603d,87.83011,,,7.25248,,,,,,,a31a5625-cd95-4fb6-9b78-3ca3a078fd38,2025-08-22,23:13:35.20,2025-08-22T19:13:35.2093184-04:00,2025-08-22T23:13:35.2093184Z,,v3,5431,495,,"Napleton, Luke",813847,Right,HP,0db3de70-6cdf-4ec2-8148-24d8c7496104,54.76458,-129.67562,12.53779,5.81911,-0.47634,-10.19414,3.05981,-10.14484,4.09422,,,,,,,,,,,,,,,,,,,,,,,,,,,,,,,,,,,,,,,,,,,,,,,,,,,High,High,High,,,,,
67,2025-08-22,19:14:06.27,3,6,"Barker, Alex",1000106691,Left,HP,"Atwood, Andy",664762,Right,LEX_LEG,Undefined,3,Top,1,1,2,Slider,Slider,FoulBallNotFieldable,Undefined,Undefined,Undefined,0,0,,83.26148,-0.667598,3.655819,2353.414898,268.554713,3:00,5.8092,-2.9619,5.52982,-39.60234,1.50831,8.32453,1.88363,1.15395,76.43559,-7.886946,5.135414,0.461476,,,,,,,,,,,,-3.18244,1.2974,2.63806,50,5.72449,-8.04358,-120.6641,-2.78441,-4.67184,24.42023,-30.26943,HP,LEX_LEG,HighPoint,Independent,ATL,20250822-HighPoint-1,b3a15590-7fad-11f0-93aa-f3dbcec3603d,81.67809,,,6.82589,,,,,,,a31a5625-cd95-4fb6-9b78-3ca3a078fd38,2025-08-22,23:14:06.27,2025-08-22T19:14:06.2793728-04:00,2025-08-22T23:14:06.2793728Z,,v3,5431,495,,"Napleton, Luke",813847,Right,HP,0ae30999-163a-464e-81ad-e442b825c525,54.97074,-121.66594,12.21012,5.81325,-1.54262,-15.13472,2.96411,-7.85192,-2.33592,,,,,,,,,,,,,,,,,,,,,,,,,,,,,,,,,,,,,,,,,,,,,,,,,,,High,High,High,,,,,
68,2025-08-22,19:14:35.10,3,7,"Barker, Alex",1000106691,Left,HP,"Atwood, Andy",664762,Right,LEX_LEG,Undefined,3,Top,1,1,2,Curveball,Curveball,StrikeSwinging,Strikeout,Undefined,Undefined,0,0,,77.76564,0.170211,3.355568,2436.378665,317.902391,4:30,5.77163,-2.77226,5.30538,-57.09712,-9.69977,10.06438,1.1736,1.22,71.9053,-10.111117,5.141031,0.495506,,,,,,,,,,,,-4.09666,-4.49004,2.4597,50,5.74537,-7.00557,-112.77997,-1.65114,-5.26164,21.04427,-37.94094,HP,LEX_LEG,HighPoint,Independent,ATL,20250822-HighPoint-1,c4d616c0-7fad-11f0-93aa-f3dbcec3603d,76.06865,,,5.86034,,,,,,,a31a5625-cd95-4fb6-9b78-3ca3a078fd38,2025-08-22,23:14:35.10,2025-08-22T19:14:35.1017984-04:00,2025-08-22T23:14:35.1017984Z,,v3,5431,495,,"Napleton, Luke",813847,Right,HP,bb36bd47-85d1-4dc7-ae35-1b906ef4fe4d,55.19733,-113.74564,10.52214,5.78119,0.08987,-18.97047,2.77563,-6.76412,-2.63082,,,,,,,,,,,,,,,,,,,,,,,,,,,,,,,,,,,,,,,,,,,,,,,,,,,High,High,High,,,,,
69,2025-08-22,19:15:08.23,4,1,"Barker, Alex",1000106691,Left,HP,"Washington, Xane",1000026055,Right,LEX_LEG,Undefined,3,Top,2,0,0,Slider,Slider,BallCalled,Undefined,Undefined,Undefined,0,0,,84.10942,-2.275669,5.080647,2453.424095,232.854494,1:45,5.75274,-3.05812,5.46749,-35.66167,5.18524,5.01559,0.64162,2.12731,76.83877,-8.766485,5.968302,0.459993,,,,,,,,,,,,-0.97106,3.72292,2.60653,50,5.52749,-11.006,-121.44879,-6.09002,-1.43578,26.01495,-26.66942,HP,LEX_LEG,HighPoint,Independent,ATL,20250822-HighPoint-1,d8952c50-7fad-11f0-93aa-f3dbcec3603d,81.94134,,,7.27065,,,,,,,a31a5625-cd95-4fb6-9b78-3ca3a078fd38,2025-08-22,23:15:08.23,2025-08-22T19:15:08.2315264-04:00,2025-08-22T23:15:08.2315264Z,,v3,5431,495,,"Napleton, Luke",813847,Right,HP,edf09178-8271-431d-ac59-eb83665ca039,55.03064,-122.52164,13.00748,5.75596,-4.99018,-13.33471,3.05919,-10.94679,-0.71789,,,,,,,,,,,,,,,,,,,,,,,,,,,,,,,,,,,,,,,,,,,,,,,,,,,High,High,High,,,,,
70,2025-08-22,19:15:35.61,4,2,"Barker, Alex",1000106691,Left,HP,"Washington, Xane",1000026055,Right,LEX_LEG,Undefined,3,Top,2,1,0,Fastball,Cutter,InPlay,Undefined,FlyBall,Triple,0,1,,87.33685,-0.827823,3.473721,2344.569293,159.706698,11:15,5.75455,-3.04006,5.52873,-24.25812,12.84654,-4.32898,2.95769,-0.14949,80.12151,-5.326489,2.704185,0.438415,100.51361,29.753066,15.033403,,103.86269,59.55963,36.22738,363.79034,337.60707,27.316208,5.151253,3.13146,7.06016,2.74089,50,5.66642,-7.50373,-126.64006,-2.65704,5.10346,25.00479,-20.66784,HP,LEX_LEG,HighPoint,Independent,ATL,20250822-HighPoint-1,e8df6670-7fad-11f0-93aa-f3dbcec3603d,85.97426,84.17733,,7.21534,,,,1.20013,3.00109,0.19057,a31a5625-cd95-4fb6-9b78-3ca3a078fd38,2025-08-22,23:15:35.61,2025-08-22T19:15:35.6162048-04:00,2025-08-22T23:15:35.6162048Z,FlyBall,v3,5431,495,,"Napleton, Luke",813847,Right,HP,29ff1ffe-60a1-4e1e-a345-8678fe8df241,54.97093,-127.61778,12.5024,5.75451,-1.8489,-10.33392,3.0382,-7.70328,2.55173,218.416497,1.20859,123.43813,-28.35882,6.52539,-0.93781,0.01224,0.01581,-0.00131,-1E-05,3.00055,73.16218,-18.20167,0.44618,0.39677,-0.21565,0.06097,-0.00849,0.00045,0.19274,33.15272,4.32142,-3.3108,1.35273,-0.40351,0.08145,-0.00931,0.00044,,,,,,,,,,,,,,,,,,,,,,,High,High,High,High,Medium,,,
71,2025-08-22,19:16:27.02,5,1,"Barker, Alex",1000106691,Left,HP,"Whalen, Brady",669714,Left,LEX_LEG,Undefined,3,Top,2,0,0,Fastball,Four-Seam,StrikeSwinging,Undefined,Undefined,Undefined,0,0,,87.8914,-0.692971,3.58357,2295.434229,150.73418,11:00,5.80943,-3.07397,5.79767,-23.81261,12.07745,-6.21717,3.1792,-0.25452,81.43364,-5.10892,2.472894,0.43118,,,,,,,,,,,,4.01906,6.64429,2.78279,50,5.73799,-7.73383,-127.61282,-2.33488,6.72682,22.57465,-21.05326,HP,LEX_LEG,HighPoint,Independent,ATL,20250822-HighPoint-1,07881040-7fae-11f0-93aa-f3dbcec3603d,87.41693,,,6.45775,,,,,,,a31a5625-cd95-4fb6-9b78-3ca3a078fd38,2025-08-22,23:16:27.02,2025-08-22T19:16:27.0250496-04:00,2025-08-22T23:16:27.0250496Z,,v3,5431,495,,"Napleton, Luke",813847,Right,HP,5e957183-1ff0-4bbc-b2a9-fe703f7fb4db,54.70244,-128.44199,11.28732,5.80954,-1.56159,-10.52663,3.07139,-7.98091,3.36341,,,,,,,,,,,,,,,,,,,,,,,,,,,,,,,,,,,,,,,,,,,,,,,,,,,High,High,High,,,,,
72,2025-08-22,19:16:47.70,5,2,"Barker, Alex",1000106691,Left,HP,"Whalen, Brady",669714,Left,LEX_LEG,Undefined,3,Top,2,0,1,Fastball,Four-Seam,StrikeSwinging,Undefined,Undefined,Undefined,0,0,,88.65909,0.168816,2.952466,2328.501302,158.879822,11:15,5.73369,-3.0431,5.63791,-22.13726,13.46556,-4.80792,4.04662,-0.6869,81.66913,-3.952178,2.095557,0.429451,,,,,,,,,,,,3.16473,7.10496,2.79506,50,5.73392,-6.42993,-128.71391,-0.36226,5.36436,24.11639,-20.13086,HP,LEX_LEG,HighPoint,Independent,ATL,20250822-HighPoint-1,13d94ad0-7fae-11f0-93aa-f3dbcec3603d,87.76886,,,6.98996,,,,,,,a31a5625-cd95-4fb6-9b78-3ca3a078fd38,2025-08-22,23:16:47.70,2025-08-22T19:16:47.7070336-04:00,2025-08-22T23:16:47.7070336Z,,v3,5431,495,,"Napleton, Luke",813847,Right,HP,1ce16df9-a236-4b88-89f1-055f6f9b5d40,54.86093,-129.62147,12.0582,5.7333,0.39531,-10.06543,3.04083,-6.63181,2.68218,,,,,,,,,,,,,,,,,,,,,,,,,,,,,,,,,,,,,,,,,,,,,,,,,,,High,High,High,,,,,
73,2025-08-22,19:17:36.37,5,3,"Barker, Alex",1000106691,Left,HP,"Whalen, Brady",669714,Left,LEX_LEG,Undefined,3,Top,2,0,2,Fastball,Four-Seam,FoulBallNotFieldable,Undefined,Undefined,Undefined,0,0,,88.38967,-0.818562,3.548562,2177.420116,157.466236,11:15,5.74317,-2.92386,5.66726,-22.48781,13.3941,-5.12032,3.10443,-0.0376,81.39596,-5.000248,2.636167,0.431131,72.30729,60.680958,167.58531,4342.30535,,,,,32.81016,,,3.5365,7.34544,2.62714,50,5.65972,-7.74084,-128.25487,-2.58648,5.93662,24.58508,-19.84341,HP,LEX_LEG,HighPoint,Independent,ATL,20250822-HighPoint-1,30dbe5c0-7fae-11f0-93aa-f3dbcec3603d,87.42689,52.54653,,6.99371,,,,2.55704,3.28882,0.15967,a31a5625-cd95-4fb6-9b78-3ca3a078fd38,2025-08-22,23:17:36.37,2025-08-22T19:17:36.3718144-04:00,2025-08-22T23:17:36.3718144Z,,v3,5431,495,,"Napleton, Luke",813847,Right,HP,86e72717-c2e5-460b-903c-9f12b8a3cd09,54.83364,-129.1781,12.29254,5.74285,-1.84131,-9.92171,2.92201,-7.96378,2.96831,10.711747,2.55704,-50.71573,-0.77054,-0.95753,0.38587,-0.11678,0.02646,-0.00426,-7E-05,3.28882,92.46615,-30.25858,4.43238,-0.88812,0.17793,-0.07764,0.04942,-0.01611,0.15967,11.16421,3.11576,-2.53048,0.81579,-0.22706,0.06324,-0.02065,0.00452,,,,,,,,,,,,,,,,,,,,,,,High,High,High,High,Undefined,,,
74,2025-08-22,19:18:02.22,5,4,"Barker, Alex",1000106691,Left,HP,"Whalen, Brady",669714,Left,LEX_LEG,Undefined,3,Top,2,0,2,Fastball,Four-Seam,BallCalled,Undefined,Undefined,Undefined,0,0,,89.99222,-1.033428,5.013213,2254.999063,165.501169,11:30,5.73208,-3.01516,5.72322,-20.36139,14.49414,-3.46882,3.06893,1.3772,82.43386,-4.838832,4.396856,0.42492,,,,,,,,,,,,3.10555,7.97709,2.59765,50,5.63294,-11.27154,-130.22462,-3.02191,5.35092,26.48358,-18.42942,HP,LEX_LEG,HighPoint,Independent,ATL,20250822-HighPoint-1,40429db0-7fae-11f0-93aa-f3dbcec3603d,88.70478,,,7.55837,,,,,,,a31a5625-cd95-4fb6-9b78-3ca3a078fd38,2025-08-22,23:18:02.22,2025-08-22T19:18:02.2262272-04:00,2025-08-22T23:18:02.2262272Z,,v3,5431,495,,"Napleton, Luke",813847,Right,HP,3d3e1ad1-61b0-4f4a-aded-37e50e9f2e9b,54.7747,-131.19205,13.24179,5.73103,-2.34869,-9.21471,3.01296,-11.467,2.67546,,,,,,,,,,,,,,,,,,,,,,,,,,,,,,,,,,,,,,,,,,,,,,,,,,,High,High,High,,,,,
75,2025-08-22,19:18:25.92,5,5,"Barker, Alex",1000106691,Left,HP,"Whalen, Brady",669714,Left,LEX_LEG,Undefined,3,Top,2,1,2,Fastball,Cutter,FoulBallNotFieldable,Undefined,Undefined,Undefined,0,0,,88.33952,-1.33441,4.400601,2247.660802,160.544435,11:15,5.80038,-3.04759,5.42803,-24.02576,12.2702,-3.96146,2.54452,0.75196,81.5162,-5.759255,3.699088,0.433611,80.25964,5.765749,-44.960898,2959.715712,,,,87.78853,65.91458,-47.339817,0.795504,3.12051,6.84205,2.65963,50,5.66511,-9.6806,-127.99735,-3.83547,5.22542,24.09932,-20.71678,HP,LEX_LEG,HighPoint,Independent,ATL,20250822-HighPoint-1,4e6711a0-7fae-11f0-93aa-f3dbcec3603d,86.92679,4.44539,,6.82332,,,,2.62542,2.69886,-0.72919,a31a5625-cd95-4fb6-9b78-3ca3a078fd38,2025-08-22,23:18:25.92,2025-08-22T19:18:25.9233792-04:00,2025-08-22T23:18:25.9233792Z,GroundBall,v3,5431,495,,"Napleton, Luke",813847,Right,HP,0eeb8271-1815-422a-9b92-503054c19b4c,55.07273,-128.94891,12.04966,5.8004,-3.01747,-10.35839,3.04594,-9.88692,2.61271,,2.66977,82.11465,-13.50028,,,,,,,2.73708,11.1763,-18.43079,,,,,,,-0.71793,-82.95389,3.38105,,,,,,,,,,,,,,,,,,,,,,,,,,,,,High,High,High,High,Medium,,,
76,2025-08-22,19:19:38.99,5,6,"Barker, Alex",1000106691,Left,HP,"Whalen, Brady",669714,Left,LEX_LEG,Undefined,3,Top,2,1,2,Curveball,Slider,FoulBallNotFieldable,Undefined,Undefined,Undefined,0,0,,77.83787,0.508027,2.225213,2436.256445,296.089842,3:45,5.83864,-2.90804,5.52208,-51.27696,-4.99225,12.74056,2.04091,0.23517,72.57921,-8.778834,4.496114,0.489655,68.84518,78.875273,-170.5149,5093.165555,,,,,6.90835,,,-5.96087,-2.37146,2.70533,50,5.8478,-4.86687,-113.16035,-0.69405,-7.80377,18.78547,-35.27867,HP,LEX_LEG,HighPoint,Independent,ATL,20250822-HighPoint-1,7a006a50-7fae-11f0-93aa-f3dbcec3603d,76.97754,40.05647,,5.25865,,,,2.79131,2.23692,-0.00673,a31a5625-cd95-4fb6-9b78-3ca3a078fd38,2025-08-22,23:19:38.99,2025-08-22T19:19:38.9987328-04:00,2025-08-22T23:19:38.9987328Z,,v3,5431,495,,"Napleton, Luke",813847,Right,HP,38b9992f-8817-4b77-98c5-5d4f17315355,54.98191,-113.98439,9.39274,5.8443,0.85346,-17.63934,2.91131,-4.52456,-3.90189,10.088348,2.80649,-19.67873,-4.28669,,,,,,,2.26471,98.24279,-31.8919,,,,,,,-0.02199,-2.74748,6.22824,,,,,,,,,,,,,,,,,,,,,,,,,,,,,High,High,High,High,Undefined,,,
77,2025-08-22,19:20:05.43,5,7,"Barker, Alex",1000106691,Left,HP,"Whalen, Brady",669714,Left,LEX_LEG,Undefined,3,Top,2,1,2,Fastball,Four-Seam,FoulBallNotFieldable,Undefined,Undefined,Undefined,0,0,,88.87924,-1.128718,3.662326,2375.776212,151.604798,11:00,5.76993,-2.9768,5.64041,-23.67084,12.14087,-5.94748,2.74212,-0.05126,81.27723,-5.53101,2.602985,0.430709,74.09527,82.476489,173.234674,5081.696456,,,,,14.51735,,,4.06925,6.8165,2.6693,50,5.65884,-7.99457,-128.82981,-3.34615,6.83659,26.84805,-20.72194,HP,LEX_LEG,HighPoint,Independent,ATL,20250822-HighPoint-1,89aed9a0-7fae-11f0-93aa-f3dbcec3603d,87.51252,74.45608,,7.60201,,,,3.21184,2.56677,-0.10436,a31a5625-cd95-4fb6-9b78-3ca3a078fd38,2025-08-22,23:20:05.43,2025-08-22T19:20:05.4356480-04:00,2025-08-22T23:20:05.4356480Z,,v3,5431,495,,"Napleton, Luke",813847,Right,HP,7a29feb7-d546-4ebc-b5e4-985f7f0c030c,54.85966,-129.83862,13.42403,5.76994,-2.56754,-10.36097,2.97452,-8.25145,3.41829,1.174568,3.21184,-14.12979,-9.45172,4.70571,-1.49655,0.42849,-0.12691,0.03814,-0.00741,2.56677,107.73736,-33.92717,5.07624,-0.96122,0.18832,-0.08452,0.0509,-0.01437,-0.10436,1.6762,2.96459,-1.36488,0.42214,-0.11975,0.03643,-0.01164,0.00238,,,,,,,,,,,,,,,,,,,,,,,High,High,High,High,Undefined,,,
78,2025-08-22,19:20:33.70,5,8,"Barker, Alex",1000106691,Left,HP,"Whalen, Brady",669714,Left,LEX_LEG,Undefined,3,Top,2,1,2,Fastball,Four-Seam,BallCalled,Undefined,Undefined,Undefined,0,0,,88.60057,-0.150224,2.359496,2098.022878,160.851704,11:15,5.82485,-2.9027,5.65469,-22.95171,13.02068,-4.1226,3.77199,-1.04447,80.83468,-4.440267,1.623753,0.431674,,,,,,,,,,,,2.74024,6.99181,2.70536,50,5.79769,-5.11526,-128.54092,-1.10233,4.58138,26.82464,-20.48456,HP,LEX_LEG,HighPoint,Independent,ATL,20250822-HighPoint-1,9a9553c0-7fae-11f0-93aa-f3dbcec3603d,87.3169,,,7.76588,,,,,,,a31a5625-cd95-4fb6-9b78-3ca3a078fd38,2025-08-22,23:20:33.70,2025-08-22T19:20:33.7058816-04:00,2025-08-22T23:20:33.7058816Z,,v3,5431,495,,"Napleton, Luke",813847,Right,HP,97c3c3cf-7004-44c1-8cfe-2959117261a8,54.8424,-129.54751,13.41232,5.82463,-0.33364,-10.24228,2.90054,-5.28718,2.29069,,,,,,,,,,,,,,,,,,,,,,,,,,,,,,,,,,,,,,,,,,,,,,,,,,,High,High,High,,,,,
79,2025-08-22,19:21:18.88,5,9,"Barker, Alex",1000106691,Left,HP,"Whalen, Brady",669714,Left,LEX_LEG,Undefined,3,Top,2,2,2,Other,,BallCalled,Undefined,Undefined,Undefined,0,0,pitch clock violation,,,,,,,,,,,,,,,,,,,,,,,,,,,,,,,,,,,,,,,,,HP,LEX_LEG,HighPoint,Independent,ATL,20250822-HighPoint-1,ad99f2f0-7fae-11f0-93aa-f3dbcec3603d,,,,,,,,,,,a31a5625-cd95-4fb6-9b78-3ca3a078fd38,2025-08-22,23:21:18.88,2025-08-22T19:21:18.8811648-04:00,2025-08-22T23:21:18.8811648Z,,v3,5431,495,,"Napleton, Luke",813847,Right,HP,,,,,,,,,,,,,,,,,,,,,,,,,,,,,,,,,,,,,,,,,,,,,,,,,,,,,,,,,,,,,,,,,,,,
80,2025-08-22,19:21:19.88,5,10,"Barker, Alex",1000106691,Left,HP,"Whalen, Brady",669714,Left,LEX_LEG,Undefined,3,Top,2,3,2,Slider,Slider,StrikeSwinging,Strikeout,Undefined,Undefined,0,0,,84.00685,-2.052908,3.640777,2436.45031,260.123478,2:45,5.75949,-2.98315,5.49364,-37.49171,2.76795,8.98359,0.7101,1.1758,77.70737,-8.849134,5.237381,0.456674,,,,,,,,,,,,-3.5504,2.33563,2.65795,50,5.55408,-8.11546,-121.72291,-5.69912,-5.33873,23.38849,-28.66198,HP,LEX_LEG,HighPoint,Independent,ATL,20250822-HighPoint-1,b621f080-7fae-11f0-93aa-f3dbcec3603d,82.53681,,,6.29949,,,,,,,a31a5625-cd95-4fb6-9b78-3ca3a078fd38,2025-08-22,23:21:19.88,2025-08-22T19:21:19.8811648-04:00,2025-08-22T23:21:19.8811648Z,,v3,5431,495,,"Napleton, Luke",813847,Right,HP,702c8254-f250-40dc-bf73-4667ce3b2156,55.00623,-122.68106,11.69425,5.7635,-4.52493,-14.33099,2.98594,-7.89675,-2.66937,,,,,,,,,,,,,,,,,,,,,,,,,,,,,,,,,,,,,,,,,,,,,,,,,,,High,High,High,,,,,
81,2025-08-22,19:23:43.14,1,1,"Ferrer, Ben",829343,Right,LEX_LEG,"Burt, D.J.",656274,Right,HP,Undefined,3,Bottom,0,0,0,Cutter,Slider,StrikeSwinging,Undefined,Undefined,Undefined,0,0,,81.97075,-1.779994,-1.582836,2358.378735,193.811963,12:30,5.82111,0.90221,5.38283,-36.70423,5.18252,0.99028,1.09273,-0.49936,76.35766,-8.441045,-1.406524,0.465811,,,,,,,,,,,,-0.88067,3.39158,-0.76134,50,5.6357,3.25081,-119.08719,-4.98323,-1.28137,20.0393,-27.23923,HP,LEX_LEG,HighPoint,Independent,ATL,20250822-HighPoint-1,0b8957c0-7faf-11f0-93aa-f3dbcec3603d,80.91788,,,5.61309,,,,,,,a31a5625-cd95-4fb6-9b78-3ca3a078fd38,2025-08-22,23:23:43.14,2025-08-22T19:23:43.1480832-04:00,2025-08-22T23:23:43.1480832Z,,v3,5431,495,,"Huntzinger, Jerry",694255,Right,LEX_LEG,d41ce474-5f4c-4849-88a3-ad8adc9aecb3,55.11794,-119.94532,10.01965,5.82412,-3.81679,-13.61961,-0.90172,3.30568,-0.64069,,,,,,,,,,,,,,,,,,,,,,,,,,,,,,,,,,,,,,,,,,,,,,,,,,,High,High,High,,,,,
82,2025-08-22,19:23:56.08,1,2,"Ferrer, Ben",829343,Right,LEX_LEG,"Burt, D.J.",656274,Right,HP,Undefined,3,Bottom,0,0,1,Cutter,Slider,InPlay,Undefined,Popup,Out,1,0,,80.90135,-0.154798,-0.974009,2533.220894,117.935869,10:00,5.79031,0.80688,5.09817,-41.95601,1.50532,-0.56492,2.14808,-0.15814,75.14812,-7.73883,-1.074051,0.474485,73.5488,70.250818,26.439676,,,,,,32.04487,,,0.04488,1.1035,-0.71445,50,5.74237,2.02198,-117.57811,-1.83333,0.06355,19.9031,-30.61159,HP,LEX_LEG,HighPoint,Independent,ATL,20250822-HighPoint-1,133992f0-7faf-11f0-93aa-f3dbcec3603d,79.43856,94.15211,,5.75323,,,,2.13974,2.04345,-0.17448,a31a5625-cd95-4fb6-9b78-3ca3a078fd38,2025-08-22,23:23:56.08,2025-08-22T19:23:56.0851968-04:00,2025-08-22T23:23:56.0851968Z,,v3,5431,495,,"Huntzinger, Jerry",694255,Right,LEX_LEG,81eec935-2a29-4b04-838c-3ec1b1fe6edb,55.40374,-118.4893,9.95155,5.79422,-0.43189,-15.30579,-0.80695,2.01907,0.03178,184.911917,2.13974,32.63751,-14.82068,5.18574,-1.36065,0.30653,-0.04967,0.00202,0.00066,2.04345,101.52646,-26.53182,2.77873,-0.33504,-0.01907,0.03234,-0.01302,0.0021,-0.17448,16.22959,-4.3052,1.30365,-0.30691,0.06097,-0.0066,-0.00108,0.00038,,,,,,,,,,,,,,,,,,,,,,,High,High,High,Medium,Undefined,,,
83,2025-08-22,19:24:37.22,2,1,"Ferrer, Ben",829343,Right,LEX_LEG,"Gonzalez, Luis",8894175,Left,HP,Undefined,3,Bottom,1,0,0,Cutter,Slider,StrikeCalled,Undefined,Undefined,Undefined,0,0,,83.45068,-0.57015,-1.412229,2410.561762,210.839109,1:00,5.86609,0.6959,5.36038,-37.61648,2.81634,1.01598,2.19654,-0.54405,77.51759,-7.407619,-1.231482,0.457655,,,,,,,,,,,,-0.85327,1.90425,-0.56976,50,5.78791,2.94795,-121.2894,-2.56235,-1.28704,20.93313,-29.30175,HP,LEX_LEG,HighPoint,Independent,ATL,20250822-HighPoint-1,2bbfa670-7faf-11f0-93aa-f3dbcec3603d,82.35988,,,5.9331,,,,,,,a31a5625-cd95-4fb6-9b78-3ca3a078fd38,2025-08-22,23:24:37.22,2025-08-22T19:24:37.2240384-04:00,2025-08-22T23:24:37.2240384Z,,v3,5431,495,,"Huntzinger, Jerry",694255,Right,LEX_LEG,c06e483e-5516-481e-b7f1-9dab4084d9ef,55.14029,-122.17332,10.46656,5.86998,-1.32504,-14.65087,-0.69539,3.0023,-0.64352,,,,,,,,,,,,,,,,,,,,,,,,,,,,,,,,,,,,,,,,,,,,,,,,,,,High,High,High,,,,,
84,2025-08-22,19:24:55.01,2,2,"Ferrer, Ben",829343,Right,LEX_LEG,"Gonzalez, Luis",8894175,Left,HP,Undefined,3,Bottom,1,0,1,Fastball,Four-Seam,BallCalled,Undefined,Undefined,Undefined,0,0,,89.37933,-0.052391,-1.495453,2384.200548,222.219588,1:30,5.9078,0.52071,5.08284,-21.30076,14.81379,12.38312,4.08333,0.14269,81.4055,-4.013292,0.693245,0.432526,,,,,,,,,,,,-6.53268,7.71008,-0.38917,50,5.88655,2.79677,-129.62207,-0.88392,-11.10122,27.39542,-19.07199,HP,LEX_LEG,HighPoint,Independent,ATL,20250822-HighPoint-1,36550030-7faf-11f0-93aa-f3dbcec3603d,87.14481,,,7.97383,,,,,,,a31a5625-cd95-4fb6-9b78-3ca3a078fd38,2025-08-22,23:24:55.01,2025-08-22T19:24:55.0124544-04:00,2025-08-22T23:24:55.0124544Z,,v3,5431,495,,"Huntzinger, Jerry",694255,Right,LEX_LEG,65552ddb-f1a7-4d76-a331-8840096b8b3c,55.41439,-130.76139,13.69771,5.90682,-0.09076,-9.53599,-0.51508,3.25844,-5.55061,,,,,,,,,,,,,,,,,,,,,,,,,,,,,,,,,,,,,,,,,,,,,,,,,,,High,High,High,,,,,
85,2025-08-22,19:25:19.20,2,3,"Ferrer, Ben",829343,Right,LEX_LEG,"Gonzalez, Luis",8894175,Left,HP,Undefined,3,Bottom,1,1,1,ChangeUp,Changeup,InPlay,Undefined,GroundBall,Out,1,0,,85.26947,-1.13045,-3.307548,2134.106019,265.512229,2:45,5.5336,0.82719,5.77612,-36.05644,2.83854,19.53162,1.47511,-0.62631,77.78402,-7.77223,0.190486,0.448868,49.71082,-27.162424,152.756372,,,,,3.75623,5.70976,42.229472,0.06364,-11.12949,2.07717,-0.56643,50,5.41798,6.37942,-123.665,-3.66397,-17.10094,26.45069,-28.98238,HP,LEX_LEG,HighPoint,Independent,ATL,20250822-HighPoint-1,44a84c50-7faf-11f0-93aa-f3dbcec3603d,83.97228,2.13129,,7.48544,,,,,,,a31a5625-cd95-4fb6-9b78-3ca3a078fd38,2025-08-22,23:25:19.20,2025-08-22T19:25:19.2022528-04:00,2025-08-22T23:25:19.2022528Z,GroundBall,v3,5431,495,,"Huntzinger, Jerry",694255,Right,LEX_LEG,6ba4c3d6-aeed-4294-881a-ee2d059ca23a,54.72619,-124.67178,13.22535,5.53645,-2.56082,-14.49119,-0.82163,7.03033,-8.55047,,6.47794,-58.0288,,,,,,,,2.13339,-33.48974,,,,,,,,0.62121,29.87863,,,,,,,,,,,,,,,,,,,,,,,,,,,,,,High,High,High,Estimated,Estimated,,,
86,2025-08-22,19:25:56.41,3,1,"Ferrer, Ben",829343,Right,LEX_LEG,"Mendoza, Drew",666141,Left,HP,Undefined,3,Bottom,2,0,0,Fastball,Sinker,StrikeCalled,Undefined,Undefined,Undefined,0,0,,89.55414,-1.188255,-2.27192,2337.598438,224.453493,1:30,5.89256,0.70894,5.15174,-20.59308,15.1393,13.76505,3.0568,-0.2839,82.05473,-5.009358,0.163439,0.430232,,,,,,,,,,,,-7.45119,8.19044,-0.50749,50,5.76595,4.51475,-129.90221,-3.43201,-12.78367,26.17788,-18.12203,HP,LEX_LEG,HighPoint,Independent,ATL,20250822-HighPoint-1,5aee81f0-7faf-11f0-93aa-f3dbcec3603d,87.60964,,,7.49942,,,,,,,a31a5625-cd95-4fb6-9b78-3ca3a078fd38,2025-08-22,23:25:56.41,2025-08-22T19:25:56.4159488-04:00,2025-08-22T23:25:56.4159488Z,,v3,5431,495,,"Huntzinger, Jerry",694255,Right,LEX_LEG,3008cfe6-e040-4d6d-8c7b-6b0f24fb8abf,55.34724,-130.97535,13.08894,5.89142,-2.68912,-9.06102,-0.70331,5.03881,-6.39184,,,,,,,,,,,,,,,,,,,,,,,,,,,,,,,,,,,,,,,,,,,,,,,,,,,High,High,High,,,,,
87,2025-08-22,19:26:11.60,3,2,"Ferrer, Ben",829343,Right,LEX_LEG,"Mendoza, Drew",666141,Left,HP,Undefined,3,Bottom,2,0,1,ChangeUp,Changeup,BallCalled,Undefined,Undefined,Undefined,0,0,,85.4937,-0.087342,-1.749293,2141.145371,275.768167,3:15,5.52818,0.90197,5.58526,-39.29238,-0.80476,19.36225,2.17222,0.88142,78.76865,-7.266859,1.710731,0.446511,,,,,,,,,,,,-10.28178,-0.03382,-0.7646,50,5.49491,2.98556,-124.23844,-1.6097,-16.1261,24.07912,-32.22708,HP,LEX_LEG,HighPoint,Independent,ATL,20250822-HighPoint-1,64009710-7faf-11f0-93aa-f3dbcec3603d,84.41553,,,6.72505,,,,,,,a31a5625-cd95-4fb6-9b78-3ca3a078fd38,2025-08-22,23:26:11.60,2025-08-22T19:26:11.6029440-04:00,2025-08-22T23:26:11.6029440Z,,v3,5431,495,,"Huntzinger, Jerry",694255,Right,LEX_LEG,10935a66-5064-480c-86c4-e55be3603f68,54.91682,-125.18776,12.03956,5.53333,-0.33914,-16.11354,-0.89484,3.62133,-8.06305,,,,,,,,,,,,,,,,,,,,,,,,,,,,,,,,,,,,,,,,,,,,,,,,,,,High,High,High,,,,,
88,2025-08-22,19:26:30.70,3,3,"Ferrer, Ben",829343,Right,LEX_LEG,"Mendoza, Drew",666141,Left,HP,Undefined,3,Bottom,2,1,1,ChangeUp,Sinker,BallCalled,Undefined,Undefined,Undefined,0,0,,85.22786,-1.689334,-2.906813,2141.820539,262.613204,2:45,5.56017,0.88572,5.71864,-34.75785,3.71717,19.99143,1.08757,-0.1584,78.87489,-8.052358,0.672438,0.446438,,,,,,,,,,,,-10.92056,2.67882,-0.65508,50,5.39718,5.46791,-123.75844,-4.8603,-17.07059,22.87306,-27.98665,HP,LEX_LEG,HighPoint,Independent,ATL,20250822-HighPoint-1,6f6045b0-7faf-11f0-93aa-f3dbcec3603d,84.42932,,,6.35297,,,,,,,a31a5625-cd95-4fb6-9b78-3ca3a078fd38,2025-08-22,23:26:30.70,2025-08-22T19:26:30.7000320-04:00,2025-08-22T23:26:30.7000320Z,,v3,5431,495,,"Huntzinger, Jerry",694255,Right,LEX_LEG,a064a4f3-c43c-4055-b864-47f59b83ec34,54.7833,-124.63935,11.43653,5.56361,-3.78244,-13.99332,-0.87833,6.12536,-8.5353,,,,,,,,,,,,,,,,,,,,,,,,,,,,,,,,,,,,,,,,,,,,,,,,,,,High,High,High,,,,,
89,2025-08-22,19:26:49.97,3,4,"Ferrer, Ben",829343,Right,LEX_LEG,"Mendoza, Drew",666141,Left,HP,Undefined,3,Bottom,2,2,1,TwoSeamFastBall,Sinker,StrikeCalled,Undefined,Undefined,Undefined,0,0,,90.38287,-0.084671,-1.940166,2131.408128,248.872984,2:15,5.74713,0.88521,5.2059,-26.96001,7.92745,17.82706,3.42079,0.54545,83.05452,-5.028937,1.218813,0.425115,,,,,,,,,,,,-9.38378,4.3011,-0.71955,50,5.71909,3.61539,-131.23441,-1.23259,-16.46859,26.12467,-24.6256,HP,LEX_LEG,HighPoint,Independent,ATL,20250822-HighPoint-1,7add4050-7faf-11f0-93aa-f3dbcec3603d,88.66414,,,7.32835,,,,,,,a31a5625-cd95-4fb6-9b78-3ca3a078fd38,2025-08-22,23:26:49.97,2025-08-22T19:26:49.9780608-04:00,2025-08-22T23:26:49.9780608Z,,v3,5431,495,,"Huntzinger, Jerry",694255,Right,LEX_LEG,9a3093e4-b753-46fa-b655-1c5253353485,55.29438,-132.28416,13.06234,5.74874,-0.24307,-12.3128,-0.87812,4.27714,-8.23429,,,,,,,,,,,,,,,,,,,,,,,,,,,,,,,,,,,,,,,,,,,,,,,,,,,High,High,High,,,,,
90,2025-08-22,19:27:10.81,3,5,"Ferrer, Ben",829343,Right,LEX_LEG,"Mendoza, Drew",666141,Left,HP,Undefined,3,Bottom,2,2,2,TwoSeamFastBall,Sinker,FoulBallNotFieldable,Undefined,Undefined,Undefined,0,0,,90.35323,-0.695277,-2.749079,2059.07527,252.672097,2:30,5.80211,1.00849,5.1525,-28.88112,6.18851,16.41513,2.74004,-0.21354,82.98264,-5.970566,0.155761,0.426223,,,,,,,,,,,,-8.98217,3.56484,-0.76484,50,5.71482,5.54661,-131.09933,-2.71966,-15.7019,26.55905,-25.94227,HP,LEX_LEG,HighPoint,Independent,ATL,20250822-HighPoint-1,87402e20-7faf-11f0-93aa-f3dbcec3603d,88.4336,,,7.3706,,,,,,,a31a5625-cd95-4fb6-9b78-3ca3a078fd38,2025-08-22,23:27:10.81,2025-08-22T19:27:10.8164608-04:00,2025-08-22T23:27:10.8164608Z,,v3,5431,495,,"Huntzinger, Jerry",694255,Right,LEX_LEG,553f158c-0ff4-4a00-bfa7-11373155ac74,55.34906,-132.17854,13.27953,5.80391,-1.66552,-12.97114,-1.00319,6.18465,-7.85095,,,,,,,,,,,,,,,,,,,,,,,,,,,,,,,,,,,,,,,,,,,,,,,,,,,High,High,High,,,,,
91,2025-08-22,19:27:33.19,3,6,"Ferrer, Ben",829343,Right,LEX_LEG,"Mendoza, Drew",666141,Left,HP,Undefined,3,Bottom,2,2,2,ChangeUp,Changeup,FoulBallNotFieldable,Undefined,Undefined,Undefined,0,0,,85.30981,-0.672373,-3.320724,2151.978154,271.556077,3:00,5.60396,1.04448,5.5235,-37.94282,0.60709,17.45631,1.81236,-0.60892,79.1262,-7.581362,-0.209657,0.446872,,,,,,,,,,,,-9.79886,0.69835,-0.7679,50,5.51933,6.49219,-123.91348,-2.80913,-15.40515,22.17603,-31.07616,HP,LEX_LEG,HighPoint,Independent,ATL,20250822-HighPoint-1,949e92f0-7faf-11f0-93aa-f3dbcec3603d,84.34728,,,6.18361,,,,,,,a31a5625-cd95-4fb6-9b78-3ca3a078fd38,2025-08-22,23:27:33.19,2025-08-22T19:27:33.1926016-04:00,2025-08-22T23:27:33.1926016Z,,v3,5431,495,,"Huntzinger, Jerry",694255,Right,LEX_LEG,dd5b17a6-3182-4194-bec7-bfbd19b8dfb4,54.98051,-124.80163,11.08801,5.60691,-1.56453,-15.53808,-1.04027,7.10917,-7.70258,,,,,,,,,,,,,,,,,,,,,,,,,,,,,,,,,,,,,,,,,,,,,,,,,,,High,High,High,,,,,
92,2025-08-22,19:28:04.87,3,7,"Ferrer, Ben",829343,Right,LEX_LEG,"Mendoza, Drew",666141,Left,HP,Undefined,3,Bottom,2,2,2,TwoSeamFastBall,Sinker,InPlay,Undefined,Popup,Out,1,0,,91.0432,-0.456281,-2.987142,2127.349964,253.997869,2:30,5.62025,0.94813,5.24889,-28.93057,5.73847,16.06544,2.78,-0.52268,82.99946,-5.763899,-0.140223,0.423782,87.24566,67.705805,6.993458,,,,,,118.19292,,,-9.01315,3.28713,-0.68661,50,5.5568,6.16421,-132.00554,-2.16875,-15.84859,29.01077,-26.39405,HP,LEX_LEG,HighPoint,Independent,ATL,20250822-HighPoint-1,a77f7d80-7faf-11f0-93aa-f3dbcec3603d,88.94305,110.84006,,8.04374,,,,2.73705,2.8682,0.60632,a31a5625-cd95-4fb6-9b78-3ca3a078fd38,2025-08-22,23:28:04.87,2025-08-22T19:28:04.8737792-04:00,2025-08-22T23:28:04.8737792Z,,v3,5431,495,,"Huntzinger, Jerry",694255,Right,LEX_LEG,5f0422b5-8bd7-437b-924a-4f8f2d9e3dde,55.25263,-133.1549,14.50538,5.62201,-1.12306,-13.19702,-0.94327,6.79211,-7.92429,168.055824,2.73705,48.18322,-18.1054,5.99412,-1.51659,0.26157,0.02598,-0.03678,0.00838,2.8682,118.39435,-29.02096,3.21496,-0.40885,0.05079,-0.03438,0.01836,-0.00367,0.60632,5.91126,-8.89652,3.51027,-0.98362,0.17957,0.01851,-0.02636,0.00601,,,,,,,,,,,,,,,,,,,,,,,High,High,High,High,Undefined,,,
93,2025-08-22,19:30:42.29,1,1,"Barker, Alex",1000106691,Left,HP,"Terry, Curtis",663799,Right,LEX_LEG,Undefined,4,Top,0,0,0,Fastball,Four-Seam,StrikeCalled,Undefined,Undefined,Undefined,0,0,,87.49255,-0.846629,3.512982,2216.137896,166.274623,11:30,5.80947,-2.83784,5.72868,-21.59505,14.80276,-3.36571,3.21984,0.15756,80.87961,-4.867592,2.912632,0.434219,,,,,,,,,,,,2.5624,8.06544,2.54658,50,5.72537,-7.65447,-126.98498,-2.57688,4.23699,22.9166,-18.83759,HP,LEX_LEG,HighPoint,Independent,ATL,20250822-HighPoint-1,055e6790-7fb0-11f0-93aa-f3dbcec3603d,86.8051,,,6.61294,,,,,,,a31a5625-cd95-4fb6-9b78-3ca3a078fd38,2025-08-22,23:30:42.29,2025-08-22T19:30:42.2955008-04:00,2025-08-22T23:30:42.2955008Z,,v3,5431,495,,"Napleton, Luke",813847,Right,HP,200b08e9-6dda-44bf-873f-8fa918a2bff2,54.77063,-127.84302,11.4583,5.80865,-1.87157,-9.4188,2.83615,-7.81311,2.11849,,,,,,,,,,,,,,,,,,,,,,,,,,,,,,,,,,,,,,,,,,,,,,,,,,,High,High,High,,,,,
94,2025-08-22,19:30:56.08,1,2,"Barker, Alex",1000106691,Left,HP,"Terry, Curtis",663799,Right,LEX_LEG,Undefined,4,Top,0,0,1,Curveball,Curveball,BallCalled,Undefined,Undefined,Undefined,0,0,,77.88228,0.105842,2.759337,2385.225787,301.843766,4:00,5.81554,-2.9005,5.18045,-52.31271,-5.59532,10.95855,1.55586,0.611,72.93285,-9.283335,4.699572,0.491938,,,,,,,,,,,,-4.82957,-2.45,2.63511,50,5.78513,-5.8836,-113.16012,-1.63199,-6.34821,17.99628,-35.39444,HP,LEX_LEG,HighPoint,Independent,ATL,20250822-HighPoint-1,0d949ba0-7fb0-11f0-93aa-f3dbcec3603d,76.62025,,,4.94943,,,,,,,a31a5625-cd95-4fb6-9b78-3ca3a078fd38,2025-08-22,23:30:56.08,2025-08-22T19:30:56.0816128-04:00,2025-08-22T23:30:56.0816128Z,,v3,5431,495,,"Napleton, Luke",813847,Right,HP,f2003583-a547-445d-af57-cdef7d9c1e2a,55.32311,-114.00353,8.99814,5.82275,0.0268,-17.69722,2.90388,-5.58608,-3.1741,,,,,,,,,,,,,,,,,,,,,,,,,,,,,,,,,,,,,,,,,,,,,,,,,,,High,High,High,,,,,
95,2025-08-22,19:31:11.84,1,3,"Barker, Alex",1000106691,Left,HP,"Terry, Curtis",663799,Right,LEX_LEG,Undefined,4,Top,0,1,1,Curveball,Curveball,StrikeCalled,Undefined,Undefined,Undefined,0,0,,77.70826,0.307976,3.211189,2396.797604,300.566479,4:00,5.8874,-2.83252,5.57443,-50.38833,-3.78717,8.64394,1.97649,0.89031,72.18028,-8.833416,4.751156,0.491326,,,,,,,,,,,,-3.54481,-1.58213,2.55001,50,5.8808,-6.65575,-112.81568,-1.06181,-4.59667,19.33691,-34.22565,HP,LEX_LEG,HighPoint,Independent,ATL,20250822-HighPoint-1,16f9d9d0-7fb0-11f0-93aa-f3dbcec3603d,76.71572,,,5.52798,,,,,,,a31a5625-cd95-4fb6-9b78-3ca3a078fd38,2025-08-22,23:31:11.84,2025-08-22T19:31:11.8487552-04:00,2025-08-22T23:31:11.8487552Z,,v3,5431,495,,"Napleton, Luke",813847,Right,HP,6311404b-cb24-44ff-894b-69728f090e4a,54.92747,-113.65713,9.66846,5.8946,0.42752,-17.11282,2.83528,-6.45573,-2.29833,,,,,,,,,,,,,,,,,,,,,,,,,,,,,,,,,,,,,,,,,,,,,,,,,,,High,High,High,,,,,
96,2025-08-22,19:31:29.07,1,4,"Barker, Alex",1000106691,Left,HP,"Terry, Curtis",663799,Right,LEX_LEG,Undefined,4,Top,0,1,2,Fastball,Four-Seam,FoulBallNotFieldable,Undefined,Undefined,Undefined,0,0,,88.665,-1.60692,3.5199,2194.193035,164.209778,11:30,5.90368,-2.74643,5.7386,-21.50009,13.95316,-3.66213,2.61248,0.23012,82.01884,-5.601509,2.866386,0.428548,,,,,,,,,,,,2.73654,7.82445,2.45545,50,5.75643,-7.76251,-128.67049,-4.32477,4.64268,23.70535,-18.89952,HP,LEX_LEG,HighPoint,Independent,ATL,20250822-HighPoint-1,213a0eb0-7fb0-11f0-93aa-f3dbcec3603d,87.95383,,,6.64616,,,,,,,a31a5625-cd95-4fb6-9b78-3ca3a078fd38,2025-08-22,23:31:29.07,2025-08-22T19:31:29.0762240-04:00,2025-08-22T23:31:29.0762240Z,,v3,5431,495,,"Napleton, Luke",813847,Right,HP,ce2dfcc5-3fdf-42da-9689-d891001f4082,54.762,-129.54483,11.85267,5.90309,-3.62768,-9.44976,2.74492,-7.93375,2.32134,,,,,,,,,,,,,,,,,,,,,,,,,,,,,,,,,,,,,,,,,,,,,,,,,,,High,High,High,,,,,
97,2025-08-22,19:31:53.43,1,5,"Barker, Alex",1000106691,Left,HP,"Terry, Curtis",663799,Right,LEX_LEG,Undefined,4,Top,0,1,2,Curveball,Curveball,InPlay,Undefined,GroundBall,Out,1,0,,77.74669,-0.199817,2.30214,2430.681289,297.842543,4:00,5.89532,-2.7145,5.23813,-51.57818,-4.55044,11.10186,1.40918,0.3756,72.40734,-9.484901,4.271979,0.49357,95.69194,-9.866578,-34.512671,,,,,10.31766,5.54979,-29.539914,0.060577,-5.01394,-1.90043,2.49395,50,5.83788,-4.96688,-112.93821,-2.17391,-6.52194,19.19977,-34.64603,HP,LEX_LEG,HighPoint,Independent,ATL,20250822-HighPoint-1,2fc7f2d0-7fb0-11f0-93aa-f3dbcec3603d,76.36698,1.45825,,5.33935,,,,2.06784,1.45825,-0.33648,a31a5625-cd95-4fb6-9b78-3ca3a078fd38,2025-08-22,23:31:53.43,2025-08-22T19:31:53.4313472-04:00,2025-08-22T23:31:53.4313472Z,GroundBall,v3,5431,495,,"Napleton, Luke",813847,Right,HP,7309073d-075b-4ba0-9d88-f9949c067df4,55.26509,-113.82977,9.59989,5.90147,-0.56509,-17.32302,2.71756,-4.66403,-3.26097,180,2.06676,114.04705,,,,,,,,1.45848,-24.07261,,,,,,,,-0.33573,-78.41951,,,,,,,,,,,,,,,,,,,,,,,,,,,,,,High,High,High,Low,Low,,,
98,2025-08-22,19:32:27.81,2,1,"Barker, Alex",1000106691,Left,HP,"Gonzalez, Pedro",660639,Right,LEX_LEG,Undefined,4,Top,1,0,0,Fastball,Four-Seam,InPlay,Undefined,Bunt,Out,1,0,,89.89732,-0.008076,4.216039,2318.946659,152.480526,11:00,5.82126,-2.8317,5.86289,-20.60072,13.93123,-6.72276,4.09701,0.53184,82.50917,-3.869595,3.015646,0.422943,,,,,,,,,,,,4.58213,7.45705,2.49347,50,5.80861,-9.33408,-130.37323,-0.68246,7.93241,25.91468,-19.26464,HP,LEX_LEG,HighPoint,Independent,ATL,20250822-HighPoint-1,442df6c0-7fb0-11f0-93aa-f3dbcec3603d,89.1194,,,7.38815,,,,,,,a31a5625-cd95-4fb6-9b78-3ca3a078fd38,2025-08-22,23:32:27.81,2025-08-22T19:32:27.8126080-04:00,2025-08-22T23:32:27.8126080Z,,v3,5431,495,,"Napleton, Luke",813847,Right,HP,af6dbe04-8289-433b-ab50-cded5baccd90,54.63814,-131.29192,12.95734,5.8207,0.00049,-9.63232,2.82936,-9.61529,3.96621,,,,,,,,,,,,,,,,,,,,,,,,,,,,,,,,,,,,,,,,,,,,,,,,,,,High,High,High,,,,,
99,2025-08-22,19:33:07.24,3,1,"Barker, Alex",1000106691,Left,HP,"Cumbo, E.J.",821574,Left,LEX_LEG,Undefined,4,Top,2,0,0,Fastball,Four-Seam,FoulBallNotFieldable,Undefined,Undefined,Undefined,0,0,,88.06061,-2.414484,4.199542,2139.054609,165.765191,11:30,5.81067,-2.67082,5.88192,-19.1593,17.08343,-4.03784,1.96445,0.89965,80.57755,-6.022087,3.478164,0.433293,,,,,,,,,,,,3.17583,9.71808,2.33329,50,5.60385,-9.17958,-127.43296,-5.9525,5.23101,25.77526,-16.167,HP,LEX_LEG,HighPoint,Independent,ATL,20250822-HighPoint-1,5bc71230-7fb0-11f0-93aa-f3dbcec3603d,86.99061,,,7.48306,,,,,,,a31a5625-cd95-4fb6-9b78-3ca3a078fd38,2025-08-22,23:33:07.24,2025-08-22T19:33:07.2427008-04:00,2025-08-22T23:33:07.2427008Z,,v3,5431,495,,"Napleton, Luke",813847,Right,HP,cabac508-36e6-4623-b16d-fb515abffa04,54.6126,-128.36253,12.88763,5.80801,-5.36945,-8.0835,2.66775,-9.36824,2.61551,,,,,,,,,,,,,,,,,,,,,,,,,,,,,,,,,,,,,,,,,,,,,,,,,,,High,High,High,,,,,
100,2025-08-22,19:33:26.69,3,2,"Barker, Alex",1000106691,Left,HP,"Cumbo, E.J.",821574,Left,LEX_LEG,Undefined,4,Top,2,0,1,Slider,Slider,FoulBallNotFieldable,Undefined,Undefined,Undefined,0,0,,82.13189,-0.387308,3.875163,2312.833733,261.891058,2:45,5.80736,-2.73327,5.47479,-39.94963,2.62681,8.51209,2.11495,1.60786,74.99277,-7.682726,5.385302,0.46963,64.21392,67.403081,-71.424156,5631.622195,,,,,33.05497,,,-3.1413,1.81689,2.3863,50,5.74599,-8.39658,-118.91957,-2.17805,-4.45503,24.85521,-29.59732,HP,LEX_LEG,HighPoint,Independent,ATL,20250822-HighPoint-1,6756d180-7fb0-11f0-93aa-f3dbcec3603d,80.25982,68.13478,,7.13912,,,,4.13009,2.11188,-0.95087,a31a5625-cd95-4fb6-9b78-3ca3a078fd38,2025-08-22,23:33:26.69,2025-08-22T19:33:26.6999296-04:00,2025-08-22T23:33:26.6999296Z,,v3,5431,495,,"Napleton, Luke",813847,Right,HP,5b6e139a-9be5-4d7c-8e13-1c61fafc8857,55.02491,-119.96522,12.42761,5.81143,-0.93291,-14.79866,2.7356,-8.20915,-2.22752,,4.13009,11.52823,-5.50692,1.74693,-0.39426,0.05456,0.02574,-0.02643,0.00762,2.11188,86.9501,-22.69719,2.17395,-0.40462,0.06543,-0.01601,0.00569,-0.0014,-0.95087,-34.30309,5.45845,-1.44493,0.28501,-0.03893,-0.01445,0.0154,-0.00437,,,,,,,,,,,,,,,,,,,,,,,High,High,High,Low,Undefined,,,
101,2025-08-22,19:33:52.70,3,3,"Barker, Alex",1000106691,Left,HP,"Cumbo, E.J.",821574,Left,LEX_LEG,Undefined,4,Top,2,0,2,Curveball,Slider,FoulBallNotFieldable,Undefined,Undefined,Undefined,0,0,,77.7763,0.525061,3.204386,2317.706879,291.116425,3:45,5.82497,-2.69028,5.61121,-51.16877,-4.38079,14.97702,2.05178,1.55186,71.83382,-8.773812,5.87231,0.49231,73.55367,48.739157,-49.127384,4641.073713,,,,,59.20545,,,-6.76307,-2.04087,2.40603,50,5.83639,-6.87045,-112.86351,-0.63063,-8.70435,20.96277,-34.8007,HP,LEX_LEG,HighPoint,Independent,ATL,20250822-HighPoint-1,76dc3500-7fb0-11f0-93aa-f3dbcec3603d,76.56241,56.09933,,5.94248,,,,2.70424,2.01142,-0.98973,a31a5625-cd95-4fb6-9b78-3ca3a078fd38,2025-08-22,23:33:52.70,2025-08-22T19:33:52.7097856-04:00,2025-08-22T23:33:52.7097856Z,,v3,5431,495,,"Napleton, Luke",813847,Right,HP,ed8abe30-d09e-4c20-8927-820a270e54ee,54.89159,-113.76843,10.48138,5.83119,0.87163,-17.40035,2.6945,-6.4947,-4.35218,,2.70424,46.55558,-9.36614,2.38143,-0.55063,0.13358,-0.03228,0.00669,-0.00083,2.01142,81.09392,-28.54693,3.86242,-0.83263,0.17735,-0.03985,0.00788,-0.00094,-0.98973,-53.79716,12.41826,-3.60035,0.91565,-0.23383,0.05851,-0.01243,0.00156,,,,,,,,,,,,,,,,,,,,,,,High,High,High,High,Undefined,,,
102,2025-08-22,19:34:15.20,3,4,"Barker, Alex",1000106691,Left,HP,"Cumbo, E.J.",821574,Left,LEX_LEG,Undefined,4,Top,2,0,2,Fastball,Four-Seam,BallCalled,Undefined,Undefined,Undefined,0,0,,87.46555,-2.601607,5.490544,2200.213268,155.806125,11:15,5.84192,-2.62688,5.76815,-20.81852,16.0943,-6.71071,1.67303,1.93937,80.30062,-6.487249,4.297904,0.43728,,,,,,,,,,,,4.88965,9.25536,2.1755,50,5.61304,-11.87092,-126.40081,-6.42066,7.94361,24.76208,-17.13799,HP,LEX_LEG,HighPoint,Independent,ATL,20250822-HighPoint-1,843ae7f0-7fb0-11f0-93aa-f3dbcec3603d,86.19745,,,7.16493,,,,,,,a31a5625-cd95-4fb6-9b78-3ca3a078fd38,2025-08-22,23:34:15.20,2025-08-22T19:34:15.2095232-04:00,2025-08-22T23:34:15.2095232Z,,v3,5431,495,,"Napleton, Luke",813847,Right,HP,e312a1f5-ce79-4008-8a3e-7ab3f14be56d,54.73092,-127.32423,12.38104,5.84056,-5.78155,-8.56899,2.62371,-12.16715,3.9718,,,,,,,,,,,,,,,,,,,,,,,,,,,,,,,,,,,,,,,,,,,,,,,,,,,High,High,High,,,,,
103,2025-08-22,19:34:35.45,3,5,"Barker, Alex",1000106691,Left,HP,"Cumbo, E.J.",821574,Left,LEX_LEG,Undefined,4,Top,2,1,2,Slider,Slider,InPlay,Undefined,FlyBall,Out,1,0,,82.76757,0.147661,3.099721,2358.497498,242.790076,2:00,5.82759,-2.70626,5.49622,-37.50644,3.66323,4.82937,2.84037,0.59848,76.50979,-6.698903,3.958179,0.461807,94.57975,32.625556,5.60412,4219.641953,109.81111,67.58472,6.44133,330.93297,304.82399,-0.466825,5.30643,-1.66378,2.12681,2.43145,50,5.81485,-6.69779,-120.14379,-0.98367,-2.44891,21.74943,-29.04359,HP,LEX_LEG,HighPoint,Independent,ATL,20250822-HighPoint-1,904b48f0-7fb0-11f0-93aa-f3dbcec3603d,81.61955,94.4413,,6.25779,,,,2.99397,3.05156,-0.49732,a31a5625-cd95-4fb6-9b78-3ca3a078fd38,2025-08-22,23:34:35.45,2025-08-22T19:34:35.4571264-04:00,2025-08-22T23:34:35.4571264Z,FlyBall,v3,5431,495,,"Napleton, Luke",813847,Right,HP,0a727c7b-9998-4fa7-b9c0-b611c5f0d751,55.00523,-121.04649,10.87471,5.83066,0.22177,-14.5218,2.70733,-6.59615,-1.22446,166.878805,2.99648,116.22526,-25.48589,6.21179,-1.28345,0.23993,-0.03803,0.00405,-0.00019,3.05249,74.76219,-16.35906,0.10921,0.40909,-0.20436,0.05028,-0.00613,0.00029,-0.49652,11.39344,-6.20758,1.71921,-0.38411,0.0717,-0.01031,0.00097,-4E-05,,,,,,,,,,,,,,,,,,,,,,,High,High,High,High,Medium,,,
104,2025-08-22,19:37:00.32,1,1,"Ferrer, Ben",829343,Right,LEX_LEG,"Aklinski, Ben",679701,Right,HP,Undefined,4,Bottom,0,0,0,Cutter,Slider,InPlay,Undefined,LineDrive,Out,1,0,,83.6274,-0.921218,-1.711689,2373.080493,198.224101,12:30,5.85484,0.68234,5.5042,-32.8323,7.01115,1.96658,2.25678,-0.75512,78.02795,-6.913541,-1.361129,0.454307,90.23261,10.109912,-16.612357,1571.930985,104.43787,8.17202,-34.5337,157.16012,142.13033,-19.668828,1.405026,-1.39532,4.04973,-0.53425,50,5.75186,3.55676,-121.62293,-3.08822,-2.12735,19.8582,-25.99971,HP,LEX_LEG,HighPoint,Independent,ATL,20250822-HighPoint-1,e6abb630-7fb0-11f0-93aa-f3dbcec3603d,82.96681,9.59766,,5.59944,,,,2.85864,2.41874,0.77607,a31a5625-cd95-4fb6-9b78-3ca3a078fd38,2025-08-22,23:37:00.32,2025-08-22T19:37:00.3219456-04:00,2025-08-22T23:37:00.3219456Z,LineDrive,v3,5431,495,,"Huntzinger, Jerry",694255,Right,LEX_LEG,1780f659-b26e-437e-8ce7-a4996a4d4156,54.99806,-122.43628,9.9291,5.85654,-2.02333,-12.99986,-0.68171,3.64389,-1.06367,88.882001,2.85864,124.84804,-19.44205,3.8319,-0.8375,0.17444,-0.03656,0.0063,-0.00059,2.41874,23.23074,-19.84994,1.90165,-0.38577,0.08231,-0.01558,0.00272,-0.00027,0.77607,-37.24814,-1.54835,0.91601,-0.29237,0.07767,-0.01815,0.0033,-0.00033,,,,,,,,,,,,,,,,,,,,,,,High,High,High,High,High,,,
105,2025-08-22,19:37:32.15,2,1,"Ferrer, Ben",829343,Right,LEX_LEG,"Dickerson, Alex",543105,Left,HP,Undefined,4,Bottom,1,0,0,Cutter,Changeup,InPlay,Undefined,GroundBall,Out,1,0,,84.3992,-0.983723,-2.203878,2053.722275,268.723786,3:00,5.63882,1.03075,5.61283,-37.74211,1.56595,19.56816,1.5747,0.60341,78.17744,-7.872997,1.294925,0.451245,56.33744,-44.34275,73.662135,,,,,3.74942,3.09384,18.465136,0.030917,-10.5713,1.34866,-0.85565,50,5.52998,3.93688,-122.66389,-3.42763,-16.23563,22.44223,-30.10274,HP,LEX_LEG,HighPoint,Independent,ATL,20250822-HighPoint-1,f9a7f0f0-7fb0-11f0-93aa-f3dbcec3603d,83.52989,1.79284,,6.22176,,,,3.04035,1.79284,-0.57283,a31a5625-cd95-4fb6-9b78-3ca3a078fd38,2025-08-22,23:37:32.15,2025-08-22T19:37:32.1507840-04:00,2025-08-22T23:37:32.1507840Z,GroundBall,v3,5431,495,,"Huntzinger, Jerry",694255,Right,LEX_LEG,e43ffaf2-860e-4a48-85bb-3bade09393e5,54.89024,-123.55536,11.22111,5.64239,-2.23187,-15.05137,-1.02485,4.5818,-8.11782,,3.04001,16.69107,,,,,,,,1.79401,-57.98936,,,,,,,,-0.57399,56.93929,,,,,,,,,,,,,,,,,,,,,,,,,,,,,,High,High,High,Estimated,Estimated,,,
106,2025-08-22,19:38:03.91,3,1,"Ferrer, Ben",829343,Right,LEX_LEG,"Edwards, Evan",657212,Left,HP,Undefined,4,Bottom,2,0,0,Fastball,Four-Seam,StrikeCalled,Undefined,Undefined,Undefined,0,0,,88.44091,-2.340741,-2.570013,2198.245151,218.713507,1:15,5.72483,1.05296,5.25061,-21.83017,14.59257,10.81796,1.70266,-0.46216,81.48345,-6.369764,-0.65265,0.434368,,,,,,,,,,,,-6.06095,8.233,-0.82533,50,5.49381,5.26931,-128.24797,-6.01965,-10.17636,24.5071,-18.35083,HP,LEX_LEG,HighPoint,Independent,ATL,20250822-HighPoint-1,0c8001e0-7fb1-11f0-93aa-f3dbcec3603d,86.77538,,,6.95746,,,,,,,a31a5625-cd95-4fb6-9b78-3ca3a078fd38,2025-08-22,23:38:03.91,2025-08-22T19:38:03.9189504-04:00,2025-08-22T23:38:03.9189504Z,,v3,5431,495,,"Huntzinger, Jerry",694255,Right,LEX_LEG,ae03b145-b3fe-4029-903a-cab0b1af37ab,55.24866,-129.24706,12.25355,5.72396,-5.27154,-9.17541,-1.0486,5.68418,-5.08818,,,,,,,,,,,,,,,,,,,,,,,,,,,,,,,,,,,,,,,,,,,,,,,,,,,High,High,High,,,,,
107,2025-08-22,19:38:18.56,3,2,"Ferrer, Ben",829343,Right,LEX_LEG,"Edwards, Evan",657212,Left,HP,Undefined,4,Bottom,2,0,1,TwoSeamFastBall,Sinker,BallCalled,Undefined,Undefined,Undefined,0,0,,89.00496,-0.559411,-1.222823,2093.025414,251.271154,2:30,5.65789,1.21695,5.07891,-28.87943,7.0902,17.91426,2.72379,1.5569,82.29205,-5.818817,1.946317,0.431658,,,,,,,,,,,,-9.19938,3.98311,-1.11578,50,5.58215,1.93341,-129.31865,-2.38992,-15.74933,24.19435,-25.35497,HP,LEX_LEG,HighPoint,Independent,ATL,20250822-HighPoint-1,15518b90-7fb1-11f0-93aa-f3dbcec3603d,87.32023,,,6.71292,,,,,,,a31a5625-cd95-4fb6-9b78-3ca3a078fd38,2025-08-22,23:38:18.56,2025-08-22T19:38:18.5698304-04:00,2025-08-22T23:38:18.5698304Z,,v3,5431,495,,"Huntzinger, Jerry",694255,Right,LEX_LEG,175eca40-2dcb-4b51-8bbb-00689395c1d2,55.42212,-130.32913,12.09718,5.65985,-1.33097,-12.67748,-1.21027,2.59118,-7.87467,,,,,,,,,,,,,,,,,,,,,,,,,,,,,,,,,,,,,,,,,,,,,,,,,,,High,High,High,,,,,
108,2025-08-22,19:38:35.15,3,3,"Ferrer, Ben",829343,Right,LEX_LEG,"Edwards, Evan",657212,Left,HP,Undefined,4,Bottom,2,1,1,ChangeUp,Changeup,BallCalled,Undefined,Undefined,Undefined,0,0,,84.7138,-1.149809,-2.115591,2106.656279,265.855156,2:45,5.50168,1.1697,5.5627,-36.61967,2.49756,18.81304,1.37498,0.7601,78.41342,-7.832938,1.245091,0.450148,,,,,,,,,,,,-10.08241,1.90484,-0.99979,50,5.37811,3.77215,-123.08737,-3.77066,-15.58789,22.65613,-29.22904,HP,LEX_LEG,HighPoint,Independent,ATL,20250822-HighPoint-1,1f34ac50-7fb1-11f0-93aa-f3dbcec3603d,83.73342,,,6.30038,,,,,,,a31a5625-cd95-4fb6-9b78-3ca3a078fd38,2025-08-22,23:38:35.15,2025-08-22T19:38:35.1566848-04:00,2025-08-22T23:38:35.1566848Z,,v3,5431,495,,"Huntzinger, Jerry",694255,Right,LEX_LEG,4ce9f7ee-eae4-4fa6-928e-5127d847ed8b,54.93935,-123.9932,11.32806,5.50551,-2.60204,-14.61452,-1.16306,4.39538,-7.79395,,,,,,,,,,,,,,,,,,,,,,,,,,,,,,,,,,,,,,,,,,,,,,,,,,,High,High,High,,,,,
109,2025-08-22,19:38:52.52,3,4,"Ferrer, Ben",829343,Right,LEX_LEG,"Edwards, Evan",657212,Left,HP,Undefined,4,Bottom,2,2,1,ChangeUp,Changeup,FoulBallNotFieldable,Undefined,Undefined,Undefined,0,0,,84.1738,-0.979674,-2.227729,2074.27322,254.493434,2:30,5.55111,1.06074,5.6367,-33.83718,5.51536,15.92741,1.81659,0.30863,78.12058,-7.176321,0.619295,0.4515,,,,,,,,,,,,-8.71571,3.34347,-0.88203,50,5.44578,4.13068,-122.35954,-3.24969,-13.37115,21.44553,-27.0447,HP,LEX_LEG,HighPoint,Independent,ATL,20250822-HighPoint-1,298e83b0-7fb1-11f0-93aa-f3dbcec3603d,83.48271,,,6.05322,,,,,,,a31a5625-cd95-4fb6-9b78-3ca3a078fd38,2025-08-22,23:38:52.52,2025-08-22T19:38:52.5249536-04:00,2025-08-22T23:38:52.5249536Z,,v3,5431,495,,"Huntzinger, Jerry",694255,Right,LEX_LEG,caabc5e9-580c-4990-96a2-c55aa4c4e42c,54.86598,-123.20943,10.72277,5.55333,-2.1779,-13.52235,-1.05623,4.66058,-6.68557,,,,,,,,,,,,,,,,,,,,,,,,,,,,,,,,,,,,,,,,,,,,,,,,,,,High,High,High,,,,,
110,2025-08-22,19:39:21.82,3,5,"Ferrer, Ben",829343,Right,LEX_LEG,"Edwards, Evan",657212,Left,HP,Undefined,4,Bottom,2,2,2,Cutter,Slider,InPlay,Undefined,GroundBall,Out,1,0,,82.82217,-0.925212,-1.535887,2543.302907,322.452886,4:45,5.89738,0.69044,5.28479,-40.79628,0.65787,0.43685,1.62845,-0.71583,76.57577,-8.322594,-1.458245,0.463399,43.54384,-57.27639,166.333458,,,,,4.49378,4.49378,12.128982,0.041338,-0.63012,0.84358,-0.55076,50,5.78261,3.20787,-120.29573,-3.40547,-0.92742,22.37666,-30.93249,HP,LEX_LEG,HighPoint,Independent,ATL,20250822-HighPoint-1,3b01d480-7fb1-11f0-93aa-f3dbcec3603d,81.33902,2.24013,,6.2464,,,,,,,a31a5625-cd95-4fb6-9b78-3ca3a078fd38,2025-08-22,23:39:21.82,2025-08-22T19:39:21.8282496-04:00,2025-08-22T23:39:21.8282496Z,GroundBall,v3,5431,495,,"Huntzinger, Jerry",694255,Right,LEX_LEG,4fb7096e-4edb-4d40-9ce0-5c5a0f51b423,55.21746,-121.26237,11.18833,5.90086,-2.06924,-15.46625,-0.6902,3.24793,-0.46371,,5.79407,-33.83552,,,,,,,,2.2432,-54.19079,,,,,,,,0.60364,8.22728,,,,,,,,,,,,,,,,,,,,,,,,,,,,,,High,High,High,Estimated,Estimated,,,
111,2025-08-22,19:42:06.86,1,1,"Barker, Alex",1000106691,Left,HP,"Dixon, Brenden",686981,Right,LEX_LEG,Undefined,5,Top,0,0,0,Curveball,Curveball,StrikeCalled,Undefined,Undefined,Undefined,0,0,,76.98205,0.49341,2.908799,2389.937483,312.657458,4:30,5.84104,-2.83698,5.6742,-52.11782,-5.13083,6.91485,1.9585,0.45342,71.93041,-8.963477,4.144036,0.493356,,,,,,,,,,,,-2.81941,-2.34473,2.58698,50,5.84958,-5.93831,-111.88795,-0.72451,-3.61894,17.81432,-35.18368,HP,LEX_LEG,HighPoint,Independent,ATL,20250822-HighPoint-1,9d6d99b0-7fb1-11f0-93aa-f3dbcec3603d,76.40011,,,5.05164,,,,,,,a31a5625-cd95-4fb6-9b78-3ca3a078fd38,2025-08-22,23:42:06.86,2025-08-22T19:42:06.8609536-04:00,2025-08-22T23:42:06.8609536Z,,v3,5431,495,,"Napleton, Luke",813847,Right,HP,154293d5-b661-4723-8d2d-9e312d92a368,54.8289,-112.65417,8.90716,5.8482,0.78878,-17.59184,2.83905,-5.78266,-1.80947,,,,,,,,,,,,,,,,,,,,,,,,,,,,,,,,,,,,,,,,,,,,,,,,,,,High,High,High,,,,,
112,2025-08-22,19:42:20.77,1,2,"Barker, Alex",1000106691,Left,HP,"Dixon, Brenden",686981,Right,LEX_LEG,Undefined,5,Top,0,0,1,Curveball,Curveball,BallCalled,Undefined,Undefined,Undefined,0,0,,76.1854,1.713501,3.435914,2403.728058,307.225186,4:15,5.83948,-2.79164,5.64674,-52.54168,-4.27362,7.36922,3.06266,1.03122,70.75472,-7.8454,4.748415,0.500036,,,,,,,,,,,,-2.87217,-2.16327,2.49509,50,5.95157,-6.91096,-110.57683,1.62064,-3.58948,17.98597,-34.87757,HP,LEX_LEG,HighPoint,Independent,ATL,20250822-HighPoint-1,a5bc37c0-7fb1-11f0-93aa-f3dbcec3603d,75.37945,,,5.43068,,,,,,,a31a5625-cd95-4fb6-9b78-3ca3a078fd38,2025-08-22,23:42:20.77,2025-08-22T19:42:20.7741952-04:00,2025-08-22T23:42:20.7741952Z,,v3,5431,495,,"Napleton, Luke",813847,Right,HP,1e1bdd23-3704-4b9c-b1dc-1d8a4f8f46dd,54.85542,-111.36379,8.99298,5.84728,3.14668,-17.43879,2.79404,-6.75391,-1.79474,,,,,,,,,,,,,,,,,,,,,,,,,,,,,,,,,,,,,,,,,,,,,,,,,,,High,High,High,,,,,
113,2025-08-22,19:42:36.50,1,3,"Barker, Alex",1000106691,Left,HP,"Dixon, Brenden",686981,Right,LEX_LEG,Undefined,5,Top,0,1,1,Fastball,Four-Seam,FoulBallNotFieldable,Undefined,Undefined,Undefined,0,0,,87.64325,-0.335611,3.028273,2155.873676,155.14752,11:15,5.72855,-3.10777,5.71965,-23.45777,12.83717,-5.46721,3.46067,-0.73991,80.87375,-4.695941,2.052234,0.433605,,,,,,,,,,,,3.5513,6.94244,2.85801,50,5.68592,-6.5076,-127.27924,-1.52324,5.88709,23.54304,-20.66541,HP,LEX_LEG,HighPoint,Independent,ATL,20250822-HighPoint-1,af09cf40-7fb1-11f0-93aa-f3dbcec3603d,86.92798,,,6.7695,,,,,,,a31a5625-cd95-4fb6-9b78-3ca3a078fd38,2025-08-22,23:42:36.50,2025-08-22T19:42:36.5064192-04:00,2025-08-22T23:42:36.5064192Z,,v3,5431,495,,"Napleton, Luke",813847,Right,HP,b0a11241-0ae3-4414-bd33-7da07c4f3c86,54.78089,-128.16052,11.77152,5.72846,-0.74968,-10.33271,3.10573,-6.72797,2.94354,,,,,,,,,,,,,,,,,,,,,,,,,,,,,,,,,,,,,,,,,,,,,,,,,,,High,High,High,,,,,
114,2025-08-22,19:43:00.57,1,4,"Barker, Alex",1000106691,Left,HP,"Dixon, Brenden",686981,Right,LEX_LEG,Undefined,5,Top,0,1,2,Slider,Slider,InPlay,Undefined,Popup,Out,1,0,,82.67946,0.618235,1.972169,2348.581443,267.573233,3:00,5.76786,-2.91194,5.52573,-39.77817,1.74327,10.49308,3.03136,-0.19305,75.77016,-6.665859,3.841103,0.463775,86.58233,60.696726,-4.474447,,109.44889,150.06198,10.99676,175.81047,175.13658,7.66566,6.201444,-4.76685,1.06362,2.7331,50,5.79495,-4.55556,-120.00644,-0.08202,-6.93269,23.81189,-30.62716,HP,LEX_LEG,HighPoint,Independent,ATL,20250822-HighPoint-1,bd6ef5b0-7fb1-11f0-93aa-f3dbcec3603d,81.27308,151.65386,,6.9093,,,,1.46009,3.1795,0.26128,a31a5625-cd95-4fb6-9b78-3ca3a078fd38,2025-08-22,23:43:00.57,2025-08-22T19:43:00.5742592-04:00,2025-08-22T23:43:00.5742592Z,Popup,v3,5431,495,,"Napleton, Luke",813847,Right,HP,9ca18ac1-c3cf-4698-a44a-a5f6ff1724fd,54.97463,-120.9895,11.90595,5.77223,1.1824,-15.31358,2.91526,-4.26935,-3.46635,190.589115,1.43375,62.37415,-22.05693,8.54174,-2.77408,0.68851,-0.10919,0.00945,-0.00034,3.15745,111.19144,-27.60382,5.2548,-2.38777,0.8716,-0.1851,0.01993,-0.00085,0.26997,-4.99996,7.27852,-3.40558,1.2639,-0.35162,0.0618,-0.00588,0.00023,,,,,,,,,,,,,,,,,,,,,,,High,High,High,High,Medium,,,
115,2025-08-22,19:43:35.07,2,1,"Barker, Alex",1000106691,Left,HP,"Fuentes, Brian",1000059283,Right,LEX_LEG,Undefined,5,Top,1,0,0,Curveball,Curveball,BallCalled,Undefined,Undefined,Undefined,0,0,,76.61165,2.437084,0.307143,2308.948633,298.358589,4:00,5.80317,-2.87039,5.53341,-52.80463,-5.08634,11.8282,3.68225,-1.59761,71.07382,-7.173888,2.416554,0.49718,,,,,,,,,,,,-5.87551,-2.71063,2.8358,50,5.97962,-1.04731,-111.3569,2.98496,-7.46189,17.85907,-35.61651,HP,LEX_LEG,HighPoint,Independent,ATL,20250822-HighPoint-1,d2095010-7fb1-11f0-93aa-f3dbcec3603d,75.8124,,,5.53783,,,,,,,a31a5625-cd95-4fb6-9b78-3ca3a078fd38,2025-08-22,23:43:35.07,2025-08-22T19:43:35.0776320-04:00,2025-08-22T23:43:35.0776320Z,,v3,5431,495,,"Napleton, Luke",813847,Right,HP,26852684-1289-4e6e-8e9d-c8479601873a,54.96925,-112.15102,8.92953,5.81168,4.56868,-17.80826,2.87499,-0.71551,-3.73095,,,,,,,,,,,,,,,,,,,,,,,,,,,,,,,,,,,,,,,,,,,,,,,,,,,High,High,High,,,,,
116,2025-08-22,19:43:49.44,2,2,"Barker, Alex",1000106691,Left,HP,"Fuentes, Brian",1000059283,Right,LEX_LEG,Undefined,5,Top,1,1,0,Fastball,Cutter,BallCalled,Undefined,Undefined,Undefined,0,0,,87.06536,0.267377,3.83581,2173.29121,188.433096,12:15,5.73992,-2.89695,5.59946,-27.96285,9.0063,1.18374,3.65987,0.78814,80.51787,-4.878017,4.046215,0.437614,,,,,,,,,,,,0.33445,4.82236,2.56712,50,5.74467,-8.51915,-126.31676,-0.38232,0.54693,22.79941,-24.28779,HP,LEX_LEG,HighPoint,Independent,ATL,20250822-HighPoint-1,da89ac80-7fb1-11f0-93aa-f3dbcec3603d,86.13169,,,6.54749,,,,,,,a31a5625-cd95-4fb6-9b78-3ca3a078fd38,2025-08-22,23:43:49.44,2025-08-22T19:43:49.4452224-04:00,2025-08-22T23:43:49.4452224Z,,v3,5431,495,,"Napleton, Luke",813847,Right,HP,f43f7c95-2259-49d0-bdb1-afc6cc14c496,54.90039,-127.19818,11.39971,5.7413,0.55664,-12.1439,2.89688,-8.5403,0.27346,,,,,,,,,,,,,,,,,,,,,,,,,,,,,,,,,,,,,,,,,,,,,,,,,,,High,High,High,,,,,
117,2025-08-22,19:44:07.05,2,3,"Barker, Alex",1000106691,Left,HP,"Fuentes, Brian",1000059283,Right,LEX_LEG,Undefined,5,Top,1,2,0,Curveball,Curveball,StrikeCalled,Undefined,Undefined,Undefined,0,0,,75.58752,1.943914,0.913634,2312.050472,302.422627,4:00,5.74337,-2.86696,5.48119,-56.07676,-6.9754,13.06946,2.89008,-0.92292,70.33271,-8.227916,3.24319,0.504334,,,,,,,,,,,,-6.35563,-3.55055,2.77778,50,5.87566,-2.24244,-109.90284,1.87618,-7.85821,17.48986,-36.56401,HP,LEX_LEG,HighPoint,Independent,ATL,20250822-HighPoint-1,e5154240-7fb1-11f0-93aa-f3dbcec3603d,74.73707,,,5.25481,,,,,,,a31a5625-cd95-4fb6-9b78-3ca3a078fd38,2025-08-22,23:44:07.05,2025-08-22T19:44:07.0576128-04:00,2025-08-22T23:44:07.0576128Z,,v3,5431,495,,"Napleton, Luke",813847,Right,HP,18166be9-cea6-4f34-8717-648a833b514c,55.02249,-110.69924,8.74493,5.75233,3.5411,-18.28201,2.87175,-1.88462,-3.9291,,,,,,,,,,,,,,,,,,,,,,,,,,,,,,,,,,,,,,,,,,,,,,,,,,,High,High,High,,,,,
118,2025-08-22,19:44:22.65,2,4,"Barker, Alex",1000106691,Left,HP,"Fuentes, Brian",1000059283,Right,LEX_LEG,Undefined,5,Top,1,2,1,Slider,Slider,FoulBallNotFieldable,Undefined,Undefined,Undefined,0,0,,82.79824,-0.370969,3.367979,2312.40965,270.890288,3:00,5.76643,-2.90863,5.51202,-40.43443,1.26343,6.42989,2.04939,0.78029,75.71708,-7.755869,4.511316,0.46476,,,,,,,,,,,,-2.26536,1.10224,2.61013,50,5.70673,-7.31971,-119.99009,-2.17979,-3.27802,24.83722,-30.57906,HP,LEX_LEG,HighPoint,Independent,ATL,20250822-HighPoint-1,ee4f51c0-7fb1-11f0-93aa-f3dbcec3603d,81.10094,,,7.08116,,,,,,,a31a5625-cd95-4fb6-9b78-3ca3a078fd38,2025-08-22,23:44:22.65,2025-08-22T19:44:22.6529792-04:00,2025-08-22T23:44:22.6529792Z,,v3,5431,495,,"Napleton, Luke",813847,Right,HP,405047ff-e14f-48e3-b37d-350215a86596,54.9881,-121.01819,12.41861,5.77076,-0.91401,-15.28953,2.91031,-7.18402,-1.63901,,,,,,,,,,,,,,,,,,,,,,,,,,,,,,,,,,,,,,,,,,,,,,,,,,,High,High,High,,,,,
119,2025-08-22,19:44:43.42,2,5,"Barker, Alex",1000106691,Left,HP,"Fuentes, Brian",1000059283,Right,LEX_LEG,Undefined,5,Top,1,2,2,ChangeUp,Changeup,FoulBallNotFieldable,Undefined,Undefined,Undefined,0,0,,84.23765,-0.893228,4.015148,1435.100909,154.180924,11:15,5.56087,-2.98202,5.58688,-28.30072,12.08446,-5.1637,2.36625,0.34322,76.35737,-6.155531,3.09695,0.457386,88.41056,-13.117193,-68.513129,,,,,12.47495,3.32689,-56.440532,0.085051,3.87827,6.79693,2.6402,50,5.46576,-8.34604,-121.90811,-2.82868,5.77295,26.39679,-22.05656,HP,LEX_LEG,HighPoint,Independent,ATL,20250822-HighPoint-1,fab48980-7fb1-11f0-93aa-f3dbcec3603d,82.40846,2.50807,,7.88028,,,,2.95377,2.50807,-0.38041,a31a5625-cd95-4fb6-9b78-3ca3a078fd38,2025-08-22,23:44:43.42,2025-08-22T19:44:43.4238976-04:00,2025-08-22T23:44:43.4238976Z,GroundBall,v3,5431,495,,"Napleton, Luke",813847,Right,HP,25a7d7c7-3bbf-4497-adf8-c9677077273f,54.91152,-122.96701,13.1984,5.56148,-1.94389,-11.02828,2.97965,-8.57762,2.88648,,2.95245,46.35336,,,,,,,,2.50891,-29.48889,,,,,,,,-0.37705,-117.75397,,,,,,,,,,,,,,,,,,,,,,,,,,,,,,High,High,High,Low,Low,,,
120,2025-08-22,19:45:04.60,2,6,"Barker, Alex",1000106691,Left,HP,"Fuentes, Brian",1000059283,Right,LEX_LEG,Undefined,5,Top,1,2,2,Fastball,Four-Seam,FoulBallNotFieldable,Undefined,Undefined,Undefined,0,0,,88.5252,-1.400381,4.512699,2236.475513,143.941159,10:45,5.6227,-3.02248,5.72907,-24.45253,11.52178,-7.57032,2.27645,0.55819,81.15019,-5.940003,3.164265,0.431686,94.76752,-11.286399,-80.140502,,,,,14.29059,9.77187,-69.771684,0.099754,5.11229,6.58394,2.65025,50,5.49049,-9.8039,-128.21605,-3.96477,8.52901,25.96074,-21.18982,HP,LEX_LEG,HighPoint,Independent,ATL,20250822-HighPoint-1,07576680-7fb2-11f0-93aa-f3dbcec3603d,87.31457,2.71873,,7.375,,,,2.60848,2.71873,0.01237,a31a5625-cd95-4fb6-9b78-3ca3a078fd38,2025-08-22,23:45:04.60,2025-08-22T19:45:04.6040576-04:00,2025-08-22T23:45:04.6040576Z,GroundBall,v3,5431,495,,"Napleton, Luke",813847,Right,HP,c40c5f50-10e1-4061-8542-684891abdc2a,54.77117,-129.17849,12.98037,5.62291,-3.17921,-10.59491,3.01957,-10.12009,4.26451,,2.60777,23.38408,,,,,,,,2.71956,-27.25431,,,,,,,,0.01647,-134.54623,,,,,,,,,,,,,,,,,,,,,,,,,,,,,,High,High,High,Low,Low,,,
121,2025-08-22,19:45:31.76,2,7,"Barker, Alex",1000106691,Left,HP,"Fuentes, Brian",1000059283,Right,LEX_LEG,Undefined,5,Top,1,2,2,Curveball,Curveball,FoulBallNotFieldable,Undefined,Undefined,Undefined,0,0,,77.54747,-0.259596,1.630799,2443.933238,298.947783,4:00,5.83407,-2.71107,5.16151,-53.10578,-5.45315,12.42701,1.16415,-0.1401,71.84284,-9.818898,3.83526,0.496838,71.40724,-27.713164,-78.06685,,,,,3.78052,2.49011,-37.257149,0.027468,-5.80374,-2.30036,2.54881,50,5.76862,-3.68991,-112.61276,-2.36097,-7.45818,20.31295,-35.13015,HP,LEX_LEG,HighPoint,Independent,ATL,20250822-HighPoint-1,178d5550-7fb2-11f0-93aa-f3dbcec3603d,75.86463,1.34031,,5.70464,,,,2.48144,1.34031,0.20765,a31a5625-cd95-4fb6-9b78-3ca3a078fd38,2025-08-22,23:45:31.76,2025-08-22T19:45:31.7611008-04:00,2025-08-22T23:45:31.7611008Z,GroundBall,v3,5431,495,,"Napleton, Luke",813847,Right,HP,1e01e02b-b189-42af-a64e-5577ebc055b6,55.34129,-113.57213,10.15648,5.84094,-0.70179,-17.56508,2.71477,-3.33766,-3.72909,,2.48129,19.20673,,,,,,,,1.34071,-48.79516,,,,,,,,0.2084,-90.88184,,,,,,,,,,,,,,,,,,,,,,,,,,,,,,High,High,High,Estimated,Estimated,,,
122,2025-08-22,19:45:53.01,2,8,"Barker, Alex",1000106691,Left,HP,"Fuentes, Brian",1000059283,Right,LEX_LEG,Undefined,5,Top,1,2,2,Fastball,Cutter,StrikeSwinging,Strikeout,Undefined,Undefined,0,0,,88.40482,-0.221384,2.861727,2292.957578,173.568116,11:45,5.71037,-3.09941,5.60003,-23.4573,12.61083,-1.29811,3.54866,-0.5337,81.06096,-4.58405,2.630507,0.432248,,,,,,,,,,,,1.41886,6.78221,2.85496,50,5.67628,-6.35535,-128.2671,-1.2917,2.37333,25.5294,-20.82948,HP,LEX_LEG,HighPoint,Independent,ATL,20250822-HighPoint-1,2434ed40-7fb2-11f0-93aa-f3dbcec3603d,87.20091,,,7.34386,,,,,,,a31a5625-cd95-4fb6-9b78-3ca3a078fd38,2025-08-22,23:45:53.01,2025-08-22T19:45:53.0180000-04:00,2025-08-22T23:45:53.0180000Z,,v3,5431,495,,"Napleton, Luke",813847,Right,HP,4698fefb-98c8-4da0-9c10-9c9b2a1e4e11,54.89819,-129.23832,12.7647,5.71034,-0.49927,-10.41474,3.09846,-6.44564,1.18666,,,,,,,,,,,,,,,,,,,,,,,,,,,,,51.22342,2.543176,1.026867,1.516309,-1.954,3.26889,0.37927,-4.17111,6.83136,1.5071,69.93068,12.23746,-55.00117,-3.97353,55.09003,-4.16458,7.03428,26.24188,-15.01202,1.43917,-40.33454,2.04491,High,High,High,,,High,Medium,High
123,2025-08-22,19:46:21.10,3,1,"Barker, Alex",1000106691,Left,HP,"Huntzinger, Jerry",694255,Right,LEX_LEG,Undefined,5,Top,2,0,0,Curveball,Curveball,BallCalled,Undefined,Undefined,Undefined,0,0,,76.7659,0.204056,2.986661,2381.330917,306.622907,4:15,5.80885,-2.8202,5.3149,-54.31905,-6.21552,10.14052,1.47405,0.83054,71.5864,-9.576864,4.786248,0.499183,,,,,,,,,,,,-4.33681,-2.76126,2.54173,50,5.78772,-6.20437,-111.47533,-1.45548,-5.50194,18.49906,-35.67719,HP,LEX_LEG,HighPoint,Independent,ATL,20250822-HighPoint-1,34f89d20-7fb2-11f0-93aa-f3dbcec3603d,75.50823,,,5.1795,,,,,,,a31a5625-cd95-4fb6-9b78-3ca3a078fd38,2025-08-22,23:46:21.10,2025-08-22T19:46:21.1083776-04:00,2025-08-22T23:46:21.1083776Z,,v3,5431,495,,"Napleton, Luke",813847,Right,HP,a5d668fb-8689-40c1-95e0-a96064e32c5f,55.18814,-112.33299,9.24953,5.81686,0.1986,-17.83859,2.82346,-5.94929,-2.75097,,,,,,,,,,,,,,,,,,,,,,,,,,,,,,,,,,,,,,,,,,,,,,,,,,,High,High,High,,,,,
124,2025-08-22,19:46:38.74,3,2,"Barker, Alex",1000106691,Left,HP,"Huntzinger, Jerry",694255,Right,LEX_LEG,Undefined,5,Top,2,1,0,Slider,Slider,StrikeSwinging,Undefined,Undefined,Undefined,0,0,,83.81032,-1.307113,4.313254,2292.652707,199.104898,12:45,5.74556,-2.90017,5.54266,-34.86809,5.30992,1.43941,1.6146,1.25851,77.64696,-7.659716,4.568864,0.456211,,,,,,,,,,,,0.36626,3.37469,2.52476,50,5.60872,-9.219,-121.4556,-3.98723,0.55176,21.8966,-27.09034,HP,LEX_LEG,HighPoint,Independent,ATL,20250822-HighPoint-1,3f75db00-7fb2-11f0-93aa-f3dbcec3603d,82.62068,,,6.16336,,,,,,,a31a5625-cd95-4fb6-9b78-3ca3a078fd38,2025-08-22,23:46:38.74,2025-08-22T19:46:38.7432448-04:00,2025-08-22T23:46:38.7432448Z,,v3,5431,495,,"Napleton, Luke",813847,Right,HP,8ecfe8dc-afd4-40d0-9d9f-b68f90d1d515,54.95751,-122.34609,10.9483,5.74847,-2.88551,-13.54517,2.90014,-9.24144,0.27588,,,,,,,,,,,,,,,,,,,,,,,,,,,,,,,,,,,,,,,,,,,,,,,,,,,High,High,High,,,,,
125,2025-08-22,19:46:55.65,3,3,"Barker, Alex",1000106691,Left,HP,"Huntzinger, Jerry",694255,Right,LEX_LEG,Undefined,5,Top,2,1,1,Slider,Slider,FoulBallNotFieldable,Undefined,Undefined,Undefined,0,0,,83.51542,-0.437803,3.220788,2355.736733,242.447906,2:00,5.68167,-3.04502,5.48585,-36.58337,3.83921,5.1617,2.2228,0.40159,77.34859,-7.104573,4.138197,0.457597,59.96832,53.232323,56.475832,5419.452155,44.91696,48.24624,100.41147,149.5517,109.24648,66.521716,3.774351,-1.80492,2.37638,2.7588,50,5.61817,-7.02933,-121.21706,-2.20594,-2.7078,21.85341,-28.60896,HP,LEX_LEG,HighPoint,Independent,ATL,20250822-HighPoint-1,49840360-7fb2-11f0-93aa-f3dbcec3603d,82.37031,60.2148,,6.16683,,,,2.20926,1.7901,-0.72411,a31a5625-cd95-4fb6-9b78-3ca3a078fd38,2025-08-22,23:46:55.65,2025-08-22T19:46:55.6573696-04:00,2025-08-22T23:46:55.6573696Z,Popup,v3,5431,495,,"Napleton, Luke",813847,Right,HP,4bd8a3c3-f275-4857-9ab2-99cdf2f5ef40,55.01527,-122.11788,10.92671,5.6848,-1.02664,-14.30448,3.04625,-6.91772,-1.3539,217.341987,2.22128,28.67178,-8.28816,-2.07996,5.98875,-4.13684,1.4182,-0.24194,0.01633,1.78682,70.53544,-25.10539,3.15689,-0.68288,0.02496,0.05982,-0.01864,0.0017,-0.72555,43.93081,-3.18882,0.80423,-0.53009,0.31302,-0.10582,0.01825,-0.00124,,,,,,,,,,,,,,,,,,,,,,,High,High,High,High,Medium,,,
126,2025-08-22,19:47:20.54,3,4,"Barker, Alex",1000106691,Left,HP,"Huntzinger, Jerry",694255,Right,LEX_LEG,Undefined,5,Top,2,1,2,Fastball,Four-Seam,FoulBallNotFieldable,Undefined,Undefined,Undefined,0,0,,90.03337,-1.098945,3.281694,2203.908496,149.070601,11:00,5.67136,-2.78825,5.66167,-23.16289,11.60867,-6.3076,2.71453,-0.25033,82.4865,-5.405239,2.156893,0.424408,73.5465,27.026121,42.161208,3656.215786,73.25118,36.9785,82.06209,220.61363,159.31034,54.207903,3.135192,4.11461,6.52111,2.51458,50,5.56366,-7.21577,-130.58138,-3.30532,7.11911,26.96493,-20.89116,HP,LEX_LEG,HighPoint,Independent,ATL,20250822-HighPoint-1,5859c5f0-7fb2-11f0-93aa-f3dbcec3603d,88.81183,37.23342,,7.54687,,,,1.09342,2.77888,0.34986,a31a5625-cd95-4fb6-9b78-3ca3a078fd38,2025-08-22,23:47:20.54,2025-08-22T19:47:20.5480448-04:00,2025-08-22T23:47:20.5480448Z,FlyBall,v3,5431,495,,"Napleton, Luke",813847,Right,HP,a602bc06-1f03-4722-bb16-b5601cd17454,54.83811,-131.57665,13.48246,5.67143,-2.53423,-10.44558,2.78576,-7.47854,3.55955,236.253384,1.09306,71.24075,-17.43518,4.64138,-1.36981,0.46125,-0.14038,0.02579,-0.00192,2.77915,49.00476,-18.95636,1.07909,0.12772,-0.16879,0.0666,-0.01172,0.00076,0.3497,64.50307,-2.28255,-0.38407,0.13653,0.03276,-0.03159,0.00813,-0.00072,,,,,,,,,,,,,,,,,,,,,,,High,High,High,High,Medium,,,
127,2025-08-22,19:47:41.53,3,5,"Barker, Alex",1000106691,Left,HP,"Huntzinger, Jerry",694255,Right,LEX_LEG,Undefined,5,Top,2,1,2,Slider,Slider,InPlay,Undefined,GroundBall,Out,1,0,,83.55594,-0.015295,2.8077,2320.31427,283.962235,3:30,5.82484,-2.81564,5.49495,-41.45727,-0.69079,7.92107,2.35574,0.47293,76.67228,-7.573777,4.216995,0.45954,81.81877,3.092873,-26.583281,1440.407788,,,,61.12743,59.98308,-26.815712,0.528033,-3.21331,0.00346,2.56424,50,5.79529,-6.2677,-121.20599,-1.50289,-4.76442,24.41656,-32.16893,HP,LEX_LEG,HighPoint,Independent,ATL,20250822-HighPoint-1,64dda940-7fb2-11f0-93aa-f3dbcec3603d,82.02218,2.91379,,6.88366,,,,1.97298,2.43775,-0.39741,a31a5625-cd95-4fb6-9b78-3ca3a078fd38,2025-08-22,23:47:41.53,2025-08-22T19:47:41.5350272-04:00,2025-08-22T23:47:41.5350272Z,GroundBall,v3,5431,495,,"Napleton, Luke",813847,Right,HP,8eb5f093-e967-4aba-82ea-f926fa9556af,55.00559,-122.21019,12.20828,5.8299,-0.17986,-16.08446,2.81799,-6.07176,-2.38221,33.251181,1.98525,106.84574,-13.84741,,,,,,,2.45428,6.0537,-20.32309,,,,,,,-0.3984,-53.597,4.03265,,,,,,,,,,,,,,,,,,,,,,,,,,,,,High,High,High,High,High,,,
128,2025-08-22,19:50:27.48,1,1,"Ferrer, Ben",829343,Right,LEX_LEG,"Napleton, Luke",813847,Right,HP,Undefined,5,Bottom,0,0,0,Slider,Curveball,StrikeSwinging,Undefined,Undefined,Undefined,0,0,,78.55689,0.798961,-1.82624,2481.950489,21.324319,6:45,5.83798,0.95843,4.89347,-51.01483,-3.80173,-2.08039,2.34293,-0.94299,71.95277,-8.401383,-2.193065,0.494541,,,,,,,,,,,,0.49382,-1.63866,-0.77761,50,5.8733,3.71859,-113.88718,-0.28804,0.64568,21.78357,-34.31669,HP,LEX_LEG,HighPoint,Independent,ATL,20250822-HighPoint-1,c7d3fb30-7fb2-11f0-93aa-f3dbcec3603d,76.21696,,,6.60412,,,,,,,a31a5625-cd95-4fb6-9b78-3ca3a078fd38,2025-08-22,23:50:27.48,2025-08-22T19:50:27.4811392-04:00,2025-08-22T23:50:27.4811392Z,,v3,5431,495,,"Huntzinger, Jerry",694255,Right,LEX_LEG,de08d2f0-cf5c-4c5c-b7e8-f1d7fb7370a9,55.60622,-114.9545,10.89179,5.84622,1.39335,-17.15834,-0.95903,3.68695,0.32284,,,,,,,,,,,,,,,,,,,,,,,,,,,,,,,,,,,,,,,,,,,,,,,,,,,High,High,High,,,,,
129,2025-08-22,19:50:45.68,1,2,"Ferrer, Ben",829343,Right,LEX_LEG,"Napleton, Luke",813847,Right,HP,Undefined,5,Bottom,0,0,1,ChangeUp,Changeup,BallCalled,Undefined,Undefined,Undefined,0,0,,83.37056,-1.388598,-4.141915,1983.56908,258.49736,2:30,5.64491,0.76882,5.5799,-35.97994,4.57524,16.52395,1.34608,-1.72922,77.00292,-7.964925,-1.19822,0.458347,,,,,,,,,,,,-9.42449,3.05512,-0.42303,50,5.50157,8.07867,-120.86303,-4.18032,-14.04374,21.92558,-27.6215,HP,LEX_LEG,HighPoint,Independent,ATL,20250822-HighPoint-1,d2adff10-7fb2-11f0-93aa-f3dbcec3603d,82.23554,,,6.36764,,,,,,,a31a5625-cd95-4fb6-9b78-3ca3a078fd38,2025-08-22,23:50:45.68,2025-08-22T19:50:45.6838144-04:00,2025-08-22T23:50:45.6838144Z,,v3,5431,495,,"Huntzinger, Jerry",694255,Right,LEX_LEG,ad86bb59-12b7-4212-9ffa-875018ff4b10,54.92108,-121.75248,10.96279,5.64843,-3.0598,-13.81075,-0.76231,8.64839,-7.02187,,,,,,,,,,,,,,,,,,,,,,,,,,,,,,,,,,,,,,,,,,,,,,,,,,,High,High,High,,,,,
130,2025-08-22,19:51:02.59,1,3,"Ferrer, Ben",829343,Right,LEX_LEG,"Napleton, Luke",813847,Right,HP,Undefined,5,Bottom,0,1,1,TwoSeamFastBall,Sinker,StrikeCalled,Undefined,Undefined,Undefined,0,0,,88.48222,-1.382107,-2.610368,2122.923658,236.694099,2:00,5.96753,0.58449,5.10521,-25.08131,11.57816,15.90182,2.57356,-0.5516,81.23402,-5.988427,0.201111,0.435777,,,,,,,,,,,,-8.60272,6.46646,-0.35123,50,5.81773,5.12198,-128.32437,-4.03317,-14.41249,25.38145,-21.34052,HP,LEX_LEG,HighPoint,Independent,ATL,20250822-HighPoint-1,dcb4ad60-7fb2-11f0-93aa-f3dbcec3603d,86.49473,,,7.2482,,,,,,,a31a5625-cd95-4fb6-9b78-3ca3a078fd38,2025-08-22,23:51:02.59,2025-08-22T19:51:02.5913344-04:00,2025-08-22T23:51:02.5913344Z,,v3,5431,495,,"Huntzinger, Jerry",694255,Right,LEX_LEG,e30dc25f-7d13-4695-b1fa-e93c3f9c2763,55.3946,-129.38697,12.69073,5.96787,-3.13973,-10.67026,-0.5783,5.72537,-7.20624,,,,,,,,,,,,,,,,,,,,,,,,,,,,,,,,,,,,,,,,,,,,,,,,,,,High,High,High,,,,,
131,2025-08-22,19:51:19.61,1,4,"Ferrer, Ben",829343,Right,LEX_LEG,"Napleton, Luke",813847,Right,HP,Undefined,5,Bottom,0,1,2,Slider,Curveball,BallCalled,Undefined,Undefined,Undefined,0,0,,79.88789,-1.016178,-2.386757,2697.9728,14.314669,6:30,5.79498,0.59166,5.00709,-51.90286,-7.06028,-2.11575,0.50961,-1.83889,74.61081,-10.293104,-2.761144,0.481966,,,,,,,,,,,,0.4587,-2.89217,-0.36063,50,5.65482,4.92222,-116.01146,-3.98269,0.63139,19.66072,-36.15518,HP,LEX_LEG,HighPoint,Independent,ATL,20250822-HighPoint-1,e6df5e70-7fb2-11f0-93aa-f3dbcec3603d,78.20553,,,5.27707,,,,,,,a31a5625-cd95-4fb6-9b78-3ca3a078fd38,2025-08-22,23:51:19.61,2025-08-22T19:51:19.6171264-04:00,2025-08-22T23:51:19.6171264Z,,v3,5431,495,,"Huntzinger, Jerry",694255,Right,LEX_LEG,d3fb7f0e-f5c2-4379-93b9-b9471a638202,55.49589,-116.93915,9.83036,5.80249,-2.27671,-18.07759,-0.59218,4.89243,0.3157,,,,,,,,,,,,,,,,,,,,,,,,,,,,,,,,,,,,,,,,,,,,,,,,,,,High,High,High,,,,,
132,2025-08-22,19:51:40.32,1,5,"Ferrer, Ben",829343,Right,LEX_LEG,"Napleton, Luke",813847,Right,HP,Undefined,5,Bottom,0,2,2,Slider,Curveball,BallCalled,Undefined,Undefined,Undefined,0,0,,80.21813,-0.595178,-1.540021,2649.238603,42.861377,7:30,5.78853,0.80549,5.03507,-50.83306,-5.92788,-6.80012,0.9907,-1.21446,73.96373,-9.735462,-2.744184,0.482303,,,,,,,,,,,,2.94103,-2.3548,-0.65269,50,5.69073,3.41312,-116.39917,-3.09243,4.02544,22.32869,-35.3971,HP,LEX_LEG,HighPoint,Independent,ATL,20250822-HighPoint-1,f340ecb0-7fb2-11f0-93aa-f3dbcec3603d,78.15102,,,6.2544,,,,,,,a31a5625-cd95-4fb6-9b78-3ca3a078fd38,2025-08-22,23:51:40.32,2025-08-22T19:51:40.3283968-04:00,2025-08-22T23:51:40.3283968Z,,v3,5431,495,,"Huntzinger, Jerry",694255,Right,LEX_LEG,f6e937ce-d00d-489f-95fd-bcd4b97c0898,55.466,-117.44302,11.16434,5.79662,-1.43764,-17.69855,-0.80785,3.22493,2.01272,,,,,,,,,,,,,,,,,,,,,,,,,,,,,,,,,,,,,,,,,,,,,,,,,,,High,High,High,,,,,
133,2025-08-22,19:52:02.64,1,6,"Ferrer, Ben",829343,Right,LEX_LEG,"Napleton, Luke",813847,Right,HP,Undefined,5,Bottom,0,3,2,Fastball,Four-Seam,FoulBallNotFieldable,Undefined,Undefined,Undefined,0,0,,88.93483,-0.802264,-1.994152,2237.129292,218.845189,1:15,5.84629,0.829,5.29204,-19.94143,16.52414,12.28827,3.43071,-0.02016,80.48941,-4.550237,0.185766,0.434623,92.07789,19.692256,35.224633,3731.101176,84.78579,31.06811,70.08091,258.68519,189.50285,45.184744,2.943219,-6.75548,8.88028,-0.65678,50,5.75921,3.92704,-128.88736,-2.47488,-11.26093,29.04877,-17.37128,HP,LEX_LEG,HighPoint,Independent,ATL,20250822-HighPoint-1,0081b760-7fb3-11f0-93aa-f3dbcec3603d,86.72442,32.9741,,8.44542,,,,0.73781,3.42457,0.06388,a31a5625-cd95-4fb6-9b78-3ca3a078fd38,2025-08-22,23:52:02.64,2025-08-22T19:52:02.6491392-04:00,2025-08-22T23:52:02.6491392Z,LineDrive,v3,5431,495,,"Huntzinger, Jerry",694255,Right,LEX_LEG,8b9e8925-b4f2-443e-aa02-203b5bf9d7d2,55.20542,-130.05528,14.52438,5.84467,-1.77646,-8.68564,-0.82377,4.37979,-5.63046,242.090492,0.73784,103.86595,-25.4438,6.68736,-1.54316,0.25158,-0.01715,-0.00353,0.0007,3.42452,45.50909,-19.20653,1.42632,-0.16278,0.06056,-0.03102,0.00906,-0.00101,0.06388,73.33748,-2.76285,-1.34489,0.7479,-0.25946,0.0674,-0.01154,0.00094,,,,,,,,,,,,,,,,,,,,,,,High,High,High,High,Medium,,,
134,2025-08-22,19:52:45.61,1,7,"Ferrer, Ben",829343,Right,LEX_LEG,"Napleton, Luke",813847,Right,HP,Undefined,5,Bottom,0,3,2,TwoSeamFastBall,Sinker,FoulBallNotFieldable,Undefined,Undefined,Undefined,0,0,,89.59994,0.348015,-2.688845,2158.50133,245.847444,2:15,5.69478,0.79207,5.20781,-26.78529,8.82422,17.24761,3.79032,-0.30115,82.05828,-4.576959,0.364746,0.429491,94.3796,31.780467,35.309057,3613.408488,84.44689,64.07591,70.48888,347.30314,188.96113,48.864821,5.012063,-9.35729,4.63292,-0.55691,50,5.70696,5.31894,-130.00341,-0.22156,-16.07642,26.26175,-24.21439,HP,LEX_LEG,HighPoint,Independent,ATL,20250822-HighPoint-1,1a2521c0-7fb3-11f0-93aa-f3dbcec3603d,87.76068,85.52325,,7.54167,,,,1.06086,4.53056,0.92043,a31a5625-cd95-4fb6-9b78-3ca3a078fd38,2025-08-22,23:52:45.61,2025-08-22T19:52:45.6176128-04:00,2025-08-22T23:52:45.6176128Z,FlyBall,v3,5431,495,,"Huntzinger, Jerry",694255,Right,LEX_LEG,48e083ab-89db-40c4-8e72-920618c2d2c4,55.29284,-131.06824,13.13088,5.69603,0.76026,-12.10719,-0.78579,5.97079,-8.03821,216.304297,1.064,95.95977,-23.82496,5.62394,-1.01943,0.14273,-0.02001,0.00273,-0.00018,4.53156,72.87481,-18.17803,0.7269,0.23018,-0.18118,0.05589,-0.00798,0.00043,0.92166,67.98817,-5.18027,0.37734,0.11468,-0.06016,0.01276,-0.00126,5E-05,,,,,,,,,,,,,,,,,,,,,,,High,High,High,Medium,Low,,,
135,2025-08-22,19:53:14.61,1,8,"Ferrer, Ben",829343,Right,LEX_LEG,"Napleton, Luke",813847,Right,HP,Undefined,5,Bottom,0,3,2,Cutter,Slider,FoulBallNotFieldable,Undefined,Undefined,Undefined,0,0,,84.35084,-1.309087,-1.689308,2424.554445,188.140757,12:15,5.80619,0.70941,5.5804,-33.19856,6.04394,0.71035,1.81632,-0.80954,78.41562,-7.375983,-1.562465,0.450868,54.11607,-58.46771,-102.446629,,,,,2.52361,2.65055,-12.536887,0.034612,-0.77201,3.68508,-0.5646,50,5.67154,3.58787,-122.61199,-3.9472,-1.19024,21.34026,-26.49251,HP,LEX_LEG,HighPoint,Independent,ATL,20250822-HighPoint-1,2b6c8090-7fb3-11f0-93aa-f3dbcec3603d,83.59965,2.35523,,5.93522,,,,2.7749,2.35523,0.86335,a31a5625-cd95-4fb6-9b78-3ca3a078fd38,2025-08-22,23:53:14.61,2025-08-22T19:53:14.6138112-04:00,2025-08-22T23:53:14.6138112Z,GroundBall,v3,5431,495,,"Huntzinger, Jerry",694255,Right,LEX_LEG,00f49e23-66ad-4fb4-ac23-a2c7a38e34b8,54.92132,-123.46556,10.67013,5.80823,-2.88755,-13.24625,-0.70906,3.63548,-0.59512,,2.7752,-8.99879,,,,,,,,2.35743,-68.04681,,,,,,,,0.86467,-40.77062,,,,,,,,,,,,,,,,,,,,,,,,,,,,,,High,High,High,Low,Low,,,
136,2025-08-22,19:53:40.44,1,9,"Ferrer, Ben",829343,Right,LEX_LEG,"Napleton, Luke",813847,Right,HP,Undefined,5,Bottom,0,3,2,Cutter,Slider,InPlay,Undefined,Popup,Out,1,0,,82.47146,0.236465,-0.807518,2482.46103,142.297332,10:45,5.77687,0.771,5.3479,-38.50396,2.8328,-1.32591,2.79003,-0.09698,76.62828,-6.768498,-1.043305,0.462743,91.67102,59.662087,16.77159,,100.75184,165.68137,44.14822,,184.57176,,,0.4787,1.67465,-0.69728,50,5.77022,1.74384,-119.92672,-0.86938,0.70671,20.2118,-29.7017,HP,LEX_LEG,HighPoint,Independent,ATL,20250822-HighPoint-1,3acd4510-7fb3-11f0-93aa-f3dbcec3603d,81.45442,165.78275,,5.84318,,,,1.57434,2.93369,0.17675,a31a5625-cd95-4fb6-9b78-3ca3a078fd38,2025-08-22,23:53:40.44,2025-08-22T19:53:40.4498944-04:00,2025-08-22T23:53:40.4498944Z,,v3,5431,495,,"Huntzinger, Jerry",694255,Right,LEX_LEG,1e27cb25-6897-4ce5-8b87-2683fd2e0ce7,55.15393,-120.79221,10.1059,5.78021,0.40248,-14.85085,-0.77131,1.71357,0.35335,186.603834,1.55941,65.21848,-23.94874,8.24679,-2.15963,0.41754,-0.05152,0.00338,-9E-05,2.89026,116.77211,-28.27641,5.75121,-2.54998,0.85525,-0.16749,0.01685,-0.00067,0.17606,19.5975,-3.30647,0.87131,-0.1349,0.00161,0.00382,-0.00064,3E-05,,,,,,,,,,,,,,,,,,,,,,,High,High,High,Medium,Undefined,,,
137,2025-08-22,19:54:18.37,2,1,"Ferrer, Ben",829343,Right,LEX_LEG,"Longhi, Nick",641802,Right,HP,Undefined,5,Bottom,1,0,0,TwoSeamFastBall,Sinker,InPlay,Undefined,LineDrive,Single,0,0,,89.29983,-1.095932,-2.307995,2165.561905,242.253942,2:00,5.72983,0.77833,5.17947,-25.68702,10.07567,17.13265,2.5571,0.03323,82.22058,-5.807128,0.726257,0.430414,80.18714,19.691979,17.304654,2916.847639,102.70563,28.142,39.38828,237.13935,237.13935,25.409667,2.900372,-9.19414,5.62681,-0.57742,50,5.6084,4.45166,-129.63006,-3.44727,-15.75777,25.26036,-22.53025,HP,LEX_LEG,HighPoint,Independent,ATL,20250822-HighPoint-1,516e44e0-7fb3-11f0-93aa-f3dbcec3603d,87.5725,28.85894,,7.07926,,,,1.06412,2.55121,-0.02927,a31a5625-cd95-4fb6-9b78-3ca3a078fd38,2025-08-22,23:54:18.37,2025-08-22T19:54:18.3749120-04:00,2025-08-22T23:54:18.3749120Z,LineDrive,v3,5431,495,,"Huntzinger, Jerry",694255,Right,LEX_LEG,d8540274-e923-4bda-abe9-c7586095dabf,55.32181,-130.66298,12.63018,5.73052,-2.52598,-11.26512,-0.77263,5.09601,-7.87888,230.084656,1.06406,105.71961,-17.70611,3.73743,-0.77087,0.12635,-0.0119,-0.00114,0.00039,2.55123,39.62919,-15.77171,0.64995,-0.02931,0.0263,-0.01963,0.00711,-0.00092,-0.02928,32.93707,2.79426,-1.52717,0.49281,-0.11696,0.02166,-0.0026,0.00014,,,,,,,,,,,,,,,,,,,,,,,High,High,High,High,High,,,
138,2025-08-22,19:55:03.84,3,1,"Ferrer, Ben",829343,Right,LEX_LEG,"Brewer, Aidan",1000132240,Right,HP,Undefined,5,Bottom,1,0,0,TwoSeamFastBall,Sinker,StrikeCalled,Undefined,Undefined,Undefined,0,0,,89.46081,-1.914489,-1.783828,2107.826111,235.410745,1:45,5.82379,0.58465,5.29663,-23.40946,12.49225,16.37261,2.07399,0.27369,81.50011,-6.250295,1.123567,0.43125,,,,,,,,,,,,-8.67453,7.16894,-0.43459,50,5.63283,3.28176,-129.67515,-5.177,-14.70403,28.25804,-20.02208,HP,LEX_LEG,HighPoint,Independent,ATL,20250822-HighPoint-1,6c82cb70-7fb3-11f0-93aa-f3dbcec3603d,87.40276,,,7.96071,,,,,,,a31a5625-cd95-4fb6-9b78-3ca3a078fd38,2025-08-22,23:55:03.84,2025-08-22T19:55:03.8469120-04:00,2025-08-22T23:55:03.8469120Z,,v3,5431,495,,"Huntzinger, Jerry",694255,Right,LEX_LEG,d3878a42-3f51-421a-9864-9228491d140d,55.20125,-130.80366,14.12902,5.82362,-4.3774,-10.01104,-0.57738,3.86898,-7.35201,,,,,,,,,,,,,,,,,,,,,,,,,,,,,,,,,,,,,,,,,,,,,,,,,,,High,High,High,,,,,
139,2025-08-22,19:55:20.34,3,2,"Ferrer, Ben",829343,Right,LEX_LEG,"Brewer, Aidan",1000132240,Right,HP,Undefined,5,Bottom,1,0,1,TwoSeamFastBall,Sinker,InPlay,Undefined,GroundBall,Out,2,0,6-4-3 dp,89.05438,-1.200459,-1.652289,2170.988008,243.165378,2:00,5.70873,0.71318,5.29036,-27.8086,8.25465,14.04257,2.2635,0.33148,81.48787,-6.309176,0.841601,0.432219,102.19981,-12.766528,-7.414848,,,,,11.83539,11.13,-8.013194,0.07061,-7.53933,4.8037,-0.57353,50,5.57916,3.10046,-129.2228,-3.74412,-12.73555,27.17777,-24.05957,HP,LEX_LEG,HighPoint,Independent,ATL,20250822-HighPoint-1,765b64e0-7fb3-11f0-93aa-f3dbcec3603d,87.2068,2.34216,,7.56651,,,,1.46927,2.34216,-0.31585,a31a5625-cd95-4fb6-9b78-3ca3a078fd38,2025-08-22,23:55:20.34,2025-08-22T19:55:20.3448320-04:00,2025-08-22T23:55:20.3448320Z,GroundBall,v3,5431,495,,"Huntzinger, Jerry",694255,Right,LEX_LEG,304698fc-8f6f-4a21-bfff-26a76916ec55,55.20979,-130.3139,13.58888,5.71009,-2.77821,-12.02979,-0.70827,3.61175,-6.36778,180,1.46694,145.17064,,,,,,,,2.34269,-33.17016,,,,,,,,-0.31555,-18.89263,,,,,,,,,,,,,,,,,,,,,,,,,,,,,,High,High,High,High,High,,,
140,2025-08-22,19:58:07.12,1,1,"Halbohn, Kyle",670590,Right,HP,"Atwood, Andy",664762,Right,LEX_LEG,Undefined,6,Top,0,0,0,Fastball,Changeup,BallCalled,Undefined,Undefined,Undefined,0,0,,85.1361,-0.217488,-2.443818,2110.807233,215.446721,1:15,6.26975,1.97099,5.42831,-26.77801,12.39068,7.95473,3.83437,0.34366,77.97845,-5.175917,-1.029792,0.450444,,,,,,,,,,,,-4.64551,6.66481,-1.75986,50,6.23208,4.92901,-123.51689,-1.38068,-7.19751,23.93466,-21.84794,HP,LEX_LEG,HighPoint,Independent,ATL,20250822-HighPoint-1,d9c70de0-7fb3-11f0-93aa-f3dbcec3603d,83.67837,,,7.15765,,,,,,,a31a5625-cd95-4fb6-9b78-3ca3a078fd38,2025-08-22,23:58:07.12,2025-08-22T19:58:07.1266816-04:00,2025-08-22T23:58:07.1266816Z,,v3,5431,495,,"Napleton, Luke",813847,Right,HP,fbddea57-f4f5-468d-87d2-d9a3d2952678,55.06956,-124.49538,11.96733,6.27027,-0.48751,-10.92397,-1.96738,5.22325,-3.59875,,,,,,,,,,,,,,,,,,,,,,,,,,,,,,,,,,,,,,,,,,,,,,,,,,,High,High,High,,,,,
141,2025-08-22,19:58:21.33,1,2,"Halbohn, Kyle",670590,Right,HP,"Atwood, Andy",664762,Right,LEX_LEG,Undefined,6,Top,0,1,0,Fastball,Four-Seam,FoulBallNotFieldable,Undefined,Undefined,Undefined,0,0,,85.16465,-0.817571,-2.616305,2004.111879,206.527143,1:00,6.19621,2.05757,5.59372,-25.65478,13.42662,6.0689,3.2941,0.11878,77.74124,-5.594546,-1.534374,0.449942,74.97546,2.229126,174.309598,,,,,64.34703,44.0013,177.428442,0.632801,-3.82874,7.41087,-1.83715,50,6.10952,5.39242,-123.52042,-2.6025,-5.90167,25.13142,-20.75086,HP,LEX_LEG,HighPoint,Independent,ATL,20250822-HighPoint-1,e2423a30-7fb3-11f0-93aa-f3dbcec3603d,83.77178,3.64889,,7.42341,,,,0.61891,3.35673,-0.30107,a31a5625-cd95-4fb6-9b78-3ca3a078fd38,2025-08-22,23:58:21.33,2025-08-22T19:58:21.3357568-04:00,2025-08-22T23:58:21.3357568Z,GroundBall,v3,5431,495,,"Napleton, Luke",813847,Right,HP,e609fb95-2ffc-4c44-9dc6-389465853497,54.9049,-124.51437,12.56571,6.19622,-1.7818,-10.37543,-2.05503,5.62583,-2.95084,,0.60713,-109.0895,10.373,,,,,,,3.36718,4.05651,-14.84415,,,,,,,-0.28036,10.45303,-8.65698,,,,,,,,,,,,,,,,,,,,,,,,,,,,,High,High,High,Medium,Medium,,,
142,2025-08-22,19:58:38.56,1,3,"Halbohn, Kyle",670590,Right,HP,"Atwood, Andy",664762,Right,LEX_LEG,Undefined,6,Top,0,1,1,Splitter,Curveball,InPlay,Undefined,FlyBall,Double,0,0,,72.59911,1.458694,-1.31316,2931.571378,324.128557,4:45,6.60622,1.70596,5.29346,-57.31133,-2.74315,3.29091,3.20055,0.74701,66.42948,-8.968222,-0.728266,0.531669,107.19068,13.534945,-16.671267,5794.723122,105.96437,24.28068,-29.52009,310.01639,309.40237,-13.59319,2.976038,-2.05295,-1.35114,-1.58899,50,6.69684,2.29384,-105.30805,0.85728,-2.28776,19.15789,-33.67972,HP,LEX_LEG,HighPoint,Independent,ATL,20250822-HighPoint-1,ec916330-7fb3-11f0-93aa-f3dbcec3603d,70.89461,28.96566,,6.16963,,,,2.08466,3.30097,-0.71973,a31a5625-cd95-4fb6-9b78-3ca3a078fd38,2025-08-22,23:58:38.56,2025-08-22T19:58:38.5641984-04:00,2025-08-22T23:58:38.5641984Z,LineDrive,v3,5431,495,,"Napleton, Luke",813847,Right,HP,3e55af0a-7c47-42a7-b64d-fd0cd30ed297,55.20724,-106.25114,9.57895,6.61383,2.51524,-16.83986,-1.70468,2.40646,-1.14388,207.567229,2.08472,146.41853,-25.51901,5.53612,-1.12374,0.20059,-0.0293,0.003,-0.00015,3.30078,36.80508,-13.67863,0.57941,-0.36739,0.22292,-0.07385,0.01306,-0.00095,-0.7199,-43.83817,12.21964,-3.0916,0.4803,0.02497,-0.03432,0.00754,-0.00059,,,,,,,,,,,,,,,,,,,,,,,High,High,High,High,High,,,
143,2025-08-22,19:59:24.79,2,1,"Halbohn, Kyle",670590,Right,HP,"Washington, Xane",1000026055,Right,LEX_LEG,Undefined,6,Top,0,0,0,Fastball,Sinker,StrikeCalled,Undefined,Undefined,Undefined,0,0,,87.08543,-0.834324,-2.171776,2061.80564,226.870689,1:30,6.20044,1.66299,5.47008,-25.23651,12.04213,11.64461,3.31598,0.59994,79.98052,-5.505334,-0.098789,0.439442,,,,,,,,,,,,-6.42642,6.63894,-1.48008,50,6.10994,4.28658,-126.41272,-2.71521,-10.45213,24.53625,-21.37626,HP,LEX_LEG,HighPoint,Independent,ATL,20250822-HighPoint-1,08117cd0-7fb4-11f0-93aa-f3dbcec3603d,85.77342,,,7.10491,,,,,,,a31a5625-cd95-4fb6-9b78-3ca3a078fd38,2025-08-22,23:59:24.79,2025-08-22T19:59:24.7902208-04:00,2025-08-22T23:59:24.7902208Z,,v3,5431,495,,"Napleton, Luke",813847,Right,HP,e6f56ec9-863d-4a29-a661-0d4d2912b387,55.02881,-127.38506,12.26813,6.20076,-1.86811,-10.68813,-1.65816,4.70078,-5.22606,,,,,,,,,,,,,,,,,,,,,,,,,,,,,,,,,,,,,,,,,,,,,,,,,,,High,High,High,,,,,
144,2025-08-22,19:59:38.98,2,2,"Halbohn, Kyle",670590,Right,HP,"Washington, Xane",1000026055,Right,LEX_LEG,Undefined,6,Top,0,0,1,Fastball,Sinker,BallCalled,Undefined,Undefined,Undefined,0,0,,87.17425,0.284769,-2.074119,2063.821877,230.258824,1:45,6.13734,1.74049,5.65811,-26.31679,10.49343,11.33056,4.21002,0.7496,80.21888,-4.594191,-0.050482,0.436672,,,,,,,,,,,,-6.25847,5.59111,-1.57208,50,6.14479,4.10275,-126.63851,-0.26733,-10.24789,23.84916,-23.01896,HP,LEX_LEG,HighPoint,Independent,ATL,20250822-HighPoint-1,108d4560-7fb4-11f0-93aa-f3dbcec3603d,86.31745,,,6.95537,,,,,,,a31a5625-cd95-4fb6-9b78-3ca3a078fd38,2025-08-22,23:59:38.98,2025-08-22T19:59:38.9892608-04:00,2025-08-22T23:59:38.9892608Z,,v3,5431,495,,"Napleton, Luke",813847,Right,HP,003a4ba0-470a-45af-b1bf-fbdeef9b0eda,54.84115,-127.54696,11.92458,6.13827,0.6095,-11.50948,-1.7358,4.49311,-5.12394,,,,,,,,,,,,,,,,,,,,,,,,,,,,,,,,,,,,,,,,,,,,,,,,,,,High,High,High,,,,,
145,2025-08-22,19:59:52.55,2,3,"Halbohn, Kyle",670590,Right,HP,"Washington, Xane",1000026055,Right,LEX_LEG,Undefined,6,Top,0,1,1,Splitter,Changeup,InPlay,Undefined,GroundBall,Out,1,0,,73.06264,0.822291,-1.995493,1365.705961,313.715359,4:30,6.65346,1.43785,5.17235,-59.80964,-5.91264,7.97174,2.44366,0.22354,67.3026,-9.984103,-0.580889,0.528389,91.82627,7.472735,20.368765,1740.835865,,,,109.30536,109.30536,21.791624,0.901969,-4.57595,-2.75445,-1.25843,50,6.68388,3.39855,-106.02164,-0.44191,-5.19161,18.67364,-35.29909,HP,LEX_LEG,HighPoint,Independent,ATL,20250822-HighPoint-1,18a32030-7fb4-11f0-93aa-f3dbcec3603d,71.33465,5.64754,,5.76004,,,,1.85065,2.44735,-0.23313,a31a5625-cd95-4fb6-9b78-3ca3a078fd38,2025-08-22,23:59:52.55,2025-08-22T19:59:52.5598208-04:00,2025-08-22T23:59:52.5598208Z,GroundBall,v3,5431,495,,"Napleton, Luke",813847,Right,HP,1f4a5c7f-b2cd-4ac5-9af3-db80f2342aca,55.32984,-106.95626,9.33682,6.66178,1.32483,-17.64954,-1.43503,3.6584,-2.5958,317.931139,1.91807,124.16289,-15.335,,,,,,,2.53659,16.16158,-21.13555,,,,,,,-0.24742,46.69903,-1.57775,,,,,,,,,,,,,,,,,,,,,,,,,,,,,High,High,High,High,High,,,
146,2025-08-22,20:00:29.81,3,1,"Halbohn, Kyle",670590,Right,HP,"Whalen, Brady",669714,Left,LEX_LEG,Undefined,6,Top,1,0,0,Fastball,Sinker,BallCalled,Undefined,Undefined,Undefined,0,0,,88.80801,-1.81733,-3.453525,2107.718636,223.599177,1:30,6.21121,1.2685,5.42217,-24.98919,10.92079,9.38079,2.42284,-1.18857,81.85941,-6.415683,-1.78772,0.431299,,,,,,,,,,,,-5.68048,6.28426,-0.96863,50,6.03222,7.37256,-128.79218,-4.98691,-9.61063,24.92555,-21.54186,HP,LEX_LEG,HighPoint,Independent,ATL,20250822-HighPoint-1,2eca0e00-7fb4-11f0-93aa-f3dbcec3603d,87.39276,,,6.9486,,,,,,,a31a5625-cd95-4fb6-9b78-3ca3a078fd38,2025-08-23,00:00:29.81,2025-08-22T20:00:29.8128384-04:00,2025-08-23T00:00:29.8128384Z,,v3,5431,495,,"Napleton, Luke",813847,Right,HP,e7ba9491-8c1f-4856-93c6-fc2dbca4f835,55.07952,-129.77151,12.46278,6.21153,-4.14052,-10.77093,-1.26572,7.75017,-4.80532,,,,,,,,,,,,,,,,,,,,,,,,,,,,,,,,,,,,,,,,,,,,,,,,,,,High,High,High,,,,,
147,2025-08-22,20:00:51.03,3,2,"Halbohn, Kyle",670590,Right,HP,"Whalen, Brady",669714,Left,LEX_LEG,Undefined,6,Top,1,1,0,Fastball,Sinker,InPlay,Undefined,Popup,Out,1,0,,88.62889,-0.60919,-3.223614,1932.086194,234.413176,1:45,6.24065,1.24707,5.7807,-26.47501,8.88386,11.02843,3.46667,-0.83641,81.96821,-5.502979,-1.251585,0.427977,49.45123,50.085962,-4.107282,3643.004713,,,,124.18346,121.045,-8.911782,3.562174,-6.49099,4.97213,-0.98792,50,6.17413,6.80385,-128.74931,-2.27679,-11.0239,23.77639,-23.7297,HP,LEX_LEG,HighPoint,Independent,ATL,20250822-HighPoint-1,3b7109b0-7fb4-11f0-93aa-f3dbcec3603d,88.07116,48.8081,,6.66068,,,,1.65765,3.53639,0.85367,a31a5625-cd95-4fb6-9b78-3ca3a078fd38,2025-08-23,00:00:51.03,2025-08-22T20:00:51.0352896-04:00,2025-08-23T00:00:51.0352896Z,Popup,v3,5431,495,,"Napleton, Luke",813847,Right,HP,fc899a60-2344-480b-8523-8efbacd42a54,54.72161,-129.61832,11.8882,6.2415,-1.40948,-11.86485,-1.24397,7.20677,-5.51195,164.958467,1.65825,46.39364,-8.4323,2.22266,0.00168,-0.30169,0.13095,-0.02421,0.00169,3.53536,55.66223,-18.93281,1.63087,-0.55422,0.19331,-0.03357,0.00087,0.00021,0.85382,-3.33891,-1.39941,0.29566,0.04904,-0.07271,0.0279,-0.00488,0.00033,,,,,,,,,,,,,,,,,,,,,,,High,High,High,High,High,,,
148,2025-08-22,20:01:22.47,4,1,"Halbohn, Kyle",670590,Right,HP,"Terry, Curtis",663799,Right,LEX_LEG,Undefined,6,Top,2,0,0,Fastball,Sinker,BallCalled,Undefined,Undefined,Undefined,0,0,,89.53978,-0.194413,-2.073896,1917.227477,250.223776,2:15,6.16244,1.88256,5.60922,-28.64246,6.09583,14.32517,3.59398,1.13966,82.98887,-5.455766,0.483673,0.424205,,,,,,,,,,,,-7.76634,3.43339,-1.7147,50,6.12715,4.0951,-130.18598,-1.48645,-13.51995,23.65467,-26.19707,HP,LEX_LEG,HighPoint,Independent,ATL,20250822-HighPoint-1,4e38ee00-7fb4-11f0-93aa-f3dbcec3603d,88.85433,,,6.5509,,,,,,,a31a5625-cd95-4fb6-9b78-3ca3a078fd38,2025-08-23,00:01:22.47,2025-08-22T20:01:22.4728064-04:00,2025-08-23T00:01:22.4728064Z,,v3,5431,495,,"Napleton, Luke",813847,Right,HP,bef8309c-4735-49d0-b139-2a4ce976d93a,54.89233,-131.07189,11.82734,6.16444,-0.50531,-13.09854,-1.87755,4.60144,-6.75997,,,,,,,,,,,,,,,,,,,,,,,,,,,,,,,,,,,,,,,,,,,,,,,,,,,High,High,High,,,,,
149,2025-08-22,20:01:37.41,4,2,"Halbohn, Kyle",670590,Right,HP,"Terry, Curtis",663799,Right,LEX_LEG,Undefined,6,Top,2,1,0,Fastball,Sinker,FoulBallNotFieldable,Undefined,Undefined,Undefined,0,0,,89.45007,-0.718619,-3.111832,1874.364676,247.623902,2:15,6.16879,1.60246,5.76761,-28.23009,6.41996,13.29064,3.14647,-0.18888,82.93934,-5.915537,-0.734473,0.423666,85.37428,49.351616,56.488079,5786.617514,43.34205,106.84081,101.10107,234.96366,103.39485,74.131048,5.427228,-7.55973,3.73,-1.35316,50,6.0919,6.51171,-129.97678,-2.62993,-13.11798,23.57984,-25.70158,HP,LEX_LEG,HighPoint,Independent,ATL,20250822-HighPoint-1,571c5200-7fb4-11f0-93aa-f3dbcec3603d,88.96738,112.54515,,6.51073,,,,1.07902,2.84926,0.00619,a31a5625-cd95-4fb6-9b78-3ca3a078fd38,2025-08-23,00:01:37.41,2025-08-22T20:01:37.4158336-04:00,2025-08-23T00:01:37.4158336Z,FlyBall,v3,5431,495,,"Napleton, Luke",813847,Right,HP,f8d3ec7a-9163-42f2-b7ad-5ef619f314bd,54.73446,-130.83287,11.78992,6.17044,-1.69681,-12.85079,-1.59822,6.98797,-6.55899,209.484862,1.09709,44.64478,-18.75477,3.92258,0.61214,-0.68663,0.19388,-0.02445,0.00117,2.83229,95.30026,-25.66293,3.51456,-1.0493,0.25132,-0.02939,0.00071,7E-05,0.00629,67.98346,-11.12516,1.96004,0.02512,-0.16496,0.05198,-0.00698,0.00035,,,,,,,,,,,,,,,,,,,,,,,High,High,High,Medium,Low,,,
150,2025-08-22,20:01:58.11,4,3,"Halbohn, Kyle",670590,Right,HP,"Terry, Curtis",663799,Right,LEX_LEG,Undefined,6,Top,2,1,1,Fastball,Sinker,InPlay,Undefined,LineDrive,Single,0,1,,90.57548,-1.218975,-2.397594,2060.498942,231.711104,1:45,6.12147,1.65265,5.65685,-23.93738,10.08772,11.55095,2.98872,0.37795,83.69454,-5.64425,-0.334283,0.419828,86.51154,14.436021,24.851625,3935.75284,96.33499,19.45952,53.09961,212.88839,175.62781,33.387663,2.303766,-6.48646,5.72512,-1.45717,50,6.00292,5.01115,-131.58894,-3.64866,-11.49788,25.05842,-22.02574,HP,LEX_LEG,HighPoint,Independent,ATL,20250822-HighPoint-1,637024a0-7fb4-11f0-93aa-f3dbcec3603d,89.78072,19.48648,,6.88094,,,,0.59952,2.90844,-0.36304,a31a5625-cd95-4fb6-9b78-3ca3a078fd38,2025-08-23,00:01:58.11,2025-08-22T20:01:58.1144576-04:00,2025-08-23T00:01:58.1144576Z,LineDrive,v3,5431,495,,"Napleton, Luke",813847,Right,HP,444cf3b4-633e-456d-8013-1388e3754eae,54.84419,-132.5082,12.52921,6.12195,-2.84065,-11.01287,-1.64874,5.43295,-5.74894,240.095344,0.59953,111.49865,-21.97151,4.55407,-0.97387,0.19227,-0.03491,0.00479,-0.00032,2.90844,31.63187,-15.93157,0.88822,-0.10191,0.01191,0.00022,-5E-05,-1E-05,-0.36304,51.64166,0.93466,-1.03536,0.36791,-0.09755,0.0204,-0.00291,0.0002,,,,,,,,,,,,,,,,,,,,,,,High,High,High,High,Medium,,,
151,2025-08-22,20:02:35.76,5,1,"Halbohn, Kyle",670590,Right,HP,"Gonzalez, Pedro",660639,Right,LEX_LEG,Undefined,6,Top,2,0,0,Fastball,Sinker,InPlay,Undefined,FlyBall,HomeRun,0,2,,88.82179,-0.690019,-3.388571,1924.453315,247.249942,2:15,6.19721,1.65491,6.02404,-29.42695,5.45386,10.69115,3.10473,-0.59627,82.25842,-6.127969,-1.467899,0.425074,101.07198,24.540537,-17.752318,2629.251839,104.16824,46.55762,-35.34055,375.83084,367.67645,-25.119873,4.665455,-6.4089,3.24047,-1.39557,50,6.12677,7.22237,-129.06102,-2.5453,-10.93744,23.88673,-26.64386,HP,LEX_LEG,HighPoint,Independent,ATL,20250822-HighPoint-1,79daf940-7fb4-11f0-93aa-f3dbcec3603d,88.67262,67.63913,,6.56337,,,,3.13564,3.23988,0.54063,a31a5625-cd95-4fb6-9b78-3ca3a078fd38,2025-08-23,00:02:35.76,2025-08-22T20:02:35.7675008-04:00,2025-08-23T00:02:35.7675008Z,FlyBall,v3,5431,495,,"Napleton, Luke",813847,Right,HP,a0c39ea5-05af-471e-b74e-8f511b1f1027,54.47862,-129.88728,11.94337,6.19887,-1.62366,-13.32193,-1.65195,7.60071,-5.46872,155.060328,3.13424,128.45879,-24.71742,5.786,-1.47216,0.37595,-0.07534,0.00903,-0.00046,3.24277,61.49924,-16.65962,0.95756,0.20764,-0.1975,0.05788,-0.00774,0.00039,0.54074,-41.11718,2.81407,-0.60354,0.13475,-0.02976,0.00585,-0.00073,4E-05,,,,,,,,,,,,,,,,,,,,,,,High,High,High,High,Medium,,,
152,2025-08-22,20:03:17.88,6,1,"Halbohn, Kyle",670590,Right,HP,"Cumbo, E.J.",821574,Left,LEX_LEG,Undefined,6,Top,2,0,0,Fastball,Four-Seam,FoulBallNotFieldable,Undefined,Undefined,Undefined,0,0,,89.17616,-1.072594,-3.219574,2001.022089,223.824146,1:30,6.16403,1.53876,5.69225,-25.76375,9.39095,8.0363,3.01573,-0.79527,82.29777,-5.831406,-1.785015,0.42674,51.04657,67.756248,-132.101729,5146.700187,,,,,9.85483,,,-4.96823,5.34323,-1.27329,50,6.05748,6.95246,-129.47401,-3.32206,-8.5064,24.84359,-23.0256,HP,LEX_LEG,HighPoint,Independent,ATL,20250822-HighPoint-1,92f05470-7fb4-11f0-93aa-f3dbcec3603d,88.32654,28.08953,,6.87838,,,,2.47938,3.1829,0.76313,a31a5625-cd95-4fb6-9b78-3ca3a078fd38,2025-08-23,00:03:17.88,2025-08-22T20:03:17.8837504-04:00,2025-08-23T00:03:17.8837504Z,,v3,5431,495,,"Napleton, Luke",813847,Right,HP,4cbf4eeb-29b5-4176-9999-f8832ea38d1b,54.80984,-130.39366,12.4218,6.16468,-2.46971,-11.5128,-1.53648,7.26735,-4.2532,16.953719,2.48741,-19.25734,-2.57482,,,,,,,3.19735,68.84166,-24.94527,,,,,,,0.75989,-20.92656,2.96428,,,,,,,,,,,,,,,,,,,,,,,,,,,,,High,High,High,High,Undefined,,,
153,2025-08-22,20:03:33.12,6,2,"Halbohn, Kyle",670590,Right,HP,"Cumbo, E.J.",821574,Left,LEX_LEG,Undefined,6,Top,2,0,1,Splitter,Changeup,StrikeCalled,Undefined,Undefined,Undefined,0,0,,76.10476,0.584209,-2.7647,1492.439686,316.669042,4:30,6.50435,1.57292,5.40215,-53.39345,-4.94079,5.86709,2.60298,-0.5308,71.139,-9.064767,-1.720586,0.500991,,,,,,,,,,,,-3.61425,-2.25106,-1.33068,50,6.51845,5.12268,-110.612,-0.64899,-4.546,16.91275,-35.00542,HP,LEX_LEG,HighPoint,Independent,ATL,20250822-HighPoint-1,9c1fdca0-7fb4-11f0-93aa-f3dbcec3603d,75.23571,,,4.96577,,,,,,,a31a5625-cd95-4fb6-9b78-3ca3a078fd38,2025-08-23,00:03:33.12,2025-08-22T20:03:33.1243008-04:00,2025-08-23T00:03:33.1243008Z,,v3,5431,495,,"Napleton, Luke",813847,Right,HP,fbcda3c7-44b6-4579-84b7-91d67956b901,55.10125,-111.38926,8.45637,6.51131,0.95975,-17.50271,-1.5709,5.3316,-2.273,,,,,,,,,,,,,,,,,,,,,,,,,,,,,,,,,,,,,,,,,,,,,,,,,,,High,High,High,,,,,
154,2025-08-22,20:03:47.54,6,3,"Halbohn, Kyle",670590,Right,HP,"Cumbo, E.J.",821574,Left,LEX_LEG,Undefined,6,Top,2,0,2,Fastball,Four-Seam,StrikeSwinging,Strikeout,Undefined,Undefined,0,0,,90.80747,-0.168181,-2.562109,2121.992661,220.248166,1:15,6.26271,1.50282,5.59945,-21.63379,12.05012,9.45524,4.30272,-0.10281,84.32661,-4.172337,-0.876412,0.417717,,,,,,,,,,,,-5.37008,6.42992,-1.28949,50,6.23416,5.49191,-132.00718,-1.14936,-9.65518,23.11288,-20.61327,HP,LEX_LEG,HighPoint,Independent,ATL,20250822-HighPoint-1,a4b17720-7fb4-11f0-93aa-f3dbcec3603d,90.23429,,,6.48086,,,,,,,a31a5625-cd95-4fb6-9b78-3ca3a078fd38,2025-08-23,00:03:47.54,2025-08-22T20:03:47.5480000-04:00,2025-08-23T00:03:47.5480000Z,,v3,5431,495,,"Napleton, Luke",813847,Right,HP,808f7a3b-ef25-44ab-a120-0f4e2e16dd6f,54.90138,-132.86258,11.55644,6.26258,-0.38647,-10.30664,-1.49935,5.84925,-4.82759,,,,,,,,,,,,,,,,,,,,,,,,,,,,,50.32428,,,1.376416,,,,-4.06721,6.78872,5.85885,58.16612,8.50568,66.80016,-3.98941,50.33762,-3.78001,6.87741,22.04979,-15.18082,5.89993,47.68555,-2.50793,High,High,High,,,High,High,High
155,2025-08-22,20:06:10.21,1,1,"Ferrer, Ben",829343,Right,LEX_LEG,"Burt, D.J.",656274,Right,HP,Undefined,6,Bottom,0,0,0,Cutter,Slider,FoulBallNotFieldable,Undefined,Undefined,Undefined,0,0,,80.83763,0.823211,0.25051,2366.279143,110.726168,9:45,5.84314,0.7748,5.33229,-41.07719,2.08374,-2.33228,3.19249,0.81549,74.88602,-6.655225,-0.164123,0.472843,79.89037,7.179131,64.279355,3604.030218,39.05529,6.78597,102.83308,151.79875,101.32697,71.155772,1.590334,1.23776,1.19004,-0.79567,50,5.88762,-0.42024,-117.51108,0.25106,1.75003,19.94606,-30.49152,HP,LEX_LEG,HighPoint,Independent,ATL,20250822-HighPoint-1,f9bc1860-7fb4-11f0-93aa-f3dbcec3603d,79.71454,8.40533,,5.95161,,,,-0.15239,3.0336,-0.96297,a31a5625-cd95-4fb6-9b78-3ca3a078fd38,2025-08-23,00:06:10.21,2025-08-22T20:06:10.2147584-04:00,2025-08-23T00:06:10.2147584Z,GroundBall,v3,5431,495,,"Huntzinger, Jerry",694255,Right,LEX_LEG,d917f747-c535-481f-ab43-8f3ea0047150,55.16893,-118.38519,9.97303,5.84734,1.58731,-15.24576,-0.77557,-0.49694,0.87501,243.459161,-0.15239,50.45224,-17.0733,4.01003,-0.81339,0.15214,-0.0266,0.00368,-0.00025,3.0336,14.64325,-9.27462,-1.29881,0.54872,-0.16025,0.03828,-0.00622,0.00051,-0.96297,104.73541,-11.87861,2.63713,-0.49898,0.08537,-0.01356,0.00168,-9E-05,,,,,,,,,,,,,,,,,,,,,,,High,High,High,High,Medium,,,
156,2025-08-22,20:06:30.50,1,2,"Ferrer, Ben",829343,Right,LEX_LEG,"Burt, D.J.",656274,Right,HP,Undefined,6,Bottom,0,0,1,Cutter,Slider,InPlay,Undefined,LineDrive,Single,0,0,,81.04942,0.217166,-0.780536,2399.715114,196.071391,12:30,5.80971,0.67389,5.39794,-40.77392,1.76756,0.19417,2.61542,-0.04143,75.67567,-7.188302,-0.745966,0.469437,101.55187,9.871799,-10.681292,892.636599,108.16231,14.263,-20.02024,224.13844,223.73556,-10.260116,1.980941,-0.27563,1.14016,-0.60443,50,5.79992,1.59897,-117.92488,-0.96938,-0.39512,18.62645,-30.53952,HP,LEX_LEG,HighPoint,Independent,ATL,20250822-HighPoint-1,05d48fb0-7fb5-11f0-93aa-f3dbcec3603d,80.29278,14.36005,,5.37375,,,,1.82793,2.68304,0.06167,a31a5625-cd95-4fb6-9b78-3ca3a078fd38,2025-08-23,00:06:30.50,2025-08-22T20:06:30.5062912-04:00,2025-08-23T00:06:30.5062912Z,LineDrive,v3,5431,495,,"Huntzinger, Jerry",694255,Right,LEX_LEG,600c47c6-45c5-4e5e-b36d-e568610ac548,55.10452,-118.72841,9.31323,5.81333,0.34807,-15.26976,-0.67377,1.61601,-0.19756,174.874191,1.82793,144.19504,-24.97134,5.81686,-1.3199,0.28753,-0.05716,0.0085,-0.00064,2.68304,25.53494,-14.24121,0.24802,0.09708,-0.04431,0.01217,-0.00183,0.00013,0.06167,-27.19687,4.13569,-0.23219,-0.08616,0.04161,-0.01085,0.00178,-0.00014,,,,,,,,,,,,,,,,,,,,,,,High,High,High,High,High,,,
157,2025-08-22,20:07:18.14,2,1,"Ferrer, Ben",829343,Right,LEX_LEG,"Gonzalez, Luis",8894175,Left,HP,Undefined,6,Bottom,0,0,0,Cutter,Slider,FoulBallNotFieldable,Undefined,Undefined,Undefined,0,0,,83.84334,-1.758796,-0.622906,2383.084726,182.224957,12:00,5.86046,0.54747,5.54634,-32.46899,7.15063,0.23705,1.51047,-0.01491,78.2565,-7.68121,-0.580567,0.45303,87.21496,1.24921,56.911491,4476.32212,,,,49.34359,48.6976,54.52284,0.402982,-0.26732,4.30213,-0.49371,50,5.68616,1.31669,-121.94898,-4.85332,-0.40903,20.38608,-25.59182,HP,LEX_LEG,HighPoint,Independent,ATL,20250822-HighPoint-1,222bf680-7fb5-11f0-93aa-f3dbcec3603d,83.20082,1.87649,,5.58684,,,,3.24806,1.77354,-0.1352,a31a5625-cd95-4fb6-9b78-3ca3a078fd38,2025-08-23,00:07:18.14,2025-08-22T20:07:18.1468672-04:00,2025-08-23T00:07:18.1468672Z,GroundBall,v3,5431,495,,"Huntzinger, Jerry",694255,Right,LEX_LEG,d7483c16-0419-4679-9ed7-355a21d73415,54.95679,-122.77481,10.19304,5.86177,-3.81661,-12.79591,-0.54738,1.33326,-0.20451,282.764907,3.26131,69.37278,-15.9595,,,,,,,1.78149,2.52297,-17.27688,,,,,,,-0.12409,106.77458,-16.822,,,,,,,,,,,,,,,,,,,,,,,,,,,,,High,High,High,Medium,High,,,
158,2025-08-22,20:07:57.84,2,2,"Ferrer, Ben",829343,Right,LEX_LEG,"Gonzalez, Luis",8894175,Left,HP,Undefined,6,Bottom,0,0,1,ChangeUp,Changeup,InPlay,Undefined,GroundBall,FieldersChoice,1,0,,82.74996,-1.097934,-1.419794,2199.96659,248.301711,2:15,5.67753,0.86493,5.73897,-32.16352,8.9926,19.22926,1.97445,1.14505,75.69581,-7.050031,2.025305,0.461731,79.9584,7.103895,-7.741566,1116.073726,,,,112.21027,112.21027,-10.083499,1.078046,-10.25351,5.28839,-0.75893,50,5.56643,2.21964,-120.15451,-3.34343,-14.92407,24.23223,-24.47676,HP,LEX_LEG,HighPoint,Independent,ATL,20250822-HighPoint-1,39dbce40-7fb5-11f0-93aa-f3dbcec3603d,81.63294,5.33435,,7.05415,,,,1.31698,2.00721,-1.10239,a31a5625-cd95-4fb6-9b78-3ca3a078fd38,2025-08-23,00:07:57.84,2025-08-22T20:07:57.8434560-04:00,2025-08-23T00:07:57.8434560Z,GroundBall,v3,5431,495,,"Huntzinger, Jerry",694255,Right,LEX_LEG,68d6ddbf-bd13-4b7c-928d-039e518dd420,54.76138,-121.11095,12.11612,5.67933,-2.37733,-12.23838,-0.85816,2.8087,-7.46204,112.346475,1.4284,113.88617,-11.89561,,,,,,,2.05985,13.83964,-14.65203,,,,,,,-1.07618,-16.0146,-1.14288,,,,,,,,,,,,,,,,,,,,,,,,,,,,,High,High,High,High,High,,,
159,2025-08-22,20:08:48.14,3,1,"Ferrer, Ben",829343,Right,LEX_LEG,"Mendoza, Drew",666141,Left,HP,Undefined,6,Bottom,1,0,0,ChangeUp,Changeup,BallCalled,Undefined,Undefined,Undefined,0,0,,82.5339,0.836906,-1.097752,2134.363632,258.072847,2:30,5.69532,0.92605,5.53877,-36.24711,4.89,17.66194,3.45715,1.37173,76.28164,-5.809256,2.052704,0.461624,,,,,,,,,,,,-9.19764,2.62941,-0.84284,50,5.74373,1.58224,-119.98754,0.50743,-13.54016,21.08511,-28.30319,HP,LEX_LEG,HighPoint,Independent,ATL,20250822-HighPoint-1,57e021c0-7fb5-11f0-93aa-f3dbcec3603d,81.65185,,,6.25226,,,,,,,a31a5625-cd95-4fb6-9b78-3ca3a078fd38,2025-08-23,00:08:48.14,2025-08-22T20:08:48.1414656-04:00,2025-08-23T00:08:48.1414656Z,,v3,5431,495,,"Huntzinger, Jerry",694255,Right,LEX_LEG,6576d3c6-d231-4a3a-a7aa-c37da66e6997,54.96254,-120.85645,10.54255,5.69879,1.67379,-14.15159,-0.91954,2.14023,-6.77008,,,,,,,,,,,,,,,,,,,,,,,,,,,,,,,,,,,,,,,,,,,,,,,,,,,High,High,High,,,,,
160,2025-08-22,20:09:08.22,3,2,"Ferrer, Ben",829343,Right,LEX_LEG,"Mendoza, Drew",666141,Left,HP,Undefined,6,Bottom,1,1,0,Fastball,Sinker,FoulBallNotFieldable,Undefined,Undefined,Undefined,0,0,,88.58518,-0.311568,-2.983013,2265.58721,225.686049,1:30,5.7412,0.81396,5.22702,-22.48584,13.80788,13.0393,3.57408,-0.90628,81.41197,-4.471462,-0.675305,0.433598,67.57205,53.487918,-174.454459,3784.564863,,,,,32.42315,,,-7.36524,7.31571,-0.5493,50,5.6959,6.12685,-128.55208,-1.5052,-12.4161,24.80336,-19.84147,HP,LEX_LEG,HighPoint,Independent,ATL,20250822-HighPoint-1,63c999d0-7fb5-11f0-93aa-f3dbcec3603d,86.92948,41.03256,,7.1732,,,,2.55632,3.56855,1.01155,a31a5625-cd95-4fb6-9b78-3ca3a078fd38,2025-08-23,00:09:08.22,2025-08-22T20:09:08.2240512-04:00,2025-08-23T00:09:08.2240512Z,,v3,5431,495,,"Huntzinger, Jerry",694255,Right,LEX_LEG,d498d6a8-26c6-4095-b58f-b48e61229430,55.27448,-129.56577,12.40168,5.74084,-0.6943,-9.92074,-0.81006,6.63428,-6.20805,,2.55632,-58.69106,-0.25238,1.22708,-0.29976,-0.09229,0.218,-0.14766,0.03713,3.56855,79.65419,-30.26187,3.99252,-0.79597,0.03899,0.11319,-0.07891,0.01732,1.01155,-5.69839,-1.975,0.07653,0.00927,0.0208,-0.04043,0.02815,-0.00761,,,,,,,,,,,,,,,,,,,,,,,High,High,High,High,Undefined,,,
161,2025-08-22,20:09:37.72,3,3,"Ferrer, Ben",829343,Right,LEX_LEG,"Mendoza, Drew",666141,Left,HP,Undefined,6,Bottom,1,1,1,ChangeUp,Changeup,BallCalled,Undefined,Undefined,Undefined,0,0,,84.39187,-2.184829,-3.361511,2096.835771,260.28967,2:45,5.56454,1.00331,5.73079,-35.70506,4.13949,16.31505,0.5499,-0.77128,77.10532,-8.744443,-0.441117,0.454314,,,,,,,,,,,,-9.28032,3.17752,-0.73281,50,5.36023,6.50965,-122.25077,-5.89121,-13.94918,25.62762,-27.39794,HP,LEX_LEG,HighPoint,Independent,ATL,20250822-HighPoint-1,7554b860-7fb5-11f0-93aa-f3dbcec3603d,82.96564,,,7.28656,,,,,,,a31a5625-cd95-4fb6-9b78-3ca3a078fd38,2025-08-23,00:09:37.72,2025-08-22T20:09:37.7215488-04:00,2025-08-23T00:09:37.7215488Z,,v3,5431,495,,"Huntzinger, Jerry",694255,Right,LEX_LEG,0ed49dcb-098c-4f57-99cd-e7552521fb14,54.76829,-123.2463,12.81381,5.56841,-4.82691,-13.69897,-0.99621,7.05152,-6.97459,,,,,,,,,,,,,,,,,,,,,,,,,,,,,,,,,,,,,,,,,,,,,,,,,,,High,High,High,,,,,
162,2025-08-22,20:10:30.92,3,4,"Ferrer, Ben",829343,Right,LEX_LEG,"Mendoza, Drew",666141,Left,HP,Undefined,6,Bottom,1,2,1,Fastball,Four-Seam,InPlay,Undefined,FlyBall,HomeRun,0,2,,86.60772,-1.364708,-2.549167,2277.50709,225.181548,1:30,5.75689,0.83223,5.09999,-23.71178,14.59422,13.48398,2.49341,-0.4478,79.41829,-5.740516,-0.166041,0.445456,110.2312,22.138875,24.460356,1834.338254,97.61,39.87857,50.71761,374.81334,333.0347,34.585204,4.053846,-7.49685,7.99552,-0.60292,50,5.60979,5.00737,-125.61638,-3.84006,-12.01318,24.7609,-19.36179,HP,LEX_LEG,HighPoint,Independent,ATL,20250822-HighPoint-1,95203750-7fb5-11f0-93aa-f3dbcec3603d,84.61541,56.04552,,7.18943,,,,2.86795,2.69398,0.49214,a31a5625-cd95-4fb6-9b78-3ca3a078fd38,2025-08-23,00:10:30.92,2025-08-22T20:10:30.9299200-04:00,2025-08-23T00:10:30.9299200Z,LineDrive,v3,5431,495,,"Huntzinger, Jerry",694255,Right,LEX_LEG,4cbf944e-e200-4e33-8c1e-8f2865e14c80,55.40132,-126.67658,12.38045,5.75647,-3.01103,-9.6809,-0.82833,5.52175,-6.00659,238.158518,2.86899,136.2876,-29.34552,7.1918,-1.58455,0.28304,-0.04642,0.0059,-0.00035,2.69405,60.92186,-19.98482,1.63383,-0.02479,-0.1069,0.04567,-0.00823,0.00053,0.49159,62.0252,1.35086,-2.77603,0.93259,-0.15609,0.00124,0.00386,-0.00044,,,,,,,,,,,,,,,,,,,,,,,High,High,High,High,Medium,,,
163,2025-08-22,20:13:50.22,4,1,"Loper, Jimmy",803182,Right,LEX_LEG,"Aklinski, Ben",679701,Right,HP,Undefined,6,Bottom,1,0,0,Slider,Curveball,BallCalled,Undefined,Undefined,Undefined,0,0,,80.49996,-1.609515,-2.370012,2421.142838,335.960969,5:15,6.03825,1.38678,5.68312,-46.50617,-2.93307,1.91772,0.66078,-0.66383,74.2709,-10.068611,-2.026418,0.475095,,,,,,,,,,,,-1.64984,-0.60272,-1.18834,50,5.8735,4.75992,-116.81002,-4.85549,-2.27418,22.48397,-33.00485,HP,LEX_LEG,HighPoint,Independent,ATL,20250822-HighPoint-1,0bf0ef00-7fb6-11f0-93aa-f3dbcec3603d,79.33658,,,6.22905,,,,,,,a31a5625-cd95-4fb6-9b78-3ca3a078fd38,2025-08-23,00:13:50.22,2025-08-22T20:13:50.2279168-04:00,2025-08-23T00:13:50.2279168Z,,v3,5431,495,,"Huntzinger, Jerry",694255,Right,LEX_LEG,ec6d3539-e2ae-4210-807b-44fd533e1cea,54.81709,-117.73358,11.24199,6.0451,-3.49977,-16.50243,-1.38578,4.85334,-1.13709,,,,,,,,,,,,,,,,,,,,,,,,,,,,,,,,,,,,,,,,,,,,,,,,,,,High,High,High,,,,,
164,2025-08-22,20:14:06.04,4,2,"Loper, Jimmy",803182,Right,LEX_LEG,"Aklinski, Ben",679701,Right,HP,Undefined,6,Bottom,1,1,0,Slider,Slider,FoulBallNotFieldable,Undefined,Undefined,Undefined,0,0,,84.41648,-1.268492,-1.669489,2714.525125,217.105812,1:15,5.96958,1.46753,5.47486,-34.52557,5.05674,2.94331,1.90473,0.15011,78.00955,-7.574379,-1.144799,0.452816,83.73644,-27.891377,-70.643195,,,,,6.71675,4.38642,-38.262292,0.038612,-1.93969,3.19051,-1.32299,50,5.83429,3.45501,-122.61936,-3.92708,-2.97082,22.89059,-27.28747,HP,LEX_LEG,HighPoint,Independent,ATL,20250822-HighPoint-1,15587720-7fb6-11f0-93aa-f3dbcec3603d,83.24004,2.22327,,6.40692,,,,3.88161,2.22327,-0.19632,a31a5625-cd95-4fb6-9b78-3ca3a078fd38,2025-08-23,00:14:06.04,2025-08-22T20:14:06.0484096-04:00,2025-08-23T00:14:06.0484096Z,GroundBall,v3,5431,495,,"Huntzinger, Jerry",694255,Right,LEX_LEG,375c5c0d-4ba4-475a-a131-28f09c05cdf6,55.02662,-123.55417,11.4453,5.97191,-2.81272,-13.64374,-1.46657,3.57633,-1.48541,,3.88111,36.05793,,,,,,,,2.22407,-57.57957,,,,,,,,-0.1949,-102.63896,,,,,,,,,,,,,,,,,,,,,,,,,,,,,,High,High,High,Low,Low,,,
165,2025-08-22,20:14:27.65,4,3,"Loper, Jimmy",803182,Right,LEX_LEG,"Aklinski, Ben",679701,Right,HP,Undefined,6,Bottom,1,1,1,Curveball,Curveball,InPlay,Undefined,FlyBall,Out,1,0,,78.44791,0.736817,-1.374169,2572.928675,358.944694,6:00,6.13816,1.2589,5.32955,-58.95279,-12.84127,0.26114,1.91702,-0.00897,72.76591,-9.896716,-1.327651,0.488738,96.63155,31.256894,-2.836397,3059.714331,109.92317,62.0937,-4.10503,349.33545,310.60282,0.094441,5.221951,-0.50059,-6.37654,-1.1349,50,6.16129,2.72525,-114.02571,-0.59185,-0.6614,20.27722,-40.59872,HP,LEX_LEG,HighPoint,Independent,ATL,20250822-HighPoint-1,223a8000-7fb6-11f0-93aa-f3dbcec3603d,77.12198,89.57158,,5.682,,,,2.62713,2.18795,0.01916,a31a5625-cd95-4fb6-9b78-3ca3a078fd38,2025-08-23,00:14:27.65,2025-08-22T20:14:27.6584448-04:00,2025-08-23T00:14:27.6584448Z,FlyBall,v3,5431,495,,"Huntzinger, Jerry",694255,Right,LEX_LEG,a0997c4f-7587-4122-ac86-cd0c5d263d06,55.17499,-114.94229,10.13861,6.14656,1.24333,-20.29936,-1.25877,2.75515,-0.3307,185.179197,2.62823,120.98841,-24.48557,5.8801,-1.31495,0.27895,-0.04867,0.00538,-0.00026,2.1894,73.49938,-17.25037,0.69566,0.23256,-0.17073,0.04648,-0.00594,0.00029,0.01915,-5.99533,2.44597,-0.50242,0.10083,-0.02157,0.00428,-0.00053,3E-05,,,,,,,,,,,,,,,,,,,,,,,High,High,High,High,Medium,,,
166,2025-08-22,20:15:03.00,5,1,"Loper, Jimmy",803182,Right,LEX_LEG,"Dickerson, Alex",543105,Left,HP,Undefined,6,Bottom,2,0,0,Fastball,Four-Seam,BallCalled,Undefined,Undefined,Undefined,0,0,,93.37422,-1.473408,-0.726529,2524.640201,203.808293,12:45,6.1502,1.26778,5.25487,-17.0795,15.5728,6.43512,3.34207,1.12135,85.71187,-4.660315,0.415032,0.411271,,,,,,,,,,,,-3.39961,8.4702,-1.20609,50,6.00276,1.4108,-135.55159,-4.09469,-6.36239,27.99975,-16.32192,HP,LEX_LEG,HighPoint,Independent,ATL,20250822-HighPoint-1,374e7730-7fb6-11f0-93aa-f3dbcec3603d,91.64867,,,7.66235,,,,,,,a31a5625-cd95-4fb6-9b78-3ca3a078fd38,2025-08-23,00:15:03.00,2025-08-22T20:15:03.0037504-04:00,2025-08-23T00:15:03.0037504Z,,v3,5431,495,,"Huntzinger, Jerry",694255,Right,LEX_LEG,31039a56-e6f3-43b9-9b2f-15af2ffba201,55.24362,-136.63043,13.99988,6.14841,-3.4658,-8.16096,-1.26517,1.65594,-3.18119,,,,,,,,,,,,,,,,,,,,,,,,,,,,,,,,,,,,,,,,,,,,,,,,,,,High,High,High,,,,,
167,2025-08-22,20:15:19.17,5,2,"Loper, Jimmy",803182,Right,LEX_LEG,"Dickerson, Alex",543105,Left,HP,Undefined,6,Bottom,2,1,0,Curveball,Curveball,StrikeSwinging,Undefined,Undefined,Undefined,0,0,,80.35346,-1.325101,-2.117111,2522.586157,328.873437,5:00,6.1681,1.06148,5.57419,-51.37054,-8.05567,5.57099,0.64847,-0.45262,75.17597,-10.595195,-1.119728,0.473685,,,,,,,,,,,,-3.3563,-3.40973,-0.88287,50,6.01986,4.10373,-116.81524,-4.48101,-4.68833,19.75214,-36.93701,HP,LEX_LEG,HighPoint,Independent,ATL,20250822-HighPoint-1,40dfce70-7fb6-11f0-93aa-f3dbcec3603d,79.57274,,,5.17749,,,,,,,a31a5625-cd95-4fb6-9b78-3ca3a078fd38,2025-08-23,00:15:19.17,2025-08-22T20:15:19.1728128-04:00,2025-08-23T00:15:19.1728128Z,,v3,5431,495,,"Huntzinger, Jerry",694255,Right,LEX_LEG,a43c939f-e295-4b3c-bf93-828482235862,54.92943,-117.64579,9.87607,6.17563,-2.92785,-18.46851,-1.05957,4.30087,-2.34417,,,,,,,,,,,,,,,,,,,,,,,,,,,,,,,,,,,,,,,,,,,,,,,,,,,High,High,High,,,,,
168,2025-08-22,20:15:35.36,5,3,"Loper, Jimmy",803182,Right,LEX_LEG,"Dickerson, Alex",543105,Left,HP,Undefined,6,Bottom,2,1,1,Fastball,Four-Seam,BallCalled,Undefined,Undefined,Undefined,0,0,,93.87313,-0.432136,-1.473767,2557.719772,202.026662,12:45,6.11647,1.15254,5.22431,-16.09631,16.31166,6.19599,4.3687,0.28301,85.86791,-3.453021,-0.375951,0.40973,,,,,,,,,,,,-3.47772,8.55422,-1.02141,50,6.06493,3.20457,-136.24161,-1.59201,-6.56113,28.88204,-16.03549,HP,LEX_LEG,HighPoint,Independent,ATL,20250822-HighPoint-1,4a948c30-7fb6-11f0-93aa-f3dbcec3603d,91.99346,,,8.00522,,,,,,,a31a5625-cd95-4fb6-9b78-3ca3a078fd38,2025-08-23,00:15:35.36,2025-08-22T20:15:35.3677312-04:00,2025-08-23T00:15:35.3677312Z,,v3,5431,495,,"Huntzinger, Jerry",694255,Right,LEX_LEG,fd97813d-5a4b-4b56-883d-9744685a3618,55.27377,-137.35505,14.44102,6.11439,-0.97382,-8.01774,-1.14982,3.45751,-3.28056,,,,,,,,,,,,,,,,,,,,,,,,,,,,,,,,,,,,,,,,,,,,,,,,,,,High,High,High,,,,,
169,2025-08-22,20:15:50.89,5,4,"Loper, Jimmy",803182,Right,LEX_LEG,"Dickerson, Alex",543105,Left,HP,Undefined,6,Bottom,2,2,1,Fastball,Four-Seam,BallCalled,Undefined,Undefined,Undefined,0,0,,94.24549,-1.001191,-1.215785,2676.202182,203.437658,12:45,6.12734,1.12519,5.31454,-15.24835,16.72332,6.83185,3.91665,0.55324,86.44004,-3.867973,-0.002971,0.406962,,,,,,,,,,,,-3.72303,8.92221,-1.02003,50,6.02579,2.57365,-136.82982,-2.91317,-7.10159,28.45586,-15.15513,HP,LEX_LEG,HighPoint,Independent,ATL,20250822-HighPoint-1,53d63cd0-7fb6-11f0-93aa-f3dbcec3603d,92.61902,,,7.80545,,,,,,,a31a5625-cd95-4fb6-9b78-3ca3a078fd38,2025-08-23,00:15:50.89,2025-08-22T20:15:50.8946944-04:00,2025-08-23T00:15:50.8946944Z,,v3,5431,495,,"Huntzinger, Jerry",694255,Right,LEX_LEG,032abaec-c886-452c-9ab4-c5d75ea60ba8,55.18362,-137.90361,14.22793,6.12493,-2.34128,-7.57757,-1.12221,2.84164,-3.55079,,,,,,,,,,,,,,,,,,,,,,,,,,,,,,,,,,,,,,,,,,,,,,,,,,,High,High,High,,,,,
170,2025-08-22,20:16:08.13,5,5,"Loper, Jimmy",803182,Right,LEX_LEG,"Dickerson, Alex",543105,Left,HP,Undefined,6,Bottom,2,3,1,Curveball,Curveball,InPlay,Undefined,GroundBall,Out,1,0,,80.10534,-0.408112,-2.472678,2496.565422,341.767082,5:30,6.04603,1.09318,5.56398,-51.50833,-7.90662,2.99398,1.37204,-0.96876,74.77212,-9.72382,-1.93758,0.475251,,,,,,,,,,,,-2.15795,-3.73303,-0.88184,50,5.97575,4.91816,-116.46388,-2.57485,-2.99494,19.72867,-37.35495,HP,LEX_LEG,HighPoint,Independent,ATL,20250822-HighPoint-1,5e077d90-7fb6-11f0-93aa-f3dbcec3603d,79.31057,,,5.33322,,,,,,,a31a5625-cd95-4fb6-9b78-3ca3a078fd38,2025-08-23,00:16:08.13,2025-08-22T20:16:08.1340928-04:00,2025-08-23T00:16:08.1340928Z,,v3,5431,495,,"Huntzinger, Jerry",694255,Right,LEX_LEG,2983bffa-5b48-49bf-804e-40744b7727ee,54.94059,-117.29782,9.86433,6.05122,-0.99585,-18.67747,-1.0924,5.04476,-1.49747,,,,,,,,,,,,,,,,,,,,,,,,,,,,,,,,,,,,,,,,,,,,,,,,,,,High,High,High,,,,,
171,2025-08-22,20:19:07.72,1,1,"Scott, Win",803094,Left,HP,"Dixon, Brenden",686981,Right,LEX_LEG,Undefined,7,Top,0,0,0,TwoSeamFastBall,Sinker,BallCalled,Undefined,Undefined,Undefined,0,0,,90.57771,-0.91123,1.63137,1884.990308,103.506678,9:30,5.99631,-1.32445,5.47227,-29.98482,4.44051,-14.19009,2.64442,-0.97988,83.35021,-6.405081,-0.89782,0.42229,,,,,,,,,,,,7.56996,2.80717,1.19091,50,5.89578,-3.10532,-131.555,-3.23368,13.33165,26.61979,-27.23028,HP,LEX_LEG,HighPoint,Independent,ATL,20250822-HighPoint-1,c9269610-7fb6-11f0-93aa-f3dbcec3603d,89.25733,,,7.2275,,,,,,,a31a5625-cd95-4fb6-9b78-3ca3a078fd38,2025-08-23,00:19:07.72,2025-08-22T20:19:07.7282304-04:00,2025-08-23T00:19:07.7282304Z,,v3,5431,495,,"Napleton, Luke",813847,Right,HP,7dea14c6-72da-490b-aa86-19f861e80da3,55.02783,-132.56847,13.3099,5.99916,-2.19697,-13.61514,1.3188,-3.61288,6.66583,,,,,,,,,,,,,,,,,,,,,,,,,,,,,,,,,,,,,,,,,,,,,,,,,,,High,High,High,,,,,
172,2025-08-22,20:19:29.08,1,2,"Scott, Win",803094,Left,HP,"Dixon, Brenden",686981,Right,LEX_LEG,Undefined,7,Top,0,1,0,TwoSeamFastBall,Sinker,StrikeCalled,Undefined,Undefined,Undefined,0,0,,89.95016,-1.623287,2.902574,1884.113838,113.882812,9:45,5.99366,-1.16937,5.50548,-27.90612,6.84115,-13.20198,2.14764,0.44738,83.20227,-6.736047,0.550975,0.424259,,,,,,,,,,,,7.37807,4.17177,0.92485,50,5.8329,-6.0354,-130.57286,-4.73946,12.87774,24.6604,-24.8926,HP,LEX_LEG,HighPoint,Independent,ATL,20250822-HighPoint-1,d5e22b30-7fb6-11f0-93aa-f3dbcec3603d,88.84289,,,6.74789,,,,,,,a31a5625-cd95-4fb6-9b78-3ca3a078fd38,2025-08-23,00:19:29.08,2025-08-22T20:19:29.0857984-04:00,2025-08-23T00:19:29.0857984Z,,v3,5431,495,,"Napleton, Luke",813847,Right,HP,d223445d-fe2b-4b0e-a86c-06b32696b89b,54.99514,-131.51287,12.3302,5.99547,-3.7906,-12.4463,1.16427,-6.52628,6.43887,,,,,,,,,,,,,,,,,,,,,,,,,,,,,,,,,,,,,,,,,,,,,,,,,,,High,High,High,,,,,
173,2025-08-22,20:19:49.20,1,3,"Scott, Win",803094,Left,HP,"Dixon, Brenden",686981,Right,LEX_LEG,Undefined,7,Top,0,1,1,TwoSeamFastBall,Sinker,BallCalled,Undefined,Undefined,Undefined,0,0,,89.91772,-2.222058,3.34606,1799.188899,109.649412,9:45,5.99758,-1.28613,5.49487,-29.44616,5.59847,-12.67997,1.46058,0.79074,82.79489,-7.608992,1.088384,0.426071,,,,,,,,,,,,7.2789,3.74851,1.00185,50,5.78287,-7.05618,-130.34196,-6.1653,12.58138,26.17929,-25.69486,HP,LEX_LEG,HighPoint,Independent,ATL,20250822-HighPoint-1,e1dfee90-7fb6-11f0-93aa-f3dbcec3603d,88.46514,,,7.12283,,,,,,,a31a5625-cd95-4fb6-9b78-3ca3a078fd38,2025-08-23,00:19:49.20,2025-08-22T20:19:49.2087808-04:00,2025-08-23T00:19:49.2087808Z,,v3,5431,495,,"Napleton, Luke",813847,Right,HP,9b59a691-fb63-478d-8452-7a21fff585ff,55.00511,-131.34339,13.08965,5.99991,-5.1824,-12.84743,1.28097,-7.53745,6.29069,,,,,,,,,,,,,,,,,,,,,,,,,,,,,,,,,,,,,,,,,,,,,,,,,,,High,High,High,,,,,
174,2025-08-22,20:20:06.70,1,4,"Scott, Win",803094,Left,HP,"Dixon, Brenden",686981,Right,LEX_LEG,Undefined,7,Top,0,2,1,TwoSeamFastBall,Sinker,FoulBallNotFieldable,Undefined,Undefined,Undefined,0,0,,89.52949,-2.170291,3.027847,1921.934056,112.72068,9:45,5.95679,-1.23605,5.35465,-28.11498,7.31489,-14.93603,1.57461,0.36164,82.57826,-7.309167,0.374442,0.428406,,,,,,,,,,,,8.33737,4.54433,0.97476,50,5.74113,-6.20974,-129.84984,-5.97959,14.3324,25.44406,-24.36208,HP,LEX_LEG,HighPoint,Independent,ATL,20250822-HighPoint-1,ec4efba0-7fb6-11f0-93aa-f3dbcec3603d,87.98288,,,6.95123,,,,,,,a31a5625-cd95-4fb6-9b78-3ca3a078fd38,2025-08-23,00:20:06.70,2025-08-22T20:20:06.7075072-04:00,2025-08-23T00:20:06.7075072Z,,v3,5431,495,,"Napleton, Luke",813847,Right,HP,79fa12c9-bde6-4cca-89dc-0bc1b14b58e7,55.14676,-130.85447,12.72203,5.95824,-5.01769,-12.18104,1.23112,-6.77564,7.1662,,,,,,,,,,,,,,,,,,,,,,,,,,,,,,,,,,,,,,,,,,,,,,,,,,,High,High,High,,,,,
175,2025-08-22,20:20:37.25,1,5,"Scott, Win",803094,Left,HP,"Dixon, Brenden",686981,Right,LEX_LEG,Undefined,7,Top,0,2,2,TwoSeamFastBall,Sinker,BallCalled,Undefined,Undefined,Undefined,0,0,,91.60817,-3.957195,3.445569,2044.023677,116.172592,9:45,5.98998,-1.2563,5.54271,-23.70934,10.01292,-18.29052,0.30327,0.44355,84.56391,-8.307795,0.185635,0.417955,,,,,,,,,,,,10.16024,6.3989,0.96995,50,5.63022,-7.17164,-132.63118,-10.05414,18.23116,26.41496,-20.69208,HP,LEX_LEG,HighPoint,Independent,ATL,20250822-HighPoint-1,fe801e30-7fb6-11f0-93aa-f3dbcec3603d,90.18297,,,7.04427,,,,,,,a31a5625-cd95-4fb6-9b78-3ca3a078fd38,2025-08-23,00:20:37.25,2025-08-22T20:20:37.2575744-04:00,2025-08-23T00:20:37.2575744Z,,v3,5431,495,,"Napleton, Luke",813847,Right,HP,912f7138-9a0f-48bc-9f53-df39b7250b2a,54.95855,-133.61508,13.20748,5.99036,-9.28341,-10.34604,1.24972,-7.85071,9.11558,,,,,,,,,,,,,,,,,,,,,,,,,,,,,,,,,,,,,,,,,,,,,,,,,,,High,High,High,,,,,
176,2025-08-22,20:20:59.66,1,6,"Scott, Win",803094,Left,HP,"Dixon, Brenden",686981,Right,LEX_LEG,Undefined,7,Top,0,3,2,TwoSeamFastBall,Sinker,BallCalled,Walk,Undefined,Undefined,0,0,,90.50216,0.332234,0.774155,1916.412372,126.910882,10:15,5.99616,-1.16606,5.53938,-24.52584,9.7613,-11.66989,4.2629,-1.41494,83.2506,-4.207166,-1.306908,0.421441,,,,,,,,,,,,6.07575,5.1613,1.10677,50,6.00873,-1.25258,-131.52139,-0.12198,10.72502,25.86271,-23.06327,HP,LEX_LEG,HighPoint,Independent,ATL,20250822-HighPoint-1,0bda8b60-7fb7-11f0-93aa-f3dbcec3603d,89.437,,,7.25155,,,,,,,a31a5625-cd95-4fb6-9b78-3ca3a078fd38,2025-08-23,00:20:59.66,2025-08-22T20:20:59.6640768-04:00,2025-08-23T00:20:59.6640768Z,,v3,5431,495,,"Napleton, Luke",813847,Right,HP,892e9f44-4197-4018-944c-4e5d1c2ea848,54.95995,-132.49314,12.93136,5.99703,0.74459,-11.53163,1.1614,-1.65555,5.36251,,,,,,,,,,,,,,,,,,,,,,,,,,,,,,,,,,,,,,,,,,,,,,,,,,,High,High,High,,,,,
177,2025-08-22,20:21:36.99,2,1,"Scott, Win",803094,Left,HP,"Fuentes, Brian",1000059283,Right,LEX_LEG,Undefined,7,Top,0,0,0,TwoSeamFastBall,Sinker,StrikeCalled,Undefined,Undefined,Undefined,0,0,,90.82558,-1.436791,3.185372,1957.022442,129.257212,10:15,6.00356,-1.00561,5.53887,-23.04037,11.14768,-12.38127,2.73828,0.9429,83.5219,-5.701495,0.980999,0.420832,,,,,,,,,,,,7.0826,6.323,0.73756,50,5.8635,-6.77983,-131.75963,-4.13165,12.53501,26.22285,-20.98341,HP,LEX_LEG,HighPoint,Independent,ATL,20250822-HighPoint-1,222247a0-7fb7-11f0-93aa-f3dbcec3603d,89.56652,,,7.30368,,,,,,,a31a5625-cd95-4fb6-9b78-3ca3a078fd38,2025-08-23,00:21:36.99,2025-08-22T20:21:36.9912832-04:00,2025-08-23T00:21:36.9912832Z,,v3,5431,495,,"Napleton, Luke",813847,Right,HP,923bd75d-711c-4c1a-962d-75b01f37f204,54.961,-132.74329,13.11142,6.00373,-3.34452,-10.4917,1.00071,-7.25004,6.2675,,,,,,,,,,,,,,,,,,,,,,,,,,,,,,,,,,,,,,,,,,,,,,,,,,,High,High,High,,,,,
178,2025-08-22,20:21:56.09,2,2,"Scott, Win",803094,Left,HP,"Fuentes, Brian",1000059283,Right,LEX_LEG,Undefined,7,Top,0,0,1,Slider,Slider,StrikeCalled,Undefined,Undefined,Undefined,0,0,,82.65619,0.422221,1.087754,2121.513686,299.98122,4:00,5.9735,-1.34233,4.82138,-42.2875,-0.34874,2.5426,2.84954,-0.10003,76.91467,-7.176382,1.535531,0.4661,,,,,,,,,,,,-1.00118,0.0663,1.23206,50,5.97859,-2.39142,-120.11645,-0.75368,-1.48526,19.90569,-32.0757,HP,LEX_LEG,HighPoint,Independent,ATL,20250822-HighPoint-1,2d8ddd20-7fb7-11f0-93aa-f3dbcec3603d,80.86769,,,5.74152,,,,,,,a31a5625-cd95-4fb6-9b78-3ca3a078fd38,2025-08-23,00:21:56.09,2025-08-22T20:21:56.0974336-04:00,2025-08-23T00:21:56.0974336Z,,v3,5431,495,,"Napleton, Luke",813847,Right,HP,22009a4c-ed36-4af4-94e4-48f3179ce124,55.68024,-121.05412,9.95284,5.9785,0.75727,-16.03785,1.34306,-2.32145,-0.74263,,,,,,,,,,,,,,,,,,,,,,,,,,,,,,,,,,,,,,,,,,,,,,,,,,,High,High,High,,,,,
179,2025-08-22,20:22:17.35,2,3,"Scott, Win",803094,Left,HP,"Fuentes, Brian",1000059283,Right,LEX_LEG,Undefined,7,Top,0,0,2,TwoSeamFastBall,Sinker,FoulBallNotFieldable,Undefined,Undefined,Undefined,0,0,,91.05631,-1.730661,3.088728,1950.616785,123.158807,10:00,6.10042,-1.07694,5.4996,-24.17741,10.06123,-13.73887,2.46404,0.66996,83.38005,-6.200698,0.643279,0.421143,57.11207,19.76261,50.279214,2964.135829,,,,130.85589,128.3446,55.568097,1.969681,7.81111,5.87666,0.81641,50,5.93268,-6.51043,-132.02474,-4.8707,13.80262,27.8048,-21.78967,HP,LEX_LEG,HighPoint,Independent,ATL,20250822-HighPoint-1,3a2c7460-7fb7-11f0-93aa-f3dbcec3603d,89.50034,15.29569,,7.67626,,,,0.93529,2.4113,-0.68756,a31a5625-cd95-4fb6-9b78-3ca3a078fd38,2025-08-23,00:22:17.35,2025-08-22T20:22:17.3554176-04:00,2025-08-23T00:22:17.3554176Z,GroundBall,v3,5431,495,,"Napleton, Luke",813847,Right,HP,ec8acc2b-5860-4dea-adf1-4249c16a5ca2,55.00049,-133.07369,13.9024,6.10093,-4.04867,-10.89484,1.07184,-7.03114,6.90131,236.040004,0.93529,50.37685,-10.13587,2.48444,-0.52656,0.09537,-0.01835,0.00358,-0.00033,2.4113,28.32232,-16.09355,0.60684,-0.03063,-0.00406,0.00306,0.00036,-0.00016,-0.68756,60.6339,-3.75415,0.61783,-0.07355,0.00515,-0.0012,0.0007,-0.00011,,,,,,,,,,,,,,,,,,,,,,,High,High,High,High,High,,,
180,2025-08-22,20:23:04.18,2,4,"Scott, Win",803094,Left,HP,"Fuentes, Brian",1000059283,Right,LEX_LEG,Undefined,7,Top,0,0,2,Slider,Slider,StrikeSwinging,Strikeout,Undefined,Undefined,0,0,,83.44452,-2.262408,2.359698,2078.64054,34.723533,7:15,5.90716,-1.41549,5.08271,-41.49841,0.43232,-0.71047,0.31347,0.75085,76.14051,-9.761301,2.233868,0.466055,,,,,,,,,,,,1.09067,1.34839,1.19255,50,5.66013,-4.94577,-120.76893,-6.33128,1.59183,26.1095,-30.20612,HP,LEX_LEG,HighPoint,Independent,ATL,20250822-HighPoint-1,5621e510-7fb7-11f0-93aa-f3dbcec3603d,80.87545,,,7.30401,,,,,,,a31a5625-cd95-4fb6-9b78-3ca3a078fd38,2025-08-23,00:23:04.18,2025-08-22T20:23:04.1854464-04:00,2025-08-23T00:23:04.1854464Z,,v3,5431,495,,"Napleton, Luke",813847,Right,HP,a851d762-7b87-4246-9d4c-70f176565667,55.41542,-121.9341,13.05475,5.9126,-4.9833,-15.10306,1.41484,-5.01681,0.79592,,,,,,,,,,,,,,,,,,,,,,,,,,,,,,,,,,,,,,,,,,,,,,,,,,,High,High,High,,,,,
181,2025-08-22,20:23:37.57,3,1,"Scott, Win",803094,Left,HP,"Huntzinger, Jerry",694255,Right,LEX_LEG,Undefined,7,Top,1,0,0,TwoSeamFastBall,Sinker,BallCalled,Undefined,Undefined,Undefined,0,0,,91.19795,-3.366892,1.949406,1956.432957,122.99358,10:00,5.99542,-1.08199,5.65399,-23.3521,10.57154,-14.64387,0.90387,-0.48351,83.8287,-7.677678,-0.669533,0.419201,,,,,,,,,,,,7.96044,6.60977,0.92624,50,5.69499,-3.85204,-132.2165,-8.60761,14.12454,27.56486,-20.44606,HP,LEX_LEG,HighPoint,Independent,ATL,20250822-HighPoint-1,69fdf880-7fb7-11f0-93aa-f3dbcec3603d,89.91485,,,7.36925,,,,,,,a31a5625-cd95-4fb6-9b78-3ca3a078fd38,2025-08-23,00:23:37.57,2025-08-22T20:23:37.5705600-04:00,2025-08-23T00:23:37.5705600Z,,v3,5431,495,,"Napleton, Luke",813847,Right,HP,9966e571-7c8a-425a-9247-6bd6dee1a238,54.84569,-133.22292,13.78243,5.99563,-7.86111,-10.22303,1.0763,-4.36774,7.06227,,,,,,,,,,,,,,,,,,,,,,,,,,,,,,,,,,,,,,,,,,,,,,,,,,,High,High,High,,,,,
182,2025-08-22,20:23:57.49,3,2,"Scott, Win",803094,Left,HP,"Huntzinger, Jerry",694255,Right,LEX_LEG,Undefined,7,Top,1,1,0,Slider,Slider,StrikeSwinging,Undefined,Undefined,Undefined,0,0,,82.36978,-0.949496,2.226618,2142.04101,288.759826,3:45,5.95386,-1.41329,4.96653,-42.10502,0.52189,2.33244,1.54742,0.8855,75.89711,-8.540794,2.638428,0.469909,,,,,,,,,,,,-0.545,0.91362,1.19586,50,5.82736,-4.74496,-119.45033,-3.5686,-0.78838,22.74396,-30.85239,HP,LEX_LEG,HighPoint,Independent,ATL,20250822-HighPoint-1,75e7e5c0-7fb7-11f0-93aa-f3dbcec3603d,80.21229,,,6.47267,,,,,,,a31a5625-cd95-4fb6-9b78-3ca3a078fd38,2025-08-23,00:23:57.49,2025-08-22T20:23:57.4935040-04:00,2025-08-23T00:23:57.4935040Z,,v3,5431,495,,"Napleton, Luke",813847,Right,HP,b6a4e902-999f-474a-b855-30d4938677c8,55.5332,-120.49927,11.37198,5.95913,-2.1457,-15.42619,1.41386,-4.70861,-0.39419,,,,,,,,,,,,,,,,,,,,,,,,,,,,,,,,,,,,,,,,,,,,,,,,,,,High,High,High,,,,,
183,2025-08-22,20:24:16.36,3,3,"Scott, Win",803094,Left,HP,"Huntzinger, Jerry",694255,Right,LEX_LEG,Undefined,7,Top,1,1,1,Slider,Slider,InPlay,Undefined,Undefined,Out,1,0,batter out on batter's interference,81.85601,-2.564905,3.257473,2097.269524,249.525869,2:15,5.89717,-1.41037,5.00237,-40.67246,2.21008,2.68193,0.08095,1.89154,76.30713,-9.845042,3.730843,0.471316,,,,,,,,,,,,-0.52933,2.07016,1.09477,50,5.6169,-6.86328,-118.63449,-6.82397,-0.76191,20.57088,-29.19425,HP,LEX_LEG,HighPoint,Independent,ATL,20250822-HighPoint-1,8122a740-7fb7-11f0-93aa-f3dbcec3603d,79.97284,,,5.54889,,,,,,,a31a5625-cd95-4fb6-9b78-3ca3a078fd38,2025-08-23,00:24:16.36,2025-08-22T20:24:16.3610000-04:00,2025-08-23T00:24:16.3610000Z,,v3,5431,495,,"Napleton, Luke",813847,Right,HP,34cfd678-ff17-4e73-8da6-af48858289c0,55.49918,-119.58423,10.28544,5.90084,-5.47609,-14.59713,1.41083,-6.82811,-0.38095,,,,,,,,,,,,,,,,,,,,,,,,,,,,,74.83808,,,1.37207,,,,-1.19331,6.58564,1.59402,127.2795,0.47424,9.24253,-1.01963,107.11682,-10.0628,6.62556,12.50972,-12.42393,1.54318,2.96484,1.97009,High,High,High,,,High,High,High
184,2025-08-22,20:25:29.24,4,1,"Scott, Win",803094,Left,HP,"Atwood, Andy",664762,Right,LEX_LEG,Undefined,7,Top,2,0,0,TwoSeamFastBall,Sinker,InPlay,Undefined,Bunt,Single,0,0,,90.1665,0.150754,1.64458,1886.862318,111.102154,9:45,5.99228,-1.15207,5.50567,-28.15045,6.58225,-14.32509,3.78746,-0.80735,82.68953,-5.037115,-0.908379,0.424171,,,,,,,,,,,,7.74839,3.57559,1.0187,50,5.9864,-3.1368,-130.98096,-0.691,13.4995,26.91797,-25.94455,HP,LEX_LEG,HighPoint,Independent,ATL,20250822-HighPoint-1,ac851170-7fb7-11f0-93aa-f3dbcec3603d,88.86146,,,7.47697,,,,,,,a31a5625-cd95-4fb6-9b78-3ca3a078fd38,2025-08-23,00:25:29.24,2025-08-22T20:25:29.2451328-04:00,2025-08-23T00:25:29.2451328Z,,v3,5431,495,,"Napleton, Luke",813847,Right,HP,0e079b9e-a7f0-4d53-95d4-221af404ffd0,54.99573,-132.00364,13.45898,5.99392,0.2947,-12.97227,1.14762,-3.64969,6.74975,,,,,,,,,,,,,,,,,,,,,,,,,,,,,,,,,,,,,,,,,,,,,,,,,,,High,High,High,,,,,
185,2025-08-22,20:26:21.87,5,1,"Scott, Win",803094,Left,HP,"Washington, Xane",1000026055,Right,LEX_LEG,Undefined,7,Top,2,0,0,TwoSeamFastBall,Sinker,InPlay,Undefined,GroundBall,FieldersChoice,1,0,,89.46864,-1.565563,2.454346,1841.982619,110.034718,9:45,5.97908,-1.39146,5.55083,-28.8647,6.34709,-14.49706,2.10906,-0.3047,82.39146,-6.864765,-0.131946,0.427086,76.03925,-15.845623,-12.497699,,,,,9.36322,8.79138,-8.280432,0.072039,8.04457,3.92532,1.18912,50,5.82428,-4.94482,-129.88768,-4.60491,13.81029,25.95614,-25.43539,HP,LEX_LEG,HighPoint,Independent,ATL,20250822-HighPoint-1,cbf047f0-7fb7-11f0-93aa-f3dbcec3603d,88.25488,2.19932,,7.07718,,,,1.70055,2.19932,0.32834,a31a5625-cd95-4fb6-9b78-3ca3a078fd38,2025-08-23,00:26:21.87,2025-08-22T20:26:21.8734592-04:00,2025-08-23T00:26:21.8734592Z,GroundBall,v3,5431,495,,"Napleton, Luke",813847,Right,HP,cf64aafd-bd2b-4281-b9a6-476d55706416,54.95068,-130.87326,12.97807,5.98079,-3.63909,-12.7177,1.38684,-5.46921,6.90515,180,1.69742,105.014,,,,,,,,2.20023,-30.52972,,,,,,,,0.32903,-23.27662,,,,,,,,,,,,,,,,,,,,,,,,,,,,,,High,High,High,High,High,,,
186,2025-08-22,20:29:07.04,1,1,"Loper, Jimmy",803182,Right,LEX_LEG,"Edwards, Evan",657212,Left,HP,Undefined,7,Bottom,0,0,0,Fastball,Four-Seam,BallCalled,Undefined,Undefined,Undefined,0,0,,92.44731,-0.067523,-1.760598,2507.873795,206.650503,1:00,6.09273,1.25927,5.38902,-17.62245,15.32863,7.22701,4.56088,0.21085,85.22343,-3.356894,-0.47646,0.413148,,,,,,,,,,,,-4.05524,8.00808,-1.10717,50,6.07443,3.79288,-134.3129,-0.77346,-7.49657,25.82751,-17.37025,HP,LEX_LEG,HighPoint,Independent,ATL,20250822-HighPoint-1,2e67ccf0-7fb8-11f0-93aa-f3dbcec3603d,91.23219,,,7.22389,,,,,,,a31a5625-cd95-4fb6-9b78-3ca3a078fd38,2025-08-23,00:29:07.04,2025-08-22T20:29:07.0462464-04:00,2025-08-23T00:29:07.0462464Z,,v3,5431,495,,"Huntzinger, Jerry",694255,Right,LEX_LEG,e6da16f4-bc4b-47f8-a214-8257b9848acb,55.11035,-135.29202,12.91376,6.09127,-0.11496,-8.68513,-1.25635,4.07708,-3.74828,,,,,,,,,,,,,,,,,,,,,,,,,,,,,,,,,,,,,,,,,,,,,,,,,,,High,High,High,,,,,
187,2025-08-22,20:29:25.51,1,2,"Loper, Jimmy",803182,Right,LEX_LEG,"Edwards, Evan",657212,Left,HP,Undefined,7,Bottom,0,1,0,Fastball,Four-Seam,BallCalled,Undefined,Undefined,Undefined,0,0,,92.67009,-0.790704,-1.02397,2491.515242,199.329476,12:45,5.94971,1.29049,5.35427,-17.29879,15.47076,5.10768,3.7664,0.75568,85.64228,-4.012946,-0.116468,0.412009,,,,,,,,,,,,-2.80567,8.24178,-1.20214,50,5.86639,2.16923,-134.68172,-2.46831,-5.22417,25.48836,-16.82789,HP,LEX_LEG,HighPoint,Independent,ATL,20250822-HighPoint-1,3964c220-7fb8-11f0-93aa-f3dbcec3603d,91.48455,,,7.02781,,,,,,,a31a5625-cd95-4fb6-9b78-3ca3a078fd38,2025-08-23,00:29:25.51,2025-08-22T20:29:25.5195136-04:00,2025-08-23T00:29:25.5195136Z,,v3,5431,495,,"Huntzinger, Jerry",694255,Right,LEX_LEG,00009599-084a-4e66-9764-34d5b24e0a78,55.14522,-135.65195,12.74418,5.94816,-1.82775,-8.41394,-1.28849,2.36809,-2.61209,,,,,,,,,,,,,,,,,,,,,,,,,,,,,,,,,,,,,,,,,,,,,,,,,,,High,High,High,,,,,
188,2025-08-22,20:29:42.92,1,3,"Loper, Jimmy",803182,Right,LEX_LEG,"Edwards, Evan",657212,Left,HP,Undefined,7,Bottom,0,2,0,Fastball,Four-Seam,StrikeCalled,Undefined,Undefined,Undefined,0,0,,92.05351,-2.845392,-1.96591,2472.052063,199.228598,12:45,6.02544,1.1664,5.43967,-18.76273,14.26591,4.66965,1.79374,-0.28603,85.71946,-6.305008,-1.135072,0.413634,,,,,,,,,,,,-2.79843,8.11689,-0.99579,50,5.76049,4.37819,-133.67908,-7.31799,-5.16114,23.62756,-17.20411,HP,LEX_LEG,HighPoint,Independent,ATL,20250822-HighPoint-1,43b15310-7fb8-11f0-93aa-f3dbcec3603d,91.12504,,,6.33405,,,,,,,a31a5625-cd95-4fb6-9b78-3ca3a078fd38,2025-08-23,00:29:42.92,2025-08-22T20:29:42.9267456-04:00,2025-08-23T00:29:42.9267456Z,,v3,5431,495,,"Huntzinger, Jerry",694255,Right,LEX_LEG,caa624a0-75d6-4fcc-8cb5-f3df74464f40,55.06102,-134.57064,11.81378,6.02437,-6.66882,-8.60205,-1.16468,4.57294,-2.58057,,,,,,,,,,,,,,,,,,,,,,,,,,,,,,,,,,,,,,,,,,,,,,,,,,,High,High,High,,,,,
189,2025-08-22,20:30:00.17,1,4,"Loper, Jimmy",803182,Right,LEX_LEG,"Edwards, Evan",657212,Left,HP,Undefined,7,Bottom,0,2,1,Slider,Curveball,BallCalled,Undefined,Undefined,Undefined,0,0,,79.61269,-0.719014,-2.519468,2463.132546,14.437523,6:30,5.99909,1.22383,5.6196,-52.07519,-8.20548,-2.4,0.98779,-1.32896,74.76576,-10.119191,-2.948842,0.47671,,,,,,,,,,,,0.63165,-3.64398,-1.0072,50,5.90385,5.18579,-115.78417,-3.23082,0.87081,18.4714,-37.19754,HP,LEX_LEG,HighPoint,Independent,ATL,20250822-HighPoint-1,4e002df0-7fb8-11f0-93aa-f3dbcec3603d,79.06792,,,4.84693,,,,,,,a31a5625-cd95-4fb6-9b78-3ca3a078fd38,2025-08-23,00:30:00.17,2025-08-22T20:30:00.1717248-04:00,2025-08-23T00:30:00.1717248Z,,v3,5431,495,,"Huntzinger, Jerry",694255,Right,LEX_LEG,e088e19a-d593-4f17-b73b-b4be0a41024d,54.88437,-116.56078,9.2357,6.0068,-1.66688,-18.59877,-1.22447,5.14918,0.43541,,,,,,,,,,,,,,,,,,,,,,,,,,,,,,,,,,,,,,,,,,,,,,,,,,,High,High,High,,,,,
190,2025-08-22,20:30:18.74,1,5,"Loper, Jimmy",803182,Right,LEX_LEG,"Edwards, Evan",657212,Left,HP,Undefined,7,Bottom,0,3,1,Fastball,Four-Seam,InPlay,Undefined,GroundBall,Out,1,0,,92.73155,-1.975616,-1.43908,2487.40196,210.785681,1:00,6.01197,1.22227,5.50734,-16.8328,15.608,8.78166,2.76032,0.60796,86.13523,-5.107455,0.125746,0.409937,106.27544,-5.633116,-3.568402,,,,,27.49543,26.47749,-5.119455,0.172845,-4.8002,8.63422,-1.10288,50,5.82821,2.99611,-134.80145,-5.23548,-8.98703,24.50101,-16.00892,HP,LEX_LEG,HighPoint,Independent,ATL,20250822-HighPoint-1,59190f90-7fb8-11f0-93aa-f3dbcec3603d,91.94684,2.85022,,6.59632,,,,1.13106,2.85022,-0.62844,a31a5625-cd95-4fb6-9b78-3ca3a078fd38,2025-08-23,00:30:18.74,2025-08-22T20:30:18.7443712-04:00,2025-08-23T00:30:18.7443712Z,GroundBall,v3,5431,495,,"Huntzinger, Jerry",694255,Right,LEX_LEG,84fb1170-3283-4767-8089-32f3b742bae7,54.99431,-135.70616,12.25051,6.01062,-4.64434,-8.00446,-1.21964,3.32796,-4.49352,139.33203,1.13163,154.77323,-16.67531,,,,,,,2.85008,-15.28912,-6.93867,,,,,,,-0.62817,-9.67512,-5.13079,,,,,,,,,,,,,,,,,,,,,,,,,,,,,High,High,High,High,High,,,
191,2025-08-22,20:30:54.74,2,1,"Loper, Jimmy",803182,Right,LEX_LEG,"Napleton, Luke",813847,Right,HP,Undefined,7,Bottom,1,0,0,Curveball,Curveball,StrikeCalled,Undefined,Undefined,Undefined,0,0,,76.89286,2.17157,0.123346,2367.401151,19.449365,6:45,6.08308,1.16749,5.33102,-60.40113,-12.95142,-5.00016,3.08818,0.86654,71.89885,-8.721189,-0.766461,0.495779,,,,,,,,,,,,2.54181,-6.63178,-1.1749,50,6.23513,-0.04916,-111.87366,2.14892,3.27448,17.06235,-40.71747,HP,LEX_LEG,HighPoint,Independent,ATL,20250822-HighPoint-1,6e9dc9f0-7fb8-11f0-93aa-f3dbcec3603d,76.02669,,,4.99401,,,,,,,a31a5625-cd95-4fb6-9b78-3ca3a078fd38,2025-08-23,00:30:54.74,2025-08-22T20:30:54.7461632-04:00,2025-08-23T00:30:54.7461632Z,,v3,5431,495,,"Huntzinger, Jerry",694255,Right,LEX_LEG,ae4e4193-e3cc-4100-9b31-61cd7bcb5379,55.17473,-112.66011,8.53117,6.09283,4.02572,-20.35873,-1.16915,-0.2001,1.63724,,,,,,,,,,,,,,,,,,,,,,,,,,,,,,,,,,,,,,,,,,,,,,,,,,,High,High,High,,,,,
192,2025-08-22,20:31:09.93,2,2,"Loper, Jimmy",803182,Right,LEX_LEG,"Napleton, Luke",813847,Right,HP,Undefined,7,Bottom,1,0,1,Slider,Slider,StrikeSwinging,Undefined,Undefined,Undefined,0,0,,83.38028,-0.237196,-1.459898,2540.525933,78.477348,8:30,5.90914,1.28911,5.40555,-40.17108,-0.47043,-6.48126,2.33923,-0.61918,78.92091,-7.485365,-2.613639,0.453493,,,,,,,,,,,,3.00961,0.07028,-1.15438,50,5.85927,3.35531,-121.4603,-1.95497,4.63845,16.70807,-32.06574,HP,LEX_LEG,HighPoint,Independent,ATL,20250822-HighPoint-1,77a557c0-7fb8-11f0-93aa-f3dbcec3603d,83.11588,,,4.45937,,,,,,,a31a5625-cd95-4fb6-9b78-3ca3a078fd38,2025-08-23,00:31:09.93,2025-08-22T20:31:09.9363328-04:00,2025-08-23T00:31:09.9363328Z,,v3,5431,495,,"Huntzinger, Jerry",694255,Right,LEX_LEG,eee922e5-e666-4e08-962d-d6d3f2da9b2a,55.09828,-122.15961,8.35404,5.913,-0.61288,-16.03287,-1.29075,3.16117,2.31923,,,,,,,,,,,,,,,,,,,,,,,,,,,,,,,,,,,,,,,,,,,,,,,,,,,High,High,High,,,,,
193,2025-08-22,20:31:34.93,2,3,"Loper, Jimmy",803182,Right,LEX_LEG,"Napleton, Luke",813847,Right,HP,Undefined,7,Bottom,1,0,2,Slider,Slider,BallCalled,Undefined,Undefined,Undefined,0,0,,82.46325,-0.923428,-0.720108,2501.015074,65.868612,8:15,5.99022,1.07912,5.45948,-42.91644,-2.26158,-7.10083,1.54934,-0.1867,77.94106,-8.662187,-1.987243,0.45891,,,,,,,,,,,,3.46358,-0.68409,-1.01062,50,5.87879,1.78942,-120.10768,-3.46353,5.19691,17.33494,-33.20048,HP,LEX_LEG,HighPoint,Independent,ATL,20250822-HighPoint-1,869272e0-7fb8-11f0-93aa-f3dbcec3603d,82.1347,,,4.52219,,,,,,,a31a5625-cd95-4fb6-9b78-3ca3a078fd38,2025-08-23,00:31:34.93,2025-08-22T20:31:34.9372416-04:00,2025-08-23T00:31:34.9372416Z,,v3,5431,495,,"Huntzinger, Jerry",694255,Right,LEX_LEG,6b1e0c1e-deb8-4257-958e-bcfec3cbe0f6,55.04447,-120.83355,8.66747,5.99472,-2.07333,-16.60024,-1.08099,1.57181,2.59845,,,,,,,,,,,,,,,,,,,,,,,,,,,,,,,,,,,,,,,,,,,,,,,,,,,High,High,High,,,,,
194,2025-08-22,20:31:51.33,2,4,"Loper, Jimmy",803182,Right,LEX_LEG,"Napleton, Luke",813847,Right,HP,Undefined,7,Bottom,1,1,2,Fastball,Four-Seam,BallCalled,Undefined,Undefined,Undefined,0,0,,94.53523,-3.685362,-1.856377,2536.836012,198.377871,12:30,6.13432,0.82042,5.42388,-12.54536,18.98517,6.00859,1.63037,-0.41826,87.50401,-6.046692,-0.787976,0.404145,,,,,,,,,,,,-3.4687,10.72359,-0.65998,50,5.79822,4.16298,-137.10633,-9.23881,-6.69651,26.27718,-11.47155,HP,LEX_LEG,HighPoint,Independent,ATL,20250822-HighPoint-1,904ed1c0-7fb8-11f0-93aa-f3dbcec3603d,93.26466,,,7.03121,,,,,,,a31a5625-cd95-4fb6-9b78-3ca3a078fd38,2025-08-23,00:31:51.33,2025-08-22T20:31:51.3353216-04:00,2025-08-23T00:31:51.3353216Z,,v3,5431,495,,"Huntzinger, Jerry",694255,Right,LEX_LEG,bd0d35d0-84f9-41d2-818c-3542a37b0130,55.07629,-138.0758,13.13859,6.13127,-8.81557,-5.73577,-0.81812,4.41004,-3.34825,,,,,,,,,,,,,,,,,,,,,,,,,,,,,,,,,,,,,,,,,,,,,,,,,,,High,High,High,,,,,
195,2025-08-22,20:32:09.61,2,5,"Loper, Jimmy",803182,Right,LEX_LEG,"Napleton, Luke",813847,Right,HP,Undefined,7,Bottom,1,2,2,Curveball,Curveball,InPlay,Undefined,GroundBall,Out,1,0,,78.56152,1.105001,-1.579134,2444.872244,38.431511,7:15,6.04022,1.00343,5.49827,-51.2357,-6.00583,-5.69307,2.80468,-0.94843,73.37937,-8.179204,-2.594299,0.484043,99.57183,0.978488,-14.979577,2987.137969,,,,54.20082,53.0058,-14.392775,0.37781,2.53244,-3.01366,-0.86129,50,6.10144,3.3642,-114.28458,0.47472,3.40044,18.04721,-36.22069,HP,LEX_LEG,HighPoint,Independent,ATL,20250822-HighPoint-1,9b388d10-7fb8-11f0-93aa-f3dbcec3603d,77.87001,2.99124,,5.18215,,,,2.0987,2.93764,0.9291,a31a5625-cd95-4fb6-9b78-3ca3a078fd38,2025-08-23,00:32:09.61,2025-08-22T20:32:09.6176640-04:00,2025-08-23T00:32:09.6176640Z,GroundBall,v3,5431,495,,"Huntzinger, Jerry",694255,Right,LEX_LEG,ccaf4333-c08a-45f1-bc30-9bd00c2d5346,55.00574,-115.07235,9.02361,6.04621,2.05576,-18.11035,-1.0049,3.21577,1.70022,29.661987,2.10362,140.88192,-19.86327,,,,,,,2.94804,2.12622,-26.35057,,,,,,,0.93185,-37.83954,-0.77673,,,,,,,,,,,,,,,,,,,,,,,,,,,,,High,High,High,High,High,,,
196,2025-08-22,20:32:42.67,3,1,"Loper, Jimmy",803182,Right,LEX_LEG,"Longhi, Nick",641802,Right,HP,Undefined,7,Bottom,2,0,0,Slider,Slider,StrikeSwinging,Undefined,Undefined,Undefined,0,0,,81.71998,0.145341,-0.434115,2469.678583,81.920982,8:45,5.87841,1.57919,5.54234,-41.37758,-0.0237,-7.02689,2.56612,0.58789,76.82644,-7.364173,-1.688818,0.462839,,,,,,,,,,,,3.48343,0.25768,-1.53675,50,5.86303,1.17594,-119.01365,-1.13282,5.11969,17.54421,-31.79533,HP,LEX_LEG,HighPoint,Independent,ATL,20250822-HighPoint-1,aef076b0-7fb8-11f0-93aa-f3dbcec3603d,81.43755,,,4.89354,,,,,,,a31a5625-cd95-4fb6-9b78-3ca3a078fd38,2025-08-23,00:32:42.67,2025-08-22T20:32:42.6728960-04:00,2025-08-23T00:32:42.6728960Z,,v3,5431,495,,"Huntzinger, Jerry",694255,Right,LEX_LEG,3b5b9414-8618-4f7a-80c1-9c4e455648f7,54.96077,-119.7427,8.7721,5.88265,0.18844,-15.89766,-1.58119,0.96319,2.55984,,,,,,,,,,,,,,,,,,,,,,,,,,,,,,,,,,,,,,,,,,,,,,,,,,,High,High,High,,,,,
197,2025-08-22,20:32:58.81,3,2,"Loper, Jimmy",803182,Right,LEX_LEG,"Longhi, Nick",641802,Right,HP,Undefined,7,Bottom,2,0,1,Fastball,Four-Seam,StrikeSwinging,Undefined,Undefined,Undefined,0,0,,94.0734,-2.211092,-1.913832,2407.811849,209.586097,1:00,6.02907,1.05972,5.44686,-14.37056,17.39765,9.36449,2.7592,0.04759,86.9118,-4.909639,-0.247839,0.405665,,,,,,,,,,,,-5.18244,9.58575,-0.89728,50,5.82386,4.12884,-136.60329,-5.75707,-9.91869,26.46038,-13.82782,HP,LEX_LEG,HighPoint,Independent,ATL,20250822-HighPoint-1,b8859e80-7fb8-11f0-93aa-f3dbcec3603d,92.91516,,,7.16159,,,,,,,a31a5625-cd95-4fb6-9b78-3ca3a078fd38,2025-08-23,00:32:58.81,2025-08-22T20:32:58.8127744-04:00,2025-08-23T00:32:58.8127744Z,,v3,5431,495,,"Huntzinger, Jerry",694255,Right,LEX_LEG,37b0b45d-a87a-4021-8f66-c348bf2deb10,55.0533,-137.57864,13.23019,6.02667,-5.24736,-6.91391,-1.05621,4.49445,-4.95934,,,,,,,,,,,,,,,,,,,,,,,,,,,,,,,,,,,,,,,,,,,,,,,,,,,High,High,High,,,,,
198,2025-08-22,20:33:15.35,3,3,"Loper, Jimmy",803182,Right,LEX_LEG,"Longhi, Nick",641802,Right,HP,Undefined,7,Bottom,2,0,2,Slider,Slider,StrikeCalled,Strikeout,Undefined,Undefined,0,0,,84.41939,-1.08294,-1.879744,2548.340429,149.006992,11:00,5.7861,1.45907,5.41538,-34.1586,4.55071,-2.2337,1.92438,-0.48866,79.91452,-7.258065,-2.277257,0.447795,,,,,,,,,,,,0.7852,2.76414,-1.29033,50,5.66547,4.12435,-122.91778,-3.55349,1.24107,16.78606,-27.80509,HP,LEX_LEG,HighPoint,Independent,ATL,20250822-HighPoint-1,c265d910-7fb8-11f0-93aa-f3dbcec3603d,84.17345,,,4.50487,,,,,,,a31a5625-cd95-4fb6-9b78-3ca3a078fd38,2025-08-23,00:33:15.35,2025-08-22T20:33:15.3510000-04:00,2025-08-23T00:33:15.3510000Z,,v3,5431,495,,"Huntzinger, Jerry",694255,Right,LEX_LEG,9d6f414c-44f9-4fe9-acd5-a37c620162a1,55.08762,-123.61061,8.39303,5.78845,-2.40586,-13.90255,-1.45951,4.07313,0.62053,,,,,,,,,,,,,,,,,,,,,,,,,,,,,72.91863,,,0.925122,,,,-2.69527,5.34846,5.28228,74.4502,5.51972,50.55035,-2.63273,91.11458,-8.42595,5.38628,13.65034,-14.6004,5.30684,52.41965,-3.79963,High,High,High,,,High,High,High
199,2025-08-22,20:36:00.21,1,1,"Klobosits, Gabe",656620,Right,HP,"Whalen, Brady",669714,Left,LEX_LEG,Undefined,8,Top,0,0,0,TwoSeamFastBall,Sinker,StrikeCalled,Undefined,Undefined,Undefined,0,0,,97.68329,-2.963615,-4.075871,2152.608582,242.775483,2:00,6.60884,2.05719,6.48208,-19.70411,9.00497,15.75572,2.23634,-0.37859,89.57954,-6.671219,-1.223122,0.385639,,,,,,,,,,,,-9.32733,5.79953,-1.77665,50,6.39117,9.41493,-141.59241,-7.98696,-18.98102,31.60146,-20.37203,HP,LEX_LEG,HighPoint,Independent,ATL,20250822-HighPoint-1,249f1c90-7fb9-11f0-93aa-f3dbcec3603d,97.74022,,,8.10375,,,,,,,a31a5625-cd95-4fb6-9b78-3ca3a078fd38,2025-08-23,00:36:00.21,2025-08-22T20:36:00.2145792-04:00,2025-08-23T00:36:00.2145792Z,,v3,5431,495,,"Napleton, Luke",813847,Right,HP,939e5e12-118a-457b-9613-b7b55a676ecf,54.01803,-142.48636,15.80073,6.60896,-7.41067,-10.18601,-2.05058,9.95187,-9.49051,,,,,,,,,,,,,,,,,,,,,,,,,,,,,,,,,,,,,,,,,,,,,,,,,,,High,High,High,,,,,
200,2025-08-22,20:36:14.65,1,2,"Klobosits, Gabe",656620,Right,HP,"Whalen, Brady",669714,Left,LEX_LEG,Undefined,8,Top,0,0,1,Sweeper,Slider,FoulBallNotFieldable,Undefined,Undefined,Undefined,0,0,,88.5175,-1.582285,-2.230922,2688.292339,15.415548,6:30,6.62814,2.11249,5.81761,-41.06872,-5.31827,-1.76461,1.73307,-0.10989,81.68009,-9.065716,-2.547742,0.430341,102.33493,16.294014,36.815297,2687.137221,84.81056,26.29527,70.0511,297.49759,221.78093,45.962321,2.934429,0.28768,-2.01791,-1.92872,50,6.47378,5.0799,-128.54451,-5.04425,0.48122,26.71888,-35.54939,HP,LEX_LEG,HighPoint,Independent,ATL,20250822-HighPoint-1,2d3d8850-7fb9-11f0-93aa-f3dbcec3603d,87.58747,30.44026,,6.8374,,,,2.64703,1.9379,-0.03348,a31a5625-cd95-4fb6-9b78-3ca3a078fd38,2025-08-23,00:36:14.65,2025-08-22T20:36:14.6522624-04:00,2025-08-23T00:36:14.6522624Z,LineDrive,v3,5431,495,,"Napleton, Luke",813847,Right,HP,b94d91d3-a9c6-4fe2-a89b-c4b069985543,54.68434,-129.51452,13.35944,6.63348,-3.75365,-17.7747,-2.11282,5.06243,0.24061,238.646483,2.64689,115.33665,-26.95469,6.50891,-1.28492,0.13774,0.00887,-0.00537,0.00055,1.93799,42.10703,-16.44723,0.70749,-0.08606,0.06121,-0.02643,0.00584,-0.0005,-0.03337,86.32363,-4.61698,-0.4617,0.25898,-0.0165,-0.01651,0.0051,-0.00048,,,,,,,,,,,,,,,,,,,,,,,High,High,High,High,Medium,,,
201,2025-08-22,20:36:53.98,1,3,"Klobosits, Gabe",656620,Right,HP,"Whalen, Brady",669714,Left,LEX_LEG,Undefined,8,Top,0,0,2,Fastball,Four-Seam,FoulBallNotFieldable,Undefined,Undefined,Undefined,0,0,,97.08026,-2.718229,-3.534185,2305.261017,198.615634,12:30,6.70243,2.07303,6.25465,-13.53217,15.81454,5.01205,3.06145,-0.77251,88.76235,-5.309093,-2.631177,0.389898,,,,,,,,,,,,-3.62603,9.29516,-1.81293,50,6.49351,8.48322,-140.76343,-7.09262,-7.27074,32.1394,-13.53592,HP,LEX_LEG,HighPoint,Independent,ATL,20250822-HighPoint-1,44a3d3f0-7fb9-11f0-93aa-f3dbcec3603d,96.67255,,,8.31791,,,,,,,a31a5625-cd95-4fb6-9b78-3ca3a078fd38,2025-08-23,00:36:53.98,2025-08-22T20:36:53.9857408-04:00,2025-08-23T00:36:53.9857408Z,,v3,5431,495,,"Napleton, Luke",813847,Right,HP,34ff4c3b-c825-42e7-bfc8-9b1fc41c2bc6,54.24632,-141.72964,16.0697,6.70062,-6.68569,-6.76796,-2.07125,8.7018,-3.63537,,,,,,,,,,,,,,,,,,,,,,,,,,,,,,,,,,,,,,,,,,,,,,,,,,,High,High,High,,,,,
202,2025-08-22,20:37:19.89,1,4,"Klobosits, Gabe",656620,Right,HP,"Whalen, Brady",669714,Left,LEX_LEG,Undefined,8,Top,0,0,2,TwoSeamFastBall,Sinker,InPlay,Undefined,FlyBall,Out,1,0,,97.85749,-1.647576,-3.276093,1990.442479,247.966143,2:15,6.6123,2.20587,6.32543,-21.43517,6.99611,15.30772,3.30585,0.46119,90.46315,-5.649037,-0.509296,0.383769,88.62234,28.215474,-10.967231,3493.60362,106.24509,53.06583,-28.4953,321.71222,311.17117,-21.65766,4.511436,-8.82197,4.29583,-1.9737,50,6.48148,7.49189,-142.20806,-4.83477,-18.2699,29.1586,-23.27761,HP,LEX_LEG,HighPoint,Independent,ATL,20250822-HighPoint-1,541c3f20-7fb9-11f0-93aa-f3dbcec3603d,98.2165,66.1987,,7.39435,,,,1.37444,3.37714,-0.42644,a31a5625-cd95-4fb6-9b78-3ca3a078fd38,2025-08-23,00:37:19.89,2025-08-22T20:37:19.8900736-04:00,2025-08-23T00:37:19.8900736Z,FlyBall,v3,5431,495,,"Napleton, Luke",813847,Right,HP,dac57434-c592-4dcd-9d64-3e0fe9cd0502,54.17678,-143.06191,14.5793,6.61308,-4.15313,-11.6388,-2.20092,8.02689,-9.13495,144.974991,1.37574,112.41803,-22.05495,5.08327,-0.95835,0.14544,-0.02256,0.00343,-0.00025,3.37774,61.42898,-15.74079,-0.05546,0.47823,-0.24663,0.07279,-0.01091,0.00064,-0.42644,-21.78688,-4.35525,1.99673,-0.59837,0.13399,-0.02246,0.00244,-0.00012,,,,,,,,,,,,,,,,,,,,,,,High,High,High,High,Medium,,,
203,2025-08-22,20:37:54.22,2,1,"Klobosits, Gabe",656620,Right,HP,"Terry, Curtis",663799,Right,LEX_LEG,Undefined,8,Top,1,0,0,TwoSeamFastBall,Sinker,StrikeCalled,Undefined,Undefined,Undefined,0,0,,97.90442,-3.507921,-2.977176,2137.1299,242.083555,2:00,6.70755,1.887,6.35461,-18.61521,9.81378,16.99773,1.91914,0.56077,90.65984,-6.988756,0.099016,0.383753,,,,,,,,,,,,-9.60749,6.2352,-1.6787,50,6.44376,6.66777,-142.11505,-9.34006,-19.88041,28.96741,-19.27175,HP,LEX_LEG,HighPoint,Independent,ATL,20250822-HighPoint-1,6891ac60-7fb9-11f0-93aa-f3dbcec3603d,98.2205,,,7.24458,,,,,,,a31a5625-cd95-4fb6-9b78-3ca3a078fd38,2025-08-23,00:37:54.22,2025-08-22T20:37:54.2207488-04:00,2025-08-23T00:37:54.2207488Z,,v3,5431,495,,"Napleton, Luke",813847,Right,HP,6457fc03-3e6f-4926-a2aa-d5595c8d93d0,54.14732,-142.9579,14.48371,6.70737,-8.77931,-9.63587,-1.88112,7.24622,-9.9402,,,,,,,,,,,,,,,,,,,,,,,,,,,,,,,,,,,,,,,,,,,,,,,,,,,High,High,High,,,,,
204,2025-08-22,20:38:07.85,2,2,"Klobosits, Gabe",656620,Right,HP,"Terry, Curtis",663799,Right,LEX_LEG,Undefined,8,Top,1,0,1,TwoSeamFastBall,Sinker,InPlay,Undefined,GroundBall,Out,1,0,,98.18037,-3.106843,-2.291919,2131.564927,237.268436,2:00,6.67695,1.87241,6.23511,-18.89926,9.53733,13.54946,2.23084,0.88611,90.65679,-6.637714,0.156137,0.383805,84.17877,-15.651262,-26.325832,,,,,9.73206,9.00406,-27.588506,0.068034,-7.65166,6.00142,-1.70811,50,6.43539,5.12194,-142.57856,-8.38845,-15.88405,30.18633,-19.71576,HP,LEX_LEG,HighPoint,Independent,ATL,20250822-HighPoint-1,70ba24d0-7fb9-11f0-93aa-f3dbcec3603d,98.20738,2.27094,,7.52358,,,,1.36057,2.27094,-0.91247,a31a5625-cd95-4fb6-9b78-3ca3a078fd38,2025-08-23,00:38:07.85,2025-08-22T20:38:07.8561280-04:00,2025-08-23T00:38:07.8561280Z,GroundBall,v3,5431,495,,"Napleton, Luke",813847,Right,HP,31efbe42-47bf-4304-8c39-626c7e062243,54.26641,-143.47899,15.09317,6.67684,-7.80034,-9.85788,-1.86796,5.59575,-7.94202,180,1.35806,106.78299,,,,,,,,2.27172,-33.37923,,,,,,,,-0.91123,-52.83536,,,,,,,,,,,,,,,,,,,,,,,,,,,,,,High,High,High,High,High,,,
205,2025-08-22,20:38:51.32,3,1,"Klobosits, Gabe",656620,Right,HP,"Gonzalez, Pedro",660639,Right,LEX_LEG,Undefined,8,Top,2,0,0,TwoSeamFastBall,Sinker,BallCalled,Undefined,Undefined,Undefined,0,0,,96.88966,-3.587628,-4.423972,2016.279416,233.685664,1:45,6.78207,1.95553,6.34524,-19.4195,9.78934,12.15201,1.84688,-1.11252,89.48559,-7.217347,-2.231608,0.388981,,,,,,,,,,,,-7.42882,6.27555,-1.6389,50,6.51108,10.33797,-140.33847,-9.46391,-14.9591,28.87352,-19.53724,HP,LEX_LEG,HighPoint,Independent,ATL,20250822-HighPoint-1,8aa06490-7fb9-11f0-93aa-f3dbcec3603d,96.90035,,,7.40407,,,,,,,a31a5625-cd95-4fb6-9b78-3ca3a078fd38,2025-08-23,00:38:51.32,2025-08-22T20:38:51.3246208-04:00,2025-08-23T00:38:51.3246208Z,,v3,5431,495,,"Napleton, Luke",813847,Right,HP,98a4d5b9-9444-47e3-bd85-b3ec81a56d7e,54.15525,-141.19079,14.43676,6.78193,-8.88719,-9.76862,-1.95059,10.77955,-7.47955,,,,,,,,,,,,,,,,,,,,,,,,,,,,,,,,,,,,,,,,,,,,,,,,,,,High,High,High,,,,,
206,2025-08-22,20:39:13.33,3,2,"Klobosits, Gabe",656620,Right,HP,"Gonzalez, Pedro",660639,Right,LEX_LEG,Undefined,8,Top,2,1,0,TwoSeamFastBall,Slider,InPlay,Undefined,GroundBall,Out,1,0,,89.93435,-2.2449,-3.197881,2565.442978,240.293112,2:00,6.6345,2.08193,6.06743,-31.53143,2.35906,2.56933,1.92509,-0.66644,83.92627,-8.022916,-2.735528,0.418996,79.08658,-27.587831,-28.390778,,,,,6.1606,6.1606,-11.986359,0.038632,-2.09036,1.98484,-1.8353,50,6.44298,7.19891,-130.65637,-6.21342,-3.66942,23.53246,-28.68983,HP,LEX_LEG,HighPoint,Independent,ATL,20250822-HighPoint-1,97be8c10-7fb9-11f0-93aa-f3dbcec3603d,89.95884,2.0801,,6.00808,,,,2.52417,2.0801,0.61343,a31a5625-cd95-4fb6-9b78-3ca3a078fd38,2025-08-23,00:39:13.33,2025-08-22T20:39:13.3398016-04:00,2025-08-23T00:39:13.3398016Z,GroundBall,v3,5431,495,,"Napleton, Luke",813847,Right,HP,b081ede7-787e-4ba4-a23a-fe5fd784bd65,54.43524,-131.45277,11.76623,6.63682,-5.24248,-14.34492,-2.08103,7.32309,-1.83471,,2.52285,90.65214,,,,,,,,2.08088,-53.84328,,,,,,,,0.61414,-48.99657,,,,,,,,,,,,,,,,,,,,,,,,,,,,,,High,High,High,Estimated,Estimated,,,
207,2025-08-22,20:41:43.67,1,1,"Loper, Jimmy",803182,Right,LEX_LEG,"Brewer, Aidan",1000132240,Right,HP,Undefined,8,Bottom,0,0,0,Fastball,Four-Seam,StrikeSwinging,Undefined,Undefined,Undefined,0,0,,93.70898,-2.02472,-1.904966,2375.581642,203.224355,12:45,6.0638,0.9493,5.39312,-13.55426,18.75572,7.62209,3.03488,-0.20151,85.9256,-4.593644,-0.550529,0.40911,,,,,,,,,,,,-4.31051,10.2413,-0.78465,50,5.87361,4.15873,-135.95206,-5.23753,-8.11209,28.26475,-12.90068,HP,LEX_LEG,HighPoint,Independent,ATL,20250822-HighPoint-1,f15f3030-7fb9-11f0-93aa-f3dbcec3603d,92.13286,,,7.78337,,,,,,,a31a5625-cd95-4fb6-9b78-3ca3a078fd38,2025-08-23,00:41:43.67,2025-08-22T20:41:43.6714496-04:00,2025-08-23T00:41:43.6714496Z,,v3,5431,495,,"Huntzinger, Jerry",694255,Right,LEX_LEG,b24bf430-8350-4505-8b23-a8bf153f29eb,55.10507,-137.00931,14.13237,6.0605,-4.75498,-6.45034,-0.94588,4.46217,-4.05604,,,,,,,,,,,,,,,,,,,,,,,,,,,,,,,,,,,,,,,,,,,,,,,,,,,High,High,High,,,,,
208,2025-08-22,20:42:00.51,1,2,"Loper, Jimmy",803182,Right,LEX_LEG,"Brewer, Aidan",1000132240,Right,HP,Undefined,8,Bottom,0,0,1,Fastball,Four-Seam,FoulBallNotFieldable,Undefined,Undefined,Undefined,0,0,,93.56486,-1.261784,-1.853736,2469.285847,191.292334,12:30,6.13744,0.75045,5.34785,-15.80839,16.4593,3.10166,3.63573,-0.73046,86.25589,-4.219306,-1.303096,0.408842,78.03483,18.882986,168.022328,2780.461954,,,,,43.56273,,,-2.02138,8.87323,-0.58579,50,6.0127,4.2536,-135.88591,-3.54416,-3.81998,26.7906,-15.40552,HP,LEX_LEG,HighPoint,Independent,ATL,20250822-HighPoint-1,fb660590-7fb9-11f0-93aa-f3dbcec3603d,92.1932,15.91508,,7.30897,,,,0.46027,3.33792,0.49176,a31a5625-cd95-4fb6-9b78-3ca3a078fd38,2025-08-23,00:42:00.51,2025-08-22T20:42:00.5191680-04:00,2025-08-23T00:42:00.5191680Z,,v3,5431,495,,"Huntzinger, Jerry",694255,Right,LEX_LEG,8ef76a8f-c373-4167-bf8a-8d526adbd362,55.15215,-136.89791,13.3953,6.13559,-2.96222,-7.70276,-0.74919,4.3979,-1.90999,264.138079,0.45943,-105.90828,6.89947,,,,,,,3.34006,36.97299,-16.85109,,,,,,,0.50016,22.20757,-12.24141,,,,,,,,,,,,,,,,,,,,,,,,,,,,,High,High,High,Medium,Undefined,,,
209,2025-08-22,20:42:21.74,1,3,"Loper, Jimmy",803182,Right,LEX_LEG,"Brewer, Aidan",1000132240,Right,HP,Undefined,8,Bottom,0,0,2,Fastball,Four-Seam,FoulBallNotFieldable,Undefined,Undefined,Undefined,0,0,,95.24281,-3.243647,-0.853052,2588.523349,199.209535,12:45,6.12499,0.61622,5.42796,-11.48465,19.943,6.59178,2.12639,0.36653,86.96422,-5.444844,0.31976,0.403485,77.47809,14.392781,168.0105,,,,,130.55267,44.80695,168.118063,1.34633,-3.56071,11.25603,-0.54535,50,5.82957,1.74245,-138.05445,-8.16709,-6.86948,30.83637,-10.45852,HP,LEX_LEG,HighPoint,Independent,ATL,20250822-HighPoint-1,08100e80-7fba-11f0-93aa-f3dbcec3603d,93.41717,10.24637,,8.2786,,,,0.62817,1.75601,-0.12253,a31a5625-cd95-4fb6-9b78-3ca3a078fd38,2025-08-23,00:42:21.74,2025-08-22T20:42:21.7497600-04:00,2025-08-23T00:42:21.7497600Z,LineDrive,v3,5431,495,,"Huntzinger, Jerry",694255,Right,LEX_LEG,e1847bfd-7142-44fe-aa68-fb882c0ac716,55.07087,-139.18249,15.41819,6.12134,-7.7845,-5.22926,-0.61369,1.99375,-3.43474,358.254109,0.57743,-107.1367,8.79966,,,,,,,1.96769,26.07248,-20.55513,,,,,,,-0.10842,22.71745,-1.99068,,,,,,,,,,,,,,,,,,,,,,,,,,,,,High,High,High,Medium,Low,,,
210,2025-08-22,20:42:45.00,1,4,"Loper, Jimmy",803182,Right,LEX_LEG,"Brewer, Aidan",1000132240,Right,HP,Undefined,8,Bottom,0,0,2,Fastball,Four-Seam,BallCalled,Undefined,Undefined,Undefined,0,0,,93.23107,-0.085749,-0.657888,2508.908189,197.986949,12:30,6.05022,0.93879,5.46105,-13.94682,18.52907,5.70087,4.80771,0.79804,85.43752,-2.735847,0.356939,0.410159,,,,,,,,,,,,-3.03323,9.64119,-0.88481,50,6.03331,1.28775,-135.42562,-0.64008,-5.66567,27.97371,-14.16565,HP,LEX_LEG,HighPoint,Independent,ATL,20250822-HighPoint-1,15f1d420-7fba-11f0-93aa-f3dbcec3603d,91.89722,,,7.79355,,,,,,,a31a5625-cd95-4fb6-9b78-3ca3a078fd38,2025-08-23,00:42:45.00,2025-08-22T20:42:45.0018304-04:00,2025-08-23T00:42:45.0018304Z,,v3,5431,495,,"Huntzinger, Jerry",694255,Right,LEX_LEG,8c6f7fc6-cf6c-4fbf-b076-b0390938028a,55.03722,-136.46215,13.98686,6.0473,-0.11519,-7.08283,-0.93641,1.49768,-2.83283,,,,,,,,,,,,,,,,,,,,,,,,,,,,,,,,,,,,,,,,,,,,,,,,,,,High,High,High,,,,,
211,2025-08-22,20:43:01.34,1,5,"Loper, Jimmy",803182,Right,LEX_LEG,"Brewer, Aidan",1000132240,Right,HP,Undefined,8,Bottom,0,1,2,Fastball,Four-Seam,FoulBallNotFieldable,Undefined,Undefined,Undefined,0,0,,94.04313,-1.867732,-2.272427,2495.585511,202.544092,12:45,6.02012,0.91274,5.63028,-17.11666,14.40989,5.61843,2.84905,-0.74047,87.0545,-5.059394,-1.269815,0.404119,99.99218,10.921182,64.468286,3955.099288,43.01105,16.7013,101.24234,244.4806,96.05358,70.699954,2.288163,-3.40701,8.04489,-0.72295,50,5.85003,5.16943,-136.61646,-5.05107,-6.529,26.1572,-16.75731,HP,LEX_LEG,HighPoint,Independent,ATL,20250822-HighPoint-1,1fa2c150-7fba-11f0-93aa-f3dbcec3603d,93.27057,17.21243,,6.98863,,,,0.60521,2.7768,0.75835,a31a5625-cd95-4fb6-9b78-3ca3a078fd38,2025-08-23,00:43:01.34,2025-08-22T20:43:01.3411328-04:00,2025-08-23T00:43:01.3411328Z,LineDrive,v3,5431,495,,"Huntzinger, Jerry",694255,Right,LEX_LEG,f0fae542-9567-4465-a955-19c48bc96f8d,54.87056,-137.54584,13.0786,6.01891,-4.45567,-8.37866,-0.91075,5.4014,-3.2645,,0.60522,62.06493,-17.84764,4.13024,-0.99451,0.22297,-0.04383,0.00623,-0.00044,2.7768,27.78501,-14.10918,0.80606,-0.12046,0.02396,-0.00305,0.00037,-3E-05,0.75835,129.93687,-17.70149,3.07468,-0.60344,0.11531,-0.02065,0.00284,-0.0002,,,,,,,,,,,,,,,,,,,,,,,High,High,High,Medium,Low,,,
212,2025-08-22,20:43:23.24,1,6,"Loper, Jimmy",803182,Right,LEX_LEG,"Brewer, Aidan",1000132240,Right,HP,Undefined,8,Bottom,0,1,2,Fastball,Four-Seam,StrikeSwinging,Strikeout,Undefined,Undefined,0,0,,93.79104,-2.584038,-1.170477,2506.854303,204.7069,12:45,6.1402,0.76313,5.44108,-13.56442,18.64324,8.11989,2.5881,0.34365,86.04034,-5.152673,0.274583,0.408461,,,,,,,,,,,,-4.37748,10.35524,-0.66531,50,5.90236,2.39579,-136.07229,-6.56948,-8.24922,28.43119,-12.6599,HP,LEX_LEG,HighPoint,Independent,ATL,20250822-HighPoint-1,2cb63a70-7fba-11f0-93aa-f3dbcec3603d,92.2791,,,7.7507,,,,,,,a31a5625-cd95-4fb6-9b78-3ca3a078fd38,2025-08-23,00:43:23.24,2025-08-22T20:43:23.2480000-04:00,2025-08-23T00:43:23.2480000Z,,v3,5431,495,,"Huntzinger, Jerry",694255,Right,LEX_LEG,7cf799df-0e2d-4944-9631-518af0cc6bf9,55.05722,-137.12488,14.21559,6.13691,-6.10078,-6.32995,-0.75966,2.70119,-4.12461,,,,,,,,,,,,,,,,,,,,,,,,,,,,,64.75651,2.601922,1.507635,1.094287,-1.96023,2.27782,-0.36252,-4.52981,6.07083,2.92135,74.07288,5.40336,50.92802,-4.42892,80.07448,-7.62967,6.11116,13.95369,-13.34677,2.9483,46.72265,-2.63214,High,High,High,,,High,High,High
213,2025-08-22,20:43:52.59,2,1,"Loper, Jimmy",803182,Right,LEX_LEG,"Burt, D.J.",656274,Right,HP,Undefined,8,Bottom,1,0,0,Slider,Slider,BallCalled,Undefined,Undefined,Undefined,0,0,,83.81433,-1.518166,-1.431414,2599.844467,46.790718,7:30,5.83418,1.33734,5.72453,-42.22187,-2.26347,-3.69709,0.90089,-0.30427,77.43173,-9.211982,-2.094504,0.454962,,,,,,,,,,,,1.48941,-0.35346,-1.21553,50,5.68137,3.19049,-121.73467,-4.7007,2.23733,23.66522,-32.70504,HP,LEX_LEG,HighPoint,Independent,ATL,20250822-HighPoint-1,3e3ee800-7fba-11f0-93aa-f3dbcec3603d,82.84738,,,6.38261,,,,,,,a31a5625-cd95-4fb6-9b78-3ca3a078fd38,2025-08-23,00:43:52.59,2025-08-22T20:43:52.5999104-04:00,2025-08-23T00:43:52.5999104Z,,v3,5431,495,,"Huntzinger, Jerry",694255,Right,LEX_LEG,92010052-3fe2-44a4-b687-2641bc78020d,54.77591,-122.65959,11.83261,5.84011,-3.42247,-16.35252,-1.33852,3.10305,1.11866,,,,,,,,,,,,,,,,,,,,,,,,,,,,,,,,,,,,,,,,,,,,,,,,,,,High,High,High,,,,,
214,2025-08-22,20:44:08.05,2,2,"Loper, Jimmy",803182,Right,LEX_LEG,"Burt, D.J.",656274,Right,HP,Undefined,8,Bottom,1,1,0,Slider,Slider,StrikeSwinging,Undefined,Undefined,Undefined,0,0,,84.54766,-1.241646,-1.520205,2609.830542,70.883858,8:15,5.87596,1.22269,5.77736,-39.26266,-0.55957,-4.56922,1.44815,-0.57294,78.92569,-8.393927,-2.339817,0.447759,,,,,,,,,,,,1.97717,0.33291,-1.09439,50,5.7495,3.44459,-122.9727,-4.02807,3.07068,21.13647,-31.65701,HP,LEX_LEG,HighPoint,Independent,ATL,20250822-HighPoint-1,4770e130-7fba-11f0-93aa-f3dbcec3603d,84.18022,,,5.62197,,,,,,,a31a5625-cd95-4fb6-9b78-3ca3a078fd38,2025-08-23,00:44:08.05,2025-08-22T20:44:08.0549888-04:00,2025-08-23T00:44:08.0549888Z,,v3,5431,495,,"Huntzinger, Jerry",694255,Right,LEX_LEG,243b3d02-119a-4b20-8848-0ca8ee2af22a,54.72448,-123.78208,10.56824,5.88053,-2.81583,-15.8285,-1.22404,3.327,1.53534,,,,,,,,,,,,,,,,,,,,,,,,,,,,,,,,,,,,,,,,,,,,,,,,,,,High,High,High,,,,,
215,2025-08-22,20:44:24.50,2,3,"Loper, Jimmy",803182,Right,LEX_LEG,"Burt, D.J.",656274,Right,HP,Undefined,8,Bottom,1,1,1,Slider,Slider,BallCalled,Undefined,Undefined,Undefined,0,0,,82.64251,-0.649586,0.111896,2610.791067,25.5062,6:45,5.99265,1.10405,5.58764,-45.64782,-4.66276,-2.77555,1.58206,0.97724,76.78206,-8.938869,-0.384916,0.46077,,,,,,,,,,,,1.43847,-1.84815,-1.1118,50,5.90686,-0.12391,-120.18284,-2.97502,2.12087,21.53149,-34.89895,HP,LEX_LEG,HighPoint,Independent,ATL,20250822-HighPoint-1,5143ae40-7fba-11f0-93aa-f3dbcec3603d,81.80316,,,5.86045,,,,,,,a31a5625-cd95-4fb6-9b78-3ca3a078fd38,2025-08-23,00:44:24.50,2025-08-22T20:44:24.5044224-04:00,2025-08-23T00:44:24.5044224Z,,v3,5431,495,,"Huntzinger, Jerry",694255,Right,LEX_LEG,d00fbcc1-5eba-4ad5-a2b2-42d07ce86e7e,54.91439,-121.06008,10.76575,5.99911,-1.55316,-17.44948,-1.105,-0.21032,1.06044,,,,,,,,,,,,,,,,,,,,,,,,,,,,,,,,,,,,,,,,,,,,,,,,,,,High,High,High,,,,,
216,2025-08-22,20:44:41.96,2,4,"Loper, Jimmy",803182,Right,LEX_LEG,"Burt, D.J.",656274,Right,HP,Undefined,8,Bottom,1,2,1,Fastball,Four-Seam,BallCalled,Undefined,Undefined,Undefined,0,0,,93.82811,-4.172127,-1.993007,2632.395419,202.730107,12:45,6.07402,0.79834,5.57402,-12.65768,19.50844,7.74591,1.11303,-0.41846,86.08887,-6.576609,-0.61188,0.408198,,,,,,,,,,,,-4.44173,11.28599,-0.63184,50,5.70584,4.37047,-135.87785,-10.29552,-8.33928,28.58885,-10.98473,HP,LEX_LEG,HighPoint,Independent,ATL,20250822-HighPoint-1,5ba526c0-7fba-11f0-93aa-f3dbcec3603d,92.33865,,,7.73924,,,,,,,a31a5625-cd95-4fb6-9b78-3ca3a078fd38,2025-08-23,00:44:41.96,2025-08-22T20:44:41.9684352-04:00,2025-08-23T00:44:41.9684352Z,,v3,5431,495,,"Huntzinger, Jerry",694255,Right,LEX_LEG,92e7d602-429e-4527-a5d2-f9977377647e,54.9248,-136.91011,14.29442,6.07042,-9.89889,-5.49237,-0.79508,4.67157,-4.16964,,,,,,,,,,,,,,,,,,,,,,,,,,,,,,,,,,,,,,,,,,,,,,,,,,,High,High,High,,,,,
217,2025-08-22,20:45:09.29,2,5,"Loper, Jimmy",803182,Right,LEX_LEG,"Burt, D.J.",656274,Right,HP,Undefined,8,Bottom,1,3,1,Fastball,Four-Seam,BallCalled,Walk,Undefined,Undefined,0,0,,92.54876,-0.79274,-2.346064,2472.102013,206.963644,1:00,6.04878,0.98504,5.68649,-16.03048,16.53339,7.93654,3.97335,-0.54151,85.27954,-3.812974,-0.928718,0.410714,,,,,,,,,,,,-4.59918,8.8817,-0.79252,50,5.97196,5.15067,-134.44116,-2.37613,-8.50977,26.15359,-15.74033,HP,LEX_LEG,HighPoint,Independent,ATL,20250822-HighPoint-1,6bee0150-7fba-11f0-93aa-f3dbcec3603d,91.77297,,,7.26922,,,,,,,a31a5625-cd95-4fb6-9b78-3ca3a078fd38,2025-08-23,00:45:09.29,2025-08-22T20:45:09.2981760-04:00,2025-08-23T00:45:09.2981760Z,,v3,5431,495,,"Huntzinger, Jerry",694255,Right,LEX_LEG,53ed2480-799f-46bd-8c89-b2a69e70d6a2,54.81274,-135.37417,13.07679,6.04671,-1.8146,-7.87016,-0.98168,5.45425,-4.25489,,,,,,,,,,,,,,,,,,,,,,,,,,,,,,,,,,,,,,,,,,,,,,,,,,,High,High,High,,,,,
218,2025-08-22,20:49:18.88,3,1,"Armstrong, John",800690,Right,LEX_LEG,"Gonzalez, Luis",8894175,Left,HP,Undefined,8,Bottom,1,0,0,TwoSeamFastBall,,StrikeCalled,Undefined,Undefined,Undefined,0,0,,,,,,,,,,,,,,,,,,,,,,,,,,,,,,,,,,,,,,,,,,HP,LEX_LEG,HighPoint,Independent,ATL,20250822-HighPoint-1,f66e3e30-7fba-11f0-93aa-f3dbcec3603d,,,,,,,,,,,a31a5625-cd95-4fb6-9b78-3ca3a078fd38,2025-08-23,00:49:18.88,2025-08-22T20:49:18.8870528-04:00,2025-08-23T00:49:18.8870528Z,,v3,5431,495,,"Huntzinger, Jerry",694255,Right,LEX_LEG,,,,,,,,,,,,,,,,,,,,,,,,,,,,,,,,,,,,,,,,,,,,,,,,,,,,,,,,,,,,,,,,,,,,
219,2025-08-22,20:49:19.88,3,2,"Armstrong, John",800690,Right,LEX_LEG,"Gonzalez, Luis",8894175,Left,HP,Undefined,8,Bottom,1,0,1,Slider,Curveball,BallCalled,Undefined,Undefined,Undefined,0,0,,78.76262,0.921692,-2.567355,2615.635199,61.195374,8:00,4.3626,2.07325,5.66925,-51.51987,-6.49788,-14.0302,0.92958,-1.49127,73.34153,-8.434313,-5.072609,0.482929,,,,,,,,,,,,6.62146,-3.36792,-1.84681,50,4.40693,5.6373,-114.49629,0.16673,8.86106,19.53417,-36.68111,HP,LEX_LEG,HighPoint,Independent,ATL,20250822-HighPoint-1,01497a90-7fbb-11f0-93aa-f3dbcec3603d,78.04957,,,5.42108,,,,,,,a31a5625-cd95-4fb6-9b78-3ca3a078fd38,2025-08-23,00:49:19.88,2025-08-22T20:49:19.8870528-04:00,2025-08-23T00:49:19.8870528Z,,v3,5431,495,,"Huntzinger, Jerry",694255,Right,LEX_LEG,293f5114-61b9-479d-9f81-3ea799016b71,54.83559,-115.31834,9.76708,4.36743,1.71036,-18.34056,-2.0762,5.26441,4.43053,,,,,,,,,,,,,,,,,,,,,,,,,,,,,,,,,,,,,,,,,,,,,,,,,,,High,High,High,,,,,
220,2025-08-22,20:49:42.75,3,3,"Armstrong, John",800690,Right,LEX_LEG,"Gonzalez, Luis",8894175,Left,HP,Undefined,8,Bottom,1,1,1,Fastball,Sinker,InPlay,Undefined,FlyBall,Out,1,0,,92.74396,-0.372858,-2.907927,2008.187506,232.447086,1:45,4.76797,1.56909,6.23663,-20.00828,11.82386,14.17139,2.75622,0.06525,85.30651,-4.142229,-0.351362,0.406073,98.41572,34.660101,12.304345,3210.141916,107.82938,73.89478,21.7445,365.11831,316.91951,7.999401,5.776382,-8.15642,6.52359,-1.35925,50,4.7301,6.27138,-134.80221,-1.50897,-15.12023,27.25762,-20.08075,HP,LEX_LEG,HighPoint,Independent,ATL,20250822-HighPoint-1,0ee42510-7fbb-11f0-93aa-f3dbcec3603d,92.82177,110.21589,,7.43745,,,,1.49668,2.81524,-0.0226,a31a5625-cd95-4fb6-9b78-3ca3a078fd38,2025-08-23,00:49:42.75,2025-08-22T20:49:42.7527168-04:00,2025-08-23T00:49:42.7527168Z,FlyBall,v3,5431,495,,"Huntzinger, Jerry",694255,Right,LEX_LEG,b0b4e28b-25a4-4477-8aa0-406dde3a1957,54.26495,-135.66186,13.62881,4.7677,-0.87567,-10.04037,-1.56456,6.74824,-7.56012,175.660535,1.50191,115.91523,-23.9995,5.62256,-0.99701,0.1232,-0.01016,0.00062,-3E-05,2.8138,82.095,-17.55187,0.8218,0.00621,-0.04909,0.01588,-0.00216,0.00011,-0.02067,25.26792,-6.35947,1.16689,-0.14315,0.00794,-0.00014,7E-05,-1E-05,,,,,,,,,,,,,,,,,,,,,,,High,High,High,High,Medium,,,
221,2025-08-22,20:50:51.97,4,1,"Armstrong, John",800690,Right,LEX_LEG,"Mendoza, Drew",666141,Left,HP,Undefined,8,Bottom,2,0,0,Other,,BallIntentional,Undefined,Undefined,Undefined,0,0,int walk,,,,,,,,,,,,,,,,,,,,,,,,,,,,,,,,,,,,,,,,,HP,LEX_LEG,HighPoint,Independent,ATL,20250822-HighPoint-1,2a00c1f0-7fbb-11f0-93aa-f3dbcec3603d,,,,,,,,,,,a31a5625-cd95-4fb6-9b78-3ca3a078fd38,2025-08-23,00:50:51.97,2025-08-22T20:50:51.9798272-04:00,2025-08-23T00:50:51.9798272Z,,v3,5431,495,,"Huntzinger, Jerry",694255,Right,LEX_LEG,,,,,,,,,,,,,,,,,,,,,,,,,,,,,,,,,,,,,,,,,,,,,,,,,,,,,,,,,,,,,,,,,,,,
222,2025-08-22,20:50:52.97,4,2,"Armstrong, John",800690,Right,LEX_LEG,"Mendoza, Drew",666141,Left,HP,Undefined,8,Bottom,2,1,0,Undefined,,BallIntentional,Undefined,Undefined,Undefined,0,0,,,,,,,,,,,,,,,,,,,,,,,,,,,,,,,,,,,,,,,,,,HP,LEX_LEG,HighPoint,Independent,ATL,20250822-HighPoint-1,fd856f40-801e-11f0-864c-cf2e67d50ad5,,,,,,,,,,,a31a5625-cd95-4fb6-9b78-3ca3a078fd38,2025-08-23,00:50:52.97,2025-08-22T20:50:52.9798272-04:00,2025-08-23T00:50:52.9798272Z,,v3,5431,495,,"Huntzinger, Jerry",694255,Right,LEX_LEG,,,,,,,,,,,,,,,,,,,,,,,,,,,,,,,,,,,,,,,,,,,,,,,,,,,,,,,,,,,,,,,,,,,,
223,2025-08-22,20:50:53.97,4,3,"Armstrong, John",800690,Right,LEX_LEG,"Mendoza, Drew",666141,Left,HP,Undefined,8,Bottom,2,2,0,Undefined,,BallIntentional,Undefined,Undefined,Undefined,0,0,,,,,,,,,,,,,,,,,,,,,,,,,,,,,,,,,,,,,,,,,,HP,LEX_LEG,HighPoint,Independent,ATL,20250822-HighPoint-1,fd856f41-801e-11f0-864c-cf2e67d50ad5,,,,,,,,,,,a31a5625-cd95-4fb6-9b78-3ca3a078fd38,2025-08-23,00:50:53.97,2025-08-22T20:50:53.9798272-04:00,2025-08-23T00:50:53.9798272Z,,v3,5431,495,,"Huntzinger, Jerry",694255,Right,LEX_LEG,,,,,,,,,,,,,,,,,,,,,,,,,,,,,,,,,,,,,,,,,,,,,,,,,,,,,,,,,,,,,,,,,,,,
224,2025-08-22,20:50:54.97,4,4,"Armstrong, John",800690,Right,LEX_LEG,"Mendoza, Drew",666141,Left,HP,Undefined,8,Bottom,2,3,0,Undefined,,BallIntentional,Walk,Undefined,Undefined,0,0,,,,,,,,,,,,,,,,,,,,,,,,,,,,,,,,,,,,,,,,,,HP,LEX_LEG,HighPoint,Independent,ATL,20250822-HighPoint-1,fd856f42-801e-11f0-864c-cf2e67d50ad5,,,,,,,,,,,a31a5625-cd95-4fb6-9b78-3ca3a078fd38,2025-08-23,00:50:54.97,2025-08-22T20:50:54.9798272-04:00,2025-08-23T00:50:54.9798272Z,,v3,5431,495,,"Huntzinger, Jerry",694255,Right,LEX_LEG,,,,,,,,,,,,,,,,,,,,,,,,,,,,,,,,,,,,,,,,,,,,,,,,,,,,,,,,,,,,,,,,,,,,
225,2025-08-22,20:50:55.97,5,1,"Armstrong, John",800690,Right,LEX_LEG,"Aklinski, Ben",679701,Right,HP,Undefined,8,Bottom,2,0,0,Slider,Slider,StrikeCalled,Undefined,Undefined,Undefined,0,0,,79.80531,1.285258,-1.235602,2435.951643,79.351391,8:45,4.45752,2.00662,5.77082,-45.60888,-1.74917,-16.07406,1.85332,-0.48291,73.66552,-7.070463,-4.113438,0.476655,,,,,,,,,,,,7.87217,-0.84488,-1.89464,50,4.53612,3.11347,-115.99792,1.1055,10.76251,21.00529,-33.32916,HP,LEX_LEG,HighPoint,Independent,ATL,20250822-HighPoint-1,3a9d88e0-7fbb-11f0-93aa-f3dbcec3603d,79.07697,,,6.13979,,,,,,,a31a5625-cd95-4fb6-9b78-3ca3a078fd38,2025-08-23,00:50:55.97,2025-08-22T20:50:55.9798272-04:00,2025-08-23T00:50:55.9798272Z,,v3,5431,495,,"Huntzinger, Jerry",694255,Right,LEX_LEG,f72d5139-73a5-4703-ab44-4356f980b7df,54.7311,-116.8515,10.50265,4.46367,2.45988,-16.66458,-2.01227,2.67612,5.38126,,,,,,,,,,,,,,,,,,,,,,,,,,,,,,,,,,,,,,,,,,,,,,,,,,,High,High,High,,,,,
226,2025-08-22,20:51:19.02,5,2,"Armstrong, John",800690,Right,LEX_LEG,"Aklinski, Ben",679701,Right,HP,Undefined,8,Bottom,2,0,1,TwoSeamFastBall,Sinker,InPlay,Undefined,FlyBall,Triple,0,2,,93.21511,-0.432518,-3.136399,2046.312993,248.762706,2:15,4.60305,1.52618,6.30666,-24.16478,7.45331,16.65765,2.19026,0.02202,85.32414,-4.963854,-0.126787,0.404706,93.30557,18.442401,32.392068,4568.782517,87.73526,29.22755,66.35135,269.39133,195.15838,44.813469,3.09185,-9.55705,4.28721,-1.30384,50,4.55965,6.73404,-135.40525,-1.81702,-17.76578,29.21542,-24.20448,HP,LEX_LEG,HighPoint,Independent,ATL,20250822-HighPoint-1,484bbb60-7fbb-11f0-93aa-f3dbcec3603d,93.13546,32.1577,,7.89098,,,,1.42149,2.23442,0.01353,a31a5625-cd95-4fb6-9b78-3ca3a078fd38,2025-08-23,00:51:19.02,2025-08-22T20:51:19.0256640-04:00,2025-08-23T00:51:19.0256640Z,LineDrive,v3,5431,495,,"Huntzinger, Jerry",694255,Right,LEX_LEG,886b9ff6-addc-4e8c-9198-4630c8133b7e,54.19438,-136.30724,14.60771,4.60421,-1.06974,-12.10224,-1.52021,7.28253,-8.88289,239.736219,1.42142,109.62195,-27.22305,6.71518,-1.56086,0.29565,-0.04117,0.00245,0.00011,2.23445,43.2915,-17.01332,1.01153,-0.02697,-0.0024,-0.00617,0.00344,-0.00049,0.01348,69.54744,-0.44256,-2.07786,0.90581,-0.26629,0.0581,-0.00846,0.0006,,,,,,,,,,,,,,,,,,,,,,,High,High,High,High,Medium,,,
227,2025-08-22,20:52:14.71,6,1,"Armstrong, John",800690,Right,LEX_LEG,"Dickerson, Alex",543105,Left,HP,Undefined,8,Bottom,2,0,0,TwoSeamFastBall,Sinker,BallCalled,Undefined,Undefined,Undefined,0,0,,93.47908,-0.18103,-0.974732,2065.135457,253.303599,2:30,4.65068,1.83281,6.19164,-25.18647,6.31327,17.85741,2.38465,2.42092,85.70185,-4.884794,2.25002,0.403948,,,,,,,,,,,,-9.47406,3.62504,-1.76787,50,4.62439,1.54568,-135.93774,-1.29114,-17.75445,29.37929,-25.38068,HP,LEX_LEG,HighPoint,Independent,ATL,20250822-HighPoint-1,6984d410-7fbb-11f0-93aa-f3dbcec3603d,93.31023,,,7.77723,,,,,,,a31a5625-cd95-4fb6-9b78-3ca3a078fd38,2025-08-23,00:52:14.71,2025-08-22T20:52:14.7122688-04:00,2025-08-23T00:52:14.7122688Z,,v3,5431,495,,"Huntzinger, Jerry",694255,Right,LEX_LEG,593af6a5-1523-41b9-8cf3-ee13b35e57c8,54.30846,-136.86573,14.68965,4.65251,-0.48945,-12.69034,-1.82555,2.10648,-8.87722,,,,,,,,,,,,,,,,,,,,,,,,,,,,,,,,,,,,,,,,,,,,,,,,,,,High,High,High,,,,,
228,2025-08-22,20:52:29.50,6,2,"Armstrong, John",800690,Right,LEX_LEG,"Dickerson, Alex",543105,Left,HP,Undefined,8,Bottom,2,1,0,TwoSeamFastBall,Sinker,StrikeCalled,Undefined,Undefined,Undefined,0,0,,93.4504,-0.156892,-2.256304,2144.854145,249.411151,2:15,4.54855,1.63295,6.29913,-23.71639,7.7093,17.9495,2.42752,1.04875,85.55275,-4.607898,0.98928,0.403472,,,,,,,,,,,,-9.90489,4.35473,-1.47514,50,4.52564,4.5907,-135.83052,-1.15489,-18.53329,29.32198,-24.02579,HP,LEX_LEG,HighPoint,Independent,ATL,20250822-HighPoint-1,72532970-7fbb-11f0-93aa-f3dbcec3603d,93.42017,,,7.89765,,,,,,,a31a5625-cd95-4fb6-9b78-3ca3a078fd38,2025-08-23,00:52:29.50,2025-08-22T20:52:29.5028224-04:00,2025-08-23T00:52:29.5028224Z,,v3,5431,495,,"Huntzinger, Jerry",694255,Right,LEX_LEG,90c5a89d-21b0-48e1-afae-a413c8721e7f,54.20089,-136.73436,14.66099,4.54982,-0.41429,-12.0129,-1.62546,5.16199,-9.26664,,,,,,,,,,,,,,,,,,,,,,,,,,,,,,,,,,,,,,,,,,,,,,,,,,,High,High,High,,,,,
229,2025-08-22,20:52:46.00,6,3,"Armstrong, John",800690,Right,LEX_LEG,"Dickerson, Alex",543105,Left,HP,Undefined,8,Bottom,2,1,1,Slider,Slider,InPlay,Undefined,Popup,Out,1,0,,79.63167,2.063246,-1.443097,2622.498841,80.412284,8:45,4.35842,2.12598,5.63151,-45.47932,-1.0515,-14.08072,2.495,-0.39416,73.18026,-6.267524,-3.955491,0.479732,77.73079,56.232589,-9.170702,,102.54602,112.64204,-39.80308,192.677,181.83077,-24.968884,5.343653,6.78575,-0.74142,-1.99376,50,4.50469,3.45178,-115.63563,2.65878,9.19817,21.33898,-33.17906,HP,LEX_LEG,HighPoint,Independent,ATL,20250822-HighPoint-1,7c2cd450-7fbb-11f0-93aa-f3dbcec3603d,78.56975,112.66506,,6.45141,,,,1.70003,2.47279,0.26981,a31a5625-cd95-4fb6-9b78-3ca3a078fd38,2025-08-23,00:52:46.00,2025-08-22T20:52:46.0094464-04:00,2025-08-23T00:52:46.0094464Z,Popup,v3,5431,495,,"Huntzinger, Jerry",694255,Right,LEX_LEG,50902c7d-f5fc-4cd6-b77c-19db2a15b61d,54.87025,-116.5309,10.66949,4.36394,4.0508,-16.58953,-2.13048,3.06587,4.59909,154.234396,1.70115,62.49592,-16.3298,4.04446,-0.29211,-0.20875,0.07925,-0.01116,0.00057,2.46158,94.97834,-25.17046,3.2837,-0.94671,0.22106,-0.02567,0.00045,9E-05,0.27406,-10.20549,-4.99532,1.46541,0.15723,-0.25503,0.07937,-0.01076,0.00055,,,,,,,,,,,,,,,,,,,,,,,High,High,High,High,Low,,,
230,2025-08-22,20:55:36.59,1,1,"McGrane, Jameson",682494,Right,HP,"Cumbo, E.J.",821574,Left,LEX_LEG,Undefined,9,Top,0,0,0,Fastball,Sinker,FoulBallNotFieldable,Undefined,Undefined,Undefined,0,0,,91.20373,-1.058994,-3.025925,2223.518659,226.972743,1:30,5.89052,2.73381,6.60401,-19.00721,13.53375,13.45339,3.33502,1.08041,83.77414,-4.676856,-0.582164,0.410569,73.79558,23.473201,-165.44941,2131.151703,,,,,29.06318,,,-7.91008,7.70906,-2.53277,50,5.81014,6.49346,-132.56346,-2.98459,-14.14531,27.02525,-18.38823,HP,LEX_LEG,HighPoint,Independent,ATL,20250822-HighPoint-1,e1cd5eb0-7fbb-11f0-93aa-f3dbcec3603d,91.80529,16.39638,,7.42958,,,,2.31739,3.22573,-1.28275,a31a5625-cd95-4fb6-9b78-3ca3a078fd38,2025-08-23,00:55:36.59,2025-08-22T20:55:36.5930496-04:00,2025-08-23T00:55:36.5930496Z,,v3,5431,495,,"Napleton, Luke",813847,Right,HP,a30242e1-0745-49a0-8e69-81a7e6a2f444,53.89692,-133.35555,13.51263,5.88972,-2.44565,-9.19411,-2.72916,6.90805,-7.07265,,2.31657,-96.05918,11.24335,,,,,,,3.22341,43.2076,-5.89366,,,,,,,-1.28017,-25.04856,-10.52464,,,,,,,,,,,,,,,,,,,,,,,,,,,,,High,High,High,Medium,Undefined,,,
231,2025-08-22,20:55:58.27,1,2,"McGrane, Jameson",682494,Right,HP,"Cumbo, E.J.",821574,Left,LEX_LEG,Undefined,9,Top,0,0,1,Splitter,Splitter,StrikeSwinging,Undefined,Undefined,Undefined,0,0,,86.76578,-1.800268,-3.565208,1002.568253,282.482114,3:30,5.80988,2.92665,6.32026,-37.10356,-0.75988,8.16044,1.05609,0.31885,80.42646,-8.634795,-2.089277,0.433896,,,,,,,,,,,,-5.17481,0.39697,-2.66951,50,5.66048,7.5395,-125.9908,-5.17453,-8.37732,23.88313,-31.5314,HP,LEX_LEG,HighPoint,Independent,ATL,20250822-HighPoint-1,eebd7150-7fbb-11f0-93aa-f3dbcec3603d,86.86971,,,6.33932,,,,,,,a31a5625-cd95-4fb6-9b78-3ca3a078fd38,2025-08-23,00:55:58.27,2025-08-22T20:55:58.2771200-04:00,2025-08-23T00:55:58.2771200Z,,v3,5431,495,,"Napleton, Luke",813847,Right,HP,26fb3586-56bb-4c3f-9aa9-f090a017f755,54.18121,-126.78092,11.94157,5.81441,-4.13138,-15.7657,-2.92352,7.81664,-4.18866,,,,,,,,,,,,,,,,,,,,,,,,,,,,,,,,,,,,,,,,,,,,,,,,,,,High,High,High,,,,,
232,2025-08-22,20:56:18.91,1,3,"McGrane, Jameson",682494,Right,HP,"Cumbo, E.J.",821574,Left,LEX_LEG,Undefined,9,Top,0,0,2,Splitter,Changeup,BallCalled,Undefined,Undefined,Undefined,0,0,,86.78549,-1.345847,-2.576392,1752.659484,293.482425,3:45,5.72186,2.85269,6.71187,-39.09719,-2.99429,9.55197,1.23195,1.29181,79.60409,-8.623908,-0.832698,0.432456,,,,,,,,,,,,-5.81406,-0.84224,-2.68526,50,5.61779,5.32858,-126.12214,-4.16072,-9.31212,27.0002,-33.52303,HP,LEX_LEG,HighPoint,Independent,ATL,20250822-HighPoint-1,fb0fe460-7fbb-11f0-93aa-f3dbcec3603d,87.15895,,,7.18141,,,,,,,a31a5625-cd95-4fb6-9b78-3ca3a078fd38,2025-08-23,00:56:18.91,2025-08-22T20:56:18.9153280-04:00,2025-08-23T00:56:18.9153280Z,,v3,5431,495,,"Napleton, Luke",813847,Right,HP,6f519b1f-e963-4545-ba64-1c1c4c40b9e3,53.78897,-126.93069,13.5001,5.72735,-3.15684,-16.76152,-2.84901,5.60744,-4.65606,,,,,,,,,,,,,,,,,,,,,,,,,,,,,,,,,,,,,,,,,,,,,,,,,,,High,High,High,,,,,
233,2025-08-22,20:56:37.08,1,4,"McGrane, Jameson",682494,Right,HP,"Cumbo, E.J.",821574,Left,LEX_LEG,Undefined,9,Top,0,1,2,Fastball,Sinker,BallCalled,Undefined,Undefined,Undefined,0,0,,93.2737,-2.827997,-5.743039,2217.602442,225.080255,1:30,5.8483,2.69129,6.39678,-14.38914,17.30765,16.34481,2.03312,-1.24615,85.37246,-5.594603,-2.803187,0.405209,,,,,,,,,,,,-10.02323,10.07737,-2.28482,50,5.63727,12.88597,-134.87078,-7.07422,-18.53956,28.18261,-13.53437,HP,LEX_LEG,HighPoint,Independent,ATL,20250822-HighPoint-1,05e1aae0-7fbc-11f0-93aa-f3dbcec3603d,93.01977,,,7.90124,,,,,,,a31a5625-cd95-4fb6-9b78-3ca3a078fd38,2025-08-23,00:56:37.08,2025-08-22T20:56:37.0847744-04:00,2025-08-23T00:56:37.0847744Z,,v3,5431,495,,"Napleton, Luke",813847,Right,HP,53e700f6-c084-4b34-9fd6-f7a7e57f56c3,54.10315,-135.72547,14.0913,5.84559,-6.66376,-6.76719,-2.68414,13.44821,-9.26978,,,,,,,,,,,,,,,,,,,,,,,,,,,,,,,,,,,,,,,,,,,,,,,,,,,High,High,High,,,,,
234,2025-08-22,20:56:56.36,1,5,"McGrane, Jameson",682494,Right,HP,"Cumbo, E.J.",821574,Left,LEX_LEG,Undefined,9,Top,0,2,2,Splitter,Changeup,StrikeSwinging,Strikeout,Undefined,Undefined,0,0,,86.76894,-0.675135,-3.509037,2032.967533,325.033071,4:45,5.65915,2.93906,6.73277,-43.41455,-7.26548,5.88811,1.42314,0.21912,79.57415,-8.739084,-2.435405,0.432733,,,,,,,,,,,,-4.14362,-3.25606,-2.70956,50,5.59877,7.51183,-126.0227,-2.84245,-6.62292,27.07532,-37.37833,HP,LEX_LEG,HighPoint,Independent,ATL,20250822-HighPoint-1,115e7e70-7fbc-11f0-93aa-f3dbcec3603d,87.10323,,,7.19479,,,,,,,a31a5625-cd95-4fb6-9b78-3ca3a078fd38,2025-08-23,00:56:56.36,2025-08-22T20:56:56.3610000-04:00,2025-08-23T00:56:56.3610000Z,,v3,5431,495,,"Napleton, Luke",813847,Right,HP,1c19a90e-e572-4efa-9e38-a756ed4c6057,53.76812,-126.82968,13.53766,5.66689,-1.7284,-18.68917,-2.93639,7.70923,-3.31146,,,,,,,,,,,,,,,,,,,,,,,,,,,,,51.41874,2.675628,1.164544,1.511084,-0.55157,1.11459,-0.13611,-2.5353,5.43135,0.72199,77.05147,10.55893,-47.90538,-2.38901,58.35332,-3.81579,5.61215,26.01473,-15.03156,0.60264,-36.33976,2.79629,High,High,High,,,High,High,High
235,2025-08-22,20:57:25.10,2,1,"McGrane, Jameson",682494,Right,HP,"Dixon, Brenden",686981,Right,LEX_LEG,Undefined,9,Top,1,0,0,Slider,Curveball,FoulBallNotFieldable,Undefined,Undefined,Undefined,0,0,,81.58569,0.380375,-3.461377,2131.438597,50.328837,7:45,5.69663,2.71689,6.27709,-46.1781,-3.85953,-6.52918,2.19972,-1.02168,73.64958,-8.18383,-4.639151,0.468206,,,,,,,,,,,,2.19354,-1.6963,-2.45799,50,5.70288,7.39205,-118.21278,-0.64821,3.03124,27.45534,-34.51815,HP,LEX_LEG,HighPoint,Independent,ATL,20250822-HighPoint-1,22870aa0-7fbc-11f0-93aa-f3dbcec3603d,80.50398,,,7.93611,,,,,,,a31a5625-cd95-4fb6-9b78-3ca3a078fd38,2025-08-23,00:57:25.10,2025-08-22T20:57:25.1073536-04:00,2025-08-23T00:57:25.1073536Z,,v3,5431,495,,"Napleton, Luke",813847,Right,HP,493bc5d9-964f-4251-a677-cfcaa419a31c,54.22137,-119.18918,13.72767,5.7041,0.57936,-17.25908,-2.71896,7.28425,1.51562,,,,,,,,,,,,,,,,,,,,,,,,,,,,,,,,,,,,,,,,,,,,,,,,,,,High,High,High,,,,,
236,2025-08-22,20:57:48.19,2,2,"McGrane, Jameson",682494,Right,HP,"Dixon, Brenden",686981,Right,LEX_LEG,Undefined,9,Top,1,0,1,Fastball,Four-Seam,BallCalled,Undefined,Undefined,Undefined,0,0,,92.46938,-1.22275,-3.259871,2135.735621,207.446636,1:00,5.84186,2.85041,6.4698,-11.45556,20.29344,10.05792,3.76226,0.69146,85.04801,-3.458533,-1.439386,0.405543,,,,,,,,,,,,-6.06477,11.19969,-2.62447,50,5.74987,7.24312,-134.34233,-3.12427,-11.18207,26.68144,-11.52432,HP,LEX_LEG,HighPoint,Independent,ATL,20250822-HighPoint-1,3041c040-7fbc-11f0-93aa-f3dbcec3603d,92.94325,,,7.42137,,,,,,,a31a5625-cd95-4fb6-9b78-3ca3a078fd38,2025-08-23,00:57:48.19,2025-08-22T20:57:48.1974784-04:00,2025-08-23T00:57:48.1974784Z,,v3,5431,495,,"Napleton, Luke",813847,Right,HP,2b41257d-b024-4b50-8f46-856c5cb9ff94,54.02973,-135.1403,13.34072,5.83816,-2.77961,-5.76216,-2.84609,7.57755,-5.59103,,,,,,,,,,,,,,,,,,,,,,,,,,,,,,,,,,,,,,,,,,,,,,,,,,,High,High,High,,,,,
237,2025-08-22,20:58:08.82,2,3,"McGrane, Jameson",682494,Right,HP,"Dixon, Brenden",686981,Right,LEX_LEG,Undefined,9,Top,1,1,1,Fastball,Four-Seam,FoulBallNotFieldable,Undefined,Undefined,Undefined,0,0,,91.33416,-1.721403,-4.007198,2191.709961,213.326689,1:00,5.94618,2.58781,6.51216,-12.98347,19.53371,12.2193,3.2802,-0.07719,84.10997,-4.235524,-1.796256,0.410419,,,,,,,,,,,,-7.45284,10.99875,-2.31312,50,5.81988,8.81943,-132.60699,-4.30898,-13.3964,25.84141,-12.4039,HP,LEX_LEG,HighPoint,Independent,ATL,20250822-HighPoint-1,3c8bcee0-7fbc-11f0-93aa-f3dbcec3603d,91.83888,,,7.22418,,,,,,,a31a5625-cd95-4fb6-9b78-3ca3a078fd38,2025-08-23,00:58:08.82,2025-08-22T20:58:08.8297984-04:00,2025-08-23T00:58:08.8297984Z,,v3,5431,495,,"Napleton, Luke",813847,Right,HP,927036ea-e3f7-41f1-af8f-795a244d7cae,53.98922,-133.38211,12.92071,5.94354,-3.93692,-6.20195,-2.58368,9.22126,-6.6982,,,,,,,,,,,,,,,,,,,,,,,,,,,,,,,,,,,,,,,,,,,,,,,,,,,High,High,High,,,,,
238,2025-08-22,20:58:39.60,2,4,"McGrane, Jameson",682494,Right,HP,"Dixon, Brenden",686981,Right,LEX_LEG,Undefined,9,Top,1,1,2,Splitter,Splitter,FoulBallNotFieldable,Undefined,Undefined,Undefined,0,0,,86.86132,-0.707826,-3.349454,913.268175,300.941615,4:00,5.7303,2.83973,6.54512,-38.12884,-1.62083,4.76028,1.90261,0.16116,79.12159,-7.808846,-2.485154,0.434876,,,,,,,,,,,,-3.54953,-0.29122,-2.60976,50,5.66528,7.20061,-126.06113,-2.75031,-5.64806,28.29674,-32.63742,HP,LEX_LEG,HighPoint,Independent,ATL,20250822-HighPoint-1,4eed9e60-7fbc-11f0-93aa-f3dbcec3603d,86.67397,,,7.73973,,,,,,,a31a5625-cd95-4fb6-9b78-3ca3a078fd38,2025-08-23,00:58:39.60,2025-08-22T20:58:39.6008960-04:00,2025-08-23T00:58:39.6008960Z,,v3,5431,495,,"Napleton, Luke",813847,Right,HP,3b277d0f-0469-420a-86de-83b1aac62a40,53.9548,-126.94575,14.14837,5.73532,-1.72998,-16.31871,-2.83763,7.37718,-2.82403,,,,,,,,,,,,,,,,,,,,,,,,,,,,,,,,,,,,,,,,,,,,,,,,,,,High,High,High,,,,,
239,2025-08-22,20:59:25.36,2,5,"McGrane, Jameson",682494,Right,HP,"Dixon, Brenden",686981,Right,LEX_LEG,Undefined,9,Top,1,1,2,Fastball,Four-Seam,InPlay,Undefined,GroundBall,Out,1,0,,91.41046,-0.885107,-4.294422,1990.933624,213.097068,1:00,5.95955,2.7291,6.50691,-15.95639,16.60843,10.19386,3.81519,-0.37003,83.95154,-3.942201,-2.451538,0.41072,94.73243,-13.405274,-19.488006,,,,,15.64008,15.17829,-16.925804,0.110295,-6.48303,9.24906,-2.433,50,5.89035,9.56664,-132.66798,-2.48019,-11.63014,26.64276,-15.58186,HP,LEX_LEG,HighPoint,Independent,ATL,20250822-HighPoint-1,6a2ba5f0-7fbc-11f0-93aa-f3dbcec3603d,91.77168,3.82691,,7.45893,,,,1.18246,3.82691,0.39305,a31a5625-cd95-4fb6-9b78-3ca3a078fd38,2025-08-23,00:59:25.36,2025-08-22T20:59:25.3632000-04:00,2025-08-23T00:59:25.3632000Z,GroundBall,v3,5431,495,,"Napleton, Luke",813847,Right,HP,bd569352-4e2b-4e02-9218-9b788009d560,53.99376,-133.46761,13.32138,5.95778,-2.01254,-7.79093,-2.72536,9.9157,-5.81507,25.030734,1.18262,127.39344,-22.2853,,,,,,,3.82714,-32.23942,-22.31885,,,,,,,0.39308,-45.09256,2.22362,,,,,,,,,,,,,,,,,,,,,,,,,,,,,High,High,High,High,High,,,
240,2025-08-22,21:00:08.65,3,1,"McGrane, Jameson",682494,Right,HP,"Fuentes, Brian",1000059283,Right,LEX_LEG,Undefined,9,Top,2,0,0,Slider,Curveball,BallCalled,Undefined,Undefined,Undefined,0,0,,80.35844,2.343454,-0.798042,2135.276346,67.445309,8:15,5.69623,3.01864,6.21069,-46.01597,-2.57469,-9.92501,4.02582,1.45497,72.482,-6.223241,-2.589587,0.474376,,,,,,,,,,,,4.82256,-1.56547,-2.95428,50,5.85,2.00193,-116.55533,3.33128,6.51805,25.48174,-34.28991,HP,LEX_LEG,HighPoint,Independent,ATL,20250822-HighPoint-1,8407faa0-7fbc-11f0-93aa-f3dbcec3603d,79.45689,,,7.87644,,,,,,,a31a5625-cd95-4fb6-9b78-3ca3a078fd38,2025-08-23,01:00:08.65,2025-08-22T21:00:08.6588416-04:00,2025-08-23T01:00:08.6588416Z,,v3,5431,495,,"Napleton, Luke",813847,Right,HP,00e76cea-f95c-4318-a281-326c68a99cb7,54.28662,-117.48875,12.74087,5.70496,4.58735,-17.14496,-3.02324,1.76317,3.25903,,,,,,,,,,,,,,,,,,,,,,,,,,,,,,,,,,,,,,,,,,,,,,,,,,,High,High,High,,,,,
241,2025-08-22,21:00:23.29,3,2,"McGrane, Jameson",682494,Right,HP,"Fuentes, Brian",1000059283,Right,LEX_LEG,Undefined,9,Top,2,1,0,Slider,Curveball,StrikeCalled,Undefined,Undefined,Undefined,0,0,,78.84423,1.678975,-2.361334,2130.95032,65.45504,8:15,5.74862,3.09967,6.0714,-50.80452,-5.3365,-15.21379,3.07032,-0.35446,71.37258,-7.708793,-5.096906,0.485316,,,,,,,,,,,,6.96615,-2.72914,-2.90928,50,5.8528,5.29109,-114.30532,1.74321,9.03684,24.89873,-35.71443,HP,LEX_LEG,HighPoint,Independent,ATL,20250822-HighPoint-1,8cc38b50-7fbc-11f0-93aa-f3dbcec3603d,77.6658,,,7.47165,,,,,,,a31a5625-cd95-4fb6-9b78-3ca3a078fd38,2025-08-23,01:00:23.29,2025-08-22T21:00:23.2954880-04:00,2025-08-23T01:00:23.2954880Z,,v3,5431,495,,"Napleton, Luke",813847,Right,HP,27ba090d-7c8a-488b-8f06-b6df02bcfef8,54.42698,-115.2656,12.44937,5.75901,3.12062,-17.85722,-3.10663,4.94256,4.51842,,,,,,,,,,,,,,,,,,,,,,,,,,,,,,,,,,,,,,,,,,,,,,,,,,,High,High,High,,,,,
242,2025-08-22,21:00:38.61,3,3,"McGrane, Jameson",682494,Right,HP,"Fuentes, Brian",1000059283,Right,LEX_LEG,Undefined,9,Top,2,1,1,Fastball,Four-Seam,FoulBallNotFieldable,Undefined,Undefined,Undefined,0,0,,91.4812,-1.457824,-4.169549,2205.782844,213.066665,1:00,5.95801,2.65147,6.4985,-15.47812,17.28658,10.56725,3.32619,-0.30194,83.45443,-4.441342,-2.258796,0.411978,76.92472,23.579568,157.149586,3237.631967,,,,,43.11199,,,-6.70894,9.78414,-2.36354,50,5.84866,9.25115,-132.66323,-3.78263,-11.94414,28.64753,-14.75498,HP,LEX_LEG,HighPoint,Independent,ATL,20250822-HighPoint-1,95d72710-7fbc-11f0-93aa-f3dbcec3603d,91.49128,18.45907,,8.02677,,,,0.4838,3.16365,0.29005,a31a5625-cd95-4fb6-9b78-3ca3a078fd38,2025-08-23,01:00:38.61,2025-08-22T21:00:38.6156544-04:00,2025-08-23T01:00:38.6156544Z,,v3,5431,495,,"Napleton, Luke",813847,Right,HP,e10ce71e-9244-4596-a8f7-9355eea62149,54.00074,-133.52436,14.32376,5.9557,-3.3391,-7.37749,-2.64702,9.61019,-5.97207,302.474196,0.48337,-95.27553,6.21351,,,,,,,3.17275,44.85365,-22.77285,,,,,,,0.29814,39.90625,-9.63145,,,,,,,,,,,,,,,,,,,,,,,,,,,,,High,High,High,High,Undefined,,,
243,2025-08-22,21:01:02.17,3,4,"McGrane, Jameson",682494,Right,HP,"Fuentes, Brian",1000059283,Right,LEX_LEG,Undefined,9,Top,2,1,2,Splitter,Splitter,BallCalled,Undefined,Undefined,Undefined,0,0,,87.24609,-2.360309,-4.031522,894.290646,284.108376,3:30,5.6663,2.93163,6.69002,-37.93372,-2.08106,12.85009,0.33994,0.30931,80.1581,-9.400423,-1.690546,0.430955,,,,,,,,,,,,-7.95445,-0.05366,-2.66711,50,5.49408,8.44736,-126.54404,-6.39655,-12.84433,26.83275,-32.26071,HP,LEX_LEG,HighPoint,Independent,ATL,20250822-HighPoint-1,a3e46980-7fbc-11f0-93aa-f3dbcec3603d,87.46254,,,7.088,,,,,,,a31a5625-cd95-4fb6-9b78-3ca3a078fd38,2025-08-23,01:01:02.17,2025-08-22T21:01:02.1760512-04:00,2025-08-23T01:01:02.1760512Z,,v3,5431,495,,"Napleton, Luke",813847,Right,HP,0fd2f54c-effd-4c8c-b574-dbbea0dbaab8,53.81089,-127.34954,13.41637,5.67156,-5.4281,-16.13035,-2.92648,8.83294,-6.42217,,,,,,,,,,,,,,,,,,,,,,,,,,,,,,,,,,,,,,,,,,,,,,,,,,,High,High,High,,,,,
244,2025-08-22,21:01:30.54,3,5,"McGrane, Jameson",682494,Right,HP,"Fuentes, Brian",1000059283,Right,LEX_LEG,Undefined,9,Top,2,2,2,Fastball,Four-Seam,FoulBallNotFieldable,Undefined,Undefined,Undefined,0,0,,91.65573,-1.270912,-4.722774,2156.226377,221.774466,1:30,5.83645,2.65568,6.73062,-15.32973,16.98501,14.25804,3.39341,-0.48187,83.72286,-4.2367,-2.135677,0.40914,88.69996,7.638846,43.309856,4537.767934,,,,135.22768,134.22993,49.930574,1.268188,-8.83323,9.6354,-2.3486,50,5.746,10.43294,-132.91483,-3.33184,-15.81935,28.19109,-14.91809,HP,LEX_LEG,HighPoint,Independent,ATL,20250822-HighPoint-1,b4cd54a0-7fbc-11f0-93aa-f3dbcec3603d,92.12606,7.92285,,7.93286,,,,-0.15554,3.26174,0.39743,a31a5625-cd95-4fb6-9b78-3ca3a078fd38,2025-08-23,01:01:30.54,2025-08-22T21:01:30.5415680-04:00,2025-08-23T01:01:30.5415680Z,LineDrive,v3,5431,495,,"Napleton, Luke",813847,Right,HP,b1d1abc3-fa09-4407-93ee-1dabf3cff9bf,53.76935,-133.71192,14.09555,5.83424,-2.91004,-7.45905,-2.64991,10.88022,-7.90968,255.998685,-0.15554,93.82276,-26.58491,7.07985,-1.72122,0.38482,-0.08203,0.0143,-0.00139,3.26174,17.29306,-16.20434,0.22632,0.2649,-0.12252,0.03854,-0.00802,0.00089,0.39743,88.44458,-5.87277,-0.10987,0.37235,-0.1599,0.04818,-0.0103,0.00116,,,,,,,,,,,,,,,,,,,,,,,High,High,High,High,High,,,
245,2025-08-22,21:01:55.52,3,6,"McGrane, Jameson",682494,Right,HP,"Fuentes, Brian",1000059283,Right,LEX_LEG,Undefined,9,Top,2,2,2,Slider,Curveball,InPlay,Undefined,FlyBall,Out,1,0,,80.02211,0.87734,-2.129366,2186.313689,52.638813,7:45,5.66741,2.81992,6.05502,-49.84007,-5.97343,-9.7715,2.3268,0.03368,72.89271,-8.306057,-3.888637,0.476693,87.51797,48.131623,-15.744852,4845.464057,104.65497,114.12349,-33.87197,239.94629,118.624,-19.668327,5.785848,4.38772,-2.98587,-2.64908,50,5.70889,4.67687,-116.15602,0.20303,5.91024,24.61609,-36.19598,HP,LEX_LEG,HighPoint,Independent,ATL,20250822-HighPoint-1,c3b62a00-7fbc-11f0-93aa-f3dbcec3603d,79.07073,125.78466,,7.12939,,,,2.11777,2.35955,-0.45735,a31a5625-cd95-4fb6-9b78-3ca3a078fd38,2025-08-23,01:01:55.52,2025-08-22T21:01:55.5274752-04:00,2025-08-23T01:01:55.5274752Z,FlyBall,v3,5431,495,,"Napleton, Luke",813847,Right,HP,579aca60-04d3-401d-b845-5db5af014f1c,54.44595,-117.09443,12.30804,5.67485,1.58289,-18.09799,-2.82307,4.45156,2.95512,173.946757,2.12376,82.3394,-23.48958,6.4302,-1.16889,0.12547,-0.00537,-0.0001,1E-05,2.35997,95.56931,-21.02383,0.70873,0.41513,-0.23315,0.05848,-0.00729,0.00035,-0.4587,-23.22237,4.25239,-0.93171,0.12063,-0.00421,-0.00071,2E-05,1E-05,,,,,,,,,,,,,,,,,,,,,,,High,High,High,Medium,Low,,,