PitchNo,Date,Time,PAofInning,PitchofPA,Pitcher,PitcherId,PitcherThrows,PitcherTeam,Batter,BatterId,BatterSide,BatterTeam,PitcherSet,Inning,Top/Bottom,Outs,Balls,Strikes,TaggedPitchType,AutoPitchType,PitchCall,KorBB,TaggedHitType,PlayResult,OutsOnPlay,RunsScored,Notes,RelSpeed,VertRelAngle,HorzRelAngle,SpinRate,SpinAxis,Tilt,RelHeight,RelSide,Extension,VertBreak,InducedVertBreak,HorzBreak,PlateLocHeight,PlateLocSide,ZoneSpeed,VertApprAngle,HorzApprAngle,ZoneTime,ExitSpeed,Angle,Direction,HitSpinRate,PositionAt110X,PositionAt110Y,PositionAt110Z,Distance,LastTrackedDistance,Bearing,HangTime,pfxx,pfxz,x0,y0,z0,vx0,vy0,vz0,ax0,ay0,az0,HomeTeam,AwayTeam,Stadium,Level,League,GameID,PitchUID,EffectiveVelo,MaxHeight,MeasuredDuration,SpeedDrop,PitchLastMeasuredX,PitchLastMeasuredY,PitchLastMeasuredZ,ContactPositionX,ContactPositionY,ContactPositionZ,GameUID,UTCDate,UTCTime,LocalDateTime,UTCDateTime,AutoHitType,System,HomeTeamForeignID,AwayTeamForeignID,GameForeignID,Catcher,CatcherId,CatcherThrows,CatcherTeam,PlayID,PitchTrajectoryXc0,PitchTrajectoryXc1,PitchTrajectoryXc2,PitchTrajectoryYc0,PitchTrajectoryYc1,PitchTrajectoryYc2,PitchTrajectoryZc0,PitchTrajectoryZc1,PitchTrajectoryZc2,HitSpinAxis,HitTrajectoryXc0,HitTrajectoryXc1,HitTrajectoryXc2,HitTrajectoryXc3,HitTrajectoryXc4,HitTrajectoryXc5,HitTrajectoryXc6,HitTrajectoryXc7,HitTrajectoryXc8,HitTrajectoryYc0,HitTrajectoryYc1,HitTrajectoryYc2,HitTrajectoryYc3,HitTrajectoryYc4,HitTrajectoryYc5,HitTrajectoryYc6,HitTrajectoryYc7,HitTrajectoryYc8,HitTrajectoryZc0,HitTrajectoryZc1,HitTrajectoryZc2,HitTrajectoryZc3,HitTrajectoryZc4,HitTrajectoryZc5,HitTrajectoryZc6,HitTrajectoryZc7,HitTrajectoryZc8,ThrowSpeed,PopTime,ExchangeTime,TimeToBase,CatchPositionX,CatchPositionY,CatchPositionZ,ThrowPositionX,ThrowPositionY,ThrowPositionZ,BasePositionX,BasePositionY,BasePositionZ,ThrowTrajectoryXc0,ThrowTrajectoryXc1,ThrowTrajectoryXc2,ThrowTrajectoryYc0,ThrowTrajectoryYc1,ThrowTrajectoryYc2,ThrowTrajectoryZc0,ThrowTrajectoryZc1,ThrowTrajectoryZc2,PitchReleaseConfidence,PitchLocationConfidence,PitchMovementConfidence,HitLaunchConfidence,HitLandingConfidence,CatcherThrowCatchConfidence,CatcherThrowReleaseConfidence,CatcherThrowLocationConfidence
1,2025-07-26,18:40:02.96,1,1,"Devine, Michael",683772,Right,HP,"Scantlin, Nate",676715,Left,GAS,Undefined,1,Top,0,0,0,TwoSeamFastBall,Changeup,BallCalled,Undefined,Undefined,Undefined,0,0,,83.52861,1.571862,-3.23458,2124.429273,279.455976,3:15,4.44169,4.72272,5.16451,-42.71113,-1.49441,16.73643,2.36458,3.06984,76.40022,-6.191339,-0.275301,0.46207,,,,,,,,,,,,-9.19532,-0.76504,-4.43408,50,4.55579,6.11218,-121.06649,1.71892,-13.66162,23.4071,-33.31066,HP,GAS,HighPoint,Independent,ATL,20250726-HighPoint-1,78844b30-6a71-11f0-b210-07976e9a8e1d,81.57297,,,7.12839,,,,,,,0a4e6f39-7943-496f-befe-e00918278d5d,2025-07-26,22:40:02.96,2025-07-26T18:40:02.9699072-04:00,2025-07-26T22:40:02.9699072Z,,v3,5431,5508,,"Conley, Jack",663660,Right,HP,5d1a599b-65d5-4e49-86a5-a433c84e453d,55.33625,-122.09385,11.70355,4.44826,3.18095,-16.65533,-4.71551,6.7118,-6.83081,,,,,,,,,,,,,,,,,,,,,,,,,,,,,,,,,,,,,,,,,,,,,,,,,,,High,High,High,,,,,
2,2025-07-26,18:40:16.52,1,2,"Devine, Michael",683772,Right,HP,"Scantlin, Nate",676715,Left,GAS,Undefined,1,Top,0,1,0,Fastball,Changeup,InPlay,Undefined,GroundBall,Out,1,0,,86.1226,-0.693512,-5.981226,2184.284616,235.592374,1:45,4.81973,4.13357,5.63051,-26.79561,11.16686,14.69501,1.93611,-0.243,79.45549,-5.636128,-3.377783,0.443454,66.21773,-56.944681,-106.441202,,,,,6.86114,6.86114,-12.225548,0.016543,-9.05709,6.15646,-3.63282,50,4.74304,12.46968,-124.60427,-2.41565,-14.40236,22.35451,-22.38416,HP,GAS,HighPoint,Independent,ATL,20250726-HighPoint-1,8087af70-6a71-11f0-b210-07976e9a8e1d,84.99742,1.34959,,6.66711,,,,,,,0a4e6f39-7943-496f-befe-e00918278d5d,2025-07-26,22:40:16.52,2025-07-26T18:40:16.5220864-04:00,2025-07-26T22:40:16.5220864Z,GroundBall,v3,5431,5508,,"Conley, Jack",663660,Right,HP,6739f1d5-b33a-4e22-a9d4-4eb2eeada0a4,54.87232,-125.47534,11.17725,4.82018,-1.54342,-11.19208,-4.12965,13.03088,-7.20118,180,6.95421,-15.0267,,,,,,,,1.35007,-81.58196,,,,,,,,-0.61024,-50.92111,,,,,,,,,,,,,,,,,,,,,,,,,,,,,,High,High,High,Low,Low,,,
3,2025-07-26,18:40:53.76,2,1,"Devine, Michael",683772,Right,HP,"Reinheimer, Jack",595373,Right,GAS,Undefined,1,Top,1,0,0,Slider,Slider,StrikeCalled,Undefined,Undefined,Undefined,0,0,,82.61122,1.338285,-5.32095,2532.437179,221.979603,1:30,4.41608,4.37932,5.30535,-34.0273,7.97634,6.0304,2.84242,-0.12747,75.71562,-4.890019,-4.258765,0.466461,,,,,,,,,,,,-4.41681,4.03154,-3.89939,50,4.5135,10.8701,-119.43319,1.61676,-6.41312,21.87345,-26.32037,HP,GAS,HighPoint,Independent,ATL,20250726-HighPoint-1,96c866d0-6a71-11f0-b210-07976e9a8e1d,80.80518,,,6.8956,,,,,,,0a4e6f39-7943-496f-befe-e00918278d5d,2025-07-26,22:40:53.76,2025-07-26T18:40:53.7683456-04:00,2025-07-26T22:40:53.7683456Z,,v3,5431,5508,,"Conley, Jack",663660,Right,HP,dce96a1a-51e9-48c5-b1d7-7623f0fdbc7e,55.1934,-120.38057,10.93673,4.41879,2.75674,-13.16019,-4.37621,11.14787,-3.20656,,,,,,,,,,,,,,,,,,,,,,,,,,,,,,,,,,,,,,,,,,,,,,,,,,,High,High,High,,,,,
4,2025-07-26,18:41:07.92,2,2,"Devine, Michael",683772,Right,HP,"Reinheimer, Jack",595373,Right,GAS,Undefined,1,Top,1,0,1,Slider,Slider,BallCalled,Undefined,Undefined,Undefined,0,0,,82.1125,0.500291,-8.304545,2497.07711,246.423758,2:15,3.99904,4.72477,5.42366,-38.13179,4.60996,7.60933,1.29497,-2.4746,75.50987,-6.420287,-6.975724,0.470541,,,,,,,,,,,,-5.96272,2.60114,-3.98817,50,4.01741,16.9202,-118.06222,-0.27827,-8.47741,20.94208,-28.47591,HP,GAS,HighPoint,Independent,ATL,20250726-HighPoint-1,9f3d2a80-6a71-11f0-b210-07976e9a8e1d,80.10446,,,6.60262,,,,,,,0a4e6f39-7943-496f-befe-e00918278d5d,2025-07-26,22:41:07.92,2025-07-26T18:41:07.9285760-04:00,2025-07-26T22:41:07.9285760Z,,v3,5431,5508,,"Conley, Jack",663660,Right,HP,5afacf8a-ea85-41f6-a3b3-5123464eaf1f,55.07572,-118.95916,10.47104,4.00321,0.94134,-14.23795,-4.72062,17.28328,-4.2387,,,,,,,,,,,,,,,,,,,,,,,,,,,,,,,,,,,,,,,,,,,,,,,,,,,High,High,High,,,,,
5,2025-07-26,18:41:25.38,2,3,"Devine, Michael",683772,Right,HP,"Reinheimer, Jack",595373,Right,GAS,Undefined,1,Top,1,1,1,Slider,Slider,BallCalled,Undefined,Undefined,Undefined,0,0,,83.74808,-0.412532,-6.598361,2443.774631,225.108741,1:30,4.36762,4.38549,5.36795,-34.88561,5.71138,4.6015,1.0711,-1.4454,77.6737,-6.740426,-5.789759,0.458583,,,,,,,,,,,,-3.8902,3.32567,-3.79439,50,4.30548,13.80088,-120.96143,-2.11484,-5.84455,20.49475,-27.17759,HP,GAS,HighPoint,Independent,ATL,20250726-HighPoint-1,a9a66b30-6a71-11f0-b210-07976e9a8e1d,82.19319,,,6.07438,,,,,,,0a4e6f39-7943-496f-befe-e00918278d5d,2025-07-26,22:41:25.38,2025-07-26T18:41:25.3868544-04:00,2025-07-26T22:41:25.3868544Z,,v3,5431,5508,,"Conley, Jack",663660,Right,HP,51a5ae4b-6d10-4459-a7b8-2511cf6303ea,55.13239,-121.82792,10.24738,4.3706,-0.96581,-13.5888,-4.38309,14.04798,-2.92228,,,,,,,,,,,,,,,,,,,,,,,,,,,,,,,,,,,,,,,,,,,,,,,,,,,High,High,High,,,,,
6,2025-07-26,18:41:40.20,2,4,"Devine, Michael",683772,Right,HP,"Reinheimer, Jack",595373,Right,GAS,Undefined,1,Top,1,2,1,TwoSeamFastBall,Changeup,BallCalled,Undefined,Undefined,Undefined,0,0,,85.89953,-0.754013,-6.264764,2234.311804,253.206772,2:30,4.59295,4.02844,5.75763,-31.45714,6.78185,18.53666,1.2654,-0.28164,78.83318,-6.549243,-2.972676,0.445066,,,,,,,,,,,,-11.05005,4.02181,-3.51838,50,4.51091,12.85878,-124.14429,-2.71409,-17.34557,23.49212,-25.86087,HP,GAS,HighPoint,Independent,ATL,20250726-HighPoint-1,b270c8f0-6a71-11f0-b210-07976e9a8e1d,84.68952,,,7.06635,,,,,,,0a4e6f39-7943-496f-befe-e00918278d5d,2025-07-26,22:41:40.20,2025-07-26T18:41:40.2021376-04:00,2025-07-26T22:41:40.2021376Z,,v3,5431,5508,,"Conley, Jack",663660,Right,HP,c5c1a374-40d7-4b94-8eee-29237d5e20e4,54.74297,-125.03859,11.74606,4.59549,-1.72961,-12.93044,-4.02046,13.51909,-8.67279,,,,,,,,,,,,,,,,,,,,,,,,,,,,,,,,,,,,,,,,,,,,,,,,,,,High,High,High,,,,,
7,2025-07-26,18:42:01.52,2,5,"Devine, Michael",683772,Right,HP,"Reinheimer, Jack",595373,Right,GAS,Undefined,1,Top,1,3,1,TwoSeamFastBall,Changeup,InPlay,Undefined,GroundBall,Out,1,0,,85.11213,1.009137,-6.271938,2159.518993,250.39228,2:15,4.62349,4.36974,5.74557,-30.60407,8.10386,19.61737,3.01846,0.14164,78.36715,-4.631946,-2.791852,0.447787,95.50677,-6.453082,-21.39145,,,,,24.18352,23.15337,-20.417228,0.163243,-11.57465,4.20264,-3.85901,50,4.68889,12.74519,-123.09875,1.16132,-17.98616,21.52688,-25.64345,HP,GAS,HighPoint,Independent,ATL,20250726-HighPoint-1,bf264390-6a71-11f0-b210-07976e9a8e1d,84.17497,3.11264,,6.74498,,,,2.05293,3.11264,-0.16323,0a4e6f39-7943-496f-befe-e00918278d5d,2025-07-26,22:42:01.52,2025-07-26T18:42:01.5267840-04:00,2025-07-26T22:42:01.5267840Z,GroundBall,v3,5431,5508,,"Conley, Jack",663660,Right,HP,f9b4444b-a049-445b-b4b8-51844882763c,54.75697,-123.92784,10.76344,4.62515,2.14895,-12.82173,-4.36322,13.43791,-8.99308,46.879923,2.05347,129.55633,-20.22507,,,,,,,3.11318,-15.78692,-20.13706,,,,,,,-0.16308,-50.77936,0.59357,,,,,,,,,,,,,,,,,,,,,,,,,,,,,High,High,High,High,High,,,
8,2025-07-26,18:42:44.42,3,1,"Devine, Michael",683772,Right,HP,"Roederer, Cole",680711,Left,GAS,Undefined,1,Top,2,0,0,TwoSeamFastBall,Changeup,InPlay,Undefined,FlyBall,Out,1,0,,86.55424,0.118004,-6.576175,2243.248533,246.165627,2:15,4.88446,4.13597,5.58985,-28.1047,9.69851,19.38237,2.65332,-0.41652,79.48662,-5.062849,-3.150416,0.442523,78.14007,40.691664,-4.910957,,108.66174,75.0585,-17.10595,253.80272,202.31971,-14.488771,4.790497,-11.60768,5.19733,-3.58268,50,4.87618,13.62714,-125.06891,-0.70186,-18.55415,23.06191,-23.86646,HP,GAS,HighPoint,Independent,ATL,20250726-HighPoint-1,d8b2f1a0-6a71-11f0-b210-07976e9a8e1d,85.17623,81.90582,,7.06762,,,,1.53958,2.75233,0.43752,0a4e6f39-7943-496f-befe-e00918278d5d,2025-07-26,22:42:44.42,2025-07-26T18:42:44.4219904-04:00,2025-07-26T22:42:44.4219904Z,FlyBall,v3,5431,5508,,"Conley, Jack",663660,Right,HP,5dccc920-8a01-4a01-a1a9-dce8cca075f5,54.91293,-125.97156,11.53096,4.88537,0.23228,-11.93323,-4.13027,14.35336,-9.27708,150.760025,1.5435,86.49455,-15.35805,2.90132,-0.20949,-0.09298,0.03005,-0.00317,0.0001,2.75199,74.72119,-20.22894,1.54019,-0.12514,-0.0638,0.03225,-0.00554,0.00033,0.43747,-7.43554,-3.93603,1.43364,-0.40765,0.09702,-0.01881,0.00239,-0.00013,,,,,,,,,,,,,,,,,,,,,,,High,High,High,High,Medium,,,
9,2025-07-26,18:45:36.89,1,1,"Grey, Connor",670119,Right,GAS,"Gonzalez, Luis",8894175,Left,HP,Undefined,1,Bottom,0,0,0,Fastball,Four-Seam,FoulBallNotFieldable,Undefined,Undefined,Undefined,0,0,,92.27809,-1.779475,-2.406869,2448.443578,213.796311,1:15,5.63529,0.82076,6.31909,-15.48493,16.47332,10.41772,2.70395,-0.52921,85.21878,-4.726989,-0.523717,0.406877,70.75941,72.54553,-159.257085,4138.092993,,,,,25.37683,,,-6.1037,9.35016,-0.64989,50,5.49759,5.23431,-134.17669,-4.61678,-11.24329,26.1963,-14.95067,HP,GAS,HighPoint,Independent,ATL,20250726-HighPoint-1,3f819bc0-6a72-11f0-b210-07976e9a8e1d,92.63846,65.76906,,7.05932,,,,2.14926,2.75609,0.60189,0a4e6f39-7943-496f-befe-e00918278d5d,2025-07-26,22:45:36.89,2025-07-26T18:45:36.8973312-04:00,2025-07-26T22:45:36.8973312Z,,v3,5431,5508,,"Perez, Henderson",666630,Right,GAS,563de418-bd0e-4b8c-be39-f78f4937a08d,54.1833,-134.99095,13.09815,5.63387,-4.15206,-7.47533,-0.81802,5.58379,-5.62165,1.519305,2.14926,-29.11029,-4.51983,2.31912,-0.59288,0.58597,-1.55996,1.79369,-0.71137,2.75609,99.00206,-30.03683,3.97601,-0.9203,0.80429,-1.4314,1.37052,-0.49435,0.60189,-11.02485,-0.93413,0.59626,-0.15548,0.1495,-0.41239,0.48115,-0.19211,,,,,,,,,,,,,,,,,,,,,,,High,High,High,High,Undefined,,,
10,2025-07-26,18:45:58.91,1,2,"Grey, Connor",670119,Right,GAS,"Gonzalez, Luis",8894175,Left,HP,Undefined,1,Bottom,0,0,1,Curveball,Curveball,FoulBallNotFieldable,Undefined,Undefined,Undefined,0,0,,78.31619,0.432341,-0.5093,2929.567542,49.242489,7:45,5.54824,1.19656,5.69272,-54.89538,-9.66567,-12.58497,1.37658,-0.32685,73.27191,-9.521809,-2.765958,0.484041,,,,,,,,,,,,6.40764,-4.89118,-1.14531,50,5.54897,1.46031,-114.02904,-0.92323,8.5374,18.6218,-38.69093,HP,GAS,HighPoint,Independent,ATL,20250726-HighPoint-1,4c92f200-6a72-11f0-b210-07976e9a8e1d,77.87013,,,5.04427,,,,,,,0a4e6f39-7943-496f-befe-e00918278d5d,2025-07-26,22:45:58.91,2025-07-26T18:45:58.9123584-04:00,2025-07-26T22:45:58.9123584Z,,v3,5431,5508,,"Perez, Henderson",666630,Right,GAS,1871cb98-1a3c-4e65-8da7-45e7a98ff087,54.81295,-114.81234,9.3109,5.55358,0.70426,-19.34546,-1.19918,1.10119,4.2687,,,,,,,,,,,,,,,,,,,,,,,,,,,,,,,,,,,,,,,,,,,,,,,,,,,High,High,High,,,,,
11,2025-07-26,18:46:22.76,1,3,"Grey, Connor",670119,Right,GAS,"Gonzalez, Luis",8894175,Left,HP,Undefined,1,Bottom,0,0,2,Fastball,Sinker,BallCalled,Undefined,Undefined,Undefined,0,0,,93.59343,-2.181136,0.736468,2332.987272,238.426373,2:00,5.66894,0.80823,6.06837,-21.41383,10.34197,15.18395,1.86487,2.75513,85.66208,-6.182332,3.471474,0.405586,,,,,,,,,,,,-7.58772,6.26898,-0.87304,50,5.48847,-2.41011,-135.90958,-5.89113,-14.15186,30.57833,-20.48181,HP,GAS,HighPoint,Independent,ATL,20250726-HighPoint-1,5adb8fc0-6a72-11f0-b210-07976e9a8e1d,92.93327,,,7.93135,,,,,,,0a4e6f39-7943-496f-befe-e00918278d5d,2025-07-26,22:46:22.76,2025-07-26T18:46:22.7629568-04:00,2025-07-26T22:46:22.7629568Z,,v3,5431,5508,,"Perez, Henderson",666630,Right,GAS,cc27b1d5-0ec8-4784-b93e-6acfb0116312,54.43044,-136.90276,15.28917,5.66902,-5.22589,-10.24091,-0.80223,-1.95046,-7.07593,,,,,,,,,,,,,,,,,,,,,,,,,,,,,,,,,,,,,,,,,,,,,,,,,,,High,High,High,,,,,
12,2025-07-26,18:46:41.34,1,4,"Grey, Connor",670119,Right,GAS,"Gonzalez, Luis",8894175,Left,HP,Undefined,1,Bottom,0,1,2,Fastball,Four-Seam,InPlay,Undefined,LineDrive,Single,0,0,,93.71571,-1.37965,-2.276635,2421.460209,224.469545,1:30,5.7194,0.63907,6.02692,-17.72548,13.95335,12.70402,2.96328,-0.41183,85.56898,-4.734659,0.007952,0.405094,73.00121,19.005195,10.237868,1237.514984,108.98833,22.1508,14.88214,193.55124,193.55124,5.685947,2.441786,-7.2504,7.89264,-0.46812,50,5.60182,4.87254,-136.09172,-3.84372,-13.57696,30.29093,-17.3944,HP,GAS,HighPoint,Independent,ATL,20250726-HighPoint-1,65ee7df0-6a72-11f0-b210-07976e9a8e1d,93.0461,22.26025,,8.14673,,,,1.23421,2.96507,0.42069,0a4e6f39-7943-496f-befe-e00918278d5d,2025-07-26,22:46:41.34,2025-07-26T18:46:41.3463040-04:00,2025-07-26T22:46:41.3463040Z,LineDrive,v3,5431,5508,,"Perez, Henderson",666630,Right,GAS,e8caed56-8f92-4fcf-8497-37675d41fa03,54.47388,-137.08389,15.14547,5.71839,-3.27397,-8.6972,-0.635,5.31725,-6.78848,127.470304,1.23419,99.62087,-11.745,1.8533,-0.3199,0.01095,0.025,-0.01161,0.00181,2.96508,34.8673,-16.77179,1.06813,-0.20038,0.0878,-0.04205,0.01375,-0.00187,0.42069,17.99272,-6.59624,1.62848,-0.39992,0.07371,-0.00842,-0.00055,0.00026,,,,,,,,,,,,,,,,,,,,,,,High,High,High,High,High,,,
13,2025-07-26,18:47:18.73,2,1,"Grey, Connor",670119,Right,GAS,"Aklinski, Ben",679701,Right,HP,Undefined,1,Bottom,0,0,0,Slider,Slider,BallCalled,Undefined,Undefined,Undefined,0,0,,85.92031,1.691866,-0.556692,2632.752761,65.91407,8:15,5.43353,1.27126,5.54996,-38.9462,-0.7187,-4.19146,3.76952,0.40176,78.77394,-5.444148,-1.304244,0.444999,,,,,,,,,,,,1.95969,-0.4426,-1.22029,50,5.55423,1.39194,-124.7756,2.25886,3.09754,24.49413,-32.87363,HP,GAS,HighPoint,Independent,ATL,20250726-HighPoint-1,7c43cec0-6a72-11f0-b210-07976e9a8e1d,84.70224,,,7.14637,,,,,,,0a4e6f39-7943-496f-befe-e00918278d5d,2025-07-26,22:47:18.73,2025-07-26T18:47:18.7361792-04:00,2025-07-26T22:47:18.7361792Z,,v3,5431,5508,,"Perez, Henderson",666630,Right,GAS,5f779982-c41f-41b1-964e-5032cd81d7f3,54.94963,-125.74349,12.24706,5.43931,3.55786,-16.43681,-1.27288,1.26954,1.54877,,,,,,,,,,,,,,,,,,,,,,,,,,,,,,,,,,,,,,,,,,,,,,,,,,,High,High,High,,,,,
14,2025-07-26,18:47:37.21,2,2,"Grey, Connor",670119,Right,GAS,"Aklinski, Ben",679701,Right,HP,Undefined,1,Bottom,0,1,0,Slider,Slider,StrikeCalled,Undefined,Undefined,Undefined,0,0,,87.42456,-0.231695,-1.57882,2605.501151,214.133194,1:15,5.53523,1.2439,5.85745,-32.85903,3.72213,1.7498,2.58163,-0.07752,80.11397,-6.301633,-1.26484,0.435312,,,,,,,,,,,,-1.33311,2.32673,-1.11676,50,5.49731,3.42696,-126.98273,-1.65392,-2.17617,26.06052,-28.37594,HP,GAS,HighPoint,Independent,ATL,20250726-HighPoint-1,873be1f0-6a72-11f0-b210-07976e9a8e1d,86.58727,,,7.31059,,,,,,,0a4e6f39-7943-496f-befe-e00918278d5d,2025-07-26,22:47:37.21,2025-07-26T18:47:37.2180000-04:00,2025-07-26T22:47:37.2180000Z,,v3,5431,5508,,"Perez, Henderson",666630,Right,GAS,60988158-2fca-42cf-9c6a-ca4938d681e9,54.64141,-127.93173,13.03026,5.53873,-0.6206,-14.18797,-1.243,3.5062,-1.08808,,,,,,,,,,,,,,,,,,,,,,,,,,,,,81.11522,1.944632,0.693094,1.251538,-1.38514,2.26347,0.13897,-0.99714,4.72415,1.678,127.27925,0.50362,5.23965,-0.8325,116.54125,-11.47556,4.74053,11.0402,-11.54522,1.64855,1.10941,1.43188,High,High,High,,,High,High,High
15,2025-07-26,18:48:28.75,2,3,"Grey, Connor",670119,Right,GAS,"Aklinski, Ben",679701,Right,HP,Undefined,1,Bottom,0,1,1,Slider,Slider,BallCalled,Undefined,Undefined,Undefined,0,0,,87.76258,-1.939727,-2.390755,2658.933886,237.962482,2:00,5.4671,1.1665,5.82742,-33.45781,2.53906,2.46862,0.87349,-0.85156,81.59862,-8.057009,-1.947946,0.431821,,,,,,,,,,,,-1.84681,2.09142,-0.97258,50,5.28858,5.22169,-127.49928,-5.50209,-3.07649,23.27017,-28.69011,HP,GAS,HighPoint,Independent,ATL,20250726-HighPoint-1,a5fdb910-6a72-11f0-b210-07976e9a8e1d,87.28722,,,6.16396,,,,,,,0a4e6f39-7943-496f-befe-e00918278d5d,2025-07-26,22:48:28.75,2025-07-26T18:48:28.7511552-04:00,2025-07-26T22:48:28.7511552Z,,v3,5431,5508,,"Perez, Henderson",666630,Right,GAS,c9b8fee3-a1fe-44f6-8028-054e04ff5bf4,54.6734,-128.3494,11.63509,5.47044,-4.45397,-14.34505,-1.1654,5.33408,-1.53824,,,,,,,,,,,,,,,,,,,,,,,,,,,,,,,,,,,,,,,,,,,,,,,,,,,High,High,High,,,,,
16,2025-07-26,18:48:46.12,2,4,"Grey, Connor",670119,Right,GAS,"Aklinski, Ben",679701,Right,HP,Undefined,1,Bottom,0,2,1,ChangeUp,Changeup,BallCalled,Undefined,Undefined,Undefined,0,0,,86.05833,-0.506644,-1.214891,1536.805592,263.607297,2:45,5.4524,1.24276,6.12725,-34.25403,2.43764,13.38965,2.12945,1.23537,80.34389,-6.815933,1.202063,0.435969,,,,,,,,,,,,-7.21528,1.67768,-1.15674,50,5.39568,2.14283,-125.32122,-2.23679,-11.68241,21.02917,-29.45767,HP,GAS,HighPoint,Independent,ATL,20250726-HighPoint-1,b05baf20-6a72-11f0-b210-07976e9a8e1d,86.45679,,,5.71444,,,,,,,0a4e6f39-7943-496f-befe-e00918278d5d,2025-07-26,22:48:46.12,2025-07-26T18:48:46.1205504-04:00,2025-07-26T22:48:46.1205504Z,,v3,5431,5508,,"Perez, Henderson",666630,Right,GAS,6acb6c48-61fa-476f-938e-1c9b2d805c59,54.37528,-126.05327,10.51459,5.4557,-1.21135,-14.72884,-1.23841,2.5495,-5.8412,,,,,,,,,,,,,,,,,,,,,,,,,,,,,,,,,,,,,,,,,,,,,,,,,,,High,High,High,,,,,
17,2025-07-26,18:49:10.54,2,5,"Grey, Connor",670119,Right,GAS,"Aklinski, Ben",679701,Right,HP,Undefined,1,Bottom,0,3,1,Fastball,Four-Seam,BallCalled,Walk,Undefined,Undefined,0,0,,93.63333,-2.927015,-2.607273,2426.991121,213.097887,1:00,5.54043,0.73707,6.04212,-15.3956,16.3869,10.01272,1.54227,-0.8442,85.5955,-5.855269,-0.80693,0.405756,,,,,,,,,,,,-5.8637,9.55504,-0.53899,50,5.30349,5.74411,-135.76736,-7.40488,-10.94458,29.72597,-14.33963,HP,GAS,HighPoint,Independent,ATL,20250726-HighPoint-1,bee17cf0-6a72-11f0-b210-07976e9a8e1d,92.89425,,,8.03783,,,,,,,0a4e6f39-7943-496f-befe-e00918278d5d,2025-07-26,22:49:10.54,2025-07-26T18:49:10.5456640-04:00,2025-07-26T22:49:10.5456640Z,,v3,5431,5508,,"Perez, Henderson",666630,Right,GAS,0f957f22-1dfd-40fa-bb66-107fc4d6b118,54.4564,-136.7396,14.86298,5.53801,-6.93587,-7.16981,-0.73271,6.10207,-5.47229,,,,,,,,,,,,,,,,,,,,,,,,,,,,,,,,,,,,,,,,,,,,,,,,,,,High,High,High,,,,,
18,2025-07-26,18:49:49.19,3,1,"Grey, Connor",670119,Right,GAS,"Mendoza, Drew",666141,Left,HP,Undefined,1,Bottom,0,0,0,ChangeUp,Changeup,BallCalled,Undefined,Undefined,Undefined,0,0,,87.5582,0.57965,-1.435721,1691.011847,256.171911,2:30,5.44365,1.33942,5.93687,-31.79577,4.20591,12.96682,3.33194,1.08778,80.85283,-5.296576,0.894199,0.43185,,,,,,,,,,,,-6.99709,2.34268,-1.23208,50,5.47192,2.65849,-127.33978,0.19843,-11.60272,23.72696,-28.28936,HP,GAS,HighPoint,Independent,ATL,20250726-HighPoint-1,d5f032b0-6a72-11f0-b210-07976e9a8e1d,87.28133,,,6.70537,,,,,,,0a4e6f39-7943-496f-befe-e00918278d5d,2025-07-26,22:49:49.19,2025-07-26T18:49:49.1991552-04:00,2025-07-26T22:49:49.1991552Z,,v3,5431,5508,,"Perez, Henderson",666630,Right,GAS,269c89d8-6559-4347-b0af-b7e3fde0e1d6,54.56386,-128.18734,11.86348,5.44678,1.20895,-14.14468,-1.33445,3.07295,-5.80136,,,,,,,,,,,,,,,,,,,,,,,,,,,,,,,,,,,,,,,,,,,,,,,,,,,High,High,High,,,,,
19,2025-07-26,18:50:09.60,3,2,"Grey, Connor",670119,Right,GAS,"Mendoza, Drew",666141,Left,HP,Undefined,1,Bottom,0,1,0,Fastball,Four-Seam,InPlay,Undefined,FlyBall,Out,1,0,,92.61263,-2.206691,-2.489049,2379.582146,215.220796,1:15,5.61124,0.86587,6.33682,-17.22336,14.69623,9.68977,2.14128,-0.61982,85.09379,-5.475177,-0.736765,0.406631,84.44982,33.014041,-16.095822,4152.149582,102.74288,63.69766,-39.29218,286.00911,204.34922,-28.096412,4.715646,-5.80174,8.58004,-0.68938,50,5.44219,5.47142,-134.55176,-5.69833,-10.67459,28.20102,-16.38767,HP,GAS,HighPoint,Independent,ATL,20250726-HighPoint-1,e20f60c0-6a72-11f0-b210-07976e9a8e1d,92.69456,75.07288,,7.51884,,,,2.03795,3.64344,-0.2018,0a4e6f39-7943-496f-befe-e00918278d5d,2025-07-26,22:50:09.60,2025-07-26T18:50:09.6013824-04:00,2025-07-26T22:50:09.6013824Z,FlyBall,v3,5431,5508,,"Perez, Henderson",666630,Right,GAS,0c76ad19-fb82-49e0-9bc5-60c9484379c9,54.16526,-135.42195,14.10051,5.61022,-5.19266,-8.19383,-0.86329,5.80081,-5.33729,148.839841,2.04112,99.71925,-23.05045,5.49282,-0.88254,0.04987,0.00904,-0.00138,4E-05,3.64316,67.48318,-17.0235,0.16992,0.41308,-0.22144,0.06533,-0.00972,0.00056,-0.20155,-28.80146,-2.19035,1.45825,-0.47018,0.10389,-0.01622,0.00162,-8E-05,,,,,,,,,,,,,,,,,,,,,,,High,High,High,Low,Medium,,,
20,2025-07-26,18:50:58.63,4,1,"Grey, Connor",670119,Right,GAS,"Dickerson, Alex",543105,Left,HP,Undefined,1,Bottom,1,0,0,Slider,Slider,BallCalled,Undefined,Undefined,Undefined,0,0,,87.27097,-0.139871,-2.848385,2658.536772,94.975961,9:15,5.53028,1.22577,5.66329,-35.83297,1.50063,-2.92732,2.41361,-1.67642,79.46178,-6.727224,-3.370833,0.439766,,,,,,,,,,,,0.63445,1.10756,-0.98281,50,5.49558,6.41765,-126.54982,-1.58359,1.01932,28.06873,-30.39469,HP,GAS,HighPoint,Independent,ATL,20250726-HighPoint-1,ff52fc50-6a72-11f0-b210-07976e9a8e1d,85.71028,,,7.80919,,,,,,,0a4e6f39-7943-496f-befe-e00918278d5d,2025-07-26,22:50:58.63,2025-07-26T18:50:58.6332160-04:00,2025-07-26T22:50:58.6332160Z,,v3,5431,5508,,"Perez, Henderson",666630,Right,GAS,2340fffd-45f3-4ffe-8688-bad87928ed36,54.83694,-127.61814,14.03437,5.53384,-0.42674,-15.19735,-1.22634,6.37886,0.50966,,,,,,,,,,,,,,,,,,,,,,,,,,,,,,,,,,,,,,,,,,,,,,,,,,,High,High,High,,,,,
21,2025-07-26,18:51:17.15,4,2,"Grey, Connor",670119,Right,GAS,"Dickerson, Alex",543105,Left,HP,Undefined,1,Bottom,1,1,0,Slider,Changeup,StrikeCalled,Undefined,Undefined,Undefined,0,0,,87.85373,-1.369372,-2.636665,1717.993892,226.370619,1:30,5.44702,1.11083,5.87095,-26.45423,9.9893,9.20741,1.96897,-0.57269,80.06792,-6.29991,-0.985741,0.434492,102.3118,-4.794952,73.440565,,,,,26.10439,16.03341,62.738322,0.154599,-5.56087,5.85839,-0.903,50,5.32071,5.49904,-127.45892,-3.91859,-9.09069,27.72849,-22.59698,HP,GAS,HighPoint,Independent,ATL,20250726-HighPoint-1,0a503fa0-6a73-11f0-b210-07976e9a8e1d,86.75062,2.71134,,7.78581,,,,,,,0a4e6f39-7943-496f-befe-e00918278d5d,2025-07-26,22:51:17.15,2025-07-26T18:51:17.1547136-04:00,2025-07-26T22:51:17.1547136Z,GroundBall,v3,5431,5508,,"Perez, Henderson",666630,Right,GAS,9bfe191f-dc5c-4417-9257-a6cd4070fd3c,54.62962,-128.46214,13.86425,5.44769,-3.10103,-11.29849,-1.1079,5.82794,-4.54534,,5.03521,42.78387,12.94982,,,,,,,2.71349,-12.72894,-31.28218,,,,,,,2.23104,143.14461,-48.46684,,,,,,,,,,,,,,,,,,,,,,,,,,,,,High,High,High,Low,Low,,,
22,2025-07-26,18:51:43.58,4,3,"Grey, Connor",670119,Right,GAS,"Dickerson, Alex",543105,Left,HP,Undefined,1,Bottom,1,1,1,Fastball,Four-Seam,BallCalled,Undefined,Undefined,Undefined,0,0,,93.63117,-3.256285,-2.156105,2493.837762,217.071948,1:15,5.60301,0.80722,6.28582,-16.15875,15.28237,10.7919,1.25004,-0.28149,85.79337,-6.326276,-0.205273,0.403572,,,,,,,,,,,,-6.32292,9.20386,-0.65381,50,5.35486,4.68932,-135.89731,-8.21619,-11.82025,29.8781,-14.96808,HP,GAS,HighPoint,Independent,ATL,20250726-HighPoint-1,1a1459d0-6a73-11f0-b210-07976e9a8e1d,93.39718,,,7.8378,,,,,,,0a4e6f39-7943-496f-befe-e00918278d5d,2025-07-26,22:51:43.58,2025-07-26T18:51:43.5818496-04:00,2025-07-26T22:51:43.5818496Z,,v3,5431,5508,,"Perez, Henderson",666630,Right,GAS,a8531b6d-e03e-424f-ad5d-0a5561f68138,54.21626,-136.82115,14.93905,5.60175,-7.75337,-7.48404,-0.80445,5.05481,-5.91012,,,,,,,,,,,,,,,,,,,,,,,,,,,,,,,,,,,,,,,,,,,,,,,,,,,High,High,High,,,,,
23,2025-07-26,18:52:06.37,4,4,"Grey, Connor",670119,Right,GAS,"Dickerson, Alex",543105,Left,HP,Undefined,1,Bottom,1,2,1,Slider,Changeup,BallCalled,Undefined,Undefined,Undefined,0,0,,87.19108,-1.31463,-3.177352,1605.333707,230.795681,1:45,5.4134,1.13326,5.84481,-30.32482,6.25492,6.37181,1.66253,-1.29153,80.60694,-6.898945,-2.036076,0.435303,,,,,,,,,,,,-4.12953,3.81083,-0.87845,50,5.28809,6.77909,-126.61525,-3.934,-6.75641,23.94754,-25.93906,HP,GAS,HighPoint,Independent,ATL,20250726-HighPoint-1,27b0d910-6a73-11f0-b210-07976e9a8e1d,86.58895,,,6.58414,,,,,,,0a4e6f39-7943-496f-befe-e00918278d5d,2025-07-26,22:52:06.37,2025-07-26T18:52:06.3734272-04:00,2025-07-26T22:52:06.3734272Z,,v3,5431,5508,,"Perez, Henderson",666630,Right,GAS,c31af2ef-75d6-44e4-ae9c-39b993ad4587,54.65761,-127.49312,11.97377,5.41487,-2.98312,-12.96953,-1.1315,7.02678,-3.37821,,,,,,,,,,,,,,,,,,,,,,,,,,,,,,,,,,,,,,,,,,,,,,,,,,,High,High,High,,,,,
24,2025-07-26,18:52:33.03,4,5,"Grey, Connor",670119,Right,GAS,"Dickerson, Alex",543105,Left,HP,Undefined,1,Bottom,1,3,1,Fastball,Sinker,BallCalled,Walk,Undefined,Undefined,0,0,,93.04354,-1.605852,-0.437669,2387.66043,228.07265,1:30,5.48181,1.00659,6.35532,-21.01489,10.41627,10.58875,2.25211,1.48615,85.86577,-5.550315,1.480826,0.403508,,,,,,,,,,,,-5.6202,6.13008,-0.97949,50,5.35543,0.59785,-135.34865,-4.45785,-10.50868,27.33598,-20.71197,HP,GAS,HighPoint,Independent,ATL,20250726-HighPoint-1,3795e8c0-6a73-11f0-b210-07976e9a8e1d,93.41197,,,7.17777,,,,,,,0a4e6f39-7943-496f-befe-e00918278d5d,2025-07-26,22:52:33.03,2025-07-26T18:52:33.0310656-04:00,2025-07-26T22:52:33.0310656Z,,v3,5431,5508,,"Perez, Henderson",666630,Right,GAS,a0a36bf0-2c68-4658-9659-4ea5bc891e7f,54.14459,-136.18315,13.66799,5.48187,-3.82557,-10.35598,-1.00264,0.91865,-5.25434,,,,,,,,,,,,,,,,,,,,,,,,,,,,,,,,,,,,,,,,,,,,,,,,,,,High,High,High,,,,,
25,2025-07-26,18:53:15.50,5,1,"Grey, Connor",670119,Right,GAS,"Viera, Max",1000098712,Left,HP,Undefined,1,Bottom,1,0,0,Slider,Slider,FoulBallNotFieldable,Undefined,Undefined,Undefined,0,0,,87.04271,-0.765507,-1.787127,2685.406943,132.971199,10:30,5.41668,1.34433,5.93787,-33.97986,2.34988,-1.46976,1.87449,-0.43658,80.91998,-7.005409,-2.051281,0.433813,,,,,,,,,,,,0.32949,1.66847,-1.20091,50,5.3361,4.00842,-126.61378,-2.85275,0.54173,22.73037,-29.43069,HP,GAS,HighPoint,Independent,ATL,20250726-HighPoint-1,50eb8140-6a73-11f0-b210-07976e9a8e1d,86.88636,,,6.12273,,,,,,,0a4e6f39-7943-496f-befe-e00918278d5d,2025-07-26,22:53:15.50,2025-07-26T18:53:15.5055104-04:00,2025-07-26T22:53:15.5055104Z,,v3,5431,5508,,"Perez, Henderson",666630,Right,GAS,b3fd4df5-9cca-4680-b5fe-1c1e69414f4e,54.56409,-127.43051,11.36519,5.4196,-1.79526,-14.71534,-1.34459,3.98895,0.27087,,,,,,,,,,,,,,,,,,,,,,,,,,,,,,,,,,,,,,,,,,,,,,,,,,,High,High,High,,,,,
26,2025-07-26,18:53:40.68,5,2,"Grey, Connor",670119,Right,GAS,"Viera, Max",1000098712,Left,HP,Undefined,1,Bottom,1,0,1,Curveball,Curveball,BallCalled,Undefined,Undefined,Undefined,0,0,,79.36353,0.012213,-1.383741,3023.836067,34.826817,7:15,5.56051,1.03664,5.66342,-58.52102,-14.20387,-10.71682,0.69515,-1.14698,74.13537,-10.565129,-3.305443,0.479134,,,,,,,,,,,,5.09941,-6.85205,-0.91279,50,5.52432,3.19642,-115.48246,-1.97731,6.93377,20.12087,-41.49089,HP,GAS,HighPoint,Independent,ATL,20250726-HighPoint-1,5ff65d90-6a73-11f0-b210-07976e9a8e1d,78.66778,,,5.22816,,,,,,,0a4e6f39-7943-496f-befe-e00918278d5d,2025-07-26,22:53:40.68,2025-07-26T18:53:40.6839296-04:00,2025-07-26T22:53:40.6839296Z,,v3,5431,5508,,"Perez, Henderson",666630,Right,GAS,c8dccdc4-c3c5-47c3-91a9-2871e178087d,54.84206,-116.32305,10.06043,5.57072,-0.24395,-20.74545,-1.04028,2.90675,3.46688,,,,,,,,,,,,,,,,,,,,,,,,,,,,,,,,,,,,,,,,,,,,,,,,,,,High,High,High,,,,,
27,2025-07-26,18:54:07.82,5,3,"Grey, Connor",670119,Right,GAS,"Viera, Max",1000098712,Left,HP,Undefined,1,Bottom,1,1,1,Fastball,Four-Seam,FoulBallNotFieldable,Undefined,Undefined,Undefined,0,0,,94.48719,-1.411605,-1.047368,2423.308573,221.555593,1:30,5.54922,1.09642,6.13023,-17.5278,13.62166,11.16048,2.7833,1.05824,85.94658,-4.741278,0.965238,0.401695,77.2618,51.79558,104.980443,5636.032597,,,,,29.18038,,,-6.09075,7.76674,-1.02215,50,5.43225,2.02718,-137.23073,-3.92817,-11.54408,32.09646,-17.45341,HP,GAS,HighPoint,Independent,ATL,20250726-HighPoint-1,70117160-6a73-11f0-b210-07976e9a8e1d,93.8334,38.62586,,8.5406,,,,1.377,2.84178,-1.00974,0a4e6f39-7943-496f-befe-e00918278d5d,2025-07-26,22:54:07.82,2025-07-26T18:54:07.8266880-04:00,2025-07-26T22:54:07.8266880Z,,v3,5431,5508,,"Perez, Henderson",666630,Right,GAS,c416b187-f83e-43fc-a494-bc1102bd8b95,54.36881,-138.24875,16.04823,5.54806,-3.37458,-8.7267,-1.09225,2.39334,-5.77204,319.880337,1.39304,-18.58466,-7.54731,,,,,,,2.85335,88.71194,-24.57979,,,,,,,-0.99747,67.34625,-10.8955,,,,,,,,,,,,,,,,,,,,,,,,,,,,,High,High,High,High,Undefined,,,
28,2025-07-26,18:54:38.02,5,4,"Grey, Connor",670119,Right,GAS,"Viera, Max",1000098712,Left,HP,Undefined,1,Bottom,1,1,2,Fastball,Four-Seam,BallCalled,Undefined,Undefined,Undefined,0,0,,92.7782,0.165859,0.045022,2252.663697,221.864143,1:30,5.71543,0.67027,5.97682,-19.20934,12.89532,10.71859,4.26841,1.60522,85.26802,-3.447185,1.971716,0.407808,,,,,,,,,,,,-5.46532,6.86886,-0.67955,50,5.71778,-0.57623,-134.90727,-0.23348,-10.13987,27.50359,-19.43018,HP,GAS,HighPoint,Independent,ATL,20250726-HighPoint-1,82215050-6a73-11f0-b210-07976e9a8e1d,92.42693,,,7.51017,,,,,,,0a4e6f39-7943-496f-befe-e00918278d5d,2025-07-26,22:54:38.02,2025-07-26T18:54:38.0252672-04:00,2025-07-26T22:54:38.0252672Z,,v3,5431,5508,,"Perez, Henderson",666630,Right,GAS,7043749a-83e6-4793-9cce-387bb3eca40d,54.52204,-135.82605,13.7518,5.71474,0.4156,-9.71509,-0.66596,-0.2375,-5.06993,,,,,,,,,,,,,,,,,,,,,,,,,,,,,,,,,,,,,,,,,,,,,,,,,,,High,High,High,,,,,
29,2025-07-26,18:55:06.78,5,5,"Grey, Connor",670119,Right,GAS,"Viera, Max",1000098712,Left,HP,Undefined,1,Bottom,1,2,2,Fastball,Sinker,FoulBallNotFieldable,Undefined,Undefined,Undefined,0,0,,94.09678,-0.610542,-0.584357,2312.212455,229.439141,1:45,5.65764,0.70765,6.25022,-18.88847,11.96879,12.94095,3.52049,1.24713,86.63239,-4.172193,1.754527,0.399807,44.23232,1.599049,-171.948692,,,,,28.18045,28.18045,-170.238852,0.410094,-6.83528,6.64847,-0.67013,50,5.60282,0.84293,-136.89182,-2.05512,-13.06684,28.11297,-19.4643,HP,GAS,HighPoint,Independent,ATL,20250726-HighPoint-1,933a7330-6a73-11f0-b210-07976e9a8e1d,94.27666,3.10952,,7.46439,,,,,,,0a4e6f39-7943-496f-befe-e00918278d5d,2025-07-26,22:55:06.78,2025-07-26T18:55:06.7836928-04:00,2025-07-26T22:55:06.7836928Z,GroundBall,v3,5431,5508,,"Perez, Henderson",666630,Right,GAS,1cc30eac-9640-4918-9fad-94c2765af3c3,54.24935,-137.76173,14.05648,5.65709,-1.45283,-9.73215,-0.70247,1.24726,-6.53342,,-1.6669,-64.36521,1.69652,,,,,,,3.07495,1.77316,-22.61412,,,,,,,-1.35449,-9.0996,1.83069,,,,,,,,,,,,,,,,,,,,,,,,,,,,,High,High,High,Low,Medium,,,
30,2025-07-26,18:55:40.22,5,6,"Grey, Connor",670119,Right,GAS,"Viera, Max",1000098712,Left,HP,Undefined,1,Bottom,1,2,2,Slider,Slider,BallCalled,Undefined,Undefined,Undefined,0,0,,87.70911,-1.068108,-2.218114,2630.5792,331.352077,5:00,5.49,1.02974,5.68597,-36.76305,-0.74752,0.91595,1.42999,-0.96243,81.92374,-7.756705,-2.05423,0.431933,,,,,,,,,,,,-0.97579,0.15449,-0.84359,50,5.37672,4.90223,-127.54632,-3.72208,-1.63514,21.99394,-31.91514,HP,GAS,HighPoint,Independent,ATL,20250726-HighPoint-1,a7297260-6a73-11f0-b210-07976e9a8e1d,87.26457,,,5.78537,,,,,,,0a4e6f39-7943-496f-befe-e00918278d5d,2025-07-26,22:55:40.22,2025-07-26T18:55:40.2225152-04:00,2025-07-26T22:55:40.2225152Z,,v3,5431,5508,,"Perez, Henderson",666630,Right,GAS,14dda7bf-728f-429f-aff3-2e0d2032449a,54.8161,-128.37412,10.99697,5.49421,-2.52087,-15.95757,-1.02926,4.96377,-0.81757,,,,,,,,,,,,,,,,,,,,,,,,,,,,,,,,,,,,,,,,,,,,,,,,,,,High,High,High,,,,,
31,2025-07-26,18:56:05.89,5,7,"Grey, Connor",670119,Right,GAS,"Viera, Max",1000098712,Left,HP,Undefined,1,Bottom,1,3,2,Fastball,Four-Seam,InPlay,Undefined,FlyBall,Sacrifice,1,1,,94.65187,-2.212719,-1.234072,2463.164821,220.691193,1:15,5.46209,0.83037,6.18551,-17.58288,13.35721,10.61674,1.95221,0.57542,86.3412,-5.544576,0.682649,0.400343,107.98846,13.895591,0.893752,1262.254757,109.93581,22.31967,3.7557,299.68357,292.17067,4.130153,2.71975,-5.8804,7.86811,-0.74263,50,5.28614,2.50934,-137.44714,-5.8594,-11.20413,31.60243,-17.18272,HP,GAS,HighPoint,Independent,ATL,20250726-HighPoint-1,b66c2790-6a73-11f0-b210-07976e9a8e1d,94.15035,25.74847,,8.31067,,,,2.08691,2.01997,-0.54814,0a4e6f39-7943-496f-befe-e00918278d5d,2025-07-26,22:56:05.89,2025-07-26T18:56:05.8913792-04:00,2025-07-26T22:56:05.8913792Z,LineDrive,v3,5431,5508,,"Perez, Henderson",666630,Right,GAS,d7c3e915-fd65-4aee-8ae2-b7a16c12be22,54.31411,-138.43551,15.80122,5.46099,-5.32201,-8.59136,-0.82659,2.85975,-5.60206,223.290701,2.08691,153.72876,-25.3467,5.29541,-1.14514,0.22802,-0.04022,0.0051,-0.00031,2.01997,38.03617,-16.33691,0.99472,-0.12138,0.01405,-0.0001,-3E-05,-1E-05,-0.54814,2.3985,5.27665,-2.24351,0.68677,-0.17095,0.03362,-0.00442,0.00028,,,,,,,,,,,,,,,,,,,,,,,High,High,High,High,High,,,
32,2025-07-26,18:57:04.78,6,1,"Grey, Connor",670119,Right,GAS,"Davidson, Braxton",656352,Left,HP,Undefined,1,Bottom,2,0,0,Fastball,Four-Seam,StrikeCalled,Undefined,Undefined,Undefined,0,0,,94.74846,-2.38437,-2.874994,2543.256178,215.852034,1:15,5.61015,0.81842,6.1406,-15.91339,14.94391,10.09406,2.07648,-0.99956,86.71771,-5.406926,-1.057343,0.399807,,,,,,,,,,,,-6.09296,8.71579,-0.6046,50,5.41992,6.48678,-137.50579,-6.22259,-11.67,30.3842,-15.48051,HP,GAS,HighPoint,Independent,ATL,20250726-HighPoint-1,d98cec00-6a73-11f0-b210-07976e9a8e1d,94.2766,,,8.03075,,,,,,,0a4e6f39-7943-496f-befe-e00918278d5d,2025-07-26,22:57:04.78,2025-07-26T18:57:04.7830528-04:00,2025-07-26T22:57:04.7830528Z,,v3,5431,5508,,"Perez, Henderson",666630,Right,GAS,65368567-81d9-40d1-98cb-5b3d521ef357,54.36086,-138.46604,15.1921,5.60884,-5.73335,-7.74026,-0.81543,6.8556,-5.835,,,,,,,,,,,,,,,,,,,,,,,,,,,,,,,,,,,,,,,,,,,,,,,,,,,High,High,High,,,,,
33,2025-07-26,18:57:26.02,6,2,"Grey, Connor",670119,Right,GAS,"Davidson, Braxton",656352,Left,HP,Undefined,1,Bottom,2,0,1,Curveball,Curveball,BallCalled,Undefined,Undefined,Undefined,0,0,,80.77273,-0.669553,-1.001768,3167.721415,40.369189,7:15,5.51427,0.94165,5.76676,-55.68011,-12.69623,-11.8856,0.251,-0.98123,74.86151,-10.766423,-3.138885,0.471872,,,,,,,,,,,,5.80835,-5.94555,-0.85142,50,5.42488,2.50542,-117.44237,-3.26923,8.09325,22.72863,-40.45847,HP,GAS,HighPoint,Independent,ATL,20250726-HighPoint-1,e645e910-6a73-11f0-b210-07976e9a8e1d,79.87853,,,5.91122,,,,,,,0a4e6f39-7943-496f-befe-e00918278d5d,2025-07-26,22:57:26.02,2025-07-26T18:57:26.0295168-04:00,2025-07-26T22:57:26.0295168Z,,v3,5431,5508,,"Perez, Henderson",666630,Right,GAS,bd5b6a4b-9d99-463e-af1d-3a9a0d20ccd8,54.73729,-118.35562,11.36431,5.52358,-1.64357,-20.22924,-0.94556,2.18023,4.04662,,,,,,,,,,,,,,,,,,,,,,,,,,,,,,,,,,,,,,,,,,,,,,,,,,,High,High,High,,,,,
34,2025-07-26,18:57:55.16,6,3,"Grey, Connor",670119,Right,GAS,"Davidson, Braxton",656352,Left,HP,Undefined,1,Bottom,2,1,1,Curveball,Curveball,BallCalled,Undefined,Undefined,Undefined,0,0,,80.18112,-0.200182,-0.5668,3229.817071,35.10672,7:15,5.56403,0.84747,5.59849,-59.94464,-16.07135,-12.21268,0.38175,-0.69944,74.34729,-11.032048,-2.756953,0.476729,,,,,,,,,,,,6.05079,-7.73032,-0.7908,50,5.50767,1.62679,-116.59923,-2.50197,8.3107,22.39678,-42.79158,HP,GAS,HighPoint,Independent,ATL,20250726-HighPoint-1,f791dbc0-6a73-11f0-b210-07976e9a8e1d,79.06474,,,5.83382,,,,,,,0a4e6f39-7943-496f-befe-e00918278d5d,2025-07-26,22:57:55.16,2025-07-26T18:57:55.1660032-04:00,2025-07-26T22:57:55.1660032Z,,v3,5431,5508,,"Perez, Henderson",666630,Right,GAS,824576e4-a1b6-455e-9ba9-2704bebab196,54.9066,-117.53792,11.19839,5.57495,-0.70848,-21.39579,-0.85169,1.27847,4.15535,,,,,,,,,,,,,,,,,,,,,,,,,,,,,,,,,,,,,,,,,,,,,,,,,,,High,High,High,,,,,
35,2025-07-26,18:58:23.17,6,4,"Grey, Connor",670119,Right,GAS,"Davidson, Braxton",656352,Left,HP,Undefined,1,Bottom,2,2,1,Fastball,Four-Seam,FoulBallNotFieldable,Undefined,Undefined,Undefined,0,0,,93.91046,-1.723963,-1.795307,2511.674868,221.548201,1:30,5.65376,0.78622,6.21755,-14.49918,17.00969,14.12623,2.85335,0.30614,85.21032,-4.520288,0.754939,0.404006,91.48284,68.10096,-54.591456,5002.225619,,,,,41.92822,,,-7.8778,9.65784,-0.65868,50,5.51729,3.6723,-136.33213,-4.50537,-14.70748,32.21971,-14.14325,HP,GAS,HighPoint,Independent,ATL,20250726-HighPoint-1,084b7980-6a74-11f0-b210-07976e9a8e1d,93.29675,101.24757,,8.70014,,,,1.12777,2.72494,0.09455,0a4e6f39-7943-496f-befe-e00918278d5d,2025-07-26,22:58:23.17,2025-07-26T18:58:23.1720960-04:00,2025-07-26T22:58:23.1720960Z,,v3,5431,5508,,"Perez, Henderson",666630,Right,GAS,7f019b11-0055-4b2e-bc4e-415d649cdca6,54.28152,-137.34027,16.10986,5.65134,-4.06284,-7.07162,-0.78078,4.13248,-7.35374,,1.12777,28.99431,-18.43945,6.08268,-0.08691,-3.93136,5.75309,-3.77492,0.9522,2.72494,124.4929,-32.15537,4.31732,-0.85923,0.4103,-0.456,0.31167,-0.08311,0.09455,-40.78753,3.95056,-0.40242,0.13125,-0.45472,0.66181,-0.44285,0.11354,,,,,,,,,,,,,,,,,,,,,,,High,High,High,Medium,Undefined,,,
36,2025-07-26,18:59:11.21,6,5,"Grey, Connor",670119,Right,GAS,"Davidson, Braxton",656352,Left,HP,Undefined,1,Bottom,2,2,2,Fastball,Four-Seam,BallCalled,Undefined,Undefined,Undefined,0,0,,94.91118,0.248627,-2.083444,2582.134077,224.292273,1:30,5.65506,0.87272,5.99298,-16.87871,14.0428,12.74284,4.47906,0.00299,86.45776,-2.957675,0.206228,0.400223,,,,,,,,,,,,-7.09146,7.42863,-0.71525,50,5.66529,4.4375,-137.82337,0.06519,-13.62581,30.93265,-17.90037,HP,GAS,HighPoint,Independent,ATL,20250726-HighPoint-1,24f79000-6a74-11f0-b210-07976e9a8e1d,94.17869,,,8.45342,,,,,,,0a4e6f39-7943-496f-befe-e00918278d5d,2025-07-26,22:59:11.21,2025-07-26T18:59:11.2194560-04:00,2025-07-26T22:59:11.2194560Z,,v3,5431,5508,,"Perez, Henderson",666630,Right,GAS,0866867e-7a5f-420a-adf2-5117df3fb52a,54.50518,-138.83082,15.46633,5.65367,0.64819,-8.95019,-0.867,4.88128,-6.81291,,,,,,,,,,,,,,,,,,,,,,,,,,,,,,,,,,,,,,,,,,,,,,,,,,,High,High,High,,,,,
37,2025-07-26,19:00:19.04,6,6,"Grey, Connor",670119,Right,GAS,"Davidson, Braxton",656352,Left,HP,Undefined,1,Bottom,2,3,2,Other,,BallCalled,Walk,Undefined,Undefined,0,0,pitch clock violation on pitcher,,,,,,,,,,,,,,,,,,,,,,,,,,,,,,,,,,,,,,,,,HP,GAS,HighPoint,Independent,ATL,20250726-HighPoint-1,3919d430-6a74-11f0-b210-07976e9a8e1d,,,,,,,,,,,0a4e6f39-7943-496f-befe-e00918278d5d,2025-07-26,23:00:19.04,2025-07-26T19:00:19.0493568-04:00,2025-07-26T23:00:19.0493568Z,,v3,5431,5508,,"Perez, Henderson",666630,Right,GAS,,,,,,,,,,,,,,,,,,,,,,,,,,,,,,,,,,,,,,,,,,,,,,,,,,,,,,,,,,,,,,,,,,,,
38,2025-07-26,19:00:20.04,7,1,"Grey, Connor",670119,Right,GAS,"Burt, D.J.",656274,Right,HP,Undefined,1,Bottom,2,0,0,Curveball,Curveball,BallCalled,Undefined,Undefined,Undefined,0,0,,79.40391,0.295815,-1.683373,3186.715288,40.29549,7:15,5.54505,0.99106,5.70662,-58.88991,-14.20977,-13.19741,0.91329,-1.67761,73.40676,-10.385215,-4.0501,0.481093,,,,,,,,,,,,6.22697,-6.89024,-0.84175,50,5.53333,3.89685,-115.40475,-1.41228,8.36137,22.34548,-41.42604,HP,GAS,HighPoint,Independent,ATL,20250726-HighPoint-1,4e061f20-6a74-11f0-b210-07976e9a8e1d,78.34757,,,5.99715,,,,,,,0a4e6f39-7943-496f-befe-e00918278d5d,2025-07-26,23:00:20.04,2025-07-26T19:00:20.0493568-04:00,2025-07-26T23:00:20.0493568Z,,v3,5431,5508,,"Perez, Henderson",666630,Right,GAS,9432c9fc-5e74-43de-bba8-42dfd52b7ee1,54.79757,-116.32997,11.17274,5.5563,0.30299,-20.71302,-0.99593,3.55064,4.18069,,,,,,,,,,,,,,,,,,,,,,,,,,,,,,,,,,,,,,,,,,,,,,,,,,,High,High,High,,,,,
39,2025-07-26,19:00:37.93,7,2,"Grey, Connor",670119,Right,GAS,"Burt, D.J.",656274,Right,HP,Undefined,1,Bottom,2,1,0,Slider,Slider,StrikeCalled,Undefined,Undefined,Undefined,0,0,,86.12834,-0.401111,-0.849409,2656.107487,66.056062,8:15,5.39034,1.07629,5.50809,-38.93541,-1.05941,-4.81441,1.77056,-0.11933,79.73308,-7.489548,-1.708609,0.442949,,,,,,,,,,,,2.21662,-0.09457,-0.99886,50,5.32901,2.05989,-125.19862,-2.31343,3.54633,23.39061,-32.32534,HP,GAS,HighPoint,Independent,ATL,20250726-HighPoint-1,58a89840-6a74-11f0-b210-07976e9a8e1d,85.09435,,,6.39526,,,,,,,0a4e6f39-7943-496f-befe-e00918278d5d,2025-07-26,23:00:37.93,2025-07-26T19:00:37.9302912-04:00,2025-07-26T23:00:37.9302912Z,,v3,5431,5508,,"Perez, Henderson",666630,Right,GAS,f5def436-4514-40e2-9614-159dd0e7ad87,54.99284,-126.12797,11.69531,5.39541,-1.02908,-16.16267,-1.0779,1.91898,1.77317,,,,,,,,,,,,,,,,,,,,,,,,,,,,,,,,,,,,,,,,,,,,,,,,,,,High,High,High,,,,,
40,2025-07-26,19:00:56.50,7,3,"Grey, Connor",670119,Right,GAS,"Burt, D.J.",656274,Right,HP,Undefined,1,Bottom,2,1,1,Fastball,Four-Seam,StrikeCalled,Undefined,Undefined,Undefined,0,0,,94.27468,-2.397898,-2.443162,2581.904133,220.780206,1:15,5.54373,0.84746,6.16022,-17.01517,14.03957,11.28469,1.9073,-0.47052,86.51646,-5.615317,-0.408841,0.401084,,,,,,,,,,,,-6.48217,8.19713,-0.66758,50,5.35269,5.35419,-136.86104,-6.26228,-12.34141,29.13105,-16.56748,HP,GAS,HighPoint,Independent,ATL,20250726-HighPoint-1,63b51dd0-6a74-11f0-b210-07976e9a8e1d,93.97638,,,7.75822,,,,,,,0a4e6f39-7943-496f-befe-e00918278d5d,2025-07-26,23:00:56.50,2025-07-26T19:00:56.5058560-04:00,2025-07-26T23:00:56.5058560Z,,v3,5431,5508,,"Perez, Henderson",666630,Right,GAS,851ee23a-a4be-4b03-a526-c1dde65037fa,54.33929,-137.78157,14.56553,5.5423,-5.73875,-8.28374,-0.84293,5.74418,-6.17071,,,,,,,,,,,,,,,,,,,,,,,,,,,,,,,,,,,,,,,,,,,,,,,,,,,High,High,High,,,,,
41,2025-07-26,19:01:21.23,7,4,"Grey, Connor",670119,Right,GAS,"Burt, D.J.",656274,Right,HP,Undefined,1,Bottom,2,1,2,Fastball,Four-Seam,BallCalled,Undefined,Undefined,Undefined,0,0,,94.83876,-2.812076,-2.701607,2615.748058,213.792215,1:15,5.57787,0.50878,6.27591,-15.64371,14.86115,9.33087,1.67713,-1.20581,87.25492,-5.779836,-1.016596,0.397517,,,,,,,,,,,,-5.52969,8.73063,-0.31336,50,5.36195,6.09652,-137.6538,-7.23172,-10.68073,28.6502,-15.31063,HP,GAS,HighPoint,Independent,ATL,20250726-HighPoint-1,7275f8d0-6a74-11f0-b210-07976e9a8e1d,94.81967,,,7.58384,,,,,,,0a4e6f39-7943-496f-befe-e00918278d5d,2025-07-26,23:01:21.23,2025-07-26T19:01:21.2362752-04:00,2025-07-26T23:01:21.2362752Z,,v3,5431,5508,,"Perez, Henderson",666630,Right,GAS,fb47b0d9-2b3b-49c2-87ec-aec7bc97e3a7,54.22337,-138.53003,14.3251,5.57596,-6.76346,-7.65532,-0.50481,6.42318,-5.34036,,,,,,,,,,,,,,,,,,,,,,,,,,,,,,,,,,,,,,,,,,,,,,,,,,,High,High,High,,,,,
42,2025-07-26,19:01:46.32,7,5,"Grey, Connor",670119,Right,GAS,"Burt, D.J.",656274,Right,HP,Undefined,1,Bottom,2,2,2,Slider,Slider,InPlay,Undefined,GroundBall,Single,0,1,,86.41103,0.704281,-1.349143,2887.040201,71.948368,8:30,5.31621,1.09597,5.70139,-38.54849,-0.99512,-6.49906,2.76031,-0.703,79.45142,-6.36337,-2.511654,0.441058,92.15028,-2.592799,20.407973,1934.580708,,,,33.37013,33.37013,21.844754,0.24829,2.96299,-0.40343,-0.97857,50,5.35098,3.22321,-125.56633,0.17084,4.74062,24.92137,-32.81954,HP,GAS,HighPoint,Independent,ATL,20250726-HighPoint-1,816584f0-6a74-11f0-b210-07976e9a8e1d,85.45909,2.69449,,6.95961,,,,0.94395,2.69449,0.69844,0a4e6f39-7943-496f-befe-e00918278d5d,2025-07-26,23:01:46.32,2025-07-26T19:01:46.3223296-04:00,2025-07-26T23:01:46.3223296Z,GroundBall,v3,5431,5508,,"Perez, Henderson",666630,Right,GAS,56907e1d-d3fe-4ffc-b9a5-44c9faadef97,54.79997,-126.5154,12.46069,5.32068,1.42069,-16.40977,-1.09788,3.04267,2.37031,296.949689,0.94672,126.39259,-22.01893,,,,,,,2.69635,-6.21345,-18.74221,,,,,,,0.69766,47.12216,0.32291,,,,,,,,,,,,,,,,,,,,,,,,,,,,,High,High,High,High,High,,,
43,2025-07-26,19:02:33.21,8,1,"Grey, Connor",670119,Right,GAS,"Conley, Jack",663660,Right,HP,Undefined,1,Bottom,2,0,0,Slider,Slider,StrikeCalled,Undefined,Undefined,Undefined,0,0,,87.50206,-0.633783,-1.140468,2619.830507,68.505985,8:15,5.45796,1.17506,5.62794,-38.71734,-2.01906,-7.89024,1.63999,-0.54677,80.72445,-7.696579,-2.5516,0.436008,,,,,,,,,,,,3.69524,-0.51024,-1.0728,50,5.3791,2.86699,-127.14895,-2.83817,6.0681,25.31335,-33.01194,HP,GAS,HighPoint,Independent,ATL,20250726-HighPoint-1,9d5cca60-6a74-11f0-b210-07976e9a8e1d,86.44895,,,6.77761,,,,,,,0a4e6f39-7943-496f-befe-e00918278d5d,2025-07-26,23:02:33.21,2025-07-26T19:02:33.2157440-04:00,2025-07-26T23:02:33.2157440Z,,v3,5431,5508,,"Perez, Henderson",666630,Right,GAS,e64bfe2b-56c2-4502-8508-a879fbb2942e,54.87272,-128.11536,12.65667,5.4634,-1.57784,-16.50597,-1.17783,2.63532,3.03405,,,,,,,,,,,,,,,,,,,,,,,,,,,,,,,,,,,,,,,,,,,,,,,,,,,High,High,High,,,,,
44,2025-07-26,19:02:50.93,8,2,"Grey, Connor",670119,Right,GAS,"Conley, Jack",663660,Right,HP,Undefined,1,Bottom,2,0,1,Fastball,Four-Seam,StrikeCalled,Undefined,Undefined,Undefined,0,0,,95.00121,-1.906911,-1.919657,2470.566382,219.470887,1:15,5.63425,0.73108,6.199,-17.64647,12.72733,9.74871,2.40175,-0.22929,87.53246,-5.231992,-0.160118,0.396662,,,,,,,,,,,,-5.53036,7.35902,-0.59137,50,5.48168,4.20813,-138.06597,-5.15938,-10.76191,28.39515,-17.85363,HP,GAS,HighPoint,Independent,ATL,20250726-HighPoint-1,a7e70090-6a74-11f0-b210-07976e9a8e1d,95.02402,,,7.46876,,,,,,,0a4e6f39-7943-496f-befe-e00918278d5d,2025-07-26,23:02:50.93,2025-07-26T19:02:50.9394944-04:00,2025-07-26T23:02:50.9394944Z,,v3,5431,5508,,"Perez, Henderson",666630,Right,GAS,f90d5a59-3a7d-4105-a1e4-4bac11656964,54.30078,-138.94766,14.19758,5.63328,-4.60501,-8.92681,-0.72722,4.5423,-5.38095,,,,,,,,,,,,,,,,,,,,,,,,,,,,,,,,,,,,,,,,,,,,,,,,,,,High,High,High,,,,,
45,2025-07-26,19:03:16.37,8,3,"Grey, Connor",670119,Right,GAS,"Conley, Jack",663660,Right,HP,Undefined,1,Bottom,2,0,2,Fastball,Sinker,StrikeCalled,Strikeout,Undefined,Undefined,0,0,,95.59557,-1.181349,-2.248886,2535.434266,233.474767,1:45,5.62481,0.60606,6.16658,-19.56422,10.45784,12.93965,2.90226,-0.39399,88.03853,-4.852047,0.084721,0.394359,,,,,,,,,,,,-7.24008,5.98713,-0.44186,50,5.52512,4.88969,-138.94995,-3.51973,-14.27183,28.72071,-20.37207,HP,GAS,HighPoint,Independent,ATL,20250726-HighPoint-1,b71bac00-6a74-11f0-b210-07976e9a8e1d,95.57905,,,7.55704,,,,,,,0a4e6f39-7943-496f-befe-e00918278d5d,2025-07-26,23:03:16.37,2025-07-26T19:03:16.3779584-04:00,2025-07-26T23:03:16.3779584Z,,v3,5431,5508,,"Perez, Henderson",666630,Right,GAS,db60dd3e-9baf-451a-900a-6ed0e227aaad,54.33331,-139.84276,14.36035,5.6247,-2.88644,-10.18603,-0.60076,5.33334,-7.13591,,,,,,,,,,,,,,,,,,,,,,,,,,,,,,,,,,,,,,,,,,,,,,,,,,,High,High,High,,,,,
46,2025-07-26,19:05:51.38,1,1,"Devine, Michael",683772,Right,HP,"Wylie, Justin",687045,Right,GAS,Undefined,2,Top,0,0,0,TwoSeamFastBall,Changeup,StrikeCalled,Undefined,Undefined,Undefined,0,0,,81.6203,1.350181,-5.166893,2077.115551,269.774478,3:00,4.6198,4.31071,5.22815,-41.53506,1.28772,15.57895,2.43323,0.73848,75.33068,-6.184471,-2.420719,0.470987,,,,,,,,,,,,-9.01898,0.7074,-3.84544,50,4.71348,10.03202,-118.15588,1.29579,-12.90499,19.9484,-31.16186,HP,GAS,HighPoint,Independent,ATL,20250726-HighPoint-1,13853420-6a75-11f0-b210-07976e9a8e1d,80.02862,,,6.28962,,,,,,,0a4e6f39-7943-496f-befe-e00918278d5d,2025-07-26,23:05:51.38,2025-07-26T19:05:51.3880576-04:00,2025-07-26T23:05:51.3880576Z,,v3,5431,5508,,"Conley, Jack",663660,Right,HP,41320184-e98d-4f50-a285-e138c75c9c8f,55.2734,-119.04287,9.9742,4.62506,2.68137,-15.58093,-4.30426,10.60583,-6.4525,,,,,,,,,,,,,,,,,,,,,,,,,,,,,,,,,,,,,,,,,,,,,,,,,,,High,High,High,,,,,
47,2025-07-26,19:06:05.39,1,2,"Devine, Michael",683772,Right,HP,"Wylie, Justin",687045,Right,GAS,Undefined,2,Top,0,0,1,ChangeUp,Changeup,StrikeSwinging,Undefined,Undefined,Undefined,0,0,,75.74801,0.918733,-5.493876,2001.110913,280.850977,3:15,4.33443,4.00022,5.76044,-50.55192,-1.48256,15.54587,0.98093,0.16637,69.80092,-8.318564,-2.725545,0.504169,,,,,,,,,,,,-9.41705,-0.58658,-3.55346,50,4.37978,9.98882,-109.64791,0.19802,-11.51405,18.60299,-32.89123,HP,GAS,HighPoint,Independent,ATL,20250726-HighPoint-1,1be84490-6a75-11f0-b210-07976e9a8e1d,74.76146,,,5.94709,,,,,,,0a4e6f39-7943-496f-befe-e00918278d5d,2025-07-26,23:06:05.39,2025-07-26T19:06:05.3977600-04:00,2025-07-26T23:06:05.3977600Z,,v3,5431,5508,,"Conley, Jack",663660,Right,HP,7d044cbe-bbb0-4638-b32b-45e9fe64cb4d,54.74202,-110.44952,9.3015,4.34071,1.61531,-16.44561,-3.99457,10.48496,-5.75702,,,,,,,,,,,,,,,,,,,,,,,,,,,,,,,,,,,,,,,,,,,,,,,,,,,High,High,High,,,,,
48,2025-07-26,19:06:29.67,1,3,"Devine, Michael",683772,Right,HP,"Wylie, Justin",687045,Right,GAS,Undefined,2,Top,0,0,2,Slider,Slider,FoulBallNotFieldable,Undefined,Undefined,Undefined,0,0,,75.66437,3.028604,-4.427325,2497.423565,102.814481,9:30,3.51194,4.77526,4.7459,-48.86432,2.29102,-3.35858,2.32381,0.28773,69.43712,-5.775827,-5.013284,0.514774,74.03053,74.209626,162.270356,4656.745932,,,,,24.36064,,,0.47827,0.71673,-4.32601,50,3.77425,8.60075,-109.34501,4.08699,0.5814,18.54872,-31.30281,HP,GAS,HighPoint,Independent,ATL,20250726-HighPoint-1,2a57f250-6a75-11f0-b210-07976e9a8e1d,73.2213,69.69321,,6.22725,,,,2.52911,2.31485,-0.30728,0a4e6f39-7943-496f-befe-e00918278d5d,2025-07-26,23:06:29.67,2025-07-26T19:06:29.6723968-04:00,2025-07-26T23:06:29.6723968Z,,v3,5431,5508,,"Conley, Jack",663660,Right,HP,e587fdd6-6f6a-42ed-a67a-9519c192a432,55.75468,-110.31689,9.27436,3.51714,5.72713,-15.6514,-4.77585,8.57029,0.2907,356.046645,2.5291,-28.14208,-5.6103,2.67148,-0.54783,0.45834,-1.56014,1.86267,-0.7346,2.31485,104.48089,-31.09809,4.2445,-0.97153,0.82788,-1.43525,1.33204,-0.46587,-0.30728,8.99752,-0.68302,0.0359,-0.00816,0.023,0.00057,-0.02584,0.01422,,,,,,,,,,,,,,,,,,,,,,,High,High,High,High,Undefined,,,
49,2025-07-26,19:06:48.96,1,4,"Devine, Michael",683772,Right,HP,"Wylie, Justin",687045,Right,GAS,Undefined,2,Top,0,0,2,ChangeUp,Changeup,BallCalled,Undefined,Undefined,Undefined,0,0,,76.56928,-0.310402,-6.241959,2049.357337,275.354788,3:15,4.29829,3.86589,5.95524,-48.02007,-0.30673,18.78466,0.00704,-0.38042,70.73314,-9.099572,-2.888099,0.497154,,,,,,,,,,,,-11.21107,0.42957,-3.37818,50,4.24684,11.4302,-110.74012,-2.07849,-14.00611,18.6548,-31.63737,HP,GAS,HighPoint,Independent,ATL,20250726-HighPoint-1,35dbcac0-6a75-11f0-b210-07976e9a8e1d,75.81637,,,5.83614,,,,,,,0a4e6f39-7943-496f-befe-e00918278d5d,2025-07-26,23:06:48.96,2025-07-26T19:06:48.9638912-04:00,2025-07-26T23:06:48.9638912Z,,v3,5431,5508,,"Conley, Jack",663660,Right,HP,81c8fe15-1350-484b-8628-d594035ebd7b,54.54658,-111.50339,9.3274,4.3054,-0.78404,-15.81868,-3.85758,12.00326,-7.00305,,,,,,,,,,,,,,,,,,,,,,,,,,,,,,,,,,,,,,,,,,,,,,,,,,,High,High,High,,,,,
50,2025-07-26,19:07:06.17,1,5,"Devine, Michael",683772,Right,HP,"Wylie, Justin",687045,Right,GAS,Undefined,2,Top,0,1,2,TwoSeamFastBall,Changeup,StrikeSwinging,Strikeout,Undefined,Undefined,0,0,,85.68811,1.555105,-5.968836,2277.37622,253.198384,2:30,4.42788,4.18103,5.72199,-31.656,6.94532,18.92277,3.24664,0.17802,78.0607,-4.295843,-2.611222,0.44717,,,,,,,,,,,,-11.16308,3.49303,-3.69229,50,4.53906,12.1417,-123.80622,2.30097,-17.36525,24.19872,-26.7403,HP,GAS,HighPoint,Independent,ATL,20250726-HighPoint-1,4016cf80-6a75-11f0-b210-07976e9a8e1d,84.2911,,,7.6274,,,,,,,0a4e6f39-7943-496f-befe-e00918278d5d,2025-07-26,23:07:06.17,2025-07-26T19:07:06.1790000-04:00,2025-07-26T23:07:06.1790000Z,,v3,5431,5508,,"Conley, Jack",663660,Right,HP,81af80a0-6cb0-4a0d-b686-3131bc64d79c,54.77746,-124.73652,12.09936,4.43084,3.32897,-13.37015,-4.17189,12.80928,-8.68262,,,,,,,,,,,,,,,,,,,,,,,,,,,,,50.72976,2.611475,1.085645,1.52583,-2.15305,2.96457,-0.02221,-3.73104,5.13183,1.25041,67.26138,13.40801,-57.65823,-3.58893,50.99692,-2.97107,5.3351,28.23868,-15.00375,1.09809,-42.95435,2.89314,High,High,High,,,High,Medium,High
51,2025-07-26,19:07:39.01,2,1,"Devine, Michael",683772,Right,HP,"Guthrie, Dalton",656495,Right,GAS,Undefined,2,Top,1,0,0,TwoSeamFastBall,Changeup,InPlay,Undefined,FlyBall,Double,0,0,,83.99592,0.621145,-5.064825,2242.637841,267.07559,3:00,4.48134,4.0849,5.48392,-37.89971,2.03953,17.93757,1.90649,0.82861,77.69183,-6.287693,-1.885074,0.454853,108.12013,19.200646,-30.074893,2127.020017,92.02825,30.55459,-60.25599,302.59873,285.12825,-38.12585,2.957811,-10.35729,1.16768,-3.65267,50,4.50975,10.06505,-121.7329,-0.01431,-15.74845,20.92031,-30.3986,HP,GAS,HighPoint,Independent,ATL,20250726-HighPoint-1,53a92fc0-6a75-11f0-b210-07976e9a8e1d,82.8673,35.74427,,6.30409,,,,2.42797,1.92599,-0.79025,0a4e6f39-7943-496f-befe-e00918278d5d,2025-07-26,23:07:39.01,2025-07-26T19:07:39.0135296-04:00,2025-07-26T23:07:39.0135296Z,LineDrive,v3,5431,5508,,"Conley, Jack",663660,Right,HP,21918735-6764-47be-859d-8a51ac0503b5,55.01942,-122.59248,10.46015,4.48468,1.23471,-15.1993,-4.07952,10.71212,-7.87423,109.239723,2.42812,129.58683,-30.34258,8.12916,-1.86957,0.2808,-0.00844,-0.00658,0.00096,1.92592,52.15518,-22.78678,2.42448,-0.40472,0.09894,-0.03211,0.00758,-0.00077,-0.7903,-75.04491,1.66481,2.5314,-1.27112,0.44178,-0.1125,0.01835,-0.00134,,,,,,,,,,,,,,,,,,,,,,,High,High,High,High,Medium,,,
52,2025-07-26,19:08:30.68,3,1,"Devine, Michael",683772,Right,HP,"Aldrete, Carter",666177,Right,GAS,Undefined,2,Top,1,0,0,Slider,Curveball,StrikeCalled,Undefined,Undefined,Undefined,0,0,,76.8338,3.06205,-3.199838,2486.380778,71.3856,8:30,4.16635,4.40377,4.70612,-51.534,-1.49602,-9.29438,2.78561,0.58884,69.92856,-6.23206,-4.82463,0.509121,,,,,,,,,,,,3.57173,-1.09232,-4.07075,50,4.43126,6.6036,-111.047,4.06165,4.43408,20.96393,-33.5301,HP,GAS,HighPoint,Independent,ATL,20250726-HighPoint-1,728545a0-6a75-11f0-b210-07976e9a8e1d,74.03428,,,6.90525,,,,,,,0a4e6f39-7943-496f-befe-e00918278d5d,2025-07-26,23:08:30.68,2025-07-26T19:08:30.6819584-04:00,2025-07-26T23:08:30.6819584Z,,v3,5431,5508,,"Conley, Jack",663660,Right,HP,e80978ef-2150-4907-9bcd-ff50cbee316d,55.79206,-112.13512,10.48197,4.17528,5.802,-16.76505,-4.40753,6.37345,2.21704,,,,,,,,,,,,,,,,,,,,,,,,,,,,,,,,,,,,,,,,,,,,,,,,,,,High,High,High,,,,,
53,2025-07-26,19:08:48.58,3,2,"Devine, Michael",683772,Right,HP,"Aldrete, Carter",666177,Right,GAS,Undefined,2,Top,1,0,1,TwoSeamFastBall,Changeup,FoulBallNotFieldable,Undefined,Undefined,Undefined,0,0,,85.79982,1.001855,-5.959165,2197.978007,253.602246,2:30,4.6266,4.20752,5.55628,-31.6325,6.73929,19.10249,2.93183,0.2113,78.935,-4.804302,-2.578902,0.445838,,,,,,,,,,,,-11.15174,3.48855,-3.70391,50,4.69258,12.15898,-124.11227,1.07563,-17.59581,22.15088,-26.66962,HP,GAS,HighPoint,Independent,ATL,20250726-HighPoint-1,7d18caa0-6a75-11f0-b210-07976e9a8e1d,84.54284,,,6.86482,,,,,,,0a4e6f39-7943-496f-befe-e00918278d5d,2025-07-26,23:08:48.58,2025-07-26T19:08:48.5803520-04:00,2025-07-26T23:08:48.5803520Z,,v3,5431,5508,,"Conley, Jack",663660,Right,HP,fa3553d8-ea22-468f-828e-aac240aab711,54.94577,-124.99185,11.07544,4.62884,2.13464,-13.33481,-4.2006,12.85768,-8.79791,,,,,,,,,,,,,,,,,,,,,,,,,,,,,,,,,,,,,,,,,,,,,,,,,,,High,High,High,,,,,
54,2025-07-26,19:09:13.64,3,3,"Devine, Michael",683772,Right,HP,"Aldrete, Carter",666177,Right,GAS,Undefined,2,Top,1,0,2,ChangeUp,Changeup,InPlay,Undefined,LineDrive,Out,1,0,,78.3731,0.824603,-5.073372,2062.922877,270.028222,3:00,4.37628,3.95175,5.76583,-44.2616,1.33547,18.20525,1.45834,0.73474,72.31669,-7.283989,-1.828221,0.486004,104.44452,6.101461,-33.363312,2918.126848,,,,120.04694,115.23913,-36.672557,0.877105,-10.65048,0.81945,-3.54242,50,4.41744,9.4164,-113.57081,0.23853,-14.02388,19.21174,-31.09506,HP,GAS,HighPoint,Independent,ATL,20250726-HighPoint-1,8c0ee670-6a75-11f0-b210-07976e9a8e1d,77.55584,4.65204,,6.05641,,,,2.38097,1.66166,-0.78938,0a4e6f39-7943-496f-befe-e00918278d5d,2025-07-26,23:09:13.64,2025-07-26T19:09:13.6443392-04:00,2025-07-26T23:09:13.6443392Z,GroundBall,v3,5431,5508,,"Conley, Jack",663660,Right,HP,ce49ea4a-b1e0-4061-888e-b6b7bdbe5a00,54.73716,-114.36935,9.60587,4.38066,1.53099,-15.54753,-3.94593,9.9993,-7.01194,75.925797,2.50531,125.27225,-21.06966,,,,,,,1.74073,15.04525,-19.50876,,,,,,,-0.76855,-84.10555,3.6707,,,,,,,,,,,,,,,,,,,,,,,,,,,,,High,High,High,High,High,,,
55,2025-07-26,19:09:55.29,4,1,"Devine, Michael",683772,Right,HP,"Watson, Kevin",675982,Left,GAS,Undefined,2,Top,2,0,0,TwoSeamFastBall,Changeup,InPlay,Undefined,Popup,Out,1,0,,85.15017,0.055843,-6.120841,2137.852602,242.772767,2:00,4.7553,3.97009,5.74525,-29.17265,9.7017,16.5428,2.37654,-0.37193,78.09823,-5.339744,-3.184893,0.448748,86.64583,74.969763,13.806481,,,,,,28.66539,,,-10.16418,5.25209,-3.47033,50,4.74192,12.55672,-123.13475,-0.83591,-15.69679,23.10869,-24.06312,HP,GAS,HighPoint,Independent,ATL,20250726-HighPoint-1,a4dc8a40-6a75-11f0-b210-07976e9a8e1d,83.99458,105.15688,,7.05193,,,,3.75772,1.76115,1.85454,0a4e6f39-7943-496f-befe-e00918278d5d,2025-07-26,23:09:55.29,2025-07-26T19:09:55.2933888-04:00,2025-07-26T23:09:55.2933888Z,,v3,5431,5508,,"Conley, Jack",663660,Right,HP,f4b4d65e-80aa-4214-aefd-bf1664b5f6a7,54.75722,-124.02433,11.55435,4.75627,0.0904,-12.03156,-3.96533,13.16097,-7.8484,178.698197,3.75772,32.00431,-12.46803,3.58706,0.03399,-1.44275,1.5312,-0.79133,0.16716,1.76115,122.73253,-29.02945,3.86927,-1.03261,0.61622,-0.47685,0.23158,-0.04807,1.85454,7.86494,-3.85644,1.13655,0.02612,-0.49239,0.52008,-0.26858,0.05672,,,,,,,,,,,,,,,,,,,,,,,High,High,High,Low,Undefined,,,
56,2025-07-26,19:12:17.61,1,1,"Grey, Connor",670119,Right,GAS,"Brewer, Aidan",1000132240,Right,HP,Undefined,2,Bottom,0,0,0,Slider,Slider,StrikeCalled,Undefined,Undefined,Undefined,0,0,,84.17894,-0.033989,-0.87954,2663.906204,59.414938,8:00,5.59505,1.39109,5.42185,-41.57049,-1.50213,-4.62654,2.099,0.18162,77.38743,-7.606635,-1.703872,0.455588,,,,,,,,,,,,2.08158,-0.35579,-1.30973,50,5.56312,2.07239,-122.25269,-1.59397,3.15166,24.00155,-32.71274,HP,GAS,HighPoint,Independent,ATL,20250726-HighPoint-1,f9be1fb0-6a75-11f0-b210-07976e9a8e1d,82.73362,,,6.79151,,,,,,,0a4e6f39-7943-496f-befe-e00918278d5d,2025-07-26,23:12:17.61,2025-07-26T19:12:17.6114176-04:00,2025-07-26T23:12:17.6114176Z,,v3,5431,5508,,"Perez, Henderson",666630,Right,GAS,9957d7ed-1a7a-4939-8647-a55ca63dc7a2,55.078,-123.24561,12.00077,5.60107,-0.24068,-16.35637,-1.39277,1.94201,1.57583,,,,,,,,,,,,,,,,,,,,,,,,,,,,,,,,,,,,,,,,,,,,,,,,,,,High,High,High,,,,,
57,2025-07-26,19:12:34.31,1,2,"Grey, Connor",670119,Right,GAS,"Brewer, Aidan",1000132240,Right,HP,Undefined,2,Bottom,0,0,1,Curveball,Curveball,StrikeSwinging,Undefined,Undefined,Undefined,0,0,,78.22112,0.981118,-0.129128,3028.278745,34.645075,7:15,5.55628,0.99578,5.58727,-61.8096,-15.65969,-11.78552,1.32175,-0.10693,72.27128,-10.222902,-2.240025,0.488941,,,,,,,,,,,,5.92118,-7.74831,-0.97694,50,5.60025,0.71062,-113.72511,-0.17739,7.73393,21.37607,-42.29448,HP,GAS,HighPoint,Independent,ATL,20250726-HighPoint-1,03b45340-6a76-11f0-b210-07976e9a8e1d,77.0899,,,5.94984,,,,,,,0a4e6f39-7943-496f-befe-e00918278d5d,2025-07-26,23:12:34.31,2025-07-26T19:12:34.3156736-04:00,2025-07-26T23:12:34.3156736Z,,v3,5431,5508,,"Perez, Henderson",666630,Right,GAS,e819c219-b3a9-43b3-b64c-6051083331d9,54.91746,-114.64568,10.68804,5.56866,1.64405,-21.14724,-1.00037,0.37756,3.86697,,,,,,,,,,,,,,,,,,,,,,,,,,,,,,,,,,,,,,,,,,,,,,,,,,,High,High,High,,,,,
58,2025-07-26,19:13:03.72,1,3,"Grey, Connor",670119,Right,GAS,"Brewer, Aidan",1000132240,Right,HP,Undefined,2,Bottom,0,0,2,Fastball,Four-Seam,StrikeCalled,Strikeout,Undefined,Undefined,0,0,,93.96858,-1.475797,-1.830265,2450.879697,209.212583,1:00,5.57186,0.70051,6.07745,-17.77836,13.16615,6.89772,2.72386,-0.41871,87.18601,-4.808788,-0.58832,0.400372,,,,,,,,,,,,-3.98193,7.40595,-0.56255,50,5.44803,4.07234,-136.67453,-4.09827,-7.65455,25.52841,-17.93741,HP,GAS,HighPoint,Independent,ATL,20250726-HighPoint-1,15327980-6a76-11f0-b210-07976e9a8e1d,94.14366,,,6.78257,,,,,,,0a4e6f39-7943-496f-befe-e00918278d5d,2025-07-26,23:13:03.72,2025-07-26T19:13:03.7250000-04:00,2025-07-26T23:13:03.7250000Z,,v3,5431,5508,,"Perez, Henderson",666630,Right,GAS,d6be2b77-9b13-480e-b98a-be1d2ffe751f,54.42303,-137.49819,12.76421,5.57092,-3.51953,-8.9687,-0.69792,4.31931,-3.82728,,,,,,,,,,,,,,,,,,,,,,,,,,,,,51.11059,,,1.454248,,,,-4.59499,5.08831,2.94695,75.16495,7.48902,49.84657,-4.4823,61.03749,-4.33304,5.18047,22.99368,-14.73998,2.97501,34.34234,-1.45752,High,High,High,,,High,High,High
59,2025-07-26,19:13:39.44,2,1,"Grey, Connor",670119,Right,GAS,"Gonzalez, Luis",8894175,Left,HP,Undefined,2,Bottom,1,0,0,Slider,Slider,BallCalled,Undefined,Undefined,Undefined,0,0,,87.45974,0.137653,-2.609562,2663.382545,99.200185,9:15,5.5038,1.34433,5.66085,-34.80238,1.61803,-3.91221,2.7321,-1.41685,81.16266,-6.22398,-3.30779,0.434354,,,,,,,,,,,,1.38106,1.02484,-1.12081,50,5.49291,5.95209,-127.12107,-0.9374,2.28726,23.10398,-30.47677,HP,GAS,HighPoint,Independent,ATL,20250726-HighPoint-1,2a743770-6a76-11f0-b210-07976e9a8e1d,86.77815,,,6.29708,,,,,,,0a4e6f39-7943-496f-befe-e00918278d5d,2025-07-26,23:13:39.44,2025-07-26T19:13:39.4476032-04:00,2025-07-26T23:13:39.4476032Z,,v3,5431,5508,,"Perez, Henderson",666630,Right,GAS,d88ce3e2-9186-4172-91b1-fa72fb4af4bd,54.84186,-127.99804,11.55199,5.50654,0.21943,-15.23839,-1.3451,5.86527,1.14363,,,,,,,,,,,,,,,,,,,,,,,,,,,,,,,,,,,,,,,,,,,,,,,,,,,High,High,High,,,,,
60,2025-07-26,19:13:58.42,2,2,"Grey, Connor",670119,Right,GAS,"Gonzalez, Luis",8894175,Left,HP,Undefined,2,Bottom,1,1,0,Curveball,Curveball,StrikeSwinging,Undefined,Undefined,Undefined,0,0,,79.04355,0.628806,-0.249778,3045.184455,38.622807,7:15,5.47592,0.9691,5.69543,-59.84956,-15.45209,-13.26465,1.07448,-0.36906,74.04277,-10.200158,-2.630836,0.479568,,,,,,,,,,,,6.71095,-7.68327,-0.9397,50,5.49094,0.99843,-115.12,-0.76695,9.10875,19.08361,-42.60256,HP,GAS,HighPoint,Independent,ATL,20250726-HighPoint-1,35d23860-6a76-11f0-b210-07976e9a8e1d,78.59658,,,5.00078,,,,,,,0a4e6f39-7943-496f-befe-e00918278d5d,2025-07-26,23:13:58.42,2025-07-26T19:13:58.4224256-04:00,2025-07-26T23:13:58.4224256Z,,v3,5431,5508,,"Perez, Henderson",666630,Right,GAS,289f241f-a363-438b-8c46-20251137da4f,54.81139,-115.91485,9.5418,5.48593,1.00748,-21.30128,-0.97339,0.61904,4.55437,,,,,,,,,,,,,,,,,,,,,,,,,,,,,,,,,,,,,,,,,,,,,,,,,,,High,High,High,,,,,
61,2025-07-26,19:14:21.93,2,3,"Grey, Connor",670119,Right,GAS,"Gonzalez, Luis",8894175,Left,HP,Undefined,2,Bottom,1,1,1,Fastball,Four-Seam,BallCalled,Undefined,Undefined,Undefined,0,0,,94.10178,-0.479743,-0.141603,2521.696651,217.893749,1:15,5.62652,0.92477,6.12481,-19.28737,11.32812,8.22174,3.57574,1.47901,87.69331,-4.081889,1.340859,0.398237,,,,,,,,,,,,-4.29154,6.21937,-0.91817,50,5.57955,-0.00691,-137.05637,-1.78698,-8.33327,24.3674,-20.09729,HP,GAS,HighPoint,Independent,ATL,20250726-HighPoint-1,43cb5690-6a76-11f0-b210-07976e9a8e1d,94.64817,,,6.40848,,,,,,,0a4e6f39-7943-496f-befe-e00918278d5d,2025-07-26,23:14:21.93,2025-07-26T19:14:21.9335168-04:00,2025-07-26T23:14:21.9335168Z,,v3,5431,5508,,"Perez, Henderson",666630,Right,GAS,cddf8e7b-a89e-4b25-8d43-a77b45d3ef57,54.37664,-137.8323,12.1837,5.62626,-1.14702,-10.04865,-0.92217,0.25844,-4.16664,,,,,,,,,,,,,,,,,,,,,,,,,,,,,,,,,,,,,,,,,,,,,,,,,,,High,High,High,,,,,
62,2025-07-26,19:14:40.07,2,4,"Grey, Connor",670119,Right,GAS,"Gonzalez, Luis",8894175,Left,HP,Undefined,2,Bottom,1,2,1,Curveball,Curveball,FoulBallNotFieldable,Undefined,Undefined,Undefined,0,0,,79.53586,1.027137,0.096769,3080.0987,59.608322,8:00,5.45312,0.98483,5.53521,-51.99211,-7.60906,-15.11296,2.08063,-0.18413,73.74795,-8.415607,-2.60303,0.479491,,,,,,,,,,,,7.78453,-3.89772,-0.98246,50,5.50667,0.37197,-115.68743,0.31238,10.61322,20.36699,-37.48811,HP,GAS,HighPoint,Independent,ATL,20250726-HighPoint-1,4ea3acc0-6a76-11f0-b210-07976e9a8e1d,78.60935,,,5.78792,,,,,,,0a4e6f39-7943-496f-befe-e00918278d5d,2025-07-26,23:14:40.07,2025-07-26T19:14:40.0750080-04:00,2025-07-26T23:14:40.0750080Z,,v3,5431,5508,,"Perez, Henderson",666630,Right,GAS,c32af8ef-2843-4eae-8d69-a264f3baa59d,54.96938,-116.55901,10.1835,5.45898,1.91665,-18.74406,-0.98866,-0.08221,5.30661,,,,,,,,,,,,,,,,,,,,,,,,,,,,,,,,,,,,,,,,,,,,,,,,,,,High,High,High,,,,,
63,2025-07-26,19:15:08.40,2,5,"Grey, Connor",670119,Right,GAS,"Gonzalez, Luis",8894175,Left,HP,Undefined,2,Bottom,1,2,2,Fastball,Four-Seam,FoulBallNotFieldable,Undefined,Undefined,Undefined,0,0,,94.45707,-0.956384,-1.040685,2484.924261,207.630381,1:00,5.47392,1.04431,6.09541,-16.19265,14.81241,7.2491,3.23971,0.68573,86.38427,-4.035567,0.265387,0.400763,,,,,,,,,,,,-4.03516,8.20579,-0.96797,50,5.39167,2.1806,-137.27737,-2.789,-7.70671,30.14517,-16.5019,HP,GAS,HighPoint,Independent,ATL,20250726-HighPoint-1,5f78c1c0-6a76-11f0-b210-07976e9a8e1d,94.05165,,,8.0728,,,,,,,0a4e6f39-7943-496f-befe-e00918278d5d,2025-07-26,23:15:08.40,2025-07-26T19:15:08.4019200-04:00,2025-07-26T23:15:08.4019200Z,,v3,5431,5508,,"Perez, Henderson",666630,Right,GAS,40f04e0c-c082-4459-ba04-434c6d3bd9d3,54.40394,-138.24106,15.07259,5.4724,-2.26146,-8.25095,-1.04161,2.42697,-3.85336,,,,,,,,,,,,,,,,,,,,,,,,,,,,,,,,,,,,,,,,,,,,,,,,,,,High,High,High,,,,,
64,2025-07-26,19:15:34.63,2,6,"Grey, Connor",670119,Right,GAS,"Gonzalez, Luis",8894175,Left,HP,Undefined,2,Bottom,1,2,2,Fastball,Four-Seam,InPlay,Undefined,Popup,Out,1,0,,94.42073,-0.916691,-1.576504,2538.154655,202.488452,12:45,5.58227,0.82978,6.08389,-13.81107,17.26375,6.74327,3.58289,-0.06714,86.2359,-3.570247,-0.362397,0.401214,66.59957,50.378133,-41.671105,4189.289853,,,,,55.19197,,,-3.92709,9.46564,-0.71161,50,5.50411,3.48483,-137.18781,-2.59042,-7.48501,30.31491,-14.13255,HP,GAS,HighPoint,Independent,ATL,20250726-HighPoint-1,6f1a86e0-6a76-11f0-b210-07976e9a8e1d,93.94608,58.69291,,8.18483,,,,0.64753,3.61664,0.17904,0a4e6f39-7943-496f-befe-e00918278d5d,2025-07-26,23:15:34.63,2025-07-26T19:15:34.6353152-04:00,2025-07-26T23:15:34.6353152Z,,v3,5431,5508,,"Perez, Henderson",666630,Right,GAS,f855e1c9-59e1-44cc-b8da-bac3347647d5,54.41554,-138.16008,15.15745,5.57993,-2.13715,-7.06628,-0.82723,3.7249,-3.74251,151.982344,0.64753,46.53053,-11.92278,3.14801,-0.79691,0.3621,-0.22875,0.08385,-0.00637,3.61664,75.23921,-23.4633,2.46202,-0.40147,-0.06208,0.11635,-0.04486,0.00064,0.17904,-41.41499,4.28015,-1.08936,0.26158,-0.10901,0.0658,-0.02412,0.00199,,,,,,,,,,,,,,,,,,,,,,,High,High,High,High,Undefined,,,
65,2025-07-26,19:16:19.47,3,1,"Grey, Connor",670119,Right,GAS,"Aklinski, Ben",679701,Right,HP,Undefined,2,Bottom,2,0,0,Curveball,Curveball,BallCalled,Undefined,Undefined,Undefined,0,0,,79.60726,-0.17252,-0.709429,3044.951009,34.656593,7:15,5.55657,0.87428,5.64742,-60.8074,-16.3967,-12.23973,0.32837,-0.80745,73.88147,-11.165668,-2.906461,0.47964,,,,,,,,,,,,6.03737,-7.9189,-0.80615,50,5.50296,1.90119,-115.77959,-2.44284,8.17828,22.02891,-42.90109,HP,GAS,HighPoint,Independent,ATL,20250726-HighPoint-1,89ebe9f0-6a76-11f0-b210-07976e9a8e1d,78.58491,,,5.7258,,,,,,,0a4e6f39-7943-496f-befe-e00918278d5d,2025-07-26,23:16:19.47,2025-07-26T19:16:19.4788864-04:00,2025-07-26T23:16:19.4788864Z,,v3,5431,5508,,"Perez, Henderson",666630,Right,GAS,e2af42f0-d764-417d-9cbc-7cf83d649201,54.85793,-116.70023,11.01446,5.56759,-0.64991,-21.45055,-0.87847,1.5594,4.08914,,,,,,,,,,,,,,,,,,,,,,,,,,,,,,,,,,,,,,,,,,,,,,,,,,,High,High,High,,,,,
66,2025-07-26,19:16:39.37,3,2,"Grey, Connor",670119,Right,GAS,"Aklinski, Ben",679701,Right,HP,Undefined,2,Bottom,2,1,0,Slider,Slider,BallCalled,Undefined,Undefined,Undefined,0,0,,86.38854,0.002011,-1.721616,2641.056327,40.859392,7:15,5.47012,1.13736,5.56322,-43.11624,-5.40744,-5.62886,1.87899,-0.94058,79.80175,-7.838878,-2.72673,0.44197,,,,,,,,,,,,2.3928,-2.39606,-0.98498,50,5.44177,4.01067,-125.52784,-1.60061,3.83412,24.40059,-36.01338,HP,GAS,HighPoint,Independent,ATL,20250726-HighPoint-1,95c387b0-6a76-11f0-b210-07976e9a8e1d,85.28283,,,6.58678,,,,,,,0a4e6f39-7943-496f-befe-e00918278d5d,2025-07-26,23:16:39.37,2025-07-26T19:16:39.3715200-04:00,2025-07-26T23:16:39.3715200Z,,v3,5431,5508,,"Perez, Henderson",666630,Right,GAS,f9f112c4-ca3d-4ae1-b214-968377a8ea4f,54.93827,-126.48412,12.2003,5.47684,-0.18922,-18.00669,-1.13922,3.86041,1.91706,,,,,,,,,,,,,,,,,,,,,,,,,,,,,,,,,,,,,,,,,,,,,,,,,,,High,High,High,,,,,
67,2025-07-26,19:16:58.29,3,3,"Grey, Connor",670119,Right,GAS,"Aklinski, Ben",679701,Right,HP,Undefined,2,Bottom,2,2,0,Fastball,Four-Seam,BallCalled,Undefined,Undefined,Undefined,0,0,,92.76782,-0.589916,-2.584244,2508.248054,196.498996,12:30,5.3581,1.08365,6.0832,-17.53564,14.56426,4.02819,3.35046,-0.9731,85.09574,-3.908779,-1.859843,0.407778,,,,,,,,,,,,-2.75303,7.96024,-0.88605,50,5.30307,5.9083,-134.74176,-1.92794,-5.08642,27.91234,-17.46695,HP,GAS,HighPoint,Independent,ATL,20250726-HighPoint-1,a104b1d0-6a76-11f0-b210-07976e9a8e1d,92.43383,,,7.67208,,,,,,,0a4e6f39-7943-496f-befe-e00918278d5d,2025-07-26,23:16:58.29,2025-07-26T19:16:58.2946304-04:00,2025-07-26T23:16:58.2946304Z,,v3,5431,5508,,"Perez, Henderson",666630,Right,GAS,59c997ab-3859-4aab-8698-b08194948100,54.41546,-135.65336,13.95617,5.35672,-1.35748,-8.73347,-1.08172,6.07442,-2.54321,,,,,,,,,,,,,,,,,,,,,,,,,,,,,,,,,,,,,,,,,,,,,,,,,,,High,High,High,,,,,
68,2025-07-26,19:17:19.38,3,4,"Grey, Connor",670119,Right,GAS,"Aklinski, Ben",679701,Right,HP,Undefined,2,Bottom,2,3,0,Fastball,Four-Seam,BallCalled,Walk,Undefined,Undefined,0,0,,93.211,-0.823633,-2.390472,2555.321573,207.643476,1:00,5.52647,0.92113,5.8971,-17.12273,14.74784,7.2437,3.3342,-0.69583,85.86646,-4.048103,-1.091753,0.406318,,,,,,,,,,,,-4.30095,8.045,-0.7328,50,5.45021,5.33532,-135.43261,-2.49859,-8.06738,26.83209,-17.08382,HP,GAS,HighPoint,Independent,ATL,20250726-HighPoint-1,ad995e00-6a76-11f0-b210-07976e9a8e1d,92.76583,,,7.34453,,,,,,,0a4e6f39-7943-496f-befe-e00918278d5d,2025-07-26,23:17:19.38,2025-07-26T19:17:19.3885184-04:00,2025-07-26T23:17:19.3885184Z,,v3,5431,5508,,"Perez, Henderson",666630,Right,GAS,5dcc7879-f6ac-4fb5-bfe4-eeaedcb8205a,54.60239,-136.34139,13.41605,5.52503,-1.91997,-8.54191,-0.91813,5.60856,-4.03369,,,,,,,,,,,,,,,,,,,,,,,,,,,,,,,,,,,,,,,,,,,,,,,,,,,High,High,High,,,,,
69,2025-07-26,19:17:59.21,4,1,"Grey, Connor",670119,Right,GAS,"Mendoza, Drew",666141,Left,HP,Undefined,2,Bottom,2,0,0,Fastball,Sinker,StrikeCalled,Undefined,Undefined,Undefined,0,0,,93.38325,-0.479767,-1.6221,2359.861753,225.463821,1:30,5.50117,0.92641,5.82339,-19.46218,12.32036,11.60512,3.4331,0.38505,86.11678,-4.11782,0.457755,0.405757,,,,,,,,,,,,-6.3124,6.69496,-0.80058,50,5.45033,3.327,-135.76218,-1.80095,-11.90763,26.73647,-19.54475,HP,GAS,HighPoint,Independent,ATL,20250726-HighPoint-1,c5556ac0-6a76-11f0-b210-07976e9a8e1d,92.89419,,,7.26647,,,,,,,0a4e6f39-7943-496f-befe-e00918278d5d,2025-07-26,23:17:59.21,2025-07-26T19:17:59.2164352-04:00,2025-07-26T23:17:59.2164352Z,,v3,5431,5508,,"Perez, Henderson",666630,Right,GAS,e42515c8-3061-4b9e-a6cf-83b4ec12a075,54.67643,-136.68003,13.36824,5.50064,-1.12999,-9.77237,-0.92181,3.73579,-5.95382,,,,,,,,,,,,,,,,,,,,,,,,,,,,,,,,,,,,,,,,,,,,,,,,,,,High,High,High,,,,,
70,2025-07-26,19:18:24.83,4,2,"Grey, Connor",670119,Right,GAS,"Mendoza, Drew",666141,Left,HP,Undefined,2,Bottom,2,0,1,Curveball,Curveball,StrikeSwinging,Undefined,Undefined,Undefined,0,0,,80.45257,0.202425,-0.252058,2889.827503,41.518698,7:30,5.38246,1.04716,5.5435,-53.15208,-9.80284,-9.75619,1.1423,-0.00143,74.78509,-9.424757,-1.997141,0.473873,,,,,,,,,,,,4.86918,-4.61744,-1.01875,50,5.36456,0.8993,-117.02531,-1.45382,6.79647,20.73267,-38.61916,HP,GAS,HighPoint,Independent,ATL,20250726-HighPoint-1,d4a42de0-6a76-11f0-b210-07976e9a8e1d,79.54118,,,5.66748,,,,,,,0a4e6f39-7943-496f-befe-e00918278d5d,2025-07-26,23:18:24.83,2025-07-26T19:18:24.8381440-04:00,2025-07-26T23:18:24.8381440Z,,v3,5431,5508,,"Perez, Henderson",666630,Right,GAS,66850362-5e96-42cc-b2a3-43672f3985c4,54.96004,-117.90077,10.36634,5.39152,0.17693,-19.30958,-1.05066,0.61231,3.39824,,,,,,,,,,,,,,,,,,,,,,,,,,,,,,,,,,,,,,,,,,,,,,,,,,,High,High,High,,,,,
71,2025-07-26,19:18:54.44,4,3,"Grey, Connor",670119,Right,GAS,"Mendoza, Drew",666141,Left,HP,Undefined,2,Bottom,2,0,2,Fastball,Four-Seam,FoulBallNotFieldable,Undefined,Undefined,Undefined,0,0,,93.14721,-1.165209,-1.403783,2439.238729,214.964155,1:15,5.53518,0.92961,6.06208,-20.02048,11.44489,7.42115,2.78792,0.24855,86.52367,-4.90126,-0.06742,0.403727,,,,,,,,,,,,-4.17677,6.44591,-0.82472,50,5.43385,3.01322,-135.55177,-3.42285,-7.90086,25.00066,-19.98087,HP,GAS,HighPoint,Independent,ATL,20250726-HighPoint-1,e63e1980-6a76-11f0-b210-07976e9a8e1d,93.36123,,,6.62354,,,,,,,0a4e6f39-7943-496f-befe-e00918278d5d,2025-07-26,23:18:54.44,2025-07-26T19:18:54.4436736-04:00,2025-07-26T23:18:54.4436736Z,,v3,5431,5508,,"Perez, Henderson",666630,Right,GAS,bb8d1ce7-d451-48df-9f52-6b317d92f742,54.43955,-136.36812,12.50033,5.53496,-2.7704,-9.99043,-0.92733,3.27121,-3.95043,,,,,,,,,,,,,,,,,,,,,,,,,,,,,,,,,,,,,,,,,,,,,,,,,,,High,High,High,,,,,
72,2025-07-26,19:19:20.94,4,4,"Grey, Connor",670119,Right,GAS,"Mendoza, Drew",666141,Left,HP,Undefined,2,Bottom,2,0,2,ChangeUp,Changeup,BallCalled,Undefined,Undefined,Undefined,0,0,,87.64024,-1.519811,-0.841475,1578.203171,260.700056,2:45,5.2862,1.32799,5.63922,-33.13443,3.11043,12.96205,1.10668,1.62309,81.51257,-7.567553,1.478255,0.433306,,,,,,,,,,,,-6.80229,2.25457,-1.26496,50,5.13568,1.32866,-127.44798,-4.57999,-11.33349,23.00618,-28.41767,HP,GAS,HighPoint,Independent,ATL,20250726-HighPoint-1,f609adc0-6a76-11f0-b210-07976e9a8e1d,86.98802,,,6.12767,,,,,,,0a4e6f39-7943-496f-befe-e00918278d5d,2025-07-26,23:19:20.94,2025-07-26T19:19:20.9419776-04:00,2025-07-26T23:19:20.9419776Z,,v3,5431,5508,,"Perez, Henderson",666630,Right,GAS,f1bfe6ab-9f3e-45df-95a7-869b0a500e5e,54.86253,-128.32274,11.50309,5.28928,-3.49948,-14.20884,-1.32367,1.75959,-5.66675,,,,,,,,,,,,,,,,,,,,,,,,,,,,,,,,,,,,,,,,,,,,,,,,,,,High,High,High,,,,,
73,2025-07-26,19:19:47.35,4,5,"Grey, Connor",670119,Right,GAS,"Mendoza, Drew",666141,Left,HP,Undefined,2,Bottom,2,1,2,Slider,Slider,FoulBallNotFieldable,Undefined,Undefined,Undefined,0,0,,86.28869,1.085092,-0.065606,2649.919938,81.598396,8:45,5.40413,1.05783,5.62167,-36.79959,0.42705,-3.57311,3.35023,0.69885,80.30993,-5.638321,-0.704028,0.439135,83.14326,68.218856,-50.239305,2477.099716,,,,,31.02151,,,1.81461,0.22252,-1.04982,50,5.47247,0.28894,-125.57715,1.05866,2.94867,21.23016,-31.81245,HP,GAS,HighPoint,Independent,ATL,20250726-HighPoint-1,05cc8f70-6a77-11f0-b210-07976e9a8e1d,85.83334,73.7328,,5.97877,,,,,,,0a4e6f39-7943-496f-befe-e00918278d5d,2025-07-26,23:19:47.35,2025-07-26T19:19:47.3580032-04:00,2025-07-26T23:19:47.3580032Z,,v3,5431,5508,,"Perez, Henderson",666630,Right,GAS,baf98a81-e376-4791-955d-0e06433e28c7,54.88105,-126.39965,10.61508,5.40758,2.29114,-15.90623,-1.0588,0.1747,1.47433,158.830146,2.51094,28.93935,-15.38339,4.69139,1.56541,-9.7249,18.12871,-16.2043,5.6636,6.2217,113.23751,-30.10058,3.86575,-0.86931,0.78475,-1.32247,1.23202,-0.44941,-1.24686,-34.78384,0.60513,0.54527,0.66715,-3.31157,6.17757,-5.54704,1.94646,,,,,,,,,,,,,,,,,,,,,,,High,High,High,High,Undefined,,,
74,2025-07-26,19:20:25.89,4,6,"Grey, Connor",670119,Right,GAS,"Mendoza, Drew",666141,Left,HP,Undefined,2,Bottom,2,1,2,Fastball,Four-Seam,FoulBallNotFieldable,Undefined,Undefined,Undefined,0,0,,93.72213,-1.222537,-0.898848,2405.594135,218.219586,1:15,5.40664,1.1392,6.13808,-18.00462,13.29186,9.73701,2.77609,1.11984,86.17809,-4.619881,0.857306,0.402642,,,,,,,,,,,,-5.29969,7.48941,-1.07573,50,5.30399,1.73023,-136.29072,-3.47792,-10.02363,28.39904,-18.00891,HP,GAS,HighPoint,Independent,ATL,20250726-HighPoint-1,1cbaebf0-6a77-11f0-b210-07976e9a8e1d,93.61273,,,7.54404,,,,,,,0a4e6f39-7943-496f-befe-e00918278d5d,2025-07-26,23:20:25.89,2025-07-26T19:20:25.8934784-04:00,2025-07-26T23:20:25.8934784Z,,v3,5431,5508,,"Perez, Henderson",666630,Right,GAS,09fada9d-0e99-4a48-bb36-577865e74ffc,54.36257,-137.19674,14.19952,5.40578,-2.90338,-9.00446,-1.13603,2.05001,-5.01181,,,,,,,,,,,,,,,,,,,,,,,,,,,,,,,,,,,,,,,,,,,,,,,,,,,High,High,High,,,,,
75,2025-07-26,19:20:57.48,4,7,"Grey, Connor",670119,Right,GAS,"Mendoza, Drew",666141,Left,HP,Undefined,2,Bottom,2,1,2,Curveball,Curveball,BallCalled,Undefined,Undefined,Undefined,0,0,,79.50798,1.101839,1.426684,2752.892655,37.272367,7:15,5.44713,1.03554,5.74127,-55.82786,-12.18406,-10.10859,1.8212,1.52184,74.4905,-9.030322,-0.387025,0.47548,,,,,,,,,,,,5.50256,-6.15626,-1.14789,50,5.50402,-2.50671,-115.77481,0.34779,7.59476,18.18917,-40.67111,HP,GAS,HighPoint,Independent,ATL,20250726-HighPoint-1,2fa04350-6a77-11f0-b210-07976e9a8e1d,79.27232,,,5.01747,,,,,,,0a4e6f39-7943-496f-befe-e00918278d5d,2025-07-26,23:20:57.48,2025-07-26T19:20:57.4862336-04:00,2025-07-26T23:20:57.4862336Z,,v3,5431,5508,,"Perez, Henderson",666630,Right,GAS,31157d60-5d46-4156-9d41-3d70169d9645,54.76462,-116.52096,9.09458,5.45553,2.01619,-20.33555,-1.03866,-2.81826,3.79738,,,,,,,,,,,,,,,,,,,,,,,,,,,,,,,,,,,,,,,,,,,,,,,,,,,High,High,High,,,,,
76,2025-07-26,19:21:48.64,4,8,"Grey, Connor",670119,Right,GAS,"Mendoza, Drew",666141,Left,HP,Undefined,2,Bottom,2,2,2,Fastball,Sinker,FoulBallNotFieldable,Undefined,Undefined,Undefined,0,0,,93.46112,-0.300412,-1.425147,2152.572362,232.800107,1:45,5.55573,0.74777,5.9216,-21.47214,10.2017,12.23261,3.48752,0.44439,86.03521,-4.308692,0.771687,0.405062,,,,,,,,,,,,-6.68347,5.59244,-0.64086,50,5.51938,2.85654,-135.90779,-1.45183,-12.59464,27.68671,-21.63533,HP,GAS,HighPoint,Independent,ATL,20250726-HighPoint-1,4e0e7c30-6a77-11f0-b210-07976e9a8e1d,93.05342,,,7.42591,,,,,,,0a4e6f39-7943-496f-befe-e00918278d5d,2025-07-26,23:21:48.64,2025-07-26T19:21:48.6416896-04:00,2025-07-26T23:21:48.6416896Z,,v3,5431,5508,,"Perez, Henderson",666630,Right,GAS,9753739a-01d1-4111-932e-a226417c32c5,54.57964,-136.83756,13.84335,5.55594,-0.72528,-10.81767,-0.74388,3.27949,-6.29732,,,,,,,,,,,,,,,,,,,,,,,,,,,,,,,,,,,,,,,,,,,,,,,,,,,High,High,High,,,,,
77,2025-07-26,19:22:25.48,4,9,"Grey, Connor",670119,Right,GAS,"Mendoza, Drew",666141,Left,HP,Undefined,2,Bottom,2,2,2,ChangeUp,Changeup,FoulBallNotFieldable,Undefined,Undefined,Undefined,0,0,,87.5239,-1.0993,-1.685778,1512.141859,268.97154,3:00,5.35908,1.30228,5.73813,-35.20466,1.34795,13.54316,1.40115,0.86067,80.62421,-7.553565,0.741741,0.435142,,,,,,,,,,,,-7.42961,1.26583,-1.17065,50,5.24561,3.18996,-127.17625,-3.68982,-12.19697,25.49958,-30.096,HP,GAS,HighPoint,Independent,ATL,20250726-HighPoint-1,64066ac0-6a77-11f0-b210-07976e9a8e1d,86.62109,,,6.89968,,,,,,,0a4e6f39-7943-496f-befe-e00918278d5d,2025-07-26,23:22:25.48,2025-07-26T19:22:25.4851584-04:00,2025-07-26T23:22:25.4851584Z,,v3,5431,5508,,"Perez, Henderson",666630,Right,GAS,0391f944-f90f-44cf-a95e-4ff5fb6f74af,54.76389,-128.12788,12.74979,5.36236,-2.56666,-15.048,-1.29819,3.64514,-6.09848,,,,,,,,,,,,,,,,,,,,,,,,,,,,,,,,,,,,,,,,,,,,,,,,,,,High,High,High,,,,,
78,2025-07-26,19:23:00.34,4,10,"Grey, Connor",670119,Right,GAS,"Mendoza, Drew",666141,Left,HP,Undefined,2,Bottom,2,2,2,Slider,Slider,StrikeSwinging,Strikeout,Undefined,Undefined,0,0,,85.21395,-1.305803,-0.690481,2654.393139,57.018605,8:00,5.39759,1.0751,5.50207,-40.31447,-2.02449,-4.58981,0.81644,0.04678,79.94385,-8.596268,-1.510307,0.445363,,,,,,,,,,,,2.1739,-0.43264,-1.0116,50,5.25594,1.6832,-124.00138,-4.30406,3.45145,20.21789,-32.86096,HP,GAS,HighPoint,Independent,ATL,20250726-HighPoint-1,78d98860-6a77-11f0-b210-07976e9a8e1d,84.63307,,,5.2701,,,,,,,0a4e6f39-7943-496f-befe-e00918278d5d,2025-07-26,23:23:00.34,2025-07-26T19:23:00.3424768-04:00,2025-07-26T23:23:00.3424768Z,,v3,5431,5508,,"Perez, Henderson",666630,Right,GAS,4c0936e7-c041-4f62-9594-124406802a00,55.0006,-124.81405,10.10895,5.4024,-2.9832,-16.43048,-1.07647,1.54447,1.72573,,,,,,,,,,,,,,,,,,,,,,,,,,,,,,,,,,,,,,,,,,,,,,,,,,,High,High,High,,,,,
79,2025-07-26,19:25:08.51,1,1,"Devine, Michael",683772,Right,HP,"Skender, Ethan",663690,Right,GAS,Undefined,3,Top,0,0,0,Slider,Slider,StrikeSwinging,Undefined,Undefined,Undefined,0,0,,81.68861,0.846934,-5.052504,2425.880136,208.051605,1:00,4.65088,4.20944,5.19711,-35.06207,7.61898,3.4402,2.52885,-0.26869,75.70128,-5.52638,-4.447279,0.470207,,,,,,,,,,,,-2.91268,3.96107,-3.7427,50,4.70306,10.31575,-118.28313,0.52098,-4.18876,19.37107,-26.47761,HP,GAS,HighPoint,Independent,ATL,20250726-HighPoint-1,c5419f30-6a77-11f0-b210-07976e9a8e1d,80.16142,,,5.98734,,,,,,,0a4e6f39-7943-496f-befe-e00918278d5d,2025-07-26,23:25:08.51,2025-07-26T19:25:08.5128704-04:00,2025-07-26T23:25:08.5128704Z,,v3,5431,5508,,"Conley, Jack",663660,Right,HP,22b2b225-84d7-49be-b330-ef6a7c24321c,55.30329,-119.14847,9.68554,4.65337,1.7038,-13.2388,-4.20771,10.50287,-2.09438,,,,,,,,,,,,,,,,,,,,,,,,,,,,,,,,,,,,,,,,,,,,,,,,,,,High,High,High,,,,,
80,2025-07-26,19:25:23.20,1,2,"Devine, Michael",683772,Right,HP,"Skender, Ethan",663690,Right,GAS,Undefined,3,Top,0,0,1,ChangeUp,Changeup,InPlay,Undefined,GroundBall,Out,1,0,,82.22333,1.670686,-4.511656,2072.560246,268.706258,3:00,4.48945,4.07282,5.52922,-40.15675,1.62654,17.45651,2.71014,1.3012,75.60509,-5.673512,-1.412451,0.465235,41.3826,19.61238,6.267034,2654.763508,,,,76.25579,76.25579,8.258838,1.432019,-10.03544,0.71874,-3.69236,50,4.60787,8.7077,-119.1552,2.10323,-14.54195,21.1998,-31.13253,HP,GAS,HighPoint,Independent,ATL,20250726-HighPoint-1,cdfeb680-6a77-11f0-b210-07976e9a8e1d,81.01802,9.27428,,6.61824,,,,2.41708,2.81285,-1.31714,0a4e6f39-7943-496f-befe-e00918278d5d,2025-07-26,23:25:23.20,2025-07-26T19:25:23.2084992-04:00,2025-07-26T23:25:23.2084992Z,GroundBall,v3,5431,5508,,"Conley, Jack",663660,Right,HP,d8d0bb57-9ee2-414c-a00c-013af41bf98a,54.97334,-120.03678,10.5999,4.49349,3.39786,-15.56626,-4.06703,9.31242,-7.27098,241.905346,2.41709,56.83107,-5.0966,0.90547,-0.04575,-0.21269,0.21214,-0.10042,0.0193,2.81285,20.37266,-16.48507,0.75028,-0.19906,0.17417,-0.13593,0.06451,-0.01249,-1.31714,6.24128,2.13107,-0.48671,0.08445,0.04809,-0.05873,0.02854,-0.00556,,,,,,,,,,,,,,,,,,,,,,,High,High,High,High,High,,,
81,2025-07-26,19:26:10.39,2,1,"Devine, Michael",683772,Right,HP,"Perez, Henderson",666630,Right,GAS,Undefined,3,Top,1,0,0,TwoSeamFastBall,Changeup,FoulBallNotFieldable,Undefined,Undefined,Undefined,0,0,,83.62663,1.146849,-5.066233,2135.037006,278.926573,3:15,4.74732,3.95706,5.57631,-42.3175,-1.71862,19.07119,2.29636,0.8021,76.53569,-6.587447,-1.67908,0.458594,,,,,,,,,,,,-11.12087,-0.87457,-3.53318,50,4.81821,9.96547,-121.07277,0.94701,-16.52985,23.33301,-33.47402,HP,GAS,HighPoint,Independent,ATL,20250726-HighPoint-1,ea1c6fb0-6a77-11f0-b210-07976e9a8e1d,82.19128,,,7.09094,,,,,,,0a4e6f39-7943-496f-befe-e00918278d5d,2025-07-26,23:26:10.39,2025-07-26T19:26:10.3913472-04:00,2025-07-26T23:26:10.3913472Z,,v3,5431,5508,,"Conley, Jack",663660,Right,HP,a37b878b-b297-41d5-bbac-a6f97447a51f,54.92647,-122.0185,11.66651,4.75233,2.30377,-16.73701,-3.95067,10.63545,-8.26493,,,,,,,,,,,,,,,,,,,,,,,,,,,,,,,,,,,,,,,,,,,,,,,,,,,High,High,High,,,,,
82,2025-07-26,19:26:27.85,2,2,"Devine, Michael",683772,Right,HP,"Perez, Henderson",666630,Right,GAS,Undefined,3,Top,1,0,1,Slider,Changeup,InPlay,Undefined,FlyBall,Double,0,0,,83.97127,1.060439,-4.590102,2440.916914,248.297694,2:15,4.47339,4.29714,5.34224,-35.49718,4.54173,8.71335,2.51339,0.70812,77.86998,-5.40123,-3.049967,0.45542,97.82985,27.986524,-34.052416,2539.11006,87.94597,46.61911,-66.07195,314.749,174.30009,-43.653324,3.616935,-5.48181,2.32595,-3.88914,50,4.54344,9.41772,-121.74503,0.99221,-8.36267,20.22014,-28.62573,HP,GAS,HighPoint,Independent,ATL,20250726-HighPoint-1,f4851420-6a77-11f0-b210-07976e9a8e1d,82.76404,55.7055,,6.10129,,,,2.77259,2.67366,-0.71649,0a4e6f39-7943-496f-befe-e00918278d5d,2025-07-26,23:26:27.85,2025-07-26T19:26:27.8545920-04:00,2025-07-26T23:26:27.8545920Z,FlyBall,v3,5431,5508,,"Conley, Jack",663660,Right,HP,4b868e13-dc38-4f9b-ac69-bc07bd86ea2c,55.1601,-122.59906,10.11007,4.476,2.20126,-14.31286,-4.29437,9.77093,-4.18134,113.235252,2.77245,104.98016,-21.35964,5.01245,-1.13859,0.20079,-0.01952,-0.00067,0.00025,2.67367,67.33182,-25.07674,3.10432,-0.70454,0.16489,-0.03652,0.006,-0.00046,-0.71661,-70.94456,3.43591,0.10488,-0.17991,0.0677,-0.01524,0.00218,-0.00015,,,,,,,,,,,,,,,,,,,,,,,High,High,High,High,Low,,,
83,2025-07-26,19:27:20.26,3,1,"Devine, Michael",683772,Right,HP,"Scantlin, Nate",676715,Left,GAS,Undefined,3,Top,1,0,0,TwoSeamFastBall,Changeup,BallCalled,Undefined,Undefined,Undefined,0,0,,86.05146,0.491543,-7.73745,2281.514595,260.14736,2:45,4.94729,3.96181,5.52489,-34.16297,4.61666,19.3817,2.56415,-1.70104,78.51674,-5.761658,-4.330416,0.448201,,,,,,,,,,,,-12.00316,2.50902,-3.2988,50,4.96729,16.03847,-123.93578,-0.13162,-18.71531,24.19792,-28.262,HP,GAS,HighPoint,Independent,ATL,20250726-HighPoint-1,13c34730-6a78-11f0-b210-07976e9a8e1d,84.0971,,,7.53471,,,,,,,0a4e6f39-7943-496f-befe-e00918278d5d,2025-07-26,23:27:20.26,2025-07-26T19:27:20.2633216-04:00,2025-07-26T23:27:20.2633216Z,,v3,5431,5508,,"Conley, Jack",663660,Right,HP,47f973f2-9535-4d38-9437-408ee3664c2f,54.97742,-124.90382,12.09896,4.94994,0.999,-14.131,-3.95539,16.78717,-9.35765,,,,,,,,,,,,,,,,,,,,,,,,,,,,,,,,,,,,,,,,,,,,,,,,,,,High,High,High,,,,,
84,2025-07-26,19:27:39.53,3,2,"Devine, Michael",683772,Right,HP,"Scantlin, Nate",676715,Left,GAS,Undefined,3,Top,1,1,0,TwoSeamFastBall,Changeup,FoulBallNotFieldable,Undefined,Undefined,Undefined,0,0,,84.25974,0.83154,-6.691962,2160.442866,253.67148,2:30,4.59975,4.43243,5.60992,-33.11899,6.97705,19.48918,2.62138,-0.21837,76.9806,-5.262448,-3.247682,0.455745,41.84229,55.588701,-136.869086,2900.15829,,,,,13.59917,,,-11.71721,3.66236,-3.87112,50,4.64976,13.48023,-121.64012,0.65561,-17.6233,22.99983,-26.66565,HP,GAS,HighPoint,Independent,ATL,20250726-HighPoint-1,1f3d3490-6a78-11f0-b210-07976e9a8e1d,82.70506,22.51274,,7.27914,,,,2.60063,2.93359,-0.14489,0a4e6f39-7943-496f-befe-e00918278d5d,2025-07-26,23:27:39.53,2025-07-26T19:27:39.5389440-04:00,2025-07-26T23:27:39.5389440Z,,v3,5431,5508,,"Conley, Jack",663660,Right,HP,95de63bd-1f86-41c9-8e26-e18089aa1c5d,54.89165,-122.56155,11.49991,4.6021,1.7239,-13.33283,-4.42531,14.18626,-8.81165,61.936703,2.60237,-25.36159,0.57728,,,,,,,2.94257,50.37531,-19.44304,,,,,,,-0.15842,-23.32545,6.0562,,,,,,,,,,,,,,,,,,,,,,,,,,,,,High,High,High,Low,Undefined,,,
85,2025-07-26,19:28:08.40,3,3,"Devine, Michael",683772,Right,HP,"Scantlin, Nate",676715,Left,GAS,Undefined,3,Top,1,1,1,ChangeUp,Changeup,StrikeCalled,Undefined,Undefined,Undefined,0,0,,78.30831,0.833118,-4.95704,1961.128477,264.217901,2:45,4.45303,3.8127,5.85338,-42.4001,3.00862,16.81588,1.69675,0.5966,72.39097,-6.952051,-1.9547,0.484999,,,,,,,,,,,,-9.81788,1.74165,-3.41898,50,4.49598,9.2234,-113.51125,0.3285,-12.95012,18.64231,-29.87676,HP,GAS,HighPoint,Independent,ATL,20250726-HighPoint-1,307996e0-6a78-11f0-b210-07976e9a8e1d,77.71647,,,5.91734,,,,,,,0a4e6f39-7943-496f-befe-e00918278d5d,2025-07-26,23:28:08.40,2025-07-26T19:28:08.4053504-04:00,2025-07-26T23:28:08.4053504Z,,v3,5431,5508,,"Conley, Jack",663660,Right,HP,da246ef7-8e18-46f8-970c-00c2bf03a7d2,54.64845,-114.27212,9.32115,4.45769,1.54791,-14.93838,-3.80621,9.75196,-6.47506,,,,,,,,,,,,,,,,,,,,,,,,,,,,,,,,,,,,,,,,,,,,,,,,,,,High,High,High,,,,,
86,2025-07-26,19:28:53.53,3,4,"Devine, Michael",683772,Right,HP,"Scantlin, Nate",676715,Left,GAS,Undefined,3,Top,1,1,2,TwoSeamFastBall,Changeup,InPlay,Undefined,FlyBall,HomeRun,0,2,,81.50906,2.55352,-6.568635,2124.373914,275.230983,3:15,3.56893,4.4944,5.33508,-43.85746,-0.47173,20.23918,2.3273,-0.00888,74.31856,-5.42331,-3.009846,0.474073,109.96239,22.281595,28.307545,2100.43145,94.20969,38.81958,56.78436,352.48975,300.41328,36.826116,3.61192,-12.0556,-0.63106,-3.91462,50,3.76893,12.72696,-117.57081,3.73977,-16.91683,21.76504,-33.05959,HP,GAS,HighPoint,Independent,ATL,20250726-HighPoint-1,4b5b74b0-6a78-11f0-b210-07976e9a8e1d,79.50772,50.68436,,7.1905,,,,1.89453,2.35133,0.03482,0a4e6f39-7943-496f-befe-e00918278d5d,2025-07-26,23:28:53.53,2025-07-26T19:28:53.5318528-04:00,2025-07-26T23:28:53.5318528Z,FlyBall,v3,5431,5508,,"Conley, Jack",663660,Right,HP,2f1ced35-77d6-4ec8-b0d7-c1f69c5ac997,55.16804,-118.52368,10.88252,3.57353,5.1871,-16.5298,-4.48801,13.46757,-8.45842,242.49975,1.89395,131.4068,-28.97549,7.88756,-2.13378,0.54845,-0.1198,0.01645,-0.00096,2.35165,61.14042,-21.98061,1.85723,-0.08101,-0.07584,0.0292,-0.00421,0.00019,0.03433,70.78396,-1.25525,-1.94794,0.74759,-0.14369,0.00857,0.00151,-0.00022,,,,,,,,,,,,,,,,,,,,,,,High,High,High,High,Medium,,,
87,2025-07-26,19:29:41.12,4,1,"Devine, Michael",683772,Right,HP,"Reinheimer, Jack",595373,Right,GAS,Undefined,3,Top,1,0,0,TwoSeamFastBall,Changeup,InPlay,Undefined,GroundBall,Out,1,0,,84.79536,1.103051,-6.377459,2274.097831,266.63572,3:00,4.26654,4.59694,5.44278,-37.18325,2.63193,23.22084,2.20731,0.53583,77.42988,-5.695045,-2.279257,0.454146,94.00594,-9.126278,-18.668181,,,,,16.47109,15.95379,-18.397152,0.106622,-13.43304,1.38071,-4.04777,50,4.33878,12.70994,-122.46833,1.03915,-20.46753,23.45306,-30.0703,HP,GAS,HighPoint,Independent,ATL,20250726-HighPoint-1,67bb8e10-6a78-11f0-b210-07976e9a8e1d,82.99625,2.33537,,7.36548,,,,1.85662,2.33537,-0.54504,0a4e6f39-7943-496f-befe-e00918278d5d,2025-07-26,23:29:41.12,2025-07-26T19:29:41.1276800-04:00,2025-07-26T23:29:41.1276800Z,GroundBall,v3,5431,5508,,"Conley, Jack",663660,Right,HP,d90adaba-d6cf-467c-99bf-f2e36d99b973,55.05951,-123.43344,11.72653,4.27055,2.27657,-15.03515,-4.58812,13.55219,-10.23377,180,1.8531,129.17264,,,,,,,,2.33596,-21.90324,,,,,,,,-0.54386,-43.64259,,,,,,,,,,,,,,,,,,,,,,,,,,,,,,High,High,High,High,High,,,
88,2025-07-26,19:30:25.12,5,1,"Devine, Michael",683772,Right,HP,"De La Rosa, Eric",680763,Right,GAS,Undefined,3,Top,2,0,0,Fastball,Four-Seam,StrikeCalled,Undefined,Undefined,Undefined,0,0,,86.29962,-1.05216,-5.923468,2318.645171,231.953517,1:45,5.07834,3.95526,5.63553,-24.81781,13.24713,15.40028,2.02319,-0.30754,79.06142,-5.660792,-3.194248,0.444052,,,,,,,,,,,,-9.33713,7.35304,-3.45976,50,4.97259,12.28683,-124.72569,-3.11934,-14.78536,23.85646,-20.53052,HP,GAS,HighPoint,Independent,ATL,20250726-HighPoint-1,81fc49e0-6a78-11f0-b210-07976e9a8e1d,84.88292,,,7.23819,,,,,,,0a4e6f39-7943-496f-befe-e00918278d5d,2025-07-26,23:30:25.12,2025-07-26T19:30:25.1211776-04:00,2025-07-26T23:30:25.1211776Z,,v3,5431,5508,,"Conley, Jack",663660,Right,HP,71bd4abb-14c0-4b8a-8b03-bad3214db6bd,54.86368,-125.65253,11.92823,5.07828,-2.32172,-10.26526,-3.94827,12.86125,-7.39268,,,,,,,,,,,,,,,,,,,,,,,,,,,,,,,,,,,,,,,,,,,,,,,,,,,High,High,High,,,,,
89,2025-07-26,19:30:42.07,5,2,"Devine, Michael",683772,Right,HP,"De La Rosa, Eric",680763,Right,GAS,Undefined,3,Top,2,0,1,ChangeUp,Changeup,BallCalled,Undefined,Undefined,Undefined,0,0,,78.37841,0.167271,-6.862448,2072.474157,280.015711,3:15,4.30228,3.88628,5.92391,-47.10384,-1.70382,16.94615,0.5333,-1.10004,72.73393,-8.42726,-3.847344,0.484953,,,,,,,,,,,,-10.3504,-0.50941,-3.34437,50,4.28879,13.01817,-113.29639,-1.14986,-13.62804,18.18012,-32.84476,HP,GAS,HighPoint,Independent,ATL,20250726-HighPoint-1,8c148460-6a78-11f0-b210-07976e9a8e1d,77.72393,,,5.64448,,,,,,,0a4e6f39-7943-496f-befe-e00918278d5d,2025-07-26,23:30:42.07,2025-07-26T19:30:42.0777472-04:00,2025-07-26T23:30:42.0777472Z,,v3,5431,5508,,"Conley, Jack",663660,Right,HP,b38f44c2-af3c-4baf-8348-63a6fbacd773,54.57931,-114.02885,9.09006,4.30846,0.17341,-16.42238,-3.87991,13.56723,-6.81402,,,,,,,,,,,,,,,,,,,,,,,,,,,,,,,,,,,,,,,,,,,,,,,,,,,High,High,High,,,,,
90,2025-07-26,19:31:02.71,5,3,"Devine, Michael",683772,Right,HP,"De La Rosa, Eric",680763,Right,GAS,Undefined,3,Top,2,1,1,Slider,Curveball,BallCalled,Undefined,Undefined,Undefined,0,0,,76.57568,3.129305,-2.727573,2390.265526,51.230829,7:45,4.04294,4.76222,4.65303,-50.44097,-0.33433,-2.3537,2.81906,1.97262,70.01177,-5.958042,-3.139153,0.50947,,,,,,,,,,,,0.39504,-0.52043,-4.48106,50,4.31746,5.37762,-110.78555,4.21512,0.49159,19.55961,-32.82166,HP,GAS,HighPoint,Independent,ATL,20250726-HighPoint-1,986bd970-6a78-11f0-b210-07976e9a8e1d,73.98356,,,6.56391,,,,,,,0a4e6f39-7943-496f-befe-e00918278d5d,2025-07-26,23:31:02.71,2025-07-26T19:31:02.7110400-04:00,2025-07-26T23:31:02.7110400Z,,v3,5431,5508,,"Conley, Jack",663660,Right,HP,6ee3eb82-bf3c-418d-8bb6-9f2470d08be5,55.84579,-111.81289,9.77981,4.05079,5.93902,-16.41083,-4.76283,5.3518,0.24579,,,,,,,,,,,,,,,,,,,,,,,,,,,,,,,,,,,,,,,,,,,,,,,,,,,High,High,High,,,,,
91,2025-07-26,19:31:20.41,5,4,"Devine, Michael",683772,Right,HP,"De La Rosa, Eric",680763,Right,GAS,Undefined,3,Top,2,2,1,TwoSeamFastBall,Changeup,InPlay,Undefined,GroundBall,Single,0,0,,84.70978,0.616712,-5.752212,2143.823851,268.303765,3:00,4.43091,4.08779,5.58908,-37.53762,1.57394,16.80603,1.88158,0.09891,78.48943,-6.227112,-2.773279,0.450115,99.10378,8.482085,-15.317242,2199.708091,,,,124.8316,124.73201,-19.406129,0.986532,-9.92548,0.93961,-3.60396,50,4.45912,11.68094,-122.67063,0.00652,-15.36316,20.67351,-30.71968,HP,GAS,HighPoint,Independent,ATL,20250726-HighPoint-1,a2ea01b0-6a78-11f0-b210-07976e9a8e1d,83.7395,6.43417,,6.22035,,,,2.05241,1.93396,-0.12395,0a4e6f39-7943-496f-befe-e00918278d5d,2025-07-26,23:31:20.41,2025-07-26T19:31:20.4107264-04:00,2025-07-26T23:31:20.4107264Z,LineDrive,v3,5431,5508,,"Conley, Jack",663660,Right,HP,850892bc-b6f8-4acd-bb9f-591c455deb2b,54.91428,-123.49605,10.33676,4.43438,1.23304,-15.35984,-4.08259,12.29433,-7.68158,62.945111,2.05241,138.65539,-25.38465,4.49105,-0.84787,0.11253,-0.01008,-0.00048,0.00032,1.93396,21.43944,-27.22563,4.39125,-1.04806,0.24635,-0.05383,0.01059,-0.00125,-0.12395,-37.97667,-7.16753,4.3347,-1.47782,0.44151,-0.11581,0.02538,-0.00318,,,,,,,,,,,,,,,,,,,,,,,High,High,High,High,High,,,
92,2025-07-26,19:32:07.40,6,1,"Devine, Michael",683772,Right,HP,"Wylie, Justin",687045,Right,GAS,Undefined,3,Top,2,0,0,Slider,Slider,BallCalled,Undefined,Undefined,Undefined,0,0,,78.83735,0.785681,-5.482863,2488.533459,75.866139,8:30,4.39996,4.04232,4.86557,-46.62258,0.07193,-4.90402,1.26178,-1.57123,73.11997,-7.567646,-6.339072,0.491818,,,,,,,,,,,,1.04539,0.23189,-3.49643,50,4.43784,11.14412,-113.98907,-0.13074,1.38856,19.08523,-31.86604,HP,GAS,HighPoint,Independent,ATL,20250726-HighPoint-1,bef607a0-6a78-11f0-b210-07976e9a8e1d,76.639,,,5.71737,,,,,,,0a4e6f39-7943-496f-befe-e00918278d5d,2025-07-26,23:32:07.40,2025-07-26T19:32:07.4034688-04:00,2025-07-26T23:32:07.4034688Z,,v3,5431,5508,,"Conley, Jack",663660,Right,HP,c42dda2c-eed0-48c4-b0b3-aa673821b534,55.6354,-114.92873,9.54261,4.40566,1.43819,-15.93302,-4.04343,11.07575,0.69428,,,,,,,,,,,,,,,,,,,,,,,,,,,,,,,,,,,,,,,,,,,,,,,,,,,High,High,High,,,,,
93,2025-07-26,19:32:35.36,6,2,"Devine, Michael",683772,Right,HP,"Wylie, Justin",687045,Right,GAS,Undefined,3,Top,2,1,0,Slider,Slider,BallCalled,Undefined,Undefined,Undefined,0,0,,78.30395,1.352984,-6.321067,2463.852327,77.326228,8:30,4.18297,4.14768,5.05188,-46.8555,0.26319,-4.61827,1.56246,-2.2232,72.61563,-7.064634,-7.127262,0.494047,,,,,,,,,,,,0.72209,0.1861,-3.53953,50,4.27501,12.71011,-113.06606,1.03348,0.94444,18.61535,-31.93066,HP,GAS,HighPoint,Independent,ATL,20250726-HighPoint-1,cfa5ba50-6a78-11f0-b210-07976e9a8e1d,76.29328,,,5.68832,,,,,,,0a4e6f39-7943-496f-befe-e00918278d5d,2025-07-26,23:32:35.36,2025-07-26T19:32:35.3633792-04:00,2025-07-26T23:32:35.3633792Z,,v3,5431,5508,,"Conley, Jack",663660,Right,HP,c44445df-46b6-4a4c-9cbb-1e843157100d,55.4492,-113.95969,9.30767,4.18861,2.56632,-15.96533,-4.14859,12.66477,0.47222,,,,,,,,,,,,,,,,,,,,,,,,,,,,,,,,,,,,,,,,,,,,,,,,,,,High,High,High,,,,,
94,2025-07-26,19:32:59.69,6,3,"Devine, Michael",683772,Right,HP,"Wylie, Justin",687045,Right,GAS,Undefined,3,Top,2,2,0,TwoSeamFastBall,Changeup,StrikeCalled,Undefined,Undefined,Undefined,0,0,,84.86549,0.458676,-6.259074,2237.704335,273.119051,3:00,4.38873,3.94451,5.82326,-38.68396,0.06449,18.84434,1.59406,-0.32737,78.51339,-6.616731,-2.907899,0.448021,,,,,,,,,,,,-11.11564,0.26429,-3.44211,50,4.40329,12.71421,-122.80689,-0.34428,-17.21495,21.10407,-31.76472,HP,GAS,HighPoint,Independent,ATL,20250726-HighPoint-1,de191190-6a78-11f0-b210-07976e9a8e1d,84.13092,,,6.3521,,,,,,,0a4e6f39-7943-496f-befe-e00918278d5d,2025-07-26,23:32:59.69,2025-07-26T19:32:59.6980224-04:00,2025-07-26T23:32:59.6980224Z,,v3,5431,5508,,"Conley, Jack",663660,Right,HP,7b2883c9-930e-4594-a3f6-f85d9a4bef72,54.67979,-123.60848,10.55203,4.39345,0.86223,-15.88236,-3.93744,13.36808,-8.60748,,,,,,,,,,,,,,,,,,,,,,,,,,,,,,,,,,,,,,,,,,,,,,,,,,,High,High,High,,,,,
95,2025-07-26,19:33:29.08,6,4,"Devine, Michael",683772,Right,HP,"Wylie, Justin",687045,Right,GAS,Undefined,3,Top,2,2,1,Slider,Slider,BallCalled,Undefined,Undefined,Undefined,0,0,,83.58567,0.115986,-5.741889,2566.119068,219.020772,1:15,4.57998,4.03004,5.18356,-35.37053,5.16162,3.37244,1.74211,-1.10935,78.19062,-6.267195,-5.149724,0.458217,,,,,,,,,,,,-2.90327,2.86827,-3.49743,50,4.56361,12.02822,-121.02521,-1.04688,-4.40886,18.33118,-27.81835,HP,GAS,HighPoint,Independent,ATL,20250726-HighPoint-1,efa149f0-6a78-11f0-b210-07976e9a8e1d,82.25891,,,5.39506,,,,,,,0a4e6f39-7943-496f-befe-e00918278d5d,2025-07-26,23:33:29.08,2025-07-26T19:33:29.0833408-04:00,2025-07-26T23:33:29.0833408Z,,v3,5431,5508,,"Conley, Jack",663660,Right,HP,de0bfe59-6bdd-4f2c-a690-e142293f5de9,55.31815,-121.82806,9.16559,4.58278,0.17149,-13.90917,-4.02846,12.22131,-2.20443,,,,,,,,,,,,,,,,,,,,,,,,,,,,,,,,,,,,,,,,,,,,,,,,,,,High,High,High,,,,,
96,2025-07-26,19:33:56.32,6,5,"Devine, Michael",683772,Right,HP,"Wylie, Justin",687045,Right,GAS,Undefined,3,Top,2,3,1,Fastball,Changeup,StrikeSwinging,Undefined,Undefined,Undefined,0,0,,87.35947,0.455825,-5.506686,2375.298737,240.794373,2:00,4.60784,3.93687,5.68412,-26.30131,10.62225,17.00296,2.84293,0.20505,80.08426,-4.419693,-2.487402,0.437344,,,,,,,,,,,,-10.01741,5.61819,-3.48265,50,4.62989,11.46193,-126.42014,0.12039,-16.33454,23.94362,-23.01294,HP,GAS,HighPoint,Independent,ATL,20250726-HighPoint-1,ffdc41d0-6a78-11f0-b210-07976e9a8e1d,86.18489,,,7.27521,,,,,,,0a4e6f39-7943-496f-befe-e00918278d5d,2025-07-26,23:33:56.32,2025-07-26T19:33:56.3291136-04:00,2025-07-26T23:33:56.3291136Z,,v3,5431,5508,,"Conley, Jack",663660,Right,HP,195c50ad-681f-412b-82fa-a595c0e478a3,54.81591,-127.32899,11.97181,4.60874,0.99392,-11.50647,-3.92949,12.08196,-8.16727,,,,,,,,,,,,,,,,,,,,,,,,,,,,,,,,,,,,,,,,,,,,,,,,,,,High,High,High,,,,,
97,2025-07-26,19:34:32.62,6,6,"Devine, Michael",683772,Right,HP,"Wylie, Justin",687045,Right,GAS,Undefined,3,Top,2,3,2,Slider,Curveball,InPlay,Undefined,GroundBall,Out,1,0,,78.35681,1.134701,-5.045244,2287.067541,61.620516,8:00,4.24312,4.68939,4.88017,-48.73869,-1.57563,-5.34142,1.25948,-0.54164,72.70014,-7.60012,-5.97925,0.494279,63.76551,-35.215724,-27.045851,,,,,3.43706,3.43706,-5.633304,0.024177,1.38819,-0.71559,-4.18782,50,4.3133,10.22696,-113.38757,0.49053,1.82459,18.87037,-33.11458,HP,GAS,HighPoint,Independent,ATL,20250726-HighPoint-1,15832a30-6a79-11f0-b210-07976e9a8e1d,76.25737,1.30687,,5.65668,,,,1.77141,1.30687,0.50451,0a4e6f39-7943-496f-befe-e00918278d5d,2025-07-26,23:34:32.62,2025-07-26T19:34:32.6234624-04:00,2025-07-26T23:34:32.6234624Z,GroundBall,v3,5431,5508,,"Conley, Jack",663660,Right,HP,66f45a08-251c-41f2-b725-1ccc7d40aa29,55.62188,-114.31936,9.43519,4.24871,2.12567,-16.55729,-4.69059,10.13687,0.9123,,1.7708,68.20836,,,,,,,,1.30736,-54.05505,,,,,,,,0.50482,-34.82268,,,,,,,,,,,,,,,,,,,,,,,,,,,,,,High,High,High,Estimated,Estimated,,,
98,2025-07-26,19:37:07.47,1,1,"Grey, Connor",670119,Right,GAS,"Dickerson, Alex",543105,Left,HP,Undefined,3,Bottom,0,0,0,Curveball,,BallCalled,Undefined,Undefined,Undefined,0,0,,,,,,,,,,,,,,,,,,,,,,,,,,,,,,,,,,,,,,,,,,HP,GAS,HighPoint,Independent,ATL,20250726-HighPoint-1,6bb8ddf0-6a79-11f0-b210-07976e9a8e1d,,,,,,,,,,,0a4e6f39-7943-496f-befe-e00918278d5d,2025-07-26,23:37:07.47,2025-07-26T19:37:07.4753920-04:00,2025-07-26T23:37:07.4753920Z,,v3,5431,5508,,"Perez, Henderson",666630,Right,GAS,,,,,,,,,,,,,,,,,,,,,,,,,,,,,,,,,,,,,,,,,,,,,,,,,,,,,,,,,,,,,,,,,,,,
99,2025-07-26,19:37:08.47,1,2,"Grey, Connor",670119,Right,GAS,"Dickerson, Alex",543105,Left,HP,Undefined,3,Bottom,0,1,0,Fastball,Sinker,BallCalled,Undefined,Undefined,Undefined,0,0,,91.26732,-1.794841,-3.555908,2412.395236,225.427803,1:30,5.61535,0.86001,6.04192,-20.59411,12.46595,11.70162,2.23364,-1.4614,84.39638,-5.642867,-1.454374,0.413831,,,,,,,,,,,,-6.98134,7.16658,-0.58917,50,5.4639,7.76462,-132.52741,-4.82717,-12.56161,25.21674,-19.27919,HP,GAS,HighPoint,Independent,ATL,20250726-HighPoint-1,725c3d00-6a79-11f0-b210-07976e9a8e1d,91.08172,,,6.87094,,,,,,,0a4e6f39-7943-496f-befe-e00918278d5d,2025-07-26,23:37:08.47,2025-07-26T19:37:08.4753920-04:00,2025-07-26T23:37:08.4753920Z,,v3,5431,5508,,"Perez, Henderson",666630,Right,GAS,1beede2e-3faa-4fe1-ba29-d9759c32142f,54.46042,-133.37341,12.60837,5.615,-4.18036,-9.63959,-0.85674,8.18605,-6.28081,,,,,,,,,,,,,,,,,,,,,,,,,,,,,,,,,,,,,,,,,,,,,,,,,,,High,High,High,,,,,
100,2025-07-26,19:37:26.36,1,3,"Grey, Connor",670119,Right,GAS,"Dickerson, Alex",543105,Left,HP,Undefined,3,Bottom,0,2,0,Curveball,Curveball,InPlay,Undefined,GroundBall,Out,1,0,,78.24877,1.909536,0.158691,2833.489279,45.402767,7:30,5.5436,1.12419,5.32002,-54.22928,-7.88008,-9.3606,2.81721,0.49307,72.26473,-7.919484,-1.505807,0.489996,78.68861,-41.103401,61.080466,,,,,5.10838,2.97922,27.833176,0.039564,4.77882,-4.15114,-1.13136,50,5.67651,0.0469,-113.69649,1.91273,6.28494,19.92445,-37.63349,HP,GAS,HighPoint,Independent,ATL,20250726-HighPoint-1,7d106960-6a79-11f0-b210-07976e9a8e1d,76.92398,3.01225,,5.98404,,,,2.84779,3.01225,-0.63696,0a4e6f39-7943-496f-befe-e00918278d5d,2025-07-26,23:37:26.36,2025-07-26T19:37:26.3611904-04:00,2025-07-26T23:37:26.3611904Z,GroundBall,v3,5431,5508,,"Perez, Henderson",666630,Right,GAS,aa836389-e5c3-47b9-9f04-a1143d01b237,55.18353,-114.60126,9.96222,5.55085,3.62167,-18.81674,-1.12701,-0.2385,3.14247,,2.84686,42.20062,,,,,,,,3.01393,-76.13693,,,,,,,,-0.63865,76.38473,,,,,,,,,,,,,,,,,,,,,,,,,,,,,,High,High,High,Low,Low,,,
101,2025-07-26,19:38:05.05,2,1,"Grey, Connor",670119,Right,GAS,"Viera, Max",1000098712,Left,HP,Undefined,3,Bottom,1,0,0,Slider,Slider,FoulBallNotFieldable,Undefined,Undefined,Undefined,0,0,,84.37211,-0.255947,-1.195719,2508.676712,191.939886,12:30,5.4726,1.34281,5.86698,-31.35136,7.70245,1.38311,2.62218,0.34717,77.68327,-6.059991,-0.947499,0.449783,,,,,,,,,,,,-1.03102,4.34441,-1.24679,50,5.43346,2.50616,-122.6466,-1.56684,-1.5776,23.2242,-25.52668,HP,GAS,HighPoint,Independent,ATL,20250726-HighPoint-1,941b9cb0-6a79-11f0-b210-07976e9a8e1d,83.80135,,,6.68884,,,,,,,0a4e6f39-7943-496f-befe-e00918278d5d,2025-07-26,23:38:05.05,2025-07-26T19:38:05.0574848-04:00,2025-07-26T23:38:05.0574848Z,,v3,5431,5508,,"Perez, Henderson",666630,Right,GAS,4bda086e-071d-4bf8-a604-da9338ff9240,54.63366,-123.52091,11.6121,5.47436,-0.60585,-12.76334,-1.34226,2.56555,-0.7888,,,,,,,,,,,,,,,,,,,,,,,,,,,,,,,,,,,,,,,,,,,,,,,,,,,High,High,High,,,,,
102,2025-07-26,19:38:32.37,2,2,"Grey, Connor",670119,Right,GAS,"Viera, Max",1000098712,Left,HP,Undefined,3,Bottom,1,0,1,Curveball,Curveball,StrikeCalled,Undefined,Undefined,Undefined,0,0,,77.71561,2.020613,0.520515,2955.667051,36.114009,7:15,5.59019,1.1231,5.52746,-61.54614,-14.69296,-11.75961,2.35117,0.62974,71.60152,-9.151074,-1.580805,0.492653,,,,,,,,,,,,6.06229,-7.49197,-1.1604,50,5.72481,-0.5686,-112.92515,1.86093,7.81885,20.79102,-41.83684,HP,GAS,HighPoint,Independent,ATL,20250726-HighPoint-1,a4703710-6a79-11f0-b210-07976e9a8e1d,76.50916,,,6.11408,,,,,,,0a4e6f39-7943-496f-befe-e00918278d5d,2025-07-26,23:38:32.37,2025-07-26T19:38:32.3707904-04:00,2025-07-26T23:38:32.3707904Z,,v3,5431,5508,,"Perez, Henderson",666630,Right,GAS,d65766e1-e195-46c1-8927-f9ee757054fd,54.97691,-113.83778,10.39551,5.60282,3.69737,-20.91842,-1.12791,-0.9118,3.90943,,,,,,,,,,,,,,,,,,,,,,,,,,,,,,,,,,,,,,,,,,,,,,,,,,,High,High,High,,,,,
103,2025-07-26,19:38:49.69,2,3,"Grey, Connor",670119,Right,GAS,"Viera, Max",1000098712,Left,HP,Undefined,3,Bottom,1,0,2,Fastball,Four-Seam,BallCalled,Undefined,Undefined,Undefined,0,0,,93.25876,-2.509235,-3.003456,2562.830378,214.161635,1:15,5.64542,0.77563,5.9116,-17.35619,14.72461,9.31682,1.86544,-1.23817,85.559,-5.776639,-1.333188,0.407656,,,,,,,,,,,,-5.55004,8.51134,-0.53969,50,5.43379,6.68202,-135.2422,-6.48823,-10.32225,28.33884,-16.34418,HP,GAS,HighPoint,Independent,ATL,20250726-HighPoint-1,aeb4ffd0-6a79-11f0-b210-07976e9a8e1d,92.46135,,,7.69976,,,,,,,0a4e6f39-7943-496f-befe-e00918278d5d,2025-07-26,23:38:49.69,2025-07-26T19:38:49.6977920-04:00,2025-07-26T23:38:49.6977920Z,,v3,5431,5508,,"Perez, Henderson",666630,Right,GAS,2b81032f-effc-4b1e-93ef-e96c9c522c2c,54.58694,-136.19996,14.16942,5.64373,-5.93585,-8.17209,-0.77142,7.03088,-5.16113,,,,,,,,,,,,,,,,,,,,,,,,,,,,,,,,,,,,,,,,,,,,,,,,,,,High,High,High,,,,,
104,2025-07-26,19:39:08.92,2,4,"Grey, Connor",670119,Right,GAS,"Viera, Max",1000098712,Left,HP,Undefined,3,Bottom,1,1,2,Slider,Slider,BallCalled,Undefined,Undefined,Undefined,0,0,,84.78357,-1.154907,-1.943938,2663.636379,70.266839,8:15,5.43517,1.17523,5.58253,-39.47215,-0.53043,-4.48709,1.06651,-1.01481,78.82683,-8.327826,-2.745485,0.449137,,,,,,,,,,,,1.79303,0.36008,-1.0051,50,5.3099,4.36573,-123.20612,-3.89975,2.78433,22.13066,-31.6149,HP,GAS,HighPoint,Independent,ATL,20250726-HighPoint-1,ba346b70-6a79-11f0-b210-07976e9a8e1d,83.92188,,,5.95674,,,,,,,0a4e6f39-7943-496f-befe-e00918278d5d,2025-07-26,23:39:08.92,2025-07-26T19:39:08.9208320-04:00,2025-07-26T23:39:08.9208320Z,,v3,5431,5508,,"Perez, Henderson",666630,Right,GAS,979873bc-1834-45d6-b5c7-f198c6bf8e0e,54.91868,-124.08648,11.06533,5.44002,-2.64211,-15.80745,-1.17656,4.25497,1.39217,,,,,,,,,,,,,,,,,,,,,,,,,,,,,,,,,,,,,,,,,,,,,,,,,,,High,High,High,,,,,
105,2025-07-26,19:39:27.84,2,5,"Grey, Connor",670119,Right,GAS,"Viera, Max",1000098712,Left,HP,Undefined,3,Bottom,1,2,2,Curveball,Curveball,StrikeSwinging,Strikeout,Undefined,Undefined,0,0,,77.53654,1.364571,0.428993,3032.268133,36.08493,7:15,5.50018,1.03801,5.67773,-63.45003,-16.3395,-13.01631,1.48505,0.35324,71.16103,-10.178417,-1.906008,0.494004,,,,,,,,,,,,6.7241,-8.21134,-1.06595,50,5.57553,-0.34739,-112.66075,0.5432,8.56131,22.25347,-42.62901,HP,GAS,HighPoint,Independent,ATL,20250726-HighPoint-1,c57d84d0-6a79-11f0-b210-07976e9a8e1d,76.29986,,,6.37551,,,,,,,0a4e6f39-7943-496f-befe-e00918278d5d,2025-07-26,23:39:27.84,2025-07-26T19:39:27.8440000-04:00,2025-07-26T23:39:27.8440000Z,,v3,5431,5508,,"Perez, Henderson",666630,Right,GAS,d7d426ef-a829-459f-97a1-9ebb212a269d,54.82649,-113.61011,11.12674,5.51356,2.36181,-21.3145,-1.04334,-0.71262,4.28065,,,,,,,,,,,,,,,,,,,,,,,,,,,,,53.95219,,,1.332129,,,,-1.49782,6.03401,-0.46858,71.06849,8.27624,-53.88172,-1.41954,58.99115,-3.42657,6.14624,21.00493,-14.55166,-0.59947,-45.86543,4.39024,High,High,High,,,High,High,High
106,2025-07-26,19:40:05.59,3,1,"Grey, Connor",670119,Right,GAS,"Davidson, Braxton",656352,Left,HP,Undefined,3,Bottom,2,0,0,Fastball,Four-Seam,StrikeCalled,Undefined,Undefined,Undefined,0,0,,92.76001,-2.494113,-1.303338,2438.732151,224.261345,1:30,5.57546,0.79188,6.23532,-18.76099,13.23654,11.93107,1.70919,0.58361,85.11675,-6.032685,0.853038,0.407127,,,,,,,,,,,,-6.51555,7.84796,-0.70021,50,5.37991,2.56055,-134.72767,-6.44537,-12.00275,28.65416,-17.71677,HP,GAS,HighPoint,Independent,ATL,20250726-HighPoint-1,dbf551c0-6a79-11f0-b210-07976e9a8e1d,92.58162,,,7.64326,,,,,,,0a4e6f39-7943-496f-befe-e00918278d5d,2025-07-26,23:40:05.59,2025-07-26T19:40:05.5969280-04:00,2025-07-26T23:40:05.5969280Z,,v3,5431,5508,,"Perez, Henderson",666630,Right,GAS,6d8e7ce0-c2db-44ad-a65c-7b367fa7d38c,54.26355,-135.63142,14.32708,5.57439,-5.88659,-8.85839,-0.78694,2.93912,-6.00138,,,,,,,,,,,,,,,,,,,,,,,,,,,,,,,,,,,,,,,,,,,,,,,,,,,High,High,High,,,,,
107,2025-07-26,19:40:24.30,3,2,"Grey, Connor",670119,Right,GAS,"Davidson, Braxton",656352,Left,HP,Undefined,3,Bottom,2,0,1,Fastball,Four-Seam,StrikeCalled,Undefined,Undefined,Undefined,0,0,,92.9366,-1.470986,-2.482597,2500.945754,219.347444,1:15,5.56264,0.92326,5.99835,-16.25044,15.82438,12.17804,2.8438,-0.3638,85.30504,-4.551642,-0.294596,0.407618,,,,,,,,,,,,-6.87331,8.80571,-0.73421,50,5.43766,5.31686,-134.9632,-3.96246,-12.75125,27.7757,-15.83787,HP,GAS,HighPoint,Independent,ATL,20250726-HighPoint-1,e71c1610-6a79-11f0-b210-07976e9a8e1d,92.46997,,,7.63155,,,,,,,0a4e6f39-7943-496f-befe-e00918278d5d,2025-07-26,23:40:24.30,2025-07-26T19:40:24.3055104-04:00,2025-07-26T23:40:24.3055104Z,,v3,5431,5508,,"Perez, Henderson",666630,Right,GAS,d7afd78a-20f2-4448-a4c6-4e343cec78a3,54.50055,-135.88626,13.88785,5.56059,-3.43612,-7.91894,-0.91794,5.74062,-6.37563,,,,,,,,,,,,,,,,,,,,,,,,,,,,,,,,,,,,,,,,,,,,,,,,,,,High,High,High,,,,,
108,2025-07-26,19:40:44.83,3,3,"Grey, Connor",670119,Right,GAS,"Davidson, Braxton",656352,Left,HP,Undefined,3,Bottom,2,0,2,Fastball,Four-Seam,BallCalled,Undefined,Undefined,Undefined,0,0,,93.887,-2.628025,-4.270574,2492.894976,220.303673,1:15,5.54382,0.87467,5.97775,-17.53654,13.97961,11.0604,1.63779,-2.16976,86.47979,-5.919831,-2.28971,0.404053,,,,,,,,,,,,-6.74685,8.13666,-0.54247,50,5.3255,9.67387,-136.04116,-6.82717,-12.75777,27.32843,-16.7883,HP,GAS,HighPoint,Independent,ATL,20250726-HighPoint-1,f35c39a0-6a79-11f0-b210-07976e9a8e1d,93.28591,,,7.40721,,,,,,,0a4e6f39-7943-496f-befe-e00918278d5d,2025-07-26,23:40:44.83,2025-07-26T19:40:44.8363008-04:00,2025-07-26T23:40:44.8363008Z,,v3,5431,5508,,"Perez, Henderson",666630,Right,GAS,82809a0e-d32f-48bc-99d9-62124366fd97,54.52201,-136.94655,13.66422,5.54246,-6.27098,-8.39415,-0.86996,10.09654,-6.37888,,,,,,,,,,,,,,,,,,,,,,,,,,,,,,,,,,,,,,,,,,,,,,,,,,,High,High,High,,,,,
109,2025-07-26,19:41:08.67,3,4,"Grey, Connor",670119,Right,GAS,"Davidson, Braxton",656352,Left,HP,Undefined,3,Bottom,2,1,2,Curveball,Curveball,StrikeSwinging,Strikeout,Undefined,Undefined,0,0,,79.52196,1.682581,0.562492,2994.579393,43.731098,7:30,5.46675,1.27746,5.53092,-57.1059,-12.70016,-13.3465,2.28131,0.69108,73.73457,-8.672876,-1.822124,0.479613,,,,,,,,,,,,6.88055,-6.43831,-1.31727,50,5.57463,-0.61122,-115.65057,1.39522,9.38056,20.22925,-40.95166,HP,GAS,HighPoint,Independent,ATL,20250726-HighPoint-1,0192fd10-6a7a-11f0-b210-07976e9a8e1d,78.5893,,,5.78738,,,,,,,0a4e6f39-7943-496f-befe-e00918278d5d,2025-07-26,23:41:08.67,2025-07-26T19:41:08.6750000-04:00,2025-07-26T23:41:08.6750000Z,,v3,5431,5508,,"Perez, Henderson",666630,Right,GAS,2b5e1293-8f27-4d3e-a2e5-0df4fef69cf9,54.97394,-116.51734,10.11463,5.47726,3.1499,-20.47583,-1.28246,-1.01316,4.69028,,,,,,,,,,,,,,,,,,,,,,,,,,,,,61.92472,,,1.129468,,,,-2.09092,4.82729,-1.89357,67.91495,5.8768,-57.03427,-2.07028,66.39902,-3.93376,4.90512,18.62559,-15.75312,-1.99558,-57.34482,7.65818,High,High,High,,,High,Medium,Medium
110,2025-07-26,19:43:13.91,1,1,"Devine, Michael",683772,Right,HP,"Guthrie, Dalton",656495,Right,GAS,Undefined,4,Top,0,0,0,Fastball,Slider,BallCalled,Undefined,Undefined,Undefined,0,0,,82.23092,1.158699,-5.765802,2490.957113,203.215267,12:45,4.75268,3.9274,5.33809,-36.04242,5.83851,2.03433,2.84187,-1.33062,76.41943,-5.386704,-5.407897,0.465779,,,,,,,,,,,,-2.33697,3.00504,-3.40699,50,4.83164,11.93131,-118.98219,1.15814,-3.41037,18.97643,-27.78873,HP,GAS,HighPoint,Independent,ATL,20250726-HighPoint-1,4c3d5e50-6a7a-11f0-b210-07976e9a8e1d,80.92352,,,5.81149,,,,,,,0a4e6f39-7943-496f-befe-e00918278d5d,2025-07-26,23:43:13.91,2025-07-26T19:43:13.9179008-04:00,2025-07-26T23:43:13.9179008Z,,v3,5431,5508,,"Conley, Jack",663660,Right,HP,e4b268ac-687b-4b35-8bd4-d862d530db64,55.1629,-119.80279,9.48822,4.75558,2.35981,-13.89437,-3.92613,12.07878,-1.70519,,,,,,,,,,,,,,,,,,,,,,,,,,,,,,,,,,,,,,,,,,,,,,,,,,,High,High,High,,,,,
111,2025-07-26,19:43:29.07,1,2,"Devine, Michael",683772,Right,HP,"Guthrie, Dalton",656495,Right,GAS,Undefined,4,Top,0,1,0,TwoSeamFastBall,Changeup,FoulBallNotFieldable,Undefined,Undefined,Undefined,0,0,,82.58948,2.205162,-6.669302,2114.95518,270.843891,3:00,3.79109,4.5932,5.50625,-40.71931,0.88047,22.44694,2.4752,0.19819,75.94627,-5.212509,-2.709581,0.464213,91.55534,39.253328,38.081075,5377.952138,79.55346,81.95669,75.96866,308.7093,134.62662,53.023781,5.369203,-13.00887,0.23008,-4.02447,50,3.95703,13.04507,-119.27696,3.20639,-18.97232,20.28899,-31.83851,HP,GAS,HighPoint,Independent,ATL,20250726-HighPoint-1,553de740-6a7a-11f0-b210-07976e9a8e1d,81.19647,102.38852,,6.64321,,,,1.62668,2.5625,-0.39056,0a4e6f39-7943-496f-befe-e00918278d5d,2025-07-26,23:43:29.07,2025-07-26T19:43:29.0788352-04:00,2025-07-26T23:43:29.0788352Z,FlyBall,v3,5431,5508,,"Conley, Jack",663660,Right,HP,b312e66e-4341-4455-af34-108e595a3f17,54.99744,-120.12401,10.1445,3.79542,4.53563,-15.91926,-4.58563,13.83716,-9.48616,212.210017,1.6368,81.65702,-23.77261,5.60544,-0.5411,-0.14585,0.05664,-0.00706,0.00031,2.56036,84.98508,-20.57522,1.09072,0.12329,-0.13675,0.04476,-0.00657,0.00036,-0.38802,64.07862,-5.77622,0.23592,0.32204,-0.1516,0.0344,-0.00394,0.00018,,,,,,,,,,,,,,,,,,,,,,,High,High,High,High,Low,,,
112,2025-07-26,19:43:53.57,1,3,"Devine, Michael",683772,Right,HP,"Guthrie, Dalton",656495,Right,GAS,Undefined,4,Top,0,1,1,Slider,Changeup,BallCalled,Undefined,Undefined,Undefined,0,0,,76.88244,0.531098,-4.708946,1940.148035,286.482566,3:30,4.3399,3.98492,5.77621,-50.14452,-2.62508,13.76127,0.65707,0.74008,70.9098,-8.630842,-2.251726,0.496143,,,,,,,,,,,,-8.2776,-1.03461,-3.60364,50,4.3535,8.6725,-111.42286,-0.55475,-10.44364,19.34613,-33.47939,HP,GAS,HighPoint,Independent,ATL,20250726-HighPoint-1,63dbd0f0-6a7a-11f0-b210-07976e9a8e1d,75.97088,,,5.97264,,,,,,,0a4e6f39-7943-496f-befe-e00918278d5d,2025-07-26,23:43:53.57,2025-07-26T19:43:53.5734784-04:00,2025-07-26T23:43:53.5734784Z,,v3,5431,5508,,"Conley, Jack",663660,Right,HP,a1e01798-8bfd-4d6f-94b0-4d3f89efe0d4,54.72569,-112.24037,9.67306,4.34706,0.85999,-16.7397,-3.97944,9.11382,-5.22182,,,,,,,,,,,,,,,,,,,,,,,,,,,,,,,,,,,,,,,,,,,,,,,,,,,High,High,High,,,,,
113,2025-07-26,19:44:10.42,1,4,"Devine, Michael",683772,Right,HP,"Guthrie, Dalton",656495,Right,GAS,Undefined,4,Top,0,2,1,Fastball,Slider,StrikeSwinging,Undefined,Undefined,Undefined,0,0,,83.34194,1.379516,-5.489041,2372.808587,225.158436,1:30,4.37042,4.3437,5.53366,-34.37037,6.24024,5.14441,2.80191,-0.37419,77.01252,-4.907381,-4.579556,0.45866,,,,,,,,,,,,-3.92012,3.1726,-3.8693,50,4.46771,11.38036,-120.60842,1.73763,-5.85164,20.51002,-27.43822,HP,GAS,HighPoint,Independent,ATL,20250726-HighPoint-1,6deb7ff0-6a7a-11f0-b210-07976e9a8e1d,82.1794,,,6.32943,,,,,,,0a4e6f39-7943-496f-befe-e00918278d5d,2025-07-26,23:44:10.42,2025-07-26T19:44:10.4211456-04:00,2025-07-26T23:44:10.4211456Z,,v3,5431,5508,,"Conley, Jack",663660,Right,HP,04be6a9f-f660-409e-b48c-d962461d8746,54.96662,-121.45008,10.25501,4.3733,2.8636,-13.71911,-4.34124,11.62049,-2.92582,,,,,,,,,,,,,,,,,,,,,,,,,,,,,,,,,,,,,,,,,,,,,,,,,,,High,High,High,,,,,
114,2025-07-26,19:44:34.12,1,5,"Devine, Michael",683772,Right,HP,"Guthrie, Dalton",656495,Right,GAS,Undefined,4,Top,0,2,2,Slider,Slider,InPlay,Undefined,GroundBall,Single,0,0,,77.69645,1.766815,-4.793119,2348.786808,86.904561,9:00,4.13693,4.82585,4.80552,-47.51711,1.41874,-4.01807,1.85755,-0.06086,70.70295,-6.815814,-5.494911,0.503483,97.64027,1.544503,-6.809095,2056.794564,,,,56.41614,54.11249,-7.128498,0.401368,0.53717,0.59161,-4.34403,50,4.27223,9.57246,-112.18456,1.77208,0.6789,21.86357,-31.42634,HP,GAS,HighPoint,Independent,ATL,20250726-HighPoint-1,7c134f40-6a7a-11f0-b210-07976e9a8e1d,74.86334,2.09641,,6.9935,,,,1.78622,1.93095,-0.01396,0a4e6f39-7943-496f-befe-e00918278d5d,2025-07-26,23:44:34.12,2025-07-26T19:44:34.1286912-04:00,2025-07-26T23:44:34.1286912Z,GroundBall,v3,5431,5508,,"Conley, Jack",663660,Right,HP,7384f5f0-d005-4b47-8268-d7134dd7c317,55.69368,-113.28876,10.93179,4.14266,3.35924,-15.71317,-4.82662,9.53817,0.33945,29.9308,1.79279,141.92529,-17.27684,,,,,,,1.93865,3.60347,-21.05795,,,,,,,-0.01246,-17.0228,-0.97788,,,,,,,,,,,,,,,,,,,,,,,,,,,,,High,High,High,High,High,,,
115,2025-07-26,19:45:13.96,2,1,"Devine, Michael",683772,Right,HP,"Aldrete, Carter",666177,Right,GAS,Undefined,4,Top,0,0,0,TwoSeamFastBall,Changeup,BallCalled,Undefined,Undefined,Undefined,0,0,,84.40373,1.89455,-5.037221,2156.209268,266.159782,2:45,4.053,4.46833,5.21226,-37.80632,2.63744,20.1867,2.69158,1.40156,76.98238,-5.001051,-1.478975,0.457717,,,,,,,,,,,,-11.37536,1.20787,-4.01733,50,4.20045,9.86804,-122.0513,2.64718,-17.2005,23.47655,-30.34763,HP,GAS,HighPoint,Independent,ATL,20250726-HighPoint-1,93cbb280-6a7a-11f0-b210-07976e9a8e1d,82.34877,,,7.42136,,,,,,,0a4e6f39-7943-496f-befe-e00918278d5d,2025-07-26,23:45:13.96,2025-07-26T19:45:13.9688960-04:00,2025-07-26T23:45:13.9688960Z,,v3,5431,5508,,"Conley, Jack",663660,Right,HP,8f4938a3-0abb-4579-ae6a-6c75a2cc3cff,55.28817,-123.06428,11.73827,4.05798,3.95663,-15.17382,-4.45913,10.61021,-8.60025,,,,,,,,,,,,,,,,,,,,,,,,,,,,,,,,,,,,,,,,,,,,,,,,,,,High,High,High,,,,,
116,2025-07-26,19:45:35.33,2,2,"Devine, Michael",683772,Right,HP,"Aldrete, Carter",666177,Right,GAS,Undefined,4,Top,0,1,0,Slider,Curveball,FoulBallNotFieldable,Undefined,Undefined,Undefined,0,0,,74.62844,2.398785,-3.264538,2241.878358,60.302939,8:00,4.5926,4.08211,4.65133,-52.47873,-0.31709,-3.06973,2.5036,0.72117,69.18259,-7.005673,-3.801131,0.519813,108.53239,34.071459,-41.235373,3314.922733,,,,,102.17696,,,0.72185,-0.39457,-3.74509,50,4.78982,6.29012,-108.15518,2.68336,0.86534,16.73613,-32.64704,HP,GAS,HighPoint,Independent,ATL,20250726-HighPoint-1,a082b3c0-6a7a-11f0-b210-07976e9a8e1d,72.51157,64.98168,,5.44585,,,,2.5468,2.62825,-0.54222,0a4e6f39-7943-496f-befe-e00918278d5d,2025-07-26,23:45:35.33,2025-07-26T19:45:35.3322496-04:00,2025-07-26T23:45:35.3322496Z,,v3,5431,5508,,"Conley, Jack",663660,Right,HP,fa181903-cc59-474c-9ce8-7feb043067c7,55.85106,-109.05682,8.36806,4.59787,4.4422,-16.32352,-4.08271,6.2435,0.43267,,2.5468,99.15645,-30.06802,8.66585,-2.4423,0.70675,-0.20042,0.04731,-0.00639,2.62825,89.17717,-25.88677,3.22839,-0.66746,0.13925,-0.02977,0.00557,-0.00061,-0.54222,-86.9131,14.45699,-3.4918,0.85638,-0.22493,0.05943,-0.01324,0.00171,,,,,,,,,,,,,,,,,,,,,,,High,High,High,High,Undefined,,,
117,2025-07-26,19:45:59.70,2,3,"Devine, Michael",683772,Right,HP,"Aldrete, Carter",666177,Right,GAS,Undefined,4,Top,0,1,1,TwoSeamFastBall,Changeup,StrikeSwinging,Undefined,Undefined,Undefined,0,0,,84.0603,2.649559,-5.346446,2159.260344,270.756477,3:00,3.82138,4.3096,5.35866,-39.37845,0.89626,20.64875,3.03723,1.00185,77.21417,-4.519836,-1.70126,0.45676,,,,,,,,,,,,-11.64308,0.16378,-3.84303,50,4.0324,10.49915,-121.59252,4.21345,-17.62797,21.31721,-31.92609,HP,GAS,HighPoint,Independent,ATL,20250726-HighPoint-1,af0acb80-6a7a-11f0-b210-07976e9a8e1d,82.52141,,,6.84613,,,,,,,0a4e6f39-7943-496f-befe-e00918278d5d,2025-07-26,23:45:59.70,2025-07-26T19:45:59.7050880-04:00,2025-07-26T23:45:59.7050880Z,,v3,5431,5508,,"Conley, Jack",663660,Right,HP,35b74ea2-6dfc-4c7a-8a29-5a17a45034e6,55.14373,-122.49098,10.65861,3.82646,5.55904,-15.96305,-4.3012,11.24212,-8.81399,,,,,,,,,,,,,,,,,,,,,,,,,,,,,,,,,,,,,,,,,,,,,,,,,,,High,High,High,,,,,
118,2025-07-26,19:46:21.58,2,4,"Devine, Michael",683772,Right,HP,"Aldrete, Carter",666177,Right,GAS,Undefined,4,Top,0,1,2,Fastball,Slider,BallCalled,Undefined,Undefined,Undefined,0,0,,84.30903,-0.807166,-7.724966,2464.233029,231.397929,1:45,4.40043,4.16289,5.45647,-36.33652,3.39414,3.03555,0.60984,-2.85954,79.08516,-7.349237,-7.193132,0.453664,,,,,,,,,,,,-3.15929,2.19882,-3.47993,50,4.30333,16.37384,-121.61759,-3.02313,-4.84759,18.37519,-28.80019,HP,GAS,HighPoint,Independent,ATL,20250726-HighPoint-1,bc1bfab0-6a7a-11f0-b210-07976e9a8e1d,83.08449,,,5.22387,,,,,,,0a4e6f39-7943-496f-befe-e00918278d5d,2025-07-26,23:46:21.58,2025-07-26T19:46:21.5864320-04:00,2025-07-26T23:46:21.5864320Z,,v3,5431,5508,,"Conley, Jack",663660,Right,HP,7ffb31e1-3b83-44ff-adc1-fa3fdc25421e,55.04548,-122.37753,9.1876,4.40373,-1.83204,-14.4001,-4.16125,16.57432,-2.4238,,,,,,,,,,,,,,,,,,,,,,,,,,,,,,,,,,,,,,,,,,,,,,,,,,,High,High,High,,,,,
119,2025-07-26,19:47:11.54,2,5,"Devine, Michael",683772,Right,HP,"Aldrete, Carter",666177,Right,GAS,Undefined,4,Top,0,2,2,Fastball,Slider,BallCalled,Undefined,Undefined,Undefined,0,0,,84.34698,-0.117869,-7.543608,2531.956411,214.677876,1:15,4.47289,4.07454,5.40831,-34.36608,5.77268,3.22315,1.49765,-2.76582,78.16536,-6.347783,-6.979297,0.455988,,,,,,,,,,,,-3.43614,3.28744,-3.40165,50,4.43817,15.96614,-121.57949,-1.46976,-5.21326,20.79248,-27.18639,HP,GAS,HighPoint,Independent,ATL,20250726-HighPoint-1,d9df9bb0-6a7a-11f0-b210-07976e9a8e1d,82.66102,,,6.18162,,,,,,,0a4e6f39-7943-496f-befe-e00918278d5d,2025-07-26,23:47:11.54,2025-07-26T19:47:11.5486720-04:00,2025-07-26T23:47:11.5486720Z,,v3,5431,5508,,"Conley, Jack",663660,Right,HP,44adb90d-0d0e-4854-aab8-d06b78465572,55.09188,-122.4472,10.39624,4.47584,-0.33521,-13.5932,-4.07249,16.1837,-2.60663,,,,,,,,,,,,,,,,,,,,,,,,,,,,,,,,,,,,,,,,,,,,,,,,,,,High,High,High,,,,,
120,2025-07-26,19:47:33.28,2,6,"Devine, Michael",683772,Right,HP,"Aldrete, Carter",666177,Right,GAS,Undefined,4,Top,0,3,2,TwoSeamFastBall,Changeup,FoulBallNotFieldable,Undefined,Undefined,Undefined,0,0,,85.97044,0.352292,-6.783007,2310.281341,257.764634,2:30,4.36474,4.08563,5.75737,-32.75852,5.33996,19.37099,1.96511,-0.64366,79.02379,-5.66908,-3.350127,0.444248,,,,,,,,,,,,-11.63898,2.94874,-3.53304,50,4.37392,13.99099,-124.20214,-0.34804,-18.35301,22.6694,-27.52431,HP,GAS,HighPoint,Independent,ATL,20250726-HighPoint-1,e6caa540-6a7a-11f0-b210-07976e9a8e1d,84.84553,,,6.94666,,,,,,,0a4e6f39-7943-496f-befe-e00918278d5d,2025-07-26,23:47:33.28,2025-07-26T19:47:33.2806144-04:00,2025-07-26T23:47:33.2806144Z,,v3,5431,5508,,"Conley, Jack",663660,Right,HP,584e68c5-6cbb-4d60-9c20-ae82b5295858,54.74513,-125.06522,11.3347,4.36722,0.69989,-13.76216,-4.07902,14.68974,-9.17651,,,,,,,,,,,,,,,,,,,,,,,,,,,,,,,,,,,,,,,,,,,,,,,,,,,High,High,High,,,,,
121,2025-07-26,19:48:05.87,2,7,"Devine, Michael",683772,Right,HP,"Aldrete, Carter",666177,Right,GAS,Undefined,4,Top,0,3,2,Fastball,Slider,InPlay,Undefined,GroundBall,Out,1,0,,83.61233,0.592618,-4.938399,2485.513433,244.203012,2:15,4.45551,4.34187,5.22744,-36.96282,3.74256,5.42083,1.93448,0.13955,77.46031,-6.111962,-3.983238,0.459195,75.20207,-2.134086,-21.582527,2623.088592,,,,26.7564,25.2336,-19.864169,0.22451,-3.92252,2.02843,-3.89,50,4.48229,10.24137,-121.12036,-0.08261,-5.90569,20.6615,-29.12009,HP,GAS,HighPoint,Independent,ATL,20250726-HighPoint-1,fa3977f0-6a7a-11f0-b210-07976e9a8e1d,82.08371,2.16251,,6.15203,,,,2.74698,2.16251,-0.22663,0a4e6f39-7943-496f-befe-e00918278d5d,2025-07-26,23:48:05.87,2025-07-26T19:48:05.8701312-04:00,2025-07-26T23:48:05.8701312Z,GroundBall,v3,5431,5508,,"Conley, Jack",663660,Right,HP,0b6a1a48-0acc-46de-b724-dbc3bfb9a1be,55.27452,-122.01681,10.33075,4.45846,1.18083,-14.56004,-4.3399,10.49761,-2.95284,359.654156,2.74714,102.48232,-11.72851,,,,,,,2.16407,-4.1991,-24.26076,,,,,,,-0.2267,-40.53912,4.6941,,,,,,,,,,,,,,,,,,,,,,,,,,,,,High,High,High,Medium,Medium,,,
122,2025-07-26,19:48:49.20,3,1,"Devine, Michael",683772,Right,HP,"Watson, Kevin",675982,Left,GAS,Undefined,4,Top,1,0,0,TwoSeamFastBall,Changeup,BallCalled,Undefined,Undefined,Undefined,0,0,,85.43093,0.128333,-3.553797,2194.530112,270.666629,3:00,4.70455,4.20826,5.27469,-37.94128,0.92398,15.74568,1.66355,2.17817,78.99345,-6.762889,-0.763749,0.448696,,,,,,,,,,,,-8.77989,0.75933,-3.89542,50,4.68812,7.02308,-123.97891,-1.14405,-13.81422,22.25869,-30.9793,HP,GAS,HighPoint,Independent,ATL,20250726-HighPoint-1,1413a9c0-6a7b-11f0-b210-07976e9a8e1d,84.00441,,,6.43747,,,,,,,0a4e6f39-7943-496f-befe-e00918278d5d,2025-07-26,23:48:49.20,2025-07-26T19:48:49.2034560-04:00,2025-07-26T23:48:49.2034560Z,,v3,5431,5508,,"Conley, Jack",663660,Right,HP,c6abba1d-1f57-4ecc-8038-9c53ef639b05,55.22742,-124.91389,11.12934,4.70885,0.15725,-15.48965,-4.20261,7.60335,-6.90711,,,,,,,,,,,,,,,,,,,,,,,,,,,,,,,,,,,,,,,,,,,,,,,,,,,High,High,High,,,,,
123,2025-07-26,19:49:07.04,3,2,"Devine, Michael",683772,Right,HP,"Watson, Kevin",675982,Left,GAS,Undefined,4,Top,1,1,0,TwoSeamFastBall,Changeup,InPlay,Undefined,FlyBall,Out,1,0,,86.41646,0.846466,-6.303172,2295.531813,254.899576,2:30,4.58726,4.15851,5.69001,-31.0475,6.75579,20.78253,2.79374,-0.00806,79.20764,-4.873806,-2.619438,0.442523,103.19517,38.573868,4.656167,3713.294357,109.86999,88.44041,5.33656,368.85054,213.13124,-0.611629,6.22298,-12.24568,3.53528,-3.64011,50,4.63922,12.94529,-124.92179,0.79105,-19.49841,23.3673,-26.54495,HP,GAS,HighPoint,Independent,ATL,20250726-HighPoint-1,1e9cce80-6a7b-11f0-b210-07976e9a8e1d,85.17618,135.90013,,7.20882,,,,1.78766,3.47894,-0.11694,0a4e6f39-7943-496f-befe-e00918278d5d,2025-07-26,23:49:07.04,2025-07-26T19:49:07.0459392-04:00,2025-07-26T23:49:07.0459392Z,FlyBall,v3,5431,5508,,"Conley, Jack",663660,Right,HP,d33fd7c4-58fa-40e2-863d-ebe3a53bf055,54.81234,-125.81874,11.68365,4.5893,1.80998,-13.27248,-4.15138,13.69373,-9.7492,169.458398,1.79939,117.73332,-27.07008,6.28324,-0.95235,0.07464,0.00019,-0.00041,2E-05,3.47272,94.46698,-19.36692,1.21588,-0.11083,-0.02625,0.01272,-0.00184,9E-05,-0.11439,9.55806,-5.6704,1.57152,-0.28592,0.03215,-0.00163,-2E-05,0,,,,,,,,,,,,,,,,,,,,,,,High,High,High,Medium,Low,,,
124,2025-07-26,19:49:54.60,4,1,"Devine, Michael",683772,Right,HP,"Skender, Ethan",663690,Right,GAS,Undefined,4,Top,2,0,0,Slider,Slider,StrikeCalled,Undefined,Undefined,Undefined,0,0,,78.91846,2.095812,-3.564202,2518.788797,69.656331,8:15,4.30976,4.26654,4.89483,-47.98444,-0.46953,-5.85138,2.2982,0.40322,71.2239,-6.613104,-4.590833,0.49612,,,,,,,,,,,,1.70984,-0.37732,-3.91182,50,4.47559,7.35192,-113.99875,2.42731,2.21446,24.05076,-32.66273,HP,GAS,HighPoint,Independent,ATL,20250726-HighPoint-1,3b1b6c60-6a7b-11f0-b210-07976e9a8e1d,75.9745,,,7.69457,,,,,,,0a4e6f39-7943-496f-befe-e00918278d5d,2025-07-26,23:49:54.60,2025-07-26T19:49:54.6091008-04:00,2025-07-26T23:49:54.6091008Z,,v3,5431,5508,,"Conley, Jack",663660,Right,HP,578cf05b-1e2b-401e-a4a9-15060cd8c290,55.60174,-115.17451,12.02538,4.3179,4.02408,-16.33137,-4.26858,7.24366,1.10723,,,,,,,,,,,,,,,,,,,,,,,,,,,,,,,,,,,,,,,,,,,,,,,,,,,High,High,High,,,,,
125,2025-07-26,19:50:11.73,4,2,"Devine, Michael",683772,Right,HP,"Skender, Ethan",663690,Right,GAS,Undefined,4,Top,2,0,1,Fastball,Slider,StrikeSwinging,Undefined,Undefined,Undefined,0,0,,83.52072,1.049766,-5.931685,2568.883687,223.182151,1:30,4.39797,4.45638,5.37805,-35.2886,5.34796,3.99091,2.44677,-0.79169,77.42156,-5.367427,-5.229174,0.458807,,,,,,,,,,,,-3.40083,2.77354,-3.92643,50,4.46726,12.38707,-120.8019,0.979,-5.10461,20.05732,-28.011,HP,GAS,HighPoint,Independent,ATL,20250726-HighPoint-1,4544bde0-6a7b-11f0-b210-07976e9a8e1d,82.15316,,,6.09916,,,,,,,0a4e6f39-7943-496f-befe-e00918278d5d,2025-07-26,23:50:11.73,2025-07-26T19:50:11.7338624-04:00,2025-07-26T23:50:11.7338624Z,,v3,5431,5508,,"Conley, Jack",663660,Right,HP,b3b92751-15cc-4fbb-b0e7-1fa543c0080e,55.12298,-121.64952,10.02866,4.40087,2.16273,-14.0055,-4.45447,12.60279,-2.5523,,,,,,,,,,,,,,,,,,,,,,,,,,,,,,,,,,,,,,,,,,,,,,,,,,,High,High,High,,,,,
126,2025-07-26,19:50:41.79,4,3,"Devine, Michael",683772,Right,HP,"Skender, Ethan",663690,Right,GAS,Undefined,4,Top,2,0,2,Fastball,Slider,BallCalled,Undefined,Undefined,Undefined,0,0,,84.56525,-0.073415,-7.075997,2570.835399,219.644144,1:15,4.32815,4.12243,5.47249,-33.78384,6.12768,4.1154,1.44361,-2.19027,78.02491,-6.225197,-6.353051,0.454695,,,,,,,,,,,,-3.87087,3.46158,-3.50039,50,4.29851,14.97175,-121.98424,-1.3405,-5.88569,21.94632,-26.91071,HP,GAS,HighPoint,Independent,ATL,20250726-HighPoint-1,573295e0-6a7b-11f0-b210-07976e9a8e1d,82.89606,,,6.54035,,,,,,,0a4e6f39-7943-496f-befe-e00918278d5d,2025-07-26,23:50:41.79,2025-07-26T19:50:41.7979392-04:00,2025-07-26T23:50:41.7979392Z,,v3,5431,5508,,"Conley, Jack",663660,Right,HP,496d1915-c80c-4b2a-8dab-0a475ec5eb10,55.02761,-122.88544,10.97316,4.33087,-0.23545,-13.45535,-4.12015,15.21343,-2.94284,,,,,,,,,,,,,,,,,,,,,,,,,,,,,,,,,,,,,,,,,,,,,,,,,,,High,High,High,,,,,
127,2025-07-26,19:51:03.36,4,4,"Devine, Michael",683772,Right,HP,"Skender, Ethan",663690,Right,GAS,Undefined,4,Top,2,1,2,ChangeUp,Changeup,InPlay,Undefined,GroundBall,Single,0,1,,78.41051,1.491983,-5.585354,2082.850312,278.760646,3:15,4.18403,3.69839,6.32322,-45.78648,-1.23284,16.22032,1.74942,-0.11017,72.4964,-6.961812,-2.669148,0.480411,104.10228,-2.706688,-0.127089,,,,,30.57416,30.24079,0.252311,0.187787,-9.88823,-0.68201,-3.29701,50,4.27141,10.56324,-113.62994,1.64046,-13.06799,18.71493,-33.07538,HP,GAS,HighPoint,Independent,ATL,20250726-HighPoint-1,640a3e80-6a7b-11f0-b210-07976e9a8e1d,78.45872,1.95159,,5.91411,,,,2.78708,1.95159,0.02447,0a4e6f39-7943-496f-befe-e00918278d5d,2025-07-26,23:51:03.36,2025-07-26T19:51:03.3669120-04:00,2025-07-26T23:51:03.3669120Z,GroundBall,v3,5431,5508,,"Conley, Jack",663660,Right,HP,e962d349-53ef-4eb2-b4c0-035850fd3830,54.18032,-114.31637,9.35747,4.189,2.8536,-16.53769,-3.69324,11.04255,-6.534,295.56676,2.78848,152.41371,-23.74332,,,,,,,1.95222,-7.25476,-16.74488,,,,,,,0.02402,-0.30647,4.7814,,,,,,,,,,,,,,,,,,,,,,,,,,,,,High,High,High,High,High,,,
128,2025-07-26,19:51:44.26,5,1,"Devine, Michael",683772,Right,HP,"Perez, Henderson",666630,Right,GAS,Undefined,4,Top,2,0,0,Fastball,Sinker,StrikeCalled,Undefined,Undefined,Undefined,0,0,,86.9175,-0.824699,-5.873121,2355.631265,237.760386,2:00,4.83184,3.93953,5.4046,-25.33608,12.68556,18.12458,1.94363,-0.07253,79.19466,-5.51992,-2.673441,0.4438,,,,,,,,,,,,-10.6865,6.97209,-3.42764,50,4.74051,12.11043,-125.53785,-2.68945,-17.06081,25.31715,-21.0432,HP,GAS,HighPoint,Independent,ATL,20250726-HighPoint-1,7c67bb60-6a7b-11f0-b210-07976e9a8e1d,84.93122,,,7.72285,,,,,,,0a4e6f39-7943-496f-befe-e00918278d5d,2025-07-26,23:51:44.26,2025-07-26T19:51:44.2694656-04:00,2025-07-26T23:51:44.2694656Z,,v3,5431,5508,,"Conley, Jack",663660,Right,HP,698283c1-de65-4f8f-95e2-b5e097cc3a9f,55.09418,-126.56102,12.65858,4.83201,-1.839,-10.5216,-3.93101,12.79993,-8.5304,,,,,,,,,,,,,,,,,,,,,,,,,,,,,,,,,,,,,,,,,,,,,,,,,,,High,High,High,,,,,
129,2025-07-26,19:52:06.45,5,2,"Devine, Michael",683772,Right,HP,"Perez, Henderson",666630,Right,GAS,Undefined,4,Top,2,0,1,Slider,Slider,InPlay,Undefined,LineDrive,Single,0,0,,77.53222,1.17994,-4.992563,2360.395361,275.250109,3:15,4.42073,3.94131,4.74833,-47.484,1.41284,1.46606,1.58726,-0.68373,71.05603,-7.364678,-4.736615,0.503283,81.29881,17.353601,-7.04461,878.524401,109.52301,20.06081,-10.22712,201.57717,201.57717,-4.717113,2.251903,-2.12516,0.77012,-3.43962,50,4.49767,9.7264,-112.03035,0.60323,-2.69904,20.3658,-31.19595,HP,GAS,HighPoint,Independent,ATL,20250726-HighPoint-1,89aa81e0-6a7b-11f0-b210-07976e9a8e1d,74.8932,20.06244,,6.47619,,,,2.24547,1.72762,0.61932,0a4e6f39-7943-496f-befe-e00918278d5d,2025-07-26,23:52:06.45,2025-07-26T19:52:06.4517632-04:00,2025-07-26T23:52:06.4517632Z,LineDrive,v3,5431,5508,,"Conley, Jack",663660,Right,HP,f614833f-ea6c-4d88-a3af-6e8f7226bf65,55.75181,-113.07113,10.1829,4.42611,2.19748,-15.59797,-3.9402,9.86433,-1.34952,234.088179,2.24547,112.95144,-14.85871,2.54244,-0.49688,0.08085,-0.01356,0.00193,-0.00014,1.72762,35.56488,-18.53743,1.45262,-0.25456,0.04773,-0.00615,0.00079,-7E-05,0.61932,-13.95794,4.91495,-1.5587,0.41867,-0.09171,0.01716,-0.00234,0.00016,,,,,,,,,,,,,,,,,,,,,,,High,High,High,High,High,,,
130,2025-07-26,19:53:36.42,6,1,"Devine, Michael",683772,Right,HP,"Scantlin, Nate",676715,Left,GAS,Undefined,4,Top,2,0,0,Fastball,Changeup,BallCalled,Undefined,Undefined,Undefined,0,0,,85.84499,1.638224,-5.872718,2283.196647,246.727102,2:15,4.78257,4.06504,5.15142,-30.57423,8.87871,17.60139,3.78552,-0.01628,77.86235,-3.975201,-2.782667,0.452076,,,,,,,,,,,,-10.3354,4.34973,-3.5281,50,4.91338,11.93952,-123.86994,2.44217,-16.0389,25.02166,-25.42396,HP,GAS,HighPoint,Independent,ATL,20250726-HighPoint-1,bf499e80-6a7b-11f0-b210-07976e9a8e1d,83.37639,,,7.98264,,,,,,,0a4e6f39-7943-496f-befe-e00918278d5d,2025-07-26,23:53:36.42,2025-07-26T19:53:36.4238336-04:00,2025-07-26T23:53:36.4238336Z,,v3,5431,5508,,"Conley, Jack",663660,Right,HP,ef316781-4cef-43e0-b567-5bb22ad8a8ff,55.34662,-124.94528,12.51083,4.78495,3.53481,-12.71198,-4.05603,12.62882,-8.01945,,,,,,,,,,,,,,,,,,,,,,,,,,,,,,,,,,,,,,,,,,,,,,,,,,,High,High,High,,,,,
131,2025-07-26,19:53:57.13,6,2,"Devine, Michael",683772,Right,HP,"Scantlin, Nate",676715,Left,GAS,Undefined,4,Top,2,1,0,Fastball,Changeup,StrikeSwinging,Undefined,Undefined,Undefined,0,0,,85.50365,1.476325,-5.660231,2343.984694,239.560439,2:00,4.69226,3.99042,5.31604,-28.51631,10.72316,16.17595,3.70859,0.00871,78.07044,-3.775775,-2.810375,0.450851,,,,,,,,,,,,-9.53111,5.3491,-3.48788,50,4.80626,11.53035,-123.54675,2.19666,-14.80955,23.39261,-23.86256,HP,GAS,HighPoint,Independent,ATL,20250726-HighPoint-1,cb850720-6a7b-11f0-b210-07976e9a8e1d,83.60287,,,7.43321,,,,,,,0a4e6f39-7943-496f-befe-e00918278d5d,2025-07-26,23:53:57.13,2025-07-26T19:53:57.1317760-04:00,2025-07-26T23:53:57.1317760Z,,v3,5431,5508,,"Conley, Jack",663660,Right,HP,60880a9e-4e84-465f-8d85-8b31da7d0aeb,55.18272,-124.52419,11.69631,4.69364,3.19373,-11.93128,-3.9826,12.14915,-7.40477,,,,,,,,,,,,,,,,,,,,,,,,,,,,,,,,,,,,,,,,,,,,,,,,,,,High,High,High,,,,,
132,2025-07-26,19:54:25.86,6,3,"Devine, Michael",683772,Right,HP,"Scantlin, Nate",676715,Left,GAS,Undefined,4,Top,2,1,1,Slider,Slider,StrikeCalled,Undefined,Undefined,Undefined,0,0,,82.05831,1.200326,-3.575328,2404.582636,215.020174,1:15,4.67549,4.18958,5.16576,-35.64293,6.73969,3.87469,2.83732,1.14313,75.67989,-5.295613,-2.891566,0.46856,,,,,,,,,,,,-2.81272,3.44638,-3.8589,50,4.76041,7.26881,-118.96254,1.22278,-4.07345,20.55652,-27.18287,HP,GAS,HighPoint,Independent,ATL,20250726-HighPoint-1,dcbc1240-6a7b-11f0-b210-07976e9a8e1d,80.44313,,,6.37842,,,,,,,0a4e6f39-7943-496f-befe-e00918278d5d,2025-07-26,23:54:25.86,2025-07-26T19:54:25.8650112-04:00,2025-07-26T23:54:25.8650112Z,,v3,5431,5508,,"Conley, Jack",663660,Right,HP,ef1da943-492a-4468-be18-6f029d515573,55.3334,-119.8806,10.27826,4.67869,2.43678,-13.59144,-4.18759,7.45073,-2.03673,,,,,,,,,,,,,,,,,,,,,,,,,,,,,,,,,,,,,,,,,,,,,,,,,,,High,High,High,,,,,
133,2025-07-26,19:55:05.41,6,4,"Devine, Michael",683772,Right,HP,"Scantlin, Nate",676715,Left,GAS,Undefined,4,Top,2,1,2,Slider,Slider,HitByPitch,Undefined,Undefined,Undefined,0,0,,83.39762,-0.028603,-7.049161,2540.242178,202.723144,12:45,4.6641,3.90227,5.56233,-36.38337,4.30941,1.34177,1.60524,-2.60497,77.45651,-6.633818,-6.813111,0.459124,,,,,,,,,,,,-2.38374,2.47937,-3.29176,50,4.6372,14.83705,-120.41025,-1.30272,-3.54713,20.40723,-28.48458,HP,GAS,HighPoint,Independent,ATL,20250726-HighPoint-1,f44ec510-6a7b-11f0-b210-07976e9a8e1d,82.09641,,,5.94111,,,,,,,0a4e6f39-7943-496f-befe-e00918278d5d,2025-07-26,23:55:05.41,2025-07-26T19:55:05.4170624-04:00,2025-07-26T23:55:05.4170624Z,,v3,5431,5508,,"Conley, Jack",663660,Right,HP,12bb6a0e-2321-489a-a565-7e4b53e16b90,54.93992,-121.24458,10.20362,4.66666,-0.13815,-14.24229,-3.90133,14.98207,-1.77357,,,,,,,,,,,,,,,,,,,,,,,,,,,,,,,,,,,,,,,,,,,,,,,,,,,High,High,High,,,,,
134,2025-07-26,19:56:26.83,7,1,"Devine, Michael",683772,Right,HP,"Reinheimer, Jack",595373,Right,GAS,Undefined,4,Top,2,0,0,Slider,Slider,StrikeCalled,Undefined,Undefined,Undefined,0,0,,80.29851,2.029209,-3.728691,2408.163346,95.935939,9:15,4.14371,4.364,4.97294,-43.84833,1.83197,-2.07032,2.4112,0.66464,72.4887,-5.955473,-4.092385,0.486447,,,,,,,,,,,,-0.16795,0.76406,-4.00157,50,4.30472,7.64977,-116.00562,2.51872,-0.22575,24.442,-31.14695,HP,GAS,HighPoint,Independent,ATL,20250726-HighPoint-1,24dc1f20-6a7c-11f0-b210-07976e9a8e1d,77.48515,,,7.80981,,,,,,,0a4e6f39-7943-496f-befe-e00918278d5d,2025-07-26,23:56:26.83,2025-07-26T19:56:26.8330496-04:00,2025-07-26T23:56:26.8330496Z,,v3,5431,5508,,"Conley, Jack",663660,Right,HP,09cc47d7-e4ab-4e36-b63a-4dbbf811119d,55.52332,-117.16359,12.221,4.15044,3.99433,-15.57347,-4.36424,7.66047,-0.11288,,,,,,,,,,,,,,,,,,,,,,,,,,,,,,,,,,,,,,,,,,,,,,,,,,,High,High,High,,,,,
135,2025-07-26,19:56:43.86,7,2,"Devine, Michael",683772,Right,HP,"Reinheimer, Jack",595373,Right,GAS,Undefined,4,Top,2,0,1,Slider,Slider,BallCalled,Undefined,Undefined,Undefined,0,0,,82.23899,0.316432,-6.692466,2486.271981,236.144502,1:45,4.248,4.4586,5.34782,-37.84352,4.33673,4.70776,1.39322,-1.45522,76.17671,-6.542826,-5.865979,0.46744,,,,,,,,,,,,-3.97953,2.47256,-3.8567,50,4.24948,13.741,-118.75042,-0.67094,-5.75726,19.93766,-28.59693,HP,GAS,HighPoint,Independent,ATL,20250726-HighPoint-1,2f0326b0-6a7c-11f0-b210-07976e9a8e1d,80.63586,,,6.06228,,,,,,,0a4e6f39-7943-496f-befe-e00918278d5d,2025-07-26,23:56:43.86,2025-07-26T19:56:43.8637056-04:00,2025-07-26T23:56:43.8637056Z,,v3,5431,5508,,"Conley, Jack",663660,Right,HP,5598fba7-f840-49ec-af41-25d9ea7b3578,55.15258,-119.61239,9.96883,4.25176,0.5654,-14.29847,-4.45614,13.9899,-2.87863,,,,,,,,,,,,,,,,,,,,,,,,,,,,,,,,,,,,,,,,,,,,,,,,,,,High,High,High,,,,,
136,2025-07-26,19:57:02.07,7,3,"Devine, Michael",683772,Right,HP,"Reinheimer, Jack",595373,Right,GAS,Undefined,4,Top,2,1,1,TwoSeamFastBall,Changeup,InPlay,Undefined,GroundBall,FieldersChoice,1,0,,84.31023,1.362155,-5.362074,2277.207019,255.411291,2:30,4.09171,4.61676,5.4981,-33.8325,6.27965,19.2395,2.55229,1.18987,76.92374,-4.860556,-1.955689,0.455837,79.51118,-5.647132,-38.827344,,,,,30.3893,25.17905,-38.355608,0.241467,-11.20194,3.15252,-4.16028,50,4.1884,10.64682,-121.94235,1.73901,-16.9014,23.5226,-27.41752,HP,GAS,HighPoint,Independent,ATL,20250726-HighPoint-1,39d4ed30-6a7c-11f0-b210-07976e9a8e1d,82.68848,2.77756,,7.38649,,,,1.94747,2.77756,-1.24617,0a4e6f39-7943-496f-befe-e00918278d5d,2025-07-26,23:57:02.07,2025-07-26T19:57:02.0739584-04:00,2025-07-26T23:57:02.0739584Z,GroundBall,v3,5431,5508,,"Conley, Jack",663660,Right,HP,e05a6263-e4d0-4802-aafc-c13d5d3a1414,55.00303,-122.90364,11.7613,4.09444,2.85948,-13.70876,-4.60949,11.33752,-8.4507,180,1.93902,90.62524,,,,,,,,2.77863,-11.50283,,,,,,,,-1.23937,-72.9358,,,,,,,,,,,,,,,,,,,,,,,,,,,,,,High,High,High,Low,Low,,,
137,2025-07-26,19:59:36.47,1,1,"Grey, Connor",670119,Right,GAS,"Burt, D.J.",656274,Right,HP,Undefined,4,Bottom,0,0,0,Slider,Slider,BallCalled,Undefined,Undefined,Undefined,0,0,,82.07236,-1.023177,-0.605924,2489.924064,110.805888,9:45,5.40988,1.4147,5.79546,-38.17593,3.06386,-4.97607,1.27667,0.43639,76.13743,-8.0163,-1.499001,0.4622,,,,,,,,,,,,2.38772,2.20091,-1.36189,50,5.30279,1.45549,-119.33333,-3.3972,3.473,21.09457,-28.97278,HP,GAS,HighPoint,Independent,ATL,20250726-HighPoint-1,95e817f0-6a7c-11f0-b210-07976e9a8e1d,81.55012,,,5.93493,,,,,,,0a4e6f39-7943-496f-befe-e00918278d5d,2025-07-26,23:59:36.47,2025-07-26T19:59:36.4762112-04:00,2025-07-26T23:59:36.4762112Z,,v3,5431,5508,,"Perez, Henderson",666630,Right,GAS,b37abd51-352c-4053-a3cc-5ce9c3847b57,54.70488,-120.16214,10.54728,5.4139,-2.25886,-14.48639,-1.41639,1.31904,1.7365,,,,,,,,,,,,,,,,,,,,,,,,,,,,,,,,,,,,,,,,,,,,,,,,,,,High,High,High,,,,,
138,2025-07-26,19:59:50.49,1,2,"Grey, Connor",670119,Right,GAS,"Burt, D.J.",656274,Right,HP,Undefined,4,Bottom,0,1,0,Curveball,Curveball,StrikeSwinging,Undefined,Undefined,Undefined,0,0,,75.07734,0.845727,-0.659179,2816.951993,42.041932,7:30,5.48881,1.10358,5.65478,-62.45637,-12.81249,-12.81587,1.07297,-0.57921,69.9274,-10.472217,-2.957015,0.507113,,,,,,,,,,,,6.34052,-6.29355,-1.03951,50,5.52063,1.72047,-109.23113,-0.40465,7.69374,18.4592,-39.81077,HP,GAS,HighPoint,Independent,ATL,20250726-HighPoint-1,9e4c60e0-6a7c-11f0-b210-07976e9a8e1d,74.32756,,,5.14994,,,,,,,0a4e6f39-7943-496f-befe-e00918278d5d,2025-07-26,23:59:50.49,2025-07-26T19:59:50.4953856-04:00,2025-07-26T23:59:50.4953856Z,,v3,5431,5508,,"Perez, Henderson",666630,Right,GAS,b0b8cc01-011a-4029-90ce-8732a772fb61,54.85048,-110.04777,9.2296,5.49957,1.35659,-19.90539,-1.1081,1.3801,3.84687,,,,,,,,,,,,,,,,,,,,,,,,,,,,,,,,,,,,,,,,,,,,,,,,,,,High,High,High,,,,,
139,2025-07-26,20:00:05.58,1,3,"Grey, Connor",670119,Right,GAS,"Burt, D.J.",656274,Right,HP,Undefined,4,Bottom,0,1,1,Slider,Slider,BallCalled,Undefined,Undefined,Undefined,0,0,,82.75501,-1.683587,-1.508117,2509.012224,101.001543,9:15,5.36191,1.27076,5.79646,-38.30321,2.24961,-5.75118,0.60299,-0.61161,76.99997,-8.675066,-2.540097,0.458334,,,,,,,,,,,,2.56228,1.93827,-1.1433,50,5.2004,3.39122,-120.27967,-4.82137,3.79126,21.13958,-29.30611,HP,GAS,HighPoint,Independent,ATL,20250726-HighPoint-1,a742fec0-6a7c-11f0-b210-07976e9a8e1d,82.23797,,,5.75504,,,,,,,0a4e6f39-7943-496f-befe-e00918278d5d,2025-07-27,00:00:05.58,2025-07-26T20:00:05.5827456-04:00,2025-07-27T00:00:05.5827456Z,,v3,5431,5508,,"Perez, Henderson",666630,Right,GAS,143365bf-1c56-4b0a-ac45-916c4e2665e8,54.70421,-121.10363,10.56979,5.36607,-3.6791,-14.65305,-1.2726,3.24345,1.89563,,,,,,,,,,,,,,,,,,,,,,,,,,,,,,,,,,,,,,,,,,,,,,,,,,,High,High,High,,,,,
140,2025-07-26,20:00:23.60,1,4,"Grey, Connor",670119,Right,GAS,"Burt, D.J.",656274,Right,HP,Undefined,4,Bottom,0,2,1,Fastball,Four-Seam,BallCalled,Undefined,Undefined,Undefined,0,0,,91.18473,-2.508761,-3.861351,2477.769194,225.451849,1:30,5.49137,0.7814,5.84561,-21.41796,12.32324,11.43772,1.36835,-1.85924,83.60868,-6.50356,-1.815493,0.418072,,,,,,,,,,,,-6.84642,7.29985,-0.47329,50,5.2741,8.41125,-132.08714,-6.51433,-12.13234,27.33186,-19.2382,HP,GAS,HighPoint,Independent,ATL,20250726-HighPoint-1,b1f381a0-6a7c-11f0-b210-07976e9a8e1d,90.15767,,,7.57605,,,,,,,0a4e6f39-7943-496f-befe-e00918278d5d,2025-07-27,00:00:23.60,2025-07-26T20:00:23.6074496-04:00,2025-07-27T00:00:23.6074496Z,,v3,5431,5508,,"Perez, Henderson",666630,Right,GAS,3b703ae5-96a7-4430-bff3-992efd3b12ec,54.65266,-133.0464,13.66593,5.49089,-5.83913,-9.6191,-0.77597,8.83705,-6.06617,,,,,,,,,,,,,,,,,,,,,,,,,,,,,,,,,,,,,,,,,,,,,,,,,,,High,High,High,,,,,
141,2025-07-26,20:00:44.00,1,5,"Grey, Connor",670119,Right,GAS,"Burt, D.J.",656274,Right,HP,Undefined,4,Bottom,0,3,1,Fastball,Four-Seam,InPlay,Undefined,FlyBall,Out,1,0,,91.41208,-0.882942,-1.422971,2407.847387,217.041653,1:15,5.5004,0.98783,6.11512,-19.66159,13.44387,9.36394,3.04526,0.45221,83.60627,-4.597712,0.264704,0.414115,98.18962,44.134281,-13.465312,3517.126957,106.64656,108.52819,-26.95351,307.15256,165.6107,-15.105456,6.260482,-5.25953,7.51,-0.88367,50,5.42238,2.91358,-132.84464,-2.65878,-9.3986,28.46451,-18.75392,HP,GAS,HighPoint,Independent,ATL,20250726-HighPoint-1,be191850-6a7c-11f0-b210-07976e9a8e1d,91.01922,144.68945,,7.80581,,,,1.7282,3.91476,-0.46254,0a4e6f39-7943-496f-befe-e00918278d5d,2025-07-27,00:00:44.00,2025-07-26T20:00:44.0039424-04:00,2025-07-27T00:00:44.0039424Z,FlyBall,v3,5431,5508,,"Perez, Henderson",666630,Right,GAS,b7e4dfee-3f9d-4a15-93a2-ce36b692840f,54.38482,-133.78087,14.23225,5.49969,-2.04194,-9.37696,-0.98458,3.22271,-4.6993,177.331275,1.73498,100.39459,-26.62012,6.76964,-1.11945,0.10461,-0.00328,-0.00014,1E-05,3.91731,100.22822,-20.16353,0.67704,0.26883,-0.15322,0.03696,-0.00435,0.0002,-0.46413,-24.04014,5.32551,-1.26612,0.19416,-0.01602,0.00039,0,0,,,,,,,,,,,,,,,,,,,,,,,High,High,High,Medium,Low,,,
142,2025-07-26,20:01:19.96,2,1,"Grey, Connor",670119,Right,GAS,"Conley, Jack",663660,Right,HP,Undefined,4,Bottom,1,0,0,Curveball,Curveball,BallCalled,Undefined,Undefined,Undefined,0,0,,76.84331,2.745197,0.431974,2877.325362,49.214538,7:45,5.48075,1.10608,5.51937,-57.95802,-9.96477,-13.25749,3.21969,0.40519,70.55654,-7.809526,-1.932989,0.49861,,,,,,,,,,,,6.77248,-5.27528,-1.13474,50,5.68122,-0.3273,-111.56417,3.3875,8.53044,20.18567,-38.81864,HP,GAS,HighPoint,Independent,ATL,20250726-HighPoint-1,d39fa770-6a7c-11f0-b210-07976e9a8e1d,75.59496,,,6.28677,,,,,,,0a4e6f39-7943-496f-befe-e00918278d5d,2025-07-27,00:01:19.96,2025-07-26T20:01:19.9624192-04:00,2025-07-27T00:01:19.9624192Z,,v3,5431,5508,,"Perez, Henderson",666630,Right,GAS,ed774fef-f960-4bfc-af93-836f65eb6473,54.98338,-112.46221,10.09283,5.49209,5.11451,-19.40932,-1.11174,-0.70681,4.26522,,,,,,,,,,,,,,,,,,,,,,,,,,,,,,,,,,,,,,,,,,,,,,,,,,,High,High,High,,,,,
143,2025-07-26,20:01:33.76,2,2,"Grey, Connor",670119,Right,GAS,"Conley, Jack",663660,Right,HP,Undefined,4,Bottom,1,1,0,Slider,Slider,BallCalled,Undefined,Undefined,Undefined,0,0,,84.20568,-2.423181,-1.749653,2559.373364,109.782409,9:45,5.3741,1.23407,5.69539,-36.81033,3.10461,-5.04083,0.04596,-0.81704,77.34383,-9.151364,-2.652513,0.454715,,,,,,,,,,,,2.06323,2.66232,-1.08386,50,5.14741,3.93347,-122.12578,-6.43104,3.10086,25.14673,-28.17281,HP,GAS,HighPoint,Independent,ATL,20250726-HighPoint-1,dbcc8cb0-6a7c-11f0-b210-07976e9a8e1d,82.89244,,,6.86185,,,,,,,0a4e6f39-7943-496f-befe-e00918278d5d,2025-07-27,00:01:33.76,2025-07-26T20:01:33.7680384-04:00,2025-07-27T00:01:33.7680384Z,,v3,5431,5508,,"Perez, Henderson",666630,Right,GAS,fede9e91-60e9-4ce6-a18e-22b75eb65fcf,54.80407,-123.11101,12.57337,5.37774,-5.32726,-14.0864,-1.23559,3.81198,1.55043,,,,,,,,,,,,,,,,,,,,,,,,,,,,,,,,,,,,,,,,,,,,,,,,,,,High,High,High,,,,,
144,2025-07-26,20:01:54.14,2,3,"Grey, Connor",670119,Right,GAS,"Conley, Jack",663660,Right,HP,Undefined,4,Bottom,1,2,0,Fastball,Four-Seam,FoulBallNotFieldable,Undefined,Undefined,Undefined,0,0,,90.73738,-1.108041,-2.653105,2378.902061,221.665146,1:30,5.499,0.80651,6.13531,-19.69525,13.65686,11.29225,2.8324,-0.70633,83.62702,-4.814545,-0.619188,0.415655,92.01733,54.650502,57.959809,5534.407287,,,,,76.51694,,,-6.52697,7.64701,-0.60976,50,5.40401,5.64983,-131.86368,-3.1624,-11.5954,25.68008,-18.58881,HP,GAS,HighPoint,Independent,ATL,20250726-HighPoint-1,e7efd970-6a7c-11f0-b210-07976e9a8e1d,90.682,108.40392,,7.11036,,,,0.70587,2.68204,0.33972,0a4e6f39-7943-496f-befe-e00918278d5d,2025-07-27,00:01:54.14,2025-07-26T20:01:54.1452288-04:00,2025-07-27T00:01:54.1452288Z,,v3,5431,5508,,"Perez, Henderson",666630,Right,GAS,143fb3b2-c8d2-4bf0-9626-26a5388a7078,54.36534,-132.71109,12.84004,5.49824,-2.54898,-9.2944,-0.80251,6.03246,-5.7977,202.247713,0.70587,41.42355,-21.51952,7.6441,-2.20825,0.58704,-0.1412,0.02576,-0.00245,2.68204,110.07732,-26.82061,2.34644,-0.04996,-0.11822,0.05107,-0.01279,0.00161,0.33972,66.1882,-15.38232,4.12179,-0.93925,0.19909,-0.03797,0.00504,-0.00024,,,,,,,,,,,,,,,,,,,,,,,High,High,High,Medium,Undefined,,,
145,2025-07-26,20:02:15.42,2,4,"Grey, Connor",670119,Right,GAS,"Conley, Jack",663660,Right,HP,Undefined,4,Bottom,1,2,1,Curveball,Curveball,BallCalled,Undefined,Undefined,Undefined,0,0,,77.3083,1.091659,0.958469,2864.708865,31.968198,7:00,5.41117,1.07397,5.6043,-61.78275,-14.41198,-9.92611,1.28195,1.14161,71.15607,-10.130602,-0.819745,0.495367,,,,,,,,,,,,5.2991,-7.13091,-1.1495,50,5.46466,-1.5003,-112.33284,0.05065,6.73377,21.39424,-41.23557,HP,GAS,HighPoint,Independent,ATL,20250726-HighPoint-1,f4ab4780-6a7c-11f0-b210-07976e9a8e1d,76.09,,,6.15223,,,,,,,0a4e6f39-7943-496f-befe-e00918278d5d,2025-07-27,00:02:15.42,2025-07-26T20:02:15.4277376-04:00,2025-07-27T00:02:15.4277376Z,,v3,5431,5508,,"Perez, Henderson",666630,Right,GAS,1837b8ad-05b9-4078-ae10-e77b0ecd3a72,54.89943,-113.26211,10.69712,5.42356,1.84174,-20.61779,-1.07798,-1.79279,3.36688,,,,,,,,,,,,,,,,,,,,,,,,,,,,,,,,,,,,,,,,,,,,,,,,,,,High,High,High,,,,,
146,2025-07-26,20:02:34.41,2,5,"Grey, Connor",670119,Right,GAS,"Conley, Jack",663660,Right,HP,Undefined,4,Bottom,1,3,1,Fastball,Sinker,FoulBallNotFieldable,Undefined,Undefined,Undefined,0,0,,91.48934,-1.688931,-2.546015,2427.940533,228.037077,1:30,5.40475,1.11063,6.15788,-21.82037,11.24733,11.34304,2.02408,-0.2978,83.72967,-5.787512,-0.501022,0.413879,,,,,,,,,,,,-6.61945,6.60827,-0.92312,50,5.26514,5.44305,-132.84101,-4.61608,-11.8227,28.58408,-20.37128,HP,GAS,HighPoint,Independent,ATL,20250726-HighPoint-1,ffe593d0-6a7c-11f0-b210-07976e9a8e1d,91.07115,,,7.75967,,,,,,,0a4e6f39-7943-496f-befe-e00918278d5d,2025-07-27,00:02:34.41,2025-07-26T20:02:34.4150528-04:00,2025-07-27T00:02:34.4150528Z,,v3,5431,5508,,"Perez, Henderson",666630,Right,GAS,9c15ff0b-af38-42f3-8200-a9417274b93d,54.34249,-133.77215,14.29204,5.4047,-3.95248,-10.18564,-1.1067,5.82818,-5.91135,,,,,,,,,,,,,,,,,,,,,,,,,,,,,,,,,,,,,,,,,,,,,,,,,,,High,High,High,,,,,
147,2025-07-26,20:02:58.40,2,6,"Grey, Connor",670119,Right,GAS,"Conley, Jack",663660,Right,HP,Undefined,4,Bottom,1,3,2,Fastball,Four-Seam,InPlay,Undefined,FlyBall,Out,1,0,,91.11161,-1.718624,-2.02615,2381.770045,224.734121,1:30,5.44538,1.00554,6.41595,-19.38505,13.5269,12.39481,2.24849,0.17493,83.56223,-5.393516,0.220266,0.412903,90.44404,37.003587,-11.647225,3215.453196,108.4224,74.3357,-18.561,307.95779,276.24722,-7.225226,5.267838,-7.05678,7.85351,-0.86628,50,5.31357,4.19636,-132.41639,-4.5402,-12.55361,27.76327,-18.20309,HP,GAS,HighPoint,Independent,ATL,20250726-HighPoint-1,0e34c140-6a7d-11f0-b210-07976e9a8e1d,91.28638,95.39703,,7.54938,,,,1.60109,2.31872,-0.14759,0a4e6f39-7943-496f-befe-e00918278d5d,2025-07-27,00:02:58.40,2025-07-26T20:02:58.4025088-04:00,2025-07-27T00:02:58.4025088Z,FlyBall,v3,5431,5508,,"Perez, Henderson",666630,Right,GAS,02d1abc3-5b42-42bd-ad98-717dc9c0ab39,54.08445,-133.27001,13.88163,5.44456,-3.98052,-9.10155,-1.00123,4.58234,-6.2768,196.267437,1.60498,103.67578,-19.6828,4.05075,-0.54721,0.01609,0.00675,-0.00076,2E-05,2.31872,79.83493,-19.93687,1.67254,-0.24973,-0.00316,0.01405,-0.00271,0.00016,-0.14836,-21.36526,7.36752,-1.89424,0.29065,-0.00849,-0.00514,0.00077,-3E-05,,,,,,,,,,,,,,,,,,,,,,,High,High,High,High,Medium,,,
148,2025-07-26,20:03:39.43,3,1,"Grey, Connor",670119,Right,GAS,"Brewer, Aidan",1000132240,Right,HP,Undefined,4,Bottom,2,0,0,Fastball,Four-Seam,BallCalled,Undefined,Undefined,Undefined,0,0,,92.613,-1.861942,-3.123389,2361.072487,222.366833,1:30,5.54223,0.65143,6.19163,-18.99962,13.26174,11.15898,2.23672,-1.30521,84.69061,-5.452864,-1.112409,0.408802,,,,,,,,,,,,-6.6178,7.69075,-0.42127,50,5.39203,6.8572,-134.37113,-4.95988,-12.10489,28.99295,-18.10662,HP,GAS,HighPoint,Independent,ATL,20250726-HighPoint-1,26b0c2a0-6a7d-11f0-b210-07976e9a8e1d,92.2023,,,7.92239,,,,,,,0a4e6f39-7943-496f-befe-e00918278d5d,2025-07-27,00:03:39.43,2025-07-26T20:03:39.4314240-04:00,2025-07-27T00:03:39.4314240Z,,v3,5431,5508,,"Perez, Henderson",666630,Right,GAS,b608d058-95cc-4079-9f34-99382f98880f,54.30698,-135.29724,14.49648,5.54123,-4.3815,-9.05331,-0.64648,7.24386,-6.05244,,,,,,,,,,,,,,,,,,,,,,,,,,,,,,,,,,,,,,,,,,,,,,,,,,,High,High,High,,,,,
149,2025-07-26,20:03:55.00,3,2,"Grey, Connor",670119,Right,GAS,"Brewer, Aidan",1000132240,Right,HP,Undefined,4,Bottom,2,1,0,Slider,Slider,FoulBallNotFieldable,Undefined,Undefined,Undefined,0,0,,84.13777,0.723749,-0.431318,2611.052742,136.892521,10:30,5.40899,1.36562,5.62989,-36.41844,3.36158,-1.99847,3.04949,0.79662,77.12381,-5.977131,-0.788471,0.453946,74.37897,4.255686,175.793104,,,,,68.58269,44.72815,175.489175,0.687217,0.89803,1.85835,-1.32758,50,5.44716,1.00149,-122.22562,0.2857,1.35929,23.95935,-29.36123,HP,GAS,HighPoint,Independent,ATL,20250726-HighPoint-1,2ffafec0-6a7d-11f0-b210-07976e9a8e1d,83.03294,3.83183,,7.01396,,,,1.15462,2.95806,-0.63064,0a4e6f39-7943-496f-befe-e00918278d5d,2025-07-27,00:03:55.00,2025-07-26T20:03:55.0033920-04:00,2025-07-27T00:03:55.0033920Z,GroundBall,v3,5431,5508,,"Perez, Henderson",666630,Right,GAS,41ade9e6-d0a8-42b7-b12b-686728844ce9,54.86995,-123.17655,11.97967,5.4127,1.45103,-14.68062,-1.36626,0.94754,0.67965,,1.13825,-108.17262,10.25846,,,,,,,2.97866,7.6922,-17.54168,,,,,,,-0.63508,8.06795,1.03459,,,,,,,,,,,,,,,,,,,,,,,,,,,,,High,High,High,Medium,Medium,,,
150,2025-07-26,20:04:18.93,3,3,"Grey, Connor",670119,Right,GAS,"Brewer, Aidan",1000132240,Right,HP,Undefined,4,Bottom,2,1,1,Curveball,Curveball,StrikeSwinging,Undefined,Undefined,Undefined,0,0,,78.40926,0.880152,-0.933378,3115.258204,30.450771,7:00,5.4884,1.0214,5.7525,-63.09897,-17.35863,-11.02694,1.04968,-0.76649,72.40915,-10.580652,-2.914501,0.486767,,,,,,,,,,,,5.32634,-8.60811,-0.9373,50,5.52338,2.27704,-114.0041,-0.38494,6.97383,21.96482,-43.44475,HP,GAS,HighPoint,Independent,ATL,20250726-HighPoint-1,3e498ff0-6a7d-11f0-b210-07976e9a8e1d,77.43427,,,6.00011,,,,,,,0a4e6f39-7943-496f-befe-e00918278d5d,2025-07-27,00:04:18.93,2025-07-26T20:04:18.9350400-04:00,2025-07-27T00:04:18.9350400Z,,v3,5431,5508,,"Perez, Henderson",666630,Right,GAS,609bc9a1-787e-4041-8216-d3fcbee132d9,54.75245,-114.91609,10.98241,5.50191,1.41891,-21.72238,-1.02583,1.98749,3.48692,,,,,,,,,,,,,,,,,,,,,,,,,,,,,,,,,,,,,,,,,,,,,,,,,,,High,High,High,,,,,
151,2025-07-26,20:04:39.86,3,4,"Grey, Connor",670119,Right,GAS,"Brewer, Aidan",1000132240,Right,HP,Undefined,4,Bottom,2,1,2,Fastball,Four-Seam,InPlay,Undefined,FlyBall,HomeRun,0,1,,93.0223,-1.456279,-1.77624,2561.77238,220.50086,1:15,5.60757,0.65702,6.20507,-17.22379,14.49524,11.57091,2.82714,-0.01877,85.49259,-4.71967,0.312446,0.405351,102.65559,26.229131,25.50888,3903.133992,95.94116,49.71463,53.8077,349.41612,259.13421,39.474147,4.37382,-6.49174,8.19847,-0.5294,50,5.48938,3.71492,-135.22425,-3.96131,-12.08509,27.99503,-16.91165,HP,GAS,HighPoint,Independent,ATL,20250726-HighPoint-1,4ab186d0-6a7d-11f0-b210-07976e9a8e1d,92.98714,67.52549,,7.52971,,,,1.28613,2.85775,0.05976,0a4e6f39-7943-496f-befe-e00918278d5d,2025-07-27,00:04:39.86,2025-07-26T20:04:39.8622720-04:00,2025-07-27T00:04:39.8622720Z,FlyBall,v3,5431,5508,,"Perez, Henderson",666630,Right,GAS,d7e81a78-446c-4a8c-a81c-d2324fa3f50a,54.29554,-136.11064,13.99752,5.60633,-3.42585,-8.45582,-0.65308,4.09757,-6.04254,224.632993,1.28606,121.88627,-29.06737,7.01378,-1.52159,0.28807,-0.04457,0.00457,-0.00021,2.85796,66.54475,-19.55346,1.75536,-0.42025,0.1113,-0.0234,0.00333,-0.00022,0.05922,58.18145,-1.68866,-0.09708,-0.04032,0.05107,-0.01557,0.00211,-0.00011,,,,,,,,,,,,,,,,,,,,,,,High,High,High,High,Medium,,,
152,2025-07-26,20:05:37.75,4,1,"Grey, Connor",670119,Right,GAS,"Gonzalez, Luis",8894175,Left,HP,Undefined,4,Bottom,2,0,0,ChangeUp,Changeup,BallCalled,Undefined,Undefined,Undefined,0,0,,83.97615,0.808875,-0.447428,1506.987103,259.741526,2:45,5.48036,1.35861,5.9372,-35.42805,3.38819,13.25843,3.27849,2.04839,78.24708,-5.710914,1.935465,0.448413,,,,,,,,,,,,-6.91603,1.87595,-1.3304,50,5.52466,0.44127,-122.26515,0.55486,-10.65809,20.02225,-29.2831,HP,GAS,HighPoint,Independent,ATL,20250726-HighPoint-1,6d3bfeb0-6a7d-11f0-b210-07976e9a8e1d,84.05741,,,5.72907,,,,,,,0a4e6f39-7943-496f-befe-e00918278d5d,2025-07-27,00:05:37.75,2025-07-26T20:05:37.7519616-04:00,2025-07-27T00:05:37.7519616Z,,v3,5431,5508,,"Perez, Henderson",666630,Right,GAS,6a9be949-ea66-45ba-8429-762a0c5ebd5e,54.56496,-123.01044,10.01113,5.48372,1.64487,-14.64155,-1.35421,0.838,-5.32905,,,,,,,,,,,,,,,,,,,,,,,,,,,,,,,,,,,,,,,,,,,,,,,,,,,High,High,High,,,,,
153,2025-07-26,20:06:07.52,4,2,"Grey, Connor",670119,Right,GAS,"Gonzalez, Luis",8894175,Left,HP,Undefined,4,Bottom,2,1,0,Curveball,Curveball,BallCalled,Undefined,Undefined,Undefined,0,0,,75.93925,3.111186,1.55925,2816.024201,42.430114,7:30,5.64199,1.05536,5.33232,-63.18488,-13.77863,-13.94859,3.29963,1.35632,69.90719,-8.328993,-0.919936,0.505897,,,,,,,,,,,,7.37185,-7.21304,-1.18598,50,5.87778,-2.4544,-110.21598,3.80673,9.0872,19.19797,-41.06549,HP,GAS,HighPoint,Independent,ATL,20250726-HighPoint-1,7f0781a0-6a7d-11f0-b210-07976e9a8e1d,74.50613,,,6.03206,,,,,,,0a4e6f39-7943-496f-befe-e00918278d5d,2025-07-27,00:06:07.52,2025-07-26T20:06:07.5215360-04:00,2025-07-27T00:06:07.5215360Z,,v3,5431,5508,,"Perez, Henderson",666630,Right,GAS,0e9c9917-48b3-4c47-8c90-bf100688bcbd,55.17239,-111.11328,9.59898,5.655,5.7261,-20.53274,-1.06134,-2.87913,4.5436,,,,,,,,,,,,,,,,,,,,,,,,,,,,,,,,,,,,,,,,,,,,,,,,,,,High,High,High,,,,,
154,2025-07-26,20:06:26.59,4,3,"Grey, Connor",670119,Right,GAS,"Gonzalez, Luis",8894175,Left,HP,Undefined,4,Bottom,2,2,0,Curveball,Curveball,BallCalled,Undefined,Undefined,Undefined,0,0,,77.85495,-0.009948,-1.611943,2927.832635,38.170172,7:15,5.44324,1.21343,5.76067,-58.80125,-12.70922,-11.02414,0.53388,-1.206,72.4625,-10.669318,-3.591886,0.488635,,,,,,,,,,,,5.29398,-6.34327,-1.0727,50,5.40549,3.57468,-113.24372,-1.90758,6.88754,20.31599,-40.42674,HP,GAS,HighPoint,Independent,ATL,20250726-HighPoint-1,8a5221a0-6a7d-11f0-b210-07976e9a8e1d,77.1383,,,5.39245,,,,,,,0a4e6f39-7943-496f-befe-e00918278d5d,2025-07-27,00:06:26.59,2025-07-26T20:06:26.5914368-04:00,2025-07-27T00:06:26.5914368Z,,v3,5431,5508,,"Perez, Henderson",666630,Right,GAS,de753cf7-b9a7-43b7-a23b-0c4258194f09,54.74476,-114.09176,10.158,5.44989,-0.22008,-20.21337,-1.21592,3.28718,3.44377,,,,,,,,,,,,,,,,,,,,,,,,,,,,,,,,,,,,,,,,,,,,,,,,,,,High,High,High,,,,,
155,2025-07-26,20:06:53.64,4,4,"Grey, Connor",670119,Right,GAS,"Gonzalez, Luis",8894175,Left,HP,Undefined,4,Bottom,2,3,0,Fastball,Four-Seam,BallCalled,Walk,Undefined,Undefined,0,0,,90.88478,-0.268003,-1.446398,2418.649133,223.697445,1:30,5.51816,1.16438,5.94312,-18.93895,14.72461,13.07808,3.69124,0.91226,83.14634,-3.846394,0.902751,0.417591,,,,,,,,,,,,-7.06906,7.93504,-1.0563,50,5.48608,2.76831,-132.05213,-1.20821,-12.50865,27.56236,-18.13309,HP,GAS,HighPoint,Independent,ATL,20250726-HighPoint-1,9a796a70-6a7d-11f0-b210-07976e9a8e1d,90.26156,,,7.73844,,,,,,,0a4e6f39-7943-496f-befe-e00918278d5d,2025-07-27,00:06:53.64,2025-07-26T20:06:53.6464384-04:00,2025-07-27T00:06:53.6464384Z,,v3,5431,5508,,"Perez, Henderson",666630,Right,GAS,b0b53af5-02d2-464c-801f-cc7055cfb633,54.55547,-132.99957,13.78118,5.5169,-0.5849,-9.06655,-1.15885,3.19828,-6.25432,,,,,,,,,,,,,,,,,,,,,,,,,,,,,,,,,,,,,,,,,,,,,,,,,,,High,High,High,,,,,
156,2025-07-26,20:08:22.61,5,1,"Grey, Connor",670119,Right,GAS,"Aklinski, Ben",679701,Right,HP,Undefined,4,Bottom,2,0,0,Slider,Slider,StrikeSwinging,Undefined,Undefined,Undefined,0,0,,86.25739,-1.921987,-1.861539,2641.708595,171.249251,11:45,5.48358,1.24662,5.70047,-32.03136,5.7452,-0.70583,1.02172,-0.54744,79.43648,-7.801365,-1.987865,0.442367,,,,,,,,,,,,-0.14689,3.82075,-1.08997,50,5.30236,4.09838,-125.18616,-5.31878,-0.2337,24.69411,-26.09609,HP,GAS,HighPoint,Independent,ATL,20250726-HighPoint-1,cf85e400-6a7d-11f0-b210-07976e9a8e1d,85.20629,,,6.82091,,,,,,,0a4e6f39-7943-496f-befe-e00918278d5d,2025-07-27,00:08:22.61,2025-07-26T20:08:22.6126336-04:00,2025-07-27T00:08:22.6126336Z,,v3,5431,5508,,"Perez, Henderson",666630,Right,GAS,5fdf2904-d60f-44e5-ab28-d5d5fae412f3,54.79796,-126.12905,12.34706,5.48642,-4.32236,-13.04805,-1.24662,4.1073,-0.11685,,,,,,,,,,,,,,,,,,,,,,,,,,,,,,,,,,,,,,,,,,,,,,,,,,,High,High,High,,,,,
157,2025-07-26,20:08:40.43,5,2,"Grey, Connor",670119,Right,GAS,"Aklinski, Ben",679701,Right,HP,Undefined,4,Bottom,2,0,1,Slider,Slider,StrikeSwinging,Undefined,Undefined,Undefined,0,0,,86.58235,0.611017,-0.324014,2680.914801,144.16393,10:45,5.44226,1.16303,5.65423,-31.71403,5.79996,-3.35591,3.36931,0.58118,79.31089,-5.244971,-0.923888,0.440827,,,,,,,,,,,,1.60721,3.14351,-1.13346,50,5.47399,0.85443,-125.76424,0.22767,2.5783,25.11599,-27.13121,HP,GAS,HighPoint,Independent,ATL,20250726-HighPoint-1,da201fc0-6a7d-11f0-b210-07976e9a8e1d,85.50393,,,7.27145,,,,,,,0a4e6f39-7943-496f-befe-e00918278d5d,2025-07-27,00:08:40.43,2025-07-26T20:08:40.4398080-04:00,2025-07-27T00:08:40.4398080Z,,v3,5431,5508,,"Perez, Henderson",666630,Right,GAS,13edc312-68b4-4378-9777-f41c3c84c74f,54.84407,-126.72794,12.558,5.44529,1.26869,-13.5656,-1.16435,0.7555,1.28915,,,,,,,,,,,,,,,,,,,,,,,,,,,,,,,,,,,,,,,,,,,,,,,,,,,High,High,High,,,,,
158,2025-07-26,20:09:03.03,5,3,"Grey, Connor",670119,Right,GAS,"Aklinski, Ben",679701,Right,HP,Undefined,4,Bottom,2,0,2,Slider,Slider,InPlay,Undefined,LineDrive,Out,1,0,,85.43426,-0.074089,-1.205948,2778.625533,105.642887,9:30,5.4941,1.22799,5.56278,-35.89687,2.77406,-5.68288,2.43346,-0.37239,78.48242,-6.654636,-2.220227,0.447573,100.28298,9.218893,-16.553912,1119.851244,103.97356,9.13515,-35.90878,172.10236,140.26695,-20.931847,1.430151,2.56874,1.7389,-1.11997,50,5.46385,2.84574,-124.10521,-1.43045,4.00921,24.66702,-29.46006,HP,GAS,HighPoint,Independent,ATL,20250726-HighPoint-1,e7940860-6a7d-11f0-b210-07976e9a8e1d,84.21519,9.82052,,6.95183,,,,2.85625,2.66387,0.3483,0a4e6f39-7943-496f-befe-e00918278d5d,2025-07-27,00:09:03.03,2025-07-26T20:09:03.0301184-04:00,2025-07-27T00:09:03.0301184Z,LineDrive,v3,5431,5508,,"Perez, Henderson",666630,Right,GAS,94c5797e-1db8-4ba4-bf69-91ded2d4c6b8,54.93802,-125.08283,12.33351,5.4974,-0.26286,-14.73003,-1.2296,2.68685,2.00461,87.11094,2.85625,139.1642,-25.37722,4.82092,-0.97795,0.15201,-0.02104,0.0024,-0.00013,2.66387,23.56343,-20.99697,2.94399,-0.6518,0.15083,-0.03014,0.00504,-0.00049,0.3483,-41.3648,-4.568,3.50276,-1.23451,0.3611,-0.08716,0.01633,-0.00161,,,,,,,,,,,,,,,,,,,,,,,High,High,High,High,High,,,
159,2025-07-26,20:11:22.34,1,1,"Devine, Michael",683772,Right,HP,"De La Rosa, Eric",680763,Right,GAS,Undefined,5,Top,0,0,0,TwoSeamFastBall,Changeup,FoulBallNotFieldable,Undefined,Undefined,Undefined,0,0,,82.85148,1.981462,-5.873798,2227.748125,263.376027,2:45,4.60728,4.08577,5.635,-37.78565,3.21193,17.59592,3.31763,0.05272,76.32491,-4.934152,-2.756182,0.46084,,,,,,,,,,,,-10.43052,1.45142,-3.59651,50,4.75207,11.64057,-119.85599,2.88949,-15.36345,20.43802,-30.0362,HP,GAS,HighPoint,Independent,ATL,20250726-HighPoint-1,3a9915a0-6a7e-11f0-b210-07976e9a8e1d,81.79064,,,6.52657,,,,,,,0a4e6f39-7943-496f-befe-e00918278d5d,2025-07-27,00:11:22.34,2025-07-26T20:11:22.3443968-04:00,2025-07-27T00:11:22.3443968Z,,v3,5431,5508,,"Conley, Jack",663660,Right,HP,83cd96fe-425f-48a5-a77b-9463263a2b59,54.86802,-120.68324,10.21901,4.61051,4.10523,-15.0181,-4.08025,12.26242,-7.68173,,,,,,,,,,,,,,,,,,,,,,,,,,,,,,,,,,,,,,,,,,,,,,,,,,,High,High,High,,,,,
160,2025-07-26,20:12:03.14,1,2,"Devine, Michael",683772,Right,HP,"De La Rosa, Eric",680763,Right,GAS,Undefined,5,Top,0,0,1,TwoSeamFastBall,Changeup,StrikeSwinging,Undefined,Undefined,Undefined,0,0,,84.62821,0.999366,-5.272107,2218.789945,248.609105,2:15,4.75266,4.10536,5.82818,-30.96521,8.18099,17.84363,3.10528,0.67749,77.53969,-4.735761,-2.092769,0.450315,,,,,,,,,,,,-10.46359,4.28047,-3.6842,50,4.81628,10.5831,-122.52361,1.1309,-16.00461,22.80196,-25.62685,HP,GAS,HighPoint,Independent,ATL,20250726-HighPoint-1,52f31010-6a7e-11f0-b210-07976e9a8e1d,83.70241,,,7.08851,,,,,,,0a4e6f39-7943-496f-befe-e00918278d5d,2025-07-27,00:12:03.14,2025-07-26T20:12:03.1482880-04:00,2025-07-27T00:12:03.1482880Z,,v3,5431,5508,,"Conley, Jack",663660,Right,HP,509c7cdd-d9c7-4d31-aaac-dc5910b6e495,54.6723,-123.39007,11.40098,4.7548,2.10471,-12.81342,-4.09791,11.19127,-8.0023,,,,,,,,,,,,,,,,,,,,,,,,,,,,,,,,,,,,,,,,,,,,,,,,,,,High,High,High,,,,,
161,2025-07-26,20:12:23.53,1,3,"Devine, Michael",683772,Right,HP,"De La Rosa, Eric",680763,Right,GAS,Undefined,5,Top,0,0,2,Slider,Slider,BallCalled,Undefined,Undefined,Undefined,0,0,,76.29808,-0.366454,-4.562507,2435.419509,83.464508,8:45,4.7051,4.12514,5.05129,-48.96727,0.54646,-7.66272,0.27777,-0.82572,70.88556,-9.155486,-5.910065,0.506447,,,,,,,,,,,,2.63717,0.76602,-3.68333,50,4.63079,9.11357,-110.48195,-2.38916,3.27837,18.62218,-31.22177,HP,GAS,HighPoint,Independent,ATL,20250726-HighPoint-1,5f1c2930-6a7e-11f0-b210-07976e9a8e1d,74.42519,,,5.41253,,,,,,,0a4e6f39-7943-496f-befe-e00918278d5d,2025-07-27,00:12:23.53,2025-07-26T20:12:23.5319808-04:00,2025-07-27T00:12:23.5319808Z,,v3,5431,5508,,"Conley, Jack",663660,Right,HP,589471ab-0ea8-4072-9677-4c2addeb79ca,55.45006,-111.39679,9.31109,4.71048,-0.85534,-15.61089,-4.12709,8.95252,1.63919,,,,,,,,,,,,,,,,,,,,,,,,,,,,,,,,,,,,,,,,,,,,,,,,,,,High,High,High,,,,,
162,2025-07-26,20:12:43.35,1,4,"Devine, Michael",683772,Right,HP,"De La Rosa, Eric",680763,Right,GAS,Undefined,5,Top,0,1,2,Slider,Slider,BallCalled,Undefined,Undefined,Undefined,0,0,,79.09023,2.04215,-6.336308,2451.775663,188.741616,12:15,4.23635,4.28077,5.22557,-41.6125,4.23067,0.45571,2.70112,-1.66254,73.12239,-5.493328,-6.256511,0.487314,,,,,,,,,,,,-1.77024,2.00756,-3.69465,50,4.39452,12.66099,-114.18359,2.66529,-2.36625,18.56752,-29.49057,HP,GAS,HighPoint,Independent,ATL,20250726-HighPoint-1,6af04480-6a7e-11f0-b210-07976e9a8e1d,77.34735,,,5.96784,,,,,,,0a4e6f39-7943-496f-befe-e00918278d5d,2025-07-27,00:12:43.35,2025-07-26T20:12:43.3595904-04:00,2025-07-27T00:12:43.3595904Z,,v3,5431,5508,,"Conley, Jack",663660,Right,HP,e468b61b-054b-45f9-9f38-a4c8288fec6a,55.27467,-115.03811,9.28376,4.24063,4.02251,-14.74529,-4.27985,12.7699,-1.18312,,,,,,,,,,,,,,,,,,,,,,,,,,,,,,,,,,,,,,,,,,,,,,,,,,,High,High,High,,,,,
163,2025-07-26,20:13:02.24,1,5,"Devine, Michael",683772,Right,HP,"De La Rosa, Eric",680763,Right,GAS,Undefined,5,Top,0,2,2,TwoSeamFastBall,Changeup,FoulBallNotFieldable,Undefined,Undefined,Undefined,0,0,,86.37942,-0.138631,-5.957266,2318.430481,245.546855,2:15,4.86164,3.82735,5.90072,-28.91943,8.70414,16.54946,2.3223,-0.34388,79.06607,-5.503749,-3.009427,0.44147,72.85449,30.552304,150.833606,4690.256598,,,,,44.15994,,,-10.09556,4.84087,-3.35637,50,4.83377,12.36811,-124.92461,-1.25049,-16.01378,24.28184,-24.4954,HP,GAS,HighPoint,Independent,ATL,20250726-HighPoint-1,76262400-6a7e-11f0-b210-07976e9a8e1d,85.37936,24.01729,,7.31335,,,,1.69631,2.30249,0.32178,0a4e6f39-7943-496f-befe-e00918278d5d,2025-07-27,00:13:02.24,2025-07-26T20:13:02.2472704-04:00,2025-07-27T00:13:02.2472704Z,,v3,5431,5508,,"Conley, Jack",663660,Right,HP,3b072199-8e35-4b34-bf51-54d9a5e2255f,54.60007,-125.81555,12.14092,4.86316,-0.35171,-12.2477,-3.82096,12.95569,-8.00689,309.227932,1.69631,-80.35105,4.26669,-0.01248,0.81365,-3.28834,6.42572,-6.66308,2.87994,2.30249,54.31605,-25.16836,2.71304,-0.15586,-1.1553,2.34636,-2.43302,1.04993,0.32178,44.84478,-9.96507,2.58459,1.38564,-6.78603,13.21713,-13.68908,5.91237,,,,,,,,,,,,,,,,,,,,,,,High,High,High,High,Undefined,,,
164,2025-07-26,20:13:39.65,1,6,"Devine, Michael",683772,Right,HP,"De La Rosa, Eric",680763,Right,GAS,Undefined,5,Top,0,2,2,Cutter,Changeup,BallCalled,Undefined,Undefined,Undefined,0,0,,83.31045,-0.045666,-7.078037,2506.713068,234.039919,1:45,4.55148,4.15382,5.466,-32.62246,8.25934,9.81646,1.78988,-1.68655,77.1623,-5.993594,-5.352408,0.460189,,,,,,,,,,,,-6.60819,4.53063,-3.53481,50,4.52499,14.52964,-120.25005,-1.21629,-9.82857,19.87089,-25.4355,HP,GAS,HighPoint,Independent,ATL,20250726-HighPoint-1,8c7f9380-6a7e-11f0-b210-07976e9a8e1d,81.9064,,,6.14816,,,,,,,0a4e6f39-7943-496f-befe-e00918278d5d,2025-07-27,00:13:39.65,2025-07-26T20:13:39.6560896-04:00,2025-07-27T00:13:39.6560896Z,,v3,5431,5508,,"Conley, Jack",663660,Right,HP,925f1dce-6bf8-4352-aa65-14236aa363e7,55.03463,-121.07915,9.93544,4.5536,-0.15502,-12.71775,-4.1496,14.93972,-4.91428,,,,,,,,,,,,,,,,,,,,,,,,,,,,,,,,,,,,,,,,,,,,,,,,,,,High,High,High,,,,,
165,2025-07-26,20:13:58.97,1,7,"Devine, Michael",683772,Right,HP,"De La Rosa, Eric",680763,Right,GAS,Undefined,5,Top,0,3,2,TwoSeamFastBall,Changeup,InPlay,Undefined,LineDrive,Double,0,0,,86.30785,0.322827,-5.211777,2320.183372,253.985061,2:30,4.46574,4.07631,5.80421,-31.00828,6.34004,18.45155,2.18321,0.75346,79.79604,-5.387995,-1.923305,0.439852,107.11323,14.98388,-28.436697,2717.004044,93.44687,17.65731,-58.03167,221.92931,162.25348,-36.0628,1.767167,-10.72906,3.45977,-3.65886,50,4.47352,10.67404,-125.11201,-0.34261,-17.24991,21.84815,-26.61152,HP,GAS,HighPoint,Independent,ATL,20250726-HighPoint-1,97fcdc40-6a7e-11f0-b210-07976e9a8e1d,85.69336,17.6651,,6.51181,,,,2.56987,2.2343,-0.79073,0a4e6f39-7943-496f-befe-e00918278d5d,2025-07-27,00:13:58.97,2025-07-26T20:13:58.9775360-04:00,2025-07-27T00:13:58.9775360Z,LineDrive,v3,5431,5508,,"Conley, Jack",663660,Right,HP,aef61364-8c62-4217-a843-ce158b908f41,54.69866,-125.92986,10.92408,4.4677,0.65354,-13.30576,-4.07051,11.31976,-8.62496,66.770746,2.56988,133.44609,-23.14619,3.2318,-0.48244,-0.10466,0.12652,-0.04633,0.00638,2.23431,40.61634,-30.03228,4.98371,-1.00431,0.01815,0.13451,-0.05879,0.00865,-0.79073,-72.26606,-3.54688,2.37961,-0.53592,-0.04077,0.12694,-0.05383,0.00797,,,,,,,,,,,,,,,,,,,,,,,High,High,High,High,Medium,,,
166,2025-07-26,20:15:11.74,2,1,"Devine, Michael",683772,Right,HP,"Wylie, Justin",687045,Right,GAS,Undefined,5,Top,0,0,0,Slider,Slider,InPlay,Undefined,Bunt,Sacrifice,1,0,,76.95549,3.397082,-4.109677,2351.116554,113.938994,9:45,4.26376,4.41494,4.89313,-46.81617,2.51961,-2.23945,3.58784,0.33421,70.27688,-5.081164,-4.501716,0.505536,25.5442,-11.004498,-32.792438,2241.120437,,,,12.62845,12.44915,-30.383542,0.303725,-0.02602,0.70327,-4.00955,50,4.5583,8.07975,-111.19533,4.9798,-0.03258,19.83448,-31.29303,HP,GAS,HighPoint,Independent,ATL,20250726-HighPoint-1,c35d71b0-6a7e-11f0-b210-07976e9a8e1d,74.5593,3.65339,,6.67861,,,,1.69534,3.65339,-0.32804,0a4e6f39-7943-496f-befe-e00918278d5d,2025-07-27,00:15:11.74,2025-07-26T20:15:11.7452800-04:00,2025-07-27T00:15:11.7452800Z,GroundBall,v3,5431,5508,,"Conley, Jack",663660,Right,HP,5bbbe0a8-7f76-44fe-94b6-40190797eb68,55.60694,-112.19101,9.91724,4.26889,6.55069,-15.64651,-4.41519,8.08139,-0.01629,67.344514,1.69509,30.92563,-2.09934,,,,,,,3.654,-7.17757,-15.98514,,,,,,,-0.32798,-19.92052,-0.09778,,,,,,,,,,,,,,,,,,,,,,,,,,,,,High,High,High,High,High,,,
167,2025-07-26,20:15:55.49,3,1,"Devine, Michael",683772,Right,HP,"Guthrie, Dalton",656495,Right,GAS,Undefined,5,Top,1,0,0,Cutter,Slider,BallCalled,Undefined,Undefined,Undefined,0,0,,81.8641,1.149337,-6.912757,2432.420721,224.454931,1:30,4.14927,4.68838,5.22058,-34.83659,8.27335,6.83847,2.3349,-1.27288,75.0995,-5.197243,-5.716594,0.472564,,,,,,,,,,,,-5.2102,4.22709,-4.05279,50,4.23008,14.02161,-118.01222,1.17054,-7.39565,21.08388,-26.17387,HP,GAS,HighPoint,Independent,ATL,20250726-HighPoint-1,dd89bb20-6a7e-11f0-b210-07976e9a8e1d,79.76163,,,6.7646,,,,,,,0a4e6f39-7943-496f-befe-e00918278d5d,2025-07-27,00:15:55.49,2025-07-26T20:15:55.4953216-04:00,2025-07-27T00:15:55.4953216Z,,v3,5431,5508,,"Conley, Jack",663660,Right,HP,435a90c0-cbea-48d0-afbc-9de338bfbe98,55.27841,-118.95152,10.54194,4.15196,2.3366,-13.08693,-4.6848,14.35109,-3.69782,,,,,,,,,,,,,,,,,,,,,,,,,,,,,,,,,,,,,,,,,,,,,,,,,,,High,High,High,,,,,
168,2025-07-26,20:16:12.55,3,2,"Devine, Michael",683772,Right,HP,"Guthrie, Dalton",656495,Right,GAS,Undefined,5,Top,1,1,0,Cutter,Slider,StrikeCalled,Undefined,Undefined,Undefined,0,0,,81.75672,0.722973,-4.582901,2463.547359,219.665586,1:15,4.17487,4.59186,5.19574,-35.14254,7.55363,5.25681,1.9286,0.70986,75.50751,-5.677524,-3.656604,0.47029,,,,,,,,,,,,-3.75736,3.95941,-4.17029,50,4.21546,9.27467,-118.42345,0.26126,-5.39663,20.1998,-26.48725,HP,GAS,HighPoint,Independent,ATL,20250726-HighPoint-1,e7a0bd20-6a7e-11f0-b210-07976e9a8e1d,80.14718,,,6.24922,,,,,,,0a4e6f39-7943-496f-befe-e00918278d5d,2025-07-27,00:16:12.55,2025-07-26T20:16:12.5502464-04:00,2025-07-27T00:16:12.5502464Z,,v3,5431,5508,,"Conley, Jack",663660,Right,HP,fd1daa7f-36a9-4fcc-a12d-e0d184bc97ab,55.30437,-119.3248,10.0999,4.17743,1.44317,-13.24363,-4.58951,9.51547,-2.69831,,,,,,,,,,,,,,,,,,,,,,,,,,,,,,,,,,,,,,,,,,,,,,,,,,,High,High,High,,,,,
169,2025-07-26,20:16:34.76,3,3,"Devine, Michael",683772,Right,HP,"Guthrie, Dalton",656495,Right,GAS,Undefined,5,Top,1,1,1,Slider,Curveball,FoulBallNotFieldable,Undefined,Undefined,Undefined,0,0,,75.87878,3.940523,-6.010025,2429.776086,72.457681,8:30,3.31931,4.82277,4.7977,-51.51774,0.85559,-3.46685,2.78672,-1.18213,67.90419,-5.393403,-6.611915,0.520867,56.40327,-17.455872,73.110674,,,,,10.90634,3.54551,62.787716,0.113741,-0.33972,-0.41598,-4.21844,50,3.67026,11.61356,-108.96366,5.753,-0.39989,22.88927,-32.66367,HP,GAS,HighPoint,Independent,ATL,20250726-HighPoint-1,f4dea1a0-6a7e-11f0-b210-07976e9a8e1d,72.36487,2.84006,,7.97459,,,,2.3634,2.84006,1.057,0a4e6f39-7943-496f-befe-e00918278d5d,2025-07-27,00:16:34.76,2025-07-26T20:16:34.7667968-04:00,2025-07-27T00:16:34.7667968Z,GroundBall,v3,5431,5508,,"Conley, Jack",663660,Right,HP,507c4743-ebeb-4c45-a36f-874102c1b50c,55.69947,-110.1544,11.44463,3.32678,7.45222,-16.33183,-4.82314,11.63436,-0.19994,,2.36079,23.06938,,,,,,,,2.84288,-24.96943,,,,,,,,1.0484,75.98116,,,,,,,,,,,,,,,,,,,,,,,,,,,,,,High,High,High,Low,Low,,,
170,2025-07-26,20:17:01.61,3,4,"Devine, Michael",683772,Right,HP,"Guthrie, Dalton",656495,Right,GAS,Undefined,5,Top,1,1,2,Cutter,Slider,FoulBallNotFieldable,Undefined,Undefined,Undefined,0,0,,82.31067,1.345298,-4.781943,2412.46396,225.921895,1:30,4.3529,4.28625,5.37274,-37.81219,4.32831,3.16024,2.46781,0.05585,75.5579,-5.559865,-4.223772,0.46722,65.78812,43.904932,125.797726,5387.191649,,,,,48.96853,,,-2.86768,2.17354,-3.85909,50,4.44695,9.83707,-119.1317,1.48868,-4.13915,21.95398,-29.03681,HP,GAS,HighPoint,Independent,ATL,20250726-HighPoint-1,04d7fca0-6a7f-11f0-b210-07976e9a8e1d,80.67391,40.52677,,6.75277,,,,1.39081,2.48379,-0.0449,0a4e6f39-7943-496f-befe-e00918278d5d,2025-07-27,00:17:01.61,2025-07-26T20:17:01.6164864-04:00,2025-07-27T00:17:01.6164864Z,,v3,5431,5508,,"Conley, Jack",663660,Right,HP,376cf373-1107-4a08-bb75-ad81ab686f7c,55.12751,-120.07289,10.97699,4.35644,2.73353,-14.5184,-4.28463,10.01452,-2.06958,315.000296,1.39081,-40.66376,-3.22792,1.10936,-0.25335,0.04242,0.01672,-0.02146,0.00818,2.48379,66.9117,-23.4156,2.30632,-0.46272,0.07679,0.01093,-0.01911,0.00754,-0.0449,56.38642,-8.16213,0.57857,-0.09615,-0.01418,0.00899,-0.00647,0.00241,,,,,,,,,,,,,,,,,,,,,,,High,High,High,High,Undefined,,,
171,2025-07-26,20:17:24.92,3,5,"Devine, Michael",683772,Right,HP,"Guthrie, Dalton",656495,Right,GAS,Undefined,5,Top,1,1,2,Curveball,Curveball,BallCalled,Undefined,Undefined,Undefined,0,0,,73.88697,0.750055,-5.442773,2582.406122,54.422137,7:45,4.73838,4.14988,4.77833,-59.60145,-5.63339,-10.21158,0.48585,-1.876,68.21421,-9.875437,-7.224311,0.528737,,,,,,,,,,,,3.45461,-2.49843,-3.59463,50,4.7614,10.569,-106.71517,-0.67625,3.96867,19.01344,-35.04425,HP,GAS,HighPoint,Independent,ATL,20250726-HighPoint-1,12ccd510-6a7f-11f0-b210-07976e9a8e1d,71.28765,,,5.67276,,,,,,,0a4e6f39-7943-496f-befe-e00918278d5d,2025-07-27,00:17:24.92,2025-07-26T20:17:24.9270272-04:00,2025-07-27T00:17:24.9270272Z,,v3,5431,5508,,"Conley, Jack",663660,Right,HP,14e3b12d-1790-4e71-be45-ad348358112e,55.72307,-107.73003,9.50672,4.74758,1.19426,-17.52212,-4.1531,10.35717,1.98433,,,,,,,,,,,,,,,,,,,,,,,,,,,,,,,,,,,,,,,,,,,,,,,,,,,High,High,High,,,,,
172,2025-07-26,20:17:51.29,3,6,"Devine, Michael",683772,Right,HP,"Guthrie, Dalton",656495,Right,GAS,Undefined,5,Top,1,2,2,Slider,Curveball,FoulBallNotFieldable,Undefined,Undefined,Undefined,0,0,,75.08143,3.418063,-6.367034,2589.35751,95.997249,9:15,3.35959,4.89369,4.76565,-49.95444,2.18059,-6.64418,2.46153,-1.72184,69.1537,-5.543372,-7.517982,0.51968,56.01746,41.393752,40.993072,4070.869126,71.27233,42.86593,83.78678,156.3187,147.79553,52.026343,3.604253,1.6378,0.58315,-4.24678,50,3.6605,12.33112,-108.15742,4.76874,1.95382,17.61015,-31.47837,HP,GAS,HighPoint,Independent,ATL,20250726-HighPoint-1,227a8110-6a7f-11f0-b210-07976e9a8e1d,72.53007,47.96058,,5.92772,,,,0.82966,2.72791,1.9806,0a4e6f39-7943-496f-befe-e00918278d5d,2025-07-27,00:17:51.29,2025-07-26T20:17:51.2961536-04:00,2025-07-27T00:17:51.2961536Z,Popup,v3,5431,5508,,"Conley, Jack",663660,Right,HP,96e18570-cff2-4ca5-9afa-740d3f96ec4b,55.73532,-109.08724,8.80508,3.36483,6.43082,-15.73919,-4.89515,12.22795,0.97691,209.226047,0.83005,46.51041,-11.66411,3.00611,-0.55897,0.07736,-0.01485,0.00369,-0.00038,2.72816,54.31466,-17.40289,0.56321,0.26248,-0.24144,0.09551,-0.0181,0.00132,1.98069,40.42791,-3.30303,0.60882,-0.08577,0.01891,-0.00865,0.00224,-0.00021,,,,,,,,,,,,,,,,,,,,,,,High,High,High,High,High,,,
173,2025-07-26,20:18:21.94,3,7,"Devine, Michael",683772,Right,HP,"Guthrie, Dalton",656495,Right,GAS,Undefined,5,Top,1,2,2,Cutter,Slider,BallCalled,Undefined,Undefined,Undefined,0,0,,84.35919,-0.222118,-6.244388,2540.68114,237.31343,2:00,4.48468,4.45703,5.44936,-35.41384,4.7713,5.52331,1.32434,-0.95203,77.53611,-6.678741,-5.27087,0.456251,,,,,,,,,,,,-4.44284,2.84024,-3.90754,50,4.44058,13.09906,-121.8297,-1.72807,-6.70708,22.93827,-27.88634,HP,GAS,HighPoint,Independent,ATL,20250726-HighPoint-1,34ba2290-6a7f-11f0-b210-07976e9a8e1d,82.61332,,,6.82307,,,,,,,0a4e6f39-7943-496f-befe-e00918278d5d,2025-07-27,00:18:21.94,2025-07-26T20:18:21.9435008-04:00,2025-07-27T00:18:21.9435008Z,,v3,5431,5508,,"Conley, Jack",663660,Right,HP,ab7a45cd-2f27-498a-ad7d-0315d561fb97,55.05007,-122.77685,11.46914,4.48816,-0.5766,-13.94317,-4.45413,13.37601,-3.35354,,,,,,,,,,,,,,,,,,,,,,,,,,,,,,,,,,,,,,,,,,,,,,,,,,,High,High,High,,,,,
174,2025-07-26,20:18:44.29,3,8,"Devine, Michael",683772,Right,HP,"Guthrie, Dalton",656495,Right,GAS,Undefined,5,Top,1,3,2,Slider,Curveball,InPlay,Undefined,GroundBall,Single,0,1,,76.73554,1.392651,-4.348495,2587.062387,82.482249,8:45,4.20427,4.36156,4.94235,-49.20759,0.52783,-8.23619,1.42384,-0.44229,70.15143,-7.496994,-5.792487,0.50758,66.62263,-53.099677,-58.757611,,,,,3.40543,3.40543,-12.046218,0.020325,2.81433,0.24587,-3.93111,50,4.29905,8.76398,-110.95138,0.99446,3.48438,21.10831,-31.86966,HP,GAS,HighPoint,Independent,ATL,20250726-HighPoint-1,42135740-6a7f-11f0-b210-07976e9a8e1d,74.25914,1.5923,,6.58411,,,,2.71036,1.5923,0.31145,0a4e6f39-7943-496f-befe-e00918278d5d,2025-07-27,00:18:44.29,2025-07-26T20:18:44.2963456-04:00,2025-07-27T00:18:44.2963456Z,GroundBall,v3,5431,5508,,"Conley, Jack",663660,Right,HP,a309a0dc-218e-4a1a-8067-842e74f93291,55.55799,-112.00379,10.55416,4.20986,2.5834,-15.93483,-4.36372,8.59026,1.74219,,2.7101,30.5086,,,,,,,,1.59296,-78.34264,,,,,,,,0.31188,-50.29169,,,,,,,,,,,,,,,,,,,,,,,,,,,,,,High,High,High,Estimated,Estimated,,,
175,2025-07-26,20:21:56.21,4,1,"Blair, Daniel",689096,Right,HP,"Aldrete, Carter",666177,Right,GAS,Undefined,5,Top,1,0,0,Fastball,Four-Seam,FoulBallNotFieldable,Undefined,Undefined,Undefined,0,0,,94.94388,-1.516911,-1.053112,2052.963479,210.785387,1:00,5.96273,1.50655,4.77951,-19.61261,12.6156,6.92115,2.88989,1.08495,86.98393,-5.120733,0.164077,0.408591,,,,,,,,,,,,-3.70803,6.91288,-1.40773,50,5.79441,2.18388,-137.71297,-4.44547,-7.1446,29.62889,-18.85441,HP,GAS,HighPoint,Independent,ATL,20250726-HighPoint-1,b46eda80-6a7f-11f0-b210-07976e9a8e1d,92.24969,,,7.95995,,,,,,,0a4e6f39-7943-496f-befe-e00918278d5d,2025-07-27,00:21:56.21,2025-07-26T20:21:56.2168832-04:00,2025-07-27T00:21:56.2168832Z,,v3,5431,5508,,"Conley, Jack",663660,Right,HP,ca71581c-9688-46c6-b36e-1b7cac7ba767,55.72027,-138.93823,14.81445,5.96213,-3.66577,-9.42721,-1.50415,2.47933,-3.5723,,,,,,,,,,,,,,,,,,,,,,,,,,,,,,,,,,,,,,,,,,,,,,,,,,,High,High,High,,,,,
176,2025-07-26,20:22:27.59,4,2,"Blair, Daniel",689096,Right,HP,"Aldrete, Carter",666177,Right,GAS,Undefined,5,Top,1,0,1,Sweeper,Slider,BallCalled,Undefined,Undefined,Undefined,0,0,,84.09033,0.498934,-1.430554,2486.982532,66.233662,8:15,5.86248,1.35513,4.66996,-46.89861,-5.65591,-15.62103,2.42832,-1.30566,77.57227,-7.893275,-4.172961,0.462216,,,,,,,,,,,,7.25146,-2.51441,-1.19451,50,5.8706,3.76175,-122.02928,-0.84944,10.9611,23.46262,-35.97478,HP,GAS,HighPoint,Independent,ATL,20250726-HighPoint-1,c72ab0e0-6a7f-11f0-b210-07976e9a8e1d,81.54723,,,6.51806,,,,,,,0a4e6f39-7943-496f-befe-e00918278d5d,2025-07-27,00:22:27.59,2025-07-26T20:22:27.5969536-04:00,2025-07-27T00:22:27.5969536Z,,v3,5431,5508,,"Conley, Jack",663660,Right,HP,7c274127-77ec-44f7-b71b-fc1007d30b08,55.83183,-123.14546,11.73131,5.87031,0.86199,-17.98739,-1.36106,3.2403,5.48055,,,,,,,,,,,,,,,,,,,,,,,,,,,,,,,,,,,,,,,,,,,,,,,,,,,High,High,High,,,,,
177,2025-07-26,20:22:47.68,4,3,"Blair, Daniel",689096,Right,HP,"Aldrete, Carter",666177,Right,GAS,Undefined,5,Top,1,1,1,Slider,Slider,BallCalled,Undefined,Undefined,Undefined,0,0,,88.99237,-1.418071,-2.711446,2610.384132,96.696624,9:15,5.8485,1.25203,4.94529,-34.86041,1.35752,-3.03295,1.6016,-1.56498,82.65571,-7.686341,-3.246075,0.433145,,,,,,,,,,,,0.84378,1.32236,-0.986,50,5.68166,6.2556,-129.13154,-4.62077,1.44178,23.87656,-29.91452,HP,GAS,HighPoint,Independent,ATL,20250726-HighPoint-1,d31d9ed0-6a7f-11f0-b210-07976e9a8e1d,87.02043,,,6.33666,,,,,,,0a4e6f39-7943-496f-befe-e00918278d5d,2025-07-27,00:22:47.68,2025-07-26T20:22:47.6835328-04:00,2025-07-27T00:22:47.6835328Z,,v3,5431,5508,,"Conley, Jack",663660,Right,HP,f5df1940-fb76-450f-a7b3-ed3dad201a32,55.55565,-130.15473,11.93828,5.8522,-3.33883,-14.95726,-1.25275,6.19381,0.72089,,,,,,,,,,,,,,,,,,,,,,,,,,,,,,,,,,,,,,,,,,,,,,,,,,,High,High,High,,,,,
178,2025-07-26,20:23:03.93,4,4,"Blair, Daniel",689096,Right,HP,"Aldrete, Carter",666177,Right,GAS,Undefined,5,Top,1,2,1,Slider,Slider,StrikeSwinging,Undefined,Undefined,Undefined,0,0,,86.43403,0.325597,-0.205083,2511.010007,60.972586,8:00,5.8427,1.42123,4.74857,-39.14104,-0.79827,-3.22587,2.88977,0.9579,80.54561,-6.696425,-0.77259,0.44567,,,,,,,,,,,,1.54209,-0.16118,-1.39761,50,5.84048,0.59789,-125.65632,-0.89177,2.51062,21.09961,-32.43643,HP,GAS,HighPoint,Independent,ATL,20250726-HighPoint-1,dcd23580-6a7f-11f0-b210-07976e9a8e1d,84.57481,,,5.88842,,,,,,,0a4e6f39-7943-496f-befe-e00918278d5d,2025-07-27,00:23:03.93,2025-07-26T20:23:03.9333376-04:00,2025-07-27T00:23:03.9333376Z,,v3,5431,5508,,"Conley, Jack",663660,Right,HP,84966cc5-747e-4709-8b3a-bfa701662d47,55.75328,-126.61869,10.54981,5.84741,0.58769,-16.21822,-1.42227,0.48337,1.25531,,,,,,,,,,,,,,,,,,,,,,,,,,,,,,,,,,,,,,,,,,,,,,,,,,,High,High,High,,,,,
179,2025-07-26,20:23:32.37,4,5,"Blair, Daniel",689096,Right,HP,"Aldrete, Carter",666177,Right,GAS,Undefined,5,Top,1,2,2,Fastball,Four-Seam,StrikeSwinging,Strikeout,Undefined,Undefined,0,0,,95.37732,-2.476515,-2.024622,2111.537186,203.867603,12:45,5.96984,1.32193,4.86417,-16.88269,14.87001,6.1591,2.21619,-0.08177,87.77852,-5.590725,-0.940653,0.405566,,,,,,,,,,,,-3.54567,8.24796,-1.12794,50,5.71177,4.57545,-138.26882,-6.64369,-6.92418,28.3042,-16.06698,HP,GAS,HighPoint,Independent,ATL,20250726-HighPoint-1,edbea310-6a7f-11f0-b210-07976e9a8e1d,92.93787,,,7.59881,,,,,,,0a4e6f39-7943-496f-befe-e00918278d5d,2025-07-27,00:23:32.37,2025-07-26T20:23:32.3778560-04:00,2025-07-27T00:23:32.3778560Z,,v3,5431,5508,,"Conley, Jack",663660,Right,HP,64cf21a6-3ee6-44bc-97e7-52dba49fa592,55.63482,-139.41751,14.1521,5.96816,-5.99163,-8.03349,-1.31933,4.85646,-3.46209,,,,,,,,,,,,,,,,,,,,,,,,,,,,,,,,,,,,,,,,,,,,,,,,,,,High,High,High,,,,,
180,2025-07-26,20:24:06.59,5,1,"Blair, Daniel",689096,Right,HP,"Watson, Kevin",675982,Left,GAS,Undefined,5,Top,2,0,0,Fastball,Four-Seam,StrikeCalled,Undefined,Undefined,Undefined,0,0,,95.92968,-2.600938,-2.904709,2200.351072,210.719455,1:00,5.85419,1.50035,4.73382,-16.26135,15.37398,8.55989,2.02669,-0.54439,88.09893,-5.602072,-1.403402,0.404816,,,,,,,,,,,,-4.94366,8.5041,-1.21543,50,5.57778,6.60578,-138.91947,-6.96188,-9.7308,29.00929,-15.43509,HP,GAS,HighPoint,Independent,ATL,20250726-HighPoint-1,0227b440-6a80-11f0-b210-07976e9a8e1d,93.11002,,,7.83075,,,,,,,0a4e6f39-7943-496f-befe-e00918278d5d,2025-07-27,00:24:06.59,2025-07-26T20:24:06.5981952-04:00,2025-07-27T00:24:06.5981952Z,,v3,5431,5508,,"Conley, Jack",663660,Right,HP,33327506-698b-4e33-ad3e-0714374e7cd2,55.76518,-140.11819,14.50465,5.85228,-6.32407,-7.71754,-1.4967,7.00788,-4.8654,,,,,,,,,,,,,,,,,,,,,,,,,,,,,,,,,,,,,,,,,,,,,,,,,,,High,High,High,,,,,
181,2025-07-26,20:24:26.82,5,2,"Blair, Daniel",689096,Right,HP,"Watson, Kevin",675982,Left,GAS,Undefined,5,Top,2,0,1,ChangeUp,Sinker,BallCalled,Undefined,Undefined,Undefined,0,0,,87.74248,1.194591,-0.969181,2024.038744,258.799342,2:45,5.6338,1.83966,5.44404,-33.23352,3.70071,12.79977,3.98316,1.99877,80.08605,-4.91551,1.309282,0.437407,,,,,,,,,,,,-6.67311,1.9052,-1.76292,50,5.71667,1.58182,-127.35552,1.4196,-10.94803,26.4172,-29.04836,HP,GAS,HighPoint,Independent,ATL,20250726-HighPoint-1,0e364080-6a80-11f0-b210-07976e9a8e1d,86.17245,,,7.65643,,,,,,,0a4e6f39-7943-496f-befe-e00918278d5d,2025-07-27,00:24:26.82,2025-07-26T20:24:26.8219392-04:00,2025-07-27T00:24:26.8219392Z,,v3,5431,5508,,"Conley, Jack",663660,Right,HP,3e09860c-e582-41b1-acc6-f8560bbfc4fc,55.05451,-128.3997,13.2086,5.63786,2.56777,-14.52418,-1.83399,2.01456,-5.47402,,,,,,,,,,,,,,,,,,,,,,,,,,,,,,,,,,,,,,,,,,,,,,,,,,,High,High,High,,,,,
182,2025-07-26,20:24:46.85,5,3,"Blair, Daniel",689096,Right,HP,"Watson, Kevin",675982,Left,GAS,Undefined,5,Top,2,1,1,Fastball,Four-Seam,FoulBallNotFieldable,Undefined,Undefined,Undefined,0,0,,95.24969,-1.806934,-2.066086,2018.018892,218.691416,1:15,5.85948,1.44797,4.93345,-20.21139,11.38713,8.40197,2.46557,0.19439,88.03002,-5.504665,-0.585123,0.40458,,,,,,,,,,,,-4.59599,6.34095,-1.25393,50,5.66701,4.55153,-138.19697,-5.18587,-9.00974,26.85363,-19.74363,HP,GAS,HighPoint,Independent,ATL,20250726-HighPoint-1,1a0be270-6a80-11f0-b210-07976e9a8e1d,93.16432,,,7.21966,,,,,,,0a4e6f39-7943-496f-befe-e00918278d5d,2025-07-27,00:24:46.85,2025-07-26T20:24:46.8587520-04:00,2025-07-27T00:24:46.8587520Z,,v3,5431,5508,,"Conley, Jack",663660,Right,HP,413306ff-f5c7-4722-9f70-82fd19f1cb6a,55.56429,-139.27399,13.42681,5.85912,-4.39401,-9.87182,-1.44372,4.91288,-4.50487,,,,,,,,,,,,,,,,,,,,,,,,,,,,,,,,,,,,,,,,,,,,,,,,,,,High,High,High,,,,,
183,2025-07-26,20:25:17.08,5,4,"Blair, Daniel",689096,Right,HP,"Watson, Kevin",675982,Left,GAS,Undefined,5,Top,2,1,2,Sweeper,Curveball,HitByPitch,Undefined,Undefined,Undefined,0,0,,84.8262,-2.088277,-3.097477,2619.747003,47.108965,7:30,5.66324,1.3069,4.83232,-47.63215,-6.74512,-8.70654,-0.28744,-2.35476,77.8992,-10.582242,-4.63094,0.460219,,,,,,,,,,,,3.41732,-2.46969,-0.99176,50,5.41444,7.02132,-122.76874,-6.36026,5.16158,26.65492,-35.90427,HP,GAS,HighPoint,Independent,ATL,20250726-HighPoint-1,2c253740-6a80-11f0-b210-07976e9a8e1d,81.90115,,,6.927,,,,,,,0a4e6f39-7943-496f-befe-e00918278d5d,2025-07-27,00:25:17.08,2025-07-26T20:25:17.0852864-04:00,2025-07-27T00:25:17.0852864Z,,v3,5431,5508,,"Conley, Jack",663660,Right,HP,28762d4b-071f-4aa5-a8a4-0238879e2272,55.66993,-123.99366,13.32746,5.66881,-4.71029,-17.95213,-1.30897,6.78412,2.58079,,,,,,,,,,,,,,,,,,,,,,,,,,,,,,,,,,,,,,,,,,,,,,,,,,,High,High,High,,,,,
184,2025-07-26,20:26:02.98,6,1,"Blair, Daniel",689096,Right,HP,"Skender, Ethan",663690,Right,GAS,Undefined,5,Top,2,0,0,Slider,Slider,StrikeCalled,Undefined,Undefined,Undefined,0,0,,87.03448,-0.747594,-1.006747,2506.091402,58.68227,8:00,5.85452,1.25303,4.81138,-39.28963,-1.51583,-4.10536,1.872,-0.04292,81.2436,-7.784109,-1.730163,0.442351,,,,,,,,,,,,1.80311,-0.29669,-1.14919,50,5.74573,2.4097,-126.51044,-3.25877,2.97224,21.67033,-32.6631,HP,GAS,HighPoint,Independent,ATL,20250726-HighPoint-1,47893d60-6a80-11f0-b210-07976e9a8e1d,85.20936,,,5.79088,,,,,,,0a4e6f39-7943-496f-befe-e00918278d5d,2025-07-27,00:26:02.98,2025-07-26T20:26:02.9897728-04:00,2025-07-27T00:26:02.9897728Z,,v3,5431,5508,,"Conley, Jack",663660,Right,HP,5b6484d8-5722-431d-a8ba-655fb03c8f73,55.69097,-127.48154,10.83517,5.85897,-1.79507,-16.33155,-1.25419,2.27651,1.48612,,,,,,,,,,,,,,,,,,,,,,,,,,,,,,,,,,,,,,,,,,,,,,,,,,,High,High,High,,,,,
185,2025-07-26,20:26:22.23,6,2,"Blair, Daniel",689096,Right,HP,"Skender, Ethan",663690,Right,GAS,Undefined,5,Top,2,0,1,Sweeper,Curveball,BallCalled,Undefined,Undefined,Undefined,0,0,,86.66747,-3.709152,-3.284323,2626.130056,66.629876,8:15,5.75202,1.2361,4.67659,-43.61357,-4.36217,-12.86316,-1.41575,-2.95838,80.34071,-11.403674,-5.542882,0.450919,,,,,,,,,,,,5.54032,-0.94512,-0.88896,50,5.33331,7.75555,-125.31228,-9.9029,8.78054,26.10585,-33.67194,HP,GAS,HighPoint,Independent,ATL,20250726-HighPoint-1,52f65980-6a80-11f0-b210-07976e9a8e1d,83.59017,,,6.32676,,,,,,,0a4e6f39-7943-496f-befe-e00918278d5d,2025-07-27,00:26:22.23,2025-07-26T20:26:22.2374912-04:00,2025-07-27T00:26:22.2374912Z,,v3,5431,5508,,"Conley, Jack",663660,Right,HP,a4834b25-3cad-41dc-9e3c-0555b19d1f3f,55.82711,-126.5204,13.05292,5.75554,-8.34464,-16.83597,-1.23846,7.34921,4.39027,,,,,,,,,,,,,,,,,,,,,,,,,,,,,,,,,,,,,,,,,,,,,,,,,,,High,High,High,,,,,
186,2025-07-26,20:26:45.99,6,3,"Blair, Daniel",689096,Right,HP,"Skender, Ethan",663690,Right,GAS,Undefined,5,Top,2,1,1,Fastball,Four-Seam,FoulBallNotFieldable,Undefined,Undefined,Undefined,0,0,,96.70511,-1.801439,-1.273679,2176.591213,195.047247,12:30,5.98701,1.27223,4.80552,-14.37682,16.58552,4.20658,3.08118,0.41583,88.74783,-4.479053,-0.533923,0.400487,88.8623,48.993661,35.668142,5913.996951,79.74089,113.79856,75.77196,241.23549,111.7926,50.609466,5.705966,-2.41701,8.93497,-1.14936,50,5.79591,2.90517,-140.28657,-4.96657,-4.84668,29.88468,-14.25717,HP,GAS,HighPoint,Independent,ATL,20250726-HighPoint-1,611e9e00-6a80-11f0-b210-07976e9a8e1d,94.11654,123.63361,,7.95728,,,,2.25463,2.937,-0.78925,0a4e6f39-7943-496f-befe-e00918278d5d,2025-07-27,00:26:45.99,2025-07-26T20:26:45.9999744-04:00,2025-07-27T00:26:45.9999744Z,FlyBall,v3,5431,5508,,"Conley, Jack",663660,Right,HP,9f8303bd-ad81-47b0-8a00-49af8009c52d,55.6946,-141.49446,14.94234,5.985,-4.39032,-7.12859,-1.27075,3.10107,-2.42334,202.763173,2.25987,69.34053,-24.02336,6.62141,-0.96715,-0.04894,0.04727,-0.00714,0.00036,2.92651,98.53431,-24.38335,2.52194,-0.52595,0.09254,-0.00467,-0.00099,0.0001,-0.79125,49.89699,-6.38248,1.09829,-0.1698,0.03101,-0.00582,0.00072,-4E-05,,,,,,,,,,,,,,,,,,,,,,,High,High,High,Medium,Low,,,
187,2025-07-26,20:27:26.81,6,4,"Blair, Daniel",689096,Right,HP,"Skender, Ethan",663690,Right,GAS,Undefined,5,Top,2,1,2,Fastball,Four-Seam,FoulBallNotFieldable,Undefined,Undefined,Undefined,0,0,,95.68374,-1.129354,-2.439074,2219.865714,202.526687,12:45,5.97669,1.32066,4.9535,-17.01808,14.56654,5.63201,3.49032,-0.516,87.48636,-4.290275,-1.446975,0.404491,,,,,,,,,,,,-3.46189,7.81563,-1.08905,50,5.85365,5.62827,-138.72405,-3.39429,-6.76312,30.30266,-16.90554,HP,GAS,HighPoint,Independent,ATL,20250726-HighPoint-1,79758b30-6a80-11f0-b210-07976e9a8e1d,93.1848,,,8.19739,,,,,,,0a4e6f39-7943-496f-befe-e00918278d5d,2025-07-27,00:27:26.81,2025-07-26T20:27:26.8115456-04:00,2025-07-27T00:27:26.8115456Z,,v3,5431,5508,,"Conley, Jack",663660,Right,HP,abb08d19-50aa-471f-85ea-eb43143a4b36,55.54598,-139.93026,15.15133,5.97537,-2.72136,-8.45277,-1.31844,5.89748,-3.38156,,,,,,,,,,,,,,,,,,,,,,,,,,,,,,,,,,,,,,,,,,,,,,,,,,,High,High,High,,,,,
188,2025-07-26,20:28:00.85,6,5,"Blair, Daniel",689096,Right,HP,"Skender, Ethan",663690,Right,GAS,Undefined,5,Top,2,1,2,Sweeper,Curveball,BallCalled,Undefined,Undefined,Undefined,0,0,,81.85765,2.087076,1.354073,2341.930562,43.778371,7:30,5.76134,1.24002,4.70078,-51.7018,-8.35693,-9.21894,3.4355,1.75741,75.4571,-7.180899,-0.265403,0.473849,,,,,,,,,,,,4.85807,-4.22949,-1.36855,50,5.92607,-2.39721,-118.78368,2.26948,6.98765,21.31916,-38.25755,HP,GAS,HighPoint,Independent,ATL,20250726-HighPoint-1,8dca02f0-6a80-11f0-b210-07976e9a8e1d,79.54519,,,6.40055,,,,,,,0a4e6f39-7943-496f-befe-e00918278d5d,2025-07-27,00:28:00.85,2025-07-26T20:28:00.8548864-04:00,2025-07-27T00:28:00.8548864Z,,v3,5431,5508,,"Conley, Jack",663660,Right,HP,802f692d-966e-4a7e-a94a-83d875f14ca6,55.80165,-119.82042,10.65958,5.77047,4.12994,-19.12877,-1.24371,-2.73702,3.49383,,,,,,,,,,,,,,,,,,,,,,,,,,,,,,,,,,,,,,,,,,,,,,,,,,,High,High,High,,,,,
189,2025-07-26,20:28:43.80,6,6,"Blair, Daniel",689096,Right,HP,"Skender, Ethan",663690,Right,GAS,Undefined,5,Top,2,2,2,Slider,Slider,InPlay,Undefined,GroundBall,Out,1,0,,87.88977,-0.161565,-1.285739,2359.248049,40.55622,7:15,5.8243,1.33829,4.91125,-41.03101,-3.69551,-4.10603,2.25224,-0.21988,81.06646,-7.546269,-2.010314,0.439777,82.36126,-1.381752,-40.055001,3766.722206,,,,29.83228,29.83228,-34.224671,0.23054,1.71646,-1.56508,-1.209,50,5.77355,3.04866,-127.62094,-2.02418,2.84231,25.27033,-34.76567,HP,GAS,HighPoint,Independent,ATL,20250726-HighPoint-1,a75e7930-6a80-11f0-b210-07976e9a8e1d,85.70813,2.54484,,6.82332,,,,4.148,2.54484,0.24724,0a4e6f39-7943-496f-befe-e00918278d5d,2025-07-27,00:28:43.80,2025-07-26T20:28:43.8002688-04:00,2025-07-27T00:28:43.8002688Z,GroundBall,v3,5431,5508,,"Conley, Jack",663660,Right,HP,99647b2b-2099-4081-aefe-4c5f476c1880,55.59124,-128.72331,12.63517,5.82877,-0.5076,-17.38284,-1.33928,2.92468,1.42115,348.109318,4.14798,92.43534,-14.89292,,,,,,,2.54959,-3.18696,-34.23538,,,,,,,0.24646,-77.6678,16.57589,,,,,,,,,,,,,,,,,,,,,,,,,,,,,High,High,High,Medium,High,,,
190,2025-07-26,20:31:43.30,1,1,"Hennen, Ryan",802402,Left,GAS,"Mendoza, Drew",666141,Left,HP,Undefined,5,Bottom,0,0,0,Fastball,Four-Seam,FoulBallNotFieldable,Undefined,Undefined,Undefined,0,0,,90.91927,-0.783206,3.562037,2089.609417,147.471901,11:00,5.91347,-2.85902,5.07908,-20.61848,13.90308,-8.24693,3.45549,-0.18409,83.9762,-4.579597,2.108246,0.422879,,,,,,,,,,,,4.99642,7.41134,2.52808,50,5.82314,-7.83104,-131.88363,-2.57898,8.91582,24.5887,-18.94895,HP,GAS,HighPoint,Independent,ATL,20250726-HighPoint-1,12580850-6a81-11f0-b210-07976e9a8e1d,89.13282,,,6.94307,,,,,,,0a4e6f39-7943-496f-befe-e00918278d5d,2025-07-27,00:31:43.30,2025-07-26T20:31:43.3019392-04:00,2025-07-27T00:31:43.3019392Z,,v3,5431,5508,,"Perez, Henderson",666630,Right,GAS,7b01ac22-24eb-480d-8d52-76b06ebd9322,55.42218,-132.8907,12.29435,5.91287,-1.80289,-9.47448,2.8563,-8.19621,4.45791,,,,,,,,,,,,,,,,,,,,,,,,,,,,,,,,,,,,,,,,,,,,,,,,,,,High,High,High,,,,,
191,2025-07-26,20:32:07.34,1,2,"Hennen, Ryan",802402,Left,GAS,"Mendoza, Drew",666141,Left,HP,Undefined,5,Bottom,0,0,1,Fastball,Four-Seam,BallCalled,Undefined,Undefined,Undefined,0,0,,91.21468,-3.161659,5.070167,2244.873874,152.844147,11:00,5.96129,-2.7307,5.30742,-19.07788,15.38146,-7.34367,1.38896,1.4291,83.86981,-6.691877,3.774399,0.422498,,,,,,,,,,,,4.98981,8.85292,2.27489,50,5.65934,-11.35351,-131.78109,-7.97872,8.83411,26.2265,-16.50054,HP,GAS,HighPoint,Independent,ATL,20250726-HighPoint-1,20b2ce80-6a81-11f0-b210-07976e9a8e1d,89.21322,,,7.34487,,,,,,,0a4e6f39-7943-496f-befe-e00918278d5d,2025-07-27,00:32:07.34,2025-07-26T20:32:07.3456128-04:00,2025-07-27T00:32:07.3456128Z,,v3,5431,5508,,"Perez, Henderson",666630,Right,GAS,8ec3e4ab-0bd3-44af-9c78-66d363c51d6e,55.19151,-132.81026,13.11325,5.95974,-7.33121,-8.25027,2.72722,-11.70017,4.41706,,,,,,,,,,,,,,,,,,,,,,,,,,,,,,,,,,,,,,,,,,,,,,,,,,,High,High,High,,,,,
192,2025-07-26,20:32:26.96,1,3,"Hennen, Ryan",802402,Left,GAS,"Mendoza, Drew",666141,Left,HP,Undefined,5,Bottom,0,1,1,Slider,Slider,BallCalled,Undefined,Undefined,Undefined,0,0,,85.65046,-2.725551,4.13709,2697.688885,241.868715,2:00,6.138,-2.88114,4.4574,-35.0288,4.76229,6.97402,0.6113,1.65172,80.24236,-8.924165,5.351787,0.454009,,,,,,,,,,,,-2.48197,3.23917,2.43637,50,5.81513,-9.28835,-123.99863,-7.35756,-3.93326,20.65102,-27.04084,HP,GAS,HighPoint,Independent,ATL,20250726-HighPoint-1,2c633530-6a81-11f0-b210-07976e9a8e1d,83.0214,,,5.4081,,,,,,,0a4e6f39-7943-496f-befe-e00918278d5d,2025-07-27,00:32:26.96,2025-07-26T20:32:26.9614080-04:00,2025-07-27T00:32:26.9614080Z,,v3,5431,5508,,"Perez, Henderson",666630,Right,GAS,52ad8b4e-cc2a-4d86-9d5d-e4a19e87afba,56.0445,-125.00124,10.32551,6.14048,-6.04472,-13.52042,2.88268,-9.09739,-1.96663,,,,,,,,,,,,,,,,,,,,,,,,,,,,,,,,,,,,,,,,,,,,,,,,,,,High,High,High,,,,,
193,2025-07-26,20:32:47.07,1,4,"Hennen, Ryan",802402,Left,GAS,"Mendoza, Drew",666141,Left,HP,Undefined,5,Bottom,0,2,1,Fastball,Four-Seam,InPlay,Undefined,FlyBall,Out,1,0,,91.497,-2.616496,3.946935,2274.701894,154.545712,11:15,6.00289,-2.91065,5.1723,-18.67938,15.75442,-6.97394,1.97646,0.22833,83.74304,-6.084442,2.71623,0.422342,86.55927,25.490377,5.071048,2641.344792,109.76578,44.21213,7.17361,310.1991,305.55237,1.014216,4.169537,4.60729,8.92937,2.54829,50,5.74477,-8.81677,-132.39968,-6.73556,8.18852,27.93347,-16.30386,HP,GAS,HighPoint,Independent,ATL,20250726-HighPoint-1,3859cca0-6a81-11f0-b210-07976e9a8e1d,89.24635,54.61348,,7.75396,,,,2.85786,2.15522,-0.12821,0a4e6f39-7943-496f-befe-e00918278d5d,2025-07-27,00:32:47.07,2025-07-26T20:32:47.0709760-04:00,2025-07-27T00:32:47.0709760Z,LineDrive,v3,5431,5508,,"Perez, Henderson",666630,Right,GAS,df685161-a243-4ccd-8404-b72f3e448930,55.32827,-133.5191,13.96673,6.0016,-6.08219,-8.15193,2.9082,-9.14491,4.09426,166.107613,2.85687,114.17128,-18.33581,4.00066,-0.96295,0.26471,-0.06383,0.00935,-0.00057,2.15634,54.61369,-15.69485,1.10158,-0.22105,0.00732,0.01325,-0.00314,0.00022,-0.12847,10.13685,-3.8971,0.88067,-0.25448,0.0822,-0.02069,0.003,-0.00018,,,,,,,,,,,,,,,,,,,,,,,High,High,High,High,High,,,
194,2025-07-26,20:33:20.75,2,1,"Hennen, Ryan",802402,Left,GAS,"Dickerson, Alex",543105,Left,HP,Undefined,5,Bottom,1,0,0,Fastball,Four-Seam,BallCalled,Undefined,Undefined,Undefined,0,0,,92.42654,-1.011749,4.079751,2206.400533,149.678345,11:00,6.07462,-2.65731,5.27376,-19.26997,14.21186,-7.70843,3.51596,0.53883,84.6644,-4.592646,2.717537,0.416463,,,,,,,,,,,,4.92319,7.68646,2.28989,50,5.96807,-9.18294,-133.86199,-3.06501,8.97726,27.55656,-18.15799,HP,GAS,HighPoint,Independent,ATL,20250726-HighPoint-1,4c72c200-6a81-11f0-b210-07976e9a8e1d,90.50618,,,7.76214,,,,,,,0a4e6f39-7943-496f-befe-e00918278d5d,2025-07-27,00:33:20.75,2025-07-26T20:33:20.7508992-04:00,2025-07-27T00:33:20.7508992Z,,v3,5431,5508,,"Perez, Henderson",666630,Right,GAS,326e2a9b-f61c-49ad-85f0-8c43a870c43b,55.2247,-134.93324,13.77828,6.0735,-2.35912,-9.079,2.65365,-9.53193,4.48863,,,,,,,,,,,,,,,,,,,,,,,,,,,,,,,,,,,,,,,,,,,,,,,,,,,High,High,High,,,,,
195,2025-07-26,20:33:38.65,2,2,"Hennen, Ryan",802402,Left,GAS,"Dickerson, Alex",543105,Left,HP,Undefined,5,Bottom,1,1,0,Fastball,Four-Seam,BallCalled,Undefined,Undefined,Undefined,0,0,,90.98528,-0.684655,2.508119,2211.946542,147.000752,11:00,5.85856,-2.88409,5.1116,-21.47044,13.14465,-7.85544,3.42369,-1.17428,83.47985,-4.650185,1.120118,0.423452,,,,,,,,,,,,4.55146,7.03418,2.65411,50,5.7776,-5.40859,-131.97745,-2.37973,8.07656,26.4869,-19.69196,HP,GAS,HighPoint,Independent,ATL,20250726-HighPoint-1,571d7880-6a81-11f0-b210-07976e9a8e1d,89.01232,,,7.50543,,,,,,,0a4e6f39-7943-496f-befe-e00918278d5d,2025-07-27,00:33:38.65,2025-07-26T20:33:38.6593792-04:00,2025-07-27T00:33:38.6593792Z,,v3,5431,5508,,"Perez, Henderson",666630,Right,GAS,da0bec39-2d50-4803-bbb4-9d695a748e99,55.38694,-133.05417,13.24345,5.85807,-1.57923,-9.84598,2.88065,-5.73691,4.03828,,,,,,,,,,,,,,,,,,,,,,,,,,,,,,,,,,,,,,,,,,,,,,,,,,,High,High,High,,,,,
196,2025-07-26,20:33:56.61,2,3,"Hennen, Ryan",802402,Left,GAS,"Dickerson, Alex",543105,Left,HP,Undefined,5,Bottom,1,2,0,Fastball,Four-Seam,StrikeSwinging,Undefined,Undefined,Undefined,0,0,,90.40266,-1.642836,3.032496,2087.223961,153.32058,11:00,6.05159,-2.71863,5.25494,-21.30296,13.60359,-6.30453,2.73014,-0.39199,83.09239,-5.580169,1.916267,0.425231,,,,,,,,,,,,3.93414,7.553,2.44522,50,5.88522,-6.65235,-131.06567,-4.53499,6.88848,25.98911,-18.94912,HP,GAS,HighPoint,Independent,ATL,20250726-HighPoint-1,61d2dd60-6a81-11f0-b210-07976e9a8e1d,88.63991,,,7.31026,,,,,,,0a4e6f39-7943-496f-befe-e00918278d5d,2025-07-27,00:33:56.61,2025-07-26T20:33:56.6179840-04:00,2025-07-27T00:33:56.6179840Z,,v3,5431,5508,,"Perez, Henderson",666630,Right,GAS,82fdc270-151e-4037-902a-a21fc40dc132,55.24376,-132.10137,12.99455,6.0509,-3.77985,-9.47456,2.71579,-6.92686,3.44424,,,,,,,,,,,,,,,,,,,,,,,,,,,,,,,,,,,,,,,,,,,,,,,,,,,High,High,High,,,,,
197,2025-07-26,20:34:14.62,2,4,"Hennen, Ryan",802402,Left,GAS,"Dickerson, Alex",543105,Left,HP,Undefined,5,Bottom,1,2,1,Slider,Slider,InPlay,Undefined,LineDrive,Single,0,0,,85.72658,-1.989788,2.860972,2638.052107,247.017837,2:15,6.11455,-2.87471,5.01453,-35.90852,2.93811,4.47941,1.24111,0.20101,80.011,-8.437539,3.651554,0.448589,92.05252,16.042,10.618293,903.215146,108.41582,23.52187,18.60033,262.11424,262.11424,9.259669,2.748341,-1.57311,2.20555,2.59637,50,5.89413,-6.41,-124.4072,-5.70786,-2.50145,21.54029,-28.66691,HP,GAS,HighPoint,Independent,ATL,20250726-HighPoint-1,6c911be0-6a81-11f0-b210-07976e9a8e1d,84.02452,25.38761,,5.71558,,,,2.46959,1.39533,-0.10641,0a4e6f39-7943-496f-befe-e00918278d5d,2025-07-27,00:34:14.62,2025-07-26T20:34:14.6299392-04:00,2025-07-27T00:34:14.6299392Z,LineDrive,v3,5431,5508,,"Perez, Henderson",666630,Right,GAS,f2919d67-a335-4c61-8939-d5e3a8196d38,55.48776,-125.35377,10.77014,6.11728,-4.44812,-14.33346,2.87563,-6.30008,-1.25072,164.372195,2.4696,127.53037,-19.75319,4.16222,-0.84107,0.1509,-0.02088,0.00165,-3E-05,1.39526,37.3123,-15.39394,0.85463,-0.23738,0.13406,-0.05649,0.01287,-0.00116,-0.10636,23.90646,-5.5024,1.43559,-0.26623,-0.00711,0.0254,-0.00726,0.00071,,,,,,,,,,,,,,,,,,,,,,,High,High,High,High,High,,,
198,2025-07-26,20:34:54.46,3,1,"Hennen, Ryan",802402,Left,GAS,"Viera, Max",1000098712,Right,HP,Undefined,5,Bottom,1,0,0,Slider,Slider,BallCalled,Undefined,Undefined,Undefined,0,0,,83.69548,-1.64629,0.967347,2496.777107,285.638207,3:30,6.048,-2.71756,4.73148,-41.28408,-0.28295,4.83055,1.04511,-1.39716,78.34132,-9.010194,1.817943,0.46086,,,,,,,,,,,,-2.15622,0.57815,2.61554,50,5.84501,-2.26767,-121.59509,-5.13716,-3.28409,19.97574,-31.29347,HP,GAS,HighPoint,Independent,ATL,20250726-HighPoint-1,8459abc0-6a81-11f0-b210-07976e9a8e1d,81.78711,,,5.35416,,,,,,,0a4e6f39-7943-496f-befe-e00918278d5d,2025-07-27,00:34:54.46,2025-07-26T20:34:54.4688640-04:00,2025-07-27T00:34:54.4688640Z,,v3,5431,5508,,"Perez, Henderson",666630,Right,GAS,56025031-8168-4f7f-a429-f5490fe4ea40,55.77022,-122.53936,9.98787,6.05289,-3.65789,-15.64673,2.71907,-2.11242,-1.64205,,,,,,,,,,,,,,,,,,,,,,,,,,,,,,,,,,,,,,,,,,,,,,,,,,,High,High,High,,,,,
199,2025-07-26,20:35:08.83,3,2,"Hennen, Ryan",802402,Left,GAS,"Viera, Max",1000098712,Right,HP,Undefined,5,Bottom,1,1,0,ChangeUp,Changeup,BallCalled,Undefined,Undefined,Undefined,0,0,,83.98831,1.004883,2.459015,1562.999693,93.848437,9:15,6.00165,-2.9357,4.90377,-38.63305,1.87677,-11.82764,3.73356,-1.59432,77.97637,-5.967087,0.376016,0.458091,,,,,,,,,,,,6.40752,1.03685,2.70547,50,6.06739,-4.71515,-121.97684,0.6435,9.81599,20.20695,-30.58567,HP,GAS,HighPoint,Independent,ATL,20250726-HighPoint-1,8ce7c3d0-6a81-11f0-b210-07976e9a8e1d,82.28159,,,6.01194,,,,,,,0a4e6f39-7943-496f-befe-e00918278d5d,2025-07-27,00:35:08.83,2025-07-26T20:35:08.8337920-04:00,2025-07-27T00:35:08.8337920Z,,v3,5431,5508,,"Perez, Henderson",666630,Right,GAS,d46ab3b8-59d1-41e0-8327-d678d8822137,55.59785,-122.90069,10.10347,6.006,2.04186,-15.29284,2.9313,-5.16393,4.908,,,,,,,,,,,,,,,,,,,,,,,,,,,,,,,,,,,,,,,,,,,,,,,,,,,High,High,High,,,,,
200,2025-07-26,20:35:25.67,3,3,"Hennen, Ryan",802402,Left,GAS,"Viera, Max",1000098712,Right,HP,Undefined,5,Bottom,1,2,0,Fastball,Four-Seam,FoulBallNotFieldable,Undefined,Undefined,Undefined,0,0,,90.50746,-2.225137,2.90873,2242.795745,152.160934,11:00,6.07914,-2.66415,5.27825,-20.53324,14.13721,-6.9317,2.27445,-0.50756,83.55598,-6.014822,1.680542,0.423791,83.39131,49.065049,51.662833,5045.421475,51.74172,97.77679,97.07068,240.912,106.83616,70.219938,5.148927,4.22,7.95579,2.40385,50,5.86085,-6.35872,-131.27376,-5.84783,7.43956,25.11529,-18.14855,HP,GAS,HighPoint,Independent,ATL,20250726-HighPoint-1,96e60db0-6a81-11f0-b210-07976e9a8e1d,88.94119,102.97114,,6.95148,,,,1.60508,1.49158,-0.34477,0a4e6f39-7943-496f-befe-e00918278d5d,2025-07-27,00:35:25.67,2025-07-26T20:35:25.6727040-04:00,2025-07-27T00:35:25.6727040Z,FlyBall,v3,5431,5508,,"Perez, Henderson",666630,Right,GAS,e3d43d03-296f-4fb5-8ef3-3f60f3e49021,55.22238,-132.26913,12.55764,6.07836,-5.12857,-9.07428,2.6617,-6.65356,3.71978,214.189317,1.65521,48.70043,-15.7097,-0.35981,3.66715,-1.90303,0.45821,-0.05369,0.00246,1.4903,92.37128,-24.97173,1.59677,0.69531,-0.56121,0.1735,-0.0251,0.00138,-0.3416,62.76361,-5.79224,-0.3718,0.99024,-0.50518,0.13174,-0.0173,0.0009,,,,,,,,,,,,,,,,,,,,,,,High,High,High,Medium,Low,,,
201,2025-07-26,20:35:45.90,3,4,"Hennen, Ryan",802402,Left,GAS,"Viera, Max",1000098712,Right,HP,Undefined,5,Bottom,1,2,1,Slider,Slider,StrikeSwinging,Undefined,Undefined,Undefined,0,0,,84.74307,-0.159209,1.876347,2518.970631,274.702197,3:15,6.05621,-2.70271,4.85253,-39.4399,0.48886,7.09363,2.61876,-0.33473,78.83355,-7.245687,3.125245,0.454794,,,,,,,,,,,,-3.05721,0.61413,2.51112,50,6.00661,-4.34906,-123.09306,-1.9,-4.75684,21.20085,-31.21848,HP,GAS,HighPoint,Independent,ATL,20250726-HighPoint-1,a300cef0-6a81-11f0-b210-07976e9a8e1d,82.87812,,,5.90952,,,,,,,0a4e6f39-7943-496f-befe-e00918278d5d,2025-07-27,00:35:45.90,2025-07-26T20:35:45.9049984-04:00,2025-07-27T00:35:45.9049984Z,,v3,5431,5508,,"Perez, Henderson",666630,Right,GAS,a42b4953-1352-4bba-939c-63a26bf634ab,55.64876,-124.06215,10.60042,6.06084,-0.47299,-15.60924,2.70495,-4.13162,-2.37842,,,,,,,,,,,,,,,,,,,,,,,,,,,,,,,,,,,,,,,,,,,,,,,,,,,High,High,High,,,,,
202,2025-07-26,20:36:04.59,3,5,"Hennen, Ryan",802402,Left,GAS,"Viera, Max",1000098712,Right,HP,Undefined,5,Bottom,1,2,2,Fastball,Four-Seam,BallCalled,Undefined,Undefined,Undefined,0,0,,90.94997,-1.596939,1.782607,2191.163497,157.215088,11:15,5.97149,-2.74837,5.29488,-18.84174,15.84627,-6.17433,2.90085,-1.58865,82.82262,-5.123031,0.687105,0.423898,,,,,,,,,,,,3.58087,8.71843,2.59074,50,5.81275,-3.81209,-131.83985,-4.32535,6.28524,28.75103,-16.8712,HP,GAS,HighPoint,Independent,ATL,20250726-HighPoint-1,ae1c2190-6a81-11f0-b210-07976e9a8e1d,88.91867,,,8.12736,,,,,,,0a4e6f39-7943-496f-befe-e00918278d5d,2025-07-27,00:36:04.59,2025-07-26T20:36:04.5910016-04:00,2025-07-27T00:36:04.5910016Z,,v3,5431,5508,,"Perez, Henderson",666630,Right,GAS,e88cb372-2e8a-43a7-a925-127b09866a8e,55.20175,-132.96939,14.37552,5.96966,-3.66254,-8.4356,2.74536,-4.05902,3.14262,,,,,,,,,,,,,,,,,,,,,,,,,,,,,,,,,,,,,,,,,,,,,,,,,,,High,High,High,,,,,
203,2025-07-26,20:36:21.30,3,6,"Hennen, Ryan",802402,Left,GAS,"Viera, Max",1000098712,Right,HP,Undefined,5,Bottom,1,3,2,Slider,Slider,InPlay,Undefined,FlyBall,Double,0,0,,83.09701,0.163251,2.535677,2734.370796,281.135606,3:15,6.0626,-2.71353,4.63083,-42.24231,-0.18579,6.90756,2.69773,0.27384,77.06247,-7.397807,3.745662,0.466754,99.8846,24.090206,-9.673446,1751.486375,108.33171,43.15584,-19.08384,348.79485,348.79485,-10.357802,4.022273,-2.78075,0.16402,2.44651,50,6.04017,-5.64394,-120.58,-1.32567,-4.13528,21.23467,-31.93016,HP,GAS,HighPoint,Independent,ATL,20250726-HighPoint-1,b812f160-6a81-11f0-b210-07976e9a8e1d,80.75438,56.67837,,6.03453,,,,2.45165,2.82855,-0.1647,0a4e6f39-7943-496f-befe-e00918278d5d,2025-07-27,00:36:21.30,2025-07-26T20:36:21.3061632-04:00,2025-07-27T00:36:21.3061632Z,LineDrive,v3,5431,5508,,"Perez, Henderson",666630,Right,GAS,b1cb50fa-5b20-46cc-92a8-2277d4c75afc,55.87123,-121.60955,10.61733,6.06691,0.22245,-15.96508,2.7153,-5.44344,-2.06764,168.365773,2.45133,131.84376,-22.82086,5.37425,-1.25298,0.27502,-0.04907,0.00553,-0.00027,2.82882,59.78991,-18.64854,1.42231,-0.2041,0.02164,-0.00237,0.00079,-0.0001,-0.16454,-22.47653,2.3108,-0.13009,-0.0179,0.00305,0.00032,-2E-05,-1E-05,,,,,,,,,,,,,,,,,,,,,,,High,High,High,High,High,,,
204,2025-07-26,20:37:23.47,4,1,"Hennen, Ryan",802402,Left,GAS,"Davidson, Braxton",656352,Left,HP,Undefined,5,Bottom,1,0,0,Slider,Slider,StrikeSwinging,Undefined,Undefined,Undefined,0,0,,85.5662,-1.950033,3.019252,2729.183683,251.894558,2:30,6.0956,-2.83555,4.64806,-35.96868,3.45209,7.46221,1.242,0.65785,80.12128,-8.356291,4.32655,0.451891,,,,,,,,,,,,-2.99492,2.43835,2.51933,50,5.86279,-6.88532,-124.13458,-5.68628,-4.75964,20.53787,-28.29893,HP,GAS,HighPoint,Independent,ATL,20250726-HighPoint-1,dd2a55b0-6a81-11f0-b210-07976e9a8e1d,83.41044,,,5.44492,,,,,,,0a4e6f39-7943-496f-befe-e00918278d5d,2025-07-27,00:37:23.47,2025-07-26T20:37:23.4729472-04:00,2025-07-27T00:37:23.4729472Z,,v3,5431,5508,,"Perez, Henderson",666630,Right,GAS,09de7396-513b-4b70-a384-b23763aeeb46,55.8537,-125.09932,10.26894,6.09867,-4.35698,-14.14947,2.8375,-6.66174,-2.37982,,,,,,,,,,,,,,,,,,,,,,,,,,,,,,,,,,,,,,,,,,,,,,,,,,,High,High,High,,,,,
205,2025-07-26,20:37:42.56,4,2,"Hennen, Ryan",802402,Left,GAS,"Davidson, Braxton",656352,Left,HP,Undefined,5,Bottom,1,0,1,Fastball,Four-Seam,BallCalled,Undefined,Undefined,Undefined,0,0,,91.1249,-1.13358,2.564759,2216.376134,153.943304,11:15,5.90648,-2.8904,5.15438,-19.74635,15.00666,-6.77709,3.19263,-1.03918,82.9451,-4.812808,1.366532,0.424295,,,,,,,,,,,,4.09516,8.13071,2.65603,50,5.78577,-5.59137,-132.0339,-3.32262,7.2104,28.78913,-17.8582,HP,GAS,HighPoint,Independent,ATL,20250726-HighPoint-1,e880b580-6a81-11f0-b210-07976e9a8e1d,88.83554,,,8.17981,,,,,,,0a4e6f39-7943-496f-befe-e00918278d5d,2025-07-27,00:37:42.56,2025-07-26T20:37:42.5683968-04:00,2025-07-27T00:37:42.5683968Z,,v3,5431,5508,,"Perez, Henderson",666630,Right,GAS,98cefc87-33e1-4825-8453-1ea325f39ce5,55.34281,-133.19377,14.39457,5.90514,-2.60314,-8.9291,2.88715,-5.88187,3.6052,,,,,,,,,,,,,,,,,,,,,,,,,,,,,,,,,,,,,,,,,,,,,,,,,,,High,High,High,,,,,
206,2025-07-26,20:38:03.97,4,3,"Hennen, Ryan",802402,Left,GAS,"Davidson, Braxton",656352,Left,HP,Undefined,5,Bottom,1,1,1,Slider,Slider,StrikeSwinging,Undefined,Undefined,Undefined,0,0,,84.27057,-1.00297,2.809541,2906.809402,290.30033,3:45,6.05411,-2.97132,4.45031,-43.40892,-2.50595,9.57528,1.47897,0.50809,78.97693,-8.689571,4.482019,0.460308,,,,,,,,,,,,-4.04681,-0.69772,2.66423,50,5.90526,-6.43885,-122.32347,-3.94209,-6.24104,20.09145,-33.25011,HP,GAS,HighPoint,Independent,ATL,20250726-HighPoint-1,f54bdb00-6a81-11f0-b210-07976e9a8e1d,81.88517,,,5.29364,,,,,,,0a4e6f39-7943-496f-befe-e00918278d5d,2025-07-27,00:38:03.97,2025-07-26T20:38:03.9796736-04:00,2025-07-27T00:38:03.9796736Z,,v3,5431,5508,,"Perez, Henderson",666630,Right,GAS,046a5fa7-83f5-4cba-b78f-2cb17902b939,56.05264,-123.3136,10.04572,6.05915,-2.30349,-16.62505,2.97397,-6.13128,-3.12052,,,,,,,,,,,,,,,,,,,,,,,,,,,,,,,,,,,,,,,,,,,,,,,,,,,High,High,High,,,,,
207,2025-07-26,20:38:26.21,4,4,"Hennen, Ryan",802402,Left,GAS,"Davidson, Braxton",656352,Left,HP,Undefined,5,Bottom,1,1,2,Slider,Slider,BallCalled,Undefined,Undefined,Undefined,0,0,,83.84608,-1.547944,4.026285,2907.338303,308.584214,4:15,6.00034,-2.93933,4.38147,-47.19735,-5.41654,8.19398,0.58515,1.59435,78.38278,-9.862892,5.453524,0.465222,,,,,,,,,,,,-3.01729,-1.95114,2.49954,50,5.78698,-8.92125,-121.44665,-5.25455,-4.55906,21.17978,-35.12221,HP,GAS,HighPoint,Independent,ATL,20250726-HighPoint-1,0288fc30-6a82-11f0-b210-07976e9a8e1d,81.0204,,,5.4633,,,,,,,0a4e6f39-7943-496f-befe-e00918278d5d,2025-07-27,00:38:26.21,2025-07-26T20:38:26.2106624-04:00,2025-07-27T00:38:26.2106624Z,,v3,5431,5508,,"Perez, Henderson",666630,Right,GAS,aaafaf86-10f0-422a-84e5-44a1530123f9,56.12146,-122.50955,10.58989,6.00645,-3.49195,-17.56111,2.94151,-8.69246,-2.27953,,,,,,,,,,,,,,,,,,,,,,,,,,,,,,,,,,,,,,,,,,,,,,,,,,,High,High,High,,,,,
208,2025-07-26,20:38:50.66,4,5,"Hennen, Ryan",802402,Left,GAS,"Davidson, Braxton",656352,Left,HP,Undefined,5,Bottom,1,2,2,Fastball,Four-Seam,BallCalled,Undefined,Undefined,Undefined,0,0,,91.15752,-0.404729,1.167372,2203.169905,159.305066,11:15,5.99473,-2.74389,5.13314,-20.5847,13.89426,-4.84847,3.89811,-2.04843,83.46297,-4.221747,0.309488,0.422618,,,,,,,,,,,,2.75362,7.35721,2.6384,50,5.94124,-2.4732,-132.33029,-1.69457,4.89669,27.48042,-19.09083,HP,GAS,HighPoint,Independent,ATL,20250726-HighPoint-1,111818d0-6a82-11f0-b210-07976e9a8e1d,89.18786,,,7.69455,,,,,,,0a4e6f39-7943-496f-befe-e00918278d5d,2025-07-27,00:38:50.66,2025-07-26T20:38:50.6633216-04:00,2025-07-27T00:38:50.6633216Z,,v3,5431,5508,,"Perez, Henderson",666630,Right,GAS,4f5c07d2-db71-4371-a238-3b9bc09cfa28,55.36703,-133.44018,13.74021,5.99411,-0.92353,-9.54542,2.74228,-2.67097,2.44835,,,,,,,,,,,,,,,,,,,,,,,,,,,,,,,,,,,,,,,,,,,,,,,,,,,High,High,High,,,,,
209,2025-07-26,20:39:26.30,4,6,"Hennen, Ryan",802402,Left,GAS,"Davidson, Braxton",656352,Left,HP,Undefined,5,Bottom,1,3,2,Fastball,Four-Seam,FoulBallNotFieldable,Undefined,Undefined,Undefined,0,0,,90.3176,-1.04668,2.592022,2265.352124,163.383046,11:30,6.00906,-2.74104,5.38239,-20.26635,14.47139,-4.00945,3.33795,-0.64379,83.02896,-4.812635,1.880274,0.424201,74.08562,28.433144,-167.608949,3469.052862,,,,,41.29157,,,2.69744,7.86957,2.51202,50,5.90126,-5.75483,-131.07288,-3.10744,4.72422,25.95846,-18.3915,HP,GAS,HighPoint,Independent,ATL,20250726-HighPoint-1,2653bc40-6a82-11f0-b210-07976e9a8e1d,88.85508,26.29733,,7.28864,,,,2.44161,3.1949,0.46928,0a4e6f39-7943-496f-befe-e00918278d5d,2025-07-27,00:39:26.30,2025-07-26T20:39:26.3011840-04:00,2025-07-27T00:39:26.3011840Z,,v3,5431,5508,,"Perez, Henderson",666630,Right,GAS,b918e3ce-477f-475d-a7b4-7580a1693b69,55.11751,-132.0825,12.97923,6.00821,-2.39213,-9.19575,2.73942,-5.93857,2.36211,,2.43785,-93.22487,11.38089,,,,,,,3.18682,51.96101,-7.53967,,,,,,,0.47905,-20.77446,-10.83142,,,,,,,,,,,,,,,,,,,,,,,,,,,,,High,High,High,Medium,Undefined,,,
210,2025-07-26,20:39:53.47,4,7,"Hennen, Ryan",802402,Left,GAS,"Davidson, Braxton",656352,Left,HP,Undefined,5,Bottom,1,3,2,Fastball,Four-Seam,StrikeCalled,Strikeout,Undefined,Undefined,0,0,,91.95597,-2.622054,3.473662,2257.949048,163.924016,11:30,5.96454,-2.6176,5.3328,-17.65942,16.20296,-4.3576,2.02653,0.28242,84.15918,-5.917356,2.701832,0.418823,,,,,,,,,,,,3.12457,9.16024,2.30673,50,5.71475,-7.87602,-133.11544,-6.71388,5.61729,28.05736,-15.70599,HP,GAS,HighPoint,Independent,ATL,20250726-HighPoint-1,368628a0-6a82-11f0-b210-07976e9a8e1d,89.99615,,,7.79679,,,,,,,0a4e6f39-7943-496f-befe-e00918278d5d,2025-07-27,00:39:53.47,2025-07-26T20:39:53.4764544-04:00,2025-07-27T00:39:53.4764544Z,,v3,5431,5508,,"Perez, Henderson",666630,Right,GAS,be8dd42c-1138-4816-820b-6a38e042f875,55.16495,-134.19967,14.02868,5.96247,-6.10695,-7.853,2.61528,-8.09309,2.80865,,,,,,,,,,,,,,,,,,,,,,,,,,,,,,,,,,,,,,,,,,,,,,,,,,,High,High,High,,,,,
211,2025-07-26,20:40:25.53,5,1,"Hennen, Ryan",802402,Left,GAS,"Burt, D.J.",656274,Right,HP,Undefined,5,Bottom,2,0,0,Fastball,Four-Seam,BallCalled,Undefined,Undefined,Undefined,0,0,,91.3589,-1.857708,2.128457,2328.178361,162.298183,11:30,6.05306,-2.58919,5.25123,-18.47237,16.03426,-4.74788,2.76625,-0.98387,83.09218,-5.315023,1.287061,0.422788,,,,,,,,,,,,2.97851,8.8854,2.39746,50,5.86923,-4.69388,-132.35926,-4.93472,5.2614,29.36831,-16.4783,HP,GAS,HighPoint,Independent,ATL,20250726-HighPoint-1,49a5a2d0-6a82-11f0-b210-07976e9a8e1d,89.15209,,,8.26672,,,,,,,0a4e6f39-7943-496f-befe-e00918278d5d,2025-07-27,00:40:25.53,2025-07-26T20:40:25.5378944-04:00,2025-07-27T00:40:25.5378944Z,,v3,5431,5508,,"Perez, Henderson",666630,Right,GAS,bb846250-198f-4236-a6b4-18fdf616b433,55.24538,-133.51805,14.68415,6.05111,-4.28453,-8.23915,2.58677,-4.90148,2.6307,,,,,,,,,,,,,,,,,,,,,,,,,,,,,,,,,,,,,,,,,,,,,,,,,,,High,High,High,,,,,
212,2025-07-26,20:40:42.86,5,2,"Hennen, Ryan",802402,Left,GAS,"Burt, D.J.",656274,Right,HP,Undefined,5,Bottom,2,1,0,Slider,Slider,StrikeCalled,Undefined,Undefined,Undefined,0,0,,83.94881,-1.153522,1.964359,2732.509647,278.639109,3:15,6.01136,-2.81817,4.68174,-41.17124,0.12106,7.1728,1.48424,-0.35433,77.7046,-8.521376,3.224231,0.462494,,,,,,,,,,,,-3.00547,0.73366,2.61156,50,5.85674,-4.50066,-121.76798,-4.09823,-4.53945,22.57506,-31.06591,HP,GAS,HighPoint,Independent,ATL,20250726-HighPoint-1,5402ae80-6a82-11f0-b210-07976e9a8e1d,81.49825,,,6.2442,,,,,,,0a4e6f39-7943-496f-befe-e00918278d5d,2025-07-27,00:40:42.86,2025-07-26T20:40:42.8690944-04:00,2025-07-27T00:40:42.8690944Z,,v3,5431,5508,,"Perez, Henderson",666630,Right,GAS,cf415a9e-2e21-499a-8350-860e58242283,55.81857,-122.84198,11.28753,6.01656,-2.62029,-15.53296,2.82054,-4.2847,-2.26972,,,,,,,,,,,,,,,,,,,,,,,,,,,,,,,,,,,,,,,,,,,,,,,,,,,High,High,High,,,,,
213,2025-07-26,20:41:01.73,5,3,"Hennen, Ryan",802402,Left,GAS,"Burt, D.J.",656274,Right,HP,Undefined,5,Bottom,2,1,1,Curveball,Slider,BallCalled,Undefined,Undefined,Undefined,0,0,,80.06893,1.635035,1.111806,2610.055212,281.75196,3:30,5.99081,-3.08206,4.76662,-48.36507,-2.50886,19.37324,3.51133,-0.41336,72.94244,-7.094932,4.515878,0.487383,,,,,,,,,,,,-9.10906,-1.22079,2.95293,50,6.1125,-3.10427,-116.01389,1.47015,-12.30397,23.50983,-33.82304,HP,GAS,HighPoint,Independent,ATL,20250726-HighPoint-1,5f49cc10-6a82-11f0-b210-07976e9a8e1d,77.33638,,,7.12648,,,,,,,0a4e6f39-7943-496f-befe-e00918278d5d,2025-07-27,00:41:01.73,2025-07-26T20:41:01.7370624-04:00,2025-07-27T00:41:01.7370624Z,,v3,5431,5508,,"Perez, Henderson",666630,Right,GAS,d754d2a6-13f1-4718-b58a-ccb41cb634d5,55.73287,-117.16988,11.75492,5.99933,3.13324,-16.91152,3.09069,-2.49928,-6.15199,,,,,,,,,,,,,,,,,,,,,,,,,,,,,,,,,,,,,,,,,,,,,,,,,,,High,High,High,,,,,
214,2025-07-26,20:41:22.76,5,4,"Hennen, Ryan",802402,Left,GAS,"Burt, D.J.",656274,Right,HP,Undefined,5,Bottom,2,2,1,Fastball,Four-Seam,InPlay,Undefined,FlyBall,Out,1,0,,91.5085,-1.881321,3.297162,2341.82587,166.621505,11:30,6.10128,-2.53612,5.33838,-17.21513,16.84032,-3.75441,2.89817,0.24767,83.89498,-5.100988,2.632039,0.420015,79.03356,38.78237,27.775819,,90.92481,72.05731,61.90843,254.76905,174.35255,41.444233,4.66082,2.77536,9.28654,2.24119,50,5.91925,-7.46956,-132.62071,-4.95125,4.96208,27.33077,-15.5705,HP,GAS,HighPoint,Independent,ATL,20250726-HighPoint-1,6bc01ad0-6a82-11f0-b210-07976e9a8e1d,89.74071,77.78447,,7.61352,,,,1.08448,3.38398,-0.28745,0a4e6f39-7943-496f-befe-e00918278d5d,2025-07-27,00:41:22.76,2025-07-26T20:41:22.7610112-04:00,2025-07-27T00:41:22.7610112Z,FlyBall,v3,5431,5508,,"Perez, Henderson",666630,Right,GAS,3efaad02-3e1a-494d-beee-1867fa0f1673,55.16125,-133.68012,13.66538,6.09948,-4.3477,-7.78525,2.53446,-7.6619,2.48104,214.730181,1.09024,79.81785,-19.71065,4.42959,-0.34739,-0.17316,0.06187,-0.00759,0.00032,3.38388,72.59745,-19.79007,0.89099,0.3144,-0.25554,0.08552,-0.01347,0.0008,-0.28686,42.09443,-0.46497,-0.96977,0.51036,-0.17575,0.04061,-0.00531,0.00029,,,,,,,,,,,,,,,,,,,,,,,High,High,High,Medium,Medium,,,
215,2025-07-26,20:44:04.84,1,1,"Blair, Daniel",689096,Right,HP,"Perez, Henderson",666630,Right,GAS,Undefined,6,Top,0,0,0,Fastball,Four-Seam,BallCalled,Undefined,Undefined,Undefined,0,0,,94.24643,-0.657741,-2.509976,1956.801161,211.707073,1:00,6.09387,1.17862,4.98576,-18.72887,13.61103,7.81819,3.9114,-0.54156,86.59699,-4.118084,-1.131924,0.409299,,,,,,,,,,,,-4.49756,7.19536,-0.94323,50,6.01553,5.60438,-136.72173,-2.29636,-8.58633,27.71766,-18.43732,HP,GAS,HighPoint,Independent,ATL,20250726-HighPoint-1,cc5b17a0-6a82-11f0-b210-07976e9a8e1d,92.09022,,,7.64944,,,,,,,0a4e6f39-7943-496f-befe-e00918278d5d,2025-07-27,00:44:04.84,2025-07-26T20:44:04.8423424-04:00,2025-07-27T00:44:04.8423424Z,,v3,5431,5508,,"Conley, Jack",663660,Right,HP,d29aa685-49b9-4203-baf3-7280d5e2d868,55.51309,-137.83487,13.85883,6.09288,-1.55592,-9.21866,-1.17523,5.94921,-4.29317,,,,,,,,,,,,,,,,,,,,,,,,,,,,,,,,,,,,,,,,,,,,,,,,,,,High,High,High,,,,,
216,2025-07-26,20:44:21.37,1,2,"Blair, Daniel",689096,Right,HP,"Perez, Henderson",666630,Right,GAS,Undefined,6,Top,0,1,0,Fastball,Four-Seam,FoulBallNotFieldable,Undefined,Undefined,Undefined,0,0,,93.60764,-0.978503,-1.48892,1992.240753,194.06113,12:30,6.07238,1.18673,4.8763,-20.20395,12.76674,2.94756,3.46244,0.0232,85.89066,-4.695613,-0.969901,0.413272,,,,,,,,,,,,-1.85449,6.86142,-1.04303,50,5.95952,3.38592,-135.82245,-3.12243,-3.4827,28.26434,-19.28845,HP,GAS,HighPoint,Independent,ATL,20250726-HighPoint-1,d631dc50-6a82-11f0-b210-07976e9a8e1d,91.20502,,,7.71698,,,,,,,0a4e6f39-7943-496f-befe-e00918278d5d,2025-07-27,00:44:21.37,2025-07-26T20:44:21.3774336-04:00,2025-07-27T00:44:21.3774336Z,,v3,5431,5508,,"Conley, Jack",663660,Right,HP,503ecd0e-5079-41c2-9e70-d3596bd3cd7f,55.62346,-136.98768,14.13217,6.07186,-2.32724,-9.64423,-1.18558,3.5295,-1.74135,,,,,,,,,,,,,,,,,,,,,,,,,,,,,,,,,,,,,,,,,,,,,,,,,,,High,High,High,,,,,
217,2025-07-26,20:44:47.42,1,3,"Blair, Daniel",689096,Right,HP,"Perez, Henderson",666630,Right,GAS,Undefined,6,Top,0,1,1,Slider,Slider,InPlay,Undefined,GroundBall,Single,0,0,,86.17581,-0.707266,-1.092061,2346.994291,23.763608,6:45,5.85157,1.26941,4.80608,-43.33361,-4.87272,-2.57209,1.57019,0.02028,80.70758,-8.444115,-1.545473,0.446356,84.24571,-17.803174,2.66135,,,,,5.92678,5.92678,2.012883,0.040486,1.03386,-2.00646,-1.15836,50,5.74286,2.50328,-125.30937,-3.31194,1.67486,20.84416,-35.42458,HP,GAS,HighPoint,Independent,ATL,20250726-HighPoint-1,e5c103d0-6a82-11f0-b210-07976e9a8e1d,84.44484,1.53174,,5.46823,,,,1.15836,1.53174,-0.01331,0a4e6f39-7943-496f-befe-e00918278d5d,2025-07-27,00:44:47.42,2025-07-26T20:44:47.4240512-04:00,2025-07-27T00:44:47.4240512Z,GroundBall,v3,5431,5508,,"Conley, Jack",663660,Right,HP,7410af37-bfbb-4746-90b9-dc39abbe73a2,55.69749,-126.25355,10.42208,5.85654,-1.70732,-17.71229,-1.27004,2.42741,0.83743,,1.15724,117.68854,,,,,,,,1.5321,-37.83366,,,,,,,,-0.01336,5.47049,,,,,,,,,,,,,,,,,,,,,,,,,,,,,,High,High,High,Estimated,Estimated,,,
218,2025-07-26,20:45:28.18,2,1,"Blair, Daniel",689096,Right,HP,"Scantlin, Nate",676715,Left,GAS,Undefined,6,Top,0,0,0,Fastball,Four-Seam,InPlay,Undefined,FlyBall,Out,1,0,,94.23739,-0.719964,-1.530594,1935.486273,211.060078,1:00,5.87594,1.34779,4.87827,-22.24296,10.3117,5.61256,3.34086,0.36694,86.39422,-4.796212,-0.542135,0.410656,92.12109,35.345081,-16.68096,3958.142682,102.98086,72.57093,-38.66362,342.54633,295.07119,-27.229867,5.273965,-3.18425,5.57532,-1.20242,50,5.78671,3.37459,-136.72767,-2.62817,-6.0549,28.87701,-21.57245,HP,GAS,HighPoint,Independent,ATL,20250726-HighPoint-1,fe08d5d0-6a82-11f0-b210-07976e9a8e1d,91.78597,95.8653,,7.84317,,,,0.87198,4.117,-0.56761,0a4e6f39-7943-496f-befe-e00918278d5d,2025-07-27,00:45:28.18,2025-07-26T20:45:28.1896960-04:00,2025-07-27T00:45:28.1896960Z,FlyBall,v3,5431,5508,,"Conley, Jack",663660,Right,HP,0c672460-de70-49ef-a3d6-cf306974ee33,55.62116,-137.90975,14.43851,5.87622,-1.7451,-10.78623,-1.34563,3.62245,-3.02745,151.957339,0.87778,105.45605,-21.8753,4.80834,-0.67295,0.02004,0.00992,-0.00134,5E-05,4.1151,78.18891,-18.92665,1.17414,-0.03181,-0.07521,0.02944,-0.00452,0.00025,-0.56712,-31.64474,-0.59355,0.63055,-0.20095,0.04174,-0.00573,0.00048,-2E-05,,,,,,,,,,,,,,,,,,,,,,,High,High,High,Medium,Low,,,
219,2025-07-26,20:46:04.43,3,1,"Blair, Daniel",689096,Right,HP,"Reinheimer, Jack",595373,Right,GAS,Undefined,6,Top,1,0,0,Slider,Slider,StrikeSwinging,Undefined,Undefined,Undefined,0,0,,87.35293,-1.360658,-1.862619,2362.428609,84.415973,8:45,5.77563,1.33293,4.85209,-36.70553,0.88205,-1.36201,1.42786,-0.54442,81.33885,-7.945925,-2.102642,0.441259,,,,,,,,,,,,0.23268,1.06823,-1.14781,50,5.60967,4.18756,-126.8503,-4.506,0.38462,22.42014,-30.40826,HP,GAS,HighPoint,Independent,ATL,20250726-HighPoint-1,13a9a3b0-6a83-11f0-b210-07976e9a8e1d,85.42021,,,6.01408,,,,,,,0a4e6f39-7943-496f-befe-e00918278d5d,2025-07-27,00:46:04.43,2025-07-26T20:46:04.4379136-04:00,2025-07-27T00:46:04.4379136Z,,v3,5431,5508,,"Conley, Jack",663660,Right,HP,b68b4805-3165-4dfc-aa36-5371db2284d4,55.64913,-127.84486,11.21007,5.77964,-3.15709,-15.20413,-1.33319,4.1705,0.19231,,,,,,,,,,,,,,,,,,,,,,,,,,,,,,,,,,,,,,,,,,,,,,,,,,,High,High,High,,,,,
220,2025-07-26,20:46:24.59,3,2,"Blair, Daniel",689096,Right,HP,"Reinheimer, Jack",595373,Right,GAS,Undefined,6,Top,1,0,1,Slider,Slider,StrikeCalled,Undefined,Undefined,Undefined,0,0,,86.34479,0.706706,-1.280081,2420.638808,36.011818,7:15,5.84006,1.16922,4.90313,-43.92022,-5.51933,-4.76736,2.84861,-0.43889,80.17743,-7.181282,-2.120902,0.446007,,,,,,,,,,,,2.05008,-2.5839,-1.0398,50,5.87188,3.01945,-125.46929,-0.23827,3.3098,22.34748,-36.34563,HP,GAS,HighPoint,Independent,ATL,20250726-HighPoint-1,1fb39c10-6a83-11f0-b210-07976e9a8e1d,84.5108,,,6.16736,,,,,,,0a4e6f39-7943-496f-befe-e00918278d5d,2025-07-27,00:46:24.59,2025-07-26T20:46:24.5956608-04:00,2025-07-27T00:46:24.5956608Z,,v3,5431,5508,,"Conley, Jack",663660,Right,HP,3cf305b3-0302-487b-8b4c-8b1cd2f22c14,55.59921,-126.46264,11.17374,5.84657,1.37729,-18.17282,-1.17074,2.87233,1.6549,,,,,,,,,,,,,,,,,,,,,,,,,,,,,,,,,,,,,,,,,,,,,,,,,,,High,High,High,,,,,
221,2025-07-26,20:46:43.40,3,3,"Blair, Daniel",689096,Right,HP,"Reinheimer, Jack",595373,Right,GAS,Undefined,6,Top,1,0,2,Sweeper,Slider,BallCalled,Undefined,Undefined,Undefined,0,0,,83.79314,-1.515585,-1.034217,2434.422411,59.197221,8:00,5.72543,1.24016,4.70557,-47.61786,-5.96489,-12.16142,0.31812,-0.75507,77.36143,-10.006196,-3.176238,0.464509,,,,,,,,,,,,5.68823,-2.12414,-1.12396,50,5.52898,2.74035,-121.52901,-5.13453,8.49317,24.17792,-35.34564,HP,GAS,HighPoint,Independent,ATL,20250726-HighPoint-1,2ae62030-6a83-11f0-b210-07976e9a8e1d,81.14461,,,6.4317,,,,,,,0a4e6f39-7943-496f-befe-e00918278d5d,2025-07-27,00:46:43.40,2025-07-26T20:46:43.4027520-04:00,2025-07-27T00:46:43.4027520Z,,v3,5431,5508,,"Conley, Jack",663660,Right,HP,4de789f3-6de0-458b-81b3-c1e674b46506,55.79587,-122.67667,12.08896,5.73288,-3.45678,-17.67282,-1.24447,2.33721,4.24658,,,,,,,,,,,,,,,,,,,,,,,,,,,,,,,,,,,,,,,,,,,,,,,,,,,High,High,High,,,,,
222,2025-07-26,20:47:04.66,3,4,"Blair, Daniel",689096,Right,HP,"Reinheimer, Jack",595373,Right,GAS,Undefined,6,Top,1,1,2,Fastball,Four-Seam,FoulBallNotFieldable,Undefined,Undefined,Undefined,0,0,,95.08837,-0.737559,-1.38791,2053.389103,212.4675,1:00,5.95501,1.29267,5.00035,-18.77281,12.7032,7.54063,3.69407,0.61054,88.06091,-4.188641,-0.056935,0.403795,77.06238,53.762217,158.170445,5077.379675,,,,,41.76911,,,-4.09193,6.7463,-1.16576,50,5.86912,2.98162,-138.18112,-2.52628,-8.03673,26.22877,-18.92407,HP,GAS,HighPoint,Independent,ATL,20250726-HighPoint-1,3786da50-6a83-11f0-b210-07976e9a8e1d,93.34543,51.63832,,7.02745,,,,1.41229,3.73941,-0.58835,0a4e6f39-7943-496f-befe-e00918278d5d,2025-07-27,00:47:04.66,2025-07-26T20:47:04.6623744-04:00,2025-07-27T00:47:04.6623744Z,,v3,5431,5508,,"Conley, Jack",663660,Right,HP,784039a9-61a5-419f-9e5b-a14eeb098ed1,55.50102,-139.22138,13.11438,5.95443,-1.77574,-9.46203,-1.29034,3.30037,-4.01836,337.554369,1.41229,-62.02223,-1.7893,0.08179,-0.00051,-0.00666,0.0012,0.00015,-0.00015,3.73941,91.16236,-29.02415,3.71286,-0.80504,0.16722,-0.03187,0.00604,-0.00059,-0.58835,24.84424,-5.71328,-0.1116,0.10179,-0.05238,0.01303,-0.00331,0.00064,,,,,,,,,,,,,,,,,,,,,,,High,High,High,High,Undefined,,,
223,2025-07-26,20:47:26.14,3,5,"Blair, Daniel",689096,Right,HP,"Reinheimer, Jack",595373,Right,GAS,Undefined,6,Top,1,1,2,Slider,Slider,InPlay,Undefined,GroundBall,FieldersChoice,1,0,,85.96182,-0.807611,-1.213702,2344.333173,27.747246,7:00,5.76044,1.18667,4.93365,-40.19888,-1.75032,-1.42961,1.64695,-0.07984,80.48908,-8.013947,-1.466192,0.446284,67.59376,-31.750552,-42.724693,,,,,4.7259,4.7259,-23.363304,0.033699,0.44583,-0.45516,-1.06733,50,5.6478,2.71073,-125.00847,-3.35403,0.71932,20.56912,-32.90842,HP,GAS,HighPoint,Independent,ATL,20250726-HighPoint-1,445ad970-6a83-11f0-b210-07976e9a8e1d,84.45842,1.76284,,5.47274,,,,2.24573,1.76284,0.05865,0a4e6f39-7943-496f-befe-e00918278d5d,2025-07-27,00:47:26.14,2025-07-26T20:47:26.1443584-04:00,2025-07-27T00:47:26.1443584Z,GroundBall,v3,5431,5508,,"Conley, Jack",663660,Right,HP,b24b106d-ca32-4abd-a983-b0e50dfcd4ba,55.56968,-125.92158,10.28456,5.76427,-1.89315,-16.45421,-1.18696,2.67879,0.35966,,2.2448,62.10018,,,,,,,,1.76363,-52.31204,,,,,,,,0.0595,-57.35397,,,,,,,,,,,,,,,,,,,,,,,,,,,,,,High,High,High,Estimated,Estimated,,,
224,2025-07-26,20:48:10.67,4,1,"Blair, Daniel",689096,Right,HP,"De La Rosa, Eric",680763,Right,GAS,Undefined,6,Top,2,0,0,Cutter,Four-Seam,FoulBallNotFieldable,Undefined,Undefined,Undefined,0,0,,93.61048,-1.121228,-2.005122,1793.816148,202.036947,12:45,5.95442,1.24147,5.01378,-23.57879,8.99,3.27248,2.9305,-0.37906,86.62908,-5.42105,-1.427513,0.410745,,,,,,,,,,,,-2.11567,5.00591,-1.05195,50,5.82788,4.60232,-135.93574,-3.61865,-4.01127,26.09156,-22.68287,HP,GAS,HighPoint,Independent,ATL,20250726-HighPoint-1,5ee0b490-6a83-11f0-b210-07976e9a8e1d,91.76603,,,6.9814,,,,,,,0a4e6f39-7943-496f-befe-e00918278d5d,2025-07-27,00:48:10.67,2025-07-26T20:48:10.6711040-04:00,2025-07-27T00:48:10.6711040Z,,v3,5431,5508,,"Conley, Jack",663660,Right,HP,635ec2bd-90f0-4136-b54d-21084b7731ce,55.48709,-136.98489,13.04578,5.95505,-2.70656,-11.34144,-1.24026,4.76361,-2.00564,,,,,,,,,,,,,,,,,,,,,,,,,,,,,,,,,,,,,,,,,,,,,,,,,,,High,High,High,,,,,
225,2025-07-26,20:48:42.56,4,2,"Blair, Daniel",689096,Right,HP,"De La Rosa, Eric",680763,Right,GAS,Undefined,6,Top,2,0,1,Cutter,Four-Seam,StrikeSwinging,Undefined,Undefined,Undefined,0,0,,94.23457,-1.744593,-1.91483,1908.331549,199.360592,12:45,5.95555,1.22651,4.76644,-20.64647,12.12469,3.90205,2.57947,-0.26451,86.35239,-5.528111,-1.229187,0.412019,,,,,,,,,,,,-2.4254,6.72874,-1.03819,50,5.76297,4.36791,-136.58399,-5.00387,-4.59891,29.02041,-19.4153,HP,GAS,HighPoint,Independent,ATL,20250726-HighPoint-1,71ea5cd0-6a83-11f0-b210-07976e9a8e1d,91.48225,,,7.88218,,,,,,,0a4e6f39-7943-496f-befe-e00918278d5d,2025-07-27,00:48:42.56,2025-07-26T20:48:42.5689600-04:00,2025-07-27T00:48:42.5689600Z,,v3,5431,5508,,"Conley, Jack",663660,Right,HP,76ddf2a0-5b43-4d8a-88f1-3cd144e518c8,55.73176,-137.79645,14.5102,5.95508,-4.1927,-9.70765,-1.22469,4.56006,-2.29946,,,,,,,,,,,,,,,,,,,,,,,,,,,,,,,,,,,,,,,,,,,,,,,,,,,High,High,High,,,,,
226,2025-07-26,20:49:09.12,4,3,"Blair, Daniel",689096,Right,HP,"De La Rosa, Eric",680763,Right,GAS,Undefined,6,Top,2,0,2,Sweeper,Curveball,BallCalled,Undefined,Undefined,Undefined,0,0,,83.58562,-1.869982,-1.7027,2251.143556,40.433446,7:15,5.65658,1.16396,4.68162,-50.81125,-8.718,-8.56953,-0.35486,-1.16755,77.06006,-10.903408,-3.212112,0.466958,,,,,,,,,,,,3.75173,-3.45937,-0.98251,50,5.41973,3.97751,-121.13786,-5.99002,5.54053,25.02228,-37.28286,HP,GAS,HighPoint,Independent,ATL,20250726-HighPoint-1,81be7c90-6a83-11f0-b210-07976e9a8e1d,80.71916,,,6.52557,,,,,,,0a4e6f39-7943-496f-befe-e00918278d5d,2025-07-27,00:49:09.12,2025-07-26T20:49:09.1254272-04:00,2025-07-27T00:49:09.1254272Z,,v3,5431,5508,,"Conley, Jack",663660,Right,HP,b16dc0b2-d5d4-403f-8223-118cf3de2ae4,55.82084,-122.33431,12.51114,5.66352,-4.20733,-18.64143,-1.16636,3.71259,2.77027,,,,,,,,,,,,,,,,,,,,,,,,,,,,,,,,,,,,,,,,,,,,,,,,,,,High,High,High,,,,,
227,2025-07-26,20:49:46.83,4,4,"Blair, Daniel",689096,Right,HP,"De La Rosa, Eric",680763,Right,GAS,Undefined,6,Top,2,1,2,Fastball,Four-Seam,BallCalled,Undefined,Undefined,Undefined,0,0,,94.13269,0.945825,-0.71752,2022.312992,197.219463,12:30,6.04661,1.19771,4.79443,-19.35387,13.66343,3.89697,5.33025,0.84247,85.33367,-2.646718,-0.032402,0.413563,,,,,,,,,,,,-2.10567,6.74599,-1.12969,50,6.12478,1.50606,-136.39693,1.49406,-3.95086,31.12396,-19.51653,HP,GAS,HighPoint,Independent,ATL,20250726-HighPoint-1,981c0ac0-6a83-11f0-b210-07976e9a8e1d,91.14067,,,8.79903,,,,,,,0a4e6f39-7943-496f-befe-e00918278d5d,2025-07-27,00:49:46.83,2025-07-26T20:49:46.8323840-04:00,2025-07-27T00:49:46.8323840Z,,v3,5431,5508,,"Conley, Jack",663660,Right,HP,23f698f2-0fa4-497b-a1e5-df122ed531bc,55.70126,-137.69173,15.56198,6.04574,2.30597,-9.75826,-1.19576,1.67042,-1.97543,,,,,,,,,,,,,,,,,,,,,,,,,,,,,,,,,,,,,,,,,,,,,,,,,,,High,High,High,,,,,
228,2025-07-26,20:50:09.92,4,5,"Blair, Daniel",689096,Right,HP,"De La Rosa, Eric",680763,Right,GAS,Undefined,6,Top,2,2,2,Fastball,Four-Seam,InPlay,Undefined,FlyBall,Out,1,0,,94.59076,-1.556395,-1.410698,2047.899471,199.937668,12:45,5.92058,1.15253,5.13766,-21.34777,10.62489,3.50437,2.67521,0.1159,86.91981,-5.481908,-0.790401,0.406968,103.13179,49.639826,10.208031,4680.460734,,,,,114.66739,,,-2.12697,5.99433,-1.02317,50,5.75837,3.21253,-137.28576,-4.57248,-4.08135,28.84934,-20.67183,HP,GAS,HighPoint,Independent,ATL,20250726-HighPoint-1,a5f56bf0-6a83-11f0-b210-07976e9a8e1d,92.6176,139.30908,,7.67095,,,,1.77606,3.06411,-0.38709,0a4e6f39-7943-496f-befe-e00918278d5d,2025-07-27,00:50:09.92,2025-07-26T20:50:09.9243008-04:00,2025-07-27T00:50:09.9243008Z,,v3,5431,5508,,"Conley, Jack",663660,Right,HP,c51000e9-07c0-414a-bbff-a1b6d1bc480f,55.36237,-138.40803,14.42467,5.92061,-3.76832,-10.33591,-1.15122,3.3713,-2.04067,190.187324,1.77607,96.40592,-30.61812,9.59616,-3.53688,2.2176,-1.26055,0.4101,-0.05514,3.0641,115.25705,-24.02121,1.33366,0.85519,-1.2493,0.84179,-0.28818,0.03966,-0.38709,17.35946,-0.36082,-0.41919,0.36955,-0.32445,0.20039,-0.06698,0.00913,,,,,,,,,,,,,,,,,,,,,,,High,High,High,Medium,Undefined,,,
229,2025-07-26,20:53:59.41,1,1,"Hennen, Ryan",802402,Left,GAS,"Conley, Jack",663660,Right,HP,Undefined,6,Bottom,0,0,0,Fastball,Four-Seam,BallCalled,Undefined,Undefined,Undefined,0,0,,90.31973,-2.284032,1.806529,2281.169656,162.586557,11:30,6.15395,-2.65054,5.14407,-19.9334,15.31938,-4.45256,2.34011,-1.3201,82.68314,-5.979232,1.018566,0.427335,,,,,,,,,,,,2.70071,8.58563,2.48492,50,5.92499,-3.91892,-130.90842,-5.9372,4.69504,27.16692,-17.24847,HP,GAS,HighPoint,Independent,ATL,20250726-HighPoint-1,2ec7d1c0-6a84-11f0-b210-07976e9a8e1d,88.20356,,,7.63659,,,,,,,0a4e6f39-7943-496f-befe-e00918278d5d,2025-07-27,00:53:59.41,2025-07-26T20:53:59.4102784-04:00,2025-07-27T00:53:59.4102784Z,,v3,5431,5508,,"Perez, Henderson",666630,Right,GAS,5831353a-3d88-4bea-959d-aff7b85d9add,55.35333,-132.0147,13.58346,6.15246,-5.23481,-8.62424,2.6484,-4.11011,2.34752,,,,,,,,,,,,,,,,,,,,,,,,,,,,,,,,,,,,,,,,,,,,,,,,,,,High,High,High,,,,,
230,2025-07-26,20:54:16.45,1,2,"Hennen, Ryan",802402,Left,GAS,"Conley, Jack",663660,Right,HP,Undefined,6,Bottom,0,1,0,Slider,Slider,StrikeCalled,Undefined,Undefined,Undefined,0,0,,81.44775,0.033185,1.582247,2623.218324,292.978909,3:45,6.13864,-2.62664,4.53661,-46.69967,-2.79858,9.49867,2.27861,-0.32818,75.63547,-8.295279,3.246428,0.47688,,,,,,,,,,,,-4.23457,-0.98331,2.45227,50,6.09767,-3.68938,-118.23543,-1.79225,-6.05319,20.47228,-33.57968,HP,GAS,HighPoint,Independent,ATL,20250726-HighPoint-1,38f43080-6a84-11f0-b210-07976e9a8e1d,79.03968,,,5.81229,,,,,,,0a4e6f39-7943-496f-befe-e00918278d5d,2025-07-27,00:54:16.45,2025-07-26T20:54:16.4548096-04:00,2025-07-27T00:54:16.4548096Z,,v3,5431,5508,,"Perez, Henderson",666630,Right,GAS,a5e9f42d-687f-4579-a278-3b21531b158c,55.96487,-119.26377,10.23614,6.14533,-0.10553,-16.78984,2.62995,-3.38533,-3.02659,,,,,,,,,,,,,,,,,,,,,,,,,,,,,,,,,,,,,,,,,,,,,,,,,,,High,High,High,,,,,
231,2025-07-26,20:54:32.88,1,3,"Hennen, Ryan",802402,Left,GAS,"Conley, Jack",663660,Right,HP,Undefined,6,Bottom,0,1,1,Curveball,Slider,StrikeSwinging,Undefined,Undefined,Undefined,0,0,,79.3926,-0.328127,1.878748,2589.855058,285.488975,3:30,6.09723,-2.96317,4.62341,-50.29404,-3.32701,17.67647,1.59397,0.2965,72.65199,-9.329337,4.979924,0.493251,,,,,,,,,,,,-8.01178,-1.00047,2.75321,50,6.01757,-4.54934,-114.9909,-2.59308,-10.61432,23.422,-33.4995,HP,GAS,HighPoint,Independent,ATL,20250726-HighPoint-1,42c1f480-6a84-11f0-b210-07976e9a8e1d,76.41634,,,6.74061,,,,,,,0a4e6f39-7943-496f-befe-e00918278d5d,2025-07-27,00:54:32.88,2025-07-26T20:54:32.8816640-04:00,2025-07-27T00:54:32.8816640Z,,v3,5431,5508,,"Perez, Henderson",666630,Right,GAS,e6a79424-c9d9-467a-a8b5-d8c0c5320aa0,55.87591,-116.18157,11.711,6.10611,-0.89011,-16.74975,2.97076,-4.00975,-5.30716,,,,,,,,,,,,,,,,,,,,,,,,,,,,,,,,,,,,,,,,,,,,,,,,,,,High,High,High,,,,,
232,2025-07-26,20:54:51.74,1,4,"Hennen, Ryan",802402,Left,GAS,"Conley, Jack",663660,Right,HP,Undefined,6,Bottom,0,1,2,Fastball,Four-Seam,FoulBallNotFieldable,Undefined,Undefined,Undefined,0,0,,90.03819,-1.081086,2.359178,2323.277661,169.520699,11:45,5.98876,-2.6428,5.37995,-21.16324,13.94721,-2.37697,3.21074,-0.62807,82.43047,-5.015723,1.937111,0.426471,,,,,,,,,,,,1.84536,7.63993,2.43333,50,5.87724,-5.27525,-130.61996,-3.20946,3.19368,27.06738,-18.95202,HP,GAS,HighPoint,Independent,ATL,20250726-HighPoint-1,4df032e0-6a84-11f0-b210-07976e9a8e1d,88.38218,,,7.60773,,,,,,,0a4e6f39-7943-496f-befe-e00918278d5d,2025-07-27,00:54:51.74,2025-07-26T20:54:51.7454848-04:00,2025-07-27T00:54:51.7454848Z,,v3,5431,5508,,"Perez, Henderson",666630,Right,GAS,32047e89-c187-4c89-bda7-e2e875145526,55.11937,-131.67653,13.53369,5.98808,-2.46967,-9.47601,2.64168,-5.39991,1.59684,,,,,,,,,,,,,,,,,,,,,,,,,,,,,,,,,,,,,,,,,,,,,,,,,,,High,High,High,,,,,
233,2025-07-26,20:55:14.16,1,5,"Hennen, Ryan",802402,Left,GAS,"Conley, Jack",663660,Right,HP,Undefined,6,Bottom,0,1,2,Curveball,Slider,BallCalled,Undefined,Undefined,Undefined,0,0,,77.75764,1.94109,-0.614025,2484.336677,282.176682,3:30,5.99006,-3.01293,4.44819,-51.53168,-2.92807,20.31269,3.54777,-1.90582,71.58375,-7.281308,2.938086,0.501771,,,,,,,,,,,,-9.98693,-1.46599,3.057,50,6.14518,0.32308,-112.78942,1.83984,-12.91496,19.7676,-34.06982,HP,GAS,HighPoint,Independent,ATL,20250726-HighPoint-1,5b439b30-6a84-11f0-b210-07976e9a8e1d,75.11879,,,6.17389,,,,,,,0a4e6f39-7943-496f-befe-e00918278d5d,2025-07-27,00:55:14.16,2025-07-26T20:55:14.1643776-04:00,2025-07-27T00:55:14.1643776Z,,v3,5431,5508,,"Perez, Henderson",666630,Right,GAS,5588c7b3-f4bf-49ec-895c-e28d7f27ec5c,56.05379,-113.84547,9.8838,5.99827,3.65996,-17.03491,3.02131,1.01304,-6.45748,,,,,,,,,,,,,,,,,,,,,,,,,,,,,,,,,,,,,,,,,,,,,,,,,,,High,High,High,,,,,
234,2025-07-26,20:55:35.46,1,6,"Hennen, Ryan",802402,Left,GAS,"Conley, Jack",663660,Right,HP,Undefined,6,Bottom,0,2,2,Curveball,Slider,BallCalled,Undefined,Undefined,Undefined,0,0,,78.21028,1.747333,0.238071,2533.693941,279.714259,3:15,5.99744,-2.9816,4.5631,-50.20507,-2.19063,21.43615,3.47712,-0.96869,71.80782,-7.264397,3.993041,0.498721,,,,,,,,,,,,-10.33749,-1.07315,2.93575,50,6.13172,-1.40317,-113.4264,1.54847,-13.4624,20.81737,-33.57159,HP,GAS,HighPoint,Independent,ATL,20250726-HighPoint-1,68174c30-6a84-11f0-b210-07976e9a8e1d,75.57826,,,6.40246,,,,,,,0a4e6f39-7943-496f-befe-e00918278d5d,2025-07-27,00:55:35.46,2025-07-26T20:55:35.4647552-04:00,2025-07-27T00:55:35.4647552Z,,v3,5431,5508,,"Perez, Henderson",666630,Right,GAS,20a09f1f-68b1-4f50-bda0-705f3c913952,55.93827,-114.51108,10.40868,6.00546,3.2977,-16.78579,2.99059,-0.70172,-6.7312,,,,,,,,,,,,,,,,,,,,,,,,,,,,,,,,,,,,,,,,,,,,,,,,,,,High,High,High,,,,,
235,2025-07-26,20:55:59.05,1,7,"Hennen, Ryan",802402,Left,GAS,"Conley, Jack",663660,Right,HP,Undefined,6,Bottom,0,3,2,Fastball,Four-Seam,BallCalled,Walk,Undefined,Undefined,0,0,,89.73656,-0.371395,2.965592,2278.243691,168.071869,11:30,6.09501,-2.63585,5.34759,-20.65233,14.59867,-2.8628,4.02514,-0.09024,82.43645,-4.208858,2.458148,0.427324,,,,,,,,,,,,2.19571,7.73981,2.37066,50,6.04696,-6.61361,-130.17556,-1.56577,3.79517,25.45969,-18.79623,HP,GAS,HighPoint,Independent,ATL,20250726-HighPoint-1,7616d300-6a84-11f0-b210-07976e9a8e1d,88.20581,,,7.30011,,,,,,,0a4e6f39-7943-496f-befe-e00918278d5d,2025-07-27,00:55:59.05,2025-07-26T20:55:59.0557696-04:00,2025-07-27T00:55:59.0557696Z,,v3,5431,5508,,"Perez, Henderson",666630,Right,GAS,07757f98-1260-4efb-849f-f8c7b4eba02a,55.15079,-131.17908,12.72985,6.09407,-0.8249,-9.39812,2.63429,-6.7632,1.89759,,,,,,,,,,,,,,,,,,,,,,,,,,,,,,,,,,,,,,,,,,,,,,,,,,,High,High,High,,,,,
236,2025-07-26,20:56:40.94,2,1,"Hennen, Ryan",802402,Left,GAS,"Brewer, Aidan",1000132240,Right,HP,Undefined,6,Bottom,0,0,0,Curveball,Slider,BallCalled,Undefined,Undefined,Undefined,0,0,,78.89514,2.365843,1.801965,2425.515493,272.561823,3:00,6.01615,-2.96152,4.96733,-45.83703,0.50343,18.69517,4.43362,0.29916,72.67049,-5.927327,5.092736,0.48995,,,,,,,,,,,,-8.75481,0.04752,2.77124,50,6.20752,-4.37919,-114.43242,3.07342,-11.66078,20.23005,-32.11076,HP,GAS,HighPoint,Independent,ATL,20250726-HighPoint-1,8f1a2cd0-6a84-11f0-b210-07976e9a8e1d,76.93122,,,6.22465,,,,,,,0a4e6f39-7943-496f-befe-e00918278d5d,2025-07-27,00:56:40.94,2025-07-26T20:56:40.9424384-04:00,2025-07-27T00:56:40.9424384Z,,v3,5431,5508,,"Perez, Henderson",666630,Right,GAS,ca4eb6da-8daa-476a-ae70-cb1d7c0451ca,55.5339,-115.40659,10.11502,6.02229,4.6197,-16.05538,2.9686,-3.81767,-5.83039,,,,,,,,,,,,,,,,,,,,,,,,,,,,,,,,,,,,,,,,,,,,,,,,,,,High,High,High,,,,,
237,2025-07-26,20:56:56.23,2,2,"Hennen, Ryan",802402,Left,GAS,"Brewer, Aidan",1000132240,Right,HP,Undefined,6,Bottom,0,1,0,Fastball,Four-Seam,StrikeSwinging,Undefined,Undefined,Undefined,0,0,,89.68499,-1.403373,2.945239,2330.533945,165.501629,11:30,6.10733,-2.54242,5.4309,-21.46804,13.48178,-3.23614,3.00201,-0.05135,83.08235,-5.367245,2.370485,0.425494,,,,,,,,,,,,2.32654,7.43059,2.28356,50,5.96798,-6.55455,-130.19183,-3.95061,4.0515,23.59249,-19.23421,HP,GAS,HighPoint,Independent,ATL,20250726-HighPoint-1,9827ae10-6a84-11f0-b210-07976e9a8e1d,88.58505,,,6.60264,,,,,,,0a4e6f39-7943-496f-befe-e00918278d5d,2025-07-27,00:56:56.23,2025-07-26T20:56:56.2304000-04:00,2025-07-27T00:56:56.2304000Z,,v3,5431,5508,,"Perez, Henderson",666630,Right,GAS,3d780064-ef11-42cb-87ce-3aa60f28cc3e,55.0688,-131.10714,11.79625,6.10677,-3.20438,-9.61711,2.54091,-6.71174,2.02575,,,,,,,,,,,,,,,,,,,,,,,,,,,,,,,,,,,,,,,,,,,,,,,,,,,High,High,High,,,,,
238,2025-07-26,20:57:14.82,2,3,"Hennen, Ryan",802402,Left,GAS,"Brewer, Aidan",1000132240,Right,HP,Undefined,6,Bottom,0,1,1,Fastball,Four-Seam,StrikeSwinging,Undefined,Undefined,Undefined,0,0,,90.15708,-2.083932,3.522427,2374.841874,159.553624,11:15,6.0763,-2.64629,5.38122,-19.49391,15.31174,-5.33394,2.49377,0.21531,83.28222,-5.695701,2.576822,0.424616,,,,,,,,,,,,3.54158,8.52083,2.33465,50,5.87581,-7.80585,-130.71011,-5.44213,6.19949,24.50217,-17.25845,HP,GAS,HighPoint,Independent,ATL,20250726-HighPoint-1,a336cbb0-6a84-11f0-b210-07976e9a8e1d,88.76835,,,6.87486,,,,,,,0a4e6f39-7943-496f-befe-e00918278d5d,2025-07-27,00:57:14.82,2025-07-26T20:57:14.8224512-04:00,2025-07-27T00:57:14.8224512Z,,v3,5431,5508,,"Perez, Henderson",666630,Right,GAS,dcc3fd9e-287d-4f52-9a73-9bcf4ba0cac8,55.11822,-131.66605,12.25108,6.075,-4.7688,-8.62923,2.6439,-8.04772,3.09975,,,,,,,,,,,,,,,,,,,,,,,,,,,,,,,,,,,,,,,,,,,,,,,,,,,High,High,High,,,,,
239,2025-07-26,20:57:35.01,2,4,"Hennen, Ryan",802402,Left,GAS,"Brewer, Aidan",1000132240,Right,HP,Undefined,6,Bottom,0,1,2,Fastball,Four-Seam,BallCalled,Undefined,Undefined,Undefined,0,0,,89.83439,-2.433094,4.623264,2327.672048,170.471798,11:45,6.08137,-2.55032,5.46658,-19.32218,15.8071,-2.47914,2.18522,1.57947,82.87124,-6.015842,4.184319,0.426585,,,,,,,,,,,,2.41036,8.90477,2.14446,50,5.85343,-10.40377,-130.0147,-6.19551,4.16522,24.81601,-16.78601,HP,GAS,HighPoint,Independent,ATL,20250726-HighPoint-1,af433510-6a84-11f0-b210-07976e9a8e1d,88.35851,,,6.96314,,,,,,,0a4e6f39-7943-496f-befe-e00918278d5d,2025-07-27,00:57:35.01,2025-07-26T20:57:35.0149632-04:00,2025-07-27T00:57:35.0149632Z,,v3,5431,5508,,"Perez, Henderson",666630,Right,GAS,691245b9-cf53-4d39-a6e6-3f04f56dea3a,55.03245,-130.97173,12.40801,6.07987,-5.54816,-8.39301,2.54877,-10.5644,2.08261,,,,,,,,,,,,,,,,,,,,,,,,,,,,,,,,,,,,,,,,,,,,,,,,,,,High,High,High,,,,,
240,2025-07-26,20:57:54.46,2,5,"Hennen, Ryan",802402,Left,GAS,"Brewer, Aidan",1000132240,Right,HP,Undefined,6,Bottom,0,2,2,Fastball,Four-Seam,BallCalled,Undefined,Undefined,Undefined,0,0,,89.49731,-2.572172,4.172473,2252.85179,169.44355,11:45,6.03192,-2.61485,5.43606,-19.00934,16.46623,-2.86847,2.03109,1.06033,82.38945,-6.104824,3.664279,0.428683,,,,,,,,,,,,2.51528,9.28327,2.24694,50,5.79055,-9.32318,-129.55272,-6.47155,4.30647,25.1906,-16.27996,HP,GAS,HighPoint,Independent,ATL,20250726-HighPoint-1,badf0250-6a84-11f0-b210-07976e9a8e1d,87.92619,,,7.10786,,,,,,,0a4e6f39-7943-496f-befe-e00918278d5d,2025-07-27,00:57:54.46,2025-07-26T20:57:54.4605696-04:00,2025-07-27T00:57:54.4605696Z,,v3,5431,5508,,"Perez, Henderson",666630,Right,GAS,990d2d4e-b1d9-4f61-b027-4c181ee28381,55.06254,-130.53339,12.5953,6.03015,-5.83778,-8.13998,2.61315,-9.49083,2.15323,,,,,,,,,,,,,,,,,,,,,,,,,,,,,,,,,,,,,,,,,,,,,,,,,,,High,High,High,,,,,
241,2025-07-26,20:58:15.71,2,6,"Hennen, Ryan",802402,Left,GAS,"Brewer, Aidan",1000132240,Right,HP,Undefined,6,Bottom,0,3,2,Fastball,Four-Seam,BallCalled,Walk,Undefined,Undefined,0,0,,88.80241,-1.138042,4.089718,2227.873138,159.350549,11:15,6.12327,-2.44792,5.34943,-20.70544,15.43682,-5.4017,3.32752,0.94445,81.49283,-4.985337,3.134022,0.432692,,,,,,,,,,,,3.76847,8.37473,2.08309,50,6.00599,-8.95257,-128.62096,-3.27031,6.35039,25.19423,-18.06152,HP,GAS,HighPoint,Independent,ATL,20250726-HighPoint-1,c7886f00-6a84-11f0-b210-07976e9a8e1d,87.11143,,,7.30958,,,,,,,0a4e6f39-7943-496f-befe-e00918278d5d,2025-07-27,00:58:15.71,2025-07-26T20:58:15.7160448-04:00,2025-07-27T00:58:15.7160448Z,,v3,5431,5508,,"Perez, Henderson",666630,Right,GAS,d4bb2396-0f14-443d-a98b-dc637067ee16,55.14861,-129.62555,12.59711,6.12203,-2.55013,-9.03076,2.44511,-9.20579,3.1752,,,,,,,,,,,,,,,,,,,,,,,,,,,,,,,,,,,,,,,,,,,,,,,,,,,High,High,High,,,,,
242,2025-07-26,20:58:58.83,3,1,"Hennen, Ryan",802402,Left,GAS,"Gonzalez, Luis",8894175,Left,HP,Undefined,6,Bottom,0,0,0,Curveball,Slider,BallCalled,Undefined,Undefined,Undefined,0,0,,79.65361,1.275139,1.06865,2564.510011,270.205995,3:00,6.0955,-3.01579,4.81186,-44.30002,1.23181,17.87485,3.61223,-0.51373,73.63336,-6.70874,4.21184,0.485656,,,,,,,,,,,,-8.52544,0.6787,2.8933,50,6.18389,-2.91635,-115.64498,0.92824,-11.62879,20.10843,-31.2483,HP,GAS,HighPoint,Independent,ATL,20250726-HighPoint-1,e14295b0-6a84-11f0-b210-07976e9a8e1d,77.61134,,,6.02025,,,,,,,0a4e6f39-7943-496f-befe-e00918278d5d,2025-07-27,00:58:58.83,2025-07-26T20:58:58.8373504-04:00,2025-07-27T00:58:58.8373504Z,,v3,5431,5508,,"Perez, Henderson",666630,Right,GAS,45438f0d-71f2-47fb-878c-e5307704b7fe,55.68963,-116.6301,10.05421,6.10092,2.45911,-15.62415,3.02222,-2.34665,-5.8144,,,,,,,,,,,,,,,,,,,,,,,,,,,,,,,,,,,,,,,,,,,,,,,,,,,High,High,High,,,,,
243,2025-07-26,20:59:17.51,3,2,"Hennen, Ryan",802402,Left,GAS,"Gonzalez, Luis",8894175,Left,HP,Undefined,6,Bottom,0,1,0,Slider,Slider,StrikeCalled,Undefined,Undefined,Undefined,0,0,,83.47172,-0.670808,2.674325,2866.129796,268.828051,3:00,6.09086,-2.74654,4.49992,-40.33238,1.13063,5.02217,2.08997,0.22188,78.26781,-7.84339,3.552255,0.463449,,,,,,,,,,,,-1.88051,1.00122,2.46086,50,5.98147,-5.88768,-121.21949,-3.05487,-2.85875,18.87655,-30.652,HP,GAS,HighPoint,Independent,ATL,20250726-HighPoint-1,ec6191d0-6a84-11f0-b210-07976e9a8e1d,81.33031,,,5.20391,,,,,,,0a4e6f39-7943-496f-befe-e00918278d5d,2025-07-27,00:59:17.51,2025-07-26T20:59:17.5165952-04:00,2025-07-27T00:59:17.5165952Z,,v3,5431,5508,,"Perez, Henderson",666630,Right,GAS,4fd70e21-18f6-4ad6-a4bb-bb181e80b288,56.00235,-122.15061,9.43827,6.09487,-1.5429,-15.326,2.74781,-5.74667,-1.42937,,,,,,,,,,,,,,,,,,,,,,,,,,,,,,,,,,,,,,,,,,,,,,,,,,,High,High,High,,,,,
244,2025-07-26,20:59:38.78,3,3,"Hennen, Ryan",802402,Left,GAS,"Gonzalez, Luis",8894175,Left,HP,Undefined,6,Bottom,0,1,1,Curveball,Curveball,StrikeCalled,Undefined,Undefined,Undefined,0,0,,79.02612,-0.123885,2.07074,2790.289664,290.711255,3:45,6.02775,-3.04295,4.61663,-52.09109,-5.12087,17.30985,1.56897,0.36914,73.02152,-9.41146,5.106444,0.493268,,,,,,,,,,,,-7.90276,-2.05602,2.81312,50,5.96674,-4.88394,-114.60516,-2.23947,-10.49829,21.41091,-34.90533,HP,GAS,HighPoint,Independent,ATL,20250726-HighPoint-1,f9195660-6a84-11f0-b210-07976e9a8e1d,76.41373,,,6.0046,,,,,,,0a4e6f39-7943-496f-befe-e00918278d5d,2025-07-27,00:59:38.78,2025-07-26T20:59:38.7863040-04:00,2025-07-27T00:59:38.7863040Z,,v3,5431,5508,,"Perez, Henderson",666630,Right,GAS,6604daad-3825-491b-923a-3f6ab6c9d464,55.88552,-115.69949,10.70545,6.0356,-0.45544,-17.45266,3.04903,-4.34736,-5.24914,,,,,,,,,,,,,,,,,,,,,,,,,,,,,,,,,,,,,,,,,,,,,,,,,,,High,High,High,,,,,
245,2025-07-26,21:00:07.46,3,4,"Hennen, Ryan",802402,Left,GAS,"Gonzalez, Luis",8894175,Left,HP,Undefined,6,Bottom,0,1,2,Curveball,Slider,FoulBallNotFieldable,Undefined,Undefined,Undefined,0,0,,78.5643,0.899011,0.900442,2692.077119,291.105089,3:45,6.01229,-3.09944,4.41683,-53.27987,-5.75548,18.44155,2.43035,-0.70334,72.81879,-8.581104,4.125049,0.496169,57.98829,-29.794632,86.994777,,,,,7.83146,4.98293,51.538909,0.070366,-8.86166,-2.78543,2.98418,50,6.0547,-2.56962,-114.06041,-0.26267,-11.73642,19.93112,-35.86309,HP,GAS,HighPoint,Independent,ATL,20250726-HighPoint-1,0a295180-6a85-11f0-b210-07976e9a8e1d,75.96692,2.99259,,5.74551,,,,4.59703,2.99259,0.91298,0a4e6f39-7943-496f-befe-e00918278d5d,2025-07-27,01:00:07.46,2025-07-26T21:00:07.4676224-04:00,2025-07-27T01:00:07.4676224Z,GroundBall,v3,5431,5508,,"Perez, Henderson",666630,Right,GAS,fec78129-0a37-490d-ba5d-7ac69c615480,56.08749,-115.11924,9.96556,6.01804,1.64253,-17.93155,3.10413,-1.94613,-5.86821,,4.59675,3.89407,,,,,,,,2.99563,-42.52911,,,,,,,,0.90767,74.174,,,,,,,,,,,,,,,,,,,,,,,,,,,,,,High,High,High,Low,Low,,,
246,2025-07-26,21:00:32.88,3,5,"Hennen, Ryan",802402,Left,GAS,"Gonzalez, Luis",8894175,Left,HP,Undefined,6,Bottom,0,1,2,Fastball,Four-Seam,BallCalled,Undefined,Undefined,Undefined,0,0,,89.98281,0.20348,3.900446,2375.788183,177.147725,12:00,5.93749,-2.82075,5.44183,-20.48226,14.53871,-0.67272,4.42161,0.781,82.58694,-3.608915,3.781262,0.425927,,,,,,,,,,,,1.34917,7.58272,2.47587,50,5.94156,-8.8614,-130.41422,-0.23894,2.33901,25.72039,-19.02812,HP,GAS,HighPoint,Independent,ATL,20250726-HighPoint-1,19491560-6a85-11f0-b210-07976e9a8e1d,88.49501,,,7.39587,,,,,,,0a4e6f39-7943-496f-befe-e00918278d5d,2025-07-27,01:00:32.88,2025-07-26T21:00:32.8864768-04:00,2025-07-27T01:00:32.8864768Z,,v3,5431,5508,,"Perez, Henderson",666630,Right,GAS,567f23d2-fdcc-427b-b43a-f474abe65eec,55.05638,-131.40766,12.8602,5.93659,0.49601,-9.51406,2.81989,-8.95175,1.1695,,,,,,,,,,,,,,,,,,,,,,,,,,,,,,,,,,,,,,,,,,,,,,,,,,,High,High,High,,,,,
247,2025-07-26,21:00:58.96,3,6,"Hennen, Ryan",802402,Left,GAS,"Gonzalez, Luis",8894175,Left,HP,Undefined,6,Bottom,0,2,2,Slider,Slider,BallCalled,Undefined,Undefined,Undefined,0,0,,82.97361,-1.435973,3.335316,2816.252578,300.489402,4:00,6.02406,-2.88227,4.64768,-45.80562,-3.33205,7.77,0.83985,0.93805,76.96008,-9.583718,4.697145,0.469063,,,,,,,,,,,,-2.92815,-0.87961,2.53333,50,5.83487,-7.35141,-120.20569,-4.84575,-4.30315,22.34364,-33.46668,HP,GAS,HighPoint,Independent,ATL,20250726-HighPoint-1,28e55c40-6a85-11f0-b210-07976e9a8e1d,80.35693,,,6.01353,,,,,,,0a4e6f39-7943-496f-befe-e00918278d5d,2025-07-27,01:00:58.96,2025-07-26T21:00:58.9643776-04:00,2025-07-27T01:00:58.9643776Z,,v3,5431,5508,,"Perez, Henderson",666630,Right,GAS,5b4e3c25-7fe4-469c-8763-8844491fb064,55.85349,-121.28885,11.17182,6.03046,-3.22338,-16.73334,2.88465,-7.14281,-2.15157,,,,,,,,,,,,,,,,,,,,,,,,,,,,,,,,,,,,,,,,,,,,,,,,,,,High,High,High,,,,,
248,2025-07-26,21:01:40.34,3,7,"Hennen, Ryan",802402,Left,GAS,"Gonzalez, Luis",8894175,Left,HP,Undefined,6,Bottom,0,3,2,Curveball,Slider,FoulBallNotFieldable,Undefined,Undefined,Undefined,0,0,,77.93032,1.137594,1.104362,2716.180716,283.525738,3:30,6.04941,-3.04738,4.84562,-51.09613,-3.10847,19.19844,2.86876,-0.40183,71.53761,-8.066396,4.485022,0.498582,100.17828,41.331083,45.114608,3851.944635,71.45343,93.04966,83.63253,346.03702,134.6113,58.92759,6.012983,-9.26524,-1.53894,2.92057,50,6.11764,-2.9558,-113.06058,0.40127,-11.93823,21.48813,-34.15698,HP,GAS,HighPoint,Independent,ATL,20250726-HighPoint-1,41858770-6a85-11f0-b210-07976e9a8e1d,75.59934,130.60661,,6.39272,,,,2.74217,3.55529,0.72135,0a4e6f39-7943-496f-befe-e00918278d5d,2025-07-27,01:01:40.34,2025-07-26T21:01:40.3490304-04:00,2025-07-27T01:01:40.3490304Z,FlyBall,v3,5431,5508,,"Perez, Henderson",666630,Right,GAS,b16e3615-f5dc-40d4-9ce6-48ab44709ce9,55.65712,-114.1307,10.74406,6.05531,2.10231,-17.07849,3.05297,-2.36127,-5.96911,207.943897,2.75523,77.61301,-23.79465,5.45761,-0.5035,-0.11643,0.04335,-0.00517,0.00022,3.54677,97.16386,-22.2931,2.189,-0.47625,0.07563,-0.00253,-0.00079,7E-05,0.7255,78.09412,-11.26907,1.94985,-0.11049,-0.05417,0.01644,-0.00187,8E-05,,,,,,,,,,,,,,,,,,,,,,,High,High,High,High,Low,,,
249,2025-07-26,21:02:07.65,3,8,"Hennen, Ryan",802402,Left,GAS,"Gonzalez, Luis",8894175,Left,HP,Undefined,6,Bottom,0,3,2,Fastball,Four-Seam,BallCalled,Walk,Undefined,Undefined,0,0,,88.84424,-0.500999,3.158768,2301.547576,168.511222,11:30,6.0477,-2.71483,5.50863,-20.86064,14.85898,-2.80697,3.84006,0.00827,81.72795,-4.385194,2.659874,0.430155,,,,,,,,,,,,2.21693,7.95075,2.4409,50,5.99,-6.98966,-128.89943,-1.83101,3.76084,24.70874,-18.68616,HP,GAS,HighPoint,Independent,ATL,20250726-HighPoint-1,51c5af70-6a85-11f0-b210-07976e9a8e1d,87.62528,,,7.11629,,,,,,,0a4e6f39-7943-496f-befe-e00918278d5d,2025-07-27,01:02:07.65,2025-07-26T21:02:07.6502528-04:00,2025-07-27T01:02:07.6502528Z,,v3,5431,5508,,"Perez, Henderson",666630,Right,GAS,93fa30d4-f062-4342-9ab7-dfa4ed4f5fd9,54.98987,-129.85242,12.35437,6.04673,-1.11031,-9.34308,2.71327,-7.13471,1.88042,,,,,,,,,,,,,,,,,,,,,,,,,,,,,,,,,,,,,,,,,,,,,,,,,,,High,High,High,,,,,
250,2025-07-26,21:05:41.52,4,1,"Hasler, Kent",694642,Right,GAS,"Aklinski, Ben",679701,Right,HP,Undefined,6,Bottom,0,0,0,Slider,Curveball,BallCalled,Undefined,Undefined,Undefined,0,0,,80.00125,1.410072,-1.686656,2235.476571,40.279986,7:15,6.10421,1.83329,5.59072,-45.8253,-2.8489,-3.22799,3.60292,-0.01108,75.36789,-6.903672,-2.262728,0.471831,,,,,,,,,,,,1.31173,-1.44287,-1.68634,50,6.19472,3.55214,-116.4897,1.31557,1.85362,16.05281,-34.21295,HP,GAS,HighPoint,Independent,ATL,20250726-HighPoint-1,d14c5280-6a85-11f0-b210-07976e9a8e1d,79.88551,,,4.63337,,,,,,,0a4e6f39-7943-496f-befe-e00918278d5d,2025-07-27,01:05:41.52,2025-07-26T21:05:41.5257088-04:00,2025-07-27T01:05:41.5257088Z,,v3,5431,5508,,"Perez, Henderson",666630,Right,GAS,9ef89ace-e851-4b9f-ae9f-81f5204a43b7,54.91329,-117.16482,8.0264,6.10914,2.75443,-17.10647,-1.83408,3.47419,0.92681,,,,,,,,,,,,,,,,,,,,,,,,,,,,,,,,,,,,,,,,,,,,,,,,,,,High,High,High,,,,,
251,2025-07-26,21:06:01.12,4,2,"Hasler, Kent",694642,Right,GAS,"Aklinski, Ben",679701,Right,HP,Undefined,6,Bottom,0,1,0,Fastball,Four-Seam,StrikeCalled,Undefined,Undefined,Undefined,0,0,,89.70822,-2.976007,-3.692086,2389.441574,213.372729,1:00,6.045,1.73323,5.7938,-18.4258,16.49225,10.13729,1.73298,-0.86114,82.29805,-6.436734,-1.880694,0.425301,,,,,,,,,,,,-6.14689,9.54312,-1.43516,50,5.78843,7.94743,-129.92607,-7.34243,-10.54642,26.27144,-15.80068,HP,GAS,HighPoint,Independent,ATL,20250726-HighPoint-1,dcf0d250-6a85-11f0-b210-07976e9a8e1d,88.62536,,,7.41017,,,,,,,0a4e6f39-7943-496f-befe-e00918278d5d,2025-07-27,01:06:01.12,2025-07-26T21:06:01.1245056-04:00,2025-07-27T01:06:01.1245056Z,,v3,5431,5508,,"Perez, Henderson",666630,Right,GAS,2203cc38-04de-4113-a43d-41cd18ec816f,54.70497,-130.87397,13.13572,6.04307,-6.77232,-7.90034,-1.72878,8.32795,-5.27321,,,,,,,,,,,,,,,,,,,,,,,,,,,,,,,,,,,,,,,,,,,,,,,,,,,High,High,High,,,,,
252,2025-07-26,21:06:25.58,4,3,"Hasler, Kent",694642,Right,GAS,"Aklinski, Ben",679701,Right,HP,Undefined,6,Bottom,0,1,1,Slider,Curveball,BallCalled,Undefined,Undefined,Undefined,0,0,,81.07929,-0.576724,-2.736453,2284.991848,25.468812,6:45,6.0028,1.86878,5.65318,-49.16302,-7.20874,-3.89717,1.36736,-1.0101,76.56694,-9.449208,-3.43339,0.466186,,,,,,,,,,,,1.41488,-3.28221,-1.63422,50,5.92195,5.78647,-117.9909,-2.87338,2.04097,17.55521,-36.90862,HP,GAS,HighPoint,Independent,ATL,20250726-HighPoint-1,eb8d0e50-6a85-11f0-b210-07976e9a8e1d,80.85272,,,4.51235,,,,,,,0a4e6f39-7943-496f-befe-e00918278d5d,2025-07-27,01:06:25.58,2025-07-26T21:06:25.5875584-04:00,2025-07-27T01:06:25.5875584Z,,v3,5431,5508,,"Perez, Henderson",666630,Right,GAS,a94e5cc2-df70-4c4a-94ce-19c1f4d85379,54.85161,-118.71055,8.77761,6.00872,-1.36037,-18.45431,-1.86971,5.70281,1.02049,,,,,,,,,,,,,,,,,,,,,,,,,,,,,,,,,,,,,,,,,,,,,,,,,,,High,High,High,,,,,
253,2025-07-26,21:06:48.41,4,4,"Hasler, Kent",694642,Right,GAS,"Aklinski, Ben",679701,Right,HP,Undefined,6,Bottom,0,2,1,Slider,Slider,InPlay,Undefined,GroundBall,Single,0,1,,81.82147,0.279331,-2.449041,2311.38592,5.031585,6:15,6.05756,1.74133,5.4666,-45.01207,-3.72591,-0.40906,2.56823,-0.58624,77.25308,-7.846929,-2.521881,0.46246,97.89976,-2.966073,-22.849794,3060.208151,,,,33.99954,33.69561,-20.833639,0.224836,-0.27661,-1.7391,-1.52545,50,6.05035,5.11024,-119.11543,-0.99728,-0.40872,16.78875,-34.74352,HP,GAS,HighPoint,Independent,ATL,20250726-HighPoint-1,f91b5cc0-6a85-11f0-b210-07976e9a8e1d,81.50429,2.95999,,4.56839,,,,3.30323,2.95999,0.45891,0a4e6f39-7943-496f-befe-e00918278d5d,2025-07-27,01:06:48.41,2025-07-26T21:06:48.4189696-04:00,2025-07-27T01:06:48.4189696Z,GroundBall,v3,5431,5508,,"Perez, Henderson",666630,Right,GAS,4c065e41-9fdd-4be8-955f-3c21f1b2d063,55.03813,-119.82343,8.39437,6.06152,0.46788,-17.37176,-1.74132,5.12748,-0.20436,44.405659,3.30499,132.03748,-24.07329,,,,,,,2.96233,-7.56803,-24.98555,,,,,,,0.45979,-55.73455,-0.42812,,,,,,,,,,,,,,,,,,,,,,,,,,,,,High,High,High,High,High,,,
254,2025-07-26,21:07:42.56,5,1,"Hasler, Kent",694642,Right,GAS,"Mendoza, Drew",666141,Left,HP,Undefined,6,Bottom,0,0,0,Fastball,Four-Seam,BallCalled,Undefined,Undefined,Undefined,0,0,,90.68113,-0.594056,-2.436021,2419.49695,215.0591,1:15,6.05463,1.98679,5.61439,-17.72887,16.70615,10.93678,4.02225,0.6232,82.54713,-3.947445,-0.485436,0.422349,,,,,,,,,,,,-6.18957,8.94626,-1.78566,50,5.99257,5.09866,-131.53057,-1.92616,-10.82297,28.38134,-16.53073,HP,GAS,HighPoint,Independent,ATL,20250726-HighPoint-1,19669300-6a86-11f0-b210-07976e9a8e1d,89.24474,,,8.134,,,,,,,0a4e6f39-7943-496f-befe-e00918278d5d,2025-07-27,01:07:42.56,2025-07-26T21:07:42.5619456-04:00,2025-07-27T01:07:42.5619456Z,,v3,5431,5508,,"Perez, Henderson",666630,Right,GAS,a9c39adb-3da7-49c5-a186-9da5cf5d66fe,54.88278,-132.57998,14.19067,6.05249,-1.31493,-8.26537,-1.98158,5.49884,-5.41149,,,,,,,,,,,,,,,,,,,,,,,,,,,,,,,,,,,,,,,,,,,,,,,,,,,High,High,High,,,,,
255,2025-07-26,21:08:04.72,5,2,"Hasler, Kent",694642,Right,GAS,"Mendoza, Drew",666141,Left,HP,Undefined,6,Bottom,0,1,0,Fastball,Four-Seam,BallCalled,Undefined,Undefined,Undefined,0,0,,90.7334,-0.951319,-1.980023,2426.670805,212.210123,1:00,6.02079,1.95378,5.76546,-15.70867,18.35548,10.88831,3.82574,1.0176,82.90049,-3.943198,-0.031671,0.420068,,,,,,,,,,,,-6.06363,9.9215,-1.7964,50,5.9325,4.07266,-131.72325,-2.65257,-10.66932,27.59384,-14.71661,HP,GAS,HighPoint,Independent,ATL,20250726-HighPoint-1,2699c920-6a86-11f0-b210-07976e9a8e1d,89.72928,,,7.83291,,,,,,,0a4e6f39-7943-496f-befe-e00918278d5d,2025-07-27,01:08:04.72,2025-07-26T21:08:04.7260160-04:00,2025-07-27T01:08:04.7260160Z,,v3,5431,5508,,"Perez, Henderson",666630,Right,GAS,f31376c1-1745-4b35-a3b9-b85d6d5512e2,54.73269,-132.71097,13.79692,6.01802,-2.12579,-7.3583,-1.94902,4.45456,-5.33466,,,,,,,,,,,,,,,,,,,,,,,,,,,,,,,,,,,,,,,,,,,,,,,,,,,High,High,High,,,,,
256,2025-07-26,21:08:28.56,5,3,"Hasler, Kent",694642,Right,GAS,"Mendoza, Drew",666141,Left,HP,Undefined,6,Bottom,0,2,0,Fastball,Four-Seam,FoulBallFieldable,Undefined,Undefined,Undefined,0,0,,89.28981,-2.271194,-2.04283,2451.736855,218.918559,1:15,5.96,1.86108,5.86821,-18.04458,16.97473,12.8219,2.34412,1.03117,81.88388,-5.676608,0.256832,0.425917,73.48862,55.21254,-33.461935,3955.685687,,,,,173.77213,,,-7.17292,9.65827,-1.70337,50,5.76552,4.09474,-129.62236,-5.69574,-12.23248,26.49785,-15.70311,HP,GAS,HighPoint,Independent,ATL,20250726-HighPoint-1,34cc6de0-6a86-11f0-b210-07976e9a8e1d,88.49709,82.68876,,7.40593,,,,1.89167,2.62579,-1.04358,0a4e6f39-7943-496f-befe-e00918278d5d,2025-07-27,01:08:28.56,2025-07-26T21:08:28.5650944-04:00,2025-07-27T01:08:28.5650944Z,,v3,5431,5508,,"Perez, Henderson",666630,Right,GAS,f6285928-2c7e-4c03-8e32-827b63669222,54.63248,-130.56591,13.24893,5.95838,-5.13657,-7.85156,-1.85694,4.53033,-6.11624,154.091914,1.89168,51.29861,-14.79411,3.8996,-0.01997,-0.87622,0.63989,-0.2247,0.03225,2.62579,88.52065,-23.40903,2.31793,-0.73908,0.52131,-0.32092,0.11203,-0.01647,-1.04358,-33.90775,0.93391,0.20866,0.18941,-0.37403,0.26257,-0.09334,0.01373,,,,,,,,,,,,,,,,,,,,,,,High,High,High,Medium,Undefined,,,
257,2025-07-26,21:09:22.71,5,4,"Hasler, Kent",694642,Right,GAS,"Mendoza, Drew",666141,Left,HP,Undefined,6,Bottom,0,2,1,Fastball,Four-Seam,InPlay,Undefined,FlyBall,Sacrifice,1,1,,91.01831,-2.736873,-2.713688,2447.775194,204.18188,12:45,6.00642,1.92932,5.7083,-15.31513,19.17536,8.04847,2.17543,0.06981,82.17183,-5.672765,-1.276165,0.422689,100.73279,30.981787,8.159122,3387.134387,108.90497,68.83056,15.48073,380.29628,307.91847,8.083214,5.734312,-4.96811,10.99103,-1.70704,50,5.76765,5.89067,-131.75391,-6.75167,-8.61683,31.46422,-13.11082,HP,GAS,HighPoint,Independent,ATL,20250726-HighPoint-1,55135e60-6a86-11f0-b210-07976e9a8e1d,89.17294,107.72808,,8.84648,,,,,,,0a4e6f39-7943-496f-befe-e00918278d5d,2025-07-27,01:09:22.71,2025-07-26T21:09:22.7120640-04:00,2025-07-27T01:09:22.7120640Z,FlyBall,v3,5431,5508,,"Perez, Henderson",666630,Right,GAS,3fb38f7f-e826-49af-9475-f7206884f6f3,54.7895,-132.89277,15.73211,6.00344,-6.27712,-6.55541,-1.9259,6.20256,-4.30841,179.859349,3.00409,125.27322,-27.76522,6.47377,-1.06415,0.11459,-0.00799,0.00049,-2E-05,5.59414,76.08707,-14.43773,-0.14411,0.21208,-0.08739,0.02228,-0.00285,0.00014,0.33343,17.96074,-4.02627,0.94215,-0.15537,0.01679,-0.00117,7E-05,-0,,,,,,,,,,,,,,,,,,,,,,,High,High,High,Low,Low,,,
258,2025-07-26,21:10:18.86,6,1,"Hasler, Kent",694642,Right,GAS,"Dickerson, Alex",543105,Left,HP,Undefined,6,Bottom,1,0,0,Fastball,Four-Seam,StrikeSwinging,Undefined,Undefined,Undefined,0,0,,91.32182,-1.195676,-2.714372,2482.305103,202.885039,12:45,5.98336,1.93117,5.73535,-15.79946,18.25103,7.20461,3.55188,0.00198,82.61825,-4.219798,-1.427223,0.419984,,,,,,,,,,,,-4.45941,9.96623,-1.70929,50,5.87407,5.94668,-132.32978,-3.22694,-7.83748,30.5684,-14.65824,HP,GAS,HighPoint,Independent,ATL,20250726-HighPoint-1,768dece0-6a86-11f0-b210-07976e9a8e1d,89.74727,,,8.70357,,,,,,,0a4e6f39-7943-496f-befe-e00918278d5d,2025-07-27,01:10:18.86,2025-07-26T21:10:18.8640768-04:00,2025-07-27T01:10:18.8640768Z,,v3,5431,5508,,"Perez, Henderson",666630,Right,GAS,95564a30-8ca4-46f8-841b-942f3a5ec798,54.76054,-133.42494,15.2842,5.98028,-2.70178,-7.32912,-1.92737,6.22747,-3.91874,,,,,,,,,,,,,,,,,,,,,,,,,,,,,,,,,,,,,,,,,,,,,,,,,,,High,High,High,,,,,
259,2025-07-26,21:10:42.96,6,2,"Hasler, Kent",694642,Right,GAS,"Dickerson, Alex",543105,Left,HP,Undefined,6,Bottom,1,0,1,Slider,Slider,FoulBallNotFieldable,Undefined,Undefined,Undefined,0,0,,82.10485,-0.4306,-2.208598,2284.670036,320.367755,4:45,5.97981,1.93068,5.7417,-42.58652,-0.70823,1.71252,2.02969,0.01592,75.1929,-8.238692,-1.901835,0.465764,66.74947,52.899201,-145.312292,5734.324164,,,,,24.03397,,,-1.53122,0.1135,-1.74799,50,5.91765,4.5297,-119.17319,-2.32432,-2.18911,24.16174,-32.01177,HP,GAS,HighPoint,Independent,ATL,20250726-HighPoint-1,84ecf8d0-6a86-11f0-b210-07976e9a8e1d,80.92602,30.6255,,6.91195,,,,2.37003,2.29801,-0.25119,0a4e6f39-7943-496f-befe-e00918278d5d,2025-07-27,01:10:42.96,2025-07-26T21:10:42.9686272-04:00,2025-07-27T01:10:42.9686272Z,,v3,5431,5508,,"Perez, Henderson",666630,Right,GAS,cc5d6e1b-276f-4be2-961a-2ddde8872ea1,54.75884,-120.13414,12.08087,5.98477,-1.05115,-16.00588,-1.92988,4.61676,-1.09455,,2.37534,-48.72849,-2.84181,,,,,,,2.30063,77.99989,-24.40188,,,,,,,-0.24448,-33.82207,-5.8185,,,,,,,,,,,,,,,,,,,,,,,,,,,,,High,High,High,Medium,Undefined,,,
260,2025-07-26,21:11:11.92,6,3,"Hasler, Kent",694642,Right,GAS,"Dickerson, Alex",543105,Left,HP,Undefined,6,Bottom,1,0,2,Fastball,Four-Seam,FoulBallNotFieldable,Undefined,Undefined,Undefined,0,0,,91.20248,-0.828001,-2.812875,2543.712436,213.649912,1:00,5.96893,2.07548,5.58586,-15.71312,18.04883,11.34981,3.88531,0.39243,83.80631,-3.797442,-0.790716,0.418201,75.69741,47.467843,-147.870703,3387.167567,,,,,26.57771,,,-6.48473,9.66819,-1.84137,50,5.88766,6.00425,-132.40841,-2.41335,-11.60531,26.13262,-14.87144,HP,GAS,HighPoint,Independent,ATL,20250726-HighPoint-1,962abab0-6a86-11f0-b210-07976e9a8e1d,90.12998,30.56351,,7.39617,,,,0.85567,3.96725,-0.36766,0a4e6f39-7943-496f-befe-e00918278d5d,2025-07-27,01:11:11.92,2025-07-26T21:11:11.9241216-04:00,2025-07-27T01:11:11.9241216Z,,v3,5431,5508,,"Perez, Henderson",666630,Right,GAS,c2f56adc-a82d-414d-ba44-2dc565c55127,54.91441,-133.37481,13.06631,5.96674,-1.86339,-7.43572,-2.07135,6.43342,-5.80266,,0.85715,-63.61243,-1.26569,,,,,,,3.96907,81.74509,-21.45623,,,,,,,-0.36716,-39.9335,0.19393,,,,,,,,,,,,,,,,,,,,,,,,,,,,,High,High,High,Medium,Undefined,,,
261,2025-07-26,21:11:42.20,6,4,"Hasler, Kent",694642,Right,GAS,"Dickerson, Alex",543105,Left,HP,Undefined,6,Bottom,1,0,2,Slider,Slider,FoulBallNotFieldable,Undefined,Undefined,Undefined,0,0,,82.38686,-0.522505,-1.832301,2380.23678,48.080574,7:30,5.991,1.97225,5.68571,-42.04935,-0.70047,-2.16059,1.99961,0.08375,76.03868,-8.204429,-2.218999,0.462811,78.73523,70.598552,-51.673618,6098.581827,,,,,42.36248,,,0.60953,0.1135,-1.8166,50,5.92033,3.91317,-119.69191,-2.52196,0.88625,22.61238,-32.00903,HP,GAS,HighPoint,Independent,ATL,20250726-HighPoint-1,a83d0aa0-6a86-11f0-b210-07976e9a8e1d,81.44247,99.39982,,6.34818,,,,2.14499,2.0196,0.1665,0a4e6f39-7943-496f-befe-e00918278d5d,2025-07-27,01:11:42.20,2025-07-26T21:11:42.2038528-04:00,2025-07-27T01:11:42.2038528Z,,v3,5431,5508,,"Perez, Henderson",666630,Right,GAS,7a67eb2f-5ace-460b-8c97-66014fe94a77,54.81561,-120.59825,11.30619,5.99571,-1.23899,-16.00451,-1.97274,3.87764,0.44312,159.336863,2.14497,23.79224,-12.84844,4.75866,-2.78525,3.03922,-2.39261,1.00492,-0.17255,2.0196,108.92068,-29.39891,3.71231,-0.66256,0.05831,0.04854,-0.03446,0.00738,0.1665,-30.09151,-0.91308,1.31903,-1.17816,1.40916,-1.12695,0.47678,-0.08228,,,,,,,,,,,,,,,,,,,,,,,High,High,High,Medium,Undefined,,,
262,2025-07-26,21:12:15.04,6,5,"Hasler, Kent",694642,Right,GAS,"Dickerson, Alex",543105,Left,HP,Undefined,6,Bottom,1,0,2,Fastball,Four-Seam,FoulBallNotFieldable,Undefined,Undefined,Undefined,0,0,,90.75484,-2.478852,-2.7734,2615.734708,201.770358,12:45,5.92291,1.83116,5.66177,-15.27198,19.0684,7.16835,2.33454,-0.15971,82.8555,-5.382091,-1.494438,0.421768,69.21578,39.279838,-151.809384,3403.807937,,,,,29.59053,,,-4.43142,10.72532,-1.60114,50,5.7035,6.05869,-131.543,-6.16067,-7.75765,28.13516,-13.39826,HP,GAS,HighPoint,Independent,ATL,20250726-HighPoint-1,bbce3260-6a86-11f0-b210-07976e9a8e1d,89.36763,26.67114,,7.89933,,,,2.63635,2.23825,0.08679,0a4e6f39-7943-496f-befe-e00918278d5d,2025-07-27,01:12:15.04,2025-07-26T21:12:15.0493184-04:00,2025-07-27T01:12:15.0493184Z,,v3,5431,5508,,"Perez, Henderson",666630,Right,GAS,f569a526-1253-4ee8-be8a-3559a9b6a984,54.8373,-132.5736,14.06758,5.92018,-5.66989,-6.69913,-1.82827,6.34285,-3.87883,,2.63188,-69.1191,11.96473,,,,,,,2.23474,64.3836,-13.87546,,,,,,,0.09477,-37.37558,-9.51495,,,,,,,,,,,,,,,,,,,,,,,,,,,,,High,High,High,Medium,Undefined,,,
263,2025-07-26,21:12:45.29,6,6,"Hasler, Kent",694642,Right,GAS,"Dickerson, Alex",543105,Left,HP,Undefined,6,Bottom,1,0,2,Slider,Slider,StrikeSwinging,Strikeout,Undefined,Undefined,0,0,,82.10099,0.852215,-1.805959,2258.181072,327.331026,5:00,5.84703,1.97889,5.47342,-42.96451,-1.17421,1.52323,3.06461,0.41527,75.85365,-6.97762,-1.534612,0.465274,,,,,,,,,,,,-1.23122,-0.44016,-1.82125,50,5.89245,3.69906,-119.27746,0.25726,-1.78737,21.29473,-32.813,HP,GAS,HighPoint,Independent,ATL,20250726-HighPoint-1,cde53d40-6a86-11f0-b210-07976e9a8e1d,81.01122,,,6.24734,,,,,,,0a4e6f39-7943-496f-befe-e00918278d5d,2025-07-27,01:12:45.29,2025-07-26T21:12:45.2974592-04:00,2025-07-27T01:12:45.2974592Z,,v3,5431,5508,,"Perez, Henderson",666630,Right,GAS,2c2b4066-bc7e-41f5-a00f-50473f279005,55.0275,-120.17167,10.64737,5.85272,1.63515,-16.4065,-1.97816,3.77412,-0.89368,,,,,,,,,,,,,,,,,,,,,,,,,,,,,,,,,,,,,,,,,,,,,,,,,,,High,High,High,,,,,
264,2025-07-26,21:13:30.81,7,1,"Hasler, Kent",694642,Right,GAS,"Viera, Max",1000098712,Left,HP,Undefined,6,Bottom,2,0,0,Fastball,Four-Seam,StrikeSwinging,Undefined,Undefined,Undefined,0,0,,90.24824,-1.261914,-2.426063,2400.497465,206.663533,1:00,5.9563,1.93307,5.63075,-17.82438,16.8445,7.90374,3.29226,0.32674,82.43486,-4.624391,-1.015973,0.423781,,,,,,,,,,,,-4.6611,9.2117,-1.73157,50,5.83751,5.19446,-130.921,-3.45137,-8.09561,27.46026,-16.17485,HP,GAS,HighPoint,Independent,ATL,20250726-HighPoint-1,e8f5f340-6a86-11f0-b210-07976e9a8e1d,88.94323,,,7.81338,,,,,,,0a4e6f39-7943-496f-befe-e00918278d5d,2025-07-27,01:13:30.81,2025-07-26T21:13:30.8144128-04:00,2025-07-27T01:13:30.8144128Z,,v3,5431,5508,,"Perez, Henderson",666630,Right,GAS,8152a858-e3c3-4cd0-8ff4-f042ae79221c,54.86708,-131.9379,13.73013,5.95423,-2.85239,-8.08742,-1.92948,5.49425,-4.0478,,,,,,,,,,,,,,,,,,,,,,,,,,,,,,,,,,,,,,,,,,,,,,,,,,,High,High,High,,,,,
265,2025-07-26,21:13:56.50,7,2,"Hasler, Kent",694642,Right,GAS,"Viera, Max",1000098712,Left,HP,Undefined,6,Bottom,2,0,1,Fastball,Four-Seam,StrikeCalled,Undefined,Undefined,Undefined,0,0,,90.34318,-1.995975,-3.350102,2491.539223,197.545282,12:30,5.95809,1.88791,5.57319,-17.4391,17.30832,5.12044,2.63654,-0.81812,82.58374,-5.278865,-2.438966,0.42426,,,,,,,,,,,,-3.49752,9.62752,-1.60247,50,5.77457,7.43102,-130.88709,-5.12276,-6.07415,27.3327,-15.45397,HP,GAS,HighPoint,Independent,ATL,20250726-HighPoint-1,f84bbb40-6a86-11f0-b210-07976e9a8e1d,88.8427,,,7.75943,,,,,,,0a4e6f39-7943-496f-befe-e00918278d5d,2025-07-27,01:13:56.50,2025-07-26T21:13:56.5027328-04:00,2025-07-27T01:13:56.5027328Z,,v3,5431,5508,,"Perez, Henderson",666630,Right,GAS,b8b29ac4-8e8f-46e9-9b1d-4e9df4831a0e,54.92419,-131.91138,13.66635,5.9557,-4.54362,-7.72699,-1.88521,7.65865,-3.03707,,,,,,,,,,,,,,,,,,,,,,,,,,,,,,,,,,,,,,,,,,,,,,,,,,,High,High,High,,,,,
266,2025-07-26,21:14:23.31,7,3,"Hasler, Kent",694642,Right,GAS,"Viera, Max",1000098712,Left,HP,Undefined,6,Bottom,2,0,2,Fastball,Four-Seam,BallCalled,Undefined,Undefined,Undefined,0,0,,90.05131,-1.070462,-4.848701,2513.490726,207.635817,1:00,5.97688,1.90395,5.7523,-17.70639,17.1654,8.3954,3.50113,-1.92102,82.08271,-4.419974,-3.35477,0.425019,,,,,,,,,,,,-5.59567,9.35741,-1.50564,50,5.87696,10.68159,-130.29734,-2.98289,-9.61852,27.40829,-16.08935,HP,GAS,HighPoint,Independent,ATL,20250726-HighPoint-1,08478740-6a87-11f0-b210-07976e9a8e1d,88.68411,,,7.9686,,,,,,,0a4e6f39-7943-496f-befe-e00918278d5d,2025-07-27,01:14:23.31,2025-07-26T21:14:23.3171968-04:00,2025-07-27T01:14:23.3171968Z,,v3,5431,5508,,"Perez, Henderson",666630,Right,GAS,a0bdf36e-3529-4b93-b3d4-5334a9d0eebc,54.74493,-131.29165,13.70414,5.97458,-2.3992,-8.04468,-1.89948,11.03053,-4.80926,,,,,,,,,,,,,,,,,,,,,,,,,,,,,,,,,,,,,,,,,,,,,,,,,,,High,High,High,,,,,
267,2025-07-26,21:14:50.31,7,4,"Hasler, Kent",694642,Right,GAS,"Viera, Max",1000098712,Left,HP,Undefined,6,Bottom,2,1,2,Slider,Slider,StrikeCalled,Strikeout,Undefined,Undefined,0,0,,81.71776,-0.091131,-2.037392,2274.752617,321.070347,4:45,5.91635,1.94161,5.38631,-42.82975,-0.41161,1.34173,2.26174,0.14294,75.49569,-7.87671,-1.798664,0.468756,,,,,,,,,,,,-1.20776,0.21634,-1.76041,50,5.87794,4.16651,-118.66793,-1.71276,-1.73183,21.52282,-31.86386,HP,GAS,HighPoint,Independent,ATL,20250726-HighPoint-1,1868b590-6a87-11f0-b210-07976e9a8e1d,80.40947,,,6.22208,,,,,,,0a4e6f39-7943-496f-befe-e00918278d5d,2025-07-27,01:14:50.31,2025-07-26T21:14:50.3153152-04:00,2025-07-27T01:14:50.3153152Z,,v3,5431,5508,,"Perez, Henderson",666630,Right,GAS,80da7311-8870-4fb2-a598-19850613ea43,55.11392,-119.59185,10.76141,5.92211,-0.34493,-15.93193,-1.94087,4.24086,-0.86592,,,,,,,,,,,,,,,,,,,,,,,,,,,,,,,,,,,,,,,,,,,,,,,,,,,High,High,High,,,,,
268,2025-07-26,21:17:12.76,1,1,"Rouse, Scott",833071,Right,HP,"Wylie, Justin",687045,Right,GAS,Undefined,7,Top,0,0,0,TwoSeamFastBall,Sinker,BallCalled,Undefined,Undefined,Undefined,0,0,,91.93637,0.634481,-2.584668,2220.928238,256.087767,2:30,4.62045,2.68317,5.65064,-28.78832,4.77721,14.77997,2.81383,1.50247,83.47089,-4.695496,0.05401,0.416983,,,,,,,,,,,,-8.18945,2.59429,-2.47321,50,4.65623,5.33601,-133.32779,0.40099,-14.65884,30.1632,-27.53039,HP,GAS,HighPoint,Independent,ATL,20250726-HighPoint-1,6d44ccc0-6a87-11f0-b210-07976e9a8e1d,90.39329,,,8.46548,,,,,,,0a4e6f39-7943-496f-befe-e00918278d5d,2025-07-27,01:17:12.76,2025-07-26T21:17:12.7620096-04:00,2025-07-27T01:17:12.7620096Z,,v3,5431,5508,,"Conley, Jack",663660,Right,HP,551f3d62-06ff-4265-a235-e9b146548dd5,54.84722,-134.41992,15.0816,4.62367,1.3978,-13.76519,-2.67602,5.86677,-7.32942,,,,,,,,,,,,,,,,,,,,,,,,,,,,,,,,,,,,,,,,,,,,,,,,,,,High,High,High,,,,,
269,2025-07-26,21:17:31.74,1,2,"Rouse, Scott",833071,Right,HP,"Wylie, Justin",687045,Right,GAS,Undefined,7,Top,0,1,0,TwoSeamFastBall,Sinker,StrikeSwinging,Undefined,Undefined,Undefined,0,0,,92.4059,-0.763719,-3.179178,2255.412036,260.05033,2:45,4.63502,2.47703,5.79336,-29.21946,3.85622,15.68485,1.48851,0.82376,84.07021,-6.169805,-0.371447,0.413929,,,,,,,,,,,,-8.98312,2.50197,-2.22491,50,4.55454,6.75469,-134.00911,-2.85924,-16.2284,30.73378,-27.65413,HP,GAS,HighPoint,Independent,ATL,20250726-HighPoint-1,78911a70-6a87-11f0-b210-07976e9a8e1d,91.06017,,,8.33568,,,,,,,0a4e6f39-7943-496f-befe-e00918278d5d,2025-07-27,01:17:31.74,2025-07-26T21:17:31.7482496-04:00,2025-07-27T01:17:31.7482496Z,,v3,5431,5508,,"Conley, Jack",663660,Right,HP,6c529b0d-e23a-444f-95db-7726d5728c04,54.70688,-135.08428,15.36689,4.63764,-1.8918,-13.82706,-2.47114,7.32241,-8.1142,,,,,,,,,,,,,,,,,,,,,,,,,,,,,,,,,,,,,,,,,,,,,,,,,,,High,High,High,,,,,
270,2025-07-26,21:17:56.14,1,3,"Rouse, Scott",833071,Right,HP,"Wylie, Justin",687045,Right,GAS,Undefined,7,Top,0,1,1,Slider,Slider,BallCalled,Undefined,Undefined,Undefined,0,0,,83.47557,2.229749,-1.621826,2273.626796,72.778526,8:30,4.47758,2.58703,5.58239,-40.00101,0.22209,-2.91764,3.2284,0.82888,77.00647,-5.091995,-2.141921,0.456467,,,,,,,,,,,,1.06622,-0.06272,-2.44568,50,4.64326,3.55307,-121.23479,3.30935,1.60292,21.46017,-32.26835,HP,GAS,HighPoint,Independent,ATL,20250726-HighPoint-1,872ba8c0-6a87-11f0-b210-07976e9a8e1d,82.57436,,,6.4691,,,,,,,0a4e6f39-7943-496f-befe-e00918278d5d,2025-07-27,01:17:56.14,2025-07-26T21:17:56.1495040-04:00,2025-07-27T01:17:56.1495040Z,,v3,5431,5508,,"Conley, Jack",663660,Right,HP,033de8d9-3a58-4dc6-9993-1c35ed51bed6,54.9178,-122.10221,10.73009,4.48314,4.61363,-16.13418,-2.58799,3.48828,0.80146,,,,,,,,,,,,,,,,,,,,,,,,,,,,,,,,,,,,,,,,,,,,,,,,,,,High,High,High,,,,,
271,2025-07-26,21:18:16.29,1,4,"Rouse, Scott",833071,Right,HP,"Wylie, Justin",687045,Right,GAS,Undefined,7,Top,0,2,1,Fastball,Sinker,InPlay,Undefined,FlyBall,Out,1,0,,93.09086,-0.609445,-3.047382,2234.565811,239.559987,2:00,4.74695,2.43326,5.67692,-22.79241,9.71154,14.78906,2.27861,0.82211,85.10317,-4.849386,-0.407174,0.410336,99.83286,24.886081,-20.356453,1826.96355,101.89522,44.74662,-41.44064,338.25436,324.93176,-26.610616,4.122936,-8.39717,5.403,-2.18583,50,4.68119,6.53296,-135.082,-2.25613,-15.53033,29.16265,-22.1814,HP,GAS,HighPoint,Independent,ATL,20250726-HighPoint-1,931c25b0-6a87-11f0-b210-07976e9a8e1d,91.85755,58.83567,,7.98769,,,,1.36712,2.29092,-0.777,0a4e6f39-7943-496f-befe-e00918278d5d,2025-07-27,01:18:16.29,2025-07-26T21:18:16.2971648-04:00,2025-07-27T01:18:16.2971648Z,FlyBall,v3,5431,5508,,"Conley, Jack",663660,Right,HP,68460f4f-007e-4a39-9989-b16129b49396,54.82371,-136.1194,14.58133,4.74742,-1.46707,-11.0907,-2.42805,7.08542,-7.76517,152.24584,1.36714,124.52929,-24.57587,5.70024,-1.2837,0.26491,-0.04166,0.00378,-0.00013,2.2919,61.58776,-19.51293,1.88847,-0.20453,-0.04137,0.01768,-0.00195,5E-05,-0.777,-46.20455,4.60386,-1.06912,0.24155,-0.05015,0.00794,-0.00073,3E-05,,,,,,,,,,,,,,,,,,,,,,,High,High,High,High,Medium,,,
272,2025-07-26,21:18:59.27,2,1,"Rouse, Scott",833071,Right,HP,"Guthrie, Dalton",656495,Right,GAS,Undefined,7,Top,1,0,0,TwoSeamFastBall,Sinker,BallCalled,Undefined,Undefined,Undefined,0,0,,92.36491,-0.325643,-2.414062,1978.704061,262.376037,2:45,4.58605,2.5589,5.75645,-29.73781,2.91945,14.75757,1.8045,1.54023,85.16598,-5.796263,0.227962,0.411302,,,,,,,,,,,,-8.16044,1.85256,-2.36783,50,4.54075,5.01278,-134.22585,-1.87194,-15.00758,26.86174,-28.76711,HP,GAS,HighPoint,Independent,ATL,20250726-HighPoint-1,acc00540-6a87-11f0-b210-07976e9a8e1d,91.64165,,,7.19894,,,,,,,0a4e6f39-7943-496f-befe-e00918278d5d,2025-07-27,01:18:59.27,2025-07-26T21:18:59.2729600-04:00,2025-07-27T01:18:59.2729600Z,,v3,5431,5508,,"Conley, Jack",663660,Right,HP,c4dc6f94-455b-46c6-9b81-12c5cf43cb27,54.74515,-135.17213,13.43087,4.58885,-0.85854,-14.38355,-2.55373,5.54147,-7.50379,,,,,,,,,,,,,,,,,,,,,,,,,,,,,,,,,,,,,,,,,,,,,,,,,,,High,High,High,,,,,
273,2025-07-26,21:19:17.64,2,2,"Rouse, Scott",833071,Right,HP,"Guthrie, Dalton",656495,Right,GAS,Undefined,7,Top,1,1,0,Fastball,Sinker,BallCalled,Undefined,Undefined,Undefined,0,0,,92.96309,0.706115,-3.859596,2121.700927,235.24,1:45,4.7441,2.19824,5.75979,-21.90497,10.68319,13.90328,3.57746,-0.24109,84.6874,-3.389571,-1.378464,0.410867,,,,,,,,,,,,-8.11563,5.55331,-1.88638,50,4.78949,8.45921,-134.74569,0.90149,-14.92567,29.18831,-21.96078,HP,GAS,HighPoint,Independent,ATL,20250726-HighPoint-1,b7b6dff0-6a87-11f0-b210-07976e9a8e1d,91.73875,,,8.2757,,,,,,,0a4e6f39-7943-496f-befe-e00918278d5d,2025-07-27,01:19:17.64,2025-07-26T21:19:17.6474624-04:00,2025-07-27T01:19:17.6474624Z,,v3,5431,5508,,"Conley, Jack",663660,Right,HP,1bfd081e-1611-44d7-8b45-d09ba733008c,54.7389,-135.76833,14.59415,4.74443,1.67091,-10.98039,-2.19192,8.98215,-7.46283,,,,,,,,,,,,,,,,,,,,,,,,,,,,,,,,,,,,,,,,,,,,,,,,,,,High,High,High,,,,,
274,2025-07-26,21:19:34.81,2,3,"Rouse, Scott",833071,Right,HP,"Guthrie, Dalton",656495,Right,GAS,Undefined,7,Top,1,2,0,Fastball,Sinker,InPlay,Undefined,LineDrive,Triple,0,0,,91.53075,-0.552848,-3.092424,2157.454992,235.642007,1:45,4.76373,2.39552,5.96996,-22.33741,10.97835,14.49891,2.38895,0.73391,83.51813,-4.742833,-0.490123,0.415428,101.48114,11.498004,-12.608171,2024.810545,107.1973,16.76187,-24.67252,242.02522,242.02522,-13.299938,2.205935,-8.35327,6.11158,-2.15863,50,4.70744,6.56278,-132.84072,-2.0223,-14.90622,28.81722,-21.26803,HP,GAS,HighPoint,Independent,ATL,20250726-HighPoint-1,c1ec6670-6a87-11f0-b210-07976e9a8e1d,90.73147,17.2453,,8.01262,,,,2.04343,2.42583,-0.71185,0a4e6f39-7943-496f-befe-e00918278d5d,2025-07-27,01:19:34.81,2025-07-26T21:19:34.8110848-04:00,2025-07-27T01:19:34.8110848Z,LineDrive,v3,5431,5508,,"Conley, Jack",663660,Right,HP,e7fe89e9-9ce0-48d6-aa25-ba46355a3ab7,54.53023,-133.81986,14.40861,4.76388,-1.29966,-10.63402,-2.39022,7.06926,-7.45311,172.670574,2.04343,142.3346,-24.42452,5.35392,-1.21333,0.27414,-0.05621,0.00838,-0.00063,2.42583,29.66875,-15.97878,1.37315,-0.32559,0.08745,-0.02329,0.00492,-0.00051,-0.71185,-31.83678,4.79303,-1.13258,0.25821,-0.05336,0.00793,-0.0005,-3E-05,,,,,,,,,,,,,,,,,,,,,,,High,High,High,High,High,,,
275,2025-07-26,21:20:24.51,3,1,"Rouse, Scott",833071,Right,HP,"Aldrete, Carter",666177,Right,GAS,Undefined,7,Top,1,0,0,Slider,Slider,BallCalled,Undefined,Undefined,Undefined,0,0,,86.11843,-0.472648,-2.719338,2168.719671,191.90753,12:30,4.62285,2.53128,5.98547,-34.4934,2.80862,0.36528,1.30982,0.03939,79.57318,-6.827185,-2.653716,0.43958,,,,,,,,,,,,-0.88847,1.90606,-2.31672,50,4.5664,5.92801,-125.11431,-2.19383,-1.41837,23.54808,-29.13113,HP,GAS,HighPoint,Independent,ATL,20250726-HighPoint-1,df97c480-6a87-11f0-b210-07976e9a8e1d,85.74653,,,6.54525,,,,,,,0a4e6f39-7943-496f-befe-e00918278d5d,2025-07-27,01:20:24.51,2025-07-26T21:20:24.5129216-04:00,2025-07-27T01:20:24.5129216Z,,v3,5431,5508,,"Conley, Jack",663660,Right,HP,adbd9d08-4cb1-4e01-8547-f843ec8b1460,54.51475,-125.96118,11.77404,4.62646,-1.14618,-14.56556,-2.53082,5.97902,-0.70919,,,,,,,,,,,,,,,,,,,,,,,,,,,,,,,,,,,,,,,,,,,,,,,,,,,High,High,High,,,,,
276,2025-07-26,21:20:40.48,3,2,"Rouse, Scott",833071,Right,HP,"Aldrete, Carter",666177,Right,GAS,Undefined,7,Top,1,1,0,TwoSeamFastBall,Sinker,InPlay,Undefined,GroundBall,Out,1,0,,90.86691,0.065705,-2.808482,2126.068201,259.255099,2:45,4.55971,2.60944,5.79103,-29.65336,4.0052,16.05639,2.14979,1.33279,83.85125,-5.398142,0.06594,0.41756,86.27147,-18.154663,-42.116677,,,,,9.39041,3.6011,-38.864512,0.055956,-8.94792,2.30272,-2.38808,50,4.54708,5.79587,-132.04702,-0.92071,-15.95271,25.54883,-28.06867,HP,GAS,HighPoint,Independent,ATL,20250726-HighPoint-1,e91322c0-6a87-11f0-b210-07976e9a8e1d,90.26826,2.21052,,7.01566,,,,2.31112,2.21052,-1.37131,0a4e6f39-7943-496f-befe-e00918278d5d,2025-07-27,01:20:40.48,2025-07-26T21:20:40.4897792-04:00,2025-07-27T01:20:40.4897792Z,GroundBall,v3,5431,5508,,"Conley, Jack",663660,Right,HP,34dc216e-98e5-41b8-858c-00436881245f,54.71119,-132.95543,12.77442,4.56208,0.07729,-14.03433,-2.60424,6.36308,-7.97636,,2.3095,89.36577,,,,,,,,2.21123,-39.50444,,,,,,,,-1.36985,-80.79543,,,,,,,,,,,,,,,,,,,,,,,,,,,,,,High,High,High,Low,Low,,,
277,2025-07-26,21:21:29.53,4,1,"Rouse, Scott",833071,Right,HP,"Watson, Kevin",675982,Left,GAS,Undefined,7,Top,2,0,0,ChangeUp,Changeup,BallCalled,Undefined,Undefined,Undefined,0,0,,86.07964,2.397427,-2.766697,1632.953165,286.743594,3:30,4.55275,2.57922,5.86337,-41.43947,-3.56414,15.84623,3.33054,1.32751,78.46837,-5.233657,0.072063,0.442945,,,,,,,,,,,,-8.82638,-2.08677,-2.36383,50,4.72354,5.37082,-124.86252,3.76105,-13.90944,25.5609,-35.46255,HP,GAS,HighPoint,Independent,ATL,20250726-HighPoint-1,0655fb00-6a88-11f0-b210-07976e9a8e1d,85.09511,,,7.61127,,,,,,,0a4e6f39-7943-496f-befe-e00918278d5d,2025-07-27,01:21:29.53,2025-07-26T21:21:29.5336448-04:00,2025-07-27T01:21:29.5336448Z,,v3,5431,5508,,"Conley, Jack",663660,Right,HP,0032bb73-622d-46fb-81d1-737a2835e8c5,54.6372,-125.80823,12.78045,4.56011,5.0731,-17.73128,-2.57206,5.88544,-6.95472,,,,,,,,,,,,,,,,,,,,,,,,,,,,,,,,,,,,,,,,,,,,,,,,,,,High,High,High,,,,,
278,2025-07-26,21:21:48.10,4,2,"Rouse, Scott",833071,Right,HP,"Watson, Kevin",675982,Left,GAS,Undefined,7,Top,2,1,0,Fastball,Sinker,StrikeSwinging,Undefined,Undefined,Undefined,0,0,,93.13509,-0.338194,-2.960661,2028.364113,237.620108,2:00,4.81814,2.34271,5.64323,-23.07005,9.4741,13.31513,2.57973,0.68805,85.03672,-4.628412,-0.585131,0.410589,,,,,,,,,,,,-7.54103,5.21193,-2.09968,50,4.77478,6.37447,-135.10829,-1.63449,-13.9466,29.28682,-22.53497,HP,GAS,HighPoint,Independent,ATL,20250726-HighPoint-1,11647c60-6a88-11f0-b210-07976e9a8e1d,91.80079,,,8.09837,,,,,,,0a4e6f39-7943-496f-befe-e00918278d5d,2025-07-27,01:21:48.10,2025-07-26T21:21:48.1067520-04:00,2025-07-27T01:21:48.1067520Z,,v3,5431,5508,,"Conley, Jack",663660,Right,HP,f258e7c8-f4c5-497b-bb6e-b457b2b20589,54.85548,-136.15672,14.64341,4.81886,-0.82777,-11.26749,-2.33681,6.87374,-6.9733,,,,,,,,,,,,,,,,,,,,,,,,,,,,,,,,,,,,,,,,,,,,,,,,,,,High,High,High,,,,,
279,2025-07-26,21:22:10.70,4,3,"Rouse, Scott",833071,Right,HP,"Watson, Kevin",675982,Left,GAS,Undefined,7,Top,2,1,1,ChangeUp,Changeup,BallCalled,Undefined,Undefined,Undefined,0,0,,85.56448,1.059918,-2.117893,1650.324186,277.032655,3:15,4.511,2.62136,5.66846,-38.87876,-0.91217,15.70855,2.26014,1.9548,79.34966,-6.048674,0.690172,0.443478,,,,,,,,,,,,-8.49855,-0.40091,-2.45257,50,4.57575,3.9567,-124.42206,0.91338,-13.50704,21.72087,-32.81121,HP,GAS,HighPoint,Independent,ATL,20250726-HighPoint-1,1ede0a50-6a88-11f0-b210-07976e9a8e1d,84.99277,,,6.21483,,,,,,,0a4e6f39-7943-496f-befe-e00918278d5d,2025-07-27,01:22:10.70,2025-07-26T21:22:10.7085824-04:00,2025-07-27T01:22:10.7085824Z,,v3,5431,5508,,"Conley, Jack",663660,Right,HP,6ab9781b-9176-43f5-8e63-ea75348fff14,54.83432,-125.26317,10.86043,4.51578,2.18394,-16.4056,-2.61591,4.47974,-6.75352,,,,,,,,,,,,,,,,,,,,,,,,,,,,,,,,,,,,,,,,,,,,,,,,,,,High,High,High,,,,,
280,2025-07-26,21:22:33.73,4,4,"Rouse, Scott",833071,Right,HP,"Watson, Kevin",675982,Left,GAS,Undefined,7,Top,2,2,1,Fastball,Sinker,BallCalled,Undefined,Undefined,Undefined,0,0,,93.00354,-1.349539,-4.84466,2191.413579,234.78974,1:45,4.73538,2.32554,5.75895,-21.26918,11.34556,14.59973,1.70204,-0.97805,84.9648,-5.319047,-2.243327,0.411035,,,,,,,,,,,,-8.88355,6.46622,-1.93257,50,4.61021,10.7845,-134.66657,-3.92053,-16.32206,29.09907,-20.29345,HP,GAS,HighPoint,Independent,ATL,20250726-HighPoint-1,2c8e86c0-6a88-11f0-b210-07976e9a8e1d,91.70137,,,8.03874,,,,,,,0a4e6f39-7943-496f-befe-e00918278d5d,2025-07-27,01:22:33.73,2025-07-26T21:22:33.7344512-04:00,2025-07-27T01:22:33.7344512Z,,v3,5431,5508,,"Conley, Jack",663660,Right,HP,1f2c9bc2-8236-42ad-bf69-3f9ada1c03ff,54.74262,-135.68749,14.54954,4.73527,-3.20854,-10.14673,-2.32098,11.35715,-8.16103,,,,,,,,,,,,,,,,,,,,,,,,,,,,,,,,,,,,,,,,,,,,,,,,,,,High,High,High,,,,,
281,2025-07-26,21:23:02.08,4,5,"Rouse, Scott",833071,Right,HP,"Watson, Kevin",675982,Left,GAS,Undefined,7,Top,2,3,1,ChangeUp,Changeup,InPlay,Undefined,GroundBall,Out,1,0,,84.56827,1.201533,-3.025251,1675.701552,288.791731,3:45,4.55861,2.56056,5.95991,-43.26876,-4.3578,16.29773,2.06878,1.11077,77.6307,-6.756314,-0.097768,0.44896,58.5235,-14.887934,21.549289,,,,,10.66569,5.27388,11.313203,0.095562,-9.25465,-2.27024,-2.32963,50,4.62957,5.85838,-122.8214,1.11355,-14.15745,23.99074,-35.64698,HP,GAS,HighPoint,Independent,ATL,20250726-HighPoint-1,3d7c53e0-6a88-11f0-b210-07976e9a8e1d,83.95505,2.11644,,6.93757,,,,3.054,2.11644,-0.83174,0a4e6f39-7943-496f-befe-e00918278d5d,2025-07-27,01:23:02.08,2025-07-26T21:23:02.0896256-04:00,2025-07-27T01:23:02.0896256Z,GroundBall,v3,5431,5508,,"Conley, Jack",663660,Right,HP,5c539a33-cb03-4e66-a66c-6f9ed2169755,54.54297,-123.7056,11.99537,4.56432,2.42735,-17.82349,-2.55516,6.38016,-7.07872,,3.04895,77.48303,,,,,,,,2.11788,-22.14722,,,,,,,,-0.83373,30.5984,,,,,,,,,,,,,,,,,,,,,,,,,,,,,,High,High,High,Low,Low,,,
282,2025-07-26,21:25:46.25,1,1,"Hasler, Kent",694642,Right,GAS,"Davidson, Braxton",656352,Left,HP,Undefined,7,Bottom,0,0,0,Slider,Slider,StrikeSwinging,Undefined,Undefined,Undefined,0,0,,80.90393,-0.20306,-2.558093,2497.674694,307.916436,4:15,6.01601,1.85858,5.65042,-43.38467,0.47642,1.44465,2.21104,-0.40857,73.15402,-8.183013,-2.299927,0.476663,,,,,,,,,,,,-1.57413,0.82886,-1.6425,50,5.97174,5.17665,-117.18307,-1.88241,-2.14924,25.8781,-31.04234,HP,GAS,HighPoint,Independent,ATL,20250726-HighPoint-1,9f609990-6a88-11f0-b210-07976e9a8e1d,79.07572,,,7.74991,,,,,,,0a4e6f39-7943-496f-befe-e00918278d5d,2025-07-27,01:25:46.25,2025-07-26T21:25:46.2569984-04:00,2025-07-27T01:25:46.2569984Z,,v3,5431,5508,,"Perez, Henderson",666630,Right,GAS,d78acbe4-26b6-45e3-8b32-ccb52fb85fea,54.84576,-118.24834,12.93905,6.02293,-0.60455,-15.52117,-1.85742,5.26512,-1.07462,,,,,,,,,,,,,,,,,,,,,,,,,,,,,,,,,,,,,,,,,,,,,,,,,,,High,High,High,,,,,
283,2025-07-26,21:26:07.65,1,2,"Hasler, Kent",694642,Right,GAS,"Davidson, Braxton",656352,Left,HP,Undefined,7,Bottom,0,0,1,Fastball,Four-Seam,BallCalled,Undefined,Undefined,Undefined,0,0,,90.18972,-3.140724,-4.396891,2696.984256,206.599734,1:00,5.91878,1.705,5.68232,-16.5806,18.57312,8.68016,1.59786,-1.67827,81.78686,-6.289639,-2.852049,0.426734,,,,,,,,,,,,-5.67693,10.70162,-1.33933,50,5.64298,9.62501,-130.28549,-7.65939,-9.68675,29.23072,-13.91358,HP,GAS,HighPoint,Independent,ATL,20250726-HighPoint-1,ac1ca3e0-6a88-11f0-b210-07976e9a8e1d,88.32774,,,8.40287,,,,,,,0a4e6f39-7943-496f-befe-e00918278d5d,2025-07-27,01:26:07.65,2025-07-26T21:26:07.6560384-04:00,2025-07-27T01:26:07.6560384Z,,v3,5431,5508,,"Perez, Henderson",666630,Right,GAS,cfa1d4a6-15b0-4236-9238-6b5a57bf61a0,54.81334,-131.36097,14.61536,5.91537,-7.14748,-6.95679,-1.70002,9.98141,-4.84337,,,,,,,,,,,,,,,,,,,,,,,,,,,,,,,,,,,,,,,,,,,,,,,,,,,High,High,High,,,,,
284,2025-07-26,21:26:28.59,1,3,"Hasler, Kent",694642,Right,GAS,"Davidson, Braxton",656352,Left,HP,Undefined,7,Bottom,0,1,1,Slider,Slider,StrikeCalled,Undefined,Undefined,Undefined,0,0,,82.86843,-0.769193,-1.288891,2587.544253,345.7845,5:30,5.94474,1.94175,5.51223,-43.43605,-1.89819,0.82984,1.60556,0.80544,75.78355,-8.693929,-1.140679,0.463867,,,,,,,,,,,,-0.80284,-0.26764,-1.82992,50,5.8488,2.67047,-120.23176,-3.16637,-1.16644,24.93197,-32.56291,HP,GAS,HighPoint,Independent,ATL,20250726-HighPoint-1,b89c4170-6a88-11f0-b210-07976e9a8e1d,81.25697,,,7.08488,,,,,,,0a4e6f39-7943-496f-befe-e00918278d5d,2025-07-27,01:26:28.59,2025-07-26T21:26:28.5950464-04:00,2025-07-27T01:26:28.5950464Z,,v3,5431,5508,,"Perez, Henderson",666630,Right,GAS,0579907c-23b0-4b89-a4e2-03c134393d1c,54.9861,-121.2613,12.46598,5.95179,-1.82172,-16.28145,-1.94119,2.71864,-0.58322,,,,,,,,,,,,,,,,,,,,,,,,,,,,,,,,,,,,,,,,,,,,,,,,,,,High,High,High,,,,,
285,2025-07-26,21:26:52.16,1,4,"Hasler, Kent",694642,Right,GAS,"Davidson, Braxton",656352,Left,HP,Undefined,7,Bottom,0,1,2,Slider,Slider,BallCalled,Undefined,Undefined,Undefined,0,0,,82.33992,0.092298,-0.473678,2456.90086,3.191588,6:00,5.91148,2.13155,5.36709,-42.65494,-0.69169,-0.11094,2.44345,1.67815,75.67955,-7.676676,-0.493427,0.466236,,,,,,,,,,,,-0.07535,0.04882,-2.08897,50,5.88954,0.99319,-119.57165,-1.34446,-0.10915,22.93358,-32.10333,HP,GAS,HighPoint,Independent,ATL,20250726-HighPoint-1,c6a90eb0-6a88-11f0-b210-07976e9a8e1d,80.84409,,,6.66037,,,,,,,0a4e6f39-7943-496f-befe-e00918278d5d,2025-07-27,01:26:52.16,2025-07-26T21:26:52.1679360-04:00,2025-07-27T01:26:52.1679360Z,,v3,5431,5508,,"Perez, Henderson",666630,Right,GAS,2ecdb1ac-a156-4b66-b9da-6d620d6c0ce7,55.13227,-120.55199,11.46679,5.91768,0.02786,-16.05166,-2.13153,0.99785,-0.05458,,,,,,,,,,,,,,,,,,,,,,,,,,,,,,,,,,,,,,,,,,,,,,,,,,,High,High,High,,,,,
286,2025-07-26,21:27:12.86,1,5,"Hasler, Kent",694642,Right,GAS,"Davidson, Braxton",656352,Left,HP,Undefined,7,Bottom,0,2,2,Slider,Slider,BallCalled,Undefined,Undefined,Undefined,0,0,,83.50829,-2.760713,-1.543066,2517.714839,331.4084,5:00,5.96417,1.91674,5.61189,-41.19853,0.00528,0.80402,-0.04875,0.54313,75.99274,-10.275486,-1.39906,0.461998,,,,,,,,,,,,-0.9174,1.30248,-1.78541,50,5.70148,3.22544,-120.94262,-7.26283,-1.33523,27.40481,-30.27838,HP,GAS,HighPoint,Independent,ATL,20250726-HighPoint-1,d2f47ce0-6a88-11f0-b210-07976e9a8e1d,81.58575,,,7.51555,,,,,,,0a4e6f39-7943-496f-befe-e00918278d5d,2025-07-27,01:27:12.86,2025-07-26T21:27:12.8682496-04:00,2025-07-27T01:27:12.8682496Z,,v3,5431,5508,,"Perez, Henderson",666630,Right,GAS,e23cd139-278a-416c-90b6-2708e70a8c37,54.88685,-122.04493,13.70241,5.96912,-6.04494,-15.13919,-1.91623,3.27915,-0.66762,,,,,,,,,,,,,,,,,,,,,,,,,,,,,,,,,,,,,,,,,,,,,,,,,,,High,High,High,,,,,
287,2025-07-26,21:28:03.10,1,6,"Hasler, Kent",694642,Right,GAS,"Davidson, Braxton",656352,Left,HP,Undefined,7,Bottom,0,3,2,Slider,Slider,InPlay,Undefined,Popup,Out,1,0,,82.06866,0.949396,-1.997108,2408.288254,353.375904,5:45,6.02525,1.89016,5.60015,-43.50046,-1.79264,0.34976,3.28717,0.05409,75.7023,-6.997186,-1.934677,0.464815,91.38383,70.095782,7.765351,,,,,,34.89538,,,-0.70394,-0.84047,-1.71929,50,6.07797,4.14378,-119.22824,0.47842,-1.01859,21.80234,-33.3902,HP,GAS,HighPoint,Independent,ATL,20250726-HighPoint-1,f0e98e20-6a88-11f0-b210-07976e9a8e1d,81.09126,109.72194,,6.36636,,,,1.66109,3.31962,0.12203,0a4e6f39-7943-496f-befe-e00918278d5d,2025-07-27,01:28:03.10,2025-07-26T21:28:03.1079936-04:00,2025-07-27T01:28:03.1079936Z,,v3,5431,5508,,"Perez, Henderson",666630,Right,GAS,4165c699-116b-4ffd-87f0-89fe3678f974,54.90157,-120.1212,10.90117,6.03037,1.84599,-16.6951,-1.88987,4.1855,-0.50929,172.705099,1.66107,45.21542,-19.18158,6.94376,-4.14482,4.96855,-4.36954,2.05393,-0.39462,3.31962,126.02173,-30.38326,3.48702,0.24975,-1.48461,1.5022,-0.74202,0.14743,0.12202,6.16737,-7.63027,3.18508,-2.1354,2.65408,-2.35036,1.10846,-0.21354,,,,,,,,,,,,,,,,,,,,,,,High,High,High,Medium,Undefined,,,
288,2025-07-26,21:28:44.50,2,1,"Hasler, Kent",694642,Right,GAS,"Burt, D.J.",656274,Right,HP,Undefined,7,Bottom,1,0,0,Fastball,Four-Seam,BallCalled,Undefined,Undefined,Undefined,0,0,,89.49025,-0.682264,-2.139235,2622.82709,209.124498,1:00,5.95049,1.83953,5.49147,-18.62162,16.59824,8.66008,3.75997,0.55906,82.16374,-4.172599,-0.5978,0.427135,,,,,,,,,,,,-4.8924,8.85882,-1.65805,50,5.87824,4.46232,-129.91527,-2.15815,-8.4201,25.42936,-16.92748,HP,GAS,HighPoint,Independent,ATL,20250726-HighPoint-1,0996d8b0-6a89-11f0-b210-07976e9a8e1d,88.24477,,,7.32652,,,,,,,0a4e6f39-7943-496f-befe-e00918278d5d,2025-07-27,01:28:44.50,2025-07-26T21:28:44.5051904-04:00,2025-07-27T01:28:44.5051904Z,,v3,5431,5508,,"Perez, Henderson",666630,Right,GAS,5932c0b9-00fb-42e5-9f48-dc7dbb34f0f2,55.00653,-130.89157,12.71468,5.94862,-1.50826,-8.46374,-1.83558,4.78558,-4.21005,,,,,,,,,,,,,,,,,,,,,,,,,,,,,,,,,,,,,,,,,,,,,,,,,,,High,High,High,,,,,
289,2025-07-26,21:29:00.67,2,2,"Hasler, Kent",694642,Right,GAS,"Burt, D.J.",656274,Right,HP,Undefined,7,Bottom,1,1,0,Fastball,Four-Seam,FoulBallNotFieldable,Undefined,Undefined,Undefined,0,0,,89.47078,-0.949637,-2.69452,2584.014971,208.518026,1:00,6.06352,1.61453,5.70703,-17.49489,17.56714,8.95839,3.71976,-0.15132,81.94956,-4.255777,-1.094618,0.426177,74.73444,22.467367,163.435767,2462.046706,,,,,43.70619,,,-5.28512,9.52154,-1.39433,50,5.97313,5.72625,-129.85715,-2.6959,-9.05812,26.24607,-15.85519,HP,GAS,HighPoint,Independent,ATL,20250726-HighPoint-1,1339bc20-6a89-11f0-b210-07976e9a8e1d,88.44319,19.06955,,7.52122,,,,0.65593,3.61349,0.04827,0a4e6f39-7943-496f-befe-e00918278d5d,2025-07-27,01:29:00.67,2025-07-26T21:29:00.6792192-04:00,2025-07-27T01:29:00.6792192Z,,v3,5431,5508,,"Perez, Henderson",666630,Right,GAS,2be41019-22db-4b9c-bd49-622dc3e3d8a9,54.79228,-130.82215,13.12303,6.06153,-2.11295,-7.9276,-1.61099,6.05929,-4.52906,258.347103,0.65036,-96.92579,8.39376,,,,,,,3.61863,41.73926,-17.76159,,,,,,,0.05742,28.61006,-8.41402,,,,,,,,,,,,,,,,,,,,,,,,,,,,,High,High,High,High,Undefined,,,
290,2025-07-26,21:29:30.07,2,3,"Hasler, Kent",694642,Right,GAS,"Burt, D.J.",656274,Right,HP,Undefined,7,Bottom,1,1,1,Fastball,Four-Seam,BallCalled,Undefined,Undefined,Undefined,0,0,,88.62846,-0.191423,-2.509754,2438.199136,201.058345,12:45,6.0022,1.74286,5.59559,-18.52651,17.42064,6.27489,4.27943,-0.07899,80.96946,-3.686428,-1.391495,0.431523,,,,,,,,,,,,-3.83607,9.19221,-1.53164,50,5.97386,5.35767,-128.58536,-1.00837,-6.43637,26.12668,-16.75087,HP,GAS,HighPoint,Independent,ATL,20250726-HighPoint-1,24c5ec20-6a89-11f0-b210-07976e9a8e1d,87.34751,,,7.659,,,,,,,0a4e6f39-7943-496f-befe-e00918278d5d,2025-07-27,01:29:30.07,2025-07-26T21:29:30.0767744-04:00,2025-07-27T01:29:30.0767744Z,,v3,5431,5508,,"Perez, Henderson",666630,Right,GAS,0641c4a2-328d-46e3-9792-38f1985801fe,54.90148,-129.57745,13.06334,6.00007,-0.3723,-8.37544,-1.73972,5.60207,-3.21819,,,,,,,,,,,,,,,,,,,,,,,,,,,,,,,,,,,,,,,,,,,,,,,,,,,High,High,High,,,,,
291,2025-07-26,21:29:51.33,2,4,"Hasler, Kent",694642,Right,GAS,"Burt, D.J.",656274,Right,HP,Undefined,7,Bottom,1,2,1,Fastball,Four-Seam,StrikeCalled,Undefined,Undefined,Undefined,0,0,,88.31465,-3.022073,-2.886134,2479.65761,208.636393,1:00,6.02935,1.6676,5.69683,-18.88418,17.12288,8.74796,1.63323,-0.29526,81.30021,-6.555566,-1.323826,0.431882,,,,,,,,,,,,-5.17244,9.81851,-1.43052,50,5.76331,6.07722,-128.01419,-7.35772,-8.6435,24.68927,-15.76666,HP,GAS,HighPoint,Independent,ATL,20250726-HighPoint-1,316bd660-6a89-11f0-b210-07976e9a8e1d,87.27479,,,7.01444,,,,,,,0a4e6f39-7943-496f-befe-e00918278d5d,2025-07-27,01:29:51.33,2025-07-26T21:29:51.3339392-04:00,2025-07-27T01:29:51.3339392Z,,v3,5431,5508,,"Perez, Henderson",666630,Right,GAS,38a09817-beb4-4cd3-b1b4-0e6bb640f0e2,54.80165,-128.93693,12.34463,6.02728,-6.76846,-7.88333,-1.66368,6.40026,-4.32175,,,,,,,,,,,,,,,,,,,,,,,,,,,,,,,,,,,,,,,,,,,,,,,,,,,High,High,High,,,,,
292,2025-07-26,21:30:22.30,2,5,"Hasler, Kent",694642,Right,GAS,"Burt, D.J.",656274,Right,HP,Undefined,7,Bottom,1,2,2,Slider,Slider,StrikeCalled,Strikeout,Undefined,Undefined,0,0,,82.06385,-0.537295,-2.558302,2445.465084,53.980549,7:45,6.04693,1.86274,5.61882,-41.61486,-0.64512,-2.21032,2.07707,-0.71059,77.27933,-8.078301,-2.95299,0.460684,,,,,,,,,,,,0.59398,0.08787,-1.64287,50,5.97378,5.42066,-119.403,-2.556,0.87879,17.64595,-32.04404,HP,GAS,HighPoint,Independent,ATL,20250726-HighPoint-1,43e6d330-6a89-11f0-b210-07976e9a8e1d,81.81841,,,4.78451,,,,,,,0a4e6f39-7943-496f-befe-e00918278d5d,2025-07-27,01:30:22.30,2025-07-26T21:30:22.3040000-04:00,2025-07-27T01:30:22.3040000Z,,v3,5431,5508,,"Perez, Henderson",666630,Right,GAS,bdd1eae6-e662-4646-bb61-15096d32129d,54.88416,-120.12264,8.82298,6.05137,-1.24918,-16.02202,-1.86321,5.38482,0.43939,,,,,,,,,,,,,,,,,,,,,,,,,,,,,46.78219,,,1.665186,,,,-5.30766,4.30437,3.20328,77.92253,1.82031,47.08453,-5.21069,55.84635,-3.58463,4.4505,24.14422,-15.5014,3.23744,28.88155,-1.54088,High,High,High,,,High,High,High
293,2025-07-26,21:31:04.13,3,1,"Hasler, Kent",694642,Right,GAS,"Conley, Jack",663660,Right,HP,Undefined,7,Bottom,2,0,0,Fastball,Four-Seam,StrikeCalled,Undefined,Undefined,Undefined,0,0,,89.77002,-2.871113,-2.868346,2468.831673,207.646689,1:00,5.90767,1.71235,5.65203,-16.05887,18.88647,9.3243,1.88601,-0.1881,82.43131,-5.902933,-1.204864,0.425467,,,,,,,,,,,,-5.46614,10.65902,-1.47504,50,5.65374,6.10911,-130.1206,-7.02007,-9.42325,25.89293,-13.79859,HP,GAS,HighPoint,Independent,ATL,20250726-HighPoint-1,5cd03c60-6a89-11f0-b210-07976e9a8e1d,88.5907,,,7.33871,,,,,,,0a4e6f39-7943-496f-befe-e00918278d5d,2025-07-27,01:31:04.13,2025-07-26T21:31:04.1348096-04:00,2025-07-27T01:31:04.1348096Z,,v3,5431,5508,,"Perez, Henderson",666630,Right,GAS,b12a9dae-0b6c-4eed-ad77-8d55134d576d,54.8465,-131.08146,12.94646,5.90475,-6.50802,-6.89929,-1.70823,6.4588,-4.71163,,,,,,,,,,,,,,,,,,,,,,,,,,,,,,,,,,,,,,,,,,,,,,,,,,,High,High,High,,,,,
294,2025-07-26,21:31:25.29,3,2,"Hasler, Kent",694642,Right,GAS,"Conley, Jack",663660,Right,HP,Undefined,7,Bottom,2,0,1,Slider,Slider,StrikeSwinging,Undefined,Undefined,Undefined,0,0,,82.88936,-1.963737,-3.408478,2424.211509,17.215483,6:30,5.9331,1.77722,5.70632,-42.11774,-0.48051,-0.6013,0.58966,-1.45241,75.53171,-9.658576,-3.516003,0.464421,,,,,,,,,,,,-0.7837,0.87142,-1.49093,50,5.74254,7.16991,-119.96883,-5.57328,-1.12621,26.23867,-30.92183,HP,GAS,HighPoint,Independent,ATL,20250726-HighPoint-1,69782270-6a89-11f0-b210-07976e9a8e1d,81.15998,,,7.35766,,,,,,,0a4e6f39-7943-496f-befe-e00918278d5d,2025-07-27,01:31:25.29,2025-07-26T21:31:25.2928512-04:00,2025-07-27T01:31:25.2928512Z,,v3,5431,5508,,"Perez, Henderson",666630,Right,GAS,9c72b7ce-c47d-48d4-a412-4281f5c37cf2,54.79071,-121.01208,13.11934,5.9397,-4.34383,-15.46092,-1.77689,7.21469,-0.56311,,,,,,,,,,,,,,,,,,,,,,,,,,,,,,,,,,,,,,,,,,,,,,,,,,,High,High,High,,,,,
295,2025-07-26,21:31:49.10,3,3,"Hasler, Kent",694642,Right,GAS,"Conley, Jack",663660,Right,HP,Undefined,7,Bottom,2,0,2,Fastball,Four-Seam,InPlay,Undefined,LineDrive,Single,0,0,,89.63275,-0.827332,-3.840542,2577.762081,208.969509,1:00,5.94142,1.94461,5.55261,-18.58761,16.53548,8.56906,3.61759,-0.93533,82.27948,-4.311554,-2.317676,0.426548,99.80677,9.22995,11.435033,1237.694191,106.46024,9.21395,27.67829,166.73369,166.73369,15.860997,1.373813,-5.34965,8.90941,-1.61793,50,5.85762,8.35186,-129.96249,-2.48932,-9.21006,25.55127,-16.83541,HP,GAS,HighPoint,Independent,ATL,20250726-HighPoint-1,779c4840-6a89-11f0-b210-07976e9a8e1d,88.36627,10.34273,,7.35326,,,,0.68134,3.54361,0.95769,0a4e6f39-7943-496f-befe-e00918278d5d,2025-07-27,01:31:49.10,2025-07-26T21:31:49.1045888-04:00,2025-07-27T01:31:49.1045888Z,LineDrive,v3,5431,5508,,"Perez, Henderson",666630,Right,GAS,f6ab86cf-1416-4718-ae42-fb90cef9a767,54.94738,-130.93156,12.77564,5.93992,-1.85081,-8.4177,-1.94131,8.70116,-4.60503,279.063566,0.68134,141.61968,-23.58929,4.90966,-1.12212,0.25155,-0.05623,0.01013,-0.00099,3.54361,23.47942,-21.48841,2.37309,-0.51519,0.11567,-0.02416,0.00438,-0.00044,0.95769,28.64566,4.56011,-1.85265,0.56337,-0.15252,0.03729,-0.00711,0.00073,,,,,,,,,,,,,,,,,,,,,,,High,High,High,High,High,,,
296,2025-07-26,21:32:39.09,4,1,"Hasler, Kent",694642,Right,GAS,"Brewer, Aidan",1000132240,Right,HP,Undefined,7,Bottom,2,0,0,Slider,Slider,BallCalled,Undefined,Undefined,Undefined,0,0,,80.48421,-0.538501,-2.820345,2376.482551,351.373844,5:45,5.98278,1.82516,5.72418,-43.81054,-1.0837,0.33083,1.82971,-0.77631,75.34492,-8.503728,-2.76115,0.470459,,,,,,,,,,,,-0.81441,-0.08594,-1.58974,50,5.91041,5.7521,-117.01449,-2.56075,-1.14881,18.47749,-32.29527,HP,GAS,HighPoint,Independent,ATL,20250726-HighPoint-1,95751ef0-6a89-11f0-b210-07976e9a8e1d,80.11843,,,5.13929,,,,,,,0a4e6f39-7943-496f-befe-e00918278d5d,2025-07-27,01:32:39.09,2025-07-26T21:32:39.0926336-04:00,2025-07-27T01:32:39.0926336Z,,v3,5431,5508,,"Perez, Henderson",666630,Right,GAS,d0e4267d-8207-43ad-a6e6-e211451425a2,54.77814,-117.76658,9.23874,5.98788,-1.24624,-16.14764,-1.82482,5.79886,-0.5744,,,,,,,,,,,,,,,,,,,,,,,,,,,,,,,,,,,,,,,,,,,,,,,,,,,High,High,High,,,,,
297,2025-07-26,21:32:58.45,4,2,"Hasler, Kent",694642,Right,GAS,"Brewer, Aidan",1000132240,Right,HP,Undefined,7,Bottom,2,1,0,Slider,Curveball,StrikeSwinging,Undefined,Undefined,Undefined,0,0,,81.33363,-1.098439,-2.728094,2491.934009,0.531498,6:00,5.98527,1.78457,5.57639,-45.74125,-3.29606,-0.04169,1.14627,-0.76886,75.6473,-9.388236,-2.735542,0.468906,,,,,,,,,,,,-0.67445,-1.01429,-1.54959,50,5.86049,5.63007,-118.1197,-3.85353,-0.9606,20.79182,-33.61867,HP,GAS,HighPoint,Independent,ATL,20250726-HighPoint-1,a0fd6430-6a89-11f0-b210-07976e9a8e1d,80.38381,,,5.68632,,,,,,,0a4e6f39-7943-496f-befe-e00918278d5d,2025-07-27,01:32:58.45,2025-07-26T21:32:58.4596480-04:00,2025-07-27T01:32:58.4596480Z,,v3,5431,5508,,"Perez, Henderson",666630,Right,GAS,55171d49-5f81-44e3-8f14-c386ae0dad49,54.92522,-118.98349,10.39591,5.99157,-2.45684,-16.80933,-1.78432,5.66998,-0.4803,,,,,,,,,,,,,,,,,,,,,,,,,,,,,,,,,,,,,,,,,,,,,,,,,,,High,High,High,,,,,
298,2025-07-26,21:33:27.55,4,3,"Hasler, Kent",694642,Right,GAS,"Brewer, Aidan",1000132240,Right,HP,Undefined,7,Bottom,2,1,1,Slider,Slider,FoulBallNotFieldable,Undefined,Undefined,Undefined,0,0,,82.15207,0.077282,-2.62485,2397.073516,343.421435,5:30,5.92003,1.79548,5.56069,-43.14648,-1.63236,0.82886,2.39677,-0.58948,76.26986,-7.772258,-2.477035,0.463735,60.34337,30.551772,148.823018,3829.41915,-96.62412,22.55028,52.57074,156.23817,44.283,152.743974,2.367683,-1.07902,-0.5761,-1.56929,50,5.89765,5.44045,-119.37369,-1.32837,-1.5727,20.80422,-33.01378,HP,GAS,HighPoint,Independent,ATL,20250726-HighPoint-1,b2484570-6a89-11f0-b210-07976e9a8e1d,81.28021,26.86657,,5.88221,,,,3.52209,2.60202,0.46297,0a4e6f39-7943-496f-befe-e00918278d5d,2025-07-27,01:33:27.55,2025-07-26T21:33:27.5502080-04:00,2025-07-27T01:33:27.5502080Z,LineDrive,v3,5431,5508,,"Perez, Henderson",666630,Right,GAS,03276932-96d9-49ca-85b0-e74d2eaec03d,54.94203,-120.23189,10.40211,5.92435,0.03349,-16.50689,-1.79506,5.50532,-0.78635,316.87432,3.52221,-65.21568,1.55474,0.26905,0.14817,-0.23222,0.12617,-0.02996,0.00263,2.60201,44.98859,-22.72367,2.1496,-0.57085,0.2411,-0.11299,0.03116,-0.0034,0.46292,39.4596,-6.18284,1.64444,-0.71848,0.49058,-0.25926,0.07127,-0.00757,,,,,,,,,,,,,,,,,,,,,,,High,High,High,High,Low,,,
299,2025-07-26,21:34:02.52,4,4,"Hasler, Kent",694642,Right,GAS,"Brewer, Aidan",1000132240,Right,HP,Undefined,7,Bottom,2,1,2,Slider,Slider,BallCalled,Undefined,Undefined,Undefined,0,0,,83.80087,-2.028535,-3.426969,2450.360085,6.663734,6:15,5.91593,1.94694,5.61114,-40.87423,-0.8089,-0.22906,0.61215,-1.27467,77.84789,-9.436914,-3.467855,0.455571,,,,,,,,,,,,-0.7674,0.48535,-1.65361,50,5.71576,7.28771,-121.54366,-5.7556,-1.15613,22.2302,-31.44279,HP,GAS,HighPoint,Independent,ATL,20250726-HighPoint-1,c72a0910-6a89-11f0-b210-07976e9a8e1d,82.73678,,,5.95298,,,,,,,0a4e6f39-7943-496f-befe-e00918278d5d,2025-07-27,01:34:02.52,2025-07-26T21:34:02.5263104-04:00,2025-07-27T01:34:02.5263104Z,,v3,5431,5508,,"Perez, Henderson",666630,Right,GAS,5e7785fb-6b26-4d45-95a5-706c42984ace,54.88956,-122.43468,11.1151,5.9212,-4.49532,-15.7214,-1.94664,7.33405,-0.57806,,,,,,,,,,,,,,,,,,,,,,,,,,,,,,,,,,,,,,,,,,,,,,,,,,,High,High,High,,,,,
300,2025-07-26,21:34:32.94,4,5,"Hasler, Kent",694642,Right,GAS,"Brewer, Aidan",1000132240,Right,HP,Undefined,7,Bottom,2,2,2,Fastball,Four-Seam,FoulBallNotFieldable,Undefined,Undefined,Undefined,0,0,,90.4959,-1.544166,-3.004004,2634.560598,210.510488,1:00,5.9849,1.87646,5.76863,-16.00304,18.30056,10.14205,3.21193,-0.07658,82.70029,-4.58649,-1.191259,0.421541,78.66098,61.460269,167.06679,4090.559913,,,,,28.69548,,,-6.0274,10.10052,-1.63417,50,5.84748,6.45506,-131.27493,-4.02561,-10.52723,27.56201,-14.53296,HP,GAS,HighPoint,Independent,ATL,20250726-HighPoint-1,d93d4360-6a89-11f0-b210-07976e9a8e1d,89.41556,50.60349,,7.79561,,,,2.31506,3.33551,0.0932,0a4e6f39-7943-496f-befe-e00918278d5d,2025-07-27,01:34:32.94,2025-07-26T21:34:32.9487872-04:00,2025-07-27T01:34:32.9487872Z,,v3,5431,5508,,"Perez, Henderson",666630,Right,GAS,b3950993-26b8-4913-ba9e-05dabdb37f05,54.73121,-132.26455,13.781,5.98265,-3.5038,-7.26648,-1.87272,6.83304,-5.26361,345.943706,2.31506,-53.72145,-2.16798,1.43752,-0.41271,0.1123,-0.02679,0.00582,-0.0007,3.33551,101.35028,-32.22771,4.57161,-1.01486,0.21223,-0.04709,0.01174,-0.00223,0.0932,12.33663,-4.56689,-0.18664,0.16254,-0.06729,0.01773,-0.00458,0.00072,,,,,,,,,,,,,,,,,,,,,,,High,High,High,High,Undefined,,,
301,2025-07-26,21:35:13.12,4,6,"Hasler, Kent",694642,Right,GAS,"Brewer, Aidan",1000132240,Right,HP,Undefined,7,Bottom,2,2,2,Slider,Slider,BallCalled,Undefined,Undefined,Undefined,0,0,,82.56454,-2.377932,-3.16567,2433.531327,9.045825,6:15,5.99928,1.73934,5.77566,-42.88266,-2.14646,-0.51315,0.20836,-1.25214,77.36386,-10.138993,-3.257643,0.459369,,,,,,,,,,,,-0.49256,-0.22406,-1.47733,50,5.77618,6.65014,-119.88649,-6.4358,-0.72677,20.1818,-32.50462,HP,GAS,HighPoint,Independent,ATL,20250726-HighPoint-1,f13c73a0-6a89-11f0-b210-07976e9a8e1d,82.05263,,,5.20069,,,,,,,0a4e6f39-7943-496f-befe-e00918278d5d,2025-07-27,01:35:13.12,2025-07-26T21:35:13.1297280-04:00,2025-07-27T01:35:13.1297280Z,,v3,5431,5508,,"Perez, Henderson",666630,Right,GAS,e1eb94c5-7960-4156-8bc7-ffd3a34e9913,54.72701,-120.67962,10.0909,6.004,-5.1584,-16.25231,-1.73924,6.6787,-0.36338,,,,,,,,,,,,,,,,,,,,,,,,,,,,,,,,,,,,,,,,,,,,,,,,,,,High,High,High,,,,,
302,2025-07-26,21:35:57.48,4,7,"Hasler, Kent",694642,Right,GAS,"Brewer, Aidan",1000132240,Right,HP,Undefined,7,Bottom,2,3,2,Slider,Slider,BallCalled,Walk,Undefined,Undefined,0,0,,83.6659,-1.010913,-4.278135,2452.854128,1.803742,6:00,5.84387,1.87491,5.59675,-42.69428,-2.46162,-0.11362,1.33946,-2.13623,77.65146,-8.751758,-4.298357,0.456521,,,,,,,,,,,,-1.03787,-0.60091,-1.50752,50,5.72927,9.07813,-121.29268,-3.66581,-1.55829,21.98415,-33.07625,HP,GAS,HighPoint,Independent,ATL,20250726-HighPoint-1,0bb41df0-6a8a-11f0-b210-07976e9a8e1d,82.56454,,,6.01444,,,,,,,0a4e6f39-7943-496f-befe-e00918278d5d,2025-07-27,01:35:57.48,2025-07-26T21:35:57.4802944-04:00,2025-07-27T01:35:57.4802944Z,,v3,5431,5508,,"Perez, Henderson",666630,Right,GAS,e6ddc1ba-10a5-4182-b826-6fa4829ea4f3,54.90406,-122.1783,10.99208,5.8501,-2.33335,-16.53812,-1.87449,9.1409,-0.77914,,,,,,,,,,,,,,,,,,,,,,,,,,,,,,,,,,,,,,,,,,,,,,,,,,,High,High,High,,,,,
303,2025-07-26,21:39:15.01,5,1,"Horvath, Nick",681282,Left,GAS,"Gonzalez, Luis",8894175,Left,HP,Undefined,7,Bottom,2,0,0,Slider,Slider,StrikeCalled,Undefined,Undefined,Undefined,0,0,,86.54577,0.032804,2.277079,2519.218603,242.777171,2:00,5.47798,-2.6369,5.03721,-35.02711,3.05725,3.91481,2.59003,-0.16132,80.25139,-6.304833,2.968098,0.444165,,,,,,,,,,,,-1.39681,1.83406,2.41612,50,5.45294,-5.17244,-125.67904,-1.29243,-2.26292,22.39316,-29.20277,HP,GAS,HighPoint,Independent,ATL,20250726-HighPoint-1,8166e280-6a8a-11f0-b210-07976e9a8e1d,84.8613,,,6.29439,,,,,,,0a4e6f39-7943-496f-befe-e00918278d5d,2025-07-27,01:39:15.01,2025-07-26T21:39:15.0189056-04:00,2025-07-27T01:39:15.0189056Z,,v3,5431,5508,,"Perez, Henderson",666630,Right,GAS,fabb3976-f4dd-4c8a-89fa-78e218333bc0,55.46341,-126.64875,11.19658,5.48153,-0.02783,-14.60138,2.63799,-5.07445,-1.13146,,,,,,,,,,,,,,,,,,,,,,,,,,,,,,,,,,,,,,,,,,,,,,,,,,,High,High,High,,,,,
304,2025-07-26,21:39:36.57,5,2,"Horvath, Nick",681282,Left,GAS,"Gonzalez, Luis",8894175,Left,HP,Undefined,7,Bottom,2,0,1,Fastball,Four-Seam,BallCalled,Undefined,Undefined,Undefined,0,0,,93.69644,-0.113127,2.174308,2452.805366,152.673341,11:00,5.68526,-2.4395,5.41772,-14.7217,17.69092,-8.61079,4.3524,-1.11927,85.39048,-2.90826,0.64411,0.409759,,,,,,,,,,,,4.9004,9.21103,2.25232,50,5.6652,-4.74783,-135.92413,-0.74107,9.17325,29.62551,-14.93151,HP,GAS,HighPoint,Independent,ATL,20250726-HighPoint-1,8e3fc3a0-6a8a-11f0-b210-07976e9a8e1d,91.98684,,,8.30596,,,,,,,0a4e6f39-7943-496f-befe-e00918278d5d,2025-07-27,01:39:36.57,2025-07-26T21:39:36.5717504-04:00,2025-07-27T01:39:36.5717504Z,,v3,5431,5508,,"Perez, Henderson",666630,Right,GAS,fba5518f-b38a-4038-9d1b-eb50607fda44,55.07958,-137.02678,14.81275,5.68244,-0.18532,-7.46575,2.43539,-5.08926,4.58662,,,,,,,,,,,,,,,,,,,,,,,,,,,,,,,,,,,,,,,,,,,,,,,,,,,High,High,High,,,,,
305,2025-07-26,21:40:03.27,5,3,"Horvath, Nick",681282,Left,GAS,"Gonzalez, Luis",8894175,Left,HP,Undefined,7,Bottom,2,1,1,Fastball,Four-Seam,StrikeSwinging,Undefined,Undefined,Undefined,0,0,,93.06469,-2.028485,3.510252,2461.491523,150.408856,11:00,5.72719,-2.36117,5.6286,-15.72442,16.92355,-9.0206,2.51972,0.16657,85.0836,-5.00074,1.903554,0.411244,,,,,,,,,,,,5.49091,9.42229,2.06765,50,5.54406,-7.85291,-134.83851,-5.28341,10.1327,28.67751,-14.78657,HP,GAS,HighPoint,Independent,ATL,20250726-HighPoint-1,9e25bdb0-6a8a-11f0-b210-07976e9a8e1d,91.65468,,,7.98109,,,,,,,0a4e6f39-7943-496f-befe-e00918278d5d,2025-07-27,01:40:03.27,2025-07-26T21:40:03.2798208-04:00,2025-07-27T01:40:03.2798208Z,,v3,5431,5508,,"Perez, Henderson",666630,Right,GAS,0beea16d-5fda-4ae9-b361-82e015f5605c,54.869,-135.8701,14.33875,5.72454,-4.7515,-7.39329,2.35669,-8.21741,5.06635,,,,,,,,,,,,,,,,,,,,,,,,,,,,,,,,,,,,,,,,,,,,,,,,,,,High,High,High,,,,,
306,2025-07-26,21:40:29.29,5,4,"Horvath, Nick",681282,Left,GAS,"Gonzalez, Luis",8894175,Left,HP,Undefined,7,Bottom,2,1,2,Fastball,Four-Seam,FoulBallNotFieldable,Undefined,Undefined,Undefined,0,0,,94.72988,-2.814348,3.492956,2561.067945,148.348498,11:00,5.65803,-2.27617,5.43542,-13.81064,18.12678,-10.5104,1.8646,0.12302,86.16314,-5.44065,1.627375,0.406744,,,,,,,,,,,,6.30036,10.25394,1.97416,50,5.39912,-7.8694,-137.08695,-7.19305,11.94813,31.27853,-12.72826,HP,GAS,HighPoint,Independent,ATL,20250726-HighPoint-1,ada88920-6a8a-11f0-b210-07976e9a8e1d,92.66866,,,8.56674,,,,,,,0a4e6f39-7943-496f-befe-e00918278d5d,2025-07-27,01:40:29.29,2025-07-26T21:40:29.2907008-04:00,2025-07-27T01:40:29.2907008Z,,v3,5431,5508,,"Perez, Henderson",666630,Right,GAS,07ecaa29-2beb-4f2d-8722-8fd30e3eb829,55.06316,-138.23736,15.63927,5.65507,-6.72491,-6.36413,2.27168,-8.30885,5.97407,,,,,,,,,,,,,,,,,,,,,,,,,,,,,,,,,,,,,,,,,,,,,,,,,,,High,High,High,,,,,
307,2025-07-26,21:40:58.18,5,5,"Horvath, Nick",681282,Left,GAS,"Gonzalez, Luis",8894175,Left,HP,Undefined,7,Bottom,2,1,2,Fastball,Four-Seam,InPlay,Undefined,Popup,Out,1,0,,94.6166,-1.060873,2.748621,2355.431284,152.626888,11:00,5.72932,-2.34095,5.26479,-15.78359,16.2506,-7.87863,3.41614,-0.41337,86.2206,-4.030949,1.353306,0.40736,78.82202,58.671601,30.26746,,93.31941,121.56204,58.23645,164.22426,158.71274,32.467287,5.624581,4.73933,8.75,2.09544,50,5.62099,-6.21019,-137.16899,-3.0973,9.0199,30.64447,-15.52097,HP,GAS,HighPoint,Independent,ATL,20250726-HighPoint-1,bedd7160-6a8a-11f0-b210-07976e9a8e1d,92.52861,126.44314,,8.396,,,,1.62725,3.13096,0.0803,0a4e6f39-7943-496f-befe-e00918278d5d,2025-07-27,01:40:58.18,2025-07-26T21:40:58.1883904-04:00,2025-07-27T01:40:58.1883904Z,Popup,v3,5431,5508,,"Perez, Henderson",666630,Right,GAS,e474f84c-9ad5-4625-bd0d-6563e10b11df,55.23466,-138.3335,15.32223,5.72748,-2.50749,-7.76049,2.33794,-6.55296,4.50995,182.931209,1.63845,51.69969,-15.518,3.80269,-0.20626,-0.18,0.0589,-0.00757,0.00036,3.12027,98.9205,-24.05717,2.53693,-0.50958,0.06653,0.00172,-0.0018,0.00015,0.08695,30.17103,-7.84708,1.75842,-0.01068,-0.12071,0.03509,-0.00431,0.0002,,,,,,,,,,,,,,,,,,,,,,,High,High,High,Medium,Low,,,
308,2025-07-26,21:43:38.35,1,1,"Vennaro, Zach",691109,Right,HP,"Skender, Ethan",663690,Right,GAS,Undefined,8,Top,0,0,0,Sinker,Sinker,StrikeCalled,Undefined,Undefined,Undefined,0,0,,95.41185,-0.448685,-4.639636,1841.802062,254.170658,2:30,4.88813,2.32284,5.97283,-24.4347,5.94118,17.91202,2.43456,-0.49521,88.03467,-4.975026,-1.4324,0.396676,,,,,,,,,,,,-10.32642,3.43169,-1.96479,50,4.83879,10.44022,-138.41673,-1.9762,-20.2808,27.32988,-25.43431,HP,GAS,HighPoint,Independent,ATL,20250726-HighPoint-1,1e5a05e0-6a8b-11f0-b210-07976e9a8e1d,95.02076,,,7.37718,,,,,,,0a4e6f39-7943-496f-befe-e00918278d5d,2025-07-27,01:43:38.35,2025-07-26T21:43:38.3530496-04:00,2025-07-27T01:43:38.3530496Z,,v3,5431,5508,,"Conley, Jack",663660,Right,HP,effc62e2-205b-4878-9b6b-27d81deb1c4b,54.52906,-139.3081,13.66494,4.88972,-1.14665,-12.71716,-2.31609,11.10169,-10.1404,,,,,,,,,,,,,,,,,,,,,,,,,,,,,,,,,,,,,,,,,,,,,,,,,,,High,High,High,,,,,
309,2025-07-26,21:43:53.21,1,2,"Vennaro, Zach",691109,Right,HP,"Skender, Ethan",663690,Right,GAS,Undefined,8,Top,0,0,1,Sweeper,Slider,BallCalled,Undefined,Undefined,Undefined,0,0,,84.08697,0.353436,-2.844463,2539.622914,78.68783,8:30,4.67302,2.3073,5.35284,-42.44939,-2.18457,-16.77887,1.46747,-1.76094,77.6577,-7.339345,-5.818753,0.456703,,,,,,,,,,,,7.66363,-0.83347,-2.03887,50,4.67445,6.76872,-122.03279,-0.80834,11.58088,23.54017,-33.43353,HP,GAS,HighPoint,Independent,ATL,20250726-HighPoint-1,273b6e10-6a8b-11f0-b210-07976e9a8e1d,82.53156,,,6.42927,,,,,,,0a4e6f39-7943-496f-befe-e00918278d5d,2025-07-27,01:43:53.21,2025-07-26T21:43:53.2163584-04:00,2025-07-27T01:43:53.2163584Z,,v3,5431,5508,,"Conley, Jack",663660,Right,HP,c30b77f4-d372-4975-98b9-0f1cc6c9b9a5,55.14885,-123.02199,11.77008,4.6789,0.5966,-16.71677,-2.31308,6.28207,5.79044,,,,,,,,,,,,,,,,,,,,,,,,,,,,,,,,,,,,,,,,,,,,,,,,,,,High,High,High,,,,,
310,2025-07-26,21:44:09.20,1,3,"Vennaro, Zach",691109,Right,HP,"Skender, Ethan",663690,Right,GAS,Undefined,8,Top,0,1,1,Sweeper,Slider,StrikeCalled,Undefined,Undefined,Undefined,0,0,,84.07011,1.367789,-1.588322,2566.132873,87.145361,9:00,4.74181,2.28099,5.50411,-39.33455,0.37571,-14.2402,2.7439,-0.39156,77.85051,-5.807968,-4.123146,0.453547,,,,,,,,,,,,6.8091,0.18248,-2.1324,50,4.8346,3.9739,-122.18521,1.51269,10.39795,21.78868,-31.89536,HP,GAS,HighPoint,Independent,ATL,20250726-HighPoint-1,30c2b330-6a8b-11f0-b210-07976e9a8e1d,83.10584,,,6.21959,,,,,,,0a4e6f39-7943-496f-befe-e00918278d5d,2025-07-27,01:44:09.20,2025-07-26T21:44:09.2057600-04:00,2025-07-27T01:44:09.2057600Z,,v3,5431,5508,,"Conley, Jack",663660,Right,HP,f7ea56a5-1925-46b4-91ec-11f5554b0a15,54.99776,-123.07321,10.89434,4.74646,2.81259,-15.94768,-2.28572,3.55013,5.19898,,,,,,,,,,,,,,,,,,,,,,,,,,,,,,,,,,,,,,,,,,,,,,,,,,,High,High,High,,,,,
311,2025-07-26,21:44:37.64,1,4,"Vennaro, Zach",691109,Right,HP,"Skender, Ethan",663690,Right,GAS,Undefined,8,Top,0,1,2,Sinker,Sinker,BallCalled,Undefined,Undefined,Undefined,0,0,,96.75327,-1.767355,-4.381499,1852.007152,251.528318,2:30,4.91201,2.20517,5.89757,-22.94356,6.55626,17.23568,1.35392,-0.43421,89.80105,-6.001762,-1.296834,0.390914,,,,,,,,,,,,-9.8565,4.01988,-1.86199,50,4.75601,9.98571,-140.3998,-5.19799,-20.01053,26.69263,-24.01294,HP,GAS,HighPoint,Independent,ATL,20250726-HighPoint-1,41aa17b0-6a8b-11f0-b210-07976e9a8e1d,96.42134,,,6.95222,,,,,,,0a4e6f39-7943-496f-befe-e00918278d5d,2025-07-27,01:44:37.64,2025-07-26T21:44:37.6421376-04:00,2025-07-27T01:44:37.6421376Z,,v3,5431,5508,,"Conley, Jack",663660,Right,HP,fd07ba53-0863-4473-86b1-f64f62e749cc,54.60491,-141.27257,13.34632,4.91313,-4.41283,-12.00647,-2.19919,10.63999,-10.00527,,,,,,,,,,,,,,,,,,,,,,,,,,,,,,,,,,,,,,,,,,,,,,,,,,,High,High,High,,,,,
312,2025-07-26,21:44:56.71,1,5,"Vennaro, Zach",691109,Right,HP,"Skender, Ethan",663690,Right,GAS,Undefined,8,Top,0,2,2,Sweeper,Slider,BallCalled,Undefined,Undefined,Undefined,0,0,,83.20335,1.916428,0.115164,2495.122603,74.1034,8:30,4.6218,2.4963,5.33365,-44.25085,-3.26043,-15.65619,2.73296,1.29966,76.59204,-6.134496,-2.666729,0.4608,,,,,,,,,,,,7.87016,-1.75913,-2.49509,50,4.76293,0.4177,-120.86135,2.41419,11.6992,22.4573,-34.78904,HP,GAS,HighPoint,Independent,ATL,20250726-HighPoint-1,4d144da0-6a8b-11f0-b210-07976e9a8e1d,81.79782,,,6.61131,,,,,,,0a4e6f39-7943-496f-befe-e00918278d5d,2025-07-27,01:44:56.71,2025-07-26T21:44:56.7186432-04:00,2025-07-27T01:44:56.7186432Z,,v3,5431,5508,,"Conley, Jack",663660,Right,HP,a8d44591-89ce-413b-b162-0f359866b26d,55.16815,-121.81786,11.22865,4.62855,3.89594,-17.39452,-2.50227,-0.0806,5.8496,,,,,,,,,,,,,,,,,,,,,,,,,,,,,,,,,,,,,,,,,,,,,,,,,,,High,High,High,,,,,
313,2025-07-26,21:45:15.43,1,6,"Vennaro, Zach",691109,Right,HP,"Skender, Ethan",663690,Right,GAS,Undefined,8,Top,0,3,2,Sinker,Sinker,StrikeCalled,Strikeout,Undefined,Undefined,0,0,,96.23504,-1.091849,-4.51728,1816.453385,249.43664,2:15,4.83723,2.30476,5.96575,-21.94588,7.86449,18.74332,1.99277,-0.33042,88.97375,-5.165224,-1.160292,0.392966,,,,,,,,,,,,-10.69571,4.56252,-1.95637,50,4.73803,10.19587,-139.63848,-3.46111,-21.42072,27.2247,-23.03651,HP,GAS,HighPoint,Independent,ATL,20250726-HighPoint-1,58db4990-6a8b-11f0-b210-07976e9a8e1d,95.91783,,,7.2613,,,,,,,0a4e6f39-7943-496f-befe-e00918278d5d,2025-07-27,01:45:15.43,2025-07-26T21:45:15.4320000-04:00,2025-07-27T01:45:15.4320000Z,,v3,5431,5508,,"Conley, Jack",663660,Right,HP,7b939c7b-5e5e-45ba-945c-4dc295526245,54.53634,-140.52013,13.61235,4.83803,-2.71509,-11.51825,-2.29779,10.88956,-10.71036,,,,,,,,,,,,,,,,,,,,,,,,,,,,,51.93843,2.923284,1.510246,1.413037,-0.81414,1.78737,0.37286,-2.08545,6.39675,0.52116,70.09526,10.58849,-54.84379,-1.9709,55.7851,-3.36871,6.54445,23.80195,-14.79119,0.4103,-43.38992,3.01716,High,High,High,,,High,Medium,High
314,2025-07-26,21:45:51.41,2,1,"Vennaro, Zach",691109,Right,HP,"Perez, Henderson",666630,Right,GAS,Undefined,8,Top,1,0,0,Sinker,Sinker,FoulBallNotFieldable,Undefined,Undefined,Undefined,0,0,,96.40035,-0.255646,-3.559137,1850.02754,249.930887,2:15,4.91813,2.14646,5.88576,-22.23088,7.48331,18.24895,2.8277,0.35795,89.13792,-4.377691,-0.290516,0.392332,78.31586,17.675669,162.485121,3712.732928,,,,,42.60498,,,-10.23855,4.14421,-1.86984,50,4.88446,7.89987,-140.06316,-1.44163,-20.63014,27.39174,-23.82367,HP,GAS,HighPoint,Independent,ATL,20250726-HighPoint-1,6da71430-6a8b-11f0-b210-07976e9a8e1d,96.0729,13.92008,,7.26242,,,,1.31022,2.73937,-0.49278,0a4e6f39-7943-496f-befe-e00918278d5d,2025-07-27,01:45:51.41,2025-07-26T21:45:51.4195968-04:00,2025-07-27T01:45:51.4195968Z,,v3,5431,5508,,"Conley, Jack",663660,Right,HP,8956f87b-aa29-4b95-892b-12b7a73f748c,54.61686,-140.96317,13.69587,4.91897,-0.65885,-11.91184,-2.14055,8.57772,-10.31507,277.205331,1.30965,-104.3499,7.6675,,,,,,,2.74438,34.71678,-19.38406,,,,,,,-0.48191,32.59079,-13.77402,,,,,,,,,,,,,,,,,,,,,,,,,,,,,High,High,High,High,Undefined,,,
315,2025-07-26,21:46:13.12,2,2,"Vennaro, Zach",691109,Right,HP,"Perez, Henderson",666630,Right,GAS,Undefined,8,Top,1,0,1,Sinker,Sinker,BallCalled,Undefined,Undefined,Undefined,0,0,,95.14168,-0.951835,-5.633865,1791.217244,256.679734,2:30,4.80969,2.19162,6.01746,-25.71427,5.04303,17.36296,1.78079,-1.59698,87.35794,-5.715214,-2.529684,0.399159,,,,,,,,,,,,-10.3704,3.13307,-1.75804,50,4.72068,12.81749,-137.72718,-3.23096,-20.05477,28.64055,-26.11516,HP,GAS,HighPoint,Independent,ATL,20250726-HighPoint-1,7a9970c0-6a8b-11f0-b210-07976e9a8e1d,94.42975,,,7.78374,,,,,,,0a4e6f39-7943-496f-befe-e00918278d5d,2025-07-27,01:46:13.12,2025-07-26T21:46:13.1232768-04:00,2025-07-27T01:46:13.1232768Z,,v3,5431,5508,,"Conley, Jack",663660,Right,HP,6fef5deb-c56f-46b2-8e89-bc8435158ddd,54.4836,-138.65641,14.32027,4.81177,-2.38366,-13.05758,-2.18446,13.46817,-10.02739,,,,,,,,,,,,,,,,,,,,,,,,,,,,,,,,,,,,,,,,,,,,,,,,,,,High,High,High,,,,,
316,2025-07-26,21:46:34.20,2,3,"Vennaro, Zach",691109,Right,HP,"Perez, Henderson",666630,Right,GAS,Undefined,8,Top,1,1,1,Sinker,Sinker,InPlay,Undefined,GroundBall,Out,1,0,,96.18882,0.445994,-2.676678,1738.615691,257.368607,2:30,4.87986,2.24547,6.05097,-25.00462,4.64197,17.08462,3.20946,1.18955,88.88796,-4.190796,0.396274,0.391885,67.75977,-9.330037,-38.753762,,,,,19.41913,18.42859,-39.43853,0.177988,-9.5176,2.52095,-2.04656,50,4.90091,5.80276,-139.88961,0.18142,-19.09834,27.81858,-27.11543,HP,GAS,HighPoint,Independent,ATL,20250726-HighPoint-1,8725b880-6a8b-11f0-b210-07976e9a8e1d,96.18237,3.28621,,7.30086,,,,1.92548,3.28621,-1.20199,0a4e6f39-7943-496f-befe-e00918278d5d,2025-07-27,01:46:34.20,2025-07-26T21:46:34.2097920-04:00,2025-07-27T01:46:34.2097920Z,GroundBall,v3,5431,5508,,"Conley, Jack",663660,Right,HP,a4ad7312-919a-4dd1-a8a0-f5d81bbf83e9,54.45184,-140.77213,13.90929,4.88151,1.04163,-13.55771,-2.24026,6.40863,-9.54917,87.441945,1.92573,76.45703,-16.94824,,,,,,,3.28644,-16.12887,-13.12886,,,,,,,-1.20143,-61.42864,-6.36241,,,,,,,,,,,,,,,,,,,,,,,,,,,,,High,High,High,High,High,,,
317,2025-07-26,21:47:15.82,3,1,"Vennaro, Zach",691109,Right,HP,"Scantlin, Nate",676715,Left,GAS,Undefined,8,Top,2,0,0,Sinker,Sinker,BallCalled,Undefined,Undefined,Undefined,0,0,,95.20673,1.704059,-2.263918,1658.959374,252.496085,2:30,4.98273,2.25913,5.91793,-24.57379,6.16118,16.5695,4.51805,1.53783,86.97132,-2.871901,0.708396,0.399014,,,,,,,,,,,,-9.04493,2.99252,-2.08684,50,5.10544,4.70685,-138.23998,3.21894,-17.54927,30.05358,-26.36789,HP,GAS,HighPoint,Independent,ATL,20250726-HighPoint-1,9ff9c4f0-6a8b-11f0-b210-07976e9a8e1d,94.46402,,,8.23541,,,,,,,0a4e6f39-7943-496f-befe-e00918278d5d,2025-07-27,01:47:15.82,2025-07-26T21:47:15.8266880-04:00,2025-07-27T01:47:15.8266880Z,,v3,5431,5508,,"Conley, Jack",663660,Right,HP,9c6f4fbf-09f9-4c1d-acd5-f39eb5b2f0fe,54.58164,-139.23247,15.02679,4.98476,4.08971,-13.18394,-2.25185,5.2864,-8.77463,,,,,,,,,,,,,,,,,,,,,,,,,,,,,,,,,,,,,,,,,,,,,,,,,,,High,High,High,,,,,
318,2025-07-26,21:47:35.06,3,2,"Vennaro, Zach",691109,Right,HP,"Scantlin, Nate",676715,Left,GAS,Undefined,8,Top,2,1,0,Sinker,Sinker,BallCalled,Undefined,Undefined,Undefined,0,0,,95.22269,0.273455,-2.462002,1692.045002,263.664475,2:45,4.88266,2.22705,6.04646,-27.59238,2.8826,17.7984,2.83669,1.42955,87.42946,-4.842905,0.740731,0.397322,,,,,,,,,,,,-9.75953,1.71591,-2.0444,50,4.88923,5.15302,-138.38587,-0.35634,-19.02114,29.42452,-28.82976,HP,GAS,HighPoint,Independent,ATL,20250726-HighPoint-1,ab7538f0-6a8b-11f0-b210-07976e9a8e1d,94.86614,,,7.79323,,,,,,,0a4e6f39-7943-496f-befe-e00918278d5d,2025-07-27,01:47:35.06,2025-07-26T21:47:35.0655488-04:00,2025-07-27T01:47:35.0655488Z,,v3,5431,5508,,"Conley, Jack",663660,Right,HP,f102fd4f-d08c-408d-a3c7-b8cc536e60a2,54.45419,-139.32974,14.71226,4.88582,0.56844,-14.41488,-2.21948,5.76317,-9.51057,,,,,,,,,,,,,,,,,,,,,,,,,,,,,,,,,,,,,,,,,,,,,,,,,,,High,High,High,,,,,
319,2025-07-26,21:47:57.38,3,3,"Vennaro, Zach",691109,Right,HP,"Scantlin, Nate",676715,Left,GAS,Undefined,8,Top,2,2,0,Sinker,Sinker,BallCalled,Undefined,Undefined,Undefined,0,0,,93.91719,0.671035,-4.926084,1774.933412,258.26335,2:30,4.86656,2.2188,6.15882,-26.80013,4.53965,17.30115,3.25547,-0.90156,86.06125,-4.313292,-1.82072,0.40292,,,,,,,,,,,,-10.18737,2.47496,-1.85246,50,4.90399,10.9832,-136.13272,0.65923,-19.23283,28.194,-27.50153,HP,GAS,HighPoint,Independent,ATL,20250726-HighPoint-1,b8c063e0-6a8b-11f0-b210-07976e9a8e1d,93.5481,,,7.85594,,,,,,,0a4e6f39-7943-496f-befe-e00918278d5d,2025-07-27,01:47:57.38,2025-07-26T21:47:57.3806080-04:00,2025-07-27T01:47:57.3806080Z,,v3,5431,5508,,"Conley, Jack",663660,Right,HP,22051130-445d-45c6-a8d0-02327021a913,54.3419,-137.02901,14.097,4.86914,1.5335,-13.75076,-2.21133,11.59461,-9.61641,,,,,,,,,,,,,,,,,,,,,,,,,,,,,,,,,,,,,,,,,,,,,,,,,,,High,High,High,,,,,
320,2025-07-26,21:48:16.14,3,4,"Vennaro, Zach",691109,Right,HP,"Scantlin, Nate",676715,Left,GAS,Undefined,8,Top,2,3,0,Sinker,Sinker,BallCalled,Walk,Undefined,Undefined,0,0,,93.90229,0.563281,-2.494775,1743.586378,261.704937,2:45,4.75886,2.46832,5.90672,-27.82415,3.6439,18.65025,2.96355,1.70532,86.28752,-4.585525,0.85194,0.403744,,,,,,,,,,,,-10.15312,2.02488,-2.27828,50,4.78826,5.1094,-136.45207,0.3131,-19.26761,28.18738,-28.33141,HP,GAS,HighPoint,Independent,ATL,20250726-HighPoint-1,c3eef060-6a8b-11f0-b210-07976e9a8e1d,93.35724,,,7.61477,,,,,,,0a4e6f39-7943-496f-befe-e00918278d5d,2025-07-27,01:48:16.14,2025-07-26T21:48:16.1416704-04:00,2025-07-27T01:48:16.1416704Z,,v3,5431,5508,,"Conley, Jack",663660,Right,HP,7c7fc389-7169-4df0-8152-3ced2fdefa96,54.59422,-137.39784,14.09369,4.76181,1.2637,-14.16571,-2.46056,5.75588,-9.63381,,,,,,,,,,,,,,,,,,,,,,,,,,,,,,,,,,,,,,,,,,,,,,,,,,,High,High,High,,,,,
321,2025-07-26,21:49:59.38,4,1,"Vennaro, Zach",691109,Right,HP,"Reinheimer, Jack",595373,Right,GAS,Undefined,8,Top,2,0,0,Sinker,Sinker,BallCalled,Undefined,Undefined,Undefined,0,0,,95.36055,1.294827,-4.607679,1885.661667,264.097739,2:45,4.92566,2.28632,5.9393,-27.94513,2.93276,18.64678,3.80217,-0.44339,86.64742,-3.888837,-1.272393,0.39994,,,,,,,,,,,,-10.78749,1.46185,-1.92832,50,5.01366,10.27119,-138.1094,2.08419,-20.79358,31.3377,-29.35622,HP,GAS,HighPoint,Independent,ATL,20250726-HighPoint-1,01750fa0-6a8c-11f0-b210-07976e9a8e1d,94.24515,,,8.71314,,,,,,,0a4e6f39-7943-496f-befe-e00918278d5d,2025-07-27,01:49:59.38,2025-07-26T21:49:59.3869312-04:00,2025-07-27T01:49:59.3869312Z,,v3,5431,5508,,"Conley, Jack",663660,Right,HP,4eed5c56-fa83-41d1-a484-6325c5cfd379,54.56026,-139.1403,15.66885,4.92922,3.0499,-14.67811,-2.27746,10.95523,-10.39679,,,,,,,,,,,,,,,,,,,,,,,,,,,,,,,,,,,,,,,,,,,,,,,,,,,High,High,High,,,,,
322,2025-07-26,21:50:18.79,4,2,"Vennaro, Zach",691109,Right,HP,"Reinheimer, Jack",595373,Right,GAS,Undefined,8,Top,2,1,0,Sinker,Sinker,StrikeCalled,Undefined,Undefined,Undefined,1,0,Scantlin thrown out trying to steal 2nd,95.46082,0.312069,-4.055844,1836.675262,256.558513,2:30,4.80798,2.1764,6.04922,-25.34663,4.92252,16.95887,2.98539,-0.17132,87.89318,-4.391046,-1.012014,0.395978,,,,,,,,,,,,-9.72532,2.73461,-1.86923,50,4.81863,9.07646,-138.57813,-0.16177,-19.10487,28.0069,-26.80206,HP,GAS,HighPoint,Independent,ATL,20250726-HighPoint-1,0d060770-6a8c-11f0-b210-07976e9a8e1d,95.1881,,,7.56764,,,,,,,0a4e6f39-7943-496f-befe-e00918278d5d,2025-07-27,01:50:18.79,2025-07-26T21:50:18.7920000-04:00,2025-07-27T01:50:18.7920000Z,,v3,5431,5508,,"Conley, Jack",663660,Right,HP,524dae4f-740f-4e78-b08a-be088eb67b22,54.45216,-139.47502,14.00345,4.81007,0.69653,-13.40103,-2.16969,9.68826,-9.55243,,,,,,,,,,,,,,,,,,,,,,,,,,,,,75.75598,1.912147,0.576307,1.33584,-1.4197,2.76068,0.21739,-1.37027,5.61972,1.31231,127.27626,-1.25494,4.45853,-1.22871,108.81985,-9.55829,5.67104,12.3578,-13.17647,1.25888,-0.83304,2.45734,High,High,High,,,High,High,Medium
323,2025-07-26,21:52:51.14,1,1,"Horvath, Nick",681282,Left,GAS,"Aklinski, Ben",679701,Right,HP,Undefined,8,Bottom,0,0,0,ChangeUp,Changeup,BallCalled,Undefined,Undefined,Undefined,0,0,,86.77125,-0.233836,2.290088,1544.387865,108.764157,9:45,5.43984,-2.4182,5.29566,-33.08392,4.63091,-10.35627,2.46312,-1.12992,79.94893,-6.273942,0.451999,0.442005,,,,,,,,,,,,5.76863,2.73055,2.21758,50,5.39443,-4.58103,-125.97446,-1.75282,9.33711,23.8554,-27.75439,HP,GAS,HighPoint,Independent,ATL,20250726-HighPoint-1,67de8f50-6a8c-11f0-b210-07976e9a8e1d,85.276,,,6.82232,,,,,,,0a4e6f39-7943-496f-befe-e00918278d5d,2025-07-27,01:52:51.14,2025-07-26T21:52:51.1453184-04:00,2025-07-27T01:52:51.1453184Z,,v3,5431,5508,,"Perez, Henderson",666630,Right,GAS,a6848c57-d8e1-4d1a-a364-acf6b43c7eb5,55.20422,-126.95614,11.9277,5.44306,-0.6107,-13.8772,2.414,-4.96526,4.66855,,,,,,,,,,,,,,,,,,,,,,,,,,,,,,,,,,,,,,,,,,,,,,,,,,,High,High,High,,,,,
324,2025-07-26,21:53:08.69,1,2,"Horvath, Nick",681282,Left,GAS,"Aklinski, Ben",679701,Right,HP,Undefined,8,Bottom,0,1,0,Fastball,Four-Seam,BallCalled,Undefined,Undefined,Undefined,0,0,,93.3616,-0.81652,2.911442,2320.422028,136.529793,10:30,5.5641,-2.47601,5.3032,-19.31387,13.56863,-11.84847,3.18705,-0.72787,85.02747,-4.420232,0.811236,0.412718,,,,,,,,,,,,6.72685,7.3365,2.2202,50,5.47612,-6.31206,-135.31666,-2.63098,12.45674,29.87525,-18.58831,HP,GAS,HighPoint,Independent,ATL,20250726-HighPoint-1,724eadd0-6a8c-11f0-b210-07976e9a8e1d,91.32727,,,8.33413,,,,,,,0a4e6f39-7943-496f-befe-e00918278d5d,2025-07-27,01:53:08.69,2025-07-26T21:53:08.6949376-04:00,2025-07-27T01:53:08.6949376Z,,v3,5431,5508,,"Perez, Henderson",666630,Right,GAS,a7eee643-7005-41ef-bfd6-2a99af27afbb,55.1947,-136.45873,14.93763,5.56311,-1.92039,-9.29416,2.4706,-6.78826,6.22837,,,,,,,,,,,,,,,,,,,,,,,,,,,,,,,,,,,,,,,,,,,,,,,,,,,High,High,High,,,,,
325,2025-07-26,21:53:24.95,1,3,"Horvath, Nick",681282,Left,GAS,"Aklinski, Ben",679701,Right,HP,Undefined,8,Bottom,0,2,0,Fastball,Four-Seam,StrikeCalled,Undefined,Undefined,Undefined,0,0,,93.71334,-1.653673,2.613589,2482.429862,138.225412,10:30,5.52689,-2.44221,5.28815,-18.85765,13.83891,-11.39788,2.40053,-0.9361,85.33457,-5.171502,0.592694,0.41155,,,,,,,,,,,,6.43028,7.7137,2.21257,50,5.36262,-5.64896,-135.79884,-4.6086,11.97761,30.43473,-17.8058,HP,GAS,HighPoint,Independent,ATL,20250726-HighPoint-1,7bfe6280-6a8c-11f0-b210-07976e9a8e1d,91.58658,,,8.37876,,,,,,,0a4e6f39-7943-496f-befe-e00918278d5d,2025-07-27,01:53:24.95,2025-07-26T21:53:24.9574912-04:00,2025-07-27T01:53:24.9574912Z,,v3,5431,5508,,"Perez, Henderson",666630,Right,GAS,6d727854-1033-4f52-9b33-01e826d546d0,55.20972,-136.96145,15.21736,5.52568,-3.92842,-8.9029,2.4371,-6.10651,5.98881,,,,,,,,,,,,,,,,,,,,,,,,,,,,,,,,,,,,,,,,,,,,,,,,,,,High,High,High,,,,,
326,2025-07-26,21:53:43.39,1,4,"Horvath, Nick",681282,Left,GAS,"Aklinski, Ben",679701,Right,HP,Undefined,8,Bottom,0,2,1,Fastball,Four-Seam,BallCalled,Undefined,Undefined,Undefined,0,0,,93.59487,-2.534995,3.101802,2333.331891,131.748639,10:30,5.40466,-2.46897,5.22448,-20.2867,12.57324,-12.88355,1.32579,-0.62362,85.46484,-6.290032,0.820726,0.412577,,,,,,,,,,,,7.2843,7.30811,2.19269,50,5.15558,-6.72121,-135.51728,-6.76912,13.53849,29.77112,-18.59133,HP,GAS,HighPoint,Independent,ATL,20250726-HighPoint-1,86f89890-6a8c-11f0-b210-07976e9a8e1d,91.35857,,,8.13004,,,,,,,0a4e6f39-7943-496f-befe-e00918278d5d,2025-07-27,01:53:43.39,2025-07-26T21:53:43.3981952-04:00,2025-07-27T01:53:43.3981952Z,,v3,5431,5508,,"Perez, Henderson",666630,Right,GAS,909c11d4-8956-4a1c-ba00-219a7ad33bf2,55.27397,-136.67098,14.88556,5.40394,-6.04866,-9.29567,2.46332,-7.24586,6.76925,,,,,,,,,,,,,,,,,,,,,,,,,,,,,,,,,,,,,,,,,,,,,,,,,,,High,High,High,,,,,
327,2025-07-26,21:54:05.83,1,5,"Horvath, Nick",681282,Left,GAS,"Aklinski, Ben",679701,Right,HP,Undefined,8,Bottom,0,3,1,Slider,Slider,BallCalled,Walk,Undefined,Undefined,0,0,,86.44969,0.884984,2.895212,2576.426281,221.326477,1:30,5.43795,-2.42247,5.05949,-33.7197,4.26874,2.89288,3.46367,0.55116,80.40958,-5.22109,3.405231,0.443606,,,,,,,,,,,,-0.78406,2.23776,2.14457,50,5.49528,-6.47763,-125.53139,0.63768,-1.27427,20.9937,-28.53709,HP,GAS,HighPoint,Independent,ATL,20250726-HighPoint-1,94638080-6a8c-11f0-b210-07976e9a8e1d,84.9683,,,6.04011,,,,,,,0a4e6f39-7943-496f-befe-e00918278d5d,2025-07-27,01:54:05.83,2025-07-26T21:54:05.8369536-04:00,2025-07-27T01:54:05.8369536Z,,v3,5431,5508,,"Perez, Henderson",666630,Right,GAS,01ad8bee-2747-4699-9ed7-712c6280a230,55.44125,-126.4381,10.49685,5.44112,1.87019,-14.26854,2.42315,-6.42259,-0.63714,,,,,,,,,,,,,,,,,,,,,,,,,,,,,,,,,,,,,,,,,,,,,,,,,,,High,High,High,,,,,
328,2025-07-26,21:54:37.74,2,1,"Horvath, Nick",681282,Left,GAS,"Mendoza, Drew",666141,Left,HP,Undefined,8,Bottom,0,0,0,Slider,Slider,BallCalled,Undefined,Undefined,Undefined,0,0,,85.52591,0.892831,0.906872,2445.995524,201.964512,12:45,5.49014,-2.71642,5.07981,-33.72624,4.97303,1.60087,3.52144,-1.72807,79.51535,-5.228519,1.189907,0.447737,,,,,,,,,,,,-0.60035,2.53465,2.62915,50,5.54777,-2.03674,-124.35877,0.6662,-0.95675,20.81797,-28.13483,HP,GAS,HighPoint,Independent,ATL,20250726-HighPoint-1,a75de680-6a8c-11f0-b210-07976e9a8e1d,84.18438,,,6.01056,,,,,,,0a4e6f39-7943-496f-befe-e00918278d5d,2025-07-27,01:54:37.74,2025-07-26T21:54:37.7430016-04:00,2025-07-27T01:54:37.7430016Z,,v3,5431,5508,,"Perez, Henderson",666630,Right,GAS,cef4db19-44ac-4af9-b0a1-1eeb123e6bf3,55.42268,-125.26325,10.40899,5.49227,1.88858,-14.06742,2.71674,-1.99517,-0.47838,,,,,,,,,,,,,,,,,,,,,,,,,,,,,,,,,,,,,,,,,,,,,,,,,,,High,High,High,,,,,
329,2025-07-26,21:55:07.43,2,2,"Horvath, Nick",681282,Left,GAS,"Mendoza, Drew",666141,Left,HP,Undefined,8,Bottom,0,1,0,Slider,Slider,InPlay,Undefined,LineDrive,Single,0,1,,85.6831,0.074826,2.345255,2568.782047,243.322122,2:00,5.4495,-2.65116,5.1536,-36.80959,2.2015,2.04965,2.45254,-0.27136,78.83273,-6.612689,2.707872,0.449537,87.4825,10.91287,9.970167,7323.999403,108.32276,9.76718,19.13377,162.88648,162.88648,10.028862,1.549985,-0.40142,1.38945,2.43024,50,5.428,-5.181,-124.33998,-1.22761,-0.63063,24.11489,-29.9912,HP,GAS,HighPoint,Independent,ATL,20250726-HighPoint-1,b90120f0-6a8c-11f0-b210-07976e9a8e1d,83.84725,10.89149,,6.85037,,,,2.31159,2.486,0.3015,0a4e6f39-7943-496f-befe-e00918278d5d,2025-07-27,01:55:07.43,2025-07-26T21:55:07.4339840-04:00,2025-07-27T01:55:07.4339840Z,LineDrive,v3,5431,5508,,"Perez, Henderson",666630,Right,GAS,80c190b6-46e6-412f-ad6e-90e8b4044f1a,55.3472,-125.37274,12.05744,5.45307,0.05682,-14.9956,2.65155,-5.15399,-0.31531,197.509938,2.31159,124.08451,-19.36004,4.43213,-0.98335,0.21611,-0.04579,0.00764,-0.00068,2.486,24.29066,-18.41448,1.39606,-0.23867,0.03842,-0.00557,0.00087,-7E-05,0.3015,21.81284,-2.94134,0.42329,-0.0492,0.0033,9E-05,-0.00012,2E-05,,,,,,,,,,,,,,,,,,,,,,,High,High,High,High,High,,,
330,2025-07-26,21:55:54.66,3,1,"Horvath, Nick",681282,Left,GAS,"Dickerson, Alex",543105,Left,HP,Undefined,8,Bottom,0,0,0,Fastball,Four-Seam,InPlay,Undefined,GroundBall,Out,2,0,6-4-3 dp,94.24291,-1.597646,2.892201,2332.696941,136.119085,10:30,5.64912,-2.40088,5.39877,-18.2491,13.8578,-12.33627,2.62891,-0.71633,86.04846,-5.00703,0.701205,0.407822,57.44053,-0.022043,-7.814458,,,,,22.12713,19.92318,-9.95316,0.22509,7.09725,7.74036,2.15209,50,5.49399,-6.3387,-136.65595,-4.474,13.4137,30.26844,-17.54488,HP,GAS,HighPoint,Independent,ATL,20250726-HighPoint-1,d5323b10-6a8c-11f0-b210-07976e9a8e1d,92.42376,0.5913,,8.19445,,,,3.34723,0.5913,-0.75725,0a4e6f39-7943-496f-befe-e00918278d5d,2025-07-27,01:55:54.66,2025-07-26T21:55:54.6615808-04:00,2025-07-27T01:55:54.6615808Z,GroundBall,v3,5431,5508,,"Perez, Henderson",666630,Right,GAS,9c5f15fa-1012-49b3-887c-69e8c6f0082a,55.10227,-137.78143,15.13422,5.64822,-3.82162,-8.77244,2.39706,-6.83747,6.70685,112.555683,3.34729,83.45987,-6.69574,,,,,,,0.59138,-0.03737,-11.50793,,,,,,,-0.75663,-11.49118,-9.51239,,,,,,,,,,,,,,,,,,,,,,,,,,,,,High,High,High,Low,Low,,,
331,2025-07-26,21:56:33.64,4,1,"Horvath, Nick",681282,Left,GAS,"Viera, Max",1000098712,Right,HP,Undefined,8,Bottom,2,0,0,Fastball,Four-Seam,StrikeCalled,Undefined,Undefined,Undefined,0,0,,93.86708,-2.237944,3.772105,2337.907872,136.823357,10:30,5.51049,-2.47887,5.31722,-19.53903,12.97194,-11.19575,1.77625,0.13347,85.84581,-5.863634,1.789309,0.41038,,,,,,,,,,,,6.5976,7.41689,2.14492,50,5.29334,-8.41723,-135.88429,-6.04051,12.36234,29.17273,-18.27654,HP,GAS,HighPoint,Independent,ATL,20250726-HighPoint-1,ec719dc0-6a8c-11f0-b210-07976e9a8e1d,91.84758,,,8.02128,,,,,,,0a4e6f39-7943-496f-befe-e00918278d5d,2025-07-27,01:56:33.64,2025-07-26T21:56:33.6424448-04:00,2025-07-27T01:56:33.6424448Z,,v3,5431,5508,,"Perez, Henderson",666630,Right,GAS,131bf952-4f1c-4b92-99b2-5f4fe26da5fc,55.18065,-136.992,14.58637,5.50953,-5.34654,-9.13827,2.47344,-8.88664,6.18117,,,,,,,,,,,,,,,,,,,,,,,,,,,,,,,,,,,,,,,,,,,,,,,,,,,High,High,High,,,,,
332,2025-07-26,21:56:49.08,4,2,"Horvath, Nick",681282,Left,GAS,"Viera, Max",1000098712,Right,HP,Undefined,8,Bottom,2,0,1,Slider,Slider,StrikeSwinging,Undefined,Undefined,Undefined,0,0,,82.39774,-0.07159,1.958853,2552.125628,311.962197,4:30,5.49756,-2.33191,4.94611,-48.17018,-5.17205,7.34122,1.41569,0.13169,75.3021,-8.753109,3.254816,0.47195,,,,,,,,,,,,-3.02618,-2.08351,2.13539,50,5.45083,-4.40677,-119.41888,-2.00564,-4.33186,24.87039,-35.15651,HP,GAS,HighPoint,Independent,ATL,20250726-HighPoint-1,f5b9de10-6a8c-11f0-b210-07976e9a8e1d,79.86527,,,7.09564,,,,,,,0a4e6f39-7943-496f-befe-e00918278d5d,2025-07-27,01:56:49.08,2025-07-26T21:56:49.0834432-04:00,2025-07-27T01:56:49.0834432Z,,v3,5431,5508,,"Perez, Henderson",666630,Right,GAS,9cda2f39-aeed-40ee-b3cc-fe0c2d3b9c55,55.55324,-120.56986,12.4352,5.506,-0.37863,-17.57826,2.33469,-4.20629,-2.16593,,,,,,,,,,,,,,,,,,,,,,,,,,,,,,,,,,,,,,,,,,,,,,,,,,,High,High,High,,,,,
333,2025-07-26,21:57:06.90,4,3,"Horvath, Nick",681282,Left,GAS,"Viera, Max",1000098712,Right,HP,Undefined,8,Bottom,2,0,2,Fastball,Four-Seam,StrikeSwinging,Strikeout,Undefined,Undefined,0,0,,94.91487,-1.156592,2.411567,2422.941795,134.190062,10:30,5.48779,-2.53265,5.10221,-18.45407,13.49442,-12.84005,2.85901,-1.32896,86.70132,-4.58412,0.142387,0.406815,,,,,,,,,,,,7.05973,7.33115,2.31562,50,5.36455,-5.16606,-137.6328,-3.48398,13.56011,30.15575,-18.0926,HP,GAS,HighPoint,Independent,ATL,20250726-HighPoint-1,00485a00-6a8d-11f0-b210-07976e9a8e1d,92.65264,,,8.21354,,,,,,,0a4e6f39-7943-496f-befe-e00918278d5d,2025-07-27,01:57:06.90,2025-07-26T21:57:06.9034496-04:00,2025-07-27T01:57:06.9034496Z,,v3,5431,5508,,"Perez, Henderson",666630,Right,GAS,f6635b26-1f2a-4571-929e-19c332b90524,55.39722,-138.81031,15.07787,5.4868,-2.77751,-9.0463,2.52768,-5.69555,6.78006,,,,,,,,,,,,,,,,,,,,,,,,,,,,,,,,,,,,,,,,,,,,,,,,,,,High,High,High,,,,,
334,2025-07-26,22:00:25.19,1,1,"McGrane, Jameson",682494,Right,HP,"Reinheimer, Jack",595373,Right,GAS,Undefined,9,Top,0,0,0,Fastball,Four-Seam,BallCalled,Undefined,Undefined,Undefined,0,0,,91.47416,0.553017,-2.304301,2016.86225,216.018935,1:15,5.98075,2.73867,6.29031,-16.69489,15.93044,10.89934,5.09957,1.52231,84.0644,-2.630153,-0.335625,0.411101,,,,,,,,,,,,-6.205,8.41441,-2.57375,50,6.01305,4.89582,-132.97467,0.81566,-11.20597,26.21124,-16.978,HP,GAS,HighPoint,Independent,ATL,20250726-HighPoint-1,767f42b0-6a8d-11f0-b210-07976e9a8e1d,91.68648,,,7.40976,,,,,,,0a4e6f39-7943-496f-befe-e00918278d5d,2025-07-27,02:00:25.19,2025-07-26T22:00:25.1977216-04:00,2025-07-27T02:00:25.1977216Z,,v3,5431,5508,,"Conley, Jack",663660,Right,HP,f6c0574d-fa68-4fe2-8922-9236fde23ff7,54.20844,-133.80164,13.10562,5.97887,1.35132,-8.489,-2.73379,5.24938,-5.60299,,,,,,,,,,,,,,,,,,,,,,,,,,,,,,,,,,,,,,,,,,,,,,,,,,,High,High,High,,,,,
335,2025-07-26,22:00:41.82,1,2,"McGrane, Jameson",682494,Right,HP,"Reinheimer, Jack",595373,Right,GAS,Undefined,9,Top,0,1,0,Fastball,Four-Seam,BallCalled,Undefined,Undefined,Undefined,0,0,,91.70657,-0.092467,-3.133314,1889.194634,211.517657,1:00,5.95054,2.7939,6.28198,-16.64402,15.89339,9.16193,4.47819,0.6666,84.23827,-3.263883,-1.480527,0.410547,,,,,,,,,,,,-5.52894,8.56182,-2.56666,50,5.93531,6.90941,-133.21369,-0.68541,-10.01292,26.52246,-16.66861,HP,GAS,HighPoint,Independent,ATL,20250726-HighPoint-1,805e92e0-6a8d-11f0-b210-07976e9a8e1d,91.81028,,,7.4683,,,,,,,0a4e6f39-7943-496f-befe-e00918278d5d,2025-07-27,02:00:41.82,2025-07-26T22:00:41.8274816-04:00,2025-07-27T02:00:41.8274816Z,,v3,5431,5508,,"Conley, Jack",663660,Right,HP,4eaea625-e44c-4777-a888-fecd7654b845,54.21668,-134.05058,13.26123,5.94864,-0.15944,-8.3343,-2.78967,7.22536,-5.00646,,,,,,,,,,,,,,,,,,,,,,,,,,,,,,,,,,,,,,,,,,,,,,,,,,,High,High,High,,,,,
336,2025-07-26,22:00:58.27,1,3,"McGrane, Jameson",682494,Right,HP,"Reinheimer, Jack",595373,Right,GAS,Undefined,9,Top,0,2,0,Fastball,Sinker,StrikeSwinging,Undefined,Undefined,Undefined,0,0,,92.07366,-0.842708,-3.428714,1841.804458,222.000835,1:30,5.85045,2.77946,6.21482,-18.63036,13.79591,11.54705,3.51878,0.57373,84.53384,-4.366206,-1.34847,0.409845,,,,,,,,,,,,-6.85437,7.66563,-2.52775,50,5.77771,7.5248,-133.68146,-2.53489,-12.4812,27.13071,-18.21562,HP,GAS,HighPoint,Independent,ATL,20250726-HighPoint-1,8a36de30-6a8d-11f0-b210-07976e9a8e1d,91.96749,,,7.53982,,,,,,,0a4e6f39-7943-496f-befe-e00918278d5d,2025-07-27,02:00:58.27,2025-07-26T22:00:58.2761472-04:00,2025-07-27T02:00:58.2761472Z,,v3,5431,5508,,"Conley, Jack",663660,Right,HP,17f4c557-6c14-4f56-88ef-87a78f2c9dbe,54.28453,-134.5482,13.56536,5.84939,-1.95296,-9.10781,-2.77451,7.92353,-6.2406,,,,,,,,,,,,,,,,,,,,,,,,,,,,,,,,,,,,,,,,,,,,,,,,,,,High,High,High,,,,,
337,2025-07-26,22:01:13.51,1,4,"McGrane, Jameson",682494,Right,HP,"Reinheimer, Jack",595373,Right,GAS,Undefined,9,Top,0,2,1,Fastball,Four-Seam,StrikeSwinging,Undefined,Undefined,Undefined,0,0,,92.50316,-0.29664,-2.933018,1810.28793,218.565453,1:15,5.86856,2.87508,6.15762,-17.66627,14.35768,10.72201,4.12196,1.05654,85.24501,-3.636065,-1.002359,0.407295,,,,,,,,,,,,-6.25646,7.78241,-2.65751,50,5.83673,6.43499,-134.4273,-1.23619,-11.57253,26.18092,-17.77901,HP,GAS,HighPoint,Independent,ATL,20250726-HighPoint-1,934aef20-6a8d-11f0-b210-07976e9a8e1d,92.54338,,,7.25814,,,,,,,0a4e6f39-7943-496f-befe-e00918278d5d,2025-07-27,02:01:13.51,2025-07-26T22:01:13.5181312-04:00,2025-07-27T02:01:13.5181312Z,,v3,5431,5508,,"Conley, Jack",663660,Right,HP,2b6b9f4f-efb7-4624-b714-1fdd01d62126,54.34225,-135.27035,13.09046,5.86732,-0.66369,-8.8895,-2.87072,6.80763,-5.78626,,,,,,,,,,,,,,,,,,,,,,,,,,,,,,,,,,,,,,,,,,,,,,,,,,,High,High,High,,,,,
338,2025-07-26,22:01:44.71,1,5,"McGrane, Jameson",682494,Right,HP,"Reinheimer, Jack",595373,Right,GAS,Undefined,9,Top,0,2,2,Fastball,Four-Seam,FoulBallNotFieldable,Undefined,Undefined,Undefined,0,0,,93.34426,-1.135679,-4.008513,1983.216143,208.468417,1:00,5.90834,2.74397,6.09885,-14.4143,17.24962,8.8491,3.65407,-0.23205,85.83609,-3.885353,-2.420302,0.404999,77.47458,16.966716,162.472363,2629.117565,,,,,40.04613,,,-5.57685,9.47611,-2.43961,50,5.81295,9.11232,-135.43397,-3.10482,-10.44943,27.1395,-14.41861,HP,GAS,HighPoint,Independent,ATL,20250726-HighPoint-1,a5e1ff70-6a8d-11f0-b210-07976e9a8e1d,93.06801,13.47904,,7.50817,,,,-0.31193,3.42035,0.1847,0a4e6f39-7943-496f-befe-e00918278d5d,2025-07-27,02:01:44.71,2025-07-26T22:01:44.7115264-04:00,2025-07-27T02:01:44.7115264Z,,v3,5431,5508,,"Conley, Jack",663660,Right,HP,11e7ba00-343e-482c-a3d5-b2f2ce1b0daf,54.4009,-136.31301,13.56975,5.90595,-2.63781,-7.2093,-2.74023,9.45077,-5.22471,266.069518,-0.31377,-103.57368,8.07826,,,,,,,3.42303,33.0653,-17.43709,,,,,,,0.19124,32.5024,-11.59036,,,,,,,,,,,,,,,,,,,,,,,,,,,,,High,High,High,Medium,Undefined,,,
339,2025-07-26,22:02:08.16,1,6,"McGrane, Jameson",682494,Right,HP,"Reinheimer, Jack",595373,Right,GAS,Undefined,9,Top,0,2,2,Fastball,Four-Seam,InPlay,Undefined,Popup,Out,1,0,,93.70885,-0.950369,-2.596369,1821.216752,224.588766,1:30,5.81736,2.67787,5.93086,-19.05922,12.73473,11.5578,3.34635,1.23043,85.56445,-4.539928,-0.522522,0.40583,59.83941,45.045356,-31.742717,3182.130574,90.33884,62.20884,-62.76062,180.79576,177.78239,-36.327911,4.148993,-6.695,7.10717,-2.47709,50,5.73061,5.66855,-136.04334,-2.88881,-12.53794,30.04983,-18.86425,HP,GAS,HighPoint,Independent,ATL,20250726-HighPoint-1,b3d159a0-6a8d-11f0-b210-07976e9a8e1d,92.87749,63.17973,,8.1444,,,,1.77108,3.56728,-1.21374,0a4e6f39-7943-496f-befe-e00918278d5d,2025-07-27,02:02:08.16,2025-07-26T22:02:08.1662464-04:00,2025-07-27T02:02:08.1662464Z,Popup,v3,5431,5508,,"Conley, Jack",663660,Right,HP,8d7c776d-04a2-4eb6-ae2e-9e22b897f329,54.56936,-137.04892,15.02492,5.81672,-2.25754,-9.43213,-2.67381,6.08811,-6.26897,167.765161,1.77263,52.69247,-9.39857,1.91784,-0.03862,-0.12697,0.04086,-0.00537,0.00026,3.56621,62.13306,-17.7899,1.18731,-0.24023,0.00952,0.01579,-0.00426,0.00033,-1.21435,-32.60711,3.75227,-0.78382,0.02351,0.0482,-0.01593,0.00213,-0.0001,,,,,,,,,,,,,,,,,,,,,,,High,High,High,High,Medium,,,
340,2025-07-26,22:02:47.75,2,1,"McGrane, Jameson",682494,Right,HP,"De La Rosa, Eric",680763,Right,GAS,Undefined,9,Top,1,0,0,Fastball,Sinker,BallCalled,Undefined,Undefined,Undefined,0,0,,92.44353,-0.109419,-2.630452,1946.341454,229.092415,1:45,5.89471,2.70944,6.02105,-20.88808,11.55237,12.18969,4.05259,1.28711,84.6465,-4.033982,-0.439885,0.409935,,,,,,,,,,,,-6.94819,6.27445,-2.50975,50,5.87471,5.6383,-134.25903,-0.94173,-12.72701,28.10873,-20.68118,HP,GAS,HighPoint,Independent,ATL,20250726-HighPoint-1,cb74d550-6a8d-11f0-b210-07976e9a8e1d,91.94739,,,7.79703,,,,,,,0a4e6f39-7943-496f-befe-e00918278d5d,2025-07-27,02:02:47.75,2025-07-26T22:02:47.7596672-04:00,2025-07-27T02:02:47.7596672Z,,v3,5431,5508,,"Conley, Jack",663660,Right,HP,901544ed-27b8-45ce-9403-921b4de859de,54.47794,-135.19329,14.05436,5.89459,-0.25434,-10.34059,-2.70419,6.06132,-6.3635,,,,,,,,,,,,,,,,,,,,,,,,,,,,,,,,,,,,,,,,,,,,,,,,,,,High,High,High,,,,,
341,2025-07-26,22:03:04.89,2,2,"McGrane, Jameson",682494,Right,HP,"De La Rosa, Eric",680763,Right,GAS,Undefined,9,Top,1,1,0,Fastball,Sinker,FoulBallNotFieldable,Undefined,Undefined,Undefined,0,0,,91.77066,-0.893256,-3.056064,1777.996717,229.305883,1:45,5.8904,2.51076,6.17143,-21.76285,11.0715,11.67477,3.25057,0.65837,83.92996,-4.986782,-0.952759,0.412416,,,,,,,,,,,,-6.90146,6.28937,-2.28517,50,5.81155,6.62899,-133.23436,-2.77447,-12.41172,28.49238,-20.86316,HP,GAS,HighPoint,Independent,ATL,20250726-HighPoint-1,d5a775a0-6a8d-11f0-b210-07976e9a8e1d,91.39418,,,7.84071,,,,,,,0a4e6f39-7943-496f-befe-e00918278d5d,2025-07-27,02:03:04.89,2025-07-26T22:03:04.8988160-04:00,2025-07-27T02:03:04.8988160Z,,v3,5431,5508,,"Conley, Jack",663660,Right,HP,0f8bc33d-80f3-4cc3-8225-17cfd4638efc,54.32841,-134.15681,14.24619,5.89044,-2.09902,-10.43158,-2.50629,7.03082,-6.20586,,,,,,,,,,,,,,,,,,,,,,,,,,,,,,,,,,,,,,,,,,,,,,,,,,,High,High,High,,,,,
342,2025-07-26,22:03:32.39,2,3,"McGrane, Jameson",682494,Right,HP,"De La Rosa, Eric",680763,Right,GAS,Undefined,9,Top,1,1,1,Fastball,Four-Seam,BallCalled,Undefined,Undefined,Undefined,0,0,,92.79021,0.779788,-2.042144,1746.057786,220.523647,1:15,5.92082,2.63376,6.07578,-20.54241,11.36465,8.94579,4.93098,1.48888,85.44806,-3.075305,-0.432428,0.406551,,,,,,,,,,,,-5.10485,5.94859,-2.48033,50,5.97012,4.42592,-134.89767,1.16465,-9.50401,26.49678,-21.09916,HP,GAS,HighPoint,Independent,ATL,20250726-HighPoint-1,e613ddc0-6a8d-11f0-b210-07976e9a8e1d,92.71273,,,7.34215,,,,,,,0a4e6f39-7943-496f-befe-e00918278d5d,2025-07-27,02:03:32.39,2025-07-26T22:03:32.3996160-04:00,2025-07-27T02:03:32.3996160Z,,v3,5431,5508,,"Conley, Jack",663660,Right,HP,4a4d08f2-5b8f-4c8d-b226-d18aabf6457a,54.42381,-135.76382,13.24839,5.92077,1.85436,-10.54958,-2.63009,4.7366,-4.752,,,,,,,,,,,,,,,,,,,,,,,,,,,,,,,,,,,,,,,,,,,,,,,,,,,High,High,High,,,,,
343,2025-07-26,22:03:58.31,2,4,"McGrane, Jameson",682494,Right,HP,"De La Rosa, Eric",680763,Right,GAS,Undefined,9,Top,1,2,1,Splitter,Curveball,StrikeCalled,Undefined,Undefined,Undefined,0,0,,80.18335,0.809094,-2.958211,1516.449309,68.631061,8:15,5.86399,2.87331,5.77747,-46.78117,-2.72595,-10.65749,2.71947,-0.76983,73.25587,-7.768406,-4.863249,0.477716,,,,,,,,,,,,4.50622,-1.15417,-2.62258,50,5.90304,6.42497,-116.26698,0.0899,6.11259,23.63681,-33.73967,HP,GAS,HighPoint,Independent,ATL,20250726-HighPoint-1,f58d3350-6a8d-11f0-b210-07976e9a8e1d,78.9013,,,6.92748,,,,,,,0a4e6f39-7943-496f-befe-e00918278d5d,2025-07-27,02:03:58.31,2025-07-26T22:03:58.3168000-04:00,2025-07-27T02:03:58.3168000Z,,v3,5431,5508,,"Conley, Jack",663660,Right,HP,9b4c88b3-002f-4c4e-bdbb-4d2f2ecf1884,54.72165,-117.22295,11.81841,5.87181,1.45447,-16.86983,-2.87743,6.17775,3.0563,,,,,,,,,,,,,,,,,,,,,,,,,,,,,,,,,,,,,,,,,,,,,,,,,,,High,High,High,,,,,
344,2025-07-26,22:04:17.55,2,5,"McGrane, Jameson",682494,Right,HP,"De La Rosa, Eric",680763,Right,GAS,Undefined,9,Top,1,2,2,Fastball,Four-Seam,BallCalled,Undefined,Undefined,Undefined,0,0,,93.34996,-0.544962,-4.724007,1805.05086,208.993101,1:00,5.7878,2.62804,6.32413,-18.63737,12.86666,6.61079,3.73108,-1.1815,85.71326,-4.066932,-3.534677,0.403975,,,,,,,,,,,,-4.64985,7.12398,-2.28527,50,5.73881,10.90638,-135.33695,-1.85675,-8.68103,27.70915,-18.87395,HP,GAS,HighPoint,Independent,ATL,20250726-HighPoint-1,00fe9530-6a8e-11f0-b210-07976e9a8e1d,93.30389,,,7.63671,,,,,,,0a4e6f39-7943-496f-befe-e00918278d5d,2025-07-27,02:04:17.55,2025-07-26T22:04:17.5558656-04:00,2025-07-27T02:04:17.5558656Z,,v3,5431,5508,,"Conley, Jack",663660,Right,HP,19337d08-8e6e-4bc0-9394-a0986c611abd,54.17474,-136.18901,13.85457,5.78698,-1.27637,-9.43698,-2.62475,11.17333,-4.34051,,,,,,,,,,,,,,,,,,,,,,,,,,,,,,,,,,,,,,,,,,,,,,,,,,,High,High,High,,,,,
345,2025-07-26,22:04:40.50,2,6,"McGrane, Jameson",682494,Right,HP,"De La Rosa, Eric",680763,Right,GAS,Undefined,9,Top,1,3,2,Cutter,Sinker,StrikeCalled,Strikeout,Undefined,Undefined,0,0,,91.72483,-0.119404,-3.604692,1458.84875,232.01991,1:45,5.84665,2.66264,6.25867,-26.87123,5.57764,5.98965,3.49706,-0.16645,84.80196,-5.115144,-2.525167,0.409988,,,,,,,,,,,,-3.99229,3.21559,-2.39782,50,5.82454,8.15009,-133.25318,-1.17692,-7.2627,25.47704,-26.32432,HP,GAS,HighPoint,Independent,ATL,20250726-HighPoint-1,0eaa0890-6a8e-11f0-b210-07976e9a8e1d,91.93546,,,6.92287,,,,,,,0a4e6f39-7943-496f-befe-e00918278d5d,2025-07-27,02:04:40.50,2025-07-26T22:04:40.5010000-04:00,2025-07-27T02:04:40.5010000Z,,v3,5431,5508,,"Conley, Jack",663660,Right,HP,9238616a-0bae-44f1-94b2-b3246e5bdf3d,54.2419,-134.06175,12.73852,5.84864,-0.34147,-13.16216,-2.66014,8.38058,-3.63135,,,,,,,,,,,,,,,,,,,,,,,,,,,,,57.13932,2.821302,1.558118,1.263184,-1.74027,3.20511,0.30389,-1.5036,5.71884,0.43374,70.60756,13.5128,-54.32224,-1.40424,61.61063,-3.61646,5.86306,25.10537,-15.0358,0.30299,-48.21419,3.8987,High,High,High,,,High,Medium,High
346,2025-07-26,22:05:17.86,3,1,"McGrane, Jameson",682494,Right,HP,"Wylie, Justin",687045,Right,GAS,Undefined,9,Top,2,0,0,Cutter,Sinker,BallCalled,Undefined,Undefined,Undefined,0,0,,91.82868,0.020871,-2.37736,1418.9578,219.868566,1:15,5.79028,2.82931,6.24064,-25.80588,6.43811,4.65457,3.65906,1.02305,85.11363,-4.780452,-1.537247,0.408692,,,,,,,,,,,,-2.96764,3.62764,-2.65434,50,5.77904,5.35279,-133.56962,-0.81567,-5.44075,24.77184,-25.52323,HP,GAS,HighPoint,Independent,ATL,20250726-HighPoint-1,24ea71d0-6a8e-11f0-b210-07976e9a8e1d,92.22709,,,6.71505,,,,,,,0a4e6f39-7943-496f-befe-e00918278d5d,2025-07-27,02:05:17.86,2025-07-26T22:05:17.8638848-04:00,2025-07-27T02:05:17.8638848Z,,v3,5431,5508,,"Conley, Jack",663660,Right,HP,bda73a5e-f9bc-478a-b72c-8156c2ea7739,54.25947,-134.35726,12.38592,5.79207,-0.00414,-12.76162,-2.82728,5.52578,-2.72037,,,,,,,,,,,,,,,,,,,,,,,,,,,,,,,,,,,,,,,,,,,,,,,,,,,High,High,High,,,,,
347,2025-07-26,22:05:32.70,3,2,"McGrane, Jameson",682494,Right,HP,"Wylie, Justin",687045,Right,GAS,Undefined,9,Top,2,1,0,Cutter,Splitter,StrikeCalled,Undefined,Undefined,Undefined,0,0,,91.72438,-0.777809,-2.793616,1434.024641,235.554138,1:45,5.84198,2.45613,6.25507,-27.42387,4.89284,5.86906,2.8385,0.36703,85.15752,-5.863108,-1.733987,0.409152,,,,,,,,,,,,-3.70205,3.01488,-2.25137,50,5.77069,6.26851,-133.38013,-2.73924,-6.76848,24.68013,-26.66191,HP,GAS,HighPoint,Independent,ATL,20250726-HighPoint-1,2dc54a50-6a8e-11f0-b210-07976e9a8e1d,92.12326,,,6.56687,,,,,,,0a4e6f39-7943-496f-befe-e00918278d5d,2025-07-27,02:05:32.70,2025-07-26T22:05:32.7003648-04:00,2025-07-27T02:05:32.7003648Z,,v3,5431,5508,,"Conley, Jack",663660,Right,HP,6a052c23-55b8-4d64-95b3-f5340daf4714,54.24563,-134.16342,12.34007,5.8442,-1.89304,-13.33096,-2.45373,6.48333,-3.38424,,,,,,,,,,,,,,,,,,,,,,,,,,,,,,,,,,,,,,,,,,,,,,,,,,,High,High,High,,,,,
348,2025-07-26,22:05:49.09,3,3,"McGrane, Jameson",682494,Right,HP,"Wylie, Justin",687045,Right,GAS,Undefined,9,Top,2,1,1,Cutter,Splitter,BallCalled,Undefined,Undefined,Undefined,0,0,,91.40222,0.246819,-3.199187,1384.964874,241.212276,2:00,5.76036,2.68934,6.32052,-28.24253,4.24118,6.13382,3.63449,0.25095,84.72754,-5.000211,-2.091585,0.410208,,,,,,,,,,,,-3.9411,2.44177,-2.45807,50,5.76497,7.17904,-132.88456,-0.37002,-7.15123,24.53,-27.74339,HP,GAS,HighPoint,Independent,ATL,20250726-HighPoint-1,378c0970-6a8e-11f0-b210-07976e9a8e1d,91.88612,,,6.67468,,,,,,,0a4e6f39-7943-496f-befe-e00918278d5d,2025-07-27,02:05:49.09,2025-07-26T22:05:49.0932736-04:00,2025-07-27T02:05:49.0932736Z,,v3,5431,5508,,"Conley, Jack",663660,Right,HP,926f4c46-b41e-462d-bee5-9b17290ed5c1,54.1802,-133.65398,12.265,5.76293,0.50019,-13.87169,-2.68677,7.40335,-3.57562,,,,,,,,,,,,,,,,,,,,,,,,,,,,,,,,,,,,,,,,,,,,,,,,,,,High,High,High,,,,,
349,2025-07-26,22:06:07.98,3,4,"McGrane, Jameson",682494,Right,HP,"Wylie, Justin",687045,Right,GAS,Undefined,9,Top,2,2,1,Splitter,Curveball,BallCalled,Undefined,Undefined,Undefined,0,0,,79.90798,-1.049871,-4.250597,1711.848,74.275629,8:30,5.6729,2.87211,6.02729,-45.7438,-1.33969,-10.25457,0.88582,-1.92627,72.83684,-9.443648,-6.08906,0.479604,,,,,,,,,,,,3.83221,0.2137,-2.53405,50,5.56674,8.98762,-115.63481,-3.5808,5.10179,24.93498,-31.88956,HP,GAS,HighPoint,Independent,ATL,20250726-HighPoint-1,42d94180-6a8e-11f0-b210-07976e9a8e1d,78.59071,,,7.07115,,,,,,,0a4e6f39-7943-496f-befe-e00918278d5d,2025-07-27,02:06:07.98,2025-07-26T22:06:07.9895040-04:00,2025-07-27T02:06:07.9895040Z,,v3,5431,5508,,"Conley, Jack",663660,Right,HP,fe5795a0-4f1c-4707-b58d-7450bf45c54b,54.46961,-116.59463,12.46749,5.68095,-2.35328,-15.94478,-2.87623,8.79124,2.55089,,,,,,,,,,,,,,,,,,,,,,,,,,,,,,,,,,,,,,,,,,,,,,,,,,,High,High,High,,,,,
350,2025-07-26,22:06:36.60,3,5,"McGrane, Jameson",682494,Right,HP,"Wylie, Justin",687045,Right,GAS,Undefined,9,Top,2,3,1,Fastball,Four-Seam,FoulBallNotFieldable,Undefined,Undefined,Undefined,0,0,,93.13236,-1.767535,-3.299046,2028.988441,220.404685,1:15,5.75599,2.68458,6.31668,-17.56611,14.21032,11.22945,2.6609,0.57833,85.06895,-5.109084,-1.271368,0.405718,,,,,,,,,,,,-6.77532,8.19973,-2.4482,50,5.61796,7.3252,-135.14226,-4.69514,-12.52066,29.65572,-17.02107,HP,GAS,HighPoint,Independent,ATL,20250726-HighPoint-1,53db0bd0-6a8e-11f0-b210-07976e9a8e1d,92.90311,,,8.0634,,,,,,,0a4e6f39-7943-496f-befe-e00918278d5d,2025-07-27,02:06:36.60,2025-07-26T22:06:36.6082560-04:00,2025-07-27T02:06:36.6082560Z,,v3,5431,5508,,"Conley, Jack",663660,Right,HP,ec00ea21-f572-4563-b61a-61fc5c48e3a6,54.18284,-136.05705,14.82786,5.75469,-4.17009,-8.51053,-2.68011,7.71143,-6.26033,,,,,,,,,,,,,,,,,,,,,,,,,,,,,,,,,,,,,,,,,,,,,,,,,,,High,High,High,,,,,
351,2025-07-26,22:07:42.46,3,6,"McGrane, Jameson",682494,Right,HP,"Wylie, Justin",687045,Right,GAS,Undefined,9,Top,2,3,2,Cutter,Sinker,BallCalled,Walk,Undefined,Undefined,0,0,,93.11907,-0.230423,-3.304139,1601.340202,216.999654,1:15,5.81901,2.51186,6.23051,-21.88926,9.72481,6.63701,3.78197,0.01323,85.69505,-4.333469,-2.108187,0.40468,,,,,,,,,,,,-4.26374,5.3941,-2.26802,50,5.79084,7.52603,-135.24562,-1.25871,-7.96303,27.19711,-22.09998,HP,GAS,HighPoint,Independent,ATL,20250726-HighPoint-1,7b1ffe80-6a8e-11f0-b210-07976e9a8e1d,93.14137,,,7.42402,,,,,,,0a4e6f39-7943-496f-befe-e00918278d5d,2025-07-27,02:07:42.46,2025-07-26T22:07:42.4634880-04:00,2025-07-27T02:07:42.4634880Z,,v3,5431,5508,,"Conley, Jack",663660,Right,HP,e67adba8-c4a6-4883-a0fd-78376b506fe9,54.26851,-136.10128,13.59855,5.8195,-0.56341,-11.04999,-2.50874,7.77656,-3.98151,,,,,,,,,,,,,,,,,,,,,,,,,,,,,,,,,,,,,,,,,,,,,,,,,,,High,High,High,,,,,
352,2025-07-26,22:08:20.96,4,1,"McGrane, Jameson",682494,Right,HP,"Guthrie, Dalton",656495,Right,GAS,Undefined,9,Top,2,0,0,Cutter,Changeup,BallCalled,Undefined,Undefined,Undefined,0,0,,90.21324,-0.41715,-1.595532,1414.846974,237.509034,2:00,6.01859,2.49923,6.29982,-28.01986,5.36796,6.98146,3.2991,1.61056,83.52384,-5.629656,-0.332378,0.415877,,,,,,,,,,,,-4.01583,3.19823,-2.3852,50,5.97447,3.37647,-131.26874,-1.87633,-7.08966,24.7201,-26.52778,HP,GAS,HighPoint,Independent,ATL,20250726-HighPoint-1,921734a0-6a8e-11f0-b210-07976e9a8e1d,90.63355,,,6.68939,,,,,,,0a4e6f39-7943-496f-befe-e00918278d5d,2025-07-27,02:08:20.96,2025-07-26T22:08:20.9682944-04:00,2025-07-27T02:08:20.9682944Z,,v3,5431,5508,,"Conley, Jack",663660,Right,HP,9731c175-d111-4ebb-a6d5-b08e54c199d4,54.2006,-132.05742,12.36005,6.02083,-1.02998,-13.26389,-2.49653,3.60266,-3.54483,,,,,,,,,,,,,,,,,,,,,,,,,,,,,,,,,,,,,,,,,,,,,,,,,,,High,High,High,,,,,
353,2025-07-26,22:08:37.32,4,2,"McGrane, Jameson",682494,Right,HP,"Guthrie, Dalton",656495,Right,GAS,Undefined,9,Top,2,1,0,Cutter,Changeup,BallCalled,Undefined,Undefined,Undefined,0,0,,90.62473,0.221741,-2.889064,1335.738497,243.15809,2:00,5.74989,2.37949,6.43951,-28.50352,4.35181,6.8715,3.57862,0.29501,84.07107,-5.085771,-1.644722,0.412548,,,,,,,,,,,,-4.27355,2.50937,-2.17711,50,5.75278,6.38403,-131.82683,-0.40998,-7.63399,24.05507,-27.69147,HP,GAS,HighPoint,Independent,ATL,20250726-HighPoint-1,9bd3ba90-6a8e-11f0-b210-07976e9a8e1d,91.365,,,6.55366,,,,,,,0a4e6f39-7943-496f-befe-e00918278d5d,2025-07-27,02:08:37.32,2025-07-26T22:08:37.3292032-04:00,2025-07-27T02:08:37.3292032Z,,v3,5431,5508,,"Conley, Jack",663660,Right,HP,2750f1e5-00c6-4005-9d13-57d862efe52c,54.06168,-132.56591,12.02754,5.75231,0.44083,-13.84574,-2.37686,6.61858,-3.81699,,,,,,,,,,,,,,,,,,,,,,,,,,,,,,,,,,,,,,,,,,,,,,,,,,,High,High,High,,,,,
354,2025-07-26,22:08:57.53,4,3,"McGrane, Jameson",682494,Right,HP,"Guthrie, Dalton",656495,Right,GAS,Undefined,9,Top,2,2,0,Cutter,Sinker,InPlay,Undefined,FlyBall,Out,1,0,,90.59842,-0.663317,-3.408663,1528.263807,218.527527,1:15,5.84362,2.71556,6.17449,-25.93297,7.34469,5.13075,3.06882,-0.00869,84.02342,-5.477847,-2.485021,0.415191,104.73425,37.734448,-2.030648,3303.882357,109.99996,88.15085,0.07037,366.01988,297.48839,3.797508,6.269449,-3.49831,4.23166,-2.46019,50,5.77991,7.64054,-131.67013,-2.38156,-6.22704,24.30637,-24.64159,HP,GAS,HighPoint,Independent,ATL,20250726-HighPoint-1,a7db41f0-6a8e-11f0-b210-07976e9a8e1d,90.78342,137.49107,,6.57499,,,,1.78069,3.88573,0.22562,0a4e6f39-7943-496f-befe-e00918278d5d,2025-07-27,02:08:57.53,2025-07-26T22:08:57.5355392-04:00,2025-07-27T02:08:57.5355392Z,FlyBall,v3,5431,5508,,"Conley, Jack",663660,Right,HP,895c9601-d3e1-489f-9325-aed74b10790c,54.32754,-132.46659,12.15319,5.84472,-1.57412,-12.3208,-2.71389,7.84459,-3.11352,190.793488,1.79051,121.23501,-29.74673,7.11635,-1.10334,0.08495,0.00147,-0.00069,3E-05,3.88189,94.06414,-18.34538,0.70834,0.00233,-0.0331,0.01113,-0.00153,8E-05,0.22449,-4.28136,5.06312,-1.54311,0.29641,-0.03311,0.00126,0.0001,-1E-05,,,,,,,,,,,,,,,,,,,,,,,High,High,High,Medium,Medium,,,