PitchNo,Date,Time,PAofInning,PitchofPA,Pitcher,PitcherId,PitcherThrows,PitcherTeam,Batter,BatterId,BatterSide,BatterTeam,PitcherSet,Inning,Top/Bottom,Outs,Balls,Strikes,TaggedPitchType,AutoPitchType,PitchCall,KorBB,TaggedHitType,PlayResult,OutsOnPlay,RunsScored,Notes,RelSpeed,VertRelAngle,HorzRelAngle,SpinRate,SpinAxis,Tilt,RelHeight,RelSide,Extension,VertBreak,InducedVertBreak,HorzBreak,PlateLocHeight,PlateLocSide,ZoneSpeed,VertApprAngle,HorzApprAngle,ZoneTime,ExitSpeed,Angle,Direction,HitSpinRate,PositionAt110X,PositionAt110Y,PositionAt110Z,Distance,LastTrackedDistance,Bearing,HangTime,pfxx,pfxz,x0,y0,z0,vx0,vy0,vz0,ax0,ay0,az0,HomeTeam,AwayTeam,Stadium,Level,League,GameID,PitchUID,EffectiveVelo,MaxHeight,MeasuredDuration,SpeedDrop,PitchLastMeasuredX,PitchLastMeasuredY,PitchLastMeasuredZ,ContactPositionX,ContactPositionY,ContactPositionZ,GameUID,UTCDate,UTCTime,LocalDateTime,UTCDateTime,AutoHitType,System,HomeTeamForeignID,AwayTeamForeignID,GameForeignID,Catcher,CatcherId,CatcherThrows,CatcherTeam,PlayID,PitchTrajectoryXc0,PitchTrajectoryXc1,PitchTrajectoryXc2,PitchTrajectoryYc0,PitchTrajectoryYc1,PitchTrajectoryYc2,PitchTrajectoryZc0,PitchTrajectoryZc1,PitchTrajectoryZc2,HitSpinAxis,HitTrajectoryXc0,HitTrajectoryXc1,HitTrajectoryXc2,HitTrajectoryXc3,HitTrajectoryXc4,HitTrajectoryXc5,HitTrajectoryXc6,HitTrajectoryXc7,HitTrajectoryXc8,HitTrajectoryYc0,HitTrajectoryYc1,HitTrajectoryYc2,HitTrajectoryYc3,HitTrajectoryYc4,HitTrajectoryYc5,HitTrajectoryYc6,HitTrajectoryYc7,HitTrajectoryYc8,HitTrajectoryZc0,HitTrajectoryZc1,HitTrajectoryZc2,HitTrajectoryZc3,HitTrajectoryZc4,HitTrajectoryZc5,HitTrajectoryZc6,HitTrajectoryZc7,HitTrajectoryZc8,ThrowSpeed,PopTime,ExchangeTime,TimeToBase,CatchPositionX,CatchPositionY,CatchPositionZ,ThrowPositionX,ThrowPositionY,ThrowPositionZ,BasePositionX,BasePositionY,BasePositionZ,ThrowTrajectoryXc0,ThrowTrajectoryXc1,ThrowTrajectoryXc2,ThrowTrajectoryYc0,ThrowTrajectoryYc1,ThrowTrajectoryYc2,ThrowTrajectoryZc0,ThrowTrajectoryZc1,ThrowTrajectoryZc2,PitchReleaseConfidence,PitchLocationConfidence,PitchMovementConfidence,HitLaunchConfidence,HitLandingConfidence,CatcherThrowCatchConfidence,CatcherThrowReleaseConfidence,CatcherThrowLocationConfidence
1,2025-07-05,18:03:00.65,1,1,"Minaya, Julian",1000158661,Right,HAG_FLY,"Roller, Chris",676896,Right,LI,Undefined,1,Top,0,0,0,Undefined,Sinker,StrikeCalled,Undefined,Undefined,Undefined,0,0,,87.82955,-2.094016,-3.340846,2091.249842,225.085216,1:30,5.89181,0.99472,6.09274,-21.73722,14.87595,13.55796,2.13934,-0.9691,79.13053,-6.222201,-0.90211,0.435502,,,,,,,,,,,,-8.04583,8.73851,-0.74397,50,5.71883,6.8598,-127.15828,-5.29487,-12.958,30.05301,-18.10047,HAG_FLY,LI,HagerstownBallpark,Independent,ATL,20250705-HagerstownBallpark-1,cb716bc0-59eb-11f0-8072-0db8199850ee,86.54947,,,8.69902,,,,,,,ef6d4089-19c2-413e-a4a5-bd99adb12924,2025-07-05,22:03:00.65,2025-07-05T18:03:00.6522368-04:00,2025-07-05T22:03:00.6522368Z,,v3,6089,1896,,"Black, Mark",691773,Right,HAG_FLY,fae2659d-2df2-40c3-ba93-94156383ae58,54.40239,-128.19453,15.02651,5.89064,-4.67075,-9.05024,-0.98821,7.3066,-6.479,,,,,,,,,,,,,,,,,,,,,,,,,,,,,,,,,,,,,,,,,,,,,,,,,,,High,High,High,,,,,
2,2025-07-05,18:03:13.35,1,2,"Minaya, Julian",1000158661,Right,HAG_FLY,"Roller, Chris",676896,Right,LI,Undefined,1,Top,0,0,1,Undefined,Sinker,FoulBallNotFieldable,Undefined,Undefined,Undefined,0,0,,87.9287,-2.68992,-2.019384,2097.244383,218.703525,1:15,5.81235,0.89261,6.23808,-19.80182,16.21595,11.99107,1.67759,0.02837,79.87736,-6.456212,0.146811,0.431946,,,,,,,,,,,,-6.90158,9.62627,-0.74815,50,5.60197,4.03136,-127.54427,-6.55394,-11.25592,28.6612,-16.47433,HAG_FLY,LI,HagerstownBallpark,Independent,ATL,20250705-HagerstownBallpark-1,d300b170-59eb-11f0-8072-0db8199850ee,87.26184,,,8.05134,,,,,,,ef6d4089-19c2-413e-a4a5-bd99adb12924,2025-07-05,22:03:13.35,2025-07-05T18:03:13.3537280-04:00,2025-07-05T22:03:13.3537280Z,,v3,6089,1896,,"Black, Mark",691773,Right,HAG_FLY,b0cac468-2545-4ddf-9e67-ce25dbe27b83,54.26026,-128.49805,14.3306,5.81095,-6.00571,-8.23717,-0.88854,4.40593,-5.62796,,,,,,,,,,,,,,,,,,,,,,,,,,,,,,,,,,,,,,,,,,,,,,,,,,,High,High,High,,,,,
3,2025-07-05,18:03:49.17,1,3,"Minaya, Julian",1000158661,Right,HAG_FLY,"Roller, Chris",676896,Right,LI,Undefined,1,Top,0,0,2,Undefined,Four-Seam,BallCalled,Undefined,Undefined,Undefined,0,0,,89.03006,-0.549598,-0.782086,2173.4653,211.280721,1:00,6.0085,0.82798,6.07496,-19.08871,16.31013,9.14957,3.90918,0.86675,80.36568,-4.20026,0.865867,0.428219,,,,,,,,,,,,-4.91717,8.92229,-0.77203,50,5.95583,1.37299,-129.19096,-1.78407,-8.20388,30.13322,-17.28802,HAG_FLY,LI,HagerstownBallpark,Independent,ATL,20250705-HagerstownBallpark-1,e83b1c60-59eb-11f0-8072-0db8199850ee,88.02143,,,8.66439,,,,,,,ef6d4089-19c2-413e-a4a5-bd99adb12924,2025-07-05,22:03:49.17,2025-07-05T18:03:49.1713536-04:00,2025-07-05T22:03:49.1713536Z,,v3,6089,1896,,"Black, Mark",691773,Right,HAG_FLY,a3244057-41f9-4315-9963-d677ea8b32e9,54.41915,-130.21763,15.06661,6.00658,-1.19506,-8.64401,-0.82357,1.6525,-4.10194,,,,,,,,,,,,,,,,,,,,,,,,,,,,,,,,,,,,,,,,,,,,,,,,,,,High,High,High,,,,,
4,2025-07-05,18:04:03.41,1,4,"Minaya, Julian",1000158661,Right,HAG_FLY,"Roller, Chris",676896,Right,LI,Undefined,1,Top,0,1,2,Undefined,Four-Seam,StrikeSwinging,Strikeout,Undefined,Undefined,0,0,,88.665,-1.713691,-1.720734,2213.010063,213.365645,1:00,5.95771,0.68203,6.08152,-16.40123,19.17277,11.81796,3.00432,0.07443,80.39536,-4.868712,0.407328,0.429277,,,,,,,,,,,,-6.59028,10.75127,-0.55516,50,5.81653,3.37257,-128.64745,-4.28662,-10.94978,28.82613,-14.31083,HAG_FLY,LI,HagerstownBallpark,Independent,ATL,20250705-HagerstownBallpark-1,f0d4f440-59eb-11f0-8072-0db8199850ee,87.80447,,,8.26965,,,,,,,ef6d4089-19c2-413e-a4a5-bd99adb12924,2025-07-05,22:04:03.41,2025-07-05T18:04:03.4150000-04:00,2025-07-05T22:04:03.4150000Z,,v3,6089,1896,,"Black, Mark",691773,Right,HAG_FLY,94411602-dd14-44db-a226-aa6099301b20,54.4145,-129.63284,14.41306,5.9547,-3.79742,-7.15541,-0.67684,3.74688,-5.47489,,,,,,,,,,,,,,,,,,,,,,,,,,,,,69.39987,2.881215,1.891738,0.989478,-0.55676,2.83376,-0.08982,0.98779,5.24474,2.68513,70.99488,7.59362,-53.98036,1.03223,75.86971,-5.21062,5.29664,16.95955,-14.78417,2.60977,-63.99887,6.86698,High,High,High,,,High,High,High
5,2025-07-05,18:04:28.78,2,1,"Minaya, Julian",1000158661,Right,HAG_FLY,"Town, River",701817,Left,LI,Undefined,1,Top,1,0,0,Undefined,Four-Seam,StrikeSwinging,Undefined,Undefined,Undefined,0,0,,89.39355,-2.046322,-0.897164,2203.745112,206.429803,1:00,6.0145,0.71915,6.09186,-14.73068,20.11414,9.42095,2.89311,0.6743,81.37366,-4.887693,0.80014,0.424855,,,,,,,,,,,,-5.09059,11.29288,-0.65473,50,5.84881,1.63581,-129.76218,-5.01267,-8.64104,28.2816,-13.00488,HAG_FLY,LI,HagerstownBallpark,Independent,ATL,20250705-HagerstownBallpark-1,ffdcea60-59eb-11f0-8072-0db8199850ee,88.71841,,,8.01989,,,,,,,ef6d4089-19c2-413e-a4a5-bd99adb12924,2025-07-05,22:04:28.78,2025-07-05T18:04:28.7886848-04:00,2025-07-05T22:04:28.7886848Z,,v3,6089,1896,,"Black, Mark",691773,Right,HAG_FLY,0e125025-b4ff-4183-bdd2-ddc89d3083b4,54.40403,-130.71851,14.1408,6.01087,-4.57291,-6.50244,-0.71499,1.928,-4.32052,,,,,,,,,,,,,,,,,,,,,,,,,,,,,,,,,,,,,,,,,,,,,,,,,,,High,High,High,,,,,
6,2025-07-05,18:04:43.33,2,2,"Minaya, Julian",1000158661,Right,HAG_FLY,"Town, River",701817,Left,LI,Undefined,1,Top,1,0,1,Undefined,Four-Seam,BallCalled,Undefined,Undefined,Undefined,0,0,,89.14633,-1.631288,-0.61095,2167.030518,215.049307,1:15,6.01166,0.6402,6.12549,-16.71312,18.36875,12.04831,3.11046,1.07945,80.93409,-4.838706,1.561395,0.426297,,,,,,,,,,,,-6.37733,10.31733,-0.59946,50,5.87811,0.8778,-129.41799,-4.1365,-10.7294,29.02953,-14.81593,HAG_FLY,LI,HagerstownBallpark,Independent,ATL,20250705-HagerstownBallpark-1,08a3c5b0-59ec-11f0-8072-0db8199850ee,88.41818,,,8.21224,,,,,,,ef6d4089-19c2-413e-a4a5-bd99adb12924,2025-07-05,22:04:43.33,2025-07-05T18:04:43.3308160-04:00,2025-07-05T22:04:43.3308160Z,,v3,6089,1896,,"Black, Mark",691773,Right,HAG_FLY,c759387b-7049-45c2-a660-5b008b66047b,54.3705,-130.39464,14.51476,6.00889,-3.63804,-7.40796,-0.63506,1.23877,-5.3647,,,,,,,,,,,,,,,,,,,,,,,,,,,,,,,,,,,,,,,,,,,,,,,,,,,High,High,High,,,,,
7,2025-07-05,18:04:58.39,2,3,"Minaya, Julian",1000158661,Right,HAG_FLY,"Town, River",701817,Left,LI,Undefined,1,Top,1,1,1,Undefined,Four-Seam,BallCalled,Undefined,Undefined,Undefined,0,0,,90.05746,-1.555876,-0.981032,2280.466754,217.842549,1:15,6.00528,0.70822,5.93056,-16.3495,17.99473,13.14076,3.19873,0.89301,82.40102,-4.66721,1.379448,0.421792,,,,,,,,,,,,-6.98115,9.97221,-0.63714,50,5.87167,1.67722,-130.81205,-4.02584,-12.10995,27.30811,-14.87561,HAG_FLY,LI,HagerstownBallpark,Independent,ATL,20250705-HagerstownBallpark-1,117c5440-59ec-11f0-8072-0db8199850ee,89.36262,,,7.65643,,,,,,,ef6d4089-19c2-413e-a4a5-bd99adb12924,2025-07-05,22:04:58.39,2025-07-05T18:04:58.3912448-04:00,2025-07-05T22:04:58.3912448Z,,v3,6089,1896,,"Black, Mark",691773,Right,HAG_FLY,7c4e4753-d106-4190-b844-c99f78756a9f,54.56668,-131.76194,13.65406,6.0027,-3.50841,-7.43781,-0.70281,2.09846,-6.05497,,,,,,,,,,,,,,,,,,,,,,,,,,,,,,,,,,,,,,,,,,,,,,,,,,,High,High,High,,,,,
8,2025-07-05,18:05:14.40,2,4,"Minaya, Julian",1000158661,Right,HAG_FLY,"Town, River",701817,Left,LI,Undefined,1,Top,1,2,1,Undefined,Four-Seam,BallCalled,Undefined,Undefined,Undefined,0,0,,89.14919,-3.913384,-0.830806,2226.431112,207.668673,1:00,5.95811,0.45466,6.04006,-14.06902,21.29359,10.51158,1.15634,0.56134,80.94883,-6.628436,1.06139,0.428,,,,,,,,,,,,-5.6717,12.52934,-0.39554,50,5.64505,1.43752,-129.15208,-9.18948,-9.49182,29.20382,-11.20564,HAG_FLY,LI,HagerstownBallpark,Independent,ATL,20250705-HagerstownBallpark-1,1b288680-59ec-11f0-8072-0db8199850ee,88.0665,,,8.20036,,,,,,,ef6d4089-19c2-413e-a4a5-bd99adb12924,2025-07-05,22:05:14.40,2025-07-05T18:05:14.4043008-04:00,2025-07-05T22:05:14.4043008Z,,v3,6089,1896,,"Black, Mark",691773,Right,HAG_FLY,e5dcd356-47a2-4195-9e2b-5ecc3adf4336,54.45676,-130.15595,14.60191,5.95431,-8.80429,-5.60282,-0.45056,1.7638,-4.74591,,,,,,,,,,,,,,,,,,,,,,,,,,,,,,,,,,,,,,,,,,,,,,,,,,,High,High,High,,,,,
9,2025-07-05,18:05:33.47,2,5,"Minaya, Julian",1000158661,Right,HAG_FLY,"Town, River",701817,Left,LI,Undefined,1,Top,1,3,1,Undefined,Four-Seam,InPlay,Undefined,GroundBall,Out,1,0,,89.41056,-3.39426,-1.097383,2157.468022,198.560394,12:30,5.96418,0.54247,6.11178,-16.73013,17.96466,5.66008,1.42732,-0.00066,81.97652,-6.569166,-0.07699,0.423939,106.12514,0.999869,10.093664,896.935056,,,,50.83843,50.22109,10.182144,0.335922,-3.2428,10.57249,-0.46128,50,5.69474,2.25729,-129.7366,-8.16961,-5.53055,26.97476,-14.14275,HAG_FLY,LI,HagerstownBallpark,Independent,ATL,20250705-HagerstownBallpark-1,2680e220-59ec-11f0-8072-0db8199850ee,88.91004,1.53511,,7.43405,,,,1.42959,1.45134,0.00907,ef6d4089-19c2-413e-a4a5-bd99adb12924,2025-07-05,22:05:33.47,2025-07-05T18:05:33.4753280-04:00,2025-07-05T22:05:33.4753280Z,GroundBall,v3,6089,1896,,"Black, Mark",691773,Right,HAG_FLY,42cc1f85-fb7a-4bdb-9d70-fec49a31e7c0,54.38656,-130.64547,13.48738,5.96198,-7.6931,-7.07137,-0.54048,2.44363,-2.76528,330.038391,1.43811,152.87816,-24.4912,,,,,,,1.45702,2.49004,-20.37228,,,,,,,0.00899,27.27824,-1.64101,,,,,,,,,,,,,,,,,,,,,,,,,,,,,High,High,High,High,High,,,
10,2025-07-05,18:06:04.09,3,1,"Minaya, Julian",1000158661,Right,HAG_FLY,"Castillo, Ivan",622668,Left,LI,Undefined,1,Top,2,0,0,Undefined,Four-Seam,StrikeCalled,Undefined,Undefined,Undefined,0,0,,89.06742,-2.031132,-1.907296,2160.726175,205.49352,12:45,5.95747,0.5819,6.21059,-14.76131,20.28092,9.10134,2.851,-0.42056,80.88002,-4.891172,-0.264884,0.426057,,,,,,,,,,,,-5.25146,11.43831,-0.44309,50,5.79741,3.92684,-129.23049,-4.94638,-8.82101,28.62339,-12.9609,HAG_FLY,LI,HagerstownBallpark,Independent,ATL,20250705-HagerstownBallpark-1,38a867c0-59ec-11f0-8072-0db8199850ee,88.46814,,,8.1874,,,,,,,ef6d4089-19c2-413e-a4a5-bd99adb12924,2025-07-05,22:06:04.09,2025-07-05T18:06:04.0937984-04:00,2025-07-05T22:06:04.0937984Z,,v3,6089,1896,,"Black, Mark",691773,Right,HAG_FLY,171f35fa-55c2-4cbb-a6cc-111391cdceec,54.28499,-130.17612,14.3117,5.95375,-4.51819,-6.48045,-0.57764,4.21826,-4.41051,,,,,,,,,,,,,,,,,,,,,,,,,,,,,,,,,,,,,,,,,,,,,,,,,,,High,High,High,,,,,
11,2025-07-05,18:06:17.17,3,2,"Minaya, Julian",1000158661,Right,HAG_FLY,"Castillo, Ivan",622668,Left,LI,Undefined,1,Top,2,0,1,Undefined,Four-Seam,BallCalled,Undefined,Undefined,Undefined,0,0,,88.59628,-3.460803,-0.515419,2193.8,202.086254,12:45,5.94145,0.68869,5.9723,-17.20773,18.82336,7.10579,1.29506,0.803,80.12932,-6.747091,0.76251,0.432026,,,,,,,,,,,,-3.81492,11.15347,-0.65184,50,5.65786,0.85768,-128.33578,-8.23984,-6.27338,30.02704,-13.83291,HAG_FLY,LI,HagerstownBallpark,Independent,ATL,20250705-HagerstownBallpark-1,40944c60-59ec-11f0-8072-0db8199850ee,87.24573,,,8.46696,,,,,,,ef6d4089-19c2-413e-a4a5-bd99adb12924,2025-07-05,22:06:17.17,2025-07-05T18:06:17.1769344-04:00,2025-07-05T22:06:17.1769344Z,,v3,6089,1896,,"Black, Mark",691773,Right,HAG_FLY,a4884521-50ac-4a6e-b788-b6634442f792,54.52342,-129.38981,15.01352,5.93858,-7.75427,-6.91646,-0.68581,1.07789,-3.13669,,,,,,,,,,,,,,,,,,,,,,,,,,,,,,,,,,,,,,,,,,,,,,,,,,,High,High,High,,,,,
12,2025-07-05,18:06:34.73,3,3,"Minaya, Julian",1000158661,Right,HAG_FLY,"Castillo, Ivan",622668,Left,LI,Undefined,1,Top,2,1,1,Undefined,Four-Seam,BallCalled,Undefined,Undefined,Undefined,0,0,,89.26241,-3.440335,-1.837416,2257.764112,202.620835,12:45,5.97741,0.79346,5.99083,-17.34568,17.76607,6.91937,1.33817,-0.33332,81.57219,-6.726562,-0.593373,0.426479,,,,,,,,,,,,-4.08536,10.46796,-0.65243,50,5.6963,3.8641,-129.39622,-8.28507,-6.90997,27.60122,-14.46857,HAG_FLY,LI,HagerstownBallpark,Independent,ATL,20250705-HagerstownBallpark-1,4b0ccf50-59ec-11f0-8072-0db8199850ee,88.38053,,,7.69022,,,,,,,ef6d4089-19c2-413e-a4a5-bd99adb12924,2025-07-05,22:06:34.73,2025-07-05T18:06:34.7326464-04:00,2025-07-05T22:06:34.7326464Z,,v3,6089,1896,,"Black, Mark",691773,Right,HAG_FLY,e9c099ed-9780-4b9f-9799-a0e3a19042d8,54.50646,-130.35394,13.80061,5.97507,-7.78304,-7.23429,-0.79067,4.10386,-3.45499,,,,,,,,,,,,,,,,,,,,,,,,,,,,,,,,,,,,,,,,,,,,,,,,,,,High,High,High,,,,,
13,2025-07-05,18:06:51.25,3,4,"Minaya, Julian",1000158661,Right,HAG_FLY,"Castillo, Ivan",622668,Left,LI,Undefined,1,Top,2,2,1,Undefined,Four-Seam,StrikeSwinging,Undefined,Undefined,Undefined,0,0,,88.69203,-2.541019,-2.291721,2223.669116,216.664179,1:15,5.97433,0.69953,6.03221,-17.42525,18.20914,12.64221,2.16577,-0.37026,80.57916,-5.867599,-0.01789,0.429641,,,,,,,,,,,,-7.19788,10.49792,-0.52731,50,5.76624,4.62403,-128.59509,-6.19988,-11.9629,28.52961,-14.72645,HAG_FLY,LI,HagerstownBallpark,Independent,ATL,20250705-HagerstownBallpark-1,54e40930-59ec-11f0-8072-0db8199850ee,87.73002,,,8.11287,,,,,,,ef6d4089-19c2-413e-a4a5-bd99adb12924,2025-07-05,22:06:51.25,2025-07-05T18:06:51.2586752-04:00,2025-07-05T22:06:51.2586752Z,,v3,6089,1896,,"Black, Mark",691773,Right,HAG_FLY,c7324672-964b-4052-a9a5-b32a508f94d2,54.46485,-129.58185,14.26481,5.97187,-5.69053,-7.36323,-0.6944,5.0378,-5.98145,,,,,,,,,,,,,,,,,,,,,,,,,,,,,,,,,,,,,,,,,,,,,,,,,,,High,High,High,,,,,
14,2025-07-05,18:07:18.74,3,5,"Minaya, Julian",1000158661,Right,HAG_FLY,"Castillo, Ivan",622668,Left,LI,Undefined,1,Top,2,2,2,Undefined,Four-Seam,BallCalled,Undefined,Undefined,Undefined,0,0,,89.25843,-1.253725,-0.914318,2201.685004,216.23043,1:15,6.01323,0.58781,6.062,-16.92021,17.88076,12.29674,3.44256,0.76627,81.6111,-4.480637,1.299934,0.424587,,,,,,,,,,,,-6.56075,9.88253,-0.52319,50,5.90677,1.55525,-129.68247,-3.31299,-11.17597,27.04263,-15.33951,HAG_FLY,LI,HagerstownBallpark,Independent,ATL,20250705-HagerstownBallpark-1,652c4780-59ec-11f0-8072-0db8199850ee,88.77427,,,7.64733,,,,,,,ef6d4089-19c2-413e-a4a5-bd99adb12924,2025-07-05,22:07:18.74,2025-07-05T18:07:18.7457536-04:00,2025-07-05T22:07:18.7457536Z,,v3,6089,1896,,"Black, Mark",691773,Right,HAG_FLY,bed3877c-d478-4262-b21a-8afd4b7a4a75,54.43496,-130.60402,13.52132,6.01076,-2.79026,-7.66976,-0.58268,1.9361,-5.58799,,,,,,,,,,,,,,,,,,,,,,,,,,,,,,,,,,,,,,,,,,,,,,,,,,,High,High,High,,,,,
15,2025-07-05,18:07:36.99,3,6,"Minaya, Julian",1000158661,Right,HAG_FLY,"Castillo, Ivan",622668,Left,LI,Undefined,1,Top,2,3,2,Undefined,Four-Seam,InPlay,Undefined,GroundBall,Out,1,0,,89.09742,-1.253599,-1.4536,2144.99862,213.608146,1:00,5.96873,0.61396,6.2196,-16.98871,17.69958,11.04288,3.39569,0.1926,81.54072,-4.500218,0.540416,0.423899,95.81936,-18.580927,27.616366,,,,,11.07947,11.02646,21.896648,0.077298,-6.15485,9.86867,-0.51067,50,5.86634,2.84768,-129.49225,-3.30278,-10.4588,26.84309,-15.40448,HAG_FLY,LI,HagerstownBallpark,Independent,ATL,20250705-HagerstownBallpark-1,70240c90-59ec-11f0-8072-0db8199850ee,88.91835,3.47023,,7.5567,,,,1.13331,3.47023,-0.65329,ef6d4089-19c2-413e-a4a5-bd99adb12924,2025-07-05,22:07:36.99,2025-07-05T18:07:36.9912320-04:00,2025-07-05T22:07:36.9912320Z,GroundBall,v3,6089,1896,,"Black, Mark",691773,Right,HAG_FLY,588fd70b-6a90-4a76-9492-c87812428ce6,54.27901,-130.37625,13.42155,5.96675,-2.79548,-7.70224,-0.61012,3.19211,-5.2294,180,1.12958,118.33286,,,,,,,,3.47164,-44.89432,,,,,,,,-0.65524,61.90597,,,,,,,,,,,,,,,,,,,,,,,,,,,,,,High,High,High,Low,Medium,,,
16,2025-07-05,18:10:04.36,1,1,"Sandberg, Ryan",806389,Right,LI,"Williams, Tyler",1000053915,Right,HAG_FLY,Undefined,1,Bottom,0,0,0,Undefined,Four-Seam,InPlay,Undefined,GroundBall,Out,1,0,,91.62094,-2.35949,-2.624554,2297.210973,199.200698,12:45,5.80116,1.56827,6.57987,-15.17839,17.50757,5.71079,2.37042,-0.36281,83.2648,-5.296887,-1.587644,0.411483,88.47079,-20.110971,-28.552812,,,,,7.91479,7.52719,-20.389936,0.053176,-3.79236,10.24371,-1.39052,50,5.63258,5.86941,-132.94784,-5.86048,-6.73664,30.49784,-13.97741,HAG_FLY,LI,HagerstownBallpark,Independent,ATL,20250705-HagerstownBallpark-1,c7fb6260-59ec-11f0-8072-0db8199850ee,91.60142,2.3774,,8.35614,,,,1.71584,2.3774,0.34573,ef6d4089-19c2-413e-a4a5-bd99adb12924,2025-07-05,22:10:04.36,2025-07-05T18:10:04.3637760-04:00,2025-07-05T22:10:04.3637760Z,GroundBall,v3,6089,1896,,"O'Conner, Justin",592604,Right,LI,53151729-b0c7-4872-ad6b-7d3a0901bdbf,53.91728,-133.84343,15.24892,5.79865,-5.45002,-6.9887,-1.56578,6.06723,-3.36832,180,1.71394,107.24832,,,,,,,,2.37819,-44.70814,,,,,,,,0.34677,-58.35915,,,,,,,,,,,,,,,,,,,,,,,,,,,,,,High,High,High,High,High,,,
17,2025-07-05,18:10:37.33,2,1,"Sandberg, Ryan",806389,Right,LI,"Mayberry, Blake",811761,Right,HAG_FLY,Undefined,1,Bottom,1,0,0,Undefined,Four-Seam,BallCalled,Undefined,Undefined,Undefined,0,0,,91.58559,-2.9338,-2.704698,2260.627673,216.244499,1:15,5.67921,1.69912,6.27587,-18.55745,14.48938,9.81457,1.4231,0.02206,83.52609,-6.452966,-0.931872,0.413748,,,,,,,,,,,,-5.88071,8.71103,-1.50385,50,5.45308,5.86833,-132.79417,-7.35755,-10.45556,29.58457,-16.68636,HAG_FLY,LI,HagerstownBallpark,Independent,ATL,20250705-HagerstownBallpark-1,db9e6470-59ec-11f0-8072-0db8199850ee,91.09994,,,8.0595,,,,,,,ef6d4089-19c2-413e-a4a5-bd99adb12924,2025-07-05,22:10:37.33,2025-07-05T18:10:37.3302784-04:00,2025-07-05T22:10:37.3302784Z,,v3,6089,1896,,"O'Conner, Justin",592604,Right,LI,38c8a451-9444-4c33-8076-399d50c87f64,54.22136,-133.73132,14.79229,5.67778,-6.82898,-8.34318,-1.69499,6.19953,-5.22778,,,,,,,,,,,,,,,,,,,,,,,,,,,,,,,,,,,,,,,,,,,,,,,,,,,High,High,High,,,,,
18,2025-07-05,18:10:52.34,2,2,"Sandberg, Ryan",806389,Right,LI,"Mayberry, Blake",811761,Right,HAG_FLY,Undefined,1,Bottom,1,1,0,Undefined,Four-Seam,StrikeSwinging,Undefined,Undefined,Undefined,0,0,,91.5071,-3.235544,-2.939278,2254.332737,205.484188,12:45,5.72681,1.56218,6.30725,-17.9632,14.96835,6.63528,1.24214,-0.59497,83.89046,-6.635359,-1.740691,0.413026,,,,,,,,,,,,-4.26233,9.00178,-1.34965,50,5.4804,6.54279,-132.68344,-8.03189,-7.60595,28.12398,-16.11076,HAG_FLY,LI,HagerstownBallpark,Independent,ATL,20250705-HagerstownBallpark-1,e48dfd70-59ec-11f0-8072-0db8199850ee,91.25921,,,7.61664,,,,,,,ef6d4089-19c2-413e-a4a5-bd99adb12924,2025-07-05,22:10:52.34,2025-07-05T18:10:52.3406336-04:00,2025-07-05T22:10:52.3406336Z,,v3,6089,1896,,"O'Conner, Justin",592604,Right,LI,8f3c9e47-babc-43d4-bfc6-e2ff5970920c,54.19052,-133.56872,14.06199,5.72524,-7.52476,-8.05538,-1.55937,6.78221,-3.80298,,,,,,,,,,,,,,,,,,,,,,,,,,,,,,,,,,,,,,,,,,,,,,,,,,,High,High,High,,,,,
19,2025-07-05,18:11:10.32,2,3,"Sandberg, Ryan",806389,Right,LI,"Mayberry, Blake",811761,Right,HAG_FLY,Undefined,1,Bottom,1,1,1,Undefined,Four-Seam,FoulBallNotFieldable,Undefined,Undefined,Undefined,0,0,,91.01319,-1.939552,-2.5785,2194.37863,208.624311,1:00,5.76641,1.61357,6.26587,-18.39828,15.11568,7.62977,2.44258,-0.12945,82.70848,-5.445777,-1.200854,0.416662,,,,,,,,,,,,-4.75414,8.77749,-1.4263,50,5.61367,5.63686,-132.04572,-5.00755,-8.33004,30.11207,-16.79446,HAG_FLY,LI,HagerstownBallpark,Independent,ATL,20250705-HagerstownBallpark-1,ef4fbe60-59ec-11f0-8072-0db8199850ee,90.46279,,,8.3047,,,,,,,ef6d4089-19c2-413e-a4a5-bd99adb12924,2025-07-05,22:11:10.32,2025-07-05T18:11:10.3229952-04:00,2025-07-05T22:11:10.3229952Z,,v3,6089,1896,,"O'Conner, Justin",592604,Right,LI,5199b704-45c0-4a28-b14a-f350ebae012f,54.2317,-133.00723,15.05604,5.76501,-4.47128,-8.39723,-1.61054,5.90285,-4.16502,,,,,,,,,,,,,,,,,,,,,,,,,,,,,,,,,,,,,,,,,,,,,,,,,,,High,High,High,,,,,
20,2025-07-05,18:11:38.46,2,4,"Sandberg, Ryan",806389,Right,LI,"Mayberry, Blake",811761,Right,HAG_FLY,Undefined,1,Bottom,1,1,2,Undefined,Curveball,BallCalled,Undefined,Undefined,Undefined,0,0,,81.57764,-1.179121,-0.947126,2249.377813,39.447594,7:15,5.76449,1.49285,5.79084,-53.53991,-11.14993,-10.29016,0.20567,-0.24579,75.13502,-10.905201,-2.798659,0.468601,,,,,,,,,,,,5.02799,-5.0715,-1.40846,50,5.63479,2.34782,-118.5141,-4.25053,7.08399,24.6349,-39.31936,HAG_FLY,LI,HagerstownBallpark,Independent,ATL,20250705-HagerstownBallpark-1,0011c090-59ed-11f0-8072-0db8199850ee,80.43614,,,6.44262,,,,,,,ef6d4089-19c2-413e-a4a5-bd99adb12924,2025-07-05,22:11:38.46,2025-07-05T18:11:38.4674816-04:00,2025-07-05T22:11:38.4674816Z,,v3,6089,1896,,"O'Conner, Justin",592604,Right,LI,6c7727ae-e41b-423b-9d3c-807cfabd4346,54.71105,-119.48935,12.31745,5.77225,-2.69395,-19.65968,-1.49586,2.06738,3.542,,,,,,,,,,,,,,,,,,,,,,,,,,,,,,,,,,,,,,,,,,,,,,,,,,,High,High,High,,,,,
21,2025-07-05,18:11:56.49,2,5,"Sandberg, Ryan",806389,Right,LI,"Mayberry, Blake",811761,Right,HAG_FLY,Undefined,1,Bottom,1,2,2,Undefined,Curveball,FoulBallNotFieldable,Undefined,Undefined,Undefined,0,0,,79.99263,1.734894,0.036525,2307.102411,36.997264,7:15,5.73438,1.51889,5.62281,-56.36251,-11.85359,-10.0589,2.65694,0.71473,72.88129,-8.553771,-1.763345,0.48017,,,,,,,,,,,,5.12319,-6.14807,-1.51533,50,5.84582,0.31997,-116.11964,1.57151,6.91153,24.16692,-40.46823,HAG_FLY,LI,HagerstownBallpark,Independent,ATL,20250705-HagerstownBallpark-1,0ae079d0-59ed-11f0-8072-0db8199850ee,78.49811,,,7.11134,,,,,,,ef6d4089-19c2-413e-a4a5-bd99adb12924,2025-07-05,22:11:56.49,2025-07-05T18:11:56.4985856-04:00,2025-07-05T22:11:56.4985856Z,,v3,6089,1896,,"O'Conner, Justin",592604,Right,LI,9dad8cb0-5925-4b5d-8dd9-11eced2f348a,54.87802,-117.13045,12.08346,5.7447,3.26416,-20.23411,-1.52267,0.03089,3.45577,,,,,,,,,,,,,,,,,,,,,,,,,,,,,,,,,,,,,,,,,,,,,,,,,,,High,High,High,,,,,
22,2025-07-05,18:12:21.77,2,6,"Sandberg, Ryan",806389,Right,LI,"Mayberry, Blake",811761,Right,HAG_FLY,Undefined,1,Bottom,1,2,2,Undefined,Four-Seam,StrikeCalled,Strikeout,Undefined,Undefined,0,0,,91.37884,-2.467825,-2.174642,2290.266244,206.197837,12:45,5.69429,1.55494,6.24653,-17.34725,15.88284,7.26544,1.96962,0.15381,83.1838,-5.775862,-0.862627,0.414894,,,,,,,,,,,,-4.39992,9.29634,-1.3966,50,5.50193,4.73115,-132.56084,-6.21022,-7.78552,29.81293,-15.72451,HAG_FLY,LI,HagerstownBallpark,Independent,ATL,20250705-HagerstownBallpark-1,19e8e520-59ed-11f0-8072-0db8199850ee,90.84834,,,8.19503,,,,,,,ef6d4089-19c2-413e-a4a5-bd99adb12924,2025-07-05,22:12:21.77,2025-07-05T18:12:21.7700000-04:00,2025-07-05T22:12:21.7700000Z,,v3,6089,1896,,"O'Conner, Justin",592604,Right,LI,8311f8a9-cc93-405a-9820-e7bbacf7a2a3,54.24997,-133.51324,14.90647,5.6923,-5.70789,-7.86226,-1.55171,4.97987,-3.89276,,,,,,,,,,,,,,,,,,,,,,,,,,,,,58.88772,2.837308,1.581107,1.256201,-1.24025,1.69626,-0.11534,-3.55473,5.79791,1.87364,72.01763,10.23691,-52.96202,-3.47288,65.41779,-4.22928,5.89559,22.04763,-14.7873,1.76375,-49.41823,4.6484,High,High,High,,,High,Medium,High
23,2025-07-05,18:12:53.63,3,1,"Sandberg, Ryan",806389,Right,LI,"Arbolida, Cary",812364,Right,HAG_FLY,Undefined,1,Bottom,2,0,0,Undefined,Curveball,StrikeCalled,Undefined,Undefined,Undefined,0,0,,77.25081,1.37545,-1.041874,2288.776276,43.622967,7:30,5.77028,1.50081,5.60461,-59.4957,-11.39863,-12.49111,2.09672,-0.5128,70.14045,-9.483033,-3.276317,0.49915,,,,,,,,,,,,5.95059,-5.6726,-1.40355,50,5.8499,2.52132,-112.04786,0.69038,7.42035,23.85467,-39.24774,HAG_FLY,LI,HagerstownBallpark,Independent,ATL,20250705-HagerstownBallpark-1,2cd03850-59ed-11f0-8072-0db8199850ee,75.5133,,,7.11036,,,,,,,ef6d4089-19c2-413e-a4a5-bd99adb12924,2025-07-05,22:12:53.63,2025-07-05T18:12:53.6318976-04:00,2025-07-05T22:12:53.6318976Z,,v3,6089,1896,,"O'Conner, Justin",592604,Right,LI,7b7fad1d-1b99-4dbb-bb63-8997e3305baa,54.8948,-113.08515,11.92733,5.78277,2.39702,-19.62387,-1.50617,2.19865,3.71017,,,,,,,,,,,,,,,,,,,,,,,,,,,,,,,,,,,,,,,,,,,,,,,,,,,High,High,High,,,,,
24,2025-07-05,18:13:08.75,3,2,"Sandberg, Ryan",806389,Right,LI,"Arbolida, Cary",812364,Right,HAG_FLY,Undefined,1,Bottom,2,0,1,Undefined,Curveball,StrikeCalled,Undefined,Undefined,Undefined,0,0,,80.52305,1.472809,-0.346804,2241.764495,37.150589,7:15,5.74782,1.59569,5.57909,-56.19038,-12.0967,-10.30957,2.44111,0.41267,73.25603,-8.774922,-2.190321,0.477925,,,,,,,,,,,,5.06929,-6.05118,-1.55914,50,5.83821,1.12666,-116.85089,1.01084,6.91079,24.89474,-40.42344,HAG_FLY,LI,HagerstownBallpark,Independent,ATL,20250705-HagerstownBallpark-1,35cf61b0-59ed-11f0-8072-0db8199850ee,78.86685,,,7.26703,,,,,,,ef6d4089-19c2-413e-a4a5-bd99adb12924,2025-07-05,22:13:08.75,2025-07-05T18:13:08.7529984-04:00,2025-07-05T22:13:08.7529984Z,,v3,6089,1896,,"O'Conner, Justin",592604,Right,LI,ba36199e-b4d4-44cd-b689-3111c5b6c041,54.92045,-117.89452,12.44737,5.76031,2.70546,-20.21172,-1.60031,0.83695,3.45539,,,,,,,,,,,,,,,,,,,,,,,,,,,,,,,,,,,,,,,,,,,,,,,,,,,High,High,High,,,,,
25,2025-07-05,18:13:28.13,3,3,"Sandberg, Ryan",806389,Right,LI,"Arbolida, Cary",812364,Right,HAG_FLY,Undefined,1,Bottom,2,0,2,Undefined,Four-Seam,BallCalled,Undefined,Undefined,Undefined,0,0,,91.29749,0.023761,-2.010433,2152.929445,205.804822,12:45,5.80843,1.70211,6.37047,-16.76198,16.73442,7.49339,4.43347,0.47597,81.85519,-3.23007,-0.654507,0.416553,,,,,,,,,,,,-4.51973,9.0267,-1.55992,50,5.8021,4.32664,-132.40097,-0.37743,-7.87363,33.17569,-16.449,HAG_FLY,LI,HagerstownBallpark,Independent,ATL,20250705-HagerstownBallpark-1,41536130-59ed-11f0-8072-0db8199850ee,90.4865,,,9.4423,,,,,,,ef6d4089-19c2-413e-a4a5-bd99adb12924,2025-07-05,22:13:28.13,2025-07-05T18:13:28.1376768-04:00,2025-07-05T22:13:28.1376768Z,,v3,6089,1896,,"O'Conner, Justin",592604,Right,LI,5adc8155-6e1f-49c3-a810-8d6ce440abf2,54.12224,-133.42988,16.58785,5.80589,0.13272,-8.2245,-1.69789,4.57083,-3.93681,,,,,,,,,,,,,,,,,,,,,,,,,,,,,,,,,,,,,,,,,,,,,,,,,,,High,High,High,,,,,
26,2025-07-05,18:13:44.00,3,4,"Sandberg, Ryan",806389,Right,LI,"Arbolida, Cary",812364,Right,HAG_FLY,Undefined,1,Bottom,2,1,2,Undefined,Curveball,StrikeSwinging,Strikeout,Undefined,Undefined,0,0,,79.69361,2.105126,-1.203398,2126.302543,43.538592,7:30,5.75292,1.51087,5.44081,-54.30731,-9.48138,-10.33119,3.19975,-0.47702,73.1021,-7.768097,-3.042801,0.481877,,,,,,,,,,,,4.84362,-4.9228,-1.39718,50,5.90159,2.84522,-115.68222,2.3352,6.54616,22.11598,-38.82723,HAG_FLY,LI,HagerstownBallpark,Independent,ATL,20250705-HagerstownBallpark-1,4ad17e90-59ed-11f0-8072-0db8199850ee,78.22007,,,6.59152,,,,,,,ef6d4089-19c2-413e-a4a5-bd99adb12924,2025-07-05,22:13:44.00,2025-07-05T18:13:44.0070000-04:00,2025-07-05T22:13:44.0070000Z,,v3,6089,1896,,"O'Conner, Justin",592604,Right,LI,c0788400-c5ee-4660-8ee0-f1675c7186f0,55.05991,-116.64556,11.05799,5.76304,4.02645,-19.41362,-1.5149,2.56008,3.27308,,,,,,,,,,,,,,,,,,,,,,,,,,,,,60.81621,2.517396,1.358387,1.159009,-0.95887,2.8653,0.605,-2.41055,5.56579,0.68564,66.43718,7.03666,-58.52493,-2.37741,63.17974,-3.28493,5.62585,17.75652,-14.27125,0.57706,-58.66359,6.62109,High,High,High,,,High,High,High
27,2025-07-05,18:16:07.89,1,1,"Minaya, Julian",1000158661,Right,HAG_FLY,"Thomas, Cody",642137,Left,LI,Undefined,2,Top,0,0,0,Undefined,Four-Seam,FoulBallNotFieldable,Undefined,Undefined,Undefined,0,0,,88.75547,-2.058125,-1.444497,2170.134412,216.470499,1:15,6.01803,0.73521,5.99586,-19.09966,16.63899,11.36221,2.5178,0.34323,80.31974,-5.693285,0.599165,0.430269,89.53018,46.696562,-40.655644,4711.472543,73.98745,94.29603,-81.3992,300.55587,113.58275,-57.223218,5.25475,-6.31957,9.57827,-0.62782,50,5.84555,2.77693,-128.73125,-5.18672,-10.47191,29.84539,-16.30235,HAG_FLY,LI,HagerstownBallpark,Independent,ATL,20250705-HagerstownBallpark-1,a0a95ae0-59ed-11f0-8072-0db8199850ee,87.60197,110.57912,,8.43573,,,,1.53013,2.97324,-0.64681,ef6d4089-19c2-413e-a4a5-bd99adb12924,2025-07-05,22:16:07.89,2025-07-05T18:16:07.8932480-04:00,2025-07-05T22:16:07.8932480Z,FlyBall,v3,6089,1896,,"Black, Mark",691773,Right,HAG_FLY,bac39dcf-372d-4d39-85e1-f47f47830e82,54.5011,-129.7706,14.92269,6.01629,-4.619,-8.15117,-0.73088,3.14161,-5.23595,,1.54718,68.08157,-17.27733,4.29996,-1.25039,0.51344,-0.16305,0.02651,-0.00163,2.98942,95.24014,-24.71171,0.9093,1.10908,-0.6401,0.1623,-0.01997,0.00096,-0.65876,-58.41488,0.9497,2.3459,-1.92114,0.84537,-0.2079,0.02649,-0.00135,,,,,,,,,,,,,,,,,,,,,,,High,High,High,Medium,Low,,,
28,2025-07-05,18:16:31.43,1,2,"Minaya, Julian",1000158661,Right,HAG_FLY,"Thomas, Cody",642137,Left,LI,Undefined,2,Top,0,0,1,Undefined,Four-Seam,BallCalled,Undefined,Undefined,Undefined,0,0,,88.88075,-1.819753,-0.030086,2183.837079,215.570365,1:15,5.99002,0.65932,5.95583,-17.30552,18.04237,12.08323,2.85978,1.63836,81.13865,-5.110426,2.141578,0.427911,,,,,,,,,,,,-6.16748,10.10556,-0.66341,50,5.83569,-0.44656,-129.0502,-4.59319,-10.37653,27.44027,-15.1719,HAG_FLY,LI,HagerstownBallpark,Independent,ATL,20250705-HagerstownBallpark-1,ae9b7430-59ed-11f0-8072-0db8199850ee,88.08481,,,7.7421,,,,,,,ef6d4089-19c2-413e-a4a5-bd99adb12924,2025-07-05,22:16:31.43,2025-07-05T18:16:31.4345472-04:00,2025-07-05T22:16:31.4345472Z,,v3,6089,1896,,"Black, Mark",691773,Right,HAG_FLY,ddfe9b49-26d8-4ed0-b4b1-ede8896d2e8e,54.54025,-130.01203,13.72013,5.98737,-4.06139,-7.58595,-0.65413,-0.08284,-5.18826,,,,,,,,,,,,,,,,,,,,,,,,,,,,,,,,,,,,,,,,,,,,,,,,,,,High,High,High,,,,,
29,2025-07-05,18:16:45.98,1,3,"Minaya, Julian",1000158661,Right,HAG_FLY,"Thomas, Cody",642137,Left,LI,Undefined,2,Top,0,1,1,Undefined,Slider,BallCalled,Undefined,Undefined,Undefined,0,0,,80.05547,-1.474409,-1.093088,1989.434859,69.35507,8:15,5.90937,1.40425,5.47451,-45.85487,-0.79921,-6.45894,0.7079,-0.15698,72.71614,-9.838516,-2.246537,0.48311,,,,,,,,,,,,2.92697,0.47669,-1.3036,50,5.74851,2.46654,-116.02614,-4.53899,3.91219,25.65386,-31.53687,HAG_FLY,LI,HagerstownBallpark,Independent,ATL,20250705-HagerstownBallpark-1,b760c8e0-59ed-11f0-8072-0db8199850ee,78.02039,,,7.33933,,,,,,,ef6d4089-19c2-413e-a4a5-bd99adb12924,2025-07-05,22:16:45.98,2025-07-05T18:16:45.9897344-04:00,2025-07-05T22:16:45.9897344Z,,v3,6089,1896,,"Black, Mark",691773,Right,HAG_FLY,91e82382-0472-4060-98b3-f93e7b935717,55.02365,-117.13162,12.82693,5.91482,-3.18,-15.76844,-1.40625,2.29795,1.9561,,,,,,,,,,,,,,,,,,,,,,,,,,,,,,,,,,,,,,,,,,,,,,,,,,,High,High,High,,,,,
30,2025-07-05,18:17:01.20,1,4,"Minaya, Julian",1000158661,Right,HAG_FLY,"Thomas, Cody",642137,Left,LI,Undefined,2,Top,0,2,1,Undefined,Four-Seam,FoulBallNotFieldable,Undefined,Undefined,Undefined,0,0,,89.10651,-1.505092,-0.403729,2170.562019,212.558072,1:00,6.05947,0.66169,6.00164,-16.81544,18.21702,10.9193,3.26328,1.19754,81.43613,-4.709838,1.560423,0.425997,,,,,,,,,,,,-5.75209,10.14284,-0.636,50,5.93192,0.46382,-129.45662,-3.88119,-9.75017,27.31644,-14.98129,HAG_FLY,LI,HagerstownBallpark,Independent,ATL,20250705-HagerstownBallpark-1,c071f3a0-59ed-11f0-8072-0db8199850ee,88.48053,,,7.67038,,,,,,,ef6d4089-19c2-413e-a4a5-bd99adb12924,2025-07-05,22:17:01.20,2025-07-05T18:17:01.2096512-04:00,2025-07-05T22:17:01.2096512Z,,v3,6089,1896,,"Black, Mark",691773,Right,HAG_FLY,88c1cbf1-a4de-4d0d-9ca5-a0961675ec29,54.49649,-130.40197,13.65822,6.05727,-3.36273,-7.49065,-0.65789,0.80125,-4.87509,,,,,,,,,,,,,,,,,,,,,,,,,,,,,,,,,,,,,,,,,,,,,,,,,,,High,High,High,,,,,
31,2025-07-05,18:17:23.54,1,5,"Minaya, Julian",1000158661,Right,HAG_FLY,"Thomas, Cody",642137,Left,LI,Undefined,2,Top,0,2,2,Undefined,Four-Seam,BallCalled,Undefined,Undefined,Undefined,0,0,,90.63135,-2.928526,-2.706523,2231.604725,200.481799,12:45,5.9829,0.91353,5.99157,-14.57217,20.03359,6.99225,2.04921,-1.01386,81.41367,-5.756963,-1.451104,0.423395,,,,,,,,,,,,-4.47729,11.62343,-0.7039,50,5.74377,5.89605,-131.13983,-7.09024,-7.65187,32.54525,-12.30912,HAG_FLY,LI,HagerstownBallpark,Independent,ATL,20250705-HagerstownBallpark-1,cdc16450-59ed-11f0-8072-0db8199850ee,89.02431,,,9.21768,,,,,,,ef6d4089-19c2-413e-a4a5-bd99adb12924,2025-07-05,22:17:23.54,2025-07-05T18:17:23.5456512-04:00,2025-07-05T22:17:23.5456512Z,,v3,6089,1896,,"Black, Mark",691773,Right,HAG_FLY,0134cff3-af44-451d-99d6-828d73e37980,54.50283,-132.25259,16.27263,5.979,-6.66938,-6.15456,-0.90996,6.15767,-3.82594,,,,,,,,,,,,,,,,,,,,,,,,,,,,,,,,,,,,,,,,,,,,,,,,,,,High,High,High,,,,,
32,2025-07-05,18:17:41.38,1,6,"Minaya, Julian",1000158661,Right,HAG_FLY,"Thomas, Cody",642137,Left,LI,Undefined,2,Top,0,3,2,Undefined,Four-Seam,StrikeSwinging,Strikeout,Undefined,Undefined,0,0,,89.00507,-3.318805,-1.957188,2216.288119,204.779771,12:45,5.98584,0.80733,6.11963,-18.80273,16.83631,7.15776,1.34551,-0.4063,80.25148,-6.905389,-0.667095,0.429669,,,,,,,,,,,,-4.36244,10.1867,-0.66119,50,5.72169,4.11278,-128.88495,-8.01098,-7.20658,31.2589,-15.34598,HAG_FLY,LI,HagerstownBallpark,Independent,ATL,20250705-HagerstownBallpark-1,d86256d0-59ed-11f0-8072-0db8199850ee,87.72427,,,8.75359,,,,,,,ef6d4089-19c2-413e-a4a5-bd99adb12924,2025-07-05,22:17:41.38,2025-07-05T18:17:41.3870000-04:00,2025-07-05T22:17:41.3870000Z,,v3,6089,1896,,"Black, Mark",691773,Right,HAG_FLY,fb4da277-d8c2-4034-9aa0-b5c6f26417c0,54.37668,-129.9421,15.62945,5.98384,-7.49199,-7.67299,-0.8044,4.3565,-3.60329,,,,,,,,,,,,,,,,,,,,,,,,,,,,,71.67401,,,0.965698,,,,1.62933,5.56303,2.90686,76.61687,6.3993,-48.37306,1.68444,83.32238,-5.91251,5.61327,14.46996,-14.122,2.81229,-60.29737,7.52026,High,High,High,,,High,High,High
33,2025-07-05,18:18:08.04,2,1,"Minaya, Julian",1000158661,Right,HAG_FLY,"Kohlwey, Taylor",670128,Left,LI,Undefined,2,Top,1,0,0,Undefined,Four-Seam,BallCalled,Undefined,Undefined,Undefined,0,0,,89.85341,-3.523359,-1.464197,2231.144684,206.643261,1:00,5.96803,0.74973,6.04475,-18.88895,15.96702,7.39087,1.12685,0.00979,81.52354,-7.100528,-0.133296,0.424923,,,,,,,,,,,,-4.26469,9.68312,-0.63965,50,5.68317,3.01858,-130.17099,-8.57613,-7.23605,30.16015,-15.74441,HAG_FLY,LI,HagerstownBallpark,Independent,ATL,20250705-HagerstownBallpark-1,e8491430-59ed-11f0-8072-0db8199850ee,88.70419,,,8.32986,,,,,,,ef6d4089-19c2-413e-a4a5-bd99adb12924,2025-07-05,22:18:08.04,2025-07-05T18:18:08.0489984-04:00,2025-07-05T22:18:08.0489984Z,,v3,6089,1896,,"Black, Mark",691773,Right,HAG_FLY,52333c3e-bbbd-4f83-8cc2-4bbeb7ea65e0,54.4516,-131.19835,15.08008,5.96617,-8.03982,-7.87221,-0.74667,3.26507,-3.61803,,,,,,,,,,,,,,,,,,,,,,,,,,,,,,,,,,,,,,,,,,,,,,,,,,,High,High,High,,,,,
34,2025-07-05,18:18:23.18,2,2,"Minaya, Julian",1000158661,Right,HAG_FLY,"Kohlwey, Taylor",670128,Left,LI,Undefined,2,Top,1,1,0,Undefined,Four-Seam,InPlay,Undefined,GroundBall,Out,1,0,,89.19244,-3.123054,-1.020656,2214.821441,212.550351,1:00,5.96753,0.62197,6.03454,-20.03938,15.28359,8.96536,1.40239,0.42387,80.99345,-6.90906,0.593915,0.42776,60.34798,-34.430165,9.235317,,,,,4.42698,4.42682,-0.817461,0.029967,-4.95032,9.20548,-0.54719,50,5.71279,1.93472,-129.30546,-7.65794,-8.29206,29.6399,-16.75442,HAG_FLY,LI,HagerstownBallpark,Independent,ATL,20250705-HagerstownBallpark-1,f14c3530-59ed-11f0-8072-0db8199850ee,88.11589,1.50414,,8.19899,,,,2.2607,1.50414,-0.41531,ef6d4089-19c2-413e-a4a5-bd99adb12924,2025-07-05,22:18:23.18,2025-07-05T18:18:23.1810048-04:00,2025-07-05T22:18:23.1810048Z,GroundBall,v3,6089,1896,,"Black, Mark",691773,Right,HAG_FLY,49443eb4-f951-4742-a91e-c206441d1dc8,54.46251,-130.32436,14.81995,5.96614,-7.08199,-8.37721,-0.6186,2.21976,-4.14603,,2.25967,72.27244,,,,,,,,1.50486,-50.1925,,,,,,,,-0.41549,11.7513,,,,,,,,,,,,,,,,,,,,,,,,,,,,,,High,High,High,Estimated,Estimated,,,
35,2025-07-05,18:18:56.00,3,1,"Minaya, Julian",1000158661,Right,HAG_FLY,"Viola, Troy",802112,Right,LI,Undefined,2,Top,2,0,0,Undefined,Slider,BallCalled,Undefined,Undefined,Undefined,0,0,,83.02332,-2.414433,-1.799115,2095.020928,187.093434,12:15,5.82814,1.53344,5.57454,-31.5012,10.20319,1.08051,0.9455,-0.05745,75.22854,-8.238183,-1.606161,0.464796,,,,,,,,,,,,-1.1315,6.38276,-1.37928,50,5.59979,3.73193,-120.21617,-6.1071,-1.62967,26.74013,-22.98105,HAG_FLY,LI,HagerstownBallpark,Independent,ATL,20250705-HagerstownBallpark-1,04e43ac0-59ee-11f0-8072-0db8199850ee,81.09459,,,7.79478,,,,,,,ef6d4089-19c2-413e-a4a5-bd99adb12924,2025-07-05,22:18:56.00,2025-07-05T18:18:56.0091648-04:00,2025-07-05T22:18:56.0091648Z,,v3,6089,1896,,"Black, Mark",691773,Right,HAG_FLY,8a3154ac-8ebd-4834-8a8d-d5d7ac0705b5,54.92108,-121.30584,13.37007,5.82958,-5.17061,-11.49053,-1.53271,3.79834,-0.81483,,,,,,,,,,,,,,,,,,,,,,,,,,,,,,,,,,,,,,,,,,,,,,,,,,,High,High,High,,,,,
36,2025-07-05,18:19:10.28,3,2,"Minaya, Julian",1000158661,Right,HAG_FLY,"Viola, Troy",802112,Right,LI,Undefined,2,Top,2,1,0,Undefined,Slider,FoulBallNotFieldable,Undefined,Undefined,Undefined,0,0,,82.25505,-1.112421,-1.400391,2100.048499,111.372379,9:45,5.84245,1.33236,5.67138,-38.01195,3.7141,-6.0974,1.63722,-0.48162,75.51892,-8.083566,-2.491568,0.464916,79.81852,40.260897,53.490241,5176.828492,54.03766,75.92898,95.81151,245.01298,96.68555,67.357689,4.79549,2.70882,2.5913,-1.21023,50,5.72457,3.16006,-119.41508,-3.59346,3.89933,23.6633,-28.44389,HAG_FLY,LI,HagerstownBallpark,Independent,ATL,20250705-HagerstownBallpark-1,0d62c270-59ee-11f0-8072-0db8199850ee,81.07358,81.48118,,6.73613,,,,0.74168,1.75552,0.27425,ef6d4089-19c2-413e-a4a5-bd99adb12924,2025-07-05,22:19:10.28,2025-07-05T18:19:10.2837248-04:00,2025-07-05T22:19:10.2837248Z,FlyBall,v3,6089,1896,,"Black, Mark",691773,Right,HAG_FLY,e6d5ab3d-906a-4e06-886c-de87c000686f,54.82689,-120.36778,11.83165,5.84619,-2.44829,-14.22195,-1.33429,3.00307,1.94967,,0.74837,52.999,-18.47989,4.60221,-0.37626,-0.20332,0.07706,-0.01041,0.00051,1.75339,75.69176,-20.33417,1.1837,0.1007,-0.15273,0.05851,-0.00986,0.00061,0.27734,71.73182,-10.37232,1.48622,0.22389,-0.22683,0.06508,-0.00858,0.00044,,,,,,,,,,,,,,,,,,,,,,,High,High,High,High,Low,,,
37,2025-07-05,18:19:30.08,3,3,"Minaya, Julian",1000158661,Right,HAG_FLY,"Viola, Troy",802112,Right,LI,Undefined,2,Top,2,1,1,Undefined,Sinker,HitByPitch,Undefined,Undefined,Undefined,0,0,,88.56719,-0.451974,-0.145225,2039.957407,222.179014,1:30,5.98519,0.95533,6.01464,-20.71981,14.79249,12.36579,3.83986,1.85129,80.74103,-4.370359,2.079547,0.428905,,,,,,,,,,,,-6.46178,8.09827,-0.9509,50,5.93851,-0.17238,-128.70062,-1.64495,-10.79045,27.80729,-18.65087,HAG_FLY,LI,HagerstownBallpark,Independent,ATL,20250705-HagerstownBallpark-1,192db600-59ee-11f0-8072-0db8199850ee,87.88066,,,7.82615,,,,,,,ef6d4089-19c2-413e-a4a5-bd99adb12924,2025-07-05,22:19:30.08,2025-07-05T18:19:30.0875264-04:00,2025-07-05T22:19:30.0875264Z,,v3,6089,1896,,"Black, Mark",691773,Right,HAG_FLY,92c8d0c8-483c-4d01-a4bb-260e3389dacb,54.48407,-129.66584,13.90365,5.98437,-0.99757,-9.32544,-0.95141,0.20217,-5.39522,,,,,,,,,,,,,,,,,,,,,,,,,,,,,,,,,,,,,,,,,,,,,,,,,,,High,High,High,,,,,
38,2025-07-05,18:20:01.81,4,1,"Minaya, Julian",1000158661,Right,HAG_FLY,"Beer, Seth",666179,Left,LI,Undefined,2,Top,2,0,0,Undefined,Four-Seam,BallCalled,Undefined,Undefined,Undefined,0,0,,88.87882,-3.439312,-0.965455,2274.042188,197.999503,12:30,5.99057,0.58126,6.05864,-16.03713,19.56351,5.94327,1.46658,0.18287,80.53808,-6.516438,0.104843,0.429438,,,,,,,,,,,,-3.3565,11.51505,-0.50943,50,5.71469,1.92286,-128.7798,-8.16653,-5.57308,29.55841,-13.05457,HAG_FLY,LI,HagerstownBallpark,Independent,ATL,20250705-HagerstownBallpark-1,2c1afca0-59ee-11f0-8072-0db8199850ee,87.77156,,,8.34074,,,,,,,ef6d4089-19c2-413e-a4a5-bd99adb12924,2025-07-05,22:20:01.81,2025-07-05T18:20:01.8116608-04:00,2025-07-05T22:20:01.8116608Z,,v3,6089,1896,,"Black, Mark",691773,Right,HAG_FLY,d62b111f-974b-4e49-96b7-bb4886e75794,54.43702,-129.79422,14.7792,5.98727,-7.71851,-6.52729,-0.5787,2.11412,-2.78654,,,,,,,,,,,,,,,,,,,,,,,,,,,,,,,,,,,,,,,,,,,,,,,,,,,High,High,High,,,,,
39,2025-07-05,18:20:17.50,4,2,"Minaya, Julian",1000158661,Right,HAG_FLY,"Beer, Seth",666179,Left,LI,Undefined,2,Top,2,1,0,Undefined,Four-Seam,InPlay,Undefined,FlyBall,Out,1,0,,88.62797,-3.125865,-1.411087,2276.732592,209.571263,1:00,5.95471,0.78219,6.05281,-18.09068,17.50792,9.25075,1.54992,0.24664,80.76958,-6.560069,0.254691,0.429426,100.6208,43.096751,0.13156,3855.149674,109.65699,96.86864,-8.68,349.43626,317.60164,-12.025049,6.142241,-5.20134,10.31296,-0.6775,50,5.70179,2.78985,-128.52913,-7.5394,-8.65003,28.09098,-15.02327,HAG_FLY,LI,HagerstownBallpark,Independent,ATL,20250705-HagerstownBallpark-1,35795d00-59ee-11f0-8072-0db8199850ee,87.77409,136.87229,,7.85839,,,,1.71347,1.62397,-0.35723,ef6d4089-19c2-413e-a4a5-bd99adb12924,2025-07-05,22:20:17.50,2025-07-05T18:20:17.5051776-04:00,2025-07-05T22:20:17.5051776Z,FlyBall,v3,6089,1896,,"Black, Mark",691773,Right,HAG_FLY,431fe724-3dbf-4fdd-a139-054dbd8acb0a,54.44472,-129.49691,14.04549,5.95262,-7.02182,-7.51164,-0.77875,3.08786,-4.32501,,1.72526,107.55007,-23.67653,5.26031,-0.65956,-0.01089,0.01772,-0.00231,0.0001,1.61613,100.94394,-22.98363,2.28638,-0.3837,0.02529,0.00739,-0.00167,0.0001,-0.35114,0.13881,-7.43227,2.12866,-0.32832,0.00689,0.00682,-0.00104,5E-05,,,,,,,,,,,,,,,,,,,,,,,High,High,High,High,Low,,,
40,2025-07-05,18:22:46.34,1,1,"Sandberg, Ryan",806389,Right,LI,"DeLuca, Joe",700593,Left,HAG_FLY,Undefined,2,Bottom,0,0,0,Undefined,Four-Seam,StrikeCalled,Undefined,Undefined,Undefined,0,0,,90.70881,-1.733886,-1.852841,2299.350188,201.535226,12:45,5.76026,1.58725,6.16456,-15.75871,18.10761,6.6887,2.8441,0.43257,82.29376,-4.76682,-0.646836,0.418847,,,,,,,,,,,,-3.99374,10.20756,-1.45002,50,5.62056,3.97393,-131.61278,-4.40753,-6.95101,29.94706,-14.40801,HAG_FLY,LI,HagerstownBallpark,Independent,ATL,20250705-HagerstownBallpark-1,8e33bfd0-59ee-11f0-8072-0db8199850ee,89.99093,,,8.41505,,,,,,,ef6d4089-19c2-413e-a4a5-bd99adb12924,2025-07-05,22:22:46.34,2025-07-05T18:22:46.3434240-04:00,2025-07-05T22:22:46.3434240Z,,v3,6089,1896,,"O'Conner, Justin",592604,Right,LI,e6787ea7-f544-4017-ab7e-f953d317b000,54.33079,-132.59454,14.97353,5.75731,-3.93519,-7.20401,-1.58403,4.20181,-3.47551,,,,,,,,,,,,,,,,,,,,,,,,,,,,,,,,,,,,,,,,,,,,,,,,,,,High,High,High,,,,,
41,2025-07-05,18:23:02.80,1,2,"Sandberg, Ryan",806389,Right,LI,"DeLuca, Joe",700593,Left,HAG_FLY,Undefined,2,Bottom,0,0,1,Undefined,Splitter,BallCalled,Undefined,Undefined,Undefined,0,0,,84.16656,-1.735636,-3.108118,875.170494,236.647254,2:00,5.57801,1.68839,5.86124,-33.18191,7.15603,8.56374,1.19758,-0.48824,75.86525,-7.903007,-1.572624,0.457118,,,,,,,,,,,,-5.43418,4.67768,-1.44123,50,5.418,6.26974,-121.82771,-4.77251,-8.00073,28.47878,-25.28708,HAG_FLY,LI,HagerstownBallpark,Independent,ATL,20250705-HagerstownBallpark-1,97feebc0-59ee-11f0-8072-0db8199850ee,82.45671,,,8.30131,,,,,,,ef6d4089-19c2-413e-a4a5-bd99adb12924,2025-07-05,22:23:02.80,2025-07-05T18:23:02.8094464-04:00,2025-07-05T22:23:02.8094464Z,,v3,6089,1896,,"O'Conner, Justin",592604,Right,LI,19378b8d-e64d-4776-b020-d0cefbb39f54,54.63435,-122.90627,14.23939,5.58061,-3.81482,-12.64354,-1.68442,6.57275,-4.00037,,,,,,,,,,,,,,,,,,,,,,,,,,,,,,,,,,,,,,,,,,,,,,,,,,,High,High,High,,,,,
42,2025-07-05,18:23:20.51,1,3,"Sandberg, Ryan",806389,Right,LI,"DeLuca, Joe",700593,Left,HAG_FLY,Undefined,2,Bottom,0,1,1,Undefined,Changeup,StrikeCalled,Undefined,Undefined,Undefined,0,0,,83.52117,-0.953666,-3.579855,1310.767525,250.195761,2:15,5.57724,1.79362,6.30083,-33.58431,6.51103,14.04379,1.89811,-0.33859,75.50856,-7.245617,-1.042798,0.455741,,,,,,,,,,,,-8.43146,4.13099,-1.53683,50,5.49131,7.03472,-121.03205,-3.02983,-12.30995,27.08996,-26.14281,HAG_FLY,LI,HagerstownBallpark,Independent,ATL,20250705-HagerstownBallpark-1,a288acc0-59ee-11f0-8072-0db8199850ee,82.7058,,,8.01261,,,,,,,ef6d4089-19c2-413e-a4a5-bd99adb12924,2025-07-05,22:23:20.51,2025-07-05T18:23:20.5192704-04:00,2025-07-05T22:23:20.5192704Z,,v3,6089,1896,,"O'Conner, Justin",592604,Right,LI,edb05a58-4c82-47cd-807b-8e24796ad65e,54.19536,-121.96746,13.54498,5.58035,-2.12712,-13.0714,-1.78708,7.45978,-6.15498,,,,,,,,,,,,,,,,,,,,,,,,,,,,,,,,,,,,,,,,,,,,,,,,,,,High,High,High,,,,,
43,2025-07-05,18:23:40.14,1,4,"Sandberg, Ryan",806389,Right,LI,"DeLuca, Joe",700593,Left,HAG_FLY,Undefined,2,Bottom,0,1,2,Undefined,Four-Seam,FoulBallNotFieldable,Undefined,Undefined,Undefined,0,0,,92.39216,-1.00405,-2.095673,2390.835728,196.890106,12:30,5.73198,1.63494,6.25165,-15.1169,17.44111,4.95725,3.5456,0.11458,83.67339,-3.92492,-1.200776,0.410677,,,,,,,,,,,,-3.14162,9.60508,-1.48121,50,5.64938,4.68141,-134.02657,-2.73802,-5.67088,31.03051,-14.83613,HAG_FLY,LI,HagerstownBallpark,Independent,ATL,20250705-HagerstownBallpark-1,ae205b50-59ee-11f0-8072-0db8199850ee,91.78123,,,8.71877,,,,,,,ef6d4089-19c2-413e-a4a5-bd99adb12924,2025-07-05,22:23:40.14,2025-07-05T18:23:40.1417728-04:00,2025-07-05T22:23:40.1417728Z,,v3,6089,1896,,"O'Conner, Justin",592604,Right,LI,d27653b8-ec1b-41c9-adaf-e51af2abc385,54.24012,-135.00469,15.51526,5.72831,-2.27036,-7.41806,-1.63159,4.86017,-2.83544,,,,,,,,,,,,,,,,,,,,,,,,,,,,,,,,,,,,,,,,,,,,,,,,,,,High,High,High,,,,,
44,2025-07-05,18:24:08.52,1,5,"Sandberg, Ryan",806389,Right,LI,"DeLuca, Joe",700593,Left,HAG_FLY,Undefined,2,Bottom,0,1,2,Undefined,Curveball,BallCalled,Undefined,Undefined,Undefined,0,0,,80.08753,2.830238,0.020808,2265.228685,44.219132,7:30,5.6808,1.60845,5.43332,-55.49113,-10.89111,-12.01005,3.70913,0.6271,73.00992,-7.273701,-2.117494,0.480661,,,,,,,,,,,,6.01579,-5.82752,-1.60182,50,5.89322,0.44899,-116.17225,3.7572,8.1651,23.15152,-40.08362,HAG_FLY,LI,HagerstownBallpark,Independent,ATL,20250705-HagerstownBallpark-1,bf1924f0-59ee-11f0-8072-0db8199850ee,78.41792,,,7.07762,,,,,,,ef6d4089-19c2-413e-a4a5-bd99adb12924,2025-07-05,22:24:08.52,2025-07-05T18:24:08.5264384-04:00,2025-07-05T22:24:08.5264384Z,,v3,6089,1896,,"O'Conner, Justin",592604,Right,LI,7d891e79-3036-4180-8ff0-28a86f951ec9,55.06713,-117.17771,11.57576,5.69224,5.49802,-20.04181,-1.61362,0.09438,4.08255,,,,,,,,,,,,,,,,,,,,,,,,,,,,,,,,,,,,,,,,,,,,,,,,,,,High,High,High,,,,,
45,2025-07-05,18:24:25.50,1,6,"Sandberg, Ryan",806389,Right,LI,"DeLuca, Joe",700593,Left,HAG_FLY,Undefined,2,Bottom,0,2,2,Undefined,Curveball,StrikeCalled,Strikeout,Undefined,Undefined,0,0,,78.34629,2.055998,0.32333,2380.689101,42.81471,7:30,5.84811,1.45566,5.36236,-58.19645,-11.50241,-12.06268,2.9272,0.75363,71.62384,-8.511774,-1.824007,0.491815,,,,,,,,,,,,6.12244,-5.87532,-1.47592,50,5.9914,-0.1565,-113.70236,2.02549,7.9564,22.27158,-39.8093,HAG_FLY,LI,HagerstownBallpark,Independent,ATL,20250705-HagerstownBallpark-1,c931fbb0-59ee-11f0-8072-0db8199850ee,76.63939,,,6.72245,,,,,,,ef6d4089-19c2-413e-a4a5-bd99adb12924,2025-07-05,22:24:25.50,2025-07-05T18:24:25.5070000-04:00,2025-07-05T22:24:25.5070000Z,,v3,6089,1896,,"O'Conner, Justin",592604,Right,LI,4b9a439f-607a-4565-9e74-395ff96ea8af,55.13848,-114.70445,11.13579,5.85997,3.81667,-19.90465,-1.46082,-0.51449,3.9782,,,,,,,,,,,,,,,,,,,,,,,,,,,,,58.25453,2.539799,1.230131,1.309668,-1.27815,2.50998,-0.66525,-3.48581,5.96825,1.01477,82.01412,11.68805,-42.99324,-3.37645,71.05005,-4.44525,6.10145,24.16425,-15.16286,0.92465,-37.6234,3.10493,High,High,High,,,High,High,High
46,2025-07-05,18:24:55.23,2,1,"Sandberg, Ryan",806389,Right,LI,"Cannon, Bryce",1000048596,Left,HAG_FLY,Undefined,2,Bottom,1,0,0,Undefined,Four-Seam,BallCalled,Undefined,Undefined,Undefined,0,0,,90.65796,-3.605485,-3.755676,2064.651689,211.564894,1:00,5.65768,1.61117,6.43216,-18.81399,14.5995,8.32311,0.76475,-1.1518,83.27479,-7.160949,-2.250412,0.416037,,,,,,,,,,,,-5.41945,8.95697,-1.34752,50,5.39182,8.30452,-131.36669,-8.83254,-9.48926,27.3087,-16.49076,HAG_FLY,LI,HagerstownBallpark,Independent,ATL,20250705-HagerstownBallpark-1,daf05f40-59ee-11f0-8072-0db8199850ee,90.59871,,,7.38317,,,,,,,ef6d4089-19c2-413e-a4a5-bd99adb12924,2025-07-05,22:24:55.23,2025-07-05T18:24:55.2367616-04:00,2025-07-05T22:24:55.2367616Z,,v3,6089,1896,,"O'Conner, Justin",592604,Right,LI,37745c30-e61b-4c67-b7fd-4dd6837e9754,54.06743,-132.20953,13.65435,5.65657,-8.32358,-8.24538,-1.60835,8.59739,-4.74463,,,,,,,,,,,,,,,,,,,,,,,,,,,,,,,,,,,,,,,,,,,,,,,,,,,High,High,High,,,,,
47,2025-07-05,18:25:14.26,2,2,"Sandberg, Ryan",806389,Right,LI,"Cannon, Bryce",1000048596,Left,HAG_FLY,Undefined,2,Bottom,1,1,0,Undefined,Splitter,BallCalled,Undefined,Undefined,Undefined,0,0,,81.87676,1.91622,-2.12676,1013.022741,251.572346,2:30,5.53125,1.76758,6.54445,-35.69254,5.81264,12.78757,4.31606,0.88191,73.33687,-4.838898,0.194709,0.463685,,,,,,,,,,,,-7.33323,2.89477,-1.62489,50,5.6494,3.92537,-118.70241,2.95615,-10.2389,27.25807,-28.13228,HAG_FLY,LI,HagerstownBallpark,Independent,ATL,20250705-HagerstownBallpark-1,e63c5ed0-59ee-11f0-8072-0db8199850ee,81.28897,,,8.5399,,,,,,,ef6d4089-19c2-413e-a4a5-bd99adb12924,2025-07-05,22:25:14.26,2025-07-05T18:25:14.2617088-04:00,2025-07-05T22:25:14.2617088Z,,v3,6089,1896,,"O'Conner, Justin",592604,Right,LI,eb63d126-2366-4619-9c01-e9314395d223,53.94911,-119.60582,13.62904,5.53597,3.88853,-14.06614,-1.76061,4.26472,-5.11945,,,,,,,,,,,,,,,,,,,,,,,,,,,,,,,,,,,,,,,,,,,,,,,,,,,High,High,High,,,,,
48,2025-07-05,18:25:29.84,2,3,"Sandberg, Ryan",806389,Right,LI,"Cannon, Bryce",1000048596,Left,HAG_FLY,Undefined,2,Bottom,1,2,0,Undefined,Four-Seam,StrikeCalled,Undefined,Undefined,Undefined,0,0,,89.70972,-1.399817,-1.89247,2122.677899,204.075818,12:45,5.63362,1.73514,6.4393,-17.86469,15.96721,6.67839,2.85763,0.55203,82.4103,-4.804707,-0.681984,0.418634,,,,,,,,,,,,-3.97921,9.02882,-1.60351,50,5.52585,4.04462,-130.40227,-3.6746,-6.88563,26.15665,-16.55065,HAG_FLY,LI,HagerstownBallpark,Independent,ATL,20250705-HagerstownBallpark-1,efa45c20-59ee-11f0-8072-0db8199850ee,90.03666,,,7.29942,,,,,,,ef6d4089-19c2-413e-a4a5-bd99adb12924,2025-07-05,22:25:29.84,2025-07-05T18:25:29.8481664-04:00,2025-07-05T22:25:29.8481664Z,,v3,6089,1896,,"O'Conner, Justin",592604,Right,LI,9bfd9a98-bea8-46d7-b45d-20cc1c1bda65,54.05816,-131.21375,13.07833,5.63188,-3.16114,-8.27533,-1.73231,4.25824,-3.44282,,,,,,,,,,,,,,,,,,,,,,,,,,,,,,,,,,,,,,,,,,,,,,,,,,,High,High,High,,,,,
49,2025-07-05,18:25:45.86,2,4,"Sandberg, Ryan",806389,Right,LI,"Cannon, Bryce",1000048596,Left,HAG_FLY,Undefined,2,Bottom,1,2,1,Undefined,Four-Seam,BallCalled,Undefined,Undefined,Undefined,0,0,,90.24575,-2.039844,-1.898597,2075.79869,218.192372,1:15,5.61299,1.65683,6.34473,-20.67052,12.88198,9.34134,2.01081,0.68686,83.06496,-5.934633,-0.207558,0.416902,,,,,,,,,,,,-5.37079,7.5652,-1.52309,50,5.45482,3.97639,-131.14731,-5.29025,-9.40397,26.34809,-18.92775,HAG_FLY,LI,HagerstownBallpark,Independent,ATL,20250705-HagerstownBallpark-1,f92d9d10-59ee-11f0-8072-0db8199850ee,90.41081,,,7.1808,,,,,,,ef6d4089-19c2-413e-a4a5-bd99adb12924,2025-07-05,22:25:45.86,2025-07-05T18:25:45.8685952-04:00,2025-07-05T22:25:45.8685952Z,,v3,6089,1896,,"O'Conner, Justin",592604,Right,LI,3714dd8f-e85b-4e32-8bbd-deed9c2908c5,54.15379,-131.97919,13.17405,5.61241,-4.69265,-9.46387,-1.65332,4.2733,-4.70199,,,,,,,,,,,,,,,,,,,,,,,,,,,,,,,,,,,,,,,,,,,,,,,,,,,High,High,High,,,,,
50,2025-07-05,18:26:06.57,2,5,"Sandberg, Ryan",806389,Right,LI,"Cannon, Bryce",1000048596,Left,HAG_FLY,Undefined,2,Bottom,1,3,1,Undefined,Four-Seam,InPlay,Undefined,LineDrive,Out,1,0,,90.53821,-2.457564,-3.099762,2040.777625,213.490367,1:00,5.65916,1.67357,6.37456,-18.35068,14.87678,9.20595,1.86417,-0.41397,83.63443,-5.924727,-1.435038,0.414878,99.20544,8.972187,21.786055,1246.405334,101.521,8.39901,42.34856,172.13432,149.37036,23.335819,1.405397,-5.62205,8.69882,-1.45413,50,5.47289,6.76621,-131.4938,-6.18255,-9.93896,25.3466,-16.79577,HAG_FLY,LI,HagerstownBallpark,Independent,ATL,20250705-HagerstownBallpark-1,05798070-59ef-11f0-8072-0db8199850ee,90.85196,9.01624,,6.90378,,,,1.79119,1.93431,0.45773,ef6d4089-19c2-413e-a4a5-bd99adb12924,2025-07-05,22:26:06.57,2025-07-05T18:26:06.5711616-04:00,2025-07-05T22:26:06.5711616Z,LineDrive,v3,6089,1896,,"O'Conner, Justin",592604,Right,LI,d9471789-8253-4cfb-af1a-7748f1bbc793,54.12554,-132.28664,12.6733,5.65806,-5.65718,-8.39789,-1.67064,7.0771,-4.96948,,1.79119,133.45566,-20.33503,4.19879,-0.9377,0.20997,-0.04629,0.00823,-0.00079,1.93431,22.69162,-19.2906,2.02061,-0.45669,0.10695,-0.02279,0.00413,-0.00041,0.45773,53.34078,-4.82787,1.09513,-0.25084,0.05688,-0.01229,0.00216,-0.00021,,,,,,,,,,,,,,,,,,,,,,,High,High,High,High,High,,,
51,2025-07-05,18:26:41.68,3,1,"Sandberg, Ryan",806389,Right,LI,"Black, Mark",691773,Right,HAG_FLY,Undefined,2,Bottom,2,0,0,Undefined,Slider,BallCalled,Undefined,Undefined,Undefined,0,0,,83.7849,-0.692588,-2.65632,2373.255101,65.166199,8:15,5.7676,1.64227,5.46637,-41.70034,-1.28039,-5.40811,1.64365,-1.29622,77.26388,-8.270198,-3.619056,0.457582,,,,,,,,,,,,1.995,-0.0615,-1.40471,50,5.67816,5.86607,-121.57721,-2.978,2.99021,23.51854,-32.26622,HAG_FLY,LI,HagerstownBallpark,Independent,ATL,20250705-HagerstownBallpark-1,1a5a80c0-59ef-11f0-8072-0db8199850ee,82.37302,,,6.52102,,,,,,,ef6d4089-19c2-413e-a4a5-bd99adb12924,2025-07-05,22:26:41.68,2025-07-05T18:26:41.6835584-04:00,2025-07-05T22:26:41.6835584Z,,v3,6089,1896,,"O'Conner, Justin",592604,Right,LI,5ff0f7b9-1ca0-4eb1-b6f8-896af150b8df,55.03227,-122.54681,11.75927,5.77351,-1.64776,-16.13311,-1.64401,5.74279,1.49511,,,,,,,,,,,,,,,,,,,,,,,,,,,,,,,,,,,,,,,,,,,,,,,,,,,High,High,High,,,,,
52,2025-07-05,18:26:58.27,3,2,"Sandberg, Ryan",806389,Right,LI,"Black, Mark",691773,Right,HAG_FLY,Undefined,2,Bottom,2,1,0,Undefined,Slider,BallCalled,Undefined,Undefined,Undefined,0,0,,84.45988,-1.184954,-2.126339,2302.044098,81.604186,8:45,5.74247,1.60011,5.5756,-39.01632,0.70744,-3.68095,1.38345,-0.69351,77.61347,-8.306158,-2.783606,0.453625,,,,,,,,,,,,1.26256,1.06713,-1.41459,50,5.61485,4.70218,-122.56067,-3.91898,1.91609,24.72751,-30.55452,HAG_FLY,LI,HagerstownBallpark,Independent,ATL,20250705-HagerstownBallpark-1,244d0ad0-59ef-11f0-8072-0db8199850ee,83.09171,,,6.8464,,,,,,,ef6d4089-19c2-413e-a4a5-bd99adb12924,2025-07-05,22:26:58.27,2025-07-05T18:26:58.2701568-04:00,2025-07-05T22:26:58.2701568Z,,v3,6089,1896,,"O'Conner, Justin",592604,Right,LI,e28d5aa8-0e57-46ef-a72b-9bc4fb5e0a50,54.92278,-123.54988,12.36376,5.74718,-2.69666,-15.27726,-1.60117,4.62552,0.95805,,,,,,,,,,,,,,,,,,,,,,,,,,,,,,,,,,,,,,,,,,,,,,,,,,,High,High,High,,,,,
53,2025-07-05,18:27:15.35,3,3,"Sandberg, Ryan",806389,Right,LI,"Black, Mark",691773,Right,HAG_FLY,Undefined,2,Bottom,2,2,0,Undefined,Four-Seam,InPlay,Undefined,GroundBall,Out,1,0,,90.43206,-1.786912,-2.880084,2048.406144,209.584488,1:00,5.63387,1.79584,6.38852,-18.54907,15.14926,7.96934,2.4419,-0.19138,82.40187,-5.324659,-1.438454,0.417807,105.727,2.407035,-15.448419,1116.91464,,,,74.73091,69.95997,-16.416763,0.511355,-5.01693,8.76737,-1.59227,50,5.4966,6.28809,-131.24501,-4.62061,-8.71023,28.97656,-16.95243,HAG_FLY,LI,HagerstownBallpark,Independent,ATL,20250705-HagerstownBallpark-1,2e7ff940-59ef-11f0-8072-0db8199850ee,90.21499,2.86768,,8.03019,,,,1.34493,2.41052,0.2341,ef6d4089-19c2-413e-a4a5-bd99adb12924,2025-07-05,22:27:15.35,2025-07-05T18:27:15.3547264-04:00,2025-07-05T22:27:15.3547264Z,GroundBall,v3,6089,1896,,"O'Conner, Justin",592604,Right,LI,78813305-a6a4-4b07-a487-2cdebf3d0b0e,54.10945,-132.14918,14.48828,5.63253,-4.09163,-8.47622,-1.79273,6.55989,-4.35511,52.437814,1.36739,148.74125,-22.04291,,,,,,,2.42945,6.01364,-21.11937,,,,,,,0.24054,-41.43986,-0.67537,,,,,,,,,,,,,,,,,,,,,,,,,,,,,High,High,High,High,High,,,
54,2025-07-05,18:29:30.48,1,1,"Minaya, Julian",1000158661,Right,HAG_FLY,"O'Conner, Justin",592604,Right,LI,Undefined,3,Top,0,0,0,Undefined,Four-Seam,StrikeCalled,Undefined,Undefined,Undefined,0,0,,89.30265,-2.180275,-1.806251,2245.404735,207.546408,1:00,6.04075,0.60569,6.15617,-15.61839,18.98879,9.34193,2.72299,-0.28508,81.87313,-5.168051,-0.121864,0.423404,,,,,,,,,,,,-5.31425,10.73788,-0.47317,50,5.86688,3.70923,-129.69293,-5.35917,-9.07786,26.38079,-13.83153,HAG_FLY,LI,HagerstownBallpark,Independent,ATL,20250705-HagerstownBallpark-1,7f136a40-59ef-11f0-8072-0db8199850ee,89.02247,,,7.42952,,,,,,,ef6d4089-19c2-413e-a4a5-bd99adb12924,2025-07-05,22:29:30.48,2025-07-05T18:29:30.4848384-04:00,2025-07-05T22:29:30.4848384Z,,v3,6089,1896,,"Black, Mark",691773,Right,HAG_FLY,0795d160-03a0-4436-aff3-3531863dd90c,54.34153,-130.57306,13.1904,6.03797,-4.89772,-6.91576,-0.60197,4.01208,-4.53893,,,,,,,,,,,,,,,,,,,,,,,,,,,,,,,,,,,,,,,,,,,,,,,,,,,High,High,High,,,,,
55,2025-07-05,18:29:42.77,1,2,"Minaya, Julian",1000158661,Right,HAG_FLY,"O'Conner, Justin",592604,Right,LI,Undefined,3,Top,0,0,1,Undefined,Slider,BallCalled,Undefined,Undefined,Undefined,0,0,,83.28872,-1.967261,-2.029743,2162.268438,147.159908,11:00,5.90087,1.31097,5.57804,-31.44384,9.28142,-5.17992,1.44136,-1.01715,76.72189,-7.738543,-2.95405,0.459307,,,,,,,,,,,,2.08075,5.61689,-1.13282,50,5.71096,4.49157,-120.84842,-5.2051,3.08287,23.13504,-23.85192,HAG_FLY,LI,HagerstownBallpark,Independent,ATL,20250705-HagerstownBallpark-1,8664e3a0-59ef-11f0-8072-0db8199850ee,82.06368,,,6.56683,,,,,,,ef6d4089-19c2-413e-a4a5-bd99adb12924,2025-07-05,22:29:42.77,2025-07-05T18:29:42.7718144-04:00,2025-07-05T22:29:42.7718144Z,,v3,6089,1896,,"Black, Mark",691773,Right,HAG_FLY,5e3b4765-901b-4d40-b23e-44e0987637ab,54.92001,-121.78665,11.56752,5.90244,-4.23779,-11.92596,-1.31244,4.36654,1.54144,,,,,,,,,,,,,,,,,,,,,,,,,,,,,,,,,,,,,,,,,,,,,,,,,,,High,High,High,,,,,
56,2025-07-05,18:29:56.38,1,3,"Minaya, Julian",1000158661,Right,HAG_FLY,"O'Conner, Justin",592604,Right,LI,Undefined,3,Top,0,1,1,Undefined,Slider,InPlay,Undefined,GroundBall,Single,0,0,,80.96766,-0.286629,-1.639767,2003.028847,133.236826,10:30,5.94442,1.43334,5.4994,-36.80242,6.48603,-5.44563,2.60935,-0.55459,74.26476,-7.04213,-2.610104,0.473541,99.81815,-9.643789,-2.136643,,,,,16.98583,16.6121,0.063327,0.107542,2.30142,3.74524,-1.28618,50,5.89452,3.58006,-117.5301,-1.81735,3.21397,22.60438,-26.94375,HAG_FLY,LI,HagerstownBallpark,Independent,ATL,20250705-HagerstownBallpark-1,8e81ea60-59ef-11f0-8072-0db8199850ee,79.59702,2.70541,,6.7029,,,,1.72235,2.70541,0.56285,ef6d4089-19c2-413e-a4a5-bd99adb12924,2025-07-05,22:29:56.38,2025-07-05T18:29:56.3882496-04:00,2025-07-05T22:29:56.3882496Z,GroundBall,v3,6089,1896,,"Black, Mark",691773,Right,HAG_FLY,681d04e5-538e-498e-9847-fd669ab7728b,54.99881,-118.48761,11.30219,5.94733,-0.67602,-13.47187,-1.43494,3.44392,1.60698,198.980023,1.72259,144.20077,-21.15494,,,,,,,2.70536,-24.51877,-5.92796,,,,,,,0.56281,-5.37561,2.94996,,,,,,,,,,,,,,,,,,,,,,,,,,,,,High,High,High,High,High,,,
57,2025-07-05,18:30:34.31,2,1,"Minaya, Julian",1000158661,Right,HAG_FLY,"Kaler, Kole",689179,Left,LI,Undefined,3,Top,0,0,0,Undefined,Four-Seam,BallCalled,Undefined,Undefined,Undefined,0,0,,88.6582,-3.440264,-1.796517,2205.817384,212.849146,1:00,6.01245,0.77353,6.15266,-18.32462,17.12355,10.28406,1.3015,-0.02984,80.87481,-6.917323,0.058552,0.428517,,,,,,,,,,,,-5.86579,10.233,-0.64225,50,5.74121,3.61937,-128.54099,-8.24986,-9.76291,27.9415,-15.14243,HAG_FLY,LI,HagerstownBallpark,Independent,ATL,20250705-HagerstownBallpark-1,a519e980-59ef-11f0-8072-0db8199850ee,87.96013,,,7.78339,,,,,,,ef6d4089-19c2-413e-a4a5-bd99adb12924,2025-07-05,22:30:34.31,2025-07-05T18:30:34.3135744-04:00,2025-07-05T22:30:34.3135744Z,,v3,6089,1896,,"Black, Mark",691773,Right,HAG_FLY,5cb0ae54-383f-4465-af9f-d1f4706c66fb,54.34507,-129.48205,13.97075,6.01047,-7.73987,-7.57122,-0.76969,3.94818,-4.88145,,,,,,,,,,,,,,,,,,,,,,,,,,,,,,,,,,,,,,,,,,,,,,,,,,,High,High,High,,,,,
58,2025-07-05,18:30:51.64,2,2,"Minaya, Julian",1000158661,Right,HAG_FLY,"Kaler, Kole",689179,Left,LI,Undefined,3,Top,0,1,0,Undefined,Four-Seam,FoulBallNotFieldable,Undefined,Undefined,Undefined,0,0,,87.94022,-1.812942,-1.610934,2221.646041,208.105433,1:00,6.04956,0.68319,6.29343,-17.59773,18.23914,9.088,2.91132,-0.04427,79.86507,-5.193139,0.032308,0.43086,67.20904,50.942622,-138.227755,4252.024495,,,,,47.30426,,,-5.23032,10.4039,-0.56902,50,5.90763,3.23449,-127.66848,-4.50668,-8.56016,28.33913,-15.14656,HAG_FLY,LI,HagerstownBallpark,Independent,ATL,20250705-HagerstownBallpark-1,af6b5c70-59ef-11f0-8072-0db8199850ee,87.48181,47.41753,,8.07515,,,,1.69089,2.77628,0.13822,ef6d4089-19c2-413e-a4a5-bd99adb12924,2025-07-05,22:30:51.64,2025-07-05T18:30:51.6433920-04:00,2025-07-05T22:30:51.6433920Z,,v3,6089,1896,,"Black, Mark",691773,Right,HAG_FLY,c556af6b-4559-4f58-b7db-cb62c34b09cb,54.2039,-128.59826,14.16957,6.04734,-4.00974,-7.57328,-0.67975,3.51534,-4.28008,26.475203,1.69089,-46.32203,-2.97474,1.77888,-0.60374,0.35382,-0.27358,0.09955,0.01013,2.77628,76.54357,-28.71446,3.62344,-0.81491,0.2476,-0.11541,0.0013,0.03,0.13822,-41.37641,6.07887,-0.9767,0.1695,-0.03867,0.01028,0.01651,-0.01418,,,,,,,,,,,,,,,,,,,,,,,High,High,High,High,Undefined,,,
59,2025-07-05,18:31:14.37,2,3,"Minaya, Julian",1000158661,Right,HAG_FLY,"Kaler, Kole",689179,Left,LI,Undefined,3,Top,0,1,1,Undefined,Four-Seam,InPlay,Undefined,LineDrive,Single,0,0,,88.84192,-1.817789,-0.738536,2099.51715,209.469304,1:00,6.02727,0.59868,6.28128,-19.58237,15.50662,8.09351,2.71931,0.59242,80.80223,-5.546265,0.725433,0.426341,89.18133,14.562846,-16.002857,2145.17385,103.59914,16.52893,-36.9758,195.12126,194.68069,-22.132658,1.898334,-4.44516,8.96465,-0.54807,50,5.88366,1.34284,-129.02229,-4.6495,-7.43466,28.79724,-17.18048,HAG_FLY,LI,HagerstownBallpark,Independent,ATL,20250705-HagerstownBallpark-1,bcf67690-59ef-11f0-8072-0db8199850ee,88.40922,16.66211,,8.0397,,,,1.1431,2.68243,-0.60228,ef6d4089-19c2-413e-a4a5-bd99adb12924,2025-07-05,22:31:14.37,2025-07-05T18:31:14.3707648-04:00,2025-07-05T22:31:14.3707648Z,LineDrive,v3,6089,1896,,"Black, Mark",691773,Right,HAG_FLY,7b538563-5c71-4d4e-b652-72c8e3b5b7bf,54.21612,-129.9599,14.39862,6.02594,-4.09011,-8.59024,-0.59574,1.5849,-3.71733,93.584734,1.14313,121.68858,-19.55762,3.82702,-0.62783,0.02245,0.0174,-0.00417,0.0003,2.68242,32.88924,-20.77509,1.95497,-0.43575,0.1347,-0.04096,0.00865,-0.00082,-0.60224,-34.90485,-4.20967,1.80582,-0.23841,-0.12385,0.07839,-0.0184,0.00168,,,,,,,,,,,,,,,,,,,,,,,High,High,High,High,High,,,
60,2025-07-05,18:31:52.05,3,1,"Minaya, Julian",1000158661,Right,HAG_FLY,"Roller, Chris",676896,Right,LI,Undefined,3,Top,0,0,0,Undefined,Four-Seam,FoulBallNotFieldable,Undefined,Undefined,Undefined,0,0,,85.9152,-1.784103,-1.302866,2116.35414,215.463903,1:15,5.96848,0.899,6.1662,-20.54883,17.01072,11.24028,2.60718,0.63205,78.42374,-5.683997,0.725405,0.441094,107.32482,-29.556709,-89.837883,,,,,6.42236,4.7386,-56.925257,0.038854,-6.24933,9.70953,-0.80616,50,5.82279,2.40864,-124.78895,-4.46498,-9.81349,26.0819,-16.92688,HAG_FLY,LI,HagerstownBallpark,Independent,ATL,20250705-HagerstownBallpark-1,d36f7c00-59ef-11f0-8072-0db8199850ee,85.45209,3.02238,,7.49147,,,,3.48981,3.02238,-0.05198,ef6d4089-19c2-413e-a4a5-bd99adb12924,2025-07-05,22:31:52.05,2025-07-05T18:31:52.0506880-04:00,2025-07-05T22:31:52.0506880Z,GroundBall,v3,6089,1896,,"Black, Mark",691773,Right,HAG_FLY,5a5d2b97-6d97-471f-9ca6-594128fffb01,54.33248,-125.69121,13.04095,5.96712,-3.87942,-8.46344,-0.89536,2.74812,-4.90675,180,3.48981,0.38813,,,,,,,,3.02326,-77.78891,,,,,,,,-0.05043,-137.17391,,,,,,,,,,,,,,,,,,,,,,,,,,,,,,High,High,High,Low,Low,,,
61,2025-07-05,18:32:19.33,3,2,"Minaya, Julian",1000158661,Right,HAG_FLY,"Roller, Chris",676896,Right,LI,Undefined,3,Top,0,0,1,Undefined,Four-Seam,FoulBallNotFieldable,Undefined,Undefined,Undefined,0,0,,89.15123,-1.936276,-1.765064,2253.215924,205.823132,12:45,6.05316,0.67187,6.04007,-16.20501,18.60151,8.48729,2.90845,-0.25562,81.86866,-5.021396,-0.238113,0.424621,73.53083,39.602498,157.600632,3882.92133,,,,,44.01855,,,-4.8726,10.44808,-0.53894,50,5.89337,3.6491,-129.51466,-4.84052,-8.31259,25.93963,-14.34976,HAG_FLY,LI,HagerstownBallpark,Independent,ATL,20250705-HagerstownBallpark-1,e3b151b0-59ef-11f0-8072-0db8199850ee,88.76721,34.19483,,7.28257,,,,2.47532,2.9873,0.22757,ef6d4089-19c2-413e-a4a5-bd99adb12924,2025-07-05,22:32:19.33,2025-07-05T18:32:19.3351680-04:00,2025-07-05T22:32:19.3351680Z,,v3,6089,1896,,"Black, Mark",691773,Right,HAG_FLY,ec5d0df8-fcc8-4424-a354-98f336bff529,54.45901,-130.40467,12.96981,6.05101,-4.34817,-7.17488,-0.66904,3.93431,-4.1563,326.107157,2.47532,-76.82397,3.30092,0.03951,1.04388,-4.1275,8.01184,-7.57388,2.7821,2.9873,68.74637,-27.18807,3.03723,0.3618,-3.66451,7.15641,-6.60438,2.34918,0.22757,31.66326,-6.83406,1.21003,0.48032,-2.68472,5.17061,-4.78034,1.70657,,,,,,,,,,,,,,,,,,,,,,,High,High,High,High,Undefined,,,
62,2025-07-05,18:32:52.77,3,3,"Minaya, Julian",1000158661,Right,HAG_FLY,"Roller, Chris",676896,Right,LI,Undefined,3,Top,0,0,2,Undefined,Slider,StrikeSwinging,Strikeout,Undefined,Undefined,0,0,,81.88608,-1.017004,-2.313215,2158.176326,101.076089,9:15,5.9001,1.39611,5.82103,-40.44624,1.77039,-1.68713,1.58319,-0.89626,74.67461,-8.458083,-2.615812,0.467642,,,,,,,,,,,,0.14614,1.63134,-1.20585,50,5.79299,4.86298,-118.75993,-3.43808,0.20637,25.10988,-29.87017,HAG_FLY,LI,HagerstownBallpark,Independent,ATL,20250705-HagerstownBallpark-1,f7a31000-59ef-11f0-8072-0db8199850ee,80.6011,,,7.21147,,,,,,,ef6d4089-19c2-413e-a4a5-bd99adb12924,2025-07-05,22:32:52.77,2025-07-05T18:32:52.7773184-04:00,2025-07-05T22:32:52.7773184Z,,v3,6089,1896,,"Black, Mark",691773,Right,HAG_FLY,f313fa7d-9d3a-4f0f-bd4c-34ab52f7bd89,54.67641,-119.7446,12.55494,5.90485,-2.26675,-14.93509,-1.39639,4.85489,0.10319,,,,,,,,,,,,,,,,,,,,,,,,,,,,,,,,,,,,,,,,,,,,,,,,,,,High,High,High,,,,,
63,2025-07-05,18:33:27.10,4,1,"Minaya, Julian",1000158661,Right,HAG_FLY,"Town, River",701817,Left,LI,Undefined,3,Top,1,0,0,Undefined,Slider,BallCalled,Undefined,Undefined,Undefined,0,0,,78.65807,-1.745104,-0.473274,2041.570456,149.427348,11:00,5.90954,1.44028,5.73373,-37.0986,8.73859,-4.22973,1.19235,0.64707,71.79431,-8.591564,-1.231587,0.487282,,,,,,,,,,,,2.01504,5.4452,-1.3982,50,5.74152,1.10229,-114.101,-4.62561,2.62968,22.97064,-25.06798,HAG_FLY,LI,HagerstownBallpark,Independent,ATL,20250705-HagerstownBallpark-1,0c1c74e0-59f0-11f0-8072-0db8199850ee,77.3524,,,6.86376,,,,,,,ef6d4089-19c2-413e-a4a5-bd99adb12924,2025-07-05,22:33:27.10,2025-07-05T18:33:27.1091712-04:00,2025-07-05T22:33:27.1091712Z,,v3,6089,1896,,"Black, Mark",691773,Right,HAG_FLY,58cf3d71-3434-48e4-a70b-f451410b52ae,54.76287,-115.05586,11.48532,5.91214,-3.58357,-12.53399,-1.44175,0.99298,1.31484,,,,,,,,,,,,,,,,,,,,,,,,,,,,,,,,,,,,,,,,,,,,,,,,,,,High,High,High,,,,,
64,2025-07-05,18:33:45.44,4,2,"Minaya, Julian",1000158661,Right,HAG_FLY,"Town, River",701817,Left,LI,Undefined,3,Top,1,1,0,Undefined,Four-Seam,BallCalled,Undefined,Undefined,Undefined,0,0,,89.02612,-0.511372,-1.271401,2254.425501,198.570377,12:30,6.06888,0.66686,6.22315,-16.76572,18.68111,5.83071,4.19977,-0.02054,79.79157,-3.769313,-0.218653,0.428509,,,,,,,,,,,,-3.41874,10.19571,-0.57445,50,6.02217,2.61951,-129.10494,-1.57629,-5.65566,31.85323,-15.30707,HAG_FLY,LI,HagerstownBallpark,Independent,ATL,20250705-HagerstownBallpark-1,16e5fe00-59f0-11f0-8072-0db8199850ee,87.96184,,,9.23455,,,,,,,ef6d4089-19c2-413e-a4a5-bd99adb12924,2025-07-05,22:33:45.44,2025-07-05T18:33:45.4412288-04:00,2025-07-05T22:33:45.4412288Z,,v3,6089,1896,,"Black, Mark",691773,Right,HAG_FLY,99193cc6-17e2-4d14-a035-d064f83e116d,54.26981,-130.15414,15.92662,6.06578,-1.07209,-7.65354,-0.6638,2.8058,-2.82783,,,,,,,,,,,,,,,,,,,,,,,,,,,,,,,,,,,,,,,,,,,,,,,,,,,High,High,High,,,,,
65,2025-07-05,18:34:04.11,4,3,"Minaya, Julian",1000158661,Right,HAG_FLY,"Town, River",701817,Left,LI,Undefined,3,Top,1,2,0,Undefined,Four-Seam,StrikeCalled,Undefined,Undefined,Undefined,0,0,,87.07024,-0.88963,-1.201805,2210.158292,205.465367,12:45,6.03729,0.5821,6.18235,-20.26568,16.85654,7.36339,3.52675,0.08581,78.12754,-4.781428,0.126996,0.438519,,,,,,,,,,,,-4.16225,9.38961,-0.49473,50,5.95984,2.34037,-126.24112,-2.51072,-6.58531,30.39537,-17.31831,HAG_FLY,LI,HagerstownBallpark,Independent,ATL,20250705-HagerstownBallpark-1,220dd3c0-59f0-11f0-8072-0db8199850ee,85.95397,,,8.94269,,,,,,,ef6d4089-19c2-413e-a4a5-bd99adb12924,2025-07-05,22:34:04.11,2025-07-05T18:34:04.1125376-04:00,2025-07-05T22:34:04.1125376Z,,v3,6089,1896,,"Black, Mark",691773,Right,HAG_FLY,c5331cca-9e5d-4209-8e97-6b233b97cffd,54.30989,-127.27459,15.19768,6.03519,-1.92188,-8.65915,-0.57812,2.56427,-3.29266,,,,,,,,,,,,,,,,,,,,,,,,,,,,,,,,,,,,,,,,,,,,,,,,,,,High,High,High,,,,,
66,2025-07-05,18:34:22.24,4,4,"Minaya, Julian",1000158661,Right,HAG_FLY,"Town, River",701817,Left,LI,Undefined,3,Top,1,2,1,Undefined,Four-Seam,InPlay,Undefined,LineDrive,Single,0,0,,88.62601,-2.869393,-0.968213,2206.622716,194.651778,12:30,6.08094,0.47774,6.10113,-17.83517,17.98312,4.36091,1.93842,-0.05435,80.0745,-6.282439,-0.182166,0.430749,96.14635,13.70178,-20.551975,3316.594803,100.14587,19.54195,-45.50504,238.20417,238.20417,-29.565811,2.355764,-2.56067,10.57918,-0.40555,50,5.85083,1.99126,-128.45503,-6.93043,-4.21559,30.26329,-14.75778,HAG_FLY,LI,HagerstownBallpark,Independent,ATL,20250705-HagerstownBallpark-1,2ceedc80-59f0-11f0-8072-0db8199850ee,87.50446,20.11515,,8.55152,,,,0.75071,1.86894,0.07117,ef6d4089-19c2-413e-a4a5-bd99adb12924,2025-07-05,22:34:22.24,2025-07-05T18:34:22.2432256-04:00,2025-07-05T22:34:22.2432256Z,LineDrive,v3,6089,1896,,"Black, Mark",691773,Right,HAG_FLY,71b428a3-89c6-4174-844c-dc489c49716e,54.39437,-129.48619,15.13165,6.0784,-6.42759,-7.37889,-0.47584,2.13489,-2.1078,118.28607,0.75071,128.28191,-26.21888,5.85092,-1.31137,0.28064,-0.05439,0.00757,-0.00051,1.86894,33.40163,-16.0747,0.75611,-0.02549,-0.02018,0.00877,-0.00141,9E-05,0.07117,-48.09506,-2.88076,1.7074,-0.58957,0.16584,-0.03744,0.0056,-0.00039,,,,,,,,,,,,,,,,,,,,,,,High,High,High,High,High,,,
67,2025-07-05,18:35:04.41,5,1,"Minaya, Julian",1000158661,Right,HAG_FLY,"Castillo, Ivan",622668,Left,LI,Undefined,3,Top,1,0,0,Undefined,Four-Seam,BallCalled,Undefined,Undefined,Undefined,0,0,,88.74351,-0.876197,-1.277107,2203.847234,213.966368,1:15,6.05571,0.6148,6.14219,-16.68863,19.11922,11.96949,3.85504,0.43189,79.51657,-4.117146,0.881037,0.430686,,,,,,,,,,,,-6.53693,10.51178,-0.52312,50,5.98022,2.35617,-128.66333,-2.39056,-10.73572,31.74056,-14.91041,HAG_FLY,LI,HagerstownBallpark,Independent,ATL,20250705-HagerstownBallpark-1,45fc9690-59f0-11f0-8072-0db8199850ee,87.51724,,,9.22695,,,,,,,ef6d4089-19c2-413e-a4a5-bd99adb12924,2025-07-05,22:35:04.41,2025-07-05T18:35:04.4161536-04:00,2025-07-05T22:35:04.4161536Z,,v3,6089,1896,,"Black, Mark",691773,Right,HAG_FLY,82a3f841-e751-473f-b478-6bd9a448075e,54.35062,-129.73217,15.87028,6.05226,-1.88846,-7.45521,-0.60855,2.71769,-5.36786,,,,,,,,,,,,,,,,,,,,,,,,,,,,,,,,,,,,,,,,,,,,,,,,,,,High,High,High,,,,,
68,2025-07-05,18:35:21.88,5,2,"Minaya, Julian",1000158661,Right,HAG_FLY,"Castillo, Ivan",622668,Left,LI,Undefined,3,Top,1,1,0,Undefined,Four-Seam,FoulBallNotFieldable,Undefined,Undefined,Undefined,0,0,,88.02135,-1.889145,-1.437291,2209.46112,208.143454,1:00,6.03903,0.5232,6.10814,-16.64914,19.56958,9.77339,2.90354,0.00832,79.49843,-5.101201,0.323801,0.43315,,,,,,,,,,,,-5.48418,11.06442,-0.41781,50,5.8852,2.80022,-127.66322,-4.6452,-8.93009,29.55017,-14.15741,HAG_FLY,LI,HagerstownBallpark,Independent,ATL,20250705-HagerstownBallpark-1,50837160-59f0-11f0-8072-0db8199850ee,87.01942,,,8.52291,,,,,,,ef6d4089-19c2-413e-a4a5-bd99adb12924,2025-07-05,22:35:21.88,2025-07-05T18:35:21.8862080-04:00,2025-07-05T22:35:21.8862080Z,,v3,6089,1896,,"Black, Mark",691773,Right,HAG_FLY,6b0387b3-6da2-4028-a9c8-b3cf5b9b2823,54.38726,-128.67473,14.77509,6.03591,-4.16059,-7.0787,-0.51889,3.1059,-4.46505,,,,,,,,,,,,,,,,,,,,,,,,,,,,,,,,,,,,,,,,,,,,,,,,,,,High,High,High,,,,,
69,2025-07-05,18:35:47.66,5,3,"Minaya, Julian",1000158661,Right,HAG_FLY,"Castillo, Ivan",622668,Left,LI,Undefined,3,Top,1,1,1,Undefined,Slider,FoulBallNotFieldable,Undefined,Undefined,Undefined,0,0,,79.27344,-1.605967,-1.112401,1962.580021,140.352169,10:45,5.91391,1.33109,5.70042,-39.64014,6.24914,-3.69701,1.11344,-0.01366,71.34113,-8.936589,-1.774825,0.487559,60.54379,23.291899,-163.022724,3829.118063,,,,124.70945,42.11001,-165.358002,1.757935,1.48874,4.24591,-1.23543,50,5.75488,2.3724,-114.79447,-4.47257,1.93478,26.40895,-26.656,HAG_FLY,LI,HagerstownBallpark,Independent,ATL,20250705-HagerstownBallpark-1,5fe8f0d0-59f0-11f0-8072-0db8199850ee,77.3085,15.38351,,7.9323,,,,2.15099,1.12353,-4E-05,ef6d4089-19c2-413e-a4a5-bd99adb12924,2025-07-05,22:35:47.66,2025-07-05T18:35:47.6610048-04:00,2025-07-05T22:35:47.6610048Z,LineDrive,v3,6089,1896,,"Black, Mark",691773,Right,HAG_FLY,8cbe8f52-2105-4fe4-a398-d87655ae4f53,54.7943,-115.89217,13.20448,5.91776,-3.3646,-13.328,-1.33237,2.29198,0.96739,29.997179,2.151,-78.00721,4.43774,0.0658,0.03726,-0.02206,-0.00283,0.01632,-0.00549,1.12353,35.11233,-23.11422,2.14335,-0.48529,0.15802,-0.06688,0.02335,-0.00349,-4E-05,-23.81561,4.25952,-0.75027,0.19811,-0.06469,0.01975,-0.00074,-0.00105,,,,,,,,,,,,,,,,,,,,,,,High,High,High,High,Low,,,
70,2025-07-05,18:36:29.78,5,4,"Minaya, Julian",1000158661,Right,HAG_FLY,"Castillo, Ivan",622668,Left,LI,Undefined,3,Top,1,1,2,Undefined,Four-Seam,FoulBallNotFieldable,Undefined,Undefined,Undefined,0,0,,89.93334,-2.668264,-0.286361,2272.637643,206.964209,1:00,6.03341,0.51733,6.29793,-16.92107,17.44497,8.26355,2.16303,0.94211,81.55813,-5.914514,1.208799,0.421926,76.2212,31.794012,-72.887167,4031.850736,23.34346,47.46534,-107.49455,243.79013,78.95381,-82.89759,3.57293,-4.38004,10.24784,-0.50007,50,5.82906,0.31598,-130.48959,-6.53364,-7.47016,30.23984,-14.69633,HAG_FLY,LI,HagerstownBallpark,Independent,ATL,20250705-HagerstownBallpark-1,78f8cdc0-59f0-11f0-8072-0db8199850ee,89.33428,49.31261,,8.37521,,,,-0.11809,2.01537,-1.09368,ef6d4089-19c2-413e-a4a5-bd99adb12924,2025-07-05,22:36:29.78,2025-07-05T18:36:29.7883648-04:00,2025-07-05T22:36:29.7883648Z,FlyBall,v3,6089,1896,,"Black, Mark",691773,Right,HAG_FLY,b1f200de-8c2c-4498-b9db-1df602feef14,54.19824,-131.4589,15.11992,6.03094,-6.06256,-7.34816,-0.51403,0.55543,-3.73508,,-0.11833,27.96687,-10.7379,2.96949,-0.82165,0.23237,-0.05858,0.00916,-0.00059,2.0158,58.88488,-20.44334,1.50924,-0.05685,-0.10355,0.04482,-0.00758,0.00047,-1.0931,-90.82946,10.98598,-2.33979,0.73945,-0.30798,0.10058,-0.01808,0.00129,,,,,,,,,,,,,,,,,,,,,,,High,High,High,High,Low,,,
71,2025-07-05,18:36:53.80,5,5,"Minaya, Julian",1000158661,Right,HAG_FLY,"Castillo, Ivan",622668,Left,LI,Undefined,3,Top,1,1,2,Undefined,Four-Seam,BallCalled,Undefined,Undefined,Undefined,0,0,,89.82635,-1.890067,0.166075,2255.007693,206.358234,1:00,6.03433,0.5765,6.10077,-15.35162,19.46147,9.02182,3.00641,1.48191,81.05229,-4.860838,1.791766,0.424661,,,,,,,,,,,,-4.5626,10.97733,-0.5937,50,5.88077,-0.76363,-130.28638,-4.69187,-7.7302,31.02866,-13.57576,HAG_FLY,LI,HagerstownBallpark,Independent,ATL,20250705-HagerstownBallpark-1,872d2030-59f0-11f0-8072-0db8199850ee,88.75883,,,8.77406,,,,,,,ef6d4089-19c2-413e-a4a5-bd99adb12924,2025-07-05,22:36:53.80,2025-07-05T18:36:53.8045952-04:00,2025-07-05T22:36:53.8045952Z,,v3,6089,1896,,"Black, Mark",691773,Right,HAG_FLY,0a0d55e9-fcef-47ac-8743-109c8fc29091,54.39343,-131.32854,15.51433,6.0307,-4.2359,-6.78788,-0.57242,-0.50399,-3.8651,,,,,,,,,,,,,,,,,,,,,,,,,,,,,,,,,,,,,,,,,,,,,,,,,,,High,High,High,,,,,
72,2025-07-05,18:37:13.84,5,6,"Minaya, Julian",1000158661,Right,HAG_FLY,"Castillo, Ivan",622668,Left,LI,Undefined,3,Top,1,2,2,Undefined,Slider,StrikeSwinging,Strikeout,Undefined,Undefined,0,0,,80.77941,-0.268938,-0.775035,1997.855141,164.558927,11:30,5.92489,1.33999,5.6143,-37.00431,6.27319,-1.35362,2.59017,0.50379,74.05798,-7.08002,-1.016959,0.473481,,,,,,,,,,,,0.46555,3.68984,-1.27294,50,5.87825,1.64076,-117.28972,-1.77306,0.64783,22.40983,-27.03963,HAG_FLY,LI,HagerstownBallpark,Independent,ATL,20250705-HagerstownBallpark-1,9324a200-59f0-11f0-8072-0db8199850ee,79.60709,,,6.72143,,,,,,,ef6d4089-19c2-413e-a4a5-bd99adb12924,2025-07-05,22:37:13.84,2025-07-05T18:37:13.8402816-04:00,2025-07-05T22:37:13.8402816Z,,v3,6089,1896,,"Black, Mark",691773,Right,HAG_FLY,9c9ca232-66cc-4e76-9a01-b730f9f096ce,54.88226,-118.21887,11.20492,5.92852,-0.65196,-13.51982,-1.34041,1.6139,0.32391,,,,,,,,,,,,,,,,,,,,,,,,,,,,,,,,,,,,,,,,,,,,,,,,,,,High,High,High,,,,,
73,2025-07-05,18:37:49.69,6,1,"Minaya, Julian",1000158661,Right,HAG_FLY,"Thomas, Cody",642137,Left,LI,Undefined,3,Top,2,0,0,Undefined,Slider,FoulBallNotFieldable,Undefined,Undefined,Undefined,0,0,,80.93,-0.064713,-1.445019,2167.932212,203.97037,12:45,5.88505,1.40079,5.62467,-35.11254,8.37831,3.05772,2.8986,0.30692,73.48155,-6.568903,-0.898786,0.474647,69.41148,51.047074,-123.63157,5538.525468,,,,,22.83828,,,-2.00209,4.69362,-1.27969,50,5.85716,2.84043,-117.38924,-1.26708,-2.76391,24.4322,-25.6944,HAG_FLY,LI,HagerstownBallpark,Independent,ATL,20250705-HagerstownBallpark-1,a89a4130-59f0-11f0-8072-0db8199850ee,79.41156,28.32291,,7.44845,,,,1.70605,2.9793,-0.34326,ef6d4089-19c2-413e-a4a5-bd99adb12924,2025-07-05,22:37:49.69,2025-07-05T18:37:49.6903168-04:00,2025-07-05T22:37:49.6903168Z,,v3,6089,1896,,"Black, Mark",691773,Right,HAG_FLY,44ff39b5-bad9-4516-b0c3-3040c7cc2d3c,54.87194,-118.39889,12.2161,5.88758,-0.20527,-12.8472,-1.39944,2.95465,-1.38196,,1.71948,-35.92658,-5.6345,,,,,,,2.99625,78.57278,-32.29101,,,,,,,-0.35207,-52.98021,11.68363,,,,,,,,,,,,,,,,,,,,,,,,,,,,,High,High,High,High,Undefined,,,
74,2025-07-05,18:38:15.86,6,2,"Minaya, Julian",1000158661,Right,HAG_FLY,"Thomas, Cody",642137,Left,LI,Undefined,3,Top,2,0,1,Undefined,Four-Seam,FoulBallNotFieldable,Undefined,Undefined,Undefined,0,0,,90.15774,-2.624883,-1.060959,2224.06341,207.606503,1:00,6.00135,0.65604,6.11007,-17.72564,16.408,8.00638,2.09498,0.3421,82.48556,-5.985618,0.382482,0.420497,88.02211,55.996154,-50.889,4795.800375,51.50806,123.19225,-97.19499,248.83389,95.03623,-69.67612,5.621114,-4.46047,9.56213,-0.57888,50,5.79051,2.09904,-130.89863,-6.52148,-7.72895,27.9679,-15.60508,HAG_FLY,LI,HagerstownBallpark,Independent,ATL,20250705-HagerstownBallpark-1,b82faa40-59f0-11f0-8072-0db8199850ee,89.63786,130.94711,,7.67218,,,,1.64392,1.93024,0.01011,ef6d4089-19c2-413e-a4a5-bd99adb12924,2025-07-05,22:38:15.86,2025-07-05T18:38:15.8670848-04:00,2025-07-05T22:38:15.8670848Z,FlyBall,v3,6089,1896,,"Black, Mark",691773,Right,HAG_FLY,55322f09-c78d-44eb-a03a-f4e6c41395b0,54.38836,-131.83292,13.98395,5.99966,-6.00018,-7.80254,-0.65331,2.35723,-3.86448,,1.71024,44.26015,-11.63681,-3.01307,4.83789,-2.19743,0.49691,-0.05596,0.0025,1.94052,106.84472,-27.25389,2.46386,0.05175,-0.17942,0.04945,-0.00596,0.00028,0.01449,-56.12739,4.50266,-1.16675,0.70799,-0.32289,0.08112,-0.01018,0.0005,,,,,,,,,,,,,,,,,,,,,,,High,High,High,Medium,Low,,,
75,2025-07-05,18:38:43.55,6,3,"Minaya, Julian",1000158661,Right,HAG_FLY,"Thomas, Cody",642137,Left,LI,Undefined,3,Top,2,0,2,Undefined,Four-Seam,InPlay,Undefined,FlyBall,Out,1,0,,90.24451,-0.718337,-1.195096,2298.890894,205.564231,12:45,6.03273,0.50957,6.19904,-15.08572,19.45694,8.68575,4.1123,0.13002,80.83399,-3.667195,0.37252,0.423009,100.81028,20.298037,8.92525,1526.887468,109.17011,37.3334,13.48566,353.59907,341.95844,5.152425,3.819353,-4.91268,10.69461,-0.42401,50,5.9712,2.37019,-130.90295,-2.01855,-8.3424,33.12887,-14.01309,HAG_FLY,LI,HagerstownBallpark,Independent,ATL,20250705-HagerstownBallpark-1,c8ac6610-59f0-11f0-8072-0db8199850ee,89.10559,47.55379,,9.41052,,,,2.14792,4.19642,-0.11286,ef6d4089-19c2-413e-a4a5-bd99adb12924,2025-07-05,22:38:43.55,2025-07-05T18:38:43.5528704-04:00,2025-07-05T22:38:43.5528704Z,LineDrive,v3,6089,1896,,"Black, Mark",691773,Right,HAG_FLY,408b26eb-6486-449c-b7a8-055d90c84120,54.29636,-131.98579,16.56443,6.02969,-1.56052,-7.00655,-0.50594,2.64286,-4.1712,143.117828,2.14749,137.00933,-22.25606,5.16626,-1.30662,0.37997,-0.10258,0.0174,-0.00122,4.19713,51.26856,-16.09925,0.16426,0.53654,-0.31389,0.1021,-0.0168,0.00108,-0.11287,21.51462,-9.59269,3.77526,-1.14069,0.278,-0.05344,0.00659,-0.00036,,,,,,,,,,,,,,,,,,,,,,,High,High,High,High,High,,,
76,2025-07-05,18:41:13.31,1,1,"Sandberg, Ryan",806389,Right,LI,"Acal, Justin",811257,Right,HAG_FLY,Undefined,3,Bottom,0,0,0,Undefined,Four-Seam,FoulBallNotFieldable,Undefined,Undefined,Undefined,0,0,,90.71778,-1.974475,-2.533836,2287.214519,195.642749,12:30,5.78561,1.5244,6.28491,-18.23832,15.7821,4.06973,2.44356,-0.47318,81.72736,-5.472337,-1.798872,0.419799,87.76558,56.625131,48.677217,5791.587753,,,,,66.80505,,,-2.93784,9.20048,-1.33947,50,5.63112,5.64927,-131.47761,-5.04464,-5.05616,32.23982,-16.33957,HAG_FLY,LI,HagerstownBallpark,Independent,ATL,20250705-HagerstownBallpark-1,21f17cb0-59f1-11f0-8072-0db8199850ee,89.78695,105.33025,,8.99042,,,,0.52166,2.69208,-0.15454,ef6d4089-19c2-413e-a4a5-bd99adb12924,2025-07-05,22:41:13.31,2025-07-05T18:41:13.3198336-04:00,2025-07-05T22:41:13.3198336Z,,v3,6089,1896,,"O'Conner, Justin",592604,Right,LI,82c7a61f-c67f-496e-a79f-2faaac83e7c0,54.2101,-132.50595,16.11991,5.78371,-4.52346,-8.16979,-1.52223,5.81054,-2.52808,,0.52166,46.75733,-21.18614,7.35145,-2.07242,0.55044,-0.14049,0.02966,-0.00347,2.69208,107.49491,-26.27157,2.2449,-0.04382,-0.10617,0.03977,-0.00769,0.00066,-0.15454,53.18009,-13.06099,3.64924,-0.8628,0.20006,-0.04905,0.01104,-0.00141,,,,,,,,,,,,,,,,,,,,,,,High,High,High,High,Undefined,,,
77,2025-07-05,18:41:35.67,1,2,"Sandberg, Ryan",806389,Right,LI,"Acal, Justin",811257,Right,HAG_FLY,Undefined,3,Bottom,0,0,1,Undefined,Slider,BallCalled,Undefined,Undefined,Undefined,0,0,,82.97368,-0.260625,-2.744388,2402.638472,67.630207,8:15,5.74903,1.77734,5.65222,-40.96746,0.02339,-3.02095,2.09172,-1.03592,76.28939,-7.751792,-3.283813,0.460803,,,,,,,,,,,,0.76197,0.50965,-1.54278,50,5.70112,5.8946,-120.39755,-1.972,1.11828,23.40637,-31.42607,HAG_FLY,LI,HagerstownBallpark,Independent,ATL,20250705-HagerstownBallpark-1,2f55ade0-59f1-11f0-8072-0db8199850ee,81.79738,,,6.68429,,,,,,,ef6d4089-19c2-413e-a4a5-bd99adb12924,2025-07-05,22:41:35.67,2025-07-05T18:41:35.6790272-04:00,2025-07-05T22:41:35.6790272Z,,v3,6089,1896,,"O'Conner, Justin",592604,Right,LI,51dc433f-9d9a-4e2d-844f-824c2771935e,54.84549,-121.3359,11.70319,5.75492,-0.71214,-15.71303,-1.77819,5.84977,0.55914,,,,,,,,,,,,,,,,,,,,,,,,,,,,,,,,,,,,,,,,,,,,,,,,,,,High,High,High,,,,,
78,2025-07-05,18:41:53.40,1,3,"Sandberg, Ryan",806389,Right,LI,"Acal, Justin",811257,Right,HAG_FLY,Undefined,3,Bottom,0,1,1,Undefined,Slider,StrikeSwinging,Undefined,Undefined,Undefined,0,0,,83.38155,-1.989319,-2.815212,2437.581142,105.017307,9:30,5.74072,1.79739,5.60241,-38.82278,1.88059,-2.31776,0.64543,-1.02593,76.90588,-9.058481,-3.22906,0.459184,,,,,,,,,,,,0.39965,1.84508,-1.5547,50,5.54482,6.03853,-120.92919,-5.54247,0.59159,23.66121,-29.44283,HAG_FLY,LI,HagerstownBallpark,Independent,ATL,20250705-HagerstownBallpark-1,39dadb00-59f1-11f0-8072-0db8199850ee,82.08571,,,6.47567,,,,,,,ef6d4089-19c2-413e-a4a5-bd99adb12924,2025-07-05,22:41:53.40,2025-07-05T18:41:53.4004224-04:00,2025-07-05T22:41:53.4004224Z,,v3,6089,1896,,"O'Conner, Justin",592604,Right,LI,63c82917-5167-4801-9f4e-0b7cbff92f28,54.89703,-121.88359,11.83061,5.74443,-4.35487,-14.72141,-1.79779,6.01467,0.2958,,,,,,,,,,,,,,,,,,,,,,,,,,,,,,,,,,,,,,,,,,,,,,,,,,,High,High,High,,,,,
79,2025-07-05,18:42:19.94,1,4,"Sandberg, Ryan",806389,Right,LI,"Acal, Justin",811257,Right,HAG_FLY,Undefined,3,Bottom,0,1,2,Undefined,Four-Seam,FoulBallNotFieldable,Undefined,Undefined,Undefined,0,0,,90.99064,-2.600883,-2.363332,2360.984573,200.956521,12:45,5.75632,1.44496,6.2543,-16.48351,17.10851,6.11067,1.98063,-0.22637,82.64799,-5.759476,-1.260084,0.417147,74.80708,26.377106,158.717961,3164.950804,,,,,42.60865,,,-3.88949,10.01154,-1.27241,50,5.55488,5.19514,-131.94994,-6.45139,-6.80134,30.21341,-14.66737,HAG_FLY,LI,HagerstownBallpark,Independent,ATL,20250705-HagerstownBallpark-1,49af6ff0-59f1-11f0-8072-0db8199850ee,90.35761,19.82425,,8.34265,,,,1.20328,1.87594,0.25221,ef6d4089-19c2-413e-a4a5-bd99adb12924,2025-07-05,22:42:19.94,2025-07-05T18:42:19.9457792-04:00,2025-07-05T22:42:19.9457792Z,,v3,6089,1896,,"O'Conner, Justin",592604,Right,LI,60e0e4ef-51c0-442a-8a63-8882565b1bb3,54.24256,-132.91784,15.10671,5.75402,-5.98152,-7.33369,-1.44233,5.41302,-3.40067,,1.19954,-91.48615,7.96458,,,,,,,1.88778,48.40689,-21.93533,,,,,,,0.26733,35.24388,-11.16269,,,,,,,,,,,,,,,,,,,,,,,,,,,,,High,High,High,High,Undefined,,,
80,2025-07-05,18:42:41.81,1,5,"Sandberg, Ryan",806389,Right,LI,"Acal, Justin",811257,Right,HAG_FLY,Undefined,3,Bottom,0,1,2,Undefined,Curveball,StrikeCalled,Strikeout,Undefined,Undefined,0,0,,79.75801,2.084651,0.28118,2426.603488,30.640617,7:00,5.76812,1.48922,5.36431,-61.62476,-16.4169,-10.61949,2.58834,0.86792,72.73457,-9.087964,-1.610558,0.483926,,,,,,,,,,,,5.40225,-8.40146,-1.50668,50,5.91134,-0.13432,-115.73773,1.97692,7.24321,23.92407,-43.43856,HAG_FLY,LI,HagerstownBallpark,Independent,ATL,20250705-HagerstownBallpark-1,56a1a570-59f1-11f0-8072-0db8199850ee,77.88893,,,7.02345,,,,,,,ef6d4089-19c2-413e-a4a5-bd99adb12924,2025-07-05,22:42:41.81,2025-07-05T18:42:41.8100000-04:00,2025-07-05T22:42:41.8100000Z,,v3,6089,1896,,"O'Conner, Justin",592604,Right,LI,333a85e9-1a9c-4d2f-9c55-4ba8b1af344d,55.13754,-116.79488,11.96204,5.78157,3.89637,-21.71928,-1.49367,-0.45438,3.6216,,,,,,,,,,,,,,,,,,,,,,,,,,,,,58.84525,2.764166,1.541632,1.222534,-0.49517,2.27512,-0.81302,-2.74129,5.0221,1.77667,70.57854,6.22062,-54.3955,-2.71472,64.03587,-3.33955,5.12292,20.17741,-15.76351,1.68241,-52.56954,5.47537,High,High,High,,,High,High,High
81,2025-07-05,18:43:13.49,2,1,"Sandberg, Ryan",806389,Right,LI,"Leach, Dante",699793,Right,HAG_FLY,Undefined,3,Bottom,1,0,0,Undefined,Four-Seam,BallCalled,Undefined,Undefined,Undefined,0,0,,90.14534,-3.164084,-2.587076,2328.009804,203.770259,12:45,5.66252,1.63381,6.3382,-18.71623,15.25946,6.23075,1.1838,-0.23044,82.42157,-6.71236,-1.460319,0.419523,,,,,,,,,,,,-3.99492,9.19638,-1.44835,50,5.42296,5.65972,-130.72955,-7.7666,-6.89544,28.23089,-16.30069,HAG_FLY,LI,HagerstownBallpark,Independent,ATL,20250705-HagerstownBallpark-1,69997360-59f1-11f0-8072-0db8199850ee,89.84598,,,7.72377,,,,,,,ef6d4089-19c2-413e-a4a5-bd99adb12924,2025-07-05,22:43:13.49,2025-07-05T18:43:13.4981120-04:00,2025-07-05T22:43:13.4981120Z,,v3,6089,1896,,"O'Conner, Justin",592604,Right,LI,971eb586-dcab-4133-9075-bb938d6f0815,54.15964,-131.62475,14.11544,5.66104,-7.2497,-8.15034,-1.63129,5.87837,-3.44772,,,,,,,,,,,,,,,,,,,,,,,,,,,,,,,,,,,,,,,,,,,,,,,,,,,High,High,High,,,,,
82,2025-07-05,18:43:29.69,2,2,"Sandberg, Ryan",806389,Right,LI,"Leach, Dante",699793,Right,HAG_FLY,Undefined,3,Bottom,1,1,0,Undefined,Four-Seam,InPlay,Undefined,LineDrive,Single,0,0,,91.41517,-2.277231,-2.079954,2435.255694,193.919295,12:30,5.75062,1.5476,6.1493,-19.00867,14.22473,3.25685,2.05997,-0.10366,83.4658,-5.871029,-1.492869,0.414915,97.83924,7.977852,12.246729,876.539443,107.23491,9.04638,24.50521,185.0082,167.04181,13.3055,1.574347,-2.28697,8.34248,-1.39104,50,5.56746,4.68318,-132.66301,-5.85617,-4.06259,29.23017,-17.35429,HAG_FLY,LI,HagerstownBallpark,Independent,ATL,20250705-HagerstownBallpark-1,733ddd70-59f1-11f0-8072-0db8199850ee,90.84386,9.27143,,7.94937,,,,1.2281,2.0528,0.11018,ef6d4089-19c2-413e-a4a5-bd99adb12924,2025-07-05,22:43:29.69,2025-07-05T18:43:29.6951808-04:00,2025-07-05T22:43:29.6951808Z,LineDrive,v3,6089,1896,,"O'Conner, Justin",592604,Right,LI,ed1c8016-9a1d-45c9-bbd8-7555b01f5be5,54.34824,-133.61764,14.61509,5.74946,-5.2894,-8.67715,-1.54616,4.81586,-2.0313,206.09469,1.2281,138.87461,-21.8558,4.93483,-1.06816,0.23343,-0.05425,0.01138,-0.00134,2.0528,19.91599,-13.91636,0.19295,0.10798,-0.06336,0.03048,-0.01006,0.00156,0.11018,30.14431,-2.14478,-0.0109,0.10746,-0.04954,0.01969,-0.00609,0.00091,,,,,,,,,,,,,,,,,,,,,,,High,High,High,High,High,,,
83,2025-07-05,18:44:09.45,3,1,"Sandberg, Ryan",806389,Right,LI,"Martinez, Roidel",1000432526,Left,HAG_FLY,Undefined,3,Bottom,1,0,0,Undefined,Four-Seam,BallCalled,Undefined,Undefined,Undefined,0,0,,91.55617,-1.014284,-1.230531,2343.058114,203.611495,12:45,5.70601,1.60414,6.12096,-19.65332,13.28272,5.36343,3.13024,0.91333,83.89825,-4.722527,-0.263679,0.413054,,,,,,,,,,,,-3.09488,7.44477,-1.51263,50,5.61803,2.63113,-133.05169,-2.96747,-5.56155,27.88743,-18.7957,HAG_FLY,LI,HagerstownBallpark,Independent,ATL,20250705-HagerstownBallpark-1,8ad6aac0-59f1-11f0-8072-0db8199850ee,91.25298,,,7.65792,,,,,,,ef6d4089-19c2-413e-a4a5-bd99adb12924,2025-07-05,22:44:09.45,2025-07-05T18:44:09.4534656-04:00,2025-07-05T22:44:09.4534656Z,,v3,6089,1896,,"O'Conner, Justin",592604,Right,LI,8ff3c01f-440e-4bfc-9aa6-d94ab3ea36d1,54.37616,-133.96579,13.94372,5.70519,-2.35138,-9.39785,-1.60186,2.81343,-2.78077,,,,,,,,,,,,,,,,,,,,,,,,,,,,,,,,,,,,,,,,,,,,,,,,,,,High,High,High,,,,,
84,2025-07-05,18:44:31.64,3,2,"Sandberg, Ryan",806389,Right,LI,"Martinez, Roidel",1000432526,Left,HAG_FLY,Undefined,3,Bottom,1,1,0,Undefined,Four-Seam,BallCalled,Undefined,Undefined,Undefined,1,0,,91.30088,-2.672591,-2.489264,2223.688363,209.2567,1:00,5.60741,1.65729,6.40923,-18.57619,14.59469,7.53965,1.59801,-0.00457,82.9959,-6.212625,-1.12379,0.414524,,,,,,,,,,,,-4.68705,8.76504,-1.48242,50,5.40742,5.45178,-132.41562,-6.71173,-8.25415,30.4222,-16.73835,HAG_FLY,LI,HagerstownBallpark,Independent,ATL,20250705-HagerstownBallpark-1,982c35f0-59f1-11f0-8072-0db8199850ee,90.9294,,,8.30498,,,,,,,ef6d4089-19c2-413e-a4a5-bd99adb12924,2025-07-05,22:44:31.64,2025-07-05T18:44:31.6490000-04:00,2025-07-05T22:44:31.6490000Z,,v3,6089,1896,,"O'Conner, Justin",592604,Right,LI,ad79e747-982d-40fc-941e-9b8f788dba41,54.08759,-133.35143,15.2111,5.60596,-6.19685,-8.36918,-1.65403,5.70569,-4.12708,,,,,,,,,,,,,,,,,,,,,,,,,,,,,80.84584,,0.676198,,1.22576,1.5772,0.00831,-1.55391,5.0734,-0.11289,,,,-1.47729,117.06169,-11.3549,5.10821,9.01625,-13.89111,-0.16995,-4.09424,5.1754,High,High,High,,,High,High,Medium
85,2025-07-05,18:44:58.26,3,3,"Sandberg, Ryan",806389,Right,LI,"Martinez, Roidel",1000432526,Left,HAG_FLY,Undefined,3,Bottom,2,2,0,Undefined,Four-Seam,FoulBallNotFieldable,Undefined,Undefined,Undefined,0,0,,91.56384,-2.373385,-2.328327,2288.711462,212.160825,1:00,5.63,1.76051,6.44415,-19.36328,13.44481,7.77138,1.83261,0.26762,83.49596,-6.051737,-0.919579,0.412251,88.51923,4.945664,-48.187426,4128.357688,,,,102.92132,102.92132,-52.576515,0.902648,-4.7467,8.05185,-1.59864,50,5.45271,5.09182,-132.89553,-6.0714,-8.4478,29.76828,-17.844,HAG_FLY,LI,HagerstownBallpark,Independent,ATL,20250705-HagerstownBallpark-1,a806e560-59f1-11f0-8072-0db8199850ee,91.43078,3.84613,,8.06788,,,,0.08803,1.774,-0.4243,ef6d4089-19c2-413e-a4a5-bd99adb12924,2025-07-05,22:44:58.26,2025-07-05T18:44:58.2683136-04:00,2025-07-05T22:44:58.2683136Z,GroundBall,v3,6089,1896,,"O'Conner, Justin",592604,Right,LI,980eca99-aaaf-4fa4-ada1-70cecd245a60,54.05326,-133.80037,14.88414,5.62902,-5.52901,-8.922,-1.75731,5.3486,-4.2239,,0.216,84.28378,-17.01524,,,,,,,1.8058,10.71497,-14.12317,,,,,,,-0.43678,-96.2275,6.83951,,,,,,,,,,,,,,,,,,,,,,,,,,,,,High,High,High,High,High,,,
86,2025-07-05,18:45:21.42,3,4,"Sandberg, Ryan",806389,Right,LI,"Martinez, Roidel",1000432526,Left,HAG_FLY,Undefined,3,Bottom,2,2,1,Undefined,Curveball,InPlay,Undefined,GroundBall,Out,1,0,,78.04368,2.48909,-0.640983,2343.062434,43.300949,7:30,5.80358,1.46115,5.70527,-59.32192,-12.60544,-13.36851,3.18084,-0.25013,71.00255,-8.360186,-3.034285,0.491934,89.77595,-3.539807,-26.852302,3598.252639,,,,30.02999,28.96906,-26.859444,0.234931,6.59481,-6.74272,-1.39896,50,5.97535,1.77639,-113.24294,2.94303,8.4489,23.26952,-40.81248,HAG_FLY,LI,HagerstownBallpark,Independent,ATL,20250705-HagerstownBallpark-1,b5e48c50-59f1-11f0-8072-0db8199850ee,76.62098,3.00869,,7.04113,,,,0.46029,3.00869,0.3593,ef6d4089-19c2-413e-a4a5-bd99adb12924,2025-07-05,22:45:21.42,2025-07-05T18:45:21.4277632-04:00,2025-07-05T22:45:21.4277632Z,GroundBall,v3,6089,1896,,"O'Conner, Justin",592604,Right,LI,d82c28c7-824b-41aa-98f4-2f6043795840,54.79588,-114.22416,11.63476,5.81497,4.664,-20.40624,-1.46635,1.42012,4.22445,62.086623,0.4624,117.12989,-21.59086,,,,,,,3.01036,-8.22415,-19.56552,,,,,,,0.36001,-59.40164,0.48848,,,,,,,,,,,,,,,,,,,,,,,,,,,,,High,High,High,High,High,,,
87,2025-07-05,18:47:39.64,1,1,"Minaya, Julian",1000158661,Right,HAG_FLY,"Kohlwey, Taylor",670128,Left,LI,Undefined,4,Top,0,0,0,Undefined,Four-Seam,BallCalled,Undefined,Undefined,Undefined,0,0,,87.2981,-1.264411,-1.602906,2173.915301,207.158958,1:00,6.11544,0.55243,6.15422,-15.62816,21.12119,10.16032,3.64428,-0.08217,78.7557,-4.304994,0.228938,0.436311,,,,,,,,,,,,-5.71355,11.66123,-0.4355,50,6.01114,3.12349,-126.63235,-3.16913,-9.15511,29.04543,-13.48871,HAG_FLY,LI,HagerstownBallpark,Independent,ATL,20250705-HagerstownBallpark-1,08251110-59f2-11f0-8072-0db8199850ee,86.38894,,,8.5424,,,,,,,ef6d4089-19c2-413e-a4a5-bd99adb12924,2025-07-05,22:47:39.64,2025-07-05T18:47:39.6424704-04:00,2025-07-05T22:47:39.6424704Z,,v3,6089,1896,,"Black, Mark",691773,Right,HAG_FLY,46f576e3-6ffa-46f8-9149-fa91bbea5cb2,54.34008,-127.62394,14.52271,6.11147,-2.70863,-6.74435,-0.54747,3.43604,-4.57755,,,,,,,,,,,,,,,,,,,,,,,,,,,,,,,,,,,,,,,,,,,,,,,,,,,High,High,High,,,,,
88,2025-07-05,18:47:53.19,1,2,"Minaya, Julian",1000158661,Right,HAG_FLY,"Kohlwey, Taylor",670128,Left,LI,Undefined,4,Top,0,1,0,Undefined,Four-Seam,InPlay,Undefined,FlyBall,Out,1,0,,85.76811,-1.952288,-1.284712,2131.775929,202.304378,12:45,6.11485,0.55338,6.22278,-16.3715,21.41525,8.25225,2.94805,0.05547,77.86328,-5.118685,0.205456,0.442426,82.28101,48.938485,-9.32565,,105.74537,101.74257,-30.29606,263.43565,204.0659,-21.500587,5.416539,-4.67796,12.08792,-0.46136,50,5.96061,2.47206,-124.4953,-4.64413,-7.27944,26.97495,-13.36385,HAG_FLY,LI,HagerstownBallpark,Independent,ATL,20250705-HagerstownBallpark-1,1050bdd0-59f2-11f0-8072-0db8199850ee,85.19483,111.2651,,7.90484,,,,1.6472,2.90557,-0.31889,ef6d4089-19c2-413e-a4a5-bd99adb12924,2025-07-05,22:47:53.19,2025-07-05T18:47:53.1929600-04:00,2025-07-05T22:47:53.1929600Z,FlyBall,v3,6089,1896,,"Black, Mark",691773,Right,HAG_FLY,4907b527-d1d9-4b17-8509-904f8618e350,54.27406,-125.41796,13.48748,6.11164,-4.18703,-6.68193,-0.55017,2.72105,-3.63972,151.030833,1.65592,78.0381,-15.47582,2.83368,0.16099,-0.27848,0.07658,-0.00924,0.00042,2.89926,91.09937,-23.11795,2.56455,-0.56026,0.06926,0.00535,-0.00244,0.00018,-0.31358,-12.95308,-3.66445,0.83208,0.13831,-0.13981,0.03723,-0.00445,0.0002,,,,,,,,,,,,,,,,,,,,,,,High,High,High,High,Medium,,,
89,2025-07-05,18:48:23.60,2,1,"Minaya, Julian",1000158661,Right,HAG_FLY,"Viola, Troy",802112,Right,LI,Undefined,4,Top,1,0,0,Undefined,Four-Seam,BallCalled,Undefined,Undefined,Undefined,0,0,,89.48462,-1.440166,-2.704177,2207.626219,205.205943,12:45,6.07295,0.50373,6.09995,-14.94741,20.15706,8.89288,3.49365,-1.25798,80.67915,-4.345278,-1.104355,0.426435,,,,,,,,,,,,-5.39296,11.17339,-0.29996,50,5.95401,5.74364,-129.68303,-3.63282,-9.06459,30.41194,-13.39365,HAG_FLY,LI,HagerstownBallpark,Independent,ATL,20250705-HagerstownBallpark-1,22526bf0-59f2-11f0-8072-0db8199850ee,88.3897,,,8.80547,,,,,,,ef6d4089-19c2-413e-a4a5-bd99adb12924,2025-07-05,22:48:23.60,2025-07-05T18:48:23.6083200-04:00,2025-07-05T22:48:23.6083200Z,,v3,6089,1896,,"Black, Mark",691773,Right,HAG_FLY,3c453c49-1a0e-4528-9681-41f2047d729c,54.39398,-130.7094,15.20597,6.06898,-3.1808,-6.69683,-0.49896,6.04956,-4.53229,,,,,,,,,,,,,,,,,,,,,,,,,,,,,,,,,,,,,,,,,,,,,,,,,,,High,High,High,,,,,
90,2025-07-05,18:48:37.18,2,2,"Minaya, Julian",1000158661,Right,HAG_FLY,"Viola, Troy",802112,Right,LI,Undefined,4,Top,1,1,0,Undefined,Slider,FoulBallNotFieldable,Undefined,Undefined,Undefined,0,0,,81.59761,-1.777351,-0.974875,2095.24709,182.224378,12:00,5.94592,1.25543,5.64809,-29.38604,13.08119,0.45417,1.83854,0.38391,74.70205,-7.224138,-0.893663,0.469028,64.94617,48.147435,117.867089,5064.20937,,,,,37.52149,,,-0.51063,7.56516,-1.17307,50,5.77662,1.99693,-118.40518,-4.60095,-0.72276,23.23242,-21.46588,HAG_FLY,LI,HagerstownBallpark,Independent,ATL,20250705-HagerstownBallpark-1,2a8b1100-59f2-11f0-8072-0db8199850ee,80.36295,37.82773,,6.89556,,,,1.10885,1.79297,-0.3732,ef6d4089-19c2-413e-a4a5-bd99adb12924,2025-07-05,22:48:37.18,2025-07-05T18:48:37.1845120-04:00,2025-07-05T22:48:37.1845120Z,,v3,6089,1896,,"Black, Mark",691773,Right,HAG_FLY,9ea3ee03-f311-40da-8f15-3133d5625863,54.8489,-119.3528,11.61621,5.94643,-3.72538,-10.73294,-1.25512,2.02641,-0.36138,,1.10885,-29.70709,-4.16469,1.75491,-0.50342,0.12405,-0.02924,0.00588,-0.00067,1.79297,70.95147,-25.2949,2.81156,-0.56244,0.10123,-0.02067,0.00481,-0.00088,-0.3732,56.18494,-10.86056,2.43499,-0.50667,0.09947,-0.02174,0.00413,-0.00057,,,,,,,,,,,,,,,,,,,,,,,High,High,High,High,Undefined,,,
91,2025-07-05,18:48:54.97,2,3,"Minaya, Julian",1000158661,Right,HAG_FLY,"Viola, Troy",802112,Right,LI,Undefined,4,Top,1,1,1,Undefined,Slider,FoulBallNotFieldable,Undefined,Undefined,Undefined,0,0,,81.88313,0.325455,-0.858731,2162.937931,107.008465,9:30,5.97211,1.09818,5.51668,-38.99514,3.11201,-6.01406,3.02686,-0.20598,75.33354,-6.816101,-1.931379,0.467035,71.69827,19.451262,155.93409,3485.095334,,,,,36.06845,,,2.7902,1.90784,-1.01935,50,5.97448,2.02948,-118.93499,-0.67335,4.00899,22.15141,-29.43288,HAG_FLY,LI,HagerstownBallpark,Independent,ATL,20250705-HagerstownBallpark-1,350f53c0-59f2-11f0-8072-0db8199850ee,80.70582,13.48647,,6.54959,,,,0.01423,2.77973,0.22962,ef6d4089-19c2-413e-a4a5-bd99adb12924,2025-07-05,22:48:54.97,2025-07-05T18:48:54.9700608-04:00,2025-07-05T22:48:54.9700608Z,,v3,6089,1896,,"Black, Mark",691773,Right,HAG_FLY,546c6568-da75-4521-8d5c-3e58cea1b685,54.98076,-119.85905,11.07571,5.97696,0.55447,-14.71644,-1.10052,1.86224,2.00449,,0.01199,-90.4589,7.67732,,,,,,,2.78307,34.90116,-17.84824,,,,,,,0.23722,40.1671,-11.8392,,,,,,,,,,,,,,,,,,,,,,,,,,,,,High,High,High,High,Undefined,,,
92,2025-07-05,18:49:10.81,2,4,"Minaya, Julian",1000158661,Right,HAG_FLY,"Viola, Troy",802112,Right,LI,Undefined,4,Top,1,1,2,Undefined,Slider,BallCalled,Undefined,Undefined,Undefined,0,0,,82.64538,-2.499805,-2.082463,2139.229542,78.990959,8:45,5.91886,1.39944,5.49973,-41.7349,0.26504,-5.94583,0.09983,-1.04465,75.68501,-10.080129,-3.143936,0.46644,,,,,,,,,,,,2.39858,1.23358,-1.21315,50,5.67174,4.58971,-119.7573,-6.6754,3.44328,25.61215,-30.4032,HAG_FLY,LI,HagerstownBallpark,Independent,ATL,20250705-HagerstownBallpark-1,3e922c10-59f2-11f0-8072-0db8199850ee,80.80877,,,6.96038,,,,,,,ef6d4089-19c2-413e-a4a5-bd99adb12924,2025-07-05,22:49:10.81,2025-07-05T18:49:10.8167168-04:00,2025-07-05T22:49:10.8167168Z,,v3,6089,1896,,"Black, Mark",691773,Right,HAG_FLY,b66e9dab-b757-46d5-b726-3f62dfd50efa,54.99967,-120.82183,12.80607,5.92294,-5.41173,-15.2016,-1.40094,4.44659,1.72164,,,,,,,,,,,,,,,,,,,,,,,,,,,,,,,,,,,,,,,,,,,,,,,,,,,High,High,High,,,,,
93,2025-07-05,18:49:33.44,2,5,"Minaya, Julian",1000158661,Right,HAG_FLY,"Viola, Troy",802112,Right,LI,Undefined,4,Top,1,2,2,Undefined,Four-Seam,StrikeSwinging,Strikeout,Undefined,Undefined,0,0,,89.75375,-1.668399,-1.076036,2127.689382,195.117675,12:30,6.0503,0.66605,6.15049,-16.43265,18.18627,4.59138,3.13868,0.05434,81.38215,-4.827324,-0.247975,0.423475,,,,,,,,,,,,-2.68146,10.23426,-0.58645,50,5.91482,2.25267,-130.25228,-4.23439,-4.56688,29.56172,-14.74376,HAG_FLY,LI,HagerstownBallpark,Independent,ATL,20250705-HagerstownBallpark-1,4bf21780-59f2-11f0-8072-0db8199850ee,89.0074,,,8.3716,,,,,,,ef6d4089-19c2-413e-a4a5-bd99adb12924,2025-07-05,22:49:33.44,2025-07-05T18:49:33.4410000-04:00,2025-07-05T22:49:33.4410000Z,,v3,6089,1896,,"Black, Mark",691773,Right,HAG_FLY,06464578-284f-4442-b4e0-cd0318e77738,54.34433,-131.23455,14.78086,6.04738,-3.74449,-7.37188,-0.66382,2.40442,-2.28344,,,,,,,,,,,,,,,,,,,,,,,,,,,,,71.96621,2.895396,1.952256,0.94314,-1.51645,2.88555,-0.04282,0.56904,5.78428,2.37674,69.59454,8.60464,-55.37418,0.60565,77.59888,-4.70236,5.841,17.12249,-15.02033,2.29755,-67.89438,7.1164,High,High,High,,,High,High,High
94,2025-07-05,18:49:59.37,3,1,"Minaya, Julian",1000158661,Right,HAG_FLY,"Beer, Seth",666179,Left,LI,Undefined,4,Top,2,0,0,Undefined,Slider,StrikeCalled,Undefined,Undefined,Undefined,0,0,,81.44549,0.940328,-0.812832,2023.500267,59.265397,8:00,5.89602,1.30372,5.48708,-45.14443,-2.28669,-6.13914,3.01386,0.03165,74.5561,-7.308084,-1.907386,0.471179,,,,,,,,,,,,2.84748,-0.97161,-1.22832,50,5.94798,1.92977,-118.23496,0.3496,4.01732,23.24616,-33.54486,HAG_FLY,LI,HagerstownBallpark,Independent,ATL,20250705-HagerstownBallpark-1,5b718790-59f2-11f0-8072-0db8199850ee,79.99597,,,6.88939,,,,,,,ef6d4089-19c2-413e-a4a5-bd99adb12924,2025-07-05,22:49:59.37,2025-07-05T18:49:59.3730048-04:00,2025-07-05T22:49:59.3730048Z,,v3,6089,1896,,"Black, Mark",691773,Right,HAG_FLY,5ca705df-6f73-497e-be06-734aa4b9a932,55.01086,-119.21608,11.62308,5.90335,1.76537,-16.77243,-1.30618,1.76021,2.00866,,,,,,,,,,,,,,,,,,,,,,,,,,,,,,,,,,,,,,,,,,,,,,,,,,,High,High,High,,,,,
95,2025-07-05,18:50:14.20,3,2,"Minaya, Julian",1000158661,Right,HAG_FLY,"Beer, Seth",666179,Left,LI,Undefined,4,Top,2,0,1,Undefined,Four-Seam,FoulBallNotFieldable,Undefined,Undefined,Undefined,0,0,,90.1213,-1.789343,-1.244443,2242.996289,204.889087,12:45,5.98923,0.7131,6.00855,-16.41036,17.8167,7.7626,2.96307,0.20691,82.42095,-4.915573,0.151841,0.421072,76.5936,34.815115,-154.571413,2352.277077,,,,,41.62478,,,-4.3504,10.00044,-0.61968,50,5.83972,2.52057,-130.89203,-4.56288,-7.54828,27.5964,-14.82246,HAG_FLY,LI,HagerstownBallpark,Independent,ATL,20250705-HagerstownBallpark-1,645a42c0-59f2-11f0-8072-0db8199850ee,89.51542,26.48783,,7.70035,,,,1.05691,2.86028,-0.08177,ef6d4089-19c2-413e-a4a5-bd99adb12924,2025-07-05,22:50:14.20,2025-07-05T18:50:14.2018048-04:00,2025-07-05T22:50:14.2018048Z,,v3,6089,1896,,"Black, Mark",691773,Right,HAG_FLY,d299ccf5-9914-4df6-85ed-574aff84eb8e,54.48935,-131.83514,13.7982,5.98701,-4.05633,-7.41123,-0.71022,2.77853,-3.77414,36.997523,1.06419,-83.50265,4.419,,,,,,,2.88676,63.39714,-30.18998,,,,,,,-0.09752,-39.16151,10.94636,,,,,,,,,,,,,,,,,,,,,,,,,,,,,High,High,High,High,Undefined,,,
96,2025-07-05,18:50:36.40,3,3,"Minaya, Julian",1000158661,Right,HAG_FLY,"Beer, Seth",666179,Left,LI,Undefined,4,Top,2,0,2,Undefined,Four-Seam,FoulBallNotFieldable,Undefined,Undefined,Undefined,0,0,,90.65921,-2.241701,-0.709865,2230.611756,209.548694,1:00,6.04027,0.43853,6.01065,-16.62304,17.52367,9.26268,2.57709,0.55277,82.21198,-5.419711,0.956807,0.420577,,,,,,,,,,,,-4.98831,10.05237,-0.38789,50,5.85528,1.23759,-131.53227,-5.62526,-8.65304,30.45838,-14.73656,HAG_FLY,LI,HagerstownBallpark,Independent,ATL,20250705-HagerstownBallpark-1,7192d010-59f2-11f0-8072-0db8199850ee,89.62069,,,8.44723,,,,,,,ef6d4089-19c2-413e-a4a5-bd99adb12924,2025-07-05,22:50:36.40,2025-07-05T18:50:36.4030976-04:00,2025-07-05T22:50:36.4030976Z,,v3,6089,1896,,"Black, Mark",691773,Right,HAG_FLY,f08e860b-199d-40ff-a88d-714ebe528416,54.48602,-132.56701,15.22919,6.03788,-5.12463,-7.36828,-0.43492,1.53155,-4.32652,,,,,,,,,,,,,,,,,,,,,,,,,,,,,,,,,,,,,,,,,,,,,,,,,,,High,High,High,,,,,
97,2025-07-05,18:50:56.66,3,4,"Minaya, Julian",1000158661,Right,HAG_FLY,"Beer, Seth",666179,Left,LI,Undefined,4,Top,2,0,2,Undefined,Slider,BallCalled,Undefined,Undefined,Undefined,0,0,,83.10357,-2.223338,-0.845921,2163.97106,152.672633,11:00,5.92336,1.3767,5.57945,-35.90518,5.67426,-2.15563,0.85358,0.40699,75.41391,-8.823828,-1.231376,0.464099,,,,,,,,,,,,0.82043,4.01713,-1.3025,50,5.70881,1.86566,-120.41028,-5.89056,1.18491,26.9342,-26.37246,HAG_FLY,LI,HagerstownBallpark,Independent,ATL,20250705-HagerstownBallpark-1,7dae0680-59f2-11f0-8072-0db8199850ee,81.21638,,,7.68966,,,,,,,ef6d4089-19c2-413e-a4a5-bd99adb12924,2025-07-05,22:50:56.66,2025-07-05T18:50:56.6656512-04:00,2025-07-05T22:50:56.6656512Z,,v3,6089,1896,,"Black, Mark",691773,Right,HAG_FLY,021cc4ae-0c79-4ca7-b02c-11abf607c5a4,54.9169,-121.50514,13.4671,5.92647,-4.81853,-13.18623,-1.37736,1.8175,0.59245,,,,,,,,,,,,,,,,,,,,,,,,,,,,,,,,,,,,,,,,,,,,,,,,,,,High,High,High,,,,,
98,2025-07-05,18:51:12.71,3,5,"Minaya, Julian",1000158661,Right,HAG_FLY,"Beer, Seth",666179,Left,LI,Undefined,4,Top,2,1,2,Undefined,Slider,BallCalled,Undefined,Undefined,Undefined,0,0,,82.26609,-2.257134,-0.673471,2151.020281,113.434111,9:45,5.93017,1.28325,5.55159,-37.34069,4.94142,-8.02701,0.70813,-0.01499,75.06515,-9.094309,-2.108337,0.468004,,,,,,,,,,,,3.8741,3.61091,-1.21949,50,5.7103,1.72379,-119.26346,-5.96359,5.51415,25.45842,-27.03452,HAG_FLY,LI,HagerstownBallpark,Independent,ATL,20250705-HagerstownBallpark-1,873c7790-59f2-11f0-8072-0db8199850ee,80.53867,,,7.20095,,,,,,,ef6d4089-19c2-413e-a4a5-bd99adb12924,2025-07-05,22:51:12.71,2025-07-05T18:51:12.7179264-04:00,2025-07-05T22:51:12.7179264Z,,v3,6089,1896,,"Black, Mark",691773,Right,HAG_FLY,3ef36022-3472-443e-b651-0456ac566136,54.94589,-120.31459,12.72921,5.93348,-4.84738,-13.51726,-1.28597,1.49612,2.75707,,,,,,,,,,,,,,,,,,,,,,,,,,,,,,,,,,,,,,,,,,,,,,,,,,,High,High,High,,,,,
99,2025-07-05,18:51:31.26,3,6,"Minaya, Julian",1000158661,Right,HAG_FLY,"Beer, Seth",666179,Left,LI,Undefined,4,Top,2,2,2,Undefined,Four-Seam,InPlay,Undefined,GroundBall,Out,1,0,,89.58422,-2.315095,-0.77988,2306.056538,207.720862,1:00,5.9842,0.60568,6.10604,-15.61654,19.1947,9.45634,2.54062,0.67248,81.30873,-5.320095,0.924496,0.42465,86.84092,-29.387602,52.594819,,,,,5.8626,2.7324,29.972394,0.041793,-5.14685,10.988,-0.55079,50,5.7982,1.38405,-130.00987,-5.67574,-8.72858,29.58377,-13.53937,HAG_FLY,LI,HagerstownBallpark,Independent,ATL,20250705-HagerstownBallpark-1,92446940-59f2-11f0-8072-0db8199850ee,88.76122,2.61845,,8.27549,,,,2.25433,2.61845,-0.76441,ef6d4089-19c2-413e-a4a5-bd99adb12924,2025-07-05,22:51:31.26,2025-07-05T18:51:31.2629760-04:00,2025-07-05T22:51:31.2629760Z,GroundBall,v3,6089,1896,,"Black, Mark",691773,Right,HAG_FLY,d18f0ed3-4dd0-428f-a5a7-76f4e1c5a138,54.39148,-131.00534,14.79189,5.98152,-5.22015,-6.76969,-0.6023,1.67776,-4.36429,,2.25322,67.57715,,,,,,,,2.61948,-62.65314,,,,,,,,-0.76586,88.37068,,,,,,,,,,,,,,,,,,,,,,,,,,,,,,High,High,High,Low,Low,,,
100,2025-07-05,18:53:56.19,1,1,"Sandberg, Ryan",806389,Right,LI,"Williams, Tyler",1000053915,Right,HAG_FLY,Undefined,4,Bottom,0,0,0,Undefined,Curveball,InPlay,Undefined,GroundBall,Single,0,0,,76.77464,2.257212,-0.59083,2386.814236,48.720344,7:30,5.78551,1.63322,5.47252,-59.96578,-11.07898,-14.57359,2.90184,-0.13416,69.63951,-8.677075,-3.188993,0.503231,98.02263,-45.802435,-56.177174,,,,,5.30324,3.82893,-27.430412,0.031335,7.19764,-5.92626,-1.57084,50,5.94259,1.70294,-111.32856,2.37974,8.87454,23.26192,-39.48099,HAG_FLY,LI,HagerstownBallpark,Independent,ATL,20250705-HagerstownBallpark-1,e8b1f5e0-59f2-11f0-8072-0db8199850ee,74.90089,3.23747,,7.13514,,,,2.95472,3.23747,0.17222,ef6d4089-19c2-413e-a4a5-bd99adb12924,2025-07-05,22:53:56.19,2025-07-05T18:53:56.1947648-04:00,2025-07-05T22:53:56.1947648Z,GroundBall,v3,6089,1896,,"O'Conner, Justin",592604,Right,LI,0bcb3a3e-43a0-40e9-be64-d780241116cf,55.02834,-112.37431,11.63096,5.79571,4.15463,-19.7405,-1.63843,1.30398,4.43727,,2.95405,55.92153,,,,,,,,3.23872,-103.31928,,,,,,,,0.17323,-83.46264,,,,,,,,,,,,,,,,,,,,,,,,,,,,,,High,High,High,Low,Low,,,
101,2025-07-05,18:54:33.53,2,1,"Sandberg, Ryan",806389,Right,LI,"Mayberry, Blake",811761,Right,HAG_FLY,Undefined,4,Bottom,0,0,0,Undefined,Curveball,BallCalled,Undefined,Undefined,Undefined,0,0,,78.60491,0.248548,-1.28366,2496.151179,52.11145,7:45,5.80412,1.61117,5.52316,-58.54424,-11.52953,-17.10607,1.15787,-1.01463,70.99849,-10.4082,-4.341276,0.493501,,,,,,,,,,,,8.09497,-5.2691,-1.48822,50,5.78756,3.24284,-113.90344,-1.54481,10.3317,26.47612,-38.89906,HAG_FLY,LI,HagerstownBallpark,Independent,ATL,20250705-HagerstownBallpark-1,feded720-59f2-11f0-8072-0db8199850ee,76.37758,,,7.60642,,,,,,,ef6d4089-19c2-413e-a4a5-bd99adb12924,2025-07-05,22:54:33.53,2025-07-05T18:54:33.5323136-04:00,2025-07-05T22:54:33.5323136Z,,v3,6089,1896,,"O'Conner, Justin",592604,Right,LI,9a5e26e9-e85b-4571-aa01-119d41b6bb64,54.97469,-115.05396,13.23806,5.81796,0.14555,-19.44953,-1.61938,2.79387,5.16585,,,,,,,,,,,,,,,,,,,,,,,,,,,,,,,,,,,,,,,,,,,,,,,,,,,High,High,High,,,,,
102,2025-07-05,18:55:04.77,2,2,"Sandberg, Ryan",806389,Right,LI,"Mayberry, Blake",811761,Right,HAG_FLY,Undefined,4,Bottom,0,1,0,Undefined,Four-Seam,FoulBallNotFieldable,Undefined,Undefined,Undefined,0,0,,90.70471,-1.115947,-1.704836,2235.746876,204.3006,12:45,5.75539,1.67605,6.30658,-17.71336,15.89099,6.66878,3.25065,0.66077,82.43028,-4.507215,-0.498966,0.417224,69.70602,57.080712,129.25158,4792.33248,,,,,26.20027,,,-3.98969,8.94,-1.55419,50,5.665,3.65215,-131.73601,-3.06364,-6.96285,29.78493,-16.57187,HAG_FLY,LI,HagerstownBallpark,Independent,ATL,20250705-HagerstownBallpark-1,11899680-59f3-11f0-8072-0db8199850ee,90.34105,45.02558,,8.27443,,,,1.29872,3.04399,-0.76745,ef6d4089-19c2-413e-a4a5-bd99adb12924,2025-07-05,22:55:04.77,2025-07-05T18:55:04.7744000-04:00,2025-07-05T22:55:04.7744000Z,,v3,6089,1896,,"O'Conner, Justin",592604,Right,LI,0b1e9399-683e-459f-a49c-a7d2191bb8fd,54.19086,-132.68017,14.89246,5.75379,-2.53832,-8.28594,-1.67345,3.87286,-3.48143,288.818872,1.29872,-35.15462,4.53874,0.96854,-0.41954,0.15564,-0.04604,0.01111,-0.00174,3.04399,85.82012,-32.05214,6.40906,-1.56289,0.40163,-0.09125,0.01885,-0.0026,-0.76745,43.02468,-19.8836,1.9764,-0.21892,-0.03012,0.02531,-0.00823,0.00162,,,,,,,,,,,,,,,,,,,,,,,High,High,High,High,Undefined,,,
103,2025-07-05,18:55:27.46,2,3,"Sandberg, Ryan",806389,Right,LI,"Mayberry, Blake",811761,Right,HAG_FLY,Undefined,4,Bottom,0,1,1,Undefined,Slider,StrikeCalled,Undefined,Undefined,Undefined,0,0,,83.94103,-0.046233,-2.277715,2472.853781,85.135868,8:45,5.76905,1.63805,5.54503,-39.59045,0.72,-6.59024,2.42661,-1.04083,76.89735,-7.287945,-3.452354,0.456962,,,,,,,,,,,,2.66441,0.79095,-1.43633,50,5.73898,5.11964,-121.78685,-1.50519,3.98821,24.67054,-30.99013,HAG_FLY,LI,HagerstownBallpark,Independent,ATL,20250705-HagerstownBallpark-1,1efb8350-59f3-11f0-8072-0db8199850ee,82.4848,,,7.04367,,,,,,,ef6d4089-19c2-413e-a4a5-bd99adb12924,2025-07-05,22:55:27.46,2025-07-05T18:55:27.4682880-04:00,2025-07-05T22:55:27.4682880Z,,v3,6089,1896,,"O'Conner, Justin",592604,Right,LI,bd7d97bd-a4ee-4984-81a1-31d2e67305df,54.95242,-122.78597,12.33527,5.77453,-0.25014,-15.49507,-1.6404,4.95813,1.9941,,,,,,,,,,,,,,,,,,,,,,,,,,,,,,,,,,,,,,,,,,,,,,,,,,,High,High,High,,,,,
104,2025-07-05,18:55:50.71,2,4,"Sandberg, Ryan",806389,Right,LI,"Mayberry, Blake",811761,Right,HAG_FLY,Undefined,4,Bottom,0,1,2,Undefined,Four-Seam,FoulBallNotFieldable,Undefined,Undefined,Undefined,0,0,,91.01572,-0.924893,-2.122962,2365.443837,205.112747,12:45,5.78045,1.3861,6.06043,-17.06402,16.61107,7.26185,3.50177,0.0255,82.72637,-4.184591,-0.816576,0.417663,,,,,,,,,,,,-4.36736,9.16386,-1.22516,50,5.6995,4.59078,-132.11259,-2.6299,-7.67696,29.56906,-16.06581,HAG_FLY,LI,HagerstownBallpark,Independent,ATL,20250705-HagerstownBallpark-1,2cf40540-59f3-11f0-8072-0db8199850ee,90.24612,,,8.28935,,,,,,,ef6d4089-19c2-413e-a4a5-bd99adb12924,2025-07-05,22:55:50.71,2025-07-05T18:55:50.7150848-04:00,2025-07-05T22:55:50.7150848Z,,v3,6089,1896,,"O'Conner, Justin",592604,Right,LI,9ce08555-0962-4d7a-8060-17f1fec698d9,54.43649,-133.10185,14.78453,5.7785,-2.09241,-8.03291,-1.38304,4.84762,-3.83848,,,,,,,,,,,,,,,,,,,,,,,,,,,,,,,,,,,,,,,,,,,,,,,,,,,High,High,High,,,,,
105,2025-07-05,18:56:44.09,2,5,"Sandberg, Ryan",806389,Right,LI,"Mayberry, Blake",811761,Right,HAG_FLY,Undefined,4,Bottom,0,1,2,Undefined,Curveball,BallCalled,Undefined,Undefined,Undefined,0,0,,80.97779,-0.061656,-2.210113,2397.902829,41.355627,7:30,5.73683,1.44574,5.7098,-54.72897,-11.27835,-11.22272,1.1186,-1.54955,74.00322,-10.022824,-4.220982,0.474427,,,,,,,,,,,,5.01736,-5.32437,-1.25354,50,5.69769,4.97173,-117.49524,-2.00776,6.90619,25.44973,-39.50281,HAG_FLY,LI,HagerstownBallpark,Independent,ATL,20250705-HagerstownBallpark-1,4ccb9220-59f3-11f0-8072-0db8199850ee,79.44837,,,6.97457,,,,,,,ef6d4089-19c2-413e-a4a5-bd99adb12924,2025-07-05,22:56:44.09,2025-07-05T18:56:44.0984576-04:00,2025-07-05T22:56:44.0984576Z,,v3,6089,1896,,"O'Conner, Justin",592604,Right,LI,1fafe031-b5cd-403d-8424-1beaf19b439a,54.79063,-118.52835,12.72486,5.74665,-0.40416,-19.7514,-1.44968,4.69138,3.4531,,,,,,,,,,,,,,,,,,,,,,,,,,,,,,,,,,,,,,,,,,,,,,,,,,,High,High,High,,,,,
106,2025-07-05,18:57:05.31,2,6,"Sandberg, Ryan",806389,Right,LI,"Mayberry, Blake",811761,Right,HAG_FLY,Undefined,4,Bottom,0,2,2,Undefined,Four-Seam,InPlay,Undefined,GroundBall,Out,1,0,,91.74809,-2.050681,-3.117204,2314.287288,192.482769,12:30,5.78524,1.4633,6.4397,-17.26611,15.46709,3.18347,2.45842,-1.13865,83.5493,-5.352402,-2.541218,0.41178,62.46206,-2.141575,31.154874,3695.672217,,,,28.12037,26.11485,33.398288,0.303944,-2.58362,9.01906,-1.24322,50,5.63151,7.12018,-133.08978,-5.24812,-4.60845,30.03487,-16.08649,HAG_FLY,LI,HagerstownBallpark,Independent,ATL,20250705-HagerstownBallpark-1,5964ab20-59f3-11f0-8072-0db8199850ee,91.53534,2.39427,,8.19878,,,,0.76238,2.39427,1.24165,ef6d4089-19c2-413e-a4a5-bd99adb12924,2025-07-05,22:57:05.31,2025-07-05T18:57:05.3188608-04:00,2025-07-05T22:57:05.3188608Z,GroundBall,v3,6089,1896,,"O'Conner, Justin",592604,Right,LI,5e9c7774-48de-4730-8576-268e58abeac1,54.05749,-134.00232,15.01743,5.78353,-4.75937,-8.04325,-1.46168,7.26019,-2.30423,,0.76478,78.23764,-11.5851,,,,,,,2.39558,-3.48043,-14.49421,,,,,,,1.24153,47.36751,-1.72603,,,,,,,,,,,,,,,,,,,,,,,,,,,,,High,High,High,High,High,,,
107,2025-07-05,18:57:42.35,3,1,"Sandberg, Ryan",806389,Right,LI,"Arbolida, Cary",812364,Right,HAG_FLY,Undefined,4,Bottom,1,0,0,Undefined,Curveball,BallCalled,Undefined,Undefined,Undefined,0,0,,78.99021,2.755623,-1.668896,2417.682378,32.418695,7:00,5.697,1.49841,5.66999,-59.34692,-13.63902,-9.64229,3.32368,-0.86154,71.81565,-8.084649,-3.392028,0.486594,,,,,,,,,,,,4.33303,-7.23819,-1.35147,50,5.8929,3.71793,-114.53381,3.47223,5.68199,23.68282,-41.66563,HAG_FLY,LI,HagerstownBallpark,Independent,ATL,20250705-HagerstownBallpark-1,6f6b18a0-59f3-11f0-8072-0db8199850ee,77.46172,,,7.17456,,,,,,,ef6d4089-19c2-413e-a4a5-bd99adb12924,2025-07-05,22:57:42.35,2025-07-05T18:57:42.3536640-04:00,2025-07-05T22:57:42.3536640Z,,v3,6089,1896,,"O'Conner, Justin",592604,Right,LI,098b88d0-1d03-405b-9ad6-d31b278348fd,54.83038,-115.52829,11.84141,5.71036,5.22185,-20.83282,-1.50259,3.47933,2.841,,,,,,,,,,,,,,,,,,,,,,,,,,,,,,,,,,,,,,,,,,,,,,,,,,,High,High,High,,,,,
108,2025-07-05,18:58:01.12,3,2,"Sandberg, Ryan",806389,Right,LI,"Arbolida, Cary",812364,Right,HAG_FLY,Undefined,4,Bottom,1,1,0,Undefined,Curveball,BallCalled,Undefined,Undefined,Undefined,0,0,,79.98868,0.42512,-1.205244,2404.645958,38.05939,7:15,5.76965,1.51268,5.67909,-55.98286,-11.57816,-10.21875,1.5008,-0.46255,73.2018,-9.771304,-3.036911,0.479607,,,,,,,,,,,,4.83835,-5.63559,-1.40453,50,5.77011,2.8376,-116.15132,-1.04709,6.5291,24.23307,-39.77898,HAG_FLY,LI,HagerstownBallpark,Independent,ATL,20250705-HagerstownBallpark-1,7ab829a0-59f3-11f0-8072-0db8199850ee,78.5902,,,6.78687,,,,,,,ef6d4089-19c2-413e-a4a5-bd99adb12924,2025-07-05,22:58:01.12,2025-07-05T18:58:01.1261440-04:00,2025-07-05T22:58:01.1261440Z,,v3,6089,1896,,"O'Conner, Justin",592604,Right,LI,1a243c56-c1a9-419e-af2e-bfba9d3251a0,54.82189,-117.15301,12.11654,5.77941,0.59719,-19.88949,-1.51625,2.56772,3.26455,,,,,,,,,,,,,,,,,,,,,,,,,,,,,,,,,,,,,,,,,,,,,,,,,,,High,High,High,,,,,
109,2025-07-05,18:58:20.91,3,3,"Sandberg, Ryan",806389,Right,LI,"Arbolida, Cary",812364,Right,HAG_FLY,Undefined,4,Bottom,1,2,0,Undefined,Slider,FoulBallNotFieldable,Undefined,Undefined,Undefined,0,0,,84.71168,0.050461,-2.006651,2477.040355,71.647277,8:30,5.74046,1.59427,5.5323,-40.85742,-1.29921,-7.66874,2.38287,-0.92126,77.67148,-7.410043,-3.37386,0.452678,81.62332,48.383483,47.660864,4914.970361,60.8299,100.78077,91.65,238.67228,92.72041,62.179517,5.309839,3.31835,-0.33063,-1.4147,50,5.71746,4.62504,-122.96215,-1.35805,5.06345,25.14496,-32.67857,HAG_FLY,LI,HagerstownBallpark,Independent,ATL,20250705-HagerstownBallpark-1,86767300-59f3-11f0-8072-0db8199850ee,83.2654,106.37978,,7.04019,,,,0.68031,2.79236,1.18797,ef6d4089-19c2-413e-a4a5-bd99adb12924,2025-07-05,22:58:20.91,2025-07-05T18:58:20.9151488-04:00,2025-07-05T22:58:20.9151488Z,FlyBall,v3,6089,1896,,"O'Conner, Justin",592604,Right,LI,f3d9f767-3916-4d12-b6ba-f5444f67adf4,54.96692,-123.97369,12.57248,5.74565,-0.04345,-16.33929,-1.59666,4.42135,2.53173,,0.68977,53.33996,-17.8914,4.19372,-0.04508,-0.34317,0.10948,-0.01437,0.00071,2.78315,89.66463,-23.20147,2.50463,-0.63075,0.13031,-0.01016,-0.00077,0.00011,1.18865,58.74816,-7.80764,1.26975,0.00655,-0.08637,0.02615,-0.00341,0.00017,,,,,,,,,,,,,,,,,,,,,,,High,High,High,High,Low,,,
110,2025-07-05,18:58:46.24,3,4,"Sandberg, Ryan",806389,Right,LI,"Arbolida, Cary",812364,Right,HAG_FLY,Undefined,4,Bottom,1,2,1,Undefined,Curveball,FoulBallNotFieldable,Undefined,Undefined,Undefined,0,0,,80.70003,0.883657,-0.785938,2447.912022,30.858977,7:00,5.74331,1.53188,5.66738,-58.28369,-14.74536,-9.65564,1.71039,-0.0056,73.96015,-9.720079,-2.516942,0.474906,,,,,,,,,,,,4.70449,-7.46414,-1.45914,50,5.78058,1.9803,-117.23864,-0.20368,6.4811,24.27168,-42.45695,HAG_FLY,LI,HagerstownBallpark,Independent,ATL,20250705-HagerstownBallpark-1,958d3630-59f3-11f0-8072-0db8199850ee,79.36827,,,6.73988,,,,,,,ef6d4089-19c2-413e-a4a5-bd99adb12924,2025-07-05,22:58:46.24,2025-07-05T18:58:46.2405120-04:00,2025-07-05T22:58:46.2405120Z,,v3,6089,1896,,"O'Conner, Justin",592604,Right,LI,359fff6c-2053-4619-8c1c-fec6c68d8c2f,54.83497,-118.23537,12.13584,5.75315,1.53985,-21.22848,-1.53499,1.71415,3.24055,,,,,,,,,,,,,,,,,,,,,,,,,,,,,,,,,,,,,,,,,,,,,,,,,,,High,High,High,,,,,
111,2025-07-05,18:59:12.84,3,5,"Sandberg, Ryan",806389,Right,LI,"Arbolida, Cary",812364,Right,HAG_FLY,Undefined,4,Bottom,1,2,2,Undefined,Curveball,FoulBallNotFieldable,Undefined,Undefined,Undefined,0,0,,78.7817,1.406535,-1.404881,2592.446109,45.072417,7:30,5.82519,1.53895,5.44605,-58.18239,-12.10249,-13.62485,2.29419,-0.91203,72.18628,-9.150612,-3.833267,0.48857,82.2089,41.73816,48.8921,5137.959933,62.01966,81.66035,90.849,262.05747,104.47341,63.078,5.000863,6.4689,-6.1467,-1.40507,50,5.90895,3.33602,-114.36172,0.79024,8.48926,22.87897,-40.24047,HAG_FLY,LI,HagerstownBallpark,Independent,ATL,20250705-HagerstownBallpark-1,a5781240-59f3-11f0-8072-0db8199850ee,77.14842,90.41745,,6.59542,,,,1.5521,2.47547,0.69966,ef6d4089-19c2-413e-a4a5-bd99adb12924,2025-07-05,22:59:12.84,2025-07-05T18:59:12.8469504-04:00,2025-07-05T22:59:12.8469504Z,FlyBall,v3,6089,1896,,"O'Conner, Justin",592604,Right,LI,a4830cfc-2b3e-4e32-9baa-2e6dcb3bd8ea,55.0558,-115.36873,11.43949,5.83519,2.56143,-20.12023,-1.54368,2.96237,4.24463,,1.56124,58.95728,-18.84035,4.39122,-0.20053,-0.26233,0.08645,-0.01105,0.00052,2.47283,80.30952,-20.97141,1.34121,0.0533,-0.14089,0.05405,-0.00883,0.00052,0.70274,67.72201,-8.18242,0.89229,0.31168,-0.21704,0.05751,-0.00727,0.00036,,,,,,,,,,,,,,,,,,,,,,,High,High,High,High,Low,,,
112,2025-07-05,18:59:44.91,3,6,"Sandberg, Ryan",806389,Right,LI,"Arbolida, Cary",812364,Right,HAG_FLY,Undefined,4,Bottom,1,2,2,Undefined,Slider,BallCalled,Undefined,Undefined,Undefined,0,0,,85.0008,-1.241779,-2.063214,2506.914403,54.149886,7:45,5.73058,1.49105,5.68273,-42.15833,-2.94933,-5.83752,1.05897,-0.9194,77.94883,-8.932743,-3.108264,0.450676,,,,,,,,,,,,2.36874,-0.78752,-1.31352,50,5.59939,4.6807,-123.34434,-4.16771,3.62384,26.12552,-33.37882,HAG_FLY,LI,HagerstownBallpark,Independent,ATL,20250705-HagerstownBallpark-1,b88fc440-59f3-11f0-8072-0db8199850ee,83.63537,,,7.05197,,,,,,,ef6d4089-19c2-413e-a4a5-bd99adb12924,2025-07-05,22:59:44.91,2025-07-05T18:59:44.9135104-04:00,2025-07-05T22:59:44.9135104Z,,v3,6089,1896,,"O'Conner, Justin",592604,Right,LI,98efb0d4-f1b8-49da-9a92-003edc02762c,54.81641,-124.36032,13.06276,5.73623,-2.86967,-16.68941,-1.49281,4.53978,1.81192,,,,,,,,,,,,,,,,,,,,,,,,,,,,,,,,,,,,,,,,,,,,,,,,,,,High,High,High,,,,,
113,2025-07-05,19:00:08.44,3,7,"Sandberg, Ryan",806389,Right,LI,"Arbolida, Cary",812364,Right,HAG_FLY,Undefined,4,Bottom,1,3,2,Undefined,Slider,FoulBallNotFieldable,Undefined,Undefined,Undefined,0,0,,84.03685,0.517713,-1.892528,2499.848957,40.369547,7:15,5.70508,1.59431,5.65168,-41.93392,-1.99158,-2.74949,2.69371,-0.40054,77.08652,-7.159259,-2.383905,0.454871,,,,,,,,,,,,0.87177,-0.84961,-1.43209,50,5.72198,4.14246,-122.03674,-0.36189,1.31226,24.42746,-33.45295,HAG_FLY,LI,HagerstownBallpark,Independent,ATL,20250705-HagerstownBallpark-1,c69146e0-59f3-11f0-8072-0db8199850ee,82.86403,,,6.95033,,,,,,,ef6d4089-19c2-413e-a4a5-bd99adb12924,2025-07-05,23:00:08.44,2025-07-05T19:00:08.4437504-04:00,2025-07-05T23:00:08.4437504Z,,v3,6089,1896,,"O'Conner, Justin",592604,Right,LI,fa7b4dad-e085-4ae2-a4c5-915058d6b4ce,54.8482,-123.00335,12.21373,5.71011,0.96187,-16.72648,-1.59498,4.09053,0.65613,,,,,,,,,,,,,,,,,,,,,,,,,,,,,,,,,,,,,,,,,,,,,,,,,,,High,High,High,,,,,
114,2025-07-05,19:00:30.79,3,8,"Sandberg, Ryan",806389,Right,LI,"Arbolida, Cary",812364,Right,HAG_FLY,Undefined,4,Bottom,1,3,2,Undefined,Four-Seam,FoulBallNotFieldable,Undefined,Undefined,Undefined,0,0,,92.47707,-1.256799,-2.080711,2311.810662,210.728923,1:00,5.69279,1.48217,6.3289,-16.31336,15.59115,8.70949,3.17509,0.29112,85.0689,-4.363576,-0.505611,0.406534,63.26195,51.724456,145.805367,4546.209389,,,,,31.48777,,,-5.09461,8.7493,-1.33448,50,5.59317,4.5336,-134.45274,-3.41979,-9.38943,27.29214,-16.04904,HAG_FLY,LI,HagerstownBallpark,Independent,ATL,20250705-HagerstownBallpark-1,d3d98ba0-59f3-11f0-8072-0db8199850ee,92.71646,37.64641,,7.40817,,,,1.6073,3.208,-0.22837,ef6d4089-19c2-413e-a4a5-bd99adb12924,2025-07-05,23:00:30.79,2025-07-05T19:00:30.7953664-04:00,2025-07-05T23:00:30.7953664Z,,v3,6089,1896,,"O'Conner, Justin",592604,Right,LI,7efaa1c0-8361-4815-bc6a-6d35e9a567e0,54.1703,-135.29661,13.64607,5.69124,-2.92356,-8.02452,-1.47914,4.82392,-4.69471,,1.6073,-47.53909,-0.92309,1.07598,-0.32036,0.02471,0.1261,-0.17311,0.08718,3.208,72.83926,-26.19788,2.97903,-0.61138,0.07582,0.05927,-0.09419,0.04782,-0.22837,32.30102,-6.57226,1.41189,-0.27825,0.01652,0.07132,-0.09806,0.0489,,,,,,,,,,,,,,,,,,,,,,,High,High,High,High,Undefined,,,
115,2025-07-05,19:00:55.82,3,9,"Sandberg, Ryan",806389,Right,LI,"Arbolida, Cary",812364,Right,HAG_FLY,Undefined,4,Bottom,1,3,2,Undefined,Four-Seam,StrikeSwinging,Strikeout,Undefined,Undefined,0,0,,92.32022,-1.18704,-1.85718,2399.193214,204.83652,12:45,5.68821,1.55005,6.20946,-17.12229,14.94832,6.49422,3.16507,0.3766,85.15444,-4.428041,-0.685177,0.407591,,,,,,,,,,,,-3.82819,8.33552,-1.41388,50,5.59034,4.08316,-134.23746,-3.29462,-7.05538,26.32417,-16.81161,HAG_FLY,LI,HagerstownBallpark,Independent,ATL,20250705-HagerstownBallpark-1,e2abf2d0-59f3-11f0-8072-0db8199850ee,92.47606,,,7.16578,,,,,,,ef6d4089-19c2-413e-a4a5-bd99adb12924,2025-07-05,23:00:55.82,2025-07-05T19:00:55.8212608-04:00,2025-07-05T23:00:55.8212608Z,,v3,6089,1896,,"O'Conner, Justin",592604,Right,LI,cfe7975f-46b7-476d-ba60-c88a49b8aedc,54.28902,-135.07593,13.16208,5.68676,-2.75914,-8.4058,-1.54751,4.30789,-3.52769,,,,,,,,,,,,,,,,,,,,,,,,,,,,,,,,,,,,,,,,,,,,,,,,,,,High,High,High,,,,,
116,2025-07-05,19:01:31.98,4,1,"Sandberg, Ryan",806389,Right,LI,"DeLuca, Joe",700593,Left,HAG_FLY,Undefined,4,Bottom,2,0,0,Undefined,Four-Seam,StrikeCalled,Undefined,Undefined,Undefined,0,0,,89.84971,-1.676924,-1.909256,2112.188941,218.425516,1:15,5.63144,1.57041,6.65751,-19.49639,13.96335,10.27418,2.47089,0.67878,82.57851,-5.387626,-0.038635,0.416325,,,,,,,,,,,,-5.91536,8.12304,-1.44579,50,5.51055,3.96339,-130.64195,-4.35498,-10.26589,26.44639,-18.07686,HAG_FLY,LI,HagerstownBallpark,Independent,ATL,20250705-HagerstownBallpark-1,f85d3b70-59f3-11f0-8072-0db8199850ee,90.53605,,,7.2712,,,,,,,ef6d4089-19c2-413e-a4a5-bd99adb12924,2025-07-05,23:01:31.98,2025-07-05T19:01:31.9827456-04:00,2025-07-05T23:01:31.9827456Z,,v3,6089,1896,,"O'Conner, Justin",592604,Right,LI,cadfdd05-5f6a-4fd2-ade5-f7381e77b167,53.84066,-131.41713,13.2232,5.63044,-3.82512,-9.03843,-1.56637,4.26429,-5.13294,,,,,,,,,,,,,,,,,,,,,,,,,,,,,,,,,,,,,,,,,,,,,,,,,,,High,High,High,,,,,
117,2025-07-05,19:01:52.90,4,2,"Sandberg, Ryan",806389,Right,LI,"DeLuca, Joe",700593,Left,HAG_FLY,Undefined,4,Bottom,2,0,1,Undefined,Splitter,BallCalled,Undefined,Undefined,Undefined,0,0,,83.54047,-0.165671,-4.229921,981.681996,205.562915,12:45,5.46224,1.73664,6.04306,-26.56935,13.93847,5.97,3.09433,-1.68916,75.35291,-5.180381,-3.160203,0.458079,,,,,,,,,,,,-4.39898,7.64666,-1.40964,50,5.43515,8.70218,-120.88698,-1.12669,-6.41877,26.6317,-21.0164,HAG_FLY,LI,HagerstownBallpark,Independent,ATL,20250705-HagerstownBallpark-1,04ba5ce0-59f4-11f0-8072-0db8199850ee,82.28363,,,8.18755,,,,,,,ef6d4089-19c2-413e-a4a5-bd99adb12924,2025-07-05,23:01:52.90,2025-07-05T19:01:52.9057792-04:00,2025-07-05T23:01:52.9057792Z,,v3,6089,1896,,"O'Conner, Justin",592604,Right,LI,007684c9-ad21-48bc-86f5-af096b773c2a,54.45093,-121.86359,13.31585,5.46234,-0.356,-10.5082,-1.73307,8.93756,-3.20938,,,,,,,,,,,,,,,,,,,,,,,,,,,,,,,,,,,,,,,,,,,,,,,,,,,High,High,High,,,,,
118,2025-07-05,19:02:18.30,4,3,"Sandberg, Ryan",806389,Right,LI,"DeLuca, Joe",700593,Left,HAG_FLY,Undefined,4,Bottom,2,1,1,Undefined,Four-Seam,BallCalled,Undefined,Undefined,Undefined,0,0,,91.97285,-2.096493,-3.578883,2174.635525,209.50699,1:00,5.69011,1.56724,6.37609,-18.14891,14.13355,7.45906,2.24426,-1.10809,84.73879,-5.528834,-2.231456,0.408935,,,,,,,,,,,,-4.81764,8.21441,-1.31228,50,5.53001,8.05165,-133.50188,-5.42848,-8.76226,26.64604,-17.23381,HAG_FLY,LI,HagerstownBallpark,Independent,ATL,20250705-HagerstownBallpark-1,13f23ca0-59f4-11f0-8072-0db8199850ee,92.17211,,,7.23406,,,,,,,ef6d4089-19c2-413e-a4a5-bd99adb12924,2025-07-05,23:02:18.30,2025-07-05T19:02:18.3069184-04:00,2025-07-05T23:02:18.3069184Z,,v3,6089,1896,,"O'Conner, Justin",592604,Right,LI,a7f23952-dd2a-427e-abba-856e1d0bf24b,54.12286,-134.32225,13.32302,5.68897,-4.89789,-8.61691,-1.56433,8.32142,-4.38113,,,,,,,,,,,,,,,,,,,,,,,,,,,,,,,,,,,,,,,,,,,,,,,,,,,High,High,High,,,,,
119,2025-07-05,19:02:41.98,4,4,"Sandberg, Ryan",806389,Right,LI,"DeLuca, Joe",700593,Left,HAG_FLY,Undefined,4,Bottom,2,2,1,Undefined,Curveball,StrikeSwinging,Undefined,Undefined,Undefined,0,0,,78.55228,1.574383,-1.399938,2224.818421,23.575161,6:45,5.69543,1.52582,5.53465,-57.60062,-11.73197,-5.72823,2.36777,-0.26031,72.36249,-8.888074,-2.422736,0.487449,,,,,,,,,,,,2.50898,-5.98429,-1.40039,50,5.79338,3.00921,-114.10792,1.16332,3.30399,21.23546,-40.05455,HAG_FLY,LI,HagerstownBallpark,Independent,ATL,20250705-HagerstownBallpark-1,221c07c0-59f4-11f0-8072-0db8199850ee,77.32589,,,6.18979,,,,,,,ef6d4089-19c2-413e-a4a5-bd99adb12924,2025-07-05,23:02:41.98,2025-07-05T19:02:41.9804672-04:00,2025-07-05T23:02:41.9804672Z,,v3,6089,1896,,"O'Conner, Justin",592604,Right,LI,bbeb2661-650d-4a9c-9dab-465dd0079c69,54.96729,-115.02862,10.61773,5.70529,2.89995,-20.02727,-1.52776,2.86596,1.65199,,,,,,,,,,,,,,,,,,,,,,,,,,,,,,,,,,,,,,,,,,,,,,,,,,,High,High,High,,,,,
120,2025-07-05,19:03:06.31,4,5,"Sandberg, Ryan",806389,Right,LI,"DeLuca, Joe",700593,Left,HAG_FLY,Undefined,4,Bottom,2,2,2,Undefined,Curveball,StrikeSwinging,Strikeout,Undefined,Undefined,0,0,,80.12663,2.722154,-0.424801,2356.864307,31.314921,7:00,5.70139,1.5936,5.41401,-56.44566,-12.14725,-8.21296,3.54971,0.51123,73.54365,-7.527071,-1.88685,0.479033,,,,,,,,,,,,4.00571,-6.44146,-1.54995,50,5.90384,1.19425,-116.32245,3.50815,5.48694,21.87357,-40.99741,HAG_FLY,LI,HagerstownBallpark,Independent,ATL,20250705-HagerstownBallpark-1,30817c50-59f4-11f0-8072-0db8199850ee,78.68441,,,6.58297,,,,,,,ef6d4089-19c2-413e-a4a5-bd99adb12924,2025-07-05,23:03:06.31,2025-07-05T19:03:06.3173632-04:00,2025-07-05T23:03:06.3173632Z,,v3,6089,1896,,"O'Conner, Justin",592604,Right,LI,06d225af-5857-49b3-80fd-18df285091eb,55.08774,-117.27526,10.93678,5.71213,5.294,-20.4987,-1.59676,0.95523,2.74347,,,,,,,,,,,,,,,,,,,,,,,,,,,,,,,,,,,,,,,,,,,,,,,,,,,High,High,High,,,,,
121,2025-07-05,19:05:35.31,1,1,"Minaya, Julian",1000158661,Right,HAG_FLY,"O'Conner, Justin",592604,Right,LI,Undefined,5,Top,0,0,0,Undefined,Four-Seam,FoulBallNotFieldable,Undefined,Undefined,Undefined,0,0,,88.56618,-2.409449,-1.099971,2299.032841,199.382446,12:45,6.08543,0.847,6.15607,-16.37154,19.3171,6.34847,2.49343,0.3597,80.11785,-5.564385,0.045215,0.429968,,,,,,,,,,,,-3.64299,11.13453,-0.76673,50,5.89403,2.21036,-128.46539,-5.83671,-6.00983,29.80016,-13.80547,HAG_FLY,LI,HagerstownBallpark,Independent,ATL,20250705-HagerstownBallpark-1,895f6cb0-59f4-11f0-8072-0db8199850ee,87.66331,,,8.44833,,,,,,,ef6d4089-19c2-413e-a4a5-bd99adb12924,2025-07-05,23:05:35.31,2025-07-05T19:05:35.3121792-04:00,2025-07-05T23:05:35.3121792Z,,v3,6089,1896,,"Black, Mark",691773,Right,HAG_FLY,be6e70f4-04b1-485f-86fe-a28937ee2132,54.34054,-129.46835,14.90008,6.08265,-5.37207,-6.90273,-0.84452,2.41262,-3.00491,,,,,,,,,,,,,,,,,,,,,,,,,,,,,,,,,,,,,,,,,,,,,,,,,,,High,High,High,,,,,
122,2025-07-05,19:05:53.95,1,2,"Minaya, Julian",1000158661,Right,HAG_FLY,"O'Conner, Justin",592604,Right,LI,Undefined,5,Top,0,0,1,Undefined,Slider,BallCalled,Undefined,Undefined,Undefined,0,0,,81.97064,-2.114724,-2.280537,2024.167432,146.722363,11:00,5.96619,1.33159,5.74448,-35.93037,6.28528,-3.18851,1.00065,-1.05851,74.93461,-8.720837,-2.851538,0.467636,,,,,,,,,,,,0.93941,4.25296,-1.13997,50,5.76833,4.85626,-118.82223,-5.55878,1.33102,24.67432,-26.14829,HAG_FLY,LI,HagerstownBallpark,Independent,ATL,20250705-HagerstownBallpark-1,94814f00-59f4-11f0-8072-0db8199850ee,80.60205,,,7.03604,,,,,,,ef6d4089-19c2-413e-a4a5-bd99adb12924,2025-07-05,23:05:53.95,2025-07-05T19:05:53.9538944-04:00,2025-07-05T23:05:53.9538944Z,,v3,6089,1896,,"Black, Mark",691773,Right,HAG_FLY,dc1c6559-4a59-4858-baa4-5007b4816454,54.75293,-119.80515,12.33716,5.96902,-4.51715,-13.07415,-1.33237,4.80324,0.66551,,,,,,,,,,,,,,,,,,,,,,,,,,,,,,,,,,,,,,,,,,,,,,,,,,,High,High,High,,,,,
123,2025-07-05,19:06:06.99,1,3,"Minaya, Julian",1000158661,Right,HAG_FLY,"O'Conner, Justin",592604,Right,LI,Undefined,5,Top,0,1,1,Undefined,Four-Seam,StrikeCalled,Undefined,Undefined,Undefined,0,0,,88.85134,-2.49943,-0.494082,2271.754107,203.479488,12:45,6.05941,0.64405,6.14163,-16.20973,18.89403,7.71426,2.39731,0.83031,81.2261,-5.597857,0.897358,0.426431,,,,,,,,,,,,-4.12292,10.81312,-0.61028,50,5.86041,0.79818,-129.00937,-6.06815,-6.93948,27.16238,-13.97404,HAG_FLY,LI,HagerstownBallpark,Independent,ATL,20250705-HagerstownBallpark-1,9c481f70-59f4-11f0-8072-0db8199850ee,88.39056,,,7.62524,,,,,,,ef6d4089-19c2-413e-a4a5-bd99adb12924,2025-07-05,23:06:06.99,2025-07-05T19:06:06.9911552-04:00,2025-07-05T23:06:06.9911552Z,,v3,6089,1896,,"Black, Mark",691773,Right,HAG_FLY,ead14c9d-89a4-44a0-808f-b578a6c3c69a,54.35543,-129.92315,13.58119,6.05664,-5.59804,-6.98702,-0.64106,1.03164,-3.46974,,,,,,,,,,,,,,,,,,,,,,,,,,,,,,,,,,,,,,,,,,,,,,,,,,,High,High,High,,,,,
124,2025-07-05,19:06:22.37,1,4,"Minaya, Julian",1000158661,Right,HAG_FLY,"O'Conner, Justin",592604,Right,LI,Undefined,5,Top,0,1,2,Undefined,Four-Seam,BallCalled,Undefined,Undefined,Undefined,0,0,,89.38434,-3.28679,-2.938144,2300.948268,202.213814,12:45,6.00631,0.61844,6.15423,-13.40099,21.65773,8.33937,1.84559,-1.40351,81.03261,-5.896361,-1.436816,0.426157,,,,,,,,,,,,-5.19618,12.5504,-0.39923,50,5.74908,6.29886,-129.43716,-7.75735,-8.73618,29.28331,-11.07337,HAG_FLY,LI,HagerstownBallpark,Independent,ATL,20250705-HagerstownBallpark-1,a5716610-59f4-11f0-8072-0db8199850ee,88.44736,,,8.35173,,,,,,,ef6d4089-19c2-413e-a4a5-bd99adb12924,2025-07-05,23:06:22.37,2025-07-05T19:06:22.3726592-04:00,2025-07-05T23:06:22.3726592Z,,v3,6089,1896,,"Black, Mark",691773,Right,HAG_FLY,41fb74a6-5c0e-4b67-929a-75884853386d,54.34195,-130.41576,14.64166,6.00214,-7.38729,-5.53669,-0.61461,6.59081,-4.36809,,,,,,,,,,,,,,,,,,,,,,,,,,,,,,,,,,,,,,,,,,,,,,,,,,,High,High,High,,,,,
125,2025-07-05,19:06:38.38,1,5,"Minaya, Julian",1000158661,Right,HAG_FLY,"O'Conner, Justin",592604,Right,LI,Undefined,5,Top,0,2,2,Undefined,Slider,InPlay,Undefined,LineDrive,Triple,0,0,,81.50584,-1.491087,-2.03353,2034.963325,171.508775,11:45,5.98039,1.27868,5.84265,-33.57136,8.69784,-1.0948,1.79589,-0.70316,74.73007,-7.696595,-2.229897,0.467933,96.65114,17.068374,-9.416826,950.506098,108.60052,26.38005,-17.49018,293.94497,290.87875,-10.664512,2.913677,-0.02126,5.26114,-1.11244,50,5.83914,4.24157,-118.29683,-4.13297,-0.03002,23.33935,-24.74607,HAG_FLY,LI,HagerstownBallpark,Independent,ATL,20250705-HagerstownBallpark-1,aef46570-59f4-11f0-8072-0db8199850ee,80.55095,29.89091,,6.77578,,,,3.42268,2.04622,0.64667,ef6d4089-19c2-413e-a4a5-bd99adb12924,2025-07-05,23:06:38.38,2025-07-05T19:06:38.3877632-04:00,2025-07-05T23:06:38.3877632Z,LineDrive,v3,6089,1896,,"Black, Mark",691773,Right,HAG_FLY,00a7219d-4042-49a9-aa5d-ba2e3fbc9350,54.65593,-119.21188,11.66968,5.98216,-3.16277,-12.37304,-1.27876,4.24275,-0.01501,171.838174,3.42269,133.68479,-19.71894,4.17413,-0.8801,0.17325,-0.03005,0.00376,-0.00023,2.04622,41.60678,-16.77624,1.09555,-0.17099,0.02649,-0.00268,0.00034,-3E-05,0.64666,-22.17163,2.48803,-0.88084,0.24644,-0.05735,0.01058,-0.00134,8E-05,,,,,,,,,,,,,,,,,,,,,,,High,High,High,High,High,,,
126,2025-07-05,19:07:30.92,2,1,"Minaya, Julian",1000158661,Right,HAG_FLY,"Kaler, Kole",689179,Left,LI,Undefined,5,Top,0,0,0,Undefined,Four-Seam,StrikeCalled,Undefined,Undefined,Undefined,0,0,,89.54795,-3.18356,-1.699317,2321.647976,195.438381,12:30,6.01019,0.62279,6.22699,-16.82891,18.01387,4.63327,1.66625,-0.55938,81.15257,-6.409648,-0.862609,0.424842,,,,,,,,,,,,-2.94146,10.7093,-0.49812,50,5.76374,3.66369,-129.79836,-7.67593,-4.95908,30.15206,-14.11898,HAG_FLY,LI,HagerstownBallpark,Independent,ATL,20250705-HagerstownBallpark-1,ce4a6640-59f4-11f0-8072-0db8199850ee,88.721,,,8.39538,,,,,,,ef6d4089-19c2-413e-a4a5-bd99adb12924,2025-07-05,23:07:30.92,2025-07-05T19:07:30.9284352-04:00,2025-07-05T23:07:30.9284352Z,,v3,6089,1896,,"Black, Mark",691773,Right,HAG_FLY,ca9359d6-6e74-48a7-87eb-a30d3b2b89de,54.26968,-130.78644,15.07603,6.0077,-7.21325,-7.05949,-0.62084,3.8262,-2.47954,,,,,,,,,,,,,,,,,,,,,,,,,,,,,,,,,,,,,,,,,,,,,,,,,,,High,High,High,,,,,
127,2025-07-05,19:07:48.96,2,2,"Minaya, Julian",1000158661,Right,HAG_FLY,"Kaler, Kole",689179,Left,LI,Undefined,5,Top,0,0,1,Undefined,Changeup,BallCalled,Undefined,Undefined,Undefined,0,0,,80.15231,1.537169,-1.687831,1778.117455,227.167978,1:30,5.85655,1.2509,6.10495,-31.28234,12.0189,11.45253,4.67214,0.64401,72.93742,-4.340584,0.374407,0.473611,,,,,,,,,,,,-6.34126,6.18666,-1.12681,50,5.95841,2.9926,-116.3435,2.22144,-8.65972,22.57548,-23.72546,HAG_FLY,LI,HagerstownBallpark,Independent,ATL,20250705-HagerstownBallpark-1,d8f45970-59f4-11f0-8072-0db8199850ee,79.58525,,,7.21489,,,,,,,ef6d4089-19c2-413e-a4a5-bd99adb12924,2025-07-05,23:07:48.96,2025-07-05T19:07:48.9625600-04:00,2025-07-05T23:07:48.9625600Z,,v3,6089,1896,,"Black, Mark",691773,Right,HAG_FLY,7cecd593-d3c1-44fe-9a8f-22fd741e8022,54.39046,-117.19234,11.28774,5.85812,3.11351,-11.86273,-1.24546,3.3182,-4.32986,,,,,,,,,,,,,,,,,,,,,,,,,,,,,,,,,,,,,,,,,,,,,,,,,,,High,High,High,,,,,
128,2025-07-05,19:08:08.22,2,3,"Minaya, Julian",1000158661,Right,HAG_FLY,"Kaler, Kole",689179,Left,LI,Undefined,5,Top,0,1,1,Undefined,Four-Seam,FoulBallNotFieldable,Undefined,Undefined,Undefined,0,0,,90.2792,-2.036719,-1.698371,2297.767884,211.289162,1:00,6.02848,0.69024,6.0306,-15.23363,19.36517,11.00335,2.87129,0.03396,81.37473,-4.984527,0.281095,0.423352,77.80998,41.487366,-37.692988,4156.655555,79.96814,73.45266,-75.53184,267.28678,123.30484,-50.319572,4.578549,-6.22315,10.99351,-0.56352,50,5.86115,3.41699,-130.89321,-5.06253,-10.63116,31.57743,-13.3936,HAG_FLY,LI,HagerstownBallpark,Independent,ATL,20250705-HagerstownBallpark-1,e4859f60-59f4-11f0-8072-0db8199850ee,89.03328,79.33378,,8.90446,,,,1.45464,3.24604,-0.45955,ef6d4089-19c2-413e-a4a5-bd99adb12924,2025-07-05,23:08:08.22,2025-07-05T19:08:08.2214400-04:00,2025-07-05T23:08:08.2214400Z,FlyBall,v3,6089,1896,,"Black, Mark",691773,Right,HAG_FLY,23fb32a5-5ae8-40c3-bfce-e1c4a3685d3c,54.46572,-131.96615,15.78871,6.02543,-4.60744,-6.6968,-0.68576,3.77822,-5.31558,,1.45671,67.60853,-14.56667,3.46969,-0.77123,0.20667,-0.06125,0.01117,-0.00079,3.24814,75.54553,-21.44524,1.37731,0.24057,-0.26605,0.08684,-0.01274,0.0007,-0.46251,-52.20053,1.71548,0.69717,-0.66907,0.30493,-0.07711,0.00996,-0.00051,,,,,,,,,,,,,,,,,,,,,,,High,High,High,High,Low,,,
129,2025-07-05,19:08:38.91,2,4,"Minaya, Julian",1000158661,Right,HAG_FLY,"Kaler, Kole",689179,Left,LI,Undefined,5,Top,0,1,2,Undefined,Slider,BallCalled,Undefined,Undefined,Undefined,0,0,,80.61035,-1.77965,-0.735814,2006.631105,144.535059,10:45,5.90236,1.24537,5.7185,-34.06482,9.43886,-5.69563,1.40522,0.0853,73.7752,-8.06693,-1.756247,0.474717,,,,,,,,,,,,2.68378,5.76311,-1.18032,50,5.7327,1.72386,-116.96451,-4.71424,3.6966,23.23992,-24.23604,HAG_FLY,LI,HagerstownBallpark,Independent,ATL,20250705-HagerstownBallpark-1,f6dc2440-59f4-11f0-8072-0db8199850ee,79.39986,,,6.83515,,,,,,,ef6d4089-19c2-413e-a4a5-bd99adb12924,2025-07-05,23:08:38.91,2025-07-05T19:08:38.9168640-04:00,2025-07-05T23:08:38.9168640Z,,v3,6089,1896,,"Black, Mark",691773,Right,HAG_FLY,2804b000-76ae-4689-b4bf-b2df371417f1,54.77812,-117.91006,11.61996,5.90445,-3.72816,-12.11802,-1.2474,1.57346,1.8483,,,,,,,,,,,,,,,,,,,,,,,,,,,,,,,,,,,,,,,,,,,,,,,,,,,High,High,High,,,,,
130,2025-07-05,19:08:57.91,2,5,"Minaya, Julian",1000158661,Right,HAG_FLY,"Kaler, Kole",689179,Left,LI,Undefined,5,Top,0,2,2,Undefined,Slider,InPlay,Undefined,FlyBall,Sacrifice,1,1,,81.37246,-1.572176,-1.281795,2038.033333,121.297596,10:00,5.86785,1.57155,5.52621,-37.59789,5.69437,-6.87933,1.26421,-0.20021,74.07796,-8.473154,-2.509759,0.473562,81.20867,29.074169,26.194292,2538.291769,97.93077,48.13494,50.09502,280.69749,271.92498,28.630771,4.122948,3.09677,3.78512,-1.45532,50,5.70614,2.91294,-117.97174,-4.49436,4.3071,25.18421,-26.90957,HAG_FLY,LI,HagerstownBallpark,Independent,ATL,20250705-HagerstownBallpark-1,0227aea0-59f5-11f0-8072-0db8199850ee,79.59354,54.91927,,7.2945,,,,2.91787,1.59746,0.24525,ef6d4089-19c2-413e-a4a5-bd99adb12924,2025-07-05,23:08:57.91,2025-07-05T19:08:57.9199488-04:00,2025-07-05T23:08:57.9199488Z,LineDrive,v3,6089,1896,,"Black, Mark",691773,Right,HAG_FLY,6ef03e75-3c14-418e-ae64-8e13817db0ac,54.97119,-119.02824,12.59211,5.87101,-3.36548,-13.45478,-1.57372,2.73225,2.15355,,2.91949,93.3643,-16.56644,3.72525,-0.54434,-0.01774,0.01976,-0.00208,3E-05,1.59645,57.90232,-17.3404,1.06664,-0.16242,0.01968,0.00963,-0.00332,0.00028,0.24622,45.92513,-4.42722,-0.1031,0.38065,-0.17722,0.04381,-0.00523,0.00023,,,,,,,,,,,,,,,,,,,,,,,High,High,High,High,High,,,
131,2025-07-05,19:09:39.73,3,1,"Minaya, Julian",1000158661,Right,HAG_FLY,"Roller, Chris",676896,Right,LI,Undefined,5,Top,1,0,0,Undefined,Slider,StrikeSwinging,Undefined,Undefined,Undefined,0,0,,83.11497,-1.283675,-1.298923,2113.036449,107.701305,9:30,5.9009,1.40883,5.71406,-38.12557,3.08914,-5.16496,1.52743,-0.23183,75.58076,-8.299593,-2.224248,0.462059,,,,,,,,,,,,2.21988,2.39516,-1.29692,50,5.77005,2.94098,-120.53713,-3.98628,3.22141,26.41164,-28.69824,HAG_FLY,LI,HagerstownBallpark,Independent,ATL,20250705-HagerstownBallpark-1,1b155d90-59f5-11f0-8072-0db8199850ee,81.57493,,,7.53421,,,,,,,ef6d4089-19c2-413e-a4a5-bd99adb12924,2025-07-05,23:09:39.73,2025-07-05T19:09:39.7314048-04:00,2025-07-05T23:09:39.7314048Z,,v3,6089,1896,,"Black, Mark",691773,Right,HAG_FLY,ddbf7c30-5d9c-43ed-8961-bb3f021040a0,54.78271,-121.58058,13.20582,5.90514,-2.85249,-14.34912,-1.41059,2.81371,1.6107,,,,,,,,,,,,,,,,,,,,,,,,,,,,,,,,,,,,,,,,,,,,,,,,,,,High,High,High,,,,,
132,2025-07-05,19:09:54.31,3,2,"Minaya, Julian",1000158661,Right,HAG_FLY,"Roller, Chris",676896,Right,LI,Undefined,5,Top,1,0,1,Undefined,Slider,BallCalled,Undefined,Undefined,Undefined,0,0,,82.22502,-1.916849,-1.688553,2189.765316,54.153522,7:45,5.9001,1.22071,5.54802,-44.14991,-1.78713,-4.48162,0.42826,-0.73112,75.15798,-9.951422,-2.489822,0.468451,,,,,,,,,,,,1.76181,0.03083,-1.07142,50,5.7046,3.69102,-119.21497,-5.51402,2.50231,25.71778,-32.13025,HAG_FLY,LI,HagerstownBallpark,Independent,ATL,20250705-HagerstownBallpark-1,23c3f5f0-59f5-11f0-8072-0db8199850ee,80.46194,,,7.06703,,,,,,,ef6d4089-19c2-413e-a4a5-bd99adb12924,2025-07-05,23:09:54.31,2025-07-05T19:09:54.3138816-04:00,2025-07-05T23:09:54.3138816Z,,v3,6089,1896,,"Black, Mark",691773,Right,HAG_FLY,4ce77a25-e856-4ec2-8a79-4c46bbf72f32,54.95119,-120.27833,12.85889,5.90513,-4.18552,-16.06513,-1.22189,3.58756,1.25115,,,,,,,,,,,,,,,,,,,,,,,,,,,,,,,,,,,,,,,,,,,,,,,,,,,High,High,High,,,,,
133,2025-07-05,19:10:11.88,3,3,"Minaya, Julian",1000158661,Right,HAG_FLY,"Roller, Chris",676896,Right,LI,Undefined,5,Top,1,1,1,Undefined,Four-Seam,FoulBallNotFieldable,Undefined,Undefined,Undefined,0,0,,89.63916,-2.678897,-1.81683,2240.448932,187.901299,12:15,6.00388,0.67469,6.11561,-15.56753,19.4767,2.52441,2.22674,-0.79528,80.82754,-5.687605,-1.362114,0.426069,,,,,,,,,,,,-1.87988,11.26426,-0.53667,50,5.79016,4.0122,-129.86564,-6.47822,-3.16143,31.06899,-13.23094,HAG_FLY,LI,HagerstownBallpark,Independent,ATL,20250705-HagerstownBallpark-1,2e3ffb50-59f5-11f0-8072-0db8199850ee,88.46564,,,8.81162,,,,,,,ef6d4089-19c2-413e-a4a5-bd99adb12924,2025-07-05,23:10:11.88,2025-07-05T19:10:11.8893568-04:00,2025-07-05T23:10:11.8893568Z,,v3,6089,1896,,"Black, Mark",691773,Right,HAG_FLY,92d493f3-19f7-472e-a3b3-e4d2c1464d3b,54.37842,-130.90894,15.5345,6.00024,-6.03392,-6.61547,-0.67318,4.11836,-1.58072,,,,,,,,,,,,,,,,,,,,,,,,,,,,,,,,,,,,,,,,,,,,,,,,,,,High,High,High,,,,,
134,2025-07-05,19:10:47.87,3,4,"Minaya, Julian",1000158661,Right,HAG_FLY,"Roller, Chris",676896,Right,LI,Undefined,5,Top,1,1,2,Undefined,Cutter,BallCalled,Undefined,Undefined,Undefined,0,0,,85.59782,-2.39215,-3.00815,2185.766322,193.603793,12:30,5.90997,1.3389,5.86696,-25.32686,13.06552,2.85669,1.57297,-1.21988,78.29206,-7.109939,-2.496388,0.445958,,,,,,,,,,,,-2.33268,7.75485,-1.09683,50,5.70126,6.40467,-124.05825,-5.98519,-3.62346,25.57543,-20.12802,HAG_FLY,LI,HagerstownBallpark,Independent,ATL,20250705-HagerstownBallpark-1,43ae2070-59f5-11f0-8072-0db8199850ee,84.52012,,,7.30576,,,,,,,ef6d4089-19c2-413e-a4a5-bd99adb12924,2025-07-05,23:10:47.87,2025-07-05T19:10:47.8726656-04:00,2025-07-05T23:10:47.8726656Z,,v3,6089,1896,,"Black, Mark",691773,Right,HAG_FLY,16143c64-d475-4d0c-aaa6-3c26f69dcf43,54.63039,-125.00919,12.78772,5.90989,-5.23679,-10.06401,-1.33747,6.53939,-1.81173,,,,,,,,,,,,,,,,,,,,,,,,,,,,,,,,,,,,,,,,,,,,,,,,,,,High,High,High,,,,,
135,2025-07-05,19:11:05.91,3,5,"Minaya, Julian",1000158661,Right,HAG_FLY,"Roller, Chris",676896,Right,LI,Undefined,5,Top,1,2,2,Undefined,Four-Seam,FoulBallNotFieldable,Undefined,Undefined,Undefined,0,0,,89.52068,-3.073303,-1.61953,2251.746481,205.500738,12:45,6.00079,0.71872,6.16074,-14.56359,20.1897,9.06721,1.94426,-0.02216,81.47429,-5.882493,0.015727,0.424296,82.47777,13.768819,-61.802298,3576.976497,48.07909,9.50056,-98.93619,152.13048,113.68935,-66.142895,1.499662,-5.22693,11.75788,-0.60066,50,5.76008,3.31186,-129.86065,-7.35483,-8.86651,28.87867,-12.22906,HAG_FLY,LI,HagerstownBallpark,Independent,ATL,20250705-HagerstownBallpark-1,4e669290-59f5-11f0-8072-0db8199850ee,88.83518,11.71605,,8.0464,,,,3.58762,2.1503,-0.01773,ef6d4089-19c2-413e-a4a5-bd99adb12924,2025-07-05,23:11:05.91,2025-07-05T19:11:05.9181056-04:00,2025-07-05T23:11:05.9181056Z,LineDrive,v3,6089,1896,,"Black, Mark",691773,Right,HAG_FLY,bc9118fe-ee0a-4ba2-9b11-9251bd49f7b0,54.33805,-130.82179,14.43933,5.99809,-6.94782,-6.11453,-0.71579,3.60696,-4.43325,,3.58762,55.51634,-14.7537,3.10412,-0.68331,0.15135,-0.03316,0.00568,-0.00052,2.1503,28.79079,-23.30607,2.82642,-0.64982,0.14732,-0.03136,0.00556,-0.00052,-0.01773,-103.54752,9.57994,-2.13321,0.47991,-0.10689,0.02315,-0.00396,0.00036,,,,,,,,,,,,,,,,,,,,,,,High,High,High,Medium,Medium,,,
136,2025-07-05,19:11:31.38,3,6,"Minaya, Julian",1000158661,Right,HAG_FLY,"Roller, Chris",676896,Right,LI,Undefined,5,Top,1,2,2,Undefined,Four-Seam,InPlay,Undefined,GroundBall,Single,0,0,,89.89596,-1.757059,-1.640577,2281.04327,203.799434,12:45,6.01282,0.65896,6.14457,-15.06304,19.67103,8.11926,3.13277,-0.18083,81.00999,-4.683107,-0.176943,0.424179,97.26922,-1.681076,-24.619888,3251.665774,,,,45.24064,42.36284,-23.949241,0.314179,-4.74862,11.11882,-0.53825,50,5.87133,3.40099,-130.38838,-4.38867,-8.04625,31.44292,-13.33392,HAG_FLY,LI,HagerstownBallpark,Independent,ATL,20250705-HagerstownBallpark-1,5d9b8c20-59f5-11f0-8072-0db8199850ee,88.85972,3.28699,,8.88597,,,,2.69659,3.28699,0.20087,ef6d4089-19c2-413e-a4a5-bd99adb12924,2025-07-05,23:11:31.38,2025-07-05T19:11:31.3887744-04:00,2025-07-05T23:11:31.3887744Z,GroundBall,v3,6089,1896,,"Black, Mark",691773,Right,HAG_FLY,9ba0e07e-52ee-4437-943a-d7f14c203d65,54.35202,-131.43368,15.72146,6.00986,-3.9454,-6.66696,-0.65576,3.66848,-4.02312,59.811527,2.70117,129.44252,-20.54635,,,,,,,3.2906,-4.33831,-19.56339,,,,,,,0.20197,-59.45328,1.13052,,,,,,,,,,,,,,,,,,,,,,,,,,,,,High,High,High,High,High,,,
137,2025-07-05,19:12:17.25,4,1,"Minaya, Julian",1000158661,Right,HAG_FLY,"Town, River",701817,Left,LI,Undefined,5,Top,1,0,0,Undefined,Changeup,BallCalled,Undefined,Undefined,Undefined,0,0,,78.02603,1.26267,-1.066037,1651.847715,266.323927,3:00,5.78606,1.40213,5.83779,-44.06349,2.58339,14.24765,3.28804,1.59854,70.5244,-6.905482,1.490254,0.491567,,,,,,,,,,,,-7.54496,1.46276,-1.32333,50,5.86369,1.55388,-113.1535,1.10747,-9.62779,23.68658,-30.30748,HAG_FLY,LI,HagerstownBallpark,Independent,ATL,20250705-HagerstownBallpark-1,78e44210-59f5-11f0-8072-0db8199850ee,76.67814,,,7.50163,,,,,,,ef6d4089-19c2-413e-a4a5-bd99adb12924,2025-07-05,23:12:17.25,2025-07-05T19:12:17.2540000-04:00,2025-07-05T23:12:17.2540000Z,,v3,6089,1896,,"Black, Mark",691773,Right,HAG_FLY,ccf7a87a-3a9b-4c9b-9b71-bd72b5a3cf79,54.65755,-114.1243,11.84329,5.79284,2.34964,-15.15374,-1.3951,1.94848,-4.81389,,,,,,,,,,,,,,,,,,,,,,,,,,,,,81.94096,2.028651,0.761293,1.267358,-1.68521,2.89775,-1.68328,-1.93401,5.97548,-1.54914,127.27978,7.10167,-7.56144,-1.72947,116.79806,-11.96994,5.99703,15.95483,-11.91845,-1.50366,-2.57244,-1.77004,High,High,High,,,High,High,High
138,2025-07-05,19:12:47.05,4,2,"Minaya, Julian",1000158661,Right,HAG_FLY,"Town, River",701817,Left,LI,Undefined,5,Top,1,1,0,Undefined,Four-Seam,BallCalled,Undefined,Undefined,Undefined,0,0,,88.38496,-2.425757,-0.684333,2195.867322,221.245557,1:15,6.04802,0.80796,5.98163,-20.67513,15.78619,12.6017,2.07516,1.22376,79.2336,-6.361377,1.582775,0.434598,,,,,,,,,,,,-6.6313,9.32725,-0.76044,50,5.84509,0.98235,-127.99837,-6.02829,-10.74995,32.04894,-17.05373,HAG_FLY,LI,HagerstownBallpark,Independent,ATL,20250705-HagerstownBallpark-1,8aa16d20-59f5-11f0-8072-0db8199850ee,86.72949,,,9.15136,,,,,,,ef6d4089-19c2-413e-a4a5-bd99adb12924,2025-07-05,23:12:47.05,2025-07-05T19:12:47.0562304-04:00,2025-07-05T23:12:47.0562304Z,,v3,6089,1896,,"Black, Mark",691773,Right,HAG_FLY,dab9f0ae-8795-46e5-ac2e-a62ef4d23d4f,54.51092,-129.1229,16.02447,6.04611,-5.42991,-8.52687,-0.80153,1.35955,-5.37498,,,,,,,,,,,,,,,,,,,,,,,,,,,,,,,,,,,,,,,,,,,,,,,,,,,High,High,High,,,,,
139,2025-07-05,19:13:04.92,4,3,"Minaya, Julian",1000158661,Right,HAG_FLY,"Town, River",701817,Left,LI,Undefined,5,Top,1,2,0,Undefined,Four-Seam,InPlay,Undefined,LineDrive,Single,0,0,,88.98891,-2.542128,-1.684445,2264.915023,209.116073,1:00,6.04359,0.55811,6.13247,-16.80343,18.89359,9.76154,2.29114,-0.18575,79.85268,-5.789821,0.075247,0.430019,86.48704,12.516564,-18.752035,2734.284196,101.68909,11.87431,-41.94371,172.05653,171.8285,-24.619569,1.68588,-5.61426,11.01134,-0.43446,50,5.84074,3.38647,-128.91641,-6.16768,-9.24835,32.08608,-14.03513,HAG_FLY,LI,HagerstownBallpark,Independent,ATL,20250705-HagerstownBallpark-1,95626ac0-59f5-11f0-8072-0db8199850ee,87.65304,12.63944,,9.13623,,,,0.85602,2.20787,0.21195,ef6d4089-19c2-413e-a4a5-bd99adb12924,2025-07-05,23:13:04.92,2025-07-05T19:13:04.9235456-04:00,2025-07-05T23:13:04.9235456Z,LineDrive,v3,6089,1896,,"Black, Mark",691773,Right,HAG_FLY,a4af900a-4c27-4a5f-b52d-7d94da282257,54.3626,-129.99768,16.04304,6.04061,-5.69471,-7.01757,-0.55383,3.69813,-4.62417,97.997706,0.85601,117.26086,-19.5892,3.97184,-1.18864,0.68835,-0.40238,0.13378,-0.01833,2.20787,27.49025,-19.18602,1.54452,-0.13116,-0.13811,0.12362,-0.04489,0.00638,0.21194,-39.80707,-3.94647,2.2708,-1.24696,1.00355,-0.62341,0.21167,-0.02939,,,,,,,,,,,,,,,,,,,,,,,High,High,High,High,High,,,
140,2025-07-05,19:13:50.06,5,1,"Minaya, Julian",1000158661,Right,HAG_FLY,"Castillo, Ivan",622668,Left,LI,Undefined,5,Top,1,0,0,Undefined,Four-Seam,InPlay,Undefined,Popup,Single,0,2,,88.33094,-2.705799,-1.431936,2289.767541,215.906739,1:15,5.99304,0.67096,6.1909,-18.19725,17.67032,11.86406,1.97585,0.33733,79.93589,-6.188135,0.710004,0.431045,74.94526,25.007464,11.259534,1913.186249,108.28184,36.72227,19.36547,235.22372,235.22372,9.440088,3.291905,-6.62241,10.39363,-0.56905,50,5.77992,2.72685,-128.09285,-6.55331,-10.85571,29.76132,-15.13645,HAG_FLY,LI,HagerstownBallpark,Independent,ATL,20250705-HagerstownBallpark-1,b042e900-59f5-11f0-8072-0db8199850ee,87.44434,37.89487,,8.39506,,,,1.63371,2.04494,-0.32107,ef6d4089-19c2-413e-a4a5-bd99adb12924,2025-07-05,23:13:50.06,2025-07-05T19:13:50.0614656-04:00,2025-07-05T23:13:50.0614656Z,LineDrive,v3,6089,1896,,"Black, Mark",691773,Right,HAG_FLY,e857cc3c-2212-4ed8-b9b4-f8b6b255ab18,54.30608,-129.08946,14.88066,5.99088,-6.04645,-7.56823,-0.66644,3.09037,-5.42785,170.508532,1.63369,97.69757,-15.36793,3.54064,-0.68389,0.1079,-0.00991,-0.00052,0.00017,2.04483,46.47182,-15.9713,0.73748,-0.17987,0.09582,-0.04039,0.00926,-0.00084,-0.32107,19.45,-4.30623,1.02297,-0.20226,0.03227,-0.00301,-0.00011,4E-05,,,,,,,,,,,,,,,,,,,,,,,High,High,High,High,High,,,
141,2025-07-05,19:15:07.86,6,1,"Minaya, Julian",1000158661,Right,HAG_FLY,"Thomas, Cody",642137,Left,LI,Undefined,5,Top,1,0,0,Undefined,Four-Seam,BallCalled,Undefined,Undefined,Undefined,0,0,,86.55386,-0.919472,-0.040907,2117.948095,198.535428,12:30,6.10172,0.68732,6.35109,-16.09828,21.00871,6.59827,3.91379,1.19952,78.04414,-4.06042,1.153594,0.438429,,,,,,,,,,,,-3.41095,11.57331,-0.68705,50,6.02707,-0.17598,-125.62945,-2.38048,-5.37324,28.85001,-13.94266,HAG_FLY,LI,HagerstownBallpark,Independent,ATL,20250705-HagerstownBallpark-1,dea525b0-59f5-11f0-8072-0db8199850ee,85.97157,,,8.50972,,,,,,,ef6d4089-19c2-413e-a4a5-bd99adb12924,2025-07-05,23:15:07.86,2025-07-05T19:15:07.8601728-04:00,2025-07-05T23:15:07.8601728Z,,v3,6089,1896,,"Black, Mark",691773,Right,HAG_FLY,aee36c8b-bf09-4ba7-b515-f1060c869cbd,54.1423,-126.57712,14.42501,6.09774,-1.92248,-6.97133,-0.68417,0.00052,-2.68662,,,,,,,,,,,,,,,,,,,,,,,,,,,,,,,,,,,,,,,,,,,,,,,,,,,High,High,High,,,,,
142,2025-07-05,19:15:25.60,6,2,"Minaya, Julian",1000158661,Right,HAG_FLY,"Thomas, Cody",642137,Left,LI,Undefined,5,Top,1,1,0,Undefined,Four-Seam,FoulBallNotFieldable,Undefined,Undefined,Undefined,0,0,,87.55499,-2.072498,-2.035091,2143.867172,200.41548,12:45,6.0662,0.52863,6.21033,-15.60816,20.83163,7.27122,2.85075,-0.74443,79.17409,-5.101129,-0.723219,0.434469,106.23669,32.642776,46.854565,2944.171146,70.34677,63.89618,84.56547,397.28296,153.23445,61.998866,5.032334,-4.43721,11.85627,-0.37966,50,5.90293,4.22748,-126.99884,-4.98627,-7.15492,29.08693,-13.05593,HAG_FLY,LI,HagerstownBallpark,Independent,ATL,20250705-HagerstownBallpark-1,e9337a90-59f5-11f0-8072-0db8199850ee,86.75511,93.76304,,8.3809,,,,2.8052,3.453,0.79099,ef6d4089-19c2-413e-a4a5-bd99adb12924,2025-07-05,23:15:25.60,2025-07-05T19:15:25.6025600-04:00,2025-07-05T23:15:25.6025600Z,FlyBall,v3,6089,1896,,"Black, Mark",691773,Right,HAG_FLY,f0f65628-b3de-4dd2-a9e1-8cacdf38655c,54.28695,-127.97693,14.54347,6.06322,-4.54725,-6.52796,-0.52586,4.46807,-3.57746,,2.8044,89.7451,-24.49144,6.31166,-1.46601,0.29524,-0.04911,0.00532,-0.00025,3.45454,84.00675,-23.38528,2.33801,-0.30267,-0.00939,0.01423,-0.0023,0.00012,0.7914,95.72247,-8.99836,1.39116,-0.32892,0.117,-0.0324,0.00479,-0.00028,,,,,,,,,,,,,,,,,,,,,,,High,High,High,High,Low,,,
143,2025-07-05,19:15:50.15,6,3,"Minaya, Julian",1000158661,Right,HAG_FLY,"Thomas, Cody",642137,Left,LI,Undefined,5,Top,1,1,1,Undefined,Changeup,BallCalled,Undefined,Undefined,Undefined,0,0,,77.31086,-1.88076,-3.258397,1652.700918,254.747128,2:30,5.83378,1.27273,5.86701,-41.32235,5.42516,14.61532,0.63975,-0.53932,71.49474,-9.457376,-0.634833,0.492097,,,,,,,,,,,,-8.44536,3.67264,-1.01752,50,5.65687,5.87022,-112.18019,-4.9405,-10.79067,19.78553,-27.48151,HAG_FLY,LI,HagerstownBallpark,Independent,ATL,20250705-HagerstownBallpark-1,f7e00a40-59f5-11f0-8072-0db8199850ee,76.59554,,,5.81612,,,,,,,ef6d4089-19c2-413e-a4a5-bd99adb12924,2025-07-05,23:15:50.15,2025-07-05T19:15:50.1599232-04:00,2025-07-05T23:15:50.1599232Z,,v3,6089,1896,,"Black, Mark",691773,Right,HAG_FLY,b7087270-0c16-4371-a023-6444a7fdcabb,54.63343,-112.99445,9.89277,5.83692,-3.80952,-13.74075,-1.26824,6.3143,-5.39533,,,,,,,,,,,,,,,,,,,,,,,,,,,,,,,,,,,,,,,,,,,,,,,,,,,High,High,High,,,,,
144,2025-07-05,19:16:10.00,6,4,"Minaya, Julian",1000158661,Right,HAG_FLY,"Thomas, Cody",642137,Left,LI,Undefined,5,Top,1,2,1,Undefined,Four-Seam,BallCalled,Undefined,Undefined,Undefined,0,0,,89.10725,-2.708829,-0.468988,2317.341986,209.443169,1:00,6.06738,0.65838,6.10678,-16.4893,18.41265,9.76615,2.18642,1.03854,81.62038,-5.848135,1.291532,0.425203,,,,,,,,,,,,-5.15685,10.58615,-0.6273,50,5.85044,0.65648,-129.37365,-6.57574,-8.74536,26.83713,-14.22123,HAG_FLY,LI,HagerstownBallpark,Independent,ATL,20250705-HagerstownBallpark-1,03933010-59f6-11f0-8072-0db8199850ee,88.64574,,,7.48687,,,,,,,ef6d4089-19c2-413e-a4a5-bd99adb12924,2025-07-05,23:16:10.00,2025-07-05T19:16:10.0007936-04:00,2025-07-05T23:16:10.0007936Z,,v3,6089,1896,,"Black, Mark",691773,Right,HAG_FLY,7f815249-82b0-42d8-8532-59e3368a84b0,54.3903,-130.28119,13.41856,6.06468,-6.09483,-7.11062,-0.6545,0.95221,-4.37268,,,,,,,,,,,,,,,,,,,,,,,,,,,,,,,,,,,,,,,,,,,,,,,,,,,High,High,High,,,,,
145,2025-07-05,19:16:31.39,6,5,"Minaya, Julian",1000158661,Right,HAG_FLY,"Thomas, Cody",642137,Left,LI,Undefined,5,Top,1,3,1,Undefined,Four-Seam,BallCalled,Walk,Undefined,Undefined,0,0,,89.69584,-3.619834,-1.504878,2340.543845,199.238507,12:45,6.01579,0.58423,6.28174,-13.82698,20.2984,6.71748,1.52168,-0.24329,82.52563,-6.273497,-0.290617,0.420446,,,,,,,,,,,,-3.90166,11.84847,-0.47646,50,5.74158,3.15525,-130.18685,-8.58794,-6.73187,25.9664,-11.73091,HAG_FLY,LI,HagerstownBallpark,Independent,ATL,20250705-HagerstownBallpark-1,106cd480-59f6-11f0-8072-0db8199850ee,89.64875,,,7.17021,,,,,,,ef6d4089-19c2-413e-a4a5-bd99adb12924,2025-07-05,23:16:31.39,2025-07-05T19:16:31.3952256-04:00,2025-07-05T23:16:31.3952256Z,,v3,6089,1896,,"Black, Mark",691773,Right,HAG_FLY,3eab7172-520a-4648-bc8a-17ca0e0f0d5b,54.21701,-131.02526,12.9832,6.01276,-8.20918,-5.86545,-0.58185,3.37261,-3.36593,,,,,,,,,,,,,,,,,,,,,,,,,,,,,,,,,,,,,,,,,,,,,,,,,,,High,High,High,,,,,
146,2025-07-05,19:18:11.25,7,1,"Minaya, Julian",1000158661,Right,HAG_FLY,"Kohlwey, Taylor",670128,Left,LI,Undefined,5,Top,1,0,0,Undefined,Four-Seam,BallCalled,Undefined,Undefined,Undefined,0,0,,88.68123,-4.92997,-1.673447,2268.489593,210.593703,1:00,6.02767,0.65187,6.21595,-17.74371,17.28753,9.59552,-0.01361,-0.09322,82.01142,-8.260193,0.060007,0.42599,,,,,,,,,,,,-5.46658,10.59741,-0.53148,50,5.64854,3.38826,-128.52725,-11.59895,-9.21449,24.72097,-14.31098,HAG_FLY,LI,HagerstownBallpark,Independent,ATL,20250705-HagerstownBallpark-1,4be82fa0-59f6-11f0-8072-0db8199850ee,88.48205,,,6.66981,,,,,,,ef6d4089-19c2-413e-a4a5-bd99adb12924,2025-07-05,23:18:11.25,2025-07-05T19:18:11.2549888-04:00,2025-07-05T23:18:11.2549888Z,,v3,6089,1896,,"Black, Mark",691773,Right,HAG_FLY,56f6f04b-a2eb-4277-8ba5-895015b05c02,54.28432,-129.34868,12.36049,6.02604,-11.12343,-7.15549,-0.64915,3.69443,-4.60725,,,,,,,,,,,,,,,,,,,,,,,,,,,,,,,,,,,,,,,,,,,,,,,,,,,High,High,High,,,,,
147,2025-07-05,19:18:40.78,7,2,"Minaya, Julian",1000158661,Right,HAG_FLY,"Kohlwey, Taylor",670128,Left,LI,Undefined,5,Top,1,1,0,Undefined,Four-Seam,FoulBallNotFieldable,Undefined,Undefined,Undefined,0,0,,88.25355,-1.606639,-0.876697,2273.945231,210.610174,1:00,6.03776,0.49344,6.2112,-17.73084,18.16359,9.98355,3.07687,0.51624,79.66556,-5.019789,0.926289,0.431206,,,,,,,,,,,,-5.46244,10.30599,-0.4326,50,5.90844,1.55755,-128.06979,-4.06472,-8.93798,30.10559,-15.31085,HAG_FLY,LI,HagerstownBallpark,Independent,ATL,20250705-HagerstownBallpark-1,5d929600-59f6-11f0-8072-0db8199850ee,87.41168,,,8.58799,,,,,,,ef6d4089-19c2-413e-a4a5-bd99adb12924,2025-07-05,23:18:40.78,2025-07-05T19:18:40.7856640-04:00,2025-07-05T23:18:40.7856640Z,,v3,6089,1896,,"Black, Mark",691773,Right,HAG_FLY,ab0a1afb-192d-467a-a406-c10d9107d44a,54.28497,-129.07313,15.0528,6.0354,-3.55445,-7.65542,-0.48947,1.85543,-4.46899,,,,,,,,,,,,,,,,,,,,,,,,,,,,,,,,,,,,,,,,,,,,,,,,,,,High,High,High,,,,,
148,2025-07-05,19:19:06.54,7,3,"Minaya, Julian",1000158661,Right,HAG_FLY,"Kohlwey, Taylor",670128,Left,LI,Undefined,5,Top,1,1,1,Undefined,Slider,BallCalled,Undefined,Undefined,Undefined,0,0,,79.88488,0.41477,-0.48972,2092.201942,189.187575,12:15,5.86816,1.39894,5.69588,-34.48144,10.01339,1.37185,3.38125,1.05689,72.47157,-5.99876,-0.244295,0.480094,,,,,,,,,,,,-0.84189,5.42981,-1.35867,50,5.88183,0.93586,-115.88128,-0.2442,-1.13358,23.63521,-24.86309,HAG_FLY,LI,HagerstownBallpark,Independent,ATL,20250705-HagerstownBallpark-1,6cd83160-59f6-11f0-8072-0db8199850ee,78.51054,,,7.4133,,,,,,,ef6d4089-19c2-413e-a4a5-bd99adb12924,2025-07-05,23:19:06.54,2025-07-05T19:19:06.5433600-04:00,2025-07-05T23:19:06.5433600Z,,v3,6089,1896,,"Black, Mark",691773,Right,HAG_FLY,67ca20cb-ae1e-446e-9d9b-0d9cb8c6a7aa,54.79843,-116.85588,11.81761,5.87076,0.78102,-12.43155,-1.39823,0.98261,-0.56679,,,,,,,,,,,,,,,,,,,,,,,,,,,,,,,,,,,,,,,,,,,,,,,,,,,High,High,High,,,,,
149,2025-07-05,19:19:25.84,7,4,"Minaya, Julian",1000158661,Right,HAG_FLY,"Kohlwey, Taylor",670128,Left,LI,Undefined,5,Top,1,2,1,Undefined,Four-Seam,InPlay,Undefined,LineDrive,Single,0,1,,87.82379,-0.577881,-0.535218,2233.492592,198.01138,12:30,6.08506,0.56686,6.32569,-17.99777,18.07029,5.45737,4.05303,0.52875,79.18996,-4.055344,0.452363,0.432248,103.78549,7.021005,20.14089,1475.492999,101.92476,5.49104,41.36823,143.82959,141.75242,22.989531,1.127239,-3.02221,9.97264,-0.53033,50,6.03433,0.97677,-127.51816,-1.7529,-4.90018,29.96529,-16.00449,HAG_FLY,LI,HagerstownBallpark,Independent,ATL,20250705-HagerstownBallpark-1,786a3aa0-59f6-11f0-8072-0db8199850ee,87.20102,8.01657,,8.63382,,,,1.60155,4.00817,-0.49335,ef6d4089-19c2-413e-a4a5-bd99adb12924,2025-07-05,23:19:25.84,2025-07-05T19:19:25.8481152-04:00,2025-07-05T23:19:25.8481152Z,LineDrive,v3,6089,1896,,"Black, Mark",691773,Right,HAG_FLY,d0985e24-7687-4377-8a7b-17b0304d175b,54.17051,-128.49445,14.98264,6.08294,-1.23146,-8.00225,-0.56475,1.13642,-2.45009,288.415537,1.87494,138.45196,-20.28352,,,,,,,4.16769,16.63002,-18.14182,,,,,,,-0.52716,52.46049,-1.89485,,,,,,,,,,,,,,,,,,,,,,,,,,,,,High,High,High,High,High,,,
150,2025-07-05,19:22:30.04,8,1,"Conklin, MacCallan",1000187772,Right,HAG_FLY,"Viola, Troy",802112,Right,LI,Undefined,5,Top,1,0,0,Undefined,Slider,BallCalled,Undefined,Undefined,Undefined,0,0,,83.05441,-1.61244,-2.786732,2547.074901,74.945195,8:30,5.44696,1.25873,6.07845,-40.11687,0.15173,-4.02256,0.60988,-1.65683,76.63617,-8.977298,-3.511381,0.456725,,,,,,,,,,,,1.29484,0.92847,-1.04116,50,5.30112,6.02178,-120.55761,-4.69694,1.90485,23.52741,-30.80817,HAG_FLY,LI,HagerstownBallpark,Independent,ATL,20250705-HagerstownBallpark-1,e63dc4c0-59f6-11f0-8072-0db8199850ee,82.52768,,,6.41824,,,,,,,ef6d4089-19c2-413e-a4a5-bd99adb12924,2025-07-05,23:22:30.04,2025-07-05T19:22:30.0459520-04:00,2025-07-05T23:22:30.0459520Z,,v3,6089,1896,,"Black, Mark",691773,Right,HAG_FLY,7f7a86b7-d9f8-4c77-8473-8477cd410404,54.41999,-121.41713,11.76371,5.45215,-3.57143,-15.40408,-1.25988,5.95219,0.95242,,,,,,,,,,,,,,,,,,,,,,,,,,,,,,,,,,,,,,,,,,,,,,,,,,,High,High,High,,,,,
151,2025-07-05,19:22:48.79,8,2,"Conklin, MacCallan",1000187772,Right,HAG_FLY,"Viola, Troy",802112,Right,LI,Undefined,5,Top,1,1,0,Undefined,Four-Seam,InPlay,Undefined,GroundBall,Single,0,1,,92.00846,-1.460708,-1.960315,2346.652389,223.994497,1:30,5.45283,1.32671,6.4696,-18.30056,13.83552,12.41989,2.58522,0.56068,84.49148,-4.938792,0.29282,0.408007,99.96208,-11.167605,-1.021655,,,,,13.23553,12.97467,-3.295611,0.087598,-7.04394,7.93882,-1.19381,50,5.34153,4.08701,-133.77232,-3.93895,-12.81427,27.79658,-17.73182,HAG_FLY,LI,HagerstownBallpark,Independent,ATL,20250705-HagerstownBallpark-1,f15c24a0-59f6-11f0-8072-0db8199850ee,92.38184,2.50465,,7.51698,,,,0.76911,2.50465,-0.55361,ef6d4089-19c2-413e-a4a5-bd99adb12924,2025-07-05,23:22:48.79,2025-07-05T19:22:48.7997952-04:00,2025-07-05T23:22:48.7997952Z,GroundBall,v3,6089,1896,,"Black, Mark",691773,Right,HAG_FLY,e4d0698a-1212-4bc7-a4c6-76b6e109d554,54.02949,-134.60701,13.89829,5.45182,-3.40649,-8.86591,-1.32231,4.4718,-6.40713,191.092789,0.76922,143.79439,-19.77479,,,,,,,2.50459,-28.38714,-2.33192,,,,,,,-0.55363,-2.56191,2.24004,,,,,,,,,,,,,,,,,,,,,,,,,,,,,High,High,High,High,High,,,
152,2025-07-05,19:23:31.41,9,1,"Conklin, MacCallan",1000187772,Right,HAG_FLY,"Beer, Seth",666179,Left,LI,Undefined,5,Top,1,0,0,Undefined,Slider,BallCalled,Undefined,Undefined,Undefined,0,0,,83.00042,1.730171,-1.686424,2452.62361,196.565042,12:30,5.42725,1.22448,5.95615,-36.58364,4.02307,0.80882,3.98427,-0.27247,75.62636,-5.062135,-1.541203,0.458638,,,,,,,,,,,,-0.89917,1.98252,-1.09096,50,5.5445,3.51453,-120.46203,2.45388,-1.31645,24.19614,-29.27155,HAG_FLY,LI,HagerstownBallpark,Independent,ATL,20250705-HagerstownBallpark-1,0ab4ca60-59f7-11f0-8072-0db8199850ee,82.18336,,,7.37406,,,,,,,ef6d4089-19c2-413e-a4a5-bd99adb12924,2025-07-05,23:23:31.41,2025-07-05T19:23:31.4149376-04:00,2025-07-05T23:23:31.4149376Z,,v3,6089,1896,,"Black, Mark",691773,Right,HAG_FLY,af9002d6-fed8-42de-aee6-4e0016622cc2,54.54037,-121.37059,12.09807,5.43172,3.55302,-14.63577,-1.22386,3.56396,-0.65823,,,,,,,,,,,,,,,,,,,,,,,,,,,,,,,,,,,,,,,,,,,,,,,,,,,High,High,High,,,,,
153,2025-07-05,19:23:50.13,9,2,"Conklin, MacCallan",1000187772,Right,HAG_FLY,"Beer, Seth",666179,Left,LI,Undefined,5,Top,1,1,0,Undefined,Slider,InPlay,Undefined,FlyBall,Out,1,0,,82.69658,0.083632,-0.994581,2571.082765,110.545364,9:45,5.40797,1.2478,6.138,-38.32616,2.13791,-2.32622,2.29142,0.13469,75.84797,-7.019222,-1.414444,0.457832,79.34327,27.5217,-25.682993,4272.037185,94.07122,41.1054,-57.0135,242.66478,163.66932,-37.485134,3.303592,0.92433,1.44882,-1.17078,50,5.39454,2.1739,-120.20443,-1.03024,1.34964,23.74788,-30.05863,HAG_FLY,LI,HagerstownBallpark,Independent,ATL,20250705-HagerstownBallpark-1,15f642a0-59f7-11f0-8072-0db8199850ee,82.3281,42.60391,,6.84861,,,,0.73539,2.21008,-0.07347,ef6d4089-19c2-413e-a4a5-bd99adb12924,2025-07-05,23:23:50.13,2025-07-05T19:23:50.1326848-04:00,2025-07-05T23:23:50.1326848Z,LineDrive,v3,6089,1896,,"Black, Mark",691773,Right,HAG_FLY,136af5d0-ca76-4aa6-8372-5e9c9352fa95,54.36065,-121.06286,11.87394,5.41214,0.05632,-15.02931,-1.24848,2.12511,0.67482,126.433267,0.73532,93.00871,-19.73498,4.89468,-1.13866,0.26307,-0.05138,0.00616,-0.00029,2.21011,53.77063,-19.66254,1.35716,-0.12726,-0.00891,0.00167,0.00125,-0.00022,-0.07362,-44.72059,-1.13608,0.90151,-0.40978,0.16011,-0.04484,0.00726,-0.0005,,,,,,,,,,,,,,,,,,,,,,,High,High,High,High,Medium,,,
154,2025-07-05,19:24:49.52,10,1,"Conklin, MacCallan",1000187772,Right,HAG_FLY,"O'Conner, Justin",592604,Right,LI,Undefined,5,Top,2,0,0,Undefined,Slider,BallCalled,Undefined,Undefined,Undefined,0,0,,84.61747,-2.317199,-1.717847,2494.576696,124.577125,10:15,5.36314,1.19445,6.15713,-35.09533,3.62673,-3.49118,0.29568,-0.68396,77.86859,-8.79192,-2.34854,0.447869,,,,,,,,,,,,1.33453,2.86516,-1.0622,50,5.16895,3.81503,-122.87195,-6.08313,2.03418,25.01968,-27.80685,HAG_FLY,LI,HagerstownBallpark,Independent,ATL,20250705-HagerstownBallpark-1,39560be0-59f7-11f0-8072-0db8199850ee,84.1596,,,6.74888,,,,,,,ef6d4089-19c2-413e-a4a5-bd99adb12924,2025-07-05,23:24:49.52,2025-07-05T19:24:49.5251968-04:00,2025-07-05T23:24:49.5251968Z,,v3,6089,1896,,"Black, Mark",691773,Right,HAG_FLY,54273f84-3068-48b2-8898-5292e5003d10,54.34236,-123.75301,12.50984,5.36592,-5.10393,-13.90343,-1.19529,3.7434,1.01709,,,,,,,,,,,,,,,,,,,,,,,,,,,,,,,,,,,,,,,,,,,,,,,,,,,High,High,High,,,,,
155,2025-07-05,19:25:12.89,10,2,"Conklin, MacCallan",1000187772,Right,HAG_FLY,"O'Conner, Justin",592604,Right,LI,Undefined,5,Top,2,1,0,Undefined,Curveball,BallCalled,Undefined,Undefined,Undefined,0,0,,78.37329,1.05722,-1.366122,2729.208103,59.226851,8:00,5.41098,1.27301,6.33439,-53.36042,-8.2939,-16.38985,1.9381,-1.3509,71.74288,-8.802913,-4.335183,0.483168,,,,,,,,,,,,8.08193,-4.16032,-1.16639,50,5.46365,3.29685,-113.912,0.49102,10.49977,23.122,-37.579,HAG_FLY,LI,HagerstownBallpark,Independent,ATL,20250705-HagerstownBallpark-1,474d7c60-59f7-11f0-8072-0db8199850ee,78.01099,,,6.63041,,,,,,,ef6d4089-19c2-413e-a4a5-bd99adb12924,2025-07-05,23:25:12.89,2025-07-05T19:25:12.8911872-04:00,2025-07-05T23:25:12.8911872Z,,v3,6089,1896,,"Black, Mark",691773,Right,HAG_FLY,ac042177-d6be-48a4-aa66-b8e62ba464f8,54.16609,-114.75452,11.561,5.42081,1.86032,-18.7895,-1.27955,2.91426,5.24989,,,,,,,,,,,,,,,,,,,,,,,,,,,,,,,,,,,,,,,,,,,,,,,,,,,High,High,High,,,,,
156,2025-07-05,19:25:30.66,10,3,"Conklin, MacCallan",1000187772,Right,HAG_FLY,"O'Conner, Justin",592604,Right,LI,Undefined,5,Top,2,2,0,Undefined,Four-Seam,InPlay,Undefined,GroundBall,Out,1,0,,91.83203,-0.937044,-1.286983,2413.323842,215.044139,1:15,5.39645,1.39698,6.43555,-18.12237,14.35363,9.338,3.02484,0.99223,83.78757,-4.397494,0.406316,0.410159,51.71427,9.189655,41.020169,4545.051946,,,,67.82298,66.46966,43.455363,1.002309,-5.27107,8.09343,-1.30959,50,5.32156,2.62713,-133.4935,-2.69889,-9.48401,29.51912,-17.61192,HAG_FLY,LI,HagerstownBallpark,Independent,ATL,20250705-HagerstownBallpark-1,51d2f7a0-59f7-11f0-8072-0db8199850ee,91.8971,5.37554,,8.04446,,,,1.10954,3.00499,-1.01898,ef6d4089-19c2-413e-a4a5-bd99adb12924,2025-07-05,23:25:30.66,2025-07-05T19:25:30.6647040-04:00,2025-07-05T23:25:30.6647040Z,GroundBall,v3,6089,1896,,"Black, Mark",691773,Right,HAG_FLY,92615e8d-6c35-4362-94dd-1d785f265c36,54.06272,-134.38888,14.75956,5.39532,-2.16468,-8.80596,-1.39364,2.9148,-4.742,,1.10954,56.49106,-10.18883,2.07494,-0.3079,-0.18357,0.25724,-0.1483,0.03464,3.00499,12.11287,-15.71206,0.70358,-0.16392,0.21778,-0.21589,0.12094,-0.02793,-1.01898,49.14145,-1.60669,-0.00755,-0.02867,0.17674,-0.20325,0.11514,-0.02657,,,,,,,,,,,,,,,,,,,,,,,High,High,High,High,High,,,
157,2025-07-05,19:28:07.52,1,1,"Sandberg, Ryan",806389,Right,LI,"Cannon, Bryce",1000048596,Left,HAG_FLY,Undefined,5,Bottom,0,0,0,Undefined,Four-Seam,StrikeSwinging,Undefined,Undefined,Undefined,0,0,,91.41838,-2.200071,-2.155922,2398.450098,203.604997,12:45,5.70854,1.62504,6.24115,-15.3854,17.50091,7.20701,2.39471,0.23612,83.91712,-5.138996,-0.854873,0.412742,,,,,,,,,,,,-4.30063,9.96871,-1.46785,50,5.53673,4.69954,-132.76385,-5.5258,-7.71015,27.23702,-14.30219,HAG_FLY,LI,HagerstownBallpark,Independent,ATL,20250705-HagerstownBallpark-1,af5c95c0-59f7-11f0-8072-0db8199850ee,91.32197,,,7.50127,,,,,,,ef6d4089-19c2-413e-a4a5-bd99adb12924,2025-07-05,23:28:07.52,2025-07-05T19:28:07.5224576-04:00,2025-07-05T23:28:07.5224576Z,,v3,6089,1896,,"O'Conner, Justin",592604,Right,LI,51ec40b4-94ba-4394-b67c-8e733f7b099a,54.25637,-133.6342,13.61851,5.70601,-5.06877,-7.1511,-1.62197,4.94592,-3.85508,,,,,,,,,,,,,,,,,,,,,,,,,,,,,,,,,,,,,,,,,,,,,,,,,,,High,High,High,,,,,
158,2025-07-05,19:28:24.29,1,2,"Sandberg, Ryan",806389,Right,LI,"Cannon, Bryce",1000048596,Left,HAG_FLY,Undefined,5,Bottom,0,0,1,Undefined,Four-Seam,BallCalled,Undefined,Undefined,Undefined,0,0,,91.40382,-0.847447,-0.729059,2363.63706,209.883494,1:00,5.74119,1.62354,6.2395,-15.70276,17.2534,9.31977,3.65082,1.72766,83.50941,-3.859492,0.95471,0.41318,,,,,,,,,,,,-5.00374,9.48056,-1.57348,50,5.67003,1.29787,-132.84574,-2.3917,-8.94305,28.42327,-15.22966,HAG_FLY,LI,HagerstownBallpark,Independent,ATL,20250705-HagerstownBallpark-1,b93f4150-59f7-11f0-8072-0db8199850ee,91.22516,,,7.89441,,,,,,,ef6d4089-19c2-413e-a4a5-bd99adb12924,2025-07-05,23:28:24.29,2025-07-05T19:28:24.2928640-04:00,2025-07-05T23:28:24.2928640Z,,v3,6089,1896,,"O'Conner, Justin",592604,Right,LI,f110bf26-e2c3-43d3-b060-3cdcce60db24,54.25693,-133.75343,14.21163,5.73864,-1.90534,-7.61483,-1.61948,1.58346,-4.47153,,,,,,,,,,,,,,,,,,,,,,,,,,,,,,,,,,,,,,,,,,,,,,,,,,,High,High,High,,,,,
159,2025-07-05,19:28:40.13,1,3,"Sandberg, Ryan",806389,Right,LI,"Cannon, Bryce",1000048596,Left,HAG_FLY,Undefined,5,Bottom,0,1,1,Undefined,Splitter,FoulBallNotFieldable,Undefined,Undefined,Undefined,0,0,,83.24658,-0.634271,-2.815035,883.513252,244.220101,2:15,5.53191,1.776,5.93657,-35.16242,5.61437,8.64402,2.01257,-0.11724,75.46233,-7.166023,-1.262956,0.459598,,,,,,,,,,,,-5.36575,3.46488,-1.55636,50,5.46143,5.60094,-120.70063,-2.45984,-7.80661,26.51445,-27.13301,HAG_FLY,LI,HagerstownBallpark,Independent,ATL,20250705-HagerstownBallpark-1,c2cc79e0-59f7-11f0-8072-0db8199850ee,82.01178,,,7.78425,,,,,,,ef6d4089-19c2-413e-a4a5-bd99adb12924,2025-07-05,23:28:40.13,2025-07-05T19:28:40.1394176-04:00,2025-07-05T23:28:40.1394176Z,,v3,6089,1896,,"O'Conner, Justin",592604,Right,LI,29ff8b43-3a38-48f2-b97b-9e3ce36d575c,54.56125,-121.69848,13.25722,5.53479,-1.43871,-13.5665,-1.77268,5.89473,-3.9033,,,,,,,,,,,,,,,,,,,,,,,,,,,,,,,,,,,,,,,,,,,,,,,,,,,High,High,High,,,,,
160,2025-07-05,19:29:03.34,1,4,"Sandberg, Ryan",806389,Right,LI,"Cannon, Bryce",1000048596,Left,HAG_FLY,Undefined,5,Bottom,0,1,2,Undefined,Splitter,FoulBallNotFieldable,Undefined,Undefined,Undefined,0,0,,83.12639,0.287643,-1.674681,1135.969547,269.667663,3:00,5.51487,1.83832,6.03619,-39.23089,1.51453,11.6689,2.51209,1.25962,75.21688,-7.000342,0.427155,0.459421,,,,,,,,,,,,-6.55626,1.09732,-1.71392,50,5.51631,3.07304,-120.6288,-0.65906,-9.50908,26.89576,-30.58249,HAG_FLY,LI,HagerstownBallpark,Independent,ATL,20250705-HagerstownBallpark-1,d0a2f4e0-59f7-11f0-8072-0db8199850ee,82.04336,,,7.90951,,,,,,,ef6d4089-19c2-413e-a4a5-bd99adb12924,2025-07-05,23:29:03.34,2025-07-05T19:29:03.3459200-04:00,2025-07-05T23:29:03.3459200Z,,v3,6089,1896,,"O'Conner, Justin",592604,Right,LI,a93442cc-ebfd-4f90-9e7c-2867820ca003,54.46118,-121.61941,13.44788,5.51984,0.46734,-15.29125,-1.83355,3.42327,-4.75454,,,,,,,,,,,,,,,,,,,,,,,,,,,,,,,,,,,,,,,,,,,,,,,,,,,High,High,High,,,,,
161,2025-07-05,19:29:25.91,1,5,"Sandberg, Ryan",806389,Right,LI,"Cannon, Bryce",1000048596,Left,HAG_FLY,Undefined,5,Bottom,0,1,2,Undefined,Four-Seam,BallCalled,Undefined,Undefined,Undefined,0,0,,91.00177,0.70321,-1.481644,2166.784676,210.223197,1:00,5.71458,1.6246,6.20437,-19.45308,14.16265,7.58512,4.74281,0.88881,82.29254,-3.010752,-0.112921,0.417295,,,,,,,,,,,,-4.34953,7.44315,-1.51685,50,5.75757,3.09335,-132.09696,1.04989,-7.61258,30.63006,-19.14702,HAG_FLY,LI,HagerstownBallpark,Independent,ATL,20250705-HagerstownBallpark-1,ddf6f970-59f7-11f0-8072-0db8199850ee,90.32572,,,8.70923,,,,,,,ef6d4089-19c2-413e-a4a5-bd99adb12924,2025-07-05,23:29:25.91,2025-07-05T19:29:25.9175936-04:00,2025-07-05T23:29:25.9175936Z,,v3,6089,1896,,"O'Conner, Justin",592604,Right,LI,f9192bb2-3344-407c-a09b-f0dcb6497634,54.29059,-133.08813,15.31503,5.71357,1.66948,-9.57351,-1.62094,3.33969,-3.80629,,,,,,,,,,,,,,,,,,,,,,,,,,,,,,,,,,,,,,,,,,,,,,,,,,,High,High,High,,,,,
162,2025-07-05,19:29:49.99,1,6,"Sandberg, Ryan",806389,Right,LI,"Cannon, Bryce",1000048596,Left,HAG_FLY,Undefined,5,Bottom,0,2,2,Undefined,Four-Seam,BallCalled,Undefined,Undefined,Undefined,0,0,,90.99687,-0.105787,-1.400558,2272.25801,205.478135,12:45,5.7492,1.59714,6.27385,-17.63284,15.6282,6.94433,4.18226,0.88454,82.97621,-3.475704,-0.145615,0.415087,,,,,,,,,,,,-3.97988,8.45308,-1.49678,50,5.7326,2.94327,-132.22618,-0.7421,-7.03638,28.55318,-17.22907,HAG_FLY,LI,HagerstownBallpark,Independent,ATL,20250705-HagerstownBallpark-1,ec503900-59f7-11f0-8072-0db8199850ee,90.80609,,,8.02066,,,,,,,ef6d4089-19c2-413e-a4a5-bd99adb12924,2025-07-05,23:29:49.99,2025-07-05T19:29:49.9952640-04:00,2025-07-05T23:29:49.9952640Z,,v3,6089,1896,,"O'Conner, Justin",592604,Right,LI,e66048d6-271f-4556-a837-bcac2a593d39,54.22241,-133.13485,14.27659,5.74749,-0.1938,-8.61454,-1.59401,3.16719,-3.51819,,,,,,,,,,,,,,,,,,,,,,,,,,,,,,,,,,,,,,,,,,,,,,,,,,,High,High,High,,,,,
163,2025-07-05,19:30:06.09,1,7,"Sandberg, Ryan",806389,Right,LI,"Cannon, Bryce",1000048596,Left,HAG_FLY,Undefined,5,Bottom,0,3,2,Undefined,Four-Seam,StrikeCalled,Strikeout,Undefined,Undefined,0,0,,90.35793,-1.281259,-1.59212,2155.967995,210.245655,1:00,5.62502,1.66493,6.2497,-18.77548,14.98461,8.11111,2.87813,0.87219,82.56979,-4.849123,-0.126709,0.41819,,,,,,,,,,,,-4.64839,8.46012,-1.55043,50,5.52042,3.31659,-131.27352,-3.48216,-8.10467,28.00484,-17.4235,HAG_FLY,LI,HagerstownBallpark,Independent,ATL,20250705-HagerstownBallpark-1,f603e550-59f7-11f0-8072-0db8199850ee,90.1324,,,7.78814,,,,,,,ef6d4089-19c2-413e-a4a5-bd99adb12924,2025-07-05,23:30:06.09,2025-07-05T19:30:06.0930000-04:00,2025-07-05T23:30:06.0930000Z,,v3,6089,1896,,"O'Conner, Justin",592604,Right,LI,d424cb72-e76d-46b4-a5fd-d2eb66030c38,54.24747,-132.17654,14.00242,5.62365,-2.92034,-8.71175,-1.66159,3.57793,-4.05233,,,,,,,,,,,,,,,,,,,,,,,,,,,,,58.80258,2.592466,1.344614,1.247852,-0.76155,2.69008,-0.86853,-1.79514,5.35674,0.18018,79.37361,10.50796,-45.62812,-1.70418,70.5929,-4.49014,5.44715,22.39366,-14.68027,0.08832,-41.43876,3.83576,High,High,High,,,High,High,High
164,2025-07-05,19:30:36.37,2,1,"Sandberg, Ryan",806389,Right,LI,"Black, Mark",691773,Right,HAG_FLY,Undefined,5,Bottom,1,0,0,Undefined,Four-Seam,BallCalled,Undefined,Undefined,Undefined,0,0,,91.12446,0.002317,-1.124595,2044.732549,217.747924,1:15,5.77717,1.70279,6.23633,-21.0719,12.27119,8.65115,4.02331,1.3862,82.81298,-3.992898,0.43819,0.415599,,,,,,,,,,,,-4.76906,6.68595,-1.62282,50,5.76688,2.22889,-132.35803,-0.63811,-8.41436,29.67383,-20.37751,HAG_FLY,LI,HagerstownBallpark,Independent,ATL,20250705-HagerstownBallpark-1,07f62a20-59f8-11f0-8072-0db8199850ee,90.69431,,,8.31148,,,,,,,ef6d4089-19c2-413e-a4a5-bd99adb12924,2025-07-05,23:30:36.37,2025-07-05T19:30:36.3775488-04:00,2025-07-05T23:30:36.3775488Z,,v3,6089,1896,,"O'Conner, Justin",592604,Right,LI,25197e10-7aa0-420d-a729-8e49ed5adf1e,54.25882,-133.30941,14.83692,5.77686,0.01521,-10.18876,-1.6986,2.49867,-4.20718,,,,,,,,,,,,,,,,,,,,,,,,,,,,,,,,,,,,,,,,,,,,,,,,,,,High,High,High,,,,,
165,2025-07-05,19:30:52.55,2,2,"Sandberg, Ryan",806389,Right,LI,"Black, Mark",691773,Right,HAG_FLY,Undefined,5,Bottom,1,1,0,Undefined,Slider,BallCalled,Undefined,Undefined,Undefined,0,0,,82.70046,0.053696,-2.499516,2263.892424,62.768103,8:00,5.74216,1.68088,5.54976,-41.48227,0.14878,-2.35307,2.33553,-0.85234,75.58147,-7.537916,-2.918986,0.464387,,,,,,,,,,,,0.44925,0.485,-1.46295,50,5.71952,5.33249,-119.94006,-1.33981,0.65055,24.47052,-31.47168,HAG_FLY,LI,HagerstownBallpark,Independent,ATL,20250705-HagerstownBallpark-1,11c2b5a0-59f8-11f0-8072-0db8199850ee,81.16604,,,7.11899,,,,,,,ef6d4089-19c2-413e-a4a5-bd99adb12924,2025-07-05,23:30:52.55,2025-07-05T19:30:52.5505536-04:00,2025-07-05T23:30:52.5505536Z,,v3,6089,1896,,"O'Conner, Justin",592604,Right,LI,226d3667-d14d-41bb-b749-475b3ba54f57,54.94757,-120.94527,12.23526,5.74801,-0.04701,-15.73584,-1.68145,5.30576,0.32528,,,,,,,,,,,,,,,,,,,,,,,,,,,,,,,,,,,,,,,,,,,,,,,,,,,High,High,High,,,,,
166,2025-07-05,19:31:11.82,2,3,"Sandberg, Ryan",806389,Right,LI,"Black, Mark",691773,Right,HAG_FLY,Undefined,5,Bottom,1,2,0,Undefined,Four-Seam,FoulBallNotFieldable,Undefined,Undefined,Undefined,0,0,,90.77612,-2.166537,-2.599209,2204.492509,196.787568,12:30,5.62946,1.67321,6.19812,-18.47564,15.07729,4.22772,2.08683,-0.37552,83.10528,-5.664737,-1.836981,0.416905,69.75744,47.100274,128.7355,5006.47305,,,,,27.33561,,,-2.92311,8.74745,-1.47978,50,5.45696,5.80956,-131.75171,-5.53592,-5.13823,27.98215,-16.79785,HAG_FLY,LI,HagerstownBallpark,Independent,ATL,20250705-HagerstownBallpark-1,1d343e90-59f8-11f0-8072-0db8199850ee,90.41021,28.73575,,7.67084,,,,1.0329,2.05453,0.467,ef6d4089-19c2-413e-a4a5-bd99adb12924,2025-07-05,23:31:11.82,2025-07-05T19:31:11.8283264-04:00,2025-07-05T23:31:11.8283264Z,,v3,6089,1896,,"O'Conner, Justin",592604,Right,LI,010d2c96-d80e-46c5-84d8-f13eaa99b566,54.30004,-132.66183,13.99108,5.62813,-4.98956,-8.39892,-1.67145,5.97668,-2.56911,,1.03774,-43.73717,-0.81046,,,,,,,2.06524,74.60133,-24.99244,,,,,,,0.47613,54.03068,-9.91962,,,,,,,,,,,,,,,,,,,,,,,,,,,,,High,High,High,High,Undefined,,,
167,2025-07-05,19:31:34.27,2,4,"Sandberg, Ryan",806389,Right,LI,"Black, Mark",691773,Right,HAG_FLY,Undefined,5,Bottom,1,2,1,Undefined,Slider,InPlay,Undefined,Popup,Single,0,0,,83.36906,-1.079059,-1.4772,2499.369127,88.766932,9:00,5.7349,1.65684,5.69134,-39.29396,1.16091,-3.80122,1.4543,-0.03694,76.79984,-8.267027,-2.157858,0.45778,69.7776,34.09448,-12.594204,3513.478926,107.9218,52.04776,-21.28072,237.99709,237.43467,-9.198634,3.968951,1.53646,1.22976,-1.53022,50,5.61942,3.27279,-121.08951,-3.62366,2.2814,23.62763,-30.34805,HAG_FLY,LI,HagerstownBallpark,Independent,ATL,20250705-HagerstownBallpark-1,2a953b70-59f8-11f0-8072-0db8199850ee,82.33743,53.81302,,6.56922,,,,1.97513,1.57734,0.00764,ef6d4089-19c2-413e-a4a5-bd99adb12924,2025-07-05,23:31:34.27,2025-07-05T19:31:34.2723584-04:00,2025-07-05T23:31:34.2723584Z,FlyBall,v3,6089,1896,,"O'Conner, Justin",592604,Right,LI,097520a1-344a-440d-ad7d-18a864b5621b,54.80805,-122.02407,11.81382,5.73901,-2.42327,-15.17403,-1.65789,3.18255,1.1407,186.98473,1.97684,82.65964,-12.01126,2.32736,0.00976,-0.2184,0.07349,-0.01017,0.00052,1.57636,57.3942,-17.22457,1.10849,-0.27075,0.04833,0.00891,-0.00438,0.00041,0.00715,-18.46599,3.60115,-0.35156,-0.11872,0.09442,-0.02934,0.00427,-0.00024,,,,,,,,,,,,,,,,,,,,,,,High,High,High,High,High,,,
168,2025-07-05,19:32:17.75,3,1,"Sandberg, Ryan",806389,Right,LI,"Acal, Justin",811257,Right,HAG_FLY,Undefined,5,Bottom,1,0,0,Undefined,Four-Seam,StrikeCalled,Undefined,Undefined,Undefined,0,0,,89.45105,-0.925429,-1.139093,2113.860257,193.838584,12:30,5.8101,1.66136,6.30387,-19.38312,15.15469,3.45016,3.34202,0.89931,81.32846,-4.622685,-0.515045,0.422979,,,,,,,,,,,,-2.1189,8.48634,-1.57931,50,5.73277,2.44179,-129.91866,-2.64575,-3.59957,28.75983,-17.75749,HAG_FLY,LI,HagerstownBallpark,Independent,ATL,20250705-HagerstownBallpark-1,448936d0-59f8-11f0-8072-0db8199850ee,89.11186,,,8.12259,,,,,,,ef6d4089-19c2-413e-a4a5-bd99adb12924,2025-07-05,23:32:17.75,2025-07-05T19:32:17.7517056-04:00,2025-07-05T23:32:17.7517056Z,,v3,6089,1896,,"O'Conner, Justin",592604,Right,LI,13ca4633-d79b-404e-8a54-e909a239fd1a,54.19155,-130.84325,14.37991,5.80865,-2.07487,-8.87874,-1.65968,2.55751,-1.79979,,,,,,,,,,,,,,,,,,,,,,,,,,,,,,,,,,,,,,,,,,,,,,,,,,,High,High,High,,,,,
169,2025-07-05,19:32:36.13,3,2,"Sandberg, Ryan",806389,Right,LI,"Acal, Justin",811257,Right,HAG_FLY,Undefined,5,Bottom,1,0,1,Undefined,Curveball,BallCalled,Undefined,Undefined,Undefined,0,0,,78.55761,1.486661,-1.749776,2388.926346,47.771748,7:30,5.76407,1.49586,5.7246,-55.81834,-10.1252,-12.72138,2.49816,-1.19448,72.20617,-8.694796,-4.027187,0.486516,,,,,,,,,,,,5.95957,-5.14296,-1.3419,50,5.85386,3.96904,-114.09309,1.10005,7.81793,21.92905,-38.92071,HAG_FLY,LI,HagerstownBallpark,Independent,ATL,20250705-HagerstownBallpark-1,4f7ae160-59f8-11f0-8072-0db8199850ee,77.47425,,,6.35144,,,,,,,ef6d4089-19c2-413e-a4a5-bd99adb12924,2025-07-05,23:32:36.13,2025-07-05T19:32:36.1360384-04:00,2025-07-05T23:32:36.1360384Z,,v3,6089,1896,,"O'Conner, Justin",592604,Right,LI,e0968a1b-07dd-470b-a5bd-e74bfdcf22f9,54.77673,-115.00752,10.96452,5.77415,2.72303,-19.46035,-1.50061,3.64303,3.90897,,,,,,,,,,,,,,,,,,,,,,,,,,,,,,,,,,,,,,,,,,,,,,,,,,,High,High,High,,,,,
170,2025-07-05,19:32:55.76,3,3,"Sandberg, Ryan",806389,Right,LI,"Acal, Justin",811257,Right,HAG_FLY,Undefined,5,Bottom,1,1,1,Undefined,Curveball,StrikeCalled,Undefined,Undefined,Undefined,0,0,,77.21501,2.689134,0.381229,2468.60166,53.45284,7:45,5.71303,1.60908,5.2137,-59.37287,-10.92087,-16.8919,3.29581,0.5599,70.40641,-8.076764,-2.615384,0.500988,,,,,,,,,,,,8.5004,-5.72733,-1.63119,50,5.91696,-0.06212,-111.97374,3.155,10.69829,21.8617,-39.38225,HAG_FLY,LI,HagerstownBallpark,Independent,ATL,20250705-HagerstownBallpark-1,5b17c010-59f8-11f0-8072-0db8199850ee,75.23623,,,6.8086,,,,,,,ef6d4089-19c2-413e-a4a5-bd99adb12924,2025-07-05,23:32:55.76,2025-07-05T19:32:55.7666816-04:00,2025-07-05T23:32:55.7666816Z,,v3,6089,1896,,"O'Conner, Justin",592604,Right,LI,6c87aade-4ed6-470e-b275-19db78b37ab0,55.28733,-113.00132,10.93085,5.72515,5.00611,-19.69113,-1.61646,-0.56498,5.34914,,,,,,,,,,,,,,,,,,,,,,,,,,,,,,,,,,,,,,,,,,,,,,,,,,,High,High,High,,,,,
171,2025-07-05,19:33:17.62,3,4,"Sandberg, Ryan",806389,Right,LI,"Acal, Justin",811257,Right,HAG_FLY,Undefined,5,Bottom,1,1,2,Undefined,Curveball,BallCalled,Undefined,Undefined,Undefined,0,0,,79.0728,0.202311,-2.754633,2432.193252,44.44183,7:30,5.75415,1.39561,5.74811,-57.81987,-12.65138,-13.77658,1.1244,-2.31891,72.96398,-10.29113,-5.222058,0.483715,,,,,,,,,,,,6.18071,-6.03032,-1.1584,50,5.73607,6.05042,-114.80386,-1.54461,8.1914,22.63418,-40.16615,HAG_FLY,LI,HagerstownBallpark,Independent,ATL,20250705-HagerstownBallpark-1,682322e0-59f8-11f0-8072-0db8199850ee,77.92289,,,6.10882,,,,,,,ef6d4089-19c2-413e-a4a5-bd99adb12924,2025-07-05,23:33:17.62,2025-07-05T19:33:17.6281088-04:00,2025-07-05T23:33:17.6281088Z,,v3,6089,1896,,"O'Conner, Justin",592604,Right,LI,b2aba334-9474-46d8-903e-bd599fa7fb90,54.75377,-115.73729,11.31709,5.76562,0.11184,-20.08308,-1.40095,5.71261,4.0957,,,,,,,,,,,,,,,,,,,,,,,,,,,,,,,,,,,,,,,,,,,,,,,,,,,High,High,High,,,,,
172,2025-07-05,19:33:48.00,3,5,"Sandberg, Ryan",806389,Right,LI,"Acal, Justin",811257,Right,HAG_FLY,Undefined,5,Bottom,1,2,2,Undefined,Slider,BallCalled,Undefined,Undefined,Undefined,0,0,,83.21732,0.620071,-2.898554,2378.510006,61.52045,8:00,5.67499,1.61066,5.7161,-42.68656,-2.05693,-6.06615,2.69616,-1.59726,76.51871,-7.190208,-3.982001,0.458768,,,,,,,,,,,,2.27662,-0.81839,-1.36439,50,5.70058,6.35963,-120.77035,-0.1718,3.36366,23.43753,-33.38322,HAG_FLY,LI,HagerstownBallpark,Independent,ATL,20250705-HagerstownBallpark-1,7a3524b0-59f8-11f0-8072-0db8199850ee,82.16017,,,6.69861,,,,,,,ef6d4089-19c2-413e-a4a5-bd99adb12924,2025-07-05,23:33:48.00,2025-07-05T19:33:48.0092160-04:00,2025-07-05T23:33:48.0092160Z,,v3,6089,1896,,"O'Conner, Justin",592604,Right,LI,81234dcd-9647-4d0f-8c59-61c1ff4835fe,54.78266,-121.69497,11.71876,5.68138,1.14518,-16.69161,-1.61266,6.22693,1.68183,,,,,,,,,,,,,,,,,,,,,,,,,,,,,,,,,,,,,,,,,,,,,,,,,,,High,High,High,,,,,
173,2025-07-05,19:34:07.57,3,6,"Sandberg, Ryan",806389,Right,LI,"Acal, Justin",811257,Right,HAG_FLY,Undefined,5,Bottom,1,3,2,Undefined,Slider,StrikeSwinging,Strikeout,Undefined,Undefined,0,0,,84.13404,1.242002,-1.070645,2310.894961,59.953139,8:00,5.63287,1.66551,5.74248,-41.51947,-1.98744,-5.47083,3.32969,0.21264,77.37051,-6.374564,-2.050126,0.452529,,,,,,,,,,,,2.49319,-0.96913,-1.57313,50,5.71075,2.50702,-122.25175,1.19978,3.78491,23.39719,-33.64528,HAG_FLY,LI,HagerstownBallpark,Independent,ATL,20250705-HagerstownBallpark-1,85e2a530-59f8-11f0-8072-0db8199850ee,83.29295,,,6.76353,,,,,,,ef6d4089-19c2-413e-a4a5-bd99adb12924,2025-07-05,23:34:07.57,2025-07-05T19:34:07.5749888-04:00,2025-07-05T23:34:07.5749888Z,,v3,6089,1896,,"O'Conner, Justin",592604,Right,LI,d5509c4d-799d-4548-aa39-62bcc0e574a0,54.75663,-123.15873,11.69859,5.63896,2.50402,-16.82264,-1.66747,2.3603,1.89246,,,,,,,,,,,,,,,,,,,,,,,,,,,,,,,,,,,,,,,,,,,,,,,,,,,High,High,High,,,,,
174,2025-07-05,19:34:40.06,4,1,"Sandberg, Ryan",806389,Right,LI,"Leach, Dante",699793,Right,HAG_FLY,Undefined,5,Bottom,2,0,0,Undefined,Curveball,BallCalled,Undefined,Undefined,Undefined,0,0,,76.68473,2.857419,-0.508402,2440.850385,53.246559,7:45,5.74924,1.70418,5.26955,-58.08259,-9.10729,-14.32631,3.59541,0.03276,69.98473,-7.691532,-3.050539,0.503686,,,,,,,,,,,,6.98559,-4.89425,-1.64682,50,5.96777,1.55556,-111.19613,3.53482,8.68383,21.26793,-38.2581,HAG_FLY,LI,HagerstownBallpark,Independent,ATL,20250705-HagerstownBallpark-1,99451bd0-59f8-11f0-8072-0db8199850ee,74.83321,,,6.7,,,,,,,ef6d4089-19c2-413e-a4a5-bd99adb12924,2025-07-05,23:34:40.06,2025-07-05T19:34:40.0621056-04:00,2025-07-05T23:34:40.0621056Z,,v3,6089,1896,,"O'Conner, Justin",592604,Right,LI,edb01113-c8b7-4414-9f88-a65c5c373c6e,55.23094,-112.19216,10.63397,5.76027,5.32656,-19.12905,-1.71014,1.14887,4.34191,,,,,,,,,,,,,,,,,,,,,,,,,,,,,,,,,,,,,,,,,,,,,,,,,,,High,High,High,,,,,
175,2025-07-05,19:35:00.61,4,2,"Sandberg, Ryan",806389,Right,LI,"Leach, Dante",699793,Right,HAG_FLY,Undefined,5,Bottom,2,1,0,Undefined,Four-Seam,InPlay,Undefined,LineDrive,Single,0,0,,90.62154,-1.32075,-2.1637,2083.622783,211.820247,1:00,5.65752,1.6252,6.30021,-19.72229,13.58328,7.81245,2.79605,0.28179,83.34454,-5.046533,-0.751519,0.415365,86.256,13.951979,-7.327202,2352.465549,108.32611,19.32881,-19.11609,232.53879,232.53879,-13.158247,2.405598,-4.64571,7.72563,-1.46999,50,5.55086,4.66551,-131.71978,-3.62717,-8.20819,26.49535,-18.52412,HAG_FLY,LI,HagerstownBallpark,Independent,ATL,20250705-HagerstownBallpark-1,a58f9fa0-59f8-11f0-8072-0db8199850ee,90.74536,19.54378,,7.277,,,,0.86627,2.75698,-0.27043,ef6d4089-19c2-413e-a4a5-bd99adb12924,2025-07-05,23:35:00.61,2025-07-05T19:35:00.6103552-04:00,2025-07-05T23:35:00.6103552Z,LineDrive,v3,6089,1896,,"O'Conner, Justin",592604,Right,LI,20cf9a50-6958-451f-b18e-ff87a1eadaf1,54.19865,-132.56165,13.24767,5.65676,-3.03858,-9.26206,-1.62237,4.92631,-4.10409,133.259437,0.86627,121.77369,-17.1659,3.40858,-0.67712,0.13053,-0.02336,0.00305,-0.0002,2.75698,30.50225,-14.72212,0.94844,-0.18959,0.03741,-0.00559,0.00071,-5E-05,-0.27043,-15.65836,-3.81387,0.75433,-0.14956,0.0287,-0.00513,0.00067,-4E-05,,,,,,,,,,,,,,,,,,,,,,,High,High,High,High,High,,,
176,2025-07-05,19:35:46.42,5,1,"Sandberg, Ryan",806389,Right,LI,"Martinez, Roidel",1000432526,Left,HAG_FLY,Undefined,5,Bottom,2,0,0,Undefined,Four-Seam,InPlay,Undefined,GroundBall,Out,1,0,,90.03907,-2.187808,-2.520983,2066.630429,219.158129,1:15,5.62928,1.74248,6.45209,-19.87477,13.8854,10.43701,1.96021,0.29473,82.46171,-5.95711,-0.628903,0.41819,89.14152,-10.197712,21.377886,,,,,12.65018,9.55975,17.687017,0.087659,-6.18788,8.20642,-1.5685,50,5.46524,5.35255,-130.75425,-5.56652,-10.711,27.60627,-17.96904,HAG_FLY,LI,HagerstownBallpark,Independent,ATL,20250705-HagerstownBallpark-1,c0de7010-59f8-11f0-8072-0db8199850ee,90.13233,2.03228,,7.57736,,,,1.53198,2.03228,-0.27481,ef6d4089-19c2-413e-a4a5-bd99adb12924,2025-07-05,23:35:46.42,2025-07-05T19:35:46.4297984-04:00,2025-07-05T23:35:46.4297984Z,GroundBall,v3,6089,1896,,"O'Conner, Justin",592604,Right,LI,b359e305-772a-47b3-811c-b78785c0eb03,54.0466,-131.60584,13.80314,5.6284,-5.01221,-8.98452,-1.73871,5.68296,-5.3555,180,1.52928,120.01298,,,,,,,,2.0328,-23.18393,,,,,,,,-0.27586,46.97915,,,,,,,,,,,,,,,,,,,,,,,,,,,,,,High,High,High,High,Medium,,,
177,2025-07-05,19:38:18.93,1,1,"Conklin, MacCallan",1000187772,Right,HAG_FLY,"Kaler, Kole",689179,Left,LI,Undefined,6,Top,0,0,0,Undefined,Slider,BallCalled,Undefined,Undefined,Undefined,0,0,,82.04151,0.547237,0.407393,2589.552027,122.202846,10:00,5.39794,1.34562,6.01211,-37.27097,3.74429,-4.04366,2.799,1.38605,75.65388,-6.345163,-0.320585,0.46094,,,,,,,,,,,,2.18295,2.1691,-1.37541,50,5.42053,-0.69394,-119.30557,-0.04805,3.16542,21.64899,-29.0287,HAG_FLY,LI,HagerstownBallpark,Independent,ATL,20250705-HagerstownBallpark-1,1bb26410-59f9-11f0-8072-0db8199850ee,81.77301,,,6.38763,,,,,,,ef6d4089-19c2-413e-a4a5-bd99adb12924,2025-07-05,23:38:18.93,2025-07-05T19:38:18.9328384-04:00,2025-07-05T23:38:18.9328384Z,,v3,6089,1896,,"Black, Mark",691773,Right,HAG_FLY,127b4318-6fd9-42fc-9a69-897b4cf7684c,54.4863,-120.11689,10.8245,5.40195,1.03983,-14.51435,-1.34718,-0.81257,1.58271,,,,,,,,,,,,,,,,,,,,,,,,,,,,,,,,,,,,,,,,,,,,,,,,,,,High,High,High,,,,,
178,2025-07-05,19:38:36.42,1,2,"Conklin, MacCallan",1000187772,Right,HAG_FLY,"Kaler, Kole",689179,Left,LI,Undefined,6,Top,0,1,0,Undefined,Slider,StrikeSwinging,Undefined,Undefined,Undefined,0,0,,83.14447,-1.480254,-2.155848,2714.988508,140.532106,10:45,5.36447,1.42137,6.03519,-37.97864,2.73874,-1.08469,0.82764,-0.6662,75.64726,-8.503506,-2.351228,0.459263,,,,,,,,,,,,-0.12602,2.25854,-1.25248,50,5.22834,4.58112,-120.6,-4.32868,-0.18295,26.57308,-28.89516,HAG_FLY,LI,HagerstownBallpark,Independent,ATL,20250705-HagerstownBallpark-1,26387b90-59f9-11f0-8072-0db8199850ee,82.07162,,,7.49721,,,,,,,ef6d4089-19c2-413e-a4a5-bd99adb12924,2025-07-05,23:38:36.42,2025-07-05T19:38:36.4217344-04:00,2025-07-05T23:38:36.4217344Z,,v3,6089,1896,,"Black, Mark",691773,Right,HAG_FLY,69b61f1b-9b12-476e-b498-f82d80b38098,54.46268,-121.57933,13.28654,5.36824,-3.26377,-14.44758,-1.42144,4.58786,-0.09147,,,,,,,,,,,,,,,,,,,,,,,,,,,,,,,,,,,,,,,,,,,,,,,,,,,High,High,High,,,,,
179,2025-07-05,19:38:56.53,1,3,"Conklin, MacCallan",1000187772,Right,HAG_FLY,"Kaler, Kole",689179,Left,LI,Undefined,6,Top,0,1,1,Undefined,Four-Seam,BallCalled,Undefined,Undefined,Undefined,0,0,,90.41711,-1.202247,-0.228967,2308.187695,210.829042,1:00,5.40424,1.27562,6.18165,-17.08269,16.61418,9.29461,2.87035,1.83874,82.82488,-4.455796,1.44868,0.417798,,,,,,,,,,,,-4.84634,9.23449,-1.26274,50,5.3046,0.137,-131.42001,-3.24134,-8.49308,27.31737,-15.99091,HAG_FLY,LI,HagerstownBallpark,Independent,ATL,20250705-HagerstownBallpark-1,3214ad30-59f9-11f0-8072-0db8199850ee,90.21696,,,7.59224,,,,,,,ef6d4089-19c2-413e-a4a5-bd99adb12924,2025-07-05,23:38:56.53,2025-07-05T19:38:56.5360640-04:00,2025-07-05T23:38:56.5360640Z,,v3,6089,1896,,"Black, Mark",691773,Right,HAG_FLY,1383f514-6994-4c15-8997-3431417ce95c,54.31511,-132.31392,13.65869,5.40211,-2.71807,-7.99546,-1.27177,0.41492,-4.24654,,,,,,,,,,,,,,,,,,,,,,,,,,,,,,,,,,,,,,,,,,,,,,,,,,,High,High,High,,,,,
180,2025-07-05,19:39:13.05,1,4,"Conklin, MacCallan",1000187772,Right,HAG_FLY,"Kaler, Kole",689179,Left,LI,Undefined,6,Top,0,2,1,Undefined,Four-Seam,BallCalled,Undefined,Undefined,Undefined,0,0,,91.09311,-3.186221,-1.887725,2285.20004,211.39445,1:00,5.42015,1.10419,6.19701,-16.2078,17.2195,9.83756,1.12354,0.18072,83.20253,-6.276643,-0.112201,0.416123,,,,,,,,,,,,-5.63725,10.16351,-0.967,50,5.17189,3.94887,-132.13189,-7.81263,-9.94117,28.80881,-14.25091,HAG_FLY,LI,HagerstownBallpark,Independent,ATL,20250705-HagerstownBallpark-1,3c0ae0c0-59f9-11f0-8072-0db8199850ee,90.57996,,,7.89058,,,,,,,ef6d4089-19c2-413e-a4a5-bd99adb12924,2025-07-05,23:39:13.05,2025-07-05T19:39:13.0563584-04:00,2025-07-05T23:39:13.0563584Z,,v3,6089,1896,,"Black, Mark",691773,Right,HAG_FLY,1ee16b16-0dae-4659-a3f9-eabcc4407b29,54.30055,-133.06623,14.4044,5.41779,-7.35044,-7.12545,-1.1003,4.2713,-4.97058,,,,,,,,,,,,,,,,,,,,,,,,,,,,,,,,,,,,,,,,,,,,,,,,,,,High,High,High,,,,,
181,2025-07-05,19:39:30.22,1,5,"Conklin, MacCallan",1000187772,Right,HAG_FLY,"Kaler, Kole",689179,Left,LI,Undefined,6,Top,0,3,1,Undefined,Four-Seam,InPlay,Undefined,GroundBall,Out,1,0,,91.68884,-1.469768,-1.651279,2372.038964,217.051308,1:15,5.43751,1.09739,6.46783,-18.97706,13.52906,9.43745,2.50537,0.36686,83.84468,-5.079739,0.061059,0.41035,95.57695,-7.53633,3.23618,,,,,17.9798,17.58943,1.964114,0.121891,-5.42103,7.81284,-0.98498,50,5.32529,3.46818,-133.26399,-3.9663,-9.73787,28.93481,-18.13972,HAG_FLY,LI,HagerstownBallpark,Independent,ATL,20250705-HagerstownBallpark-1,46426310-59f9-11f0-8072-0db8199850ee,91.85446,2.45985,,7.84417,,,,1.3427,2.45985,-0.33882,ef6d4089-19c2-413e-a4a5-bd99adb12924,2025-07-05,23:39:30.22,2025-07-05T19:39:30.2298112-04:00,2025-07-05T23:39:30.2298112Z,GroundBall,v3,6089,1896,,"Black, Mark",691773,Right,HAG_FLY,295e0308-cde3-4aa6-9e95-be17fac77b2e,54.03054,-134.13626,14.46741,5.43661,-3.41946,-9.06986,-1.09395,3.76174,-4.86893,323.881575,1.34296,138.71862,-19.01188,,,,,,,2.45996,-18.39717,-14.64815,,,,,,,-0.33883,7.84569,-0.08404,,,,,,,,,,,,,,,,,,,,,,,,,,,,,High,High,High,High,High,,,
182,2025-07-05,19:40:03.86,2,1,"Conklin, MacCallan",1000187772,Right,HAG_FLY,"Roller, Chris",676896,Right,LI,Undefined,6,Top,1,0,0,Undefined,Four-Seam,InPlay,Undefined,LineDrive,Out,1,0,,91.5435,-2.005852,-1.285189,2283.845948,214.649208,1:15,5.46188,1.32037,6.19046,-16.97993,16.07304,10.36249,2.19375,0.99715,83.50041,-5.242871,0.585458,0.413787,91.95885,22.36627,-17.479002,1116.640318,103.41905,36.938,-37.4756,307.73795,296.86247,-23.318936,3.469605,-5.77977,9.24796,-1.22885,50,5.30212,2.56037,-132.95599,-5.1501,-10.30578,29.53746,-15.68428,HAG_FLY,LI,HagerstownBallpark,Independent,ATL,20250705-HagerstownBallpark-1,5a4bef20-59f9-11f0-8072-0db8199850ee,91.09144,43.38523,,8.04308,,,,2.42975,2.28085,-0.96045,ef6d4089-19c2-413e-a4a5-bd99adb12924,2025-07-05,23:40:03.86,2025-07-05T19:40:03.8638592-04:00,2025-07-05T23:40:03.8638592Z,LineDrive,v3,6089,1896,,"Black, Mark",691773,Right,HAG_FLY,6a73f978-f627-4f66-b97b-cfbb2aebead2,54.30815,-133.90966,14.76873,5.46023,-4.6437,-7.84214,-1.31688,2.89311,-5.15289,140.789262,2.42968,118.97277,-20.99729,5.12966,-1.1542,0.26896,-0.05871,0.00841,-0.0005,2.28082,51.31984,-17.08727,0.69567,0.01451,-0.03773,0.00958,-0.00012,-0.00013,-0.96044,-37.45981,0.03656,0.63712,-0.29401,0.10997,-0.03124,0.00522,-0.00037,,,,,,,,,,,,,,,,,,,,,,,High,High,High,High,High,,,
183,2025-07-05,19:40:36.67,3,1,"Conklin, MacCallan",1000187772,Right,HAG_FLY,"Town, River",701817,Left,LI,Undefined,6,Top,2,0,0,Undefined,Slider,BallCalled,Undefined,Undefined,Undefined,0,0,,84.32931,-1.25893,-3.003014,2716.250711,129.100586,10:15,5.33063,1.23865,6.18644,-35.95348,2.94201,-2.14512,1.17032,-1.71541,77.61903,-7.901901,-3.389814,0.448871,,,,,,,,,,,,0.28555,2.13725,-1.0109,50,5.21697,6.50141,-122.46081,-3.81336,0.4329,24.55247,-28.93384,HAG_FLY,LI,HagerstownBallpark,Independent,ATL,20250705-HagerstownBallpark-1,6de1d1d0-59f9-11f0-8072-0db8199850ee,83.97174,,,6.71029,,,,,,,ef6d4089-19c2-413e-a4a5-bd99adb12924,2025-07-05,23:40:36.67,2025-07-05T19:40:36.6700032-04:00,2025-07-05T23:40:36.6700032Z,,v3,6089,1896,,"Black, Mark",691773,Right,HAG_FLY,9a66263d-0d8f-4b4d-901c-928949ef9c00,54.31457,-123.32282,12.27624,5.33302,-2.79754,-14.46692,-1.23889,6.48621,0.21645,,,,,,,,,,,,,,,,,,,,,,,,,,,,,,,,,,,,,,,,,,,,,,,,,,,High,High,High,,,,,
184,2025-07-05,19:40:51.21,3,2,"Conklin, MacCallan",1000187772,Right,HAG_FLY,"Town, River",701817,Left,LI,Undefined,6,Top,2,1,0,Undefined,Slider,InPlay,Undefined,FlyBall,Out,1,0,,84.67918,-0.523326,-1.261313,2637.85459,134.259109,10:30,5.46704,1.28422,5.90817,-35.74726,3.52677,-2.24772,2.00223,-0.07401,77.03571,-7.14176,-1.665231,0.451049,88.74589,21.504081,-1.937376,2450.33448,109.59254,34.18972,-9.45518,291.68346,285.6156,-10.259311,3.364841,0.76575,2.34862,-1.18169,50,5.4047,2.7958,-122.91296,-2.30813,1.15896,26.79071,-28.61946,HAG_FLY,LI,HagerstownBallpark,Independent,ATL,20250705-HagerstownBallpark-1,768aebf0-59f9-11f0-8072-0db8199850ee,83.5661,38.7686,,7.64347,,,,1.5202,2.0237,0.06225,ef6d4089-19c2-413e-a4a5-bd99adb12924,2025-07-05,23:40:51.21,2025-07-05T19:40:51.2153088-04:00,2025-07-05T23:40:51.2153088Z,LineDrive,v3,6089,1896,,"Black, Mark",691773,Right,HAG_FLY,a185a9bd-6abb-40d1-9096-31d060a9e389,54.58916,-123.9092,13.39535,5.47074,-1.24389,-14.30973,-1.28485,2.75271,0.57948,132.058584,1.52035,121.02514,-18.23095,3.71707,-0.65309,0.05775,0.0112,-0.00448,0.00046,2.02354,47.71855,-16.90809,1.19298,-0.30277,0.12147,-0.04047,0.00815,-0.00069,0.06228,-4.09528,-6.49207,1.70848,-0.39702,0.07427,-0.01001,0.0008,-2E-05,,,,,,,,,,,,,,,,,,,,,,,High,High,High,High,High,,,
185,2025-07-05,19:43:22.42,1,1,"Sandberg, Ryan",806389,Right,LI,"Williams, Tyler",1000053915,Right,HAG_FLY,Undefined,6,Bottom,0,0,0,Undefined,Curveball,FoulBallNotFieldable,Undefined,Undefined,Undefined,0,0,,76.33598,2.140223,-0.197396,2265.893461,44.076255,7:30,5.73935,1.55837,5.33314,-61.25141,-11.60906,-12.91772,2.64401,0.29669,69.34018,-8.993248,-2.495849,0.507105,,,,,,,,,,,,6.45929,-6.12335,-1.53069,50,5.88804,0.87719,-110.69443,2.05681,7.88447,22.75067,-39.64843,HAG_FLY,LI,HagerstownBallpark,Independent,ATL,20250705-HagerstownBallpark-1,d0b2e880-59f9-11f0-8072-0db8199850ee,74.32872,,,6.99581,,,,,,,ef6d4089-19c2-413e-a4a5-bd99adb12924,2025-07-05,23:43:22.42,2025-07-05T19:43:22.4225280-04:00,2025-07-05T23:43:22.4225280Z,,v3,6089,1896,,"O'Conner, Justin",592604,Right,LI,f08879da-0cc3-4b2b-97c3-112517d9d402,55.16792,-111.75153,11.37534,5.74967,3.89905,-19.82421,-1.56294,0.51084,3.94223,,,,,,,,,,,,,,,,,,,,,,,,,,,,,,,,,,,,,,,,,,,,,,,,,,,High,High,High,,,,,
186,2025-07-05,19:43:48.45,1,2,"Sandberg, Ryan",806389,Right,LI,"Williams, Tyler",1000053915,Right,HAG_FLY,Undefined,6,Bottom,0,0,1,Undefined,Four-Seam,StrikeCalled,Undefined,Undefined,Undefined,0,0,,90.89842,-2.369706,-2.811723,2174.421854,197.876162,12:30,5.70297,1.43881,6.16695,-18.97973,14.67591,4.37571,1.92862,-0.79573,82.92084,-5.961972,-2.023432,0.417542,,,,,,,,,,,,-3.06858,8.60768,-1.22785,50,5.51344,6.29068,-131.80994,-6.02666,-5.3792,28.95255,-17.08484,HAG_FLY,LI,HagerstownBallpark,Independent,ATL,20250705-HagerstownBallpark-1,e031bc50-59f9-11f0-8072-0db8199850ee,90.27217,,,7.97758,,,,,,,ef6d4089-19c2-413e-a4a5-bd99adb12924,2025-07-05,23:43:48.45,2025-07-05T19:43:48.4550656-04:00,2025-07-05T23:43:48.4550656Z,,v3,6089,1896,,"O'Conner, Justin",592604,Right,LI,564cc454-9ab5-43ce-901e-ea85647d105f,54.32951,-132.75752,14.47627,5.70154,-5.46749,-8.54242,-1.43662,6.46673,-2.6896,,,,,,,,,,,,,,,,,,,,,,,,,,,,,,,,,,,,,,,,,,,,,,,,,,,High,High,High,,,,,
187,2025-07-05,19:44:06.11,1,3,"Sandberg, Ryan",806389,Right,LI,"Williams, Tyler",1000053915,Right,HAG_FLY,Undefined,6,Bottom,0,0,2,Undefined,Curveball,InPlay,Undefined,GroundBall,Single,0,0,,80.81184,-0.549132,-0.865544,2473.452131,53.84567,7:45,5.72833,1.45538,5.52273,-51.29333,-7.80256,-12.54737,0.94042,-0.3995,74.44797,-9.850055,-3.109047,0.474646,78.28269,-8.585345,-29.168852,,,,,9.22516,8.47424,-19.612353,0.063116,6.15217,-3.47866,-1.37128,50,5.64575,2.26145,-117.39263,-2.90481,8.53777,23.36873,-37.00164,HAG_FLY,LI,HagerstownBallpark,Independent,ATL,20250705-HagerstownBallpark-1,eabc67b0-59f9-11f0-8072-0db8199850ee,79.41167,1.08299,,6.36386,,,,2.42632,1.08299,0.3997,ef6d4089-19c2-413e-a4a5-bd99adb12924,2025-07-05,23:44:06.11,2025-07-05T19:44:06.1156352-04:00,2025-07-05T23:44:06.1156352Z,GroundBall,v3,6089,1896,,"O'Conner, Justin",592604,Right,LI,0b4ce085-403e-43ac-b103-523a7247dea4,54.97873,-118.37958,11.68436,5.73543,-1.34211,-18.50082,-1.45917,1.90087,4.26888,180,2.42522,99.23941,,,,,,,,1.08318,-17.15851,,,,,,,,0.40031,-55.39225,,,,,,,,,,,,,,,,,,,,,,,,,,,,,,High,High,High,Low,Low,,,
188,2025-07-05,19:44:48.62,2,1,"Sandberg, Ryan",806389,Right,LI,"Mayberry, Blake",811761,Right,HAG_FLY,Undefined,6,Bottom,0,0,0,Undefined,Slider,InPlay,Undefined,FlyBall,Out,1,0,,83.15533,0.420481,-0.989344,2409.012954,77.800918,8:30,5.79341,1.50941,5.42059,-41.47553,-0.23185,-7.19079,2.73104,-0.01663,76.06851,-7.156847,-2.269688,0.462221,79.83592,56.095455,12.217362,,105.32057,125.62566,31.74215,198.5718,197.62889,17.581533,5.692656,3.35414,0.11024,-1.41633,50,5.80169,2.38005,-120.71561,-0.59134,4.92665,24.50611,-32.01215,HAG_FLY,LI,HagerstownBallpark,Independent,ATL,20250705-HagerstownBallpark-1,040d9360-59fa-11f0-8072-0db8199850ee,81.54628,125.92825,,7.08683,,,,2.05142,3.08318,0.04636,ef6d4089-19c2-413e-a4a5-bd99adb12924,2025-07-05,23:44:48.62,2025-07-05T19:44:48.6287872-04:00,2025-07-05T23:44:48.6287872Z,FlyBall,v3,6089,1896,,"O'Conner, Justin",592604,Right,LI,fdf1b64b-2892-47eb-8e50-10f4fa6cc0ad,55.07846,-121.74221,12.25305,5.79837,0.74969,-16.00607,-1.51171,2.17366,2.46333,,2.05445,63.77226,-16.91678,4.35517,-0.51756,-0.06837,0.03577,-0.00493,0.00024,3.07599,97.29655,-23.20269,2.40256,-0.53767,0.09024,-0.00402,-0.00109,0.00011,0.04884,13.78071,-0.13089,-0.482,0.20568,-0.04342,0.00382,6E-05,-2E-05,,,,,,,,,,,,,,,,,,,,,,,High,High,High,High,Medium,,,
189,2025-07-05,19:45:29.49,3,1,"Sandberg, Ryan",806389,Right,LI,"Arbolida, Cary",812364,Right,HAG_FLY,Undefined,6,Bottom,1,0,0,Undefined,Slider,StrikeSwinging,Undefined,Undefined,Undefined,0,0,,83.67286,0.055553,-1.008496,2394.95683,79.233097,8:45,5.80951,1.6221,5.49275,-40.56026,0.05858,-6.54122,2.48147,0.13352,76.5852,-7.361667,-2.175102,0.458707,,,,,,,,,,,,2.99705,0.43256,-1.52937,50,5.7871,2.4129,-121.46098,-1.33501,4.45971,24.65763,-31.53039,HAG_FLY,LI,HagerstownBallpark,Independent,ATL,20250705-HagerstownBallpark-1,1c547b00-59fa-11f0-8072-0db8199850ee,82.17109,,,7.08766,,,,,,,ef6d4089-19c2-413e-a4a5-bd99adb12924,2025-07-05,23:45:29.49,2025-07-05T19:45:29.4970000-04:00,2025-07-05T23:45:29.4970000Z,,v3,6089,1896,,"O'Conner, Justin",592604,Right,LI,d98b6a41-1ed2-4a83-ae47-2b90d7ec6a03,55.00475,-122.47278,12.32881,5.81533,-0.0412,-15.76519,-1.62462,2.2299,2.22986,,,,,,,,,,,,,,,,,,,,,,,,,,,,,58.06009,2.753815,1.55904,1.194775,-1.21517,2.13192,-0.03223,-5.03708,4.39857,3.78202,63.40607,5.71694,61.55034,-4.97838,63.71286,-5.48956,4.43681,18.18854,-14.3768,3.81176,52.09256,-3.18754,High,High,High,,,High,High,High
190,2025-07-05,19:45:53.99,3,2,"Sandberg, Ryan",806389,Right,LI,"Arbolida, Cary",812364,Right,HAG_FLY,Undefined,6,Bottom,1,0,1,Undefined,Slider,InPlay,Undefined,FlyBall,Out,1,0,,81.63742,0.825328,-1.45836,2309.691286,71.123906,8:15,5.74899,1.6905,5.3898,-43.70538,-0.79232,-6.38528,2.88071,-0.20872,74.58949,-7.155402,-2.594084,0.471483,97.33862,48.021523,10.717284,5382.458126,107.32035,125.28169,24.13154,265.17968,262.71614,14.986203,6.296614,2.79236,-0.25634,-1.55556,50,5.79184,3.27617,-118.45757,0.16569,3.94529,23.82081,-32.5362,HAG_FLY,LI,HagerstownBallpark,Independent,ATL,20250705-HagerstownBallpark-1,2b111040-59fa-11f0-8072-0db8199850ee,79.9444,150.84531,,7.04792,,,,1.00196,3.21495,-0.26571,ef6d4089-19c2-413e-a4a5-bd99adb12924,2025-07-05,23:45:53.99,2025-07-05T19:45:53.9914240-04:00,2025-07-05T23:45:53.9914240Z,FlyBall,v3,6089,1896,,"O'Conner, Justin",592604,Right,LI,bc01f743-e8c1-45be-b352-3d8b155b7e2b,55.1088,-119.48049,11.9104,5.75472,1.56287,-16.2681,-1.69261,3.10675,1.97264,185.73232,1.01547,93.6036,-27.90628,7.53222,-1.30726,0.12225,-0.00162,-0.00061,3E-05,3.21192,106.15027,-22.02756,0.82621,0.36823,-0.20054,0.04733,-0.00555,0.00026,-0.26349,17.72271,-2.65683,0.43047,-0.00399,-0.01558,0.00313,-0.00024,1E-05,,,,,,,,,,,,,,,,,,,,,,,High,High,High,Medium,Low,,,
191,2025-07-05,19:46:37.07,4,1,"Sandberg, Ryan",806389,Right,LI,"DeLuca, Joe",700593,Left,HAG_FLY,Undefined,6,Bottom,2,0,0,Undefined,Four-Seam,InPlay,Undefined,Popup,Out,1,0,,90.26218,-0.719054,-2.999475,2156.808941,209.344006,1:00,5.73908,1.52789,6.06742,-19.77509,14.41001,7.47843,3.42479,-0.62717,82.25449,-4.462433,-1.655367,0.420814,51.32162,39.57573,-6.038921,2426.639866,108.12144,28.18447,-20.2418,143.87911,138.3343,-11.829761,3.079737,-4.72264,7.96815,-1.29931,50,5.67275,6.55268,-130.97723,-2.24892,-8.18078,28.38979,-18.37128,HAG_FLY,LI,HagerstownBallpark,Independent,ATL,20250705-HagerstownBallpark-1,44b08300-59fa-11f0-8072-0db8199850ee,89.57035,37.46791,,8.00768,,,,0.5339,3.37875,0.63053,ef6d4089-19c2-413e-a4a5-bd99adb12924,2025-07-05,23:46:37.07,2025-07-05T19:46:37.0746368-04:00,2025-07-05T23:46:37.0746368Z,LineDrive,v3,6089,1896,,"O'Conner, Justin",592604,Right,LI,a9b49ffd-79ab-4776-bbf5-ce80bf283b6f,54.43016,-131.93398,14.1949,5.7381,-1.6298,-9.18564,-1.52478,6.82838,-4.09039,141.239503,0.53385,57.69954,-6.97619,1.68409,-0.47233,0.20947,-0.08579,0.01958,-0.00176,3.37892,47.94791,-18.11151,0.99003,0.02979,-0.1634,0.07933,-0.01681,0.00135,0.63053,-6.10346,-2.23339,0.56648,-0.13599,0.04419,-0.01581,0.00362,-0.00033,,,,,,,,,,,,,,,,,,,,,,,High,High,High,High,High,,,
192,2025-07-05,19:48:51.35,1,1,"Conklin, MacCallan",1000187772,Right,HAG_FLY,"Castillo, Ivan",622668,Left,LI,Undefined,7,Top,0,0,0,Undefined,Four-Seam,BallCalled,Undefined,Undefined,Undefined,0,0,,90.67037,-0.013644,-0.984807,2282.962831,216.091589,1:15,5.45709,1.1933,6.14325,-18.40292,15.34883,10.3891,3.9109,1.14893,82.4675,-3.522298,0.888558,0.418138,,,,,,,,,,,,-5.59363,8.2426,-1.12317,50,5.44639,1.81673,-131.70001,-0.56623,-9.78628,28.98209,-17.75323,HAG_FLY,LI,HagerstownBallpark,Independent,ATL,20250705-HagerstownBallpark-1,94a54300-59fa-11f0-8072-0db8199850ee,90.14353,,,8.20287,,,,,,,ef6d4089-19c2-413e-a4a5-bd99adb12924,2025-07-05,23:48:51.35,2025-07-05T19:48:51.3562112-04:00,2025-07-05T23:48:51.3562112Z,,v3,6089,1896,,"Black, Mark",691773,Right,HAG_FLY,53996a7d-c7cf-4dde-b1c2-b924afb0ded1,54.3519,-132.65424,14.49104,5.45541,0.01829,-8.87661,-1.18829,2.13894,-4.89314,,,,,,,,,,,,,,,,,,,,,,,,,,,,,,,,,,,,,,,,,,,,,,,,,,,High,High,High,,,,,
193,2025-07-05,19:49:04.67,1,2,"Conklin, MacCallan",1000187772,Right,HAG_FLY,"Castillo, Ivan",622668,Left,LI,Undefined,7,Top,0,1,0,Undefined,Four-Seam,FoulBallNotFieldable,Undefined,Undefined,Undefined,0,0,,90.63389,-1.454122,-1.503662,2263.691377,216.585089,1:15,5.43754,0.98939,6.23588,-15.48485,18.38686,12.77591,2.80502,0.66666,82.05397,-4.448001,0.803886,0.41888,75.90034,50.045313,-94.958321,4183.396106,,,,,57.00915,,,-7.08079,10.32394,-0.88337,50,5.32135,2.92411,-131.56538,-3.74515,-12.28154,30.63032,-14.26735,HAG_FLY,LI,HagerstownBallpark,Independent,ATL,20250705-HagerstownBallpark-1,9cac29b0-59fa-11f0-8072-0db8199850ee,89.98379,56.77529,,8.57991,,,,0.63867,2.74413,-0.67781,ef6d4089-19c2-413e-a4a5-bd99adb12924,2025-07-05,23:49:04.67,2025-07-05T19:49:04.6768128-04:00,2025-07-05T23:49:04.6768128Z,,v3,6089,1896,,"Black, Mark",691773,Right,HAG_FLY,f8451d1c-bde9-47ac-b899-e21e80458181,54.26071,-132.55362,15.31516,5.43476,-3.28484,-7.13367,-0.9841,3.32035,-6.14077,,0.63867,-6.17877,-5.91308,1.13615,-0.20266,0.03988,-0.00829,0.00147,-0.00018,2.74413,85.33288,-29.54867,4.0794,-0.8973,0.19231,-0.04389,0.00903,-0.00116,-0.67781,-71.22034,10.29336,-3.07365,0.78598,-0.19632,0.04865,-0.01036,0.00135,,,,,,,,,,,,,,,,,,,,,,,High,High,High,Low,Undefined,,,
194,2025-07-05,19:49:24.54,1,3,"Conklin, MacCallan",1000187772,Right,HAG_FLY,"Castillo, Ivan",622668,Left,LI,Undefined,7,Top,0,1,1,Undefined,Slider,InPlay,Undefined,GroundBall,Out,1,0,,83.49962,0.166924,-1.293763,2554.487194,86.877403,9:00,5.48116,1.16668,5.79746,-38.86766,0.88969,-3.8354,2.39749,-0.35649,77.44287,-6.956893,-1.98142,0.453816,78.41758,-33.704118,45.581428,,,,,4.96939,4.96939,34.600005,0.03794,1.6535,0.71032,-1.05796,50,5.47123,2.89107,-121.45293,-0.95565,2.49526,21.4886,-31.10212,HAG_FLY,LI,HagerstownBallpark,Independent,ATL,20250705-HagerstownBallpark-1,a8837950-59fa-11f0-8072-0db8199850ee,83.05659,2.42814,,6.05675,,,,1.54267,2.42814,0.22178,ef6d4089-19c2-413e-a4a5-bd99adb12924,2025-07-05,23:49:24.54,2025-07-05T19:49:24.5433856-04:00,2025-07-05T23:49:24.5433856Z,GroundBall,v3,6089,1896,,"Black, Mark",691773,Right,HAG_FLY,b18d9274-ab7b-4711-9515-0ccaeeb33237,54.7032,-122.28223,10.7443,5.48495,0.24466,-15.55106,-1.16768,2.79477,1.24763,180,1.54153,67.15419,,,,,,,,2.42923,-63.99997,,,,,,,,0.22061,68.53115,,,,,,,,,,,,,,,,,,,,,,,,,,,,,,High,High,High,Low,Low,,,
195,2025-07-05,19:50:04.92,2,1,"Conklin, MacCallan",1000187772,Right,HAG_FLY,"Thomas, Cody",642137,Left,LI,Undefined,7,Top,1,0,0,Undefined,Slider,StrikeSwinging,Undefined,Undefined,Undefined,0,0,,84.0723,-0.983219,-2.349414,2677.762929,91.521623,9:00,5.44981,1.06156,5.8845,-38.00128,1.19689,-3.71752,1.36917,-1.43111,78.05152,-7.940754,-3.016685,0.450614,,,,,,,,,,,,1.33095,1.14571,-0.86972,50,5.3481,5.15511,-122.19979,-3.36413,2.02982,22.13963,-30.42672,HAG_FLY,LI,HagerstownBallpark,Independent,ATL,20250705-HagerstownBallpark-1,c097df40-59fa-11f0-8072-0db8199850ee,83.64692,,,6.02078,,,,,,,ef6d4089-19c2-413e-a4a5-bd99adb12924,2025-07-05,23:50:04.92,2025-07-05T19:50:04.9236992-04:00,2025-07-05T23:50:04.9236992Z,,v3,6089,1896,,"Black, Mark",691773,Right,HAG_FLY,9879469e-71fe-4158-876a-c2be9ce2d09a,54.61633,-123.03331,11.06981,5.45319,-2.21861,-15.21336,-1.06237,5.07869,1.01491,,,,,,,,,,,,,,,,,,,,,,,,,,,,,,,,,,,,,,,,,,,,,,,,,,,High,High,High,,,,,
196,2025-07-05,19:50:21.88,2,2,"Conklin, MacCallan",1000187772,Right,HAG_FLY,"Thomas, Cody",642137,Left,LI,Undefined,7,Top,1,0,1,Undefined,Four-Seam,StrikeSwinging,Undefined,Undefined,Undefined,0,0,,93.1436,-0.099863,-1.740678,2406.633107,215.771284,1:15,5.49889,1.02106,6.19221,-14.42957,17.29229,11.76186,4.20419,0.39368,85.20586,-2.873022,0.381248,0.405369,,,,,,,,,,,,-6.52737,9.25993,-0.89554,50,5.48381,3.60915,-135.37818,-0.63136,-12.1493,28.73969,-14.93871,HAG_FLY,LI,HagerstownBallpark,Independent,ATL,20250705-HagerstownBallpark-1,ca95b3f0-59fa-11f0-8072-0db8199850ee,92.98296,,,7.93775,,,,,,,ef6d4089-19c2-413e-a4a5-bd99adb12924,2025-07-05,23:50:21.88,2025-07-05T19:50:21.8880512-04:00,2025-07-05T23:50:21.8880512Z,,v3,6089,1896,,"Black, Mark",691773,Right,HAG_FLY,3fcb7243-e227-4431-873b-b8a81a5a1469,54.30516,-136.28907,14.36985,5.49632,-0.15789,-7.46936,-1.01603,3.99421,-6.07465,,,,,,,,,,,,,,,,,,,,,,,,,,,,,,,,,,,,,,,,,,,,,,,,,,,High,High,High,,,,,
197,2025-07-05,19:50:48.19,2,3,"Conklin, MacCallan",1000187772,Right,HAG_FLY,"Thomas, Cody",642137,Left,LI,Undefined,7,Top,1,0,2,Undefined,Four-Seam,BallCalled,Undefined,Undefined,Undefined,0,0,,93.73064,0.922472,-0.429311,2357.323219,216.312839,1:15,5.46539,1.09429,6.08444,-15.67379,15.74859,10.88501,5.01272,1.60421,85.77992,-2.068215,1.531058,0.403451,,,,,,,,,,,,-5.6876,8.14512,-1.06656,50,5.52806,0.54122,-136.24853,1.73143,-10.73121,28.89128,-16.80612,HAG_FLY,LI,HagerstownBallpark,Independent,ATL,20250705-HagerstownBallpark-1,da42c3b0-59fa-11f0-8072-0db8199850ee,93.42503,,,7.95073,,,,,,,ef6d4089-19c2-413e-a4a5-bd99adb12924,2025-07-05,23:50:48.19,2025-07-05T19:50:48.1959424-04:00,2025-07-05T23:50:48.1959424Z,,v3,6089,1896,,"Black, Mark",691773,Right,HAG_FLY,0bd1dd97-a11e-4e4e-8818-1eb9c67b167c,54.41247,-137.181,14.44564,5.46342,2.27385,-8.40306,-1.08962,0.88757,-5.3656,,,,,,,,,,,,,,,,,,,,,,,,,,,,,,,,,,,,,,,,,,,,,,,,,,,High,High,High,,,,,
198,2025-07-05,19:51:03.04,2,4,"Conklin, MacCallan",1000187772,Right,HAG_FLY,"Thomas, Cody",642137,Left,LI,Undefined,7,Top,1,1,2,Undefined,Four-Seam,InPlay,Undefined,GroundBall,Out,1,0,,92.79423,-1.883949,-1.167916,2380.978163,227.548174,1:30,5.44571,1.05621,6.28695,-18.70769,13.03576,13.22501,2.14956,1.08183,85.46319,-5.412505,1.224462,0.405507,81.33644,5.74118,-4.397752,817.513999,,,,100.15366,99.74632,-7.023355,0.914688,-7.22937,7.57201,-0.97658,50,5.29773,2.21643,-134.93869,-5.01311,-13.4093,27.71635,-18.12923,HAG_FLY,LI,HagerstownBallpark,Independent,ATL,20250705-HagerstownBallpark-1,e32e16f0-59fa-11f0-8072-0db8199850ee,92.95142,4.32812,,7.33104,,,,1.37516,2.11874,-1.03914,ef6d4089-19c2-413e-a4a5-bd99adb12924,2025-07-05,23:51:03.04,2025-07-05T19:51:03.0445568-04:00,2025-07-05T23:51:03.0445568Z,GroundBall,v3,6089,1896,,"Black, Mark",691773,Right,HAG_FLY,964d9463-056a-4fb7-8af4-3e4b952f7aea,54.21295,-135.80127,13.85818,5.44497,-4.4489,-9.06462,-1.05206,2.63375,-6.70465,99.971375,1.4302,117.52522,-11.44693,,,,,,,2.15111,11.45611,-15.13229,,,,,,,-1.01176,-9.51193,-3.05819,,,,,,,,,,,,,,,,,,,,,,,,,,,,,High,High,High,High,High,,,
199,2025-07-05,19:51:39.28,3,1,"Conklin, MacCallan",1000187772,Right,HAG_FLY,"Kohlwey, Taylor",670128,Left,LI,Undefined,7,Top,2,0,0,Undefined,Slider,BallCalled,Undefined,Undefined,Undefined,0,0,,83.93104,-2.47321,-1.632499,2624.017753,216.467776,1:15,5.4156,1.14006,6.12848,-35.12573,3.51146,1.86709,0.20003,-0.21373,78.73009,-8.906009,-1.295252,0.447378,,,,,,,,,,,,-1.3489,2.63862,-1.01632,50,5.20772,3.41268,-122.09845,-6.38616,-2.07365,19.90624,-28.11775,HAG_FLY,LI,HagerstownBallpark,Independent,ATL,20250705-HagerstownBallpark-1,f8d155d0-59fa-11f0-8072-0db8199850ee,84.25196,,,5.20094,,,,,,,ef6d4089-19c2-413e-a4a5-bd99adb12924,2025-07-05,23:51:39.28,2025-07-05T19:51:39.2814592-04:00,2025-07-05T23:51:39.2814592Z,,v3,6089,1896,,"Black, Mark",691773,Right,HAG_FLY,28ccb0ee-e426-4700-81c6-d08d26a2cca9,54.37329,-122.80937,9.95312,5.41786,-5.38197,-14.05888,-1.13952,3.48674,-1.03683,,,,,,,,,,,,,,,,,,,,,,,,,,,,,,,,,,,,,,,,,,,,,,,,,,,High,High,High,,,,,
200,2025-07-05,19:51:59.31,3,2,"Conklin, MacCallan",1000187772,Right,HAG_FLY,"Kohlwey, Taylor",670128,Left,LI,Undefined,7,Top,2,1,0,Undefined,Slider,BallCalled,Undefined,Undefined,Undefined,0,0,,85.71139,-3.206584,-2.479801,2575.525028,148.747242,11:00,5.27787,1.19552,6.28006,-32.64179,4.30878,-2.0387,-0.40362,-1.26141,80.39147,-9.189789,-2.848679,0.437504,,,,,,,,,,,,0.51024,3.22638,-1.01148,50,5.0246,5.46688,-124.56158,-8.00183,0.81541,20.9971,-27.01808,HAG_FLY,LI,HagerstownBallpark,Independent,ATL,20250705-HagerstownBallpark-1,04b72460-59fb-11f0-8072-0db8199850ee,86.15338,,,5.31992,,,,,,,ef6d4089-19c2-413e-a4a5-bd99adb12924,2025-07-05,23:51:59.31,2025-07-05T19:51:59.3184768-04:00,2025-07-05T23:51:59.3184768Z,,v3,6089,1896,,"Black, Mark",691773,Right,HAG_FLY,dddd1dcc-3683-45bf-8287-916e9eec1b73,54.22192,-125.27124,10.49855,5.27962,-7.08868,-13.50904,-1.19578,5.43932,0.40771,,,,,,,,,,,,,,,,,,,,,,,,,,,,,,,,,,,,,,,,,,,,,,,,,,,High,High,High,,,,,
201,2025-07-05,19:52:20.59,3,3,"Conklin, MacCallan",1000187772,Right,HAG_FLY,"Kohlwey, Taylor",670128,Left,LI,Undefined,7,Top,2,2,0,Undefined,Four-Seam,BallCalled,Undefined,Undefined,Undefined,0,0,,92.2947,-3.381208,-1.361828,2348.234038,220.881398,1:15,5.24917,1.26543,6.26252,-16.43454,15.92603,12.89993,0.75765,1.08458,84.6423,-6.500161,0.97057,0.40943,,,,,,,,,,,,-7.07111,9.51567,-1.17059,50,4.99019,2.65036,-133.9516,-8.38784,-12.86267,28.61673,-14.86457,HAG_FLY,LI,HagerstownBallpark,Independent,ATL,20250705-HagerstownBallpark-1,116f8530-59fb-11f0-8072-0db8199850ee,92.06077,,,7.65241,,,,,,,ef6d4089-19c2-413e-a4a5-bd99adb12924,2025-07-05,23:52:20.59,2025-07-05T19:52:20.5976064-04:00,2025-07-05T23:52:20.5976064Z,,v3,6089,1896,,"Black, Mark",691773,Right,HAG_FLY,ca0f41d5-5f0a-407b-9887-24988f304d8c,54.23568,-134.85346,14.30836,5.24715,-7.91939,-7.43228,-1.2605,3.05573,-6.43133,,,,,,,,,,,,,,,,,,,,,,,,,,,,,,,,,,,,,,,,,,,,,,,,,,,High,High,High,,,,,
202,2025-07-05,19:52:38.22,3,4,"Conklin, MacCallan",1000187772,Right,HAG_FLY,"Kohlwey, Taylor",670128,Left,LI,Undefined,7,Top,2,3,0,Undefined,Four-Seam,BallCalled,Walk,Undefined,Undefined,0,0,,92.22175,-3.435063,-2.549829,2303.882245,220.764185,1:15,5.27678,1.21275,6.33724,-17.4406,14.8045,11.91111,0.65382,-0.14383,84.86544,-6.732826,-0.395115,0.408699,,,,,,,,,,,,-6.91512,8.93961,-1.03267,50,5.01792,5.48298,-133.82105,-8.55092,-12.6001,27.57685,-15.8851,HAG_FLY,LI,HagerstownBallpark,Independent,ATL,20250705-HagerstownBallpark-1,1bec4de0-59fb-11f0-8072-0db8199850ee,92.22544,,,7.35631,,,,,,,ef6d4089-19c2-413e-a4a5-bd99adb12924,2025-07-05,23:52:38.22,2025-07-05T19:52:38.2256640-04:00,2025-07-05T23:52:38.2256640Z,,v3,6089,1896,,"Black, Mark",691773,Right,HAG_FLY,e2344092-2d4d-441d-bbfc-2c4f2b6eae21,54.16226,-134.67604,13.78843,5.2754,-8.05842,-7.94255,-1.20872,5.87363,-6.30005,,,,,,,,,,,,,,,,,,,,,,,,,,,,,,,,,,,,,,,,,,,,,,,,,,,High,High,High,,,,,
203,2025-07-05,19:53:10.81,4,1,"Conklin, MacCallan",1000187772,Right,HAG_FLY,"Viola, Troy",802112,Right,LI,Undefined,7,Top,2,0,0,Undefined,Sinker,BallCalled,Undefined,Undefined,Undefined,0,0,,91.42918,-4.01985,-4.280532,2240.079958,228.307326,1:30,5.30383,1.32539,6.25252,-18.5454,14.49375,15.12454,0.03491,-1.36898,84.17954,-7.509396,-1.555627,0.4137,,,,,,,,,,,,-9.06134,8.91394,-1.01465,50,4.99489,9.30975,-132.36137,-9.88426,-16.16617,26.75353,-16.27088,HAG_FLY,LI,HagerstownBallpark,Independent,ATL,20250705-HagerstownBallpark-1,2f5a5d40-59fb-11f0-8072-0db8199850ee,91.11051,,,7.24963,,,,,,,ef6d4089-19c2-413e-a4a5-bd99adb12924,2025-07-05,23:53:10.81,2025-07-05T19:53:10.8186112-04:00,2025-07-05T23:53:10.8186112Z,,v3,6089,1896,,"Black, Mark",691773,Right,HAG_FLY,fc2f21a4-c4ac-4ddc-b692-e9f561ae1930,54.24804,-133.21724,13.37677,5.30276,-9.36374,-8.13544,-1.32075,9.82692,-8.08308,,,,,,,,,,,,,,,,,,,,,,,,,,,,,,,,,,,,,,,,,,,,,,,,,,,High,High,High,,,,,
204,2025-07-05,19:53:35.43,4,2,"Conklin, MacCallan",1000187772,Right,HAG_FLY,"Viola, Troy",802112,Right,LI,Undefined,7,Top,2,1,0,Undefined,Sinker,BallCalled,Undefined,Undefined,Undefined,0,0,,90.69555,-0.578252,-3.177845,2338.180437,225.602346,1:30,5.33412,1.30326,6.19776,-19.33844,14.30446,13.50749,3.18794,-0.50769,82.71387,-4.249496,-0.743971,0.417463,,,,,,,,,,,,-7.84004,7.88473,-1.07041,50,5.28071,6.74019,-131.6281,-1.90414,-13.744,28.14455,-18.35173,HAG_FLY,LI,HagerstownBallpark,Independent,ATL,20250705-HagerstownBallpark-1,3e0df1d0-59fb-11f0-8072-0db8199850ee,90.28926,,,7.98169,,,,,,,ef6d4089-19c2-413e-a4a5-bd99adb12924,2025-07-05,23:53:35.43,2025-07-05T19:53:35.4300000-04:00,2025-07-05T23:53:35.4300000Z,,v3,6089,1896,,"Black, Mark",691773,Right,HAG_FLY,3dcfbc04-aa6e-4ec1-8559-418de9e3af8b,54.29917,-132.54416,14.07228,5.33296,-1.30682,-9.17586,-1.29707,7.18754,-6.872,,,,,,,,,,,,,,,,,,,,,,,,,,,,,81.81983,1.935237,0.719002,1.216235,-1.52034,2.96361,0.54236,-1.6158,5.98105,1.05,127.27888,-1.31067,-0.61323,-1.50242,118.30748,-10.34498,5.9949,7.95333,-11.49828,1.02406,-3.53846,1.83198,High,High,High,,,High,High,High
205,2025-07-05,19:54:31.60,4,3,"Conklin, MacCallan",1000187772,Right,HAG_FLY,"Viola, Troy",802112,Right,LI,Undefined,7,Top,2,2,0,Undefined,Four-Seam,InPlay,Undefined,FlyBall,Out,1,0,,92.23759,-1.429621,-2.065174,2391.531734,222.058134,1:30,5.34347,1.29789,6.29045,-16.17721,16.13166,13.63914,2.67683,0.53059,84.35916,-4.522689,0.400161,0.409103,89.68979,21.149039,-1.261979,2080.692027,109.98298,34.34934,1.92908,295.4519,285.24534,4.594422,3.339753,-7.67615,9.09591,-1.15229,50,5.23024,4.27316,-134.01963,-3.80348,-13.96884,28.81691,-15.62159,HAG_FLY,LI,HagerstownBallpark,Independent,ATL,20250705-HagerstownBallpark-1,5f84d6d0-59fb-11f0-8072-0db8199850ee,92.13444,38.76968,,7.87842,,,,1.05463,2.67025,-0.53168,ef6d4089-19c2-413e-a4a5-bd99adb12924,2025-07-05,23:54:31.60,2025-07-05T19:54:31.6079104-04:00,2025-07-05T23:54:31.6079104Z,LineDrive,v3,6089,1896,,"Black, Mark",691773,Right,HAG_FLY,1ee0df5c-6913-4bfe-924f-1a539dc59f0c,54.20817,-134.92144,14.40846,5.34161,-3.31462,-7.8108,-1.29285,4.7103,-6.98442,226.1167,1.05419,122.6702,-18.0612,4.11305,-1.07892,0.34178,-0.09892,0.01746,-0.00126,2.67062,47.44827,-16.53275,0.4503,0.27048,-0.18211,0.06128,-0.0098,0.00057,-0.53161,-2.70405,7.09212,-2.60614,0.77349,-0.19497,0.04092,-0.00561,0.00033,,,,,,,,,,,,,,,,,,,,,,,High,High,High,High,High,,,
206,2025-07-05,19:58:05.67,1,1,"Sandberg, Ryan",806389,Right,LI,"Cannon, Bryce",1000048596,Left,HAG_FLY,Undefined,7,Bottom,0,0,0,Undefined,Four-Seam,StrikeCalled,Undefined,Undefined,Undefined,0,0,,89.32957,-1.54399,-1.478913,2182.226132,195.23949,12:30,5.63904,1.60708,6.45683,-19.02706,15.20619,3.84973,2.63431,0.56905,81.77969,-5.167944,-0.78063,0.42111,,,,,,,,,,,,-2.4141,8.70567,-1.50409,50,5.52113,3.1992,-129.81333,-4.02243,-4.12127,27.05934,-17.31207,HAG_FLY,LI,HagerstownBallpark,Independent,ATL,20250705-HagerstownBallpark-1,df04ea30-59fb-11f0-8072-0db8199850ee,89.50736,,,7.54988,,,,,,,ef6d4089-19c2-413e-a4a5-bd99adb12924,2025-07-05,23:58:05.67,2025-07-05T19:58:05.6723968-04:00,2025-07-05T23:58:05.6723968Z,,v3,6089,1896,,"O'Conner, Justin",592604,Right,LI,88aa3040-6ea9-4681-85f0-7feae5ee3514,54.03982,-130.65271,13.52967,5.63757,-3.48541,-8.65604,-1.60531,3.32704,-2.06064,,,,,,,,,,,,,,,,,,,,,,,,,,,,,,,,,,,,,,,,,,,,,,,,,,,High,High,High,,,,,
207,2025-07-05,19:58:23.38,1,2,"Sandberg, Ryan",806389,Right,LI,"Cannon, Bryce",1000048596,Left,HAG_FLY,Undefined,7,Bottom,0,0,1,Undefined,Splitter,StrikeSwinging,Undefined,Undefined,Undefined,0,0,,84.33207,-1.829935,-3.107518,978.784527,259.997923,2:45,5.49166,1.85039,5.84785,-36.29305,4.14961,14.47009,0.76372,0.16578,75.63982,-8.560874,-0.511311,0.457711,,,,,,,,,,,,-8.49374,3.23106,-1.60601,50,5.32175,6.0308,-121.99843,-5.10879,-12.45941,29.97046,-27.43442,HAG_FLY,LI,HagerstownBallpark,Independent,ATL,20250705-HagerstownBallpark-1,e9ad7dd0-59fb-11f0-8072-0db8199850ee,82.34989,,,8.69225,,,,,,,ef6d4089-19c2-413e-a4a5-bd99adb12924,2025-07-05,23:58:23.38,2025-07-05T19:58:23.3868288-04:00,2025-07-05T23:58:23.3868288Z,,v3,6089,1896,,"O'Conner, Justin",592604,Right,LI,b5aff3d3-a1a9-4f6f-9bc0-d210d006eba8,54.64741,-123.13483,14.98523,5.49574,-4.06854,-13.71721,-1.84364,6.50323,-6.2297,,,,,,,,,,,,,,,,,,,,,,,,,,,,,,,,,,,,,,,,,,,,,,,,,,,High,High,High,,,,,
208,2025-07-05,19:58:40.96,1,3,"Sandberg, Ryan",806389,Right,LI,"Cannon, Bryce",1000048596,Left,HAG_FLY,Undefined,7,Bottom,0,0,2,Undefined,Curveball,FoulBallNotFieldable,Undefined,Undefined,Undefined,0,0,,79.88044,1.102107,-1.087176,2425.045877,23.416933,6:45,5.72867,1.48189,5.38639,-59.33606,-14.08324,-6.78351,1.81731,-0.10252,72.65012,-9.663534,-2.296486,0.484166,75.23862,-42.767512,83.445499,,,,,3.49517,3.49517,39.063384,0.026548,3.07949,-7.10048,-1.37969,50,5.78475,2.46868,-115.87465,0.12323,4.11472,25.13608,-41.66144,HAG_FLY,LI,HagerstownBallpark,Independent,ATL,20250705-HagerstownBallpark-1,f42f9db0-59fb-11f0-8072-0db8199850ee,77.85026,1.99429,,7.23031,,,,2.46771,1.99429,0.06059,ef6d4089-19c2-413e-a4a5-bd99adb12924,2025-07-05,23:58:40.96,2025-07-05T19:58:40.9608192-04:00,2025-07-05T23:58:40.9608192Z,GroundBall,v3,6089,1896,,"O'Conner, Justin",592604,Right,LI,c9096cbf-8c08-4e4e-a5b8-4235aa33c7ea,55.11463,-116.97888,12.56804,5.73913,1.95342,-20.83072,-1.48417,2.28792,2.05736,,2.46761,9.2705,,,,,,,,1.9951,-75.12003,,,,,,,,0.05972,80.68373,,,,,,,,,,,,,,,,,,,,,,,,,,,,,,High,High,High,Estimated,Estimated,,,
209,2025-07-05,19:59:06.48,1,4,"Sandberg, Ryan",806389,Right,LI,"Cannon, Bryce",1000048596,Left,HAG_FLY,Undefined,7,Bottom,0,0,2,Undefined,Four-Seam,StrikeSwinging,Strikeout,Undefined,Undefined,0,0,,89.36784,-0.88944,-1.657102,2003.646956,210.206255,1:00,5.66012,1.64782,6.3866,-19.72848,14.7354,7.91729,3.19754,0.78291,81.33266,-4.652666,-0.223113,0.422526,,,,,,,,,,,,-4.59496,8.28036,-1.53198,50,5.58688,3.43689,-129.81535,-2.56836,-7.80109,28.46829,-18.1161,HAG_FLY,LI,HagerstownBallpark,Independent,ATL,20250705-HagerstownBallpark-1,0361b110-59fc-11f0-8072-0db8199850ee,89.2074,,,8.03518,,,,,,,ef6d4089-19c2-413e-a4a5-bd99adb12924,2025-07-05,23:59:06.48,2025-07-05T19:59:06.4830000-04:00,2025-07-05T23:59:06.4830000Z,,v3,6089,1896,,"O'Conner, Justin",592604,Right,LI,ff643dc5-5f2c-4a36-9199-f74d10dd67db,54.10958,-130.71347,14.23414,5.65889,-1.99683,-9.05805,-1.64428,3.683,-3.90054,,,,,,,,,,,,,,,,,,,,,,,,,,,,,59.36592,2.375847,1.15241,1.223438,-0.75551,3.01732,-0.77557,-2.86821,5.59854,-0.44768,77.42554,8.35391,-47.56866,-2.80092,71.17717,-4.57803,5.68455,20.72845,-15.15627,-0.52132,-43.41932,4.05614,High,High,High,,,High,High,High
210,2025-07-05,19:59:40.47,2,1,"Sandberg, Ryan",806389,Right,LI,"Black, Mark",691773,Right,HAG_FLY,Undefined,7,Bottom,1,0,0,Undefined,Slider,StrikeSwinging,Undefined,Undefined,Undefined,0,0,,83.23919,0.927252,-1.525549,2346.763801,69.598865,8:15,5.79163,1.54636,5.52471,-41.69053,-0.72051,-5.42303,3.18467,-0.3321,76.16565,-6.703853,-2.4923,0.460685,,,,,,,,,,,,2.28819,-0.19543,-1.41006,50,5.84464,3.44455,-120.81132,0.46993,3.37312,24.09912,-32.46214,HAG_FLY,LI,HagerstownBallpark,Independent,ATL,20250705-HagerstownBallpark-1,178b6f50-59fc-11f0-8072-0db8199850ee,81.81819,,,7.07354,,,,,,,ef6d4089-19c2-413e-a4a5-bd99adb12924,2025-07-05,23:59:40.47,2025-07-05T19:59:40.4720128-04:00,2025-07-05T23:59:40.4720128Z,,v3,6089,1896,,"O'Conner, Justin",592604,Right,LI,0a28fb99-619f-4e3f-ad49-2d0b82d11886,54.97275,-121.79923,12.04956,5.7981,1.80067,-16.23107,-1.54843,3.30628,1.68656,,,,,,,,,,,,,,,,,,,,,,,,,,,,,,,,,,,,,,,,,,,,,,,,,,,High,High,High,,,,,
211,2025-07-05,20:00:14.87,2,2,"Sandberg, Ryan",806389,Right,LI,"Black, Mark",691773,Right,HAG_FLY,Undefined,7,Bottom,1,0,1,Undefined,Curveball,BallCalled,Undefined,Undefined,Undefined,0,0,,79.84565,-0.091294,-1.057688,2351.432322,37.269013,7:15,5.6907,1.60759,5.60417,-53.58448,-9.12032,-8.01662,1.14009,-0.04791,73.43435,-9.830085,-2.493101,0.479928,,,,,,,,,,,,3.77288,-4.23508,-1.51172,50,5.64787,2.45016,-115.98288,-2.01543,5.1051,23.03776,-37.90459,HAG_FLY,LI,HagerstownBallpark,Independent,ATL,20250705-HagerstownBallpark-1,2c2aabb0-59fc-11f0-8072-0db8199850ee,78.53763,,,6.4113,,,,,,,ef6d4089-19c2-413e-a4a5-bd99adb12924,2025-07-06,00:00:14.87,2025-07-05T20:00:14.8738048-04:00,2025-07-06T00:00:14.8738048Z,,v3,6089,1896,,"O'Conner, Justin",592604,Right,LI,139c4c0d-7e29-4146-8b30-8fc76a59178c,54.89677,-116.95149,11.51888,5.6991,-0.42176,-18.95229,-1.61022,2.23552,2.55255,,,,,,,,,,,,,,,,,,,,,,,,,,,,,,,,,,,,,,,,,,,,,,,,,,,High,High,High,,,,,
212,2025-07-05,20:00:30.86,2,3,"Sandberg, Ryan",806389,Right,LI,"Black, Mark",691773,Right,HAG_FLY,Undefined,7,Bottom,1,1,1,Undefined,Curveball,StrikeCalled,Undefined,Undefined,Undefined,0,0,,77.73411,0.769997,-1.154015,2292.653697,47.787616,7:30,5.7543,1.47158,5.44747,-57.14905,-9.73571,-12.46398,1.71296,-0.64765,71.15498,-9.606943,-3.377382,0.495589,,,,,,,,,,,,5.91477,-4.66004,-1.3609,50,5.783,2.7597,-112.82324,-0.44354,7.53938,22.6498,-38.11406,HAG_FLY,LI,HagerstownBallpark,Independent,ATL,20250705-HagerstownBallpark-1,35b37770-59fc-11f0-8072-0db8199850ee,76.05583,,,6.57914,,,,,,,ef6d4089-19c2-413e-a4a5-bd99adb12924,2025-07-06,00:00:30.86,2025-07-05T20:00:30.8669952-04:00,2025-07-06T00:00:30.8669952Z,,v3,6089,1896,,"O'Conner, Justin",592604,Right,LI,630ccf3f-40ab-4626-b560-e25de8cc8b66,55.05282,-113.83309,11.3249,5.76489,1.2558,-19.05703,-1.47645,2.42355,3.76969,,,,,,,,,,,,,,,,,,,,,,,,,,,,,,,,,,,,,,,,,,,,,,,,,,,High,High,High,,,,,
213,2025-07-05,20:00:57.41,2,4,"Sandberg, Ryan",806389,Right,LI,"Black, Mark",691773,Right,HAG_FLY,Undefined,7,Bottom,1,1,2,Undefined,Four-Seam,FoulBallNotFieldable,Undefined,Undefined,Undefined,0,0,,92.27876,-2.056714,-3.09028,2265.024608,209.158524,1:00,5.65575,1.61947,6.3783,-17.37611,14.64745,7.64693,2.31205,-0.58903,85.03587,-5.349854,-1.707733,0.407292,74.50884,28.109153,149.176053,4153.026448,,,,,39.06008,,,-4.79433,8.47146,-1.40008,50,5.49906,6.93022,-134.02341,-5.32483,-8.79003,26.79942,-16.64235,HAG_FLY,LI,HagerstownBallpark,Independent,ATL,20250705-HagerstownBallpark-1,4578a310-59fc-11f0-8072-0db8199850ee,92.544,19.49374,,7.24289,,,,0.37051,2.1186,0.72793,ef6d4089-19c2-413e-a4a5-bd99adb12924,2025-07-06,00:00:57.41,2025-07-05T20:00:57.4113792-04:00,2025-07-06T00:00:57.4113792Z,,v3,6089,1896,,"O'Conner, Justin",592604,Right,LI,41331d22-1e10-4dea-99f8-65b99176bae5,54.12088,-134.84491,13.39971,5.65446,-4.81468,-8.32117,-1.61664,7.19967,-4.39501,,0.37032,-82.77043,5.86275,,,,,,,2.13028,51.1192,-24.35115,,,,,,,0.73855,49.05512,-11.48833,,,,,,,,,,,,,,,,,,,,,,,,,,,,,High,High,High,High,Undefined,,,
214,2025-07-05,20:01:20.27,2,5,"Sandberg, Ryan",806389,Right,LI,"Black, Mark",691773,Right,HAG_FLY,Undefined,7,Bottom,1,1,2,Undefined,Curveball,InPlay,Undefined,GroundBall,Out,1,0,,78.56277,1.616823,0.140959,2413.154329,32.442292,7:00,5.74168,1.49116,5.3763,-61.35531,-14.41863,-10.23729,2.14486,0.7702,71.18446,-9.531806,-1.683904,0.493092,92.23115,-0.75871,-36.140574,2700.161602,,,,53.25115,47.78146,-38.466853,0.395572,5.20335,-7.34788,-1.4962,50,5.84273,0.12699,-113.92386,1.05571,6.70084,24.85419,-41.63657,HAG_FLY,LI,HagerstownBallpark,Independent,ATL,20250705-HagerstownBallpark-1,532b4260-59fc-11f0-8072-0db8199850ee,76.44105,2.51478,,7.37831,,,,1.42234,2.51478,-1.18101,ef6d4089-19c2-413e-a4a5-bd99adb12924,2025-07-06,00:01:20.27,2025-07-05T20:01:20.2700288-04:00,2025-07-06T00:01:20.2700288Z,GroundBall,v3,6089,1896,,"O'Conner, Justin",592604,Right,LI,981a4984-7755-42c1-8ffb-de6d7cfb1e3b,55.12428,-115.03637,12.4271,5.75376,2.91942,-20.81829,-1.49517,-0.17294,3.35042,,1.42918,109.00272,-18.27902,,,,,,,2.51542,-1.81256,-11.4986,,,,,,,-1.17713,-79.90386,-2.20086,,,,,,,,,,,,,,,,,,,,,,,,,,,,,High,High,High,High,High,,,
215,2025-07-05,20:01:59.87,3,1,"Sandberg, Ryan",806389,Right,LI,"Acal, Justin",811257,Right,HAG_FLY,Undefined,7,Bottom,2,0,0,Undefined,Four-Seam,StrikeSwinging,Undefined,Undefined,Undefined,0,0,,89.09021,-0.630256,-2.317192,2155.222089,196.026601,12:30,5.68978,1.813,6.34459,-19.46021,15.47347,4.0991,3.4874,0.02031,80.65594,-4.355321,-1.576052,0.425396,,,,,,,,,,,,-2.83122,8.59213,-1.64636,50,5.63467,5.06403,-129.28211,-1.95938,-4.74344,29.48857,-17.77887,HAG_FLY,LI,HagerstownBallpark,Independent,ATL,20250705-HagerstownBallpark-1,6aa56420-59fc-11f0-8072-0db8199850ee,88.60546,,,8.43427,,,,,,,ef6d4089-19c2-413e-a4a5-bd99adb12924,2025-07-06,00:01:59.87,2025-07-05T20:01:59.8778880-04:00,2025-07-06T00:01:59.8778880Z,,v3,6089,1896,,"O'Conner, Justin",592604,Right,LI,ee7eec4f-19d1-4b63-a93a-401d2617ce0c,54.15025,-130.22532,14.74429,5.68825,-1.39072,-8.88944,-1.81076,5.21575,-2.37172,,,,,,,,,,,,,,,,,,,,,,,,,,,,,,,,,,,,,,,,,,,,,,,,,,,High,High,High,,,,,
216,2025-07-05,20:02:17.25,3,2,"Sandberg, Ryan",806389,Right,LI,"Acal, Justin",811257,Right,HAG_FLY,Undefined,7,Bottom,2,0,1,Undefined,Slider,FoulBallNotFieldable,Undefined,Undefined,Undefined,0,0,,84.05113,-0.157185,-2.296339,2254.389825,208.856704,1:00,5.73499,1.63795,5.50521,-36.87451,3.39173,1.15433,2.51499,-0.41457,76.86581,-6.919747,-2.090719,0.456711,68.4291,29.921278,156.868562,3884.930157,,,,,41.6537,,,-1.24567,2.13362,-1.43823,50,5.69644,4.8418,-121.93618,-1.63122,-1.86898,24.75196,-28.97284,HAG_FLY,LI,HagerstownBallpark,Independent,ATL,20250705-HagerstownBallpark-1,75173050-59fc-11f0-8072-0db8199850ee,82.53012,21.60991,,7.18532,,,,0.83371,2.3925,0.42436,ef6d4089-19c2-413e-a4a5-bd99adb12924,2025-07-06,00:02:17.25,2025-07-05T20:02:17.2561920-04:00,2025-07-06T00:02:17.2561920Z,,v3,6089,1896,,"O'Conner, Justin",592604,Right,LI,4f66dbde-25a7-4940-8868-866c78b970a5,54.99261,-122.94546,12.37598,5.73887,-0.44983,-14.48642,-1.63722,4.91801,-0.93449,,0.83371,-79.99226,5.57724,0.58668,-0.32309,0.12847,-0.03498,0.01205,-0.00344,2.3925,50.06179,-26.19256,3.33778,-0.72018,0.14062,-0.01983,-0.00148,0.00252,0.42436,34.17148,-11.27835,2.42736,-0.55855,0.09979,-0.01454,-0.00127,0.00198,,,,,,,,,,,,,,,,,,,,,,,High,High,High,High,Undefined,,,
217,2025-07-05,20:02:45.76,3,3,"Sandberg, Ryan",806389,Right,LI,"Acal, Justin",811257,Right,HAG_FLY,Undefined,7,Bottom,2,0,2,Undefined,Four-Seam,FoulBallNotFieldable,Undefined,Undefined,Undefined,0,0,,90.84534,-1.236427,-2.202581,2225.368576,205.436516,12:45,5.64765,1.57963,6.22693,-18.00938,15.49249,6.85331,3.0051,0.11759,82.85345,-4.667079,-0.965772,0.416587,73.47427,62.27842,146.048562,4379.529774,,,,,33.42167,,,-4.19284,8.71922,-1.4184,50,5.5462,4.7941,-131.92284,-3.37037,-7.36873,28.78391,-16.85035,HAG_FLY,LI,HagerstownBallpark,Independent,ATL,20250705-HagerstownBallpark-1,8610bd40-59fc-11f0-8072-0db8199850ee,90.47911,55.25858,,7.9919,,,,0.99949,2.82568,-0.14826,ef6d4089-19c2-413e-a4a5-bd99adb12924,2025-07-06,00:02:45.76,2025-07-05T20:02:45.7653760-04:00,2025-07-06T00:02:45.7653760Z,,v3,6089,1896,,"O'Conner, Justin",592604,Right,LI,f26bfd28-cfac-4cc9-a4aa-ce8265991504,54.27072,-132.85139,14.39196,5.64616,-2.82679,-8.42517,-1.57689,5.03181,-3.68436,339.052156,0.99949,-41.58257,-3.57571,1.33664,1.96594,-8.68337,16.6616,-15.56826,5.69706,2.82568,95.3928,-30.90141,4.17735,-0.1985,-2.44474,4.8858,-4.5182,1.63273,-0.14826,27.99596,-6.40359,1.38073,0.44131,-2.66159,5.1326,-4.77289,1.73827,,,,,,,,,,,,,,,,,,,,,,,High,High,High,High,Undefined,,,
218,2025-07-05,20:03:04.28,3,4,"Sandberg, Ryan",806389,Right,LI,"Acal, Justin",811257,Right,HAG_FLY,Undefined,7,Bottom,2,0,2,Undefined,Curveball,StrikeSwinging,Strikeout,Undefined,Undefined,0,0,,80.36276,-0.045163,-1.640933,2427.420433,29.860639,7:00,5.75273,1.4491,5.73918,-60.22846,-15.93926,-10.05225,0.69163,-0.91693,73.18084,-11.002184,-3.446732,0.478983,,,,,,,,,,,,4.59201,-7.7439,-1.3062,50,5.71189,3.72668,-116.61243,-2.14966,6.18433,26.41648,-42.60321,HAG_FLY,LI,HagerstownBallpark,Independent,ATL,20250705-HagerstownBallpark-1,911f1790-59fc-11f0-8072-0db8199850ee,78.69258,,,7.18191,,,,,,,ef6d4089-19c2-413e-a4a5-bd99adb12924,2025-07-06,00:03:04.28,2025-07-05T20:03:04.2854912-04:00,2025-07-06T00:03:04.2854912Z,,v3,6089,1896,,"O'Conner, Justin",592604,Right,LI,76559299-c9a2-4385-bd64-96a5a638aafd,54.76203,-117.68624,13.20824,5.76407,-0.41787,-21.30161,-1.45258,3.47529,3.09217,,,,,,,,,,,,,,,,,,,,,,,,,,,,,,,,,,,,,,,,,,,,,,,,,,,High,High,High,,,,,
219,2025-07-05,20:06:02.49,1,1,"Valdez, Dauris",667378,Right,HAG_FLY,"Beer, Seth",666179,Left,LI,Undefined,8,Top,0,0,0,Undefined,Sinker,FoulBallNotFieldable,Undefined,Undefined,Undefined,0,0,,93.65825,-2.215964,-2.591925,2312.576785,234.071784,1:45,6.33878,1.40138,5.65023,-19.08871,13.29859,16.83595,2.67811,0.38528,85.13309,-5.797688,0.414886,0.409599,80.67801,39.813583,-140.295966,3382.166495,,,,,34.79399,,,-9.323,7.72874,-1.19259,50,6.13878,5.37636,-135.7509,-5.91345,-17.28933,31.44039,-17.84124,HAG_FLY,LI,HagerstownBallpark,Independent,ATL,20250705-HagerstownBallpark-1,fb550890-59fc-11f0-8072-0db8199850ee,92.02276,27.98482,,8.52516,,,,0.98565,2.60085,-0.4008,ef6d4089-19c2-413e-a4a5-bd99adb12924,2025-07-06,00:06:02.49,2025-07-05T20:06:02.4972800-04:00,2025-07-06T00:06:02.4972800Z,,v3,6089,1896,,"Black, Mark",691773,Right,HAG_FLY,9f73ff00-4587-4cea-b609-66a51bc1f8d8,54.8477,-136.86904,15.7202,6.3378,-5.27895,-8.92062,-1.39472,5.99123,-8.64467,,0.98829,-70.0183,4.21231,,,,,,,2.62175,75.07449,-32.00199,,,,,,,-0.41141,-57.71389,11.87739,,,,,,,,,,,,,,,,,,,,,,,,,,,,,High,High,High,High,Undefined,,,
220,2025-07-05,20:06:28.39,1,2,"Valdez, Dauris",667378,Right,HAG_FLY,"Beer, Seth",666179,Left,LI,Undefined,8,Top,0,0,1,Undefined,Four-Seam,BallCalled,Undefined,Undefined,Undefined,0,0,,96.13521,-4.124208,-4.00527,2510.390714,227.203593,1:30,6.49668,1.26888,5.38213,-14.69103,16.45851,16.63556,1.39038,-1.10534,87.58364,-6.891265,-1.055963,0.401696,,,,,,,,,,,,-9.54288,9.77166,-0.92252,50,6.1164,8.92976,-138.88829,-10.54352,-18.59387,31.82783,-13.13438,HAG_FLY,LI,HagerstownBallpark,Independent,ATL,20250705-HagerstownBallpark-1,0abd2010-59fd-11f0-8072-0db8199850ee,93.83326,,,8.55157,,,,,,,ef6d4089-19c2-413e-a4a5-bd99adb12924,2025-07-06,00:06:28.39,2025-07-05T20:06:28.3966976-04:00,2025-07-06T00:06:28.3966976Z,,v3,6089,1896,,"Black, Mark",691773,Right,HAG_FLY,fb58c821-acc2-42b1-80e4-77fb7e72905b,55.11667,-140.05592,15.91392,6.49437,-10.06168,-6.56719,-1.26263,9.6119,-9.29694,,,,,,,,,,,,,,,,,,,,,,,,,,,,,,,,,,,,,,,,,,,,,,,,,,,High,High,High,,,,,
221,2025-07-05,20:06:45.79,1,3,"Valdez, Dauris",667378,Right,HAG_FLY,"Beer, Seth",666179,Left,LI,Undefined,8,Top,0,1,1,Undefined,Four-Seam,FoulBallNotFieldable,Undefined,Undefined,Undefined,0,0,,95.0256,-2.754312,-3.528763,2447.833465,226.479721,1:30,6.34429,1.33215,5.70664,-15.283,16.11836,15.86017,2.49766,-0.63808,86.45688,-5.654162,-0.697927,0.403316,77.52887,19.717507,-160.227645,1305.284612,,,,,41.30509,,,-9.10638,9.31091,-1.04636,50,6.10369,7.75911,-137.60287,-7.12433,-17.39307,31.62454,-14.39037,HAG_FLY,LI,HagerstownBallpark,Independent,ATL,20250705-HagerstownBallpark-1,151ac800-59fd-11f0-8072-0db8199850ee,93.45632,13.84967,,8.56872,,,,1.16096,2.4128,0.73519,ef6d4089-19c2-413e-a4a5-bd99adb12924,2025-07-06,00:06:45.79,2025-07-05T20:06:45.7949696-04:00,2025-07-06T00:06:45.7949696Z,,v3,6089,1896,,"Black, Mark",691773,Right,HAG_FLY,30faad78-b992-4d04-8f4e-305ee42f67e8,54.79167,-138.69974,15.81227,6.34214,-6.62521,-7.19518,-1.32594,8.36238,-8.69654,41.778629,1.16186,-100.76088,6.77794,,,,,,,2.42238,38.0535,-25.22627,,,,,,,0.72961,-36.02998,8.91471,,,,,,,,,,,,,,,,,,,,,,,,,,,,,High,High,High,High,Undefined,,,
222,2025-07-05,20:07:12.32,1,4,"Valdez, Dauris",667378,Right,HAG_FLY,"Beer, Seth",666179,Left,LI,Undefined,8,Top,0,1,2,Undefined,Sinker,BallCalled,Undefined,Undefined,Undefined,0,0,,95.55877,-2.852106,-4.065864,2388.484941,230.936238,1:45,6.53357,1.19229,5.55356,-16.13536,15.1754,17.37824,2.5151,-1.16494,86.81748,-5.89678,-0.975279,0.402734,,,,,,,,,,,,-9.94957,8.81087,-0.85203,50,6.27583,8.99859,-138.22103,-7.44957,-19.16065,32.11893,-15.20627,HAG_FLY,LI,HagerstownBallpark,Independent,ATL,20250705-HagerstownBallpark-1,24e21680-59fd-11f0-8072-0db8199850ee,93.59141,,,8.74129,,,,,,,ef6d4089-19c2-413e-a4a5-bd99adb12924,2025-07-06,00:07:12.32,2025-07-05T20:07:12.3246080-04:00,2025-07-06T00:07:12.3246080Z,,v3,6089,1896,,"Black, Mark",691773,Right,HAG_FLY,8e9e7742-e90d-4829-9c10-6a40593ac5ee,54.94405,-139.36517,16.05947,6.53155,-6.9079,-7.60314,-1.18473,9.68112,-9.58033,,,,,,,,,,,,,,,,,,,,,,,,,,,,,,,,,,,,,,,,,,,,,,,,,,,High,High,High,,,,,
223,2025-07-05,20:07:35.08,1,5,"Valdez, Dauris",667378,Right,HAG_FLY,"Beer, Seth",666179,Left,LI,Undefined,8,Top,0,2,2,Undefined,Sinker,FoulBallNotFieldable,Undefined,Undefined,Undefined,0,0,,95.61859,-3.780616,-2.958238,2315.501808,231.758977,1:45,6.35241,1.33887,5.66499,-16.48678,14.49454,17.11052,1.44353,0.00395,87.44479,-6.87235,0.09736,0.40061,86.35323,53.151874,-72.620609,4824.573889,,,,,76.8586,,,-9.55878,8.72894,-1.09996,50,6.02186,6.37091,-138.45305,-9.72374,-18.54922,30.99213,-15.23519,HAG_FLY,LI,HagerstownBallpark,Independent,ATL,20250705-HagerstownBallpark-1,327baf90-59fd-11f0-8072-0db8199850ee,94.08771,85.88433,,8.17381,,,,2.11884,3.68303,-1.04802,ef6d4089-19c2-413e-a4a5-bd99adb12924,2025-07-06,00:07:35.08,2025-07-05T20:07:35.0877184-04:00,2025-07-06T00:07:35.0877184Z,,v3,6089,1896,,"Black, Mark",691773,Right,HAG_FLY,de56f9e4-06b3-4d1f-89a2-e45d910def2b,54.83427,-139.53098,15.49607,6.35085,-9.19385,-7.6176,-1.33277,7.01607,-9.27461,,2.11884,22.68655,-15.00494,4.82907,-2.21002,2.9233,-3.17248,1.7659,-0.38662,3.68303,101.34999,-29.28492,3.79356,-0.83396,0.25823,-0.11604,0.03846,-0.00531,-1.04802,-72.48499,7.3589,-0.91528,-0.04922,0.37668,-0.47297,0.27748,-0.06273,,,,,,,,,,,,,,,,,,,,,,,High,High,High,Low,Undefined,,,
224,2025-07-05,20:08:00.27,1,6,"Valdez, Dauris",667378,Right,HAG_FLY,"Beer, Seth",666179,Left,LI,Undefined,8,Top,0,2,2,Undefined,Slider,HitByPitch,Undefined,Undefined,Undefined,0,0,,83.06375,-0.032582,-3.495261,2363.226455,58.635017,8:00,6.27696,1.12436,5.58022,-42.62766,-1.26516,-4.31047,2.69418,-2.50315,75.87517,-7.820818,-4.262687,0.462887,,,,,,,,,,,,1.15189,-0.33898,-0.8205,50,6.2459,7.52307,-120.3851,-1.5399,1.67546,25.30596,-32.66712,HAG_FLY,LI,HagerstownBallpark,Independent,ATL,20250705-HagerstownBallpark-1,4189c030-59fd-11f0-8072-0db8199850ee,81.42906,,,7.18858,,,,,,,ef6d4089-19c2-413e-a4a5-bd99adb12924,2025-07-06,00:08:00.27,2025-07-05T20:08:00.2776064-04:00,2025-07-06T00:08:00.2776064Z,,v3,6089,1896,,"Black, Mark",691773,Right,HAG_FLY,b646117d-ba96-4fdc-8939-04b66bef0e1a,54.9196,-121.41483,12.65298,6.28152,-0.21062,-16.33356,-1.12524,7.4549,0.83773,,,,,,,,,,,,,,,,,,,,,,,,,,,,,,,,,,,,,,,,,,,,,,,,,,,High,High,High,,,,,
225,2025-07-05,20:08:42.19,2,1,"Valdez, Dauris",667378,Right,HAG_FLY,"O'Conner, Justin",592604,Right,LI,Undefined,8,Top,0,0,0,Undefined,Four-Seam,BallCalled,Undefined,Undefined,Undefined,0,0,,94.68754,-1.747542,-3.351061,2254.815398,219.739763,1:15,6.44485,1.25785,5.62595,-17.5656,14.5354,11.0869,3.34711,-0.94871,85.03176,-5.080061,-1.375226,0.407784,,,,,,,,,,,,-6.67922,8.2663,-0.97926,50,6.28477,7.49144,-136.97186,-4.76941,-12.47279,35.06307,-16.73749,HAG_FLY,LI,HagerstownBallpark,Independent,ATL,20250705-HagerstownBallpark-1,5a859ff0-59fd-11f0-8072-0db8199850ee,92.43227,,,9.65579,,,,,,,ef6d4089-19c2-413e-a4a5-bd99adb12924,2025-07-06,00:08:42.19,2025-07-05T20:08:42.1956608-04:00,2025-07-06T00:08:42.1956608Z,,v3,6089,1896,,"Black, Mark",691773,Right,HAG_FLY,f360532c-105b-4430-afb3-3872f89d3e4d,54.86838,-138.21249,17.53154,6.44305,-4.17719,-8.36875,-1.25213,7.93276,-6.23639,,,,,,,,,,,,,,,,,,,,,,,,,,,,,,,,,,,,,,,,,,,,,,,,,,,High,High,High,,,,,
226,2025-07-05,20:09:00.97,2,2,"Valdez, Dauris",667378,Right,HAG_FLY,"O'Conner, Justin",592604,Right,LI,Undefined,8,Top,0,1,0,Undefined,Four-Seam,FoulBallNotFieldable,Undefined,Undefined,Undefined,0,0,,94.34568,-1.971334,-1.396139,2122.87702,215.720024,1:15,6.52043,0.98483,5.42024,-16.6232,15.88942,10.5554,3.28734,0.55642,84.78631,-5.124875,0.481851,0.41039,,,,,,,,,,,,-5.77957,8.98918,-0.86855,50,6.33433,2.82679,-136.62215,-5.26297,-10.73083,35.0622,-15.48405,HAG_FLY,LI,HagerstownBallpark,Independent,ATL,20250705-HagerstownBallpark-1,65b3de50-59fd-11f0-8072-0db8199850ee,91.84533,,,9.55937,,,,,,,ef6d4089-19c2-413e-a4a5-bd99adb12924,2025-07-06,00:09:00.97,2025-07-05T20:09:00.9701376-04:00,2025-07-06T00:09:00.9701376Z,,v3,6089,1896,,"Black, Mark",691773,Right,HAG_FLY,b847186e-1c8f-4c59-b3ef-1312e11286b3,55.07542,-137.91853,17.5311,6.51834,-4.69047,-7.74202,-0.9804,3.22355,-5.36542,,,,,,,,,,,,,,,,,,,,,,,,,,,,,,,,,,,,,,,,,,,,,,,,,,,High,High,High,,,,,
227,2025-07-05,20:09:25.29,2,3,"Valdez, Dauris",667378,Right,HAG_FLY,"O'Conner, Justin",592604,Right,LI,Undefined,8,Top,0,1,1,Undefined,Four-Seam,BallCalled,Undefined,Undefined,Undefined,0,0,,94.79933,-1.899924,-2.684359,2209.048298,219.525787,1:15,6.52757,1.06555,5.61009,-15.92599,15.91091,12.19056,3.42445,-0.42595,85.58914,-4.92873,-0.510358,0.406104,,,,,,,,,,,,-6.97292,8.96241,-0.84392,50,6.35498,5.85667,-137.28916,-5.07393,-13.15607,33.64172,-15.26427,HAG_FLY,LI,HagerstownBallpark,Independent,ATL,20250705-HagerstownBallpark-1,741693c0-59fd-11f0-8072-0db8199850ee,92.81485,,,9.21019,,,,,,,ef6d4089-19c2-413e-a4a5-bd99adb12924,2025-07-06,00:09:25.29,2025-07-05T20:09:25.2994560-04:00,2025-07-06T00:09:25.2994560Z,,v3,6089,1896,,"Black, Mark",691773,Right,HAG_FLY,f65be633-0bd7-4764-9cf9-ca21691144e4,54.88521,-138.48107,16.82086,6.52517,-4.53312,-7.63214,-1.05968,6.32278,-6.57803,,,,,,,,,,,,,,,,,,,,,,,,,,,,,,,,,,,,,,,,,,,,,,,,,,,High,High,High,,,,,
228,2025-07-05,20:09:47.27,2,4,"Valdez, Dauris",667378,Right,HAG_FLY,"O'Conner, Justin",592604,Right,LI,Undefined,8,Top,0,2,1,Undefined,Four-Seam,BallCalled,Undefined,Undefined,Undefined,0,0,,94.91675,-4.073822,-3.97341,2113.986672,222.848235,1:30,6.5752,0.92969,5.85198,-16.24556,15.33639,13.18394,1.42063,-1.66952,86.04968,-7.15049,-1.615472,0.404474,,,,,,,,,,,,-7.90414,9.39347,-0.61401,50,6.23354,8.91664,-137.11214,-10.30074,-14.91501,32.79687,-14.4487,HAG_FLY,LI,HagerstownBallpark,Independent,ATL,20250705-HagerstownBallpark-1,81505990-59fd-11f0-8072-0db8199850ee,93.18873,,,8.86706,,,,,,,ef6d4089-19c2-413e-a4a5-bd99adb12924,2025-07-06,00:09:47.27,2025-07-05T20:09:47.2702976-04:00,2025-07-06T00:09:47.2702976Z,,v3,6089,1896,,"Black, Mark",691773,Right,HAG_FLY,6470ed8f-c6aa-4b73-9099-a329b7b993b2,54.64401,-138.21851,16.39844,6.5728,-9.81333,-7.22435,-0.92329,9.41978,-7.4575,,,,,,,,,,,,,,,,,,,,,,,,,,,,,,,,,,,,,,,,,,,,,,,,,,,High,High,High,,,,,
229,2025-07-05,20:10:11.42,2,5,"Valdez, Dauris",667378,Right,HAG_FLY,"O'Conner, Justin",592604,Right,LI,Undefined,8,Top,0,3,1,Undefined,Four-Seam,InPlay,Undefined,FlyBall,Out,1,0,,95.08402,-2.505123,-2.04133,2154.602365,217.076972,1:15,6.4481,1.07529,5.65616,-14.75662,16.75139,11.82631,2.87918,0.15631,86.11544,-5.317594,0.07103,0.404,99.65238,44.038201,-8.826446,4264.498357,109.15823,101.82187,-13.58055,329.55971,321.18379,-7.884007,6.146944,-6.66197,9.60615,-0.91026,50,6.22679,4.36776,-137.79068,-6.50194,-12.68346,33.39647,-13.88527,HAG_FLY,LI,HagerstownBallpark,Independent,ATL,20250705-HagerstownBallpark-1,8fbd9650-59fd-11f0-8072-0db8199850ee,93.29805,138.13429,,8.96859,,,,1.98635,2.99217,-0.12171,ef6d4089-19c2-413e-a4a5-bd99adb12924,2025-07-06,00:10:11.42,2025-07-05T20:10:11.4287616-04:00,2025-07-06T00:10:11.4287616Z,FlyBall,v3,6089,1896,,"Black, Mark",691773,Right,HAG_FLY,2337f581-65c4-43bb-855d-de891b3cbbdc,54.84146,-138.95915,16.69823,6.44578,-6.01612,-6.94263,-1.07084,4.81153,-6.34173,191.343658,1.99561,103.63478,-23.43301,4.99335,-0.34603,-0.16052,0.05231,-0.00617,0.00027,2.98035,101.78063,-23.52737,2.69566,-0.69207,0.13885,-0.01307,0.0001,4E-05,-0.1288,-15.99017,6.62287,-1.85963,0.07888,0.10348,-0.03071,0.00357,-0.00015,,,,,,,,,,,,,,,,,,,,,,,High,High,High,High,Medium,,,
230,2025-07-05,20:10:54.04,3,1,"Valdez, Dauris",667378,Right,HAG_FLY,"Kaler, Kole",689179,Left,LI,Undefined,8,Top,1,0,0,Undefined,Sinker,BallCalled,Undefined,Undefined,Undefined,0,0,,95.75102,-4.692149,-3.801968,2183.306452,227.924364,1:30,6.31972,1.28383,5.65396,-17.13044,14.19091,14.47729,0.49671,-1.06073,86.83444,-7.90646,-1.220445,0.402802,,,,,,,,,,,,-8.58158,8.98823,-0.97109,50,5.91004,8.52274,-138.22414,-11.95543,-16.43482,33.71563,-14.96042,HAG_FLY,LI,HagerstownBallpark,Independent,ATL,20250705-HagerstownBallpark-1,a9197060-59fd-11f0-8072-0db8199850ee,93.57556,,,8.91659,,,,,,,ef6d4089-19c2-413e-a4a5-bd99adb12924,2025-07-06,00:10:54.04,2025-07-05T20:10:54.0412416-04:00,2025-07-06T00:10:54.0412416Z,,v3,6089,1896,,"Black, Mark",691773,Right,HAG_FLY,84d90d8f-409a-49de-b2ce-61fcd6490f31,54.84444,-139.40078,16.85782,6.31817,-11.43333,-7.48021,-1.27853,9.0963,-8.21741,,,,,,,,,,,,,,,,,,,,,,,,,,,,,,,,,,,,,,,,,,,,,,,,,,,High,High,High,,,,,
231,2025-07-05,20:11:20.34,3,2,"Valdez, Dauris",667378,Right,HAG_FLY,"Kaler, Kole",689179,Left,LI,Undefined,8,Top,1,1,0,Undefined,Four-Seam,BallCalled,Undefined,Undefined,Undefined,0,0,,95.2091,-2.031288,-4.12378,2243.124484,222.140059,1:30,6.31155,1.35498,5.6639,-16.43875,15.05387,12.6254,3.04188,-1.44476,86.17968,-5.145727,-1.875328,0.403902,,,,,,,,,,,,-7.58878,8.55103,-1.01376,50,6.12915,9.32634,-137.72126,-5.43635,-14.4612,32.82009,-15.87925,HAG_FLY,LI,HagerstownBallpark,Independent,ATL,20250705-HagerstownBallpark-1,b8afc3d0-59fd-11f0-8072-0db8199850ee,93.32077,,,9.02942,,,,,,,ef6d4089-19c2-413e-a4a5-bd99adb12924,2025-07-06,00:11:20.34,2025-07-05T20:11:20.3487232-04:00,2025-07-06T00:11:20.3487232Z,,v3,6089,1896,,"Black, Mark",691773,Right,HAG_FLY,2d0539c7-beb1-4c47-817c-1cb02b49b931,54.8314,-138.86785,16.41005,6.30938,-4.88159,-7.93962,-1.34841,9.83155,-7.2306,,,,,,,,,,,,,,,,,,,,,,,,,,,,,,,,,,,,,,,,,,,,,,,,,,,High,High,High,,,,,
232,2025-07-05,20:11:42.58,3,3,"Valdez, Dauris",667378,Right,HAG_FLY,"Kaler, Kole",689179,Left,LI,Undefined,8,Top,1,2,0,Undefined,Sinker,StrikeCalled,Undefined,Undefined,Undefined,0,0,,94.14635,-2.270335,-2.733091,2154.053157,228.038382,1:30,6.34826,1.42253,5.47184,-18.32556,14.02619,14.35099,2.69302,0.05889,85.36482,-5.709202,-0.179516,0.409374,,,,,,,,,,,,-8.01315,8.06996,-1.19216,50,6.13627,5.82216,-136.3366,-6.05081,-14.9665,32.12383,-17.10146,HAG_FLY,LI,HagerstownBallpark,Independent,ATL,20250705-HagerstownBallpark-1,c5ece500-59fd-11f0-8072-0db8199850ee,92.07335,,,8.78153,,,,,,,ef6d4089-19c2-413e-a4a5-bd99adb12924,2025-07-06,00:11:42.58,2025-07-05T20:11:42.5810000-04:00,2025-07-06T00:11:42.5810000Z,,v3,6089,1896,,"Black, Mark",691773,Right,HAG_FLY,ea68dd9f-d159-4b1c-a006-145359942154,55.02423,-137.51532,16.06191,6.34678,-5.4233,-8.55073,-1.41587,6.37133,-7.48325,,,,,,,,,,,,,,,,,,,,,,,,,,,,,84.88635,1.935422,0.748288,1.187134,-0.97888,2.44973,-0.05377,-1.10316,5.85638,-1.14209,127.27746,2.53415,-4.61731,-0.95176,122.20539,-12.09991,5.85357,9.67371,-10.50533,-1.16563,-4.6541,1.49364,High,High,High,,,High,High,Medium
233,2025-07-05,20:12:18.72,3,4,"Valdez, Dauris",667378,Right,HAG_FLY,"Kaler, Kole",689179,Left,LI,Undefined,8,Top,1,2,1,Undefined,Sinker,BallCalled,Undefined,Undefined,Undefined,0,0,,93.8807,-2.09159,-1.089267,2166.19048,231.182264,1:45,6.35798,1.26639,5.35675,-19.17749,13.38402,15.26788,2.79712,1.51707,85.34887,-5.66911,1.625107,0.410699,,,,,,,,,,,,-7.98701,7.66272,-1.17978,50,6.1566,1.86139,-136.11181,-5.66463,-14.88606,31.69056,-17.89238,HAG_FLY,LI,HagerstownBallpark,Independent,ATL,20250705-HagerstownBallpark-1,db979df0-59fd-11f0-8072-0db8199850ee,91.77632,,,8.53183,,,,,,,ef6d4089-19c2-413e-a4a5-bd99adb12924,2025-07-06,00:12:18.72,2025-07-05T20:12:18.7299328-04:00,2025-07-06T00:12:18.7299328Z,,v3,6089,1896,,"Black, Mark",691773,Right,HAG_FLY,352c85f1-86a7-41bc-af2a-5ddce827c8ea,55.14047,-137.30344,15.84528,6.35695,-4.99184,-8.94619,-1.2603,2.42113,-7.44303,,,,,,,,,,,,,,,,,,,,,,,,,,,,,,,,,,,,,,,,,,,,,,,,,,,High,High,High,,,,,
234,2025-07-05,20:12:41.09,3,5,"Valdez, Dauris",667378,Right,HAG_FLY,"Kaler, Kole",689179,Left,LI,Undefined,8,Top,1,3,1,Undefined,Sinker,InPlay,Undefined,FlyBall,Out,1,0,,94.26608,-2.105686,-2.680007,2133.302124,236.599958,2:00,6.25897,1.34348,5.61401,-19.55603,12.55824,17.34753,2.66099,0.28598,85.41612,-5.773164,0.415923,0.407869,88.55078,42.825676,-3.782693,3543.529941,109.14168,92.31143,-13.71475,305.58447,305.58447,-12.857015,5.543807,-9.64386,7.33575,-1.12613,50,6.06656,5.59517,-136.58701,-5.71221,-18.04297,32.78799,-18.44939,HAG_FLY,LI,HagerstownBallpark,Independent,ATL,20250705-HagerstownBallpark-1,e8e735b0-59fd-11f0-8072-0db8199850ee,92.41312,113.30378,,8.84996,,,,1.58405,2.68385,-0.2674,ef6d4089-19c2-413e-a4a5-bd99adb12924,2025-07-06,00:12:41.09,2025-07-05T20:12:41.0927616-04:00,2025-07-06T00:12:41.0927616Z,FlyBall,v3,6089,1896,,"Black, Mark",691773,Right,HAG_FLY,2089d8fd-1f2e-4bca-b52e-68f5572bdd6e,54.88397,-137.75442,16.394,6.25824,-5.05532,-9.2247,-1.33678,6.23759,-9.02149,165.134767,1.59073,94.9147,-20.3939,4.68698,-0.59523,0.00543,0.00972,-0.00114,4E-05,2.68208,88.31171,-20.37288,1.46935,-0.12242,-0.05211,0.02256,-0.00334,0.00017,-0.26653,-6.30011,-2.59911,0.52324,-0.05512,-0.00169,0.00105,-7E-05,0,,,,,,,,,,,,,,,,,,,,,,,High,High,High,High,Medium,,,
235,2025-07-05,20:13:21.61,4,1,"Valdez, Dauris",667378,Right,HAG_FLY,"Roller, Chris",676896,Right,LI,Undefined,8,Top,2,0,0,Undefined,Sinker,StrikeCalled,Undefined,Undefined,Undefined,0,0,,93.87423,-1.990506,-1.863556,2087.044989,229.495763,1:45,6.4948,0.996,5.65454,-18.41426,13.92544,14.97316,3.10219,0.50518,84.96644,-5.46149,0.812077,0.409298,,,,,,,,,,,,-8.12453,8.00083,-0.84764,50,6.31466,3.72553,-136.05678,-5.35106,-15.07153,32.7374,-17.33202,HAG_FLY,LI,HagerstownBallpark,Independent,ATL,20250705-HagerstownBallpark-1,00f496c0-59fe-11f0-8072-0db8199850ee,92.09054,,,8.90779,,,,,,,ef6d4089-19c2-413e-a4a5-bd99adb12924,2025-07-06,00:13:21.61,2025-07-05T20:13:21.6112640-04:00,2025-07-06T00:13:21.6112640Z,,v3,6089,1896,,"Black, Mark",691773,Right,HAG_FLY,cee54c27-73d5-4fa6-ba1c-fb28b17d5a03,54.84125,-137.21671,16.3687,6.49337,-4.73696,-8.66601,-0.9891,4.25954,-7.53576,,,,,,,,,,,,,,,,,,,,,,,,,,,,,,,,,,,,,,,,,,,,,,,,,,,High,High,High,,,,,
236,2025-07-05,20:13:41.32,4,2,"Valdez, Dauris",667378,Right,HAG_FLY,"Roller, Chris",676896,Right,LI,Undefined,8,Top,2,0,1,Undefined,Slider,InPlay,Undefined,GroundBall,Single,0,0,,81.00286,-0.76975,-1.140275,2331.507754,69.416079,8:15,6.30449,1.08098,5.54333,-43.62435,-0.3822,-4.68685,1.94957,-0.37537,74.416,-8.7277,-1.977682,0.473288,68.34538,10.516171,-24.722517,1622.044808,,,,100.1056,97.52831,-25.708839,1.078009,2.06602,0.3624,-0.97892,50,6.20853,2.52311,-117.61902,-3.06202,2.88189,23.19756,-31.66852,HAG_FLY,LI,HagerstownBallpark,Independent,ATL,20250705-HagerstownBallpark-1,0cd2eb40-59fe-11f0-8072-0db8199850ee,79.63962,6.4524,,6.58686,,,,3.40115,2.19594,0.34395,ef6d4089-19c2-413e-a4a5-bd99adb12924,2025-07-06,00:13:41.32,2025-07-05T20:13:41.3216256-04:00,2025-07-06T00:13:41.3216256Z,GroundBall,v3,6089,1896,,"Black, Mark",691773,Right,HAG_FLY,f365c6d3-1783-4add-93bc-972c3c185697,54.95644,-118.59253,11.59878,6.30914,-1.73301,-15.83426,-1.08227,2.40217,1.44094,58.666874,3.40115,89.52278,-9.23594,1.02431,-0.21788,0.02602,-0.00418,0.001,-0.0001,2.19594,18.29506,-20.37591,1.67688,-0.31384,0.06639,-0.00966,0.00161,-0.00021,0.34395,-41.21851,0.31107,0.29688,-0.06956,0.02013,-0.00333,0.00053,-7E-05,,,,,,,,,,,,,,,,,,,,,,,High,High,High,High,High,,,
237,2025-07-05,20:14:24.14,5,1,"Valdez, Dauris",667378,Right,HAG_FLY,"Town, River",701817,Left,LI,Undefined,8,Top,2,0,0,Undefined,Sinker,BallCalled,Undefined,Undefined,Undefined,0,0,,94.59149,-3.516952,-2.357049,2029.13859,230.681657,1:45,6.28785,1.31637,5.65057,-17.98576,13.86894,15.58902,1.50195,0.41585,85.97162,-6.889845,0.428174,0.406217,,,,,,,,,,,,-8.60973,8.41485,-1.12662,50,5.97799,4.91397,-136.943,-9.03726,-16.22869,32.33049,-16.31265,HAG_FLY,LI,HagerstownBallpark,Independent,ATL,20250705-HagerstownBallpark-1,26570dd0-59fe-11f0-8072-0db8199850ee,92.7889,,,8.61986,,,,,,,ef6d4089-19c2-413e-a4a5-bd99adb12924,2025-07-06,00:14:24.14,2025-07-05T20:14:24.1403904-04:00,2025-07-06T00:14:24.1403904Z,,v3,6089,1896,,"Black, Mark",691773,Right,HAG_FLY,8ab5c61f-3776-4a5f-b1e4-c32e95ce07ce,54.84668,-138.0825,16.16524,6.28637,-8.46231,-8.15633,-1.3099,5.48595,-8.11434,,,,,,,,,,,,,,,,,,,,,,,,,,,,,,,,,,,,,,,,,,,,,,,,,,,High,High,High,,,,,
238,2025-07-05,20:14:49.57,5,2,"Valdez, Dauris",667378,Right,HAG_FLY,"Town, River",701817,Left,LI,Undefined,8,Top,2,1,0,Undefined,Sinker,InPlay,Undefined,FlyBall,Out,1,0,,94.73212,-2.841595,-2.151166,2055.245545,230.671579,1:45,6.23025,1.39016,5.70838,-18.28548,13.30576,14.93532,2.05499,0.62965,86.19824,-6.27311,0.520285,0.404534,86.62556,26.027314,-25.333126,3724.275382,95.83535,44.35302,-53.99508,289.44534,284.19401,-35.760103,3.779486,-8.24949,7.92595,-1.21948,50,5.98078,4.47465,-137.29798,-7.44517,-15.65191,32.11113,-17.13598,HAG_FLY,LI,HagerstownBallpark,Independent,ATL,20250705-HagerstownBallpark-1,3576aaa0-59fe-11f0-8072-0db8199850ee,93.175,50.94243,,8.53388,,,,0.65531,2.06352,-0.60815,ef6d4089-19c2-413e-a4a5-bd99adb12924,2025-07-06,00:14:49.57,2025-07-05T20:14:49.5713280-04:00,2025-07-06T00:14:49.5713280Z,LineDrive,v3,6089,1896,,"Black, Mark",691773,Right,HAG_FLY,acc956e6-9e2f-4cb6-bb96-5422c056bf2a,54.78953,-138.41362,16.05556,6.22911,-6.84981,-8.56799,-1.38439,5.01845,-7.82595,,0.65541,103.18323,-21.93653,5.363,-1.11909,0.19575,-0.02397,0.0013,2E-05,2.06325,55.75822,-17.13314,0.8353,-0.13239,0.05651,-0.02299,0.00487,-0.00039,-0.60815,-48.84926,1.93962,-0.33736,0.04185,-0.00093,-0.00141,0.00041,-4E-05,,,,,,,,,,,,,,,,,,,,,,,High,High,High,High,High,,,
239,2025-07-05,20:18:11.72,1,1,"Asa, Jacob",1000301160,Right,LI,"Leach, Dante",699793,Right,HAG_FLY,Undefined,8,Bottom,0,0,0,Undefined,Sinker,BallCalled,Undefined,Undefined,Undefined,0,0,,90.92219,-0.487965,-1.703095,2056.147568,238.738928,2:00,5.77884,2.0061,5.70519,-24.06753,10.04146,14.72194,3.31835,1.64564,82.88891,-4.973362,0.930216,0.420345,,,,,,,,,,,,-7.92059,5.58036,-1.8724,50,5.72312,3.26225,-131.98081,-1.96539,-13.934,28.77846,-22.35701,HAG_FLY,LI,HagerstownBallpark,Independent,ATL,20250705-HagerstownBallpark-1,adec11a0-59fe-11f0-8072-0db8199850ee,89.67026,,,8.03329,,,,,,,ef6d4089-19c2-413e-a4a5-bd99adb12924,2025-07-06,00:18:11.72,2025-07-05T20:18:11.7247488-04:00,2025-07-06T00:18:11.7247488Z,,v3,6089,1896,,"O'Conner, Justin",592604,Right,LI,954fc913-198b-4005-8072-5fe553e446ab,54.79156,-133.02151,14.38923,5.77958,-1.1569,-11.17851,-1.99948,3.76614,-6.967,,,,,,,,,,,,,,,,,,,,,,,,,,,,,,,,,,,,,,,,,,,,,,,,,,,High,High,High,,,,,
240,2025-07-05,20:18:29.59,1,2,"Asa, Jacob",1000301160,Right,LI,"Leach, Dante",699793,Right,HAG_FLY,Undefined,8,Bottom,0,1,0,Undefined,Sinker,FoulBallNotFieldable,Undefined,Undefined,Undefined,0,0,,91.58618,-0.797458,-3.426588,2040.052474,250.134806,2:15,5.74934,1.93064,6.07991,-25.9421,7.54024,17.61521,2.84833,0.22456,82.8446,-5.659478,-0.258087,0.416466,,,,,,,,,,,,-10.18567,4.47032,-1.67502,50,5.67393,7.20594,-132.77832,-2.72065,-17.96571,31.61179,-24.28917,HAG_FLY,LI,HagerstownBallpark,Independent,ATL,20250705-HagerstownBallpark-1,b89e9050-59fe-11f0-8072-0db8199850ee,90.50549,,,8.74158,,,,,,,ef6d4089-19c2-413e-a4a5-bd99adb12924,2025-07-06,00:18:29.59,2025-07-05T20:18:29.5954944-04:00,2025-07-06T00:18:29.5954944Z,,v3,6089,1896,,"O'Conner, Justin",592604,Right,LI,4bbc4567-f3a1-494d-bca4-6df228786191,54.41827,-133.82608,15.8059,5.75076,-1.91559,-12.14458,-1.92373,7.80141,-8.98285,,,,,,,,,,,,,,,,,,,,,,,,,,,,,,,,,,,,,,,,,,,,,,,,,,,High,High,High,,,,,
241,2025-07-05,20:18:54.68,1,3,"Asa, Jacob",1000301160,Right,LI,"Leach, Dante",699793,Right,HAG_FLY,Undefined,8,Bottom,0,1,1,Undefined,Four-Seam,BallCalled,Undefined,Undefined,Undefined,0,0,,91.65941,-1.394595,-4.095408,1846.221122,213.819179,1:15,5.63621,1.73957,6.18247,-22.71891,10.38544,6.23591,2.45165,-1.5289,83.62478,-5.65856,-2.974186,0.414108,,,,,,,,,,,,-4.38272,6.10323,-1.43299,50,5.51919,9.24616,-132.82329,-3.97034,-7.80854,29.15829,-21.30008,HAG_FLY,LI,HagerstownBallpark,Independent,ATL,20250705-HagerstownBallpark-1,c779f830-59fe-11f0-8072-0db8199850ee,91.02075,,,8.03463,,,,,,,ef6d4089-19c2-413e-a4a5-bd99adb12924,2025-07-06,00:18:54.68,2025-07-05T20:18:54.6833920-04:00,2025-07-06T00:18:54.6833920Z,,v3,6089,1896,,"O'Conner, Justin",592604,Right,LI,eee5b690-bbd4-4953-a4f7-7ea23c816775,54.31398,-133.76697,14.57914,5.63653,-3.28098,-10.65004,-1.73633,9.49888,-3.90427,,,,,,,,,,,,,,,,,,,,,,,,,,,,,,,,,,,,,,,,,,,,,,,,,,,High,High,High,,,,,
242,2025-07-05,20:19:14.69,1,4,"Asa, Jacob",1000301160,Right,LI,"Leach, Dante",699793,Right,HAG_FLY,Undefined,8,Bottom,0,2,1,Undefined,Slider,InPlay,Undefined,Popup,Out,1,0,,82.2886,0.472511,-1.709661,2202.192121,81.083738,8:45,5.70098,1.89118,5.54812,-40.71148,1.02807,-1.62016,2.75011,0.15807,75.58491,-6.979346,-1.998651,0.464992,82.58188,62.151657,40.599476,,78.696,122.547,76.85652,147.63908,59.67333,45.057943,5.88698,0.35189,0.73449,-1.74208,50,5.71469,3.63135,-119.49802,-0.41714,0.50907,22.92322,-31.1115,HAG_FLY,LI,HagerstownBallpark,Independent,ATL,20250705-HagerstownBallpark-1,d384b3e0-59fe-11f0-8072-0db8199850ee,81.06047,141.012,,6.7037,,,,1.92307,2.40173,-0.20256,ef6d4089-19c2-413e-a4a5-bd99adb12924,2025-07-06,00:19:14.69,2025-07-05T20:19:14.6994688-04:00,2025-07-06T00:19:14.6994688Z,Popup,v3,6089,1896,,"O'Conner, Justin",592604,Right,LI,67ba87d1-b586-4739-8031-169ee2b35152,54.95119,-120.44405,11.46161,5.70541,0.86683,-15.55575,-1.89152,3.61034,0.25454,,1.92716,42.87576,-15.2077,4.36828,-0.67279,0.00306,0.02007,-0.00335,0.00018,2.37982,107.44595,-26.46113,3.92428,-1.3099,0.37355,-0.06696,0.00625,-0.00023,-0.19709,36.71657,-10.53216,2.68204,-0.25829,-0.06683,0.02688,-0.0036,0.00017,,,,,,,,,,,,,,,,,,,,,,,High,High,High,Medium,Low,,,
243,2025-07-05,20:19:55.86,2,1,"Asa, Jacob",1000301160,Right,LI,"Martinez, Roidel",1000432526,Left,HAG_FLY,Undefined,8,Bottom,1,0,0,Undefined,Sinker,BallCalled,Undefined,Undefined,Undefined,0,0,,92.65444,-0.907861,-2.042807,2053.753641,228.753153,1:45,5.70553,2.03847,6.09795,-19.24891,13.15418,13.78981,3.26119,1.29749,84.33843,-4.553019,0.441004,0.409699,,,,,,,,,,,,-7.6502,7.35874,-1.88806,50,5.62545,4.19466,-134.52108,-2.73463,-13.96415,30.23227,-18.74187,HAG_FLY,LI,HagerstownBallpark,Independent,ATL,20250705-HagerstownBallpark-1,ec0f3430-59fe-11f0-8072-0db8199850ee,92.00036,,,8.316,,,,,,,ef6d4089-19c2-413e-a4a5-bd99adb12924,2025-07-06,00:19:55.86,2025-07-05T20:19:55.8621184-04:00,2025-07-06T00:19:55.8621184Z,,v3,6089,1896,,"O'Conner, Justin",592604,Right,LI,5ec7e908-335f-45a0-9d1a-32da54a551c1,54.39848,-135.50599,15.11614,5.70459,-2.12406,-9.37093,-2.03213,4.64959,-6.98208,,,,,,,,,,,,,,,,,,,,,,,,,,,,,,,,,,,,,,,,,,,,,,,,,,,High,High,High,,,,,
244,2025-07-05,20:20:12.15,2,2,"Asa, Jacob",1000301160,Right,LI,"Martinez, Roidel",1000432526,Left,HAG_FLY,Undefined,8,Bottom,1,1,0,Undefined,Four-Seam,FoulBallNotFieldable,Undefined,Undefined,Undefined,0,0,,92.19026,-1.878827,-3.786687,1927.681728,221.458039,1:30,5.65381,2.00344,6.35889,-20.74198,11.80678,9.47319,2.19179,-0.69716,83.94852,-5.802232,-2.076043,0.410619,,,,,,,,,,,,-6.05339,7.02886,-1.7332,50,5.50773,8.45871,-133.64889,-5.02315,-10.89173,30.20881,-19.52716,HAG_FLY,LI,HagerstownBallpark,Independent,ATL,20250705-HagerstownBallpark-1,f5bdb060-59fe-11f0-8072-0db8199850ee,91.79428,,,8.24174,,,,,,,ef6d4089-19c2-413e-a4a5-bd99adb12924,2025-07-06,00:20:12.15,2025-07-05T20:20:12.1505280-04:00,2025-07-06T00:20:12.1505280Z,,v3,6089,1896,,"O'Conner, Justin",592604,Right,LI,aea23311-bc12-403c-84c2-742bcf6f91fb,54.1387,-134.58111,15.1044,5.65344,-4.42055,-9.76358,-1.99942,8.79482,-5.44586,,,,,,,,,,,,,,,,,,,,,,,,,,,,,,,,,,,,,,,,,,,,,,,,,,,High,High,High,,,,,
245,2025-07-05,20:20:33.06,2,3,"Asa, Jacob",1000301160,Right,LI,"Martinez, Roidel",1000432526,Left,HAG_FLY,Undefined,8,Bottom,1,1,1,Undefined,Sinker,FoulBallNotFieldable,Undefined,Undefined,Undefined,0,0,,92.75122,-1.944109,-3.082293,2092.407176,237.866861,2:00,5.67522,1.89542,6.20977,-22.20926,10.13186,14.39457,2.02691,0.24751,84.37212,-6.12292,-0.485621,0.409307,79.62686,47.972534,-57.090209,4874.374753,44.37432,88.14102,-100.65232,243.53507,84.22035,-73.559915,4.736518,-8.39882,6.1524,-1.67118,50,5.51807,6.64123,-134.52521,-5.28777,-15.28488,31.06135,-20.9774,HAG_FLY,LI,HagerstownBallpark,Independent,ATL,20250705-HagerstownBallpark-1,02367020-59ff-11f0-8072-0db8199850ee,92.08852,92.64921,,8.3791,,,,0.62848,2.52934,-0.57046,ef6d4089-19c2-413e-a4a5-bd99adb12924,2025-07-06,00:20:33.06,2025-07-05T20:20:33.0639872-04:00,2025-07-06T00:20:33.0639872Z,FlyBall,v3,6089,1896,,"O'Conner, Justin",592604,Right,LI,db6803d7-05e6-4a2e-8ce7-723794f124ef,54.28841,-135.51177,15.53068,5.67544,-4.62149,-10.4887,-1.88983,7.1267,-7.64244,,0.64154,42.28057,-14.44475,3.82966,-1.27336,0.68,-0.25805,0.04762,-0.00327,2.51055,87.16191,-26.73311,5.8136,-3.20529,1.33553,-0.32886,0.04246,-0.00222,-0.55507,-65.96878,6.45667,-2.89992,2.07968,-0.94532,0.23809,-0.03049,0.00155,,,,,,,,,,,,,,,,,,,,,,,High,High,High,Medium,Low,,,
246,2025-07-05,20:20:55.60,2,4,"Asa, Jacob",1000301160,Right,LI,"Martinez, Roidel",1000432526,Left,HAG_FLY,Undefined,8,Bottom,1,1,2,Undefined,Changeup,FoulBallNotFieldable,Undefined,Undefined,Undefined,0,0,,84.56365,0.696709,-1.511514,1583.842531,281.913631,3:30,5.71062,1.95504,5.77453,-39.93719,-0.88886,9.72453,3.03108,1.35861,77.82701,-6.635841,0.231353,0.449751,74.138,24.142952,-46.181375,4118.308114,70.20572,30.09869,-84.68243,201.37031,175.08103,-53.486981,2.69891,-5.37555,-0.29933,-1.8362,50,5.74388,2.85242,-122.90266,0.11099,-8.25333,23.49293,-32.63365,HAG_FLY,LI,HagerstownBallpark,Independent,ATL,20250705-HagerstownBallpark-1,0fa835e0-59ff-11f0-8072-0db8199850ee,83.80729,30.10883,,6.73664,,,,0.18219,2.82233,-1.28676,ef6d4089-19c2-413e-a4a5-bd99adb12924,2025-07-06,00:20:55.60,2025-07-05T20:20:55.6024832-04:00,2025-07-06T00:20:55.6024832Z,LineDrive,v3,6089,1896,,"O'Conner, Justin",592604,Right,LI,950cbb3a-5f20-49c5-8e4b-8263d3b3ce07,54.72534,-123.80262,11.74646,5.71568,1.36111,-16.31682,-1.95152,3.16858,-4.12667,,0.18215,68.7037,-15.09742,3.61086,-0.90132,0.28857,-0.08669,0.01614,-0.00129,2.82245,44.46704,-19.73088,1.41328,0.0753,-0.24652,0.11294,-0.02392,0.00203,-1.28668,-71.598,7.86211,-2.12715,0.66824,-0.27482,0.09275,-0.01811,0.00148,,,,,,,,,,,,,,,,,,,,,,,High,High,High,High,Medium,,,
247,2025-07-05,20:21:17.90,2,5,"Asa, Jacob",1000301160,Right,LI,"Martinez, Roidel",1000432526,Left,HAG_FLY,Undefined,8,Bottom,1,1,2,Undefined,Changeup,InPlay,Undefined,GroundBall,Out,1,0,,86.72356,-2.885658,-3.22727,1717.123982,254.672831,2:30,5.72392,1.68637,6.01602,-31.43888,5.87851,16.86808,0.42451,0.09946,79.27885,-8.698362,-0.191235,0.43967,37.89066,-36.360162,-166.321935,,,,,2.46799,2.46799,-7.929872,0.021884,-9.69217,4.24016,-1.44256,50,5.48008,6.41616,-125.66518,-7.37614,-15.39452,27.06171,-25.43919,HAG_FLY,LI,HagerstownBallpark,Independent,ATL,20250705-HagerstownBallpark-1,1cf20140-59ff-11f0-8072-0db8199850ee,85.72887,0.72365,,7.44471,,,,3.39947,0.72365,-0.10805,ef6d4089-19c2-413e-a4a5-bd99adb12924,2025-07-06,00:21:17.90,2025-07-05T20:21:17.9057664-04:00,2025-07-06T00:21:17.9057664Z,GroundBall,v3,6089,1896,,"O'Conner, Justin",592604,Right,LI,bd064358-8bf3-4d2c-95cb-7d9aabff8b13,54.48312,-126.62693,13.53086,5.72615,-6.47205,-12.7196,-1.6803,6.96326,-7.69726,,3.40004,-43.64384,,,,,,,,0.72407,-33.06802,,,,,,,,-0.10791,-10.62152,,,,,,,,,,,,,,,,,,,,,,,,,,,,,,High,High,High,Estimated,Estimated,,,
248,2025-07-05,20:21:55.30,3,1,"Asa, Jacob",1000301160,Right,LI,"Williams, Tyler",1000053915,Right,HAG_FLY,Undefined,8,Bottom,2,0,0,Undefined,Slider,StrikeSwinging,Undefined,Undefined,Undefined,0,0,,82.88518,-1.626862,-2.936684,2293.427613,44.830841,7:30,5.67755,2.09177,5.88274,-42.57825,-1.86126,-3.07862,0.61622,-0.89425,76.59637,-9.398346,-3.489391,0.459261,,,,,,,,,,,,0.77248,-0.17669,-1.85279,50,5.52124,6.28824,-120.29579,-4.83639,1.13185,23.35525,-32.43293,HAG_FLY,LI,HagerstownBallpark,Independent,ATL,20250705-HagerstownBallpark-1,334492f0-59ff-11f0-8072-0db8199850ee,82.072,,,6.28881,,,,,,,ef6d4089-19c2-413e-a4a5-bd99adb12924,2025-07-06,00:21:55.30,2025-07-05T20:21:55.3041920-04:00,2025-07-06T00:21:55.3041920Z,,v3,6089,1896,,"O'Conner, Justin",592604,Right,LI,1ea98351-9a2f-40f3-a2bb-3130163fcca6,54.61735,-121.18892,11.67763,5.68247,-3.59611,-16.21646,-2.09243,6.24495,0.56593,,,,,,,,,,,,,,,,,,,,,,,,,,,,,,,,,,,,,,,,,,,,,,,,,,,High,High,High,,,,,
249,2025-07-05,20:22:21.52,3,2,"Asa, Jacob",1000301160,Right,LI,"Williams, Tyler",1000053915,Right,HAG_FLY,Undefined,8,Bottom,2,0,1,Undefined,Slider,BallCalled,Undefined,Undefined,Undefined,0,0,,84.43032,-1.554425,-1.677174,2412.156666,73.57055,8:30,5.65178,1.91735,5.74492,-39.86042,-0.17476,-5.02422,0.88189,-0.06328,77.31112,-8.850777,-2.577943,0.453407,,,,,,,,,,,,2.07421,0.72,-1.77476,50,5.49802,3.78757,-122.51761,-4.69663,3.12693,26.0581,-31.08864,HAG_FLY,LI,HagerstownBallpark,Independent,ATL,20250705-HagerstownBallpark-1,42ebfd60-59ff-11f0-8072-0db8199850ee,83.13159,,,7.11919,,,,,,,ef6d4089-19c2-413e-a4a5-bd99adb12924,2025-07-06,00:22:21.52,2025-07-05T20:22:21.5242240-04:00,2025-07-06T00:22:21.5242240Z,,v3,6089,1896,,"O'Conner, Justin",592604,Right,LI,c843e222-79c1-4aa1-a3f3-adf32bfbc235,54.75397,-123.52458,13.02905,5.6563,-3.49525,-15.54432,-1.9188,3.66673,1.56346,,,,,,,,,,,,,,,,,,,,,,,,,,,,,,,,,,,,,,,,,,,,,,,,,,,High,High,High,,,,,
250,2025-07-05,20:22:43.78,3,3,"Asa, Jacob",1000301160,Right,LI,"Williams, Tyler",1000053915,Right,HAG_FLY,Undefined,8,Bottom,2,1,1,Undefined,Four-Seam,BallCalled,Undefined,Undefined,Undefined,0,0,,92.89299,-1.988683,-4.617251,2180.044147,205.212599,12:45,5.69256,1.86752,6.33741,-15.84103,16.43339,7.21162,2.53481,-1.7918,84.17976,-5.033646,-3.318891,0.408884,,,,,,,,,,,,-5.11988,9.46284,-1.53394,50,5.53963,10.54945,-134.42879,-5.10987,-9.29146,31.38746,-15.00111,HAG_FLY,LI,HagerstownBallpark,Independent,ATL,20250705-HagerstownBallpark-1,5024b1c0-59ff-11f0-8072-0db8199850ee,92.18359,,,8.71323,,,,,,,ef6d4089-19c2-413e-a4a5-bd99adb12924,2025-07-06,00:22:43.78,2025-07-05T20:22:43.7890048-04:00,2025-07-06T00:22:43.7890048Z,,v3,6089,1896,,"O'Conner, Justin",592604,Right,LI,955c0291-747f-4fab-a317-81a580ef83d9,54.15786,-135.39612,15.69373,5.68998,-4.64755,-7.50055,-1.86347,10.8358,-4.64573,,,,,,,,,,,,,,,,,,,,,,,,,,,,,,,,,,,,,,,,,,,,,,,,,,,High,High,High,,,,,
251,2025-07-05,20:23:01.97,3,4,"Asa, Jacob",1000301160,Right,LI,"Williams, Tyler",1000053915,Right,HAG_FLY,Undefined,8,Bottom,2,2,1,Undefined,Four-Seam,FoulBallNotFieldable,Undefined,Undefined,Undefined,0,0,,91.26176,-1.014867,-2.568776,2177.270691,216.914976,1:15,5.64938,1.92259,6.19996,-17.91355,15.55056,10.81524,3.21873,0.45106,82.63559,-4.442197,-0.618528,0.416352,69.82334,35.377164,154.951257,4096.48374,,,,,44.61911,,,-6.39855,8.70634,-1.73475,50,5.56401,5.49118,-132.41592,-2.86434,-11.24892,30.86948,-16.86791,HAG_FLY,LI,HagerstownBallpark,Independent,ATL,20250705-HagerstownBallpark-1,5af84d00-59ff-11f0-8072-0db8199850ee,90.53013,29.17073,,8.62618,,,,0.6934,3.11846,-0.47772,ef6d4089-19c2-413e-a4a5-bd99adb12924,2025-07-06,00:23:01.97,2025-07-05T20:23:01.9714048-04:00,2025-07-06T00:23:01.9714048Z,,v3,6089,1896,,"O'Conner, Justin",592604,Right,LI,bdb85b35-8d9c-4b95-96e1-aa3a6a819722,54.29706,-133.41392,15.43474,5.6478,-2.31902,-8.43395,-1.91816,5.85486,-5.62446,,0.6934,-75.64552,4.93969,0.00408,-0.23994,0.11593,-0.05504,0.0349,-0.01366,3.11846,59.2894,-26.44937,3.1305,-0.53952,0.05829,0.01834,-0.02893,0.01381,-0.47772,35.35247,-13.52568,4.51349,-1.21151,0.27123,-0.03719,-0.02091,0.01461,,,,,,,,,,,,,,,,,,,,,,,High,High,High,High,Undefined,,,
252,2025-07-05,20:23:25.07,3,5,"Asa, Jacob",1000301160,Right,LI,"Williams, Tyler",1000053915,Right,HAG_FLY,Undefined,8,Bottom,2,2,2,Undefined,Slider,StrikeSwinging,Strikeout,Undefined,Undefined,0,0,,85.03823,-1.736407,-2.444933,2411.143306,104.532343,9:30,5.60869,2.03982,5.84905,-37.13167,1.97921,-2.5191,0.89893,-0.44335,77.60533,-8.562872,-2.896943,0.450111,,,,,,,,,,,,0.53709,1.93142,-1.83949,50,5.44575,5.36579,-123.29466,-4.99993,0.81804,26.92072,-29.23223,HAG_FLY,LI,HagerstownBallpark,Independent,ATL,20250705-HagerstownBallpark-1,68c244e0-59ff-11f0-8072-0db8199850ee,83.74023,,,7.4329,,,,,,,ef6d4089-19c2-413e-a4a5-bd99adb12924,2025-07-06,00:23:25.07,2025-07-05T20:23:25.0770000-04:00,2025-07-06T00:23:25.0770000Z,,v3,6089,1896,,"O'Conner, Justin",592604,Right,LI,82560a29-d63e-43ca-9ad2-8da974370972,54.64839,-124.30546,13.46036,5.61288,-3.90234,-14.61611,-2.04039,5.33508,0.40902,,,,,,,,,,,,,,,,,,,,,,,,,,,,,47.32633,,,1.498389,,,,-2.68123,6.11796,-2.91317,62.4168,7.27397,-62.53698,-2.64309,46.37861,-1.9777,6.23066,23.57003,-15.27448,-2.99995,-44.34567,3.08474,High,High,High,,,High,High,High
253,2025-07-05,20:25:56.56,1,1,"Valdez, Dauris",667378,Right,HAG_FLY,"Castillo, Ivan",622668,Left,LI,Undefined,9,Top,0,0,0,Undefined,Sinker,BallCalled,Undefined,Undefined,Undefined,0,0,,92.01116,-3.140501,-2.025915,2260.592496,234.374986,1:45,6.35924,1.52037,5.39218,-19.35855,14.85083,18.96659,1.798,1.20146,83.0452,-6.768207,1.347705,0.420963,,,,,,,,,,,,-10.09532,8.81607,-1.35295,50,6.06534,3.80426,-133.10848,-7.97168,-17.85137,32.41094,-16.58478,HAG_FLY,LI,HagerstownBallpark,Independent,ATL,20250705-HagerstownBallpark-1,c2f1e290-59ff-11f0-8072-0db8199850ee,89.53858,,,8.96596,,,,,,,ef6d4089-19c2-413e-a4a5-bd99adb12924,2025-07-06,00:25:56.56,2025-07-05T20:25:56.5616128-04:00,2025-07-06T00:25:56.5616128Z,,v3,6089,1896,,"Black, Mark",691773,Right,HAG_FLY,579aa32d-51f4-4015-9652-35c4068929ac,55.10297,-134.34527,16.20547,6.35746,-7.33881,-8.29239,-1.51112,4.48546,-8.92568,,,,,,,,,,,,,,,,,,,,,,,,,,,,,,,,,,,,,,,,,,,,,,,,,,,High,High,High,,,,,
254,2025-07-05,20:26:11.71,1,2,"Valdez, Dauris",667378,Right,HAG_FLY,"Castillo, Ivan",622668,Left,LI,Undefined,9,Top,0,1,0,Undefined,Sinker,BallCalled,Undefined,Undefined,Undefined,0,0,,91.50146,-2.009157,-1.495007,2324.712233,227.834501,1:30,6.26394,1.50704,5.62357,-19.71844,14.43123,14.58422,2.74448,1.32701,82.68211,-5.722914,1.110306,0.420596,,,,,,,,,,,,-7.80831,8.29091,-1.38896,50,6.08023,2.78938,-132.59193,-5.30539,-13.72391,31.71137,-17.6019,HAG_FLY,LI,HagerstownBallpark,Independent,ATL,20250705-HagerstownBallpark-1,cc20ce80-59ff-11f0-8072-0db8199850ee,89.61682,,,8.81936,,,,,,,ef6d4089-19c2-413e-a4a5-bd99adb12924,2025-07-06,00:26:11.71,2025-07-05T20:26:11.7103616-04:00,2025-07-06T00:26:11.7103616Z,,v3,6089,1896,,"Black, Mark",691773,Right,HAG_FLY,fb537452-fcdc-4664-a436-92eaa01a4286,54.8715,-133.75194,15.85568,6.26253,-4.66151,-8.80095,-1.50018,3.2914,-6.86196,,,,,,,,,,,,,,,,,,,,,,,,,,,,,,,,,,,,,,,,,,,,,,,,,,,High,High,High,,,,,
255,2025-07-05,20:26:29.64,1,3,"Valdez, Dauris",667378,Right,HAG_FLY,"Castillo, Ivan",622668,Left,LI,Undefined,9,Top,0,2,0,Undefined,Sinker,FoulBallNotFieldable,Undefined,Undefined,Undefined,0,0,,92.81544,-3.386134,-2.397888,2326.981009,233.420526,1:45,6.25322,1.47987,5.66698,-18.7493,14.34698,17.77288,1.52712,0.72386,84.27111,-6.905137,0.778698,0.414058,62.60802,53.890673,-43.418377,3658.9184,67.41733,71.71324,-86.91892,176.15372,159.31137,-54.437669,4.328191,-9.77402,8.65721,-1.2888,50,5.95508,4.82608,-134.38709,-8.58503,-17.71405,31.5599,-16.48405,HAG_FLY,LI,HagerstownBallpark,Independent,ATL,20250705-HagerstownBallpark-1,d6bc90e0-59ff-11f0-8072-0db8199850ee,91.0318,74.45173,,8.54433,,,,1.25618,2.10764,-1.18265,ef6d4089-19c2-413e-a4a5-bd99adb12924,2025-07-06,00:26:29.64,2025-07-05T20:26:29.6464384-04:00,2025-07-06T00:26:29.6464384Z,Popup,v3,6089,1896,,"Black, Mark",691773,Right,HAG_FLY,8f4b67f6-1f07-4947-937f-be6eb6ab2b5f,54.83085,-135.51684,15.77995,6.25183,-7.99495,-8.24202,-1.4729,5.46018,-8.85703,,1.27168,38.91628,-6.86865,-1.4023,3.02759,-1.67499,0.46011,-0.06262,0.00336,2.10784,74.15559,-21.52879,1.19132,0.60806,-0.59187,0.21697,-0.03705,0.00241,-1.17966,-37.25699,1.35145,-0.26653,0.15055,-0.02687,-0.01062,0.00441,-0.00042,,,,,,,,,,,,,,,,,,,,,,,High,High,High,Medium,Low,,,
256,2025-07-05,20:27:08.76,1,4,"Valdez, Dauris",667378,Right,HAG_FLY,"Castillo, Ivan",622668,Left,LI,Undefined,9,Top,0,2,1,Undefined,Sinker,BallCalled,Undefined,Undefined,Undefined,0,0,,91.88414,-0.209946,-1.551142,2238.202298,230.468444,1:45,6.33976,1.37521,5.80452,-22.2634,11.24367,12.22257,4.28916,0.95085,83.12182,-4.394951,0.638919,0.41662,,,,,,,,,,,,-6.65075,6.13914,-1.25495,50,6.30944,3.0531,-133.2911,-1.24245,-11.84566,31.31705,-21.23958,HAG_FLY,LI,HagerstownBallpark,Independent,ATL,20250705-HagerstownBallpark-1,edfb5750-59ff-11f0-8072-0db8199850ee,90.47207,,,8.76232,,,,,,,ef6d4089-19c2-413e-a4a5-bd99adb12924,2025-07-06,00:27:08.76,2025-07-05T20:27:08.7672320-04:00,2025-07-06T00:27:08.7672320Z,,v3,6089,1896,,"Black, Mark",691773,Right,HAG_FLY,03a19284-56c5-4d61-8e1f-268844a12bf8,54.69039,-134.3886,15.65852,6.33994,-0.49812,-10.61979,-1.36922,3.46823,-5.92283,,,,,,,,,,,,,,,,,,,,,,,,,,,,,,,,,,,,,,,,,,,,,,,,,,,High,High,High,,,,,
257,2025-07-05,20:27:29.82,1,5,"Valdez, Dauris",667378,Right,HAG_FLY,"Castillo, Ivan",622668,Left,LI,Undefined,9,Top,0,3,1,Undefined,Sinker,BallCalled,Walk,Undefined,Undefined,0,0,,91.87673,0.202916,-0.477278,2236.473186,238.311502,2:00,6.17239,1.6791,5.61178,-21.12316,12.67942,18.63611,4.60153,2.78663,82.98268,-3.769896,2.850024,0.418453,,,,,,,,,,,,-9.45004,6.69122,-1.6499,50,6.17636,0.2301,-133.25976,-0.24897,-16.79308,31.78264,-20.28348,HAG_FLY,LI,HagerstownBallpark,Independent,ATL,20250705-HagerstownBallpark-1,fa8c5a00-59ff-11f0-8072-0db8199850ee,90.07579,,,8.89405,,,,,,,ef6d4089-19c2-413e-a4a5-bd99adb12924,2025-07-06,00:27:29.82,2025-07-05T20:27:29.8244608-04:00,2025-07-06T00:27:29.8244608Z,,v3,6089,1896,,"Black, Mark",691773,Right,HAG_FLY,1abb40b3-12e6-4ff0-bda0-db6c95a971ec,54.88264,-134.41924,15.89132,6.17195,0.491,-10.14174,-1.66948,0.84273,-8.39654,,,,,,,,,,,,,,,,,,,,,,,,,,,,,,,,,,,,,,,,,,,,,,,,,,,High,High,High,,,,,
258,2025-07-05,20:28:06.62,2,1,"Valdez, Dauris",667378,Right,HAG_FLY,"Thomas, Cody",642137,Left,LI,Undefined,9,Top,0,0,0,Undefined,Sinker,InPlay,Undefined,LineDrive,Double,0,1,,92.95873,-2.100957,-2.796048,2169.578161,232.465555,1:45,6.26439,1.43295,5.78827,-19.57895,13.20327,15.70938,2.67514,0.1389,84.31588,-5.786328,0.015937,0.412089,103.88678,23.895239,8.483118,1770.428922,108.85075,45.59152,15.8585,393.48236,391.4992,7.115723,4.526343,-8.89315,7.70689,-1.21227,50,6.07954,5.88316,-134.72593,-5.60058,-16.20166,31.67463,-18.13353,HAG_FLY,LI,HagerstownBallpark,Independent,ATL,20250705-HagerstownBallpark-1,108cad00-5a00-11f0-8072-0db8199850ee,91.4668,66.70512,,8.64285,,,,1.44304,2.66052,-0.15859,ef6d4089-19c2-413e-a4a5-bd99adb12924,2025-07-06,00:28:06.62,2025-07-05T20:28:06.6200576-04:00,2025-07-06T00:28:06.6200576Z,LineDrive,v3,6089,1896,,"Black, Mark",691773,Right,HAG_FLY,6f41738b-79de-47dd-a280-7e11c60d0a9b,54.70967,-135.82868,15.83731,6.26353,-4.96927,-9.06677,-1.42691,6.44722,-8.10083,182.192465,1.44229,137.80103,-24.79241,6.15958,-1.50136,0.35558,-0.06885,0.00841,-0.00045,2.662,61.68362,-15.79194,0.17997,0.35194,-0.18635,0.04987,-0.00663,0.00034,-0.15913,20.56335,-3.31975,0.35088,-0.0591,0.03171,-0.01067,0.00166,-0.0001,,,,,,,,,,,,,,,,,,,,,,,High,High,High,High,Medium,,,
259,2025-07-05,20:28:57.80,3,1,"Valdez, Dauris",667378,Right,HAG_FLY,"Kohlwey, Taylor",670128,Left,LI,Undefined,9,Top,0,0,0,Undefined,Sinker,BallCalled,Undefined,Undefined,Undefined,0,0,,93.65931,-4.012313,-3.786259,2173.254123,240.139264,2:00,6.29602,1.42768,5.77609,-21.64922,10.93434,17.0004,0.74422,-0.68383,84.87236,-8.048065,-0.745663,0.410838,,,,,,,,,,,,-9.89733,7.17367,-1.12528,50,5.95063,8.19806,-135.33178,-10.26412,-18.13367,32.85987,-19.03064,HAG_FLY,LI,HagerstownBallpark,Independent,ATL,20250705-HagerstownBallpark-1,2f076900-5a00-11f0-8072-0db8199850ee,91.74522,,,8.78694,,,,,,,ef6d4089-19c2-413e-a4a5-bd99adb12924,2025-07-06,00:28:57.80,2025-07-05T20:28:57.8099712-04:00,2025-07-06T00:28:57.8099712Z,,v3,6089,1896,,"Black, Mark",691773,Right,HAG_FLY,5ab69713-e605-49d3-bed0-cfa73bdfc0c7,54.72192,-136.47349,16.42993,6.29577,-9.6029,-9.51532,-1.42107,8.82811,-9.06683,,,,,,,,,,,,,,,,,,,,,,,,,,,,,,,,,,,,,,,,,,,,,,,,,,,High,High,High,,,,,
260,2025-07-05,20:29:22.35,3,2,"Valdez, Dauris",667378,Right,HAG_FLY,"Kohlwey, Taylor",670128,Left,LI,Undefined,9,Top,0,1,0,Undefined,Sinker,BallCalled,Undefined,Undefined,Undefined,0,0,,90.91409,0.205167,-0.41813,2066.538276,250.954161,2:15,6.17772,1.31957,5.48822,-27.01962,7.64914,18.68544,4.11803,2.48552,82.24734,-4.807381,2.911244,0.42378,,,,,,,,,,,,-9.45371,4.16351,-1.29552,50,6.17775,0.08734,-131.8642,-0.52668,-16.45222,31.07828,-24.92832,HAG_FLY,LI,HagerstownBallpark,Independent,ATL,20250705-HagerstownBallpark-1,3d9dffb0-5a00-11f0-8072-0db8199850ee,88.94337,,,8.66676,,,,,,,ef6d4089-19c2-413e-a4a5-bd99adb12924,2025-07-06,00:29:22.35,2025-07-05T20:29:22.3559680-04:00,2025-07-06T00:29:22.3559680Z,,v3,6089,1896,,"Black, Mark",691773,Right,HAG_FLY,eb1bb99d-adfc-4a2c-8e94-e9647c9efcc2,55.00737,-133.03912,15.53914,6.17985,0.41574,-12.46416,-1.31058,0.70931,-8.22611,,,,,,,,,,,,,,,,,,,,,,,,,,,,,,,,,,,,,,,,,,,,,,,,,,,High,High,High,,,,,
261,2025-07-05,20:29:46.04,3,3,"Valdez, Dauris",667378,Right,HAG_FLY,"Kohlwey, Taylor",670128,Left,LI,Undefined,9,Top,0,2,0,Undefined,Sinker,StrikeCalled,Undefined,Undefined,Undefined,0,0,,91.6217,-1.132514,-2.288219,2043.784637,251.199929,2:15,6.18196,1.37922,5.69747,-26.72596,7.19721,17.63477,2.89847,0.71535,82.91879,-6.099568,0.866224,0.419198,,,,,,,,,,,,-9.59965,4.37768,-1.1979,50,6.07046,4.49922,-132.81715,-3.59456,-16.94572,31.57285,-24.44642,HAG_FLY,LI,HagerstownBallpark,Independent,ATL,20250705-HagerstownBallpark-1,4bddc3d0-5a00-11f0-8072-0db8199850ee,89.91549,,,8.70291,,,,,,,ef6d4089-19c2-413e-a4a5-bd99adb12924,2025-07-06,00:29:46.04,2025-07-05T20:29:46.0465664-04:00,2025-07-06T00:29:46.0465664Z,,v3,6089,1896,,"Black, Mark",691773,Right,HAG_FLY,0b7b454a-6ed3-4cd6-9f8f-f632eed1e246,54.79854,-133.95298,15.78643,6.18395,-2.7151,-12.22321,-1.37073,5.10884,-8.47286,,,,,,,,,,,,,,,,,,,,,,,,,,,,,,,,,,,,,,,,,,,,,,,,,,,High,High,High,,,,,
262,2025-07-05,20:30:10.70,3,4,"Valdez, Dauris",667378,Right,HAG_FLY,"Kohlwey, Taylor",670128,Left,LI,Undefined,9,Top,0,2,1,Undefined,Sinker,BallCalled,Undefined,Undefined,Undefined,0,0,,94.01141,-2.951424,-4.784087,2120.447251,250.517481,2:15,6.05641,1.51091,5.98703,-24.37663,7.56548,18.27052,1.27763,-1.4108,85.47625,-7.488686,-1.509694,0.406774,,,,,,,,,,,,-10.85867,5.09162,-1.14295,50,5.80918,10.58067,-135.93776,-7.88399,-20.16701,31.87698,-22.71781,HAG_FLY,LI,HagerstownBallpark,Independent,ATL,20250705-HagerstownBallpark-1,5a7c97e0-5a00-11f0-8072-0db8199850ee,92.66186,,,8.53516,,,,,,,ef6d4089-19c2-413e-a4a5-bd99adb12924,2025-07-06,00:30:10.70,2025-07-05T20:30:10.7041792-04:00,2025-07-06T00:30:10.7041792Z,,v3,6089,1896,,"Black, Mark",691773,Right,HAG_FLY,e6dbbc2b-8c1f-42fb-8f0d-fdcea02cc9c4,54.51183,-136.99168,15.93849,6.05743,-7.13289,-11.3589,-1.5038,11.24743,-10.0835,,,,,,,,,,,,,,,,,,,,,,,,,,,,,,,,,,,,,,,,,,,,,,,,,,,High,High,High,,,,,
263,2025-07-05,20:30:35.41,3,5,"Valdez, Dauris",667378,Right,HAG_FLY,"Kohlwey, Taylor",670128,Left,LI,Undefined,9,Top,0,3,1,Undefined,Sinker,BallCalled,Walk,Undefined,Undefined,0,0,,93.51453,-3.167556,-3.96678,2074.631709,248.228381,2:15,6.23505,1.26657,5.73305,-24.60879,8.06008,17.27332,1.22447,-0.99392,84.78813,-7.731738,-0.880452,0.411376,,,,,,,,,,,,-10.04945,5.42134,-0.94653,50,5.9553,8.59876,-135.21851,-8.38915,-18.39756,32.56865,-22.24915,HAG_FLY,LI,HagerstownBallpark,Independent,ATL,20250705-HagerstownBallpark-1,6941b8a0-5a00-11f0-8072-0db8199850ee,91.62537,,,8.7264,,,,,,,ef6d4089-19c2-413e-a4a5-bd99adb12924,2025-07-06,00:30:35.41,2025-07-05T20:30:35.4158080-04:00,2025-07-06T00:30:35.4158080Z,,v3,6089,1896,,"Black, Mark",691773,Right,HAG_FLY,90bbc4f8-41b8-476b-a392-cfc81e28a625,54.7649,-136.36135,16.28433,6.23598,-7.60843,-11.12457,-1.25958,9.24433,-9.19878,,,,,,,,,,,,,,,,,,,,,,,,,,,,,,,,,,,,,,,,,,,,,,,,,,,High,High,High,,,,,
264,2025-07-05,20:31:23.00,4,1,"Valdez, Dauris",667378,Right,HAG_FLY,"Viola, Troy",802112,Right,LI,Undefined,9,Top,0,0,0,Undefined,Four-Seam,FoulBallNotFieldable,Undefined,Undefined,Undefined,0,0,,91.12306,-1.464347,-2.146255,2157.547692,219.737013,1:15,6.47617,0.90341,5.67147,-16.11131,17.87903,13.94682,3.76708,0.06372,83.09328,-4.524625,0.345145,0.419613,,,,,,,,,,,,-7.54193,9.75564,-0.73036,50,6.34221,4.30024,-132.16831,-3.86197,-13.3402,28.17784,-14.91826,HAG_FLY,LI,HagerstownBallpark,Independent,ATL,20250705-HagerstownBallpark-1,85837490-5a00-11f0-8072-0db8199850ee,89.82668,,,8.02978,,,,,,,ef6d4089-19c2-413e-a4a5-bd99adb12924,2025-07-06,00:31:23.00,2025-07-05T20:31:23.0097408-04:00,2025-07-06T00:31:23.0097408Z,,v3,6089,1896,,"Black, Mark",691773,Right,HAG_FLY,4db39fe1-8f42-4ccc-86c4-2d11b7862da8,54.82272,-133.19252,14.08892,6.47273,-3.31972,-7.45913,-0.89548,4.78513,-6.6701,,,,,,,,,,,,,,,,,,,,,,,,,,,,,,,,,,,,,,,,,,,,,,,,,,,High,High,High,,,,,
265,2025-07-05,20:32:01.11,4,2,"Valdez, Dauris",667378,Right,HAG_FLY,"Viola, Troy",802112,Right,LI,Undefined,9,Top,0,0,1,Undefined,Curveball,InPlay,Undefined,GroundBall,Out,2,0,,79.11188,1.276386,-0.557272,2260.230312,53.832816,7:45,6.182,0.97924,5.43888,-49.98227,-4.18902,-7.84028,3.21224,-0.19594,72.04984,-7.852024,-1.954239,0.487048,95.04981,2.227985,-15.676026,1981.376135,,,,72.39031,68.08338,-16.925305,0.553254,3.78744,-2.08205,-0.9243,50,6.26024,1.42629,-114.7822,0.84328,4.99988,23.325,-34.92261,HAG_FLY,LI,HagerstownBallpark,Independent,ATL,20250705-HagerstownBallpark-1,9c617d60-5a00-11f0-8072-0db8199850ee,77.38953,3.49891,,7.06204,,,,1.16831,3.15365,0.24113,ef6d4089-19c2-413e-a4a5-bd99adb12924,2025-07-06,00:32:01.11,2025-07-05T20:32:01.1153920-04:00,2025-07-06T00:32:01.1153920Z,GroundBall,v3,6089,1896,,"Black, Mark",691773,Right,HAG_FLY,077fc20e-ac44-4fc6-b8c6-33b2a17de11b,55.05998,-115.80587,11.6625,6.18959,2.37594,-17.4613,-0.98209,1.20685,2.49994,61.008852,1.19176,133.54852,-19.09678,,,,,,,3.17276,4.95406,-19.37851,,,,,,,0.24949,-37.84425,-1.28817,,,,,,,,,,,,,,,,,,,,,,,,,,,,,High,High,High,High,High,,,
266,2025-07-05,20:32:40.12,5,1,"Valdez, Dauris",667378,Right,HAG_FLY,"Beer, Seth",666179,Left,LI,Undefined,9,Top,2,0,0,Undefined,Four-Seam,FoulBallNotFieldable,Undefined,Undefined,Undefined,0,0,,92.54132,-1.810549,-1.875511,2241.680246,226.937064,1:30,6.34967,1.32101,5.56291,-19.4643,14.23591,13.86308,3.03474,0.72352,83.00621,-5.488971,0.597405,0.417819,93.11787,50.94539,-45.93717,5173.914697,60.71135,116.08082,-91.72856,279.20471,106.67739,-65.933881,5.8011,-7.62355,8.16508,-1.16848,50,6.18097,3.74212,-133.98429,-4.89106,-13.57927,34.37997,-17.63016,HAG_FLY,LI,HagerstownBallpark,Independent,ATL,20250705-HagerstownBallpark-1,b394ab10-5a00-11f0-8072-0db8199850ee,90.21245,132.65759,,9.53511,,,,0.49063,2.85865,-0.67764,ef6d4089-19c2-413e-a4a5-bd99adb12924,2025-07-06,00:32:40.12,2025-07-05T20:32:40.1250304-04:00,2025-07-06T00:32:40.1250304Z,FlyBall,v3,6089,1896,,"Black, Mark",691773,Right,HAG_FLY,905e99c0-3aaa-4c40-9de4-8a066732e1b4,54.932,-135.2439,17.18998,6.34833,-4.24513,-8.81508,-1.3147,4.23964,-6.78964,,0.54369,58.85721,-18.27992,0.74257,2.81299,-1.43615,0.32721,-0.03609,0.00156,2.843,106.26754,-27.45786,3.44119,-0.5751,-0.01106,0.03378,-0.00639,0.00038,-0.66854,-61.96443,5.80154,-0.91848,0.19391,-0.03281,0.00084,0.00052,-5E-05,,,,,,,,,,,,,,,,,,,,,,,High,High,High,High,Low,,,
267,2025-07-05,20:33:02.75,5,2,"Valdez, Dauris",667378,Right,HAG_FLY,"Beer, Seth",666179,Left,LI,Undefined,9,Top,2,0,1,Undefined,Four-Seam,InPlay,Undefined,LineDrive,Double,0,1,,94.35812,-2.668257,-2.319307,2424.404053,227.578696,1:30,6.42849,1.08483,5.42576,-16.13497,16.55572,16.72591,2.58096,0.3052,84.4544,-5.741388,0.655495,0.411513,110.07199,15.728376,12.681186,6583.026372,107.05862,24.85816,25.26615,282.2206,280.09211,14.067908,2.540427,-9.20926,9.59646,-0.89118,50,6.18098,4.72482,-136.45642,-6.89405,-16.9839,36.15571,-14.47603,HAG_FLY,LI,HagerstownBallpark,Independent,ATL,20250705-HagerstownBallpark-1,c10f4a70-5a00-11f0-8072-0db8199850ee,91.59479,27.44177,,9.90372,,,,1.54546,2.65525,-0.278,ef6d4089-19c2-413e-a4a5-bd99adb12924,2025-07-06,00:33:02.75,2025-07-05T20:33:02.7508736-04:00,2025-07-06T00:33:02.7508736Z,LineDrive,v3,6089,1896,,"Black, Mark",691773,Right,HAG_FLY,59c52783-4313-4782-9ff8-e882623e3c61,55.06973,-137.79315,18.07785,6.42597,-6.35885,-7.23802,-1.07747,5.35275,-8.49195,238.178889,1.54546,151.60331,-27.73656,6.5809,-1.58017,0.349,-0.06736,0.00909,-0.00059,2.65525,43.76221,-21.36022,2.15259,-0.4054,0.07453,-0.01173,0.00158,-0.00011,-0.27801,34.11298,-1.833,-1.00428,0.47911,-0.14647,0.03228,-0.00465,0.00032,,,,,,,,,,,,,,,,,,,,,,,High,High,High,High,High,,,
268,2025-07-05,20:33:57.16,6,1,"Valdez, Dauris",667378,Right,HAG_FLY,"O'Conner, Justin",592604,Right,LI,Undefined,9,Top,2,0,0,Undefined,Curveball,StrikeSwinging,Undefined,Undefined,Undefined,0,0,,79.63975,-0.751306,-1.113885,2283.767018,55.148099,7:45,6.32715,1.19358,5.84695,-46.70778,-2.73961,-5.81902,1.73652,-0.32654,73.69626,-9.28548,-2.159952,0.477244,,,,,,,,,,,,2.68047,-0.80354,-1.09956,50,6.23861,2.46811,-115.76238,-3.03475,3.64377,21.25435,-33.26636,HAG_FLY,LI,HagerstownBallpark,Independent,ATL,20250705-HagerstownBallpark-1,e18b54b0-5a00-11f0-8072-0db8199850ee,78.97937,,,5.9435,,,,,,,ef6d4089-19c2-413e-a4a5-bd99adb12924,2025-07-06,00:33:57.16,2025-07-05T20:33:57.1642880-04:00,2025-07-06T00:33:57.1642880Z,,v3,6089,1896,,"Black, Mark",691773,Right,HAG_FLY,7236e466-2291-4bb0-a87b-c5f314fb74e3,54.65298,-116.61355,10.62718,6.33346,-1.70254,-16.63318,-1.19548,2.32219,1.82189,,,,,,,,,,,,,,,,,,,,,,,,,,,,,,,,,,,,,,,,,,,,,,,,,,,High,High,High,,,,,
269,2025-07-05,20:34:22.35,6,2,"Valdez, Dauris",667378,Right,HAG_FLY,"O'Conner, Justin",592604,Right,LI,Undefined,9,Top,2,0,1,Undefined,Curveball,BallCalled,Undefined,Undefined,Undefined,0,0,,79.6533,0.230865,-2.008637,2335.080515,54.030353,7:45,6.22186,1.01775,5.82649,-46.88932,-2.77681,-5.67953,2.52917,-1.32356,73.39425,-8.355449,-3.027317,0.478027,,,,,,,,,,,,2.3291,-1.01937,-0.85035,50,6.21333,4.27566,-115.69798,-1.07389,3.15674,21.60346,-33.55565,HAG_FLY,LI,HagerstownBallpark,Independent,ATL,20250705-HagerstownBallpark-1,f0716af0-5a00-11f0-8072-0db8199850ee,78.85006,,,6.25905,,,,,,,ef6d4089-19c2-413e-a4a5-bd99adb12924,2025-07-06,00:34:22.35,2025-07-05T20:34:22.3588864-04:00,2025-07-06T00:34:22.3588864Z,,v3,6089,1896,,"Black, Mark",691773,Right,HAG_FLY,8880afe7-749e-4177-a690-eb327d6c5819,54.67218,-116.56712,10.80173,6.22938,0.2761,-16.77782,-1.01982,4.14866,1.57837,,,,,,,,,,,,,,,,,,,,,,,,,,,,,,,,,,,,,,,,,,,,,,,,,,,High,High,High,,,,,
270,2025-07-05,20:34:45.28,6,3,"Valdez, Dauris",667378,Right,HAG_FLY,"O'Conner, Justin",592604,Right,LI,Undefined,9,Top,2,1,1,Undefined,Curveball,BallCalled,Undefined,Undefined,Undefined,0,0,,80.21167,-0.433312,-2.010663,2358.34883,58.822074,8:00,6.25215,1.01569,5.85134,-45.40731,-1.92429,-5.38406,2.06533,-1.30201,73.94876,-8.746146,-2.977212,0.474604,,,,,,,,,,,,2.1837,-0.42181,-0.84918,50,6.19059,4.29609,-116.50409,-2.36992,2.99937,22.02337,-32.75341,HAG_FLY,LI,HagerstownBallpark,Independent,ATL,20250705-HagerstownBallpark-1,fe22d1c0-5a00-11f0-8072-0db8199850ee,79.41874,,,6.26291,,,,,,,ef6d4089-19c2-413e-a4a5-bd99adb12924,2025-07-06,00:34:45.28,2025-07-05T20:34:45.2820992-04:00,2025-07-06T00:34:45.2820992Z,,v3,6089,1896,,"Black, Mark",691773,Right,HAG_FLY,632d5317-d2a4-48f3-8ef0-e17a1ee62827,54.64733,-117.37931,11.01169,6.2589,-1.06828,-16.37671,-1.01754,4.1769,1.49969,,,,,,,,,,,,,,,,,,,,,,,,,,,,,,,,,,,,,,,,,,,,,,,,,,,High,High,High,,,,,
271,2025-07-05,20:35:08.68,6,4,"Valdez, Dauris",667378,Right,HAG_FLY,"O'Conner, Justin",592604,Right,LI,Undefined,9,Top,2,2,1,Undefined,Four-Seam,BallCalled,Undefined,Undefined,Undefined,0,0,,92.66671,-3.321466,-4.083973,2258.267847,215.111688,1:15,6.45757,0.95599,5.96244,-15.67717,17.20871,11.29418,2.06006,-1.89606,84.11697,-6.312664,-2.061195,0.41274,,,,,,,,,,,,-6.98386,10.1454,-0.63773,50,6.18447,9.06828,-134.00218,-8.25246,-12.61182,30.80698,-13.85302,HAG_FLY,LI,HagerstownBallpark,Independent,ATL,20250705-HagerstownBallpark-1,0c25b3f0-5a01-11f0-8072-0db8199850ee,91.32256,,,8.54974,,,,,,,ef6d4089-19c2-413e-a4a5-bd99adb12924,2025-07-06,00:35:08.68,2025-07-05T20:35:08.6868992-04:00,2025-07-06T00:35:08.6868992Z,,v3,6089,1896,,"Black, Mark",691773,Right,HAG_FLY,a951ca07-af76-4af7-89fa-b0a91f574c29,54.53368,-135.04045,15.40349,6.45473,-7.78558,-6.92651,-0.95052,9.49333,-6.30591,,,,,,,,,,,,,,,,,,,,,,,,,,,,,,,,,,,,,,,,,,,,,,,,,,,High,High,High,,,,,
272,2025-07-05,20:35:31.62,6,5,"Valdez, Dauris",667378,Right,HAG_FLY,"O'Conner, Justin",592604,Right,LI,Undefined,9,Top,2,3,1,Undefined,Four-Seam,BallCalled,Walk,Undefined,Undefined,0,0,,92.9697,-1.708891,-2.83396,2261.449957,222.416549,1:30,6.42067,0.96616,5.84588,-16.26619,16.55615,14.0519,3.47472,-0.49851,83.89105,-4.819959,-0.317249,0.412341,,,,,,,,,,,,-8.00874,9.31166,-0.7435,50,6.27203,6.02532,-134.68246,-4.51121,-14.53206,32.56177,-15.27781,HAG_FLY,LI,HagerstownBallpark,Independent,ATL,20250705-HagerstownBallpark-1,19b4ecc0-5a01-11f0-8072-0db8199850ee,91.41094,,,9.07866,,,,,,,ef6d4089-19c2-413e-a4a5-bd99adb12924,2025-07-06,00:35:31.62,2025-07-05T20:35:31.6277248-04:00,2025-07-06T00:35:31.6277248Z,,v3,6089,1896,,"Black, Mark",691773,Right,HAG_FLY,8b41e404-ef2a-4874-8df5-14979fab44fc,54.64924,-135.80184,16.28088,6.41809,-3.98601,-7.6389,-0.95922,6.52489,-7.26603,,,,,,,,,,,,,,,,,,,,,,,,,,,,,,,,,,,,,,,,,,,,,,,,,,,High,High,High,,,,,
273,2025-07-05,20:38:17.17,7,1,"Noriega, Branden",804447,Left,HAG_FLY,"Kaler, Kole",689179,Right,LI,Undefined,9,Top,2,0,0,Undefined,Sinker,BallCalled,Undefined,Undefined,Undefined,0,0,,89.94932,-2.741003,4.218403,2147.442438,123.323932,10:00,5.87491,-1.00344,6.35095,-23.22446,11.17686,-15.17414,1.40779,1.62193,81.6957,-7.120039,1.478437,0.422142,,,,,,,,,,,,9.21276,7.01335,0.70386,50,5.66456,-9.00006,-130.22455,-6.95192,15.67223,29.73695,-20.24336,HAG_FLY,LI,HagerstownBallpark,Independent,ATL,20250705-HagerstownBallpark-1,7c7cb4a0-5a01-11f0-8072-0db8199850ee,89.28848,,,8.25362,,,,,,,ef6d4089-19c2-413e-a4a5-bd99adb12924,2025-07-06,00:38:17.17,2025-07-05T20:38:17.1767808-04:00,2025-07-06T00:38:17.1767808Z,,v3,6089,1896,,"Black, Mark",691773,Right,HAG_FLY,6eda78a7-bf06-450a-9e39-a24301c799b4,54.14698,-131.1681,14.86847,5.87495,-6.3096,-10.12168,0.99732,-9.49734,7.83612,,,,,,,,,,,,,,,,,,,,,,,,,,,,,,,,,,,,,,,,,,,,,,,,,,,High,High,High,,,,,
274,2025-07-05,20:38:34.26,7,2,"Noriega, Branden",804447,Left,HAG_FLY,"Kaler, Kole",689179,Right,LI,Undefined,9,Top,2,1,0,Undefined,Sinker,StrikeCalled,Undefined,Undefined,Undefined,0,0,,89.84237,-2.573104,1.837846,2199.847066,135.274755,10:30,5.81342,-1.04315,6.17159,-20.10785,14.47883,-13.1528,1.75846,-0.44123,81.5831,-6.383133,-0.535948,0.423278,,,,,,,,,,,,7.35489,8.63067,0.91053,50,5.6083,-3.63678,-130.30239,-6.45434,12.52557,29.79502,-17.47577,HAG_FLY,LI,HagerstownBallpark,Independent,ATL,20250705-HagerstownBallpark-1,86afa310-5a01-11f0-8072-0db8199850ee,89.04885,,,8.25927,,,,,,,ef6d4089-19c2-413e-a4a5-bd99adb12924,2025-07-06,00:38:34.26,2025-07-05T20:38:34.2632960-04:00,2025-07-06T00:38:34.2632960Z,,v3,6089,1896,,"Black, Mark",691773,Right,HAG_FLY,a0b84953-5d06-46e4-92ed-3accf843342d,54.32507,-131.28763,14.89751,5.81218,-5.87646,-8.73788,1.03764,-4.05097,6.26279,,,,,,,,,,,,,,,,,,,,,,,,,,,,,,,,,,,,,,,,,,,,,,,,,,,High,High,High,,,,,
275,2025-07-05,20:38:54.13,7,3,"Noriega, Branden",804447,Left,HAG_FLY,"Kaler, Kole",689179,Right,LI,Undefined,9,Top,2,1,1,Undefined,Sinker,StrikeCalled,Undefined,Undefined,Undefined,0,0,,90.45,-2.027517,1.730246,2143.909852,139.959211,10:45,5.81991,-1.06361,6.13415,-17.13717,16.99647,-13.29158,2.51627,-0.57159,82.03675,-5.306951,-0.666038,0.420497,,,,,,,,,,,,7.35634,9.73032,0.93808,50,5.65612,-3.40131,-131.22617,-5.1278,12.71375,30.06801,-15.35736,HAG_FLY,LI,HagerstownBallpark,Independent,ATL,20250705-HagerstownBallpark-1,92867d80-5a01-11f0-8072-0db8199850ee,89.6379,,,8.41324,,,,,,,ef6d4089-19c2-413e-a4a5-bd99adb12924,2025-07-06,00:38:54.13,2025-07-05T20:38:54.1335040-04:00,2025-07-06T00:38:54.1335040Z,,v3,6089,1896,,"Black, Mark",691773,Right,HAG_FLY,d88bc69e-3c74-462f-bd12-eb11dcf0b716,54.36191,-132.22184,15.03401,5.8175,-4.61926,-7.67868,1.05768,-3.82231,6.35687,,,,,,,,,,,,,,,,,,,,,,,,,,,,,,,,,,,,,,,,,,,,,,,,,,,High,High,High,,,,,
276,2025-07-05,20:39:16.52,7,4,"Noriega, Branden",804447,Left,HAG_FLY,"Kaler, Kole",689179,Right,LI,Undefined,9,Top,2,1,2,Undefined,Sinker,InPlay,Undefined,LineDrive,Single,0,1,,93.11467,-2.360356,1.367306,2197.043726,130.877302,10:15,5.91455,-0.84786,6.20437,-16.64733,15.47099,-16.59914,2.34678,-0.96884,84.51067,-5.54018,-1.630338,0.407895,80.01164,18.95517,5.52842,1701.425226,109.02364,26.39419,14.62311,235.8712,235.8712,9.10454,2.785684,9.03918,9.06882,0.75337,50,5.72883,-2.52502,-135.14039,-6.05645,16.55664,32.07619,-15.56314,HAG_FLY,LI,HagerstownBallpark,Independent,ATL,20250705-HagerstownBallpark-1,9fd726b0-5a01-11f0-8072-0db8199850ee,92.4073,26.9615,,8.604,,,,1.15777,2.3371,0.97285,ef6d4089-19c2-413e-a4a5-bd99adb12924,2025-07-06,00:39:16.52,2025-07-05T20:39:16.5246976-04:00,2025-07-06T00:39:16.5246976Z,LineDrive,v3,6089,1896,,"Black, Mark",691773,Right,HAG_FLY,393d20b1-01cd-45ee-bb22-fd55d4e378c9,54.29354,-136.15567,16.0381,5.91274,-5.56384,-7.78157,0.84159,-3.04907,8.27832,210.517314,1.15782,110.46783,-15.61926,3.22342,-0.53332,0.01434,0.03,-0.00969,0.00106,2.33705,38.12156,-15.55662,0.74243,-0.19798,0.13714,-0.06581,0.01696,-0.00173,0.97287,10.69204,1.99696,-0.78708,0.21275,-0.02988,-0.00385,0.00243,-0.0003,,,,,,,,,,,,,,,,,,,,,,,High,High,High,High,High,,,
277,2025-07-05,20:39:57.50,8,1,"Noriega, Branden",804447,Left,HAG_FLY,"Roller, Chris",676896,Right,LI,Undefined,9,Top,2,0,0,Undefined,Sinker,FoulBallNotFieldable,Undefined,Undefined,Undefined,0,0,,89.15193,-1.738936,2.896914,2098.036118,135.564493,10:30,5.87368,-1.18248,6.55156,-20.83891,13.81414,-12.36111,2.54005,0.44603,80.80796,-5.719026,0.652937,0.423684,,,,,,,,,,,,7.43926,8.15469,0.98746,50,5.74453,-6.07791,-129.37102,-4.50525,12.46478,29.85013,-18.51055,HAG_FLY,LI,HagerstownBallpark,Independent,ATL,20250705-HagerstownBallpark-1,b842fb70-5a01-11f0-8072-0db8199850ee,88.96356,,,8.34397,,,,,,,ef6d4089-19c2-413e-a4a5-bd99adb12924,2025-07-06,00:39:57.50,2025-07-05T20:39:57.5076352-04:00,2025-07-06T00:39:57.5076352Z,,v3,6089,1896,,"Black, Mark",691773,Right,HAG_FLY,373c22a7-8d63-486e-821e-63165758e6bf,53.9466,-130.27845,14.92507,5.87294,-3.94254,-9.25527,1.17799,-6.45683,6.23239,,,,,,,,,,,,,,,,,,,,,,,,,,,,,,,,,,,,,,,,,,,,,,,,,,,High,High,High,,,,,
278,2025-07-05,20:40:20.84,8,2,"Noriega, Branden",804447,Left,HAG_FLY,"Roller, Chris",676896,Right,LI,Undefined,9,Top,2,0,1,Undefined,Changeup,BallCalled,Undefined,Undefined,Undefined,0,0,,79.1581,1.207825,1.135663,762.865905,85.239946,8:45,5.89924,-1.048,6.1233,-43.65388,1.21421,-4.78733,3.37834,-0.39697,71.493,-6.921587,0.272164,0.482103,,,,,,,,,,,,2.82417,0.75331,0.96346,50,5.9696,-2.09629,-114.83744,1.08541,3.70725,24.63854,-31.18518,HAG_FLY,LI,HagerstownBallpark,Independent,ATL,20250705-HagerstownBallpark-1,c63eb1b0-5a01-11f0-8072-0db8199850ee,78.18329,,,7.6651,,,,,,,ef6d4089-19c2-413e-a4a5-bd99adb12924,2025-07-06,00:40:20.84,2025-07-05T20:40:20.8489984-04:00,2025-07-06T00:40:20.8489984Z,,v3,6089,1896,,"Black, Mark",691773,Right,HAG_FLY,05fea0bb-5b48-415c-bce1-b92663ae913b,54.37199,-115.77166,12.31927,5.90602,2.26785,-15.59259,1.04561,-2.23686,1.85363,,,,,,,,,,,,,,,,,,,,,,,,,,,,,,,,,,,,,,,,,,,,,,,,,,,High,High,High,,,,,
279,2025-07-05,20:40:41.83,8,3,"Noriega, Branden",804447,Left,HAG_FLY,"Roller, Chris",676896,Right,LI,Undefined,9,Top,2,1,1,Undefined,Sinker,InPlay,Undefined,GroundBall,Out,1,0,,90.17705,-1.537285,3.228655,2184.446854,105.845004,9:30,5.78858,-1.13314,6.15867,-28.59517,5.70957,-16.02784,1.98289,0.51703,82.06768,-6.868526,0.338924,0.42155,97.85655,-4.657619,-40.051455,,,,,30.6954,27.52133,-37.223418,0.194722,9.34922,3.73087,0.89633,50,5.65701,-6.73433,-130.8089,-4.46138,16.06301,29.75601,-25.76397,HAG_FLY,LI,HagerstownBallpark,Independent,ATL,20250705-HagerstownBallpark-1,d2abb1a0-5a01-11f0-8072-0db8199850ee,89.41401,2.27176,,8.10937,,,,3.09756,2.27176,-0.62542,ef6d4089-19c2-413e-a4a5-bd99adb12924,2025-07-06,00:40:41.83,2025-07-05T20:40:41.8306560-04:00,2025-07-06T00:40:41.8306560Z,GroundBall,v3,6089,1896,,"Black, Mark",691773,Right,HAG_FLY,9d88c15b-1c67-4312-8236-db7c05d57226,54.34082,-131.79264,14.87801,5.79043,-3.60962,-12.88199,1.12774,-7.26538,8.03151,180,3.09388,109.61633,,,,,,,,2.27215,-11.66671,,,,,,,,-0.62233,-92.1469,,,,,,,,,,,,,,,,,,,,,,,,,,,,,,High,High,High,Low,Low,,,
280,2025-07-05,20:43:23.44,1,1,"Washington, Mark",675976,Right,LI,"Mayberry, Blake",811761,Right,HAG_FLY,Undefined,9,Bottom,0,0,0,Undefined,Four-Seam,BallCalled,Undefined,Undefined,Undefined,0,0,,94.81849,-1.149187,-1.782988,2313.264005,202.112368,12:45,6.49979,1.33312,6.91101,-14.25828,15.70788,5.9874,4.26441,0.20781,86.348,-3.924681,-0.687987,0.393992,,,,,,,,,,,,-3.66807,8.95615,-1.22274,50,6.42197,4.04986,-137.83446,-3.09842,-7.02935,31.73918,-15.01079,HAG_FLY,LI,HagerstownBallpark,Independent,ATL,20250705-HagerstownBallpark-1,32eb6f10-5a02-11f0-8072-0db8199850ee,95.66809,,,8.47049,,,,,,,ef6d4089-19c2-413e-a4a5-bd99adb12924,2025-07-06,00:43:23.44,2025-07-05T20:43:23.4404352-04:00,2025-07-06T00:43:23.4404352Z,,v3,6089,1896,,"O'Conner, Justin",592604,Right,LI,448f297d-aa65-46f6-a8ab-2225d1f1a74e,53.58467,-138.65745,15.86959,6.49726,-2.70919,-7.5054,-1.33011,4.23213,-3.51468,,,,,,,,,,,,,,,,,,,,,,,,,,,,,,,,,,,,,,,,,,,,,,,,,,,High,High,High,,,,,
281,2025-07-05,20:43:38.29,1,2,"Washington, Mark",675976,Right,LI,"Mayberry, Blake",811761,Right,HAG_FLY,Undefined,9,Bottom,0,1,0,Undefined,Slider,BallCalled,Undefined,Undefined,Undefined,0,0,,84.87441,0.823805,-0.148601,2559.938118,62.858245,8:00,6.581,1.50517,5.85553,-42.17849,-3.77083,-9.4317,3.83158,0.58113,78.63232,-6.902548,-1.842409,0.446047,,,,,,,,,,,,4.78878,-1.79591,-1.4876,50,6.62314,0.6971,-123.48664,0.30559,7.46455,22.40589,-34.97346,HAG_FLY,LI,HagerstownBallpark,Independent,ATL,20250705-HagerstownBallpark-1,3bc9a2f0-5a02-11f0-8072-0db8199850ee,84.50338,,,6.24209,,,,,,,ef6d4089-19c2-413e-a4a5-bd99adb12924,2025-07-06,00:43:38.29,2025-07-05T20:43:38.2923264-04:00,2025-07-06T00:43:38.2923264Z,,v3,6089,1896,,"O'Conner, Justin",592604,Right,LI,20512c84-6004-4be5-b666-df534e07f839,54.64522,-124.32662,11.20294,6.58711,1.61673,-17.48673,-1.50849,0.41726,3.73227,,,,,,,,,,,,,,,,,,,,,,,,,,,,,,,,,,,,,,,,,,,,,,,,,,,High,High,High,,,,,
282,2025-07-05,20:43:53.31,1,3,"Washington, Mark",675976,Right,LI,"Mayberry, Blake",811761,Right,HAG_FLY,Undefined,9,Bottom,0,2,0,Undefined,Sinker,BallCalled,Undefined,Undefined,Undefined,0,0,,96.22371,-3.731505,-3.331785,2295.957379,225.902735,1:30,6.35481,1.58627,6.72031,-15.78938,13.61485,13.06635,1.61779,-0.37358,88.00456,-6.750963,-0.95326,0.39028,,,,,,,,,,,,-7.84087,8.53847,-1.3704,50,6.10106,7.59299,-139.48876,-9.54587,-15.42862,31.74947,-15.37269,HAG_FLY,LI,HagerstownBallpark,Independent,ATL,20250705-HagerstownBallpark-1,44cdae50-5a02-11f0-8072-0db8199850ee,96.57795,,,8.21915,,,,,,,ef6d4089-19c2-413e-a4a5-bd99adb12924,2025-07-06,00:43:53.31,2025-07-05T20:43:53.3101056-04:00,2025-07-06T00:43:53.3101056Z,,v3,6089,1896,,"O'Conner, Justin",592604,Right,LI,25f5a6f3-462b-4bb3-931d-c71497118e11,53.77813,-140.34607,15.87473,6.35322,-9.13076,-7.68634,-1.58105,8.0096,-7.71431,,,,,,,,,,,,,,,,,,,,,,,,,,,,,,,,,,,,,,,,,,,,,,,,,,,High,High,High,,,,,
283,2025-07-05,20:44:09.91,1,4,"Washington, Mark",675976,Right,LI,"Mayberry, Blake",811761,Right,HAG_FLY,Undefined,9,Bottom,0,3,0,Undefined,Sinker,StrikeCalled,Undefined,Undefined,Undefined,0,0,,95.44734,-1.735451,-2.119086,2298.999179,231.765695,1:45,6.40663,1.48254,6.68868,-18.23761,11.59654,13.49091,3.29809,0.66786,87.0594,-5.21568,0.338712,0.393123,,,,,,,,,,,,-7.68776,6.90949,-1.34579,50,6.28347,4.57601,-138.68157,-4.73019,-14.91957,32.02604,-18.76484,HAG_FLY,LI,HagerstownBallpark,Independent,ATL,20250705-HagerstownBallpark-1,4ebc8ee0-5a02-11f0-8072-0db8199850ee,95.87953,,,8.38794,,,,,,,ef6d4089-19c2-413e-a4a5-bd99adb12924,2025-07-06,00:44:09.91,2025-07-05T20:44:09.9186688-04:00,2025-07-06T00:44:09.9186688Z,,v3,6089,1896,,"O'Conner, Justin",592604,Right,LI,729195c2-5c6f-4458-8f19-5cef4e684b3a,53.80863,-139.55833,16.01302,6.40594,-4.21647,-9.38242,-1.47666,4.98445,-7.45978,,,,,,,,,,,,,,,,,,,,,,,,,,,,,,,,,,,,,,,,,,,,,,,,,,,High,High,High,,,,,
284,2025-07-05,20:44:25.02,1,5,"Washington, Mark",675976,Right,LI,"Mayberry, Blake",811761,Right,HAG_FLY,Undefined,9,Bottom,0,3,1,Undefined,Sinker,StrikeCalled,Undefined,Undefined,Undefined,0,0,,95.68099,-1.648826,-2.537716,2339.461804,228.182018,1:30,6.3251,1.41935,6.86674,-15.89158,13.64981,14.16745,3.49609,0.28545,87.069,-4.717268,0.050572,0.391189,,,,,,,,,,,,-8.21359,8.01453,-1.26203,50,6.21411,5.58746,-139.00497,-4.41601,-15.98747,32.6642,-16.57401,HAG_FLY,LI,HagerstownBallpark,Independent,ATL,20250705-HagerstownBallpark-1,57b94740-5a02-11f0-8072-0db8199850ee,96.35348,,,8.61199,,,,,,,ef6d4089-19c2-413e-a4a5-bd99adb12924,2025-07-06,00:44:25.02,2025-07-05T20:44:25.0250240-04:00,2025-07-06T00:44:25.0250240Z,,v3,6089,1896,,"O'Conner, Justin",592604,Right,LI,f14e4274-c1e8-4040-8d1a-366a812d2ec2,53.63027,-139.85543,16.3321,6.32346,-3.98448,-8.28701,-1.41293,6.00371,-7.99374,,,,,,,,,,,,,,,,,,,,,,,,,,,,,,,,,,,,,,,,,,,,,,,,,,,High,High,High,,,,,
285,2025-07-05,20:44:51.35,1,6,"Washington, Mark",675976,Right,LI,"Mayberry, Blake",811761,Right,HAG_FLY,Undefined,9,Bottom,0,3,2,Undefined,Sinker,FoulBallNotFieldable,Undefined,Undefined,Undefined,0,0,,96.84335,-3.318645,-2.309583,2233.659288,229.184175,1:45,6.28161,1.49449,6.77064,-15.65895,13.32072,14.31607,1.94048,0.57741,88.34511,-6.321761,0.302529,0.387452,,,,,,,,,,,,-8.26166,8.31248,-1.34865,50,6.05863,5.0926,-140.5566,-8.58383,-16.45101,33.23786,-15.62177,HAG_FLY,LI,HagerstownBallpark,Independent,ATL,20250705-HagerstownBallpark-1,676d82f0-5a02-11f0-8072-0db8199850ee,97.28278,,,8.49824,,,,,,,ef6d4089-19c2-413e-a4a5-bd99adb12924,2025-07-06,00:44:51.35,2025-07-05T20:44:51.3514496-04:00,2025-07-06T00:44:51.3514496Z,,v3,6089,1896,,"O'Conner, Justin",592604,Right,LI,528e0b3d-c1a1-4052-b65e-52f78a54c642,53.72786,-141.43539,16.61893,6.28012,-8.17079,-7.81089,-1.48905,5.52755,-8.22551,,,,,,,,,,,,,,,,,,,,,,,,,,,,,,,,,,,,,,,,,,,,,,,,,,,High,High,High,,,,,
286,2025-07-05,20:45:18.63,1,7,"Washington, Mark",675976,Right,LI,"Mayberry, Blake",811761,Right,HAG_FLY,Undefined,9,Bottom,0,3,2,Undefined,Four-Seam,InPlay,Undefined,GroundBall,Single,0,0,,95.38074,-3.709294,-2.292124,2306.211031,186.222215,12:15,6.39119,1.09738,6.73387,-12.49579,17.49552,1.79768,1.95297,-0.84841,86.88535,-6.140461,-1.964685,0.394157,71.35933,-0.679182,-0.846258,949.30498,,,,29.98735,29.33615,0.482322,0.282731,-1.63264,10.668,-0.94704,50,6.14127,5.46585,-138.33149,-9.26819,-3.14406,32.63398,-11.63031,HAG_FLY,LI,HagerstownBallpark,Independent,ATL,20250705-HagerstownBallpark-1,77aff4e0-5a02-11f0-8072-0db8199850ee,95.62801,1.93202,,8.49539,,,,1.31165,1.93202,0.86574,ef6d4089-19c2-413e-a4a5-bd99adb12924,2025-07-06,00:45:18.63,2025-07-05T20:45:18.6326016-04:00,2025-07-06T00:45:18.6326016Z,GroundBall,v3,6089,1896,,"O'Conner, Justin",592604,Right,LI,bdedc7b1-8fb1-4535-ae89-cd28fc04b33c,53.76402,-139.21663,16.31699,6.38838,-8.95273,-5.81516,-1.09645,5.55113,-1.57203,29.695649,1.31265,104.59428,-11.25056,,,,,,,1.93401,-1.33371,-19.50123,,,,,,,0.86623,-1.56852,-2.13669,,,,,,,,,,,,,,,,,,,,,,,,,,,,,High,High,High,High,High,,,
287,2025-07-05,20:46:02.30,2,1,"Washington, Mark",675976,Right,LI,"Arbolida, Cary",812364,Right,HAG_FLY,Undefined,9,Bottom,0,0,0,Undefined,Four-Seam,BallinDirt,Undefined,Undefined,Undefined,0,0,,96.46478,-4.670721,-3.467362,2349.574847,223.920748,1:30,6.33264,1.34127,6.57721,-14.91442,14.6082,13.12887,0.79166,-0.7464,88.18177,-7.519027,-1.084437,0.391065,,,,,,,,,,,,-7.84685,9.28792,-1.10806,50,6.00451,7.90742,-139.59635,-11.83604,-15.45825,31.91248,-13.87689,HAG_FLY,LI,HagerstownBallpark,Independent,ATL,20250705-HagerstownBallpark-1,91b57c70-5a02-11f0-8072-0db8199850ee,96.3841,,,8.28301,,,,,,,ef6d4089-19c2-413e-a4a5-bd99adb12924,2025-07-06,00:46:02.30,2025-07-05T20:46:02.3085056-04:00,2025-07-06T00:46:02.3085056Z,,v3,6089,1896,,"O'Conner, Justin",592604,Right,LI,06a9f670-39b9-45b1-b303-eef0eae83ecb,53.9204,-140.48971,15.95624,6.33041,-11.44757,-6.93845,-1.33548,8.34016,-7.72912,,,,,,,,,,,,,,,,,,,,,,,,,,,,,,,,,,,,,,,,,,,,,,,,,,,High,High,High,,,,,
288,2025-07-05,20:46:31.36,2,2,"Washington, Mark",675976,Right,LI,"Arbolida, Cary",812364,Right,HAG_FLY,Undefined,9,Bottom,0,1,0,Undefined,Sinker,BallCalled,Undefined,Undefined,Undefined,0,0,,96.02534,-2.605518,-1.816149,2343.841988,236.361199,2:00,6.3221,1.40598,6.71386,-20.57076,9.12386,12.16288,2.22327,0.75882,87.10374,-6.512343,0.402417,0.392202,,,,,,,,,,,,-6.96292,5.9424,-1.28976,50,6.14142,3.91719,-139.37916,-6.96549,-13.53665,34.75061,-20.62135,HAG_FLY,LI,HagerstownBallpark,Independent,ATL,20250705-HagerstownBallpark-1,a3089b10-5a02-11f0-8072-0db8199850ee,96.10454,,,8.9216,,,,,,,ef6d4089-19c2-413e-a4a5-bd99adb12924,2025-07-06,00:46:31.36,2025-07-05T20:46:31.3623040-04:00,2025-07-06T00:46:31.3623040Z,,v3,6089,1896,,"O'Conner, Justin",592604,Right,LI,7f152807-b0e1-4ba5-a1be-82d32e169ad3,53.78273,-140.31911,17.37531,6.32228,-6.4077,-10.31068,-1.40067,4.28334,-6.76832,,,,,,,,,,,,,,,,,,,,,,,,,,,,,,,,,,,,,,,,,,,,,,,,,,,High,High,High,,,,,
289,2025-07-05,20:46:50.24,2,3,"Washington, Mark",675976,Right,LI,"Arbolida, Cary",812364,Right,HAG_FLY,Undefined,9,Bottom,0,2,0,Undefined,Four-Seam,BallCalled,Undefined,Undefined,Undefined,0,0,,93.7753,-1.090117,-1.236676,2337.167352,179.176014,12:00,6.31189,1.36448,6.93924,-16.58347,14.14568,-0.18858,3.93737,0.22299,85.09178,-4.302115,-1.271193,0.398976,,,,,,,,,,,,-0.27638,8.16256,-1.28744,50,6.23783,2.94997,-136.30818,-3.00461,-0.51527,32.47724,-16.95502,HAG_FLY,LI,HagerstownBallpark,Independent,ATL,20250705-HagerstownBallpark-1,ae513f40-5a02-11f0-8072-0db8199850ee,94.47297,,,8.68351,,,,,,,ef6d4089-19c2-413e-a4a5-bd99adb12924,2025-07-06,00:46:50.24,2025-07-05T20:46:50.2488576-04:00,2025-07-06T00:46:50.2488576Z,,v3,6089,1896,,"O'Conner, Justin",592604,Right,LI,ec9eb41c-7348-4691-8543-09598350d940,53.55618,-137.15287,16.23862,6.31024,-2.56364,-8.47751,-1.36434,2.96337,-0.25763,,,,,,,,,,,,,,,,,,,,,,,,,,,,,,,,,,,,,,,,,,,,,,,,,,,High,High,High,,,,,
290,2025-07-05,20:47:07.47,2,4,"Washington, Mark",675976,Right,LI,"Arbolida, Cary",812364,Right,HAG_FLY,Undefined,9,Bottom,0,3,0,Undefined,Sinker,StrikeCalled,Undefined,Undefined,Undefined,0,0,,95.28306,-2.405935,-2.929714,2295.740274,229.861603,1:45,6.2318,1.35783,6.98136,-18.33399,11.55296,12.45969,2.51174,-0.27062,86.2987,-5.931964,-0.648912,0.39347,,,,,,,,,,,,-7.50874,7.22107,-1.18053,50,6.07712,6.57915,-138.26168,-6.30463,-14.36335,34.22171,-18.36101,HAG_FLY,LI,HagerstownBallpark,Independent,ATL,20250705-HagerstownBallpark-1,b88984e0-5a02-11f0-8072-0db8199850ee,95.79484,,,8.98436,,,,,,,ef6d4089-19c2-413e-a4a5-bd99adb12924,2025-07-06,00:47:07.47,2025-07-05T20:47:07.4704896-04:00,2025-07-06T00:47:07.4704896Z,,v3,6089,1896,,"O'Conner, Justin",592604,Right,LI,8dbce47d-82dc-4114-96d9-987bf04e1e25,53.51467,-139.12889,17.11086,6.23099,-5.83935,-9.18051,-1.35186,6.94313,-7.18168,,,,,,,,,,,,,,,,,,,,,,,,,,,,,,,,,,,,,,,,,,,,,,,,,,,High,High,High,,,,,
291,2025-07-05,20:47:27.37,2,5,"Washington, Mark",675976,Right,LI,"Arbolida, Cary",812364,Right,HAG_FLY,Undefined,9,Bottom,0,3,1,Undefined,Four-Seam,FoulBallNotFieldable,Undefined,Undefined,Undefined,0,0,,95.32632,-2.051678,-2.233669,2295.31389,229.237305,1:45,6.242,1.4524,6.79715,-17.87678,12.09642,12.83953,2.87755,0.48273,86.47609,-5.482346,0.110094,0.394038,52.81591,53.785862,61.475136,5280.004357,,,,113.38121,75.70005,71.913518,3.831102,-7.48237,7.34504,-1.31185,50,6.10216,4.88538,-138.43278,-5.45653,-14.3724,33.82892,-18.06542,HAG_FLY,LI,HagerstownBallpark,Independent,ATL,20250705-HagerstownBallpark-1,c4682780-5a02-11f0-8072-0db8199850ee,95.65689,57.80491,,8.85023,,,,1.00343,2.90638,-0.47249,ef6d4089-19c2-413e-a4a5-bd99adb12924,2025-07-06,00:47:27.37,2025-07-05T20:47:27.3758720-04:00,2025-07-06T00:47:27.3758720Z,Popup,v3,6089,1896,,"O'Conner, Justin",592604,Right,LI,f61b1abf-4add-4088-b677-8402769a6de4,53.70019,-139.33406,16.91446,6.24112,-4.97522,-9.03271,-1.44711,5.26829,-7.1862,209.796275,1.01152,21.6402,-5.6844,-0.31224,1.60462,-0.93964,0.22787,-0.01957,-3E-05,2.90158,62.65495,-20.87204,3.86488,-2.99163,1.75717,-0.58873,0.10067,-0.00684,-0.48187,40.49284,-5.18252,3.81166,-3.97042,2.36064,-0.77182,0.12834,-0.00845,,,,,,,,,,,,,,,,,,,,,,,High,High,High,High,Medium,,,
292,2025-07-05,20:47:55.88,2,6,"Washington, Mark",675976,Right,LI,"Arbolida, Cary",812364,Right,HAG_FLY,Undefined,9,Bottom,0,3,2,Undefined,Slider,BallCalled,Walk,Undefined,Undefined,0,0,,85.31675,0.340118,-0.88497,2514.431123,96.890911,9:15,6.38445,1.32099,6.06572,-35.59281,2.26154,-9.6606,3.73318,-0.3031,78.71777,-6.237962,-2.625236,0.442822,,,,,,,,,,,,4.74303,1.43059,-1.2474,50,6.39187,2.29657,-124.08528,-0.43874,7.43721,23.50133,-29.93084,HAG_FLY,LI,HagerstownBallpark,Independent,ATL,20250705-HagerstownBallpark-1,d5555860-5a02-11f0-8072-0db8199850ee,85.11869,,,6.59898,,,,,,,ef6d4089-19c2-413e-a4a5-bd99adb12924,2025-07-06,00:47:55.88,2025-07-05T20:47:55.8878720-04:00,2025-07-06T00:47:55.8878720Z,,v3,6089,1896,,"O'Conner, Justin",592604,Right,LI,036e3557-d4de-401d-a3cb-eb045bfa34d5,54.43333,-124.92212,11.75067,6.38852,0.62703,-14.96542,-1.32446,2.03175,3.7186,,,,,,,,,,,,,,,,,,,,,,,,,,,,,,,,,,,,,,,,,,,,,,,,,,,High,High,High,,,,,
293,2025-07-05,20:48:34.38,3,1,"Washington, Mark",675976,Right,LI,"DeLuca, Joe",700593,Left,HAG_FLY,Undefined,9,Bottom,0,0,0,Undefined,Changeup,StrikeSwinging,Undefined,Undefined,Undefined,0,0,,87.45104,-1.63169,-2.877035,1710.148325,225.991569,1:30,6.23044,1.6377,6.16377,-26.22446,10.278,9.34567,2.53553,-0.24331,79.4956,-6.551521,-1.192417,0.434843,,,,,,,,,,,,-5.69343,6.18544,-1.42407,50,6.09329,5.99565,-126.81413,-4.43132,-9.19171,28.01594,-22.188,HAG_FLY,LI,HagerstownBallpark,Independent,ATL,20250705-HagerstownBallpark-1,ec5ba9b0-5a02-11f0-8072-0db8199850ee,86.68057,,,7.95544,,,,,,,ef6d4089-19c2-413e-a4a5-bd99adb12924,2025-07-06,00:48:34.38,2025-07-05T20:48:34.3856128-04:00,2025-07-06T00:48:34.3856128Z,,v3,6089,1896,,"O'Conner, Justin",592604,Right,LI,867ccb33-8418-40b5-885e-8a3335516c1c,54.3326,-127.76771,14.00797,6.23126,-3.67611,-11.094,-1.63347,6.3085,-4.59586,,,,,,,,,,,,,,,,,,,,,,,,,,,,,,,,,,,,,,,,,,,,,,,,,,,High,High,High,,,,,
294,2025-07-05,20:48:57.67,3,2,"Washington, Mark",675976,Right,LI,"DeLuca, Joe",700593,Left,HAG_FLY,Undefined,9,Bottom,0,0,1,Undefined,Slider,BallCalled,Undefined,Undefined,Undefined,0,0,,84.72419,-2.369507,-1.148691,2551.919668,53.485292,7:45,6.24827,1.39081,6.13417,-44.05857,-5.5015,-8.99119,0.38505,-0.42026,78.48927,-10.415307,-2.775752,0.446913,,,,,,,,,,,,4.3863,-1.93028,-1.29838,50,6.04421,2.80153,-123.122,-6.54099,6.72388,24.75462,-35.133,HAG_FLY,LI,HagerstownBallpark,Independent,ATL,20250705-HagerstownBallpark-1,fa41b510-5a02-11f0-8072-0db8199850ee,84.33949,,,6.23493,,,,,,,ef6d4089-19c2-413e-a4a5-bd99adb12924,2025-07-06,00:48:57.67,2025-07-05T20:48:57.6766464-04:00,2025-07-06T00:48:57.6766464Z,,v3,6089,1896,,"O'Conner, Justin",592604,Right,LI,a40a7c7d-69f6-4ac1-b589-fc3b51887bbc,54.36732,-123.99697,12.37731,6.25346,-5.29918,-17.5665,-1.3932,2.56387,3.36194,,,,,,,,,,,,,,,,,,,,,,,,,,,,,,,,,,,,,,,,,,,,,,,,,,,High,High,High,,,,,
295,2025-07-05,20:49:21.07,3,3,"Washington, Mark",675976,Right,LI,"DeLuca, Joe",700593,Left,HAG_FLY,Undefined,9,Bottom,0,1,1,Undefined,Four-Seam,InPlay,Undefined,GroundBall,Out,2,0,,93.43049,-3.769962,-2.187802,2332.396276,207.126645,1:00,6.23223,1.42503,7.14236,-14.59166,16.02776,7.70658,1.59082,0.08273,85.54987,-6.597568,-0.772061,0.398263,102.8439,-1.483551,-25.336148,2319.169434,,,,43.13871,38.99267,-27.667151,0.292267,-4.75327,9.97544,-1.29836,50,6.00537,4.9001,-135.64034,-9.26922,-8.84367,30.03641,-13.61431,HAG_FLY,LI,HagerstownBallpark,Independent,ATL,20250705-HagerstownBallpark-1,082e5020-5a03-11f0-8072-0db8199850ee,94.64213,1.7449,,7.88063,,,,0.2792,1.7449,-0.4113,ef6d4089-19c2-413e-a4a5-bd99adb12924,2025-07-06,00:49:21.07,2025-07-05T20:49:21.0706432-04:00,2025-07-06T00:49:21.0706432Z,GroundBall,v3,6089,1896,,"O'Conner, Justin",592604,Right,LI,38a6fc24-8760-4e4e-bdba-1136abe588cf,53.35564,-136.38139,15.01821,6.22992,-8.93333,-6.80716,-1.42194,5.11828,-4.42184,,0.28221,136.1468,-21.89547,,,,,,,1.74413,-3.87014,-7.16767,,,,,,,-0.40807,-64.67307,-8.47523,,,,,,,,,,,,,,,,,,,,,,,,,,,,,High,High,High,High,High,,,
296,2025-07-05,20:50:03.19,4,1,"Washington, Mark",675976,Right,LI,"Cannon, Bryce",1000048596,Left,HAG_FLY,Undefined,9,Bottom,2,0,0,Undefined,Sinker,BallinDirt,Undefined,Undefined,Undefined,0,0,,89.31471,-4.395508,-2.451748,1835.934363,222.09305,1:30,6.13932,1.84192,6.38909,-22.38167,12.56957,10.2265,0.21958,0.43766,81.15206,-8.608052,-0.598218,0.425503,,,,,,,,,,,,-6.15288,8.32032,-1.6703,50,5.81228,5.13898,-129.27443,-10.59977,-10.27764,30.19992,-18.27594,HAG_FLY,LI,HagerstownBallpark,Independent,ATL,20250705-HagerstownBallpark-1,21466a70-5a03-11f0-8072-0db8199850ee,88.58322,,,8.16264,,,,,,,ef6d4089-19c2-413e-a4a5-bd99adb12924,2025-07-06,00:50:03.19,2025-07-05T20:50:03.1908352-04:00,2025-07-06T00:50:03.1908352Z,,v3,6089,1896,,"O'Conner, Justin",592604,Right,LI,f1376d82-1c24-4b5a-914a-6114e97010c6,54.10876,-130.23074,15.09996,6.13877,-10.02105,-9.13797,-1.83818,5.46444,-5.13882,,,,,,,,,,,,,,,,,,,,,,,,,,,,,,,,,,,,,,,,,,,,,,,,,,,High,High,High,,,,,
297,2025-07-05,20:50:31.69,4,2,"Washington, Mark",675976,Right,LI,"Cannon, Bryce",1000048596,Left,HAG_FLY,Undefined,9,Bottom,2,1,0,Undefined,Four-Seam,BallCalled,Undefined,Undefined,Undefined,0,0,,92.08689,-1.465674,-0.949225,2291.968868,198.213037,12:30,6.37227,1.23646,6.81863,-16.47387,15.59564,4.76851,3.66185,0.76778,83.44126,-4.659892,-0.07812,0.407584,,,,,,,,,,,,-2.79788,9.02729,-1.17673,50,6.27135,2.0278,-133.79723,-3.82392,-5.019,31.6752,-15.98043,HAG_FLY,LI,HagerstownBallpark,Independent,ATL,20250705-HagerstownBallpark-1,324f60b0-5a03-11f0-8072-0db8199850ee,92.47764,,,8.64563,,,,,,,ef6d4089-19c2-413e-a4a5-bd99adb12924,2025-07-06,00:50:31.69,2025-07-05T20:50:31.6926976-04:00,2025-07-06T00:50:31.6926976Z,,v3,6089,1896,,"O'Conner, Justin",592604,Right,LI,b5915fa4-0d71-40c0-be89-7a6ac6c7f997,53.67631,-134.66474,15.8376,6.37008,-3.38625,-7.99022,-1.23415,2.16526,-2.5095,,,,,,,,,,,,,,,,,,,,,,,,,,,,,,,,,,,,,,,,,,,,,,,,,,,High,High,High,,,,,
298,2025-07-05,20:50:50.53,4,3,"Washington, Mark",675976,Right,LI,"Cannon, Bryce",1000048596,Left,HAG_FLY,Undefined,9,Bottom,2,2,0,Undefined,Four-Seam,StrikeCalled,Undefined,Undefined,Undefined,0,0,,94.56167,-3.549801,-1.423682,2378.544907,187.074112,12:15,6.33384,1.39034,6.91112,-12.87375,17.65363,2.05374,2.02316,0.2647,85.42684,-6.078,-1.047959,0.397664,,,,,,,,,,,,-1.54555,10.84359,-1.30157,50,6.10565,3.32697,-137.14181,-8.78147,-2.89937,34.57241,-11.83215,HAG_FLY,LI,HagerstownBallpark,Independent,ATL,20250705-HagerstownBallpark-1,3d7f4cc0-5a03-11f0-8072-0db8199850ee,94.78464,,,9.13483,,,,,,,ef6d4089-19c2-413e-a4a5-bd99adb12924,2025-07-06,00:50:50.53,2025-07-05T20:50:50.5371136-04:00,2025-07-06T00:50:50.5371136Z,,v3,6089,1896,,"O'Conner, Justin",592604,Right,LI,b7d6d994-47bc-419a-94cd-bd6b8e0fd7b9,53.58427,-138.04242,17.28621,6.33039,-8.47325,-5.91607,-1.38922,3.4025,-1.44969,,,,,,,,,,,,,,,,,,,,,,,,,,,,,,,,,,,,,,,,,,,,,,,,,,,High,High,High,,,,,
299,2025-07-05,20:51:09.23,4,4,"Washington, Mark",675976,Right,LI,"Cannon, Bryce",1000048596,Left,HAG_FLY,Undefined,9,Bottom,2,2,1,Undefined,Sinker,BallCalled,Undefined,Undefined,Undefined,0,0,,90.13413,-4.681735,-3.530503,2027.606335,225.301652,1:30,6.2118,1.65516,6.37309,-19.07989,15.31662,14.22686,0.29648,-0.41169,81.8066,-8.30247,-0.95736,0.422113,,,,,,,,,,,,-8.58532,9.83209,-1.40675,50,5.86385,7.48218,-130.29986,-11.22688,-14.58422,30.42037,-15.47187,HAG_FLY,LI,HagerstownBallpark,Independent,ATL,20250705-HagerstownBallpark-1,48a72280-5a03-11f0-8072-0db8199850ee,89.29468,,,8.32753,,,,,,,ef6d4089-19c2-413e-a4a5-bd99adb12924,2025-07-06,00:51:09.23,2025-07-05T20:51:09.2304384-04:00,2025-07-06T00:51:09.2304384Z,,v3,6089,1896,,"O'Conner, Justin",592604,Right,LI,43bedb16-c0b2-49be-bcdc-e4cd9418b8cd,54.12526,-131.25943,15.21018,6.21028,-10.73884,-7.73594,-1.65002,7.94222,-7.29211,,,,,,,,,,,,,,,,,,,,,,,,,,,,,,,,,,,,,,,,,,,,,,,,,,,High,High,High,,,,,
300,2025-07-05,20:51:32.00,4,5,"Washington, Mark",675976,Right,LI,"Cannon, Bryce",1000048596,Left,HAG_FLY,Undefined,9,Bottom,2,3,1,Undefined,Four-Seam,InPlay,Undefined,FlyBall,HomeRun,0,2,,94.29353,-2.583586,-2.850347,2391.233033,214.490687,1:15,6.20259,1.49052,6.70514,-15.01863,16.19725,10.29449,2.5844,-0.25975,84.36157,-5.5204,-0.976525,0.402123,101.73917,24.373108,20.210425,2745.228809,102.40197,48.04287,40.17171,377.68672,367.69585,23.794818,4.734916,-6.44729,9.80634,-1.30494,50,6.02478,6.38758,-136.62421,-6.53942,-11.88704,36.98932,-14.09379,HAG_FLY,LI,HagerstownBallpark,Independent,ATL,20250705-HagerstownBallpark-1,56398fa0-5a03-11f0-8072-0db8199850ee,93.73356,70.81757,,9.93196,,,,2.26669,2.78753,0.23496,ef6d4089-19c2-413e-a4a5-bd99adb12924,2025-07-06,00:51:32.00,2025-07-05T20:51:32.0052224-04:00,2025-07-06T00:51:32.0052224Z,FlyBall,v3,6089,1896,,"O'Conner, Justin",592604,Right,LI,a0d98a59-9ab0-4d41-bdbe-189a0d1d1468,53.79074,-137.64668,18.49466,6.20016,-6.14984,-7.04689,-1.48605,6.71616,-5.94352,198.489778,2.26634,127.55987,-27.22183,6.91552,-1.48457,0.27565,-0.04422,0.00516,-0.00028,2.79022,61.51363,-13.62695,-0.89001,0.71627,-0.28329,0.07025,-0.00927,0.00049,0.23514,46.95259,-4.89169,0.37577,0.02153,0.00158,-0.00471,0.00107,-8E-05,,,,,,,,,,,,,,,,,,,,,,,High,High,High,High,High,,,
301,2025-07-05,20:52:20.91,5,1,"Washington, Mark",675976,Right,LI,"Black, Mark",691773,Right,HAG_FLY,Undefined,9,Bottom,2,0,0,Undefined,Four-Seam,FoulBallNotFieldable,Undefined,Undefined,Undefined,0,0,,95.77113,-2.204788,-1.411002,2378.504635,218.781992,1:15,6.33129,1.44031,6.84349,-13.42418,16.19182,12.19505,3.20055,1.16967,86.85038,-4.826309,0.8176,0.391683,,,,,,,,,,,,-6.85918,9.54843,-1.3536,50,6.18478,2.93015,-139.12106,-5.66866,-13.31451,33.99661,-13.63935,HAG_FLY,LI,HagerstownBallpark,Independent,ATL,20250705-HagerstownBallpark-1,7365d2a0-5a03-11f0-8072-0db8199850ee,96.23201,,,8.92075,,,,,,,ef6d4089-19c2-413e-a4a5-bd99adb12924,2025-07-06,00:52:20.91,2025-07-05T20:52:20.9154048-04:00,2025-07-06T00:52:20.9154048Z,,v3,6089,1896,,"O'Conner, Justin",592604,Right,LI,8b40df42-ef51-4aa8-a8f3-845c439753bd,53.6528,-140.01083,16.99831,6.32847,-5.31168,-6.81967,-1.43485,3.27863,-6.65726,,,,,,,,,,,,,,,,,,,,,,,,,,,,,,,,,,,,,,,,,,,,,,,,,,,High,High,High,,,,,
302,2025-07-05,20:52:55.22,5,2,"Washington, Mark",675976,Right,LI,"Black, Mark",691773,Right,HAG_FLY,Undefined,9,Bottom,2,0,1,Undefined,Four-Seam,StrikeCalled,Undefined,Undefined,Undefined,0,0,,94.98209,-3.00475,-2.562097,2327.538948,217.078644,1:15,6.33766,1.19956,6.84767,-17.61832,12.69804,8.77619,2.12452,-0.40673,85.89672,-6.391909,-0.959128,0.396287,,,,,,,,,,,,-5.46555,8.01906,-1.03851,50,6.13882,5.81329,-137.74291,-7.70836,-10.34989,34.69245,-16.98867,HAG_FLY,LI,HagerstownBallpark,Independent,ATL,20250705-HagerstownBallpark-1,87d1a2f0-5a03-11f0-8072-0db8199850ee,95.11401,,,9.08537,,,,,,,ef6d4089-19c2-413e-a4a5-bd99adb12924,2025-07-06,00:52:55.22,2025-07-05T20:52:55.2248832-04:00,2025-07-06T00:52:55.2248832Z,,v3,6089,1896,,"O'Conner, Justin",592604,Right,LI,e4838ef3-0e4b-4e05-9020-3fc1357a1100,53.64851,-138.65879,17.34623,6.3364,-7.25986,-8.49434,-1.19559,6.08653,-5.17494,,,,,,,,,,,,,,,,,,,,,,,,,,,,,,,,,,,,,,,,,,,,,,,,,,,High,High,High,,,,,
303,2025-07-05,20:53:09.94,5,3,"Washington, Mark",675976,Right,LI,"Black, Mark",691773,Right,HAG_FLY,Undefined,9,Bottom,2,0,2,Undefined,Slider,BallCalled,Undefined,Undefined,Undefined,0,0,,85.70266,-1.929962,-0.986295,2531.133415,55.338474,7:45,6.32868,1.40308,6.10369,-40.49581,-2.56421,-5.48,1.16832,0.03423,78.67573,-9.369743,-1.976648,0.443274,,,,,,,,,,,,2.55004,-0.41008,-1.32444,50,6.15912,2.35531,-124.47029,-5.54725,3.97204,26.6436,-32.8128,HAG_FLY,LI,HagerstownBallpark,Independent,ATL,20250705-HagerstownBallpark-1,90a09490-5a03-11f0-8072-0db8199850ee,85.03201,,,7.02694,,,,,,,ef6d4089-19c2-413e-a4a5-bd99adb12924,2025-07-06,00:53:09.94,2025-07-05T20:53:09.9432960-04:00,2025-07-06T00:53:09.9432960Z,,v3,6089,1896,,"O'Conner, Justin",592604,Right,LI,00bf2908-5a6f-4d5a-b9fe-404852d69487,54.39548,-125.40764,13.3218,6.33397,-4.39286,-16.4064,-1.40484,2.21556,1.98602,,,,,,,,,,,,,,,,,,,,,,,,,,,,,,,,,,,,,,,,,,,,,,,,,,,High,High,High,,,,,
304,2025-07-05,20:53:24.92,5,4,"Washington, Mark",675976,Right,LI,"Black, Mark",691773,Right,HAG_FLY,Undefined,9,Bottom,2,1,2,Undefined,Slider,BallCalled,Undefined,Undefined,Undefined,0,0,,82.95933,-0.500899,0.720797,2591.559541,60.507596,8:00,6.31306,1.36749,6.07601,-44.82022,-4.66658,-10.37497,2.11453,1.16986,76.61745,-8.731384,-1.153041,0.456073,,,,,,,,,,,,5.56394,-1.91449,-1.41777,50,6.25055,-1.12609,-120.66343,-2.5273,8.21312,23.20731,-35.00009,HAG_FLY,LI,HagerstownBallpark,Independent,ATL,20250705-HagerstownBallpark-1,9985f460-5a03-11f0-8072-0db8199850ee,82.64571,,,6.34188,,,,,,,ef6d4089-19c2-413e-a4a5-bd99adb12924,2025-07-06,00:53:24.92,2025-07-05T20:53:24.9263616-04:00,2025-07-06T00:53:24.9263616Z,,v3,6089,1896,,"O'Conner, Justin",592604,Right,LI,cd9ed38c-10b9-4fec-b436-2a390ab34973,54.42459,-121.51144,11.60366,6.31954,-1.24839,-17.50005,-1.37114,-1.4262,4.10656,,,,,,,,,,,,,,,,,,,,,,,,,,,,,,,,,,,,,,,,,,,,,,,,,,,High,High,High,,,,,
305,2025-07-05,20:53:40.94,5,5,"Washington, Mark",675976,Right,LI,"Black, Mark",691773,Right,HAG_FLY,Undefined,9,Bottom,2,2,2,Undefined,Four-Seam,FoulBallNotFieldable,Undefined,Undefined,Undefined,0,0,,94.92885,-2.795866,-1.532321,2298.754812,210.863388,1:00,6.25268,1.34197,6.93119,-15.48387,14.54552,8.08437,2.41428,0.62042,86.30297,-5.790916,-0.052308,0.394407,,,,,,,,,,,,-4.76764,8.89878,-1.24867,50,6.07229,3.37419,-137.87441,-7.11976,-9.09949,33.08203,-15.18983,HAG_FLY,LI,HagerstownBallpark,Independent,ATL,20250705-HagerstownBallpark-1,a31269a0-5a03-11f0-8072-0db8199850ee,95.56737,,,8.62588,,,,,,,ef6d4089-19c2-413e-a4a5-bd99adb12924,2025-07-06,00:53:40.94,2025-07-05T20:53:40.9496064-04:00,2025-07-06T00:53:40.9496064Z,,v3,6089,1896,,"O'Conner, Justin",592604,Right,LI,04defcb2-cb6f-49bf-8c2d-480ea18727ae,53.56603,-138.72742,16.54102,6.25082,-6.7281,-7.59491,-1.33869,3.60882,-4.54974,,,,,,,,,,,,,,,,,,,,,,,,,,,,,,,,,,,,,,,,,,,,,,,,,,,High,High,High,,,,,
306,2025-07-05,20:54:01.37,5,6,"Washington, Mark",675976,Right,LI,"Black, Mark",691773,Right,HAG_FLY,Undefined,9,Bottom,2,2,2,Undefined,Slider,BallCalled,Undefined,Undefined,Undefined,0,0,,83.73996,-1.232015,0.213505,2504.358467,48.44543,7:30,6.35416,1.2732,6.14611,-43.54884,-4.20248,-6.07642,1.58649,0.96412,77.37689,-9.229386,-0.8859,0.451465,,,,,,,,,,,,3.22043,-1.50866,-1.28633,50,6.23792,-0.22658,-121.7825,-4.03809,4.83766,23.85947,-34.44033,HAG_FLY,LI,HagerstownBallpark,Independent,ATL,20250705-HagerstownBallpark-1,af4769a0-5a03-11f0-8072-0db8199850ee,83.48924,,,6.36307,,,,,,,ef6d4089-19c2-413e-a4a5-bd99adb12924,2025-07-06,00:54:01.37,2025-07-05T20:54:01.3735936-04:00,2025-07-06T00:54:01.3735936Z,,v3,6089,1896,,"O'Conner, Justin",592604,Right,LI,2569beeb-cb26-4587-b8b2-ffaec36d414f,54.35436,-122.63263,11.92973,6.35994,-2.81095,-17.22016,-1.27518,-0.39895,2.41883,,,,,,,,,,,,,,,,,,,,,,,,,,,,,,,,,,,,,,,,,,,,,,,,,,,High,High,High,,,,,
307,2025-07-05,20:54:19.04,5,7,"Washington, Mark",675976,Right,LI,"Black, Mark",691773,Right,HAG_FLY,Undefined,9,Bottom,2,3,2,Undefined,Four-Seam,BallCalled,Walk,Undefined,Undefined,0,0,,93.56383,-2.336527,-0.061854,2382.962753,187.556332,12:15,6.30206,1.27959,6.81362,-15.2458,15.55902,1.93469,2.89859,1.38438,85.61153,-5.276333,0.291639,0.399467,,,,,,,,,,,,-1.03626,9.18851,-1.27618,50,6.14523,0.07026,-136.01352,-5.92684,-1.94014,29.98587,-14.97092,HAG_FLY,LI,HagerstownBallpark,Independent,ATL,20250705-HagerstownBallpark-1,b9cd3300-5a03-11f0-8072-0db8199850ee,94.35685,,,7.95229,,,,,,,ef6d4089-19c2-413e-a4a5-bd99adb12924,2025-07-06,00:54:19.04,2025-07-05T20:54:19.0436352-04:00,2025-07-06T00:54:19.0436352Z,,v3,6089,1896,,"O'Conner, Justin",592604,Right,LI,8efc4fb6-7120-4ad1-9ce7-289ebb30b4ba,53.68284,-136.82304,14.99294,6.29978,-5.52268,-7.48546,-1.27878,0.12264,-0.97007,,,,,,,,,,,,,,,,,,,,,,,,,,,,,,,,,,,,,,,,,,,,,,,,,,,High,High,High,,,,,
308,2025-07-05,20:54:50.47,6,1,"Washington, Mark",675976,Right,LI,"Acal, Justin",811257,Right,HAG_FLY,Undefined,9,Bottom,2,0,0,Undefined,Four-Seam,StrikeSwinging,Undefined,Undefined,Undefined,0,0,,93.32444,-1.970032,-2.097482,2187.612944,204.733824,12:45,6.30062,1.31945,7.11888,-14.1293,16.60548,7.1843,3.33436,0.01476,84.99711,-4.733804,-0.778558,0.399012,,,,,,,,,,,,-4.44752,9.77477,-1.197,50,6.17893,4.69794,-135.64241,-4.9693,-8.24398,31.07769,-14.05547,HAG_FLY,LI,HagerstownBallpark,Independent,ATL,20250705-HagerstownBallpark-1,cc87f7f0-5a03-11f0-8072-0db8199850ee,94.46431,,,8.32733,,,,,,,ef6d4089-19c2-413e-a4a5-bd99adb12924,2025-07-06,00:54:50.47,2025-07-05T20:54:50.4771584-04:00,2025-07-06T00:54:50.4771584Z,,v3,6089,1896,,"O'Conner, Justin",592604,Right,LI,d4069c9b-a28e-42ef-8ab0-35467147d134,53.37783,-136.41412,15.53885,6.29799,-4.62028,-7.02774,-1.3162,4.90265,-4.12199,,,,,,,,,,,,,,,,,,,,,,,,,,,,,,,,,,,,,,,,,,,,,,,,,,,High,High,High,,,,,
309,2025-07-05,20:55:04.98,6,2,"Washington, Mark",675976,Right,LI,"Acal, Justin",811257,Right,HAG_FLY,Undefined,9,Bottom,2,0,1,Undefined,Slider,BallCalled,Undefined,Undefined,Undefined,0,0,,83.73432,-1.395941,-0.432224,2562.413295,49.211385,7:45,6.19894,1.40654,6.1261,-43.72786,-4.44327,-6.47713,1.26428,0.46723,77.62504,-9.40971,-1.603696,0.45111,,,,,,,,,,,,3.25638,-1.61847,-1.37011,50,6.06933,1.15982,-121.79608,-4.39561,4.9062,23.24676,-34.61249,HAG_FLY,LI,HagerstownBallpark,Independent,ATL,20250705-HagerstownBallpark-1,d52f8b70-5a03-11f0-8072-0db8199850ee,83.55483,,,6.10928,,,,,,,ef6d4089-19c2-413e-a4a5-bd99adb12924,2025-07-06,00:55:04.98,2025-07-05T20:55:04.9819648-04:00,2025-07-06T00:55:04.9819648Z,,v3,6089,1896,,"O'Conner, Justin",592604,Right,LI,aa55c0d8-6c9e-4f74-ac46-2922813debea,54.37489,-122.62825,11.62338,6.20451,-3.15657,-17.30625,-1.40849,0.98419,2.4531,,,,,,,,,,,,,,,,,,,,,,,,,,,,,,,,,,,,,,,,,,,,,,,,,,,High,High,High,,,,,
310,2025-07-05,20:55:22.37,6,3,"Washington, Mark",675976,Right,LI,"Acal, Justin",811257,Right,HAG_FLY,Undefined,9,Bottom,2,1,1,Undefined,Four-Seam,BallCalled,Undefined,Undefined,Undefined,0,0,,94.40058,-0.549741,-1.782947,2254.416538,212.58133,1:00,6.22408,1.44696,6.84328,-14.3215,16.30914,9.72394,4.52907,0.63096,85.00542,-3.360074,-0.006829,0.398336,,,,,,,,,,,,-5.66134,9.10524,-1.33549,50,6.18302,3.86502,-137.09402,-1.63873,-10.61175,34.5788,-15.10696,HAG_FLY,LI,HagerstownBallpark,Independent,ATL,20250705-HagerstownBallpark-1,df6cb310-5a03-11f0-8072-0db8199850ee,94.62475,,,9.39517,,,,,,,ef6d4089-19c2-413e-a4a5-bd99adb12924,2025-07-06,00:55:22.37,2025-07-05T20:55:22.3717376-04:00,2025-07-06T00:55:22.3717376Z,,v3,6089,1896,,"O'Conner, Justin",592604,Right,LI,1b3251a4-20b8-4406-868a-6ff87838a5b6,53.65059,-138.01173,17.2894,6.22119,-1.2378,-7.55348,-1.4418,4.14665,-5.30588,,,,,,,,,,,,,,,,,,,,,,,,,,,,,,,,,,,,,,,,,,,,,,,,,,,High,High,High,,,,,
311,2025-07-05,20:55:42.27,6,4,"Washington, Mark",675976,Right,LI,"Acal, Justin",811257,Right,HAG_FLY,Undefined,9,Bottom,2,2,1,Undefined,Slider,StrikeCalled,Undefined,Undefined,Undefined,0,0,,82.52891,-0.646022,-0.296893,2535.849795,50.756356,7:45,6.2408,1.49589,6.09255,-44.66825,-4.12744,-6.53197,1.92087,0.67694,76.27544,-8.848805,-1.477005,0.458266,,,,,,,,,,,,3.30221,-1.60134,-1.4696,50,6.1675,0.86618,-120.03871,-2.80472,4.82519,22.92117,-34.51393,HAG_FLY,LI,HagerstownBallpark,Independent,ATL,20250705-HagerstownBallpark-1,eb6d0e80-5a03-11f0-8072-0db8199850ee,82.25012,,,6.25347,,,,,,,ef6d4089-19c2-413e-a4a5-bd99adb12924,2025-07-06,00:55:42.27,2025-07-05T20:55:42.2726144-04:00,2025-07-06T00:55:42.2726144Z,,v3,6089,1896,,"O'Conner, Justin",592604,Right,LI,31eee81f-1a98-45c3-9d74-a50bf928c041,54.40777,-120.87744,11.46058,6.24702,-1.54179,-17.25697,-1.49807,0.68962,2.4126,,,,,,,,,,,,,,,,,,,,,,,,,,,,,,,,,,,,,,,,,,,,,,,,,,,High,High,High,,,,,
312,2025-07-05,20:56:00.14,6,5,"Washington, Mark",675976,Right,LI,"Acal, Justin",811257,Right,HAG_FLY,Undefined,9,Bottom,2,2,2,Undefined,Slider,StrikeSwinging,Strikeout,Undefined,Undefined,0,0,,83.40549,-1.401668,-0.556478,2521.919003,56.13149,7:45,6.26682,1.30863,6.01279,-42.90581,-3.07862,-6.35154,1.39257,0.26382,77.18087,-9.258435,-1.702572,0.454215,,,,,,,,,,,,3.12599,-0.84449,-1.26155,50,6.13347,1.42059,-121.26143,-4.39157,4.66353,23.28158,-33.4339,HAG_FLY,LI,HagerstownBallpark,Independent,ATL,20250705-HagerstownBallpark-1,f615a220-5a03-11f0-8072-0db8199850ee,82.98375,,,6.22462,,,,,,,ef6d4089-19c2-413e-a4a5-bd99adb12924,2025-07-06,00:56:00.14,2025-07-05T20:56:00.1482240-04:00,2025-07-06T00:56:00.1482240Z,,v3,6089,1896,,"O'Conner, Justin",592604,Right,LI,d6381bc9-ead8-4df5-8d03-51d89ba2a477,54.48716,-122.1199,11.64079,6.27268,-3.15875,-16.71695,-1.31076,1.24863,2.33177,,,,,,,,,,,,,,,,,,,,,,,,,,,,,,,,,,,,,,,,,,,,,,,,,,,High,High,High,,,,,